link,bin,lane,cls,seg,rows,stopped,mean_speed
31,0,1,ramp,0,4,0,43.385
31,0,1,ramp,100,1,0,42.26
31,0,1,ramp,300,4,0,41.9075
31,0,1,ramp,400,2,0,39.745003
31,0,1,signal,900,4,0,125.06
31,0,1,signal,1000,2,0,117.05
31,0,1,signal,1100,4,0,126.725
31,0,1,signal,1200,2,0,124.865
31,0,1,signal,1300,2,0,128.80501
31,0,1,signal,1400,1,0,129.01
31,0,1,signal,1500,2,0,129.155
31,0,1,signal,1600,2,0,121.72
31,0,1,signal,1700,1,0,138.24
31,0,1,signal,1800,2,0,135.215
31,0,2,signal,300,1,0,43.39
31,0,2,signal,400,3,0,42.38333
31,0,2,signal,500,4,0,41.9525
31,0,2,signal,600,3,0,42.976665
31,0,2,signal,700,4,0,42.1425
31,0,2,signal,800,3,0,41.653336
31,0,2,signal,900,4,0,42.204998
31,0,2,signal,1000,2,0,43.545
31,150,1,ramp,0,2,0,40.52
31,150,1,ramp,100,4,0,44.4725
31,150,1,ramp,200,6,0,44.190002
31,150,1,ramp,300,18,0,39.585003
31,150,1,ramp,400,1,0,41.36
31,150,1,ramp,500,2,0,44.165
31,150,1,ramp,600,4,0,43.5225
31,150,1,ramp,700,1,0,41.55
31,150,1,signal,600,2,0,128.005
31,150,1,signal,700,1,0,130.84
31,150,1,signal,800,8,0,109.582504
31,150,1,signal,900,27,0,113.85111
31,150,1,signal,1000,21,0,113.69238
31,150,1,signal,1100,17,0,116.78118
31,150,1,signal,1200,20,0,112.7065
31,150,1,signal,1300,19,0,117.35737
31,150,1,signal,1400,13,0,111.88154
31,150,1,signal,1500,21,0,116.5862
31,150,1,signal,1600,15,0,116.016
31,150,1,signal,1700,12,0,115.5625
31,150,1,signal,1800,19,0,113.88158
31,150,1,signal,1900,7,0,116.457146
31,150,2,ramp,400,2,0,45.46
31,150,2,ramp,500,1,0,42.26
31,150,2,signal,300,3,0,42.5
31,150,2,signal,400,7,0,42.68571
31,150,2,signal,500,2,0,41.809998
31,150,2,signal,600,1,0,45.15
31,150,2,signal,700,2,0,41.809998
31,150,2,signal,800,3,0,79.35667
31,150,2,signal,900,6,0,95.69167
31,150,2,signal,1000,10,0,100.757
31,150,2,signal,1100,12,0,87.299995
31,150,2,signal,1200,11,0,81.50182
31,150,2,signal,1300,10,0,80.659
31,150,2,signal,1400,10,0,79.498
31,150,2,signal,1500,12,0,78.1675
31,150,2,signal,1600,9,0,73.95556
31,150,2,signal,1700,8,0,67.86375
31,150,2,signal,1800,10,0,85.219
31,150,2,signal,1900,6,0,88.45333
31,150,3,signal,1000,2,0,104.91
31,150,3,signal,1100,4,0,121.5275
31,150,3,signal,1200,3,0,122.166664
31,150,3,signal,1300,6,0,127.43333
31,150,3,signal,1400,5,0,117.76601
31,150,3,signal,1500,6,0,127.21334
31,150,3,signal,1600,8,0,124.94375
31,150,3,signal,1700,7,0,128.70143
31,150,3,signal,1800,9,0,123.07333
31,150,3,signal,1900,5,0,135.326
31,300,1,ramp,0,5,0,44.924
31,300,1,ramp,100,5,0,43.116
31,300,1,ramp,200,5,0,42.802002
31,300,1,ramp,300,18,0,41.738888
31,300,1,ramp,400,4,0,39.989998
31,300,1,ramp,500,2,0,42.98
31,300,1,ramp,600,6,0,43.72333
31,300,1,signal,0,2,0,43.504997
31,300,1,signal,100,2,0,44.355
31,300,1,signal,200,1,0,44.78
31,300,1,signal,300,4,0,33.9525
31,300,1,signal,400,2,0,44.355
31,300,1,signal,500,1,0,43.08
31,300,1,signal,600,18,0,78.97055
31,300,1,signal,700,15,0,89.06133
31,300,1,signal,800,12,0,97.418335
31,300,1,signal,900,27,0,96.698524
31,300,1,signal,1000,29,0,101.87414
31,300,1,signal,1100,20,0,94.4395
31,300,1,signal,1200,16,0,97.33625
31,300,1,signal,1300,17,0,112.39883
31,300,1,signal,1400,17,0,112.51059
31,300,1,signal,1500,10,0,116.591
31,300,1,signal,1600,16,0,113.006874
31,300,1,signal,1700,13,0,113.9077
31,300,1,signal,1800,13,0,115.21692
31,300,1,signal,1900,14,0,113.99143
31,300,2,signal,300,2,0,42.73
31,300,2,signal,400,11,0,43.097275
31,300,2,signal,500,14,0,42.724285
31,300,2,signal,600,22,0,51.133633
31,300,2,signal,700,21,0,59.87619
31,300,2,signal,800,18,0,55.024445
31,300,2,signal,900,26,0,66.64808
31,300,2,signal,1000,19,0,61.88474
31,300,2,signal,1100,23,0,63.413914
31,300,2,signal,1200,18,0,59.934998
31,300,2,signal,1300,17,0,67.48647
31,300,2,signal,1400,13,0,66.38923
31,300,2,signal,1500,11,0,63.27091
31,300,2,signal,1600,11,0,71.88364
31,300,2,signal,1700,11,0,69.24
31,300,2,signal,1800,14,0,82.880714
31,300,2,signal,1900,9,0,80.83667
31,300,3,ramp,0,1,0,84.69
31,300,3,ramp,100,1,0,89.41
31,300,3,ramp,200,1,0,88.47
31,300,3,signal,300,1,0,42.08
31,300,3,signal,400,2,0,41.695
31,300,3,signal,500,1,0,44.38
31,300,3,signal,600,2,0,41.695
31,300,3,signal,700,6,0,68.333336
31,300,3,signal,800,10,0,91.231
31,300,3,signal,900,9,0,85.846664
31,300,3,signal,1000,12,0,87.00666
31,300,3,signal,1100,18,0,87.54
31,300,3,signal,1200,15,0,100.044
31,300,3,signal,1300,12,0,115.190834
31,300,3,signal,1400,12,0,121.277504
31,300,3,signal,1500,8,0,121.33875
31,300,3,signal,1600,10,0,121.64101
31,300,3,signal,1700,11,0,121.48454
31,300,3,signal,1800,7,0,124.97857
31,300,3,signal,1900,10,0,122.72099
31,450,1,ramp,0,1,0,44.54
31,450,1,ramp,100,3,0,44.536667
31,450,1,ramp,200,5,0,62.802002
31,450,1,ramp,300,17,0,44.294117
31,450,1,ramp,400,6,0,49.031666
31,450,1,ramp,500,2,0,45.27
31,450,1,ramp,600,6,0,43.25333
31,450,1,ramp,700,3,0,54.573334
31,450,1,signal,0,2,0,41.32
31,450,1,signal,100,2,0,41.32
31,450,1,signal,200,2,0,41.32
31,450,1,signal,300,1,0,43.16
31,450,1,signal,400,2,0,41.32
31,450,1,signal,500,2,0,41.32
31,450,1,signal,600,18,0,73.49389
31,450,1,signal,700,14,0,85.795
31,450,1,signal,800,18,0,92.18278
31,450,1,signal,900,31,0,100.56581
31,450,1,signal,1000,31,0,109.63968
31,450,1,signal,1100,19,0,110.24684
31,450,1,signal,1200,33,0,104.6497
31,450,1,signal,1300,31,0,94.45871
31,450,1,signal,1400,31,0,91.55936
31,450,1,signal,1500,35,0,81.78915
31,450,1,signal,1600,30,0,80.45167
31,450,1,signal,1700,28,0,79.898926
31,450,1,signal,1800,28,0,76.98714
31,450,1,signal,1900,22,0,89.49682
31,450,2,ramp,100,1,0,98.0
31,450,2,ramp,200,1,0,70.97
31,450,2,ramp,300,1,0,62.91
31,450,2,ramp,400,1,0,99.93
31,450,2,ramp,600,1,0,93.08
31,450,2,signal,300,7,0,48.56286
31,450,2,signal,400,12,0,41.993332
31,450,2,signal,500,13,0,45.606926
31,450,2,signal,600,16,0,48.2025
31,450,2,signal,700,16,0,58.3025
31,450,2,signal,800,14,0,59.15643
31,450,2,signal,900,23,0,71.76609
31,450,2,signal,1000,19,0,70.21842
31,450,2,signal,1100,19,0,69.116844
31,450,2,signal,1200,25,0,66.0692
31,450,2,signal,1300,30,0,67.947334
31,450,2,signal,1400,30,0,57.843998
31,450,2,signal,1500,34,0,58.406178
31,450,2,signal,1600,32,0,56.989376
31,450,2,signal,1700,33,0,58.325455
31,450,2,signal,1800,30,0,61.877335
31,450,2,signal,1900,21,0,68.08952
31,450,3,ramp,0,3,0,73.93333
31,450,3,ramp,100,3,0,78.61667
31,450,3,ramp,200,1,0,72.04
31,450,3,signal,700,6,0,77.93167
31,450,3,signal,800,8,0,94.41125
31,450,3,signal,900,10,0,95.931
31,450,3,signal,1000,11,0,103.67
31,450,3,signal,1100,17,0,106.458824
31,450,3,signal,1200,15,0,87.926
31,450,3,signal,1300,24,0,79.729164
31,450,3,signal,1400,25,0,76.8688
31,450,3,signal,1500,27,0,71.00815
31,450,3,signal,1600,34,0,77.791176
31,450,3,signal,1700,31,0,69.4071
31,450,3,signal,1800,32,0,78.58844
31,450,3,signal,1900,31,0,82.60194
31,600,1,ramp,0,12,0,42.318333
31,600,1,ramp,100,13,0,47.227695
31,600,1,ramp,200,16,0,45.333126
31,600,1,ramp,300,34,0,37.600002
31,600,1,ramp,400,10,0,42.953
31,600,1,ramp,500,7,0,44.69286
31,600,1,ramp,600,16,0,41.183125
31,600,1,ramp,700,5,0,44.412
31,600,1,signal,0,4,0,39.705
31,600,1,signal,100,3,0,41.34667
31,600,1,signal,200,1,0,43.76
31,600,1,signal,300,5,0,40.614002
31,600,1,signal,400,3,0,38.336666
31,600,1,signal,500,1,0,45.33
31,600,1,signal,600,31,0,63.918064
31,600,1,signal,700,17,0,72.37883
31,600,1,signal,800,20,0,94.347
31,600,1,signal,900,45,0,90.49911
31,600,1,signal,1000,35,0,86.312
31,600,1,signal,1100,30,0,91.364334
31,600,1,signal,1200,27,0,88.06036
31,600,1,signal,1300,21,0,91.290474
31,600,1,signal,1400,22,0,95.75364
31,600,1,signal,1500,20,0,96.011
31,600,1,signal,1600,15,0,108.29
31,600,1,signal,1700,17,0,105.23235
31,600,1,signal,1800,10,0,114.490005
31,600,1,signal,1900,17,0,110.34117
31,600,2,ramp,0,7,0,48.155712
31,600,2,ramp,100,8,0,53.39125
31,600,2,ramp,200,6,0,48.398335
31,600,2,ramp,300,8,0,42.93
31,600,2,ramp,400,6,0,44.393337
31,600,2,ramp,500,2,0,51.705
31,600,2,ramp,600,1,0,52.7
31,600,2,ramp,700,1,0,41.05
31,600,2,signal,100,1,0,59.25
31,600,2,signal,200,2,0,54.805
31,600,2,signal,300,7,0,41.624287
31,600,2,signal,400,17,0,43.97706
31,600,2,signal,500,19,0,41.966316
31,600,2,signal,600,22,0,45.195908
31,600,2,signal,700,26,0,55.688847
31,600,2,signal,800,22,0,51.366817
31,600,2,signal,900,26,0,57.125385
31,600,2,signal,1000,29,0,62.022068
31,600,2,signal,1100,29,0,66.966896
31,600,2,signal,1200,23,0,66.97652
31,600,2,signal,1300,26,0,72.207695
31,600,2,signal,1400,23,0,72.6487
31,600,2,signal,1500,20,0,71.45
31,600,2,signal,1600,19,0,77.18632
31,600,2,signal,1700,20,0,86.615005
31,600,2,signal,1800,22,0,75.00182
31,600,2,signal,1900,17,0,95.61647
31,600,3,ramp,0,10,0,54.146996
31,600,3,ramp,100,6,0,51.786667
31,600,3,ramp,200,5,0,69.394
31,600,3,ramp,300,1,0,76.23
31,600,3,ramp,400,2,0,57.57
31,600,3,ramp,500,2,0,56.87
31,600,3,signal,0,1,0,57.98
31,600,3,signal,300,1,0,50.18
31,600,3,signal,400,5,0,58.244
31,600,3,signal,500,7,0,59.634285
31,600,3,signal,600,10,0,58.774
31,600,3,signal,700,12,0,64.61584
31,600,3,signal,800,15,0,70.994
31,600,3,signal,900,22,0,74.858635
31,600,3,signal,1000,22,0,76.17319
31,600,3,signal,1100,21,0,88.6619
31,600,3,signal,1200,22,0,90.13818
31,600,3,signal,1300,21,0,88.924286
31,600,3,signal,1400,24,0,94.71958
31,600,3,signal,1500,18,0,102.36611
31,600,3,signal,1600,19,0,108.29474
31,600,3,signal,1700,19,0,108.897896
31,600,3,signal,1800,18,0,115.80444
31,600,3,signal,1900,10,0,116.157
31,750,1,ramp,0,6,0,41.796665
31,750,1,ramp,100,7,0,48.17857
31,750,1,ramp,200,8,0,58.1625
31,750,1,ramp,300,19,0,47.439472
31,750,1,ramp,400,2,0,41.535
31,750,1,ramp,500,2,0,38.235
31,750,1,ramp,600,15,0,42.969334
31,750,1,ramp,700,6,0,42.02833
31,750,1,signal,100,2,0,56.485
31,750,1,signal,200,2,0,56.019997
31,750,1,signal,300,5,0,44.463997
31,750,1,signal,400,2,0,41.72
31,750,1,signal,500,2,0,39.465
31,750,1,signal,600,24,0,58.63875
31,750,1,signal,700,9,0,74.48889
31,750,1,signal,800,17,0,91.83235
31,750,1,signal,900,34,0,103.61853
31,750,1,signal,1000,23,0,100.50435
31,750,1,signal,1100,36,0,94.23167
31,750,1,signal,1200,30,0,86.74733
31,750,1,signal,1300,28,0,79.64036
31,750,1,signal,1400,33,0,86.734245
31,750,1,signal,1500,33,0,75.47727
31,750,1,signal,1600,37,0,70.45865
31,750,1,signal,1700,31,0,74.785164
31,750,1,signal,1800,31,0,81.02613
31,750,1,signal,1900,20,0,86.6445
31,750,2,ramp,0,4,0,49.21
31,750,2,ramp,100,5,0,59.806
31,750,2,ramp,200,4,0,69.555
31,750,2,ramp,300,1,0,73.98
31,750,2,ramp,400,2,0,76.744995
31,750,2,ramp,500,2,0,53.135
31,750,2,ramp,600,1,0,94.06
31,750,2,signal,0,4,0,46.1175
31,750,2,signal,100,2,0,57.815002
31,750,2,signal,200,3,0,61.36333
31,750,2,signal,300,11,0,42.934544
31,750,2,signal,400,24,0,46.257504
31,750,2,signal,500,14,0,43.797142
31,750,2,signal,600,25,0,53.7488
31,750,2,signal,700,16,0,60.053123
31,750,2,signal,800,17,0,65.28647
31,750,2,signal,900,19,0,66.594215
31,750,2,signal,1000,20,0,70.890495
31,750,2,signal,1100,23,0,55.776955
31,750,2,signal,1200,31,0,58.456776
31,750,2,signal,1300,31,0,63.613873
31,750,2,signal,1400,30,0,51.307667
31,750,2,signal,1500,34,0,60.172646
31,750,2,signal,1600,33,0,57.998787
31,750,2,signal,1700,32,0,63.597813
31,750,2,signal,1800,32,0,55.805313
31,750,2,signal,1900,21,0,72.52572
31,750,3,ramp,0,8,0,40.916252
31,750,3,ramp,100,3,0,44.0
31,750,3,ramp,200,3,0,31.886667
31,750,3,ramp,300,2,0,31.154999
31,750,3,ramp,400,2,0,31.16
31,750,3,ramp,500,2,0,65.89
31,750,3,signal,0,1,0,31.26
31,750,3,signal,300,1,0,118.81
31,750,3,signal,500,1,0,121.63
31,750,3,signal,700,12,0,78.27334
31,750,3,signal,800,12,0,90.95333
31,750,3,signal,900,12,0,100.8325
31,750,3,signal,1000,18,0,94.384445
31,750,3,signal,1100,24,0,89.16375
31,750,3,signal,1200,22,0,83.20318
31,750,3,signal,1300,29,0,75.63
31,750,3,signal,1400,27,0,81.88185
31,750,3,signal,1500,29,0,80.43483
31,750,3,signal,1600,31,0,72.45709
31,750,3,signal,1700,36,0,76.065834
31,750,3,signal,1800,31,0,73.133224
31,750,3,signal,1900,31,0,83.42806
31,900,1,ramp,0,14,0,40.686428
31,900,1,ramp,100,12,0,42.016666
31,900,1,ramp,200,13,0,41.99077
31,900,1,ramp,300,25,0,40.2608
31,900,1,ramp,400,10,0,42.635002
31,900,1,ramp,500,7,0,42.431427
31,900,1,ramp,600,25,0,38.972
31,900,1,ramp,700,8,0,40.05
31,900,1,signal,0,2,0,44.585
31,900,1,signal,100,2,0,43.059998
31,900,1,signal,200,1,0,40.69
31,900,1,signal,300,2,0,43.02
31,900,1,signal,400,2,0,41.04
31,900,1,signal,500,2,0,41.04
31,900,1,signal,600,26,0,47.818848
31,900,1,signal,700,15,0,68.437996
31,900,1,signal,800,24,0,85.901665
31,900,1,signal,900,38,0,91.92263
31,900,1,signal,1000,30,0,93.722664
31,900,1,signal,1100,37,0,92.61676
31,900,1,signal,1200,35,0,100.29
31,900,1,signal,1300,29,0,103.83931
31,900,1,signal,1400,27,0,106.26074
31,900,1,signal,1500,37,0,104.17054
31,900,1,signal,1600,35,0,102.95772
31,900,1,signal,1700,34,0,100.10764
31,900,1,signal,1800,40,0,95.27225
31,900,1,signal,1900,29,0,99.24276
31,900,2,ramp,0,4,0,51.752502
31,900,2,ramp,100,5,0,55.396004
31,900,2,ramp,200,6,0,54.043335
31,900,2,ramp,300,5,0,55.986
31,900,2,ramp,400,6,0,53.843334
31,900,2,ramp,500,5,0,48.404
31,900,2,signal,0,4,0,42.965
31,900,2,signal,100,3,0,48.40333
31,900,2,signal,200,2,0,54.98
31,900,2,signal,300,6,0,55.635
31,900,2,signal,400,6,0,47.44
31,900,2,signal,500,13,0,45.161537
31,900,2,signal,600,31,0,50.43032
31,900,2,signal,700,25,0,55.656002
31,900,2,signal,800,26,0,55.37077
31,900,2,signal,900,33,0,64.08363
31,900,2,signal,1000,38,0,66.19
31,900,2,signal,1100,28,0,61.170357
31,900,2,signal,1200,32,0,63.303436
31,900,2,signal,1300,30,0,56.098
31,900,2,signal,1400,30,0,55.645
31,900,2,signal,1500,30,0,52.594997
31,900,2,signal,1600,27,0,54.58852
31,900,2,signal,1700,27,0,58.001484
31,900,2,signal,1800,36,0,50.38139
31,900,2,signal,1900,25,0,70.6632
31,900,3,ramp,0,5,0,35.578
31,900,3,ramp,100,2,0,31.355
31,900,3,ramp,200,3,0,30.513334
31,900,3,ramp,300,2,0,31.36
31,900,3,ramp,400,2,0,31.359999
31,900,3,ramp,500,2,0,30.634998
31,900,3,signal,0,1,0,42.32
31,900,3,signal,100,2,0,43.34
31,900,3,signal,200,2,0,43.34
31,900,3,signal,300,1,0,44.36
31,900,3,signal,400,5,0,71.270004
31,900,3,signal,500,6,0,56.523335
31,900,3,signal,600,7,0,45.83143
31,900,3,signal,700,16,0,53.94
31,900,3,signal,800,17,0,61.613533
31,900,3,signal,900,22,0,62.470455
31,900,3,signal,1000,21,0,65.25095
31,900,3,signal,1100,31,0,63.87226
31,900,3,signal,1200,23,0,52.790436
31,900,3,signal,1300,21,0,68.451904
31,900,3,signal,1400,21,0,78.222855
31,900,3,signal,1500,23,0,72.46174
31,900,3,signal,1600,22,0,71.671364
31,900,3,signal,1700,16,0,74.35313
31,900,3,signal,1800,18,0,77.89333
31,900,3,signal,1900,14,0,82.652855
31,1050,1,ramp,0,21,0,35.905716
31,1050,1,ramp,100,24,0,39.896667
31,1050,1,ramp,200,27,0,36.77037
31,1050,1,ramp,300,54,0,29.598703
31,1050,1,ramp,400,17,0,38.14
31,1050,1,ramp,500,7,0,37.657143
31,1050,1,ramp,600,18,0,35.04
31,1050,1,ramp,700,9,0,39.512222
31,1050,1,signal,0,2,0,45.574997
31,1050,1,signal,100,1,0,42.48
31,1050,1,signal,200,2,0,45.57
31,1050,1,signal,300,5,0,28.654001
31,1050,1,signal,400,1,0,46.42
31,1050,1,signal,500,2,0,43.324997
31,1050,1,signal,600,22,0,50.528183
31,1050,1,signal,700,12,0,72.222496
31,1050,1,signal,800,21,0,83.24286
31,1050,1,signal,900,36,0,85.6975
31,1050,1,signal,1000,34,0,87.13088
31,1050,1,signal,1100,26,0,83.68807
31,1050,1,signal,1200,29,0,83.75034
31,1050,1,signal,1300,25,0,81.8468
31,1050,1,signal,1400,22,0,89.74181
31,1050,1,signal,1500,23,0,88.27348
31,1050,1,signal,1600,22,0,89.450005
31,1050,1,signal,1700,23,0,92.00869
31,1050,1,signal,1800,24,0,92.42792
31,1050,1,signal,1900,20,0,96.659996
31,1050,2,ramp,0,11,0,42.932728
31,1050,2,ramp,100,13,0,50.920002
31,1050,2,ramp,200,10,0,34.935997
31,1050,2,ramp,300,17,0,37.420002
31,1050,2,ramp,400,8,0,27.68
31,1050,2,ramp,500,5,0,39.885998
31,1050,2,ramp,600,4,0,55.57
31,1050,2,ramp,700,1,0,40.79
31,1050,2,signal,100,1,0,64.04
31,1050,2,signal,300,7,0,36.412857
31,1050,2,signal,400,14,0,46.132854
31,1050,2,signal,500,15,0,38.088
31,1050,2,signal,600,21,0,50.25
31,1050,2,signal,700,21,0,47.40524
31,1050,2,signal,800,25,0,57.298397
31,1050,2,signal,900,30,0,72.838
31,1050,2,signal,1000,27,0,65.97148
31,1050,2,signal,1100,34,0,78.52941
31,1050,2,signal,1200,25,0,76.572
31,1050,2,signal,1300,24,0,89.21875
31,1050,2,signal,1400,27,0,86.50741
31,1050,2,signal,1500,19,0,87.648415
31,1050,2,signal,1600,23,0,94.21783
31,1050,2,signal,1700,21,0,80.045715
31,1050,2,signal,1800,22,0,93.94455
31,1050,2,signal,1900,19,0,82.359474
31,1050,3,ramp,0,13,0,41.967693
31,1050,3,ramp,100,9,0,45.73
31,1050,3,ramp,200,9,0,55.49556
31,1050,3,ramp,300,4,0,63.989998
31,1050,3,ramp,400,4,0,59.15
31,1050,3,ramp,500,3,0,83.66
31,1050,3,ramp,600,1,0,92.06
31,1050,3,signal,0,2,0,44.1
31,1050,3,signal,200,1,0,84.6
31,1050,3,signal,300,3,0,38.516666
31,1050,3,signal,400,10,0,49.221
31,1050,3,signal,500,8,0,51.22625
31,1050,3,signal,600,12,0,49.3
31,1050,3,signal,700,21,0,57.351906
31,1050,3,signal,800,20,0,69.5865
31,1050,3,signal,900,18,0,71.619446
31,1050,3,signal,1000,25,0,73.769196
31,1050,3,signal,1100,17,0,84.05353
31,1050,3,signal,1200,21,0,85.39476
31,1050,3,signal,1300,26,0,84.802315
31,1050,3,signal,1400,24,0,90.49583
31,1050,3,signal,1500,24,0,87.84333
31,1050,3,signal,1600,27,0,87.86037
31,1050,3,signal,1700,30,0,90.39633
31,1050,3,signal,1800,29,0,90.57828
31,1050,3,signal,1900,21,0,88.57143
31,1200,1,ramp,0,12,0,44.655
31,1200,1,ramp,100,14,0,45.75357
31,1200,1,ramp,200,15,0,46.090664
31,1200,1,ramp,300,34,0,43.255882
31,1200,1,ramp,400,7,0,43.134285
31,1200,1,ramp,500,4,0,59.0425
31,1200,1,ramp,600,17,0,41.26706
31,1200,1,ramp,700,7,0,38.33857
31,1200,1,signal,0,1,0,40.95
31,1200,1,signal,100,2,0,56.56
31,1200,1,signal,200,4,0,67.685
31,1200,1,signal,300,2,0,46.92
31,1200,1,signal,600,14,0,49.311428
31,1200,1,signal,700,8,0,72.185
31,1200,1,signal,800,13,0,87.07
31,1200,1,signal,900,29,0,94.979996
31,1200,1,signal,1000,21,0,99.847145
31,1200,1,signal,1100,21,0,98.195244
31,1200,1,signal,1200,28,0,91.91071
31,1200,1,signal,1300,26,0,84.62731
31,1200,1,signal,1400,30,0,81.71967
31,1200,1,signal,1500,35,0,74.93629
31,1200,1,signal,1600,32,0,77.350624
31,1200,1,signal,1700,24,0,83.6975
31,1200,1,signal,1800,31,0,82.73581
31,1200,1,signal,1900,25,0,90.5916
31,1200,2,ramp,0,7,0,51.140003
31,1200,2,ramp,100,9,0,53.108887
31,1200,2,ramp,200,9,0,49.05111
31,1200,2,ramp,300,3,0,65.39667
31,1200,2,ramp,400,5,0,55.059998
31,1200,2,ramp,500,2,0,43.16
31,1200,2,signal,0,1,0,63.87
31,1200,2,signal,100,2,0,49.515
31,1200,2,signal,300,9,0,56.052223
31,1200,2,signal,400,11,0,52.315456
31,1200,2,signal,500,9,0,53.441113
31,1200,2,signal,600,20,0,55.764
31,1200,2,signal,700,15,0,60.828
31,1200,2,signal,800,15,0,59.047337
31,1200,2,signal,900,22,0,76.795
31,1200,2,signal,1000,22,0,80.22546
31,1200,2,signal,1100,19,0,76.71
31,1200,2,signal,1200,22,0,68.61
31,1200,2,signal,1300,29,0,64.29724
31,1200,2,signal,1400,26,0,61.683846
31,1200,2,signal,1500,28,0,57.325356
31,1200,2,signal,1600,30,0,64.47466
31,1200,2,signal,1700,25,0,57.1284
31,1200,2,signal,1800,29,0,67.90276
31,1200,2,signal,1900,18,0,75.51444
31,1200,3,ramp,0,8,0,37.91375
31,1200,3,ramp,100,5,0,37.684
31,1200,3,ramp,200,2,0,41.855
31,1200,3,ramp,300,2,0,39.42
31,1200,3,ramp,400,2,0,41.25
31,1200,3,ramp,500,1,0,39.12
31,1200,3,signal,0,8,0,36.8475
31,1200,3,signal,100,5,0,36.892002
31,1200,3,signal,200,3,0,34.783333
31,1200,3,signal,300,6,0,42.321667
31,1200,3,signal,400,5,0,44.620003
31,1200,3,signal,500,6,0,53.96167
31,1200,3,signal,600,7,0,53.96857
31,1200,3,signal,700,13,0,65.90769
31,1200,3,signal,800,10,0,90.229
31,1200,3,signal,900,7,0,98.36428
31,1200,3,signal,1000,14,0,89.707146
31,1200,3,signal,1100,25,0,86.78281
31,1200,3,signal,1200,19,0,77.41685
31,1200,3,signal,1300,28,0,74.31393
31,1200,3,signal,1400,31,0,72.577415
31,1200,3,signal,1500,30,0,73.19334
31,1200,3,signal,1600,32,0,71.40063
31,1200,3,signal,1700,35,0,70.099144
31,1200,3,signal,1800,34,0,65.35676
31,1200,3,signal,1900,22,0,70.461365
31,1350,1,ramp,0,17,0,40.364708
31,1350,1,ramp,100,17,0,40.94
31,1350,1,ramp,200,15,0,45.020668
31,1350,1,ramp,300,35,0,39.66
31,1350,1,ramp,400,9,0,37.577778
31,1350,1,ramp,500,6,0,42.001667
31,1350,1,ramp,600,19,0,37.675262
31,1350,1,ramp,700,5,0,42.736
31,1350,1,signal,0,1,0,42.26
31,1350,1,signal,100,3,0,42.11667
31,1350,1,signal,200,4,0,41.1375
31,1350,1,signal,300,3,0,40.24
31,1350,1,signal,400,3,0,42.926666
31,1350,1,signal,500,4,0,41.8
31,1350,1,signal,600,50,0,48.3264
31,1350,1,signal,700,28,0,67.89357
31,1350,1,signal,800,31,0,81.41612
31,1350,1,signal,900,34,0,85.82735
31,1350,1,signal,1000,36,0,87.68083
31,1350,1,signal,1100,28,0,85.52464
31,1350,1,signal,1200,32,0,82.32938
31,1350,1,signal,1300,31,0,78.88258
31,1350,1,signal,1400,26,0,81.22807
31,1350,1,signal,1500,34,0,81.333824
31,1350,1,signal,1600,30,0,84.98567
31,1350,1,signal,1700,26,0,87.62961
31,1350,1,signal,1800,30,0,91.870674
31,1350,1,signal,1900,24,0,101.74417
31,1350,2,ramp,0,7,0,55.25714
31,1350,2,ramp,100,11,0,59.78091
31,1350,2,ramp,200,10,0,52.457
31,1350,2,ramp,300,7,0,57.09571
31,1350,2,ramp,400,3,0,59.543335
31,1350,2,ramp,500,2,0,55.43
31,1350,2,ramp,600,4,0,61.9425
31,1350,2,ramp,700,1,1,3.12
31,1350,2,signal,0,4,0,36.08
31,1350,2,signal,100,4,0,34.165
31,1350,2,signal,200,2,0,30.650002
31,1350,2,signal,300,8,0,41.465
31,1350,2,signal,400,17,0,42.67647
31,1350,2,signal,500,21,0,41.903336
31,1350,2,signal,600,33,0,45.24909
31,1350,2,signal,700,28,0,52.52607
31,1350,2,signal,800,32,0,54.61
31,1350,2,signal,900,37,0,63.07703
31,1350,2,signal,1000,34,0,59.16971
31,1350,2,signal,1100,31,0,69.13258
31,1350,2,signal,1200,35,0,68.637146
31,1350,2,signal,1300,33,0,66.120605
31,1350,2,signal,1400,34,0,63.946175
31,1350,2,signal,1500,33,0,71.503334
31,1350,2,signal,1600,35,0,64.330574
31,1350,2,signal,1700,31,0,64.27839
31,1350,2,signal,1800,31,0,64.73194
31,1350,2,signal,1900,21,0,63.990955
31,1350,3,ramp,0,13,0,46.71846
31,1350,3,ramp,100,10,0,55.060997
31,1350,3,ramp,200,7,0,68.755714
31,1350,3,ramp,300,4,0,66.5625
31,1350,3,ramp,400,7,0,69.13572
31,1350,3,ramp,500,5,0,75.32201
31,1350,3,ramp,600,1,0,50.04
31,1350,3,signal,0,1,0,42.14
31,1350,3,signal,100,2,0,42.115
31,1350,3,signal,200,2,0,41.715
31,1350,3,signal,300,1,0,45.81
31,1350,3,signal,400,3,0,54.016666
31,1350,3,signal,500,4,0,67.9875
31,1350,3,signal,600,6,0,60.751667
31,1350,3,signal,700,19,0,64.802635
31,1350,3,signal,800,25,0,67.9368
31,1350,3,signal,900,23,0,70.24218
31,1350,3,signal,1000,28,0,72.80929
31,1350,3,signal,1100,32,0,75.957184
31,1350,3,signal,1200,23,0,69.68261
31,1350,3,signal,1300,33,0,74.76061
31,1350,3,signal,1400,35,0,64.378
31,1350,3,signal,1500,34,0,68.32412
31,1350,3,signal,1600,29,0,66.26931
31,1350,3,signal,1700,31,0,64.30548
31,1350,3,signal,1800,24,0,59.20708
31,1350,3,signal,1900,19,0,76.37947
31,1500,1,ramp,0,7,0,41.16286
31,1500,1,ramp,100,12,0,46.39333
31,1500,1,ramp,200,17,0,42.864117
31,1500,1,ramp,300,51,1,35.315685
31,1500,1,ramp,400,11,0,38.605453
31,1500,1,ramp,500,3,0,55.946667
31,1500,1,ramp,600,7,0,51.384285
31,1500,1,ramp,700,4,0,41.32
31,1500,1,signal,0,1,0,69.35
31,1500,1,signal,100,1,0,68.75
31,1500,1,signal,200,2,0,46.88
31,1500,1,signal,300,5,1,23.060001
31,1500,1,signal,500,1,0,68.97
31,1500,1,signal,600,26,0,64.54462
31,1500,1,signal,700,18,0,65.712776
31,1500,1,signal,800,27,0,86.20407
31,1500,1,signal,900,34,0,92.753525
31,1500,1,signal,1000,33,0,90.812126
31,1500,1,signal,1100,34,0,77.90823
31,1500,1,signal,1200,32,0,79.39
31,1500,1,signal,1300,32,0,74.69656
31,1500,1,signal,1400,26,0,69.1173
31,1500,1,signal,1500,20,0,73.772
31,1500,1,signal,1600,17,0,76.43059
31,1500,1,signal,1700,21,0,85.72286
31,1500,1,signal,1800,21,0,81.54143
31,1500,1,signal,1900,14,0,84.78643
31,1500,2,ramp,0,11,0,45.324547
31,1500,2,ramp,100,11,0,44.570004
31,1500,2,ramp,200,8,0,40.7125
31,1500,2,ramp,300,6,0,30.948334
31,1500,2,ramp,400,5,1,27.133999
31,1500,2,ramp,500,3,0,42.566666
31,1500,2,ramp,600,2,0,53.620003
31,1500,2,ramp,700,3,2,3.5
31,1500,2,signal,0,1,0,38.69
31,1500,2,signal,100,2,0,40.905
31,1500,2,signal,200,3,0,41.23
31,1500,2,signal,300,11,0,37.23909
31,1500,2,signal,400,24,0,40.549168
31,1500,2,signal,500,22,0,40.35636
31,1500,2,signal,600,26,0,45.949997
31,1500,2,signal,700,29,0,55.814484
31,1500,2,signal,800,30,0,58.184334
31,1500,2,signal,900,32,0,65.2125
31,1500,2,signal,1000,29,0,65.15138
31,1500,2,signal,1100,28,0,61.51107
31,1500,2,signal,1200,32,0,54.1475
31,1500,2,signal,1300,32,0,56.509377
31,1500,2,signal,1400,39,0,56.342823
31,1500,2,signal,1500,30,0,63.973667
31,1500,2,signal,1600,28,0,61.59571
31,1500,2,signal,1700,24,0,61.706665
31,1500,2,signal,1800,23,0,71.177826
31,1500,2,signal,1900,16,0,69.48813
31,1500,3,ramp,0,10,0,36.433
31,1500,3,ramp,100,9,0,47.633335
31,1500,3,ramp,200,6,0,53.573334
31,1500,3,ramp,300,2,0,74.86
31,1500,3,ramp,400,4,0,47.567497
31,1500,3,ramp,500,6,0,69.72
31,1500,3,ramp,600,3,0,48.906666
31,1500,3,signal,0,1,0,33.69
31,1500,3,signal,300,3,0,28.693335
31,1500,3,signal,400,6,0,46.696667
31,1500,3,signal,500,4,0,51.8825
31,1500,3,signal,600,6,0,48.24
31,1500,3,signal,700,12,0,64.112495
31,1500,3,signal,800,15,0,73.83467
31,1500,3,signal,900,15,0,79.16134
31,1500,3,signal,1000,16,0,75.461876
31,1500,3,signal,1100,27,0,95.96815
31,1500,3,signal,1200,23,0,89.8326
31,1500,3,signal,1300,23,0,85.447395
31,1500,3,signal,1400,27,0,84.428154
31,1500,3,signal,1500,27,0,76.53555
31,1500,3,signal,1600,29,0,79.43793
31,1500,3,signal,1700,27,0,72.46074
31,1500,3,signal,1800,28,0,77.64536
31,1500,3,signal,1900,18,0,80.437225
31,1650,1,ramp,0,15,0,41.621334
31,1650,1,ramp,100,14,0,44.359997
31,1650,1,ramp,200,16,0,48.2925
31,1650,1,ramp,300,35,0,42.03143
31,1650,1,ramp,400,11,0,41.90091
31,1650,1,ramp,500,6,0,40.063335
31,1650,1,ramp,600,22,0,39.049545
31,1650,1,ramp,700,10,0,39.669
31,1650,1,signal,0,3,0,42.383335
31,1650,1,signal,100,5,0,49.974
31,1650,1,signal,200,4,0,51.129997
31,1650,1,signal,300,4,0,40.5275
31,1650,1,signal,400,3,0,42.796665
31,1650,1,signal,500,4,0,41.120003
31,1650,1,signal,600,25,0,65.11
31,1650,1,signal,700,11,0,69.14454
31,1650,1,signal,800,21,0,88.60762
31,1650,1,signal,900,39,0,98.2277
31,1650,1,signal,1000,32,0,93.89719
31,1650,1,signal,1100,30,0,96.305664
31,1650,1,signal,1200,27,0,102.51889
31,1650,1,signal,1300,27,0,96.23852
31,1650,1,signal,1400,29,0,95.80483
31,1650,1,signal,1500,31,0,84.115166
31,1650,1,signal,1600,32,0,76.96156
31,1650,1,signal,1700,31,0,68.17548
31,1650,1,signal,1800,34,0,72.84059
31,1650,1,signal,1900,24,0,83.50083
31,1650,2,ramp,0,12,0,46.4225
31,1650,2,ramp,100,15,0,50.438
31,1650,2,ramp,200,13,0,52.01923
31,1650,2,ramp,300,10,0,42.932
31,1650,2,ramp,400,10,0,41.118
31,1650,2,ramp,500,10,0,40.704002
31,1650,2,ramp,600,4,0,37.3625
31,1650,2,ramp,700,2,1,19.9
31,1650,2,signal,0,3,0,70.75666
31,1650,2,signal,100,1,0,75.49
31,1650,2,signal,200,3,0,72.26666
31,1650,2,signal,300,9,0,47.72111
31,1650,2,signal,400,8,0,39.495
31,1650,2,signal,500,6,0,39.293335
31,1650,2,signal,600,21,0,51.391426
31,1650,2,signal,700,18,0,60.469997
31,1650,2,signal,800,19,0,67.88474
31,1650,2,signal,900,18,0,71.85944
31,1650,2,signal,1000,19,0,66.77368
31,1650,2,signal,1100,24,0,71.62458
31,1650,2,signal,1200,16,0,71.953125
31,1650,2,signal,1300,15,0,75.138664
31,1650,2,signal,1400,18,0,80.57444
31,1650,2,signal,1500,20,0,66.468
31,1650,2,signal,1600,27,0,62.667408
31,1650,2,signal,1700,35,0,70.98829
31,1650,2,signal,1800,33,0,62.98788
31,1650,2,signal,1900,29,0,78.57138
31,1650,3,ramp,0,10,0,50.479
31,1650,3,ramp,100,8,0,48.32625
31,1650,3,ramp,200,3,0,44.52667
31,1650,3,ramp,300,5,0,53.844
31,1650,3,ramp,400,5,0,43.536
31,1650,3,ramp,500,4,0,59.590004
31,1650,3,ramp,600,1,0,79.45
31,1650,3,ramp,700,1,0,25.47
31,1650,3,signal,0,2,0,56.395
31,1650,3,signal,100,1,0,53.62
31,1650,3,signal,200,1,0,52.36
31,1650,3,signal,300,2,0,45.935
31,1650,3,signal,400,7,0,56.68714
31,1650,3,signal,500,10,0,61.793
31,1650,3,signal,600,7,0,63.157143
31,1650,3,signal,700,16,0,70.87312
31,1650,3,signal,800,8,0,65.988754
31,1650,3,signal,900,12,0,82.63333
31,1650,3,signal,1000,14,0,74.78643
31,1650,3,signal,1100,17,0,78.862946
31,1650,3,signal,1200,17,0,86.208824
31,1650,3,signal,1300,18,0,83.20944
31,1650,3,signal,1400,22,0,87.37955
31,1650,3,signal,1500,20,0,81.106
31,1650,3,signal,1600,27,0,84.455925
31,1650,3,signal,1700,31,0,81.30484
31,1650,3,signal,1800,22,0,82.13182
31,1650,3,signal,1900,24,0,97.6875
31,1800,1,ramp,0,9,0,47.986668
31,1800,1,ramp,100,11,0,51.413635
31,1800,1,ramp,200,13,0,42.92077
31,1800,1,ramp,300,33,0,34.78212
31,1800,1,ramp,400,14,0,45.46214
31,1800,1,ramp,500,10,0,41.523003
31,1800,1,ramp,600,31,1,34.510002
31,1800,1,ramp,700,12,0,42.837498
31,1800,1,signal,0,2,0,45.085
31,1800,1,signal,200,2,0,46.800003
31,1800,1,signal,300,4,0,35.6925
31,1800,1,signal,400,1,0,46.99
31,1800,1,signal,500,2,0,42.39
31,1800,1,signal,600,27,0,55.305557
31,1800,1,signal,700,15,0,67.641335
31,1800,1,signal,800,18,0,89.69778
31,1800,1,signal,900,38,0,91.57737
31,1800,1,signal,1000,35,0,97.459145
31,1800,1,signal,1100,35,0,96.75657
31,1800,1,signal,1200,34,0,95.74941
31,1800,1,signal,1300,38,0,96.72027
31,1800,1,signal,1400,35,0,96.652
31,1800,1,signal,1500,34,0,96.82353
31,1800,1,signal,1600,35,0,91.46314
31,1800,1,signal,1700,28,0,87.053215
31,1800,1,signal,1800,32,0,93.16875
31,1800,1,signal,1900,23,0,87.33957
31,1800,2,ramp,0,8,0,52.00125
31,1800,2,ramp,100,8,0,49.55125
31,1800,2,ramp,200,7,0,51.592857
31,1800,2,ramp,300,10,1,38.126
31,1800,2,ramp,400,3,1,29.659998
31,1800,2,ramp,500,5,0,49.914
31,1800,2,ramp,600,3,0,40.95667
31,1800,2,ramp,700,2,1,12.435
31,1800,2,signal,100,3,0,63.323334
31,1800,2,signal,200,2,0,94.295
31,1800,2,signal,300,14,0,42.387856
31,1800,2,signal,400,24,0,45.030834
31,1800,2,signal,500,20,0,45.86
31,1800,2,signal,600,23,0,47.395214
31,1800,2,signal,700,31,0,49.309032
31,1800,2,signal,800,33,0,64.054245
31,1800,2,signal,900,30,0,60.354332
31,1800,2,signal,1000,23,0,53.985218
31,1800,2,signal,1100,31,0,64.23774
31,1800,2,signal,1200,23,0,67.179565
31,1800,2,signal,1300,29,0,66.26586
31,1800,2,signal,1400,27,0,71.724075
31,1800,2,signal,1500,35,0,64.842
31,1800,2,signal,1600,26,0,62.445766
31,1800,2,signal,1700,35,0,66.49085
31,1800,2,signal,1800,33,0,69.85364
31,1800,2,signal,1900,20,0,74.564
31,1800,3,ramp,0,11,0,44.600906
31,1800,3,ramp,100,9,0,59.054443
31,1800,3,ramp,200,5,0,40.760002
31,1800,3,ramp,300,7,0,43.971428
31,1800,3,ramp,400,5,0,41.874
31,1800,3,ramp,500,3,0,68.70333
31,1800,3,ramp,600,1,0,73.98
31,1800,3,signal,0,4,0,41.02
31,1800,3,signal,100,2,0,40.475
31,1800,3,signal,200,1,0,38.15
31,1800,3,signal,300,2,0,40.475
31,1800,3,signal,400,7,0,51.96857
31,1800,3,signal,500,7,0,62.927143
31,1800,3,signal,600,9,0,50.543335
31,1800,3,signal,700,19,0,55.486317
31,1800,3,signal,800,22,0,64.15318
31,1800,3,signal,900,25,0,71.3072
31,1800,3,signal,1000,30,0,74.90967
31,1800,3,signal,1100,26,0,78.182304
31,1800,3,signal,1200,26,0,85.35847
31,1800,3,signal,1300,25,0,80.2148
31,1800,3,signal,1400,21,0,77.87428
31,1800,3,signal,1500,25,0,92.1504
31,1800,3,signal,1600,23,0,85.40696
31,1800,3,signal,1700,31,0,88.34645
31,1800,3,signal,1800,23,0,85.06087
31,1800,3,signal,1900,21,0,89.90428
31,1950,1,ramp,0,4,0,52.5
31,1950,1,ramp,100,4,0,43.105
31,1950,1,ramp,200,9,0,48.47222
31,1950,1,ramp,300,27,0,39.75333
31,1950,1,ramp,400,6,0,45.035
31,1950,1,ramp,500,2,0,54.51
31,1950,1,ramp,600,14,0,43.182858
31,1950,1,ramp,700,4,0,42.4
31,1950,1,signal,300,1,0,8.89
31,1950,1,signal,600,17,0,55.414116
31,1950,1,signal,700,7,0,78.57714
31,1950,1,signal,800,19,0,95.098946
31,1950,1,signal,900,27,0,95.413704
31,1950,1,signal,1000,26,0,99.841545
31,1950,1,signal,1100,26,0,105.737305
31,1950,1,signal,1200,21,0,103.58667
31,1950,1,signal,1300,26,0,104.4077
31,1950,1,signal,1400,20,0,107.197495
31,1950,1,signal,1500,25,0,105.73
31,1950,1,signal,1600,23,0,99.84739
31,1950,1,signal,1700,28,0,100.66714
31,1950,1,signal,1800,27,0,97.70407
31,1950,1,signal,1900,19,0,99.26052
31,1950,2,ramp,0,8,0,61.97625
31,1950,2,ramp,100,9,0,67.70111
31,1950,2,ramp,200,9,0,65.73333
31,1950,2,ramp,300,5,0,42.926003
31,1950,2,ramp,400,3,0,66.29
31,1950,2,ramp,500,3,0,41.163334
31,1950,2,ramp,600,2,0,68.384995
31,1950,2,ramp,700,2,0,26.5
31,1950,2,signal,300,11,0,35.845455
31,1950,2,signal,400,22,0,40.873634
31,1950,2,signal,500,24,0,39.925
31,1950,2,signal,600,23,0,43.06087
31,1950,2,signal,700,25,0,49.208397
31,1950,2,signal,800,23,0,48.90913
31,1950,2,signal,900,28,0,62.84893
31,1950,2,signal,1000,28,0,61.34679
31,1950,2,signal,1100,24,0,62.823334
31,1950,2,signal,1200,27,0,52.29704
31,1950,2,signal,1300,24,0,59.318752
31,1950,2,signal,1400,27,0,61.368515
31,1950,2,signal,1500,26,0,56.255386
31,1950,2,signal,1600,24,0,51.96625
31,1950,2,signal,1700,34,0,56.798237
31,1950,2,signal,1800,34,0,55.366177
31,1950,2,signal,1900,28,0,67.436424
31,1950,3,ramp,0,11,0,43.53091
31,1950,3,ramp,100,10,0,41.191
31,1950,3,ramp,200,5,0,41.524
31,1950,3,ramp,300,4,0,55.767498
31,1950,3,ramp,400,4,0,57.345
31,1950,3,ramp,500,3,0,62.393337
31,1950,3,signal,0,2,0,44.449997
31,1950,3,signal,100,2,0,45.895
31,1950,3,signal,200,1,0,43.36
31,1950,3,signal,300,4,0,38.6825
31,1950,3,signal,400,6,0,40.68
31,1950,3,signal,500,4,0,39.9775
31,1950,3,signal,600,7,0,42.83714
31,1950,3,signal,700,11,0,55.389088
31,1950,3,signal,800,10,0,70.644
31,1950,3,signal,900,11,0,77.58363
31,1950,3,signal,1000,13,0,78.62462
31,1950,3,signal,1100,14,0,91.72071
31,1950,3,signal,1200,18,0,83.63111
31,1950,3,signal,1300,16,0,78.975
31,1950,3,signal,1400,21,0,84.342384
31,1950,3,signal,1500,19,0,75.905785
31,1950,3,signal,1600,18,0,67.92889
31,1950,3,signal,1700,18,0,77.62056
31,1950,3,signal,1800,20,0,71.46
31,1950,3,signal,1900,17,0,75.15765
31,2100,1,ramp,0,13,0,41.220768
31,2100,1,ramp,100,10,0,42.073997
31,2100,1,ramp,200,8,0,42.01375
31,2100,1,ramp,300,28,0,37.709644
31,2100,1,ramp,400,5,0,39.356
31,2100,1,ramp,500,7,0,41.13571
31,2100,1,ramp,600,19,0,39.81105
31,2100,1,ramp,700,6,0,41.765
31,2100,1,signal,200,1,0,52.73
31,2100,1,signal,300,3,0,34.676666
31,2100,1,signal,400,1,0,72.78
31,2100,1,signal,500,4,0,48.05
31,2100,1,signal,600,30,2,52.267334
31,2100,1,signal,700,20,0,68.1885
31,2100,1,signal,800,33,0,81.65091
31,2100,1,signal,900,47,0,81.45255
31,2100,1,signal,1000,39,0,82.61897
31,2100,1,signal,1100,39,0,85.346664
31,2100,1,signal,1200,32,0,85.82906
31,2100,1,signal,1300,33,0,96.60061
31,2100,1,signal,1400,31,0,91.80775
31,2100,1,signal,1500,33,0,90.46848
31,2100,1,signal,1600,33,0,89.84788
31,2100,1,signal,1700,28,0,86.002144
31,2100,1,signal,1800,32,0,84.61188
31,2100,1,signal,1900,21,0,92.10667
31,2100,2,ramp,0,2,0,43.835
31,2100,2,ramp,100,2,0,61.760002
31,2100,2,ramp,200,4,0,49.78
31,2100,2,ramp,300,1,0,71.13
31,2100,2,ramp,400,4,0,48.7175
31,2100,2,ramp,500,5,0,42.469997
31,2100,2,ramp,600,4,0,34.46
31,2100,2,signal,0,4,0,55.005
31,2100,2,signal,100,3,0,59.263336
31,2100,2,signal,200,3,0,51.86
31,2100,2,signal,300,23,0,43.47087
31,2100,2,signal,400,37,0,43.08622
31,2100,2,signal,500,33,0,42.130306
31,2100,2,signal,600,41,0,41.99488
31,2100,2,signal,700,35,0,43.397144
31,2100,2,signal,800,34,0,42.45059
31,2100,2,signal,900,36,0,43.54
31,2100,2,signal,1000,36,0,45.265556
31,2100,2,signal,1100,38,0,48.668423
31,2100,2,signal,1200,39,0,51.21564
31,2100,2,signal,1300,35,0,45.643715
31,2100,2,signal,1400,41,0,50.851948
31,2100,2,signal,1500,33,0,47.58697
31,2100,2,signal,1600,34,0,58.2
31,2100,2,signal,1700,33,0,60.072727
31,2100,2,signal,1800,28,0,53.201073
31,2100,2,signal,1900,24,0,71.76292
31,2100,3,ramp,0,17,0,41.407646
31,2100,3,ramp,100,14,0,41.964287
31,2100,3,ramp,200,10,0,42.696
31,2100,3,ramp,300,10,0,41.188
31,2100,3,ramp,400,8,0,42.98
31,2100,3,ramp,500,6,0,42.053333
31,2100,3,signal,0,3,0,52.553333
31,2100,3,signal,100,3,0,60.656666
31,2100,3,signal,200,3,0,68.68
31,2100,3,signal,300,3,0,42.543335
31,2100,3,signal,400,5,0,58.296
31,2100,3,signal,500,5,0,44.947998
31,2100,3,signal,600,8,0,56.6225
31,2100,3,signal,700,13,0,54.56
31,2100,3,signal,800,15,0,62.822666
31,2100,3,signal,900,19,0,58.43053
31,2100,3,signal,1000,23,0,61.447826
31,2100,3,signal,1100,22,0,63.861816
31,2100,3,signal,1200,23,0,59.514782
31,2100,3,signal,1300,23,0,52.836956
31,2100,3,signal,1400,24,0,56.772503
31,2100,3,signal,1500,22,0,57.866817
31,2100,3,signal,1600,24,0,56.692917
31,2100,3,signal,1700,24,0,61.006668
31,2100,3,signal,1800,25,0,61.247597
31,2100,3,signal,1900,16,0,65.61125
31,2250,1,ramp,0,13,0,44.782307
31,2250,1,ramp,100,17,0,46.856472
31,2250,1,ramp,200,18,0,44.94389
31,2250,1,ramp,300,40,1,40.66425
31,2250,1,ramp,400,11,0,40.791817
31,2250,1,ramp,500,3,0,43.149998
31,2250,1,ramp,600,11,0,48.953636
31,2250,1,ramp,700,6,0,46.27667
31,2250,1,signal,0,1,0,42.67
31,2250,1,signal,100,2,0,46.025
31,2250,1,signal,200,2,0,44.195
31,2250,1,signal,300,1,0,42.51
31,2250,1,signal,400,2,0,45.864998
31,2250,1,signal,500,1,0,43.47
31,2250,1,signal,600,16,0,84.45187
31,2250,1,signal,700,20,0,92.3865
31,2250,1,signal,800,28,0,87.47321
31,2250,1,signal,900,42,0,81.49596
31,2250,1,signal,1000,42,0,81.765
31,2250,1,signal,1100,37,0,81.27865
31,2250,1,signal,1200,40,0,80.14225
31,2250,1,signal,1300,39,0,78.488205
31,2250,1,signal,1400,38,0,79.36526
31,2250,1,signal,1500,35,0,79.06571
31,2250,1,signal,1600,36,0,80.38694
31,2250,1,signal,1700,31,0,76.56548
31,2250,1,signal,1800,39,0,71.598976
31,2250,1,signal,1900,32,0,69.52812
31,2250,2,ramp,0,9,0,47.70889
31,2250,2,ramp,100,9,0,62.056667
31,2250,2,ramp,200,11,0,59.214542
31,2250,2,ramp,300,7,0,45.764286
31,2250,2,ramp,400,6,0,46.575
31,2250,2,ramp,500,6,0,47.296665
31,2250,2,ramp,600,1,0,63.46
31,2250,2,signal,300,2,0,36.745003
31,2250,2,signal,400,11,0,44.048183
31,2250,2,signal,500,14,0,43.017857
31,2250,2,signal,600,16,0,43.1475
31,2250,2,signal,700,21,0,49.31333
31,2250,2,signal,800,21,0,48.868572
31,2250,2,signal,900,31,0,56.165485
31,2250,2,signal,1000,30,0,53.553665
31,2250,2,signal,1100,28,0,55.8675
31,2250,2,signal,1200,30,0,49.80733
31,2250,2,signal,1300,32,0,48.10344
31,2250,2,signal,1400,40,0,52.126503
31,2250,2,signal,1500,35,0,49.86086
31,2250,2,signal,1600,34,0,47.55588
31,2250,2,signal,1700,39,0,46.345898
31,2250,2,signal,1800,41,0,48.418537
31,2250,2,signal,1900,32,0,46.36469
31,2250,3,ramp,0,11,0,44.850002
31,2250,3,ramp,100,5,0,47.774
31,2250,3,ramp,200,5,0,53.468
31,2250,3,ramp,300,3,0,88.61001
31,2250,3,ramp,400,2,0,42.305
31,2250,3,ramp,500,3,0,97.94668
31,2250,3,signal,0,3,0,43.103333
31,2250,3,signal,100,3,0,41.62
31,2250,3,signal,200,4,0,42.1925
31,2250,3,signal,300,3,0,43.416668
31,2250,3,signal,400,4,0,56.0775
31,2250,3,signal,500,5,0,55.885998
31,2250,3,signal,600,3,0,43.296665
31,2250,3,signal,700,5,0,66.928
31,2250,3,signal,800,5,0,58.07
31,2250,3,signal,900,8,0,65.555
31,2250,3,signal,1000,16,0,73.49812
31,2250,3,signal,1100,20,0,69.4075
31,2250,3,signal,1200,20,0,69.940506
31,2250,3,signal,1300,27,0,79.061104
31,2250,3,signal,1400,25,0,68.5188
31,2250,3,signal,1500,30,0,73.76833
31,2250,3,signal,1600,31,0,69.59161
31,2250,3,signal,1700,28,0,68.093216
31,2250,3,signal,1800,34,0,69.25177
31,2250,3,signal,1900,24,0,69.30292
31,2400,1,ramp,0,11,0,45.701817
31,2400,1,ramp,100,9,0,49.184444
31,2400,1,ramp,200,17,0,48.544117
31,2400,1,ramp,300,36,1,39.91417
31,2400,1,ramp,400,7,0,42.978573
31,2400,1,ramp,500,2,0,41.135002
31,2400,1,ramp,600,13,0,41.225384
31,2400,1,ramp,700,2,0,40.760002
31,2400,1,signal,0,2,0,40.72
31,2400,1,signal,100,2,0,40.025
31,2400,1,signal,200,2,0,40.025
31,2400,1,signal,300,3,0,31.726667
31,2400,1,signal,400,1,0,40.36
31,2400,1,signal,500,2,0,41.059998
31,2400,1,signal,600,26,0,66.301155
31,2400,1,signal,700,17,0,83.88412
31,2400,1,signal,800,23,0,85.49652
31,2400,1,signal,900,47,0,80.699356
31,2400,1,signal,1000,40,0,82.942
31,2400,1,signal,1100,36,0,78.239716
31,2400,1,signal,1200,31,0,80.28032
31,2400,1,signal,1300,28,0,80.86536
31,2400,1,signal,1400,35,0,80.80914
31,2400,1,signal,1500,32,0,80.01
31,2400,1,signal,1600,30,0,78.63933
31,2400,1,signal,1700,33,0,79.74182
31,2400,1,signal,1800,34,0,80.42588
31,2400,1,signal,1900,26,0,81.22807
31,2400,2,ramp,0,5,0,53.489998
31,2400,2,ramp,100,8,0,54.96875
31,2400,2,ramp,200,5,0,60.792
31,2400,2,ramp,300,4,0,39.3925
31,2400,2,ramp,400,3,0,43.539997
31,2400,2,ramp,500,3,0,40.843334
31,2400,2,signal,100,1,0,70.46
31,2400,2,signal,300,10,0,39.696
31,2400,2,signal,400,19,0,41.14737
31,2400,2,signal,500,16,0,40.0425
31,2400,2,signal,600,20,0,47.5505
31,2400,2,signal,700,18,0,47.763332
31,2400,2,signal,800,17,0,59.098824
31,2400,2,signal,900,25,0,61.1344
31,2400,2,signal,1000,28,0,67.72321
31,2400,2,signal,1100,27,0,66.53074
31,2400,2,signal,1200,25,0,63.952805
31,2400,2,signal,1300,27,0,74.31185
31,2400,2,signal,1400,24,0,80.4525
31,2400,2,signal,1500,21,0,70.82238
31,2400,2,signal,1600,22,0,80.93818
31,2400,2,signal,1700,20,0,73.0515
31,2400,2,signal,1800,21,0,80.61238
31,2400,2,signal,1900,18,0,79.780556
31,2400,3,ramp,0,13,0,49.916157
31,2400,3,ramp,100,11,0,50.825455
31,2400,3,ramp,200,6,0,52.685
31,2400,3,ramp,300,5,0,47.46
31,2400,3,ramp,400,4,0,49.755
31,2400,3,ramp,500,3,0,51.073334
31,2400,3,signal,0,1,0,43.76
31,2400,3,signal,200,1,0,87.57
31,2400,3,signal,300,1,0,94.17
31,2400,3,signal,400,1,0,90.01
31,2400,3,signal,500,1,0,96.61
31,2400,3,signal,600,4,0,37.4925
31,2400,3,signal,700,10,0,71.197
31,2400,3,signal,800,10,0,80.447
31,2400,3,signal,900,9,0,86.01
31,2400,3,signal,1000,16,0,89.33188
31,2400,3,signal,1100,16,0,93.616875
31,2400,3,signal,1200,21,0,88.71048
31,2400,3,signal,1300,20,0,86.3125
31,2400,3,signal,1400,20,0,79.2395
31,2400,3,signal,1500,17,0,81.901184
31,2400,3,signal,1600,19,0,82.213684
31,2400,3,signal,1700,19,0,76.670525
31,2400,3,signal,1800,24,0,83.22
31,2400,3,signal,1900,16,0,84.0075
31,2550,1,ramp,0,8,0,42.92625
31,2550,1,ramp,100,7,0,54.115715
31,2550,1,ramp,200,13,0,48.49231
31,2550,1,ramp,300,40,1,40.54725
31,2550,1,ramp,400,6,0,43.22333
31,2550,1,ramp,500,4,0,42.002502
31,2550,1,ramp,600,15,0,40.758667
31,2550,1,ramp,700,6,0,44.315002
31,2550,1,signal,0,2,0,41.28
31,2550,1,signal,100,2,0,41.28
31,2550,1,signal,200,1,0,42.71
31,2550,1,signal,300,4,1,29.8825
31,2550,1,signal,500,1,0,42.73
31,2550,1,signal,600,21,0,56.657146
31,2550,1,signal,700,6,0,64.47167
31,2550,1,signal,800,23,0,82.931305
31,2550,1,signal,900,46,0,83.073265
31,2550,1,signal,1000,39,0,83.77615
31,2550,1,signal,1100,42,0,84.60714
31,2550,1,signal,1200,38,0,82.28
31,2550,1,signal,1300,36,0,82.31778
31,2550,1,signal,1400,38,0,78.82395
31,2550,1,signal,1500,33,0,76.40727
31,2550,1,signal,1600,33,0,74.57697
31,2550,1,signal,1700,31,0,73.93387
31,2550,1,signal,1800,37,0,77.10919
31,2550,1,signal,1900,28,0,77.04035
31,2550,2,ramp,0,8,0,55.4225
31,2550,2,ramp,100,7,0,68.36286
31,2550,2,ramp,200,8,0,67.88
31,2550,2,ramp,300,4,0,40.0625
31,2550,2,ramp,400,1,0,41.66
31,2550,2,ramp,500,2,0,44.485
31,2550,2,ramp,600,2,0,81.774994
31,2550,2,ramp,700,2,0,21.32
31,2550,2,signal,0,4,0,40.8525
31,2550,2,signal,100,2,0,41.32
31,2550,2,signal,200,4,0,42.989998
31,2550,2,signal,300,14,0,41.857857
31,2550,2,signal,400,23,0,43.75522
31,2550,2,signal,500,20,0,43.954502
31,2550,2,signal,600,30,0,46.128334
31,2550,2,signal,700,27,0,48.185555
31,2550,2,signal,800,22,0,48.17091
31,2550,2,signal,900,28,0,56.198215
31,2550,2,signal,1000,27,0,60.773705
31,2550,2,signal,1100,27,0,56.364815
31,2550,2,signal,1200,28,0,54.588215
31,2550,2,signal,1300,26,0,53.774616
31,2550,2,signal,1400,29,0,56.226208
31,2550,2,signal,1500,27,0,56.520737
31,2550,2,signal,1600,30,0,52.117
31,2550,2,signal,1700,36,0,50.60361
31,2550,2,signal,1800,34,0,51.024998
31,2550,2,signal,1900,20,0,47.765
31,2550,3,ramp,0,9,0,46.963333
31,2550,3,ramp,100,7,0,41.90143
31,2550,3,ramp,200,7,0,49.21
31,2550,3,ramp,300,3,0,69.01667
31,2550,3,ramp,400,3,0,63.97
31,2550,3,ramp,500,2,0,65.69
31,2550,3,signal,0,2,0,42.34
31,2550,3,signal,100,2,0,43.809998
31,2550,3,signal,200,1,0,41.35
31,2550,3,signal,300,3,0,38.726665
31,2550,3,signal,400,6,0,53.256668
31,2550,3,signal,500,4,0,71.18
31,2550,3,signal,600,9,0,43.987778
31,2550,3,signal,700,20,0,56.0325
31,2550,3,signal,800,17,0,72.371765
31,2550,3,signal,900,15,0,69.01667
31,2550,3,signal,1000,25,0,76.9116
31,2550,3,signal,1100,24,0,74.92667
31,2550,3,signal,1200,21,0,81.13095
31,2550,3,signal,1300,22,0,79.48045
31,2550,3,signal,1400,26,0,83.00539
31,2550,3,signal,1500,29,0,76.466896
31,2550,3,signal,1600,30,0,75.72633
31,2550,3,signal,1700,28,0,78.12142
31,2550,3,signal,1800,29,0,74.95275
31,2550,3,signal,1900,27,0,83.92407
31,2700,1,ramp,0,7,0,40.60143
31,2700,1,ramp,100,10,0,50.794
31,2700,1,ramp,200,14,0,50.684288
31,2700,1,ramp,300,31,0,44.12516
31,2700,1,ramp,400,5,0,40.186
31,2700,1,ramp,500,2,0,41.075
31,2700,1,ramp,600,18,0,38.72278
31,2700,1,ramp,700,8,0,40.825
31,2700,1,signal,200,1,0,61.98
31,2700,1,signal,400,1,0,44.88
31,2700,1,signal,500,2,0,43.155
31,2700,1,signal,600,23,1,48.99696
31,2700,1,signal,700,13,0,68.37154
31,2700,1,signal,800,18,0,82.23167
31,2700,1,signal,900,42,0,82.62119
31,2700,1,signal,1000,41,0,84.16731
31,2700,1,signal,1100,33,0,84.72273
31,2700,1,signal,1200,37,0,85.045944
31,2700,1,signal,1300,43,0,80.022095
31,2700,1,signal,1400,35,0,83.38943
31,2700,1,signal,1500,37,0,83.28081
31,2700,1,signal,1600,38,0,84.1321
31,2700,1,signal,1700,41,0,76.32927
31,2700,1,signal,1800,37,0,78.45297
31,2700,1,signal,1900,31,0,77.201935
31,2700,2,ramp,0,9,0,47.411114
31,2700,2,ramp,100,8,0,44.925
31,2700,2,ramp,200,8,0,44.38625
31,2700,2,ramp,300,4,0,42.9325
31,2700,2,ramp,400,4,0,44.1175
31,2700,2,ramp,500,5,0,42.334
31,2700,2,ramp,600,2,0,45.91
31,2700,2,ramp,700,1,0,50.38
31,2700,2,signal,0,2,0,48.605003
31,2700,2,signal,100,3,0,48.36667
31,2700,2,signal,200,2,0,40.68
31,2700,2,signal,300,11,0,47.221817
31,2700,2,signal,400,17,0,43.434708
31,2700,2,signal,500,20,0,43.0355
31,2700,2,signal,600,29,0,46.492416
31,2700,2,signal,700,25,0,49.6588
31,2700,2,signal,800,20,0,45.5905
31,2700,2,signal,900,29,0,55.608276
31,2700,2,signal,1000,27,0,52.215183
31,2700,2,signal,1100,29,0,54.01207
31,2700,2,signal,1200,24,0,47.98833
31,2700,2,signal,1300,29,0,52.867588
31,2700,2,signal,1400,35,0,50.694855
31,2700,2,signal,1500,31,0,50.66032
31,2700,2,signal,1600,27,0,48.03037
31,2700,2,signal,1700,30,0,54.583
31,2700,2,signal,1800,27,0,52.00926
31,2700,2,signal,1900,21,0,67.55143
31,2700,3,ramp,0,11,0,38.04091
31,2700,3,ramp,100,9,0,36.253334
31,2700,3,ramp,200,5,0,36.756
31,2700,3,ramp,300,4,0,36.7725
31,2700,3,ramp,400,5,0,35.016
31,2700,3,ramp,500,2,0,37.505
31,2700,3,signal,0,3,0,48.406666
31,2700,3,signal,100,3,0,55.78
31,2700,3,signal,200,3,0,63.673336
31,2700,3,signal,300,2,0,36.34
31,2700,3,signal,400,2,0,103.325
31,2700,3,signal,500,1,0,121.06
31,2700,3,signal,600,6,0,56.976665
31,2700,3,signal,700,13,0,75.33308
31,2700,3,signal,800,15,0,74.92933
31,2700,3,signal,900,13,0,88.823845
31,2700,3,signal,1000,13,0,95.810005
31,2700,3,signal,1100,12,0,103.137505
31,2700,3,signal,1200,19,0,86.16842
31,2700,3,signal,1300,21,0,79.274284
31,2700,3,signal,1400,21,0,66.704765
31,2700,3,signal,1500,32,0,73.18188
31,2700,3,signal,1600,25,0,67.7304
31,2700,3,signal,1700,22,0,64.63136
31,2700,3,signal,1800,25,0,64.656
31,2700,3,signal,1900,17,0,71.61706
31,2850,1,ramp,0,8,0,40.14375
31,2850,1,ramp,100,5,0,48.3
31,2850,1,ramp,200,4,0,46.47
31,2850,1,ramp,300,22,0,40.32591
31,2850,1,ramp,400,6,0,39.50333
31,2850,1,ramp,500,3,0,37.966667
31,2850,1,ramp,600,16,0,36.47375
31,2850,1,ramp,700,8,0,41.361248
31,2850,1,signal,0,1,0,44.23
31,2850,1,signal,100,2,0,42.684998
31,2850,1,signal,200,3,0,50.436665
31,2850,1,signal,300,2,0,42.684998
31,2850,1,signal,400,2,0,43.925003
31,2850,1,signal,500,1,0,43.0
31,2850,1,signal,600,17,0,53.954704
31,2850,1,signal,700,12,0,69.315
31,2850,1,signal,800,25,0,81.6272
31,2850,1,signal,900,45,0,78.384
31,2850,1,signal,1000,38,0,78.342896
31,2850,1,signal,1100,43,0,80.531166
31,2850,1,signal,1200,39,0,82.55718
31,2850,1,signal,1300,33,0,83.440605
31,2850,1,signal,1400,36,0,83.83444
31,2850,1,signal,1500,33,0,82.228485
31,2850,1,signal,1600,35,0,85.360855
31,2850,1,signal,1700,35,0,85.898285
31,2850,1,signal,1800,27,0,85.32593
31,2850,1,signal,1900,28,0,85.4375
31,2850,2,ramp,0,3,0,46.553333
31,2850,2,ramp,100,4,0,50.5625
31,2850,2,ramp,200,3,0,50.413334
31,2850,2,ramp,300,3,0,44.13333
31,2850,2,ramp,400,4,0,41.085
31,2850,2,ramp,500,3,0,46.14333
31,2850,2,ramp,600,2,0,62.074997
31,2850,2,ramp,700,1,0,27.7
31,2850,2,signal,0,2,0,48.364998
31,2850,2,signal,100,2,0,69.55
31,2850,2,signal,200,1,0,82.44
31,2850,2,signal,300,10,0,45.195
31,2850,2,signal,400,19,0,45.319473
31,2850,2,signal,500,18,0,43.65278
31,2850,2,signal,600,23,0,44.600002
31,2850,2,signal,700,25,0,50.912796
31,2850,2,signal,800,21,0,57.390003
31,2850,2,signal,900,26,0,56.540386
31,2850,2,signal,1000,27,0,57.014816
31,2850,2,signal,1100,26,0,57.240383
31,2850,2,signal,1200,29,0,54.547585
31,2850,2,signal,1300,28,0,55.457146
31,2850,2,signal,1400,29,0,55.88793
31,2850,2,signal,1500,27,0,58.01889
31,2850,2,signal,1600,28,0,47.724285
31,2850,2,signal,1700,27,0,54.24741
31,2850,2,signal,1800,25,0,53.636
31,2850,2,signal,1900,19,0,53.05
31,2850,3,ramp,0,9,0,42.67
31,2850,3,ramp,100,11,0,44.763638
31,2850,3,ramp,200,7,0,49.108574
31,2850,3,ramp,300,7,0,51.782856
31,2850,3,ramp,400,6,0,42.52833
31,2850,3,ramp,500,4,0,61.135002
31,2850,3,signal,0,2,0,41.54
31,2850,3,signal,100,1,0,42.29
31,2850,3,signal,200,2,0,41.82
31,2850,3,signal,300,3,0,45.216663
31,2850,3,signal,400,4,0,44.0725
31,2850,3,signal,500,4,0,44.415
31,2850,3,signal,600,6,0,48.621662
31,2850,3,signal,700,10,0,65.382
31,2850,3,signal,800,9,0,71.064445
31,2850,3,signal,900,11,0,87.818184
31,2850,3,signal,1000,14,0,74.431435
31,2850,3,signal,1100,24,0,84.3
31,2850,3,signal,1200,22,0,77.16
31,2850,3,signal,1300,22,0,75.16955
31,2850,3,signal,1400,21,0,74.94619
31,2850,3,signal,1500,30,0,62.25533
31,2850,3,signal,1600,30,0,63.552998
31,2850,3,signal,1700,22,0,74.332726
31,2850,3,signal,1800,17,0,85.07588
31,2850,3,signal,1900,13,0,88.81923
31,3000,1,ramp,0,18,0,41.61
31,3000,1,ramp,100,17,0,42.94412
31,3000,1,ramp,200,25,0,42.5448
31,3000,1,ramp,300,44,0,38.34568
31,3000,1,ramp,400,10,0,40.021
31,3000,1,ramp,500,10,0,44.666
31,3000,1,ramp,600,26,0,41.263847
31,3000,1,ramp,700,10,0,42.041
31,3000,1,signal,0,3,0,44.186665
31,3000,1,signal,100,2,0,42.715
31,3000,1,signal,200,1,0,44.1
31,3000,1,signal,300,3,0,40.456665
31,3000,1,signal,400,1,0,42.93
31,3000,1,signal,500,4,0,46.5775
31,3000,1,signal,600,15,0,56.175335
31,3000,1,signal,700,8,0,79.895004
31,3000,1,signal,800,18,0,81.33055
31,3000,1,signal,900,38,0,78.52658
31,3000,1,signal,1000,35,0,81.702286
31,3000,1,signal,1100,34,0,81.15677
31,3000,1,signal,1200,36,0,81.556114
31,3000,1,signal,1300,30,0,80.027336
31,3000,1,signal,1400,31,0,81.40806
31,3000,1,signal,1500,35,0,82.69857
31,3000,1,signal,1600,32,0,78.42969
31,3000,1,signal,1700,31,0,78.703224
31,3000,1,signal,1800,30,0,80.298996
31,3000,1,signal,1900,20,0,84.501
31,3000,2,ramp,0,7,0,49.944286
31,3000,2,ramp,100,9,0,57.001114
31,3000,2,ramp,200,11,0,47.33091
31,3000,2,ramp,300,13,0,39.728462
31,3000,2,ramp,400,12,0,42.674168
31,3000,2,ramp,500,4,0,43.1975
31,3000,2,signal,0,7,0,50.142857
31,3000,2,signal,100,4,0,50.684998
31,3000,2,signal,200,7,0,45.358574
31,3000,2,signal,300,10,0,41.815
31,3000,2,signal,400,16,0,41.56
31,3000,2,signal,500,19,0,40.05263
31,3000,2,signal,600,22,0,42.595455
31,3000,2,signal,700,23,0,45.919567
31,3000,2,signal,800,19,0,47.592632
31,3000,2,signal,900,26,0,53.827694
31,3000,2,signal,1000,27,0,55.747406
31,3000,2,signal,1100,24,0,54.80917
31,3000,2,signal,1200,23,0,65.455215
31,3000,2,signal,1300,24,0,66.78667
31,3000,2,signal,1400,26,0,67.74577
31,3000,2,signal,1500,19,0,62.179474
31,3000,2,signal,1600,20,0,65.13
31,3000,2,signal,1700,31,0,68.79032
31,3000,2,signal,1800,28,0,58.740356
31,3000,2,signal,1900,22,0,60.44318
31,3000,3,ramp,0,12,0,37.811665
31,3000,3,ramp,100,9,0,39.024445
31,3000,3,ramp,200,7,0,44.75714
31,3000,3,ramp,300,4,0,35.17
31,3000,3,ramp,400,7,0,37.294285
31,3000,3,ramp,500,3,0,37.67
31,3000,3,signal,300,3,0,54.263336
31,3000,3,signal,400,6,0,53.131668
31,3000,3,signal,500,7,0,58.66714
31,3000,3,signal,600,8,0,61.82375
31,3000,3,signal,700,13,0,57.87846
31,3000,3,signal,800,12,0,73.415
31,3000,3,signal,900,12,0,72.4975
31,3000,3,signal,1000,11,0,73.674545
31,3000,3,signal,1100,15,0,84.52067
31,3000,3,signal,1200,12,0,81.6275
31,3000,3,signal,1300,11,0,78.32636
31,3000,3,signal,1400,14,0,87.48143
31,3000,3,signal,1500,14,0,82.60357
31,3000,3,signal,1600,14,0,90.635
31,3000,3,signal,1700,19,0,72.67263
31,3000,3,signal,1800,31,0,71.103226
31,3000,3,signal,1900,23,0,70.95087
31,3150,1,ramp,0,10,0,46.823
31,3150,1,ramp,100,8,0,43.87625
31,3150,1,ramp,200,13,0,42.49769
31,3150,1,ramp,300,37,1,38.273243
31,3150,1,ramp,400,6,0,41.25833
31,3150,1,ramp,500,4,0,47.122498
31,3150,1,ramp,600,27,0,37.489998
31,3150,1,ramp,700,7,0,42.034283
31,3150,1,signal,0,5,0,42.314003
31,3150,1,signal,100,5,0,41.616
31,3150,1,signal,200,3,0,40.84
31,3150,1,signal,300,6,0,34.318333
31,3150,1,signal,400,4,0,44.8275
31,3150,1,signal,500,5,0,43.620003
31,3150,1,signal,600,17,0,39.74765
31,3150,1,signal,700,9,0,43.43778
31,3150,1,signal,800,20,0,67.9815
31,3150,1,signal,900,47,0,73.48298
31,3150,1,signal,1000,41,0,74.006584
31,3150,1,signal,1100,41,0,72.89024
31,3150,1,signal,1200,29,0,75.850685
31,3150,1,signal,1300,38,0,76.61526
31,3150,1,signal,1400,29,0,80.104485
31,3150,1,signal,1500,30,0,76.22667
31,3150,1,signal,1600,33,0,74.51727
31,3150,1,signal,1700,38,0,69.82658
31,3150,1,signal,1800,38,0,75.00105
31,3150,1,signal,1900,29,0,78.25931
31,3150,2,ramp,0,7,0,52.74857
31,3150,2,ramp,100,9,0,62.165554
31,3150,2,ramp,200,7,0,52.632854
31,3150,2,ramp,300,9,0,44.47111
31,3150,2,ramp,400,7,0,39.431427
31,3150,2,ramp,500,6,0,38.535
31,3150,2,ramp,600,3,0,45.873333
31,3150,2,ramp,700,2,0,22.404999
31,3150,2,signal,0,5,0,45.838
31,3150,2,signal,100,3,0,56.686665
31,3150,2,signal,200,2,0,43.14
31,3150,2,signal,300,10,0,50.973
31,3150,2,signal,400,15,0,45.81533
31,3150,2,signal,500,14,0,44.231426
31,3150,2,signal,600,16,0,44.651875
31,3150,2,signal,700,21,0,48.739525
31,3150,2,signal,800,15,0,52.395332
31,3150,2,signal,900,22,0,55.01864
31,3150,2,signal,1000,20,0,62.2825
31,3150,2,signal,1100,22,0,60.502274
31,3150,2,signal,1200,20,0,58.616005
31,3150,2,signal,1300,21,0,67.496666
31,3150,2,signal,1400,20,0,55.9545
31,3150,2,signal,1500,18,0,63.460556
31,3150,2,signal,1600,17,0,54.72235
31,3150,2,signal,1700,17,0,47.394707
31,3150,2,signal,1800,18,0,55.40778
31,3150,2,signal,1900,11,0,60.654545
31,3150,3,ramp,0,13,0,41.774616
31,3150,3,ramp,100,10,0,42.802
31,3150,3,ramp,200,9,0,48.396667
31,3150,3,ramp,300,7,0,45.662853
31,3150,3,ramp,400,7,0,50.2
31,3150,3,ramp,500,5,0,54.424
31,3150,3,ramp,600,1,0,47.23
31,3150,3,signal,200,1,0,93.1
31,3150,3,signal,300,1,0,36.55
31,3150,3,signal,400,4,0,41.8975
31,3150,3,signal,500,4,0,43.9025
31,3150,3,signal,600,7,0,54.328575
31,3150,3,signal,700,13,0,56.37077
31,3150,3,signal,800,12,0,64.505
31,3150,3,signal,900,14,0,64.05572
31,3150,3,signal,1000,19,0,69.09105
31,3150,3,signal,1100,14,0,61.864998
31,3150,3,signal,1200,17,0,77.42824
31,3150,3,signal,1300,21,0,69.258575
31,3150,3,signal,1400,17,0,73.55059
31,3150,3,signal,1500,16,0,74.86437
31,3150,3,signal,1600,23,0,72.50652
31,3150,3,signal,1700,19,0,72.67421
31,3150,3,signal,1800,22,0,73.55955
31,3150,3,signal,1900,14,0,82.03643
31,3300,1,ramp,0,16,0,45.968124
31,3300,1,ramp,100,10,0,44.072
31,3300,1,ramp,200,11,0,40.03182
31,3300,1,ramp,300,33,0,40.828484
31,3300,1,ramp,400,8,0,42.9325
31,3300,1,ramp,500,5,0,41.812
31,3300,1,ramp,600,21,0,41.605713
31,3300,1,ramp,700,10,0,43.328
31,3300,1,signal,0,3,0,27.300001
31,3300,1,signal,100,4,0,32.995
31,3300,1,signal,200,3,0,33.506668
31,3300,1,signal,300,4,0,36.11
31,3300,1,signal,400,2,0,43.02
31,3300,1,signal,500,2,0,41.435
31,3300,1,signal,600,33,0,49.688786
31,3300,1,signal,700,17,0,52.744118
31,3300,1,signal,800,25,0,72.952805
31,3300,1,signal,900,57,0,73.97631
31,3300,1,signal,1000,48,0,76.280624
31,3300,1,signal,1100,48,0,76.67896
31,3300,1,signal,1200,50,0,69.8948
31,3300,1,signal,1300,47,0,66.76638
31,3300,1,signal,1400,46,0,67.87218
31,3300,1,signal,1500,46,0,64.60195
31,3300,1,signal,1600,45,0,59.95333
31,3300,1,signal,1700,38,0,60.35947
31,3300,1,signal,1800,37,0,67.175674
31,3300,1,signal,1900,23,0,76.95391
31,3300,2,ramp,0,1,0,43.59
31,3300,2,ramp,100,5,0,44.818
31,3300,2,ramp,200,5,0,55.078003
31,3300,2,ramp,300,3,0,52.63333
31,3300,2,ramp,400,2,0,44.585
31,3300,2,ramp,500,3,0,43.053333
31,3300,2,signal,0,3,0,42.166668
31,3300,2,signal,100,5,0,41.798
31,3300,2,signal,200,4,0,40.1975
31,3300,2,signal,300,12,0,39.5775
31,3300,2,signal,400,16,0,40.963123
31,3300,2,signal,500,12,0,40.514168
31,3300,2,signal,600,21,0,47.890953
31,3300,2,signal,700,22,0,58.53591
31,3300,2,signal,800,20,0,63.006
31,3300,2,signal,900,22,0,60.23136
31,3300,2,signal,1000,21,0,61.654285
31,3300,2,signal,1100,19,0,63.03263
31,3300,2,signal,1200,22,0,54.65591
31,3300,2,signal,1300,27,0,57.77778
31,3300,2,signal,1400,21,0,54.615715
31,3300,2,signal,1500,34,0,61.745003
31,3300,2,signal,1600,32,0,61.37125
31,3300,2,signal,1700,30,0,61.20567
31,3300,2,signal,1800,31,0,58.378708
31,3300,2,signal,1900,25,0,74.457596
31,3300,3,ramp,0,10,0,47.96
31,3300,3,ramp,100,11,0,53.059998
31,3300,3,ramp,200,9,0,49.60222
31,3300,3,ramp,300,5,0,51.906
31,3300,3,ramp,400,6,0,52.17
31,3300,3,ramp,500,4,0,52.51
31,3300,3,signal,0,6,0,47.693333
31,3300,3,signal,100,7,0,46.924286
31,3300,3,signal,200,5,0,50.730003
31,3300,3,signal,300,6,0,49.046665
31,3300,3,signal,400,8,0,45.945
31,3300,3,signal,500,9,0,45.530003
31,3300,3,signal,600,9,0,51.84778
31,3300,3,signal,700,18,0,61.43278
31,3300,3,signal,800,16,0,69.4575
31,3300,3,signal,900,17,0,89.04647
31,3300,3,signal,1000,18,0,81.63555
31,3300,3,signal,1100,22,0,94.75364
31,3300,3,signal,1200,25,0,91.17
31,3300,3,signal,1300,24,0,87.059166
31,3300,3,signal,1400,33,0,87.07363
31,3300,3,signal,1500,34,0,71.295
31,3300,3,signal,1600,35,0,69.75371
31,3300,3,signal,1700,41,0,64.77244
31,3300,3,signal,1800,37,0,62.79
31,3300,3,signal,1900,26,0,71.89577
31,3450,1,ramp,0,16,0,41.208748
31,3450,1,ramp,100,22,0,46.399544
31,3450,1,ramp,200,25,0,47.681602
31,3450,1,ramp,300,54,1,37.461483
31,3450,1,ramp,400,15,0,40.434002
31,3450,1,ramp,500,1,0,46.54
31,3450,1,ramp,600,13,0,40.67615
31,3450,1,ramp,700,3,0,38.676666
31,3450,1,signal,0,4,0,41.635
31,3450,1,signal,100,3,0,39.07
31,3450,1,signal,200,4,0,37.845
31,3450,1,signal,300,2,0,36.05
31,3450,1,signal,600,16,0,56.695
31,3450,1,signal,700,14,0,80.09429
31,3450,1,signal,800,20,0,83.098495
31,3450,1,signal,900,43,0,81.993484
31,3450,1,signal,1000,41,0,81.208046
31,3450,1,signal,1100,39,0,81.52282
31,3450,1,signal,1200,33,0,83.05788
31,3450,1,signal,1300,28,0,80.32036
31,3450,1,signal,1400,29,0,82.81035
31,3450,1,signal,1500,31,0,81.90129
31,3450,1,signal,1600,28,0,78.66107
31,3450,1,signal,1700,32,0,75.99125
31,3450,1,signal,1800,30,0,69.676
31,3450,1,signal,1900,22,0,75.38227
31,3450,2,ramp,0,6,0,51.934998
31,3450,2,ramp,100,9,0,51.915554
31,3450,2,ramp,200,6,0,45.018337
31,3450,2,ramp,300,3,0,46.443333
31,3450,2,ramp,400,1,1,0.0
31,3450,2,signal,300,14,0,39.240715
31,3450,2,signal,400,23,0,40.703915
31,3450,2,signal,500,23,0,40.95348
31,3450,2,signal,600,23,0,41.727825
31,3450,2,signal,700,27,0,42.148518
31,3450,2,signal,800,25,0,41.5144
31,3450,2,signal,900,29,0,46.50069
31,3450,2,signal,1000,31,0,48.353546
31,3450,2,signal,1100,29,0,52.477932
31,3450,2,signal,1200,27,0,59.126297
31,3450,2,signal,1300,30,0,63.019665
31,3450,2,signal,1400,29,0,72.873795
31,3450,2,signal,1500,27,0,64.5663
31,3450,2,signal,1600,31,0,70.771935
31,3450,2,signal,1700,34,0,68.172356
31,3450,2,signal,1800,37,0,68.46487
31,3450,2,signal,1900,31,0,71.1929
31,3450,3,ramp,0,12,0,44.16417
31,3450,3,ramp,100,5,0,41.214
31,3450,3,ramp,200,3,0,42.26
31,3450,3,signal,0,4,0,41.545002
31,3450,3,signal,100,3,0,41.243332
31,3450,3,signal,200,4,0,41.614998
31,3450,3,signal,300,5,0,44.388
31,3450,3,signal,400,8,0,48.325
31,3450,3,signal,500,7,0,47.637142
31,3450,3,signal,600,7,0,63.387142
31,3450,3,signal,700,8,0,67.613754
31,3450,3,signal,800,13,0,67.86
31,3450,3,signal,900,12,0,67.74333
31,3450,3,signal,1000,15,0,75.25733
31,3450,3,signal,1100,23,0,74.33435
31,3450,3,signal,1200,23,0,69.31043
31,3450,3,signal,1300,27,0,71.51037
31,3450,3,signal,1400,22,0,65.43727
31,3450,3,signal,1500,25,0,67.1168
31,3450,3,signal,1600,20,0,69.4895
31,3450,3,signal,1700,27,0,63.893333
31,3450,3,signal,1800,28,0,64.3025
31,3450,3,signal,1900,25,0,68.2212
31,3600,1,ramp,0,15,0,41.428665
31,3600,1,ramp,100,14,0,43.25214
31,3600,1,ramp,200,19,0,44.351578
31,3600,1,ramp,300,35,0,40.213715
31,3600,1,ramp,400,11,0,40.094547
31,3600,1,ramp,500,2,0,41.11
31,3600,1,ramp,600,12,0,41.555832
31,3600,1,ramp,700,6,0,37.666668
31,3600,1,signal,0,1,0,42.31
31,3600,1,signal,100,1,0,43.43
31,3600,1,signal,200,2,0,42.875
31,3600,1,signal,300,2,0,45.91
31,3600,1,signal,400,1,0,40.15
31,3600,1,signal,500,2,0,44.06
31,3600,1,signal,600,14,0,63.790714
31,3600,1,signal,700,11,0,73.200005
31,3600,1,signal,800,24,0,82.725
31,3600,1,signal,900,37,0,79.75108
31,3600,1,signal,1000,35,0,77.25686
31,3600,1,signal,1100,33,0,77.95697
31,3600,1,signal,1200,31,0,80.46323
31,3600,1,signal,1300,27,0,80.69962
31,3600,1,signal,1400,30,0,84.210335
31,3600,1,signal,1500,25,0,83.715996
31,3600,1,signal,1600,24,0,85.52917
31,3600,1,signal,1700,23,0,82.03044
31,3600,1,signal,1800,24,0,86.95291
31,3600,1,signal,1900,23,0,89.089134
31,3600,2,ramp,0,6,0,61.748333
31,3600,2,ramp,100,9,0,63.136665
31,3600,2,ramp,200,8,0,56.197502
31,3600,2,ramp,300,6,0,51.406666
31,3600,2,ramp,600,2,0,65.71
31,3600,2,ramp,700,1,0,41.6
31,3600,2,signal,0,1,0,46.91
31,3600,2,signal,100,1,0,68.29
31,3600,2,signal,200,1,0,65.17
31,3600,2,signal,300,11,0,43.795456
31,3600,2,signal,400,19,0,42.32316
31,3600,2,signal,500,17,0,41.31353
31,3600,2,signal,600,21,0,47.18
31,3600,2,signal,700,22,0,48.330456
31,3600,2,signal,800,20,0,45.235
31,3600,2,signal,900,27,0,52.833706
31,3600,2,signal,1000,26,0,54.730385
31,3600,2,signal,1100,32,0,54.16625
31,3600,2,signal,1200,29,0,56.527588
31,3600,2,signal,1300,31,0,56.77516
31,3600,2,signal,1400,25,0,51.2588
31,3600,2,signal,1500,27,0,55.037037
31,3600,2,signal,1600,29,0,58.158276
31,3600,2,signal,1700,21,0,53.038097
31,3600,2,signal,1800,25,0,51.5536
31,3600,2,signal,1900,15,0,52.864002
31,3600,3,ramp,0,10,0,44.259
31,3600,3,ramp,100,4,0,43.7725
31,3600,3,ramp,200,4,0,50.8125
31,3600,3,ramp,300,2,0,77.619995
31,3600,3,ramp,400,3,0,72.11667
31,3600,3,ramp,500,4,0,77.8675
31,3600,3,ramp,600,2,0,64.315
31,3600,3,signal,0,4,0,34.7475
31,3600,3,signal,100,4,0,35.8075
31,3600,3,signal,200,4,0,33.915
31,3600,3,signal,300,4,0,34.7475
31,3600,3,signal,400,10,0,53.756
31,3600,3,signal,500,12,0,52.750835
31,3600,3,signal,600,16,0,47.76375
31,3600,3,signal,700,22,0,49.792725
31,3600,3,signal,800,20,0,48.497
31,3600,3,signal,900,20,0,53.111
31,3600,3,signal,1000,25,0,52.868397
31,3600,3,signal,1100,24,0,55.702915
31,3600,3,signal,1200,19,0,57.74632
31,3600,3,signal,1300,21,0,55.287144
31,3600,3,signal,1400,22,0,57.46682
31,3600,3,signal,1500,24,0,56.350002
31,3600,3,signal,1600,26,0,54.49077
31,3600,3,signal,1700,27,0,57.901108
31,3600,3,signal,1800,32,0,60.63531
31,3600,3,signal,1900,22,0,58.967728
31,3750,1,ramp,0,1,0,39.11
31,3750,1,ramp,100,3,0,51.006668
31,3750,1,ramp,200,4,0,53.7325
31,3750,1,ramp,300,17,0,43.298237
31,3750,1,ramp,400,2,0,42.685
31,3750,1,ramp,500,2,0,45.28
31,3750,1,ramp,600,14,1,32.81
31,3750,1,ramp,700,7,0,35.262856
31,3750,1,signal,0,4,0,42.4925
31,3750,1,signal,100,5,0,41.226
31,3750,1,signal,200,6,0,41.826664
31,3750,1,signal,300,6,0,36.539997
31,3750,1,signal,400,5,0,43.368
31,3750,1,signal,500,4,0,41.1175
31,3750,1,signal,600,44,1,48.362045
31,3750,1,signal,700,22,0,59.72955
31,3750,1,signal,800,23,0,66.651306
31,3750,1,signal,900,42,0,74.085
31,3750,1,signal,1000,43,0,72.709305
31,3750,1,signal,1100,38,0,70.96316
31,3750,1,signal,1200,42,0,71.941666
31,3750,1,signal,1300,36,0,77.09695
31,3750,1,signal,1400,35,0,80.690285
31,3750,1,signal,1500,31,0,84.18839
31,3750,1,signal,1600,28,0,84.51571
31,3750,1,signal,1700,29,0,85.47414
31,3750,1,signal,1800,29,0,83.70035
31,3750,1,signal,1900,25,0,84.26401
31,3750,2,ramp,0,11,0,50.008183
31,3750,2,ramp,100,10,0,56.890003
31,3750,2,ramp,200,10,0,47.976997
31,3750,2,ramp,300,9,0,45.085556
31,3750,2,ramp,400,7,0,43.96143
31,3750,2,ramp,500,5,0,49.374
31,3750,2,ramp,600,7,0,52.79
31,3750,2,ramp,700,4,1,24.037498
31,3750,2,signal,300,5,0,44.834
31,3750,2,signal,400,12,0,47.178333
31,3750,2,signal,500,13,0,42.246155
31,3750,2,signal,600,24,0,47.689167
31,3750,2,signal,700,17,0,55.49706
31,3750,2,signal,800,20,0,65.395004
31,3750,2,signal,900,24,0,63.939587
31,3750,2,signal,1000,26,0,59.893074
31,3750,2,signal,1100,25,0,56.144398
31,3750,2,signal,1200,33,0,49.74273
31,3750,2,signal,1300,29,0,53.91379
31,3750,2,signal,1400,30,0,60.930668
31,3750,2,signal,1500,25,0,62.1988
31,3750,2,signal,1600,26,0,66.91462
31,3750,2,signal,1700,24,0,55.469166
31,3750,2,signal,1800,25,0,65.2128
31,3750,2,signal,1900,21,0,69.85571
31,3750,3,ramp,0,12,0,47.849167
31,3750,3,ramp,100,7,0,47.274284
31,3750,3,ramp,200,7,0,53.55714
31,3750,3,ramp,300,3,0,66.51667
31,3750,3,ramp,400,5,0,53.73
31,3750,3,ramp,500,5,0,56.612
31,3750,3,signal,500,1,0,97.1
31,3750,3,signal,600,3,0,47.72
31,3750,3,signal,700,19,0,71.7579
31,3750,3,signal,800,18,0,78.815
31,3750,3,signal,900,23,0,75.74174
31,3750,3,signal,1000,25,0,76.0944
31,3750,3,signal,1100,28,0,65.25465
31,3750,3,signal,1200,25,0,55.9832
31,3750,3,signal,1300,26,0,52.73
31,3750,3,signal,1400,21,0,57.37619
31,3750,3,signal,1500,17,0,65.761765
31,3750,3,signal,1600,18,0,57.95389
31,3750,3,signal,1700,23,0,73.06261
31,3750,3,signal,1800,24,0,70.89333
31,3750,3,signal,1900,13,0,69.50692
31,3900,1,ramp,0,12,0,50.09833
31,3900,1,ramp,100,13,0,49.336155
31,3900,1,ramp,200,13,0,45.646927
31,3900,1,ramp,300,34,0,36.887356
31,3900,1,ramp,400,12,0,41.405003
31,3900,1,ramp,500,4,0,39.665
31,3900,1,ramp,600,9,0,43.765553
31,3900,1,ramp,700,5,0,45.952
31,3900,1,signal,0,1,0,67.2
31,3900,1,signal,100,1,0,70.97
31,3900,1,signal,200,1,0,60.25
31,3900,1,signal,300,2,0,35.54
31,3900,1,signal,600,20,0,98.996994
31,3900,1,signal,700,11,1,82.80364
31,3900,1,signal,800,24,0,96.079994
31,3900,1,signal,900,35,0,87.36629
31,3900,1,signal,1000,31,0,83.368385
31,3900,1,signal,1100,34,0,83.731766
31,3900,1,signal,1200,29,0,83.605865
31,3900,1,signal,1300,31,0,74.42968
31,3900,1,signal,1400,38,0,67.77053
31,3900,1,signal,1500,46,0,63.65065
31,3900,1,signal,1600,37,0,62.95946
31,3900,1,signal,1700,42,0,61.176666
31,3900,1,signal,1800,36,0,59.6525
31,3900,1,signal,1900,28,0,61.941784
31,3900,2,ramp,0,4,0,62.7425
31,3900,2,ramp,100,5,0,64.76601
31,3900,2,ramp,200,8,0,52.52
31,3900,2,ramp,300,8,0,52.0625
31,3900,2,ramp,400,4,0,62.037502
31,3900,2,ramp,500,3,0,50.710003
31,3900,2,ramp,600,4,0,57.265
31,3900,2,ramp,700,1,0,18.39
31,3900,2,signal,100,1,0,74.8
31,3900,2,signal,200,1,0,72.36
31,3900,2,signal,300,7,0,50.91857
31,3900,2,signal,400,11,0,52.366367
31,3900,2,signal,500,9,0,42.96111
31,3900,2,signal,600,13,0,46.03846
31,3900,2,signal,700,15,0,54.836666
31,3900,2,signal,800,21,0,59.386665
31,3900,2,signal,900,22,0,65.82591
31,3900,2,signal,1000,26,0,64.283844
31,3900,2,signal,1100,28,0,68.015
31,3900,2,signal,1200,26,0,66.60808
31,3900,2,signal,1300,29,0,62.418278
31,3900,2,signal,1400,37,0,58.340813
31,3900,2,signal,1500,38,0,52.86447
31,3900,2,signal,1600,38,0,51.03132
31,3900,2,signal,1700,39,0,50.470768
31,3900,2,signal,1800,38,0,49.97342
31,3900,2,signal,1900,29,0,55.563446
31,3900,3,ramp,0,8,0,43.9275
31,3900,3,ramp,100,6,0,42.219997
31,3900,3,ramp,200,5,0,43.774
31,3900,3,ramp,300,3,0,43.75333
31,3900,3,ramp,400,5,0,59.052002
31,3900,3,ramp,500,3,0,52.593334
31,3900,3,ramp,600,1,0,94.03
31,3900,3,signal,0,3,0,42.15333
31,3900,3,signal,100,2,0,41.84
31,3900,3,signal,200,1,0,40.49
31,3900,3,signal,300,2,0,43.605
31,3900,3,signal,400,3,0,53.646667
31,3900,3,signal,500,5,0,66.438
31,3900,3,signal,600,6,0,68.765
31,3900,3,signal,700,8,0,72.17
31,3900,3,signal,800,4,0,77.3425
31,3900,3,signal,900,11,0,88.318184
31,3900,3,signal,1000,13,0,82.409996
31,3900,3,signal,1100,14,0,87.51929
31,3900,3,signal,1200,17,0,85.23235
31,3900,3,signal,1300,20,0,81.3845
31,3900,3,signal,1400,25,0,72.4732
31,3900,3,signal,1500,29,0,66.85345
31,3900,3,signal,1600,37,0,68.37919
31,3900,3,signal,1700,37,0,64.052704
31,3900,3,signal,1800,33,0,66.36818
31,3900,3,signal,1900,29,0,72.4169
31,4050,1,ramp,0,6,0,41.89
31,4050,1,ramp,100,13,0,55.733845
31,4050,1,ramp,200,14,0,50.778572
31,4050,1,ramp,300,32,0,41.383125
31,4050,1,ramp,400,5,0,39.914
31,4050,1,ramp,500,3,0,52.42
31,4050,1,ramp,600,13,0,43.796158
31,4050,1,ramp,700,6,0,45.001667
31,4050,1,signal,300,1,0,35.44
31,4050,1,signal,600,14,0,66.10357
31,4050,1,signal,700,7,0,82.92714
31,4050,1,signal,800,17,0,86.50411
31,4050,1,signal,900,31,0,84.53871
31,4050,1,signal,1000,31,0,86.57064
31,4050,1,signal,1100,29,0,85.07724
31,4050,1,signal,1200,30,0,84.975334
31,4050,1,signal,1300,25,0,86.153206
31,4050,1,signal,1400,25,0,85.2628
31,4050,1,signal,1500,23,0,87.87
31,4050,1,signal,1600,28,0,88.63572
31,4050,1,signal,1700,27,0,86.27555
31,4050,1,signal,1800,24,0,91.82
31,4050,1,signal,1900,19,0,86.3021
31,4050,2,ramp,0,4,0,60.254997
31,4050,2,ramp,100,2,0,70.979996
31,4050,2,ramp,200,5,0,63.944
31,4050,2,ramp,300,4,0,59.4675
31,4050,2,ramp,400,6,0,55.27667
31,4050,2,ramp,500,5,0,50.634003
31,4050,2,ramp,600,2,0,66.665
31,4050,2,signal,300,9,0,46.047775
31,4050,2,signal,400,18,0,42.36111
31,4050,2,signal,500,14,0,42.31
31,4050,2,signal,600,16,0,43.7225
31,4050,2,signal,700,24,0,58.05458
31,4050,2,signal,800,15,0,48.318
31,4050,2,signal,900,23,0,62.330433
31,4050,2,signal,1000,17,0,53.334705
31,4050,2,signal,1100,16,0,70.32
31,4050,2,signal,1200,17,0,64.79412
31,4050,2,signal,1300,13,0,62.615383
31,4050,2,signal,1400,16,0,70.3025
31,4050,2,signal,1500,18,0,69.05722
31,4050,2,signal,1600,21,0,68.71667
31,4050,2,signal,1700,21,0,80.059525
31,4050,2,signal,1800,10,0,63.767998
31,4050,2,signal,1900,16,0,80.15
31,4050,3,ramp,0,11,0,43.42
31,4050,3,ramp,100,7,0,42.00143
31,4050,3,ramp,200,4,0,43.260002
31,4050,3,ramp,300,5,0,55.488
31,4050,3,ramp,400,4,0,48.7675
31,4050,3,ramp,500,4,0,64.082504
31,4050,3,signal,400,1,0,77.38
31,4050,3,signal,500,1,0,80.61
31,4050,3,signal,600,3,0,61.179996
31,4050,3,signal,700,1,0,63.08
31,4050,3,signal,800,6,0,88.541664
31,4050,3,signal,900,7,0,96.131424
31,4050,3,signal,1000,7,0,101.76143
31,4050,3,signal,1100,9,0,96.28778
31,4050,3,signal,1200,12,0,100.945
31,4050,3,signal,1300,17,0,83.994705
31,4050,3,signal,1400,19,0,89.37842
31,4050,3,signal,1500,15,0,92.13133
31,4050,3,signal,1600,15,0,87.31133
31,4050,3,signal,1700,12,0,90.00167
31,4050,3,signal,1800,16,0,93.72
31,4050,3,signal,1900,11,0,93.645454
31,4200,1,ramp,0,13,0,35.029232
31,4200,1,ramp,100,11,0,45.96
31,4200,1,ramp,200,17,0,46.56882
31,4200,1,ramp,300,34,0,42.075
31,4200,1,ramp,400,8,0,41.38
31,4200,1,ramp,500,6,0,45.48167
31,4200,1,ramp,600,26,3,32.535385
31,4200,1,ramp,700,38,29,7.27921
31,4200,1,signal,500,1,0,40.33
31,4200,1,signal,600,31,2,45.610325
31,4200,1,signal,700,18,0,53.589443
31,4200,1,signal,800,29,0,80.93552
31,4200,1,signal,900,47,0,80.01852
31,4200,1,signal,1000,46,0,83.64652
31,4200,1,signal,1100,48,0,85.32604
31,4200,1,signal,1200,42,0,85.38571
31,4200,1,signal,1300,41,0,85.42585
31,4200,1,signal,1400,42,0,85.61524
31,4200,1,signal,1500,37,0,85.26297
31,4200,1,signal,1600,35,0,84.184
31,4200,1,signal,1700,37,0,85.83
31,4200,1,signal,1800,40,0,82.957
31,4200,1,signal,1900,31,0,85.17677
31,4200,2,ramp,0,13,0,44.364616
31,4200,2,ramp,100,16,0,42.253124
31,4200,2,ramp,200,10,0,39.314003
31,4200,2,ramp,300,9,0,40.31889
31,4200,2,ramp,400,9,0,41.477776
31,4200,2,ramp,500,7,0,41.707146
31,4200,2,signal,0,1,0,61.26
31,4200,2,signal,100,1,0,68.23
31,4200,2,signal,300,10,0,40.935997
31,4200,2,signal,400,19,0,43.344738
31,4200,2,signal,500,20,0,40.891
31,4200,2,signal,600,29,0,43.36276
31,4200,2,signal,700,34,0,48.531178
31,4200,2,signal,800,27,0,47.296295
31,4200,2,signal,900,36,0,54.550003
31,4200,2,signal,1000,30,0,55.690666
31,4200,2,signal,1100,28,0,49.425
31,4200,2,signal,1200,36,0,51.78472
31,4200,2,signal,1300,36,0,54.168335
31,4200,2,signal,1400,29,0,57.848965
31,4200,2,signal,1500,30,0,55.754665
31,4200,2,signal,1600,32,0,63.099377
31,4200,2,signal,1700,24,0,56.483334
31,4200,2,signal,1800,23,0,60.25391
31,4200,2,signal,1900,19,0,61.92579
31,4200,3,ramp,0,14,0,40.000713
31,4200,3,ramp,100,8,0,40.54375
31,4200,3,ramp,200,9,0,39.63667
31,4200,3,ramp,300,6,0,40.22333
31,4200,3,ramp,400,3,0,37.55
31,4200,3,ramp,500,3,0,50.789997
31,4200,3,signal,0,4,0,50.835
31,4200,3,signal,100,2,0,62.309998
31,4200,3,signal,200,4,0,64.0775
31,4200,3,signal,300,4,0,68.1825
31,4200,3,signal,400,1,0,38.84
31,4200,3,signal,500,5,0,76.064
31,4200,3,signal,600,7,0,59.805714
31,4200,3,signal,700,15,0,74.996
31,4200,3,signal,800,14,0,88.95286
31,4200,3,signal,900,20,0,85.8415
31,4200,3,signal,1000,18,0,90.58833
31,4200,3,signal,1100,18,0,92.49556
31,4200,3,signal,1200,18,0,102.72
31,4200,3,signal,1300,18,0,106.03333
31,4200,3,signal,1400,13,0,105.93153
31,4200,3,signal,1500,19,0,110.10895
31,4200,3,signal,1600,13,0,101.79769
31,4200,3,signal,1700,20,0,107.8735
31,4200,3,signal,1800,14,0,104.66429
31,4200,3,signal,1900,15,0,106.626
31,4350,1,ramp,0,10,0,39.717
31,4350,1,ramp,100,14,0,39.763573
31,4350,1,ramp,200,17,0,45.331177
31,4350,1,ramp,300,44,0,38.769318
31,4350,1,ramp,400,10,0,53.294
31,4350,1,ramp,500,3,0,55.72
31,4350,1,ramp,600,80,75,1.942125
31,4350,1,ramp,700,150,150,0.0
31,4350,1,signal,0,2,0,38.71
31,4350,1,signal,100,3,0,54.36
31,4350,1,signal,200,2,0,36.575
31,4350,1,signal,300,4,0,50.5125
31,4350,1,signal,400,1,0,90.19
31,4350,1,signal,500,1,0,90.05
31,4350,1,signal,600,22,1,39.552273
31,4350,1,signal,700,1,0,57.22
31,4350,1,signal,800,8,0,83.3425
31,4350,1,signal,900,38,0,84.877106
31,4350,1,signal,1000,29,0,85.1069
31,4350,1,signal,1100,23,0,84.85261
31,4350,1,signal,1200,27,0,85.75963
31,4350,1,signal,1300,25,0,85.827995
31,4350,1,signal,1400,30,0,85.05067
31,4350,1,signal,1500,30,0,84.34334
31,4350,1,signal,1600,34,0,85.00677
31,4350,1,signal,1700,39,0,86.46872
31,4350,1,signal,1800,36,0,87.76138
31,4350,1,signal,1900,26,0,86.13808
31,4350,2,ramp,0,4,0,43.0075
31,4350,2,ramp,100,9,0,48.781113
31,4350,2,ramp,200,6,0,42.381668
31,4350,2,signal,0,1,0,70.25
31,4350,2,signal,100,2,0,45.805
31,4350,2,signal,200,2,0,44.425003
31,4350,2,signal,300,8,0,42.1175
31,4350,2,signal,400,13,0,45.44615
31,4350,2,signal,500,13,0,45.734615
31,4350,2,signal,600,31,1,41.97968
31,4350,2,signal,700,30,10,40.597668
31,4350,2,signal,800,12,0,70.918335
31,4350,2,signal,900,11,0,77.45181
31,4350,2,signal,1000,17,0,81.64177
31,4350,2,signal,1100,16,0,78.48375
31,4350,2,signal,1200,19,0,85.9
31,4350,2,signal,1300,20,0,78.498
31,4350,2,signal,1400,19,0,69.88842
31,4350,2,signal,1500,21,0,74.050476
31,4350,2,signal,1600,19,0,62.17474
31,4350,2,signal,1700,25,0,61.5852
31,4350,2,signal,1800,26,0,61.41769
31,4350,2,signal,1900,20,0,63.303
31,4350,3,ramp,0,14,0,48.557858
31,4350,3,ramp,100,12,0,46.7025
31,4350,3,ramp,200,7,0,51.09143
31,4350,3,ramp,300,3,0,56.016666
31,4350,3,ramp,400,1,0,44.6
31,4350,3,signal,0,2,0,62.440002
31,4350,3,signal,100,1,0,106.21
31,4350,3,signal,300,1,0,116.34
31,4350,3,signal,400,2,0,94.485
31,4350,3,signal,500,1,0,82.83
31,4350,3,signal,600,5,0,32.851997
31,4350,3,signal,700,22,0,55.56682
31,4350,3,signal,800,13,0,67.56231
31,4350,3,signal,900,13,0,68.533844
31,4350,3,signal,1000,15,0,86.225334
31,4350,3,signal,1100,16,0,91.39313
31,4350,3,signal,1200,14,0,79.09143
31,4350,3,signal,1300,18,0,87.18889
31,4350,3,signal,1400,19,0,83.9479
31,4350,3,signal,1500,17,0,86.18765
31,4350,3,signal,1600,14,0,88.020004
31,4350,3,signal,1700,14,0,99.060715
31,4350,3,signal,1800,11,0,95.57818
31,4350,3,signal,1900,12,0,113.668335
31,4500,1,ramp,0,17,0,47.494118
31,4500,1,ramp,100,19,0,49.833157
31,4500,1,ramp,200,19,0,45.90684
31,4500,1,ramp,300,46,0,38.376522
31,4500,1,ramp,400,13,0,39.223076
31,4500,1,ramp,500,11,0,40.712727
31,4500,1,ramp,600,296,285,0.9069594
31,4500,1,ramp,700,150,150,0.0
31,4500,1,signal,0,1,0,72.33
31,4500,1,signal,100,1,0,66.8
31,4500,1,signal,200,1,0,49.88
31,4500,1,signal,300,1,0,32.3
31,4500,1,signal,500,1,0,42.64
31,4500,1,signal,600,10,1,30.387
31,4500,1,signal,800,9,0,83.41333
31,4500,1,signal,900,41,0,84.99561
31,4500,1,signal,1000,40,0,84.79425
31,4500,1,signal,1100,42,0,84.72833
31,4500,1,signal,1200,38,0,84.19974
31,4500,1,signal,1300,37,0,85.72919
31,4500,1,signal,1400,35,0,84.608
31,4500,1,signal,1500,40,0,84.67475
31,4500,1,signal,1600,31,0,84.81419
31,4500,1,signal,1700,36,0,85.2825
31,4500,1,signal,1800,32,0,85.59625
31,4500,1,signal,1900,26,0,85.190765
31,4500,2,ramp,0,7,0,47.80714
31,4500,2,ramp,100,4,0,59.2125
31,4500,2,ramp,200,10,0,42.694
31,4500,2,ramp,300,8,0,45.56625
31,4500,2,ramp,400,7,0,32.817142
31,4500,2,ramp,500,5,0,38.506
31,4500,2,signal,300,5,0,40.514
31,4500,2,signal,400,16,0,44.454376
31,4500,2,signal,500,13,0,44.416157
31,4500,2,signal,600,26,1,35.59846
31,4500,2,signal,700,31,15,20.72129
31,4500,2,signal,800,15,0,52.414665
31,4500,2,signal,900,19,0,75.151054
31,4500,2,signal,1000,17,0,66.67412
31,4500,2,signal,1100,18,0,72.032776
31,4500,2,signal,1200,18,0,83.331665
31,4500,2,signal,1300,15,0,79.32
31,4500,2,signal,1400,17,0,91.53529
31,4500,2,signal,1500,15,0,95.09
31,4500,2,signal,1600,11,0,86.832726
31,4500,2,signal,1700,14,0,91.86714
31,4500,2,signal,1800,16,0,85.20187
31,4500,2,signal,1900,14,0,91.94072
31,4500,3,ramp,0,10,0,37.407997
31,4500,3,ramp,100,8,0,42.785
31,4500,3,ramp,200,5,0,58.012
31,4500,3,ramp,300,2,0,33.715
31,4500,3,ramp,400,2,0,32.945
31,4500,3,ramp,500,2,0,37.455
31,4500,3,signal,400,1,0,76.2
31,4500,3,signal,500,1,0,71.52
31,4500,3,signal,600,9,0,52.30778
31,4500,3,signal,700,23,0,56.69
31,4500,3,signal,800,17,0,64.35529
31,4500,3,signal,900,12,0,65.81834
31,4500,3,signal,1000,13,0,66.4
31,4500,3,signal,1100,12,0,68.495
31,4500,3,signal,1200,12,0,68.925835
31,4500,3,signal,1300,12,0,61.181667
31,4500,3,signal,1400,11,0,65.08454
31,4500,3,signal,1500,8,0,64.5925
31,4500,3,signal,1600,13,0,67.08
31,4500,3,signal,1700,16,0,65.12187
31,4500,3,signal,1800,13,0,68.7823
31,4500,3,signal,1900,10,0,68.89101
31,4650,1,ramp,0,7,0,43.352856
31,4650,1,ramp,100,6,0,41.085003
31,4650,1,ramp,200,7,0,41.42143
31,4650,1,ramp,300,21,1,38.46619
31,4650,1,ramp,400,2,0,41.59
31,4650,1,ramp,500,16,13,4.525
31,4650,1,ramp,600,442,442,0.0
31,4650,1,ramp,700,150,150,0.0
31,4650,1,signal,0,5,0,42.670002
31,4650,1,signal,100,5,0,40.103996
31,4650,1,signal,200,5,0,38.691998
31,4650,1,signal,300,6,0,33.178333
31,4650,1,signal,400,7,0,47.234287
31,4650,1,signal,500,36,25,9.613889
31,4650,1,signal,800,10,0,84.254
31,4650,1,signal,900,32,0,85.01125
31,4650,1,signal,1000,27,0,85.40926
31,4650,1,signal,1100,23,0,85.78783
31,4650,1,signal,1200,29,0,84.34621
31,4650,1,signal,1300,26,0,84.02846
31,4650,1,signal,1400,29,0,84.01966
31,4650,1,signal,1500,29,0,84.59276
31,4650,1,signal,1600,29,0,83.02448
31,4650,1,signal,1700,30,0,82.31333
31,4650,1,signal,1800,27,0,82.691475
31,4650,1,signal,1900,26,0,82.25385
31,4650,2,ramp,0,6,0,47.605
31,4650,2,ramp,100,4,0,49.954998
31,4650,2,ramp,200,3,0,55.873333
31,4650,2,ramp,300,5,0,37.792
31,4650,2,ramp,400,3,1,29.436666
31,4650,2,ramp,500,1,0,44.91
31,4650,2,signal,0,3,0,53.686665
31,4650,2,signal,100,4,0,59.3575
31,4650,2,signal,200,4,0,59.697502
31,4650,2,signal,300,11,0,51.044544
31,4650,2,signal,400,13,0,45.82385
31,4650,2,signal,500,16,0,54.331875
31,4650,2,signal,600,21,0,40.639046
31,4650,2,signal,700,31,21,15.600645
31,4650,2,signal,800,6,0,70.621666
31,4650,2,signal,900,9,0,90.80222
31,4650,2,signal,1000,10,0,81.327
31,4650,2,signal,1100,8,0,85.57875
31,4650,2,signal,1200,14,0,76.83714
31,4650,2,signal,1300,13,0,71.426155
31,4650,2,signal,1400,14,0,60.06786
31,4650,2,signal,1500,18,0,61.593887
31,4650,2,signal,1600,16,0,59.011875
31,4650,2,signal,1700,21,0,61.126667
31,4650,2,signal,1800,19,0,68.81947
31,4650,2,signal,1900,14,0,70.90071
31,4650,3,ramp,0,3,0,41.233334
31,4650,3,ramp,100,4,0,49.5225
31,4650,3,ramp,200,3,0,60.28
31,4650,3,signal,0,11,0,45.481815
31,4650,3,signal,100,9,0,47.758892
31,4650,3,signal,200,8,0,48.16875
31,4650,3,signal,300,12,0,49.05917
31,4650,3,signal,400,14,0,43.409283
31,4650,3,signal,500,13,0,43.253845
31,4650,3,signal,600,16,0,44.185
31,4650,3,signal,700,18,0,40.592777
31,4650,3,signal,800,21,0,44.19857
31,4650,3,signal,900,19,0,45.683685
31,4650,3,signal,1000,14,0,42.400715
31,4650,3,signal,1100,16,0,49.74125
31,4650,3,signal,1200,8,0,43.888752
31,4650,3,signal,1300,8,0,64.511246
31,4650,3,signal,1400,7,0,71.29
31,4650,3,signal,1500,6,0,76.08666
31,4650,3,signal,1600,8,0,89.40125
31,4650,3,signal,1700,10,0,80.992
31,4650,3,signal,1800,9,0,61.857773
31,4650,3,signal,1900,8,0,73.7
31,4800,1,ramp,0,2,0,40.945
31,4800,1,ramp,100,2,0,41.65
31,4800,1,ramp,200,4,0,47.69
31,4800,1,ramp,300,13,0,40.079227
31,4800,1,ramp,400,4,0,38.1225
31,4800,1,ramp,500,17,16,0.6770588
31,4800,1,ramp,600,367,328,1.3123434
31,4800,1,ramp,700,129,115,1.5265117
31,4800,1,signal,0,4,0,42.455
31,4800,1,signal,100,4,0,40.6425
31,4800,1,signal,200,6,0,40.135
31,4800,1,signal,300,6,0,41.105
31,4800,1,signal,400,3,0,42.82667
31,4800,1,signal,500,77,71,1.6333767
31,4800,1,signal,600,39,29,2.8153846
31,4800,1,signal,800,5,0,82.594
31,4800,1,signal,900,35,0,82.38029
31,4800,1,signal,1000,32,0,82.659065
31,4800,1,signal,1100,34,0,83.49353
31,4800,1,signal,1200,30,0,83.265335
31,4800,1,signal,1300,31,0,83.05775
31,4800,1,signal,1400,28,0,83.27357
31,4800,1,signal,1500,29,0,83.64517
31,4800,1,signal,1600,33,0,83.97727
31,4800,1,signal,1700,31,0,85.68194
31,4800,1,signal,1800,32,0,83.08063
31,4800,1,signal,1900,27,0,86.118515
31,4800,2,ramp,0,1,0,58.42
31,4800,2,ramp,100,4,0,76.39
31,4800,2,ramp,200,2,0,91.715
31,4800,2,ramp,300,1,0,76.46
31,4800,2,ramp,400,1,0,74.58
31,4800,2,ramp,500,1,0,76.6
31,4800,2,ramp,600,3,0,49.603333
31,4800,2,ramp,700,21,18,2.6066668
31,4800,2,signal,0,2,0,43.25
31,4800,2,signal,100,5,0,42.816
31,4800,2,signal,200,2,0,41.335
31,4800,2,signal,300,8,0,40.79875
31,4800,2,signal,400,10,0,49.782
31,4800,2,signal,500,7,0,41.575714
31,4800,2,signal,600,17,0,32.512356
31,4800,2,signal,700,28,26,1.5357143
31,4800,2,signal,800,2,0,87.04
31,4800,2,signal,900,9,0,87.86
31,4800,2,signal,1000,7,0,91.43
31,4800,2,signal,1100,6,0,99.52
31,4800,2,signal,1200,5,0,103.51799
31,4800,2,signal,1300,3,0,94.56
31,4800,2,signal,1400,9,0,97.994446
31,4800,2,signal,1500,7,0,95.44857
31,4800,2,signal,1600,9,0,100.842224
31,4800,2,signal,1700,6,0,89.17667
31,4800,2,signal,1800,10,0,84.245
31,4800,2,signal,1900,9,0,90.05556
31,4800,3,ramp,0,4,0,59.9425
31,4800,3,ramp,100,4,0,70.0575
31,4800,3,ramp,200,2,0,76.83
31,4800,3,ramp,300,1,0,118.35
31,4800,3,ramp,400,1,0,118.87
31,4800,3,ramp,500,1,0,120.97
31,4800,3,ramp,600,1,0,97.26
31,4800,3,signal,0,10,0,39.48
31,4800,3,signal,100,9,0,40.148888
31,4800,3,signal,200,8,0,41.35125
31,4800,3,signal,300,10,0,41.269
31,4800,3,signal,400,9,0,41.037777
31,4800,3,signal,500,5,0,40.252
31,4800,3,signal,600,7,0,46.904285
31,4800,3,signal,700,16,0,57.60875
31,4800,3,signal,800,9,0,56.106667
31,4800,3,signal,900,10,0,62.771004
31,4800,3,signal,1000,12,0,48.41917
31,4800,3,signal,1100,12,0,53.414997
31,4800,3,signal,1200,16,0,46.949375
31,4800,3,signal,1300,21,0,48.538094
31,4800,3,signal,1400,19,0,45.314735
31,4800,3,signal,1500,22,0,40.682728
31,4800,3,signal,1600,19,0,41.217896
31,4800,3,signal,1700,24,0,43.427082
31,4800,3,signal,1800,22,0,40.703182
31,4800,3,signal,1900,15,0,44.264
31,4950,1,ramp,0,7,0,41.528572
31,4950,1,ramp,100,6,0,42.303333
31,4950,1,ramp,200,15,0,41.511333
31,4950,1,ramp,300,28,0,34.33857
31,4950,1,ramp,400,8,0,39.11
31,4950,1,ramp,600,169,158,0.71106505
31,4950,1,ramp,700,168,162,0.5129167
31,4950,1,signal,0,7,0,45.744286
31,4950,1,signal,100,6,0,42.99167
31,4950,1,signal,200,7,0,50.702858
31,4950,1,signal,300,9,0,36.407776
31,4950,1,signal,400,10,0,44.129997
31,4950,1,signal,500,69,53,8.186088
31,4950,1,signal,600,286,272,0.5701749
31,4950,1,signal,800,11,0,84.780914
31,4950,1,signal,900,36,0,84.53889
31,4950,1,signal,1000,36,0,84.10611
31,4950,1,signal,1100,38,0,83.62
31,4950,1,signal,1200,32,0,84.08594
31,4950,1,signal,1300,33,0,84.80394
31,4950,1,signal,1400,32,0,83.17875
31,4950,1,signal,1500,35,0,83.51257
31,4950,1,signal,1600,31,0,83.66355
31,4950,1,signal,1700,32,0,83.450935
31,4950,1,signal,1800,29,0,83.68207
31,4950,1,signal,1900,25,0,82.81361
31,4950,2,ramp,0,6,0,45.38
31,4950,2,ramp,100,7,0,52.795715
31,4950,2,ramp,200,5,0,39.912
31,4950,2,ramp,300,4,0,45.697502
31,4950,2,ramp,700,4,4,0.0
31,4950,2,signal,0,1,0,70.41
31,4950,2,signal,100,1,0,78.13
31,4950,2,signal,200,1,0,71.02
31,4950,2,signal,300,8,0,50.335
31,4950,2,signal,400,13,0,42.10923
31,4950,2,signal,500,16,0,37.59625
31,4950,2,signal,600,20,0,35.028
31,4950,2,signal,700,27,11,21.58889
31,4950,2,signal,800,15,0,45.19533
31,4950,2,signal,900,15,0,54.786667
31,4950,2,signal,1000,16,0,47.609375
31,4950,2,signal,1100,17,0,60.67706
31,4950,2,signal,1200,16,0,61.870625
31,4950,2,signal,1300,14,0,59.602856
31,4950,2,signal,1400,17,0,63.05353
31,4950,2,signal,1500,19,0,63.930004
31,4950,2,signal,1600,15,0,60.564663
31,4950,2,signal,1700,12,0,70.41167
31,4950,2,signal,1800,16,0,74.79437
31,4950,2,signal,1900,10,0,75.905
31,4950,3,ramp,0,9,0,43.904446
31,4950,3,ramp,100,6,0,42.713333
31,4950,3,ramp,200,2,0,57.29
31,4950,3,signal,0,5,0,38.434
31,4950,3,signal,100,1,0,41.66
31,4950,3,signal,200,2,0,44.77
31,4950,3,signal,300,3,0,53.793335
31,4950,3,signal,400,5,0,49.688
31,4950,3,signal,500,5,0,42.438
31,4950,3,signal,600,10,0,47.584
31,4950,3,signal,700,9,0,53.406666
31,4950,3,signal,800,9,0,59.543335
31,4950,3,signal,900,8,0,57.785
31,4950,3,signal,1000,10,0,52.281
31,4950,3,signal,1100,16,0,56.16125
31,4950,3,signal,1200,13,0,59.764614
31,4950,3,signal,1300,11,0,48.08
31,4950,3,signal,1400,14,0,58.25143
31,4950,3,signal,1500,13,0,58.266922
31,4950,3,signal,1600,11,0,51.596363
31,4950,3,signal,1700,14,0,55.77429
31,4950,3,signal,1800,10,0,44.207
31,4950,3,signal,1900,9,0,58.07
31,5100,1,ramp,0,11,0,40.267273
31,5100,1,ramp,100,11,0,40.306362
31,5100,1,ramp,200,13,0,44.11308
31,5100,1,ramp,300,32,0,40.990623
31,5100,1,ramp,400,7,0,35.642857
31,5100,1,ramp,600,150,150,0.0
31,5100,1,ramp,700,180,180,0.0
31,5100,1,signal,0,6,0,46.559998
31,5100,1,signal,100,6,0,43.856663
31,5100,1,signal,200,7,0,42.922855
31,5100,1,signal,300,5,0,40.148
31,5100,1,signal,400,1,0,40.12
31,5100,1,signal,500,106,103,0.7515095
31,5100,1,signal,600,330,330,0.0
31,5100,1,signal,800,10,0,89.65
31,5100,1,signal,900,39,0,97.02205
31,5100,1,signal,1000,31,0,91.27903
31,5100,1,signal,1100,38,0,92.338684
31,5100,1,signal,1200,36,0,90.19944
31,5100,1,signal,1300,30,0,88.54666
31,5100,1,signal,1400,29,0,88.84448
31,5100,1,signal,1500,31,0,85.60677
31,5100,1,signal,1600,27,0,84.53407
31,5100,1,signal,1700,32,0,84.52062
31,5100,1,signal,1800,32,0,85.394684
31,5100,1,signal,1900,26,0,83.24654
31,5100,2,ramp,0,5,0,65.356
31,5100,2,ramp,100,6,0,66.235
31,5100,2,ramp,200,6,0,59.061665
31,5100,2,ramp,300,2,0,66.765
31,5100,2,signal,0,1,0,84.37
31,5100,2,signal,100,1,0,80.3
31,5100,2,signal,200,2,0,73.005
31,5100,2,signal,300,11,0,43.584545
31,5100,2,signal,400,20,0,42.973
31,5100,2,signal,500,22,0,40.072727
31,5100,2,signal,600,17,0,34.053528
31,5100,2,signal,700,35,18,17.89257
31,5100,2,signal,800,12,0,41.819168
31,5100,2,signal,900,13,0,48.42077
31,5100,2,signal,1000,15,0,51.788002
31,5100,2,signal,1100,12,0,47.058334
31,5100,2,signal,1200,16,0,58.351875
31,5100,2,signal,1300,13,0,54.590767
31,5100,2,signal,1400,14,0,60.237858
31,5100,2,signal,1500,14,0,62.55714
31,5100,2,signal,1600,12,0,63.468334
31,5100,2,signal,1700,19,0,67.23158
31,5100,2,signal,1800,14,0,60.900715
31,5100,2,signal,1900,11,0,75.06182
31,5100,3,ramp,0,8,0,46.9175
31,5100,3,ramp,100,7,0,48.59143
31,5100,3,ramp,200,3,0,53.89
31,5100,3,signal,0,4,0,36.11
31,5100,3,signal,100,4,0,32.95
31,5100,3,signal,200,4,0,36.495
31,5100,3,signal,300,5,0,33.816
31,5100,3,signal,400,7,0,41.567142
31,5100,3,signal,500,6,0,44.798336
31,5100,3,signal,600,11,0,43.33
31,5100,3,signal,700,8,0,49.28375
31,5100,3,signal,800,7,0,53.05857
31,5100,3,signal,900,10,0,49.194
31,5100,3,signal,1000,7,0,54.471428
31,5100,3,signal,1100,6,0,64.28167
31,5100,3,signal,1200,6,0,91.135
31,5100,3,signal,1300,8,0,67.62375
31,5100,3,signal,1400,9,0,83.72889
31,5100,3,signal,1500,11,0,78.54
31,5100,3,signal,1600,8,0,79.17875
31,5100,3,signal,1700,8,0,88.515
31,5100,3,signal,1800,8,0,83.1775
31,5100,3,signal,1900,4,0,85.645004
31,5250,1,ramp,0,5,0,42.532
31,5250,1,ramp,100,7,0,40.954285
31,5250,1,ramp,200,10,0,42.331
31,5250,1,ramp,300,22,0,38.846817
31,5250,1,ramp,400,4,0,40.8125
31,5250,1,ramp,600,74,68,0.9524324
31,5250,1,ramp,700,123,105,1.804065
31,5250,1,signal,0,5,0,41.22
31,5250,1,signal,100,5,0,42.573997
31,5250,1,signal,200,6,0,41.725002
31,5250,1,signal,300,4,0,41.4175
31,5250,1,signal,400,3,0,44.100002
31,5250,1,signal,500,116,106,1.6071551
31,5250,1,signal,600,369,314,1.7444173
31,5250,1,signal,700,22,18,2.2563636
31,5250,1,signal,800,10,0,105.548996
31,5250,1,signal,900,26,0,108.725006
31,5250,1,signal,1000,25,0,113.56
31,5250,1,signal,1100,20,0,116.098495
31,5250,1,signal,1200,26,0,112.47462
31,5250,1,signal,1300,27,0,112.5163
31,5250,1,signal,1400,24,0,115.00791
31,5250,1,signal,1500,29,0,112.46655
31,5250,1,signal,1600,20,0,112.401505
31,5250,1,signal,1700,22,0,114.27546
31,5250,1,signal,1800,23,0,111.632614
31,5250,1,signal,1900,20,0,111.6545
31,5250,2,ramp,100,1,0,52.15
31,5250,2,ramp,200,1,0,49.52
31,5250,2,ramp,300,2,0,38.629997
31,5250,2,signal,0,4,0,51.575
31,5250,2,signal,100,5,0,55.120003
31,5250,2,signal,200,4,0,61.1325
31,5250,2,signal,300,8,0,49.98625
31,5250,2,signal,400,13,0,47.013847
31,5250,2,signal,500,18,0,46.559444
31,5250,2,signal,600,26,0,31.804615
31,5250,2,signal,700,59,52,3.440339
31,5250,2,signal,800,5,0,49.997997
31,5250,2,signal,900,9,0,85.952225
31,5250,2,signal,1000,17,0,95.01353
31,5250,2,signal,1100,17,0,92.178825
31,5250,2,signal,1200,17,0,81.693535
31,5250,2,signal,1300,16,0,80.59812
31,5250,2,signal,1400,18,0,78.702225
31,5250,2,signal,1500,19,0,82.35684
31,5250,2,signal,1600,21,0,85.69762
31,5250,2,signal,1700,20,0,85.625
31,5250,2,signal,1800,26,0,83.50807
31,5250,2,signal,1900,16,0,84.8275
31,5250,3,ramp,0,6,0,43.7
31,5250,3,ramp,100,3,0,42.19
31,5250,3,ramp,200,2,0,40.375
31,5250,3,signal,0,9,0,45.52556
31,5250,3,signal,100,5,0,53.258003
31,5250,3,signal,200,8,0,49.9675
31,5250,3,signal,300,9,0,48.84222
31,5250,3,signal,400,7,0,48.004284
31,5250,3,signal,500,5,0,63.586
31,5250,3,signal,600,7,0,58.022858
31,5250,3,signal,700,21,4,46.091904
31,5250,3,signal,800,15,0,56.472664
31,5250,3,signal,900,12,0,58.7075
31,5250,3,signal,1000,15,0,58.881332
31,5250,3,signal,1100,16,0,49.795624
31,5250,3,signal,1200,17,0,48.731766
31,5250,3,signal,1300,20,0,62.027504
31,5250,3,signal,1400,12,0,51.786667
31,5250,3,signal,1500,18,0,59.638332
31,5250,3,signal,1600,19,0,53.734737
31,5250,3,signal,1700,10,0,51.154
31,5250,3,signal,1800,15,0,68.903336
31,5250,3,signal,1900,11,0,71.53364
32,0,1,ramp,0,28,0,37.204285
32,0,1,ramp,100,23,0,37.13348
32,0,1,ramp,200,25,0,36.94
32,0,1,ramp,300,25,0,36.104
32,0,1,ramp,400,18,0,37.135555
32,0,1,ramp,500,14,0,35.805
32,0,1,ramp,600,15,0,36.761333
32,0,1,ramp,700,11,0,37.40182
32,0,1,ramp,800,8,0,35.44
32,0,1,ramp,900,7,0,33.452858
32,0,1,ramp,1000,4,0,33.510002
32,0,1,ramp,1100,4,0,38.84
32,0,1,ramp,1200,9,0,35.903336
32,0,1,signal,0,1,0,44.73
32,0,1,signal,100,2,0,42.36
32,0,1,signal,200,2,0,42.364998
32,0,1,signal,300,2,0,40.105
32,0,1,signal,400,1,0,38.34
32,0,1,signal,500,2,0,39.63
32,0,1,signal,600,1,0,37.55
32,0,1,signal,1100,1,0,40.96
32,0,1,signal,1200,4,0,36.565
32,0,1,signal,1300,6,0,81.905
32,0,1,signal,1400,3,0,72.11667
32,0,1,signal,1500,1,0,134.74
32,0,1,signal,1600,1,0,133.05
32,0,1,signal,1700,1,0,126.19
32,0,1,signal,1800,2,0,79.065
32,0,1,signal,1900,5,3,11.3880005
32,0,2,ramp,0,24,0,40.45
32,0,2,ramp,100,26,0,40.290768
32,0,2,ramp,200,23,0,40.416954
32,0,2,ramp,300,21,0,39.995712
32,0,2,ramp,400,23,0,40.54348
32,0,2,ramp,500,20,0,40.3745
32,0,2,ramp,600,17,0,39.868824
32,0,2,ramp,700,16,0,40.72375
32,0,2,ramp,800,16,0,41.155
32,0,2,ramp,900,17,0,40.777645
32,0,2,ramp,1000,5,0,43.902
32,0,2,ramp,1100,3,0,41.983334
32,0,2,signal,0,2,0,41.39
32,0,2,signal,100,2,0,41.39
32,0,2,signal,200,1,0,39.25
32,0,2,signal,300,2,0,41.39
32,0,2,signal,400,2,0,41.39
32,0,2,signal,500,2,0,41.39
32,0,2,signal,600,2,0,40.47
32,0,2,signal,700,4,0,41.725
32,0,2,signal,800,3,0,42.72
32,0,2,signal,900,4,0,41.725
32,0,2,signal,1000,2,0,40.895
32,0,2,signal,1100,1,0,41.82
32,0,2,signal,1300,2,0,68.130005
32,0,2,signal,1400,2,0,90.975006
32,0,2,signal,1600,1,0,112.76
32,0,2,signal,1700,1,0,113.59
32,0,3,ramp,0,21,0,41.93
32,0,3,ramp,100,21,0,40.859047
32,0,3,ramp,200,22,0,40.70409
32,0,3,ramp,300,20,0,40.203
32,0,3,ramp,400,16,0,40.35
32,0,3,ramp,500,13,0,40.220768
32,0,3,ramp,600,8,0,39.7775
32,0,3,ramp,700,11,0,40.51273
32,0,3,ramp,800,6,0,40.716667
32,0,3,ramp,900,4,0,43.0475
32,0,3,ramp,1000,2,0,42.03
32,0,3,ramp,1100,2,0,44.074997
32,0,3,signal,0,3,0,43.440002
32,0,3,signal,100,4,0,42.945
32,0,3,signal,200,3,0,40.783333
32,0,3,signal,300,3,0,43.073334
32,0,3,signal,400,3,0,42.47333
32,0,3,signal,500,4,0,41.9175
32,0,3,signal,600,4,0,43.1575
32,0,3,signal,700,2,0,42.725
32,0,3,signal,800,4,0,42.504997
32,0,3,signal,900,4,0,41.955
32,0,3,signal,1000,2,0,43.425
32,0,3,signal,1100,2,0,42.995
32,0,3,signal,1300,2,0,70.915
32,0,3,signal,1400,1,0,88.08
32,0,3,signal,1500,1,0,109.58
32,150,1,ramp,0,16,0,41.894375
32,150,1,ramp,100,19,0,40.116318
32,150,1,ramp,200,19,0,40.708946
32,150,1,ramp,300,20,0,40.0695
32,150,1,ramp,400,23,0,38.525654
32,150,1,ramp,500,22,0,37.149544
32,150,1,ramp,600,19,0,36.10737
32,150,1,ramp,700,21,0,36.531902
32,150,1,ramp,800,23,0,36.557392
32,150,1,ramp,900,30,0,37.085003
32,150,1,ramp,1000,16,0,36.259377
32,150,1,ramp,1100,12,0,33.2625
32,150,1,ramp,1200,23,0,35.57348
32,150,1,ramp,1300,11,0,35.627274
32,150,1,signal,0,6,0,39.063335
32,150,1,signal,100,7,0,38.072857
32,150,1,signal,200,6,0,36.850002
32,150,1,signal,300,4,0,36.4575
32,150,1,signal,400,3,0,36.076664
32,150,1,signal,500,2,0,33.22
32,150,1,signal,600,2,0,32.275
32,150,1,signal,700,3,0,33.063335
32,150,1,signal,800,2,0,32.275
32,150,1,signal,900,2,0,32.275
32,150,1,signal,1000,2,0,32.275
32,150,1,signal,1100,2,0,33.22
32,150,1,signal,1200,15,0,58.054
32,150,1,signal,1300,19,0,95.15263
32,150,1,signal,1400,13,0,105.22154
32,150,1,signal,1500,20,0,104.585495
32,150,1,signal,1600,16,0,111.22875
32,150,1,signal,1700,18,0,100.49333
32,150,1,signal,1800,25,2,56.611603
32,150,1,signal,1900,98,71,7.630612
32,150,2,ramp,0,24,0,42.864582
32,150,2,ramp,100,26,0,41.824226
32,150,2,ramp,200,27,0,42.69963
32,150,2,ramp,300,23,0,42.028694
32,150,2,ramp,400,22,0,41.315
32,150,2,ramp,500,26,0,41.91346
32,150,2,ramp,600,26,0,40.825768
32,150,2,ramp,700,27,0,40.820744
32,150,2,ramp,800,33,0,40.182426
32,150,2,ramp,900,45,0,38.971333
32,150,2,ramp,1000,18,0,38.710003
32,150,2,ramp,1100,6,0,40.956665
32,150,2,ramp,1200,1,0,41.18
32,150,2,signal,0,3,0,43.36
32,150,2,signal,100,4,0,41.6275
32,150,2,signal,200,3,0,41.31
32,150,2,signal,300,4,0,42.3825
32,150,2,signal,400,3,0,41.05
32,150,2,signal,500,4,0,41.9725
32,150,2,signal,600,2,0,43.1
32,150,2,signal,700,2,0,39.57
32,150,2,signal,800,1,0,42.34
32,150,2,signal,900,1,0,43.86
32,150,2,signal,1000,1,0,41.59
32,150,2,signal,1100,2,0,42.059998
32,150,2,signal,1200,4,0,33.5
32,150,2,signal,1300,16,0,62.9125
32,150,2,signal,1400,14,0,76.40357
32,150,2,signal,1500,12,0,91.84417
32,150,2,signal,1600,12,0,86.70251
32,150,2,signal,1700,15,0,91.465996
32,150,2,signal,1800,16,0,61.133125
32,150,2,signal,1900,92,67,7.8559785
32,150,3,ramp,0,23,0,42.610435
32,150,3,ramp,100,26,0,41.715767
32,150,3,ramp,200,24,0,42.064583
32,150,3,ramp,300,21,0,42.244762
32,150,3,ramp,400,22,0,41.813183
32,150,3,ramp,500,25,0,42.0968
32,150,3,ramp,600,25,0,41.5536
32,150,3,ramp,700,27,0,41.86185
32,150,3,ramp,800,16,0,42.775
32,150,3,ramp,900,9,0,42.13889
32,150,3,ramp,1000,9,0,42.18889
32,150,3,ramp,1100,5,0,41.516
32,150,3,signal,0,3,0,42.5
32,150,3,signal,100,3,0,42.896667
32,150,3,signal,200,4,0,41.9725
32,150,3,signal,300,3,0,42.213333
32,150,3,signal,400,3,0,43.766666
32,150,3,signal,500,4,0,41.97
32,150,3,signal,600,3,0,41.93
32,150,3,signal,700,4,0,42.399998
32,150,3,signal,800,3,0,42.896667
32,150,3,signal,900,3,0,41.643333
32,150,3,signal,1000,5,0,41.992
32,150,3,signal,1100,3,0,43.476665
32,150,3,signal,1200,5,0,41.812
32,150,3,signal,1300,7,0,54.127144
32,150,3,signal,1400,11,0,72.126366
32,150,3,signal,1500,9,0,76.14667
32,150,3,signal,1600,9,0,81.39778
32,150,3,signal,1700,12,0,86.21833
32,150,3,signal,1800,15,0,68.110664
32,150,3,signal,1900,89,77,4.5661798
32,300,1,ramp,0,22,0,41.859547
32,300,1,ramp,100,21,0,40.313812
32,300,1,ramp,200,20,0,40.6445
32,300,1,ramp,300,23,0,39.851307
32,300,1,ramp,400,23,0,40.316525
32,300,1,ramp,500,25,0,40.1108
32,300,1,ramp,600,24,0,39.556248
32,300,1,ramp,700,25,0,39.5144
32,300,1,ramp,800,27,0,39.524815
32,300,1,ramp,900,28,0,39.411785
32,300,1,ramp,1000,10,0,37.609
32,300,1,ramp,1100,8,0,38.3475
32,300,1,ramp,1200,19,0,37.94105
32,300,1,ramp,1300,7,0,39.874287
32,300,1,signal,0,1,0,45.54
32,300,1,signal,100,3,0,41.293335
32,300,1,signal,200,4,0,42.8025
32,300,1,signal,300,5,0,41.706
32,300,1,signal,400,5,0,40.674
32,300,1,signal,500,7,0,41.05
32,300,1,signal,600,6,0,39.981667
32,300,1,signal,700,4,0,41.475
32,300,1,signal,800,6,0,39.983334
32,300,1,signal,900,5,0,41.857998
32,300,1,signal,1000,6,0,39.70667
32,300,1,signal,1100,5,0,40.812
32,300,1,signal,1200,23,1,44.412174
32,300,1,signal,1300,27,0,56.77037
32,300,1,signal,1400,17,0,61.789997
32,300,1,signal,1500,17,0,67.784706
32,300,1,signal,1600,23,0,78.01305
32,300,1,signal,1700,28,0,60.456787
32,300,1,signal,1800,134,70,15.565822
32,300,1,signal,1900,188,148,5.8371277
32,300,2,ramp,0,25,0,40.8676
32,300,2,ramp,100,22,0,39.264545
32,300,2,ramp,200,23,0,38.856956
32,300,2,ramp,300,24,0,39.134583
32,300,2,ramp,400,23,0,39.38696
32,300,2,ramp,500,23,0,39.890003
32,300,2,ramp,600,26,0,39.51423
32,300,2,ramp,700,20,0,39.010002
32,300,2,ramp,800,33,0,38.85697
32,300,2,ramp,900,37,0,39.621082
32,300,2,ramp,1000,20,0,39.760002
32,300,2,ramp,1100,5,0,42.82
32,300,2,ramp,1300,1,0,22.32
32,300,2,signal,0,2,0,40.97
32,300,2,signal,100,2,0,40.97
32,300,2,signal,200,4,0,40.6375
32,300,2,signal,300,3,0,38.646667
32,300,2,signal,400,3,0,40.52
32,300,2,signal,500,3,0,39.593334
32,300,2,signal,600,3,0,40.36667
32,300,2,signal,700,4,0,41.6475
32,300,2,signal,800,3,0,43.086666
32,300,2,signal,900,2,0,42.035004
32,300,2,signal,1000,4,0,40.9425
32,300,2,signal,1100,4,0,42.2825
32,300,2,signal,1200,3,0,41.633335
32,300,2,signal,1300,27,0,57.167408
32,300,2,signal,1400,19,0,67.39895
32,300,2,signal,1500,21,0,78.17762
32,300,2,signal,1600,29,0,87.88069
32,300,2,signal,1700,35,0,57.699142
32,300,2,signal,1800,148,75,13.117094
32,300,2,signal,1900,177,138,5.684915
32,300,3,ramp,0,22,0,41.672276
32,300,3,ramp,100,22,0,40.212273
32,300,3,ramp,200,23,0,41.023914
32,300,3,ramp,300,26,0,40.38154
32,300,3,ramp,400,27,0,40.493332
32,300,3,ramp,500,29,0,42.06793
32,300,3,ramp,600,32,0,41.299686
32,300,3,ramp,700,33,0,42.101818
32,300,3,ramp,800,22,0,42.350456
32,300,3,ramp,900,11,0,42.024544
32,300,3,ramp,1000,7,0,42.96143
32,300,3,ramp,1100,6,0,43.05
32,300,3,ramp,1200,1,0,46.17
32,300,3,ramp,1300,1,0,28.48
32,300,3,signal,0,5,0,39.3
32,300,3,signal,100,4,0,37.4775
32,300,3,signal,200,2,0,43.28
32,300,3,signal,300,1,0,44.44
32,300,3,signal,400,2,0,44.055
32,300,3,signal,500,1,0,42.11
32,300,3,signal,600,2,0,44.055
32,300,3,signal,700,2,0,44.055
32,300,3,signal,800,1,0,41.34
32,300,3,signal,900,2,0,44.055
32,300,3,signal,1000,2,0,44.055
32,300,3,signal,1100,2,0,43.32
32,300,3,signal,1200,4,0,42.735
32,300,3,signal,1300,10,0,56.956
32,300,3,signal,1400,18,0,68.03889
32,300,3,signal,1500,14,0,77.840004
32,300,3,signal,1600,26,0,84.82154
32,300,3,signal,1700,37,0,64.87351
32,300,3,signal,1800,211,156,6.2709007
32,300,3,signal,1900,200,179,2.31
32,450,1,ramp,0,17,0,42.82941
32,450,1,ramp,100,20,0,41.4355
32,450,1,ramp,200,23,0,41.758698
32,450,1,ramp,300,20,0,41.7435
32,450,1,ramp,400,19,0,41.86316
32,450,1,ramp,500,19,0,41.66
32,450,1,ramp,600,18,0,41.70889
32,450,1,ramp,700,21,0,41.90238
32,450,1,ramp,800,20,0,41.476
32,450,1,ramp,900,18,0,41.771667
32,450,1,ramp,1000,12,0,41.055836
32,450,1,ramp,1100,11,0,40.13182
32,450,1,ramp,1200,13,0,40.400772
32,450,1,ramp,1300,9,0,38.885555
32,450,1,signal,500,1,0,43.62
32,450,1,signal,600,2,0,42.66
32,450,1,signal,700,1,0,42.98
32,450,1,signal,800,2,0,43.300003
32,450,1,signal,900,2,0,43.940002
32,450,1,signal,1000,1,0,42.34
32,450,1,signal,1100,2,0,43.300003
32,450,1,signal,1200,18,0,55.70111
32,450,1,signal,1300,15,0,70.098
32,450,1,signal,1400,17,0,86.02118
32,450,1,signal,1500,25,0,82.3312
32,450,1,signal,1600,31,0,73.38677
32,450,1,signal,1700,83,21,24.311928
32,450,1,signal,1800,258,185,6.185465
32,450,1,signal,1900,200,164,4.8168
32,450,2,ramp,0,17,0,41.39588
32,450,2,ramp,100,20,0,41.121
32,450,2,ramp,200,17,0,40.81706
32,450,2,ramp,300,17,0,40.99235
32,450,2,ramp,400,20,0,40.8165
32,450,2,ramp,500,22,0,40.985
32,450,2,ramp,600,21,0,40.326668
32,450,2,ramp,700,25,0,40.285202
32,450,2,ramp,800,23,0,40.554783
32,450,2,ramp,900,27,0,40.174812
32,450,2,ramp,1000,17,0,40.481174
32,450,2,ramp,1100,7,0,42.971428
32,450,2,signal,0,2,0,30.48
32,450,2,signal,100,2,0,31.205
32,450,2,signal,200,3,0,30.843332
32,450,2,signal,300,2,0,30.48
32,450,2,signal,400,2,0,31.205002
32,450,2,signal,500,4,0,32.855
32,450,2,signal,600,4,0,36.665
32,450,2,signal,700,4,0,34.72
32,450,2,signal,800,4,0,36.3875
32,450,2,signal,900,3,0,40.38667
32,450,2,signal,1000,4,0,39.08
32,450,2,signal,1100,5,0,41.206
32,450,2,signal,1200,7,0,44.422855
32,450,2,signal,1300,21,0,65.097145
32,450,2,signal,1400,9,0,69.81111
32,450,2,signal,1500,21,0,77.533806
32,450,2,signal,1600,31,0,74.83774
32,450,2,signal,1700,95,33,21.951475
32,450,2,signal,1800,255,173,6.966039
32,450,2,signal,1900,220,182,4.897909
32,450,3,ramp,0,15,0,42.504
32,450,3,ramp,100,15,0,40.55
32,450,3,ramp,200,11,0,42.372726
32,450,3,ramp,300,13,0,40.634617
32,450,3,ramp,400,13,0,40.475384
32,450,3,ramp,500,12,0,39.67583
32,450,3,ramp,600,11,0,40.244545
32,450,3,ramp,700,10,0,37.648003
32,450,3,ramp,800,8,0,40.29625
32,450,3,signal,0,6,0,36.991665
32,450,3,signal,100,7,0,38.044285
32,450,3,signal,200,7,0,38.00857
32,450,3,signal,300,9,0,38.47889
32,450,3,signal,400,7,0,38.407143
32,450,3,signal,500,7,0,38.957146
32,450,3,signal,600,8,0,37.04625
32,450,3,signal,700,7,0,38.195713
32,450,3,signal,800,8,0,37.333748
32,450,3,signal,900,8,0,35.19125
32,450,3,signal,1000,8,0,35.69125
32,450,3,signal,1100,3,0,37.91
32,450,3,signal,1200,2,0,43.36
32,450,3,signal,1300,11,0,62.074547
32,450,3,signal,1400,16,0,71.46438
32,450,3,signal,1500,13,0,81.41462
32,450,3,signal,1600,20,0,71.1195
32,450,3,signal,1700,104,65,13.109038
32,450,3,signal,1800,320,264,3.8433125
32,450,3,signal,1900,258,237,2.1015503
32,600,1,ramp,0,26,0,41.36
32,600,1,ramp,100,27,0,38.647778
32,600,1,ramp,200,27,0,39.893333
32,600,1,ramp,300,25,0,38.9852
32,600,1,ramp,400,25,0,38.714
32,600,1,ramp,500,24,0,39.287083
32,600,1,ramp,600,23,0,38.695217
32,600,1,ramp,700,20,0,39.197502
32,600,1,ramp,800,27,0,39.20889
32,600,1,ramp,900,34,0,40.123238
32,600,1,ramp,1000,8,0,42.5775
32,600,1,ramp,1100,4,0,42.4725
32,600,1,ramp,1200,10,0,42.422
32,600,1,ramp,1300,4,0,44.045
32,600,1,signal,0,3,0,45.079998
32,600,1,signal,100,1,0,41.92
32,600,1,signal,200,2,0,44.190002
32,600,1,signal,300,2,0,43.545
32,600,1,signal,400,1,0,42.57
32,600,1,signal,500,2,0,45.489998
32,600,1,signal,600,2,0,42.245
32,600,1,signal,700,1,0,45.81
32,600,1,signal,800,2,0,43.545
32,600,1,signal,900,1,0,42.57
32,600,1,signal,1000,2,0,45.489998
32,600,1,signal,1100,2,0,42.245
32,600,1,signal,1200,20,0,56.3545
32,600,1,signal,1300,28,0,70.54821
32,600,1,signal,1400,18,0,87.5
32,600,1,signal,1500,28,0,80.96715
32,600,1,signal,1600,153,109,13.848497
32,600,1,signal,1700,305,249,5.615836
32,600,1,signal,1800,334,283,5.0973053
32,600,1,signal,1900,205,174,4.956927
32,600,2,ramp,0,29,0,43.566555
32,600,2,ramp,100,30,0,41.730335
32,600,2,ramp,200,29,0,42.46276
32,600,2,ramp,300,26,0,41.749615
32,600,2,ramp,400,32,0,42.446877
32,600,2,ramp,500,32,0,41.7525
32,600,2,ramp,600,28,0,41.1525
32,600,2,ramp,700,30,0,41.59133
32,600,2,ramp,800,33,0,39.96182
32,600,2,ramp,900,36,0,40.24778
32,600,2,ramp,1000,14,0,42.457855
32,600,2,ramp,1100,2,0,43.449997
32,600,2,signal,0,1,0,43.22
32,600,2,signal,100,2,0,44.785
32,600,2,signal,200,1,0,44.26
32,600,2,signal,300,2,0,43.739998
32,600,2,signal,400,2,0,44.785
32,600,2,signal,500,1,0,43.22
32,600,2,signal,600,2,0,44.785
32,600,2,signal,800,1,0,28.67
32,600,2,signal,900,2,0,31.205002
32,600,2,signal,1000,2,0,31.205
32,600,2,signal,1100,4,0,32.372498
32,600,2,signal,1200,6,0,37.81
32,600,2,signal,1300,27,0,63.781853
32,600,2,signal,1400,25,0,73.1732
32,600,2,signal,1500,45,2,62.591335
32,600,2,signal,1600,126,77,17.296667
32,600,2,signal,1700,244,167,8.022131
32,600,2,signal,1800,334,254,4.6185927
32,600,2,signal,1900,187,156,5.6001067
32,600,3,ramp,0,26,0,41.204613
32,600,3,ramp,100,19,0,39.49579
32,600,3,ramp,200,26,0,39.249615
32,600,3,ramp,300,29,0,39.28
32,600,3,ramp,400,23,0,40.122173
32,600,3,ramp,500,22,0,39.114548
32,600,3,ramp,600,23,0,39.478695
32,600,3,ramp,700,22,0,38.978638
32,600,3,ramp,800,11,0,40.515453
32,600,3,ramp,900,1,0,41.34
32,600,3,signal,0,3,0,43.59
32,600,3,signal,100,4,0,41.525
32,600,3,signal,200,4,0,42.37
32,600,3,signal,300,2,0,42.605
32,600,3,signal,400,1,0,45.69
32,600,3,signal,500,2,0,42.605
32,600,3,signal,600,2,0,42.6
32,600,3,signal,700,1,0,44.81
32,600,3,signal,800,2,0,42.605003
32,600,3,signal,900,2,0,42.6
32,600,3,signal,1000,1,0,43.93
32,600,3,signal,1100,5,0,38.884
32,600,3,signal,1200,4,0,36.677498
32,600,3,signal,1300,11,0,56.736362
32,600,3,signal,1400,17,0,72.941765
32,600,3,signal,1500,22,0,69.33591
32,600,3,signal,1600,139,108,9.849352
32,600,3,signal,1700,304,261,3.248158
32,600,3,signal,1800,364,307,2.8988736
32,600,3,signal,1900,251,225,2.581474
32,750,1,ramp,0,16,0,44.23125
32,750,1,ramp,100,21,0,42.293335
32,750,1,ramp,200,18,0,43.088333
32,750,1,ramp,300,18,0,42.317223
32,750,1,ramp,400,20,0,42.704002
32,750,1,ramp,500,19,0,42.455265
32,750,1,ramp,600,18,0,40.113888
32,750,1,ramp,700,24,0,40.242085
32,750,1,ramp,800,27,0,40.05037
32,750,1,ramp,900,27,0,39.542595
32,750,1,ramp,1000,15,0,40.621334
32,750,1,ramp,1100,6,0,42.248333
32,750,1,ramp,1200,18,0,41.73111
32,750,1,ramp,1300,5,0,43.466
32,750,1,signal,0,1,0,44.32
32,750,1,signal,100,2,0,43.825
32,750,1,signal,200,1,0,41.36
32,750,1,signal,300,2,0,43.825
32,750,1,signal,400,2,0,43.824997
32,750,1,signal,500,1,0,40.38
32,750,1,signal,600,2,0,43.824997
32,750,1,signal,1100,1,0,40.32
32,750,1,signal,1200,22,0,50.332726
32,750,1,signal,1300,22,0,68.18364
32,750,1,signal,1400,16,0,78.99375
32,750,1,signal,1500,90,50,17.080889
32,750,1,signal,1600,323,261,4.8686066
32,750,1,signal,1700,346,276,4.1534104
32,750,1,signal,1800,334,269,4.518024
32,750,1,signal,1900,225,193,4.6060443
32,750,2,ramp,0,16,0,42.891876
32,750,2,ramp,100,15,0,42.208
32,750,2,ramp,200,16,0,42.663124
32,750,2,ramp,300,19,0,43.01421
32,750,2,ramp,400,16,0,43.911877
32,750,2,ramp,500,16,0,42.645
32,750,2,ramp,600,20,0,42.982002
32,750,2,ramp,700,17,0,43.011765
32,750,2,ramp,800,25,0,42.066402
32,750,2,ramp,900,31,0,40.421932
32,750,2,ramp,1000,10,0,40.854
32,750,2,ramp,1100,4,0,41.9325
32,750,2,signal,0,4,0,43.802498
32,750,2,signal,100,3,0,41.006664
32,750,2,signal,200,3,0,44.486664
32,750,2,signal,300,4,0,42.075
32,750,2,signal,400,3,0,43.163334
32,750,2,signal,500,4,0,42.872498
32,750,2,signal,600,2,0,43.915
32,750,2,signal,700,5,0,42.938
32,750,2,signal,800,6,0,43.588333
32,750,2,signal,900,5,0,42.516
32,750,2,signal,1000,2,0,41.239998
32,750,2,signal,1100,3,0,42.816666
32,750,2,signal,1200,4,0,45.932503
32,750,2,signal,1300,27,0,63.718147
32,750,2,signal,1400,13,0,71.902306
32,750,2,signal,1500,73,35,19.723423
32,750,2,signal,1600,302,217,4.910762
32,750,2,signal,1700,329,240,5.55921
32,750,2,signal,1800,332,246,4.858012
32,750,2,signal,1900,168,134,5.9525595
32,750,3,ramp,0,16,0,43.404373
32,750,3,ramp,100,21,0,41.552856
32,750,3,ramp,200,19,0,42.31
32,750,3,ramp,300,18,0,41.71722
32,750,3,ramp,400,19,0,41.320526
32,750,3,ramp,500,17,0,42.193527
32,750,3,ramp,600,18,0,41.23389
32,750,3,ramp,700,21,0,41.991905
32,750,3,ramp,800,14,0,41.917145
32,750,3,ramp,900,7,0,42.04
32,750,3,ramp,1000,6,0,41.17
32,750,3,ramp,1100,4,0,41.725
32,750,3,signal,300,1,0,40.87
32,750,3,signal,400,2,0,42.98
32,750,3,signal,500,2,0,42.14
32,750,3,signal,600,2,0,40.445
32,750,3,signal,700,1,0,43.4
32,750,3,signal,800,2,0,40.45
32,750,3,signal,900,2,0,42.980003
32,750,3,signal,1000,1,0,39.18
32,750,3,signal,1100,2,0,42.98
32,750,3,signal,1200,2,0,40.449997
32,750,3,signal,1300,12,0,64.808334
32,750,3,signal,1400,19,0,71.16106
32,750,3,signal,1500,61,27,20.422623
32,750,3,signal,1600,304,239,4.89625
32,750,3,signal,1700,343,268,3.196268
32,750,3,signal,1800,393,327,3.4076588
32,750,3,signal,1900,224,196,3.1563394
32,900,1,ramp,0,28,0,42.165356
32,900,1,ramp,100,31,0,41.48516
32,900,1,ramp,200,25,0,41.536
32,900,1,ramp,300,27,0,42.650738
32,900,1,ramp,400,29,0,42.40586
32,900,1,ramp,500,28,0,42.37857
32,900,1,ramp,600,29,0,42.645863
32,900,1,ramp,700,25,0,41.869198
32,900,1,ramp,800,29,0,41.95759
32,900,1,ramp,900,31,0,41.290646
32,900,1,ramp,1000,12,0,43.584167
32,900,1,ramp,1100,7,0,43.364285
32,900,1,ramp,1200,14,0,41.582146
32,900,1,ramp,1300,4,0,43.0125
32,900,1,signal,0,6,0,42.375
32,900,1,signal,100,4,0,37.6275
32,900,1,signal,200,5,0,43.254
32,900,1,signal,300,4,0,42.9
32,900,1,signal,400,2,0,45.665
32,900,1,signal,500,4,0,42.67
32,900,1,signal,600,3,0,42.836666
32,900,1,signal,700,6,0,42.273335
32,900,1,signal,800,5,0,41.582
32,900,1,signal,900,5,0,40.066
32,900,1,signal,1000,6,0,44.181667
32,900,1,signal,1100,2,0,42.11
32,900,1,signal,1200,24,0,48.99875
32,900,1,signal,1300,40,0,65.659744
32,900,1,signal,1400,39,2,54.682312
32,900,1,signal,1500,290,233,4.3140345
32,900,1,signal,1600,327,243,5.42211
32,900,1,signal,1700,309,226,7.2451134
32,900,1,signal,1800,279,202,8.405591
32,900,1,signal,1900,164,120,9.791524
32,900,2,ramp,0,35,0,41.318
32,900,2,ramp,100,34,0,40.34
32,900,2,ramp,200,32,0,40.13344
32,900,2,ramp,300,28,0,39.392498
32,900,2,ramp,400,30,0,39.27333
32,900,2,ramp,500,24,0,40.55042
32,900,2,ramp,600,26,0,39.135384
32,900,2,ramp,700,22,0,40.208183
32,900,2,ramp,800,25,0,39.1772
32,900,2,ramp,900,44,0,40.30023
32,900,2,ramp,1000,18,0,39.02333
32,900,2,ramp,1100,3,0,40.51
32,900,2,signal,1000,2,0,45.59
32,900,2,signal,1100,1,0,42.17
32,900,2,signal,1200,3,0,44.13333
32,900,2,signal,1300,22,0,60.550907
32,900,2,signal,1400,19,0,49.729473
32,900,2,signal,1500,253,182,5.440751
32,900,2,signal,1600,287,194,7.5038333
32,900,2,signal,1700,256,160,9.493633
32,900,2,signal,1800,297,197,7.980169
32,900,2,signal,1900,187,132,8.310428
32,900,3,ramp,0,31,0,42.57903
32,900,3,ramp,100,25,0,41.9424
32,900,3,ramp,200,29,0,42.20759
32,900,3,ramp,300,25,0,41.681602
32,900,3,ramp,400,24,0,42.69083
32,900,3,ramp,500,22,0,42.48682
32,900,3,ramp,600,26,0,42.099613
32,900,3,ramp,700,27,0,42.38074
32,900,3,ramp,800,15,0,42.139336
32,900,3,ramp,900,2,0,40.97
32,900,3,ramp,1000,4,0,41.37
32,900,3,ramp,1100,3,0,42.396667
32,900,3,signal,0,7,0,43.815712
32,900,3,signal,100,5,0,42.370003
32,900,3,signal,200,3,0,41.38333
32,900,3,signal,300,4,0,41.96
32,900,3,signal,400,3,0,42.3
32,900,3,signal,500,4,0,43.364998
32,900,3,signal,600,2,0,40.705
32,900,3,signal,700,1,0,43.03
32,900,3,signal,1300,4,0,69.307495
32,900,3,signal,1400,11,0,67.80909
32,900,3,signal,1500,256,202,5.2397656
32,900,3,signal,1600,363,302,3.4663637
32,900,3,signal,1700,315,245,4.6620317
32,900,3,signal,1800,352,274,3.5434942
32,900,3,signal,1900,216,188,2.8838887
32,1050,1,ramp,0,31,0,42.149033
32,1050,1,ramp,100,35,0,40.882
32,1050,1,ramp,200,42,0,40.710712
32,1050,1,ramp,300,37,0,39.877296
32,1050,1,ramp,400,38,0,39.84
32,1050,1,ramp,500,41,0,39.977802
32,1050,1,ramp,600,38,0,39.284737
32,1050,1,ramp,700,40,0,39.708
32,1050,1,ramp,800,42,0,39.322857
32,1050,1,ramp,900,35,0,40.056
32,1050,1,ramp,1000,17,0,40.270588
32,1050,1,ramp,1100,12,0,40.61
32,1050,1,ramp,1200,34,1,34.844116
32,1050,1,ramp,1300,10,0,40.289
32,1050,1,signal,0,2,0,44.04
32,1050,1,signal,100,1,0,39.86
32,1050,1,signal,1100,1,0,37.19
32,1050,1,signal,1200,22,1,40.284092
32,1050,1,signal,1300,32,0,59.56719
32,1050,1,signal,1400,64,27,22.802656
32,1050,1,signal,1500,279,192,6.0528316
32,1050,1,signal,1600,258,184,9.159806
32,1050,1,signal,1700,282,205,7.840674
32,1050,1,signal,1800,297,212,7.847879
32,1050,1,signal,1900,156,115,11.553975
32,1050,2,ramp,0,34,0,41.293823
32,1050,2,ramp,100,37,0,39.958107
32,1050,2,ramp,200,36,0,39.608055
32,1050,2,ramp,300,37,0,38.654053
32,1050,2,ramp,400,40,0,39.185997
32,1050,2,ramp,500,34,0,38.85853
32,1050,2,ramp,600,36,0,39.64833
32,1050,2,ramp,700,40,0,40.0275
32,1050,2,ramp,800,41,0,39.088535
32,1050,2,ramp,900,48,0,40.533333
32,1050,2,ramp,1000,20,0,40.7365
32,1050,2,ramp,1100,7,0,40.647144
32,1050,2,ramp,1200,1,0,38.73
32,1050,2,signal,0,6,0,42.443333
32,1050,2,signal,100,4,0,42.025
32,1050,2,signal,200,4,0,42.0775
32,1050,2,signal,300,5,0,41.872
32,1050,2,signal,400,5,0,42.614002
32,1050,2,signal,500,5,0,42.432
32,1050,2,signal,600,6,0,41.791668
32,1050,2,signal,700,3,0,42.48
32,1050,2,signal,800,4,0,41.93
32,1050,2,signal,900,4,0,41.52
32,1050,2,signal,1000,3,0,42.11333
32,1050,2,signal,1100,3,0,44.006668
32,1050,2,signal,1200,9,0,35.70889
32,1050,2,signal,1300,27,0,53.551483
32,1050,2,signal,1400,54,20,24.833704
32,1050,2,signal,1500,259,164,6.8504634
32,1050,2,signal,1600,269,165,8.165204
32,1050,2,signal,1700,274,168,7.360438
32,1050,2,signal,1800,291,196,7.2555666
32,1050,2,signal,1900,189,135,7.643704
32,1050,3,ramp,0,31,0,41.95774
32,1050,3,ramp,100,30,0,40.717335
32,1050,3,ramp,200,27,0,40.35852
32,1050,3,ramp,300,30,0,40.544
32,1050,3,ramp,400,39,0,40.614616
32,1050,3,ramp,500,33,0,40.70212
32,1050,3,ramp,600,29,0,39.773445
32,1050,3,ramp,700,30,0,40.073666
32,1050,3,ramp,800,19,0,41.50316
32,1050,3,ramp,900,8,0,41.38125
32,1050,3,ramp,1000,7,0,42.022858
32,1050,3,ramp,1100,5,0,41.247997
32,1050,3,signal,0,3,0,45.84667
32,1050,3,signal,100,8,0,43.41
32,1050,3,signal,200,9,0,43.27778
32,1050,3,signal,300,5,0,43.206
32,1050,3,signal,400,8,0,43.155
32,1050,3,signal,500,6,0,42.623333
32,1050,3,signal,600,8,0,43.8475
32,1050,3,signal,700,7,0,42.91143
32,1050,3,signal,800,8,0,43.82875
32,1050,3,signal,900,10,0,42.869
32,1050,3,signal,1000,7,0,42.827145
32,1050,3,signal,1100,8,0,43.115
32,1050,3,signal,1200,10,0,43.492
32,1050,3,signal,1300,11,0,49.81454
32,1050,3,signal,1400,33,7,29.88909
32,1050,3,signal,1500,269,177,6.859777
32,1050,3,signal,1600,339,255,5.029705
32,1050,3,signal,1700,316,228,4.955601
32,1050,3,signal,1800,334,249,5.161647
32,1050,3,signal,1900,188,162,3.419468
32,1200,1,ramp,0,21,0,43.88476
32,1200,1,ramp,100,21,0,42.624763
32,1200,1,ramp,200,23,0,43.257824
32,1200,1,ramp,300,20,0,43.043
32,1200,1,ramp,400,22,0,43.352272
32,1200,1,ramp,500,22,0,42.910908
32,1200,1,ramp,600,27,0,42.488518
32,1200,1,ramp,700,27,0,42.767036
32,1200,1,ramp,800,35,0,42.55486
32,1200,1,ramp,900,41,0,41.81244
32,1200,1,ramp,1000,24,0,40.899586
32,1200,1,ramp,1100,13,0,39.957695
32,1200,1,ramp,1200,37,0,34.704865
32,1200,1,ramp,1300,15,0,37.68133
32,1200,1,signal,0,3,0,43.443333
32,1200,1,signal,100,6,0,41.035
32,1200,1,signal,200,8,0,42.635
32,1200,1,signal,300,6,0,41.391666
32,1200,1,signal,400,4,0,43.0675
32,1200,1,signal,500,6,0,41.751667
32,1200,1,signal,600,5,0,42.366
32,1200,1,signal,700,6,0,42.98833
32,1200,1,signal,800,4,0,41.965
32,1200,1,signal,900,3,0,41.936665
32,1200,1,signal,1000,3,0,43.006668
32,1200,1,signal,1100,1,0,43.66
32,1200,1,signal,1200,19,0,43.428947
32,1200,1,signal,1300,27,0,67.21222
32,1200,1,signal,1400,54,11,35.23685
32,1200,1,signal,1500,262,186,5.317099
32,1200,1,signal,1600,257,184,7.9576263
32,1200,1,signal,1700,294,226,7.1298637
32,1200,1,signal,1800,264,191,9.446098
32,1200,1,signal,1900,160,124,8.454938
32,1200,2,ramp,0,21,0,42.989525
32,1200,2,ramp,100,24,0,42.455833
32,1200,2,ramp,200,24,0,42.04
32,1200,2,ramp,300,26,0,42.207695
32,1200,2,ramp,400,25,0,42.453197
32,1200,2,ramp,500,31,0,41.57129
32,1200,2,ramp,600,24,0,41.272915
32,1200,2,ramp,700,26,0,41.39
32,1200,2,ramp,800,29,0,40.216896
32,1200,2,ramp,900,36,0,39.431946
32,1200,2,ramp,1000,12,0,41.149998
32,1200,2,ramp,1100,4,0,42.5375
32,1200,2,signal,0,5,0,44.144
32,1200,2,signal,100,7,0,42.032856
32,1200,2,signal,200,6,0,43.586666
32,1200,2,signal,300,6,0,42.845
32,1200,2,signal,400,5,0,43.329998
32,1200,2,signal,500,5,0,42.71
32,1200,2,signal,600,4,0,43.3575
32,1200,2,signal,700,5,0,42.77
32,1200,2,signal,800,5,0,42.774
32,1200,2,signal,900,4,0,42.5975
32,1200,2,signal,1000,6,0,43.74167
32,1200,2,signal,1100,4,0,41.78
32,1200,2,signal,1200,10,0,32.872997
32,1200,2,signal,1300,30,0,51.428333
32,1200,2,signal,1400,37,5,35.97135
32,1200,2,signal,1500,251,158,7.8386855
32,1200,2,signal,1600,274,179,8.133468
32,1200,2,signal,1700,273,177,8.53055
32,1200,2,signal,1800,298,190,7.3183227
32,1200,2,signal,1900,168,122,7.5540476
32,1200,3,ramp,0,20,0,42.3785
32,1200,3,ramp,100,20,0,41.6125
32,1200,3,ramp,200,24,0,41.5575
32,1200,3,ramp,300,19,0,41.778946
32,1200,3,ramp,400,21,0,42.25476
32,1200,3,ramp,500,19,0,42.307365
32,1200,3,ramp,600,22,0,41.22
32,1200,3,ramp,700,22,0,42.127274
32,1200,3,ramp,800,18,0,41.88
32,1200,3,ramp,900,12,0,41.962498
32,1200,3,ramp,1000,9,0,41.134445
32,1200,3,ramp,1100,7,0,42.52714
32,1200,3,signal,0,6,0,37.105
32,1200,3,signal,100,4,0,35.725
32,1200,3,signal,200,2,0,31.915
32,1200,3,signal,300,4,0,35.0
32,1200,3,signal,400,4,0,35.9425
32,1200,3,signal,500,4,0,37.3575
32,1200,3,signal,600,4,0,34.2925
32,1200,3,signal,700,7,0,41.28143
32,1200,3,signal,800,6,0,43.343334
32,1200,3,signal,900,4,0,42.7625
32,1200,3,signal,1000,5,0,43.088
32,1200,3,signal,1100,5,0,42.741997
32,1200,3,signal,1200,6,0,43.91
32,1200,3,signal,1300,6,0,46.833332
32,1200,3,signal,1400,29,9,29.874138
32,1200,3,signal,1500,237,178,6.64443
32,1200,3,signal,1600,272,196,7.421544
32,1200,3,signal,1700,321,235,5.561184
32,1200,3,signal,1800,339,247,4.7718587
32,1200,3,signal,1900,210,178,3.0843809
32,1350,1,ramp,0,26,0,41.37654
32,1350,1,ramp,100,26,0,39.945766
32,1350,1,ramp,200,27,0,40.193703
32,1350,1,ramp,300,27,0,40.89185
32,1350,1,ramp,400,25,0,39.1272
32,1350,1,ramp,500,21,0,40.252857
32,1350,1,ramp,600,23,0,40.528263
32,1350,1,ramp,700,24,0,39.575832
32,1350,1,ramp,800,23,0,40.04
32,1350,1,ramp,900,25,0,39.633602
32,1350,1,ramp,1000,14,0,38.815712
32,1350,1,ramp,1100,12,0,39.996666
32,1350,1,ramp,1200,24,0,37.462917
32,1350,1,ramp,1300,8,0,37.245
32,1350,1,signal,0,2,0,44.184998
32,1350,1,signal,100,2,0,44.184998
32,1350,1,signal,200,1,0,41.78
32,1350,1,signal,300,3,0,42.86333
32,1350,1,signal,400,2,0,42.870003
32,1350,1,signal,500,2,0,40.684998
32,1350,1,signal,600,2,0,40.685
32,1350,1,signal,700,2,0,40.68
32,1350,1,signal,800,2,0,41.62
32,1350,1,signal,900,6,0,41.59667
32,1350,1,signal,1000,7,0,40.567142
32,1350,1,signal,1100,7,0,42.24286
32,1350,1,signal,1200,35,0,37.740288
32,1350,1,signal,1300,43,0,58.30349
32,1350,1,signal,1400,57,13,33.271755
32,1350,1,signal,1500,269,183,6.510037
32,1350,1,signal,1600,316,242,6.686709
32,1350,1,signal,1700,303,211,6.759835
32,1350,1,signal,1800,275,191,7.8413815
32,1350,1,signal,1900,188,147,7.7495213
32,1350,2,ramp,0,29,0,40.155518
32,1350,2,ramp,100,27,0,39.423336
32,1350,2,ramp,200,27,0,39.704815
32,1350,2,ramp,300,25,0,41.8752
32,1350,2,ramp,400,25,0,41.150803
32,1350,2,ramp,500,29,0,40.98724
32,1350,2,ramp,600,31,0,41.717743
32,1350,2,ramp,700,28,0,41.230354
32,1350,2,ramp,800,34,0,40.35353
32,1350,2,ramp,900,41,0,41.112682
32,1350,2,ramp,1000,16,0,40.686874
32,1350,2,ramp,1100,4,0,43.635002
32,1350,2,ramp,1200,1,0,39.54
32,1350,2,signal,300,2,0,41.845
32,1350,2,signal,400,1,0,41.48
32,1350,2,signal,500,2,0,41.125
32,1350,2,signal,600,2,0,40.395
32,1350,2,signal,700,1,0,42.2
32,1350,2,signal,800,1,0,42.93
32,1350,2,signal,1100,1,0,42.82
32,1350,2,signal,1200,6,0,31.161667
32,1350,2,signal,1300,25,0,58.51
32,1350,2,signal,1400,51,12,30.02392
32,1350,2,signal,1500,278,188,5.880468
32,1350,2,signal,1600,279,172,7.8081717
32,1350,2,signal,1700,329,219,5.759605
32,1350,2,signal,1800,293,197,6.9932423
32,1350,2,signal,1900,171,124,8.746023
32,1350,3,ramp,0,27,0,42.09222
32,1350,3,ramp,100,32,0,41.086876
32,1350,3,ramp,200,27,0,40.934074
32,1350,3,ramp,300,23,0,41.72913
32,1350,3,ramp,400,23,0,40.192608
32,1350,3,ramp,500,22,0,40.890457
32,1350,3,ramp,600,22,0,39.807274
32,1350,3,ramp,700,20,0,40.482002
32,1350,3,ramp,800,18,0,40.567223
32,1350,3,ramp,900,6,0,40.90167
32,1350,3,ramp,1000,4,0,41.7625
32,1350,3,ramp,1100,2,0,40.665
32,1350,3,signal,0,4,0,40.5925
32,1350,3,signal,100,7,0,39.085716
32,1350,3,signal,200,7,0,40.50857
32,1350,3,signal,300,6,0,40.291668
32,1350,3,signal,400,6,0,39.64
32,1350,3,signal,500,5,0,38.734
32,1350,3,signal,600,6,0,39.246666
32,1350,3,signal,700,6,0,37.965
32,1350,3,signal,800,7,0,36.71857
32,1350,3,signal,900,9,0,36.714443
32,1350,3,signal,1000,7,0,38.989998
32,1350,3,signal,1100,5,0,36.776
32,1350,3,signal,1200,5,0,37.906
32,1350,3,signal,1300,14,0,40.886425
32,1350,3,signal,1400,41,14,25.27244
32,1350,3,signal,1500,283,217,6.4039927
32,1350,3,signal,1600,320,234,5.9056563
32,1350,3,signal,1700,316,208,6.482975
32,1350,3,signal,1800,297,212,6.08367
32,1350,3,signal,1900,206,181,2.9187865
32,1500,1,ramp,0,24,0,42.892086
32,1500,1,ramp,100,26,0,41.48577
32,1500,1,ramp,200,24,0,40.42625
32,1500,1,ramp,300,30,0,41.353664
32,1500,1,ramp,400,27,0,41.440742
32,1500,1,ramp,500,29,0,41.28
32,1500,1,ramp,600,30,0,41.469334
32,1500,1,ramp,700,29,0,41.646553
32,1500,1,ramp,800,29,0,41.298275
32,1500,1,ramp,900,35,0,42.022285
32,1500,1,ramp,1000,15,0,39.986
32,1500,1,ramp,1100,18,0,41.415554
32,1500,1,ramp,1200,40,0,32.96675
32,1500,1,ramp,1300,11,0,38.58273
32,1500,1,signal,0,1,0,42.56
32,1500,1,signal,100,2,0,42.15
32,1500,1,signal,200,2,0,41.34
32,1500,1,signal,300,2,0,41.345
32,1500,1,signal,400,1,0,43.37
32,1500,1,signal,500,4,0,42.28
32,1500,1,signal,600,3,0,43.103333
32,1500,1,signal,700,1,0,43.7
32,1500,1,signal,800,2,0,39.42
32,1500,1,signal,900,2,0,43.345
32,1500,1,signal,1000,2,0,41.995003
32,1500,1,signal,1100,1,0,43.8
32,1500,1,signal,1200,25,1,38.355602
32,1500,1,signal,1300,28,0,57.141785
32,1500,1,signal,1400,94,44,12.849681
32,1500,1,signal,1500,303,219,5.248053
32,1500,1,signal,1600,303,227,6.4835973
32,1500,1,signal,1700,294,222,7.3589797
32,1500,1,signal,1800,310,230,7.237452
32,1500,1,signal,1900,185,142,9.390811
32,1500,2,ramp,0,26,0,41.924232
32,1500,2,ramp,100,28,0,40.353573
32,1500,2,ramp,200,28,0,40.147144
32,1500,2,ramp,300,26,0,39.538845
32,1500,2,ramp,400,25,0,39.1024
32,1500,2,ramp,500,28,0,39.761784
32,1500,2,ramp,600,26,0,39.554996
32,1500,2,ramp,700,24,0,39.669582
32,1500,2,ramp,800,29,0,39.76276
32,1500,2,ramp,900,39,0,40.119232
32,1500,2,ramp,1000,20,0,39.494
32,1500,2,ramp,1100,7,0,40.96143
32,1500,2,signal,0,1,0,45.78
32,1500,2,signal,1200,6,0,31.375
32,1500,2,signal,1300,29,0,58.9969
32,1500,2,signal,1400,91,44,15.463515
32,1500,2,signal,1500,289,187,6.220727
32,1500,2,signal,1600,295,187,7.772407
32,1500,2,signal,1700,275,159,7.9063635
32,1500,2,signal,1800,294,183,7.2977552
32,1500,2,signal,1900,165,114,8.598606
32,1500,3,ramp,0,23,0,44.07
32,1500,3,ramp,100,22,0,42.31091
32,1500,3,ramp,200,27,0,42.64889
32,1500,3,ramp,300,27,0,42.154446
32,1500,3,ramp,400,31,0,42.284195
32,1500,3,ramp,500,34,0,42.28206
32,1500,3,ramp,600,32,0,42.257812
32,1500,3,ramp,700,28,0,42.866787
32,1500,3,ramp,800,19,0,42.088947
32,1500,3,ramp,900,13,0,42.180767
32,1500,3,ramp,1000,12,0,41.315834
32,1500,3,ramp,1100,6,0,42.683334
32,1500,3,signal,0,3,0,43.283337
32,1500,3,signal,100,3,0,43.13667
32,1500,3,signal,200,4,0,42.07
32,1500,3,signal,300,2,0,41.67
32,1500,3,signal,400,6,0,43.793335
32,1500,3,signal,500,5,0,42.988
32,1500,3,signal,600,5,0,42.526
32,1500,3,signal,700,4,0,44.7425
32,1500,3,signal,800,5,0,42.872
32,1500,3,signal,900,2,0,43.690002
32,1500,3,signal,1000,3,0,38.536667
32,1500,3,signal,1100,4,0,38.805
32,1500,3,signal,1200,3,0,38.28
32,1500,3,signal,1300,8,0,49.06125
32,1500,3,signal,1400,59,27,18.077965
32,1500,3,signal,1500,294,203,6.5713263
32,1500,3,signal,1600,321,227,5.8599997
32,1500,3,signal,1700,303,219,5.8869967
32,1500,3,signal,1800,345,258,4.887246
32,1500,3,signal,1900,243,214,2.163251
32,1650,1,ramp,0,30,0,41.947002
32,1650,1,ramp,100,27,0,41.098892
32,1650,1,ramp,200,29,0,42.201378
32,1650,1,ramp,300,25,0,41.962402
32,1650,1,ramp,400,24,0,42.336666
32,1650,1,ramp,500,24,0,41.052917
32,1650,1,ramp,600,26,0,41.46
32,1650,1,ramp,700,26,0,41.700768
32,1650,1,ramp,800,27,0,40.887035
32,1650,1,ramp,900,31,0,41.54774
32,1650,1,ramp,1000,19,0,41.548946
32,1650,1,ramp,1100,9,0,41.373333
32,1650,1,ramp,1200,26,0,35.084232
32,1650,1,ramp,1300,6,0,41.649998
32,1650,1,signal,0,1,0,45.72
32,1650,1,signal,100,2,0,43.9
32,1650,1,signal,200,1,0,46.05
32,1650,1,signal,600,1,0,41.75
32,1650,1,signal,700,1,0,42.56
32,1650,1,signal,800,3,0,40.176666
32,1650,1,signal,900,3,0,39.54333
32,1650,1,signal,1000,4,0,41.715
32,1650,1,signal,1100,4,0,42.6725
32,1650,1,signal,1200,23,0,34.41739
32,1650,1,signal,1300,39,0,56.12513
32,1650,1,signal,1400,58,12,29.498104
32,1650,1,signal,1500,303,227,5.184159
32,1650,1,signal,1600,288,216,7.203438
32,1650,1,signal,1700,289,217,6.822595
32,1650,1,signal,1800,277,197,8.268268
32,1650,1,signal,1900,169,130,8.904852
32,1650,2,ramp,0,27,0,39.988144
32,1650,2,ramp,100,25,0,39.3352
32,1650,2,ramp,200,27,0,39.69963
32,1650,2,ramp,300,27,0,39.95852
32,1650,2,ramp,400,25,0,40.5276
32,1650,2,ramp,500,28,0,39.716785
32,1650,2,ramp,600,28,0,40.10893
32,1650,2,ramp,700,27,0,40.9363
32,1650,2,ramp,800,34,0,41.231472
32,1650,2,ramp,900,43,0,40.723255
32,1650,2,ramp,1000,19,0,40.853683
32,1650,2,ramp,1100,6,0,41.600002
32,1650,2,ramp,1200,2,0,39.95
32,1650,2,signal,0,1,0,42.66
32,1650,2,signal,100,1,0,45.78
32,1650,2,signal,200,2,0,44.22
32,1650,2,signal,300,2,0,44.22
32,1650,2,signal,400,1,0,42.66
32,1650,2,signal,500,2,0,44.22
32,1650,2,signal,600,2,0,44.22
32,1650,2,signal,700,1,0,45.78
32,1650,2,signal,800,1,0,42.66
32,1650,2,signal,1200,6,0,33.755
32,1650,2,signal,1300,17,0,56.065884
32,1650,2,signal,1400,49,18,18.550816
32,1650,2,signal,1500,285,182,6.5379996
32,1650,2,signal,1600,301,185,7.4960136
32,1650,2,signal,1700,257,147,8.80891
32,1650,2,signal,1800,285,186,7.511825
32,1650,2,signal,1900,182,131,6.9746156
32,1650,3,ramp,0,26,0,41.741924
32,1650,3,ramp,100,26,0,40.59808
32,1650,3,ramp,200,27,0,40.53148
32,1650,3,ramp,300,26,0,40.41577
32,1650,3,ramp,400,23,0,40.30913
32,1650,3,ramp,500,30,0,40.284336
32,1650,3,ramp,600,30,0,38.995335
32,1650,3,ramp,700,30,0,39.14
32,1650,3,ramp,800,19,0,39.466316
32,1650,3,ramp,900,8,0,39.73
32,1650,3,ramp,1000,4,0,38.9225
32,1650,3,ramp,1100,2,0,43.475
32,1650,3,signal,800,1,0,42.48
32,1650,3,signal,900,3,0,42.283333
32,1650,3,signal,1000,4,0,43.59
32,1650,3,signal,1100,3,0,41.933334
32,1650,3,signal,1200,3,0,42.796665
32,1650,3,signal,1300,8,0,55.895
32,1650,3,signal,1400,39,21,20.489742
32,1650,3,signal,1500,284,208,5.6922183
32,1650,3,signal,1600,340,254,4.7622647
32,1650,3,signal,1700,339,242,4.3998528
32,1650,3,signal,1800,347,260,4.2905474
32,1650,3,signal,1900,217,186,3.5247464
32,1800,1,ramp,0,30,0,41.42
32,1800,1,ramp,100,30,0,40.907333
32,1800,1,ramp,200,35,0,41.332287
32,1800,1,ramp,300,26,0,40.586155
32,1800,1,ramp,400,35,0,40.894287
32,1800,1,ramp,500,32,0,40.424374
32,1800,1,ramp,600,28,0,40.5325
32,1800,1,ramp,700,27,0,41.07
32,1800,1,ramp,800,38,0,39.374474
32,1800,1,ramp,900,42,0,38.51262
32,1800,1,ramp,1000,19,0,39.981052
32,1800,1,ramp,1100,12,0,39.15333
32,1800,1,ramp,1200,44,0,36.836136
32,1800,1,ramp,1300,13,0,39.663845
32,1800,1,signal,300,2,0,44.4
32,1800,1,signal,400,2,0,42.78
32,1800,1,signal,500,1,0,44.8
32,1800,1,signal,600,2,0,42.53
32,1800,1,signal,700,2,0,42.69
32,1800,1,signal,800,2,0,40.230003
32,1800,1,signal,900,1,0,42.98
32,1800,1,signal,1000,2,0,42.975
32,1800,1,signal,1100,3,0,42.126667
32,1800,1,signal,1200,25,1,37.338
32,1800,1,signal,1300,19,0,65.48843
32,1800,1,signal,1400,14,0,61.84786
32,1800,1,signal,1500,223,147,7.157444
32,1800,1,signal,1600,302,208,6.884569
32,1800,1,signal,1700,329,232,6.7965655
32,1800,1,signal,1800,282,195,7.85617
32,1800,1,signal,1900,161,117,11.239068
32,1800,2,ramp,0,26,0,42.63346
32,1800,2,ramp,100,30,0,41.288334
32,1800,2,ramp,200,33,0,41.305454
32,1800,2,ramp,300,33,0,40.291515
32,1800,2,ramp,400,37,0,40.343243
32,1800,2,ramp,500,37,0,40.18946
32,1800,2,ramp,600,32,0,39.730938
32,1800,2,ramp,700,36,0,40.369167
32,1800,2,ramp,800,35,0,39.90143
32,1800,2,ramp,900,50,0,40.4076
32,1800,2,ramp,1000,23,0,40.202606
32,1800,2,ramp,1100,11,0,39.20727
32,1800,2,ramp,1200,1,0,41.97
32,1800,2,signal,0,5,0,43.744
32,1800,2,signal,100,2,0,40.55
32,1800,2,signal,200,4,0,41.4225
32,1800,2,signal,300,4,0,43.157497
32,1800,2,signal,400,4,0,40.5725
32,1800,2,signal,500,2,0,42.93
32,1800,2,signal,600,4,0,42.305
32,1800,2,signal,700,4,0,40.572502
32,1800,2,signal,800,3,0,42.406666
32,1800,2,signal,900,2,0,42.285
32,1800,2,signal,1000,2,0,42.144997
32,1800,2,signal,1100,1,0,40.01
32,1800,2,signal,1200,7,0,30.948572
32,1800,2,signal,1300,33,0,56.327576
32,1800,2,signal,1400,30,0,60.573666
32,1800,2,signal,1500,227,132,9.14326
32,1800,2,signal,1600,289,175,8.515294
32,1800,2,signal,1700,296,168,9.108142
32,1800,2,signal,1800,300,172,8.9984665
32,1800,2,signal,1900,174,116,9.475805
32,1800,3,ramp,0,36,0,41.670555
32,1800,3,ramp,100,35,0,40.66543
32,1800,3,ramp,200,33,0,40.87182
32,1800,3,ramp,300,34,0,40.300293
32,1800,3,ramp,400,36,0,40.948055
32,1800,3,ramp,500,34,0,40.62735
32,1800,3,ramp,600,36,0,40.25639
32,1800,3,ramp,700,37,0,40.93892
32,1800,3,ramp,800,27,0,41.135555
32,1800,3,ramp,900,12,0,41.905
32,1800,3,ramp,1000,15,0,40.84667
32,1800,3,ramp,1100,7,0,41.005714
32,1800,3,signal,1300,7,0,63.434284
32,1800,3,signal,1400,10,0,58.065002
32,1800,3,signal,1500,227,165,7.682423
32,1800,3,signal,1600,340,260,5.9227943
32,1800,3,signal,1700,329,244,5.8634043
32,1800,3,signal,1800,331,238,5.235136
32,1800,3,signal,1900,194,169,3.256598
32,1950,1,ramp,-100,1,0,42.11
32,1950,1,ramp,0,34,0,41.80735
32,1950,1,ramp,100,37,0,40.748108
32,1950,1,ramp,200,36,0,40.603054
32,1950,1,ramp,300,32,0,41.262814
32,1950,1,ramp,400,31,0,41.560646
32,1950,1,ramp,500,34,0,41.46647
32,1950,1,ramp,600,29,0,40.999657
32,1950,1,ramp,700,24,0,41.806667
32,1950,1,ramp,800,29,0,40.94655
32,1950,1,ramp,900,34,0,41.176765
32,1950,1,ramp,1000,16,0,41.790627
32,1950,1,ramp,1100,11,0,39.946365
32,1950,1,ramp,1200,25,0,39.052
32,1950,1,ramp,1300,12,0,38.40333
32,1950,1,signal,0,2,0,41.215
32,1950,1,signal,100,1,0,41.61
32,1950,1,signal,200,2,0,40.425
32,1950,1,signal,300,2,0,40.43
32,1950,1,signal,800,1,0,41.97
32,1950,1,signal,900,2,0,38.795
32,1950,1,signal,1000,2,0,43.605
32,1950,1,signal,1100,1,0,41.87
32,1950,1,signal,1200,24,0,47.709583
32,1950,1,signal,1300,26,0,63.706924
32,1950,1,signal,1400,30,0,52.357
32,1950,1,signal,1500,251,163,6.97502
32,1950,1,signal,1600,251,163,8.536374
32,1950,1,signal,1700,299,214,7.103277
32,1950,1,signal,1800,295,214,8.177492
32,1950,1,signal,1900,190,144,8.218473
32,1950,2,ramp,0,29,0,41.513103
32,1950,2,ramp,100,22,0,40.49318
32,1950,2,ramp,200,33,0,40.271515
32,1950,2,ramp,300,28,0,39.641785
32,1950,2,ramp,400,23,0,41.28739
32,1950,2,ramp,500,28,0,41.53357
32,1950,2,ramp,600,28,0,41.62536
32,1950,2,ramp,700,29,0,41.313793
32,1950,2,ramp,800,31,0,40.98484
32,1950,2,ramp,900,39,0,41.323845
32,1950,2,ramp,1000,16,0,40.036877
32,1950,2,ramp,1100,5,0,41.39
32,1950,2,ramp,1200,1,0,37.56
32,1950,2,signal,0,4,0,44.155
32,1950,2,signal,100,4,0,42.325
32,1950,2,signal,200,3,0,44.55
32,1950,2,signal,300,4,0,43.97
32,1950,2,signal,400,3,0,44.533337
32,1950,2,signal,500,3,0,42.63
32,1950,2,signal,600,4,0,43.9825
32,1950,2,signal,700,2,0,42.36
32,1950,2,signal,800,3,0,43.553333
32,1950,2,signal,900,3,0,42.796665
32,1950,2,signal,1000,3,0,41.623333
32,1950,2,signal,1100,3,0,44.523335
32,1950,2,signal,1200,5,0,42.284
32,1950,2,signal,1300,27,0,56.327408
32,1950,2,signal,1400,25,1,45.439598
32,1950,2,signal,1500,221,125,7.618371
32,1950,2,signal,1600,271,156,7.880369
32,1950,2,signal,1700,284,169,7.5602117
32,1950,2,signal,1800,306,192,6.696634
32,1950,2,signal,1900,198,144,6.8320203
32,1950,3,ramp,0,29,0,40.822414
32,1950,3,ramp,100,32,0,39.656563
32,1950,3,ramp,200,25,0,40.2724
32,1950,3,ramp,300,27,0,40.444073
32,1950,3,ramp,400,22,0,41.383636
32,1950,3,ramp,500,24,0,41.549583
32,1950,3,ramp,600,26,0,42.00577
32,1950,3,ramp,700,22,0,42.011364
32,1950,3,ramp,800,19,0,41.65421
32,1950,3,ramp,900,5,0,42.384
32,1950,3,ramp,1000,5,0,42.94
32,1950,3,ramp,1100,3,0,41.743336
32,1950,3,signal,0,4,0,44.3325
32,1950,3,signal,100,2,0,42.845
32,1950,3,signal,200,4,0,44.2575
32,1950,3,signal,300,3,0,44.403336
32,1950,3,signal,400,3,0,44.103333
32,1950,3,signal,500,4,0,43.752502
32,1950,3,signal,600,3,0,42.86
32,1950,3,signal,700,3,0,43.666668
32,1950,3,signal,800,4,0,42.49
32,1950,3,signal,900,3,0,43.85667
32,1950,3,signal,1000,3,0,43.74
32,1950,3,signal,1100,4,0,43.7575
32,1950,3,signal,1200,3,0,42.543335
32,1950,3,signal,1300,7,0,54.49857
32,1950,3,signal,1400,15,0,53.920666
32,1950,3,signal,1500,230,162,7.745174
32,1950,3,signal,1600,319,227,6.064671
32,1950,3,signal,1700,295,195,7.3430166
32,1950,3,signal,1800,349,256,5.5024643
32,1950,3,signal,1900,242,204,2.965909
32,2100,1,ramp,0,27,0,41.875927
32,2100,1,ramp,100,30,0,40.906334
32,2100,1,ramp,200,30,0,41.809002
32,2100,1,ramp,300,32,0,41.285
32,2100,1,ramp,400,30,0,41.195
32,2100,1,ramp,500,34,0,41.28824
32,2100,1,ramp,600,33,0,40.670605
32,2100,1,ramp,700,31,0,41.01516
32,2100,1,ramp,800,39,0,40.69128
32,2100,1,ramp,900,53,0,40.214714
32,2100,1,ramp,1000,17,0,39.78824
32,2100,1,ramp,1100,14,0,41.28857
32,2100,1,ramp,1200,22,0,37.291363
32,2100,1,ramp,1300,5,0,37.808002
32,2100,1,signal,0,9,0,38.864445
32,2100,1,signal,100,9,0,38.89
32,2100,1,signal,200,9,0,39.351112
32,2100,1,signal,300,7,0,39.945713
32,2100,1,signal,400,9,0,41.237778
32,2100,1,signal,500,9,0,41.078888
32,2100,1,signal,600,9,0,41.622223
32,2100,1,signal,700,7,0,41.118572
32,2100,1,signal,800,9,0,40.82
32,2100,1,signal,900,7,0,38.63143
32,2100,1,signal,1000,10,0,42.508003
32,2100,1,signal,1100,9,0,41.92778
32,2100,1,signal,1200,27,0,48.87296
32,2100,1,signal,1300,35,0,59.93
32,2100,1,signal,1400,36,2,42.933334
32,2100,1,signal,1500,299,207,5.906522
32,2100,1,signal,1600,281,186,7.936335
32,2100,1,signal,1700,330,226,6.636576
32,2100,1,signal,1800,279,187,8.028459
32,2100,1,signal,1900,185,139,8.529784
32,2100,2,ramp,0,31,0,40.36161
32,2100,2,ramp,100,34,0,39.933235
32,2100,2,ramp,200,29,0,39.932415
32,2100,2,ramp,300,29,0,40.643105
32,2100,2,ramp,400,32,0,39.954063
32,2100,2,ramp,500,30,0,39.465332
32,2100,2,ramp,600,26,0,37.50923
32,2100,2,ramp,700,26,0,37.626537
32,2100,2,ramp,800,38,0,38.362633
32,2100,2,ramp,900,49,0,37.298775
32,2100,2,ramp,1000,15,0,36.710667
32,2100,2,ramp,1100,4,0,35.565
32,2100,2,signal,0,8,0,40.68375
32,2100,2,signal,100,7,0,39.445713
32,2100,2,signal,200,7,0,38.478573
32,2100,2,signal,300,7,0,38.82143
32,2100,2,signal,400,6,0,38.62167
32,2100,2,signal,500,7,0,40.145714
32,2100,2,signal,600,8,0,40.34
32,2100,2,signal,700,7,0,37.764286
32,2100,2,signal,800,5,0,37.844
32,2100,2,signal,900,5,0,37.738
32,2100,2,signal,1000,4,0,37.0625
32,2100,2,signal,1100,3,0,38.97333
32,2100,2,signal,1200,6,0,38.58167
32,2100,2,signal,1300,21,0,61.58857
32,2100,2,signal,1400,26,4,38.27346
32,2100,2,signal,1500,274,189,6.2411675
32,2100,2,signal,1600,262,170,7.915458
32,2100,2,signal,1700,263,161,7.6264257
32,2100,2,signal,1800,268,171,7.172388
32,2100,2,signal,1900,175,123,7.5050287
32,2100,3,ramp,0,34,0,40.849117
32,2100,3,ramp,100,37,0,39.92838
32,2100,3,ramp,200,44,0,40.19318
32,2100,3,ramp,300,35,0,38.988
32,2100,3,ramp,400,35,0,39.42143
32,2100,3,ramp,500,36,0,39.4925
32,2100,3,ramp,600,38,0,38.873947
32,2100,3,ramp,700,36,0,39.477497
32,2100,3,ramp,800,23,0,39.20304
32,2100,3,ramp,900,6,0,36.726665
32,2100,3,ramp,1000,5,0,39.54
32,2100,3,ramp,1100,2,0,40.83
32,2100,3,signal,0,3,0,42.396667
32,2100,3,signal,100,4,0,39.875
32,2100,3,signal,200,3,0,42.100002
32,2100,3,signal,300,4,0,39.875
32,2100,3,signal,400,3,0,40.916668
32,2100,3,signal,500,4,0,42.225
32,2100,3,signal,600,4,0,39.595
32,2100,3,signal,700,3,0,42.74667
32,2100,3,signal,800,3,0,39.26
32,2100,3,signal,900,4,0,41.947502
32,2100,3,signal,1000,4,0,39.875
32,2100,3,signal,1100,3,0,42.100002
32,2100,3,signal,1200,3,0,40.193333
32,2100,3,signal,1300,7,0,49.862858
32,2100,3,signal,1400,30,3,46.519333
32,2100,3,signal,1500,281,198,6.346868
32,2100,3,signal,1600,331,238,5.583686
32,2100,3,signal,1700,311,219,5.745402
32,2100,3,signal,1800,338,254,5.110976
32,2100,3,signal,1900,215,177,3.8004186
32,2250,1,ramp,0,26,0,37.81846
32,2250,1,ramp,100,32,0,36.538124
32,2250,1,ramp,200,32,0,36.071564
32,2250,1,ramp,300,30,0,36.515
32,2250,1,ramp,400,26,0,36.975384
32,2250,1,ramp,500,25,0,37.083202
32,2250,1,ramp,600,25,0,38.04
32,2250,1,ramp,700,24,0,38.185417
32,2250,1,ramp,800,29,0,38.934135
32,2250,1,ramp,900,25,0,39.3844
32,2250,1,ramp,1000,21,0,41.14476
32,2250,1,ramp,1100,13,0,40.723843
32,2250,1,ramp,1200,30,1,36.519665
32,2250,1,ramp,1300,8,0,39.0275
32,2250,1,signal,0,3,0,42.27667
32,2250,1,signal,100,2,0,37.655
32,2250,1,signal,200,3,0,33.789997
32,2250,1,signal,300,5,0,33.222
32,2250,1,signal,400,4,0,31.675
32,2250,1,signal,500,2,0,30.595001
32,2250,1,signal,600,3,0,30.003334
32,2250,1,signal,700,6,0,37.641666
32,2250,1,signal,800,8,0,37.4525
32,2250,1,signal,900,9,0,39.675552
32,2250,1,signal,1000,10,0,39.897
32,2250,1,signal,1100,10,0,37.864998
32,2250,1,signal,1200,28,0,39.706787
32,2250,1,signal,1300,27,0,54.65037
32,2250,1,signal,1400,24,0,47.679585
32,2250,1,signal,1500,225,151,6.866711
32,2250,1,signal,1600,258,184,8.1780615
32,2250,1,signal,1700,320,226,6.21375
32,2250,1,signal,1800,297,206,7.459225
32,2250,1,signal,1900,177,127,9.221243
32,2250,2,ramp,0,30,0,41.104332
32,2250,2,ramp,100,32,0,40.088436
32,2250,2,ramp,200,28,0,39.48107
32,2250,2,ramp,300,35,0,39.76486
32,2250,2,ramp,400,37,0,39.08892
32,2250,2,ramp,500,39,0,38.943592
32,2250,2,ramp,600,39,0,40.879997
32,2250,2,ramp,700,40,0,40.861748
32,2250,2,ramp,800,43,0,41.045815
32,2250,2,ramp,900,51,0,39.726078
32,2250,2,ramp,1000,19,0,41.777897
32,2250,2,ramp,1100,11,0,40.56636
32,2250,2,ramp,1200,2,0,40.995003
32,2250,2,signal,100,1,0,41.17
32,2250,2,signal,200,2,0,42.82
32,2250,2,signal,300,2,0,41.025
32,2250,2,signal,400,2,0,40.175
32,2250,2,signal,500,3,0,40.343334
32,2250,2,signal,600,4,0,38.7725
32,2250,2,signal,700,2,0,40.96
32,2250,2,signal,1200,5,0,35.582
32,2250,2,signal,1300,28,0,58.64929
32,2250,2,signal,1400,18,0,49.288334
32,2250,2,signal,1500,219,137,8.346576
32,2250,2,signal,1600,277,170,8.398556
32,2250,2,signal,1700,287,170,8.507108
32,2250,2,signal,1800,277,164,8.582671
32,2250,2,signal,1900,175,127,8.424914
32,2250,3,ramp,0,29,0,42.92276
32,2250,3,ramp,100,28,0,42.771427
32,2250,3,ramp,200,34,0,41.367645
32,2250,3,ramp,300,43,0,41.44535
32,2250,3,ramp,400,44,0,40.62182
32,2250,3,ramp,500,47,0,40.39681
32,2250,3,ramp,600,44,0,40.136593
32,2250,3,ramp,700,37,0,40.102432
32,2250,3,ramp,800,26,0,40.20923
32,2250,3,ramp,900,12,0,41.126667
32,2250,3,ramp,1000,7,0,39.132854
32,2250,3,ramp,1100,5,0,38.946
32,2250,3,signal,0,5,0,44.176003
32,2250,3,signal,100,5,0,41.904
32,2250,3,signal,200,5,0,43.116
32,2250,3,signal,300,6,0,42.671665
32,2250,3,signal,400,4,0,44.0325
32,2250,3,signal,500,6,0,42.486668
32,2250,3,signal,600,5,0,42.362
32,2250,3,signal,700,5,0,42.84
32,2250,3,signal,800,5,0,43.014
32,2250,3,signal,900,4,0,43.4175
32,2250,3,signal,1000,4,0,42.6525
32,2250,3,signal,1100,2,0,42.325
32,2250,3,signal,1200,2,0,43.53
32,2250,3,signal,1300,6,0,55.346664
32,2250,3,signal,1400,20,0,68.5435
32,2250,3,signal,1500,223,167,7.1851125
32,2250,3,signal,1600,322,246,6.415373
32,2250,3,signal,1700,350,258,5.172943
32,2250,3,signal,1800,326,238,5.295675
32,2250,3,signal,1900,228,193,3.3605263
32,2400,1,ramp,0,29,0,42.554142
32,2400,1,ramp,100,32,0,41.176876
32,2400,1,ramp,200,30,0,40.57733
32,2400,1,ramp,300,25,0,40.314
32,2400,1,ramp,400,23,0,40.808258
32,2400,1,ramp,500,27,0,40.770744
32,2400,1,ramp,600,26,0,39.51269
32,2400,1,ramp,700,30,0,38.665333
32,2400,1,ramp,800,33,0,39.625153
32,2400,1,ramp,900,31,0,38.33903
32,2400,1,ramp,1000,19,0,37.88579
32,2400,1,ramp,1100,13,0,37.976154
32,2400,1,ramp,1200,32,0,33.63375
32,2400,1,ramp,1300,14,0,40.492146
32,2400,1,signal,0,5,0,42.582
32,2400,1,signal,100,8,0,42.12
32,2400,1,signal,200,6,0,42.258335
32,2400,1,signal,300,6,0,40.946667
32,2400,1,signal,400,8,0,41.84875
32,2400,1,signal,500,8,0,42.725
32,2400,1,signal,600,6,0,41.07
32,2400,1,signal,700,6,0,40.600002
32,2400,1,signal,800,6,0,41.59667
32,2400,1,signal,900,6,0,40.49
32,2400,1,signal,1000,4,0,39.275
32,2400,1,signal,1100,3,0,39.426666
32,2400,1,signal,1200,24,0,40.461666
32,2400,1,signal,1300,24,0,62.212498
32,2400,1,signal,1400,43,7,32.745117
32,2400,1,signal,1500,255,163,6.340353
32,2400,1,signal,1600,245,162,8.707755
32,2400,1,signal,1700,299,191,7.1512375
32,2400,1,signal,1800,264,176,7.675341
32,2400,1,signal,1900,177,135,8.397401
32,2400,2,ramp,0,37,0,40.59108
32,2400,2,ramp,100,33,0,39.793636
32,2400,2,ramp,200,32,0,40.188126
32,2400,2,ramp,300,33,0,40.016666
32,2400,2,ramp,400,31,0,40.679356
32,2400,2,ramp,500,33,0,40.88515
32,2400,2,ramp,600,32,0,39.93844
32,2400,2,ramp,700,30,0,39.39833
32,2400,2,ramp,800,37,0,40.590538
32,2400,2,ramp,900,51,0,40.082157
32,2400,2,ramp,1000,19,1,35.306316
32,2400,2,ramp,1100,10,0,42.318
32,2400,2,ramp,1200,3,0,40.05
32,2400,2,ramp,1300,1,0,38.38
32,2400,2,signal,0,2,0,43.11
32,2400,2,signal,100,2,0,40.08
32,2400,2,signal,200,1,0,42.2
32,2400,2,signal,300,2,0,42.505
32,2400,2,signal,400,2,0,40.684998
32,2400,2,signal,500,2,0,40.175
32,2400,2,signal,600,2,0,38.265
32,2400,2,signal,700,2,0,36.835
32,2400,2,signal,800,1,0,41.6
32,2400,2,signal,900,1,0,33.83
32,2400,2,signal,1100,2,0,43.93
32,2400,2,signal,1200,7,0,32.64857
32,2400,2,signal,1300,33,0,53.110607
32,2400,2,signal,1400,48,12,27.735418
32,2400,2,signal,1500,272,160,7.3780513
32,2400,2,signal,1600,286,178,7.9326572
32,2400,2,signal,1700,307,181,7.478893
32,2400,2,signal,1800,314,199,6.8573246
32,2400,2,signal,1900,189,130,8.555661
32,2400,3,ramp,0,33,0,41.098183
32,2400,3,ramp,100,41,0,40.72634
32,2400,3,ramp,200,34,0,39.92147
32,2400,3,ramp,300,33,0,40.57485
32,2400,3,ramp,400,34,0,40.71706
32,2400,3,ramp,500,29,0,40.49621
32,2400,3,ramp,600,32,0,41.04531
32,2400,3,ramp,700,38,0,40.624474
32,2400,3,ramp,800,27,0,41.562225
32,2400,3,ramp,900,12,0,42.381668
32,2400,3,ramp,1000,13,0,42.153076
32,2400,3,ramp,1100,6,0,41.72167
32,2400,3,signal,0,3,0,42.283337
32,2400,3,signal,100,2,0,40.77
32,2400,3,signal,200,2,0,40.025
32,2400,3,signal,900,1,0,42.09
32,2400,3,signal,1000,4,0,43.7075
32,2400,3,signal,1100,5,0,42.008003
32,2400,3,signal,1200,3,0,43.703335
32,2400,3,signal,1300,16,0,56.773125
32,2400,3,signal,1400,59,26,23.878983
32,2400,3,signal,1500,294,216,6.1192856
32,2400,3,signal,1600,326,246,5.6647854
32,2400,3,signal,1700,331,249,5.568399
32,2400,3,signal,1800,354,256,5.084746
32,2400,3,signal,1900,242,209,2.9102478
32,2550,1,ramp,0,25,0,40.4792
32,2550,1,ramp,100,25,0,39.663597
32,2550,1,ramp,200,24,0,39.922916
32,2550,1,ramp,300,27,0,40.93741
32,2550,1,ramp,400,29,0,40.96517
32,2550,1,ramp,500,28,0,40.132854
32,2550,1,ramp,600,34,0,40.22706
32,2550,1,ramp,700,26,0,40.73769
32,2550,1,ramp,800,32,0,39.7025
32,2550,1,ramp,900,90,35,17.044333
32,2550,1,ramp,1000,91,55,6.394615
32,2550,1,ramp,1100,7,0,38.362858
32,2550,1,ramp,1200,23,0,37.608696
32,2550,1,ramp,1300,10,0,39.642998
32,2550,1,signal,0,4,0,38.805
32,2550,1,signal,100,6,0,38.415
32,2550,1,signal,200,6,0,38.325
32,2550,1,signal,300,6,0,37.09667
32,2550,1,signal,400,5,0,37.972
32,2550,1,signal,500,5,0,36.246
32,2550,1,signal,600,2,0,40.715
32,2550,1,signal,700,3,0,41.53
32,2550,1,signal,800,6,0,41.204998
32,2550,1,signal,900,15,7,14.940667
32,2550,1,signal,1000,6,5,2.3666666
32,2550,1,signal,1100,1,0,41.03
32,2550,1,signal,1200,30,0,39.985664
32,2550,1,signal,1300,37,0,58.11027
32,2550,1,signal,1400,33,1,48.778183
32,2550,1,signal,1500,289,176,7.2523527
32,2550,1,signal,1600,334,232,6.3465867
32,2550,1,signal,1700,308,190,6.993539
32,2550,1,signal,1800,254,158,9.678504
32,2550,1,signal,1900,174,124,8.575402
32,2550,2,ramp,0,27,0,41.285923
32,2550,2,ramp,100,28,0,39.9975
32,2550,2,ramp,200,30,0,40.094666
32,2550,2,ramp,300,33,0,39.565758
32,2550,2,ramp,400,40,0,38.6855
32,2550,2,ramp,500,32,0,37.61844
32,2550,2,ramp,600,29,0,37.34724
32,2550,2,ramp,700,35,0,38.659714
32,2550,2,ramp,800,45,0,38.10911
32,2550,2,ramp,900,97,34,19.360207
32,2550,2,ramp,1000,101,70,4.5241585
32,2550,2,ramp,1100,5,0,38.972
32,2550,2,signal,0,2,0,45.815002
32,2550,2,signal,100,4,0,43.3425
32,2550,2,signal,200,4,0,43.4725
32,2550,2,signal,300,2,0,41.440002
32,2550,2,signal,400,4,0,42.559998
32,2550,2,signal,500,4,0,42.4725
32,2550,2,signal,600,5,0,39.626
32,2550,2,signal,700,2,0,43.46
32,2550,2,signal,1000,1,0,40.69
32,2550,2,signal,1100,1,0,42.76
32,2550,2,signal,1200,4,0,38.177498
32,2550,2,signal,1300,27,0,55.121483
32,2550,2,signal,1400,34,1,48.956764
32,2550,2,signal,1500,280,177,5.315964
32,2550,2,signal,1600,267,160,7.27985
32,2550,2,signal,1700,279,178,6.9840503
32,2550,2,signal,1800,335,233,5.293433
32,2550,2,signal,1900,194,142,7.2798457
32,2550,3,ramp,0,25,0,42.586002
32,2550,3,ramp,100,26,0,41.943462
32,2550,3,ramp,200,31,0,41.601936
32,2550,3,ramp,300,28,0,40.7575
32,2550,3,ramp,400,33,0,40.68182
32,2550,3,ramp,500,32,0,40.86625
32,2550,3,ramp,600,37,0,39.264053
32,2550,3,ramp,700,35,0,39.72943
32,2550,3,ramp,800,20,0,38.101997
32,2550,3,ramp,900,11,0,36.693638
32,2550,3,ramp,1000,15,2,31.343332
32,2550,3,ramp,1100,7,0,37.08286
32,2550,3,signal,0,5,0,37.81
32,2550,3,signal,100,5,0,38.196
32,2550,3,signal,200,7,0,37.987144
32,2550,3,signal,300,6,0,38.2
32,2550,3,signal,400,7,0,36.811428
32,2550,3,signal,500,9,0,36.263332
32,2550,3,signal,600,5,0,37.382
32,2550,3,signal,700,6,0,37.376667
32,2550,3,signal,800,6,0,39.578335
32,2550,3,signal,900,5,0,35.696003
32,2550,3,signal,1000,9,4,21.125557
32,2550,3,signal,1100,4,0,43.2
32,2550,3,signal,1200,2,0,40.225
32,2550,3,signal,1300,11,0,48.66909
32,2550,3,signal,1400,17,2,42.00941
32,2550,3,signal,1500,267,173,7.020712
32,2550,3,signal,1600,330,242,6.1892424
32,2550,3,signal,1700,335,240,5.864299
32,2550,3,signal,1800,331,239,6.236858
32,2550,3,signal,1900,215,189,3.4402328
32,2700,1,ramp,0,29,0,41.385174
32,2700,1,ramp,100,31,0,38.6929
32,2700,1,ramp,200,32,0,39.42781
32,2700,1,ramp,300,28,0,39.12536
32,2700,1,ramp,400,27,0,37.49185
32,2700,1,ramp,500,26,0,38.66654
32,2700,1,ramp,600,25,0,36.368397
32,2700,1,ramp,700,24,0,37.746666
32,2700,1,ramp,800,35,0,36.82943
32,2700,1,ramp,900,168,87,9.037024
32,2700,1,ramp,1000,81,39,9.931728
32,2700,1,ramp,1100,5,0,44.46
32,2700,1,ramp,1200,22,0,42.03091
32,2700,1,ramp,1300,9,0,40.44889
32,2700,1,signal,0,4,0,42.165
32,2700,1,signal,100,2,0,43.765
32,2700,1,signal,200,2,0,40.02
32,2700,1,signal,300,2,0,40.02
32,2700,1,signal,400,2,0,41.059998
32,2700,1,signal,500,2,0,38.325
32,2700,1,signal,600,6,0,36.39
32,2700,1,signal,700,3,0,34.716667
32,2700,1,signal,800,6,0,38.395
32,2700,1,signal,900,23,11,7.846522
32,2700,1,signal,1000,16,9,14.591875
32,2700,1,signal,1100,5,0,37.264
32,2700,1,signal,1200,23,1,38.063915
32,2700,1,signal,1300,24,0,58.935833
32,2700,1,signal,1400,30,3,45.068
32,2700,1,signal,1500,252,173,5.9521427
32,2700,1,signal,1600,298,198,7.17547
32,2700,1,signal,1700,295,197,7.3194237
32,2700,1,signal,1800,329,240,6.7972035
32,2700,1,signal,1900,184,135,9.181304
32,2700,2,ramp,0,26,0,42.289616
32,2700,2,ramp,100,31,0,41.090324
32,2700,2,ramp,200,22,0,40.78273
32,2700,2,ramp,300,32,0,40.618126
32,2700,2,ramp,400,28,0,40.553215
32,2700,2,ramp,500,31,0,40.535484
32,2700,2,ramp,600,32,0,40.224686
32,2700,2,ramp,700,29,0,40.677933
32,2700,2,ramp,800,34,0,40.941177
32,2700,2,ramp,900,224,143,7.9512496
32,2700,2,ramp,1000,106,73,3.7034907
32,2700,2,ramp,1100,6,0,42.438335
32,2700,2,signal,0,4,0,44.1325
32,2700,2,signal,100,3,0,41.77667
32,2700,2,signal,200,3,0,43.28
32,2700,2,signal,300,4,0,42.9625
32,2700,2,signal,400,3,0,41.210003
32,2700,2,signal,500,4,0,44.1325
32,2700,2,signal,600,3,0,42.013332
32,2700,2,signal,700,6,0,41.568333
32,2700,2,signal,800,6,0,41.661667
32,2700,2,signal,900,3,1,23.946665
32,2700,2,signal,1000,3,0,32.936665
32,2700,2,signal,1100,4,0,36.5575
32,2700,2,signal,1200,9,0,37.27
32,2700,2,signal,1300,23,0,55.352173
32,2700,2,signal,1400,16,0,47.105
32,2700,2,signal,1500,257,148,7.7896886
32,2700,2,signal,1600,308,178,6.8896756
32,2700,2,signal,1700,265,137,7.661019
32,2700,2,signal,1800,261,148,8.23521
32,2700,2,signal,1900,174,118,7.8253446
32,2700,3,ramp,0,31,0,43.47226
32,2700,3,ramp,100,33,0,42.42121
32,2700,3,ramp,200,30,0,42.734333
32,2700,3,ramp,300,32,0,42.07281
32,2700,3,ramp,400,29,0,43.293793
32,2700,3,ramp,500,31,0,42.22161
32,2700,3,ramp,600,33,0,42.093033
32,2700,3,ramp,700,30,0,42.55167
32,2700,3,ramp,800,25,0,41.036
32,2700,3,ramp,900,11,0,41.04
32,2700,3,ramp,1000,16,0,39.083126
32,2700,3,ramp,1100,5,0,41.412
32,2700,3,signal,0,1,0,41.6
32,2700,3,signal,100,1,0,39.21
32,2700,3,signal,900,2,0,43.18
32,2700,3,signal,1000,5,0,36.814003
32,2700,3,signal,1100,3,0,43.03
32,2700,3,signal,1200,3,0,43.653336
32,2700,3,signal,1300,10,0,55.2
32,2700,3,signal,1400,22,0,59.386818
32,2700,3,signal,1500,254,193,5.792008
32,2700,3,signal,1600,344,251,5.822994
32,2700,3,signal,1700,310,212,7.262613
32,2700,3,signal,1800,325,223,6.4788003
32,2700,3,signal,1900,231,194,3.2930737
32,2850,1,ramp,0,14,0,43.084286
32,2850,1,ramp,100,19,0,41.55421
32,2850,1,ramp,200,18,0,41.52722
32,2850,1,ramp,300,17,0,41.373528
32,2850,1,ramp,400,20,0,41.0695
32,2850,1,ramp,500,24,0,41.392498
32,2850,1,ramp,600,23,0,40.57348
32,2850,1,ramp,700,21,0,41.35143
32,2850,1,ramp,800,26,0,41.576923
32,2850,1,ramp,900,47,4,30.48851
32,2850,1,ramp,1000,41,7,25.544147
32,2850,1,ramp,1100,17,0,41.544117
32,2850,1,ramp,1200,32,0,36.59469
32,2850,1,ramp,1300,7,0,39.434288
32,2850,1,signal,0,5,0,40.316
32,2850,1,signal,100,7,0,39.604286
32,2850,1,signal,200,5,0,36.65
32,2850,1,signal,300,6,0,40.170002
32,2850,1,signal,400,4,0,39.197502
32,2850,1,signal,500,4,0,38.215
32,2850,1,signal,600,4,0,39.425003
32,2850,1,signal,700,4,0,37.822502
32,2850,1,signal,800,8,0,38.81625
32,2850,1,signal,900,7,1,31.925714
32,2850,1,signal,1000,8,1,31.885
32,2850,1,signal,1100,7,0,41.797142
32,2850,1,signal,1200,24,0,42.818752
32,2850,1,signal,1300,24,0,52.574585
32,2850,1,signal,1400,23,0,51.634346
32,2850,1,signal,1500,204,131,7.4363728
32,2850,1,signal,1600,289,197,7.4855714
32,2850,1,signal,1700,317,206,6.5460253
32,2850,1,signal,1800,271,179,8.586015
32,2850,1,signal,1900,175,128,9.1944
32,2850,2,ramp,0,19,0,42.579475
32,2850,2,ramp,100,18,0,41.594444
32,2850,2,ramp,200,18,0,41.729446
32,2850,2,ramp,300,20,0,40.9355
32,2850,2,ramp,400,24,0,41.479168
32,2850,2,ramp,500,20,0,41.292
32,2850,2,ramp,600,24,0,40.747917
32,2850,2,ramp,700,26,0,41.895386
32,2850,2,ramp,800,31,0,41.799034
32,2850,2,ramp,900,62,7,26.496937
32,2850,2,ramp,1000,40,10,18.886
32,2850,2,ramp,1100,3,0,43.506668
32,2850,2,ramp,1200,2,0,40.205
32,2850,2,ramp,1300,1,0,7.16
32,2850,2,signal,0,4,0,43.935
32,2850,2,signal,100,3,0,43.570004
32,2850,2,signal,200,3,0,44.929996
32,2850,2,signal,300,4,0,44.510002
32,2850,2,signal,400,2,0,42.815
32,2850,2,signal,500,4,0,43.4325
32,2850,2,signal,600,4,0,41.7875
32,2850,2,signal,700,3,0,42.686665
32,2850,2,signal,800,2,0,41.53
32,2850,2,signal,900,2,0,43.065
32,2850,2,signal,1000,2,0,41.83
32,2850,2,signal,1100,1,0,40.75
32,2850,2,signal,1200,5,0,33.972
32,2850,2,signal,1300,27,0,58.87704
32,2850,2,signal,1400,16,0,61.871876
32,2850,2,signal,1500,218,125,9.679679
32,2850,2,signal,1600,296,186,8.488614
32,2850,2,signal,1700,321,203,7.8452964
32,2850,2,signal,1800,304,183,7.7245393
32,2850,2,signal,1900,181,127,8.883315
32,2850,3,ramp,0,19,0,43.453156
32,2850,3,ramp,100,21,0,42.700478
32,2850,3,ramp,200,22,0,42.200455
32,2850,3,ramp,300,21,0,42.50143
32,2850,3,ramp,400,22,0,42.33
32,2850,3,ramp,500,22,0,42.32909
32,2850,3,ramp,600,25,0,42.3592
32,2850,3,ramp,700,25,0,42.507202
32,2850,3,ramp,800,18,0,41.328888
32,2850,3,ramp,900,6,0,42.003334
32,2850,3,ramp,1000,6,0,41.976665
32,2850,3,ramp,1100,5,0,41.808
32,2850,3,signal,0,1,0,41.26
32,2850,3,signal,100,2,0,40.85
32,2850,3,signal,200,2,0,40.405
32,2850,3,signal,300,2,0,40.4
32,2850,3,signal,400,1,0,42.39
32,2850,3,signal,500,2,0,40.4
32,2850,3,signal,600,2,0,40.4
32,2850,3,signal,700,2,0,40.405
32,2850,3,signal,800,1,0,43.19
32,2850,3,signal,900,4,0,39.545
32,2850,3,signal,1000,3,0,42.333332
32,2850,3,signal,1100,4,0,41.7375
32,2850,3,signal,1200,3,0,44.36
32,2850,3,signal,1300,12,0,52.5925
32,2850,3,signal,1400,22,0,60.161366
32,2850,3,signal,1500,229,180,6.6861134
32,2850,3,signal,1600,323,259,5.7340245
32,2850,3,signal,1700,341,255,5.4461584
32,2850,3,signal,1800,364,277,4.566209
32,2850,3,signal,1900,218,183,3.3100002
32,3000,1,ramp,0,23,0,41.86261
32,3000,1,ramp,100,24,0,41.350002
32,3000,1,ramp,200,19,0,40.966843
32,3000,1,ramp,300,18,0,41.185
32,3000,1,ramp,400,13,0,42.153847
32,3000,1,ramp,500,15,0,42.874
32,3000,1,ramp,600,12,0,42.695004
32,3000,1,ramp,700,13,0,42.835384
32,3000,1,ramp,800,15,0,41.250668
32,3000,1,ramp,900,16,0,40.30125
32,3000,1,ramp,1000,8,0,42.55
32,3000,1,ramp,1100,7,0,41.32
32,3000,1,ramp,1200,19,0,38.964737
32,3000,1,ramp,1300,6,0,39.283333
32,3000,1,signal,0,1,0,46.66
32,3000,1,signal,100,2,0,42.63
32,3000,1,signal,200,3,0,43.63333
32,3000,1,signal,300,3,0,43.09
32,3000,1,signal,400,5,0,43.504
32,3000,1,signal,500,4,0,41.8125
32,3000,1,signal,600,5,0,42.736
32,3000,1,signal,700,6,0,43.531666
32,3000,1,signal,800,5,0,41.804
32,3000,1,signal,900,6,0,39.225002
32,3000,1,signal,1000,8,0,41.1
32,3000,1,signal,1100,7,0,39.7
32,3000,1,signal,1200,23,0,41.198696
32,3000,1,signal,1300,22,0,54.03909
32,3000,1,signal,1400,16,0,49.16125
32,3000,1,signal,1500,230,150,6.7594786
32,3000,1,signal,1600,286,195,7.1083565
32,3000,1,signal,1700,274,192,8.258358
32,3000,1,signal,1800,287,203,7.8604875
32,3000,1,signal,1900,175,130,9.513144
32,3000,2,ramp,0,21,0,42.73619
32,3000,2,ramp,100,21,0,41.04095
32,3000,2,ramp,200,23,0,41.456085
32,3000,2,ramp,300,19,0,41.839474
32,3000,2,ramp,400,20,0,41.739502
32,3000,2,ramp,500,19,0,40.884735
32,3000,2,ramp,600,18,0,41.81056
32,3000,2,ramp,700,16,0,41.298748
32,3000,2,ramp,800,17,0,40.624115
32,3000,2,ramp,900,32,0,41.669376
32,3000,2,ramp,1000,8,0,40.32625
32,3000,2,ramp,1100,3,0,40.843334
32,3000,2,signal,0,5,0,42.15
32,3000,2,signal,100,5,0,41.114002
32,3000,2,signal,200,3,0,41.74
32,3000,2,signal,300,4,0,42.265
32,3000,2,signal,400,3,0,40.736668
32,3000,2,signal,500,3,0,40.423332
32,3000,2,signal,600,2,0,38.105
32,3000,2,signal,700,2,0,37.39
32,3000,2,signal,800,2,0,35.795
32,3000,2,signal,900,2,0,35.315
32,3000,2,signal,1000,1,0,41.13
32,3000,2,signal,1100,2,0,41.425
32,3000,2,signal,1200,4,0,40.502502
32,3000,2,signal,1300,23,0,55.76739
32,3000,2,signal,1400,15,0,57.171333
32,3000,2,signal,1500,204,126,8.201715
32,3000,2,signal,1600,282,165,8.618192
32,3000,2,signal,1700,313,205,7.5597124
32,3000,2,signal,1800,322,195,7.309068
32,3000,2,signal,1900,208,149,7.149519
32,3000,3,ramp,0,18,0,42.468887
32,3000,3,ramp,100,21,0,40.765717
32,3000,3,ramp,200,21,0,41.30143
32,3000,3,ramp,300,20,0,41.441
32,3000,3,ramp,400,15,0,42.249332
32,3000,3,ramp,500,20,0,42.498
32,3000,3,ramp,600,16,0,42.45625
32,3000,3,ramp,700,15,0,43.185997
32,3000,3,ramp,800,9,0,43.465557
32,3000,3,ramp,1000,2,0,39.835
32,3000,3,ramp,1100,1,0,41.85
32,3000,3,signal,0,4,0,41.97
32,3000,3,signal,100,5,0,41.47
32,3000,3,signal,200,4,0,40.574997
32,3000,3,signal,300,3,0,39.76
32,3000,3,signal,400,1,0,42.18
32,3000,3,signal,500,2,0,39.885002
32,3000,3,signal,600,2,0,39.885002
32,3000,3,signal,700,2,0,39.885
32,3000,3,signal,800,2,0,40.805
32,3000,3,signal,900,1,0,41.26
32,3000,3,signal,1000,2,0,39.885002
32,3000,3,signal,1100,2,0,39.885002
32,3000,3,signal,1200,2,0,40.805
32,3000,3,signal,1300,10,0,66.198
32,3000,3,signal,1400,20,0,69.303
32,3000,3,signal,1500,202,139,7.6565843
32,3000,3,signal,1600,315,232,6.4429526
32,3000,3,signal,1700,315,233,6.112032
32,3000,3,signal,1800,333,239,5.920961
32,3000,3,signal,1900,223,181,3.7769058
32,3150,1,ramp,0,30,0,43.03367
32,3150,1,ramp,100,31,0,41.020645
32,3150,1,ramp,200,33,0,41.742424
32,3150,1,ramp,300,30,0,41.340332
32,3150,1,ramp,400,35,0,40.348286
32,3150,1,ramp,500,29,0,39.876553
32,3150,1,ramp,600,28,0,40.100002
32,3150,1,ramp,700,18,0,40.594444
32,3150,1,ramp,800,28,0,39.700714
32,3150,1,ramp,900,28,0,41.77107
32,3150,1,ramp,1000,9,0,38.99
32,3150,1,ramp,1100,9,0,42.56111
32,3150,1,ramp,1200,16,0,37.953125
32,3150,1,ramp,1300,8,0,37.79
32,3150,1,signal,0,2,0,41.22
32,3150,1,signal,100,2,0,41.215
32,3150,1,signal,200,1,0,38.98
32,3150,1,signal,300,1,0,43.45
32,3150,1,signal,800,1,0,42.53
32,3150,1,signal,900,2,0,40.504997
32,3150,1,signal,1000,1,0,45.36
32,3150,1,signal,1100,4,0,42.2725
32,3150,1,signal,1200,18,0,39.827225
32,3150,1,signal,1300,30,0,54.976
32,3150,1,signal,1400,21,0,55.43619
32,3150,1,signal,1500,227,144,7.8393393
32,3150,1,signal,1600,270,167,8.924814
32,3150,1,signal,1700,284,178,7.6545773
32,3150,1,signal,1800,254,158,9.395473
32,3150,1,signal,1900,176,129,8.994262
32,3150,2,ramp,0,29,0,41.301723
32,3150,2,ramp,100,29,0,40.546207
32,3150,2,ramp,200,23,0,39.85826
32,3150,2,ramp,300,30,0,41.275
32,3150,2,ramp,400,30,0,40.906002
32,3150,2,ramp,500,27,0,40.65148
32,3150,2,ramp,600,34,0,41.513233
32,3150,2,ramp,700,42,0,41.492622
32,3150,2,ramp,800,40,0,41.17125
32,3150,2,ramp,900,52,0,40.75923
32,3150,2,ramp,1000,20,0,40.733498
32,3150,2,ramp,1100,5,0,40.562
32,3150,2,signal,0,3,0,44.066666
32,3150,2,signal,100,4,0,41.3475
32,3150,2,signal,200,5,0,42.152
32,3150,2,signal,300,6,0,41.581665
32,3150,2,signal,400,5,0,40.18
32,3150,2,signal,500,7,0,42.702854
32,3150,2,signal,600,8,0,41.50875
32,3150,2,signal,700,6,0,42.563335
32,3150,2,signal,800,6,0,42.08167
32,3150,2,signal,900,6,0,41.871666
32,3150,2,signal,1000,6,0,41.996666
32,3150,2,signal,1100,5,0,43.48
32,3150,2,signal,1200,11,0,39.78909
32,3150,2,signal,1300,17,0,55.222355
32,3150,2,signal,1400,17,0,48.060585
32,3150,2,signal,1500,240,153,7.326792
32,3150,2,signal,1600,291,191,7.257629
32,3150,2,signal,1700,281,169,7.747616
32,3150,2,signal,1800,309,208,6.291165
32,3150,2,signal,1900,198,138,7.214091
32,3150,3,ramp,0,26,0,39.77423
32,3150,3,ramp,100,25,0,40.189598
32,3150,3,ramp,200,28,0,40.795002
32,3150,3,ramp,300,26,0,40.110386
32,3150,3,ramp,400,23,0,41.004345
32,3150,3,ramp,500,23,0,39.09
32,3150,3,ramp,600,23,0,40.160435
32,3150,3,ramp,700,18,0,38.096664
32,3150,3,ramp,800,16,0,39.7675
32,3150,3,ramp,900,4,0,38.8575
32,3150,3,ramp,1000,3,0,37.13667
32,3150,3,ramp,1100,3,0,37.303333
32,3150,3,signal,0,4,0,41.78
32,3150,3,signal,100,4,0,41.78
32,3150,3,signal,200,3,0,40.75
32,3150,3,signal,300,6,0,40.268333
32,3150,3,signal,400,8,0,40.21125
32,3150,3,signal,500,5,0,38.924
32,3150,3,signal,600,3,0,39.63
32,3150,3,signal,700,4,0,39.56
32,3150,3,signal,800,4,0,37.9
32,3150,3,signal,900,4,0,39.1875
32,3150,3,signal,1000,2,0,35.445
32,3150,3,signal,1100,2,0,42.68
32,3150,3,signal,1200,2,0,40.855
32,3150,3,signal,1300,15,0,65.65134
32,3150,3,signal,1400,27,0,59.731853
32,3150,3,signal,1500,239,180,7.261841
32,3150,3,signal,1600,286,203,7.088776
32,3150,3,signal,1700,328,229,6.126372
32,3150,3,signal,1800,367,270,5.198992
32,3150,3,signal,1900,206,173,2.993641
32,3300,1,ramp,0,23,0,41.99739
32,3300,1,ramp,100,19,0,40.379475
32,3300,1,ramp,200,24,0,41.759583
32,3300,1,ramp,300,22,0,42.570454
32,3300,1,ramp,400,16,0,42.0775
32,3300,1,ramp,500,25,0,42.246403
32,3300,1,ramp,600,24,0,41.937084
32,3300,1,ramp,700,26,0,42.33231
32,3300,1,ramp,800,26,0,41.796535
32,3300,1,ramp,900,31,0,41.110325
32,3300,1,ramp,1000,8,0,40.72375
32,3300,1,ramp,1100,9,0,40.963333
32,3300,1,ramp,1200,33,0,34.98697
32,3300,1,ramp,1300,15,0,37.547997
32,3300,1,signal,0,4,0,36.71
32,3300,1,signal,100,4,0,36.260002
32,3300,1,signal,200,5,0,35.582
32,3300,1,signal,300,4,0,35.487503
32,3300,1,signal,400,6,0,36.855
32,3300,1,signal,500,7,0,34.87143
32,3300,1,signal,600,4,0,35.89
32,3300,1,signal,700,3,0,34.263332
32,3300,1,signal,800,5,0,35.002003
32,3300,1,signal,900,4,0,36.335
32,3300,1,signal,1000,4,0,35.887497
32,3300,1,signal,1100,5,0,34.474
32,3300,1,signal,1200,23,0,35.442173
32,3300,1,signal,1300,20,0,54.584003
32,3300,1,signal,1400,14,0,56.64857
32,3300,1,signal,1500,168,98,10.738571
32,3300,1,signal,1600,315,237,6.763365
32,3300,1,signal,1700,286,197,8.229755
32,3300,1,signal,1800,303,209,7.7503633
32,3300,1,signal,1900,162,115,10.665
32,3300,2,ramp,0,27,0,40.534813
32,3300,2,ramp,100,25,0,39.8536
32,3300,2,ramp,200,27,0,40.75037
32,3300,2,ramp,300,30,0,39.586998
32,3300,2,ramp,400,34,0,38.895588
32,3300,2,ramp,500,29,0,38.596554
32,3300,2,ramp,600,27,0,38.99963
32,3300,2,ramp,700,25,0,38.8012
32,3300,2,ramp,800,35,0,39.242573
32,3300,2,ramp,900,41,0,40.603413
32,3300,2,ramp,1000,19,0,40.23158
32,3300,2,ramp,1100,8,0,39.4925
32,3300,2,signal,500,1,0,43.46
32,3300,2,signal,600,5,0,41.146
32,3300,2,signal,700,5,0,40.646
32,3300,2,signal,800,6,0,40.98
32,3300,2,signal,900,5,0,40.668
32,3300,2,signal,1000,4,0,41.5925
32,3300,2,signal,1100,5,0,42.48
32,3300,2,signal,1200,9,0,40.267776
32,3300,2,signal,1300,30,0,53.223667
32,3300,2,signal,1400,14,0,50.31
32,3300,2,signal,1500,162,95,8.865988
32,3300,2,signal,1600,312,201,7.7099357
32,3300,2,signal,1700,300,175,7.9029336
32,3300,2,signal,1800,303,185,7.8767653
32,3300,2,signal,1900,178,123,8.032135
32,3300,3,ramp,0,25,0,43.8028
32,3300,3,ramp,100,21,0,42.469048
32,3300,3,ramp,200,24,0,41.82417
32,3300,3,ramp,300,21,0,41.419525
32,3300,3,ramp,400,23,0,41.43348
32,3300,3,ramp,500,26,0,41.51654
32,3300,3,ramp,600,27,0,42.014816
32,3300,3,ramp,700,27,0,41.197777
32,3300,3,ramp,800,23,0,42.173912
32,3300,3,ramp,900,10,0,38.809
32,3300,3,ramp,1000,8,0,40.36875
32,3300,3,ramp,1100,5,0,39.488
32,3300,3,signal,0,5,0,42.15
32,3300,3,signal,100,6,0,40.681667
32,3300,3,signal,200,4,0,41.635002
32,3300,3,signal,300,4,0,40.6325
32,3300,3,signal,400,3,0,39.836666
32,3300,3,signal,500,5,0,40.406
32,3300,3,signal,600,3,0,40.49
32,3300,3,signal,700,4,0,41.055
32,3300,3,signal,800,4,0,40.2475
32,3300,3,signal,900,3,0,41.316666
32,3300,3,signal,1000,3,0,39.31667
32,3300,3,signal,1100,4,0,40.2875
32,3300,3,signal,1200,4,0,41.5875
32,3300,3,signal,1300,15,0,58.989998
32,3300,3,signal,1400,29,0,62.121037
32,3300,3,signal,1500,197,124,8.294873
32,3300,3,signal,1600,373,281,4.242118
32,3300,3,signal,1700,331,241,4.973565
32,3300,3,signal,1800,334,239,4.646557
32,3300,3,signal,1900,225,191,2.8951557
32,3450,1,ramp,0,21,0,41.95762
32,3450,1,ramp,100,28,0,40.53286
32,3450,1,ramp,200,27,0,40.522964
32,3450,1,ramp,300,26,0,39.848457
32,3450,1,ramp,400,26,0,38.79154
32,3450,1,ramp,500,24,0,38.744583
32,3450,1,ramp,600,21,0,38.154762
32,3450,1,ramp,700,22,0,37.68182
32,3450,1,ramp,800,25,0,39.4608
32,3450,1,ramp,900,29,0,39.274483
32,3450,1,ramp,1000,10,0,40.754997
32,3450,1,ramp,1100,2,0,39.120003
32,3450,1,ramp,1200,15,0,40.496
32,3450,1,ramp,1300,4,0,39.8125
32,3450,1,signal,0,8,0,42.27625
32,3450,1,signal,100,5,0,40.48
32,3450,1,signal,200,8,0,40.17375
32,3450,1,signal,300,8,0,38.5625
32,3450,1,signal,400,7,0,36.404285
32,3450,1,signal,500,7,0,34.19286
32,3450,1,signal,600,6,0,38.196667
32,3450,1,signal,700,5,0,36.054
32,3450,1,signal,800,4,0,38.265
32,3450,1,signal,900,1,0,42.4
32,3450,1,signal,1000,2,0,41.07
32,3450,1,signal,1100,2,0,41.07
32,3450,1,signal,1200,22,0,52.621365
32,3450,1,signal,1300,25,0,67.6788
32,3450,1,signal,1400,24,0,54.977497
32,3450,1,signal,1500,168,92,11.282976
32,3450,1,signal,1600,334,284,5.30979
32,3450,1,signal,1700,384,353,2.5010936
32,3450,1,signal,1800,451,415,1.6379822
32,3450,1,signal,1900,218,203,2.1086698
32,3450,2,ramp,0,32,0,41.185936
32,3450,2,ramp,100,32,0,41.239063
32,3450,2,ramp,200,36,0,40.863888
32,3450,2,ramp,300,33,0,40.297276
32,3450,2,ramp,400,36,0,40.78
32,3450,2,ramp,500,35,0,41.477142
32,3450,2,ramp,600,34,0,40.519413
32,3450,2,ramp,700,32,0,40.63
32,3450,2,ramp,800,36,0,40.426666
32,3450,2,ramp,900,43,0,41.339767
32,3450,2,ramp,1000,16,0,41.370625
32,3450,2,ramp,1100,3,0,41.76
32,3450,2,signal,0,2,0,40.73
32,3450,2,signal,100,2,0,40.73
32,3450,2,signal,200,2,0,39.870003
32,3450,2,signal,500,1,0,44.59
32,3450,2,signal,600,2,0,42.14
32,3450,2,signal,700,1,0,44.14
32,3450,2,signal,800,1,0,43.04
32,3450,2,signal,1200,3,0,39.906666
32,3450,2,signal,1300,24,0,60.559586
32,3450,2,signal,1400,25,0,58.1012
32,3450,2,signal,1500,143,72,11.1116085
32,3450,2,signal,1600,303,217,6.238713
32,3450,2,signal,1700,379,335,2.4043007
32,3450,2,signal,1800,466,423,1.9337554
32,3450,2,signal,1900,223,199,2.3764126
32,3450,3,ramp,0,28,0,43.1825
32,3450,3,ramp,100,32,0,42.397186
32,3450,3,ramp,200,34,0,42.124413
32,3450,3,ramp,300,29,0,42.52931
32,3450,3,ramp,400,33,0,42.679092
32,3450,3,ramp,500,32,0,42.13906
32,3450,3,ramp,600,29,0,42.07345
32,3450,3,ramp,700,28,0,43.14929
32,3450,3,ramp,800,20,0,42.169
32,3450,3,ramp,900,9,0,42.864445
32,3450,3,ramp,1000,6,0,41.238335
32,3450,3,ramp,1100,4,0,43.3525
32,3450,3,signal,0,6,0,44.251667
32,3450,3,signal,100,6,0,43.22167
32,3450,3,signal,200,4,0,43.2325
32,3450,3,signal,300,5,0,42.526
32,3450,3,signal,400,5,0,42.826
32,3450,3,signal,500,5,0,41.45
32,3450,3,signal,600,6,0,42.075
32,3450,3,signal,700,5,0,42.185997
32,3450,3,signal,800,4,0,42.695
32,3450,3,signal,900,5,0,41.736
32,3450,3,signal,1000,6,0,42.751667
32,3450,3,signal,1100,6,0,42.64
32,3450,3,signal,1200,3,0,42.15333
32,3450,3,signal,1300,11,0,54.071815
32,3450,3,signal,1400,22,0,50.71409
32,3450,3,signal,1500,150,102,8.583733
32,3450,3,signal,1600,335,256,4.9207463
32,3450,3,signal,1700,352,291,4.236449
32,3450,3,signal,1800,446,411,1.8384529
32,3450,3,signal,1900,272,252,1.4234558
32,3600,1,ramp,0,19,0,40.705788
32,3600,1,ramp,100,21,0,40.14381
32,3600,1,ramp,200,22,0,39.574547
32,3600,1,ramp,300,24,0,40.14875
32,3600,1,ramp,400,25,0,39.8072
32,3600,1,ramp,500,26,0,40.288845
32,3600,1,ramp,600,30,0,39.418335
32,3600,1,ramp,700,27,0,40.11704
32,3600,1,ramp,800,32,0,39.46875
32,3600,1,ramp,900,31,0,39.166775
32,3600,1,ramp,1000,8,0,42.756252
32,3600,1,ramp,1100,8,0,40.072502
32,3600,1,ramp,1200,21,0,34.958096
32,3600,1,ramp,1300,7,0,37.39857
32,3600,1,signal,0,5,0,37.711998
32,3600,1,signal,100,5,0,38.468
32,3600,1,signal,200,7,0,37.56286
32,3600,1,signal,300,5,0,37.692
32,3600,1,signal,400,5,0,37.714
32,3600,1,signal,500,7,0,37.47
32,3600,1,signal,600,3,0,35.133335
32,3600,1,signal,700,5,0,37.072
32,3600,1,signal,800,8,0,35.44375
32,3600,1,signal,900,7,0,38.13143
32,3600,1,signal,1000,8,0,39.225
32,3600,1,signal,1100,10,0,39.785
32,3600,1,signal,1200,20,1,43.7425
32,3600,1,signal,1300,29,0,64.98138
32,3600,1,signal,1400,113,71,12.860973
32,3600,1,signal,1500,416,382,1.48375
32,3600,1,signal,1600,379,323,2.9801583
32,3600,1,signal,1700,327,251,5.754404
32,3600,1,signal,1800,284,204,7.9710565
32,3600,1,signal,1900,183,138,8.415027
32,3600,2,ramp,0,21,0,41.546665
32,3600,2,ramp,100,24,0,39.12042
32,3600,2,ramp,200,24,0,39.8725
32,3600,2,ramp,300,26,0,39.291153
32,3600,2,ramp,400,24,0,38.322918
32,3600,2,ramp,500,23,0,38.660435
32,3600,2,ramp,600,22,0,38.109093
32,3600,2,ramp,700,23,0,37.343914
32,3600,2,ramp,800,28,0,38.94393
32,3600,2,ramp,900,45,0,39.68222
32,3600,2,ramp,1000,13,0,37.507694
32,3600,2,ramp,1100,6,0,39.656666
32,3600,2,ramp,1200,2,0,33.665
32,3600,2,ramp,1300,1,0,19.19
32,3600,2,signal,300,1,0,39.44
32,3600,2,signal,400,2,0,40.73
32,3600,2,signal,500,2,0,39.370003
32,3600,2,signal,600,2,0,37.97
32,3600,2,signal,700,2,0,37.07
32,3600,2,signal,800,3,0,37.906666
32,3600,2,signal,900,3,0,37.816666
32,3600,2,signal,1000,2,0,42.65
32,3600,2,signal,1100,2,0,42.645
32,3600,2,signal,1200,4,0,35.5825
32,3600,2,signal,1300,9,0,59.566666
32,3600,2,signal,1400,89,60,9.794157
32,3600,2,signal,1500,398,351,1.8796232
32,3600,2,signal,1600,353,288,2.8158925
32,3600,2,signal,1700,324,227,5.246235
32,3600,2,signal,1800,336,243,5.018095
32,3600,2,signal,1900,202,150,6.461733
32,3600,3,ramp,0,18,0,42.317223
32,3600,3,ramp,100,24,0,41.479168
32,3600,3,ramp,200,23,0,41.66
32,3600,3,ramp,300,24,0,40.727917
32,3600,3,ramp,400,25,0,41.4464
32,3600,3,ramp,500,29,0,41.366207
32,3600,3,ramp,600,33,0,40.0397
32,3600,3,ramp,700,33,0,40.591213
32,3600,3,ramp,800,22,0,40.41727
32,3600,3,ramp,900,9,0,40.355556
32,3600,3,ramp,1000,7,0,41.471428
32,3600,3,ramp,1100,5,0,42.522
32,3600,3,signal,0,4,0,37.6975
32,3600,3,signal,100,4,0,34.395
32,3600,3,signal,200,4,0,36.377502
32,3600,3,signal,300,6,0,39.193333
32,3600,3,signal,400,5,0,39.834
32,3600,3,signal,500,6,0,37.216667
32,3600,3,signal,600,6,0,39.18
32,3600,3,signal,700,5,0,38.21
32,3600,3,signal,800,5,0,38.644
32,3600,3,signal,900,6,0,39.131664
32,3600,3,signal,1000,3,0,43.726665
32,3600,3,signal,1100,3,0,42.36667
32,3600,3,signal,1200,4,0,43.67
32,3600,3,signal,1300,7,0,49.690002
32,3600,3,signal,1400,66,38,13.406212
32,3600,3,signal,1500,370,337,1.8625135
32,3600,3,signal,1600,369,336,1.8717886
32,3600,3,signal,1700,371,313,3.521105
32,3600,3,signal,1800,350,257,4.8770285
32,3600,3,signal,1900,228,195,2.6669738
32,3750,1,ramp,0,19,0,40.95
32,3750,1,ramp,100,18,0,42.036667
32,3750,1,ramp,200,17,0,42.409412
32,3750,1,ramp,300,15,0,42.544666
32,3750,1,ramp,400,18,0,42.41722
32,3750,1,ramp,500,17,0,41.782352
32,3750,1,ramp,600,14,0,41.829998
32,3750,1,ramp,700,16,0,42.413124
32,3750,1,ramp,800,17,0,41.11353
32,3750,1,ramp,900,22,0,40.17227
32,3750,1,ramp,1000,12,0,41.66
32,3750,1,ramp,1100,4,0,39.58
32,3750,1,ramp,1200,11,0,40.008183
32,3750,1,ramp,1300,2,0,32.63
32,3750,1,signal,0,2,0,41.63
32,3750,1,signal,100,1,0,38.67
32,3750,1,signal,200,2,0,41.629997
32,3750,1,signal,300,2,0,39.475
32,3750,1,signal,400,2,0,41.63
32,3750,1,signal,500,2,0,39.48
32,3750,1,signal,600,3,0,41.67
32,3750,1,signal,700,4,0,40.38
32,3750,1,signal,800,5,0,41.116
32,3750,1,signal,900,5,0,40.697998
32,3750,1,signal,1000,5,0,40.722
32,3750,1,signal,1100,7,0,39.412853
32,3750,1,signal,1200,20,0,57.4695
32,3750,1,signal,1300,36,0,59.661392
32,3750,1,signal,1400,171,122,5.9452047
32,3750,1,signal,1500,337,252,4.4637685
32,3750,1,signal,1600,285,190,7.203579
32,3750,1,signal,1700,300,219,6.8827333
32,3750,1,signal,1800,294,207,7.8685036
32,3750,1,signal,1900,184,135,10.159891
32,3750,2,ramp,0,18,0,42.570557
32,3750,2,ramp,100,18,0,40.99111
32,3750,2,ramp,200,15,0,42.309334
32,3750,2,ramp,300,17,0,42.021763
32,3750,2,ramp,400,17,0,42.104706
32,3750,2,ramp,500,16,0,41.8
32,3750,2,ramp,600,15,0,41.739334
32,3750,2,ramp,700,19,0,42.696316
32,3750,2,ramp,800,23,0,41.107826
32,3750,2,ramp,900,28,0,41.236073
32,3750,2,ramp,1000,10,0,40.343
32,3750,2,ramp,1100,4,0,36.8875
32,3750,2,ramp,1200,1,0,41.04
32,3750,2,signal,0,3,0,42.44
32,3750,2,signal,100,3,0,39.966663
32,3750,2,signal,200,4,0,41.2275
32,3750,2,signal,300,4,0,40.305
32,3750,2,signal,400,2,0,40.87
32,3750,2,signal,500,1,0,40.66
32,3750,2,signal,600,2,0,39.129997
32,3750,2,signal,700,2,0,41.309998
32,3750,2,signal,1300,14,0,57.095
32,3750,2,signal,1400,130,88,7.406385
32,3750,2,signal,1500,329,231,4.990547
32,3750,2,signal,1600,306,226,6.653791
32,3750,2,signal,1700,294,198,5.2433333
32,3750,2,signal,1800,344,257,4.2924128
32,3750,2,signal,1900,176,127,7.060966
32,3750,3,ramp,0,18,0,42.266666
32,3750,3,ramp,100,18,0,40.62722
32,3750,3,ramp,200,18,0,40.766666
32,3750,3,ramp,300,17,0,40.21941
32,3750,3,ramp,400,18,0,41.52333
32,3750,3,ramp,500,18,0,39.38111
32,3750,3,ramp,600,15,0,40.857334
32,3750,3,ramp,700,16,0,39.940624
32,3750,3,ramp,800,10,0,40.614998
32,3750,3,ramp,900,5,0,37.412
32,3750,3,ramp,1000,5,0,36.806
32,3750,3,ramp,1100,2,0,40.620003
32,3750,3,signal,0,4,0,43.62
32,3750,3,signal,100,2,0,42.405
32,3750,3,signal,200,1,0,44.07
32,3750,3,signal,300,2,0,45.735
32,3750,3,signal,400,1,0,40.74
32,3750,3,signal,500,2,0,45.735
32,3750,3,signal,600,2,0,42.405
32,3750,3,signal,700,1,0,44.07
32,3750,3,signal,800,2,0,46.775
32,3750,3,signal,900,3,0,39.66
32,3750,3,signal,1000,3,0,35.016666
32,3750,3,signal,1100,4,0,38.8975
32,3750,3,signal,1200,4,0,34.7025
32,3750,3,signal,1300,6,0,42.853333
32,3750,3,signal,1400,119,72,9.76647
32,3750,3,signal,1500,321,247,5.2056074
32,3750,3,signal,1600,325,242,5.6421843
32,3750,3,signal,1700,292,204,7.0380483
32,3750,3,signal,1800,291,203,7.276083
32,3750,3,signal,1900,198,166,4.0995455
32,3900,1,ramp,0,18,0,41.736668
32,3900,1,ramp,100,18,0,39.61
32,3900,1,ramp,200,21,0,39.028095
32,3900,1,ramp,300,21,0,39.739048
32,3900,1,ramp,400,21,0,40.55857
32,3900,1,ramp,500,20,0,40.301003
32,3900,1,ramp,600,21,0,39.46
32,3900,1,ramp,700,22,0,40.22273
32,3900,1,ramp,800,26,0,39.135002
32,3900,1,ramp,900,25,0,39.516
32,3900,1,ramp,1000,9,0,42.014446
32,3900,1,ramp,1100,7,0,39.804287
32,3900,1,ramp,1200,13,0,40.949997
32,3900,1,ramp,1300,4,0,41.715
32,3900,1,signal,0,1,0,45.97
32,3900,1,signal,100,2,0,41.705
32,3900,1,signal,200,2,0,44.03
32,3900,1,signal,300,1,0,40.54
32,3900,1,signal,400,2,0,44.03
32,3900,1,signal,500,2,0,41.705
32,3900,1,signal,600,1,0,44.42
32,3900,1,signal,700,2,0,41.705
32,3900,1,signal,800,4,0,40.9125
32,3900,1,signal,900,3,0,39.186665
32,3900,1,signal,1000,5,0,42.002003
32,3900,1,signal,1100,5,0,43.357998
32,3900,1,signal,1200,26,0,60.220768
32,3900,1,signal,1300,32,0,69.61656
32,3900,1,signal,1400,117,65,14.316668
32,3900,1,signal,1500,302,210,5.723245
32,3900,1,signal,1600,282,192,8.064752
32,3900,1,signal,1700,285,198,8.024106
32,3900,1,signal,1800,273,185,9.344286
32,3900,1,signal,1900,171,120,10.282456
32,3900,2,ramp,0,17,0,42.461178
32,3900,2,ramp,100,16,0,41.469376
32,3900,2,ramp,200,21,0,41.780952
32,3900,2,ramp,300,20,0,41.426502
32,3900,2,ramp,400,18,0,41.356113
32,3900,2,ramp,500,20,0,41.232002
32,3900,2,ramp,600,21,0,41.34619
32,3900,2,ramp,700,21,0,41.47
32,3900,2,ramp,800,29,0,40.57655
32,3900,2,ramp,900,35,0,40.284855
32,3900,2,ramp,1000,17,0,40.20353
32,3900,2,ramp,1100,5,0,39.260002
32,3900,2,signal,0,3,0,43.74
32,3900,2,signal,100,3,0,42.23
32,3900,2,signal,200,3,0,43.180004
32,3900,2,signal,300,2,0,44.485
32,3900,2,signal,400,3,0,43.11333
32,3900,2,signal,500,3,0,43.426666
32,3900,2,signal,600,4,0,42.7325
32,3900,2,signal,700,3,0,42.36333
32,3900,2,signal,800,2,0,43.835
32,3900,2,signal,900,2,0,40.545
32,3900,2,signal,1200,3,0,17.466667
32,3900,2,signal,1300,18,0,59.39611
32,3900,2,signal,1400,90,38,15.521889
32,3900,2,signal,1500,271,167,7.5009594
32,3900,2,signal,1600,261,159,8.033947
32,3900,2,signal,1700,296,184,5.91875
32,3900,2,signal,1800,300,196,6.1759667
32,3900,2,signal,1900,163,114,8.252761
32,3900,3,ramp,0,18,0,41.721664
32,3900,3,ramp,100,19,0,41.497894
32,3900,3,ramp,200,16,0,40.63625
32,3900,3,ramp,300,21,0,40.912857
32,3900,3,ramp,400,21,0,41.269524
32,3900,3,ramp,500,16,0,40.745
32,3900,3,ramp,600,21,0,41.52381
32,3900,3,ramp,700,22,0,41.944546
32,3900,3,ramp,800,11,0,42.514545
32,3900,3,ramp,900,4,0,43.345
32,3900,3,ramp,1000,5,0,37.078
32,3900,3,ramp,1100,2,0,42.614998
32,3900,3,signal,0,4,0,42.802498
32,3900,3,signal,100,6,0,42.563335
32,3900,3,signal,200,3,0,41.14
32,3900,3,signal,300,3,0,41.183334
32,3900,3,signal,400,4,0,41.9725
32,3900,3,signal,500,3,0,41.413334
32,3900,3,signal,600,2,0,40.364998
32,3900,3,signal,700,1,0,39.8
32,3900,3,signal,800,2,0,41.5
32,3900,3,signal,900,2,0,41.5
32,3900,3,signal,1000,2,0,40.364998
32,3900,3,signal,1100,1,0,40.93
32,3900,3,signal,1200,2,0,41.504997
32,3900,3,signal,1300,6,0,49.97
32,3900,3,signal,1400,81,49,11.091728
32,3900,3,signal,1500,259,173,8.435406
32,3900,3,signal,1600,289,192,7.8908305
32,3900,3,signal,1700,260,156,8.840192
32,3900,3,signal,1800,293,189,7.596962
32,3900,3,signal,1900,222,180,3.8940089
32,4050,1,ramp,0,12,0,41.661667
32,4050,1,ramp,100,13,0,39.814617
32,4050,1,ramp,200,18,0,40.221664
32,4050,1,ramp,300,18,0,38.137222
32,4050,1,ramp,400,16,0,39.106876
32,4050,1,ramp,500,18,0,38.00889
32,4050,1,ramp,600,15,0,39.414
32,4050,1,ramp,700,14,0,39.28857
32,4050,1,ramp,800,18,0,38.81056
32,4050,1,ramp,900,17,0,39.384705
32,4050,1,ramp,1000,6,0,42.383335
32,4050,1,ramp,1100,4,0,41.245
32,4050,1,ramp,1200,14,0,41.69643
32,4050,1,ramp,1300,9,0,41.47111
32,4050,1,signal,0,3,0,41.816666
32,4050,1,signal,100,2,0,42.54
32,4050,1,signal,200,2,0,40.095
32,4050,1,signal,300,2,0,38.824997
32,4050,1,signal,400,2,0,41.36
32,4050,1,signal,1100,1,0,35.7
32,4050,1,signal,1200,16,0,49.564377
32,4050,1,signal,1300,17,0,66.867645
32,4050,1,signal,1400,23,2,50.237823
32,4050,1,signal,1500,238,154,8.735084
32,4050,1,signal,1600,290,192,7.428172
32,4050,1,signal,1700,312,209,7.4411855
32,4050,1,signal,1800,257,174,9.55965
32,4050,1,signal,1900,189,140,8.061376
32,4050,2,ramp,0,15,0,43.04933
32,4050,2,ramp,100,14,0,41.65214
32,4050,2,ramp,200,12,0,42.484165
32,4050,2,ramp,300,15,0,41.83
32,4050,2,ramp,400,17,0,42.04706
32,4050,2,ramp,500,18,0,41.69611
32,4050,2,ramp,600,16,0,41.21875
32,4050,2,ramp,700,19,0,41.718422
32,4050,2,ramp,800,18,0,41.752777
32,4050,2,ramp,900,21,0,40.66143
32,4050,2,ramp,1000,12,0,41.175
32,4050,2,ramp,1100,5,0,41.886
32,4050,2,signal,0,2,0,44.475
32,4050,2,signal,100,1,0,42.12
32,4050,2,signal,200,3,0,43.36333
32,4050,2,signal,300,4,0,41.655
32,4050,2,signal,400,2,0,44.145
32,4050,2,signal,500,4,0,41.655
32,4050,2,signal,600,4,0,41.6175
32,4050,2,signal,700,3,0,41.68
32,4050,2,signal,800,3,0,41.22333
32,4050,2,signal,900,4,0,42.015
32,4050,2,signal,1000,3,0,42.416668
32,4050,2,signal,1100,1,0,42.81
32,4050,2,signal,1200,3,0,45.26
32,4050,2,signal,1300,23,0,60.172173
32,4050,2,signal,1400,16,0,53.230625
32,4050,2,signal,1500,232,140,7.5454745
32,4050,2,signal,1600,272,166,7.212757
32,4050,2,signal,1700,296,180,7.059594
32,4050,2,signal,1800,275,164,8.0932
32,4050,2,signal,1900,170,117,7.585235
32,4050,3,ramp,0,13,0,42.931538
32,4050,3,ramp,100,13,0,41.60231
32,4050,3,ramp,200,12,0,41.629166
32,4050,3,ramp,300,13,0,41.356926
32,4050,3,ramp,400,15,0,41.81533
32,4050,3,ramp,500,15,0,41.867332
32,4050,3,ramp,600,12,0,40.8775
32,4050,3,ramp,700,10,0,41.187
32,4050,3,ramp,800,9,0,39.99
32,4050,3,ramp,900,2,0,40.85
32,4050,3,ramp,1000,2,0,39.36
32,4050,3,ramp,1100,1,0,41.96
32,4050,3,signal,0,3,0,45.25333
32,4050,3,signal,100,3,0,46.53
32,4050,3,signal,200,5,0,44.366
32,4050,3,signal,300,4,0,44.095
32,4050,3,signal,400,6,0,44.421665
32,4050,3,signal,500,3,0,43.486664
32,4050,3,signal,600,8,0,42.31625
32,4050,3,signal,700,8,0,42.28875
32,4050,3,signal,800,7,0,42.745716
32,4050,3,signal,900,5,0,43.622
32,4050,3,signal,1000,7,0,42.584286
32,4050,3,signal,1100,7,0,43.71857
32,4050,3,signal,1200,6,0,45.39333
32,4050,3,signal,1300,10,0,54.347004
32,4050,3,signal,1400,19,1,47.566845
32,4050,3,signal,1500,230,165,6.631
32,4050,3,signal,1600,294,191,7.0684357
32,4050,3,signal,1700,332,228,5.6676807
32,4050,3,signal,1800,366,279,4.413306
32,4050,3,signal,1900,219,188,2.9310045
32,4200,1,ramp,0,17,0,42.00412
32,4200,1,ramp,100,16,0,40.704998
32,4200,1,ramp,200,16,0,41.489376
32,4200,1,ramp,300,17,0,40.21353
32,4200,1,ramp,400,16,0,41.49875
32,4200,1,ramp,500,13,0,42.34308
32,4200,1,ramp,600,15,0,41.928665
32,4200,1,ramp,700,15,0,42.251335
32,4200,1,ramp,800,18,0,42.00889
32,4200,1,ramp,900,21,0,41.911907
32,4200,1,ramp,1000,11,0,39.585453
32,4200,1,ramp,1100,6,0,41.008335
32,4200,1,ramp,1200,17,0,39.309414
32,4200,1,ramp,1300,8,0,41.798748
32,4200,1,signal,0,3,0,44.656666
32,4200,1,signal,100,4,0,42.322502
32,4200,1,signal,200,6,0,43.313335
32,4200,1,signal,300,4,0,41.75
32,4200,1,signal,400,4,0,42.98
32,4200,1,signal,500,6,0,41.656666
32,4200,1,signal,600,3,0,42.51
32,4200,1,signal,700,6,0,41.058334
32,4200,1,signal,800,6,0,42.565
32,4200,1,signal,900,5,0,41.608
32,4200,1,signal,1000,5,0,41.316
32,4200,1,signal,1100,5,0,42.784
32,4200,1,signal,1200,14,0,48.733574
32,4200,1,signal,1300,25,0,62.2672
32,4200,1,signal,1400,21,0,50.820953
32,4200,1,signal,1500,212,146,7.233349
32,4200,1,signal,1600,299,220,6.690836
32,4200,1,signal,1700,304,213,7.199112
32,4200,1,signal,1800,300,220,7.9126
32,4200,1,signal,1900,174,125,8.763161
32,4200,2,ramp,0,20,0,43.2755
32,4200,2,ramp,100,22,0,42.59591
32,4200,2,ramp,200,20,0,42.1035
32,4200,2,ramp,300,23,0,42.90391
32,4200,2,ramp,400,23,0,43.593475
32,4200,2,ramp,500,18,0,42.324448
32,4200,2,ramp,600,18,0,42.815
32,4200,2,ramp,700,24,0,42.8275
32,4200,2,ramp,800,24,0,42.00375
32,4200,2,ramp,900,33,0,40.87606
32,4200,2,ramp,1000,11,0,42.035458
32,4200,2,ramp,1100,8,0,42.833748
32,4200,2,signal,1100,2,0,42.525
32,4200,2,signal,1200,3,0,44.22
32,4200,2,signal,1300,21,0,61.24238
32,4200,2,signal,1400,18,0,54.786667
32,4200,2,signal,1500,211,117,8.806777
32,4200,2,signal,1600,302,180,7.4933443
32,4200,2,signal,1700,302,176,6.992815
32,4200,2,signal,1800,270,152,8.94763
32,4200,2,signal,1900,172,113,9.746511
32,4200,3,ramp,0,18,0,43.289997
32,4200,3,ramp,100,22,0,42.01682
32,4200,3,ramp,200,22,0,42.01091
32,4200,3,ramp,300,20,0,41.6435
32,4200,3,ramp,400,18,0,42.420555
32,4200,3,ramp,500,22,0,41.78818
32,4200,3,ramp,600,18,0,41.34778
32,4200,3,ramp,700,21,0,41.97381
32,4200,3,ramp,800,16,0,41.72125
32,4200,3,ramp,900,9,0,42.835556
32,4200,3,ramp,1000,7,0,42.244286
32,4200,3,ramp,1100,4,0,41.79
32,4200,3,signal,1300,4,0,64.060005
32,4200,3,signal,1400,17,0,51.77353
32,4200,3,signal,1500,245,183,5.208327
32,4200,3,signal,1600,327,246,4.8827524
32,4200,3,signal,1700,362,276,4.506271
32,4200,3,signal,1800,333,247,4.379159
32,4200,3,signal,1900,240,209,2.4605832
32,4350,1,ramp,0,22,0,41.33864
32,4350,1,ramp,100,27,0,39.944443
32,4350,1,ramp,200,20,0,39.537
32,4350,1,ramp,300,22,0,39.897728
32,4350,1,ramp,400,26,0,39.49654
32,4350,1,ramp,500,20,0,38.5475
32,4350,1,ramp,600,23,0,37.429565
32,4350,1,ramp,700,23,0,37.49913
32,4350,1,ramp,800,18,0,37.44889
32,4350,1,ramp,900,17,0,39.021175
32,4350,1,ramp,1000,10,0,42.793
32,4350,1,ramp,1100,11,0,42.33
32,4350,1,ramp,1200,19,0,41.079475
32,4350,1,ramp,1300,5,0,42.328
32,4350,1,signal,0,1,0,39.15
32,4350,1,signal,100,2,0,40.47
32,4350,1,signal,200,2,0,40.47
32,4350,1,signal,300,2,0,39.59
32,4350,1,signal,400,3,0,38.816666
32,4350,1,signal,500,1,0,41.79
32,4350,1,signal,600,2,0,39.59
32,4350,1,signal,700,2,0,39.59
32,4350,1,signal,800,2,0,40.47
32,4350,1,signal,900,2,0,40.47
32,4350,1,signal,1000,1,0,39.15
32,4350,1,signal,1100,2,0,40.47
32,4350,1,signal,1200,20,0,66.220505
32,4350,1,signal,1300,26,0,76.21923
32,4350,1,signal,1400,31,0,67.41161
32,4350,1,signal,1500,259,181,6.992664
32,4350,1,signal,1600,351,274,4.7724786
32,4350,1,signal,1700,376,340,2.5159574
32,4350,1,signal,1800,399,365,1.6827569
32,4350,1,signal,1900,238,219,1.6104622
32,4350,2,ramp,0,18,0,41.505554
32,4350,2,ramp,100,21,0,40.338093
32,4350,2,ramp,200,19,0,41.868946
32,4350,2,ramp,300,16,0,41.63125
32,4350,2,ramp,400,20,0,40.599
32,4350,2,ramp,500,21,0,40.993332
32,4350,2,ramp,600,25,0,41.642403
32,4350,2,ramp,700,22,0,40.755
32,4350,2,ramp,800,28,0,40.69607
32,4350,2,ramp,900,32,0,41.148438
32,4350,2,ramp,1000,9,0,40.993332
32,4350,2,ramp,1100,1,0,42.78
32,4350,2,ramp,1200,2,0,38.555
32,4350,2,signal,0,4,0,42.9875
32,4350,2,signal,100,6,0,42.676666
32,4350,2,signal,200,5,0,42.461998
32,4350,2,signal,300,4,0,42.55
32,4350,2,signal,400,7,0,42.905712
32,4350,2,signal,500,6,0,42.16
32,4350,2,signal,600,6,0,43.74167
32,4350,2,signal,700,6,0,42.496666
32,4350,2,signal,800,5,0,41.238
32,4350,2,signal,900,4,0,43.695
32,4350,2,signal,1000,5,0,42.878
32,4350,2,signal,1100,5,0,43.152
32,4350,2,signal,1200,4,0,42.6
32,4350,2,signal,1300,18,0,64.165
32,4350,2,signal,1400,15,0,52.896667
32,4350,2,signal,1500,196,110,9.541429
32,4350,2,signal,1600,330,246,5.553727
32,4350,2,signal,1700,317,263,3.2557416
32,4350,2,signal,1800,399,343,2.6381955
32,4350,2,signal,1900,260,233,2.2052307
32,4350,3,ramp,0,22,0,41.706364
32,4350,3,ramp,100,27,0,41.14222
32,4350,3,ramp,200,22,0,40.299545
32,4350,3,ramp,300,26,0,39.98077
32,4350,3,ramp,400,22,0,38.71182
32,4350,3,ramp,500,23,0,39.833046
32,4350,3,ramp,600,23,0,39.58913
32,4350,3,ramp,700,21,0,39.164288
32,4350,3,ramp,800,14,0,40.147858
32,4350,3,ramp,900,9,0,42.09889
32,4350,3,ramp,1000,11,0,41.188183
32,4350,3,ramp,1100,6,0,42.771667
32,4350,3,signal,1400,16,0,70.94625
32,4350,3,signal,1500,208,156,5.9314423
32,4350,3,signal,1600,361,298,3.9923267
32,4350,3,signal,1700,330,271,3.5790908
32,4350,3,signal,1800,458,418,1.4135371
32,4350,3,signal,1900,223,204,1.885695
32,4500,1,ramp,0,15,0,40.831333
32,4500,1,ramp,100,15,0,39.065998
32,4500,1,ramp,200,15,0,41.116665
32,4500,1,ramp,300,18,0,41.140553
32,4500,1,ramp,400,16,0,40.93
32,4500,1,ramp,500,13,0,40.681538
32,4500,1,ramp,600,16,0,40.89875
32,4500,1,ramp,700,19,0,41.353157
32,4500,1,ramp,800,19,0,41.12105
32,4500,1,ramp,900,23,0,39.756958
32,4500,1,ramp,1000,11,4,22.61
32,4500,1,ramp,1100,2,0,41.690002
32,4500,1,ramp,1200,7,0,43.140003
32,4500,1,ramp,1300,2,0,39.11
32,4500,1,signal,800,1,0,41.84
32,4500,1,signal,900,2,0,41.84
32,4500,1,signal,1000,1,0,44.22
32,4500,1,signal,1100,2,0,41.449997
32,4500,1,signal,1200,20,0,68.479996
32,4500,1,signal,1300,39,0,65.809746
32,4500,1,signal,1400,211,155,6.200711
32,4500,1,signal,1500,467,417,1.678651
32,4500,1,signal,1600,378,316,3.4297884
32,4500,1,signal,1700,316,233,6.6851583
32,4500,1,signal,1800,260,180,10.239115
32,4500,1,signal,1900,162,117,10.898519
32,4500,2,ramp,0,13,0,42.144615
32,4500,2,ramp,100,12,0,38.593334
32,4500,2,ramp,200,17,0,40.57353
32,4500,2,ramp,300,16,0,40.06875
32,4500,2,ramp,400,15,0,39.635334
32,4500,2,ramp,500,16,0,38.875
32,4500,2,ramp,600,15,0,40.251335
32,4500,2,ramp,700,12,0,38.865
32,4500,2,ramp,800,23,0,41.99739
32,4500,2,ramp,900,34,0,40.77206
32,4500,2,ramp,1000,19,10,17.27
32,4500,2,ramp,1100,2,0,42.585
32,4500,2,signal,0,2,0,44.325
32,4500,2,signal,100,1,0,44.08
32,4500,2,signal,600,1,0,41.84
32,4500,2,signal,700,1,0,42.64
32,4500,2,signal,800,1,0,40.26
32,4500,2,signal,1200,1,0,42.07
32,4500,2,signal,1300,14,0,63.204285
32,4500,2,signal,1400,173,133,4.9594216
32,4500,2,signal,1500,423,385,1.5253428
32,4500,2,signal,1600,340,278,3.4437354
32,4500,2,signal,1700,288,200,6.731771
32,4500,2,signal,1800,276,189,7.811449
32,4500,2,signal,1900,205,157,5.6749268
32,4500,3,ramp,0,8,0,43.02125
32,4500,3,ramp,100,9,0,41.826668
32,4500,3,ramp,200,11,0,42.725452
32,4500,3,ramp,300,11,0,42.407272
32,4500,3,ramp,400,12,0,42.8625
32,4500,3,ramp,500,13,0,42.58231
32,4500,3,ramp,600,11,0,42.503635
32,4500,3,ramp,700,16,0,42.699375
32,4500,3,ramp,800,10,0,41.135998
32,4500,3,ramp,900,3,0,42.976665
32,4500,3,ramp,1000,1,0,42.35
32,4500,3,ramp,1100,1,0,38.7
32,4500,3,signal,0,5,0,40.32
32,4500,3,signal,100,4,0,37.045
32,4500,3,signal,200,3,0,38.906666
32,4500,3,signal,300,2,0,43.61
32,4500,3,signal,400,2,0,40.2
32,4500,3,signal,500,1,0,41.91
32,4500,3,signal,600,2,0,43.61
32,4500,3,signal,700,2,0,40.205
32,4500,3,signal,800,1,0,42.39
32,4500,3,signal,1300,2,0,57.085
32,4500,3,signal,1400,152,117,5.9813814
32,4500,3,signal,1500,423,385,1.8136643
32,4500,3,signal,1600,429,386,2.048555
32,4500,3,signal,1700,337,282,3.687359
32,4500,3,signal,1800,326,249,4.068405
32,4500,3,signal,1900,235,205,2.7808511
32,4650,1,ramp,0,18,0,42.464443
32,4650,1,ramp,100,17,0,41.16294
32,4650,1,ramp,200,21,0,39.91
32,4650,1,ramp,300,21,0,40.558094
32,4650,1,ramp,400,22,0,40.68182
32,4650,1,ramp,500,21,0,40.093807
32,4650,1,ramp,600,24,0,40.739166
32,4650,1,ramp,700,22,0,40.071365
32,4650,1,ramp,800,20,0,39.276
32,4650,1,ramp,900,82,62,7.9869514
32,4650,1,ramp,1000,103,103,0.054563105
32,4650,1,ramp,1200,6,0,44.073334
32,4650,1,ramp,1300,1,0,43.91
32,4650,1,signal,0,2,0,45.025
32,4650,1,signal,100,2,0,44.08
32,4650,1,signal,200,1,0,43.61
32,4650,1,signal,300,2,0,45.025
32,4650,1,signal,400,2,0,45.025
32,4650,1,signal,500,1,0,42.66
32,4650,1,signal,1200,16,0,79.72312
32,4650,1,signal,1300,34,0,67.16412
32,4650,1,signal,1400,231,168,5.346234
32,4650,1,signal,1500,335,244,4.832627
32,4650,1,signal,1600,282,196,8.261703
32,4650,1,signal,1700,316,228,7.911266
32,4650,1,signal,1800,315,224,8.412286
32,4650,1,signal,1900,191,144,9.151309
32,4650,2,ramp,0,21,0,43.15
32,4650,2,ramp,100,14,0,42.409283
32,4650,2,ramp,200,17,0,42.151176
32,4650,2,ramp,300,20,0,42.1535
32,4650,2,ramp,400,20,0,42.083
32,4650,2,ramp,500,20,0,42.794502
32,4650,2,ramp,600,22,0,40.97273
32,4650,2,ramp,700,18,0,41.48389
32,4650,2,ramp,800,21,0,41.162857
32,4650,2,ramp,900,106,83,7.6504717
32,4650,2,ramp,1000,138,136,0.12224637
32,4650,2,ramp,1100,2,0,41.845
32,4650,2,signal,100,1,0,41.61
32,4650,2,signal,200,1,0,44.08
32,4650,2,signal,300,2,0,44.325
32,4650,2,signal,400,2,0,43.835
32,4650,2,signal,500,1,0,44.58
32,4650,2,signal,600,2,0,42.85
32,4650,2,signal,700,3,0,43.826664
32,4650,2,signal,800,3,0,43.28
32,4650,2,signal,900,3,0,42.87
32,4650,2,signal,1300,8,0,62.489998
32,4650,2,signal,1400,189,119,6.416032
32,4650,2,signal,1500,331,225,5.689879
32,4650,2,signal,1600,286,174,7.2174473
32,4650,2,signal,1700,281,165,7.771459
32,4650,2,signal,1800,242,146,9.512438
32,4650,2,signal,1900,197,145,7.262081
32,4650,3,ramp,0,6,0,42.11333
32,4650,3,ramp,100,7,0,42.022858
32,4650,3,ramp,200,7,0,40.574284
32,4650,3,ramp,300,7,0,41.392857
32,4650,3,ramp,400,10,0,41.6
32,4650,3,ramp,500,7,0,42.232857
32,4650,3,ramp,600,9,0,41.83111
32,4650,3,ramp,700,11,0,41.435455
32,4650,3,ramp,800,6,0,42.52833
32,4650,3,ramp,900,4,0,40.1375
32,4650,3,ramp,1000,7,0,44.471428
32,4650,3,ramp,1100,3,0,43.326664
32,4650,3,signal,0,7,0,39.08714
32,4650,3,signal,100,11,0,39.556362
32,4650,3,signal,200,14,0,38.30357
32,4650,3,signal,300,11,0,37.352726
32,4650,3,signal,400,14,0,38.32
32,4650,3,signal,500,11,0,38.37818
32,4650,3,signal,600,12,0,38.991665
32,4650,3,signal,700,8,0,39.2325
32,4650,3,signal,800,6,0,38.15167
32,4650,3,signal,900,9,0,38.254444
32,4650,3,signal,1000,10,0,39.079002
32,4650,3,signal,1100,9,0,39.622223
32,4650,3,signal,1200,10,0,40.746
32,4650,3,signal,1300,7,0,39.897144
32,4650,3,signal,1400,181,139,5.301547
32,4650,3,signal,1500,318,226,6.743334
32,4650,3,signal,1600,331,239,6.257281
32,4650,3,signal,1700,330,234,6.108818
32,4650,3,signal,1800,337,235,5.3252225
32,4650,3,signal,1900,215,180,3.4533024
32,4800,1,ramp,0,6,0,41.201664
32,4800,1,ramp,100,6,0,40.453335
32,4800,1,ramp,200,7,0,39.574284
32,4800,1,ramp,300,7,0,39.87857
32,4800,1,ramp,400,6,0,41.535
32,4800,1,ramp,500,4,0,43.41
32,4800,1,ramp,600,6,0,42.095
32,4800,1,ramp,700,8,0,42.01375
32,4800,1,ramp,800,19,5,26.636316
32,4800,1,ramp,900,354,335,0.74889827
32,4800,1,ramp,1000,115,106,0.9874783
32,4800,1,ramp,1100,1,0,40.83
32,4800,1,ramp,1200,6,0,41.81
32,4800,1,ramp,1300,4,0,44.79
32,4800,1,signal,0,12,0,37.191666
32,4800,1,signal,100,9,0,35.02333
32,4800,1,signal,200,9,0,36.736668
32,4800,1,signal,300,8,0,38.98
32,4800,1,signal,400,6,0,35.23
32,4800,1,signal,500,10,0,36.908
32,4800,1,signal,600,8,0,38.41125
32,4800,1,signal,700,6,0,36.446667
32,4800,1,signal,800,6,1,25.873331
32,4800,1,signal,900,25,22,1.4067999
32,4800,1,signal,1200,17,0,55.221176
32,4800,1,signal,1300,28,0,66.48107
32,4800,1,signal,1400,114,72,9.01307
32,4800,1,signal,1500,307,214,5.471433
32,4800,1,signal,1600,326,275,5.461043
32,4800,1,signal,1700,373,344,2.4275067
32,4800,1,signal,1800,396,362,1.9281062
32,4800,1,signal,1900,265,244,1.9170189
32,4800,2,ramp,0,9,0,43.436665
32,4800,2,ramp,100,9,0,41.073334
32,4800,2,ramp,200,12,0,43.470837
32,4800,2,ramp,300,9,0,41.671112
32,4800,2,ramp,400,12,0,42.130833
32,4800,2,ramp,500,13,0,42.793076
32,4800,2,ramp,600,10,0,40.47
32,4800,2,ramp,700,13,0,41.72846
32,4800,2,ramp,800,29,8,25.928621
32,4800,2,ramp,900,422,395,0.9477014
32,4800,2,ramp,1000,129,121,0.89744186
32,4800,2,signal,0,7,0,40.31857
32,4800,2,signal,100,7,0,39.75143
32,4800,2,signal,200,7,0,38.38
32,4800,2,signal,300,5,0,38.97
32,4800,2,signal,400,4,0,36.9625
32,4800,2,signal,500,3,0,36.446667
32,4800,2,signal,600,4,0,39.0125
32,4800,2,signal,700,2,0,41.22
32,4800,2,signal,800,4,1,24.6375
32,4800,2,signal,1000,1,0,38.24
32,4800,2,signal,1100,2,0,41.15
32,4800,2,signal,1200,2,0,48.105
32,4800,2,signal,1300,13,0,60.68231
32,4800,2,signal,1400,66,31,14.54197
32,4800,2,signal,1500,271,172,6.648967
32,4800,2,signal,1600,314,249,5.834204
32,4800,2,signal,1700,404,360,2.7501488
32,4800,2,signal,1800,378,341,1.8090476
32,4800,2,signal,1900,239,220,1.7037239
32,4800,3,ramp,0,8,0,43.28375
32,4800,3,ramp,100,9,0,42.552223
32,4800,3,ramp,200,8,0,43.41125
32,4800,3,ramp,300,7,0,42.69286
32,4800,3,ramp,400,8,0,42.7825
32,4800,3,ramp,500,6,0,42.751667
32,4800,3,ramp,600,7,0,42.358574
32,4800,3,ramp,700,7,0,41.83286
32,4800,3,ramp,800,4,0,43.675
32,4800,3,ramp,900,8,0,32.7075
32,4800,3,ramp,1000,22,18,6.986818
32,4800,3,ramp,1100,1,0,43.0
32,4800,3,signal,0,6,0,40.256668
32,4800,3,signal,100,8,0,40.0875
32,4800,3,signal,200,6,0,39.64
32,4800,3,signal,300,4,0,39.302498
32,4800,3,signal,400,7,0,39.084286
32,4800,3,signal,500,8,0,37.44375
32,4800,3,signal,600,5,0,34.458
32,4800,3,signal,700,8,0,35.91875
32,4800,3,signal,800,7,0,37.407143
32,4800,3,signal,900,15,4,16.63
32,4800,3,signal,1000,47,39,3.9621277
32,4800,3,signal,1100,4,0,36.3125
32,4800,3,signal,1200,2,0,42.739998
32,4800,3,signal,1300,7,0,58.272858
32,4800,3,signal,1400,86,54,12.248256
32,4800,3,signal,1500,282,194,6.601135
32,4800,3,signal,1600,299,216,5.973077
32,4800,3,signal,1700,385,317,3.212
32,4800,3,signal,1800,466,422,2.0251715
32,4800,3,signal,1900,239,221,2.036067
32,4950,1,ramp,900,143,105,3.126853
32,4950,1,ramp,1000,100,76,3.2958999
32,4950,1,ramp,1100,4,0,41.8875
32,4950,1,ramp,1200,13,0,41.556923
32,4950,1,ramp,1300,6,0,41.046665
32,4950,1,signal,0,15,0,41.780003
32,4950,1,signal,100,20,0,40.8135
32,4950,1,signal,200,17,0,40.261765
32,4950,1,signal,300,19,0,40.022633
32,4950,1,signal,400,18,0,40.011112
32,4950,1,signal,500,16,0,38.645
32,4950,1,signal,600,17,0,39.556473
32,4950,1,signal,700,14,0,38.975716
32,4950,1,signal,800,26,4,23.99077
32,4950,1,signal,900,201,154,2.8304975
32,4950,1,signal,1000,13,11,4.4053845
32,4950,1,signal,1100,2,0,43.815002
32,4950,1,signal,1200,15,0,52.23
32,4950,1,signal,1300,27,0,67.05667
32,4950,1,signal,1400,177,142,5.012825
32,4950,1,signal,1500,442,406,1.449706
32,4950,1,signal,1600,382,320,3.170131
32,4950,1,signal,1700,293,200,6.914471
32,4950,1,signal,1800,297,192,8.060606
32,4950,1,signal,1900,173,126,9.106936
32,4950,2,ramp,0,3,0,44.946667
32,4950,2,ramp,100,4,0,43.82
32,4950,2,ramp,200,3,0,44.093334
32,4950,2,ramp,300,3,0,43.506664
32,4950,2,ramp,400,4,0,44.747498
32,4950,2,ramp,500,2,0,42.004997
32,4950,2,ramp,600,5,0,44.276
32,4950,2,ramp,700,5,0,43.262
32,4950,2,ramp,800,4,0,30.395
32,4950,2,ramp,900,200,158,2.417
32,4950,2,ramp,1000,134,113,2.1685076
32,4950,2,ramp,1100,4,0,41.5225
32,4950,2,signal,0,12,0,40.390835
32,4950,2,signal,100,15,0,40.802
32,4950,2,signal,200,15,0,41.175335
32,4950,2,signal,300,17,0,40.268234
32,4950,2,signal,400,15,0,41.078667
32,4950,2,signal,500,15,0,39.965332
32,4950,2,signal,600,10,0,38.937
32,4950,2,signal,700,12,0,38.303333
32,4950,2,signal,800,29,4,26.699312
32,4950,2,signal,900,196,167,1.8189286
32,4950,2,signal,1200,2,0,41.864998
32,4950,2,signal,1300,21,0,59.508575
32,4950,2,signal,1400,200,148,7.54795
32,4950,2,signal,1500,393,344,1.8463104
32,4950,2,signal,1600,300,233,4.577
32,4950,2,signal,1700,303,205,7.070759
32,4950,2,signal,1800,317,216,6.58836
32,4950,2,signal,1900,168,110,8.937619
32,4950,3,ramp,0,2,0,33.395
32,4950,3,ramp,100,3,0,31.153334
32,4950,3,ramp,200,2,0,31.27
32,4950,3,ramp,300,3,0,34.093334
32,4950,3,ramp,400,4,0,35.87
32,4950,3,ramp,500,2,0,40.47
32,4950,3,ramp,600,1,0,39.18
32,4950,3,ramp,700,2,0,39.61
32,4950,3,ramp,800,2,0,40.47
32,4950,3,ramp,900,6,0,41.946667
32,4950,3,ramp,1000,7,0,41.374287
32,4950,3,ramp,1100,4,0,41.3575
32,4950,3,signal,0,13,0,42.82
32,4950,3,signal,100,12,0,41.4275
32,4950,3,signal,200,16,0,41.42125
32,4950,3,signal,300,14,0,42.363575
32,4950,3,signal,400,10,0,43.166
32,4950,3,signal,500,12,0,41.999165
32,4950,3,signal,600,16,0,42.906876
32,4950,3,signal,700,13,0,42.636154
32,4950,3,signal,800,8,0,42.67125
32,4950,3,signal,900,1,0,41.33
32,4950,3,signal,1000,2,0,40.31
32,4950,3,signal,1100,2,0,40.305
32,4950,3,signal,1200,5,0,34.468
32,4950,3,signal,1300,4,0,42.635002
32,4950,3,signal,1400,145,110,5.1584826
32,4950,3,signal,1500,401,357,1.5252619
32,4950,3,signal,1600,400,357,1.731725
32,4950,3,signal,1700,350,282,3.9443715
32,4950,3,signal,1800,315,211,6.388857
32,4950,3,signal,1900,227,188,3.562511
32,5100,1,ramp,1000,90,90,0.0
32,5100,1,ramp,1200,6,0,37.951668
32,5100,1,ramp,1300,1,0,44.21
32,5100,1,signal,0,16,0,42.19375
32,5100,1,signal,100,18,0,40.214443
32,5100,1,signal,200,15,0,40.705334
32,5100,1,signal,300,15,0,39.568
32,5100,1,signal,400,16,0,40.730625
32,5100,1,signal,500,13,0,40.283077
32,5100,1,signal,600,17,0,41.441177
32,5100,1,signal,700,15,0,41.480667
32,5100,1,signal,800,143,130,3.1188111
32,5100,1,signal,900,413,413,0.0016707021
32,5100,1,signal,1000,30,30,0.0
32,5100,1,signal,1200,14,0,75.85571
32,5100,1,signal,1300,23,0,78.20478
32,5100,1,signal,1400,172,111,7.8809886
32,5100,1,signal,1500,339,257,4.35177
32,5100,1,signal,1600,297,208,7.349596
32,5100,1,signal,1700,320,217,5.8255625
32,5100,1,signal,1800,309,219,6.813301
32,5100,1,signal,1900,157,116,10.325159
32,5100,2,ramp,0,1,0,41.43
32,5100,2,ramp,100,2,0,40.9
32,5100,2,ramp,200,2,0,38.465
32,5100,2,ramp,300,2,0,41.25
32,5100,2,ramp,400,2,0,40.21
32,5100,2,ramp,500,1,0,37.59
32,5100,2,ramp,600,2,0,39.684998
32,5100,2,ramp,700,3,0,41.61
32,5100,2,ramp,800,2,0,42.4
32,5100,2,ramp,900,90,90,0.0
32,5100,2,ramp,1000,150,150,0.0
32,5100,2,ramp,1100,2,0,37.02
32,5100,2,signal,0,13,0,43.85846
32,5100,2,signal,100,16,0,43.076874
32,5100,2,signal,200,12,0,42.60583
32,5100,2,signal,300,14,0,41.969288
32,5100,2,signal,400,16,0,43.70875
32,5100,2,signal,500,17,0,42.53588
32,5100,2,signal,600,16,0,42.33
32,5100,2,signal,700,20,0,42.312
32,5100,2,signal,800,158,141,2.9174683
32,5100,2,signal,900,360,360,0.0
32,5100,2,signal,1300,13,0,61.976154
32,5100,2,signal,1400,136,78,7.9277945
32,5100,2,signal,1500,316,191,6.3050632
32,5100,2,signal,1600,287,181,8.294808
32,5100,2,signal,1700,316,186,7.046709
32,5100,2,signal,1800,256,151,9.046172
32,5100,2,signal,1900,202,149,6.9486136
32,5100,3,ramp,0,4,0,43.1925
32,5100,3,ramp,100,3,0,43.796665
32,5100,3,ramp,200,3,0,42.833332
32,5100,3,ramp,300,4,0,43.1925
32,5100,3,ramp,400,3,0,42.163334
32,5100,3,ramp,500,6,0,37.698334
32,5100,3,ramp,600,6,0,38.516666
32,5100,3,ramp,700,5,0,38.356
32,5100,3,ramp,800,8,0,34.2225
32,5100,3,ramp,900,13,0,23.96923
32,5100,3,ramp,1000,24,17,8.950833
32,5100,3,ramp,1100,3,0,39.876667
32,5100,3,signal,0,12,0,43.76167
32,5100,3,signal,100,11,0,42.692726
32,5100,3,signal,200,10,0,42.139
32,5100,3,signal,300,11,0,42.756363
32,5100,3,signal,400,13,0,42.85077
32,5100,3,signal,500,10,0,42.719
32,5100,3,signal,600,9,0,42.77778
32,5100,3,signal,700,11,0,43.201817
32,5100,3,signal,800,10,0,39.876
32,5100,3,signal,900,16,2,16.774374
32,5100,3,signal,1000,19,13,10.763158
32,5100,3,signal,1100,3,0,41.873333
32,5100,3,signal,1200,3,0,43.78
32,5100,3,signal,1300,4,0,42.8675
32,5100,3,signal,1400,125,88,7.29744
32,5100,3,signal,1500,306,211,7.415327
32,5100,3,signal,1600,299,202,6.8154516
32,5100,3,signal,1700,299,207,6.5997324
32,5100,3,signal,1800,312,230,5.7010255
32,5100,3,signal,1900,208,175,3.4565387
32,5250,1,ramp,1000,74,66,1.72
32,5250,1,ramp,1100,4,0,41.475
32,5250,1,ramp,1200,9,0,41.622223
32,5250,1,ramp,1300,8,0,39.9275
32,5250,1,signal,0,11,0,41.49909
32,5250,1,signal,100,11,0,39.340908
32,5250,1,signal,200,10,0,38.682
32,5250,1,signal,300,11,0,39.813637
32,5250,1,signal,400,10,0,38.681
32,5250,1,signal,500,12,0,39.505833
32,5250,1,signal,600,11,0,39.464546
32,5250,1,signal,700,14,0,39.849285
32,5250,1,signal,800,302,291,0.5449669
32,5250,1,signal,900,415,401,0.33913255
32,5250,1,signal,1000,37,31,4.063243
32,5250,1,signal,1200,15,0,52.309334
32,5250,1,signal,1300,16,0,76.73312
32,5250,1,signal,1400,35,14,27.717428
32,5250,1,signal,1500,245,163,6.6371837
32,5250,1,signal,1600,302,200,7.7335763
32,5250,1,signal,1700,283,194,8.113887
32,5250,1,signal,1800,293,204,7.944232
32,5250,1,signal,1900,176,126,10.090909
32,5250,2,ramp,900,69,67,0.41608694
32,5250,2,ramp,1000,123,115,0.96715444
32,5250,2,ramp,1100,2,0,44.505
32,5250,2,signal,0,8,0,41.1675
32,5250,2,signal,100,8,0,42.55625
32,5250,2,signal,200,9,0,42.302223
32,5250,2,signal,300,9,0,41.783337
32,5250,2,signal,400,9,0,42.52556
32,5250,2,signal,500,6,0,41.826668
32,5250,2,signal,600,12,0,42.730835
32,5250,2,signal,700,13,0,42.85077
32,5250,2,signal,800,309,298,0.737055
32,5250,2,signal,900,353,324,1.0475354
32,5250,2,signal,1000,11,7,3.9281821
32,5250,2,signal,1200,2,0,48.949997
32,5250,2,signal,1300,14,0,66.59929
32,5250,2,signal,1400,26,8,35.66846
32,5250,2,signal,1500,245,157,7.124694
32,5250,2,signal,1600,317,217,6.827445
32,5250,2,signal,1700,338,237,6.393698
32,5250,2,signal,1800,320,223,6.7384377
32,5250,2,signal,1900,187,132,7.4847593
32,5250,3,ramp,900,4,0,17.064999
32,5250,3,ramp,1000,23,18,5.786087
32,5250,3,ramp,1100,2,0,41.504997
32,5250,3,signal,0,10,0,44.243
32,5250,3,signal,100,9,0,41.99222
32,5250,3,signal,200,8,0,43.84875
32,5250,3,signal,300,8,0,42.58875
32,5250,3,signal,400,10,0,42.402
32,5250,3,signal,500,10,0,42.376
32,5250,3,signal,600,11,0,41.758183
32,5250,3,signal,700,12,0,42.029163
32,5250,3,signal,800,31,0,29.238064
32,5250,3,signal,900,218,159,4.027156
32,5250,3,signal,1000,85,80,0.6149412
32,5250,3,signal,1300,3,0,59.943333
32,5250,3,signal,1400,20,8,32.836998
32,5250,3,signal,1500,225,151,7.1591115
32,5250,3,signal,1600,349,247,5.6122065
32,5250,3,signal,1700,337,248,5.1799703
32,5250,3,signal,1800,319,235,5.8412223
32,5250,3,signal,1900,213,176,3.4933333
68,150,1,ramp,200,1,0,69.64
68,150,1,ramp,300,3,0,74.73667
68,150,1,signal,200,20,0,100.139
68,150,1,signal,300,23,0,108.4413
68,150,1,signal,400,14,0,115.85643
68,150,1,signal,500,18,0,115.37333
68,150,1,signal,600,30,0,114.89666
68,150,1,signal,700,19,0,111.61895
68,150,1,signal,800,23,0,115.888695
68,150,1,signal,900,16,0,114.86063
68,150,1,signal,1000,16,0,116.85375
68,150,1,signal,1100,18,0,112.60889
68,150,1,signal,1200,13,0,115.176926
68,150,1,signal,1300,14,0,113.90857
68,150,1,signal,1400,12,0,115.46417
68,150,1,signal,1500,17,0,116.51941
68,150,1,signal,1600,11,0,113.06091
68,150,1,signal,1700,15,0,116.984665
68,150,1,signal,1800,11,0,113.58454
68,150,1,signal,1900,12,0,118.89834
68,150,1,signal,2000,3,0,117.63333
68,150,2,ramp,200,3,0,74.579994
68,150,2,signal,200,1,0,96.46
68,150,2,signal,300,10,0,103.252
68,150,2,signal,400,9,0,113.82333
68,150,2,signal,500,8,0,121.2825
68,150,2,signal,600,13,0,119.3
68,150,2,signal,700,8,0,120.5
68,150,2,signal,800,15,0,116.105995
68,150,2,signal,900,10,0,119.79399
68,150,2,signal,1000,12,0,120.35667
68,150,2,signal,1100,11,0,121.042725
68,150,2,signal,1200,15,0,122.071335
68,150,2,signal,1300,11,0,120.35
68,150,2,signal,1400,14,0,121.49714
68,150,2,signal,1500,10,0,121.004005
68,150,2,signal,1600,11,0,119.84273
68,150,2,signal,1700,13,0,120.909996
68,150,2,signal,1800,8,0,118.24125
68,150,2,signal,1900,8,0,122.665
68,150,2,signal,2000,3,0,119.53
68,150,3,ramp,0,3,0,73.549995
68,150,3,ramp,100,4,0,72.86
68,150,3,signal,300,3,0,93.909996
68,150,3,signal,400,6,0,107.575005
68,150,3,signal,500,3,0,116.57001
68,150,3,signal,600,6,0,117.670006
68,150,3,signal,700,2,0,120.21
68,150,3,signal,800,5,0,119.216
68,150,3,signal,900,9,0,119.23444
68,150,3,signal,1000,2,0,118.655
68,150,3,signal,1100,5,0,120.21
68,150,3,signal,1200,4,0,114.44
68,150,3,signal,1300,2,0,118.850006
68,150,3,signal,1400,4,0,120.097496
68,150,3,signal,1500,4,0,119.205
68,150,3,signal,1600,5,0,121.236
68,150,3,signal,1700,2,0,123.59
68,150,3,signal,1800,3,0,129.05333
68,150,3,signal,1900,3,0,119.59667
68,150,3,signal,2000,1,0,129.73
68,150,4,signal,500,2,0,109.205
68,150,4,signal,600,2,0,126.935
68,150,4,signal,800,3,0,128.06
68,150,4,signal,900,1,0,115.17
68,150,4,signal,1000,2,0,125.215
68,150,4,signal,1100,3,0,121.81
68,150,4,signal,1200,2,0,128.41
68,150,4,signal,1300,3,0,127.63333
68,150,4,signal,1400,3,0,130.59334
68,150,4,signal,1500,2,0,123.58501
68,150,4,signal,1600,4,0,124.0525
68,150,4,signal,1700,1,0,116.06
68,150,4,signal,1800,2,0,125.990005
68,150,4,signal,1900,1,0,116.9
68,300,1,ramp,0,8,0,67.42375
68,300,1,ramp,100,5,0,60.334003
68,300,1,ramp,200,20,1,29.7305
68,300,1,ramp,300,14,1,28.637857
68,300,1,signal,0,1,0,70.2
68,300,1,signal,100,2,0,59.84
68,300,1,signal,200,36,1,62.82028
68,300,1,signal,300,24,0,74.9675
68,300,1,signal,400,13,0,96.66462
68,300,1,signal,500,23,0,104.89653
68,300,1,signal,600,33,0,108.726364
68,300,1,signal,700,28,0,110.943214
68,300,1,signal,800,28,0,112.13393
68,300,1,signal,900,27,0,114.407776
68,300,1,signal,1000,23,0,114.11826
68,300,1,signal,1100,23,0,115.51261
68,300,1,signal,1200,22,0,113.63318
68,300,1,signal,1300,27,0,114.17111
68,300,1,signal,1400,22,0,115.03909
68,300,1,signal,1500,17,0,113.41765
68,300,1,signal,1600,24,0,112.7075
68,300,1,signal,1700,20,0,111.2595
68,300,1,signal,1800,22,0,110.01455
68,300,1,signal,1900,19,0,112.18052
68,300,1,signal,2000,5,0,116.08199
68,300,2,ramp,0,10,0,45.243
68,300,2,ramp,100,6,0,41.785
68,300,2,ramp,200,9,0,28.126667
68,300,2,ramp,300,13,6,9.313077
68,300,2,signal,200,11,0,48.18364
68,300,2,signal,300,25,3,68.031204
68,300,2,signal,400,15,0,96.038666
68,300,2,signal,500,12,0,104.645
68,300,2,signal,600,17,0,109.18646
68,300,2,signal,700,19,0,111.956314
68,300,2,signal,800,19,0,112.15
68,300,2,signal,900,14,0,117.479996
68,300,2,signal,1000,17,0,116.13353
68,300,2,signal,1100,19,0,122.75789
68,300,2,signal,1200,13,0,116.50308
68,300,2,signal,1300,24,0,120.932076
68,300,2,signal,1400,15,0,115.748665
68,300,2,signal,1500,19,0,122.951584
68,300,2,signal,1600,21,0,117.34381
68,300,2,signal,1700,18,0,118.61
68,300,2,signal,1800,21,0,117.78762
68,300,2,signal,1900,21,0,118.49334
68,300,2,signal,2000,2,0,118.785
68,300,3,ramp,0,9,0,50.36
68,300,3,ramp,100,5,0,55.427998
68,300,3,ramp,200,4,0,42.735
68,300,3,ramp,300,1,0,38.93
68,300,3,signal,0,3,0,57.666668
68,300,3,signal,100,4,0,48.0425
68,300,3,signal,200,6,0,46.873333
68,300,3,signal,300,13,1,42.01154
68,300,3,signal,400,15,0,89.74733
68,300,3,signal,500,10,0,110.882
68,300,3,signal,600,11,0,106.22546
68,300,3,signal,700,17,0,116.325294
68,300,3,signal,800,16,0,113.19688
68,300,3,signal,900,17,0,116.7547
68,300,3,signal,1000,14,0,115.26929
68,300,3,signal,1100,13,0,123.76692
68,300,3,signal,1200,12,0,119.286674
68,300,3,signal,1300,17,0,120.39471
68,300,3,signal,1400,11,0,122.43
68,300,3,signal,1500,16,0,121.66375
68,300,3,signal,1600,12,0,119.73417
68,300,3,signal,1700,15,0,124.14933
68,300,3,signal,1800,18,0,123.77778
68,300,3,signal,1900,14,0,121.715004
68,300,3,signal,2000,3,0,128.96666
68,300,4,ramp,0,10,0,40.556
68,300,4,ramp,100,7,0,38.91714
68,300,4,signal,0,10,0,43.934
68,300,4,signal,100,7,0,44.90286
68,300,4,signal,200,7,0,46.8
68,300,4,signal,300,16,0,48.29375
68,300,4,signal,400,10,0,49.622997
68,300,4,signal,500,11,0,65.10545
68,300,4,signal,600,11,0,75.92636
68,300,4,signal,700,13,0,68.347694
68,300,4,signal,800,13,0,88.89001
68,300,4,signal,900,9,0,85.67222
68,300,4,signal,1000,12,0,103.087494
68,300,4,signal,1100,10,0,127.014
68,300,4,signal,1200,7,0,128.16714
68,300,4,signal,1300,11,0,125.22092
68,300,4,signal,1400,8,0,127.177505
68,300,4,signal,1500,11,0,128.36728
68,300,4,signal,1600,11,0,124.74182
68,300,4,signal,1700,10,0,129.767
68,300,4,signal,1800,10,0,124.995995
68,300,4,signal,1900,13,0,127.60924
68,300,4,signal,2000,5,0,125.886
68,450,1,ramp,0,13,0,49.976154
68,450,1,ramp,100,10,0,42.546
68,450,1,ramp,200,21,1,29.101429
68,450,1,ramp,300,12,0,37.365833
68,450,1,signal,200,50,0,61.072002
68,450,1,signal,300,24,0,78.95292
68,450,1,signal,400,19,0,95.02368
68,450,1,signal,500,30,0,99.89567
68,450,1,signal,600,41,0,91.06463
68,450,1,signal,700,38,0,94.77237
68,450,1,signal,800,29,0,92.69689
68,450,1,signal,900,30,0,102.097664
68,450,1,signal,1000,25,0,106.9376
68,450,1,signal,1100,23,0,103.71696
68,450,1,signal,1200,26,0,103.63924
68,450,1,signal,1300,27,0,100.76815
68,450,1,signal,1400,28,0,101.807144
68,450,1,signal,1500,26,0,101.066925
68,450,1,signal,1600,24,0,100.84458
68,450,1,signal,1700,24,0,101.32083
68,450,1,signal,1800,26,0,101.060776
68,450,1,signal,1900,23,0,99.12913
68,450,1,signal,2000,5,0,112.688
68,450,2,ramp,0,7,0,43.112858
68,450,2,ramp,100,2,0,40.894997
68,450,2,ramp,200,8,1,36.1875
68,450,2,ramp,300,4,1,15.8275
68,450,2,signal,0,2,0,65.100006
68,450,2,signal,100,5,0,48.112
68,450,2,signal,200,17,0,46.768234
68,450,2,signal,300,24,0,85.15875
68,450,2,signal,400,19,0,91.45263
68,450,2,signal,500,13,0,100.643845
68,450,2,signal,600,24,0,97.75791
68,450,2,signal,700,27,0,102.59704
68,450,2,signal,800,26,0,99.875
68,450,2,signal,900,21,0,112.024765
68,450,2,signal,1000,26,0,111.88654
68,450,2,signal,1100,23,0,110.61565
68,450,2,signal,1200,23,0,110.89522
68,450,2,signal,1300,25,0,105.7424
68,450,2,signal,1400,24,0,113.00916
68,450,2,signal,1500,27,0,110.30407
68,450,2,signal,1600,24,0,108.74042
68,450,2,signal,1700,23,0,106.17999
68,450,2,signal,1800,27,0,110.07963
68,450,2,signal,1900,26,0,112.96308
68,450,2,signal,2000,3,0,103.74
68,450,3,ramp,0,7,0,63.87143
68,450,3,ramp,100,7,0,63.34857
68,450,3,ramp,200,7,0,41.19143
68,450,3,ramp,300,3,0,24.026667
68,450,3,signal,0,3,0,51.043335
68,450,3,signal,100,4,0,45.335
68,450,3,signal,200,4,0,37.4175
68,450,3,signal,300,14,0,55.91286
68,450,3,signal,400,21,0,93.94905
68,450,3,signal,500,16,0,88.413124
68,450,3,signal,600,16,0,98.36875
68,450,3,signal,700,21,0,95.524765
68,450,3,signal,800,25,0,98.8192
68,450,3,signal,900,18,0,108.69056
68,450,3,signal,1000,16,0,111.50938
68,450,3,signal,1100,21,0,103.966194
68,450,3,signal,1200,20,0,99.024
68,450,3,signal,1300,17,0,103.05235
68,450,3,signal,1400,19,0,102.37527
68,450,3,signal,1500,16,0,98.7675
68,450,3,signal,1600,25,0,109.3336
68,450,3,signal,1700,15,0,104.11733
68,450,3,signal,1800,22,0,108.22409
68,450,3,signal,1900,23,0,96.18522
68,450,3,signal,2000,6,0,119.503334
68,450,4,ramp,0,10,0,39.434
68,450,4,ramp,100,9,0,43.35222
68,450,4,signal,0,9,0,41.41222
68,450,4,signal,100,7,0,45.138573
68,450,4,signal,200,6,0,43.22167
68,450,4,signal,300,12,0,50.783337
68,450,4,signal,400,14,0,63.532143
68,450,4,signal,500,16,0,73.46
68,450,4,signal,600,12,0,66.1025
68,450,4,signal,700,16,0,76.60875
68,450,4,signal,800,16,0,83.43375
68,450,4,signal,900,12,0,97.39166
68,450,4,signal,1000,17,0,85.90647
68,450,4,signal,1100,20,0,82.302505
68,450,4,signal,1200,14,0,80.53929
68,450,4,signal,1300,15,0,70.65
68,450,4,signal,1400,14,0,74.284996
68,450,4,signal,1500,14,0,79.61072
68,450,4,signal,1600,15,0,77.30334
68,450,4,signal,1700,14,0,77.19142
68,450,4,signal,1800,16,0,73.79125
68,450,4,signal,1900,15,0,91.048
68,450,4,signal,2000,2,0,111.409996
68,600,1,ramp,0,16,0,33.789375
68,600,1,ramp,100,8,0,34.8325
68,600,1,ramp,200,28,0,24.375357
68,600,1,ramp,300,21,1,23.86381
68,600,1,signal,0,7,0,32.004284
68,600,1,signal,100,4,0,36.1825
68,600,1,signal,200,42,2,45.460476
68,600,1,signal,300,33,1,59.28424
68,600,1,signal,400,16,0,86.28438
68,600,1,signal,500,23,0,97.47565
68,600,1,signal,600,25,0,100.5376
68,600,1,signal,700,32,0,104.723434
68,600,1,signal,800,25,0,103.2612
68,600,1,signal,900,28,0,96.83179
68,600,1,signal,1000,28,0,91.85215
68,600,1,signal,1100,30,0,93.467
68,600,1,signal,1200,29,0,91.4031
68,600,1,signal,1300,25,0,83.0372
68,600,1,signal,1400,28,0,81.905716
68,600,1,signal,1500,26,0,66.77423
68,600,1,signal,1600,35,0,62.558857
68,600,1,signal,1700,33,0,71.76667
68,600,1,signal,1800,27,0,72.138145
68,600,1,signal,1900,27,0,82.08259
68,600,1,signal,2000,3,0,114.43667
68,600,2,ramp,0,16,0,39.57
68,600,2,ramp,100,13,0,43.69077
68,600,2,ramp,200,22,2,33.63
68,600,2,ramp,300,32,14,7.0103126
68,600,2,signal,0,3,0,37.073334
68,600,2,signal,100,3,0,52.84
68,600,2,signal,200,16,0,49.009377
68,600,2,signal,300,26,0,72.21923
68,600,2,signal,400,20,0,97.6495
68,600,2,signal,500,11,0,106.443634
68,600,2,signal,600,26,0,106.323456
68,600,2,signal,700,24,0,108.01417
68,600,2,signal,800,21,0,104.32047
68,600,2,signal,900,29,0,106.47931
68,600,2,signal,1000,25,0,96.0612
68,600,2,signal,1100,23,0,99.15739
68,600,2,signal,1200,31,0,88.86258
68,600,2,signal,1300,25,0,95.492004
68,600,2,signal,1400,25,0,85.698
68,600,2,signal,1500,25,0,91.695595
68,600,2,signal,1600,25,0,85.9728
68,600,2,signal,1700,23,0,92.0213
68,600,2,signal,1800,21,0,84.669044
68,600,2,signal,1900,22,0,86.98591
68,600,2,signal,2000,3,0,101.13333
68,600,3,ramp,0,7,0,54.482857
68,600,3,ramp,100,9,0,56.904446
68,600,3,ramp,200,6,0,56.485
68,600,3,ramp,300,5,2,22.456
68,600,3,signal,0,3,0,65.96667
68,600,3,signal,100,2,0,64.075
68,600,3,signal,200,2,0,51.614998
68,600,3,signal,300,10,1,64.979996
68,600,3,signal,400,13,0,95.074615
68,600,3,signal,500,14,0,89.891426
68,600,3,signal,600,12,0,101.25916
68,600,3,signal,700,13,0,96.53077
68,600,3,signal,800,17,0,99.26058
68,600,3,signal,900,22,0,86.92319
68,600,3,signal,1000,23,0,86.53087
68,600,3,signal,1100,22,0,83.431366
68,600,3,signal,1200,19,0,91.94158
68,600,3,signal,1300,28,0,85.453926
68,600,3,signal,1400,27,0,84.135185
68,600,3,signal,1500,29,0,76.00482
68,600,3,signal,1600,27,0,74.583336
68,600,3,signal,1700,36,0,67.61389
68,600,3,signal,1800,25,0,76.6132
68,600,3,signal,1900,32,0,70.30156
68,600,3,signal,2000,6,0,120.26501
68,600,4,ramp,0,17,0,43.680588
68,600,4,ramp,100,12,0,53.928333
68,600,4,ramp,200,3,0,74.35333
68,600,4,ramp,300,4,3,3.2775
68,600,4,signal,0,7,0,42.5
68,600,4,signal,100,7,0,41.21143
68,600,4,signal,200,9,0,48.52
68,600,4,signal,300,8,0,44.346252
68,600,4,signal,400,12,0,57.291668
68,600,4,signal,500,15,0,75.234665
68,600,4,signal,600,10,0,65.965004
68,600,4,signal,700,11,0,78.57818
68,600,4,signal,800,15,0,68.96667
68,600,4,signal,900,20,0,70.5045
68,600,4,signal,1000,16,0,69.705
68,600,4,signal,1100,20,0,76.596
68,600,4,signal,1200,16,0,71.54813
68,600,4,signal,1300,21,0,75.061905
68,600,4,signal,1400,21,0,64.330475
68,600,4,signal,1500,20,0,66.0915
68,600,4,signal,1600,26,0,73.323074
68,600,4,signal,1700,27,0,61.414814
68,600,4,signal,1800,28,0,65.275
68,600,4,signal,1900,22,0,63.974087
68,600,4,signal,2000,3,0,123.543335
68,750,1,ramp,0,26,0,38.915382
68,750,1,ramp,100,16,0,39.168125
68,750,1,ramp,200,44,7,24.320454
68,750,1,ramp,300,37,1,21.811623
68,750,1,signal,0,2,0,30.705
68,750,1,signal,100,3,0,30.99
68,750,1,signal,200,42,4,36.041904
68,750,1,signal,300,28,1,56.227856
68,750,1,signal,400,11,0,87.391815
68,750,1,signal,500,21,0,95.98476
68,750,1,signal,600,28,0,99.21071
68,750,1,signal,700,28,0,95.44607
68,750,1,signal,800,20,0,89.628006
68,750,1,signal,900,23,0,83.636086
68,750,1,signal,1000,23,0,82.9113
68,750,1,signal,1100,18,0,78.68056
68,750,1,signal,1200,22,0,86.32818
68,750,1,signal,1300,22,0,82.00091
68,750,1,signal,1400,19,0,85.93263
68,750,1,signal,1500,22,0,90.96682
68,750,1,signal,1600,23,0,84.7887
68,750,1,signal,1700,20,0,88.752
68,750,1,signal,1800,15,0,87.40466
68,750,1,signal,1900,22,0,100.80273
68,750,1,signal,2000,3,0,111.30666
68,750,2,ramp,0,15,0,54.329334
68,750,2,ramp,100,12,0,49.36333
68,750,2,ramp,200,20,0,38.652
68,750,2,ramp,300,33,9,12.642727
68,750,2,signal,200,24,0,37.759167
68,750,2,signal,300,28,2,45.88393
68,750,2,signal,400,14,0,96.045
68,750,2,signal,500,9,0,99.181114
68,750,2,signal,600,23,0,104.501305
68,750,2,signal,700,20,0,105.296
68,750,2,signal,800,24,0,104.02292
68,750,2,signal,900,23,0,108.53435
68,750,2,signal,1000,26,0,100.5723
68,750,2,signal,1100,23,0,94.66956
68,750,2,signal,1200,23,0,100.20044
68,750,2,signal,1300,25,0,98.937996
68,750,2,signal,1400,24,0,99.82083
68,750,2,signal,1500,22,0,97.803635
68,750,2,signal,1600,25,0,94.5744
68,750,2,signal,1700,24,0,103.81375
68,750,2,signal,1800,30,0,97.66067
68,750,2,signal,1900,20,0,109.819496
68,750,2,signal,2000,3,0,110.833336
68,750,3,ramp,0,11,0,54.017273
68,750,3,ramp,100,13,0,53.854614
68,750,3,ramp,200,9,0,59.08667
68,750,3,ramp,300,12,5,12.490833
68,750,3,signal,0,1,0,60.5
68,750,3,signal,200,4,0,42.77
68,750,3,signal,300,14,0,62.53143
68,750,3,signal,400,14,0,82.72715
68,750,3,signal,500,10,0,97.839005
68,750,3,signal,600,17,0,106.02647
68,750,3,signal,700,20,0,104.13249
68,750,3,signal,800,13,0,103.81307
68,750,3,signal,900,23,0,107.90956
68,750,3,signal,1000,21,0,100.970474
68,750,3,signal,1100,24,0,96.49542
68,750,3,signal,1200,29,0,100.485176
68,750,3,signal,1300,25,0,99.1612
68,750,3,signal,1400,22,0,89.931816
68,750,3,signal,1500,23,0,102.01
68,750,3,signal,1600,20,0,100.131
68,750,3,signal,1700,24,0,97.82916
68,750,3,signal,1800,25,0,102.577194
68,750,3,signal,1900,22,0,101.354095
68,750,3,signal,2000,3,0,121.32
68,750,4,ramp,0,15,0,42.134666
68,750,4,ramp,100,15,0,49.682667
68,750,4,ramp,200,1,0,98.22
68,750,4,signal,0,3,0,51.446667
68,750,4,signal,100,4,0,55.6825
68,750,4,signal,200,3,0,53.42333
68,750,4,signal,300,10,0,63.403004
68,750,4,signal,400,9,0,74.10445
68,750,4,signal,500,15,0,91.503334
68,750,4,signal,600,12,0,86.638336
68,750,4,signal,700,13,0,95.24077
68,750,4,signal,800,18,0,100.99722
68,750,4,signal,900,19,0,92.27842
68,750,4,signal,1000,22,0,83.82318
68,750,4,signal,1100,28,0,88.21679
68,750,4,signal,1200,22,0,80.79182
68,750,4,signal,1300,29,0,88.337585
68,750,4,signal,1400,25,0,88.7008
68,750,4,signal,1500,28,0,82.576065
68,750,4,signal,1600,18,0,88.63
68,750,4,signal,1700,25,0,89.41599
68,750,4,signal,1800,22,0,85.05364
68,750,4,signal,1900,23,0,86.090866
68,750,4,signal,2000,3,0,84.12
68,900,1,ramp,0,18,0,41.94
68,900,1,ramp,100,17,0,43.414703
68,900,1,ramp,200,42,2,30.500715
68,900,1,ramp,300,37,0,24.308918
68,900,1,signal,0,7,0,40.114285
68,900,1,signal,100,5,0,41.836002
68,900,1,signal,200,56,1,33.41232
68,900,1,signal,300,33,1,37.250305
68,900,1,signal,400,10,0,73.92
68,900,1,signal,500,22,0,98.95045
68,900,1,signal,600,39,0,99.136665
68,900,1,signal,700,27,0,103.16333
68,900,1,signal,800,29,0,107.14
68,900,1,signal,900,17,0,109.44059
68,900,1,signal,1000,22,0,114.93455
68,900,1,signal,1100,20,0,115.59151
68,900,1,signal,1200,29,0,116.71655
68,900,1,signal,1300,20,0,114.2025
68,900,1,signal,1400,25,0,116.8896
68,900,1,signal,1500,27,0,114.22814
68,900,1,signal,1600,16,0,115.840004
68,900,1,signal,1700,22,0,107.60999
68,900,1,signal,1800,21,0,107.87334
68,900,1,signal,1900,17,0,109.08588
68,900,1,signal,2000,2,0,110.085
68,900,2,ramp,0,15,0,56.264664
68,900,2,ramp,100,12,0,52.805832
68,900,2,ramp,200,17,0,44.889412
68,900,2,ramp,300,25,10,13.7912
68,900,2,signal,100,2,0,43.46
68,900,2,signal,200,25,0,32.9928
68,900,2,signal,300,26,3,42.25154
68,900,2,signal,400,15,0,83.515335
68,900,2,signal,500,14,0,87.67643
68,900,2,signal,600,21,0,101.972855
68,900,2,signal,700,31,0,101.924515
68,900,2,signal,800,24,0,111.924995
68,900,2,signal,900,18,0,113.46555
68,900,2,signal,1000,23,0,114.96173
68,900,2,signal,1100,17,0,119.55588
68,900,2,signal,1200,20,0,116.933495
68,900,2,signal,1300,17,0,118.91353
68,900,2,signal,1400,18,0,119.42278
68,900,2,signal,1500,21,0,123.92714
68,900,2,signal,1600,18,0,114.96612
68,900,2,signal,1700,24,0,118.29041
68,900,2,signal,1800,16,0,116.03
68,900,2,signal,1900,22,0,117.69182
68,900,2,signal,2000,1,0,112.83
68,900,3,ramp,0,14,0,55.092857
68,900,3,ramp,100,13,0,62.395386
68,900,3,ramp,200,2,0,67.885
68,900,3,ramp,300,1,1,0.0
68,900,3,signal,0,3,0,51.396667
68,900,3,signal,100,2,0,56.72
68,900,3,signal,200,9,0,42.28889
68,900,3,signal,300,29,0,57.6831
68,900,3,signal,400,19,0,65.35895
68,900,3,signal,500,15,0,67.86533
68,900,3,signal,600,18,0,84.12
68,900,3,signal,700,20,0,85.25
68,900,3,signal,800,21,0,93.55572
68,900,3,signal,900,18,0,103.35611
68,900,3,signal,1000,19,0,106.21158
68,900,3,signal,1100,16,0,100.863754
68,900,3,signal,1200,18,0,109.14
68,900,3,signal,1300,16,0,108.05312
68,900,3,signal,1400,18,0,111.028336
68,900,3,signal,1500,15,0,115.521996
68,900,3,signal,1600,15,0,114.96467
68,900,3,signal,1700,18,0,117.61278
68,900,3,signal,1800,19,0,117.5579
68,900,3,signal,1900,17,0,115.778824
68,900,3,signal,2000,3,0,101.81667
68,900,4,ramp,0,14,0,39.13357
68,900,4,ramp,100,8,0,43.4775
68,900,4,signal,0,1,0,38.3
68,900,4,signal,100,2,0,39.16
68,900,4,signal,200,3,0,40.68
68,900,4,signal,300,21,0,48.803333
68,900,4,signal,400,23,0,60.901302
68,900,4,signal,500,21,0,65.45333
68,900,4,signal,600,18,0,67.82889
68,900,4,signal,700,19,0,71.52948
68,900,4,signal,800,19,0,73.30052
68,900,4,signal,900,15,0,80.84467
68,900,4,signal,1000,19,0,85.45684
68,900,4,signal,1100,20,0,83.506
68,900,4,signal,1200,15,0,65.21667
68,900,4,signal,1300,17,0,77.01294
68,900,4,signal,1400,12,0,94.77167
68,900,4,signal,1500,13,0,95.77538
68,900,4,signal,1600,10,0,110.65599
68,900,4,signal,1700,7,0,115.18428
68,900,4,signal,1800,11,0,109.18
68,900,4,signal,1900,11,0,109.115456
68,1050,1,ramp,0,23,0,42.333042
68,1050,1,ramp,100,19,0,45.46842
68,1050,1,ramp,200,46,7,21.525217
68,1050,1,ramp,300,27,2,23.961111
68,1050,1,signal,0,9,0,32.38222
68,1050,1,signal,100,13,0,37.512306
68,1050,1,signal,200,54,1,34.335
68,1050,1,signal,300,45,2,35.600445
68,1050,1,signal,400,15,0,60.876
68,1050,1,signal,500,20,0,72.8635
68,1050,1,signal,600,39,0,85.31384
68,1050,1,signal,700,26,0,85.474236
68,1050,1,signal,800,23,0,100.66479
68,1050,1,signal,900,24,0,97.22708
68,1050,1,signal,1000,22,0,99.96001
68,1050,1,signal,1100,24,0,104.20959
68,1050,1,signal,1200,24,0,102.95583
68,1050,1,signal,1300,24,0,108.90917
68,1050,1,signal,1400,23,0,106.85
68,1050,1,signal,1500,21,0,104.9881
68,1050,1,signal,1600,27,0,102.479256
68,1050,1,signal,1700,29,0,101.402756
68,1050,1,signal,1800,27,0,103.21925
68,1050,1,signal,1900,30,0,109.36967
68,1050,1,signal,2000,2,0,119.325
68,1050,2,ramp,0,26,0,42.822693
68,1050,2,ramp,100,10,0,47.006
68,1050,2,ramp,200,32,7,29.5725
68,1050,2,ramp,300,68,44,5.6036763
68,1050,2,signal,0,6,0,47.828335
68,1050,2,signal,100,4,0,53.11
68,1050,2,signal,200,24,3,37.960415
68,1050,2,signal,300,25,3,55.666
68,1050,2,signal,400,14,0,73.61643
68,1050,2,signal,500,20,0,84.2725
68,1050,2,signal,600,20,0,85.698
68,1050,2,signal,700,26,0,89.30769
68,1050,2,signal,800,24,0,93.365
68,1050,2,signal,900,24,0,96.34333
68,1050,2,signal,1000,21,0,97.40857
68,1050,2,signal,1100,18,0,103.69111
68,1050,2,signal,1200,17,0,103.90294
68,1050,2,signal,1300,24,0,108.785
68,1050,2,signal,1400,15,0,108.412
68,1050,2,signal,1500,20,0,107.948
68,1050,2,signal,1600,19,0,108.09369
68,1050,2,signal,1700,22,0,98.799095
68,1050,2,signal,1800,21,0,97.25429
68,1050,2,signal,1900,18,0,95.312775
68,1050,2,signal,2000,5,0,107.91799
68,1050,3,ramp,0,13,0,47.946922
68,1050,3,ramp,100,13,0,55.54077
68,1050,3,ramp,200,8,0,52.68
68,1050,3,ramp,300,6,1,14.22
68,1050,3,signal,0,3,0,69.64667
68,1050,3,signal,100,3,0,61.406666
68,1050,3,signal,200,6,0,40.115
68,1050,3,signal,300,18,0,65.71389
68,1050,3,signal,400,18,0,66.86389
68,1050,3,signal,500,19,0,80.22894
68,1050,3,signal,600,13,0,73.434616
68,1050,3,signal,700,22,0,85.82
68,1050,3,signal,800,20,0,78.129
68,1050,3,signal,900,23,0,91.64261
68,1050,3,signal,1000,21,0,97.53285
68,1050,3,signal,1100,27,0,96.14963
68,1050,3,signal,1200,18,0,96.90389
68,1050,3,signal,1300,21,0,99.04191
68,1050,3,signal,1400,19,0,95.71999
68,1050,3,signal,1500,23,0,89.712166
68,1050,3,signal,1600,18,0,95.18222
68,1050,3,signal,1700,16,0,90.49562
68,1050,3,signal,1800,19,0,90.64158
68,1050,3,signal,1900,19,0,89.74421
68,1050,3,signal,2000,4,0,117.6875
68,1050,4,ramp,0,14,0,52.785713
68,1050,4,ramp,100,10,0,54.389
68,1050,4,ramp,200,1,0,103.35
68,1050,4,signal,0,11,0,43.271816
68,1050,4,signal,100,8,0,46.30125
68,1050,4,signal,200,10,0,49.984
68,1050,4,signal,300,23,0,49.08261
68,1050,4,signal,400,25,0,68.296
68,1050,4,signal,500,25,0,66.4152
68,1050,4,signal,600,24,0,72.60042
68,1050,4,signal,700,21,0,69.867615
68,1050,4,signal,800,24,0,84.06375
68,1050,4,signal,900,23,0,74.68609
68,1050,4,signal,1000,25,0,69.736
68,1050,4,signal,1100,20,0,72.656
68,1050,4,signal,1200,23,0,81.360435
68,1050,4,signal,1300,19,0,74.74421
68,1050,4,signal,1400,22,0,68.64091
68,1050,4,signal,1500,18,0,73.16277
68,1050,4,signal,1600,23,0,68.43522
68,1050,4,signal,1700,23,0,73.7113
68,1050,4,signal,1800,20,0,63.53
68,1050,4,signal,1900,18,0,68.07223
68,1050,4,signal,2000,2,0,118.675
68,1200,1,ramp,0,19,0,40.36842
68,1200,1,ramp,100,10,0,41.010002
68,1200,1,ramp,200,27,0,42.16963
68,1200,1,ramp,300,27,2,32.904446
68,1200,1,signal,0,6,0,54.765
68,1200,1,signal,100,6,0,51.14333
68,1200,1,signal,200,38,0,48.77842
68,1200,1,signal,300,27,3,62.19222
68,1200,1,signal,400,11,0,85.00272
68,1200,1,signal,500,19,0,105.445786
68,1200,1,signal,600,20,0,104.94399
68,1200,1,signal,700,26,0,103.04538
68,1200,1,signal,800,18,0,104.94222
68,1200,1,signal,900,19,0,94.148415
68,1200,1,signal,1000,19,0,90.3021
68,1200,1,signal,1100,21,0,91.56762
68,1200,1,signal,1200,25,0,87.9108
68,1200,1,signal,1300,23,0,86.99261
68,1200,1,signal,1400,21,0,88.20809
68,1200,1,signal,1500,28,0,88.47964
68,1200,1,signal,1600,19,0,83.987366
68,1200,1,signal,1700,24,0,87.88208
68,1200,1,signal,1800,25,0,93.882805
68,1200,1,signal,1900,19,0,91.95579
68,1200,1,signal,2000,2,0,117.57
68,1200,2,ramp,0,13,0,49.32308
68,1200,2,ramp,100,11,0,49.361816
68,1200,2,ramp,200,12,0,52.878338
68,1200,2,ramp,300,16,6,9.755
68,1200,2,signal,0,3,0,64.833336
68,1200,2,signal,100,2,0,82.265
68,1200,2,signal,200,20,0,55.307503
68,1200,2,signal,300,23,0,74.56391
68,1200,2,signal,400,18,0,91.33945
68,1200,2,signal,500,13,0,98.18846
68,1200,2,signal,600,21,0,105.716194
68,1200,2,signal,700,24,0,101.07792
68,1200,2,signal,800,28,0,100.86822
68,1200,2,signal,900,25,0,103.0796
68,1200,2,signal,1000,27,0,103.96925
68,1200,2,signal,1100,32,0,102.77281
68,1200,2,signal,1200,29,0,104.04931
68,1200,2,signal,1300,23,0,105.776955
68,1200,2,signal,1400,32,0,100.36219
68,1200,2,signal,1500,26,0,103.83808
68,1200,2,signal,1600,29,0,104.75242
68,1200,2,signal,1700,26,0,100.29154
68,1200,2,signal,1800,22,0,96.66909
68,1200,2,signal,1900,22,0,97.58182
68,1200,2,signal,2000,7,0,107.24857
68,1200,3,ramp,0,8,0,65.215
68,1200,3,ramp,100,5,0,65.464005
68,1200,3,ramp,200,2,0,57.045002
68,1200,3,signal,0,1,0,74.6
68,1200,3,signal,100,2,0,70.14
68,1200,3,signal,200,7,0,40.92286
68,1200,3,signal,300,26,0,64.715
68,1200,3,signal,400,21,0,86.622856
68,1200,3,signal,500,17,0,93.14294
68,1200,3,signal,600,14,0,94.96715
68,1200,3,signal,700,21,0,94.75381
68,1200,3,signal,800,17,0,87.804115
68,1200,3,signal,900,20,0,84.667496
68,1200,3,signal,1000,24,0,84.55292
68,1200,3,signal,1100,17,0,90.15353
68,1200,3,signal,1200,25,0,89.488
68,1200,3,signal,1300,23,0,84.589134
68,1200,3,signal,1400,21,0,86.637146
68,1200,3,signal,1500,20,0,81.328
68,1200,3,signal,1600,21,0,86.50523
68,1200,3,signal,1700,15,0,81.64666
68,1200,3,signal,1800,23,0,91.0587
68,1200,3,signal,1900,22,0,96.24727
68,1200,3,signal,2000,1,0,111.51
68,1200,4,ramp,0,12,0,41.754166
68,1200,4,ramp,100,12,0,44.645832
68,1200,4,signal,0,8,0,40.595
68,1200,4,signal,100,7,0,41.375713
68,1200,4,signal,200,6,0,41.918335
68,1200,4,signal,300,12,0,49.816666
68,1200,4,signal,400,20,0,72.090004
68,1200,4,signal,500,21,0,85.44667
68,1200,4,signal,600,23,0,73.60087
68,1200,4,signal,700,28,0,81.52965
68,1200,4,signal,800,29,0,80.91172
68,1200,4,signal,900,28,0,74.45643
68,1200,4,signal,1000,31,0,77.87355
68,1200,4,signal,1100,28,0,70.4475
68,1200,4,signal,1200,26,0,72.268074
68,1200,4,signal,1300,27,0,68.530365
68,1200,4,signal,1400,24,0,67.4575
68,1200,4,signal,1500,30,0,83.21433
68,1200,4,signal,1600,28,0,84.86714
68,1200,4,signal,1700,29,0,80.20931
68,1200,4,signal,1800,29,0,75.03862
68,1200,4,signal,1900,28,0,72.55107
68,1200,4,signal,2000,3,0,62.11667
68,1350,1,ramp,0,19,0,54.67158
68,1350,1,ramp,100,17,0,48.70647
68,1350,1,ramp,200,54,5,25.98889
68,1350,1,ramp,300,39,3,24.405642
68,1350,1,signal,0,6,0,47.063335
68,1350,1,signal,100,9,0,44.18778
68,1350,1,signal,200,54,0,33.163147
68,1350,1,signal,300,29,2,33.719654
68,1350,1,signal,400,13,0,71.097694
68,1350,1,signal,500,19,0,81.467896
68,1350,1,signal,600,26,0,89.61539
68,1350,1,signal,700,30,0,88.807
68,1350,1,signal,800,21,0,94.74095
68,1350,1,signal,900,29,0,90.98793
68,1350,1,signal,1000,19,0,94.11
68,1350,1,signal,1100,23,0,97.0826
68,1350,1,signal,1200,15,0,95.328
68,1350,1,signal,1300,22,0,100.005905
68,1350,1,signal,1400,17,0,103.424706
68,1350,1,signal,1500,11,0,106.30091
68,1350,1,signal,1600,18,0,110.831665
68,1350,1,signal,1700,22,0,109.52409
68,1350,1,signal,1800,13,0,104.91385
68,1350,1,signal,1900,21,0,113.356186
68,1350,1,signal,2000,2,0,104.81
68,1350,2,ramp,0,13,0,71.69461
68,1350,2,ramp,100,4,0,53.9325
68,1350,2,ramp,200,16,0,43.133125
68,1350,2,ramp,300,36,25,6.6855555
68,1350,2,signal,0,5,0,62.352
68,1350,2,signal,100,1,0,72.44
68,1350,2,signal,200,29,0,37.991726
68,1350,2,signal,300,41,13,34.41805
68,1350,2,signal,400,13,0,72.29769
68,1350,2,signal,500,14,0,83.87071
68,1350,2,signal,600,23,0,79.55566
68,1350,2,signal,700,19,0,86.697365
68,1350,2,signal,800,21,0,89.82191
68,1350,2,signal,900,14,0,94.006424
68,1350,2,signal,1000,24,0,96.895
68,1350,2,signal,1100,16,0,88.2325
68,1350,2,signal,1200,22,0,100.65091
68,1350,2,signal,1300,19,0,100.850525
68,1350,2,signal,1400,20,0,98.057
68,1350,2,signal,1500,19,0,104.53842
68,1350,2,signal,1600,18,0,105.12888
68,1350,2,signal,1700,20,0,100.4395
68,1350,2,signal,1800,20,0,104.6035
68,1350,2,signal,1900,16,0,97.89687
68,1350,2,signal,2000,4,0,114.057495
68,1350,3,ramp,0,17,0,59.592354
68,1350,3,ramp,100,14,0,59.602856
68,1350,3,ramp,200,6,0,66.37333
68,1350,3,ramp,300,17,11,8.006471
68,1350,3,signal,0,2,0,55.62
68,1350,3,signal,100,6,0,66.42667
68,1350,3,signal,200,8,0,46.40125
68,1350,3,signal,300,25,0,49.317196
68,1350,3,signal,400,15,0,74.36133
68,1350,3,signal,500,20,0,82.2735
68,1350,3,signal,600,18,0,83.998886
68,1350,3,signal,700,17,0,86.99
68,1350,3,signal,800,16,0,85.18188
68,1350,3,signal,900,16,0,103.0475
68,1350,3,signal,1000,20,0,93.475
68,1350,3,signal,1100,16,0,96.19375
68,1350,3,signal,1200,19,0,101.61053
68,1350,3,signal,1300,19,0,98.73895
68,1350,3,signal,1400,18,0,101.611115
68,1350,3,signal,1500,23,0,108.207825
68,1350,3,signal,1600,16,0,107.47063
68,1350,3,signal,1700,19,0,109.34685
68,1350,3,signal,1800,17,0,103.965294
68,1350,3,signal,1900,21,0,108.30809
68,1350,3,signal,2000,4,0,120.94501
68,1350,4,ramp,0,13,0,39.07385
68,1350,4,ramp,100,9,0,49.991108
68,1350,4,ramp,200,1,0,86.75
68,1350,4,signal,0,1,0,35.97
68,1350,4,signal,200,3,0,64.06
68,1350,4,signal,300,20,1,44.425
68,1350,4,signal,400,19,0,81.371574
68,1350,4,signal,500,16,0,93.30375
68,1350,4,signal,600,13,0,96.56923
68,1350,4,signal,700,17,0,104.747055
68,1350,4,signal,800,17,0,101.80882
68,1350,4,signal,900,18,0,103.486115
68,1350,4,signal,1000,18,0,105.0
68,1350,4,signal,1100,16,0,105.38563
68,1350,4,signal,1200,17,0,105.92941
68,1350,4,signal,1300,17,0,108.00647
68,1350,4,signal,1400,19,0,106.1
68,1350,4,signal,1500,20,0,89.858505
68,1350,4,signal,1600,25,0,87.2168
68,1350,4,signal,1700,19,0,86.80369
68,1350,4,signal,1800,22,0,90.77454
68,1350,4,signal,1900,24,0,90.136665
68,1350,4,signal,2000,2,0,122.745
68,1500,1,ramp,0,39,0,38.731026
68,1500,1,ramp,100,32,2,30.480312
68,1500,1,ramp,200,110,24,14.546819
68,1500,1,ramp,300,53,8,22.494528
68,1500,1,signal,0,2,0,41.72
68,1500,1,signal,100,3,0,39.986668
68,1500,1,signal,200,47,4,28.231703
68,1500,1,signal,300,21,4,36.719524
68,1500,1,signal,400,5,0,90.03001
68,1500,1,signal,500,14,0,106.25286
68,1500,1,signal,600,24,0,110.68833
68,1500,1,signal,700,21,0,112.58667
68,1500,1,signal,800,30,0,112.99
68,1500,1,signal,900,23,0,110.50261
68,1500,1,signal,1000,26,0,112.222694
68,1500,1,signal,1100,20,0,113.48149
68,1500,1,signal,1200,23,0,111.839134
68,1500,1,signal,1300,22,0,112.14773
68,1500,1,signal,1400,18,0,111.299446
68,1500,1,signal,1500,21,0,101.818565
68,1500,1,signal,1600,21,0,104.27142
68,1500,1,signal,1700,16,0,100.45812
68,1500,1,signal,1800,19,0,104.176315
68,1500,1,signal,1900,13,0,106.76846
68,1500,1,signal,2000,4,0,93.6725
68,1500,2,ramp,0,22,0,57.817272
68,1500,2,ramp,100,25,0,48.882004
68,1500,2,ramp,200,40,0,37.322
68,1500,2,ramp,300,42,11,13.545
68,1500,2,signal,0,3,0,53.773335
68,1500,2,signal,100,3,0,39.263332
68,1500,2,signal,200,22,0,37.029545
68,1500,2,signal,300,13,0,54.714615
68,1500,2,signal,400,14,0,76.61072
68,1500,2,signal,500,9,0,97.18556
68,1500,2,signal,600,13,0,102.99231
68,1500,2,signal,700,12,0,111.049995
68,1500,2,signal,800,13,0,111.113846
68,1500,2,signal,900,13,0,114.92
68,1500,2,signal,1000,11,0,114.76546
68,1500,2,signal,1100,13,0,119.16462
68,1500,2,signal,1200,16,0,118.9875
68,1500,2,signal,1300,15,0,116.63267
68,1500,2,signal,1400,18,0,118.84333
68,1500,2,signal,1500,18,0,116.25612
68,1500,2,signal,1600,18,0,112.56778
68,1500,2,signal,1700,18,0,111.36667
68,1500,2,signal,1800,21,0,114.986664
68,1500,2,signal,1900,22,0,111.49182
68,1500,2,signal,2000,3,0,119.24
68,1500,3,ramp,0,18,0,54.866108
68,1500,3,ramp,100,26,0,54.386536
68,1500,3,ramp,200,6,0,52.235
68,1500,3,ramp,300,3,0,23.296667
68,1500,3,signal,0,4,0,65.6275
68,1500,3,signal,100,4,0,73.3375
68,1500,3,signal,200,7,0,49.16714
68,1500,3,signal,300,30,0,56.341667
68,1500,3,signal,400,12,0,64.88
68,1500,3,signal,500,14,0,70.98928
68,1500,3,signal,600,16,0,77.495
68,1500,3,signal,700,14,0,92.147865
68,1500,3,signal,800,11,0,96.593636
68,1500,3,signal,900,14,0,102.94214
68,1500,3,signal,1000,11,0,95.18728
68,1500,3,signal,1100,12,0,100.8725
68,1500,3,signal,1200,12,0,107.3475
68,1500,3,signal,1300,11,0,95.72363
68,1500,3,signal,1400,17,0,106.21765
68,1500,3,signal,1500,9,0,68.38778
68,1500,3,signal,1600,25,0,102.2116
68,1500,3,signal,1700,15,0,92.375336
68,1500,3,signal,1800,25,0,97.9584
68,1500,3,signal,1900,16,0,96.59375
68,1500,3,signal,2000,4,0,111.784996
68,1500,4,ramp,0,17,0,38.458233
68,1500,4,ramp,100,14,0,49.734997
68,1500,4,ramp,200,3,0,70.543335
68,1500,4,signal,0,2,0,72.935
68,1500,4,signal,100,1,0,64.81
68,1500,4,signal,200,4,0,81.5625
68,1500,4,signal,300,10,0,74.662
68,1500,4,signal,400,20,0,84.098
68,1500,4,signal,500,19,0,101.633156
68,1500,4,signal,600,12,0,105.74334
68,1500,4,signal,700,14,0,103.96285
68,1500,4,signal,800,16,0,106.29
68,1500,4,signal,900,11,0,109.34273
68,1500,4,signal,1000,16,0,113.84062
68,1500,4,signal,1100,14,0,108.63286
68,1500,4,signal,1200,15,0,111.56133
68,1500,4,signal,1300,11,0,114.24727
68,1500,4,signal,1400,12,0,107.15583
68,1500,4,signal,1500,14,0,108.07429
68,1500,4,signal,1600,13,0,101.924614
68,1500,4,signal,1700,13,0,106.22923
68,1500,4,signal,1800,15,0,104.942
68,1500,4,signal,1900,15,0,106.433334
68,1500,4,signal,2000,5,0,104.81
68,1650,1,ramp,0,33,1,45.111214
68,1650,1,ramp,100,21,0,38.404285
68,1650,1,ramp,200,79,9,21.895317
68,1650,1,ramp,300,65,7,21.227846
68,1650,1,signal,0,8,0,41.85125
68,1650,1,signal,100,7,0,43.612858
68,1650,1,signal,200,40,4,29.174
68,1650,1,signal,300,20,0,35.258
68,1650,1,signal,400,7,0,67.40714
68,1650,1,signal,500,18,0,91.38333
68,1650,1,signal,600,34,0,95.09382
68,1650,1,signal,700,28,0,96.193565
68,1650,1,signal,800,21,0,97.95619
68,1650,1,signal,900,19,0,100.15053
68,1650,1,signal,1000,24,0,98.24583
68,1650,1,signal,1100,24,0,100.05667
68,1650,1,signal,1200,17,0,103.87294
68,1650,1,signal,1300,20,0,106.0015
68,1650,1,signal,1400,20,0,103.789
68,1650,1,signal,1500,22,0,106.965454
68,1650,1,signal,1600,18,0,106.71167
68,1650,1,signal,1700,18,0,106.58444
68,1650,1,signal,1800,22,0,108.87409
68,1650,1,signal,1900,15,0,106.75667
68,1650,1,signal,2000,7,0,115.65571
68,1650,2,ramp,0,16,0,50.93875
68,1650,2,ramp,100,11,0,62.582726
68,1650,2,ramp,200,21,0,37.679047
68,1650,2,ramp,300,27,7,16.32
68,1650,2,signal,0,3,0,64.81333
68,1650,2,signal,100,6,0,60.786667
68,1650,2,signal,200,32,0,32.06469
68,1650,2,signal,300,21,1,48.231426
68,1650,2,signal,400,14,0,81.135
68,1650,2,signal,500,13,0,93.31307
68,1650,2,signal,600,19,0,100.30474
68,1650,2,signal,700,22,0,105.56591
68,1650,2,signal,800,19,0,105.51421
68,1650,2,signal,900,17,0,107.892944
68,1650,2,signal,1000,28,0,104.868576
68,1650,2,signal,1100,18,0,105.350006
68,1650,2,signal,1200,21,0,109.10953
68,1650,2,signal,1300,20,0,106.1265
68,1650,2,signal,1400,22,0,108.63955
68,1650,2,signal,1500,20,0,106.988
68,1650,2,signal,1600,16,0,112.0625
68,1650,2,signal,1700,19,0,111.19948
68,1650,2,signal,1800,17,0,108.66529
68,1650,2,signal,1900,19,0,114.466324
68,1650,2,signal,2000,4,0,119.82
68,1650,3,ramp,0,16,0,52.46875
68,1650,3,ramp,100,22,0,58.561817
68,1650,3,ramp,200,11,0,51.837276
68,1650,3,ramp,300,5,1,13.908
68,1650,3,signal,0,1,0,72.51
68,1650,3,signal,100,1,0,73.87
68,1650,3,signal,200,12,0,44.108334
68,1650,3,signal,300,21,1,53.40524
68,1650,3,signal,400,18,0,76.22
68,1650,3,signal,500,15,0,79.732666
68,1650,3,signal,600,15,0,86.458664
68,1650,3,signal,700,20,0,82.0075
68,1650,3,signal,800,16,0,91.185
68,1650,3,signal,900,22,0,84.15591
68,1650,3,signal,1000,14,0,71.97357
68,1650,3,signal,1100,21,0,85.14762
68,1650,3,signal,1200,13,0,76.98154
68,1650,3,signal,1300,18,0,78.32444
68,1650,3,signal,1400,17,0,78.57176
68,1650,3,signal,1500,21,0,82.7
68,1650,3,signal,1600,14,0,80.81642
68,1650,3,signal,1700,11,0,77.19
68,1650,3,signal,1800,14,0,77.36643
68,1650,3,signal,1900,13,0,69.59077
68,1650,4,ramp,0,19,0,42.178947
68,1650,4,ramp,100,11,0,47.78727
68,1650,4,ramp,200,2,0,77.205
68,1650,4,ramp,300,1,0,16.06
68,1650,4,signal,0,5,0,47.884
68,1650,4,signal,100,4,0,49.32
68,1650,4,signal,200,7,0,46.84857
68,1650,4,signal,300,24,0,63.49625
68,1650,4,signal,400,14,0,75.61072
68,1650,4,signal,500,15,0,79.010666
68,1650,4,signal,600,17,0,82.95294
68,1650,4,signal,700,16,0,84.96562
68,1650,4,signal,800,19,0,87.59369
68,1650,4,signal,900,14,0,89.27215
68,1650,4,signal,1000,19,0,96.91947
68,1650,4,signal,1100,14,0,89.235
68,1650,4,signal,1200,22,0,97.648186
68,1650,4,signal,1300,17,0,93.53059
68,1650,4,signal,1400,15,0,101.994
68,1650,4,signal,1500,19,0,107.414734
68,1650,4,signal,1600,10,0,107.216
68,1650,4,signal,1700,17,0,110.65882
68,1650,4,signal,1800,18,0,108.398895
68,1650,4,signal,1900,15,0,105.28933
68,1650,4,signal,2000,3,0,111.30666
68,1800,1,ramp,0,22,0,44.497272
68,1800,1,ramp,100,15,0,48.504
68,1800,1,ramp,200,40,5,26.516
68,1800,1,ramp,300,39,0,28.153334
68,1800,1,signal,0,11,0,53.480003
68,1800,1,signal,100,8,0,53.38875
68,1800,1,signal,200,50,4,33.709
68,1800,1,signal,300,25,0,41.217197
68,1800,1,signal,400,13,0,68.71077
68,1800,1,signal,500,20,0,89.936
68,1800,1,signal,600,36,0,93.084724
68,1800,1,signal,700,22,0,91.593185
68,1800,1,signal,800,23,0,91.21435
68,1800,1,signal,900,30,0,91.33766
68,1800,1,signal,1000,24,0,85.16625
68,1800,1,signal,1100,19,0,84.31
68,1800,1,signal,1200,21,0,88.68476
68,1800,1,signal,1300,16,0,81.82438
68,1800,1,signal,1400,16,0,89.19813
68,1800,1,signal,1500,13,0,89.099236
68,1800,1,signal,1600,10,0,84.321
68,1800,1,signal,1700,13,0,93.05
68,1800,1,signal,1800,9,0,83.0
68,1800,1,signal,1900,11,0,89.91091
68,1800,1,signal,2000,1,0,123.36
68,1800,2,ramp,0,15,0,54.57333
68,1800,2,ramp,100,8,0,58.28125
68,1800,2,ramp,200,22,0,38.021816
68,1800,2,ramp,300,36,15,7.741389
68,1800,2,signal,0,7,0,55.48
68,1800,2,signal,100,4,0,60.125
68,1800,2,signal,200,29,0,37.58862
68,1800,2,signal,300,20,0,59.921
68,1800,2,signal,400,12,0,80.31917
68,1800,2,signal,500,8,0,94.23375
68,1800,2,signal,600,27,0,97.82222
68,1800,2,signal,700,27,0,93.86963
68,1800,2,signal,800,15,0,103.038
68,1800,2,signal,900,21,0,100.295235
68,1800,2,signal,1000,25,0,102.0256
68,1800,2,signal,1100,24,0,94.75791
68,1800,2,signal,1200,18,0,105.89111
68,1800,2,signal,1300,21,0,106.41619
68,1800,2,signal,1400,21,0,102.38286
68,1800,2,signal,1500,22,0,106.06591
68,1800,2,signal,1600,20,0,108.5295
68,1800,2,signal,1700,21,0,107.36286
68,1800,2,signal,1800,24,0,106.41458
68,1800,2,signal,1900,21,0,106.23428
68,1800,2,signal,2000,2,0,102.71
68,1800,3,ramp,0,16,0,63.298126
68,1800,3,ramp,100,11,0,56.715454
68,1800,3,ramp,200,7,0,71.372856
68,1800,3,ramp,300,2,0,42.105
68,1800,3,signal,0,1,0,70.05
68,1800,3,signal,100,2,0,40.475
68,1800,3,signal,200,10,0,47.225
68,1800,3,signal,300,25,0,60.0952
68,1800,3,signal,400,14,0,79.26714
68,1800,3,signal,500,14,0,87.465004
68,1800,3,signal,600,14,0,91.47857
68,1800,3,signal,700,20,0,101.2185
68,1800,3,signal,800,19,0,96.613686
68,1800,3,signal,900,18,0,87.117775
68,1800,3,signal,1000,26,0,76.67423
68,1800,3,signal,1100,24,0,92.44
68,1800,3,signal,1200,16,0,103.118126
68,1800,3,signal,1300,17,0,111.00236
68,1800,3,signal,1400,18,0,110.43611
68,1800,3,signal,1500,12,0,114.15084
68,1800,3,signal,1600,17,0,106.68823
68,1800,3,signal,1700,18,0,111.67889
68,1800,3,signal,1800,14,0,105.54357
68,1800,3,signal,1900,24,0,106.85041
68,1800,3,signal,2000,4,0,128.58499
68,1800,4,ramp,0,14,0,44.08643
68,1800,4,ramp,100,13,0,56.962307
68,1800,4,ramp,200,1,0,97.38
68,1800,4,signal,0,2,0,32.620003
68,1800,4,signal,100,4,0,37.29
68,1800,4,signal,200,3,0,34.506668
68,1800,4,signal,300,14,0,58.005714
68,1800,4,signal,400,20,0,76.914
68,1800,4,signal,500,18,0,80.64555
68,1800,4,signal,600,17,0,89.87941
68,1800,4,signal,700,13,0,87.97846
68,1800,4,signal,800,21,0,96.07476
68,1800,4,signal,900,22,0,78.196365
68,1800,4,signal,1000,19,0,83.329475
68,1800,4,signal,1100,22,0,88.604095
68,1800,4,signal,1200,17,0,108.63824
68,1800,4,signal,1300,16,0,112.49875
68,1800,4,signal,1400,17,0,109.94882
68,1800,4,signal,1500,18,0,109.72667
68,1800,4,signal,1600,23,0,101.29435
68,1800,4,signal,1700,21,0,98.56952
68,1800,4,signal,1800,19,0,103.01632
68,1800,4,signal,1900,23,0,108.907394
68,1800,4,signal,2000,4,0,120.4075
68,1950,1,ramp,0,30,0,40.662334
68,1950,1,ramp,100,25,0,33.732
68,1950,1,ramp,200,83,21,15.149518
68,1950,1,ramp,300,44,2,20.261818
68,1950,1,signal,0,8,0,32.8575
68,1950,1,signal,100,5,0,38.079998
68,1950,1,signal,200,49,4,29.518572
68,1950,1,signal,300,41,5,30.220734
68,1950,1,signal,400,13,0,89.887695
68,1950,1,signal,500,19,0,106.079475
68,1950,1,signal,600,22,0,105.82727
68,1950,1,signal,700,29,0,109.12759
68,1950,1,signal,800,24,0,109.145
68,1950,1,signal,900,24,0,107.95416
68,1950,1,signal,1000,26,0,109.13654
68,1950,1,signal,1100,22,0,102.046364
68,1950,1,signal,1200,21,0,89.50714
68,1950,1,signal,1300,26,0,89.652306
68,1950,1,signal,1400,24,0,88.92208
68,1950,1,signal,1500,25,0,93.5344
68,1950,1,signal,1600,30,0,91.297
68,1950,1,signal,1700,22,0,83.700005
68,1950,1,signal,1800,28,0,93.751076
68,1950,1,signal,1900,28,0,88.468925
68,1950,1,signal,2000,5,0,111.6
68,1950,2,ramp,0,25,0,49.1284
68,1950,2,ramp,100,14,0,42.822857
68,1950,2,ramp,200,31,2,35.113228
68,1950,2,ramp,300,53,22,10.044151
68,1950,2,signal,0,3,0,41.713333
68,1950,2,signal,100,6,0,46.768337
68,1950,2,signal,200,25,0,32.1768
68,1950,2,signal,300,21,2,45.661907
68,1950,2,signal,400,15,0,71.335335
68,1950,2,signal,500,17,0,87.74176
68,1950,2,signal,600,14,0,95.08571
68,1950,2,signal,700,16,0,93.40188
68,1950,2,signal,800,16,0,101.52
68,1950,2,signal,900,11,0,107.82636
68,1950,2,signal,1000,14,0,105.47429
68,1950,2,signal,1100,19,0,104.15737
68,1950,2,signal,1200,23,0,91.42565
68,1950,2,signal,1300,24,0,93.07208
68,1950,2,signal,1400,25,0,88.9904
68,1950,2,signal,1500,24,0,91.665
68,1950,2,signal,1600,22,0,86.12137
68,1950,2,signal,1700,19,0,88.10316
68,1950,2,signal,1800,18,0,84.26556
68,1950,2,signal,1900,17,0,94.06706
68,1950,2,signal,2000,3,0,98.1
68,1950,3,ramp,0,13,0,59.08077
68,1950,3,ramp,100,10,0,61.407
68,1950,3,ramp,200,8,0,66.3825
68,1950,3,ramp,300,6,3,18.341667
68,1950,3,signal,0,6,0,68.30666
68,1950,3,signal,100,7,0,56.53143
68,1950,3,signal,200,13,0,44.87077
68,1950,3,signal,300,22,1,46.86227
68,1950,3,signal,400,14,0,73.472855
68,1950,3,signal,500,18,0,90.23167
68,1950,3,signal,600,15,0,93.1
68,1950,3,signal,700,19,0,97.287895
68,1950,3,signal,800,11,0,86.623634
68,1950,3,signal,900,20,0,108.1735
68,1950,3,signal,1000,15,0,100.063995
68,1950,3,signal,1100,18,0,105.82834
68,1950,3,signal,1200,23,0,94.69783
68,1950,3,signal,1300,24,0,85.22625
68,1950,3,signal,1400,21,0,91.540474
68,1950,3,signal,1500,24,0,82.07583
68,1950,3,signal,1600,23,0,97.73044
68,1950,3,signal,1700,24,0,91.90084
68,1950,3,signal,1800,24,0,94.77375
68,1950,3,signal,1900,24,0,104.05125
68,1950,3,signal,2000,1,0,103.94
68,1950,4,ramp,0,15,0,44.606
68,1950,4,ramp,100,18,0,52.92167
68,1950,4,ramp,200,3,0,63.366665
68,1950,4,signal,0,8,0,52.353752
68,1950,4,signal,100,7,0,52.502857
68,1950,4,signal,200,10,0,53.625
68,1950,4,signal,300,29,0,49.856895
68,1950,4,signal,400,29,0,60.184826
68,1950,4,signal,500,20,0,57.819
68,1950,4,signal,600,20,0,61.8255
68,1950,4,signal,700,15,0,58.927334
68,1950,4,signal,800,19,0,76.59579
68,1950,4,signal,900,15,0,76.556
68,1950,4,signal,1000,16,0,90.79125
68,1950,4,signal,1100,16,0,81.38062
68,1950,4,signal,1200,21,0,63.428093
68,1950,4,signal,1300,21,0,75.84572
68,1950,4,signal,1400,29,0,72.50104
68,1950,4,signal,1500,23,0,80.95913
68,1950,4,signal,1600,25,0,89.1988
68,1950,4,signal,1700,23,0,97.73391
68,1950,4,signal,1800,24,0,93.798744
68,1950,4,signal,1900,21,0,101.486664
68,1950,4,signal,2000,4,0,113.77
68,2100,1,ramp,0,24,0,48.32083
68,2100,1,ramp,100,20,0,42.8565
68,2100,1,ramp,200,74,12,19.694866
68,2100,1,ramp,300,85,20,15.192471
68,2100,1,signal,0,4,0,31.505001
68,2100,1,signal,100,5,0,32.228
68,2100,1,signal,200,41,6,25.32
68,2100,1,signal,300,24,5,38.087082
68,2100,1,signal,400,1,0,87.91
68,2100,1,signal,500,17,0,89.36647
68,2100,1,signal,600,38,0,87.23106
68,2100,1,signal,700,38,0,90.90289
68,2100,1,signal,800,35,0,89.716286
68,2100,1,signal,900,30,0,86.079994
68,2100,1,signal,1000,36,0,89.10528
68,2100,1,signal,1100,30,0,88.586334
68,2100,1,signal,1200,30,0,90.663666
68,2100,1,signal,1300,31,0,91.18065
68,2100,1,signal,1400,27,0,94.81927
68,2100,1,signal,1500,26,0,87.58577
68,2100,1,signal,1600,28,0,95.28393
68,2100,1,signal,1700,28,0,97.05892
68,2100,1,signal,1800,18,0,94.759995
68,2100,1,signal,1900,24,0,99.089165
68,2100,1,signal,2000,3,0,105.94334
68,2100,2,ramp,0,20,0,53.7865
68,2100,2,ramp,100,13,0,56.88077
68,2100,2,ramp,200,24,0,42.119167
68,2100,2,ramp,300,37,15,8.346487
68,2100,2,signal,0,4,0,40.985
68,2100,2,signal,100,7,0,51.15143
68,2100,2,signal,200,29,0,33.764828
68,2100,2,signal,300,37,16,18.020811
68,2100,2,signal,400,13,0,78.17846
68,2100,2,signal,500,10,0,88.587
68,2100,2,signal,600,18,0,95.23333
68,2100,2,signal,700,13,0,93.62
68,2100,2,signal,800,24,0,95.674995
68,2100,2,signal,900,27,0,95.77555
68,2100,2,signal,1000,23,0,101.31
68,2100,2,signal,1100,22,0,99.70864
68,2100,2,signal,1200,30,0,101.558
68,2100,2,signal,1300,18,0,93.26723
68,2100,2,signal,1400,28,0,98.243935
68,2100,2,signal,1500,25,0,97.307594
68,2100,2,signal,1600,19,0,103.975266
68,2100,2,signal,1700,22,0,103.961815
68,2100,2,signal,1800,26,0,102.85885
68,2100,2,signal,1900,18,0,110.134995
68,2100,2,signal,2000,2,0,126.595
68,2100,3,ramp,0,11,0,64.34454
68,2100,3,ramp,100,14,0,67.281425
68,2100,3,ramp,200,11,0,53.392727
68,2100,3,ramp,300,27,13,9.835555
68,2100,3,signal,0,3,0,73.19334
68,2100,3,signal,100,3,0,72.223335
68,2100,3,signal,200,8,0,41.143753
68,2100,3,signal,300,21,0,57.858097
68,2100,3,signal,400,13,0,66.31847
68,2100,3,signal,500,16,0,78.52937
68,2100,3,signal,600,16,0,82.7025
68,2100,3,signal,700,23,0,88.04609
68,2100,3,signal,800,19,0,83.317894
68,2100,3,signal,900,16,0,75.93562
68,2100,3,signal,1000,21,0,78.26238
68,2100,3,signal,1100,17,0,75.81588
68,2100,3,signal,1200,21,0,82.37333
68,2100,3,signal,1300,22,0,80.57455
68,2100,3,signal,1400,19,0,73.74158
68,2100,3,signal,1500,23,0,81.81478
68,2100,3,signal,1600,22,0,79.46
68,2100,3,signal,1700,19,0,78.45526
68,2100,3,signal,1800,22,0,87.00864
68,2100,3,signal,1900,24,0,88.21084
68,2100,3,signal,2000,4,0,106.2025
68,2100,4,ramp,0,18,0,41.236668
68,2100,4,ramp,100,13,0,49.614616
68,2100,4,ramp,200,2,0,90.005005
68,2100,4,signal,200,1,0,75.88
68,2100,4,signal,300,20,0,51.5745
68,2100,4,signal,400,16,0,74.65188
68,2100,4,signal,500,16,0,84.8775
68,2100,4,signal,600,12,0,77.38084
68,2100,4,signal,700,11,0,88.020905
68,2100,4,signal,800,12,0,81.5075
68,2100,4,signal,900,15,0,74.75467
68,2100,4,signal,1000,12,0,76.9475
68,2100,4,signal,1100,12,0,74.75167
68,2100,4,signal,1200,17,0,75.43294
68,2100,4,signal,1300,14,0,74.29214
68,2100,4,signal,1400,16,0,65.27625
68,2100,4,signal,1500,17,0,71.69941
68,2100,4,signal,1600,19,0,67.88263
68,2100,4,signal,1700,17,0,70.138824
68,2100,4,signal,1800,20,0,63.9515
68,2100,4,signal,1900,18,0,70.77
68,2100,4,signal,2000,1,0,138.61
68,2250,1,ramp,0,27,0,48.704075
68,2250,1,ramp,100,22,0,42.751366
68,2250,1,ramp,200,81,12,19.595678
68,2250,1,ramp,300,63,15,14.319524
68,2250,1,signal,0,7,0,41.514286
68,2250,1,signal,100,6,0,40.678333
68,2250,1,signal,200,48,7,24.074791
68,2250,1,signal,300,31,3,23.385807
68,2250,1,signal,400,12,0,63.463333
68,2250,1,signal,500,21,0,71.64333
68,2250,1,signal,600,37,0,77.23784
68,2250,1,signal,700,28,0,76.42714
68,2250,1,signal,800,28,0,74.26536
68,2250,1,signal,900,31,0,72.063225
68,2250,1,signal,1000,30,0,70.49
68,2250,1,signal,1100,31,0,70.950645
68,2250,1,signal,1200,27,0,72.83222
68,2250,1,signal,1300,28,0,69.2
68,2250,1,signal,1400,25,0,76.4644
68,2250,1,signal,1500,19,0,82.32316
68,2250,1,signal,1600,23,0,88.10217
68,2250,1,signal,1700,18,0,89.34555
68,2250,1,signal,1800,19,0,89.05632
68,2250,1,signal,1900,19,0,83.79474
68,2250,1,signal,2000,2,0,128.03
68,2250,2,ramp,0,24,0,53.946247
68,2250,2,ramp,100,14,0,57.962147
68,2250,2,ramp,200,23,1,41.214783
68,2250,2,ramp,300,44,18,8.216363
68,2250,2,signal,0,3,0,63.13
68,2250,2,signal,100,3,0,63.453335
68,2250,2,signal,200,25,0,32.0348
68,2250,2,signal,300,31,7,36.77355
68,2250,2,signal,400,17,0,78.31118
68,2250,2,signal,500,12,0,88.50167
68,2250,2,signal,600,23,0,91.6813
68,2250,2,signal,700,32,0,93.98719
68,2250,2,signal,800,26,0,94.92384
68,2250,2,signal,900,27,0,91.275925
68,2250,2,signal,1000,28,0,89.88607
68,2250,2,signal,1100,25,0,89.27521
68,2250,2,signal,1200,29,0,83.777245
68,2250,2,signal,1300,27,0,86.79074
68,2250,2,signal,1400,28,0,85.85179
68,2250,2,signal,1500,22,0,91.99227
68,2250,2,signal,1600,20,0,94.718
68,2250,2,signal,1700,19,0,95.25895
68,2250,2,signal,1800,16,0,93.18625
68,2250,2,signal,1900,23,0,99.398254
68,2250,2,signal,2000,2,0,113.744995
68,2250,3,ramp,0,15,0,59.632
68,2250,3,ramp,100,9,0,62.210003
68,2250,3,ramp,200,9,0,52.18889
68,2250,3,ramp,300,7,3,15.561429
68,2250,3,signal,0,5,0,85.144
68,2250,3,signal,100,1,0,78.41
68,2250,3,signal,200,15,0,39.666
68,2250,3,signal,300,28,1,50.351784
68,2250,3,signal,400,19,0,71.47263
68,2250,3,signal,500,22,0,78.71363
68,2250,3,signal,600,19,0,69.12315
68,2250,3,signal,700,18,0,78.58111
68,2250,3,signal,800,20,0,79.841995
68,2250,3,signal,900,20,0,88.445
68,2250,3,signal,1000,26,0,82.47578
68,2250,3,signal,1100,22,0,86.09545
68,2250,3,signal,1200,20,0,86.1225
68,2250,3,signal,1300,23,0,82.873474
68,2250,3,signal,1400,24,0,89.738335
68,2250,3,signal,1500,27,0,99.006294
68,2250,3,signal,1600,17,0,97.52
68,2250,3,signal,1700,21,0,95.46857
68,2250,3,signal,1800,19,0,95.62315
68,2250,3,signal,1900,20,0,97.42
68,2250,3,signal,2000,1,0,96.57
68,2250,4,ramp,0,12,0,42.754166
68,2250,4,ramp,100,14,0,55.86786
68,2250,4,ramp,200,1,0,65.06
68,2250,4,signal,0,5,0,40.966
68,2250,4,signal,100,8,0,55.05875
68,2250,4,signal,200,11,0,60.234547
68,2250,4,signal,300,30,0,49.685337
68,2250,4,signal,400,27,0,65.43074
68,2250,4,signal,500,18,0,65.99333
68,2250,4,signal,600,21,0,63.704765
68,2250,4,signal,700,23,0,70.78435
68,2250,4,signal,800,17,0,58.168823
68,2250,4,signal,900,18,0,64.27278
68,2250,4,signal,1000,18,0,71.99333
68,2250,4,signal,1100,22,0,61.598183
68,2250,4,signal,1200,21,0,58.35476
68,2250,4,signal,1300,21,0,69.288574
68,2250,4,signal,1400,15,0,62.831997
68,2250,4,signal,1500,16,0,71.335
68,2250,4,signal,1600,18,0,82.543335
68,2250,4,signal,1700,12,0,83.1675
68,2250,4,signal,1800,13,0,75.88846
68,2250,4,signal,1900,20,0,84.539
68,2400,1,ramp,0,34,0,38.94853
68,2400,1,ramp,100,27,4,30.86111
68,2400,1,ramp,200,69,8,22.473913
68,2400,1,ramp,300,42,2,27.604525
68,2400,1,signal,0,9,0,38.46111
68,2400,1,signal,100,4,0,38.445
68,2400,1,signal,200,43,2,33.90651
68,2400,1,signal,300,21,0,56.021427
68,2400,1,signal,400,9,0,84.41334
68,2400,1,signal,500,16,0,88.39313
68,2400,1,signal,600,38,0,86.13921
68,2400,1,signal,700,30,0,84.44833
68,2400,1,signal,800,27,0,83.45556
68,2400,1,signal,900,29,0,83.57966
68,2400,1,signal,1000,23,0,86.608696
68,2400,1,signal,1100,26,0,83.910385
68,2400,1,signal,1200,28,0,85.58465
68,2400,1,signal,1300,25,0,83.5616
68,2400,1,signal,1400,27,0,80.960365
68,2400,1,signal,1500,27,0,75.68704
68,2400,1,signal,1600,26,0,75.34654
68,2400,1,signal,1700,23,0,70.75739
68,2400,1,signal,1800,24,0,77.277504
68,2400,1,signal,1900,25,0,81.775604
68,2400,1,signal,2000,4,0,90.1425
68,2400,2,ramp,0,23,0,51.28522
68,2400,2,ramp,100,16,0,56.294376
68,2400,2,ramp,200,25,1,38.658398
68,2400,2,ramp,300,56,46,4.4389286
68,2400,2,signal,0,3,0,54.83
68,2400,2,signal,100,8,0,54.0125
68,2400,2,signal,200,23,0,39.76174
68,2400,2,signal,300,15,0,66.274666
68,2400,2,signal,400,15,0,82.29
68,2400,2,signal,500,18,0,94.547775
68,2400,2,signal,600,14,0,101.66929
68,2400,2,signal,700,17,0,96.37706
68,2400,2,signal,800,21,0,103.31952
68,2400,2,signal,900,16,0,102.72188
68,2400,2,signal,1000,22,0,103.71001
68,2400,2,signal,1100,16,0,103.45812
68,2400,2,signal,1200,17,0,101.93
68,2400,2,signal,1300,19,0,100.77106
68,2400,2,signal,1400,15,0,100.26466
68,2400,2,signal,1500,29,0,89.90828
68,2400,2,signal,1600,27,0,88.89074
68,2400,2,signal,1700,23,0,92.02217
68,2400,2,signal,1800,22,0,86.65046
68,2400,2,signal,1900,24,0,87.20334
68,2400,2,signal,2000,4,0,94.455
68,2400,3,ramp,0,12,0,50.6425
68,2400,3,ramp,100,13,0,53.81154
68,2400,3,ramp,200,8,0,55.66875
68,2400,3,ramp,300,12,7,7.0441666
68,2400,3,signal,0,8,0,60.04625
68,2400,3,signal,100,8,0,62.47625
68,2400,3,signal,200,11,0,44.034546
68,2400,3,signal,300,21,1,60.151432
68,2400,3,signal,400,19,0,85.45632
68,2400,3,signal,500,17,0,90.935295
68,2400,3,signal,600,13,0,98.902306
68,2400,3,signal,700,15,0,100.11
68,2400,3,signal,800,18,0,103.40889
68,2400,3,signal,900,16,0,98.7675
68,2400,3,signal,1000,17,0,100.14647
68,2400,3,signal,1100,23,0,106.82609
68,2400,3,signal,1200,12,0,94.71167
68,2400,3,signal,1300,20,0,104.855
68,2400,3,signal,1400,22,0,88.03591
68,2400,3,signal,1500,19,0,83.210526
68,2400,3,signal,1600,21,0,82.27238
68,2400,3,signal,1700,24,0,82.80583
68,2400,3,signal,1800,24,0,90.043755
68,2400,3,signal,1900,23,0,87.845215
68,2400,3,signal,2000,7,0,107.55428
68,2400,4,ramp,0,14,0,45.21
68,2400,4,ramp,100,14,0,55.144287
68,2400,4,ramp,200,2,0,66.565
68,2400,4,signal,0,7,0,48.915714
68,2400,4,signal,100,4,0,41.535
68,2400,4,signal,200,10,0,56.697998
68,2400,4,signal,300,21,0,54.685715
68,2400,4,signal,400,20,0,63.5305
68,2400,4,signal,500,20,0,72.733505
68,2400,4,signal,600,19,0,73.39684
68,2400,4,signal,700,16,0,88.54188
68,2400,4,signal,800,16,0,79.76437
68,2400,4,signal,900,16,0,82.92812
68,2400,4,signal,1000,18,0,85.32778
68,2400,4,signal,1100,17,0,72.28647
68,2400,4,signal,1200,18,0,88.06778
68,2400,4,signal,1300,19,0,85.49895
68,2400,4,signal,1400,18,0,91.07444
68,2400,4,signal,1500,19,0,83.65316
68,2400,4,signal,1600,24,0,75.104164
68,2400,4,signal,1700,17,0,70.84706
68,2400,4,signal,1800,23,0,87.609566
68,2400,4,signal,1900,21,0,87.10476
68,2400,4,signal,2000,1,0,118.92
68,2550,1,ramp,0,22,0,36.932274
68,2550,1,ramp,100,17,0,42.674118
68,2550,1,ramp,200,55,4,22.507637
68,2550,1,ramp,300,53,8,16.88434
68,2550,1,signal,0,7,0,37.05857
68,2550,1,signal,100,6,0,40.951664
68,2550,1,signal,200,46,1,28.981739
68,2550,1,signal,300,45,5,31.147333
68,2550,1,signal,400,7,0,80.02571
68,2550,1,signal,500,16,0,85.01063
68,2550,1,signal,600,46,0,83.345436
68,2550,1,signal,700,31,0,83.148705
68,2550,1,signal,800,38,0,83.7129
68,2550,1,signal,900,33,0,82.425156
68,2550,1,signal,1000,39,0,82.69846
68,2550,1,signal,1100,40,0,83.543
68,2550,1,signal,1200,36,0,82.24194
68,2550,1,signal,1300,34,0,81.806465
68,2550,1,signal,1400,36,0,80.961395
68,2550,1,signal,1500,29,0,82.09104
68,2550,1,signal,1600,30,0,82.28433
68,2550,1,signal,1700,32,0,82.65187
68,2550,1,signal,1800,32,0,81.76406
68,2550,1,signal,1900,29,0,83.21759
68,2550,1,signal,2000,3,0,81.80334
68,2550,2,ramp,0,18,0,44.699448
68,2550,2,ramp,100,11,0,46.42091
68,2550,2,ramp,200,17,0,39.736473
68,2550,2,ramp,300,111,81,4.402252
68,2550,2,signal,0,7,0,43.66857
68,2550,2,signal,100,5,0,45.554
68,2550,2,signal,200,25,1,31.646399
68,2550,2,signal,300,21,14,9.418096
68,2550,2,signal,400,16,0,77.0175
68,2550,2,signal,500,16,0,96.319374
68,2550,2,signal,600,14,0,100.90857
68,2550,2,signal,700,22,0,99.89182
68,2550,2,signal,800,19,0,96.36316
68,2550,2,signal,900,19,0,100.09105
68,2550,2,signal,1000,23,0,100.71522
68,2550,2,signal,1100,25,0,100.757195
68,2550,2,signal,1200,20,0,101.8135
68,2550,2,signal,1300,23,0,101.4487
68,2550,2,signal,1400,14,0,92.034996
68,2550,2,signal,1500,21,0,96.73571
68,2550,2,signal,1600,20,0,95.6585
68,2550,2,signal,1700,17,0,96.25412
68,2550,2,signal,1800,27,0,98.309265
68,2550,2,signal,1900,26,0,100.83808
68,2550,2,signal,2000,2,0,99.675
68,2550,3,ramp,0,11,0,57.078182
68,2550,3,ramp,100,9,0,57.95444
68,2550,3,ramp,200,12,0,52.805004
68,2550,3,ramp,300,25,18,6.0284004
68,2550,3,signal,0,6,0,63.085003
68,2550,3,signal,100,6,0,58.271667
68,2550,3,signal,200,11,0,47.83909
68,2550,3,signal,300,27,2,37.15148
68,2550,3,signal,400,16,0,77.945
68,2550,3,signal,500,13,0,90.05
68,2550,3,signal,600,16,0,103.24125
68,2550,3,signal,700,12,0,100.78083
68,2550,3,signal,800,22,0,110.09546
68,2550,3,signal,900,14,0,104.96571
68,2550,3,signal,1000,19,0,104.11842
68,2550,3,signal,1100,21,0,105.475235
68,2550,3,signal,1200,16,0,108.774376
68,2550,3,signal,1300,19,0,103.01631
68,2550,3,signal,1400,24,0,105.07166
68,2550,3,signal,1500,19,0,101.43474
68,2550,3,signal,1600,21,0,103.16571
68,2550,3,signal,1700,17,0,98.86706
68,2550,3,signal,1800,20,0,96.3285
68,2550,3,signal,1900,17,0,95.94882
68,2550,3,signal,2000,5,0,100.486
68,2550,4,ramp,0,15,0,42.71067
68,2550,4,ramp,100,13,0,56.638462
68,2550,4,ramp,200,1,0,73.53
68,2550,4,signal,0,3,0,40.406666
68,2550,4,signal,100,6,0,51.755
68,2550,4,signal,200,11,0,49.892727
68,2550,4,signal,300,34,0,51.275295
68,2550,4,signal,400,22,0,59.77909
68,2550,4,signal,500,21,0,62.730476
68,2550,4,signal,600,20,0,68.18
68,2550,4,signal,700,16,0,62.679375
68,2550,4,signal,800,22,0,67.99409
68,2550,4,signal,900,16,0,65.13875
68,2550,4,signal,1000,15,0,60.396
68,2550,4,signal,1100,10,0,51.126
68,2550,4,signal,1200,14,0,60.302143
68,2550,4,signal,1300,17,0,65.67647
68,2550,4,signal,1400,14,0,65.46643
68,2550,4,signal,1500,18,0,70.873886
68,2550,4,signal,1600,17,0,63.39588
68,2550,4,signal,1700,17,0,66.40882
68,2550,4,signal,1800,16,0,68.56875
68,2550,4,signal,1900,15,0,61.443336
68,2550,4,signal,2000,2,0,83.74
68,2700,1,ramp,0,15,0,49.531998
68,2700,1,ramp,100,11,0,50.613636
68,2700,1,ramp,200,41,3,26.810976
68,2700,1,ramp,300,36,2,23.526112
68,2700,1,signal,0,9,0,50.151108
68,2700,1,signal,100,9,0,42.44222
68,2700,1,signal,200,54,3,40.665184
68,2700,1,signal,300,51,2,46.79843
68,2700,1,signal,400,17,0,69.38294
68,2700,1,signal,500,23,0,78.112175
68,2700,1,signal,600,34,0,76.29059
68,2700,1,signal,700,24,0,77.02458
68,2700,1,signal,800,23,0,84.6613
68,2700,1,signal,900,24,0,82.784996
68,2700,1,signal,1000,24,0,82.27541
68,2700,1,signal,1100,21,0,85.60809
68,2700,1,signal,1200,20,0,80.7595
68,2700,1,signal,1300,21,0,83.2119
68,2700,1,signal,1400,18,0,83.14167
68,2700,1,signal,1500,19,0,82.06211
68,2700,1,signal,1600,20,0,87.428
68,2700,1,signal,1700,19,0,84.52368
68,2700,1,signal,1800,24,0,83.93166
68,2700,1,signal,1900,29,0,84.737236
68,2700,1,signal,2000,2,0,79.94
68,2700,2,ramp,0,14,0,56.147144
68,2700,2,ramp,100,8,0,54.5425
68,2700,2,ramp,200,13,0,46.966923
68,2700,2,ramp,300,156,137,1.4969872
68,2700,2,signal,0,5,0,58.968
68,2700,2,signal,100,4,0,74.35
68,2700,2,signal,200,19,0,33.29105
68,2700,2,signal,300,18,14,6.6499996
68,2700,2,signal,400,18,0,79.901665
68,2700,2,signal,500,18,0,91.92333
68,2700,2,signal,600,24,0,93.099174
68,2700,2,signal,700,23,0,96.69696
68,2700,2,signal,800,21,0,101.14476
68,2700,2,signal,900,28,0,104.275
68,2700,2,signal,1000,18,0,100.562775
68,2700,2,signal,1100,21,0,98.298096
68,2700,2,signal,1200,30,0,100.607
68,2700,2,signal,1300,21,0,99.35096
68,2700,2,signal,1400,24,0,97.38083
68,2700,2,signal,1500,26,0,95.12462
68,2700,2,signal,1600,25,0,92.15
68,2700,2,signal,1700,27,0,94.75815
68,2700,2,signal,1800,24,0,94.26708
68,2700,2,signal,1900,24,0,91.136665
68,2700,2,signal,2000,4,0,98.215
68,2700,3,ramp,0,6,0,56.058334
68,2700,3,ramp,100,11,0,52.34
68,2700,3,ramp,200,4,0,51.7925
68,2700,3,ramp,300,15,11,6.6740003
68,2700,3,signal,0,2,0,72.384995
68,2700,3,signal,100,4,0,71.175
68,2700,3,signal,200,7,0,46.107143
68,2700,3,signal,300,24,0,44.90625
68,2700,3,signal,400,19,0,76.23947
68,2700,3,signal,500,20,0,86.4075
68,2700,3,signal,600,21,0,89.132385
68,2700,3,signal,700,23,0,92.55217
68,2700,3,signal,800,17,0,98.818825
68,2700,3,signal,900,19,0,98.12
68,2700,3,signal,1000,17,0,103.005295
68,2700,3,signal,1100,26,0,105.44347
68,2700,3,signal,1200,20,0,104.723
68,2700,3,signal,1300,23,0,108.222176
68,2700,3,signal,1400,22,0,106.976814
68,2700,3,signal,1500,26,0,104.12846
68,2700,3,signal,1600,25,0,98.269196
68,2700,3,signal,1700,25,0,93.91599
68,2700,3,signal,1800,23,0,96.184784
68,2700,3,signal,1900,22,0,101.137276
68,2700,3,signal,2000,3,0,107.333336
68,2700,4,ramp,0,20,0,44.384
68,2700,4,ramp,100,11,0,45.252728
68,2700,4,ramp,200,1,0,100.51
68,2700,4,signal,0,1,0,40.04
68,2700,4,signal,100,2,0,40.86
68,2700,4,signal,200,5,0,58.954002
68,2700,4,signal,300,28,0,50.5
68,2700,4,signal,400,14,0,72.47143
68,2700,4,signal,500,17,0,71.68882
68,2700,4,signal,600,12,0,72.049995
68,2700,4,signal,700,18,0,72.46611
68,2700,4,signal,800,22,0,75.90864
68,2700,4,signal,900,18,0,69.92777
68,2700,4,signal,1000,16,0,74.12875
68,2700,4,signal,1100,15,0,61.636665
68,2700,4,signal,1200,17,0,66.01294
68,2700,4,signal,1300,15,0,72.37
68,2700,4,signal,1400,13,0,67.15462
68,2700,4,signal,1500,20,0,71.1035
68,2700,4,signal,1600,18,0,68.16333
68,2700,4,signal,1700,22,0,77.11364
68,2700,4,signal,1800,24,0,77.80375
68,2700,4,signal,1900,14,0,76.21001
68,2700,4,signal,2000,5,0,116.238
68,2850,1,ramp,0,24,0,44.147083
68,2850,1,ramp,100,16,0,41.228127
68,2850,1,ramp,200,54,6,25.726667
68,2850,1,ramp,300,37,1,29.150272
68,2850,1,signal,0,4,0,43.0875
68,2850,1,signal,100,2,0,44.705
68,2850,1,signal,200,42,0,38.65738
68,2850,1,signal,300,29,0,49.603104
68,2850,1,signal,400,15,0,69.99
68,2850,1,signal,500,24,0,81.26833
68,2850,1,signal,600,46,0,76.95
68,2850,1,signal,700,43,0,78.27256
68,2850,1,signal,800,41,0,74.0461
68,2850,1,signal,900,34,0,72.195
68,2850,1,signal,1000,29,0,74.708275
68,2850,1,signal,1100,27,0,78.69926
68,2850,1,signal,1200,23,0,81.500435
68,2850,1,signal,1300,30,0,81.10833
68,2850,1,signal,1400,27,0,81.310005
68,2850,1,signal,1500,28,0,82.590355
68,2850,1,signal,1600,27,0,86.22519
68,2850,1,signal,1700,24,0,86.97125
68,2850,1,signal,1800,23,0,85.94174
68,2850,1,signal,1900,22,0,88.10727
68,2850,1,signal,2000,1,0,103.01
68,2850,2,ramp,0,20,0,63.390003
68,2850,2,ramp,100,12,0,60.045
68,2850,2,ramp,200,11,0,47.73091
68,2850,2,ramp,300,23,13,11.185218
68,2850,2,signal,0,1,0,86.37
68,2850,2,signal,100,1,0,70.05
68,2850,2,signal,200,21,1,42.160477
68,2850,2,signal,300,32,3,44.925
68,2850,2,signal,400,19,0,83.65421
68,2850,2,signal,500,13,0,87.83923
68,2850,2,signal,600,25,0,84.428
68,2850,2,signal,700,21,0,86.057144
68,2850,2,signal,800,31,0,83.62807
68,2850,2,signal,900,35,0,84.278854
68,2850,2,signal,1000,29,0,79.06758
68,2850,2,signal,1100,28,0,85.915
68,2850,2,signal,1200,32,0,89.31031
68,2850,2,signal,1300,21,0,85.56524
68,2850,2,signal,1400,22,0,91.63818
68,2850,2,signal,1500,26,0,81.87038
68,2850,2,signal,1600,29,0,86.368965
68,2850,2,signal,1700,26,0,91.385
68,2850,2,signal,1800,26,0,89.605385
68,2850,2,signal,1900,26,0,92.722694
68,2850,2,signal,2000,4,0,93.17
68,2850,3,ramp,0,13,0,61.80538
68,2850,3,ramp,100,12,0,72.215004
68,2850,3,ramp,200,7,0,77.23572
68,2850,3,ramp,300,10,5,15.672
68,2850,3,signal,0,5,0,53.883995
68,2850,3,signal,100,4,0,48.3875
68,2850,3,signal,200,10,0,41.379997
68,2850,3,signal,300,25,0,56.5708
68,2850,3,signal,400,16,0,73.39438
68,2850,3,signal,500,21,0,76.97858
68,2850,3,signal,600,19,0,81.38526
68,2850,3,signal,700,19,0,77.43474
68,2850,3,signal,800,26,0,73.03
68,2850,3,signal,900,28,0,77.626076
68,2850,3,signal,1000,29,0,82.33448
68,2850,3,signal,1100,22,0,74.61364
68,2850,3,signal,1200,22,0,82.16863
68,2850,3,signal,1300,21,0,84.20143
68,2850,3,signal,1400,26,0,86.81231
68,2850,3,signal,1500,25,0,89.27599
68,2850,3,signal,1600,25,0,90.8104
68,2850,3,signal,1700,24,0,93.02209
68,2850,3,signal,1800,24,0,103.62125
68,2850,3,signal,1900,22,0,102.63046
68,2850,3,signal,2000,5,0,98.226
68,2850,4,ramp,0,9,0,35.947777
68,2850,4,ramp,100,3,0,35.55
68,2850,4,ramp,200,1,0,78.77
68,2850,4,signal,0,3,0,61.193333
68,2850,4,signal,100,3,0,50.646667
68,2850,4,signal,200,6,0,55.873337
68,2850,4,signal,300,17,0,46.880585
68,2850,4,signal,400,15,0,62.741333
68,2850,4,signal,500,15,0,60.093334
68,2850,4,signal,600,16,0,70.26
68,2850,4,signal,700,21,0,78.71333
68,2850,4,signal,800,19,0,68.57737
68,2850,4,signal,900,23,0,77.96739
68,2850,4,signal,1000,24,0,69.762085
68,2850,4,signal,1100,28,0,81.39857
68,2850,4,signal,1200,24,0,76.70875
68,2850,4,signal,1300,24,0,85.88166
68,2850,4,signal,1400,25,0,78.7932
68,2850,4,signal,1500,29,0,79.55759
68,2850,4,signal,1600,18,0,74.93056
68,2850,4,signal,1700,17,0,89.74823
68,2850,4,signal,1800,12,0,92.55167
68,2850,4,signal,1900,10,0,87.254
68,2850,4,signal,2000,2,0,125.78999
68,3000,1,ramp,0,26,0,43.144615
68,3000,1,ramp,100,23,0,43.08478
68,3000,1,ramp,200,70,14,21.110285
68,3000,1,ramp,300,33,3,27.636364
68,3000,1,signal,0,7,0,47.481426
68,3000,1,signal,100,4,0,44.254997
68,3000,1,signal,200,50,0,34.2042
68,3000,1,signal,300,31,1,36.443226
68,3000,1,signal,400,10,0,86.203995
68,3000,1,signal,500,26,0,82.768845
68,3000,1,signal,600,46,0,82.454346
68,3000,1,signal,700,43,0,81.88047
68,3000,1,signal,800,43,0,81.78605
68,3000,1,signal,900,40,0,81.504
68,3000,1,signal,1000,35,0,82.378
68,3000,1,signal,1100,36,0,79.30472
68,3000,1,signal,1200,37,0,78.990265
68,3000,1,signal,1300,29,0,80.53621
68,3000,1,signal,1400,36,0,80.86667
68,3000,1,signal,1500,35,0,80.262
68,3000,1,signal,1600,29,0,76.00931
68,3000,1,signal,1700,25,0,75.134
68,3000,1,signal,1800,25,0,77.507996
68,3000,1,signal,1900,25,0,78.7664
68,3000,1,signal,2000,6,0,90.885
68,3000,2,ramp,0,11,0,56.738182
68,3000,2,ramp,100,11,0,56.859093
68,3000,2,ramp,200,17,0,35.86235
68,3000,2,ramp,300,26,7,12.667693
68,3000,2,signal,0,4,0,58.949997
68,3000,2,signal,100,6,0,57.228333
68,3000,2,signal,200,17,0,44.01706
68,3000,2,signal,300,21,0,47.134285
68,3000,2,signal,400,16,0,67.775
68,3000,2,signal,500,17,0,87.56529
68,3000,2,signal,600,25,0,91.6928
68,3000,2,signal,700,28,0,95.9125
68,3000,2,signal,800,24,0,97.75541
68,3000,2,signal,900,26,0,96.225006
68,3000,2,signal,1000,22,0,94.26091
68,3000,2,signal,1100,27,0,96.03407
68,3000,2,signal,1200,31,0,92.90645
68,3000,2,signal,1300,23,0,94.82565
68,3000,2,signal,1400,28,0,90.96715
68,3000,2,signal,1500,27,0,91.89
68,3000,2,signal,1600,31,0,90.85387
68,3000,2,signal,1700,32,0,85.40094
68,3000,2,signal,1800,36,0,83.58861
68,3000,2,signal,1900,34,0,85.083824
68,3000,2,signal,2000,4,0,92.3975
68,3000,3,ramp,0,11,0,58.80818
68,3000,3,ramp,100,14,0,53.15429
68,3000,3,ramp,200,4,0,49.324997
68,3000,3,ramp,300,6,3,8.74
68,3000,3,signal,0,2,0,71.845
68,3000,3,signal,100,2,0,68.2
68,3000,3,signal,200,9,0,49.89778
68,3000,3,signal,300,25,1,51.3004
68,3000,3,signal,400,11,0,72.887276
68,3000,3,signal,500,13,0,82.86076
68,3000,3,signal,600,13,0,93.346924
68,3000,3,signal,700,19,0,90.1879
68,3000,3,signal,800,21,0,98.17809
68,3000,3,signal,900,20,0,97.702
68,3000,3,signal,1000,26,0,100.013466
68,3000,3,signal,1100,21,0,95.34286
68,3000,3,signal,1200,22,0,96.90772
68,3000,3,signal,1300,25,0,96.9328
68,3000,3,signal,1400,24,0,94.7275
68,3000,3,signal,1500,19,0,92.07105
68,3000,3,signal,1600,25,0,89.1808
68,3000,3,signal,1700,26,0,87.35269
68,3000,3,signal,1800,27,0,82.229256
68,3000,3,signal,1900,30,0,85.65533
68,3000,3,signal,2000,3,0,90.39333
68,3000,4,ramp,0,13,0,38.324615
68,3000,4,ramp,100,11,0,41.813637
68,3000,4,ramp,200,1,0,76.0
68,3000,4,ramp,300,2,1,16.13
68,3000,4,signal,0,3,0,53.11333
68,3000,4,signal,100,3,0,54.49667
68,3000,4,signal,200,4,0,58.43
68,3000,4,signal,300,15,0,61.215332
68,3000,4,signal,400,22,0,68.821815
68,3000,4,signal,500,14,0,66.455
68,3000,4,signal,600,14,0,69.23214
68,3000,4,signal,700,14,0,81.67429
68,3000,4,signal,800,18,0,79.952225
68,3000,4,signal,900,14,0,82.73714
68,3000,4,signal,1000,13,0,78.84384
68,3000,4,signal,1100,17,0,75.598236
68,3000,4,signal,1200,20,0,82.404495
68,3000,4,signal,1300,20,0,92.132
68,3000,4,signal,1400,20,0,82.017
68,3000,4,signal,1500,20,0,88.704
68,3000,4,signal,1600,26,0,83.893845
68,3000,4,signal,1700,23,0,82.00609
68,3000,4,signal,1800,25,0,79.1692
68,3000,4,signal,1900,27,0,80.39297
68,3000,4,signal,2000,5,0,103.394005
68,3150,1,ramp,0,31,0,43.01613
68,3150,1,ramp,100,20,0,40.639503
68,3150,1,ramp,200,42,2,33.413094
68,3150,1,ramp,300,24,0,37.6875
68,3150,1,signal,0,5,0,32.9
68,3150,1,signal,100,4,0,48.035
68,3150,1,signal,200,41,1,37.73
68,3150,1,signal,300,17,0,67.04294
68,3150,1,signal,400,13,0,89.33692
68,3150,1,signal,500,19,0,91.21
68,3150,1,signal,600,33,0,83.46091
68,3150,1,signal,700,29,0,86.267586
68,3150,1,signal,800,27,0,86.60889
68,3150,1,signal,900,27,0,84.68444
68,3150,1,signal,1000,27,0,83.85593
68,3150,1,signal,1100,24,0,83.48333
68,3150,1,signal,1200,28,0,84.630356
68,3150,1,signal,1300,26,0,83.05577
68,3150,1,signal,1400,23,0,83.28435
68,3150,1,signal,1500,23,0,84.3513
68,3150,1,signal,1600,31,0,85.36581
68,3150,1,signal,1700,25,0,83.4232
68,3150,1,signal,1800,23,0,85.81043
68,3150,1,signal,1900,30,0,85.03734
68,3150,1,signal,2000,1,0,116.75
68,3150,2,ramp,0,13,0,56.996155
68,3150,2,ramp,100,12,0,49.661667
68,3150,2,ramp,200,18,0,39.04333
68,3150,2,ramp,300,7,1,24.761429
68,3150,2,signal,0,4,0,56.7775
68,3150,2,signal,100,4,0,55.2575
68,3150,2,signal,200,25,0,47.316803
68,3150,2,signal,300,30,0,60.26033
68,3150,2,signal,400,11,0,82.89636
68,3150,2,signal,500,12,0,95.18084
68,3150,2,signal,600,19,0,87.11526
68,3150,2,signal,700,14,0,88.74857
68,3150,2,signal,800,18,0,94.57111
68,3150,2,signal,900,21,0,94.83666
68,3150,2,signal,1000,18,0,90.03389
68,3150,2,signal,1100,18,0,96.91945
68,3150,2,signal,1200,18,0,91.23222
68,3150,2,signal,1300,19,0,93.56737
68,3150,2,signal,1400,20,0,99.181
68,3150,2,signal,1500,17,0,90.75236
68,3150,2,signal,1600,18,0,94.884445
68,3150,2,signal,1700,14,0,106.060715
68,3150,2,signal,1800,14,0,93.75429
68,3150,2,signal,1900,17,0,103.82294
68,3150,2,signal,2000,4,0,107.17
68,3150,3,ramp,0,12,0,52.595
68,3150,3,ramp,100,11,0,48.81455
68,3150,3,ramp,200,5,0,53.128002
68,3150,3,ramp,300,1,0,37.66
68,3150,3,signal,0,3,0,56.460003
68,3150,3,signal,100,3,0,54.676666
68,3150,3,signal,200,5,0,50.104
68,3150,3,signal,300,16,0,58.298126
68,3150,3,signal,400,21,0,71.1981
68,3150,3,signal,500,13,0,75.81847
68,3150,3,signal,600,16,0,91.58188
68,3150,3,signal,700,14,0,97.95786
68,3150,3,signal,800,13,0,92.54231
68,3150,3,signal,900,14,0,95.60285
68,3150,3,signal,1000,16,0,102.125626
68,3150,3,signal,1100,17,0,106.02177
68,3150,3,signal,1200,16,0,105.5375
68,3150,3,signal,1300,20,0,100.9295
68,3150,3,signal,1400,17,0,96.52
68,3150,3,signal,1500,22,0,101.81636
68,3150,3,signal,1600,25,0,104.211205
68,3150,3,signal,1700,18,0,99.44888
68,3150,3,signal,1800,21,0,98.13429
68,3150,3,signal,1900,23,0,101.68086
68,3150,3,signal,2000,4,0,113.595
68,3150,4,ramp,0,14,0,38.81643
68,3150,4,ramp,100,13,0,45.32461
68,3150,4,signal,100,1,0,87.45
68,3150,4,signal,200,1,0,111.35
68,3150,4,signal,300,8,0,62.86625
68,3150,4,signal,400,15,0,86.209335
68,3150,4,signal,500,13,0,98.18077
68,3150,4,signal,600,12,0,107.25916
68,3150,4,signal,700,17,0,104.44706
68,3150,4,signal,800,18,0,104.96889
68,3150,4,signal,900,19,0,101.98684
68,3150,4,signal,1000,16,0,106.6775
68,3150,4,signal,1100,13,0,99.22538
68,3150,4,signal,1200,19,0,101.39579
68,3150,4,signal,1300,13,0,93.934616
68,3150,4,signal,1400,20,0,93.608
68,3150,4,signal,1500,15,0,84.93933
68,3150,4,signal,1600,10,0,103.45601
68,3150,4,signal,1700,15,0,91.35067
68,3150,4,signal,1800,15,0,91.544
68,3150,4,signal,1900,17,0,100.64824
68,3150,4,signal,2000,2,0,120.990005
68,3300,1,ramp,0,34,0,36.845295
68,3300,1,ramp,100,21,0,42.370003
68,3300,1,ramp,200,56,6,23.76482
68,3300,1,ramp,300,30,0,23.390667
68,3300,1,signal,0,8,0,40.5925
68,3300,1,signal,100,5,0,43.626
68,3300,1,signal,200,44,2,42.549545
68,3300,1,signal,300,30,0,48.939663
68,3300,1,signal,400,15,0,79.495995
68,3300,1,signal,500,21,0,69.127625
68,3300,1,signal,600,42,0,74.37976
68,3300,1,signal,700,38,0,78.26157
68,3300,1,signal,800,38,0,77.23473
68,3300,1,signal,900,32,0,77.98937
68,3300,1,signal,1000,32,0,83.255936
68,3300,1,signal,1100,35,0,80.88514
68,3300,1,signal,1200,32,0,80.754684
68,3300,1,signal,1300,33,0,79.67818
68,3300,1,signal,1400,29,0,81.51
68,3300,1,signal,1500,32,0,79.906876
68,3300,1,signal,1600,30,0,78.99233
68,3300,1,signal,1700,30,0,77.51667
68,3300,1,signal,1800,29,0,75.45413
68,3300,1,signal,1900,31,0,78.32935
68,3300,1,signal,2000,3,0,90.51
68,3300,2,ramp,0,27,0,41.85815
68,3300,2,ramp,100,17,0,45.187057
68,3300,2,ramp,200,18,1,39.175003
68,3300,2,ramp,300,27,6,15.077037
68,3300,2,signal,0,5,0,44.388
68,3300,2,signal,100,4,0,47.1875
68,3300,2,signal,200,21,0,41.386665
68,3300,2,signal,300,26,0,65.85039
68,3300,2,signal,400,16,0,88.249374
68,3300,2,signal,500,19,0,95.80527
68,3300,2,signal,600,30,0,79.623665
68,3300,2,signal,700,26,0,91.104996
68,3300,2,signal,800,29,0,92.87103
68,3300,2,signal,900,26,0,85.43115
68,3300,2,signal,1000,31,0,90.339355
68,3300,2,signal,1100,28,0,88.59821
68,3300,2,signal,1200,28,0,88.95857
68,3300,2,signal,1300,30,0,88.49033
68,3300,2,signal,1400,29,0,89.88379
68,3300,2,signal,1500,27,0,84.86666
68,3300,2,signal,1600,32,0,83.30688
68,3300,2,signal,1700,28,0,83.796074
68,3300,2,signal,1800,30,0,89.49233
68,3300,2,signal,1900,29,0,80.79379
68,3300,2,signal,2000,5,0,97.126
68,3300,3,ramp,0,11,0,58.346363
68,3300,3,ramp,100,9,0,50.09111
68,3300,3,ramp,200,7,0,62.78286
68,3300,3,ramp,300,2,2,3.0149999
68,3300,3,signal,0,2,0,40.025
68,3300,3,signal,100,3,0,45.16
68,3300,3,signal,200,11,0,37.93545
68,3300,3,signal,300,25,3,48.26
68,3300,3,signal,400,22,0,79.30364
68,3300,3,signal,500,24,0,87.200836
68,3300,3,signal,600,20,0,78.664505
68,3300,3,signal,700,25,0,92.3768
68,3300,3,signal,800,24,0,88.51501
68,3300,3,signal,900,22,0,82.39
68,3300,3,signal,1000,20,0,86.896996
68,3300,3,signal,1100,17,0,79.33
68,3300,3,signal,1200,20,0,86.0505
68,3300,3,signal,1300,18,0,81.09555
68,3300,3,signal,1400,18,0,82.39834
68,3300,3,signal,1500,19,0,65.99526
68,3300,3,signal,1600,21,0,77.23334
68,3300,3,signal,1700,26,0,78.78423
68,3300,3,signal,1800,22,0,79.94546
68,3300,3,signal,1900,23,0,90.62608
68,3300,3,signal,2000,4,0,108.885
68,3300,4,ramp,0,15,0,41.626667
68,3300,4,ramp,100,13,0,62.909233
68,3300,4,ramp,200,2,0,61.195
68,3300,4,ramp,300,2,1,9.37
68,3300,4,signal,0,4,0,42.7375
68,3300,4,signal,100,4,0,56.195
68,3300,4,signal,200,5,0,43.396
68,3300,4,signal,300,12,0,46.228333
68,3300,4,signal,400,15,0,62.346
68,3300,4,signal,500,21,0,67.34381
68,3300,4,signal,600,21,0,71.05619
68,3300,4,signal,700,18,0,80.18222
68,3300,4,signal,800,23,0,82.0913
68,3300,4,signal,900,23,0,84.386086
68,3300,4,signal,1000,19,0,84.16053
68,3300,4,signal,1100,21,0,101.99143
68,3300,4,signal,1200,21,0,90.18905
68,3300,4,signal,1300,20,0,95.0205
68,3300,4,signal,1400,23,0,98.037834
68,3300,4,signal,1500,23,0,99.42304
68,3300,4,signal,1600,25,0,90.6764
68,3300,4,signal,1700,27,0,93.4826
68,3300,4,signal,1800,20,0,91.516495
68,3300,4,signal,1900,22,0,99.531815
68,3300,4,signal,2000,1,0,105.64
68,3450,1,ramp,0,30,0,37.147
68,3450,1,ramp,100,22,0,43.181362
68,3450,1,ramp,200,58,8,20.565172
68,3450,1,ramp,300,42,6,22.493334
68,3450,1,signal,0,6,0,35.023335
68,3450,1,signal,100,3,0,38.076664
68,3450,1,signal,200,42,1,38.27738
68,3450,1,signal,300,25,0,50.457203
68,3450,1,signal,400,14,0,83.79071
68,3450,1,signal,500,20,0,83.6105
68,3450,1,signal,600,41,0,80.06
68,3450,1,signal,700,37,0,83.147026
68,3450,1,signal,800,36,0,83.60028
68,3450,1,signal,900,38,0,82.45053
68,3450,1,signal,1000,35,0,79.924286
68,3450,1,signal,1100,31,0,78.38968
68,3450,1,signal,1200,28,0,79.01929
68,3450,1,signal,1300,30,0,77.031334
68,3450,1,signal,1400,35,0,80.20857
68,3450,1,signal,1500,33,0,80.40212
68,3450,1,signal,1600,29,0,81.79827
68,3450,1,signal,1700,25,0,78.3216
68,3450,1,signal,1800,26,0,82.34192
68,3450,1,signal,1900,26,0,78.32616
68,3450,1,signal,2000,4,0,88.270004
68,3450,2,ramp,0,26,0,31.623077
68,3450,2,ramp,100,9,0,40.27333
68,3450,2,ramp,200,21,1,39.048096
68,3450,2,ramp,300,45,19,9.381333
68,3450,2,signal,0,6,0,25.863333
68,3450,2,signal,100,4,0,48.557503
68,3450,2,signal,200,18,0,43.356667
68,3450,2,signal,300,36,11,38.18944
68,3450,2,signal,400,10,0,79.945
68,3450,2,signal,500,14,0,86.75143
68,3450,2,signal,600,20,0,83.109505
68,3450,2,signal,700,22,0,94.45818
68,3450,2,signal,800,21,0,91.85762
68,3450,2,signal,900,20,0,90.8825
68,3450,2,signal,1000,20,0,98.9665
68,3450,2,signal,1100,21,0,86.6
68,3450,2,signal,1200,27,0,86.46556
68,3450,2,signal,1300,22,0,90.86409
68,3450,2,signal,1400,23,0,84.38565
68,3450,2,signal,1500,37,0,84.62919
68,3450,2,signal,1600,24,0,83.80375
68,3450,2,signal,1700,29,0,84.11689
68,3450,2,signal,1800,29,0,84.035515
68,3450,2,signal,1900,30,0,84.51
68,3450,2,signal,2000,2,0,128.375
68,3450,3,ramp,0,17,0,46.639412
68,3450,3,ramp,100,9,0,45.22111
68,3450,3,ramp,200,5,0,69.436
68,3450,3,ramp,300,13,7,7.779231
68,3450,3,signal,0,2,0,68.63
68,3450,3,signal,100,4,0,63.449997
68,3450,3,signal,200,8,0,42.15375
68,3450,3,signal,300,11,0,50.692726
68,3450,3,signal,400,16,0,83.695
68,3450,3,signal,500,13,0,93.51
68,3450,3,signal,600,15,0,92.90666
68,3450,3,signal,700,23,0,91.22521
68,3450,3,signal,800,19,0,96.28368
68,3450,3,signal,900,18,0,87.70889
68,3450,3,signal,1000,22,0,85.80909
68,3450,3,signal,1100,26,0,83.91731
68,3450,3,signal,1200,24,0,79.12417
68,3450,3,signal,1300,25,0,77.53
68,3450,3,signal,1400,23,0,68.183044
68,3450,3,signal,1500,28,0,78.027145
68,3450,3,signal,1600,25,0,79.886
68,3450,3,signal,1700,28,0,87.25786
68,3450,3,signal,1800,20,0,76.853004
68,3450,3,signal,1900,22,0,80.968636
68,3450,3,signal,2000,1,0,71.29
68,3450,4,ramp,0,13,0,47.17615
68,3450,4,ramp,100,17,0,58.47
68,3450,4,signal,0,4,0,50.475
68,3450,4,signal,100,3,0,55.556667
68,3450,4,signal,200,5,0,62.314003
68,3450,4,signal,300,15,0,66.74333
68,3450,4,signal,400,12,0,78.416664
68,3450,4,signal,500,10,0,99.388
68,3450,4,signal,600,15,0,92.97
68,3450,4,signal,700,13,0,78.066154
68,3450,4,signal,800,14,0,88.593575
68,3450,4,signal,900,15,0,86.063995
68,3450,4,signal,1000,18,0,86.23778
68,3450,4,signal,1100,22,0,78.939545
68,3450,4,signal,1200,19,0,66.9079
68,3450,4,signal,1300,27,0,64.114075
68,3450,4,signal,1400,25,0,68.3052
68,3450,4,signal,1500,18,0,76.89778
68,3450,4,signal,1600,13,0,68.86616
68,3450,4,signal,1700,17,0,75.204704
68,3450,4,signal,1800,21,0,75.7
68,3450,4,signal,1900,19,0,80.8379
68,3450,4,signal,2000,2,0,98.649994
68,3600,1,ramp,0,21,0,39.79095
68,3600,1,ramp,100,16,0,40.479374
68,3600,1,ramp,200,31,0,35.567097
68,3600,1,ramp,300,27,1,29.550741
68,3600,1,signal,0,7,0,30.991428
68,3600,1,signal,100,2,0,45.495003
68,3600,1,signal,200,45,1,42.022446
68,3600,1,signal,300,24,0,63.3175
68,3600,1,signal,400,14,0,84.72857
68,3600,1,signal,500,24,0,83.27541
68,3600,1,signal,600,42,0,80.845955
68,3600,1,signal,700,43,0,81.058136
68,3600,1,signal,800,37,0,80.58838
68,3600,1,signal,900,35,0,82.94429
68,3600,1,signal,1000,34,0,84.18441
68,3600,1,signal,1100,36,0,83.266945
68,3600,1,signal,1200,39,0,83.38949
68,3600,1,signal,1300,38,0,83.14132
68,3600,1,signal,1400,32,0,83.90094
68,3600,1,signal,1500,35,0,82.38342
68,3600,1,signal,1600,35,0,82.683426
68,3600,1,signal,1700,34,0,83.17382
68,3600,1,signal,1800,33,0,82.21879
68,3600,1,signal,1900,31,0,82.868385
68,3600,1,signal,2000,3,0,80.54667
68,3600,2,ramp,0,19,0,54.984207
68,3600,2,ramp,100,10,0,56.622997
68,3600,2,ramp,200,18,0,50.43
68,3600,2,ramp,300,10,4,17.27
68,3600,2,signal,0,3,0,61.686665
68,3600,2,signal,100,8,0,51.0125
68,3600,2,signal,200,22,2,42.76227
68,3600,2,signal,300,24,0,67.33791
68,3600,2,signal,400,16,0,81.12937
68,3600,2,signal,500,15,0,90.38467
68,3600,2,signal,600,23,0,86.83261
68,3600,2,signal,700,23,0,92.72521
68,3600,2,signal,800,24,0,94.66708
68,3600,2,signal,900,25,0,93.873604
68,3600,2,signal,1000,24,0,95.82709
68,3600,2,signal,1100,24,0,97.36041
68,3600,2,signal,1200,25,0,97.0572
68,3600,2,signal,1300,22,0,97.920456
68,3600,2,signal,1400,14,0,96.55857
68,3600,2,signal,1500,23,0,102.25695
68,3600,2,signal,1600,19,0,96.448425
68,3600,2,signal,1700,19,0,99.304214
68,3600,2,signal,1800,18,0,101.58889
68,3600,2,signal,1900,17,0,91.325294
68,3600,2,signal,2000,2,0,116.395004
68,3600,3,ramp,0,11,0,60.216366
68,3600,3,ramp,100,11,0,60.157272
68,3600,3,ramp,200,3,0,54.953335
68,3600,3,ramp,300,1,0,34.25
68,3600,3,signal,0,4,0,59.125
68,3600,3,signal,100,8,0,54.105
68,3600,3,signal,200,12,0,44.543335
68,3600,3,signal,300,25,0,56.3592
68,3600,3,signal,400,21,0,64.9181
68,3600,3,signal,500,20,0,54.71
68,3600,3,signal,600,24,0,64.43458
68,3600,3,signal,700,25,0,65.775604
68,3600,3,signal,800,22,0,63.55
68,3600,3,signal,900,22,0,73.76545
68,3600,3,signal,1000,20,0,71.403496
68,3600,3,signal,1100,14,0,67.53
68,3600,3,signal,1200,19,0,76.54158
68,3600,3,signal,1300,21,0,69.770004
68,3600,3,signal,1400,16,0,80.73625
68,3600,3,signal,1500,14,0,87.57642
68,3600,3,signal,1600,23,0,95.08347
68,3600,3,signal,1700,17,0,90.04176
68,3600,3,signal,1800,21,0,98.339516
68,3600,3,signal,1900,21,0,96.26619
68,3600,3,signal,2000,4,0,113.9225
68,3600,4,ramp,0,10,0,41.627003
68,3600,4,ramp,100,10,0,45.482002
68,3600,4,signal,0,7,0,35.29143
68,3600,4,signal,100,6,0,40.633335
68,3600,4,signal,200,6,0,51.851665
68,3600,4,signal,300,14,0,58.43571
68,3600,4,signal,400,21,0,78.27809
68,3600,4,signal,500,22,0,90.53545
68,3600,4,signal,600,16,0,79.99563
68,3600,4,signal,700,21,0,95.83238
68,3600,4,signal,800,23,0,95.66392
68,3600,4,signal,900,18,0,83.35722
68,3600,4,signal,1000,21,0,90.70286
68,3600,4,signal,1100,19,0,96.9921
68,3600,4,signal,1200,18,0,101.97222
68,3600,4,signal,1300,17,0,98.306465
68,3600,4,signal,1400,13,0,105.354614
68,3600,4,signal,1500,18,0,106.469444
68,3600,4,signal,1600,16,0,103.23187
68,3600,4,signal,1700,12,0,96.744995
68,3600,4,signal,1800,20,0,98.0805
68,3600,4,signal,1900,15,0,103.05399
68,3600,4,signal,2000,1,0,116.22
68,3750,1,ramp,0,23,0,41.251305
68,3750,1,ramp,100,12,0,42.55917
68,3750,1,ramp,200,33,0,30.82212
68,3750,1,ramp,300,34,0,25.99147
68,3750,1,signal,0,6,0,39.05
68,3750,1,signal,100,6,0,40.965
68,3750,1,signal,200,46,1,33.423695
68,3750,1,signal,300,32,1,40.10375
68,3750,1,signal,400,9,0,79.98889
68,3750,1,signal,500,19,0,78.72421
68,3750,1,signal,600,48,0,82.89875
68,3750,1,signal,700,32,0,83.517815
68,3750,1,signal,800,35,0,85.03829
68,3750,1,signal,900,36,0,82.30806
68,3750,1,signal,1000,36,0,83.03
68,3750,1,signal,1100,36,0,80.78166
68,3750,1,signal,1200,34,0,86.00677
68,3750,1,signal,1300,33,0,81.73121
68,3750,1,signal,1400,37,0,83.966484
68,3750,1,signal,1500,42,0,82.190956
68,3750,1,signal,1600,39,0,84.67872
68,3750,1,signal,1700,39,0,84.52384
68,3750,1,signal,1800,35,0,80.46257
68,3750,1,signal,1900,39,0,83.25026
68,3750,1,signal,2000,3,0,84.05667
68,3750,2,ramp,0,18,0,55.048332
68,3750,2,ramp,100,11,0,54.50091
68,3750,2,ramp,200,16,0,45.485
68,3750,2,ramp,300,75,52,4.5981336
68,3750,2,signal,0,4,0,62.2325
68,3750,2,signal,100,2,0,70.43
68,3750,2,signal,200,22,0,40.476818
68,3750,2,signal,300,16,1,53.609375
68,3750,2,signal,400,16,0,72.741875
68,3750,2,signal,500,13,0,87.51385
68,3750,2,signal,600,18,0,84.60389
68,3750,2,signal,700,27,0,87.03149
68,3750,2,signal,800,16,0,88.70625
68,3750,2,signal,900,25,0,81.562004
68,3750,2,signal,1000,27,0,81.34556
68,3750,2,signal,1100,27,0,82.28926
68,3750,2,signal,1200,28,0,86.185715
68,3750,2,signal,1300,28,0,82.376076
68,3750,2,signal,1400,29,0,81.599655
68,3750,2,signal,1500,35,0,79.690285
68,3750,2,signal,1600,31,0,76.27871
68,3750,2,signal,1700,30,0,71.99467
68,3750,2,signal,1800,29,0,79.71759
68,3750,2,signal,1900,30,0,79.052666
68,3750,2,signal,2000,4,0,87.375
68,3750,3,ramp,0,8,0,62.24125
68,3750,3,ramp,100,9,0,65.55
68,3750,3,ramp,200,7,0,68.527145
68,3750,3,ramp,300,15,11,5.6033335
68,3750,3,signal,0,3,0,67.746666
68,3750,3,signal,100,3,0,72.35
68,3750,3,signal,200,10,0,48.352
68,3750,3,signal,300,19,0,59.307365
68,3750,3,signal,400,23,0,84.65696
68,3750,3,signal,500,14,0,86.58286
68,3750,3,signal,600,20,0,94.7755
68,3750,3,signal,700,19,0,86.97105
68,3750,3,signal,800,17,0,89.46882
68,3750,3,signal,900,25,0,90.4108
68,3750,3,signal,1000,23,0,84.81218
68,3750,3,signal,1100,25,0,83.4648
68,3750,3,signal,1200,26,0,82.22769
68,3750,3,signal,1300,28,0,81.11714
68,3750,3,signal,1400,28,0,71.229996
68,3750,3,signal,1500,27,0,66.60371
68,3750,3,signal,1600,30,0,70.74634
68,3750,3,signal,1700,26,0,63.41846
68,3750,3,signal,1800,29,0,65.55138
68,3750,3,signal,1900,26,0,73.85961
68,3750,3,signal,2000,4,0,87.6775
68,3750,4,ramp,0,15,0,41.879333
68,3750,4,ramp,100,12,0,53.245
68,3750,4,signal,0,4,0,41.02
68,3750,4,signal,100,6,0,53.845
68,3750,4,signal,200,5,0,64.822
68,3750,4,signal,300,25,0,56.6044
68,3750,4,signal,400,15,0,64.544
68,3750,4,signal,500,18,0,73.16889
68,3750,4,signal,600,20,0,79.1715
68,3750,4,signal,700,23,0,81.272606
68,3750,4,signal,800,21,0,78.36524
68,3750,4,signal,900,27,0,82.73037
68,3750,4,signal,1000,23,0,85.31565
68,3750,4,signal,1100,26,0,80.80384
68,3750,4,signal,1200,30,0,66.55434
68,3750,4,signal,1300,27,0,68.9337
68,3750,4,signal,1400,24,0,66.99042
68,3750,4,signal,1500,25,0,63.4552
68,3750,4,signal,1600,25,0,71.672005
68,3750,4,signal,1700,24,0,69.7925
68,3750,4,signal,1800,26,0,72.14192
68,3750,4,signal,1900,22,0,78.67773
68,3750,4,signal,2000,4,0,109.985
68,3900,1,ramp,0,27,0,47.406296
68,3900,1,ramp,100,21,0,44.818096
68,3900,1,ramp,200,60,4,26.261333
68,3900,1,ramp,300,43,4,18.779535
68,3900,1,signal,0,3,0,37.116665
68,3900,1,signal,100,5,0,41.978
68,3900,1,signal,200,49,1,34.551838
68,3900,1,signal,300,37,0,36.5
68,3900,1,signal,400,11,0,76.446365
68,3900,1,signal,500,19,0,82.74105
68,3900,1,signal,600,29,0,82.491035
68,3900,1,signal,700,27,0,82.348885
68,3900,1,signal,800,24,0,80.10208
68,3900,1,signal,900,20,0,78.4955
68,3900,1,signal,1000,25,0,81.8624
68,3900,1,signal,1100,23,0,82.008255
68,3900,1,signal,1200,23,0,82.635216
68,3900,1,signal,1300,27,0,82.721855
68,3900,1,signal,1400,23,0,82.29522
68,3900,1,signal,1500,18,0,87.12723
68,3900,1,signal,1600,21,0,86.71095
68,3900,1,signal,1700,28,0,88.38679
68,3900,1,signal,1800,23,0,85.41782
68,3900,1,signal,1900,22,0,87.50455
68,3900,1,signal,2000,4,0,92.2575
68,3900,2,ramp,0,17,0,51.625885
68,3900,2,ramp,100,11,0,49.050907
68,3900,2,ramp,200,20,1,35.335503
68,3900,2,ramp,300,47,15,10.13383
68,3900,2,signal,0,6,0,58.391663
68,3900,2,signal,100,5,0,51.604004
68,3900,2,signal,200,25,0,38.1248
68,3900,2,signal,300,22,0,56.661366
68,3900,2,signal,400,22,0,78.25091
68,3900,2,signal,500,15,0,95.326004
68,3900,2,signal,600,15,0,93.008
68,3900,2,signal,700,24,0,100.11667
68,3900,2,signal,800,16,0,95.6325
68,3900,2,signal,900,24,0,100.174164
68,3900,2,signal,1000,26,0,97.23539
68,3900,2,signal,1100,19,0,91.85264
68,3900,2,signal,1200,26,0,93.590775
68,3900,2,signal,1300,28,0,88.32572
68,3900,2,signal,1400,24,0,90.17917
68,3900,2,signal,1500,28,0,81.94643
68,3900,2,signal,1600,25,0,81.488
68,3900,2,signal,1700,27,0,84.614075
68,3900,2,signal,1800,24,0,85.615
68,3900,2,signal,1900,20,0,80.4055
68,3900,2,signal,2000,7,0,102.94857
68,3900,3,ramp,0,12,0,64.65
68,3900,3,ramp,100,11,0,61.140907
68,3900,3,ramp,200,7,0,61.851433
68,3900,3,ramp,300,3,1,18.686666
68,3900,3,signal,0,4,0,79.1475
68,3900,3,signal,100,4,0,76.3375
68,3900,3,signal,200,7,0,52.71
68,3900,3,signal,300,29,0,55.349655
68,3900,3,signal,400,15,0,74.87
68,3900,3,signal,500,14,0,85.024284
68,3900,3,signal,600,18,0,100.024445
68,3900,3,signal,700,19,0,104.24737
68,3900,3,signal,800,22,0,110.85318
68,3900,3,signal,900,19,0,105.38999
68,3900,3,signal,1000,21,0,106.46571
68,3900,3,signal,1100,22,0,102.60591
68,3900,3,signal,1200,22,0,99.534546
68,3900,3,signal,1300,22,0,101.03
68,3900,3,signal,1400,24,0,99.95792
68,3900,3,signal,1500,22,0,100.66727
68,3900,3,signal,1600,24,0,95.30833
68,3900,3,signal,1700,30,0,94.881996
68,3900,3,signal,1800,21,0,98.44
68,3900,3,signal,1900,26,0,97.5923
68,3900,3,signal,2000,5,0,122.18199
68,3900,4,ramp,0,16,0,44.065
68,3900,4,ramp,100,11,0,50.888184
68,3900,4,ramp,200,1,0,61.06
68,3900,4,signal,0,5,0,49.726
68,3900,4,signal,100,5,0,59.428
68,3900,4,signal,200,9,0,57.587776
68,3900,4,signal,300,19,0,53.100525
68,3900,4,signal,400,22,0,78.09591
68,3900,4,signal,500,16,0,87.97313
68,3900,4,signal,600,18,0,88.54833
68,3900,4,signal,700,16,0,95.38563
68,3900,4,signal,800,16,0,89.99687
68,3900,4,signal,900,21,0,85.00476
68,3900,4,signal,1000,21,0,84.25
68,3900,4,signal,1100,15,0,71.78066
68,3900,4,signal,1200,23,0,80.75174
68,3900,4,signal,1300,14,0,73.45143
68,3900,4,signal,1400,17,0,81.81706
68,3900,4,signal,1500,18,0,81.081665
68,3900,4,signal,1600,20,0,84.838
68,3900,4,signal,1700,15,0,77.684
68,3900,4,signal,1800,20,0,85.801
68,3900,4,signal,1900,18,0,86.74833
68,3900,4,signal,2000,2,0,105.24
68,4050,1,ramp,0,26,0,36.255
68,4050,1,ramp,100,16,0,40.076874
68,4050,1,ramp,200,51,5,26.015099
68,4050,1,ramp,300,27,0,35.86
68,4050,1,signal,0,1,0,43.91
68,4050,1,signal,100,2,0,44.58
68,4050,1,signal,200,36,0,45.74028
68,4050,1,signal,300,15,0,57.354
68,4050,1,signal,400,10,0,92.32
68,4050,1,signal,500,13,0,86.93616
68,4050,1,signal,600,21,0,90.290955
68,4050,1,signal,700,17,0,87.19294
68,4050,1,signal,800,17,0,89.94706
68,4050,1,signal,900,24,0,91.9925
68,4050,1,signal,1000,21,0,90.10429
68,4050,1,signal,1100,22,0,91.33863
68,4050,1,signal,1200,20,0,90.232
68,4050,1,signal,1300,14,0,88.795
68,4050,1,signal,1400,18,0,94.80112
68,4050,1,signal,1500,17,0,83.24764
68,4050,1,signal,1600,18,0,85.675
68,4050,1,signal,1700,19,0,78.72053
68,4050,1,signal,1800,16,0,78.12187
68,4050,1,signal,1900,18,0,85.37056
68,4050,1,signal,2000,3,0,109.53
68,4050,2,ramp,0,20,0,44.0745
68,4050,2,ramp,100,16,0,46.216877
68,4050,2,ramp,200,17,0,47.59353
68,4050,2,ramp,300,7,1,24.22143
68,4050,2,signal,200,19,0,47.763683
68,4050,2,signal,300,24,0,66.13625
68,4050,2,signal,400,18,0,80.168335
68,4050,2,signal,500,14,0,79.71429
68,4050,2,signal,600,17,0,91.911766
68,4050,2,signal,700,20,0,90.846504
68,4050,2,signal,800,15,0,84.88467
68,4050,2,signal,900,12,0,89.02334
68,4050,2,signal,1000,15,0,85.808
68,4050,2,signal,1100,17,0,91.708824
68,4050,2,signal,1200,18,0,89.12056
68,4050,2,signal,1300,17,0,88.02765
68,4050,2,signal,1400,14,0,85.88572
68,4050,2,signal,1500,19,0,82.795265
68,4050,2,signal,1600,22,0,88.795
68,4050,2,signal,1700,15,0,82.72133
68,4050,2,signal,1800,22,0,86.99364
68,4050,2,signal,1900,18,0,100.04722
68,4050,2,signal,2000,2,0,100.134995
68,4050,3,ramp,0,8,0,64.07375
68,4050,3,ramp,100,11,0,59.81273
68,4050,3,ramp,200,1,0,75.78
68,4050,3,signal,300,20,0,69.6295
68,4050,3,signal,400,14,0,92.19714
68,4050,3,signal,500,15,0,87.736
68,4050,3,signal,600,9,0,81.13333
68,4050,3,signal,700,17,0,95.68588
68,4050,3,signal,800,13,0,95.347694
68,4050,3,signal,900,12,0,93.45333
68,4050,3,signal,1000,12,0,96.75
68,4050,3,signal,1100,15,0,98.099335
68,4050,3,signal,1200,11,0,103.42455
68,4050,3,signal,1300,16,0,101.1275
68,4050,3,signal,1400,15,0,101.545334
68,4050,3,signal,1500,19,0,97.143684
68,4050,3,signal,1600,17,0,97.222946
68,4050,3,signal,1700,14,0,88.818565
68,4050,3,signal,1800,22,0,94.69091
68,4050,3,signal,1900,15,0,85.870674
68,4050,3,signal,2000,6,0,114.831665
68,4050,4,ramp,0,14,0,44.869286
68,4050,4,ramp,100,9,0,52.434444
68,4050,4,signal,0,4,0,48.93
68,4050,4,signal,100,4,0,48.975
68,4050,4,signal,200,5,0,51.826
68,4050,4,signal,300,8,0,59.29125
68,4050,4,signal,400,15,0,73.24733
68,4050,4,signal,500,17,0,90.07294
68,4050,4,signal,600,11,0,87.26545
68,4050,4,signal,700,18,0,96.06
68,4050,4,signal,800,13,0,86.72846
68,4050,4,signal,900,16,0,100.34625
68,4050,4,signal,1000,17,0,93.98883
68,4050,4,signal,1100,13,0,93.36693
68,4050,4,signal,1200,13,0,93.49923
68,4050,4,signal,1300,15,0,102.602005
68,4050,4,signal,1400,15,0,97.25
68,4050,4,signal,1500,20,0,84.0805
68,4050,4,signal,1600,15,0,94.003334
68,4050,4,signal,1700,21,0,92.33143
68,4050,4,signal,1800,20,0,98.591
68,4050,4,signal,1900,18,0,88.560555
68,4050,4,signal,2000,4,0,106.8425
68,4200,1,ramp,0,24,0,31.232916
68,4200,1,ramp,100,11,0,44.915455
68,4200,1,ramp,200,30,0,32.625668
68,4200,1,ramp,300,28,2,29.827856
68,4200,1,signal,0,8,0,34.34625
68,4200,1,signal,100,4,0,49.035
68,4200,1,signal,200,48,1,37.34646
68,4200,1,signal,300,27,0,46.875927
68,4200,1,signal,400,7,0,60.761433
68,4200,1,signal,500,18,0,80.24777
68,4200,1,signal,600,29,0,84.27621
68,4200,1,signal,700,30,0,83.034004
68,4200,1,signal,800,27,0,84.48037
68,4200,1,signal,900,34,0,86.248825
68,4200,1,signal,1000,29,0,81.78103
68,4200,1,signal,1100,26,0,85.909996
68,4200,1,signal,1200,29,0,83.65931
68,4200,1,signal,1300,23,0,83.76783
68,4200,1,signal,1400,31,0,84.57323
68,4200,1,signal,1500,25,0,82.233604
68,4200,1,signal,1600,22,0,83.63364
68,4200,1,signal,1700,20,0,83.531
68,4200,1,signal,1800,18,0,84.888885
68,4200,1,signal,1900,19,0,84.6179
68,4200,1,signal,2000,4,0,92.735
68,4200,2,ramp,0,22,1,39.64409
68,4200,2,ramp,100,10,0,48.942
68,4200,2,ramp,200,18,0,41.920555
68,4200,2,ramp,300,34,24,5.4032354
68,4200,2,signal,0,2,0,87.81
68,4200,2,signal,100,2,0,62.175
68,4200,2,signal,200,19,0,35.912632
68,4200,2,signal,300,27,5,40.9
68,4200,2,signal,400,12,0,83.78167
68,4200,2,signal,500,12,0,86.39001
68,4200,2,signal,600,24,0,92.67042
68,4200,2,signal,700,13,0,99.55461
68,4200,2,signal,800,16,0,102.8925
68,4200,2,signal,900,15,0,99.93667
68,4200,2,signal,1000,16,0,104.74125
68,4200,2,signal,1100,17,0,101.30588
68,4200,2,signal,1200,18,0,101.037224
68,4200,2,signal,1300,20,0,99.7295
68,4200,2,signal,1400,22,0,98.75772
68,4200,2,signal,1500,21,0,96.23857
68,4200,2,signal,1600,22,0,98.723175
68,4200,2,signal,1700,18,0,89.61389
68,4200,2,signal,1800,21,0,96.1581
68,4200,2,signal,1900,18,0,81.30889
68,4200,2,signal,2000,2,0,84.63
68,4200,3,ramp,0,6,0,45.716663
68,4200,3,ramp,100,11,0,55.335453
68,4200,3,ramp,200,6,0,62.266666
68,4200,3,ramp,300,6,4,8.748333
68,4200,3,signal,0,2,0,69.61
68,4200,3,signal,100,3,0,82.38
68,4200,3,signal,200,7,0,43.561428
68,4200,3,signal,300,28,2,43.25393
68,4200,3,signal,400,19,0,72.908424
68,4200,3,signal,500,16,0,86.663124
68,4200,3,signal,600,13,0,92.01538
68,4200,3,signal,700,12,0,97.415
68,4200,3,signal,800,14,0,97.51929
68,4200,3,signal,900,15,0,106.39066
68,4200,3,signal,1000,11,0,96.865456
68,4200,3,signal,1100,16,0,108.10562
68,4200,3,signal,1200,16,0,101.51188
68,4200,3,signal,1300,11,0,107.61819
68,4200,3,signal,1400,17,0,102.09177
68,4200,3,signal,1500,9,0,107.935555
68,4200,3,signal,1600,12,0,106.49
68,4200,3,signal,1700,13,0,106.99462
68,4200,3,signal,1800,14,0,101.08143
68,4200,3,signal,1900,11,0,105.44455
68,4200,3,signal,2000,4,0,102.415
68,4200,4,ramp,0,20,0,43.14
68,4200,4,ramp,100,17,0,47.40294
68,4200,4,signal,0,3,0,48.16333
68,4200,4,signal,100,3,0,69.81
68,4200,4,signal,200,8,0,59.690002
68,4200,4,signal,300,22,0,56.071815
68,4200,4,signal,400,23,0,71.03739
68,4200,4,signal,500,17,0,80.04059
68,4200,4,signal,600,12,0,83.74833
68,4200,4,signal,700,17,0,94.23235
68,4200,4,signal,800,17,0,96.76765
68,4200,4,signal,900,13,0,104.649994
68,4200,4,signal,1000,16,0,100.8825
68,4200,4,signal,1100,15,0,108.13467
68,4200,4,signal,1200,12,0,96.37417
68,4200,4,signal,1300,16,0,102.0475
68,4200,4,signal,1400,13,0,108.386925
68,4200,4,signal,1500,13,0,106.51846
68,4200,4,signal,1600,19,0,97.02789
68,4200,4,signal,1700,17,0,94.94412
68,4200,4,signal,1800,20,0,100.9295
68,4200,4,signal,1900,19,0,99.72158
68,4200,4,signal,2000,3,0,107.55666
68,4350,1,ramp,0,31,1,31.445807
68,4350,1,ramp,100,15,0,43.104
68,4350,1,ramp,200,48,0,29.713333
68,4350,1,ramp,300,45,7,20.853111
68,4350,1,signal,0,14,0,32.86643
68,4350,1,signal,100,8,0,43.67625
68,4350,1,signal,200,65,9,28.976616
68,4350,1,signal,300,26,2,46.047306
68,4350,1,signal,400,10,0,85.748
68,4350,1,signal,500,23,0,86.28217
68,4350,1,signal,600,30,0,82.32767
68,4350,1,signal,700,33,0,85.53788
68,4350,1,signal,800,34,0,86.22265
68,4350,1,signal,900,33,0,87.11818
68,4350,1,signal,1000,36,0,87.8675
68,4350,1,signal,1100,30,0,87.999664
68,4350,1,signal,1200,30,0,87.821335
68,4350,1,signal,1300,29,0,85.3331
68,4350,1,signal,1400,25,0,87.9036
68,4350,1,signal,1500,29,0,86.27793
68,4350,1,signal,1600,25,0,85.005196
68,4350,1,signal,1700,27,0,85.347404
68,4350,1,signal,1800,27,0,86.278145
68,4350,1,signal,1900,26,0,85.35924
68,4350,1,signal,2000,2,0,85.725
68,4350,2,ramp,0,17,1,57.24059
68,4350,2,ramp,100,12,0,61.200832
68,4350,2,ramp,200,27,3,33.872223
68,4350,2,ramp,300,62,37,5.978064
68,4350,2,signal,0,5,0,37.489998
68,4350,2,signal,100,5,0,51.312
68,4350,2,signal,200,19,1,32.51579
68,4350,2,signal,300,14,1,61.95857
68,4350,2,signal,400,20,0,85.68
68,4350,2,signal,500,5,0,98.632
68,4350,2,signal,600,23,0,90.06652
68,4350,2,signal,700,19,0,93.43158
68,4350,2,signal,800,16,0,85.90375
68,4350,2,signal,900,23,0,90.39435
68,4350,2,signal,1000,20,0,90.7975
68,4350,2,signal,1100,16,0,92.58063
68,4350,2,signal,1200,21,0,98.21524
68,4350,2,signal,1300,15,0,98.55533
68,4350,2,signal,1400,16,0,96.256874
68,4350,2,signal,1500,15,0,100.64333
68,4350,2,signal,1600,18,0,101.16889
68,4350,2,signal,1700,16,0,97.679375
68,4350,2,signal,1800,19,0,98.81947
68,4350,2,signal,1900,16,0,95.086876
68,4350,2,signal,2000,2,0,108.39
68,4350,3,ramp,0,20,0,52.452003
68,4350,3,ramp,100,17,0,53.744118
68,4350,3,ramp,200,3,0,58.033337
68,4350,3,ramp,300,2,1,15.81
68,4350,3,signal,0,5,0,38.584
68,4350,3,signal,100,2,0,40.165
68,4350,3,signal,200,10,0,41.111
68,4350,3,signal,300,27,0,54.675186
68,4350,3,signal,400,24,0,63.57875
68,4350,3,signal,500,23,0,67.00957
68,4350,3,signal,600,22,0,75.92319
68,4350,3,signal,700,21,0,75.35048
68,4350,3,signal,800,23,0,84.448265
68,4350,3,signal,900,20,0,82.3505
68,4350,3,signal,1000,18,0,89.22945
68,4350,3,signal,1100,14,0,92.44643
68,4350,3,signal,1200,16,0,95.375
68,4350,3,signal,1300,17,0,100.64411
68,4350,3,signal,1400,16,0,108.19188
68,4350,3,signal,1500,19,0,106.29474
68,4350,3,signal,1600,16,0,102.99375
68,4350,3,signal,1700,20,0,103.170494
68,4350,3,signal,1800,23,0,103.93652
68,4350,3,signal,1900,17,0,101.63824
68,4350,3,signal,2000,7,0,114.53429
68,4350,4,ramp,0,13,0,39.78923
68,4350,4,ramp,100,12,0,46.46417
68,4350,4,ramp,200,2,0,67.175
68,4350,4,signal,0,6,0,35.696667
68,4350,4,signal,100,7,0,47.67143
68,4350,4,signal,200,9,0,46.974445
68,4350,4,signal,300,16,0,56.5775
68,4350,4,signal,400,12,0,60.575836
68,4350,4,signal,500,19,0,73.28842
68,4350,4,signal,600,18,0,69.06389
68,4350,4,signal,700,18,0,69.240555
68,4350,4,signal,800,17,0,69.67059
68,4350,4,signal,900,12,0,60.162502
68,4350,4,signal,1000,13,0,78.07692
68,4350,4,signal,1100,13,0,80.04461
68,4350,4,signal,1200,15,0,83.697334
68,4350,4,signal,1300,15,0,86.48333
68,4350,4,signal,1400,15,0,99.653336
68,4350,4,signal,1500,16,0,92.22125
68,4350,4,signal,1600,16,0,92.73312
68,4350,4,signal,1700,14,0,92.14429
68,4350,4,signal,1800,13,0,103.965385
68,4350,4,signal,1900,14,0,101.735
68,4350,4,signal,2000,4,0,119.575
68,4500,1,ramp,0,18,0,46.237778
68,4500,1,ramp,100,16,0,50.81
68,4500,1,ramp,200,61,9,27.035246
68,4500,1,ramp,300,41,3,24.615854
68,4500,1,signal,0,8,0,46.1775
68,4500,1,signal,100,6,0,47.436665
68,4500,1,signal,200,44,3,33.85841
68,4500,1,signal,300,26,0,42.31962
68,4500,1,signal,400,7,0,83.27571
68,4500,1,signal,500,20,0,88.463
68,4500,1,signal,600,32,0,81.98344
68,4500,1,signal,700,32,0,84.86844
68,4500,1,signal,800,31,0,85.175156
68,4500,1,signal,900,25,0,85.4912
68,4500,1,signal,1000,33,0,86.02576
68,4500,1,signal,1100,30,0,84.072
68,4500,1,signal,1200,29,0,85.2969
68,4500,1,signal,1300,29,0,84.87655
68,4500,1,signal,1400,31,0,83.311935
68,4500,1,signal,1500,28,0,84.87786
68,4500,1,signal,1600,30,0,83.89634
68,4500,1,signal,1700,30,0,88.633
68,4500,1,signal,1800,28,0,85.454285
68,4500,1,signal,1900,29,0,85.311035
68,4500,1,signal,2000,2,0,82.615
68,4500,2,ramp,0,15,0,60.668667
68,4500,2,ramp,100,8,0,66.6775
68,4500,2,ramp,200,11,1,40.88273
68,4500,2,ramp,300,21,9,11.4980955
68,4500,2,signal,0,2,0,57.620003
68,4500,2,signal,100,4,0,57.3825
68,4500,2,signal,200,27,0,35.011852
68,4500,2,signal,300,27,0,46.581112
68,4500,2,signal,400,14,0,72.14286
68,4500,2,signal,500,13,0,89.645386
68,4500,2,signal,600,9,0,91.51556
68,4500,2,signal,700,28,0,99.17428
68,4500,2,signal,800,17,0,98.564705
68,4500,2,signal,900,13,0,104.380005
68,4500,2,signal,1000,14,0,103.685715
68,4500,2,signal,1100,14,0,105.38786
68,4500,2,signal,1200,16,0,104.05125
68,4500,2,signal,1300,12,0,98.51417
68,4500,2,signal,1400,19,0,109.32526
68,4500,2,signal,1500,13,0,105.70385
68,4500,2,signal,1600,15,0,102.858665
68,4500,2,signal,1700,22,0,98.73364
68,4500,2,signal,1800,13,0,104.33923
68,4500,2,signal,1900,22,0,108.017265
68,4500,2,signal,2000,4,0,111.475
68,4500,3,ramp,0,7,0,58.30714
68,4500,3,ramp,100,12,0,60.05083
68,4500,3,ramp,200,6,0,67.57667
68,4500,3,ramp,300,3,1,21.87
68,4500,3,signal,0,3,0,76.38333
68,4500,3,signal,100,3,0,73.64333
68,4500,3,signal,200,7,0,53.224285
68,4500,3,signal,300,26,0,60.023846
68,4500,3,signal,400,19,0,77.55684
68,4500,3,signal,500,21,0,81.01476
68,4500,3,signal,600,20,0,66.459496
68,4500,3,signal,700,28,0,72.27607
68,4500,3,signal,800,23,0,75.545654
68,4500,3,signal,900,26,0,72.38923
68,4500,3,signal,1000,27,0,76.02778
68,4500,3,signal,1100,21,0,59.81381
68,4500,3,signal,1200,30,0,75.71366
68,4500,3,signal,1300,22,0,66.777275
68,4500,3,signal,1400,28,0,65.47786
68,4500,3,signal,1500,30,0,69.934
68,4500,3,signal,1600,27,0,69.325554
68,4500,3,signal,1700,25,0,70.261604
68,4500,3,signal,1800,18,0,70.469444
68,4500,3,signal,1900,21,0,73.508095
68,4500,3,signal,2000,1,0,115.22
68,4500,4,ramp,0,14,0,41.07
68,4500,4,ramp,100,10,0,40.424
68,4500,4,ramp,200,1,0,92.78
68,4500,4,signal,0,2,0,39.434998
68,4500,4,signal,100,1,0,38.16
68,4500,4,signal,200,3,0,44.373333
68,4500,4,signal,300,18,0,56.594444
68,4500,4,signal,400,16,0,79.36938
68,4500,4,signal,500,15,0,77.793335
68,4500,4,signal,600,19,0,91.16685
68,4500,4,signal,700,13,0,106.332306
68,4500,4,signal,800,17,0,93.93646
68,4500,4,signal,900,16,0,101.72875
68,4500,4,signal,1000,17,0,100.28059
68,4500,4,signal,1100,20,0,101.210495
68,4500,4,signal,1200,24,0,97.37542
68,4500,4,signal,1300,15,0,88.472
68,4500,4,signal,1400,25,0,94.652405
68,4500,4,signal,1500,18,0,88.20389
68,4500,4,signal,1600,17,0,87.06177
68,4500,4,signal,1700,18,0,88.29389
68,4500,4,signal,1800,22,0,85.55954
68,4500,4,signal,1900,18,0,91.78667
68,4500,4,signal,2000,3,0,106.97666
68,4650,1,ramp,0,25,0,44.238
68,4650,1,ramp,100,22,0,39.649544
68,4650,1,ramp,200,46,2,28.301086
68,4650,1,ramp,300,24,0,34.822083
68,4650,1,signal,0,2,0,57.699997
68,4650,1,signal,100,3,0,53.76
68,4650,1,signal,200,43,2,43.24535
68,4650,1,signal,300,25,0,57.4344
68,4650,1,signal,400,8,0,86.2725
68,4650,1,signal,500,16,0,91.390625
68,4650,1,signal,600,29,0,88.29552
68,4650,1,signal,700,24,0,89.49875
68,4650,1,signal,800,27,0,94.2163
68,4650,1,signal,900,21,0,85.09762
68,4650,1,signal,1000,25,0,92.864006
68,4650,1,signal,1100,24,0,94.93875
68,4650,1,signal,1200,19,0,93.28421
68,4650,1,signal,1300,24,0,95.22125
68,4650,1,signal,1400,20,0,92.124
68,4650,1,signal,1500,17,0,91.65
68,4650,1,signal,1600,21,0,90.95333
68,4650,1,signal,1700,19,0,88.75158
68,4650,1,signal,1800,21,0,88.68
68,4650,1,signal,1900,17,0,85.437065
68,4650,1,signal,2000,4,0,99.7525
68,4650,2,ramp,0,9,0,65.00223
68,4650,2,ramp,100,8,0,66.64375
68,4650,2,ramp,200,13,0,46.820004
68,4650,2,ramp,300,7,0,25.315714
68,4650,2,signal,0,1,0,69.56
68,4650,2,signal,100,3,0,67.026665
68,4650,2,signal,200,21,0,51.824287
68,4650,2,signal,300,24,0,68.71833
68,4650,2,signal,400,15,0,84.28267
68,4650,2,signal,500,15,0,83.21467
68,4650,2,signal,600,15,0,89.32667
68,4650,2,signal,700,11,0,94.00546
68,4650,2,signal,800,13,0,82.17
68,4650,2,signal,900,16,0,91.79562
68,4650,2,signal,1000,19,0,88.42737
68,4650,2,signal,1100,16,0,86.19063
68,4650,2,signal,1200,15,0,94.90933
68,4650,2,signal,1300,19,0,88.79579
68,4650,2,signal,1400,12,0,84.206665
68,4650,2,signal,1500,20,0,92.0505
68,4650,2,signal,1600,15,0,98.01133
68,4650,2,signal,1700,18,0,98.14056
68,4650,2,signal,1800,12,0,98.5225
68,4650,2,signal,1900,20,0,99.622505
68,4650,2,signal,2000,2,0,103.56
68,4650,3,ramp,0,9,0,55.426666
68,4650,3,ramp,100,11,0,56.599087
68,4650,3,ramp,200,4,0,65.5125
68,4650,3,signal,0,4,0,58.36
68,4650,3,signal,100,4,0,49.545
68,4650,3,signal,200,3,0,51.35667
68,4650,3,signal,300,22,0,63.875
68,4650,3,signal,400,20,0,83.33
68,4650,3,signal,500,14,0,88.51286
68,4650,3,signal,600,15,0,84.718
68,4650,3,signal,700,18,0,92.649445
68,4650,3,signal,800,20,0,91.153496
68,4650,3,signal,900,19,0,92.57842
68,4650,3,signal,1000,15,0,92.97733
68,4650,3,signal,1100,16,0,88.972496
68,4650,3,signal,1200,20,0,94.940506
68,4650,3,signal,1300,19,0,97.85684
68,4650,3,signal,1400,17,0,101.63824
68,4650,3,signal,1500,24,0,101.75375
68,4650,3,signal,1600,21,0,95.56
68,4650,3,signal,1700,19,0,104.079475
68,4650,3,signal,1800,20,0,96.877
68,4650,3,signal,1900,19,0,95.523155
68,4650,4,ramp,0,10,0,38.355
68,4650,4,ramp,100,8,0,42.708748
68,4650,4,signal,0,6,0,40.49
68,4650,4,signal,100,3,0,59.666668
68,4650,4,signal,200,4,0,56.8475
68,4650,4,signal,300,9,0,63.81111
68,4650,4,signal,400,17,0,79.93588
68,4650,4,signal,500,15,0,82.318
68,4650,4,signal,600,17,0,84.96176
68,4650,4,signal,700,21,0,87.99048
68,4650,4,signal,800,17,0,79.85294
68,4650,4,signal,900,18,0,88.79222
68,4650,4,signal,1000,16,0,91.1475
68,4650,4,signal,1100,14,0,86.57572
68,4650,4,signal,1200,18,0,94.31556
68,4650,4,signal,1300,11,0,93.95545
68,4650,4,signal,1400,10,0,86.405
68,4650,4,signal,1500,15,0,91.403336
68,4650,4,signal,1600,12,0,100.15833
68,4650,4,signal,1700,14,0,97.48286
68,4650,4,signal,1800,15,0,104.29867
68,4650,4,signal,1900,18,0,109.827225
68,4650,4,signal,2000,2,0,110.765
68,4800,1,ramp,0,13,0,56.345383
68,4800,1,ramp,100,14,0,48.537144
68,4800,1,ramp,200,45,4,31.961334
68,4800,1,ramp,300,31,0,29.852581
68,4800,1,signal,0,8,0,54.3175
68,4800,1,signal,100,6,0,51.576664
68,4800,1,signal,200,49,2,43.390816
68,4800,1,signal,300,18,0,63.33389
68,4800,1,signal,400,10,0,84.653
68,4800,1,signal,500,14,0,87.82214
68,4800,1,signal,600,26,0,84.06116
68,4800,1,signal,700,28,0,84.18678
68,4800,1,signal,800,22,0,83.340454
68,4800,1,signal,900,20,0,82.045
68,4800,1,signal,1000,20,0,81.962
68,4800,1,signal,1100,16,0,79.188126
68,4800,1,signal,1200,14,0,79.29214
68,4800,1,signal,1300,16,0,78.27187
68,4800,1,signal,1400,14,0,82.85571
68,4800,1,signal,1500,16,0,84.07125
68,4800,1,signal,1600,17,0,85.61236
68,4800,1,signal,1700,16,0,84.57
68,4800,1,signal,1800,15,0,89.402
68,4800,1,signal,1900,12,0,79.75916
68,4800,1,signal,2000,3,0,99.07
68,4800,2,ramp,0,15,0,77.278
68,4800,2,ramp,100,5,0,77.81
68,4800,2,ramp,200,13,0,52.403847
68,4800,2,ramp,300,28,14,11.6121435
68,4800,2,signal,100,2,0,92.165
68,4800,2,signal,200,24,0,41.05125
68,4800,2,signal,300,25,0,65.6196
68,4800,2,signal,400,13,0,89.426926
68,4800,2,signal,500,13,0,97.99769
68,4800,2,signal,600,14,0,98.62071
68,4800,2,signal,700,20,0,101.229
68,4800,2,signal,800,15,0,97.33933
68,4800,2,signal,900,16,0,108.351875
68,4800,2,signal,1000,14,0,97.76143
68,4800,2,signal,1100,20,0,103.10649
68,4800,2,signal,1200,18,0,96.700554
68,4800,2,signal,1300,17,0,95.59059
68,4800,2,signal,1400,18,0,99.24833
68,4800,2,signal,1500,14,0,93.56286
68,4800,2,signal,1600,25,0,97.6544
68,4800,2,signal,1700,14,0,88.997856
68,4800,2,signal,1800,20,0,91.409996
68,4800,2,signal,1900,18,0,94.25167
68,4800,2,signal,2000,2,0,123.380005
68,4800,3,ramp,0,6,0,70.526665
68,4800,3,ramp,100,7,0,69.43714
68,4800,3,ramp,200,7,0,51.91857
68,4800,3,ramp,300,2,1,27.325
68,4800,3,signal,0,1,0,79.54
68,4800,3,signal,200,8,0,37.513752
68,4800,3,signal,300,24,0,62.530415
68,4800,3,signal,400,18,0,85.47055
68,4800,3,signal,500,19,0,96.57158
68,4800,3,signal,600,17,0,94.16058
68,4800,3,signal,700,16,0,99.37813
68,4800,3,signal,800,19,0,100.865265
68,4800,3,signal,900,23,0,113.426956
68,4800,3,signal,1000,15,0,112.85267
68,4800,3,signal,1100,22,0,118.22363
68,4800,3,signal,1200,23,0,115.01044
68,4800,3,signal,1300,21,0,110.04095
68,4800,3,signal,1400,23,0,107.909996
68,4800,3,signal,1500,20,0,109.26601
68,4800,3,signal,1600,21,0,107.84762
68,4800,3,signal,1700,19,0,100.97
68,4800,3,signal,1800,19,0,103.496315
68,4800,3,signal,1900,20,0,104.537
68,4800,3,signal,2000,3,0,124.93333
68,4800,4,ramp,0,14,0,50.262142
68,4800,4,ramp,100,10,0,52.203003
68,4800,4,ramp,200,2,0,83.520004
68,4800,4,signal,0,4,0,42.7925
68,4800,4,signal,100,4,0,43.43
68,4800,4,signal,200,5,0,52.308002
68,4800,4,signal,300,14,0,60.535
68,4800,4,signal,400,22,0,78.305
68,4800,4,signal,500,15,0,90.791336
68,4800,4,signal,600,16,0,95.63438
68,4800,4,signal,700,16,0,108.73312
68,4800,4,signal,800,15,0,97.86199
68,4800,4,signal,900,10,0,93.018005
68,4800,4,signal,1000,18,0,107.77556
68,4800,4,signal,1100,14,0,92.30786
68,4800,4,signal,1200,12,0,104.89166
68,4800,4,signal,1300,17,0,95.52588
68,4800,4,signal,1400,18,0,91.20444
68,4800,4,signal,1500,17,0,97.043526
68,4800,4,signal,1600,16,0,98.9775
68,4800,4,signal,1700,16,0,103.69
68,4800,4,signal,1800,15,0,99.46267
68,4800,4,signal,1900,19,0,106.21632
68,4800,4,signal,2000,2,0,129.10501
68,4950,1,ramp,0,17,0,43.31765
68,4950,1,ramp,100,9,0,44.12222
68,4950,1,ramp,200,25,0,42.6396
68,4950,1,ramp,300,21,0,44.578094
68,4950,1,signal,0,4,0,50.2625
68,4950,1,signal,100,5,0,48.452003
68,4950,1,signal,200,53,0,50.188114
68,4950,1,signal,300,24,0,65.89834
68,4950,1,signal,400,12,0,80.35333
68,4950,1,signal,500,22,0,87.8941
68,4950,1,signal,600,35,0,83.996864
68,4950,1,signal,700,33,0,82.53667
68,4950,1,signal,800,33,0,84.42576
68,4950,1,signal,900,31,0,86.09097
68,4950,1,signal,1000,31,0,84.991615
68,4950,1,signal,1100,28,0,85.31286
68,4950,1,signal,1200,32,0,85.12906
68,4950,1,signal,1300,35,0,85.488
68,4950,1,signal,1400,33,0,84.62818
68,4950,1,signal,1500,30,0,84.233
68,4950,1,signal,1600,31,0,84.19129
68,4950,1,signal,1700,27,0,84.8463
68,4950,1,signal,1800,28,0,83.73928
68,4950,1,signal,1900,29,0,83.31724
68,4950,1,signal,2000,2,0,87.405
68,4950,2,ramp,0,9,0,59.128887
68,4950,2,ramp,100,8,0,68.9025
68,4950,2,ramp,200,13,0,48.43077
68,4950,2,ramp,300,8,0,30.10125
68,4950,2,signal,0,2,0,83.274994
68,4950,2,signal,100,1,0,82.45
68,4950,2,signal,200,13,0,45.14846
68,4950,2,signal,300,30,0,70.54634
68,4950,2,signal,400,16,0,86.85687
68,4950,2,signal,500,20,0,94.724
68,4950,2,signal,600,13,0,95.15616
68,4950,2,signal,700,20,0,103.8595
68,4950,2,signal,800,19,0,101.295265
68,4950,2,signal,900,20,0,104.08199
68,4950,2,signal,1000,16,0,106.51875
68,4950,2,signal,1100,18,0,101.74611
68,4950,2,signal,1200,19,0,105.386314
68,4950,2,signal,1300,19,0,98.356316
68,4950,2,signal,1400,24,0,101.99292
68,4950,2,signal,1500,25,0,104.112404
68,4950,2,signal,1600,25,0,104.627594
68,4950,2,signal,1700,22,0,105.20818
68,4950,2,signal,1800,22,0,106.023186
68,4950,2,signal,1900,25,0,106.1096
68,4950,2,signal,2000,4,0,108.7325
68,4950,3,ramp,0,5,0,69.506
68,4950,3,ramp,100,9,0,57.51778
68,4950,3,ramp,200,3,0,74.583336
68,4950,3,signal,0,2,0,84.185
68,4950,3,signal,100,3,0,85.19666
68,4950,3,signal,200,2,0,74.729996
68,4950,3,signal,300,23,0,64.82522
68,4950,3,signal,400,17,0,86.003525
68,4950,3,signal,500,17,0,96.922356
68,4950,3,signal,600,24,0,104.112915
68,4950,3,signal,700,21,0,103.8319
68,4950,3,signal,800,17,0,104.77177
68,4950,3,signal,900,18,0,93.04445
68,4950,3,signal,1000,21,0,92.295235
68,4950,3,signal,1100,19,0,96.113686
68,4950,3,signal,1200,24,0,87.98167
68,4950,3,signal,1300,13,0,92.03154
68,4950,3,signal,1400,20,0,90.714005
68,4950,3,signal,1500,20,0,94.7815
68,4950,3,signal,1600,16,0,94.07625
68,4950,3,signal,1700,15,0,96.54933
68,4950,3,signal,1800,19,0,100.60421
68,4950,3,signal,1900,21,0,104.67714
68,4950,3,signal,2000,2,0,122.29
68,4950,4,ramp,0,22,0,42.39091
68,4950,4,ramp,100,18,0,46.616665
68,4950,4,signal,0,2,0,40.33
68,4950,4,signal,100,1,0,40.51
68,4950,4,signal,200,4,0,57.3325
68,4950,4,signal,300,7,0,51.37143
68,4950,4,signal,400,22,0,84.38182
68,4950,4,signal,500,12,0,91.06
68,4950,4,signal,600,15,0,92.27133
68,4950,4,signal,700,15,0,104.316666
68,4950,4,signal,800,17,0,99.81177
68,4950,4,signal,900,18,0,100.31333
68,4950,4,signal,1000,16,0,97.96313
68,4950,4,signal,1100,22,0,94.203636
68,4950,4,signal,1200,17,0,98.02177
68,4950,4,signal,1300,17,0,99.13177
68,4950,4,signal,1400,16,0,97.530624
68,4950,4,signal,1500,13,0,97.143845
68,4950,4,signal,1600,19,0,92.18474
68,4950,4,signal,1700,16,0,89.24
68,4950,4,signal,1800,13,0,88.25077
68,4950,4,signal,1900,13,0,89.78846
68,4950,4,signal,2000,3,0,104.62667
68,5100,1,ramp,0,12,0,40.1725
68,5100,1,ramp,100,5,0,40.622
68,5100,1,ramp,200,30,1,30.15
68,5100,1,ramp,300,33,3,24.997576
68,5100,1,signal,0,4,0,58.28
68,5100,1,signal,100,4,0,56.2075
68,5100,1,signal,200,57,2,43.96386
68,5100,1,signal,300,35,1,49.91143
68,5100,1,signal,400,15,0,90.001335
68,5100,1,signal,500,15,0,87.46934
68,5100,1,signal,600,37,0,97.939186
68,5100,1,signal,700,32,0,94.9925
68,5100,1,signal,800,25,0,83.1896
68,5100,1,signal,900,33,0,92.57333
68,5100,1,signal,1000,29,0,89.998276
68,5100,1,signal,1100,21,0,93.28952
68,5100,1,signal,1200,24,0,94.724174
68,5100,1,signal,1300,24,0,91.23417
68,5100,1,signal,1400,21,0,92.290955
68,5100,1,signal,1500,23,0,91.39435
68,5100,1,signal,1600,21,0,87.27238
68,5100,1,signal,1700,19,0,88.38842
68,5100,1,signal,1800,15,0,72.55
68,5100,1,signal,1900,18,0,81.86389
68,5100,1,signal,2000,1,0,92.89
68,5100,2,ramp,0,12,0,56.345
68,5100,2,ramp,100,9,0,60.046665
68,5100,2,ramp,200,18,0,41.873886
68,5100,2,ramp,300,18,4,15.46111
68,5100,2,signal,0,1,0,85.35
68,5100,2,signal,100,1,0,77.6
68,5100,2,signal,200,20,0,46.0845
68,5100,2,signal,300,24,0,69.653755
68,5100,2,signal,400,15,0,85.88467
68,5100,2,signal,500,16,0,99.14
68,5100,2,signal,600,23,0,94.28999
68,5100,2,signal,700,26,0,102.13884
68,5100,2,signal,800,22,0,100.35728
68,5100,2,signal,900,17,0,97.71882
68,5100,2,signal,1000,24,0,100.48167
68,5100,2,signal,1100,21,0,91.863335
68,5100,2,signal,1200,16,0,96.67562
68,5100,2,signal,1300,21,0,96.470955
68,5100,2,signal,1400,23,0,95.388695
68,5100,2,signal,1500,23,0,96.72087
68,5100,2,signal,1600,21,0,95.93429
68,5100,2,signal,1700,25,0,96.6432
68,5100,2,signal,1800,26,0,96.447685
68,5100,2,signal,1900,28,0,94.556435
68,5100,2,signal,2000,3,0,89.496666
68,5100,3,ramp,0,9,0,65.57223
68,5100,3,ramp,100,9,0,59.432224
68,5100,3,ramp,200,7,0,49.614285
68,5100,3,signal,0,1,0,60.07
68,5100,3,signal,100,1,0,79.06
68,5100,3,signal,200,3,0,32.536667
68,5100,3,signal,300,24,0,66.455
68,5100,3,signal,400,17,0,81.87059
68,5100,3,signal,500,22,0,87.42682
68,5100,3,signal,600,12,0,93.09833
68,5100,3,signal,700,17,0,103.149414
68,5100,3,signal,800,14,0,107.195
68,5100,3,signal,900,21,0,101.27142
68,5100,3,signal,1000,17,0,103.47059
68,5100,3,signal,1100,22,0,105.957275
68,5100,3,signal,1200,20,0,107.166
68,5100,3,signal,1300,21,0,111.25857
68,5100,3,signal,1400,24,0,104.37333
68,5100,3,signal,1500,20,0,105.777504
68,5100,3,signal,1600,23,0,105.265656
68,5100,3,signal,1700,26,0,109.84461
68,5100,3,signal,1800,21,0,105.93666
68,5100,3,signal,1900,26,0,107.23385
68,5100,3,signal,2000,7,0,107.655716
68,5100,4,ramp,0,23,0,44.185654
68,5100,4,ramp,100,16,0,47.635
68,5100,4,signal,100,1,0,75.14
68,5100,4,signal,200,3,0,67.03667
68,5100,4,signal,300,12,0,54.5975
68,5100,4,signal,400,19,0,84.91
68,5100,4,signal,500,15,0,98.21266
68,5100,4,signal,600,15,0,107.09133
68,5100,4,signal,700,18,0,107.38944
68,5100,4,signal,800,21,0,107.811905
68,5100,4,signal,900,17,0,108.67647
68,5100,4,signal,1000,22,0,105.08818
68,5100,4,signal,1100,21,0,109.61952
68,5100,4,signal,1200,22,0,109.18637
68,5100,4,signal,1300,19,0,113.63685
68,5100,4,signal,1400,22,0,113.73046
68,5100,4,signal,1500,25,0,110.1108
68,5100,4,signal,1600,27,0,105.1837
68,5100,4,signal,1700,20,0,107.94301
68,5100,4,signal,1800,23,0,105.43435
68,5100,4,signal,1900,30,0,110.516
68,5100,4,signal,2000,6,0,115.44167
68,5250,1,ramp,0,17,0,45.931763
68,5250,1,ramp,100,14,0,43.164284
68,5250,1,ramp,200,33,2,27.670607
68,5250,1,ramp,300,26,0,34.007694
68,5250,1,signal,0,1,0,40.48
68,5250,1,signal,100,2,0,38.16
68,5250,1,signal,200,47,0,41.271065
68,5250,1,signal,300,24,0,54.15125
68,5250,1,signal,400,10,0,90.026
68,5250,1,signal,500,15,0,109.503334
68,5250,1,signal,600,25,0,112.5084
68,5250,1,signal,700,26,0,111.71884
68,5250,1,signal,800,21,0,114.05096
68,5250,1,signal,900,25,0,114.073204
68,5250,1,signal,1000,25,0,112.9488
68,5250,1,signal,1100,20,0,116.4055
68,5250,1,signal,1200,22,0,113.47046
68,5250,1,signal,1300,24,0,113.80792
68,5250,1,signal,1400,19,0,114.935265
68,5250,1,signal,1500,20,0,113.217
68,5250,1,signal,1600,26,0,113.1023
68,5250,1,signal,1700,18,0,110.92612
68,5250,1,signal,1800,19,0,115.252106
68,5250,1,signal,1900,19,0,112.02579
68,5250,1,signal,2000,7,0,112.74
68,5250,2,ramp,0,16,0,54.918125
68,5250,2,ramp,100,8,0,53.832497
68,5250,2,ramp,200,16,0,44.88125
68,5250,2,ramp,300,14,3,20.33
68,5250,2,signal,0,3,0,53.40333
68,5250,2,signal,100,3,0,50.289997
68,5250,2,signal,200,24,0,39.938335
68,5250,2,signal,300,24,0,60.145416
68,5250,2,signal,400,16,0,79.74438
68,5250,2,signal,500,7,0,88.74857
68,5250,2,signal,600,15,0,98.228004
68,5250,2,signal,700,18,0,108.46778
68,5250,2,signal,800,9,0,106.99333
68,5250,2,signal,900,16,0,112.215
68,5250,2,signal,1000,10,0,107.112
68,5250,2,signal,1100,13,0,116.99692
68,5250,2,signal,1200,14,0,112.115715
68,5250,2,signal,1300,18,0,115.348335
68,5250,2,signal,1400,7,0,114.46285
68,5250,2,signal,1500,14,0,117.55286
68,5250,2,signal,1600,13,0,113.25154
68,5250,2,signal,1700,14,0,111.94072
68,5250,2,signal,1800,17,0,113.20706
68,5250,2,signal,1900,11,0,113.16545
68,5250,2,signal,2000,3,0,99.87667
68,5250,3,ramp,0,10,0,70.693
68,5250,3,ramp,100,12,0,57.556667
68,5250,3,ramp,200,7,0,73.54857
68,5250,3,ramp,300,2,0,17.025002
68,5250,3,signal,0,1,0,70.84
68,5250,3,signal,100,1,0,68.74
68,5250,3,signal,200,2,0,57.41
68,5250,3,signal,300,19,0,59.654736
68,5250,3,signal,400,16,0,81.86313
68,5250,3,signal,500,15,0,87.15134
68,5250,3,signal,600,12,0,93.97583
68,5250,3,signal,700,19,0,102.38
68,5250,3,signal,800,18,0,93.38
68,5250,3,signal,900,21,0,106.93619
68,5250,3,signal,1000,15,0,100.442665
68,5250,3,signal,1100,15,0,107.70334
68,5250,3,signal,1200,12,0,102.17333
68,5250,3,signal,1300,15,0,103.05867
68,5250,3,signal,1400,18,0,105.530556
68,5250,3,signal,1500,14,0,103.49857
68,5250,3,signal,1600,15,0,111.766
68,5250,3,signal,1700,14,0,101.17143
68,5250,3,signal,1800,14,0,105.16143
68,5250,3,signal,1900,12,0,97.21667
68,5250,3,signal,2000,4,0,112.275
68,5250,4,ramp,0,17,0,41.126472
68,5250,4,ramp,100,18,0,55.394444
68,5250,4,signal,0,2,0,40.495003
68,5250,4,signal,100,1,0,43.94
68,5250,4,signal,200,2,0,43.395
68,5250,4,signal,300,9,0,59.653336
68,5250,4,signal,400,16,0,85.20625
68,5250,4,signal,500,13,0,87.50077
68,5250,4,signal,600,15,0,100.554665
68,5250,4,signal,700,9,0,87.84334
68,5250,4,signal,800,14,0,102.26286
68,5250,4,signal,900,14,0,109.0
68,5250,4,signal,1000,10,0,103.645
68,5250,4,signal,1100,15,0,108.49
68,5250,4,signal,1200,14,0,114.13214
68,5250,4,signal,1300,15,0,111.446
68,5250,4,signal,1400,13,0,106.17384
68,5250,4,signal,1500,14,0,116.469284
68,5250,4,signal,1600,10,0,117.935
68,5250,4,signal,1700,20,0,117.90599
68,5250,4,signal,1800,15,0,112.16
68,5250,4,signal,1900,20,0,115.401505
68,5250,4,signal,2000,2,0,133.68
69,0,1,ramp,0,16,0,40.51125
69,0,1,ramp,100,13,0,38.372307
69,0,1,ramp,200,13,0,37.093845
69,0,1,ramp,300,13,0,38.43923
69,0,1,ramp,400,11,0,34.724545
69,0,1,ramp,500,9,0,35.80111
69,0,1,ramp,600,7,0,33.33857
69,0,1,ramp,700,10,0,36.713997
69,0,1,ramp,800,11,0,36.824547
69,0,1,ramp,900,13,0,35.71154
69,0,1,ramp,1000,11,0,32.795456
69,0,1,ramp,1100,6,0,32.005
69,0,1,ramp,1200,3,0,33.163334
69,0,1,signal,0,3,0,41.536667
69,0,1,signal,100,4,0,41.495
69,0,1,signal,200,3,0,41.463333
69,0,1,signal,300,1,0,39.36
69,0,1,signal,400,2,0,39.875
69,0,1,signal,500,2,0,40.215
69,0,1,signal,600,2,0,39.875
69,0,1,signal,700,1,0,41.07
69,0,2,ramp,0,15,0,42.754665
69,0,2,ramp,100,15,0,42.23733
69,0,2,ramp,200,13,0,41.790768
69,0,2,ramp,300,14,0,42.28857
69,0,2,ramp,400,14,0,42.190712
69,0,2,ramp,500,13,0,41.93769
69,0,2,ramp,600,15,0,42.772667
69,0,2,ramp,700,12,0,42.100834
69,0,2,ramp,800,6,0,42.373333
69,0,2,ramp,900,7,0,42.867146
69,0,2,ramp,1000,8,0,41.80875
69,0,2,ramp,1100,9,0,41.75
69,0,2,ramp,1200,8,0,41.2025
69,0,2,ramp,1300,4,0,41.3375
69,0,2,ramp,1400,2,0,39.690002
69,0,2,ramp,1500,1,0,40.72
69,0,2,signal,0,4,0,42.735
69,0,2,signal,100,3,0,44.046665
69,0,2,signal,200,2,0,42.35
69,0,2,signal,700,2,0,40.4
69,0,2,signal,800,6,0,40.84833
69,0,2,signal,900,7,0,39.394287
69,0,2,signal,1000,8,0,40.13
69,0,2,signal,1100,6,0,41.280003
69,0,2,signal,1200,2,0,41.754997
69,0,2,signal,1300,3,0,41.353333
69,0,3,ramp,0,13,0,43.105385
69,0,3,ramp,100,11,0,41.29273
69,0,3,ramp,200,7,0,42.544285
69,0,3,ramp,300,9,0,43.376667
69,0,3,ramp,400,6,0,41.978333
69,0,3,ramp,500,6,0,42.646667
69,0,3,ramp,600,4,0,40.585
69,0,3,ramp,700,5,0,42.214
69,0,3,ramp,800,3,0,39.266666
69,0,3,ramp,900,4,0,41.8825
69,0,3,ramp,1000,3,0,39.336666
69,0,3,ramp,1100,4,0,42.010002
69,0,3,ramp,1200,4,0,40.14
69,0,3,ramp,1300,3,0,40.69
69,0,3,ramp,1400,3,0,39.570004
69,0,3,signal,0,4,0,43.48
69,0,3,signal,100,5,0,42.558002
69,0,3,signal,200,6,0,43.320004
69,0,3,signal,300,4,0,43.0625
69,0,3,signal,400,5,0,43.454
69,0,3,signal,500,6,0,43.319996
69,0,3,signal,600,4,0,42.0775
69,0,3,signal,700,6,0,43.965
69,0,3,signal,800,3,0,41.04333
69,0,3,signal,900,1,0,43.14
69,0,4,ramp,0,7,0,40.134285
69,0,4,ramp,100,5,0,42.122
69,0,4,ramp,200,5,0,41.394
69,0,4,ramp,300,4,0,40.525
69,0,4,ramp,400,3,0,41.336666
69,0,4,ramp,500,4,0,39.9575
69,0,4,ramp,600,3,0,40.763332
69,0,4,ramp,700,4,0,40.677498
69,0,4,ramp,800,3,0,41.146667
69,0,4,ramp,900,4,0,40.21
69,0,4,ramp,1000,3,0,40.553333
69,0,4,ramp,1100,1,0,42.68
69,0,4,ramp,1200,2,0,40.95
69,0,4,ramp,1300,2,0,40.955
69,0,4,ramp,1400,2,0,40.955
69,0,4,signal,0,9,0,41.544445
69,0,4,signal,100,10,0,41.836998
69,0,4,signal,200,8,0,40.1275
69,0,4,signal,300,8,0,41.252502
69,0,4,signal,400,9,0,41.093334
69,0,4,signal,500,7,0,38.29143
69,0,4,signal,600,6,0,39.38
69,0,4,signal,700,4,0,38.2575
69,150,1,ramp,0,10,0,43.045002
69,150,1,ramp,100,10,0,41.909
69,150,1,ramp,200,10,0,42.461
69,150,1,ramp,300,7,0,43.135715
69,150,1,ramp,400,11,0,41.620907
69,150,1,ramp,500,12,0,43.000835
69,150,1,ramp,600,10,0,42.146
69,150,1,ramp,700,13,0,42.180767
69,150,1,ramp,800,10,0,40.859
69,150,1,ramp,900,11,0,42.234543
69,150,1,ramp,1000,13,0,41.36231
69,150,1,ramp,1100,11,0,38.267273
69,150,1,ramp,1200,13,0,39.965385
69,150,1,ramp,1300,16,0,36.50375
69,150,1,ramp,1400,11,0,38.28182
69,150,1,ramp,1500,16,0,39.099377
69,150,1,ramp,1600,41,0,40.012928
69,150,1,ramp,1700,17,0,39.656467
69,150,1,signal,0,3,0,42.40333
69,150,1,signal,100,4,0,42.2275
69,150,1,signal,200,4,0,41.8175
69,150,1,signal,300,5,0,42.118
69,150,1,signal,400,5,0,41.856
69,150,1,signal,500,4,0,41.989998
69,150,1,signal,600,4,0,42.0975
69,150,1,signal,700,5,0,40.058002
69,150,1,signal,800,4,0,41.2425
69,150,1,signal,900,6,0,40.84667
69,150,1,signal,1000,6,0,40.128334
69,150,1,signal,1100,6,0,41.671665
69,150,1,signal,1200,4,0,39.697502
69,150,1,signal,1300,4,0,40.8875
69,150,1,signal,1400,4,0,40.86
69,150,1,signal,1500,4,0,38.850002
69,150,1,signal,1600,3,0,39.273335
69,150,1,signal,1700,1,0,40.14
69,150,2,ramp,0,10,0,41.68
69,150,2,ramp,100,8,0,39.7625
69,150,2,ramp,200,10,0,40.174
69,150,2,ramp,300,10,0,39.892998
69,150,2,ramp,400,6,0,39.798336
69,150,2,ramp,500,10,0,40.098
69,150,2,ramp,600,9,0,40.22889
69,150,2,ramp,700,8,0,40.45
69,150,2,ramp,800,9,0,40.795555
69,150,2,ramp,900,11,0,41.68182
69,150,2,ramp,1000,9,0,40.03
69,150,2,ramp,1100,10,0,40.661
69,150,2,ramp,1200,8,0,39.25125
69,150,2,ramp,1300,13,0,40.464615
69,150,2,ramp,1400,13,0,40.49846
69,150,2,ramp,1500,14,0,40.53357
69,150,2,ramp,1600,7,0,41.90857
69,150,2,signal,0,3,0,43.25
69,150,2,signal,100,3,0,42.59667
69,150,2,signal,200,3,0,41.946667
69,150,2,signal,300,6,0,42.47333
69,150,2,signal,400,5,0,42.052
69,150,2,signal,500,4,0,42.3175
69,150,2,signal,600,6,0,42.198334
69,150,2,signal,700,7,0,42.891426
69,150,2,signal,800,3,0,42.336666
69,150,2,signal,900,8,0,43.0
69,150,2,signal,1000,6,0,43.166668
69,150,2,signal,1100,8,0,40.9
69,150,2,signal,1200,9,0,40.584446
69,150,2,signal,1300,8,0,40.61
69,150,2,signal,1400,13,0,40.41923
69,150,2,signal,1500,10,0,40.345
69,150,2,signal,1600,10,0,40.766
69,150,2,signal,1700,6,0,39.291668
69,150,3,ramp,0,7,0,42.155712
69,150,3,ramp,100,7,0,40.495716
69,150,3,ramp,200,9,0,41.19889
69,150,3,ramp,300,8,0,40.7675
69,150,3,ramp,400,10,0,41.379997
69,150,3,ramp,500,9,0,41.947777
69,150,3,ramp,600,11,0,41.109093
69,150,3,ramp,700,12,0,42.294167
69,150,3,ramp,800,13,0,40.85308
69,150,3,ramp,900,9,0,41.923332
69,150,3,ramp,1000,13,0,41.36231
69,150,3,ramp,1100,13,0,41.699997
69,150,3,ramp,1200,13,0,41.447693
69,150,3,ramp,1300,12,0,42.046665
69,150,3,ramp,1400,15,0,42.252003
69,150,3,ramp,1500,11,0,41.298183
69,150,3,signal,0,6,0,43.763336
69,150,3,signal,100,7,0,42.765713
69,150,3,signal,200,4,0,43.0075
69,150,3,signal,300,6,0,42.005
69,150,3,signal,400,6,0,43.934998
69,150,3,signal,500,3,0,43.22333
69,150,3,signal,600,6,0,42.23833
69,150,3,signal,700,2,0,42.175003
69,150,3,signal,800,4,0,41.4575
69,150,3,signal,900,3,0,41.056667
69,150,3,signal,1000,6,0,42.081665
69,150,3,signal,1100,4,0,41.92
69,150,3,signal,1200,6,0,41.133335
69,150,3,signal,1300,5,0,42.682
69,150,3,signal,1400,5,0,41.32
69,150,3,signal,1500,6,0,42.23833
69,150,3,signal,1600,4,0,43.23
69,150,3,signal,1700,5,0,42.374
69,150,4,ramp,0,9,0,40.85
69,150,4,ramp,100,13,0,39.12077
69,150,4,ramp,200,10,0,40.478
69,150,4,ramp,300,14,0,40.80857
69,150,4,ramp,400,11,0,40.82909
69,150,4,ramp,500,13,0,40.037693
69,150,4,ramp,600,12,0,41.4725
69,150,4,ramp,700,10,0,40.47
69,150,4,ramp,800,10,0,39.923
69,150,4,ramp,900,9,0,40.493332
69,150,4,ramp,1000,7,0,40.31286
69,150,4,ramp,1100,7,0,38.547142
69,150,4,ramp,1200,7,0,39.74143
69,150,4,ramp,1300,7,0,39.79143
69,150,4,ramp,1400,6,0,39.913334
69,150,4,ramp,1500,3,0,42.393333
69,150,4,signal,0,1,0,43.86
69,150,4,signal,100,2,0,39.405
69,150,4,signal,200,2,0,42.375
69,150,4,signal,500,2,0,44.105
69,150,4,signal,600,4,0,44.15
69,150,4,signal,700,2,0,44.805
69,150,4,signal,800,3,0,43.173336
69,150,4,signal,900,3,0,45.763336
69,150,4,signal,1000,4,0,44.22
69,150,4,signal,1100,3,0,43.323334
69,150,4,signal,1200,3,0,45.733334
69,150,4,signal,1300,3,0,44.416668
69,150,4,signal,1400,4,0,43.2875
69,150,4,signal,1500,3,0,45.703335
69,150,4,signal,1600,3,0,44.940002
69,150,4,signal,1700,3,0,42.506668
69,300,1,ramp,0,16,0,43.951252
69,300,1,ramp,100,14,0,41.994286
69,300,1,ramp,200,17,0,42.685295
69,300,1,ramp,300,15,0,41.801334
69,300,1,ramp,400,15,0,42.497334
69,300,1,ramp,500,14,0,42.54
69,300,1,ramp,600,14,0,42.188572
69,300,1,ramp,700,14,0,42.785
69,300,1,ramp,800,14,0,42.778572
69,300,1,ramp,900,14,0,43.115715
69,300,1,ramp,1000,14,0,42.63143
69,300,1,ramp,1100,12,0,43.0725
69,300,1,ramp,1200,13,0,41.63923
69,300,1,ramp,1300,13,0,41.39769
69,300,1,ramp,1400,13,0,40.456154
69,300,1,ramp,1500,16,0,40.610626
69,300,1,ramp,1600,35,0,39.734856
69,300,1,ramp,1700,19,0,39.94263
69,300,1,signal,0,2,0,44.225
69,300,1,signal,100,1,0,42.11
69,300,1,signal,200,2,0,44.225
69,300,1,signal,300,1,0,44.65
69,300,1,signal,400,2,0,43.375
69,300,1,signal,500,3,0,43.35667
69,300,1,signal,600,3,0,45.289997
69,300,1,signal,700,4,0,44.28
69,300,1,signal,800,3,0,42.940002
69,300,1,signal,900,3,0,45.570004
69,300,1,signal,1000,3,0,43.35667
69,300,1,signal,1100,4,0,44.28
69,300,1,signal,1200,3,0,45.289997
69,300,1,signal,1300,4,0,41.6575
69,300,1,signal,1400,6,0,43.821667
69,300,1,signal,1500,5,0,42.14
69,300,1,signal,1600,7,0,40.46143
69,300,1,signal,1700,4,0,41.6725
69,300,2,ramp,0,15,0,43.034
69,300,2,ramp,100,18,0,41.59722
69,300,2,ramp,200,15,0,42.026
69,300,2,ramp,300,11,0,41.899094
69,300,2,ramp,400,16,0,42.445
69,300,2,ramp,500,17,0,41.392353
69,300,2,ramp,600,13,0,41.572308
69,300,2,ramp,700,16,0,42.3925
69,300,2,ramp,800,13,0,41.402306
69,300,2,ramp,900,10,0,42.398003
69,300,2,ramp,1000,10,0,41.915
69,300,2,ramp,1100,12,0,42.684998
69,300,2,ramp,1200,11,0,42.268185
69,300,2,ramp,1300,11,0,42.78909
69,300,2,ramp,1400,12,0,40.885834
69,300,2,ramp,1500,14,0,40.190002
69,300,2,ramp,1600,7,0,38.59
69,300,2,signal,0,4,0,44.64
69,300,2,signal,100,3,0,42.546665
69,300,2,signal,200,4,0,44.1925
69,300,2,signal,300,6,0,43.895
69,300,2,signal,400,4,0,42.485
69,300,2,signal,500,3,0,43.563335
69,300,2,signal,600,4,0,43.0425
69,300,2,signal,700,5,0,42.685997
69,300,2,signal,800,5,0,42.41
69,300,2,signal,900,8,0,42.83375
69,300,2,signal,1000,6,0,41.40333
69,300,2,signal,1100,8,0,42.791252
69,300,2,signal,1200,7,0,42.31857
69,300,2,signal,1300,7,0,41.447144
69,300,2,signal,1400,10,0,41.089
69,300,2,signal,1500,8,0,41.48125
69,300,2,signal,1600,6,0,42.743332
69,300,2,signal,1700,4,0,44.43
69,300,3,ramp,0,14,0,41.452858
69,300,3,ramp,100,18,0,41.078888
69,300,3,ramp,200,16,0,40.238125
69,300,3,ramp,300,15,0,40.238667
69,300,3,ramp,400,18,0,40.94389
69,300,3,ramp,500,19,0,40.156315
69,300,3,ramp,600,16,0,39.504375
69,300,3,ramp,700,17,0,41.44294
69,300,3,ramp,800,14,0,39.170715
69,300,3,ramp,900,13,0,39.506157
69,300,3,ramp,1000,11,0,41.36273
69,300,3,ramp,1100,10,0,42.344
69,300,3,ramp,1200,9,0,41.126667
69,300,3,ramp,1300,11,0,41.785458
69,300,3,ramp,1400,12,0,41.416668
69,300,3,ramp,1500,8,0,41.06375
69,300,3,signal,0,2,0,45.62
69,300,3,signal,100,2,0,43.614998
69,300,3,signal,200,3,0,43.563335
69,300,3,signal,300,3,0,43.13333
69,300,3,signal,400,3,0,43.960003
69,300,3,signal,500,4,0,42.66
69,300,3,signal,600,3,0,43.123333
69,300,3,signal,700,3,0,42.273335
69,300,3,signal,800,1,0,43.23
69,300,3,signal,900,2,0,41.97
69,300,3,signal,1000,2,0,45.0
69,300,3,signal,1100,1,0,41.72
69,300,3,signal,1200,2,0,43.485
69,300,3,signal,1300,2,0,43.989998
69,300,3,signal,1400,1,0,41.21
69,300,3,signal,1500,2,0,45.0
69,300,3,signal,1600,2,0,42.475
69,300,3,signal,1700,1,0,42.73
69,300,4,ramp,0,19,0,41.50421
69,300,4,ramp,100,18,0,39.095
69,300,4,ramp,200,21,0,39.701904
69,300,4,ramp,300,18,0,37.467224
69,300,4,ramp,400,17,0,38.154118
69,300,4,ramp,500,13,0,38.907692
69,300,4,ramp,600,18,0,37.656666
69,300,4,ramp,700,17,0,40.000587
69,300,4,ramp,800,14,0,38.880714
69,300,4,ramp,900,14,0,40.77929
69,300,4,ramp,1000,14,0,40.622856
69,300,4,ramp,1100,13,0,39.212307
69,300,4,ramp,1200,10,0,39.226
69,300,4,ramp,1300,9,0,38.83111
69,300,4,ramp,1400,8,0,40.6025
69,300,4,ramp,1500,5,0,39.502
69,300,4,signal,300,2,0,39.405
69,300,4,signal,400,1,0,40.89
69,300,4,signal,500,2,0,42.375
69,300,4,signal,600,2,0,39.405
69,300,4,signal,700,1,0,43.86
69,450,1,ramp,0,8,0,42.98875
69,450,1,ramp,100,10,0,43.437
69,450,1,ramp,200,6,0,43.891666
69,450,1,ramp,300,11,0,42.98091
69,450,1,ramp,400,11,0,43.564545
69,450,1,ramp,500,10,0,42.448
69,450,1,ramp,600,13,0,43.39231
69,450,1,ramp,700,11,0,42.828182
69,450,1,ramp,800,15,0,42.428665
69,450,1,ramp,900,16,0,42.455
69,450,1,ramp,1000,15,0,42.662666
69,450,1,ramp,1100,16,0,43.1
69,450,1,ramp,1200,17,0,41.987644
69,450,1,ramp,1300,16,0,42.28875
69,450,1,ramp,1400,20,0,42.3535
69,450,1,ramp,1500,25,0,42.5764
69,450,1,ramp,1600,55,0,38.72509
69,450,1,ramp,1700,26,0,37.92154
69,450,1,signal,0,8,0,40.8475
69,450,1,signal,100,8,0,38.05375
69,450,1,signal,200,7,0,40.11857
69,450,1,signal,300,4,0,42.98
69,450,1,signal,400,6,0,43.405
69,450,1,signal,500,5,0,43.356
69,450,1,signal,600,5,0,42.572
69,450,1,signal,700,2,0,43.26
69,450,1,signal,800,2,0,44.62
69,450,1,signal,900,2,0,44.62
69,450,1,signal,1000,1,0,42.35
69,450,1,signal,1100,2,0,44.62
69,450,1,signal,1200,2,0,44.62
69,450,1,signal,1300,3,0,40.766666
69,450,1,signal,1400,1,0,42.2
69,450,1,signal,1500,1,0,40.92
69,450,2,ramp,0,13,0,41.577694
69,450,2,ramp,100,14,0,40.594288
69,450,2,ramp,200,12,0,41.139164
69,450,2,ramp,300,13,0,41.094612
69,450,2,ramp,400,15,0,41.764
69,450,2,ramp,500,15,0,40.604
69,450,2,ramp,600,9,0,40.126667
69,450,2,ramp,700,14,0,41.145
69,450,2,ramp,800,13,0,40.477688
69,450,2,ramp,900,13,0,40.755386
69,450,2,ramp,1000,15,0,41.626
69,450,2,ramp,1100,18,0,40.57222
69,450,2,ramp,1200,15,0,41.768
69,450,2,ramp,1300,14,0,41.77714
69,450,2,ramp,1400,18,0,42.06778
69,450,2,ramp,1500,14,0,40.985714
69,450,2,ramp,1600,16,0,40.100624
69,450,2,ramp,1700,1,0,36.99
69,450,2,signal,0,1,0,47.5
69,450,2,signal,100,2,0,44.845
69,450,2,signal,200,2,0,44.845
69,450,2,signal,300,1,0,42.19
69,450,2,signal,400,3,0,44.673336
69,450,2,signal,500,2,0,46.745003
69,450,2,signal,600,4,0,43.0125
69,450,2,signal,700,3,0,44.24
69,450,2,signal,800,7,0,43.327145
69,450,2,signal,900,6,0,41.943333
69,450,2,signal,1000,5,0,43.024
69,450,2,signal,1100,8,0,41.00125
69,450,2,signal,1200,7,0,42.702858
69,450,2,signal,1300,5,0,43.586
69,450,2,signal,1400,4,0,42.417503
69,450,2,signal,1500,3,0,43.77667
69,450,2,signal,1600,3,0,43.8
69,450,2,signal,1700,2,0,45.13
69,450,3,ramp,0,15,0,42.133335
69,450,3,ramp,100,12,0,39.498333
69,450,3,ramp,200,14,0,41.012142
69,450,3,ramp,300,15,0,40.517334
69,450,3,ramp,400,13,0,40.85308
69,450,3,ramp,500,15,0,40.940666
69,450,3,ramp,600,10,0,41.404
69,450,3,ramp,700,9,0,41.960003
69,450,3,ramp,800,11,0,42.125454
69,450,3,ramp,900,12,0,41.587498
69,450,3,ramp,1000,16,0,39.226875
69,450,3,ramp,1100,15,0,39.261333
69,450,3,ramp,1200,11,0,40.05909
69,450,3,ramp,1300,14,0,39.894287
69,450,3,ramp,1400,14,0,38.81429
69,450,3,ramp,1500,14,0,39.609283
69,450,3,ramp,1600,3,0,43.01
69,450,3,ramp,1700,1,0,19.56
69,450,3,signal,0,2,0,45.565002
69,450,3,signal,100,1,0,44.98
69,450,3,signal,200,2,0,44.385002
69,450,3,signal,300,2,0,45.57
69,450,3,signal,400,1,0,43.79
69,450,3,signal,500,2,0,45.565002
69,450,3,signal,600,2,0,45.129997
69,450,3,signal,700,3,0,43.573334
69,450,3,signal,800,5,0,44.346
69,450,3,signal,900,2,0,44.934998
69,450,3,signal,1000,2,0,45.195
69,450,3,signal,1100,2,0,43.72
69,450,3,signal,1200,1,0,43.0
69,450,3,signal,1300,2,0,43.910004
69,450,3,signal,1400,2,0,41.3
69,450,3,signal,1500,1,0,43.38
69,450,3,signal,1600,2,0,45.71
69,450,3,signal,1700,1,0,42.71
69,450,4,ramp,0,7,0,43.10143
69,450,4,ramp,100,8,0,40.833748
69,450,4,ramp,200,8,0,41.58375
69,450,4,ramp,300,8,0,42.09125
69,450,4,ramp,400,10,0,42.559
69,450,4,ramp,500,10,0,42.096
69,450,4,ramp,600,10,0,42.816
69,450,4,ramp,700,10,0,41.383003
69,450,4,ramp,800,13,0,41.116924
69,450,4,ramp,900,14,0,39.138573
69,450,4,ramp,1000,15,0,39.543335
69,450,4,ramp,1100,16,0,40.439377
69,450,4,ramp,1200,19,0,41.073685
69,450,4,ramp,1300,24,0,40.92125
69,450,4,ramp,1400,23,0,40.331738
69,450,4,ramp,1500,16,0,40.065
69,450,4,signal,0,5,0,42.98
69,450,4,signal,100,7,0,42.608574
69,450,4,signal,200,7,0,42.395714
69,450,4,signal,300,7,0,42.035713
69,450,4,signal,400,7,0,43.514286
69,450,4,signal,500,4,0,41.4725
69,450,4,signal,600,6,0,43.184998
69,450,4,signal,700,4,0,42.105
69,600,1,ramp,0,13,0,39.99077
69,600,1,ramp,100,16,0,40.363125
69,600,1,ramp,200,15,0,40.421333
69,600,1,ramp,300,13,0,40.88
69,600,1,ramp,400,13,0,41.686924
69,600,1,ramp,500,12,0,40.79333
69,600,1,ramp,600,11,0,42.53
69,600,1,ramp,700,10,0,42.575
69,600,1,ramp,800,9,0,42.963333
69,600,1,ramp,900,13,0,42.314613
69,600,1,ramp,1000,10,0,42.727
69,600,1,ramp,1100,6,0,41.36333
69,600,1,ramp,1200,11,0,41.934544
69,600,1,ramp,1300,8,0,42.04125
69,600,1,ramp,1400,7,0,41.81429
69,600,1,ramp,1500,13,0,40.049232
69,600,1,ramp,1600,36,0,40.276943
69,600,1,ramp,1700,16,0,40.68875
69,600,1,signal,0,1,0,44.07
69,600,1,signal,100,2,0,41.1
69,600,1,signal,200,2,0,42.72
69,600,1,signal,300,4,0,36.5175
69,600,1,signal,400,3,0,35.079998
69,600,1,signal,500,5,0,36.017998
69,600,1,signal,600,4,0,36.2475
69,600,1,signal,700,5,0,39.706
69,600,1,signal,800,8,0,38.845
69,600,1,signal,900,7,0,38.068573
69,600,1,signal,1000,6,0,38.391666
69,600,1,signal,1100,4,0,37.14
69,600,1,signal,1200,8,0,38.61125
69,600,1,signal,1300,8,0,39.09125
69,600,1,signal,1400,8,0,40.51625
69,600,1,signal,1500,9,0,37.87889
69,600,1,signal,1600,8,0,42.89375
69,600,1,signal,1700,5,0,41.676003
69,600,2,ramp,0,17,0,42.961174
69,600,2,ramp,100,15,0,42.167336
69,600,2,ramp,200,18,0,41.987225
69,600,2,ramp,300,16,0,41.841873
69,600,2,ramp,400,13,0,41.733845
69,600,2,ramp,500,17,0,41.335884
69,600,2,ramp,600,19,0,41.03
69,600,2,ramp,700,13,0,40.71923
69,600,2,ramp,800,18,0,40.772224
69,600,2,ramp,900,15,0,41.513332
69,600,2,ramp,1000,16,0,40.499374
69,600,2,ramp,1100,15,0,40.874
69,600,2,ramp,1200,15,0,40.56867
69,600,2,ramp,1300,17,0,40.591175
69,600,2,ramp,1400,17,0,40.122353
69,600,2,ramp,1500,14,0,41.28643
69,600,2,ramp,1600,5,0,44.322
69,600,2,signal,700,1,0,43.82
69,600,2,signal,800,3,0,38.25
69,600,2,signal,900,6,0,43.680004
69,600,2,signal,1000,5,0,43.332
69,600,2,signal,1100,4,0,43.0175
69,600,2,signal,1200,6,0,42.271667
69,600,2,signal,1300,5,0,42.646004
69,600,2,signal,1400,7,0,42.434284
69,600,2,signal,1500,6,0,44.215
69,600,2,signal,1600,6,0,44.786667
69,600,2,signal,1700,3,0,42.40333
69,600,3,ramp,0,11,0,41.505455
69,600,3,ramp,100,12,0,40.2375
69,600,3,ramp,200,12,0,41.418335
69,600,3,ramp,300,13,0,40.666157
69,600,3,ramp,400,15,0,41.107998
69,600,3,ramp,500,16,0,41.368126
69,600,3,ramp,600,18,0,38.845
69,600,3,ramp,700,18,0,40.549446
69,600,3,ramp,800,16,0,39.011875
69,600,3,ramp,900,12,0,39.454166
69,600,3,ramp,1000,14,0,38.67143
69,600,3,ramp,1100,12,0,39.34667
69,600,3,ramp,1200,9,0,37.493332
69,600,3,ramp,1300,9,0,37.97111
69,600,3,ramp,1400,8,0,38.56375
69,600,3,ramp,1500,8,0,39.3825
69,600,3,signal,0,6,0,41.991665
69,600,3,signal,100,4,0,41.245003
69,600,3,signal,200,3,0,41.596664
69,600,3,signal,300,3,0,42.853333
69,600,3,signal,400,1,0,44.46
69,600,3,signal,500,2,0,42.5
69,600,3,signal,600,2,0,40.215
69,600,3,signal,700,2,0,36.705
69,600,4,ramp,0,15,0,41.305336
69,600,4,ramp,100,13,0,41.26154
69,600,4,ramp,200,13,0,40.300766
69,600,4,ramp,300,13,0,40.11
69,600,4,ramp,400,11,0,41.033634
69,600,4,ramp,500,11,0,40.224545
69,600,4,ramp,600,11,0,41.00182
69,600,4,ramp,700,12,0,41.513332
69,600,4,ramp,800,12,0,41.045002
69,600,4,ramp,900,11,0,41.817272
69,600,4,ramp,1000,13,0,41.10077
69,600,4,ramp,1100,16,0,41.413124
69,600,4,ramp,1200,11,0,41.364548
69,600,4,ramp,1300,12,0,42.319164
69,600,4,ramp,1400,13,0,41.37
69,600,4,ramp,1500,7,0,41.399998
69,600,4,signal,0,4,0,37.71
69,600,4,signal,100,3,0,36.26
69,600,4,signal,200,5,0,35.741997
69,600,4,signal,300,4,0,37.2925
69,600,4,signal,400,3,0,36.536667
69,600,4,signal,500,6,0,39.013332
69,600,4,signal,600,4,0,36.6975
69,600,4,signal,700,3,0,35.633335
69,600,4,signal,800,2,0,39.67
69,600,4,signal,900,2,0,41.995
69,600,4,signal,1000,2,0,41.995
69,600,4,signal,1100,1,0,44.55
69,600,4,signal,1200,2,0,41.995
69,600,4,signal,1300,2,0,40.449997
69,600,4,signal,1400,1,0,42.48
69,600,4,signal,1500,2,0,41.97
69,600,4,signal,1600,2,0,41.97
69,600,4,signal,1700,1,0,41.46
69,750,1,ramp,0,10,0,41.532
69,750,1,ramp,100,11,0,39.831818
69,750,1,ramp,200,12,0,41.496666
69,750,1,ramp,300,9,0,39.786667
69,750,1,ramp,400,10,0,39.769
69,750,1,ramp,500,11,0,38.79
69,750,1,ramp,600,12,0,38.210835
69,750,1,ramp,700,9,0,37.210003
69,750,1,ramp,800,14,0,38.237858
69,750,1,ramp,900,12,0,40.383335
69,750,1,ramp,1000,15,0,38.858665
69,750,1,ramp,1100,15,0,38.539997
69,750,1,ramp,1200,13,0,38.273846
69,750,1,ramp,1300,11,0,37.51909
69,750,1,ramp,1400,11,0,38.008183
69,750,1,ramp,1500,17,0,39.57941
69,750,1,ramp,1600,39,0,39.282566
69,750,1,ramp,1700,21,0,39.566666
69,750,1,signal,0,1,0,46.66
69,750,1,signal,100,2,0,43.239998
69,750,1,signal,200,1,0,47.43
69,750,1,signal,300,2,0,43.239998
69,750,1,signal,400,2,0,45.52
69,750,1,signal,500,1,0,42.1
69,750,1,signal,600,2,0,45.52
69,750,1,signal,700,1,0,41.34
69,750,1,signal,800,2,0,45.52
69,750,1,signal,900,3,0,43.516666
69,750,1,signal,1000,3,0,41.289997
69,750,1,signal,1100,3,0,41.466667
69,750,1,signal,1200,4,0,41.355
69,750,1,signal,1300,3,0,39.266666
69,750,1,signal,1400,3,0,41.203335
69,750,1,signal,1500,5,0,39.568
69,750,1,signal,1600,9,0,36.58
69,750,1,signal,1700,4,0,36.4475
69,750,2,ramp,0,13,0,41.828465
69,750,2,ramp,100,12,0,41.428333
69,750,2,ramp,200,10,0,41.621
69,750,2,ramp,300,11,0,40.74091
69,750,2,ramp,400,10,0,41.236
69,750,2,ramp,500,9,0,40.715557
69,750,2,ramp,600,10,0,39.841
69,750,2,ramp,700,12,0,42.09833
69,750,2,ramp,800,10,0,41.471
69,750,2,ramp,900,12,0,41.886665
69,750,2,ramp,1000,12,0,42.7075
69,750,2,ramp,1100,12,0,42.6825
69,750,2,ramp,1200,14,0,42.459286
69,750,2,ramp,1300,16,0,41.875626
69,750,2,ramp,1400,15,0,42.024666
69,750,2,ramp,1500,14,0,41.557858
69,750,2,ramp,1600,6,0,43.15833
69,750,2,ramp,1700,2,0,31.404999
69,750,2,signal,0,1,0,46.58
69,750,2,signal,100,2,0,44.61
69,750,2,signal,200,2,0,44.605
69,750,2,signal,300,1,0,45.79
69,750,2,signal,400,2,0,45.39
69,750,2,signal,500,1,0,43.42
69,750,2,signal,600,2,0,45.395
69,750,2,signal,700,1,0,44.21
69,750,2,signal,800,6,0,40.588333
69,750,2,signal,900,12,0,39.5775
69,750,2,signal,1000,11,0,39.438183
69,750,2,signal,1100,9,0,39.02778
69,750,2,signal,1200,9,0,39.65889
69,750,2,signal,1300,8,0,39.205
69,750,2,signal,1400,7,0,39.067142
69,750,2,signal,1500,8,0,39.3725
69,750,2,signal,1600,5,0,40.522
69,750,2,signal,1700,3,0,40.823334
69,750,3,ramp,0,14,0,40.79643
69,750,3,ramp,100,12,0,40.59833
69,750,3,ramp,200,7,0,39.524284
69,750,3,ramp,300,9,0,40.001114
69,750,3,ramp,400,11,0,39.654545
69,750,3,ramp,500,8,0,39.8175
69,750,3,ramp,600,9,0,39.782223
69,750,3,ramp,700,10,0,41.407997
69,750,3,ramp,800,9,0,38.815556
69,750,3,ramp,900,11,0,40.78818
69,750,3,ramp,1000,11,0,39.02091
69,750,3,ramp,1100,10,0,39.888
69,750,3,ramp,1200,14,0,39.602142
69,750,3,ramp,1300,8,0,41.65125
69,750,3,ramp,1400,12,0,39.8075
69,750,3,ramp,1500,13,0,41.374615
69,750,3,ramp,1600,1,0,41.83
69,750,3,signal,0,2,0,42.730003
69,750,3,signal,100,3,0,42.94
69,750,3,signal,200,3,0,40.86
69,750,3,signal,300,2,0,40.010002
69,750,3,signal,400,4,0,41.4525
69,750,3,signal,500,4,0,41.447502
69,750,3,signal,600,3,0,40.083332
69,750,3,signal,700,5,0,40.892
69,750,3,signal,800,2,0,40.29
69,750,4,ramp,0,4,0,44.335
69,750,4,ramp,100,5,0,42.292
69,750,4,ramp,200,5,0,43.464
69,750,4,ramp,300,5,0,41.646
69,750,4,ramp,400,6,0,42.085
69,750,4,ramp,500,6,0,42.086666
69,750,4,ramp,600,3,0,41.326664
69,750,4,ramp,700,6,0,42.328335
69,750,4,ramp,800,6,0,40.948334
69,750,4,ramp,900,5,0,41.438
69,750,4,ramp,1000,5,0,40.338
69,750,4,ramp,1100,5,0,41.232002
69,750,4,ramp,1200,5,0,41.238
69,750,4,ramp,1300,8,0,40.70125
69,750,4,ramp,1400,7,0,40.634285
69,750,4,ramp,1500,5,0,40.856
69,750,4,signal,0,5,0,39.774
69,750,4,signal,100,4,0,38.7625
69,750,4,signal,200,4,0,42.065
69,750,4,signal,300,4,0,42.0675
69,750,4,signal,400,2,0,42.760002
69,750,4,signal,500,4,0,42.0675
69,750,4,signal,600,6,0,41.576664
69,750,4,signal,700,3,0,43.436665
69,750,4,signal,800,1,0,40.12
69,900,1,ramp,0,20,0,40.978
69,900,1,ramp,100,18,0,40.713886
69,900,1,ramp,200,18,0,39.48389
69,900,1,ramp,300,21,0,40.61905
69,900,1,ramp,400,21,0,39.582855
69,900,1,ramp,500,18,0,39.211666
69,900,1,ramp,600,22,0,40.15682
69,900,1,ramp,700,19,0,40.477894
69,900,1,ramp,800,24,0,38.634167
69,900,1,ramp,900,23,0,39.452606
69,900,1,ramp,1000,17,0,40.79353
69,900,1,ramp,1100,19,0,40.335262
69,900,1,ramp,1200,18,0,40.405
69,900,1,ramp,1300,21,0,41.14619
69,900,1,ramp,1400,17,0,40.85588
69,900,1,ramp,1500,24,0,40.66125
69,900,1,ramp,1600,44,0,39.112045
69,900,1,ramp,1700,19,0,39.508423
69,900,1,signal,0,9,0,41.58778
69,900,1,signal,100,7,0,40.71857
69,900,1,signal,200,4,0,39.205
69,900,1,signal,300,5,0,40.170002
69,900,1,signal,400,4,0,39.505
69,900,1,signal,500,2,0,36.93
69,900,1,signal,600,2,0,36.550003
69,900,1,signal,700,2,0,32.38
69,900,1,signal,800,4,0,37.7
69,900,1,signal,900,3,0,39.356667
69,900,1,signal,1000,1,0,44.02
69,900,1,signal,1100,2,0,41.440002
69,900,1,signal,1200,2,0,44.47
69,900,1,signal,1300,2,0,43.214996
69,900,1,signal,1400,1,0,44.31
69,900,1,signal,1500,2,0,41.95
69,900,1,signal,1600,2,0,43.48
69,900,1,signal,1700,1,0,45.79
69,900,2,ramp,0,16,0,40.808125
69,900,2,ramp,100,20,0,39.797
69,900,2,ramp,200,23,0,41.214783
69,900,2,ramp,300,16,0,40.504375
69,900,2,ramp,400,24,0,40.729584
69,900,2,ramp,500,23,0,41.397827
69,900,2,ramp,600,18,0,39.622223
69,900,2,ramp,700,20,0,41.766
69,900,2,ramp,800,15,0,40.861332
69,900,2,ramp,900,13,0,39.027695
69,900,2,ramp,1000,15,0,42.024666
69,900,2,ramp,1100,14,0,40.11643
69,900,2,ramp,1200,16,0,41.72625
69,900,2,ramp,1300,15,0,41.247334
69,900,2,ramp,1400,13,0,40.23846
69,900,2,ramp,1500,14,0,42.06786
69,900,2,ramp,1600,3,0,40.806667
69,900,2,signal,0,5,0,45.126
69,900,2,signal,100,7,0,42.197144
69,900,2,signal,200,6,0,43.600002
69,900,2,signal,300,6,0,43.056667
69,900,2,signal,400,6,0,42.26167
69,900,2,signal,500,8,0,42.5125
69,900,2,signal,600,4,0,42.137497
69,900,2,signal,700,6,0,43.783337
69,900,2,signal,800,9,0,40.196667
69,900,2,signal,900,10,0,41.017998
69,900,2,signal,1000,11,0,40.06636
69,900,2,signal,1100,12,0,38.798336
69,900,2,signal,1200,8,0,39.10125
69,900,2,signal,1300,10,0,38.060997
69,900,2,signal,1400,10,0,38.486
69,900,2,signal,1500,6,0,40.251667
69,900,2,signal,1600,7,0,41.984287
69,900,2,signal,1700,3,0,42.98
69,900,3,ramp,0,26,0,41.330383
69,900,3,ramp,100,26,0,40.454613
69,900,3,ramp,200,30,0,39.973667
69,900,3,ramp,300,27,0,40.302593
69,900,3,ramp,400,27,0,40.09185
69,900,3,ramp,500,24,0,39.4675
69,900,3,ramp,600,25,0,39.689598
69,900,3,ramp,700,23,0,39.97348
69,900,3,ramp,800,18,0,40.955
69,900,3,ramp,900,16,0,41.01125
69,900,3,ramp,1000,18,0,41.269444
69,900,3,ramp,1100,16,0,40.225624
69,900,3,ramp,1200,17,0,40.91412
69,900,3,ramp,1300,17,0,41.122353
69,900,3,ramp,1400,13,0,40.37231
69,900,3,ramp,1500,10,0,42.438
69,900,3,signal,200,3,0,42.763336
69,900,3,signal,300,2,0,42.03
69,900,3,signal,400,5,0,42.094
69,900,3,signal,500,6,0,42.08167
69,900,3,signal,600,4,0,40.762497
69,900,3,signal,700,5,0,41.834003
69,900,3,signal,800,1,0,32.88
69,900,4,ramp,0,18,0,42.193333
69,900,4,ramp,100,20,0,40.631
69,900,4,ramp,200,18,0,41.517776
69,900,4,ramp,300,20,0,39.882
69,900,4,ramp,400,22,0,41.069546
69,900,4,ramp,500,19,0,39.55579
69,900,4,ramp,600,17,0,39.49765
69,900,4,ramp,700,13,0,42.46923
69,900,4,ramp,800,15,0,41.89
69,900,4,ramp,900,18,0,42.27556
69,900,4,ramp,1000,16,0,42.6475
69,900,4,ramp,1100,14,0,42.279285
69,900,4,ramp,1200,16,0,42.22
69,900,4,ramp,1300,13,0,42.858463
69,900,4,ramp,1400,10,0,42.139
69,900,4,ramp,1500,6,0,42.43
69,900,4,signal,0,7,0,42.534283
69,900,4,signal,100,8,0,40.08625
69,900,4,signal,200,8,0,37.29625
69,900,4,signal,300,8,0,37.97375
69,900,4,signal,400,5,0,35.964
69,900,4,signal,500,7,0,36.995716
69,900,4,signal,600,6,0,38.54333
69,900,4,signal,700,4,0,38.11
69,1050,1,ramp,0,18,0,42.918888
69,1050,1,ramp,100,16,0,41.482502
69,1050,1,ramp,200,17,0,41.702354
69,1050,1,ramp,300,14,0,40.644287
69,1050,1,ramp,400,18,0,40.378334
69,1050,1,ramp,500,14,0,41.394287
69,1050,1,ramp,600,14,0,38.78143
69,1050,1,ramp,700,15,0,40.23933
69,1050,1,ramp,800,19,0,39.245262
69,1050,1,ramp,900,16,0,39.735626
69,1050,1,ramp,1000,17,0,37.843533
69,1050,1,ramp,1100,14,0,37.264286
69,1050,1,ramp,1200,11,0,39.352726
69,1050,1,ramp,1300,12,0,37.5125
69,1050,1,ramp,1400,9,0,37.84
69,1050,1,ramp,1500,22,0,39.696365
69,1050,1,ramp,1600,73,0,35.848354
69,1050,1,ramp,1700,34,0,35.68118
69,1050,1,signal,0,8,0,43.32
69,1050,1,signal,100,8,0,41.247498
69,1050,1,signal,200,9,0,42.18889
69,1050,1,signal,300,9,0,40.69889
69,1050,1,signal,400,6,0,40.148335
69,1050,1,signal,500,6,0,38.563335
69,1050,1,signal,600,8,0,39.252502
69,1050,1,signal,700,7,0,38.888573
69,1050,1,signal,800,7,0,39.375713
69,1050,1,signal,900,7,0,37.989998
69,1050,1,signal,1000,9,0,37.496666
69,1050,1,signal,1100,6,0,38.548332
69,1050,1,signal,1200,6,0,40.47
69,1050,1,signal,1300,6,0,39.48
69,1050,1,signal,1400,10,0,40.088997
69,1050,1,signal,1500,10,0,38.946
69,1050,1,signal,1600,9,0,36.81222
69,1050,1,signal,1700,3,0,35.676666
69,1050,2,ramp,0,16,0,39.948124
69,1050,2,ramp,100,19,0,39.662106
69,1050,2,ramp,200,13,0,39.408463
69,1050,2,ramp,300,15,0,39.733334
69,1050,2,ramp,400,13,0,39.774616
69,1050,2,ramp,500,16,0,38.906876
69,1050,2,ramp,600,16,0,38.613125
69,1050,2,ramp,700,20,0,38.803
69,1050,2,ramp,800,14,0,38.372143
69,1050,2,ramp,900,17,0,38.01
69,1050,2,ramp,1000,19,0,37.12842
69,1050,2,ramp,1100,15,0,38.208
69,1050,2,ramp,1200,14,0,39.609287
69,1050,2,ramp,1300,11,0,40.379093
69,1050,2,ramp,1400,15,0,39.618
69,1050,2,ramp,1500,19,0,40.14684
69,1050,2,ramp,1600,13,0,39.543846
69,1050,2,ramp,1700,1,0,34.71
69,1050,2,signal,0,9,0,38.855556
69,1050,2,signal,100,7,0,39.567142
69,1050,2,signal,200,8,0,42.935
69,1050,2,signal,300,5,0,40.714
69,1050,2,signal,400,6,0,43.178333
69,1050,2,signal,500,5,0,42.422
69,1050,2,signal,600,4,0,39.4875
69,1050,2,signal,700,6,0,42.031666
69,1050,2,signal,800,12,0,41.430836
69,1050,2,signal,900,11,0,41.12091
69,1050,2,signal,1000,15,0,41.561333
69,1050,2,signal,1100,16,0,41.896873
69,1050,2,signal,1200,17,0,40.93235
69,1050,2,signal,1300,9,0,41.487778
69,1050,2,signal,1400,10,0,40.987
69,1050,2,signal,1500,12,0,39.2575
69,1050,2,signal,1600,12,0,39.4375
69,1050,2,signal,1700,8,0,37.1975
69,1050,3,ramp,0,24,0,40.323334
69,1050,3,ramp,100,30,0,40.268
69,1050,3,ramp,200,19,0,40.518948
69,1050,3,ramp,300,24,0,40.655
69,1050,3,ramp,400,22,0,40.423183
69,1050,3,ramp,500,20,0,41.6725
69,1050,3,ramp,600,22,0,41.840454
69,1050,3,ramp,700,23,0,41.286957
69,1050,3,ramp,800,26,0,41.11
69,1050,3,ramp,900,28,0,41.105354
69,1050,3,ramp,1000,25,0,40.1748
69,1050,3,ramp,1100,26,0,40.809998
69,1050,3,ramp,1200,31,0,40.884193
69,1050,3,ramp,1300,32,0,38.927498
69,1050,3,ramp,1400,24,0,39.51917
69,1050,3,ramp,1500,27,0,40.06667
69,1050,3,ramp,1600,3,0,42.90333
69,1050,3,signal,0,3,0,32.61
69,1050,3,signal,400,2,0,42.885002
69,1050,3,signal,500,4,0,41.705
69,1050,3,signal,600,2,0,41.885002
69,1050,3,signal,700,7,0,41.548573
69,1050,3,signal,800,6,0,41.315
69,1050,3,signal,900,4,0,40.1475
69,1050,3,signal,1000,3,0,38.423336
69,1050,3,signal,1100,4,0,39.7375
69,1050,4,ramp,0,17,0,42.288826
69,1050,4,ramp,100,12,0,41.23083
69,1050,4,ramp,200,16,0,41.54875
69,1050,4,ramp,300,14,0,41.45643
69,1050,4,ramp,400,13,0,42.253845
69,1050,4,ramp,500,14,0,42.24286
69,1050,4,ramp,600,14,0,40.048573
69,1050,4,ramp,700,20,0,39.4085
69,1050,4,ramp,800,18,0,39.125557
69,1050,4,ramp,900,14,0,39.964287
69,1050,4,ramp,1000,13,0,40.19077
69,1050,4,ramp,1100,17,0,40.295296
69,1050,4,ramp,1200,16,0,40.999374
69,1050,4,ramp,1300,12,0,41.289165
69,1050,4,ramp,1400,21,0,40.86524
69,1050,4,ramp,1500,14,0,41.494286
69,1050,4,signal,0,10,0,42.45
69,1050,4,signal,100,9,0,40.644444
69,1050,4,signal,200,12,0,42.0675
69,1050,4,signal,300,9,0,40.77778
69,1050,4,signal,400,8,0,41.055
69,1050,4,signal,500,7,0,41.964287
69,1050,4,signal,600,8,0,41.818752
69,1050,4,signal,700,5,0,41.542
69,1050,4,signal,800,4,0,42.5975
69,1050,4,signal,900,4,0,42.0075
69,1050,4,signal,1000,3,0,42.63667
69,1050,4,signal,1100,3,0,42.516666
69,1050,4,signal,1200,6,0,42.816666
69,1050,4,signal,1300,4,0,44.03
69,1050,4,signal,1400,3,0,43.156666
69,1050,4,signal,1500,4,0,44.377502
69,1050,4,signal,1600,2,0,42.95
69,1050,4,signal,1700,4,0,43.550003
69,1200,1,ramp,0,19,0,39.959473
69,1200,1,ramp,100,23,0,40.56913
69,1200,1,ramp,200,20,0,40.7235
69,1200,1,ramp,300,27,0,40.48148
69,1200,1,ramp,400,21,0,41.382854
69,1200,1,ramp,500,23,0,41.642174
69,1200,1,ramp,600,18,0,41.543335
69,1200,1,ramp,700,25,0,41.4308
69,1200,1,ramp,800,22,0,41.631363
69,1200,1,ramp,900,20,0,41.129
69,1200,1,ramp,1000,24,0,41.24125
69,1200,1,ramp,1100,25,0,40.37
69,1200,1,ramp,1200,23,0,40.18739
69,1200,1,ramp,1300,24,0,40.45375
69,1200,1,ramp,1400,19,0,39.867893
69,1200,1,ramp,1500,26,0,39.093845
69,1200,1,ramp,1600,63,0,34.481747
69,1200,1,ramp,1700,32,0,31.741562
69,1200,1,signal,0,13,0,42.31769
69,1200,1,signal,100,12,0,40.871666
69,1200,1,signal,200,13,0,39.72846
69,1200,1,signal,300,15,0,41.728664
69,1200,1,signal,400,13,0,40.61923
69,1200,1,signal,500,15,0,40.946667
69,1200,1,signal,600,14,0,41.625
69,1200,1,signal,700,14,0,41.04214
69,1200,1,signal,800,15,0,40.58067
69,1200,1,signal,900,10,0,41.402
69,1200,1,signal,1000,11,0,41.622726
69,1200,1,signal,1100,12,0,37.78
69,1200,1,signal,1200,12,0,37.467503
69,1200,1,signal,1300,13,0,38.784615
69,1200,1,signal,1400,13,0,38.327694
69,1200,1,signal,1500,16,0,40.11375
69,1200,1,signal,1600,17,0,37.729412
69,1200,1,signal,1700,5,0,30.230001
69,1200,2,ramp,0,26,0,41.63769
69,1200,2,ramp,100,23,0,41.193043
69,1200,2,ramp,200,24,0,40.489166
69,1200,2,ramp,300,26,0,40.12846
69,1200,2,ramp,400,25,0,40.7916
69,1200,2,ramp,500,19,0,40.096317
69,1200,2,ramp,600,25,0,40.79
69,1200,2,ramp,700,21,0,40.48714
69,1200,2,ramp,800,17,0,41.127056
69,1200,2,ramp,900,18,0,42.487778
69,1200,2,ramp,1000,16,0,41.616875
69,1200,2,ramp,1100,18,0,40.433887
69,1200,2,ramp,1200,19,0,39.92842
69,1200,2,ramp,1300,20,0,40.2845
69,1200,2,ramp,1400,18,0,39.179443
69,1200,2,ramp,1500,22,0,37.19
69,1200,2,ramp,1600,25,0,38.516003
69,1200,2,ramp,1700,11,1,14.518182
69,1200,2,signal,0,7,0,42.74286
69,1200,2,signal,100,7,0,40.74143
69,1200,2,signal,200,6,0,38.831665
69,1200,2,signal,300,7,0,39.234287
69,1200,2,signal,400,8,0,38.705
69,1200,2,signal,500,9,0,38.736668
69,1200,2,signal,600,12,0,40.4025
69,1200,2,signal,700,9,0,40.42
69,1200,2,signal,800,14,0,41.18929
69,1200,2,signal,900,16,0,42.19875
69,1200,2,signal,1000,14,0,41.71714
69,1200,2,signal,1100,16,0,41.920624
69,1200,2,signal,1200,19,0,41.92105
69,1200,2,signal,1300,17,0,41.417645
69,1200,2,signal,1400,15,0,41.709335
69,1200,2,signal,1500,13,0,41.74846
69,1200,2,signal,1600,10,0,39.764
69,1200,2,signal,1700,5,0,41.594
69,1200,3,ramp,0,27,0,41.701107
69,1200,3,ramp,100,26,0,40.87423
69,1200,3,ramp,200,24,0,40.105415
69,1200,3,ramp,300,26,0,39.662308
69,1200,3,ramp,400,28,0,40.41143
69,1200,3,ramp,500,30,0,39.278
69,1200,3,ramp,600,26,0,38.032307
69,1200,3,ramp,700,27,0,38.075558
69,1200,3,ramp,800,27,0,37.13741
69,1200,3,ramp,900,22,0,37.20273
69,1200,3,ramp,1000,20,0,39.2775
69,1200,3,ramp,1100,20,0,39.5155
69,1200,3,ramp,1200,20,0,39.0715
69,1200,3,ramp,1300,20,0,40.8
69,1200,3,ramp,1400,19,0,40.039474
69,1200,3,ramp,1500,19,0,40.040527
69,1200,3,ramp,1600,2,0,43.83
69,1200,3,signal,0,7,0,44.957146
69,1200,3,signal,100,10,0,42.091
69,1200,3,signal,200,12,0,42.195835
69,1200,3,signal,300,10,0,42.543
69,1200,3,signal,400,6,0,42.59
69,1200,3,signal,500,10,0,43.411
69,1200,3,signal,600,8,0,41.90125
69,1200,3,signal,700,8,0,42.32625
69,1200,3,signal,800,7,0,38.245716
69,1200,3,signal,900,4,0,39.895
69,1200,3,signal,1000,4,0,37.725
69,1200,3,signal,1100,3,0,36.743332
69,1200,3,signal,1200,5,0,39.741997
69,1200,3,signal,1300,4,0,36.9925
69,1200,3,signal,1400,4,0,38.235
69,1200,3,signal,1500,4,0,39.364998
69,1200,3,signal,1600,1,0,43.34
69,1200,3,signal,1700,2,0,43.82
69,1200,4,ramp,0,22,0,41.423183
69,1200,4,ramp,100,29,0,41.110687
69,1200,4,ramp,200,27,0,40.71889
69,1200,4,ramp,300,26,0,40.575768
69,1200,4,ramp,400,32,0,40.71
69,1200,4,ramp,500,31,0,40.90258
69,1200,4,ramp,600,30,0,40.659336
69,1200,4,ramp,700,28,0,40.221428
69,1200,4,ramp,800,28,0,40.770714
69,1200,4,ramp,900,35,0,39.356
69,1200,4,ramp,1000,31,0,38.796772
69,1200,4,ramp,1100,30,0,40.622334
69,1200,4,ramp,1200,23,0,40.738697
69,1200,4,ramp,1300,26,0,40.884617
69,1200,4,ramp,1400,28,0,40.65107
69,1200,4,ramp,1500,18,0,41.637775
69,1200,4,signal,0,7,0,43.727142
69,1200,4,signal,100,7,0,42.681427
69,1200,4,signal,200,8,0,41.42125
69,1200,4,signal,300,8,0,41.66875
69,1200,4,signal,400,6,0,41.771667
69,1200,4,signal,500,7,0,41.940002
69,1200,4,signal,600,8,0,41.40375
69,1200,4,signal,700,4,0,42.085
69,1200,4,signal,800,1,0,42.97
69,1200,4,signal,1300,1,0,43.43
69,1200,4,signal,1400,1,0,40.47
69,1200,4,signal,1500,2,0,42.545
69,1200,4,signal,1600,2,0,40.77
69,1200,4,signal,1700,1,0,43.43
69,1350,1,ramp,0,12,0,40.415
69,1350,1,ramp,100,20,0,39.504997
69,1350,1,ramp,200,21,0,38.96143
69,1350,1,ramp,300,17,0,38.44412
69,1350,1,ramp,400,17,0,37.165882
69,1350,1,ramp,500,17,0,38.398235
69,1350,1,ramp,600,17,0,36.60882
69,1350,1,ramp,700,16,0,35.2475
69,1350,1,ramp,800,15,0,36.068
69,1350,1,ramp,900,15,0,36.281998
69,1350,1,ramp,1000,18,0,35.626667
69,1350,1,ramp,1100,14,0,38.412853
69,1350,1,ramp,1200,11,0,37.49
69,1350,1,ramp,1300,18,0,38.834446
69,1350,1,ramp,1400,19,0,38.738422
69,1350,1,ramp,1500,29,0,37.603104
69,1350,1,ramp,1600,95,0,26.572212
69,1350,1,ramp,1700,61,2,20.466228
69,1350,1,signal,0,4,0,43.6125
69,1350,1,signal,100,4,0,41.295
69,1350,1,signal,200,4,0,40.2425
69,1350,1,signal,300,5,0,41.046
69,1350,1,signal,400,2,0,42.065
69,1350,1,signal,500,1,0,40.95
69,1350,1,signal,600,2,0,42.805
69,1350,1,signal,700,4,0,40.9125
69,1350,1,signal,800,2,0,38.050003
69,1350,1,signal,900,2,0,36.395
69,1350,1,signal,1000,2,0,38.04
69,1350,1,signal,1100,4,0,43.23
69,1350,1,signal,1200,3,0,44.853333
69,1350,1,signal,1300,5,0,42.564003
69,1350,1,signal,1400,7,0,39.27714
69,1350,1,signal,1500,11,0,39.545456
69,1350,1,signal,1600,17,0,29.24941
69,1350,1,signal,1700,7,0,29.887142
69,1350,2,ramp,0,14,0,44.509285
69,1350,2,ramp,100,16,0,42.726875
69,1350,2,ramp,200,17,0,43.929413
69,1350,2,ramp,300,17,0,43.455883
69,1350,2,ramp,400,21,0,42.68714
69,1350,2,ramp,500,20,0,43.4765
69,1350,2,ramp,600,18,0,42.417778
69,1350,2,ramp,700,22,0,42.631363
69,1350,2,ramp,800,21,0,41.99857
69,1350,2,ramp,900,22,0,42.24409
69,1350,2,ramp,1000,25,0,41.721203
69,1350,2,ramp,1100,26,0,41.496155
69,1350,2,ramp,1200,25,0,41.7692
69,1350,2,ramp,1300,18,0,41.458332
69,1350,2,ramp,1400,27,0,41.46889
69,1350,2,ramp,1500,32,0,39.169376
69,1350,2,ramp,1600,35,0,32.984
69,1350,2,ramp,1700,29,10,9.366207
69,1350,2,signal,0,6,0,43.75333
69,1350,2,signal,100,5,0,41.746
69,1350,2,signal,200,8,0,42.4625
69,1350,2,signal,300,5,0,43.218
69,1350,2,signal,400,4,0,42.4
69,1350,2,signal,500,6,0,43.516666
69,1350,2,signal,600,5,0,42.351997
69,1350,2,signal,700,5,0,43.211998
69,1350,2,signal,800,9,0,42.372223
69,1350,2,signal,900,11,0,42.00909
69,1350,2,signal,1000,12,0,42.791668
69,1350,2,signal,1100,12,0,42.498333
69,1350,2,signal,1200,13,0,42.59308
69,1350,2,signal,1300,14,0,42.511425
69,1350,2,signal,1400,15,0,42.147335
69,1350,2,signal,1500,8,0,40.865
69,1350,2,signal,1600,14,0,37.40643
69,1350,2,signal,1700,14,4,18.336428
69,1350,3,ramp,0,22,0,42.596817
69,1350,3,ramp,100,20,0,41.552498
69,1350,3,ramp,200,21,0,42.443333
69,1350,3,ramp,300,20,0,41.732502
69,1350,3,ramp,400,22,0,41.639545
69,1350,3,ramp,500,23,0,42.25087
69,1350,3,ramp,600,22,0,40.834545
69,1350,3,ramp,700,15,0,42.418667
69,1350,3,ramp,800,19,0,41.75421
69,1350,3,ramp,900,20,0,42.882
69,1350,3,ramp,1000,16,0,39.639374
69,1350,3,ramp,1100,18,0,40.078888
69,1350,3,ramp,1200,24,0,40.70875
69,1350,3,ramp,1300,23,0,40.468693
69,1350,3,ramp,1400,30,0,40.799667
69,1350,3,ramp,1500,27,0,39.543705
69,1350,3,ramp,1600,3,0,42.116665
69,1350,3,ramp,1700,2,1,9.405
69,1350,3,signal,0,2,0,41.33
69,1350,3,signal,100,1,0,41.76
69,1350,3,signal,200,2,0,40.46
69,1350,3,signal,300,2,0,40.46
69,1350,3,signal,400,1,0,42.63
69,1350,3,signal,700,1,0,40.18
69,1350,3,signal,800,6,0,41.313335
69,1350,3,signal,900,8,0,42.47375
69,1350,3,signal,1000,12,0,39.393333
69,1350,3,signal,1100,10,0,37.982002
69,1350,3,signal,1200,8,0,37.8325
69,1350,3,signal,1300,8,0,36.54625
69,1350,3,signal,1400,6,0,40.058334
69,1350,3,signal,1500,6,0,40.658333
69,1350,3,signal,1600,8,0,39.47
69,1350,3,signal,1700,5,0,36.776
69,1350,4,ramp,0,16,0,42.42625
69,1350,4,ramp,100,17,0,40.877647
69,1350,4,ramp,200,17,0,41.306473
69,1350,4,ramp,300,17,0,41.571762
69,1350,4,ramp,400,14,0,41.653572
69,1350,4,ramp,500,10,0,40.604
69,1350,4,ramp,600,14,0,41.37643
69,1350,4,ramp,700,12,0,43.755833
69,1350,4,ramp,800,13,0,43.284615
69,1350,4,ramp,900,18,0,43.172222
69,1350,4,ramp,1000,22,0,42.54
69,1350,4,ramp,1100,26,0,40.974613
69,1350,4,ramp,1200,28,0,39.62107
69,1350,4,ramp,1300,27,0,38.86778
69,1350,4,ramp,1400,25,0,39.6844
69,1350,4,ramp,1500,13,0,39.60077
69,1350,4,ramp,1600,1,0,41.68
69,1350,4,signal,0,6,0,36.648335
69,1350,4,signal,100,6,0,38.186665
69,1350,4,signal,200,5,0,39.922
69,1350,4,signal,300,7,0,42.31429
69,1350,4,signal,400,7,0,42.50143
69,1350,4,signal,500,8,0,42.40125
69,1350,4,signal,600,8,0,42.12
69,1350,4,signal,700,4,0,42.7225
69,1350,4,signal,800,2,0,41.83
69,1350,4,signal,900,2,0,40.89
69,1350,4,signal,1000,2,0,40.89
69,1350,4,signal,1100,1,0,42.3
69,1350,4,signal,1200,4,0,41.3575
69,1350,4,signal,1300,6,0,40.774998
69,1350,4,signal,1400,6,0,40.843334
69,1350,4,signal,1500,5,0,42.046
69,1350,4,signal,1600,8,0,43.3625
69,1350,4,signal,1700,9,0,42.263332
69,1500,1,ramp,0,18,0,41.75611
69,1500,1,ramp,100,19,0,41.617893
69,1500,1,ramp,200,23,0,41.55913
69,1500,1,ramp,300,17,0,41.127647
69,1500,1,ramp,400,16,0,41.81125
69,1500,1,ramp,500,17,0,41.32412
69,1500,1,ramp,600,15,0,41.06067
69,1500,1,ramp,700,19,0,41.155262
69,1500,1,ramp,800,19,0,41.106316
69,1500,1,ramp,900,19,0,40.633156
69,1500,1,ramp,1000,21,0,40.326668
69,1500,1,ramp,1100,19,0,39.803158
69,1500,1,ramp,1200,17,0,38.357647
69,1500,1,ramp,1300,14,0,39.45857
69,1500,1,ramp,1400,13,0,38.975384
69,1500,1,ramp,1500,29,0,39.342762
69,1500,1,ramp,1600,69,0,37.105217
69,1500,1,ramp,1700,28,0,39.271786
69,1500,1,signal,0,4,0,39.697502
69,1500,1,signal,100,4,0,38.2575
69,1500,1,signal,200,6,0,40.791668
69,1500,1,signal,300,5,0,38.228
69,1500,1,signal,400,5,0,40.370003
69,1500,1,signal,500,8,0,39.18
69,1500,1,signal,600,8,0,39.8175
69,1500,1,signal,700,8,0,38.66875
69,1500,1,signal,800,9,0,39.61333
69,1500,1,signal,900,9,0,39.446667
69,1500,1,signal,1000,10,0,39.465
69,1500,1,signal,1100,9,0,38.977776
69,1500,1,signal,1200,8,0,39.205
69,1500,1,signal,1300,10,0,39.202003
69,1500,1,signal,1400,8,0,39.585
69,1500,1,signal,1500,8,0,39.665
69,1500,1,signal,1600,6,0,34.928333
69,1500,1,signal,1700,2,0,36.690002
69,1500,2,ramp,0,12,0,42.273335
69,1500,2,ramp,100,15,0,40.552002
69,1500,2,ramp,200,14,0,41.50857
69,1500,2,ramp,300,14,0,41.32143
69,1500,2,ramp,400,17,0,41.56647
69,1500,2,ramp,500,16,0,41.851875
69,1500,2,ramp,600,17,0,41.311176
69,1500,2,ramp,700,18,0,41.348335
69,1500,2,ramp,800,18,0,41.40889
69,1500,2,ramp,900,20,0,41.2005
69,1500,2,ramp,1000,17,0,41.795296
69,1500,2,ramp,1100,20,0,42.0205
69,1500,2,ramp,1200,26,0,42.327694
69,1500,2,ramp,1300,22,0,42.41
69,1500,2,ramp,1400,22,0,42.918182
69,1500,2,ramp,1500,21,0,41.814762
69,1500,2,ramp,1600,11,0,42.314545
69,1500,2,ramp,1700,1,0,17.27
69,1500,2,signal,0,12,0,38.84833
69,1500,2,signal,100,10,0,37.564
69,1500,2,signal,200,10,0,39.976997
69,1500,2,signal,300,10,0,40.207
69,1500,2,signal,400,10,0,39.611
69,1500,2,signal,500,9,0,39.355556
69,1500,2,signal,600,8,0,39.73625
69,1500,2,signal,700,6,0,38.46
69,1500,2,signal,800,9,0,39.928886
69,1500,2,signal,900,9,0,40.424446
69,1500,2,signal,1000,5,0,39.27
69,1500,2,signal,1100,8,0,39.4875
69,1500,2,signal,1200,6,0,39.268333
69,1500,2,signal,1300,4,0,39.6875
69,1500,2,signal,1400,4,0,42.46
69,1500,2,signal,1500,6,0,43.524998
69,1500,2,signal,1600,7,0,42.13
69,1500,2,signal,1700,7,0,43.584286
69,1500,3,ramp,0,17,0,42.807648
69,1500,3,ramp,100,18,0,41.83389
69,1500,3,ramp,200,19,0,41.860523
69,1500,3,ramp,300,18,0,41.72889
69,1500,3,ramp,400,21,0,42.275238
69,1500,3,ramp,500,22,0,40.94
69,1500,3,ramp,600,27,0,41.36
69,1500,3,ramp,700,27,0,41.21889
69,1500,3,ramp,800,29,0,41.562416
69,1500,3,ramp,900,33,0,41.47333
69,1500,3,ramp,1000,31,0,41.666775
69,1500,3,ramp,1100,30,0,41.64833
69,1500,3,ramp,1200,30,0,41.42667
69,1500,3,ramp,1300,30,0,41.701668
69,1500,3,ramp,1400,27,0,41.083332
69,1500,3,ramp,1500,24,0,41.23
69,1500,3,signal,0,8,0,42.642498
69,1500,3,signal,100,5,0,40.685997
69,1500,3,signal,200,7,0,42.52429
69,1500,3,signal,300,8,0,41.765
69,1500,3,signal,400,7,0,40.87143
69,1500,3,signal,500,8,0,41.49125
69,1500,3,signal,600,8,0,40.78625
69,1500,3,signal,700,6,0,42.325
69,1500,3,signal,800,4,0,42.525
69,1500,3,signal,900,4,0,41.5625
69,1500,3,signal,1000,4,0,40.215
69,1500,3,signal,1100,3,0,40.373333
69,1500,3,signal,1200,3,0,42.173332
69,1500,3,signal,1300,4,0,42.6125
69,1500,3,signal,1400,5,0,41.461998
69,1500,3,signal,1500,5,0,41.489998
69,1500,3,signal,1600,4,0,40.8925
69,1500,3,signal,1700,3,0,42.34
69,1500,4,ramp,0,18,0,41.04889
69,1500,4,ramp,100,19,0,39.82421
69,1500,4,ramp,200,20,0,39.379997
69,1500,4,ramp,300,15,0,38.70333
69,1500,4,ramp,400,18,0,40.52722
69,1500,4,ramp,500,15,0,39.62733
69,1500,4,ramp,600,17,0,39.17706
69,1500,4,ramp,700,15,0,37.590664
69,1500,4,ramp,800,15,0,38.148
69,1500,4,ramp,900,15,0,37.694664
69,1500,4,ramp,1000,10,0,36.883003
69,1500,4,ramp,1100,10,0,37.732002
69,1500,4,ramp,1200,9,0,38.184444
69,1500,4,ramp,1300,9,0,39.316666
69,1500,4,ramp,1400,10,0,38.563
69,1500,4,ramp,1500,4,0,41.9675
69,1500,4,signal,0,6,0,43.498333
69,1500,4,signal,100,5,0,42.778
69,1500,4,signal,200,5,0,40.262
69,1500,4,signal,300,9,0,39.122223
69,1500,4,signal,400,7,0,39.625713
69,1500,4,signal,500,10,0,40.267998
69,1500,4,signal,600,6,0,35.396667
69,1500,4,signal,700,8,0,38.12125
69,1500,4,signal,800,4,0,35.405
69,1500,4,signal,900,5,0,34.258
69,1500,4,signal,1000,4,0,33.7275
69,1500,4,signal,1100,4,0,33.3925
69,1500,4,signal,1200,5,0,32.388
69,1500,4,signal,1300,4,0,31.76
69,1500,4,signal,1400,2,0,30.615
69,1500,4,signal,1500,1,0,31.08
69,1650,1,ramp,0,15,0,42.631332
69,1650,1,ramp,100,14,0,41.835716
69,1650,1,ramp,200,14,0,41.143574
69,1650,1,ramp,300,13,0,41.235386
69,1650,1,ramp,400,14,0,42.294285
69,1650,1,ramp,500,18,0,40.795
69,1650,1,ramp,600,18,0,40.956112
69,1650,1,ramp,700,19,0,40.193157
69,1650,1,ramp,800,18,0,39.88
69,1650,1,ramp,900,21,0,40.271904
69,1650,1,ramp,1000,20,0,40.3675
69,1650,1,ramp,1100,21,0,40.556667
69,1650,1,ramp,1200,21,0,40.99762
69,1650,1,ramp,1300,16,0,42.03
69,1650,1,ramp,1400,23,0,41.129128
69,1650,1,ramp,1500,23,0,40.88435
69,1650,1,ramp,1600,56,0,37.69107
69,1650,1,ramp,1700,29,0,38.364826
69,1650,1,signal,0,12,0,42.501667
69,1650,1,signal,100,9,0,40.944443
69,1650,1,signal,200,7,0,42.374287
69,1650,1,signal,300,12,0,41.201668
69,1650,1,signal,400,8,0,42.052498
69,1650,1,signal,500,10,0,40.779
69,1650,1,signal,600,9,0,41.655556
69,1650,1,signal,700,8,0,40.25125
69,1650,1,signal,800,8,0,40.3625
69,1650,1,signal,900,8,0,40.197502
69,1650,1,signal,1000,8,0,38.072502
69,1650,1,signal,1100,6,0,40.031666
69,1650,1,signal,1200,5,0,41.464
69,1650,1,signal,1300,5,0,41.998
69,1650,1,signal,1400,7,0,39.44286
69,1650,1,signal,1500,9,0,39.057777
69,1650,1,signal,1600,9,0,33.001114
69,1650,1,signal,1700,1,0,34.0
69,1650,2,ramp,0,17,0,42.164116
69,1650,2,ramp,100,17,0,40.23
69,1650,2,ramp,200,18,0,40.94
69,1650,2,ramp,300,13,0,38.65154
69,1650,2,ramp,400,16,0,40.15375
69,1650,2,ramp,500,13,0,39.95923
69,1650,2,ramp,600,13,0,37.863846
69,1650,2,ramp,700,13,0,38.642307
69,1650,2,ramp,800,8,0,39.5575
69,1650,2,ramp,900,6,0,42.11
69,1650,2,ramp,1000,3,0,40.149998
69,1650,2,ramp,1100,6,0,41.201664
69,1650,2,ramp,1200,6,0,39.788334
69,1650,2,ramp,1300,4,0,38.025
69,1650,2,ramp,1400,3,0,36.796665
69,1650,2,ramp,1500,14,0,40.120716
69,1650,2,ramp,1600,12,0,40.9925
69,1650,2,signal,0,6,0,42.935
69,1650,2,signal,100,7,0,41.198574
69,1650,2,signal,200,8,0,39.7225
69,1650,2,signal,300,10,0,38.024
69,1650,2,signal,400,7,0,38.698574
69,1650,2,signal,500,10,0,38.331
69,1650,2,signal,600,11,0,39.743637
69,1650,2,signal,700,12,0,39.84083
69,1650,2,signal,800,18,0,39.795
69,1650,2,signal,900,18,0,40.414997
69,1650,2,signal,1000,16,0,39.346874
69,1650,2,signal,1100,18,0,39.392223
69,1650,2,signal,1200,16,0,40.29125
69,1650,2,signal,1300,15,0,38.750668
69,1650,2,signal,1400,13,0,37.883846
69,1650,2,signal,1500,7,0,40.004284
69,1650,2,signal,1600,7,0,42.784283
69,1650,2,signal,1700,7,0,40.188572
69,1650,3,ramp,0,13,0,40.36231
69,1650,3,ramp,100,11,0,40.577274
69,1650,3,ramp,200,14,0,40.17643
69,1650,3,ramp,300,13,0,38.846924
69,1650,3,ramp,400,14,0,39.096428
69,1650,3,ramp,500,16,0,39.959373
69,1650,3,ramp,600,13,0,40.578465
69,1650,3,ramp,700,15,0,40.83
69,1650,3,ramp,800,17,0,40.79
69,1650,3,ramp,900,19,0,41.025787
69,1650,3,ramp,1000,20,0,39.7735
69,1650,3,ramp,1100,15,0,42.792667
69,1650,3,ramp,1200,18,0,42.780556
69,1650,3,ramp,1300,22,0,41.853184
69,1650,3,ramp,1400,22,0,42.350002
69,1650,3,ramp,1500,19,0,41.01053
69,1650,3,signal,0,10,0,43.956
69,1650,3,signal,100,12,0,41.753334
69,1650,3,signal,200,13,0,42.337692
69,1650,3,signal,300,8,0,40.47375
69,1650,3,signal,400,9,0,43.054443
69,1650,3,signal,500,7,0,42.08857
69,1650,3,signal,600,6,0,41.943333
69,1650,3,signal,700,7,0,42.017143
69,1650,3,signal,800,6,0,41.941666
69,1650,3,signal,900,8,0,42.35125
69,1650,3,signal,1000,7,0,41.688572
69,1650,3,signal,1100,7,0,42.34571
69,1650,3,signal,1200,6,0,41.921665
69,1650,3,signal,1300,7,0,41.728573
69,1650,3,signal,1400,7,0,42.754284
69,1650,3,signal,1500,7,0,41.264286
69,1650,3,signal,1600,7,0,41.694283
69,1650,3,signal,1700,7,0,42.341427
69,1650,4,ramp,0,18,0,42.075554
69,1650,4,ramp,100,17,0,41.42706
69,1650,4,ramp,200,17,0,41.61353
69,1650,4,ramp,300,18,0,40.504444
69,1650,4,ramp,400,19,0,39.285263
69,1650,4,ramp,500,21,0,39.73095
69,1650,4,ramp,600,21,0,39.789524
69,1650,4,ramp,700,20,0,39.79
69,1650,4,ramp,800,21,0,40.439045
69,1650,4,ramp,900,18,0,39.43722
69,1650,4,ramp,1000,22,0,38.980453
69,1650,4,ramp,1100,21,0,39.343334
69,1650,4,ramp,1200,16,0,38.5725
69,1650,4,ramp,1300,15,0,39.081333
69,1650,4,ramp,1400,15,0,38.978664
69,1650,4,ramp,1500,10,0,39.27
69,1650,4,signal,0,4,0,42.9
69,1650,4,signal,100,3,0,42.123333
69,1650,4,signal,200,4,0,42.9
69,1650,4,signal,300,3,0,43.063335
69,1650,4,signal,400,5,0,42.344
69,1650,4,signal,500,5,0,42.668
69,1650,4,signal,600,3,0,43.589996
69,1650,4,signal,700,6,0,42.676666
69,1650,4,signal,800,2,0,44.74
69,1650,4,signal,900,1,0,45.84
69,1650,4,signal,1000,2,0,44.620003
69,1650,4,signal,1100,2,0,44.620003
69,1650,4,signal,1200,1,0,44.45
69,1650,4,signal,1300,2,0,45.22
69,1650,4,signal,1400,1,0,45.62
69,1650,4,signal,1500,4,0,38.177498
69,1650,4,signal,1600,4,0,37.715
69,1650,4,signal,1700,3,0,34.67
69,1800,1,ramp,0,20,0,43.624
69,1800,1,ramp,100,15,0,43.069332
69,1800,1,ramp,200,19,0,42.438946
69,1800,1,ramp,300,18,0,42.612778
69,1800,1,ramp,400,17,0,42.327057
69,1800,1,ramp,500,17,0,42.34706
69,1800,1,ramp,600,15,0,41.593998
69,1800,1,ramp,700,18,0,42.572777
69,1800,1,ramp,800,24,0,41.7475
69,1800,1,ramp,900,25,0,41.656803
69,1800,1,ramp,1000,24,0,41.726665
69,1800,1,ramp,1100,24,0,42.49625
69,1800,1,ramp,1200,26,0,40.69615
69,1800,1,ramp,1300,22,0,40.34182
69,1800,1,ramp,1400,21,0,41.094284
69,1800,1,ramp,1500,27,0,38.915924
69,1800,1,ramp,1600,53,0,35.86698
69,1800,1,ramp,1700,31,1,30.380968
69,1800,1,signal,0,12,0,43.233334
69,1800,1,signal,100,12,0,42.544167
69,1800,1,signal,200,13,0,41.408463
69,1800,1,signal,300,10,0,41.723
69,1800,1,signal,400,13,0,42.85923
69,1800,1,signal,500,15,0,41.704666
69,1800,1,signal,600,13,0,41.36
69,1800,1,signal,700,12,0,42.662502
69,1800,1,signal,800,14,0,41.58357
69,1800,1,signal,900,15,0,41.910664
69,1800,1,signal,1000,15,0,41.193336
69,1800,1,signal,1100,15,0,42.104
69,1800,1,signal,1200,12,0,41.1475
69,1800,1,signal,1300,13,0,40.654617
69,1800,1,signal,1400,11,0,39.99818
69,1800,1,signal,1500,15,0,39.185337
69,1800,1,signal,1600,22,0,37.896816
69,1800,1,signal,1700,8,0,37.70375
69,1800,2,ramp,0,23,0,43.11522
69,1800,2,ramp,100,24,0,41.951252
69,1800,2,ramp,200,23,0,42.608696
69,1800,2,ramp,300,24,0,41.82375
69,1800,2,ramp,400,25,0,42.1268
69,1800,2,ramp,500,25,0,42.021202
69,1800,2,ramp,600,24,0,41.45667
69,1800,2,ramp,700,24,0,42.204998
69,1800,2,ramp,800,12,0,41.695
69,1800,2,ramp,900,13,0,42.430767
69,1800,2,ramp,1000,13,0,41.75846
69,1800,2,ramp,1100,12,0,42.091667
69,1800,2,ramp,1200,14,0,42.797855
69,1800,2,ramp,1300,16,0,41.62625
69,1800,2,ramp,1400,18,0,42.018333
69,1800,2,ramp,1500,15,0,39.890667
69,1800,2,ramp,1600,16,0,36.89625
69,1800,2,ramp,1700,9,1,21.534445
69,1800,2,signal,0,7,0,42.455715
69,1800,2,signal,100,7,0,42.03
69,1800,2,signal,200,5,0,41.688
69,1800,2,signal,300,6,0,41.38
69,1800,2,signal,400,6,0,41.883335
69,1800,2,signal,500,5,0,41.806
69,1800,2,signal,600,4,0,41.4875
69,1800,2,signal,700,9,0,39.977776
69,1800,2,signal,800,21,0,38.156666
69,1800,2,signal,900,19,0,39.738945
69,1800,2,signal,1000,22,0,39.73318
69,1800,2,signal,1100,21,0,40.295715
69,1800,2,signal,1200,18,0,41.204445
69,1800,2,signal,1300,16,0,42.85625
69,1800,2,signal,1400,22,0,41.826363
69,1800,2,signal,1500,20,0,39.545002
69,1800,2,signal,1600,16,0,37.560623
69,1800,2,signal,1700,13,1,34.02
69,1800,3,ramp,0,15,0,43.008667
69,1800,3,ramp,100,17,0,41.11647
69,1800,3,ramp,200,13,0,42.462307
69,1800,3,ramp,300,16,0,41.95
69,1800,3,ramp,400,17,0,41.91294
69,1800,3,ramp,500,17,0,42.505295
69,1800,3,ramp,600,18,0,41.808887
69,1800,3,ramp,700,14,0,42.31429
69,1800,3,ramp,800,14,0,42.084286
69,1800,3,ramp,900,9,0,42.52333
69,1800,3,ramp,1000,11,0,42.095455
69,1800,3,ramp,1100,14,0,37.875
69,1800,3,ramp,1200,12,0,38.5
69,1800,3,ramp,1300,12,0,38.465
69,1800,3,ramp,1400,15,0,39.91133
69,1800,3,ramp,1500,16,0,39.305
69,1800,3,ramp,1600,2,0,35.815
69,1800,3,signal,0,18,0,41.695557
69,1800,3,signal,100,16,0,39.8475
69,1800,3,signal,200,19,0,40.78789
69,1800,3,signal,300,14,0,40.43786
69,1800,3,signal,400,15,0,40.032665
69,1800,3,signal,500,20,0,41.0075
69,1800,3,signal,600,20,0,39.9725
69,1800,3,signal,700,13,0,39.989998
69,1800,3,signal,800,6,0,41.07
69,1800,3,signal,900,4,0,40.3475
69,1800,3,signal,1000,2,0,40.405
69,1800,3,signal,1100,1,0,42.92
69,1800,3,signal,1600,1,0,41.61
69,1800,3,signal,1700,2,0,40.695
69,1800,4,ramp,0,17,0,40.98294
69,1800,4,ramp,100,19,0,39.632633
69,1800,4,ramp,200,19,0,39.033684
69,1800,4,ramp,300,18,0,39.77889
69,1800,4,ramp,400,18,0,41.368332
69,1800,4,ramp,500,17,0,40.965294
69,1800,4,ramp,600,14,0,42.09571
69,1800,4,ramp,700,15,0,42.603333
69,1800,4,ramp,800,19,0,41.99
69,1800,4,ramp,900,18,0,42.817776
69,1800,4,ramp,1000,17,0,41.306473
69,1800,4,ramp,1100,20,0,41.210503
69,1800,4,ramp,1200,21,0,40.456665
69,1800,4,ramp,1300,22,0,40.48318
69,1800,4,ramp,1400,19,0,40.085262
69,1800,4,ramp,1500,12,0,40.59
69,1800,4,signal,0,13,0,40.46
69,1800,4,signal,100,15,0,37.954
69,1800,4,signal,200,10,0,38.742
69,1800,4,signal,300,9,0,38.81889
69,1800,4,signal,400,9,0,39.58
69,1800,4,signal,500,7,0,38.47571
69,1800,4,signal,600,10,0,40.793
69,1800,4,signal,700,7,0,38.938572
69,1800,4,signal,800,3,0,36.563335
69,1950,1,ramp,0,23,0,39.415653
69,1950,1,ramp,100,23,0,37.510433
69,1950,1,ramp,200,22,0,38.068638
69,1950,1,ramp,300,23,0,39.783043
69,1950,1,ramp,400,20,0,39.516
69,1950,1,ramp,500,23,0,38.931305
69,1950,1,ramp,600,22,0,39.61591
69,1950,1,ramp,700,23,0,38.099133
69,1950,1,ramp,800,23,0,38.913044
69,1950,1,ramp,900,19,0,41.532104
69,1950,1,ramp,1000,17,0,40.298237
69,1950,1,ramp,1100,21,0,42.836666
69,1950,1,ramp,1200,21,0,42.122856
69,1950,1,ramp,1300,20,0,41.8835
69,1950,1,ramp,1400,29,0,41.98414
69,1950,1,ramp,1500,33,0,41.426666
69,1950,1,ramp,1600,66,0,38.42227
69,1950,1,ramp,1700,25,0,38.4172
69,1950,1,signal,0,5,0,42.988
69,1950,1,signal,100,5,0,41.573997
69,1950,1,signal,200,7,0,42.825714
69,1950,1,signal,300,6,0,42.204998
69,1950,1,signal,400,5,0,43.844
69,1950,1,signal,500,6,0,42.99
69,1950,1,signal,600,4,0,42.305
69,1950,1,signal,700,6,0,43.039997
69,1950,1,signal,800,5,0,42.306
69,1950,1,signal,900,6,0,42.806667
69,1950,1,signal,1000,10,0,42.46
69,1950,1,signal,1100,10,0,43.626
69,1950,1,signal,1200,14,0,41.037853
69,1950,1,signal,1300,18,0,41.229446
69,1950,1,signal,1400,22,0,40.342274
69,1950,1,signal,1500,22,0,39.800453
69,1950,1,signal,1600,22,0,36.570454
69,1950,1,signal,1700,9,0,37.887775
69,1950,2,ramp,0,25,0,38.7484
69,1950,2,ramp,100,21,0,37.91
69,1950,2,ramp,200,21,0,37.936665
69,1950,2,ramp,300,23,0,38.36913
69,1950,2,ramp,400,18,0,36.514446
69,1950,2,ramp,500,18,0,38.388332
69,1950,2,ramp,600,18,0,37.90389
69,1950,2,ramp,700,19,0,38.65105
69,1950,2,ramp,800,18,0,38.513332
69,1950,2,ramp,900,17,0,40.064117
69,1950,2,ramp,1000,17,0,40.27353
69,1950,2,ramp,1100,12,0,41.756668
69,1950,2,ramp,1200,14,0,42.834286
69,1950,2,ramp,1300,14,0,41.28286
69,1950,2,ramp,1400,13,0,41.586155
69,1950,2,ramp,1500,15,0,41.44
69,1950,2,ramp,1600,17,0,38.922943
69,1950,2,ramp,1700,7,0,28.604284
69,1950,2,signal,0,6,0,42.335
69,1950,2,signal,100,4,0,43.785
69,1950,2,signal,200,6,0,41.765
69,1950,2,signal,300,8,0,42.80875
69,1950,2,signal,400,8,0,42.215
69,1950,2,signal,500,5,0,42.314003
69,1950,2,signal,600,5,0,40.954002
69,1950,2,signal,700,8,0,41.69125
69,1950,2,signal,800,18,0,39.069443
69,1950,2,signal,900,20,0,38.088
69,1950,2,signal,1000,16,0,39.8725
69,1950,2,signal,1100,13,0,40.14923
69,1950,2,signal,1200,20,0,39.424
69,1950,2,signal,1300,18,0,39.068333
69,1950,2,signal,1400,15,0,40.053333
69,1950,2,signal,1500,15,0,40.603333
69,1950,2,signal,1600,14,0,40.06
69,1950,2,signal,1700,5,0,39.775997
69,1950,3,ramp,0,24,0,42.639584
69,1950,3,ramp,100,25,0,41.8784
69,1950,3,ramp,200,29,0,41.81
69,1950,3,ramp,300,30,0,41.547337
69,1950,3,ramp,400,31,0,42.07742
69,1950,3,ramp,500,40,0,42.00625
69,1950,3,ramp,600,32,0,41.790314
69,1950,3,ramp,700,30,0,41.942333
69,1950,3,ramp,800,26,0,41.822693
69,1950,3,ramp,900,23,0,42.371304
69,1950,3,ramp,1000,27,0,41.667778
69,1950,3,ramp,1100,28,0,42.343212
69,1950,3,ramp,1200,21,0,42.388096
69,1950,3,ramp,1300,23,0,42.402172
69,1950,3,ramp,1400,21,0,42.055714
69,1950,3,ramp,1500,20,0,41.5415
69,1950,3,ramp,1600,1,0,40.15
69,1950,3,signal,0,7,0,42.965717
69,1950,3,signal,100,6,0,42.085
69,1950,3,signal,200,8,0,42.7425
69,1950,3,signal,300,9,0,42.75778
69,1950,3,signal,400,10,0,42.731
69,1950,3,signal,500,12,0,43.716663
69,1950,3,signal,600,13,0,42.01154
69,1950,3,signal,700,11,0,42.066364
69,1950,3,signal,800,11,0,40.997272
69,1950,3,signal,900,9,0,42.050003
69,1950,3,signal,1000,9,0,41.428886
69,1950,3,signal,1100,8,0,42.57625
69,1950,3,signal,1200,13,0,42.034615
69,1950,3,signal,1300,13,0,42.171535
69,1950,3,signal,1400,11,0,41.845455
69,1950,3,signal,1500,11,0,42.043636
69,1950,3,signal,1600,14,0,42.59357
69,1950,3,signal,1700,10,0,41.170002
69,1950,4,ramp,0,17,0,41.126472
69,1950,4,ramp,100,17,0,38.268826
69,1950,4,ramp,200,16,0,39.836876
69,1950,4,ramp,300,19,0,39.50316
69,1950,4,ramp,400,17,0,38.654118
69,1950,4,ramp,500,19,0,39.376842
69,1950,4,ramp,600,16,0,39.5
69,1950,4,ramp,700,16,0,40.62
69,1950,4,ramp,800,19,0,40.296314
69,1950,4,ramp,900,16,0,39.860626
69,1950,4,ramp,1000,19,0,39.505787
69,1950,4,ramp,1100,19,0,40.41737
69,1950,4,ramp,1200,15,0,39.648666
69,1950,4,ramp,1300,17,0,39.940586
69,1950,4,ramp,1400,18,0,40.298332
69,1950,4,ramp,1500,10,0,40.476
69,1950,4,signal,0,9,0,40.171112
69,1950,4,signal,100,13,0,39.033077
69,1950,4,signal,200,11,0,39.455456
69,1950,4,signal,300,10,0,37.888
69,1950,4,signal,400,12,0,36.944168
69,1950,4,signal,500,12,0,37.015835
69,1950,4,signal,600,7,0,38.188572
69,1950,4,signal,700,6,0,38.581665
69,1950,4,signal,800,4,0,40.995
69,1950,4,signal,900,7,0,36.894287
69,1950,4,signal,1000,6,0,36.185
69,1950,4,signal,1100,3,0,35.88
69,1950,4,signal,1200,3,0,35.23
69,1950,4,signal,1300,3,0,32.49
69,1950,4,signal,1400,2,0,31.83
69,1950,4,signal,1500,2,0,31.830002
69,1950,4,signal,1600,2,0,32.395
69,1950,4,signal,1700,2,0,32.395
69,2100,1,ramp,0,17,0,44.218235
69,2100,1,ramp,100,20,0,42.331
69,2100,1,ramp,200,15,0,43.031998
69,2100,1,ramp,300,18,0,42.557224
69,2100,1,ramp,400,18,0,43.244446
69,2100,1,ramp,500,13,0,42.26077
69,2100,1,ramp,600,15,0,42.851334
69,2100,1,ramp,700,15,0,41.76867
69,2100,1,ramp,800,18,0,40.839443
69,2100,1,ramp,900,22,0,39.257725
69,2100,1,ramp,1000,19,0,38.435265
69,2100,1,ramp,1100,20,0,36.941
69,2100,1,ramp,1200,19,0,39.529472
69,2100,1,ramp,1300,17,0,37.404705
69,2100,1,ramp,1400,14,0,38.645714
69,2100,1,ramp,1500,23,0,36.08391
69,2100,1,ramp,1600,72,0,32.318333
69,2100,1,ramp,1700,40,2,24.88675
69,2100,1,signal,0,9,0,41.982224
69,2100,1,signal,100,7,0,42.092857
69,2100,1,signal,200,5,0,41.772
69,2100,1,signal,300,4,0,42.625
69,2100,1,signal,400,8,0,41.485
69,2100,1,signal,500,8,0,42.14375
69,2100,1,signal,600,5,0,42.766
69,2100,1,signal,700,8,0,41.6325
69,2100,1,signal,800,8,0,42.22875
69,2100,1,signal,900,7,0,42.575714
69,2100,1,signal,1000,11,0,42.07182
69,2100,1,signal,1100,10,0,42.047997
69,2100,1,signal,1200,12,0,42.27667
69,2100,1,signal,1300,16,0,41.614376
69,2100,1,signal,1400,14,0,41.889286
69,2100,1,signal,1500,19,0,40.02842
69,2100,1,signal,1600,15,0,34.222668
69,2100,1,signal,1700,3,0,33.856667
69,2100,2,ramp,0,22,0,41.25909
69,2100,2,ramp,100,21,0,41.601906
69,2100,2,ramp,200,22,0,40.247726
69,2100,2,ramp,300,21,0,40.195713
69,2100,2,ramp,400,18,0,40.76889
69,2100,2,ramp,500,14,0,40.358574
69,2100,2,ramp,600,15,0,39.410664
69,2100,2,ramp,700,14,0,39.978573
69,2100,2,ramp,800,13,0,38.79
69,2100,2,ramp,900,14,0,37.675
69,2100,2,ramp,1000,16,0,37.02875
69,2100,2,ramp,1100,14,0,34.945
69,2100,2,ramp,1200,16,0,37.284374
69,2100,2,ramp,1300,17,0,35.815884
69,2100,2,ramp,1400,15,0,34.447334
69,2100,2,ramp,1500,20,0,37.4925
69,2100,2,ramp,1600,24,0,35.4225
69,2100,2,ramp,1700,10,2,16.855
69,2100,2,signal,0,2,0,42.964996
69,2100,2,signal,100,2,0,40.614998
69,2100,2,signal,200,2,0,42.964996
69,2100,2,signal,300,1,0,41.32
69,2100,2,signal,400,3,0,42.556667
69,2100,2,signal,500,4,0,42.4825
69,2100,2,signal,600,6,0,41.235
69,2100,2,signal,700,4,0,41.205
69,2100,2,signal,800,19,0,40.08421
69,2100,2,signal,900,17,0,39.054115
69,2100,2,signal,1000,17,0,37.061764
69,2100,2,signal,1100,19,0,37.16684
69,2100,2,signal,1200,12,0,38.5675
69,2100,2,signal,1300,9,0,37.26
69,2100,2,signal,1400,7,0,37.555717
69,2100,2,signal,1500,5,0,36.224
69,2100,2,signal,1600,12,0,36.525833
69,2100,2,signal,1700,11,0,31.624544
69,2100,3,ramp,0,16,0,41.666874
69,2100,3,ramp,100,14,0,41.874287
69,2100,3,ramp,200,16,0,42.341877
69,2100,3,ramp,300,16,0,41.930626
69,2100,3,ramp,400,13,0,42.092308
69,2100,3,ramp,500,13,0,41.927692
69,2100,3,ramp,600,12,0,41.59667
69,2100,3,ramp,700,17,0,41.54235
69,2100,3,ramp,800,17,0,42.07
69,2100,3,ramp,900,20,0,41.2135
69,2100,3,ramp,1000,23,0,41.648693
69,2100,3,ramp,1100,27,0,41.084816
69,2100,3,ramp,1200,31,0,41.25484
69,2100,3,ramp,1300,32,0,41.075
69,2100,3,ramp,1400,37,0,41.64811
69,2100,3,ramp,1500,24,0,41.242916
69,2100,3,ramp,1600,4,0,42.91
69,2100,3,signal,0,7,0,41.05
69,2100,3,signal,100,9,0,41.317776
69,2100,3,signal,200,8,0,40.47625
69,2100,3,signal,300,5,0,39.370003
69,2100,3,signal,400,9,0,41.396667
69,2100,3,signal,500,10,0,41.366
69,2100,3,signal,600,9,0,39.95778
69,2100,3,signal,700,9,0,39.694443
69,2100,3,signal,800,2,0,40.83
69,2100,3,signal,900,4,0,40.905
69,2100,3,signal,1000,3,0,41.58
69,2100,3,signal,1100,1,0,39.92
69,2100,3,signal,1200,2,0,42.88
69,2100,3,signal,1300,2,0,42.425003
69,2100,3,signal,1400,2,0,41.11
69,2100,3,signal,1500,1,0,43.23
69,2100,3,signal,1600,2,0,41.114998
69,2100,3,signal,1700,2,0,41.11
69,2100,4,ramp,0,14,0,40.769287
69,2100,4,ramp,100,13,0,41.033848
69,2100,4,ramp,200,13,0,41.753845
69,2100,4,ramp,300,12,0,40.28417
69,2100,4,ramp,400,11,0,40.583633
69,2100,4,ramp,500,14,0,40.266426
69,2100,4,ramp,600,12,0,37.5625
69,2100,4,ramp,700,15,0,39.110664
69,2100,4,ramp,800,14,0,38.50214
69,2100,4,ramp,900,14,0,39.177856
69,2100,4,ramp,1000,15,0,38.558
69,2100,4,ramp,1100,15,0,38.904667
69,2100,4,ramp,1200,13,0,38.700768
69,2100,4,ramp,1300,13,0,39.873844
69,2100,4,ramp,1400,15,0,39.685337
69,2100,4,ramp,1500,11,0,39.224545
69,2100,4,signal,0,8,0,37.42125
69,2100,4,signal,100,8,0,36.08625
69,2100,4,signal,200,9,0,37.137775
69,2100,4,signal,300,6,0,37.786667
69,2100,4,signal,400,6,0,39.428333
69,2100,4,signal,500,6,0,40.501667
69,2100,4,signal,600,7,0,37.054287
69,2100,4,signal,700,5,0,36.368
69,2100,4,signal,1200,1,0,40.07
69,2100,4,signal,1300,2,0,43.005
69,2100,4,signal,1400,1,0,39.42
69,2100,4,signal,1500,2,0,43.005
69,2100,4,signal,1600,2,0,41.05
69,2100,4,signal,1700,1,0,43.98
69,2250,1,ramp,0,18,0,40.320557
69,2250,1,ramp,100,16,0,39.345627
69,2250,1,ramp,200,18,0,39.54222
69,2250,1,ramp,300,19,0,37.66158
69,2250,1,ramp,400,17,0,38.821762
69,2250,1,ramp,500,20,0,39.9915
69,2250,1,ramp,600,17,0,41.971176
69,2250,1,ramp,700,17,0,42.61588
69,2250,1,ramp,800,22,0,41.746365
69,2250,1,ramp,900,23,0,42.13565
69,2250,1,ramp,1000,22,0,41.34182
69,2250,1,ramp,1100,26,0,42.54692
69,2250,1,ramp,1200,30,0,41.38
69,2250,1,ramp,1300,26,0,42.36
69,2250,1,ramp,1400,27,0,42.30815
69,2250,1,ramp,1500,33,0,39.56636
69,2250,1,ramp,1600,60,0,35.502
69,2250,1,ramp,1700,32,0,32.04844
69,2250,1,signal,0,7,0,43.232857
69,2250,1,signal,100,8,0,41.013752
69,2250,1,signal,200,9,0,42.593334
69,2250,1,signal,300,7,0,40.237144
69,2250,1,signal,400,10,0,41.89
69,2250,1,signal,500,7,0,42.88571
69,2250,1,signal,600,6,0,41.06
69,2250,1,signal,700,7,0,42.174286
69,2250,1,signal,800,8,0,42.1025
69,2250,1,signal,900,6,0,42.138332
69,2250,1,signal,1000,8,0,41.06
69,2250,1,signal,1100,10,0,41.878
69,2250,1,signal,1200,7,0,40.920002
69,2250,1,signal,1300,7,0,42.58714
69,2250,1,signal,1400,8,0,42.458748
69,2250,1,signal,1500,9,0,40.92778
69,2250,1,signal,1600,7,0,40.674286
69,2250,1,signal,1700,3,0,40.320004
69,2250,2,ramp,0,14,0,41.977856
69,2250,2,ramp,100,19,0,39.861053
69,2250,2,ramp,200,20,0,40.4715
69,2250,2,ramp,300,16,0,40.38
69,2250,2,ramp,400,21,0,40.61429
69,2250,2,ramp,500,19,0,40.83053
69,2250,2,ramp,600,19,0,40.291576
69,2250,2,ramp,700,20,0,40.1325
69,2250,2,ramp,800,21,0,39.11
69,2250,2,ramp,900,20,0,38.504
69,2250,2,ramp,1000,13,0,38.56846
69,2250,2,ramp,1100,14,0,39.00143
69,2250,2,ramp,1200,11,0,38.409092
69,2250,2,ramp,1300,11,0,36.85091
69,2250,2,ramp,1400,9,0,38.18778
69,2250,2,ramp,1500,10,0,42.072
69,2250,2,ramp,1600,9,0,40.387775
69,2250,2,ramp,1700,5,1,17.236
69,2250,2,signal,0,7,0,40.71143
69,2250,2,signal,100,7,0,39.915714
69,2250,2,signal,200,6,0,39.231667
69,2250,2,signal,300,4,0,38.69
69,2250,2,signal,400,3,0,36.896667
69,2250,2,signal,500,6,0,39.535
69,2250,2,signal,600,7,0,37.634285
69,2250,2,signal,700,5,0,36.71
69,2250,2,signal,800,13,0,36.376156
69,2250,2,signal,900,13,0,36.305386
69,2250,2,signal,1000,15,0,36.73
69,2250,2,signal,1100,12,0,36.625
69,2250,2,signal,1200,12,0,36.0375
69,2250,2,signal,1300,19,0,37.22
69,2250,2,signal,1400,14,0,36.815712
69,2250,2,signal,1500,15,0,38.659336
69,2250,2,signal,1600,15,0,37.93133
69,2250,2,signal,1700,6,0,41.053333
69,2250,3,ramp,0,11,0,43.028183
69,2250,3,ramp,100,10,0,41.022
69,2250,3,ramp,200,8,0,40.302498
69,2250,3,ramp,300,13,0,40.753075
69,2250,3,ramp,400,15,0,40.89
69,2250,3,ramp,500,18,0,40.618332
69,2250,3,ramp,600,19,0,40.84842
69,2250,3,ramp,700,20,0,40.7245
69,2250,3,ramp,800,18,0,40.888332
69,2250,3,ramp,900,16,0,40.705624
69,2250,3,ramp,1000,13,0,40.622307
69,2250,3,ramp,1100,15,0,40.352665
69,2250,3,ramp,1200,17,0,40.452354
69,2250,3,ramp,1300,24,0,40.798332
69,2250,3,ramp,1400,14,0,40.384285
69,2250,3,ramp,1500,16,0,40.929375
69,2250,3,ramp,1600,4,0,41.675003
69,2250,3,ramp,1700,1,0,19.78
69,2250,3,signal,0,13,0,40.569233
69,2250,3,signal,100,13,0,39.52077
69,2250,3,signal,200,16,0,39.195
69,2250,3,signal,300,15,0,40.047337
69,2250,3,signal,400,13,0,37.163845
69,2250,3,signal,500,11,0,37.166367
69,2250,3,signal,600,7,0,37.40143
69,2250,3,signal,700,5,0,38.81
69,2250,3,signal,800,2,0,41.82
69,2250,3,signal,900,3,0,41.193333
69,2250,3,signal,1000,4,0,42.8375
69,2250,3,signal,1100,5,0,40.394
69,2250,3,signal,1200,6,0,40.51167
69,2250,3,signal,1300,4,0,40.142498
69,2250,3,signal,1400,3,0,42.733334
69,2250,3,signal,1500,3,0,40.353333
69,2250,3,signal,1600,4,0,40.802498
69,2250,3,signal,1700,4,0,41.6225
69,2250,4,ramp,0,22,0,41.848637
69,2250,4,ramp,100,21,0,38.987617
69,2250,4,ramp,200,19,0,39.220528
69,2250,4,ramp,300,20,0,38.891502
69,2250,4,ramp,400,18,0,38.06389
69,2250,4,ramp,500,16,0,40.64
69,2250,4,ramp,600,14,0,38.820713
69,2250,4,ramp,700,13,0,40.760002
69,2250,4,ramp,800,10,0,39.387
69,2250,4,ramp,900,15,0,38.54933
69,2250,4,ramp,1000,13,0,38.27846
69,2250,4,ramp,1100,15,0,37.918003
69,2250,4,ramp,1200,14,0,37.427143
69,2250,4,ramp,1300,12,0,36.205833
69,2250,4,ramp,1400,8,0,39.38375
69,2250,4,ramp,1500,9,0,41.646667
69,2250,4,ramp,1600,1,0,40.77
69,2250,4,signal,0,5,0,41.846
69,2250,4,signal,100,4,0,39.4225
69,2250,4,signal,200,5,0,38.598
69,2250,4,signal,300,7,0,35.02429
69,2250,4,signal,400,8,0,32.39875
69,2250,4,signal,500,6,0,33.039997
69,2250,4,signal,600,8,0,33.2775
69,2250,4,signal,700,4,0,32.302498
69,2250,4,signal,1300,1,0,45.45
69,2250,4,signal,1400,2,0,44.34
69,2400,1,ramp,0,22,0,42.31409
69,2400,1,ramp,100,27,0,42.308517
69,2400,1,ramp,200,23,0,41.576958
69,2400,1,ramp,300,28,0,41.862144
69,2400,1,ramp,400,28,0,41.879642
69,2400,1,ramp,500,22,0,41.067272
69,2400,1,ramp,600,29,0,40.5
69,2400,1,ramp,700,28,0,40.30893
69,2400,1,ramp,800,26,0,40.33231
69,2400,1,ramp,900,25,0,39.8696
69,2400,1,ramp,1000,29,0,40.049652
69,2400,1,ramp,1100,27,0,40.034447
69,2400,1,ramp,1200,23,0,39.75174
69,2400,1,ramp,1300,28,0,39.840717
69,2400,1,ramp,1400,27,0,39.662594
69,2400,1,ramp,1500,23,0,38.632607
69,2400,1,ramp,1600,68,0,32.040882
69,2400,1,ramp,1700,36,3,28.008055
69,2400,1,signal,0,8,0,43.66375
69,2400,1,signal,100,6,0,41.993332
69,2400,1,signal,200,10,0,43.228
69,2400,1,signal,300,9,0,42.357777
69,2400,1,signal,400,6,0,44.351665
69,2400,1,signal,500,9,0,41.449997
69,2400,1,signal,600,9,0,41.89111
69,2400,1,signal,700,8,0,41.5125
69,2400,1,signal,800,5,0,43.716
69,2400,1,signal,900,4,0,44.0325
69,2400,1,signal,1000,3,0,42.00333
69,2400,1,signal,1100,3,0,41.476665
69,2400,1,signal,1200,2,0,43.16
69,2400,1,signal,1300,1,0,42.96
69,2400,1,signal,1400,3,0,40.789997
69,2400,1,signal,1500,5,0,40.244
69,2400,1,signal,1600,9,0,30.413334
69,2400,1,signal,1700,2,0,38.975
69,2400,2,ramp,0,15,0,40.497334
69,2400,2,ramp,100,17,0,39.874706
69,2400,2,ramp,200,17,0,38.91941
69,2400,2,ramp,300,13,0,41.172306
69,2400,2,ramp,400,9,0,41.23
69,2400,2,ramp,500,14,0,41.355
69,2400,2,ramp,600,14,0,39.698574
69,2400,2,ramp,700,14,0,39.447857
69,2400,2,ramp,800,15,0,40.192
69,2400,2,ramp,900,16,0,40.5575
69,2400,2,ramp,1000,15,0,40.04667
69,2400,2,ramp,1100,16,0,40.259377
69,2400,2,ramp,1200,17,0,39.454704
69,2400,2,ramp,1300,16,0,39.9775
69,2400,2,ramp,1400,17,0,39.68765
69,2400,2,ramp,1500,16,0,39.179375
69,2400,2,ramp,1600,19,0,32.881054
69,2400,2,ramp,1700,13,4,13.134615
69,2400,2,signal,0,15,0,36.38
69,2400,2,signal,100,13,0,37.33231
69,2400,2,signal,200,13,0,36.341537
69,2400,2,signal,300,14,0,38.234997
69,2400,2,signal,400,12,0,38.48
69,2400,2,signal,500,13,0,36.111538
69,2400,2,signal,600,10,0,36.647
69,2400,2,signal,700,14,0,38.547855
69,2400,2,signal,800,16,0,36.881874
69,2400,2,signal,900,17,0,38.198822
69,2400,2,signal,1000,15,0,37.992
69,2400,2,signal,1100,21,0,38.258095
69,2400,2,signal,1200,17,0,38.324707
69,2400,2,signal,1300,16,0,38.601875
69,2400,2,signal,1400,19,0,38.693157
69,2400,2,signal,1500,18,0,37.730556
69,2400,2,signal,1600,18,0,34.24222
69,2400,2,signal,1700,18,1,25.185
69,2400,3,ramp,0,20,0,42.892998
69,2400,3,ramp,100,17,0,41.51647
69,2400,3,ramp,200,21,0,41.949047
69,2400,3,ramp,300,23,0,41.373478
69,2400,3,ramp,400,23,0,41.821304
69,2400,3,ramp,500,21,0,41.65762
69,2400,3,ramp,600,26,0,41.135002
69,2400,3,ramp,700,22,0,41.53318
69,2400,3,ramp,800,19,0,41.157894
69,2400,3,ramp,900,17,0,40.775883
69,2400,3,ramp,1000,12,0,41.4775
69,2400,3,ramp,1100,15,0,41.888
69,2400,3,ramp,1200,13,0,42.217693
69,2400,3,ramp,1300,12,0,41.515
69,2400,3,ramp,1400,20,0,41.8045
69,2400,3,ramp,1500,24,0,40.176666
69,2400,3,ramp,1600,6,0,34.815
69,2400,3,signal,0,8,0,41.916252
69,2400,3,signal,100,12,0,41.441666
69,2400,3,signal,200,11,0,41.280003
69,2400,3,signal,300,8,0,40.175
69,2400,3,signal,400,11,0,40.64182
69,2400,3,signal,500,10,0,40.596
69,2400,3,signal,600,14,0,39.38
69,2400,3,signal,700,14,0,40.259285
69,2400,3,signal,800,20,0,39.4655
69,2400,3,signal,900,14,0,39.06786
69,2400,3,signal,1000,12,0,39.258335
69,2400,3,signal,1100,12,0,41.2375
69,2400,3,signal,1200,9,0,39.496666
69,2400,3,signal,1300,8,0,41.052498
69,2400,3,signal,1400,10,0,40.36
69,2400,3,signal,1500,10,0,39.565
69,2400,3,signal,1600,5,0,41.258003
69,2400,3,signal,1700,7,0,40.48
69,2400,4,ramp,0,29,0,40.726894
69,2400,4,ramp,100,31,0,40.848064
69,2400,4,ramp,200,28,0,39.872143
69,2400,4,ramp,300,30,0,40.508667
69,2400,4,ramp,400,26,0,40.607307
69,2400,4,ramp,500,27,0,40.88593
69,2400,4,ramp,600,27,0,40.31704
69,2400,4,ramp,700,26,0,39.75077
69,2400,4,ramp,800,26,0,40.893845
69,2400,4,ramp,900,28,0,40.953926
69,2400,4,ramp,1000,27,0,40.765556
69,2400,4,ramp,1100,21,0,41.21381
69,2400,4,ramp,1200,27,0,41.181854
69,2400,4,ramp,1300,25,0,41.26
69,2400,4,ramp,1400,19,0,39.364735
69,2400,4,ramp,1500,12,0,38.504166
69,2400,4,signal,0,2,0,42.03
69,2400,4,signal,100,4,0,39.7175
69,2400,4,signal,200,2,0,42.59
69,2400,4,signal,300,3,0,40.076664
69,2400,4,signal,400,3,0,40.600002
69,2400,4,signal,500,3,0,38.676666
69,2400,4,signal,600,3,0,37.97
69,2400,4,signal,700,4,0,42.3425
69,2400,4,signal,900,2,0,40.915
69,2400,4,signal,1500,1,0,44.71
69,2400,4,signal,1600,4,0,44.0225
69,2400,4,signal,1700,3,0,43.960003
69,2550,1,ramp,0,23,0,42.41087
69,2550,1,ramp,100,21,0,39.645237
69,2550,1,ramp,200,21,0,40.813812
69,2550,1,ramp,300,24,0,40.31708
69,2550,1,ramp,400,26,0,39.773075
69,2550,1,ramp,500,23,0,40.432175
69,2550,1,ramp,600,19,0,39.805264
69,2550,1,ramp,700,17,0,40.19294
69,2550,1,ramp,800,22,0,40.09909
69,2550,1,ramp,900,20,0,41.6525
69,2550,1,ramp,1000,21,0,41.666668
69,2550,1,ramp,1100,25,0,41.742
69,2550,1,ramp,1200,22,0,41.628635
69,2550,1,ramp,1300,23,0,41.57435
69,2550,1,ramp,1400,24,0,41.695415
69,2550,1,ramp,1500,34,0,40.33147
69,2550,1,ramp,1600,85,1,34.03247
69,2550,1,ramp,1700,45,0,31.07422
69,2550,1,signal,0,6,0,42.851665
69,2550,1,signal,100,8,0,40.91625
69,2550,1,signal,200,7,0,41.138573
69,2550,1,signal,300,8,0,40.21125
69,2550,1,signal,400,6,0,42.698334
69,2550,1,signal,500,6,0,41.691666
69,2550,1,signal,600,8,0,41.5825
69,2550,1,signal,700,6,0,41.108334
69,2550,1,signal,800,4,0,42.14
69,2550,1,signal,900,6,0,42.143333
69,2550,1,signal,1000,7,0,40.785713
69,2550,1,signal,1100,8,0,42.87125
69,2550,1,signal,1200,8,0,42.535
69,2550,1,signal,1300,8,0,42.0075
69,2550,1,signal,1400,10,0,42.248
69,2550,1,signal,1500,9,0,42.375557
69,2550,1,signal,1600,9,1,36.15778
69,2550,1,signal,1700,5,0,43.344
69,2550,2,ramp,0,19,0,42.22842
69,2550,2,ramp,100,20,0,40.032
69,2550,2,ramp,200,20,0,39.608498
69,2550,2,ramp,300,21,0,39.030952
69,2550,2,ramp,400,20,0,39.3685
69,2550,2,ramp,500,18,0,38.898888
69,2550,2,ramp,600,15,0,39.110664
69,2550,2,ramp,700,17,0,38.70941
69,2550,2,ramp,800,10,0,40.764
69,2550,2,ramp,900,11,0,40.467274
69,2550,2,ramp,1000,10,0,39.432
69,2550,2,ramp,1100,13,0,40.014614
69,2550,2,ramp,1200,15,0,39.24267
69,2550,2,ramp,1300,13,0,40.247696
69,2550,2,ramp,1400,9,0,39.232224
69,2550,2,ramp,1500,16,0,40.400627
69,2550,2,ramp,1600,17,0,39.910587
69,2550,2,ramp,1700,8,1,19.0525
69,2550,2,signal,0,7,0,35.67857
69,2550,2,signal,100,7,0,33.872856
69,2550,2,signal,200,7,0,35.451427
69,2550,2,signal,300,6,0,35.375
69,2550,2,signal,400,7,0,37.487144
69,2550,2,signal,500,10,0,38.510998
69,2550,2,signal,600,10,0,37.9
69,2550,2,signal,700,11,0,38.235455
69,2550,2,signal,800,11,0,38.787273
69,2550,2,signal,900,6,0,40.100002
69,2550,2,signal,1000,8,0,41.4975
69,2550,2,signal,1100,6,0,39.70667
69,2550,2,signal,1200,10,0,38.972
69,2550,2,signal,1300,9,0,39.196667
69,2550,2,signal,1400,6,0,36.608334
69,2550,2,signal,1500,6,0,39.27833
69,2550,2,signal,1600,6,0,38.495
69,2550,2,signal,1700,5,0,39.422
69,2550,3,ramp,0,18,0,43.248886
69,2550,3,ramp,100,21,0,41.816193
69,2550,3,ramp,200,23,0,42.72348
69,2550,3,ramp,300,23,0,42.586086
69,2550,3,ramp,400,25,0,42.6164
69,2550,3,ramp,500,29,0,42.228966
69,2550,3,ramp,600,22,0,42.429092
69,2550,3,ramp,700,23,0,42.476086
69,2550,3,ramp,800,31,0,41.309032
69,2550,3,ramp,900,24,0,41.164165
69,2550,3,ramp,1000,27,0,40.09852
69,2550,3,ramp,1100,29,0,40.49862
69,2550,3,ramp,1200,24,0,39.072918
69,2550,3,ramp,1300,20,0,38.5435
69,2550,3,ramp,1400,29,0,39.58103
69,2550,3,ramp,1500,22,0,40.54227
69,2550,3,signal,0,8,0,42.855
69,2550,3,signal,100,9,0,41.5
69,2550,3,signal,200,6,0,42.251667
69,2550,3,signal,300,7,0,41.00143
69,2550,3,signal,400,8,0,41.90625
69,2550,3,signal,500,8,0,42.42125
69,2550,3,signal,600,7,0,41.864285
69,2550,3,signal,700,4,0,42.645
69,2550,3,signal,800,5,0,37.41
69,2550,3,signal,900,9,0,39.544445
69,2550,3,signal,1000,8,0,37.28375
69,2550,3,signal,1100,9,0,36.981113
69,2550,3,signal,1200,13,0,35.928463
69,2550,3,signal,1300,9,0,34.97111
69,2550,3,signal,1400,10,0,36.933002
69,2550,3,signal,1500,9,0,35.09
69,2550,3,signal,1600,8,0,34.06
69,2550,3,signal,1700,5,0,33.564003
69,2550,4,ramp,0,21,0,41.495712
69,2550,4,ramp,100,19,0,39.463684
69,2550,4,ramp,200,22,0,40.024998
69,2550,4,ramp,300,23,0,40.630436
69,2550,4,ramp,400,23,0,40.15261
69,2550,4,ramp,500,26,0,39.96846
69,2550,4,ramp,600,25,0,39.650803
69,2550,4,ramp,700,22,0,39.631363
69,2550,4,ramp,800,32,0,37.83406
69,2550,4,ramp,900,26,0,38.64846
69,2550,4,ramp,1000,25,0,37.1132
69,2550,4,ramp,1100,23,0,38.543915
69,2550,4,ramp,1200,26,0,39.54346
69,2550,4,ramp,1300,26,0,39.24077
69,2550,4,ramp,1400,23,0,40.471737
69,2550,4,ramp,1500,19,0,40.332104
69,2550,4,signal,0,4,0,35.7175
69,2550,4,signal,100,4,0,35.1375
69,2550,4,signal,200,4,0,31.705
69,2550,4,signal,300,1,0,40.9
69,2550,4,signal,400,2,0,41.275
69,2550,4,signal,500,2,0,40.864998
69,2550,4,signal,600,2,0,38.535
69,2550,4,signal,700,1,0,38.28
69,2550,4,signal,800,2,0,37.61
69,2550,4,signal,900,2,0,38.475
69,2550,4,signal,1000,4,0,38.675
69,2550,4,signal,1100,3,0,36.476665
69,2550,4,signal,1200,4,0,39.4575
69,2550,4,signal,1300,6,0,39.711666
69,2550,4,signal,1400,6,0,40.203335
69,2550,4,signal,1500,5,0,40.498
69,2550,4,signal,1600,8,0,42.44
69,2550,4,signal,1700,6,0,41.76167
69,2700,1,ramp,0,25,0,41.506
69,2700,1,ramp,100,24,0,40.962086
69,2700,1,ramp,200,23,0,40.294785
69,2700,1,ramp,300,23,0,40.55
69,2700,1,ramp,400,22,0,41.23318
69,2700,1,ramp,500,19,0,40.292103
69,2700,1,ramp,600,25,0,40.096
69,2700,1,ramp,700,27,0,40.32222
69,2700,1,ramp,800,30,0,39.660336
69,2700,1,ramp,900,34,0,39.587646
69,2700,1,ramp,1000,27,0,39.68111
69,2700,1,ramp,1100,23,0,38.463043
69,2700,1,ramp,1200,24,0,39.729168
69,2700,1,ramp,1300,29,0,36.730343
69,2700,1,ramp,1400,24,0,37.436665
69,2700,1,ramp,1500,29,0,36.595516
69,2700,1,ramp,1600,76,0,33.2925
69,2700,1,ramp,1700,47,0,34.259575
69,2700,1,signal,0,1,0,46.58
69,2700,1,signal,100,2,0,43.665
69,2700,1,signal,200,1,0,43.93
69,2700,1,signal,300,3,0,41.596664
69,2700,1,signal,400,4,0,41.62
69,2700,1,signal,500,4,0,38.879997
69,2700,1,signal,600,2,0,40.505
69,2700,1,signal,700,2,0,41.64
69,2700,1,signal,800,4,0,39.835
69,2700,1,signal,900,4,0,38.02
69,2700,1,signal,1000,3,0,35.646667
69,2700,1,signal,1100,5,0,35.23
69,2700,1,signal,1200,4,0,37.78
69,2700,1,signal,1300,3,0,32.79
69,2700,1,signal,1400,4,0,37.9925
69,2700,1,signal,1500,8,0,35.2
69,2700,1,signal,1600,10,0,31.044
69,2700,1,signal,1700,4,0,30.662498
69,2700,2,ramp,0,23,0,42.12826
69,2700,2,ramp,100,23,0,41.495655
69,2700,2,ramp,200,24,0,41.77667
69,2700,2,ramp,300,24,0,40.98083
69,2700,2,ramp,400,23,0,41.31478
69,2700,2,ramp,500,20,0,41.220497
69,2700,2,ramp,600,20,0,41.1185
69,2700,2,ramp,700,22,0,41.806362
69,2700,2,ramp,800,20,0,40.1535
69,2700,2,ramp,900,15,0,40.232666
69,2700,2,ramp,1000,15,0,39.627335
69,2700,2,ramp,1100,12,0,41.399166
69,2700,2,ramp,1200,14,0,40.478573
69,2700,2,ramp,1300,14,0,39.66357
69,2700,2,ramp,1400,13,0,39.882305
69,2700,2,ramp,1500,16,0,39.099377
69,2700,2,ramp,1600,21,0,35.63524
69,2700,2,ramp,1700,3,0,17.713333
69,2700,2,signal,0,4,0,42.805
69,2700,2,signal,100,6,0,40.451664
69,2700,2,signal,200,7,0,40.657143
69,2700,2,signal,300,6,0,38.106667
69,2700,2,signal,400,7,0,39.325714
69,2700,2,signal,500,8,0,39.005
69,2700,2,signal,600,8,0,39.02
69,2700,2,signal,700,14,0,39.965
69,2700,2,signal,800,20,0,39.0545
69,2700,2,signal,900,22,0,38.599545
69,2700,2,signal,1000,21,0,37.917145
69,2700,2,signal,1100,20,0,37.8945
69,2700,2,signal,1200,17,0,35.89059
69,2700,2,signal,1300,18,0,36.124443
69,2700,2,signal,1400,18,0,36.821667
69,2700,2,signal,1500,14,0,34.090714
69,2700,2,signal,1600,17,0,32.443527
69,2700,2,signal,1700,7,0,22.198572
69,2700,3,ramp,0,21,0,42.31524
69,2700,3,ramp,100,22,0,41.52909
69,2700,3,ramp,200,22,0,41.16182
69,2700,3,ramp,300,23,0,42.10739
69,2700,3,ramp,400,17,0,41.048824
69,2700,3,ramp,500,20,0,41.833
69,2700,3,ramp,600,23,0,41.87826
69,2700,3,ramp,700,24,0,42.227085
69,2700,3,ramp,800,23,0,42.617393
69,2700,3,ramp,900,30,0,42.582333
69,2700,3,ramp,1000,33,0,41.59606
69,2700,3,ramp,1100,33,0,42.580303
69,2700,3,ramp,1200,36,0,41.536392
69,2700,3,ramp,1300,31,0,42.06226
69,2700,3,ramp,1400,28,0,41.510002
69,2700,3,ramp,1500,27,0,41.01889
69,2700,3,ramp,1600,6,0,41.5
69,2700,3,ramp,1700,1,0,12.4
69,2700,3,signal,0,6,0,42.516666
69,2700,3,signal,100,4,0,41.3975
69,2700,3,signal,200,5,0,43.536
69,2700,3,signal,300,6,0,41.335
69,2700,3,signal,400,8,0,42.8975
69,2700,3,signal,500,9,0,41.49
69,2700,3,signal,600,8,0,42.37875
69,2700,3,signal,700,10,0,41.591
69,2700,3,signal,800,8,0,41.64625
69,2700,3,signal,900,7,0,41.142857
69,2700,3,signal,1000,7,0,42.41
69,2700,3,signal,1100,10,0,41.911
69,2700,3,signal,1200,8,0,42.36625
69,2700,3,signal,1300,5,0,41.666
69,2700,3,signal,1400,7,0,42.49857
69,2700,3,signal,1500,7,0,42.53857
69,2700,3,signal,1600,4,0,41.925
69,2700,3,signal,1700,5,0,43.508
69,2700,4,ramp,0,18,0,39.293335
69,2700,4,ramp,100,19,0,38.879475
69,2700,4,ramp,200,18,0,38.452225
69,2700,4,ramp,300,16,0,38.32
69,2700,4,ramp,400,17,0,37.629414
69,2700,4,ramp,500,18,0,37.467777
69,2700,4,ramp,600,14,0,36.02643
69,2700,4,ramp,700,14,0,36.403572
69,2700,4,ramp,800,10,0,37.885002
69,2700,4,ramp,900,14,0,38.05
69,2700,4,ramp,1000,12,0,38.34667
69,2700,4,ramp,1100,12,0,39.73833
69,2700,4,ramp,1200,11,0,38.629093
69,2700,4,ramp,1300,15,0,38.766
69,2700,4,ramp,1400,15,0,40.531998
69,2700,4,ramp,1500,10,0,39.673
69,2700,4,signal,0,5,0,37.938
69,2700,4,signal,100,7,0,37.235714
69,2700,4,signal,200,6,0,37.343334
69,2700,4,signal,300,9,0,35.925556
69,2700,4,signal,400,8,0,34.55375
69,2700,4,signal,500,8,0,34.4525
69,2700,4,signal,600,6,0,33.841667
69,2700,4,signal,700,6,0,32.431667
69,2700,4,signal,800,3,0,30.396667
69,2700,4,signal,900,3,0,30.223333
69,2700,4,signal,1000,2,0,29.79
69,2700,4,signal,1100,2,0,30.655
69,2700,4,signal,1200,3,0,29.933334
69,2700,4,signal,1300,2,0,30.654999
69,2700,4,signal,1400,2,0,30.654999
69,2700,4,signal,1500,2,0,30.655
69,2850,1,ramp,0,15,0,43.560665
69,2850,1,ramp,100,18,0,42.64778
69,2850,1,ramp,200,12,0,43.150833
69,2850,1,ramp,300,16,0,42.704998
69,2850,1,ramp,400,16,0,42.899376
69,2850,1,ramp,500,14,0,42.381428
69,2850,1,ramp,600,17,0,43.25294
69,2850,1,ramp,700,19,0,42.71737
69,2850,1,ramp,800,23,0,42.541306
69,2850,1,ramp,900,25,0,41.6872
69,2850,1,ramp,1000,30,0,40.890667
69,2850,1,ramp,1100,32,0,40.201874
69,2850,1,ramp,1200,28,0,39.364643
69,2850,1,ramp,1300,24,0,40.42875
69,2850,1,ramp,1400,23,0,39.710438
69,2850,1,ramp,1500,30,0,38.774666
69,2850,1,ramp,1600,95,0,33.91505
69,2850,1,ramp,1700,41,1,30.130976
69,2850,1,signal,0,5,0,43.454002
69,2850,1,signal,100,6,0,42.208332
69,2850,1,signal,200,5,0,43.142
69,2850,1,signal,300,4,0,41.7975
69,2850,1,signal,400,2,0,40.925
69,2850,1,signal,500,3,0,42.02
69,2850,1,signal,600,2,0,40.54
69,2850,1,signal,700,2,0,40.535
69,2850,1,signal,1100,2,0,39.62
69,2850,1,signal,1200,2,0,39.6
69,2850,1,signal,1300,4,0,35.96
69,2850,1,signal,1400,3,0,34.393333
69,2850,1,signal,1500,9,0,37.15889
69,2850,1,signal,1600,5,0,35.260002
69,2850,1,signal,1700,3,0,35.666668
69,2850,2,ramp,0,17,0,42.621178
69,2850,2,ramp,100,20,0,42.036
69,2850,2,ramp,200,18,0,41.905003
69,2850,2,ramp,300,18,0,42.127777
69,2850,2,ramp,400,15,0,41.892666
69,2850,2,ramp,500,19,0,42.337894
69,2850,2,ramp,600,21,0,41.044285
69,2850,2,ramp,700,17,0,40.914703
69,2850,2,ramp,800,12,0,40.871666
69,2850,2,ramp,900,20,0,40.830498
69,2850,2,ramp,1000,17,0,40.332355
69,2850,2,ramp,1100,20,0,40.9095
69,2850,2,ramp,1200,24,0,40.69042
69,2850,2,ramp,1300,21,0,40.790474
69,2850,2,ramp,1400,28,0,40.738926
69,2850,2,ramp,1500,33,0,40.1003
69,2850,2,ramp,1600,12,0,38.59833
69,2850,2,ramp,1700,4,0,22.2275
69,2850,2,signal,0,2,0,43.955
69,2850,2,signal,100,1,0,41.03
69,2850,2,signal,200,1,0,44.28
69,2850,2,signal,700,2,0,43.33
69,2850,2,signal,800,7,0,39.717144
69,2850,2,signal,900,9,0,41.07
69,2850,2,signal,1000,9,0,40.168888
69,2850,2,signal,1100,11,0,42.23091
69,2850,2,signal,1200,11,0,41.81
69,2850,2,signal,1300,9,0,41.495556
69,2850,2,signal,1400,9,0,42.285557
69,2850,2,signal,1500,6,0,39.535
69,2850,2,signal,1600,8,0,38.48375
69,2850,2,signal,1700,7,0,38.368572
69,2850,3,ramp,0,15,0,42.941334
69,2850,3,ramp,100,18,0,41.89833
69,2850,3,ramp,200,15,0,43.51533
69,2850,3,ramp,300,16,0,42.756874
69,2850,3,ramp,400,17,0,43.25
69,2850,3,ramp,500,15,0,42.734
69,2850,3,ramp,600,20,0,41.8535
69,2850,3,ramp,700,18,0,41.93778
69,2850,3,ramp,800,19,0,40.58316
69,2850,3,ramp,900,23,0,41.809566
69,2850,3,ramp,1000,20,0,40.683
69,2850,3,ramp,1100,22,0,41.226818
69,2850,3,ramp,1200,26,0,40.932693
69,2850,3,ramp,1300,27,0,40.634075
69,2850,3,ramp,1400,27,0,40.101852
69,2850,3,ramp,1500,22,0,40.208183
69,2850,3,ramp,1600,2,0,42.59
69,2850,3,signal,0,3,0,40.956665
69,2850,3,signal,100,4,0,42.825
69,2850,3,signal,200,3,0,43.56667
69,2850,3,signal,300,4,0,42.1775
69,2850,3,signal,400,4,0,43.39
69,2850,3,signal,500,2,0,43.515
69,2850,3,signal,600,4,0,43.6375
69,2850,3,signal,700,4,0,41.97
69,2850,3,signal,1200,2,0,42.47
69,2850,3,signal,1300,1,0,40.42
69,2850,3,signal,1400,2,0,41.89
69,2850,3,signal,1500,3,0,41.236668
69,2850,3,signal,1600,3,0,41.856667
69,2850,3,signal,1700,5,0,42.202003
69,2850,4,ramp,0,14,0,41.304287
69,2850,4,ramp,100,11,0,41.12818
69,2850,4,ramp,200,12,0,42.548336
69,2850,4,ramp,300,10,0,41.517998
69,2850,4,ramp,400,12,0,40.55833
69,2850,4,ramp,500,11,0,38.078182
69,2850,4,ramp,600,13,0,38.00923
69,2850,4,ramp,700,11,0,37.445454
69,2850,4,ramp,800,12,0,38.306667
69,2850,4,ramp,900,14,0,37.438572
69,2850,4,ramp,1000,14,0,37.471428
69,2850,4,ramp,1100,15,0,37.550667
69,2850,4,ramp,1200,17,0,37.53
69,2850,4,ramp,1300,13,0,37.681538
69,2850,4,ramp,1400,13,0,37.345383
69,2850,4,ramp,1500,13,0,38.07923
69,2850,4,signal,0,7,0,44.149998
69,2850,4,signal,100,7,0,42.072857
69,2850,4,signal,200,6,0,43.733334
69,2850,4,signal,300,7,0,42.92143
69,2850,4,signal,400,7,0,43.485714
69,2850,4,signal,500,6,0,41.853333
69,2850,4,signal,600,9,0,42.105556
69,2850,4,signal,700,5,0,41.447998
69,2850,4,signal,800,2,0,45.42
69,2850,4,signal,900,2,0,43.300003
69,2850,4,signal,1000,2,0,44.335
69,2850,4,signal,1100,1,0,43.56
69,2850,4,signal,1200,2,0,44.855003
69,2850,4,signal,1300,1,0,43.04
69,2850,4,signal,1500,1,0,27.63
69,2850,4,signal,1600,2,0,30.655
69,2850,4,signal,1700,2,0,30.654999
69,3000,1,ramp,0,18,0,42.36111
69,3000,1,ramp,100,16,0,40.595
69,3000,1,ramp,200,18,0,41.35389
69,3000,1,ramp,300,21,0,41.209526
69,3000,1,ramp,400,22,0,41.278183
69,3000,1,ramp,500,17,0,41.06706
69,3000,1,ramp,600,19,0,40.75842
69,3000,1,ramp,700,20,0,41.254997
69,3000,1,ramp,800,16,0,41.325626
69,3000,1,ramp,900,16,0,42.39125
69,3000,1,ramp,1000,16,0,41.88
69,3000,1,ramp,1100,10,0,42.273
69,3000,1,ramp,1200,17,0,42.154118
69,3000,1,ramp,1300,19,0,43.03421
69,3000,1,ramp,1400,14,0,42.829285
69,3000,1,ramp,1500,26,0,42.300766
69,3000,1,ramp,1600,54,0,40.335743
69,3000,1,ramp,1700,23,0,38.918262
69,3000,1,signal,0,3,0,42.563335
69,3000,1,signal,100,6,0,41.668335
69,3000,1,signal,200,5,0,43.156
69,3000,1,signal,300,6,0,41.73833
69,3000,1,signal,400,8,0,42.41375
69,3000,1,signal,500,7,0,42.99857
69,3000,1,signal,600,9,0,41.94889
69,3000,1,signal,700,9,0,42.973335
69,3000,1,signal,800,9,0,41.64778
69,3000,1,signal,900,12,0,42.101665
69,3000,1,signal,1000,14,0,41.925
69,3000,1,signal,1100,12,0,41.416668
69,3000,1,signal,1200,10,0,42.61
69,3000,1,signal,1300,10,0,41.691998
69,3000,1,signal,1400,7,0,42.155712
69,3000,1,signal,1500,8,0,41.97625
69,3000,1,signal,1600,6,0,41.149998
69,3000,1,signal,1700,1,0,43.43
69,3000,2,ramp,0,14,0,42.460716
69,3000,2,ramp,100,17,0,40.29294
69,3000,2,ramp,200,15,0,41.806664
69,3000,2,ramp,300,15,0,39.774666
69,3000,2,ramp,400,20,0,40.273003
69,3000,2,ramp,500,20,0,38.725502
69,3000,2,ramp,600,18,0,39.539997
69,3000,2,ramp,700,15,0,38.967335
69,3000,2,ramp,800,17,0,38.692944
69,3000,2,ramp,900,16,0,37.33125
69,3000,2,ramp,1000,18,0,39.67167
69,3000,2,ramp,1100,13,0,41.333847
69,3000,2,ramp,1200,15,0,40.137333
69,3000,2,ramp,1300,16,0,40.8525
69,3000,2,ramp,1400,15,0,41.02667
69,3000,2,ramp,1500,15,0,41.47667
69,3000,2,ramp,1600,7,0,40.525715
69,3000,2,ramp,1700,4,1,16.525
69,3000,2,signal,0,8,0,38.0675
69,3000,2,signal,100,9,0,35.962223
69,3000,2,signal,200,7,0,36.42857
69,3000,2,signal,300,11,0,37.485455
69,3000,2,signal,400,9,0,36.945557
69,3000,2,signal,500,10,0,37.767998
69,3000,2,signal,600,10,0,37.473
69,3000,2,signal,700,9,0,36.357777
69,3000,2,signal,800,11,0,36.06818
69,3000,2,signal,900,12,0,36.893333
69,3000,2,signal,1000,11,0,36.37091
69,3000,2,signal,1100,9,0,37.17
69,3000,2,signal,1200,10,0,37.858
69,3000,2,signal,1300,6,0,39.553333
69,3000,2,signal,1400,7,0,42.447144
69,3000,2,signal,1500,8,0,42.9625
69,3000,2,signal,1600,8,0,43.31
69,3000,2,signal,1700,4,0,42.6125
69,3000,3,ramp,0,15,0,41.006
69,3000,3,ramp,100,15,0,39.988
69,3000,3,ramp,200,14,0,39.717857
69,3000,3,ramp,300,18,0,40.929443
69,3000,3,ramp,400,19,0,40.808422
69,3000,3,ramp,500,23,0,39.806957
69,3000,3,ramp,600,26,0,40.947693
69,3000,3,ramp,700,28,0,40.834286
69,3000,3,ramp,800,32,0,41.358437
69,3000,3,ramp,900,26,0,41.219997
69,3000,3,ramp,1000,24,0,41.01875
69,3000,3,ramp,1100,28,0,40.91036
69,3000,3,ramp,1200,26,0,41.206924
69,3000,3,ramp,1300,26,0,41.200768
69,3000,3,ramp,1400,26,0,39.423077
69,3000,3,ramp,1500,17,0,42.375294
69,3000,3,ramp,1600,2,0,41.215
69,3000,3,ramp,1700,1,0,21.29
69,3000,3,signal,0,8,0,42.07125
69,3000,3,signal,100,6,0,41.836666
69,3000,3,signal,200,9,0,39.72111
69,3000,3,signal,300,10,0,39.304
69,3000,3,signal,400,8,0,38.6925
69,3000,3,signal,500,5,0,38.81
69,3000,3,signal,600,4,0,39.29
69,3000,3,signal,700,4,0,40.8675
69,3000,3,signal,800,5,0,39.672
69,3000,3,signal,900,4,0,41.9225
69,3000,3,signal,1000,3,0,42.103333
69,3000,3,signal,1100,4,0,42.1575
69,3000,3,signal,1200,3,0,40.953335
69,3000,3,signal,1300,3,0,42.316666
69,3000,3,signal,1400,4,0,42.16
69,3000,3,signal,1500,4,0,42.247498
69,3000,3,signal,1600,3,0,42.076668
69,3000,3,signal,1700,3,0,42.216667
69,3000,4,ramp,0,17,0,42.775883
69,3000,4,ramp,100,17,0,41.201763
69,3000,4,ramp,200,21,0,39.410954
69,3000,4,ramp,300,21,0,39.32476
69,3000,4,ramp,400,20,0,38.972
69,3000,4,ramp,500,23,0,39.565216
69,3000,4,ramp,600,21,0,38.17286
69,3000,4,ramp,700,20,0,39.7315
69,3000,4,ramp,800,21,0,39.760475
69,3000,4,ramp,900,18,0,39.214443
69,3000,4,ramp,1000,19,0,40.00421
69,3000,4,ramp,1100,16,0,41.36375
69,3000,4,ramp,1200,12,0,39.726665
69,3000,4,ramp,1300,16,0,40.925
69,3000,4,ramp,1400,11,0,41.326363
69,3000,4,ramp,1500,5,0,42.652
69,3000,4,signal,0,9,0,36.248886
69,3000,4,signal,100,8,0,35.33875
69,3000,4,signal,200,8,0,35.50875
69,3000,4,signal,300,5,0,37.262
69,3000,4,signal,400,7,0,38.535713
69,3000,4,signal,500,6,0,37.07
69,3000,4,signal,600,7,0,38.785713
69,3000,4,signal,700,7,0,39.474285
69,3000,4,signal,800,2,0,41.035
69,3000,4,signal,900,2,0,41.03
69,3000,4,signal,1000,1,0,42.39
69,3000,4,signal,1300,1,0,45.63
69,3000,4,signal,1400,1,0,44.08
69,3000,4,signal,1500,2,0,43.815002
69,3000,4,signal,1600,1,0,44.59
69,3000,4,signal,1700,2,0,43.295
69,3150,1,ramp,0,13,0,41.53615
69,3150,1,ramp,100,16,0,40.415627
69,3150,1,ramp,200,16,0,41.34375
69,3150,1,ramp,300,16,0,40.32
69,3150,1,ramp,400,16,0,41.548748
69,3150,1,ramp,500,14,0,41.56786
69,3150,1,ramp,600,18,0,41.644444
69,3150,1,ramp,700,18,0,41.545555
69,3150,1,ramp,800,21,0,39.396667
69,3150,1,ramp,900,20,0,40.866
69,3150,1,ramp,1000,14,0,41.635002
69,3150,1,ramp,1100,16,0,41.695
69,3150,1,ramp,1200,14,0,41.665
69,3150,1,ramp,1300,18,0,41.592777
69,3150,1,ramp,1400,23,0,41.019566
69,3150,1,ramp,1500,23,0,39.48348
69,3150,1,ramp,1600,62,0,36.754677
69,3150,1,ramp,1700,37,1,33.081623
69,3150,1,signal,0,7,0,44.53
69,3150,1,signal,100,4,0,42.9925
69,3150,1,signal,200,5,0,44.274
69,3150,1,signal,300,6,0,43.024998
69,3150,1,signal,400,3,0,43.453335
69,3150,1,signal,500,3,0,43.216663
69,3150,1,signal,600,3,0,43.713333
69,3150,1,signal,700,4,0,43.475
69,3150,1,signal,800,5,0,40.306
69,3150,1,signal,900,6,0,42.34833
69,3150,1,signal,1000,5,0,41.07
69,3150,1,signal,1100,7,0,41.798573
69,3150,1,signal,1200,9,0,40.35222
69,3150,1,signal,1300,8,0,40.41625
69,3150,1,signal,1400,15,0,40.68467
69,3150,1,signal,1500,16,0,40.74625
69,3150,1,signal,1600,12,0,38.017498
69,3150,1,signal,1700,4,0,42.12
69,3150,2,ramp,0,19,0,43.16421
69,3150,2,ramp,100,17,0,40.61235
69,3150,2,ramp,200,20,0,41.9915
69,3150,2,ramp,300,19,0,42.25737
69,3150,2,ramp,400,19,0,41.54474
69,3150,2,ramp,500,17,0,41.27941
69,3150,2,ramp,600,16,0,41.459373
69,3150,2,ramp,700,15,0,42.617332
69,3150,2,ramp,800,14,0,41.392857
69,3150,2,ramp,900,17,0,42.06353
69,3150,2,ramp,1000,19,0,40.384735
69,3150,2,ramp,1100,20,0,39.739502
69,3150,2,ramp,1200,21,0,39.002857
69,3150,2,ramp,1300,17,0,37.228237
69,3150,2,ramp,1400,14,0,38.915714
69,3150,2,ramp,1500,14,0,38.396427
69,3150,2,ramp,1600,13,0,40.116924
69,3150,2,ramp,1700,6,1,15.215
69,3150,2,signal,0,6,0,43.24167
69,3150,2,signal,100,3,0,42.623333
69,3150,2,signal,200,3,0,42.286667
69,3150,2,signal,300,4,0,43.32
69,3150,2,signal,400,3,0,41.79
69,3150,2,signal,500,5,0,43.226
69,3150,2,signal,600,5,0,41.98
69,3150,2,signal,700,7,0,40.981426
69,3150,2,signal,800,21,0,38.370476
69,3150,2,signal,900,18,0,38.358334
69,3150,2,signal,1000,15,0,36.94267
69,3150,2,signal,1100,14,0,38.047855
69,3150,2,signal,1200,12,0,38.335835
69,3150,2,signal,1300,15,0,34.61
69,3150,2,signal,1400,13,0,33.52
69,3150,2,signal,1500,8,0,31.92375
69,3150,2,signal,1600,10,0,31.760998
69,3150,2,signal,1700,9,0,22.204445
69,3150,3,ramp,0,14,0,43.765003
69,3150,3,ramp,100,16,0,42.333126
69,3150,3,ramp,200,18,0,40.64
69,3150,3,ramp,300,17,0,41.882355
69,3150,3,ramp,400,16,0,41.045
69,3150,3,ramp,500,13,0,41.44462
69,3150,3,ramp,600,13,0,39.66077
69,3150,3,ramp,700,16,0,41.665627
69,3150,3,ramp,800,15,0,40.593998
69,3150,3,ramp,900,14,0,40.354286
69,3150,3,ramp,1000,15,0,41.01533
69,3150,3,ramp,1100,17,0,41.03941
69,3150,3,ramp,1200,15,0,40.438667
69,3150,3,ramp,1300,19,0,40.074207
69,3150,3,ramp,1400,18,0,40.574444
69,3150,3,ramp,1500,15,0,40.866665
69,3150,3,signal,0,8,0,40.6425
69,3150,3,signal,100,6,0,40.663334
69,3150,3,signal,200,7,0,39.615715
69,3150,3,signal,300,7,0,38.325714
69,3150,3,signal,400,8,0,38.495
69,3150,3,signal,500,9,0,38.07
69,3150,3,signal,600,8,0,38.32375
69,3150,3,signal,700,7,0,39.625713
69,3150,3,signal,800,2,0,40.365
69,3150,3,signal,900,1,0,38.64
69,3150,4,ramp,0,13,0,40.39769
69,3150,4,ramp,100,15,0,41.129333
69,3150,4,ramp,200,14,0,40.017857
69,3150,4,ramp,300,13,0,39.72923
69,3150,4,ramp,400,12,0,41.15167
69,3150,4,ramp,500,10,0,40.791
69,3150,4,ramp,600,12,0,39.3725
69,3150,4,ramp,700,9,0,39.362225
69,3150,4,ramp,800,9,0,40.039997
69,3150,4,ramp,900,10,0,39.461998
69,3150,4,ramp,1000,9,0,41.76
69,3150,4,ramp,1100,9,0,41.935555
69,3150,4,ramp,1200,10,0,41.984
69,3150,4,ramp,1300,12,0,42.679996
69,3150,4,ramp,1400,14,0,42.227142
69,3150,4,ramp,1500,11,0,43.095455
69,3150,4,signal,0,6,0,43.14833
69,3150,4,signal,100,7,0,42.010002
69,3150,4,signal,200,6,0,41.638332
69,3150,4,signal,300,8,0,38.2025
69,3150,4,signal,400,5,0,38.941998
69,3150,4,signal,500,8,0,37.7375
69,3150,4,signal,600,6,0,39.06
69,3150,4,signal,700,6,0,39.601665
69,3150,4,signal,800,1,0,41.75
69,3150,4,signal,1000,1,0,39.68
69,3150,4,signal,1100,1,0,42.39
69,3150,4,signal,1200,2,0,41.03
69,3150,4,signal,1300,2,0,41.035
69,3150,4,signal,1400,2,0,41.575
69,3150,4,signal,1500,1,0,41.85
69,3150,4,signal,1600,2,0,41.03
69,3150,4,signal,1700,2,0,41.035
69,3300,1,ramp,0,20,0,41.746
69,3300,1,ramp,100,18,0,41.355556
69,3300,1,ramp,200,18,0,41.344444
69,3300,1,ramp,300,16,0,40.895
69,3300,1,ramp,400,16,0,40.69375
69,3300,1,ramp,500,16,0,39.1025
69,3300,1,ramp,600,17,0,39.534706
69,3300,1,ramp,700,8,0,41.73375
69,3300,1,ramp,800,12,0,41.606667
69,3300,1,ramp,900,13,0,41.645386
69,3300,1,ramp,1000,15,0,39.802666
69,3300,1,ramp,1100,18,0,40.233334
69,3300,1,ramp,1200,16,0,39.913124
69,3300,1,ramp,1300,14,0,40.450714
69,3300,1,ramp,1400,16,0,40.814377
69,3300,1,ramp,1500,19,0,39.405792
69,3300,1,ramp,1600,60,0,36.865498
69,3300,1,ramp,1700,28,0,33.635715
69,3300,1,signal,0,6,0,43.45
69,3300,1,signal,100,6,0,41.875
69,3300,1,signal,200,6,0,43.805004
69,3300,1,signal,300,5,0,42.258003
69,3300,1,signal,400,5,0,43.010002
69,3300,1,signal,500,5,0,43.438
69,3300,1,signal,600,5,0,42.234
69,3300,1,signal,700,5,0,42.886
69,3300,1,signal,800,5,0,44.284
69,3300,1,signal,900,4,0,44.1075
69,3300,1,signal,1000,6,0,43.55
69,3300,1,signal,1100,8,0,43.18125
69,3300,1,signal,1200,8,0,42.05
69,3300,1,signal,1300,9,0,42.944443
69,3300,1,signal,1400,7,0,42.329998
69,3300,1,signal,1500,12,0,41.941666
69,3300,1,signal,1600,17,0,34.648823
69,3300,1,signal,1700,5,0,35.006
69,3300,2,ramp,0,17,0,43.99059
69,3300,2,ramp,100,17,0,42.66
69,3300,2,ramp,200,16,0,43.371876
69,3300,2,ramp,300,14,0,42.548573
69,3300,2,ramp,400,13,0,43.253075
69,3300,2,ramp,500,15,0,43.104668
69,3300,2,ramp,600,15,0,42.943996
69,3300,2,ramp,700,13,0,42.271538
69,3300,2,ramp,800,12,0,41.54333
69,3300,2,ramp,900,13,0,41.401543
69,3300,2,ramp,1000,14,0,41.11786
69,3300,2,ramp,1100,8,0,39.82125
69,3300,2,ramp,1200,12,0,41.600002
69,3300,2,ramp,1300,18,0,40.77556
69,3300,2,ramp,1400,16,0,39.800625
69,3300,2,ramp,1500,19,0,40.970528
69,3300,2,ramp,1600,12,0,37.149998
69,3300,2,ramp,1700,6,1,16.008333
69,3300,2,signal,0,4,0,44.225
69,3300,2,signal,100,6,0,41.676666
69,3300,2,signal,200,7,0,43.65857
69,3300,2,signal,300,8,0,42.84375
69,3300,2,signal,400,5,0,43.45
69,3300,2,signal,500,7,0,42.858574
69,3300,2,signal,600,8,0,42.65375
69,3300,2,signal,700,6,0,42.116665
69,3300,2,signal,800,11,0,41.62636
69,3300,2,signal,900,9,0,42.595554
69,3300,2,signal,1000,10,0,44.277
69,3300,2,signal,1100,11,0,41.100906
69,3300,2,signal,1200,13,0,41.46154
69,3300,2,signal,1300,10,0,41.512
69,3300,2,signal,1400,14,0,41.579285
69,3300,2,signal,1500,18,0,40.41611
69,3300,2,signal,1600,11,0,38.594547
69,3300,2,signal,1700,7,0,35.534286
69,3300,3,ramp,0,23,0,40.31739
69,3300,3,ramp,100,22,0,39.89591
69,3300,3,ramp,200,17,0,40.624115
69,3300,3,ramp,300,16,0,41.353752
69,3300,3,ramp,400,17,0,40.68882
69,3300,3,ramp,500,17,0,40.833527
69,3300,3,ramp,600,17,0,41.56882
69,3300,3,ramp,700,11,0,41.078182
69,3300,3,ramp,800,17,0,40.935883
69,3300,3,ramp,900,14,0,40.780712
69,3300,3,ramp,1000,15,0,40.68133
69,3300,3,ramp,1100,16,0,41.395
69,3300,3,ramp,1200,10,0,43.379997
69,3300,3,ramp,1300,12,0,42.950832
69,3300,3,ramp,1400,16,0,43.161873
69,3300,3,ramp,1500,15,0,41.26533
69,3300,3,ramp,1600,2,0,43.78
69,3300,3,signal,0,3,0,45.83
69,3300,3,signal,100,5,0,42.526
69,3300,3,signal,200,6,0,43.199997
69,3300,3,signal,300,4,0,42.947502
69,3300,3,signal,400,5,0,43.262
69,3300,3,signal,500,6,0,43.309998
69,3300,3,signal,600,4,0,41.9125
69,3300,3,signal,700,7,0,43.551426
69,3300,3,signal,800,4,0,41.04
69,3300,3,signal,900,5,0,42.601997
69,3300,3,signal,1000,7,0,41.635715
69,3300,3,signal,1100,7,0,42.44
69,3300,3,signal,1200,4,0,43.43
69,3300,3,signal,1300,5,0,42.876
69,3300,3,signal,1400,5,0,42.126
69,3300,3,signal,1500,6,0,42.033337
69,3300,3,signal,1600,4,0,42.84
69,3300,3,signal,1700,3,0,42.24
69,3300,4,ramp,0,21,0,41.203808
69,3300,4,ramp,100,22,0,40.250454
69,3300,4,ramp,200,24,0,41.337086
69,3300,4,ramp,300,19,0,42.01474
69,3300,4,ramp,400,20,0,41.7565
69,3300,4,ramp,500,20,0,41.242
69,3300,4,ramp,600,18,0,41.793335
69,3300,4,ramp,700,15,0,42.004
69,3300,4,ramp,800,19,0,41.284737
69,3300,4,ramp,900,21,0,41.975716
69,3300,4,ramp,1000,17,0,40.59059
69,3300,4,ramp,1100,19,0,40.424736
69,3300,4,ramp,1200,19,0,40.72158
69,3300,4,ramp,1300,16,0,39.91875
69,3300,4,ramp,1400,14,0,39.294285
69,3300,4,ramp,1500,8,0,41.9975
69,3300,4,signal,0,3,0,43.273335
69,3300,4,signal,100,2,0,43.685
69,3300,4,signal,200,2,0,45.475
69,3300,4,signal,300,1,0,44.13
69,3300,4,signal,400,4,0,44.355
69,3300,4,signal,500,2,0,45.504997
69,3300,4,signal,600,4,0,43.9075
69,3300,4,signal,700,2,0,44.1
69,3300,4,signal,800,1,0,41.9
69,3300,4,signal,900,2,0,45.165
69,3300,4,signal,1000,1,0,42.83
69,3300,4,signal,1100,2,0,45.160004
69,3300,4,signal,1200,2,0,45.165
69,3300,4,signal,1300,1,0,41.9
69,3300,4,signal,1400,2,0,45.165
69,3300,4,signal,1500,1,0,40.97
69,3300,4,signal,1600,2,0,45.165
69,3450,1,ramp,0,16,0,43.15625
69,3450,1,ramp,100,17,0,42.524117
69,3450,1,ramp,200,13,0,41.346153
69,3450,1,ramp,300,18,0,42.559444
69,3450,1,ramp,400,15,0,43.042667
69,3450,1,ramp,500,16,0,41.84375
69,3450,1,ramp,600,18,0,41.570557
69,3450,1,ramp,700,24,0,40.264584
69,3450,1,ramp,800,21,0,40.57857
69,3450,1,ramp,900,18,0,40.756668
69,3450,1,ramp,1000,20,0,40.572
69,3450,1,ramp,1100,16,0,40.578125
69,3450,1,ramp,1200,14,0,39.782143
69,3450,1,ramp,1300,11,0,40.776363
69,3450,1,ramp,1400,11,0,40.244545
69,3450,1,ramp,1500,21,0,39.449524
69,3450,1,ramp,1600,71,0,32.85479
69,3450,1,ramp,1700,27,0,31.802963
69,3450,1,signal,0,3,0,42.26
69,3450,1,signal,100,2,0,40.6
69,3450,1,signal,200,3,0,40.713333
69,3450,1,signal,300,4,0,42.175
69,3450,1,signal,400,5,0,41.594
69,3450,1,signal,500,4,0,43.3075
69,3450,1,signal,600,5,0,42.238
69,3450,1,signal,700,4,0,42.9075
69,3450,1,signal,800,3,0,42.813335
69,3450,1,signal,900,3,0,43.743332
69,3450,1,signal,1000,4,0,41.0325
69,3450,1,signal,1100,3,0,42.91333
69,3450,1,signal,1200,4,0,40.6025
69,3450,1,signal,1300,3,0,38.906666
69,3450,1,signal,1400,4,0,40.129997
69,3450,1,signal,1500,2,0,38.364998
69,3450,1,signal,1700,1,0,44.41
69,3450,2,ramp,0,13,0,44.048462
69,3450,2,ramp,100,11,0,42.305454
69,3450,2,ramp,200,14,0,42.826427
69,3450,2,ramp,300,17,0,42.908234
69,3450,2,ramp,400,11,0,41.782726
69,3450,2,ramp,500,18,0,42.695
69,3450,2,ramp,600,17,0,42.578827
69,3450,2,ramp,700,17,0,42.619415
69,3450,2,ramp,800,23,0,42.998695
69,3450,2,ramp,900,25,0,42.267597
69,3450,2,ramp,1000,20,0,43.405
69,3450,2,ramp,1100,20,0,42.616
69,3450,2,ramp,1200,23,0,42.723045
69,3450,2,ramp,1300,24,0,42.409584
69,3450,2,ramp,1400,22,0,42.668636
69,3450,2,ramp,1500,17,0,41.274117
69,3450,2,ramp,1600,16,0,38.4725
69,3450,2,ramp,1700,8,0,13.83125
69,3450,2,signal,0,6,0,43.98833
69,3450,2,signal,100,7,0,42.015717
69,3450,2,signal,200,4,0,43.559998
69,3450,2,signal,300,5,0,41.992
69,3450,2,signal,400,5,0,43.191998
69,3450,2,signal,500,5,0,42.374
69,3450,2,signal,600,6,0,42.716663
69,3450,2,signal,700,5,0,42.644
69,3450,2,signal,800,10,0,41.779
69,3450,2,signal,900,8,0,39.95125
69,3450,2,signal,1000,8,0,41.955
69,3450,2,signal,1100,9,0,42.300003
69,3450,2,signal,1200,6,0,42.13667
69,3450,2,signal,1300,5,0,41.478
69,3450,2,signal,1400,6,0,42.928333
69,3450,2,signal,1500,7,0,42.579998
69,3450,2,signal,1600,7,0,41.647144
69,3450,2,signal,1700,3,0,42.053333
69,3450,3,ramp,0,21,0,43.091904
69,3450,3,ramp,100,17,0,41.102352
69,3450,3,ramp,200,16,0,41.08875
69,3450,3,ramp,300,18,0,41.139446
69,3450,3,ramp,400,21,0,41.005714
69,3450,3,ramp,500,19,0,40.81421
69,3450,3,ramp,600,22,0,40.809544
69,3450,3,ramp,700,23,0,41.460438
69,3450,3,ramp,800,21,0,40.656666
69,3450,3,ramp,900,21,0,41.34619
69,3450,3,ramp,1000,21,0,39.805714
69,3450,3,ramp,1100,23,0,40.402172
69,3450,3,ramp,1200,21,0,40.281425
69,3450,3,ramp,1300,21,0,38.979523
69,3450,3,ramp,1400,16,0,39.111248
69,3450,3,ramp,1500,18,0,39.20889
69,3450,3,ramp,1600,2,0,43.795
69,3450,3,signal,0,1,0,44.62
69,3450,3,signal,100,2,0,44.875
69,3450,3,signal,200,2,0,42.265
69,3450,3,signal,300,1,0,46.18
69,3450,3,signal,400,2,0,42.68
69,3450,3,signal,500,2,0,44.97
69,3450,3,signal,600,1,0,43.36
69,3450,3,signal,700,5,0,38.902
69,3450,3,signal,800,2,0,41.78
69,3450,3,signal,900,4,0,40.4575
69,3450,3,signal,1000,4,0,42.265
69,3450,3,signal,1100,3,0,39.896667
69,3450,3,signal,1200,5,0,39.989998
69,3450,3,signal,1300,4,0,41.69
69,3450,3,signal,1400,3,0,42.373333
69,3450,3,signal,1500,3,0,41.926666
69,3450,3,signal,1600,4,0,40.4625
69,3450,3,signal,1700,4,0,42.125
69,3450,4,ramp,0,11,0,41.208183
69,3450,4,ramp,100,9,0,41.663334
69,3450,4,ramp,200,9,0,40.45667
69,3450,4,ramp,300,12,0,40.260834
69,3450,4,ramp,400,14,0,40.725716
69,3450,4,ramp,500,17,0,39.821762
69,3450,4,ramp,600,17,0,40.654118
69,3450,4,ramp,700,16,0,41.575626
69,3450,4,ramp,800,22,0,40.741817
69,3450,4,ramp,900,20,0,40.5035
69,3450,4,ramp,1000,23,0,38.762177
69,3450,4,ramp,1100,23,0,39.95652
69,3450,4,ramp,1200,22,0,39.58591
69,3450,4,ramp,1300,20,0,39.7265
69,3450,4,ramp,1400,25,0,39.3504
69,3450,4,ramp,1500,15,0,40.228
69,3450,4,signal,0,6,0,40.833332
69,3450,4,signal,100,9,0,40.366665
69,3450,4,signal,200,8,0,38.9
69,3450,4,signal,300,6,0,38.420002
69,3450,4,signal,400,5,0,37.15
69,3450,4,signal,500,7,0,37.059998
69,3450,4,signal,600,6,0,36.156666
69,3450,4,signal,700,2,0,37.82
69,3450,4,signal,1200,1,0,41.9
69,3450,4,signal,1300,2,0,39.11
69,3450,4,signal,1400,2,0,41.11
69,3450,4,signal,1500,2,0,39.11
69,3450,4,signal,1600,1,0,41.87
69,3450,4,signal,1700,4,0,41.670002
69,3600,1,ramp,0,14,0,41.271427
69,3600,1,ramp,100,12,0,41.974167
69,3600,1,ramp,200,15,0,43.43
69,3600,1,ramp,300,14,0,41.70643
69,3600,1,ramp,400,14,0,43.074284
69,3600,1,ramp,500,14,0,41.90143
69,3600,1,ramp,600,14,0,42.157143
69,3600,1,ramp,700,15,0,42.122665
69,3600,1,ramp,800,17,0,42.197647
69,3600,1,ramp,900,16,0,41.68875
69,3600,1,ramp,1000,14,0,41.436428
69,3600,1,ramp,1100,16,0,42.84875
69,3600,1,ramp,1200,15,0,41.826
69,3600,1,ramp,1300,19,0,41.398422
69,3600,1,ramp,1400,19,0,41.382633
69,3600,1,ramp,1500,22,0,40.886818
69,3600,1,ramp,1600,50,0,38.112198
69,3600,1,ramp,1700,26,1,33.58692
69,3600,1,signal,0,3,0,45.013332
69,3600,1,signal,100,2,0,42.2
69,3600,1,signal,200,4,0,44.2375
69,3600,1,signal,300,4,0,42.385
69,3600,1,signal,400,2,0,44.73
69,3600,1,signal,500,4,0,43.2375
69,3600,1,signal,600,4,0,43.43
69,3600,1,signal,700,5,0,41.766
69,3600,1,signal,800,5,0,41.336
69,3600,1,signal,900,4,0,41.105
69,3600,1,signal,1000,6,0,41.66
69,3600,1,signal,1100,4,0,41.8125
69,3600,1,signal,1200,4,0,42.41
69,3600,1,signal,1300,3,0,40.323334
69,3600,1,signal,1400,4,0,39.68
69,3600,1,signal,1500,5,0,42.482002
69,3600,1,signal,1600,10,0,38.329002
69,3600,1,signal,1700,4,0,41.1325
69,3600,2,ramp,0,13,0,40.68308
69,3600,2,ramp,100,13,0,40.404617
69,3600,2,ramp,200,12,0,41.189167
69,3600,2,ramp,300,14,0,41.450714
69,3600,2,ramp,400,11,0,40.778183
69,3600,2,ramp,500,14,0,41.105713
69,3600,2,ramp,600,12,0,41.15333
69,3600,2,ramp,700,14,0,40.287144
69,3600,2,ramp,800,8,0,40.91125
69,3600,2,ramp,900,6,0,42.06
69,3600,2,ramp,1000,10,0,40.993
69,3600,2,ramp,1100,10,0,42.295002
69,3600,2,ramp,1200,10,0,41.444
69,3600,2,ramp,1300,12,0,41.513332
69,3600,2,ramp,1400,12,0,43.600002
69,3600,2,ramp,1500,15,0,40.984
69,3600,2,ramp,1600,10,0,38.606
69,3600,2,ramp,1700,6,0,18.021667
69,3600,2,signal,0,1,0,45.47
69,3600,2,signal,100,3,0,42.523335
69,3600,2,signal,200,4,0,42.88
69,3600,2,signal,300,2,0,42.54
69,3600,2,signal,400,4,0,43.325
69,3600,2,signal,500,4,0,42.305
69,3600,2,signal,600,3,0,41.75
69,3600,2,signal,700,3,0,43.5
69,3600,2,signal,800,11,0,42.37636
69,3600,2,signal,900,11,0,42.32909
69,3600,2,signal,1000,14,0,41.92143
69,3600,2,signal,1100,14,0,42.011433
69,3600,2,signal,1200,10,0,40.634
69,3600,2,signal,1300,13,0,41.526157
69,3600,2,signal,1400,14,0,41.115715
69,3600,2,signal,1500,11,0,40.307274
69,3600,2,signal,1600,7,0,40.18714
69,3600,2,signal,1700,6,1,27.181665
69,3600,3,ramp,0,9,0,39.808887
69,3600,3,ramp,100,11,0,41.028183
69,3600,3,ramp,200,12,0,41.766666
69,3600,3,ramp,300,12,0,42.301666
69,3600,3,ramp,400,13,0,42.25077
69,3600,3,ramp,500,13,0,42.03923
69,3600,3,ramp,600,13,0,41.113075
69,3600,3,ramp,700,14,0,42.00857
69,3600,3,ramp,800,12,0,42.579166
69,3600,3,ramp,900,14,0,41.512856
69,3600,3,ramp,1000,14,0,41.607143
69,3600,3,ramp,1100,10,0,42.045002
69,3600,3,ramp,1200,13,0,42.358463
69,3600,3,ramp,1300,14,0,41.852856
69,3600,3,ramp,1400,12,0,42.005833
69,3600,3,ramp,1500,18,0,42.245003
69,3600,3,ramp,1600,2,0,43.355
69,3600,3,ramp,1700,1,0,34.79
69,3600,3,signal,0,2,0,44.425
69,3600,3,signal,100,4,0,43.8775
69,3600,3,signal,200,4,0,42.302498
69,3600,3,signal,300,2,0,44.295
69,3600,3,signal,400,4,0,43.6375
69,3600,3,signal,500,4,0,42.5425
69,3600,3,signal,600,2,0,44.165
69,3600,3,signal,700,6,0,42.579998
69,3600,3,signal,800,2,0,42.14
69,3600,3,signal,900,2,0,43.265
69,3600,3,signal,1000,1,0,41.43
69,3600,3,signal,1100,2,0,43.260002
69,3600,3,signal,1200,2,0,41.690002
69,3600,3,signal,1300,1,0,44.05
69,3600,3,signal,1400,2,0,41.690002
69,3600,3,signal,1500,2,0,43.260002
69,3600,3,signal,1600,1,0,40.38
69,3600,3,signal,1700,3,0,42.956665
69,3600,4,ramp,0,7,0,40.71857
69,3600,4,ramp,100,10,0,37.4
69,3600,4,ramp,200,8,0,36.06625
69,3600,4,ramp,300,6,0,36.743332
69,3600,4,ramp,400,6,0,36.81
69,3600,4,ramp,500,7,0,35.188572
69,3600,4,ramp,600,6,0,34.851665
69,3600,4,ramp,700,8,0,37.655
69,3600,4,ramp,800,9,0,37.40444
69,3600,4,ramp,900,8,0,39.05125
69,3600,4,ramp,1000,10,0,39.287
69,3600,4,ramp,1100,8,0,40.015
69,3600,4,ramp,1200,9,0,40.083332
69,3600,4,ramp,1300,9,0,39.896667
69,3600,4,ramp,1400,8,0,40.87625
69,3600,4,ramp,1500,5,0,40.844
69,3600,4,signal,0,7,0,37.305714
69,3600,4,signal,100,5,0,37.928
69,3600,4,signal,200,6,0,36.26
69,3600,4,signal,300,6,0,37.916668
69,3600,4,signal,400,8,0,38.96625
69,3600,4,signal,500,7,0,37.425716
69,3600,4,signal,600,7,0,40.547142
69,3600,4,signal,700,3,0,42.76
69,3750,1,ramp,0,14,0,39.91286
69,3750,1,ramp,100,19,0,37.81737
69,3750,1,ramp,200,19,0,38.027893
69,3750,1,ramp,300,19,0,36.05789
69,3750,1,ramp,400,17,0,37.545296
69,3750,1,ramp,500,16,0,36.42875
69,3750,1,ramp,600,16,0,34.941875
69,3750,1,ramp,700,13,0,37.37077
69,3750,1,ramp,800,13,0,36.803078
69,3750,1,ramp,900,14,0,36.78643
69,3750,1,ramp,1000,11,0,40.86273
69,3750,1,ramp,1100,11,0,38.62182
69,3750,1,ramp,1200,15,0,41.437332
69,3750,1,ramp,1300,16,0,40.70625
69,3750,1,ramp,1400,15,0,42.381336
69,3750,1,ramp,1500,17,0,41.659412
69,3750,1,ramp,1600,35,0,39.892857
69,3750,1,ramp,1700,18,0,39.361668
69,3750,1,signal,0,5,0,43.076
69,3750,1,signal,100,4,0,39.7475
69,3750,1,signal,200,4,0,41.885
69,3750,1,signal,300,4,0,41.237503
69,3750,1,signal,400,3,0,41.236668
69,3750,1,signal,500,3,0,41.376667
69,3750,1,signal,600,3,0,42.07
69,3750,1,signal,700,1,0,41.61
69,3750,1,signal,800,2,0,43.715
69,3750,1,signal,900,2,0,41.190002
69,3750,1,signal,1000,2,0,38.87
69,3750,1,signal,1100,3,0,38.67
69,3750,1,signal,1200,1,0,41.94
69,3750,1,signal,1300,2,0,40.265
69,3750,1,signal,1400,2,0,41.71
69,3750,1,signal,1500,2,0,37.57
69,3750,1,signal,1600,4,0,42.010002
69,3750,1,signal,1700,1,0,43.69
69,3750,2,ramp,0,18,0,42.249443
69,3750,2,ramp,100,16,0,40.006874
69,3750,2,ramp,200,15,0,41.319332
69,3750,2,ramp,300,16,0,40.27125
69,3750,2,ramp,400,21,0,41.011906
69,3750,2,ramp,500,20,0,41.1285
69,3750,2,ramp,600,18,0,41.06889
69,3750,2,ramp,700,19,0,41.097366
69,3750,2,ramp,800,19,0,39.66158
69,3750,2,ramp,900,17,0,40.35941
69,3750,2,ramp,1000,16,0,37.88625
69,3750,2,ramp,1100,16,0,38.755627
69,3750,2,ramp,1200,13,0,37.20846
69,3750,2,ramp,1300,9,0,36.63889
69,3750,2,ramp,1400,6,0,36.01
69,3750,2,ramp,1500,6,0,40.838333
69,3750,2,ramp,1600,5,0,41.31
69,3750,2,signal,0,6,0,43.548336
69,3750,2,signal,100,4,0,41.8975
69,3750,2,signal,200,3,0,44.313335
69,3750,2,signal,300,3,0,40.45
69,3750,2,signal,400,4,0,39.5275
69,3750,2,signal,500,3,0,38.873333
69,3750,2,signal,800,4,0,35.0075
69,3750,2,signal,900,4,0,37.65
69,3750,2,signal,1000,4,0,33.225
69,3750,2,signal,1100,5,0,38.166
69,3750,2,signal,1200,7,0,39.971428
69,3750,2,signal,1300,11,0,39.350906
69,3750,2,signal,1400,8,0,39.5425
69,3750,2,signal,1500,8,0,38.28125
69,3750,2,signal,1600,11,0,38.26091
69,3750,2,signal,1700,4,0,39.3825
69,3750,3,ramp,0,18,0,37.553886
69,3750,3,ramp,100,21,0,37.671906
69,3750,3,ramp,200,19,0,37.31421
69,3750,3,ramp,300,18,0,37.176666
69,3750,3,ramp,400,15,0,37.91
69,3750,3,ramp,500,18,0,36.984444
69,3750,3,ramp,600,15,0,35.086002
69,3750,3,ramp,700,9,0,35.58778
69,3750,3,ramp,800,8,0,34.66
69,3750,3,ramp,900,9,0,34.435555
69,3750,3,ramp,1000,9,0,35.896667
69,3750,3,ramp,1100,7,0,38.181427
69,3750,3,ramp,1200,11,0,38.648182
69,3750,3,ramp,1300,10,0,40.897
69,3750,3,ramp,1400,10,0,40.665
69,3750,3,ramp,1500,10,0,42.464
69,3750,3,signal,0,3,0,43.61333
69,3750,3,signal,100,4,0,41.8725
69,3750,3,signal,200,2,0,42.53
69,3750,3,signal,300,1,0,42.18
69,3750,3,signal,400,2,0,43.235
69,3750,3,signal,500,1,0,41.47
69,3750,3,signal,600,2,0,39.83
69,3750,3,signal,700,3,0,33.86
69,3750,3,signal,800,5,0,41.034
69,3750,3,signal,900,1,0,44.23
69,3750,4,ramp,0,19,0,42.78421
69,3750,4,ramp,100,17,0,41.745293
69,3750,4,ramp,200,13,0,41.70385
69,3750,4,ramp,300,20,0,41.641
69,3750,4,ramp,400,21,0,42.13381
69,3750,4,ramp,500,17,0,42.837646
69,3750,4,ramp,600,17,0,40.882942
69,3750,4,ramp,700,19,0,43.08579
69,3750,4,ramp,800,18,0,41.350555
69,3750,4,ramp,900,21,0,41.770477
69,3750,4,ramp,1000,20,0,40.6195
69,3750,4,ramp,1100,18,0,40.904446
69,3750,4,ramp,1200,17,0,40.264706
69,3750,4,ramp,1300,15,0,40.360664
69,3750,4,ramp,1400,19,0,38.896317
69,3750,4,ramp,1500,8,0,39.32125
69,3750,4,signal,0,3,0,45.63667
69,3750,4,signal,100,4,0,41.875
69,3750,4,signal,200,5,0,44.162
69,3750,4,signal,300,5,0,42.966
69,3750,4,signal,400,5,0,43.3
69,3750,4,signal,500,5,0,44.11
69,3750,4,signal,600,7,0,41.035713
69,3750,4,signal,700,4,0,41.247498
69,3750,4,signal,800,2,0,39.645
69,3750,4,signal,900,4,0,42.96
69,3750,4,signal,1000,4,0,40.4425
69,3750,4,signal,1100,2,0,42.614998
69,3750,4,signal,1200,4,0,41.78
69,3750,4,signal,1300,4,0,40.655
69,3750,4,signal,1400,2,0,42.75
69,3750,4,signal,1500,4,0,40.8375
69,3750,4,signal,1600,2,0,43.715
69,3900,1,ramp,0,9,0,43.15222
69,3900,1,ramp,100,8,0,41.8
69,3900,1,ramp,200,10,0,41.504997
69,3900,1,ramp,300,10,0,42.274
69,3900,1,ramp,400,11,0,42.251816
69,3900,1,ramp,500,12,0,41.8325
69,3900,1,ramp,600,7,0,42.478573
69,3900,1,ramp,700,15,0,41.550667
69,3900,1,ramp,800,14,0,39.32143
69,3900,1,ramp,900,14,0,40.31643
69,3900,1,ramp,1000,18,0,37.824448
69,3900,1,ramp,1100,13,0,37.54923
69,3900,1,ramp,1200,11,0,38.406364
69,3900,1,ramp,1300,14,0,36.435
69,3900,1,ramp,1400,13,0,35.744614
69,3900,1,ramp,1500,22,0,37.272728
69,3900,1,ramp,1600,61,0,35.7241
69,3900,1,ramp,1700,32,0,35.236874
69,3900,1,signal,0,3,0,43.576664
69,3900,1,signal,100,4,0,43.155
69,3900,1,signal,200,3,0,41.52
69,3900,1,signal,300,4,0,43.0225
69,3900,1,signal,400,3,0,42.583332
69,3900,1,signal,500,3,0,41.440002
69,3900,1,signal,600,5,0,42.866
69,3900,1,signal,700,5,0,40.968
69,3900,1,signal,800,5,0,38.952
69,3900,1,signal,900,6,0,39.935
69,3900,1,signal,1000,6,0,38.915
69,3900,1,signal,1100,4,0,36.4925
69,3900,1,signal,1200,1,0,42.88
69,3900,1,signal,1300,3,0,41.15333
69,3900,1,signal,1400,3,0,39.95
69,3900,1,signal,1500,8,0,39.53
69,3900,1,signal,1600,7,0,39.182858
69,3900,1,signal,1700,3,0,42.38667
69,3900,2,ramp,0,10,0,43.028
69,3900,2,ramp,100,8,0,42.39
69,3900,2,ramp,200,10,0,41.626
69,3900,2,ramp,300,9,0,41.923332
69,3900,2,ramp,400,9,0,42.412224
69,3900,2,ramp,500,6,0,40.916668
69,3900,2,ramp,600,9,0,41.893333
69,3900,2,ramp,700,9,0,42.293335
69,3900,2,ramp,800,12,0,41.780834
69,3900,2,ramp,900,11,0,42.326363
69,3900,2,ramp,1000,15,0,41.084667
69,3900,2,ramp,1100,14,0,41.978573
69,3900,2,ramp,1200,18,0,41.201668
69,3900,2,ramp,1300,19,0,41.176315
69,3900,2,ramp,1400,21,0,40.818096
69,3900,2,ramp,1500,18,0,38.598335
69,3900,2,ramp,1600,19,0,40.58105
69,3900,2,ramp,1700,4,0,22.66
69,3900,2,signal,0,1,0,42.17
69,3900,2,signal,100,2,0,39.035
69,3900,2,signal,200,4,0,42.24
69,3900,2,signal,300,4,0,40.3475
69,3900,2,signal,400,4,0,40.115
69,3900,2,signal,500,3,0,41.530003
69,3900,2,signal,600,5,0,41.579998
69,3900,2,signal,700,8,0,42.57
69,3900,2,signal,800,12,0,39.89
69,3900,2,signal,900,9,0,42.57111
69,3900,2,signal,1000,12,0,42.4475
69,3900,2,signal,1100,14,0,43.255714
69,3900,2,signal,1200,14,0,41.595
69,3900,2,signal,1300,16,0,42.181877
69,3900,2,signal,1400,17,0,41.196472
69,3900,2,signal,1500,7,0,42.634285
69,3900,2,signal,1600,10,0,41.195
69,3900,2,signal,1700,5,0,44.378
69,3900,3,ramp,0,4,0,43.3975
69,3900,3,ramp,100,4,0,36.2125
69,3900,3,ramp,200,3,0,36.456665
69,3900,3,ramp,300,5,0,35.592
69,3900,3,ramp,400,4,0,36.145
69,3900,3,ramp,500,4,0,37.045
69,3900,3,ramp,600,4,0,32.4025
69,3900,3,ramp,700,5,0,35.97
69,3900,3,ramp,800,6,0,33.731667
69,3900,3,ramp,900,8,0,33.923748
69,3900,3,ramp,1000,5,0,33.746002
69,3900,3,ramp,1100,9,0,33.753334
69,3900,3,ramp,1200,9,0,33.182224
69,3900,3,ramp,1300,8,0,33.39375
69,3900,3,ramp,1400,7,0,32.627144
69,3900,3,ramp,1500,13,0,37.63
69,3900,3,signal,0,4,0,42.684998
69,3900,3,signal,100,4,0,41.2925
69,3900,3,signal,200,4,0,42.0775
69,3900,3,signal,300,6,0,41.823334
69,3900,3,signal,400,5,0,41.934
69,3900,3,signal,500,6,0,41.72333
69,3900,3,signal,600,6,0,41.263332
69,3900,3,signal,700,5,0,41.634
69,3900,3,signal,800,1,0,45.79
69,3900,3,signal,900,2,0,43.754997
69,3900,3,signal,1000,1,0,44.98
69,3900,3,signal,1100,2,0,44.57
69,3900,3,signal,1200,1,0,42.53
69,3900,3,signal,1300,2,0,44.57
69,3900,3,signal,1400,2,0,44.57
69,3900,3,signal,1500,1,0,41.72
69,3900,3,signal,1600,2,0,44.57
69,3900,3,signal,1700,1,0,44.16
69,3900,4,ramp,0,4,0,43.8525
69,3900,4,ramp,100,6,0,42.408333
69,3900,4,ramp,200,6,0,43.036667
69,3900,4,ramp,300,5,0,41.126
69,3900,4,ramp,400,5,0,42.974
69,3900,4,ramp,500,7,0,41.5
69,3900,4,ramp,600,10,0,41.877
69,3900,4,ramp,700,10,0,41.8
69,3900,4,ramp,800,11,0,41.632725
69,3900,4,ramp,900,11,0,42.405453
69,3900,4,ramp,1000,15,0,41.31533
69,3900,4,ramp,1100,14,0,43.00357
69,3900,4,ramp,1200,18,0,41.496666
69,3900,4,ramp,1300,21,0,42.43476
69,3900,4,ramp,1400,21,0,42.056667
69,3900,4,ramp,1500,17,0,41.53588
69,3900,4,signal,0,3,0,45.006668
69,3900,4,signal,100,2,0,44.375
69,3900,4,signal,200,4,0,44.4025
69,3900,4,signal,300,4,0,44.7425
69,3900,4,signal,400,2,0,45.11
69,3900,4,signal,500,3,0,44.49667
69,3900,4,signal,600,2,0,44.345
69,3900,4,signal,700,1,0,43.95
69,3900,4,signal,1600,2,0,42.03
69,3900,4,signal,1700,4,0,40.8375
69,4050,1,ramp,0,14,0,42.59
69,4050,1,ramp,100,12,0,42.508335
69,4050,1,ramp,200,10,0,41.348
69,4050,1,ramp,300,12,0,42.0
69,4050,1,ramp,400,8,0,41.595
69,4050,1,ramp,500,12,0,40.8325
69,4050,1,ramp,600,10,0,40.664
69,4050,1,ramp,700,9,0,41.917778
69,4050,1,ramp,800,10,0,41.121
69,4050,1,ramp,900,11,0,41.616364
69,4050,1,ramp,1000,9,0,41.787777
69,4050,1,ramp,1100,10,0,42.009
69,4050,1,ramp,1200,10,0,41.371
69,4050,1,ramp,1300,12,0,41.593334
69,4050,1,ramp,1400,9,0,42.596664
69,4050,1,ramp,1500,14,0,41.377144
69,4050,1,ramp,1600,30,0,41.218002
69,4050,1,ramp,1700,10,0,40.887
69,4050,1,signal,0,4,0,38.035
69,4050,1,signal,100,4,0,37.620003
69,4050,1,signal,200,7,0,38.334286
69,4050,1,signal,300,4,0,36.745003
69,4050,1,signal,400,6,0,39.743336
69,4050,1,signal,500,7,0,38.41143
69,4050,1,signal,600,4,0,36.447502
69,4050,1,signal,700,6,0,40.01167
69,4050,1,signal,800,6,0,36.55
69,4050,1,signal,900,5,0,38.882
69,4050,1,signal,1000,5,0,38.458
69,4050,1,signal,1100,5,0,35.472
69,4050,1,signal,1200,1,0,41.04
69,4050,1,signal,1300,2,0,42.965
69,4050,1,signal,1400,2,0,42.965
69,4050,1,signal,1500,1,0,41.81
69,4050,1,signal,1600,2,0,43.735
69,4050,1,signal,1700,1,0,44.12
69,4050,2,ramp,0,9,0,42.345554
69,4050,2,ramp,100,13,0,42.284615
69,4050,2,ramp,200,11,0,41.77182
69,4050,2,ramp,300,14,0,42.085
69,4050,2,ramp,400,12,0,41.4875
69,4050,2,ramp,500,12,0,42.018333
69,4050,2,ramp,600,17,0,40.757057
69,4050,2,ramp,700,9,0,43.626667
69,4050,2,ramp,800,10,0,42.573997
69,4050,2,ramp,900,11,0,43.694546
69,4050,2,ramp,1000,13,0,43.39846
69,4050,2,ramp,1100,11,0,42.561817
69,4050,2,ramp,1200,11,0,43.147274
69,4050,2,ramp,1300,8,0,43.14625
69,4050,2,ramp,1400,8,0,43.33875
69,4050,2,ramp,1500,8,0,42.32
69,4050,2,ramp,1600,3,0,41.496666
69,4050,2,ramp,1700,2,0,30.78
69,4050,2,signal,0,5,0,44.154
69,4050,2,signal,100,3,0,41.36333
69,4050,2,signal,200,3,0,43.67
69,4050,2,signal,300,2,0,43.9
69,4050,2,signal,400,1,0,45.86
69,4050,2,signal,500,2,0,43.9
69,4050,2,signal,600,1,0,46.42
69,4050,2,signal,700,2,0,43.9
69,4050,2,signal,800,8,0,43.38375
69,4050,2,signal,900,6,0,43.611664
69,4050,2,signal,1000,5,0,44.262
69,4050,2,signal,1100,5,0,42.678
69,4050,2,signal,1200,5,0,43.697998
69,4050,2,signal,1300,6,0,43.248333
69,4050,2,signal,1400,3,0,43.76
69,4050,2,signal,1500,9,0,41.050003
69,4050,2,signal,1600,8,0,43.2775
69,4050,2,signal,1700,4,0,40.6375
69,4050,3,ramp,0,12,0,44.587498
69,4050,3,ramp,100,10,0,42.919
69,4050,3,ramp,200,13,0,42.985386
69,4050,3,ramp,300,12,0,42.9325
69,4050,3,ramp,400,9,0,43.024445
69,4050,3,ramp,500,12,0,42.9875
69,4050,3,ramp,600,9,0,42.433334
69,4050,3,ramp,700,10,0,43.807
69,4050,3,ramp,800,11,0,42.407272
69,4050,3,ramp,900,7,0,42.90286
69,4050,3,ramp,1000,9,0,42.826668
69,4050,3,ramp,1100,9,0,42.45111
69,4050,3,ramp,1200,8,0,42.9225
69,4050,3,ramp,1300,8,0,42.68125
69,4050,3,ramp,1400,12,0,39.823334
69,4050,3,ramp,1500,8,0,40.87125
69,4050,3,ramp,1600,1,0,40.13
69,4050,3,signal,0,3,0,44.13
69,4050,3,signal,100,3,0,43.656666
69,4050,3,signal,200,4,0,43.2625
69,4050,3,signal,300,3,0,43.86667
69,4050,3,signal,400,3,0,42.966663
69,4050,3,signal,500,4,0,43.2625
69,4050,3,signal,600,3,0,43.60667
69,4050,3,signal,700,4,0,43.7975
69,4050,3,signal,800,2,0,42.625
69,4050,3,signal,900,1,0,42.23
69,4050,3,signal,1000,2,0,43.4
69,4050,3,signal,1100,1,0,41.45
69,4050,4,ramp,0,8,0,42.892498
69,4050,4,ramp,100,7,0,42.138573
69,4050,4,ramp,200,7,0,42.138573
69,4050,4,ramp,300,8,0,42.86875
69,4050,4,ramp,400,9,0,42.466667
69,4050,4,ramp,500,8,0,42.76
69,4050,4,ramp,600,10,0,42.198
69,4050,4,ramp,700,7,0,43.388573
69,4050,4,ramp,800,7,0,41.811428
69,4050,4,ramp,900,7,0,42.834286
69,4050,4,ramp,1000,5,0,42.498
69,4050,4,ramp,1100,4,0,43.4375
69,4050,4,ramp,1200,6,0,42.31
69,4050,4,ramp,1300,4,0,42.13
69,4050,4,ramp,1400,7,0,42.41714
69,4050,4,ramp,1500,4,0,43.955
69,4050,4,signal,0,6,0,43.87167
69,4050,4,signal,100,6,0,41.13
69,4050,4,signal,200,8,0,41.89875
69,4050,4,signal,300,4,0,42.6825
69,4050,4,signal,400,6,0,41.716667
69,4050,4,signal,500,4,0,43.0725
69,4050,4,signal,600,5,0,42.888
69,4050,4,signal,700,5,0,42.82
69,4050,4,signal,800,3,0,41.083332
69,4050,4,signal,900,4,0,43.4225
69,4050,4,signal,1000,4,0,40.3625
69,4050,4,signal,1100,1,0,41.68
69,4050,4,signal,1200,2,0,43.035
69,4050,4,signal,1300,2,0,40.33
69,4050,4,signal,1400,1,0,44.39
69,4050,4,signal,1500,1,0,41.68
69,4200,1,ramp,0,17,0,41.02294
69,4200,1,ramp,100,15,0,39.510666
69,4200,1,ramp,200,14,0,40.2
69,4200,1,ramp,300,14,0,40.69
69,4200,1,ramp,400,12,0,39.6075
69,4200,1,ramp,500,11,0,39.093636
69,4200,1,ramp,600,13,0,40.035385
69,4200,1,ramp,700,13,0,39.923847
69,4200,1,ramp,800,10,0,39.045002
69,4200,1,ramp,900,12,0,39.994167
69,4200,1,ramp,1000,14,0,40.85143
69,4200,1,ramp,1100,12,0,39.664165
69,4200,1,ramp,1200,12,0,39.58917
69,4200,1,ramp,1300,10,0,42.377
69,4200,1,ramp,1400,8,0,42.56125
69,4200,1,ramp,1500,12,0,42.170002
69,4200,1,ramp,1600,36,0,41.131668
69,4200,1,ramp,1700,12,0,42.051666
69,4200,1,signal,0,6,0,38.178333
69,4200,1,signal,100,6,0,38.823334
69,4200,1,signal,200,4,0,37.245003
69,4200,1,signal,300,7,0,36.395714
69,4200,1,signal,400,5,0,37.834
69,4200,1,signal,500,3,0,35.023335
69,4200,1,signal,600,3,0,30.336668
69,4200,1,signal,700,2,0,31.390001
69,4200,1,signal,800,1,0,30.94
69,4200,1,signal,1000,1,0,47.78
69,4200,1,signal,1100,1,0,43.74
69,4200,1,signal,1200,4,0,37.675
69,4200,1,signal,1300,4,0,35.7975
69,4200,1,signal,1400,7,0,36.345715
69,4200,1,signal,1500,5,0,34.329998
69,4200,1,signal,1600,4,0,38.635002
69,4200,1,signal,1700,3,0,38.626667
69,4200,2,ramp,0,17,0,42.545296
69,4200,2,ramp,100,14,0,41.960716
69,4200,2,ramp,200,11,0,42.100906
69,4200,2,ramp,300,14,0,41.924286
69,4200,2,ramp,400,13,0,41.955383
69,4200,2,ramp,500,10,0,42.555
69,4200,2,ramp,600,10,0,41.834
69,4200,2,ramp,700,14,0,40.45357
69,4200,2,ramp,800,11,0,39.223637
69,4200,2,ramp,900,9,0,40.38222
69,4200,2,ramp,1000,6,0,39.48
69,4200,2,ramp,1100,8,0,40.614998
69,4200,2,ramp,1200,12,0,41.101665
69,4200,2,ramp,1300,11,0,40.561817
69,4200,2,ramp,1400,12,0,40.825
69,4200,2,ramp,1500,14,0,41.423573
69,4200,2,ramp,1600,5,0,42.691998
69,4200,2,ramp,1700,1,0,27.64
69,4200,2,signal,0,3,0,42.423336
69,4200,2,signal,100,4,0,41.8725
69,4200,2,signal,200,3,0,42.746662
69,4200,2,signal,300,5,0,41.866
69,4200,2,signal,400,6,0,41.893333
69,4200,2,signal,500,8,0,41.7375
69,4200,2,signal,600,8,0,42.40125
69,4200,2,signal,700,5,0,40.262
69,4200,2,signal,800,12,0,42.389168
69,4200,2,signal,900,6,0,42.031666
69,4200,2,signal,1000,8,0,42.3975
69,4200,2,signal,1100,10,0,42.68
69,4200,2,signal,1200,8,0,42.40125
69,4200,2,signal,1300,7,0,41.980003
69,4200,2,signal,1400,8,0,41.42
69,4200,2,signal,1500,6,0,40.728333
69,4200,2,signal,1600,7,0,42.867146
69,4200,2,signal,1700,2,0,45.36
69,4200,3,ramp,0,12,0,43.12
69,4200,3,ramp,100,13,0,41.52
69,4200,3,ramp,200,13,0,41.96077
69,4200,3,ramp,300,12,0,42.852497
69,4200,3,ramp,400,12,0,43.234165
69,4200,3,ramp,500,11,0,43.081818
69,4200,3,ramp,600,13,0,43.62231
69,4200,3,ramp,700,11,0,44.327274
69,4200,3,ramp,800,10,0,43.343
69,4200,3,ramp,900,14,0,43.852856
69,4200,3,ramp,1000,12,0,43.99667
69,4200,3,ramp,1100,14,0,43.58357
69,4200,3,ramp,1200,14,0,43.54357
69,4200,3,ramp,1300,11,0,44.192726
69,4200,3,ramp,1400,12,0,42.815002
69,4200,3,ramp,1500,10,0,44.288998
69,4200,3,signal,0,4,0,38.375
69,4200,3,signal,100,3,0,35.61
69,4200,3,signal,200,4,0,37.225
69,4200,3,signal,300,4,0,38.375
69,4200,3,signal,400,5,0,36.434
69,4200,3,signal,500,3,0,35.783333
69,4200,3,signal,600,4,0,37.6875
69,4200,3,signal,700,3,0,41.693333
69,4200,3,signal,800,2,0,40.449997
69,4200,3,signal,900,4,0,41.8625
69,4200,3,signal,1000,4,0,39.9225
69,4200,3,signal,1100,2,0,42.815002
69,4200,3,signal,1200,3,0,42.58
69,4200,3,signal,1300,4,0,41.945
69,4200,3,signal,1400,4,0,42.1675
69,4200,3,signal,1500,2,0,42.464996
69,4200,3,signal,1600,4,0,42.1675
69,4200,3,signal,1700,4,0,41.945
69,4200,4,ramp,0,9,0,42.917778
69,4200,4,ramp,100,9,0,41.317776
69,4200,4,ramp,200,8,0,40.9375
69,4200,4,ramp,300,8,0,41.9225
69,4200,4,ramp,400,8,0,41.88125
69,4200,4,ramp,500,7,0,41.344288
69,4200,4,ramp,600,6,0,42.088333
69,4200,4,ramp,700,7,0,41.425716
69,4200,4,ramp,800,9,0,41.625557
69,4200,4,ramp,900,10,0,42.381
69,4200,4,ramp,1000,8,0,41.83875
69,4200,4,ramp,1100,5,0,42.362
69,4200,4,ramp,1200,8,0,42.0
69,4200,4,ramp,1300,7,0,41.94286
69,4200,4,ramp,1400,7,0,42.22571
69,4200,4,ramp,1500,5,0,42.162
69,4200,4,signal,0,11,0,36.590908
69,4200,4,signal,100,8,0,35.03
69,4200,4,signal,200,6,0,38.178333
69,4200,4,signal,300,8,0,39.62
69,4200,4,signal,400,5,0,40.079998
69,4200,4,signal,500,7,0,41.542854
69,4200,4,signal,600,6,0,42.09833
69,4200,4,signal,700,3,0,41.633335
69,4200,4,signal,800,2,0,42.129997
69,4200,4,signal,900,2,0,40.879997
69,4200,4,signal,1000,2,0,44.21
69,4200,4,signal,1100,3,0,43.320004
69,4200,4,signal,1200,1,0,42.1
69,4200,4,signal,1300,2,0,40.39
69,4200,4,signal,1400,2,0,43.815002
69,4200,4,signal,1500,2,0,40.295
69,4200,4,signal,1600,4,0,41.7125
69,4200,4,signal,1700,4,0,42.072502
69,4350,1,ramp,0,8,0,42.185
69,4350,1,ramp,100,9,0,40.734444
69,4350,1,ramp,200,10,0,42.429
69,4350,1,ramp,300,12,0,41.5625
69,4350,1,ramp,400,13,0,41.29077
69,4350,1,ramp,500,15,0,42.188667
69,4350,1,ramp,600,11,0,40.497272
69,4350,1,ramp,700,14,0,41.53286
69,4350,1,ramp,800,18,0,40.98
69,4350,1,ramp,900,14,0,41.77643
69,4350,1,ramp,1000,14,0,42.664284
69,4350,1,ramp,1100,14,0,42.412144
69,4350,1,ramp,1200,14,0,41.927143
69,4350,1,ramp,1300,14,0,40.642857
69,4350,1,ramp,1400,14,0,40.359997
69,4350,1,ramp,1500,19,0,39.887894
69,4350,1,ramp,1600,47,0,38.608936
69,4350,1,ramp,1700,24,0,40.4875
69,4350,1,signal,0,11,0,42.929092
69,4350,1,signal,100,10,0,42.819
69,4350,1,signal,200,5,0,42.312
69,4350,1,signal,300,5,0,45.148003
69,4350,1,signal,400,6,0,43.83667
69,4350,1,signal,500,4,0,43.14
69,4350,1,signal,600,7,0,44.09
69,4350,1,signal,700,5,0,43.862
69,4350,1,signal,800,7,0,41.495716
69,4350,1,signal,900,8,0,38.405
69,4350,1,signal,1000,7,0,38.964287
69,4350,1,signal,1100,7,0,38.165714
69,4350,1,signal,1200,10,0,38.714
69,4350,1,signal,1300,8,0,38.335
69,4350,1,signal,1400,5,0,35.224
69,4350,1,signal,1500,3,0,30.636667
69,4350,1,signal,1600,4,0,35.2675
69,4350,1,signal,1700,2,0,36.32
69,4350,2,ramp,0,15,0,43.270668
69,4350,2,ramp,100,13,0,41.313847
69,4350,2,ramp,200,12,0,42.420834
69,4350,2,ramp,300,13,0,41.921535
69,4350,2,ramp,400,14,0,42.396427
69,4350,2,ramp,500,16,0,41.853127
69,4350,2,ramp,600,17,0,41.82412
69,4350,2,ramp,700,16,0,41.903126
69,4350,2,ramp,800,17,0,41.49647
69,4350,2,ramp,900,20,0,41.4595
69,4350,2,ramp,1000,18,0,41.26167
69,4350,2,ramp,1100,19,0,40.77842
69,4350,2,ramp,1200,18,0,40.884445
69,4350,2,ramp,1300,18,0,40.54111
69,4350,2,ramp,1400,17,0,41.615295
69,4350,2,ramp,1500,19,0,39.81842
69,4350,2,ramp,1600,5,0,35.616
69,4350,2,ramp,1700,1,0,28.71
69,4350,2,signal,0,4,0,45.4525
69,4350,2,signal,100,3,0,44.626667
69,4350,2,signal,200,3,0,44.00333
69,4350,2,signal,300,3,0,43.39
69,4350,2,signal,400,1,0,42.94
69,4350,2,signal,500,2,0,43.864998
69,4350,2,signal,600,1,0,45.11
69,4350,2,signal,700,2,0,43.85
69,4350,2,signal,800,8,0,34.505
69,4350,2,signal,900,9,0,35.828888
69,4350,2,signal,1000,10,0,36.226
69,4350,2,signal,1100,11,0,34.19
69,4350,2,signal,1200,9,0,35.07222
69,4350,2,signal,1300,9,0,36.17889
69,4350,2,signal,1400,7,0,38.32143
69,4350,2,signal,1500,10,0,39.079998
69,4350,2,signal,1600,9,0,38.642223
69,4350,2,signal,1700,5,0,38.204002
69,4350,3,ramp,0,11,0,43.192726
69,4350,3,ramp,100,16,0,42.485626
69,4350,3,ramp,200,16,0,41.430626
69,4350,3,ramp,300,13,0,41.537693
69,4350,3,ramp,400,16,0,42.078125
69,4350,3,ramp,500,22,0,41.89364
69,4350,3,ramp,600,22,0,41.31227
69,4350,3,ramp,700,21,0,41.90048
69,4350,3,ramp,800,17,0,42.388233
69,4350,3,ramp,900,18,0,41.54889
69,4350,3,ramp,1000,14,0,41.167854
69,4350,3,ramp,1100,16,0,42.489376
69,4350,3,ramp,1200,15,0,41.91467
69,4350,3,ramp,1300,14,0,41.65214
69,4350,3,ramp,1400,13,0,42.73
69,4350,3,ramp,1500,10,0,42.237
69,4350,3,ramp,1700,1,0,8.94
69,4350,3,signal,0,2,0,37.985
69,4350,3,signal,100,2,0,43.545
69,4350,3,signal,200,2,0,42.64
69,4350,3,signal,300,1,0,43.09
69,4350,3,signal,400,2,0,43.54
69,4350,3,signal,500,2,0,42.635002
69,4350,3,signal,700,4,0,35.2575
69,4350,3,signal,1100,2,0,39.8
69,4350,3,signal,1200,1,0,40.97
69,4350,3,signal,1300,2,0,40.58
69,4350,3,signal,1400,2,0,39.805
69,4350,3,signal,1500,2,0,39.8
69,4350,3,signal,1600,1,0,41.74
69,4350,3,signal,1700,2,0,39.800003
69,4350,4,ramp,0,10,0,41.562
69,4350,4,ramp,100,10,0,39.545002
69,4350,4,ramp,200,11,0,39.921818
69,4350,4,ramp,300,8,0,38.3425
69,4350,4,ramp,400,12,0,39.605
69,4350,4,ramp,500,7,0,39.224285
69,4350,4,ramp,600,5,0,38.994
69,4350,4,ramp,700,6,0,37.52
69,4350,4,ramp,800,3,0,42.17
69,4350,4,ramp,900,4,0,41.515
69,4350,4,ramp,1000,4,0,41.1525
69,4350,4,ramp,1100,8,0,41.965
69,4350,4,ramp,1200,8,0,41.9
69,4350,4,ramp,1300,5,0,41.304
69,4350,4,ramp,1400,5,0,42.54
69,4350,4,ramp,1500,4,0,42.3
69,4350,4,ramp,1600,2,0,35.3
69,4350,4,signal,0,4,0,42.5225
69,4350,4,signal,100,5,0,37.038002
69,4350,4,signal,200,6,0,34.281666
69,4350,4,signal,300,8,0,33.62625
69,4350,4,signal,400,7,0,34.5
69,4350,4,signal,500,9,0,32.50222
69,4350,4,signal,600,11,0,34.761818
69,4350,4,signal,700,7,0,33.62143
69,4350,4,signal,800,5,0,34.758
69,4350,4,signal,900,5,0,34.526
69,4350,4,signal,1000,4,0,36.114998
69,4350,4,signal,1100,2,0,30.689999
69,4350,4,signal,1200,5,0,35.034
69,4350,4,signal,1300,4,0,37.002502
69,4350,4,signal,1400,3,0,34.986668
69,4350,4,signal,1500,2,0,40.46
69,4350,4,signal,1600,2,0,42.54
69,4350,4,signal,1700,1,0,44.83
69,4500,1,ramp,0,6,0,44.21167
69,4500,1,ramp,100,6,0,43.066666
69,4500,1,ramp,200,3,0,43.403336
69,4500,1,ramp,300,6,0,43.358334
69,4500,1,ramp,400,4,0,43.635
69,4500,1,ramp,500,5,0,43.635998
69,4500,1,ramp,600,8,0,42.9525
69,4500,1,ramp,700,5,0,43.812
69,4500,1,ramp,800,7,0,43.75857
69,4500,1,ramp,900,9,0,42.40222
69,4500,1,ramp,1000,7,0,41.855713
69,4500,1,ramp,1100,9,0,40.615555
69,4500,1,ramp,1200,11,0,41.53909
69,4500,1,ramp,1300,8,0,40.728752
69,4500,1,ramp,1400,9,0,42.217777
69,4500,1,ramp,1500,13,0,41.104614
69,4500,1,ramp,1600,38,0,37.695263
69,4500,1,ramp,1700,22,0,39.61545
69,4500,1,signal,0,8,0,43.35125
69,4500,1,signal,100,9,0,41.94
69,4500,1,signal,200,12,0,42.407497
69,4500,1,signal,300,10,0,42.453
69,4500,1,signal,400,12,0,42.357502
69,4500,1,signal,500,12,0,42.268333
69,4500,1,signal,600,10,0,42.048
69,4500,1,signal,700,8,0,42.197502
69,4500,1,signal,800,11,0,42.493637
69,4500,1,signal,900,11,0,41.873634
69,4500,1,signal,1000,7,0,42.021427
69,4500,1,signal,1100,9,0,41.205555
69,4500,1,signal,1200,8,0,40.61375
69,4500,1,signal,1300,6,0,39.27
69,4500,1,signal,1400,9,0,42.001114
69,4500,1,signal,1500,7,0,41.855713
69,4500,1,signal,1600,8,0,40.201252
69,4500,1,signal,1700,1,0,44.21
69,4500,2,ramp,0,8,0,40.9125
69,4500,2,ramp,100,10,0,39.695
69,4500,2,ramp,200,8,0,39.67
69,4500,2,ramp,300,12,0,40.453335
69,4500,2,ramp,400,9,0,40.045555
69,4500,2,ramp,500,10,0,41.984
69,4500,2,ramp,600,10,0,42.506
69,4500,2,ramp,700,8,0,42.85625
69,4500,2,ramp,800,14,0,41.28143
69,4500,2,ramp,900,9,0,42.20889
69,4500,2,ramp,1000,14,0,41.22286
69,4500,2,ramp,1100,13,0,42.265385
69,4500,2,ramp,1200,12,0,41.329998
69,4500,2,ramp,1300,15,0,41.38
69,4500,2,ramp,1400,14,0,41.747143
69,4500,2,ramp,1500,12,0,42.041668
69,4500,2,ramp,1600,8,0,38.64875
69,4500,2,signal,0,4,0,41.11
69,4500,2,signal,100,3,0,42.436665
69,4500,2,signal,200,4,0,40.625
69,4500,2,signal,300,4,0,40.7925
69,4500,2,signal,400,6,0,42.798336
69,4500,2,signal,500,4,0,43.315002
69,4500,2,signal,600,5,0,41.7
69,4500,2,signal,700,7,0,40.58143
69,4500,2,signal,800,12,0,41.0425
69,4500,2,signal,900,11,0,41.275455
69,4500,2,signal,1000,6,0,42.578335
69,4500,2,signal,1100,9,0,43.144444
69,4500,2,signal,1200,7,0,42.41143
69,4500,2,signal,1300,4,0,44.0875
69,4500,2,signal,1400,10,0,40.6
69,4500,2,signal,1500,8,0,38.93375
69,4500,2,signal,1600,11,0,41.215454
69,4500,2,signal,1700,8,0,39.7475
69,4500,3,ramp,0,2,0,43.345
69,4500,3,ramp,100,4,0,40.86
69,4500,3,ramp,200,7,0,42.19143
69,4500,3,ramp,300,7,0,41.451427
69,4500,3,ramp,400,6,0,43.573334
69,4500,3,ramp,500,8,0,42.14375
69,4500,3,ramp,600,6,0,41.558334
69,4500,3,ramp,700,8,0,41.798748
69,4500,3,ramp,800,7,0,42.71
69,4500,3,ramp,900,9,0,42.10889
69,4500,3,ramp,1000,12,0,42.335835
69,4500,3,ramp,1100,12,0,43.181667
69,4500,3,ramp,1200,14,0,41.698574
69,4500,3,ramp,1300,13,0,41.784615
69,4500,3,ramp,1400,17,0,42.56765
69,4500,3,ramp,1500,12,0,42.134167
69,4500,3,signal,0,6,0,38.906666
69,4500,3,signal,100,7,0,37.68143
69,4500,3,signal,200,9,0,37.761112
69,4500,3,signal,300,6,0,36.938335
69,4500,3,signal,400,9,0,37.651108
69,4500,3,signal,500,8,0,38.23875
69,4500,3,signal,600,8,0,36.485
69,4500,3,signal,700,8,0,38.88
69,4500,3,signal,800,7,0,38.17857
69,4500,3,signal,900,4,0,37.305
69,4500,3,signal,1000,4,0,34.445
69,4500,3,signal,1100,4,0,37.305
69,4500,3,signal,1200,4,0,36.8275
69,4500,3,signal,1300,3,0,36.353333
69,4500,3,signal,1400,2,0,41.190002
69,4500,3,signal,1500,2,0,43.135002
69,4500,3,signal,1600,2,0,41.190002
69,4500,3,signal,1700,1,0,43.46
69,4500,4,ramp,0,12,0,41.124165
69,4500,4,ramp,100,10,0,38.739002
69,4500,4,ramp,200,12,0,40.361668
69,4500,4,ramp,300,15,0,39.239334
69,4500,4,ramp,400,8,0,38.975
69,4500,4,ramp,500,11,0,41.28091
69,4500,4,ramp,600,14,0,39.944283
69,4500,4,ramp,700,11,0,40.035458
69,4500,4,ramp,800,14,0,39.138573
69,4500,4,ramp,900,17,0,37.590588
69,4500,4,ramp,1000,7,0,41.287144
69,4500,4,ramp,1100,11,0,39.217274
69,4500,4,ramp,1200,9,0,41.031113
69,4500,4,ramp,1300,7,0,37.025715
69,4500,4,ramp,1400,10,0,41.119
69,4500,4,ramp,1500,7,0,39.72286
69,4500,4,signal,200,1,0,43.93
69,4500,4,signal,300,2,0,42.73
69,4500,4,signal,400,1,0,44.41
69,4500,4,signal,500,2,0,42.73
69,4500,4,signal,600,2,0,43.690002
69,4500,4,signal,700,1,0,42.97
69,4500,4,signal,900,2,0,44.76
69,4500,4,signal,1000,1,0,45.11
69,4500,4,signal,1100,4,0,42.322502
69,4500,4,signal,1200,2,0,43.11
69,4500,4,signal,1300,4,0,42.32
69,4500,4,signal,1400,4,0,42.585
69,4500,4,signal,1500,5,0,34.6
69,4500,4,signal,1600,3,0,35.05
69,4500,4,signal,1700,4,0,35.875
69,4650,1,ramp,0,7,0,45.31
69,4650,1,ramp,100,8,0,42.78875
69,4650,1,ramp,200,8,0,44.92625
69,4650,1,ramp,300,6,0,43.664997
69,4650,1,ramp,400,6,0,44.063335
69,4650,1,ramp,500,6,0,44.438335
69,4650,1,ramp,600,7,0,43.822857
69,4650,1,ramp,700,6,0,44.756668
69,4650,1,ramp,800,5,0,44.176003
69,4650,1,ramp,900,4,0,42.6075
69,4650,1,ramp,1000,6,0,45.02
69,4650,1,ramp,1100,3,0,42.25333
69,4650,1,ramp,1200,3,0,45.546665
69,4650,1,ramp,1300,3,0,44.11333
69,4650,1,ramp,1400,3,0,43.61333
69,4650,1,ramp,1500,7,0,41.212856
69,4650,1,ramp,1600,27,0,40.583332
69,4650,1,ramp,1700,12,0,40.142498
69,4650,1,signal,0,3,0,43.940002
69,4650,1,signal,100,5,0,41.188
69,4650,1,signal,200,6,0,42.89333
69,4650,1,signal,300,5,0,42.122
69,4650,1,signal,400,4,0,42.0325
69,4650,1,signal,500,6,0,42.87167
69,4650,1,signal,600,4,0,42.9525
69,4650,1,signal,700,5,0,42.424
69,4650,1,signal,800,7,0,41.931427
69,4650,1,signal,900,5,0,42.516
69,4650,1,signal,1000,6,0,42.608334
69,4650,1,signal,1100,7,0,43.005714
69,4650,1,signal,1200,8,0,41.91375
69,4650,1,signal,1300,10,0,42.795002
69,4650,1,signal,1400,10,0,42.051003
69,4650,1,signal,1500,9,0,40.90222
69,4650,1,signal,1600,10,0,41.407
69,4650,1,signal,1700,6,0,40.908333
69,4650,2,ramp,0,5,0,43.64
69,4650,2,ramp,100,5,0,43.724
69,4650,2,ramp,200,5,0,42.385998
69,4650,2,ramp,300,5,0,43.178
69,4650,2,ramp,400,6,0,41.561665
69,4650,2,ramp,500,6,0,39.82
69,4650,2,ramp,600,8,0,40.235
69,4650,2,ramp,700,7,0,39.608574
69,4650,2,ramp,800,7,0,40.09714
69,4650,2,ramp,900,9,0,39.885555
69,4650,2,ramp,1000,9,0,39.985554
69,4650,2,ramp,1100,9,0,39.774445
69,4650,2,ramp,1200,6,0,40.01
69,4650,2,ramp,1300,6,0,37.805
69,4650,2,ramp,1400,8,0,39.521248
69,4650,2,ramp,1500,10,0,40.047
69,4650,2,ramp,1600,1,0,40.3
69,4650,2,signal,0,7,0,42.59857
69,4650,2,signal,100,6,0,41.61
69,4650,2,signal,200,7,0,41.989998
69,4650,2,signal,300,7,0,41.41
69,4650,2,signal,400,5,0,41.616
69,4650,2,signal,500,4,0,41.989998
69,4650,2,signal,600,6,0,41.51
69,4650,2,signal,700,3,0,42.530003
69,4650,2,signal,800,8,0,42.4325
69,4650,2,signal,900,7,0,42.640003
69,4650,2,signal,1000,7,0,38.53143
69,4650,2,signal,1100,7,0,39.57
69,4650,2,signal,1200,6,0,38.755
69,4650,2,signal,1300,8,0,40.505
69,4650,2,signal,1400,5,0,38.503998
69,4650,2,signal,1500,4,0,37.805
69,4650,2,signal,1600,6,0,38.398335
69,4650,2,signal,1700,2,0,36.61
69,4650,3,ramp,0,8,0,43.365
69,4650,3,ramp,100,11,0,42.433636
69,4650,3,ramp,200,11,0,43.032726
69,4650,3,ramp,300,8,0,42.15375
69,4650,3,ramp,400,9,0,42.672222
69,4650,3,ramp,500,12,0,42.469166
69,4650,3,ramp,600,7,0,42.077145
69,4650,3,ramp,700,9,0,41.678886
69,4650,3,ramp,800,8,0,42.73375
69,4650,3,ramp,900,8,0,42.16875
69,4650,3,ramp,1000,10,0,42.563
69,4650,3,ramp,1100,8,0,42.82375
69,4650,3,ramp,1200,10,0,42.406
69,4650,3,ramp,1300,12,0,41.991665
69,4650,3,ramp,1400,13,0,41.42077
69,4650,3,ramp,1500,11,0,41.072727
69,4650,3,signal,0,1,0,46.64
69,4650,3,signal,100,2,0,43.65
69,4650,3,signal,200,1,0,44.65
69,4650,3,signal,300,2,0,45.645
69,4650,3,signal,400,2,0,43.65
69,4650,3,signal,500,1,0,46.64
69,4650,3,signal,600,2,0,43.65
69,4650,3,signal,700,1,0,44.65
69,4650,3,signal,800,2,0,44.085
69,4650,3,signal,900,3,0,43.09
69,4650,3,signal,1000,3,0,43.8
69,4650,3,signal,1100,4,0,41.6725
69,4650,3,signal,1200,3,0,43.38667
69,4650,3,signal,1300,3,0,42.27667
69,4650,3,signal,1400,7,0,38.22571
69,4650,3,signal,1500,5,0,38.288002
69,4650,3,signal,1600,5,0,38.73
69,4650,3,signal,1700,3,0,35.626667
69,4650,4,ramp,0,7,0,43.395714
69,4650,4,ramp,100,6,0,42.274998
69,4650,4,ramp,200,5,0,42.968
69,4650,4,ramp,300,5,0,42.526
69,4650,4,ramp,400,6,0,43.37
69,4650,4,ramp,500,4,0,43.1425
69,4650,4,ramp,600,5,0,42.354
69,4650,4,ramp,700,7,0,42.865715
69,4650,4,ramp,800,5,0,41.534
69,4650,4,ramp,900,6,0,41.881664
69,4650,4,ramp,1000,7,0,38.474285
69,4650,4,ramp,1100,7,0,38.195713
69,4650,4,ramp,1200,8,0,37.072502
69,4650,4,ramp,1300,8,0,39.08125
69,4650,4,ramp,1400,7,0,38.537144
69,4650,4,ramp,1500,5,0,36.98
69,4650,4,signal,0,5,0,43.846
69,4650,4,signal,100,5,0,42.508
69,4650,4,signal,200,5,0,42.691998
69,4650,4,signal,300,4,0,43.53
69,4650,4,signal,400,6,0,42.681667
69,4650,4,signal,500,4,0,42.6
69,4650,4,signal,600,3,0,42.533333
69,4650,4,signal,700,3,0,44.0
69,4650,4,signal,800,2,0,44.04
69,4650,4,signal,900,1,0,44.46
69,4650,4,signal,1000,2,0,44.870003
69,4650,4,signal,1100,1,0,41.98
69,4650,4,signal,1200,2,0,44.870003
69,4650,4,signal,1300,1,0,44.46
69,4650,4,signal,1500,1,0,43.06
69,4650,4,signal,1600,2,0,44.805
69,4650,4,signal,1700,1,0,43.76
69,4800,1,ramp,0,9,0,43.321114
69,4800,1,ramp,100,9,0,41.498886
69,4800,1,ramp,200,9,0,41.988888
69,4800,1,ramp,300,10,0,41.9
69,4800,1,ramp,400,9,0,42.93778
69,4800,1,ramp,500,7,0,41.57143
69,4800,1,ramp,600,7,0,42.417145
69,4800,1,ramp,700,8,0,43.54375
69,4800,1,ramp,800,7,0,41.731426
69,4800,1,ramp,900,8,0,42.771248
69,4800,1,ramp,1000,7,0,43.278572
69,4800,1,ramp,1100,8,0,44.11625
69,4800,1,ramp,1200,8,0,43.31125
69,4800,1,ramp,1300,8,0,43.1025
69,4800,1,ramp,1400,8,0,43.9775
69,4800,1,ramp,1500,10,0,43.689003
69,4800,1,ramp,1600,22,0,42.235455
69,4800,1,ramp,1700,12,0,42.3525
69,4800,1,signal,0,3,0,43.166668
69,4800,1,signal,100,3,0,40.75333
69,4800,1,signal,200,2,0,40.925003
69,4800,1,signal,300,2,0,39.095
69,4800,1,signal,400,2,0,40.925003
69,4800,1,signal,500,3,0,42.34
69,4800,1,signal,600,4,0,39.34
69,4800,1,signal,700,3,0,42.39
69,4800,1,signal,800,3,0,39.72
69,4800,1,signal,900,2,0,42.6
69,4800,1,signal,1000,2,0,40.795
69,4800,1,signal,1100,1,0,41.1
69,4800,1,signal,1200,2,0,43.199997
69,4800,1,signal,1300,2,0,40.195
69,4800,1,signal,1400,2,0,43.199997
69,4800,1,signal,1500,1,0,39.29
69,4800,1,signal,1600,2,0,42.6
69,4800,1,signal,1700,1,0,42.3
69,4800,2,ramp,0,6,0,44.953335
69,4800,2,ramp,100,7,0,43.77714
69,4800,2,ramp,200,5,0,43.941998
69,4800,2,ramp,300,4,0,44.3
69,4800,2,ramp,400,5,0,43.638
69,4800,2,ramp,500,3,0,43.25333
69,4800,2,ramp,600,3,0,44.566666
69,4800,2,ramp,700,4,0,43.105
69,4800,2,ramp,800,3,0,42.756668
69,4800,2,ramp,900,3,0,44.906666
69,4800,2,ramp,1000,4,0,42.825
69,4800,2,ramp,1100,1,0,43.2
69,4800,2,ramp,1200,3,0,44.02667
69,4800,2,ramp,1300,4,0,42.870003
69,4800,2,ramp,1400,2,0,43.61
69,4800,2,ramp,1500,4,0,42.8275
69,4800,2,ramp,1600,4,0,42.3125
69,4800,2,ramp,1700,1,0,7.32
69,4800,2,signal,0,5,0,42.486
69,4800,2,signal,100,4,0,43.155
69,4800,2,signal,200,6,0,41.905
69,4800,2,signal,300,6,0,42.336666
69,4800,2,signal,400,7,0,42.63
69,4800,2,signal,500,7,0,42.188572
69,4800,2,signal,600,6,0,42.548332
69,4800,2,signal,700,7,0,42.62
69,4800,2,signal,800,11,0,41.08091
69,4800,2,signal,900,7,0,43.19857
69,4800,2,signal,1000,11,0,42.2
69,4800,2,signal,1100,12,0,42.877502
69,4800,2,signal,1200,12,0,42.041668
69,4800,2,signal,1300,11,0,42.201817
69,4800,2,signal,1400,14,0,42.377857
69,4800,2,signal,1500,13,0,42.756924
69,4800,2,signal,1600,12,0,42.003334
69,4800,2,signal,1700,5,0,43.584
69,4800,3,ramp,0,4,0,42.4825
69,4800,3,ramp,100,5,0,42.9
69,4800,3,ramp,200,5,0,42.354
69,4800,3,ramp,300,7,0,42.41
69,4800,3,ramp,400,7,0,42.712856
69,4800,3,ramp,500,5,0,42.246
69,4800,3,ramp,600,7,0,42.002857
69,4800,3,ramp,700,7,0,42.884285
69,4800,3,ramp,800,5,0,42.59
69,4800,3,ramp,900,5,0,42.191998
69,4800,3,ramp,1000,4,0,41.44
69,4800,3,ramp,1100,6,0,42.5
69,4800,3,ramp,1200,7,0,41.54
69,4800,3,ramp,1300,6,0,41.975002
69,4800,3,ramp,1400,7,0,42.494286
69,4800,3,ramp,1500,4,0,42.3275
69,4800,3,signal,0,3,0,43.183334
69,4800,3,signal,100,4,0,41.8375
69,4800,3,signal,200,4,0,42.15
69,4800,3,signal,300,2,0,42.45
69,4800,3,signal,400,1,0,43.5
69,4800,3,signal,500,2,0,41.75
69,4800,3,signal,600,2,0,42.45
69,4800,3,signal,700,2,0,43.489998
69,4800,3,signal,800,1,0,42.55
69,4800,3,signal,900,4,0,42.7625
69,4800,3,signal,1000,3,0,39.926666
69,4800,3,signal,1100,4,0,42.4575
69,4800,3,signal,1200,3,0,40.38333
69,4800,3,signal,1300,4,0,41.015
69,4800,3,signal,1400,4,0,41.5425
69,4800,3,signal,1500,2,0,40.975
69,4800,3,signal,1600,3,0,41.876667
69,4800,3,signal,1700,3,0,44.126667
69,4800,4,ramp,0,5,0,40.022
69,4800,4,ramp,100,7,0,38.05857
69,4800,4,ramp,200,6,0,42.196667
69,4800,4,ramp,300,5,0,42.506
69,4800,4,ramp,400,4,0,42.8825
69,4800,4,ramp,500,4,0,41.432503
69,4800,4,ramp,600,4,0,40.7875
69,4800,4,ramp,700,3,0,41.63
69,4800,4,ramp,800,5,0,41.996
69,4800,4,ramp,900,7,0,42.767143
69,4800,4,ramp,1000,8,0,42.475
69,4800,4,ramp,1100,6,0,42.55
69,4800,4,ramp,1200,6,0,42.983334
69,4800,4,ramp,1300,7,0,42.577145
69,4800,4,ramp,1400,7,0,42.464287
69,4800,4,ramp,1500,5,0,42.86
69,4800,4,ramp,1600,2,0,43.535
69,4800,4,ramp,1700,1,0,19.37
69,4800,4,signal,500,2,0,43.239998
69,4800,4,signal,600,1,0,41.17
69,4800,4,signal,700,1,0,43.05
69,4800,4,signal,1300,1,0,45.28
69,4800,4,signal,1400,1,0,42.8
69,4800,4,signal,1500,2,0,44.87
69,4800,4,signal,1600,1,0,45.28
69,4800,4,signal,1700,2,0,44.045
69,4950,1,ramp,0,7,0,43.33857
69,4950,1,ramp,100,7,0,40.84714
69,4950,1,ramp,200,8,0,41.965
69,4950,1,ramp,300,8,0,41.80625
69,4950,1,ramp,400,7,0,42.00143
69,4950,1,ramp,500,10,0,41.425
69,4950,1,ramp,600,11,0,41.83818
69,4950,1,ramp,700,10,0,41.170002
69,4950,1,ramp,800,10,0,42.230003
69,4950,1,ramp,900,11,0,41.46909
69,4950,1,ramp,1000,11,0,40.64364
69,4950,1,ramp,1100,9,0,41.678886
69,4950,1,ramp,1200,8,0,40.6925
69,4950,1,ramp,1300,9,0,41.487778
69,4950,1,ramp,1400,10,0,41.535
69,4950,1,ramp,1500,9,0,42.104446
69,4950,1,ramp,1600,20,0,42.566998
69,4950,1,ramp,1700,10,0,42.454998
69,4950,1,signal,0,4,0,38.245
69,4950,1,signal,100,5,0,39.238
69,4950,1,signal,200,3,0,42.296665
69,4950,1,signal,300,3,0,42.326664
69,4950,1,signal,400,4,0,42.465
69,4950,1,signal,500,3,0,41.273335
69,4950,1,signal,600,2,0,43.525
69,4950,1,signal,700,3,0,44.460003
69,4950,1,signal,800,1,0,42.56
69,4950,1,signal,900,2,0,45.2
69,4950,1,signal,1000,1,0,44.82
69,4950,1,signal,1100,2,0,44.445
69,4950,1,signal,1200,2,0,45.2
69,4950,1,signal,1300,1,0,45.58
69,4950,2,ramp,0,6,0,42.645
69,4950,2,ramp,100,6,0,41.745
69,4950,2,ramp,200,7,0,41.355713
69,4950,2,ramp,300,7,0,41.667145
69,4950,2,ramp,400,7,0,42.431427
69,4950,2,ramp,500,9,0,42.815556
69,4950,2,ramp,600,10,0,41.818
69,4950,2,ramp,700,6,0,42.99167
69,4950,2,ramp,800,8,0,42.755
69,4950,2,ramp,900,5,0,43.71
69,4950,2,ramp,1000,6,0,43.72667
69,4950,2,ramp,1100,8,0,44.12125
69,4950,2,ramp,1200,5,0,43.269997
69,4950,2,ramp,1300,7,0,42.95
69,4950,2,ramp,1400,7,0,42.37
69,4950,2,ramp,1500,9,0,42.45111
69,4950,2,ramp,1600,1,0,44.26
69,4950,2,ramp,1700,1,0,35.17
69,4950,2,signal,0,2,0,44.055
69,4950,2,signal,100,4,0,42.8525
69,4950,2,signal,200,4,0,42.3375
69,4950,2,signal,300,3,0,42.01
69,4950,2,signal,400,2,0,45.2
69,4950,2,signal,500,1,0,43.31
69,4950,2,signal,600,2,0,45.2
69,4950,2,signal,700,5,0,39.848
69,4950,2,signal,800,7,0,38.365715
69,4950,2,signal,900,6,0,37.361668
69,4950,2,signal,1000,5,0,35.052002
69,4950,2,signal,1100,6,0,38.22167
69,4950,2,signal,1200,4,0,41.0125
69,4950,2,signal,1300,4,0,40.085
69,4950,2,signal,1400,4,0,41.3175
69,4950,2,signal,1500,5,0,40.662
69,4950,2,signal,1600,7,0,42.981426
69,4950,2,signal,1700,5,0,41.491997
69,4950,3,ramp,0,4,0,43.9775
69,4950,3,ramp,100,4,0,43.3575
69,4950,3,ramp,200,2,0,44.29
69,4950,3,ramp,300,4,0,43.3575
69,4950,3,ramp,400,3,0,44.993332
69,4950,3,ramp,500,5,0,42.54
69,4950,3,ramp,600,7,0,43.494286
69,4950,3,ramp,700,7,0,43.051426
69,4950,3,ramp,800,5,0,42.318
69,4950,3,ramp,900,4,0,43.607502
69,4950,3,ramp,1000,6,0,43.179996
69,4950,3,ramp,1100,8,0,43.20375
69,4950,3,ramp,1200,6,0,42.425
69,4950,3,ramp,1300,4,0,41.89
69,4950,3,ramp,1400,5,0,42.5
69,4950,3,ramp,1500,5,0,38.752003
69,4950,3,signal,0,5,0,39.836
69,4950,3,signal,100,8,0,40.2375
69,4950,3,signal,200,9,0,38.917774
69,4950,3,signal,300,8,0,39.21125
69,4950,3,signal,400,8,0,39.38375
69,4950,3,signal,500,6,0,39.23833
69,4950,3,signal,600,9,0,38.336666
69,4950,3,signal,700,6,0,41.515
69,4950,3,signal,800,2,0,44.114998
69,4950,3,signal,900,6,0,42.445
69,4950,3,signal,1000,5,0,42.914
69,4950,3,signal,1100,4,0,43.71
69,4950,3,signal,1200,3,0,42.99
69,4950,3,signal,1300,4,0,41.545
69,4950,3,signal,1400,3,0,42.11333
69,4950,3,signal,1500,3,0,43.513336
69,4950,3,signal,1600,6,0,42.274998
69,4950,3,signal,1700,5,0,39.814003
69,4950,4,ramp,0,9,0,41.25778
69,4950,4,ramp,100,9,0,39.802223
69,4950,4,ramp,200,11,0,37.816364
69,4950,4,ramp,300,11,0,39.74091
69,4950,4,ramp,400,11,0,38.837273
69,4950,4,ramp,500,12,0,38.591667
69,4950,4,ramp,600,12,0,39.28417
69,4950,4,ramp,700,12,0,38.48083
69,4950,4,ramp,800,8,0,38.6475
69,4950,4,ramp,900,8,0,39.20375
69,4950,4,ramp,1000,8,0,39.56875
69,4950,4,ramp,1100,6,0,39.163334
69,4950,4,ramp,1200,6,0,37.376667
69,4950,4,ramp,1300,5,0,39.364002
69,4950,4,ramp,1400,6,0,39.353333
69,4950,4,ramp,1500,3,0,38.796665
69,4950,4,ramp,1600,1,0,41.39
69,5100,1,ramp,0,7,0,42.945713
69,5100,1,ramp,100,9,0,42.418888
69,5100,1,ramp,200,6,0,41.951664
69,5100,1,ramp,300,7,0,42.92857
69,5100,1,ramp,400,5,0,43.628
69,5100,1,ramp,500,4,0,42.69
69,5100,1,ramp,600,4,0,42.614998
69,5100,1,ramp,700,3,0,41.766666
69,5100,1,ramp,800,4,0,43.0475
69,5100,1,ramp,900,4,0,43.4125
69,5100,1,ramp,1000,5,0,42.241997
69,5100,1,ramp,1100,7,0,43.262856
69,5100,1,ramp,1200,6,0,42.588333
69,5100,1,ramp,1300,8,0,42.4575
69,5100,1,ramp,1400,10,0,42.946
69,5100,1,ramp,1500,9,0,41.088886
69,5100,1,ramp,1600,23,0,40.76652
69,5100,1,ramp,1700,12,0,39.43
69,5100,1,signal,0,4,0,42.87
69,5100,1,signal,100,4,0,40.4925
69,5100,1,signal,200,5,0,38.138
69,5100,1,signal,300,5,0,40.008
69,5100,1,signal,400,6,0,38.681667
69,5100,1,signal,500,5,0,38.576
69,5100,1,signal,600,8,0,40.045
69,5100,1,signal,700,6,0,38.908333
69,5100,1,signal,800,6,0,38.77
69,5100,1,signal,900,6,0,39.165
69,5100,1,signal,1000,7,0,37.982857
69,5100,1,signal,1100,3,0,35.616665
69,5100,1,signal,1200,4,0,38.7425
69,5100,1,signal,1300,4,0,37.432503
69,5100,1,signal,1400,8,0,40.07375
69,5100,1,signal,1500,6,0,40.316666
69,5100,1,signal,1600,7,0,40.90286
69,5100,1,signal,1700,3,0,41.043335
69,5100,2,ramp,0,8,0,43.7075
69,5100,2,ramp,100,9,0,42.178886
69,5100,2,ramp,200,8,0,42.3175
69,5100,2,ramp,300,9,0,41.89111
69,5100,2,ramp,400,8,0,42.82625
69,5100,2,ramp,500,10,0,42.302
69,5100,2,ramp,600,7,0,41.964287
69,5100,2,ramp,700,6,0,42.983334
69,5100,2,ramp,800,10,0,42.595
69,5100,2,ramp,900,9,0,41.622223
69,5100,2,ramp,1000,9,0,41.57222
69,5100,2,ramp,1100,6,0,42.846664
69,5100,2,ramp,1200,10,0,42.279
69,5100,2,ramp,1300,9,0,40.72111
69,5100,2,ramp,1400,5,0,42.264
69,5100,2,ramp,1500,7,0,42.287144
69,5100,2,ramp,1600,5,0,37.456
69,5100,2,signal,0,4,0,43.050003
69,5100,2,signal,100,3,0,41.603333
69,5100,2,signal,200,3,0,43.316666
69,5100,2,signal,300,3,0,43.006664
69,5100,2,signal,400,2,0,44.480003
69,5100,2,signal,500,3,0,41.59
69,5100,2,signal,600,2,0,40.225
69,5100,2,signal,700,4,0,41.0975
69,5100,2,signal,800,7,0,41.957146
69,5100,2,signal,900,6,0,40.704998
69,5100,2,signal,1000,7,0,41.82143
69,5100,2,signal,1100,8,0,42.05
69,5100,2,signal,1200,7,0,38.762856
69,5100,2,signal,1300,6,0,38.273335
69,5100,2,signal,1400,7,0,38.42143
69,5100,2,signal,1500,6,0,38.865
69,5100,2,signal,1600,4,0,36.2025
69,5100,2,signal,1700,3,0,40.556667
69,5100,3,ramp,0,6,0,42.205
69,5100,3,ramp,100,4,0,41.6375
69,5100,3,ramp,200,6,0,40.45
69,5100,3,ramp,300,5,0,41.885998
69,5100,3,ramp,400,4,0,42.085
69,5100,3,ramp,500,3,0,40.286667
69,5100,3,ramp,600,4,0,40.989998
69,5100,3,ramp,700,4,0,42.170002
69,5100,3,ramp,800,4,0,41.46
69,5100,3,ramp,900,6,0,43.661667
69,5100,3,ramp,1000,5,0,43.726
69,5100,3,ramp,1100,4,0,42.1025
69,5100,3,ramp,1200,8,0,42.92875
69,5100,3,ramp,1300,6,0,43.37
69,5100,3,ramp,1400,5,0,44.69
69,5100,3,ramp,1500,4,0,41.552498
69,5100,3,signal,0,7,0,39.77
69,5100,3,signal,100,7,0,41.535713
69,5100,3,signal,200,5,0,39.484
69,5100,3,signal,300,6,0,41.396667
69,5100,3,signal,400,5,0,42.920002
69,5100,3,signal,500,7,0,40.99857
69,5100,3,signal,600,5,0,41.045998
69,5100,3,signal,700,4,0,43.3925
69,5100,3,signal,1100,1,0,42.87
69,5100,3,signal,1200,2,0,46.11
69,5100,3,signal,1300,1,0,44.64
69,5100,3,signal,1400,2,0,44.345
69,5100,3,signal,1500,1,0,46.41
69,5100,3,signal,1600,2,0,43.754997
69,5100,3,signal,1700,1,0,46.99
69,5100,4,ramp,0,11,0,42.677273
69,5100,4,ramp,100,12,0,40.620834
69,5100,4,ramp,200,11,0,41.906364
69,5100,4,ramp,300,8,0,41.14
69,5100,4,ramp,400,7,0,41.432858
69,5100,4,ramp,500,8,0,41.33125
69,5100,4,ramp,600,7,0,40.072857
69,5100,4,ramp,700,4,0,41.05
69,5100,4,ramp,800,7,0,38.224285
69,5100,4,ramp,900,9,0,39.343334
69,5100,4,ramp,1000,7,0,38.144287
69,5100,4,ramp,1100,6,0,39.38
69,5100,4,ramp,1200,7,0,38.987144
69,5100,4,ramp,1300,8,0,39.971252
69,5100,4,ramp,1400,6,0,37.983334
69,5100,4,ramp,1500,5,0,39.044
69,5250,1,ramp,100,1,0,41.7
69,5250,1,ramp,200,2,0,40.77
69,5250,1,ramp,300,1,0,42.32
69,5250,1,ramp,400,4,0,41.07
69,5250,1,ramp,500,4,0,41.690002
69,5250,1,ramp,600,6,0,42.341667
69,5250,1,ramp,700,3,0,41.823334
69,5250,1,ramp,800,6,0,42.34833
69,5250,1,ramp,900,6,0,41.938335
69,5250,1,ramp,1000,5,0,41.652
69,5250,1,ramp,1100,4,0,42.6675
69,5250,1,ramp,1200,6,0,41.938335
69,5250,1,ramp,1300,5,0,42.284
69,5250,1,ramp,1400,6,0,42.11
69,5250,1,ramp,1500,9,0,42.333332
69,5250,1,ramp,1600,32,0,41.404373
69,5250,1,ramp,1700,14,0,41.599285
69,5250,1,signal,0,16,0,41.69875
69,5250,1,signal,100,15,0,40.844666
69,5250,1,signal,200,14,0,40.56786
69,5250,1,signal,300,13,0,41.153076
69,5250,1,signal,400,12,0,40.148335
69,5250,1,signal,500,12,0,40.843334
69,5250,1,signal,600,12,0,40.584167
69,5250,1,signal,700,9,0,40.678886
69,5250,1,signal,800,14,0,40.905
69,5250,1,signal,900,9,0,41.302223
69,5250,1,signal,1000,12,0,41.5925
69,5250,1,signal,1100,11,0,42.81
69,5250,1,signal,1200,8,0,42.59625
69,5250,1,signal,1300,11,0,42.674545
69,5250,1,signal,1400,11,0,42.666367
69,5250,1,signal,1500,5,0,42.104
69,5250,1,signal,1600,7,0,40.34143
69,5250,1,signal,1700,4,0,41.5775
69,5250,2,ramp,100,1,0,42.75
69,5250,2,ramp,200,2,0,45.04
69,5250,2,ramp,300,1,0,44.71
69,5250,2,ramp,400,2,0,43.08
69,5250,2,ramp,500,2,0,45.04
69,5250,2,ramp,600,1,0,42.75
69,5250,2,ramp,700,4,0,44.2875
69,5250,2,ramp,800,4,0,41.6425
69,5250,2,ramp,900,3,0,44.36
69,5250,2,ramp,1000,4,0,41.3625
69,5250,2,ramp,1100,5,0,42.413998
69,5250,2,ramp,1200,6,0,42.165
69,5250,2,ramp,1300,7,0,42.932858
69,5250,2,ramp,1400,4,0,43.87
69,5250,2,ramp,1500,7,0,41.965717
69,5250,2,ramp,1600,2,0,42.010002
69,5250,2,signal,0,14,0,42.977142
69,5250,2,signal,100,12,0,42.11
69,5250,2,signal,200,12,0,42.078335
69,5250,2,signal,300,15,0,41.505333
69,5250,2,signal,400,14,0,41.83286
69,5250,2,signal,500,11,0,41.777275
69,5250,2,signal,600,15,0,42.391335
69,5250,2,signal,700,14,0,41.22643
69,5250,2,signal,800,14,0,40.132854
69,5250,2,signal,900,11,0,39.55273
69,5250,2,signal,1000,11,0,37.668182
69,5250,2,signal,1100,10,0,38.477
69,5250,2,signal,1200,9,0,37.803333
69,5250,2,signal,1300,6,0,39.905
69,5250,2,signal,1400,8,0,41.103752
69,5250,2,signal,1500,6,0,40.868336
69,5250,2,signal,1600,4,0,40.120003
69,5250,2,signal,1700,1,0,40.21
69,5250,3,ramp,400,1,0,40.12
69,5250,3,ramp,500,2,0,41.515
69,5250,3,ramp,600,2,0,41.77
69,5250,3,ramp,700,1,0,39.87
69,5250,3,ramp,800,2,0,41.77
69,5250,3,ramp,900,4,0,41.4975
69,5250,3,ramp,1000,4,0,41.1175
69,5250,3,ramp,1100,2,0,43.36
69,5250,3,ramp,1200,4,0,41.3725
69,5250,3,ramp,1300,4,0,41.245
69,5250,3,ramp,1400,4,0,41.415
69,5250,3,ramp,1500,9,0,40.15222
69,5250,3,signal,0,14,0,40.59571
69,5250,3,signal,100,14,0,38.880714
69,5250,3,signal,200,14,0,39.78643
69,5250,3,signal,300,17,0,39.504707
69,5250,3,signal,400,9,0,40.712223
69,5250,3,signal,500,14,0,40.576427
69,5250,3,signal,600,17,0,39.834705
69,5250,3,signal,700,8,0,39.71
69,5250,3,signal,800,9,0,41.68778
69,5250,3,signal,900,10,0,42.303
69,5250,3,signal,1000,8,0,41.605
69,5250,3,signal,1100,5,0,40.86
69,5250,3,signal,1200,9,0,42.344444
69,5250,3,signal,1300,7,0,41.644287
69,5250,3,signal,1400,4,0,39.912502
69,5250,3,signal,1500,4,0,39.915
69,5250,3,signal,1600,2,0,41.745
69,5250,3,signal,1700,4,0,39.915
69,5250,4,ramp,100,1,0,44.27
69,5250,4,ramp,200,2,0,44.685
69,5250,4,ramp,300,3,0,41.466667
69,5250,4,ramp,400,4,0,43.0675
69,5250,4,ramp,500,5,0,41.744
69,5250,4,ramp,600,6,0,43.243332
69,5250,4,ramp,700,8,0,41.98375
69,5250,4,ramp,800,6,0,42.460003
69,5250,4,ramp,900,6,0,42.621666
69,5250,4,ramp,1000,8,0,41.4275
69,5250,4,ramp,1100,9,0,41.783333
69,5250,4,ramp,1200,9,0,41.993332
69,5250,4,ramp,1300,8,0,41.3375
69,5250,4,ramp,1400,11,0,41.973637
69,5250,4,ramp,1500,6,0,41.963333
69,5250,4,signal,0,9,0,44.774445
69,5250,4,signal,100,10,0,43.238
69,5250,4,signal,200,11,0,43.43727
69,5250,4,signal,300,9,0,43.04111
69,5250,4,signal,400,8,0,44.625
69,5250,4,signal,500,9,0,42.44889
69,5250,4,signal,600,9,0,43.702225
69,5250,4,signal,700,5,0,44.19
69,5250,4,signal,800,3,0,46.063335
69,5250,4,signal,900,3,0,42.806667
69,5250,4,signal,1000,2,0,46.295
69,5250,4,signal,1100,2,0,44.195
69,5250,4,signal,1200,2,0,45.535
69,5250,4,signal,1300,1,0,45.31
69,5250,4,signal,1400,1,0,43.08
70,150,1,ramp,0,10,0,42.094
70,150,1,ramp,100,9,0,42.732224
70,150,1,signal,0,1,0,74.12
70,150,1,signal,100,1,0,108.4
70,150,1,signal,200,1,0,110.75
70,150,2,signal,0,2,0,127.5
70,150,2,signal,100,4,0,110.270004
70,150,2,signal,200,4,0,106.41
70,150,2,signal,300,3,0,113.15
70,300,1,ramp,0,11,0,42.061817
70,300,1,ramp,100,6,0,42.045002
70,300,1,signal,0,4,0,88.06
70,300,1,signal,100,2,0,95.740005
70,300,1,signal,200,5,0,94.15
70,300,1,signal,300,5,0,88.392
70,300,2,ramp,0,2,0,42.190002
70,300,2,signal,0,5,0,84.020004
70,300,2,signal,100,9,0,91.344444
70,300,2,signal,200,6,0,92.375
70,300,2,signal,300,1,0,74.97
70,450,1,ramp,0,6,0,43.558334
70,450,1,ramp,100,5,0,42.89
70,450,1,signal,0,4,0,38.9525
70,450,1,signal,100,7,0,59.084286
70,450,1,signal,200,10,0,69.715004
70,450,1,signal,300,6,0,67.44666
70,450,2,signal,0,6,0,76.28667
70,450,2,signal,100,13,0,78.503845
70,450,2,signal,200,12,0,61.353333
70,450,2,signal,300,4,0,73.5775
70,600,1,ramp,0,8,0,42.72125
70,600,1,ramp,100,9,0,43.20111
70,600,1,signal,0,9,0,49.629997
70,600,1,signal,100,20,0,46.8485
70,600,1,signal,200,20,0,48.665
70,600,1,signal,300,8,0,58.99
70,600,2,signal,0,10,0,70.258995
70,600,2,signal,100,21,0,65.13952
70,600,2,signal,200,15,0,58.460003
70,600,2,signal,300,9,0,67.361115
70,750,1,ramp,0,9,0,36.90222
70,750,1,ramp,100,8,0,37.52125
70,750,1,signal,0,16,0,42.1775
70,750,1,signal,100,29,0,43.022068
70,750,1,signal,200,28,0,48.546074
70,750,1,signal,300,7,0,54.884285
70,750,2,ramp,0,1,0,42.78
70,750,2,signal,0,16,0,55.1625
70,750,2,signal,100,21,0,59.913338
70,750,2,signal,200,17,0,62.71176
70,750,2,signal,300,9,0,56.013332
70,900,1,ramp,0,9,0,34.696667
70,900,1,ramp,100,7,0,40.131428
70,900,1,signal,0,20,0,41.373
70,900,1,signal,100,29,0,43.323795
70,900,1,signal,200,25,0,48.5836
70,900,1,signal,300,13,0,45.327694
70,900,2,signal,0,24,0,54.4025
70,900,2,signal,100,41,0,48.69829
70,900,2,signal,200,46,3,40.161957
70,900,2,signal,300,54,32,9.168333
70,1050,1,ramp,0,17,0,39.585297
70,1050,1,ramp,100,16,0,37.66
70,1050,1,signal,0,15,0,46.364002
70,1050,1,signal,100,19,0,48.01263
70,1050,1,signal,200,27,0,58.90889
70,1050,1,signal,300,11,0,49.26636
70,1050,2,ramp,0,2,0,37.735
70,1050,2,signal,0,15,0,74.061325
70,1050,2,signal,100,42,0,51.982143
70,1050,2,signal,200,63,11,27.780159
70,1050,2,signal,300,36,13,14.064722
70,1200,1,ramp,0,17,0,39.57118
70,1200,1,ramp,100,12,0,42.720837
70,1200,1,signal,0,22,0,42.272274
70,1200,1,signal,100,33,0,46.123333
70,1200,1,signal,200,21,0,46.405716
70,1200,1,signal,300,12,0,47.554996
70,1200,2,signal,0,12,0,64.08666
70,1200,2,signal,100,37,0,67.54189
70,1200,2,signal,200,37,0,58.515137
70,1200,2,signal,300,18,1,44.04111
70,1350,1,ramp,0,22,0,39.22909
70,1350,1,ramp,100,14,0,41.936428
70,1350,1,signal,0,18,0,42.796112
70,1350,1,signal,100,27,0,51.47185
70,1350,1,signal,200,21,0,58.971905
70,1350,1,signal,300,4,0,47.1725
70,1350,2,signal,0,20,0,55.2725
70,1350,2,signal,100,30,0,49.888668
70,1350,2,signal,200,31,0,51.545486
70,1350,2,signal,300,15,1,36.37
70,1500,1,ramp,0,13,0,39.37923
70,1500,1,ramp,100,12,0,35.885
70,1500,1,signal,0,16,0,41.500626
70,1500,1,signal,100,23,0,44.32435
70,1500,1,signal,200,34,0,40.409412
70,1500,1,signal,300,10,0,36.318
70,1500,2,signal,0,19,0,65.70632
70,1500,2,signal,100,30,0,46.676334
70,1500,2,signal,200,24,0,58.61
70,1500,2,signal,300,7,0,53.730003
70,1650,1,ramp,0,18,0,39.077778
70,1650,1,ramp,100,19,0,37.85737
70,1650,1,signal,0,30,0,42.414997
70,1650,1,signal,100,41,0,44.72829
70,1650,1,signal,200,39,0,48.09744
70,1650,1,signal,300,17,0,46.77353
70,1650,2,signal,0,31,0,60.684517
70,1650,2,signal,100,56,0,49.979645
70,1650,2,signal,200,59,0,49.35695
70,1650,2,signal,300,31,5,30.893871
70,1800,1,ramp,0,31,0,37.520645
70,1800,1,ramp,100,24,0,38.7275
70,1800,1,signal,0,28,0,40.111073
70,1800,1,signal,100,35,0,47.676003
70,1800,1,signal,200,34,0,51.86088
70,1800,1,signal,300,14,0,43.74786
70,1800,2,signal,0,27,0,54.77185
70,1800,2,signal,100,52,0,43.608078
70,1800,2,signal,200,55,2,42.032726
70,1800,2,signal,300,42,18,13.7047615
70,1950,1,ramp,0,28,0,38.33714
70,1950,1,ramp,100,23,0,40.116955
70,1950,1,signal,0,18,0,41.848892
70,1950,1,signal,100,25,0,47.8844
70,1950,1,signal,200,28,0,50.540356
70,1950,1,signal,300,13,0,41.80385
70,1950,2,ramp,0,5,0,39.372
70,1950,2,signal,0,17,0,64.88412
70,1950,2,signal,100,30,0,59.135002
70,1950,2,signal,200,28,0,58.948574
70,1950,2,signal,300,8,0,32.675
70,2100,1,ramp,0,23,0,40.57478
70,2100,1,ramp,100,19,0,41.698948
70,2100,1,signal,0,13,0,46.090767
70,2100,1,signal,100,17,0,45.988823
70,2100,1,signal,200,15,0,46.81533
70,2100,1,signal,300,8,0,52.3725
70,2100,2,signal,0,12,0,63.8425
70,2100,2,signal,100,34,0,54.306473
70,2100,2,signal,200,32,0,54.1175
70,2100,2,signal,300,13,0,51.74308
70,2250,1,ramp,0,17,0,37.28412
70,2250,1,ramp,100,16,0,39.84875
70,2250,1,signal,0,26,0,40.71154
70,2250,1,signal,100,36,0,44.906666
70,2250,1,signal,200,48,0,44.074585
70,2250,1,signal,300,20,1,37.482002
70,2250,2,signal,0,30,0,48.674667
70,2250,2,signal,100,49,0,50.238365
70,2250,2,signal,200,36,0,48.80472
70,2250,2,signal,300,14,0,52.201427
70,2400,1,ramp,0,22,0,37.57909
70,2400,1,ramp,100,20,0,37.0475
70,2400,1,signal,0,14,0,42.440002
70,2400,1,signal,100,27,0,45.835922
70,2400,1,signal,200,27,0,50.245556
70,2400,1,signal,300,13,0,48.004616
70,2400,2,ramp,0,2,0,41.665
70,2400,2,signal,0,18,0,69.05277
70,2400,2,signal,100,38,0,60.233162
70,2400,2,signal,200,44,0,50.43545
70,2400,2,signal,300,66,46,7.6851516
70,2550,1,ramp,0,18,0,36.593334
70,2550,1,ramp,100,15,0,39.759335
70,2550,1,signal,0,26,0,36.112694
70,2550,1,signal,100,25,0,45.124
70,2550,1,signal,200,31,0,46.249676
70,2550,1,signal,300,18,0,41.302223
70,2550,2,signal,0,28,0,44.975716
70,2550,2,signal,100,59,0,40.754066
70,2550,2,signal,200,83,26,19.48482
70,2550,2,signal,300,78,48,6.5479484
70,2700,1,ramp,0,20,1,31.7435
70,2700,1,ramp,100,11,0,37.58091
70,2700,1,signal,0,17,0,37.429413
70,2700,1,signal,100,26,0,42.136925
70,2700,1,signal,200,35,0,48.862286
70,2700,1,signal,300,16,0,57.019375
70,2700,2,signal,0,20,0,58.902504
70,2700,2,signal,100,42,0,46.895954
70,2700,2,signal,200,88,39,15.954545
70,2700,2,signal,300,90,68,4.156889
70,2850,1,ramp,0,12,0,40.095
70,2850,1,ramp,100,11,0,41.877274
70,2850,1,signal,0,13,0,52.246155
70,2850,1,signal,100,16,0,56.9875
70,2850,1,signal,200,29,0,54.28621
70,2850,1,signal,300,17,0,46.249413
70,2850,2,signal,0,18,0,72.632225
70,2850,2,signal,100,39,0,63.09256
70,2850,2,signal,200,115,55,14.55313
70,2850,2,signal,300,103,69,5.2984467
70,3000,1,ramp,0,12,0,39.795834
70,3000,1,ramp,100,7,0,39.381428
70,3000,1,signal,0,20,0,41.723503
70,3000,1,signal,100,31,0,46.831936
70,3000,1,signal,200,47,0,40.05766
70,3000,1,signal,300,24,0,35.725
70,3000,2,signal,0,18,0,56.89778
70,3000,2,signal,100,31,0,50.895805
70,3000,2,signal,200,168,115,7.141964
70,3000,2,signal,300,141,110,2.769078
70,3150,1,ramp,0,25,0,31.4876
70,3150,1,ramp,100,18,0,36.989445
70,3150,1,signal,0,24,0,40.288334
70,3150,1,signal,100,38,0,40.39263
70,3150,1,signal,200,60,4,33.7925
70,3150,1,signal,300,32,6,21.336876
70,3150,2,signal,0,24,0,46.324585
70,3150,2,signal,100,59,0,37.148304
70,3150,2,signal,200,273,209,5.0736628
70,3150,2,signal,300,128,109,1.6753906
70,3300,1,ramp,0,18,0,38.00778
70,3300,1,ramp,100,20,0,39.1635
70,3300,1,signal,0,16,0,43.269375
70,3300,1,signal,100,25,0,44.462402
70,3300,1,signal,200,41,0,44.364388
70,3300,1,signal,300,12,0,46.821667
70,3300,2,signal,0,19,0,52.067368
70,3300,2,signal,100,61,22,26.987705
70,3300,2,signal,200,371,331,2.0235848
70,3300,2,signal,300,168,147,1.5465477
70,3450,1,ramp,0,7,0,40.760002
70,3450,1,ramp,100,11,1,29.215454
70,3450,1,signal,0,18,0,43.389446
70,3450,1,signal,100,69,1,24.925217
70,3450,1,signal,200,93,2,21.110323
70,3450,1,signal,300,47,12,13.348723
70,3450,2,signal,0,20,0,50.779
70,3450,2,signal,100,203,142,7.020098
70,3450,2,signal,200,390,284,3.151359
70,3450,2,signal,300,124,89,3.6096776
70,3600,1,ramp,0,16,0,39.00125
70,3600,1,ramp,100,11,0,36.100906
70,3600,1,signal,0,19,0,37.020527
70,3600,1,signal,100,32,1,33.16094
70,3600,1,signal,200,73,2,27.429178
70,3600,1,signal,300,27,1,25.168888
70,3600,2,signal,0,25,0,44.947598
70,3600,2,signal,100,86,28,22.125349
70,3600,2,signal,200,376,306,2.8314893
70,3600,2,signal,300,176,150,1.8691478
70,3750,1,ramp,0,13,0,39.60846
70,3750,1,ramp,100,14,0,33.80857
70,3750,1,signal,0,23,0,37.45826
70,3750,1,signal,100,65,0,28.33877
70,3750,1,signal,200,98,0,25.18439
70,3750,1,signal,300,34,5,20.604706
70,3750,2,signal,0,18,0,44.766666
70,3750,2,signal,100,174,115,6.4019537
70,3750,2,signal,200,404,320,2.635297
70,3750,2,signal,300,149,109,3.32
70,3900,1,ramp,0,9,0,38.84
70,3900,1,ramp,100,8,0,40.8625
70,3900,1,signal,0,24,0,41.722084
70,3900,1,signal,100,28,0,43.890003
70,3900,1,signal,200,29,0,39.951035
70,3900,1,signal,300,11,0,38.844547
70,3900,2,signal,0,14,0,52.289284
70,3900,2,signal,100,46,1,37.50239
70,3900,2,signal,200,250,131,7.37636
70,3900,2,signal,300,133,94,4.0865417
70,4050,1,ramp,0,15,0,36.771336
70,4050,1,ramp,100,9,0,41.078888
70,4050,1,signal,0,19,0,44.597366
70,4050,1,signal,100,26,0,44.745384
70,4050,1,signal,200,43,0,42.87279
70,4050,1,signal,300,17,1,38.911175
70,4050,2,ramp,0,2,0,45.285004
70,4050,2,ramp,100,1,0,36.55
70,4050,2,signal,0,14,0,64.265
70,4050,2,signal,100,30,0,56.926003
70,4050,2,signal,200,265,170,5.792
70,4050,2,signal,300,144,95,3.9582639
70,4200,1,ramp,0,10,0,40.336998
70,4200,1,ramp,100,9,0,40.037777
70,4200,1,signal,0,22,0,39.51682
70,4200,1,signal,100,27,0,41.45889
70,4200,1,signal,200,56,2,37.575
70,4200,1,signal,300,25,2,33.5428
70,4200,2,signal,0,25,0,50.6908
70,4200,2,signal,100,45,0,49.404667
70,4200,2,signal,200,148,89,9.798108
70,4200,2,signal,300,157,140,1.4143312
70,4350,1,ramp,0,11,0,39.322727
70,4350,1,ramp,100,8,0,39.1675
70,4350,1,signal,0,13,0,48.174618
70,4350,1,signal,100,19,0,49.23
70,4350,1,signal,200,29,0,55.02931
70,4350,1,signal,300,7,0,56.198574
70,4350,2,signal,0,15,0,64.89667
70,4350,2,signal,100,32,6,43.487812
70,4350,2,signal,200,333,273,2.424114
70,4350,2,signal,300,143,119,1.9798601
70,4500,1,ramp,0,16,0,40.28375
70,4500,1,ramp,100,11,0,41.66727
70,4500,1,signal,0,15,0,54.18933
70,4500,1,signal,100,15,0,44.025333
70,4500,1,signal,200,25,0,53.372
70,4500,1,signal,300,9,0,55.236668
70,4500,2,signal,0,18,0,59.83667
70,4500,2,signal,100,37,0,54.48297
70,4500,2,signal,200,202,110,9.423317
70,4500,2,signal,300,134,94,4.0628357
70,4650,1,ramp,0,12,0,39.384167
70,4650,1,ramp,100,12,0,40.414997
70,4650,1,signal,0,30,0,38.284668
70,4650,1,signal,100,36,0,44.054165
70,4650,1,signal,200,66,0,32.205456
70,4650,1,signal,300,35,6,18.796572
70,4650,2,signal,0,25,0,52.5104
70,4650,2,signal,100,52,0,40.14769
70,4650,2,signal,200,301,221,4.4197006
70,4650,2,signal,300,161,123,2.5440373
70,4800,1,ramp,0,16,0,38.12
70,4800,1,ramp,100,11,0,41.96364
70,4800,1,signal,0,13,0,44.236153
70,4800,1,signal,100,23,0,51.888264
70,4800,1,signal,200,40,1,41.24725
70,4800,1,signal,300,14,0,51.09214
70,4800,2,signal,0,16,0,61.17
70,4800,2,signal,100,43,0,39.760696
70,4800,2,signal,200,275,191,4.8633456
70,4800,2,signal,300,123,91,3.4763415
70,4950,1,ramp,0,8,0,41.65375
70,4950,1,ramp,100,7,0,41.914284
70,4950,1,signal,0,13,0,45.46385
70,4950,1,signal,100,23,0,46.721737
70,4950,1,signal,200,42,0,39.035236
70,4950,1,signal,300,20,0,43.41
70,4950,2,signal,0,8,0,76.34875
70,4950,2,signal,100,26,0,63.877693
70,4950,2,signal,200,81,39,13.054568
70,4950,2,signal,300,131,105,3.3424428
70,5100,1,ramp,0,7,0,37.881428
70,5100,1,ramp,100,8,0,37.6475
70,5100,1,signal,0,18,0,44.62889
70,5100,1,signal,100,26,0,53.685383
70,5100,1,signal,200,26,0,51.930386
70,5100,1,signal,300,10,0,45.319
70,5100,2,signal,0,17,0,55.982353
70,5100,2,signal,100,32,0,49.5475
70,5100,2,signal,200,47,10,30.659788
70,5100,2,signal,300,83,51,5.220964
70,5250,1,ramp,0,13,0,39.783077
70,5250,1,ramp,100,9,0,40.887775
70,5250,1,signal,0,11,0,47.33273
70,5250,1,signal,100,23,0,59.20913
70,5250,1,signal,200,30,0,46.219666
70,5250,1,signal,300,26,4,23.64846
70,5250,2,signal,0,12,0,56.744167
70,5250,2,signal,100,29,0,53.43931
70,5250,2,signal,200,65,24,21.162155
70,5250,2,signal,300,139,113,2.6712232
