sim_sec,source,interval_sec,network_vehicles,inside_vehicles,outside_vehicles,ttt_veh_h_cumulative,observed_exit_events,terminal_exit_inferred_events,unresolved_inside_disappearances,observed_entry_events,appeared_inside_events,reappeared_inside_events,ttd_observed_plus_terminal_cumulative,stock_closure_residual_veh
1.0,fzp,1.0,4,3,1,0.0004166666666666667,0,0,0,0,3,0,0,0
2.0,fzp,1.0,8,5,3,0.0015277777777777779,0,0,0,0,2,0,0,0
3.0,fzp,1.0,12,8,4,0.003333333333333333,0,0,0,0,3,0,0,0
4.0,fzp,1.0,15,10,5,0.005833333333333333,0,0,0,0,2,0,0,0
5.0,fzp,1.0,19,14,5,0.009166666666666667,0,0,0,0,4,0,0,0
6.0,fzp,1.0,21,16,5,0.013333333333333332,0,0,0,0,2,0,0,0
7.0,fzp,1.0,27,18,9,0.018055555555555554,0,0,0,0,2,0,0,0
8.0,fzp,1.0,31,20,11,0.02333333333333333,0,0,0,0,2,0,0,0
9.0,fzp,1.0,33,22,11,0.029166666666666664,0,0,0,0,2,0,0,0
10.0,fzp,1.0,40,25,15,0.035694444444444445,0,0,0,0,3,0,0,0
11.0,fzp,1.0,46,27,19,0.042916666666666665,0,0,0,0,2,0,0,0
12.0,fzp,1.0,50,29,21,0.050694444444444445,0,0,0,0,2,0,0,0
13.0,fzp,1.0,55,31,24,0.059027777777777776,0,0,0,0,2,0,0,0
14.0,fzp,1.0,58,33,25,0.06791666666666667,0,0,0,0,2,0,0,0
15.0,fzp,1.0,61,35,26,0.07736111111111112,0,0,0,0,2,0,0,0
16.0,fzp,1.0,63,37,26,0.08736111111111111,0,0,0,0,2,0,0,0
17.0,fzp,1.0,65,37,28,0.09763888888888889,0,0,0,0,0,0,0,0
18.0,fzp,1.0,69,39,30,0.10819444444444444,0,0,0,0,2,0,0,0
19.0,fzp,1.0,70,40,30,0.11916666666666666,0,0,0,0,1,0,0,0
20.0,fzp,1.0,72,41,31,0.13041666666666665,0,0,0,0,1,0,0,0
21.0,fzp,1.0,75,42,33,0.14194444444444443,0,0,0,0,1,0,0,0
22.0,fzp,1.0,78,42,36,0.1536111111111111,0,0,0,0,0,0,0,0
23.0,fzp,1.0,81,43,38,0.16541666666666666,0,0,0,0,1,0,0,0
24.0,fzp,1.0,82,44,38,0.1775,0,0,0,0,1,0,0,0
25.0,fzp,1.0,84,44,40,0.1897222222222222,0,0,0,0,0,0,0,0
26.0,fzp,1.0,90,48,42,0.20249999999999999,0,0,0,0,4,0,0,0
27.0,fzp,1.0,94,52,42,0.21638888888888888,0,0,0,1,3,0,0,0
28.0,fzp,1.0,96,53,43,0.23097222222222222,0,0,0,0,1,0,0,0
29.0,fzp,1.0,100,56,44,0.2461111111111111,0,0,0,0,3,0,0,0
30.0,fzp,1.0,103,58,45,0.2619444444444444,0,0,0,0,2,0,0,0
31.0,fzp,1.0,107,62,45,0.2786111111111111,0,0,0,0,4,0,0,0
32.0,fzp,1.0,109,64,45,0.2961111111111111,0,0,0,0,2,0,0,0
33.0,fzp,1.0,118,70,48,0.31472222222222224,0,0,0,0,6,0,0,0
34.0,fzp,1.0,122,72,50,0.33444444444444443,0,0,0,0,2,0,0,0
35.0,fzp,1.0,127,76,51,0.355,0,0,0,0,4,0,0,0
36.0,fzp,1.0,132,80,52,0.37666666666666665,0,0,0,0,4,0,0,0
37.0,fzp,1.0,134,81,53,0.39902777777777776,0,0,0,0,1,0,0,0
38.0,fzp,1.0,137,83,54,0.42180555555555554,0,0,0,0,2,0,0,0
39.0,fzp,1.0,140,84,56,0.445,0,0,0,0,1,0,0,0
40.0,fzp,1.0,143,87,56,0.46875,0,0,0,0,3,0,0,0
41.0,fzp,1.0,148,90,58,0.49333333333333335,0,0,0,0,3,0,0,0
42.0,fzp,1.0,150,92,58,0.5186111111111111,0,0,0,0,2,0,0,0
43.0,fzp,1.0,152,92,60,0.5441666666666667,0,0,0,0,0,0,0,0
44.0,fzp,1.0,155,93,62,0.5698611111111112,0,0,0,0,1,0,0,0
45.0,fzp,1.0,162,99,63,0.5965277777777778,0,0,0,0,6,0,0,0
46.0,fzp,1.0,165,100,65,0.6241666666666666,0,0,0,0,1,0,0,0
47.0,fzp,1.0,167,101,66,0.6520833333333333,0,0,0,1,0,0,0,0
48.0,fzp,1.0,172,104,68,0.6805555555555556,0,0,0,0,3,0,0,0
49.0,fzp,1.0,176,108,68,0.7100000000000001,0,0,0,0,4,0,0,0
50.0,fzp,1.0,180,111,69,0.7404166666666667,0,0,0,0,3,0,0,0
51.0,fzp,1.0,181,112,69,0.7713888888888889,0,0,0,0,1,0,0,0
52.0,fzp,1.0,182,113,69,0.8026388888888889,0,0,0,0,1,0,0,0
53.0,fzp,1.0,191,120,71,0.835,0,0,0,0,7,0,0,0
54.0,fzp,1.0,194,122,72,0.8686111111111111,0,0,0,1,1,0,0,0
55.0,fzp,1.0,197,125,72,0.9029166666666667,0,0,0,0,3,0,0,0
56.0,fzp,1.0,200,128,72,0.9380555555555556,0,0,0,0,3,0,0,0
57.0,fzp,1.0,203,130,73,0.973888888888889,0,0,0,0,2,0,0,0
58.0,fzp,1.0,204,132,72,1.0102777777777778,0,0,0,1,1,0,0,0
59.0,fzp,1.0,211,136,75,1.0475,0,0,0,0,4,0,0,0
60.0,fzp,1.0,214,139,75,1.0856944444444445,0,0,0,1,2,0,0,0
61.0,fzp,1.0,215,140,75,1.1244444444444446,0,0,0,0,1,0,0,0
62.0,fzp,1.0,220,144,76,1.163888888888889,0,0,0,0,4,0,0,0
63.0,fzp,1.0,221,145,76,1.204027777777778,0,0,0,0,1,0,0,0
64.0,fzp,1.0,226,149,77,1.2448611111111112,0,0,0,0,4,0,0,0
65.0,fzp,1.0,230,152,78,1.2866666666666668,0,0,0,0,3,0,0,0
66.0,fzp,1.0,237,158,79,1.3297222222222225,0,0,0,0,6,0,0,0
67.0,fzp,1.0,240,159,81,1.3737500000000002,0,0,0,0,1,0,0,0
68.0,fzp,1.0,244,162,82,1.4183333333333337,0,0,0,0,3,0,0,0
69.0,fzp,1.0,248,165,83,1.4637500000000003,0,0,0,0,3,0,0,0
70.0,fzp,1.0,255,169,86,1.5101388888888891,0,0,0,0,4,0,0,0
71.0,fzp,1.0,258,172,86,1.5575000000000003,0,0,0,0,3,0,0,0
72.0,fzp,1.0,261,175,86,1.6056944444444448,0,0,0,0,3,0,0,0
73.0,fzp,1.0,266,178,88,1.6547222222222224,0,0,0,0,3,0,0,0
74.0,fzp,1.0,269,180,89,1.7044444444444447,0,0,0,0,2,0,0,0
75.0,fzp,1.0,273,183,90,1.7548611111111114,0,0,0,0,3,0,0,0
76.0,fzp,1.0,279,187,92,1.8062500000000004,0,0,0,1,3,0,0,0
77.0,fzp,1.0,281,188,93,1.8583333333333336,0,0,0,0,1,0,0,0
78.0,fzp,1.0,284,190,94,1.9108333333333336,0,0,0,0,2,0,0,0
79.0,fzp,1.0,288,193,95,1.9640277777777781,0,0,0,0,3,0,0,0
80.0,fzp,1.0,291,198,93,2.0183333333333335,0,0,0,2,3,0,0,0
81.0,fzp,1.0,291,198,93,2.0733333333333337,0,0,0,0,0,0,0,0
82.0,fzp,1.0,298,202,96,2.128888888888889,0,0,0,1,3,0,0,0
83.0,fzp,1.0,304,206,98,2.1855555555555557,0,0,0,1,3,0,0,0
84.0,fzp,1.0,310,209,101,2.2431944444444447,0,0,0,0,3,0,0,0
85.0,fzp,1.0,312,211,101,2.301527777777778,1,0,0,1,2,0,1,0
86.0,fzp,1.0,319,214,105,2.3605555555555555,0,0,0,0,3,0,1,0
87.0,fzp,1.0,322,215,107,2.420138888888889,0,0,0,0,1,0,1,0
88.0,fzp,1.0,328,219,109,2.4804166666666667,0,0,0,0,4,0,1,0
89.0,fzp,1.0,331,220,111,2.541388888888889,1,0,0,0,2,0,2,0
90.0,fzp,1.0,335,224,111,2.6030555555555557,0,0,0,0,4,0,2,0
91.0,fzp,1.0,338,226,112,2.6655555555555557,0,0,0,0,2,0,2,0
92.0,fzp,1.0,341,229,112,2.7287500000000002,0,0,0,0,3,0,2,0
93.0,fzp,1.0,342,229,113,2.7923611111111115,0,0,0,0,0,0,2,0
94.0,fzp,1.0,343,229,114,2.855972222222223,0,0,0,0,0,0,2,0
95.0,fzp,1.0,346,231,115,2.9198611111111115,0,0,0,0,2,0,2,0
96.0,fzp,1.0,352,237,115,2.9848611111111114,0,0,0,1,5,0,2,0
97.0,fzp,1.0,356,240,116,3.0511111111111116,0,0,0,0,3,0,2,0
98.0,fzp,1.0,360,243,117,3.1181944444444447,0,0,0,0,3,0,2,0
99.0,fzp,1.0,363,245,118,3.1859722222222224,0,0,0,0,2,0,2,0
100.0,fzp,1.0,369,248,121,3.2544444444444447,0,0,0,0,3,0,2,0
101.0,fzp,1.0,371,250,121,3.3236111111111115,0,0,0,0,2,0,2,0
102.0,fzp,1.0,373,252,121,3.3933333333333335,1,0,0,0,3,0,3,0
103.0,fzp,1.0,377,258,119,3.464166666666667,0,0,0,2,4,0,3,0
104.0,fzp,1.0,380,260,120,3.5361111111111114,0,0,0,0,2,0,3,0
105.0,fzp,1.0,383,263,120,3.60875,0,0,0,0,3,0,3,0
106.0,fzp,1.0,387,265,122,3.6820833333333334,0,0,0,0,2,0,3,0
107.0,fzp,1.0,394,272,122,3.756666666666667,0,0,0,0,7,0,3,0
108.0,fzp,1.0,397,274,123,3.8325,0,0,0,0,2,0,3,0
109.0,fzp,1.0,399,273,126,3.908472222222222,1,0,0,0,0,0,4,0
110.0,fzp,1.0,407,278,129,3.985,0,0,0,0,5,0,4,0
111.0,fzp,1.0,412,281,131,4.0626388888888885,0,0,0,0,3,0,4,0
112.0,fzp,1.0,421,284,137,4.141111111111111,1,0,0,0,4,0,5,0
113.0,fzp,1.0,425,287,138,4.220416666666667,1,0,0,2,2,0,6,0
114.0,fzp,1.0,431,291,140,4.300694444444445,0,0,0,1,3,0,6,0
115.0,fzp,1.0,433,293,140,4.381805555555556,1,0,0,1,2,0,7,0
116.0,fzp,1.0,439,298,141,4.4638888888888895,0,0,0,0,5,0,7,0
117.0,fzp,1.0,441,299,142,4.546805555555556,0,0,0,0,1,0,7,0
118.0,fzp,1.0,444,303,141,4.630416666666667,0,0,0,1,3,0,7,0
119.0,fzp,1.0,450,306,144,4.715000000000001,0,0,0,0,3,0,7,0
120.0,fzp,1.0,456,310,146,4.800555555555556,1,0,0,1,4,0,8,0
121.0,fzp,1.0,459,311,148,4.886805555555556,0,0,0,0,1,0,8,0
122.0,fzp,1.0,463,313,150,4.973472222222223,0,0,0,0,2,0,8,0
123.0,fzp,1.0,472,318,154,5.061111111111112,0,0,0,1,4,0,8,0
124.0,fzp,1.0,476,319,157,5.149583333333334,1,0,0,0,2,0,9,0
125.0,fzp,1.0,479,320,159,5.238333333333334,0,0,0,0,1,0,9,0
126.0,fzp,1.0,486,325,161,5.327916666666668,0,0,0,0,5,0,9,0
127.0,fzp,1.0,487,326,161,5.418333333333335,0,0,0,1,0,0,9,0
128.0,fzp,1.0,492,328,164,5.509166666666668,1,0,0,0,3,0,10,0
129.0,fzp,1.0,493,330,163,5.600555555555557,0,0,0,1,1,0,10,0
130.0,fzp,1.0,494,331,163,5.692361111111112,0,0,0,0,1,0,10,0
131.0,fzp,1.0,496,332,164,5.784444444444445,0,0,0,0,1,0,10,0
132.0,fzp,1.0,498,333,165,5.876805555555556,1,0,0,0,2,0,11,0
133.0,fzp,1.0,505,339,166,5.97013888888889,0,0,0,0,6,0,11,0
134.0,fzp,1.0,509,340,169,6.064444444444446,1,0,0,0,2,0,12,0
135.0,fzp,1.0,515,341,174,6.159027777777779,2,0,0,0,3,0,14,0
136.0,fzp,1.0,515,342,173,6.25388888888889,0,0,0,0,1,0,14,0
137.0,fzp,1.0,518,345,173,6.349305555555557,0,0,0,0,3,0,14,0
138.0,fzp,1.0,525,347,178,6.445416666666668,0,0,0,0,2,0,14,0
139.0,fzp,1.0,526,348,178,6.541944444444447,0,0,0,0,1,0,14,0
140.0,fzp,1.0,530,350,180,6.638888888888891,0,0,0,0,2,0,14,0
141.0,fzp,1.0,532,352,180,6.736388888888891,1,0,0,1,2,0,15,0
142.0,fzp,1.0,539,357,182,6.834861111111113,0,0,0,0,5,0,15,0
143.0,fzp,1.0,542,359,183,6.934305555555557,0,0,0,0,2,0,15,0
144.0,fzp,1.0,544,361,183,7.034305555555557,0,0,0,0,2,0,15,0
145.0,fzp,1.0,547,365,182,7.13513888888889,0,0,0,0,4,0,15,0
146.0,fzp,1.0,550,367,183,7.236805555555557,0,0,0,0,2,0,15,0
147.0,fzp,1.0,550,367,183,7.338750000000001,0,0,0,0,0,0,15,0
148.0,fzp,1.0,554,372,182,7.4413888888888895,0,0,0,1,4,0,15,0
149.0,fzp,1.0,556,375,181,7.545138888888889,0,0,0,1,2,0,15,0
150.0,fzp,1.0,561,378,183,7.6497222222222225,0,0,0,0,3,0,15,0
151.0,fzp,1.0,563,385,178,7.755694444444445,0,0,0,4,3,0,15,0
152.0,fzp,1.0,566,389,177,7.863194444444445,0,0,0,3,1,0,15,0
153.0,fzp,1.0,570,392,178,7.971666666666667,0,0,0,0,3,0,15,0
154.0,fzp,1.0,571,395,176,8.080972222222222,0,0,0,1,2,0,15,0
155.0,fzp,1.0,577,399,178,8.19125,0,0,0,0,4,0,15,0
156.0,fzp,1.0,577,401,176,8.30236111111111,0,0,0,1,1,0,15,0
157.0,fzp,1.0,579,400,179,8.413611111111111,1,0,0,0,0,0,16,0
158.0,fzp,1.0,582,403,179,8.525138888888888,0,0,0,1,2,0,16,0
159.0,fzp,1.0,587,407,180,8.637638888888889,0,0,0,0,4,0,16,0
160.0,fzp,1.0,592,411,181,8.751249999999999,1,0,0,1,4,0,17,0
161.0,fzp,1.0,598,414,184,8.865833333333333,1,0,0,1,3,0,18,0
162.0,fzp,1.0,603,418,185,8.981388888888889,2,0,0,2,4,0,20,0
163.0,fzp,1.0,607,420,187,9.097777777777777,1,0,0,0,3,0,21,0
164.0,fzp,1.0,613,425,188,9.215138888888887,0,0,0,0,5,0,21,0
165.0,fzp,1.0,617,427,190,9.333472222222222,2,0,0,0,4,0,23,0
166.0,fzp,1.0,621,429,192,9.452361111111111,1,0,0,0,3,0,24,0
167.0,fzp,1.0,623,430,193,9.571666666666667,0,0,0,0,1,0,24,0
168.0,fzp,1.0,629,436,193,9.691944444444445,2,0,0,3,5,0,26,0
169.0,fzp,1.0,631,437,194,9.813194444444445,1,0,0,0,2,0,27,0
170.0,fzp,1.0,634,440,194,9.935,0,0,0,0,3,0,27,0
171.0,fzp,1.0,638,441,197,10.057361111111112,2,0,0,0,3,0,29,0
172.0,fzp,1.0,642,445,197,10.180416666666668,1,0,0,1,4,0,30,0
173.0,fzp,1.0,644,448,196,10.304444444444446,0,0,0,1,2,0,30,0
174.0,fzp,1.0,644,450,194,10.429166666666669,0,0,0,1,1,0,30,0
175.0,fzp,1.0,647,452,195,10.554444444444446,1,0,0,1,2,0,31,0
176.0,fzp,1.0,652,457,195,10.680694444444446,0,0,0,2,3,0,31,0
177.0,fzp,1.0,656,460,196,10.808055555555558,0,0,0,0,3,0,31,0
178.0,fzp,1.0,662,462,200,10.936111111111114,0,0,0,0,2,0,31,0
179.0,fzp,1.0,662,462,200,11.064444444444447,0,0,0,0,0,0,31,0
180.0,fzp,1.0,670,467,203,11.193472222222224,0,0,0,0,5,0,31,0
181.0,fzp,1.0,673,469,204,11.323472222222225,0,0,0,0,2,0,31,0
182.0,fzp,1.0,681,476,205,11.454722222222225,0,0,0,0,7,0,31,0
183.0,fzp,1.0,687,482,205,11.58777777777778,0,0,0,1,5,0,31,0
184.0,fzp,1.0,691,486,205,11.722222222222225,0,0,0,1,3,0,31,0
185.0,fzp,1.0,694,490,204,11.85777777777778,0,0,0,0,4,0,31,0
186.0,fzp,1.0,699,492,207,11.994166666666668,0,0,0,0,2,0,31,0
187.0,fzp,1.0,704,495,209,12.131250000000001,2,0,0,0,5,0,33,0
188.0,fzp,1.0,707,499,208,12.269305555555556,0,0,0,1,3,0,33,0
189.0,fzp,1.0,708,498,210,12.40777777777778,3,0,0,2,0,0,36,0
190.0,fzp,1.0,710,499,211,12.546250000000002,0,0,0,0,1,0,36,0
191.0,fzp,1.0,715,500,215,12.685000000000002,1,0,0,0,2,0,37,0
192.0,fzp,1.0,717,500,217,12.823888888888892,1,0,0,0,1,0,38,0
193.0,fzp,1.0,719,502,217,12.963055555555558,0,0,0,1,1,0,38,0
194.0,fzp,1.0,721,506,215,13.103055555555558,0,0,0,0,4,0,38,0
195.0,fzp,1.0,721,508,213,13.243888888888891,0,0,0,1,1,0,38,0
196.0,fzp,1.0,726,513,213,13.385694444444447,1,0,0,1,5,0,39,0
197.0,fzp,1.0,730,516,214,13.528611111111113,0,0,0,0,3,0,39,0
198.0,fzp,1.0,731,516,215,13.671944444444446,2,0,0,0,2,0,41,0
199.0,fzp,1.0,733,517,216,13.815416666666668,0,0,0,0,1,0,41,0
200.0,fzp,1.0,737,521,216,13.959583333333335,1,0,0,0,5,0,42,0
201.0,fzp,1.0,738,522,216,14.104444444444447,1,0,0,1,1,0,43,0
202.0,fzp,1.0,739,522,217,14.249444444444446,1,0,0,0,1,0,44,0
203.0,fzp,1.0,742,523,219,14.394583333333335,1,0,0,0,2,0,45,0
204.0,fzp,1.0,744,525,219,14.54013888888889,2,0,0,1,3,0,47,0
205.0,fzp,1.0,751,530,221,14.686666666666667,1,0,0,0,6,0,48,0
206.0,fzp,1.0,755,533,222,14.834305555555556,1,0,0,1,3,0,49,0
207.0,fzp,1.0,758,535,223,14.98263888888889,1,0,0,0,3,0,50,0
208.0,fzp,1.0,762,536,226,15.131388888888889,2,0,0,0,3,0,52,0
209.0,fzp,1.0,766,538,228,15.280555555555555,2,0,0,0,4,0,54,0
210.0,fzp,1.0,766,539,227,15.430138888888889,1,0,0,1,1,0,55,0
211.0,fzp,1.0,770,543,227,15.580416666666666,0,0,0,1,3,0,55,0
212.0,fzp,1.0,771,545,226,15.731527777777778,1,0,0,1,2,0,56,0
213.0,fzp,1.0,778,547,231,15.883194444444445,0,0,0,0,2,0,56,0
214.0,fzp,1.0,783,551,232,16.035694444444445,2,0,0,0,6,0,58,0
215.0,fzp,1.0,793,555,238,16.189305555555556,2,0,0,0,6,0,60,0
216.0,fzp,1.0,796,557,239,16.34375,1,0,0,0,3,0,61,0
217.0,fzp,1.0,797,559,238,16.49875,0,0,0,1,1,0,61,0
218.0,fzp,1.0,801,562,239,16.654444444444447,1,0,0,0,4,0,62,0
219.0,fzp,1.0,801,566,235,16.811111111111114,2,0,0,4,2,0,64,0
220.0,fzp,1.0,806,567,239,16.968472222222225,2,0,0,0,3,0,66,0
221.0,fzp,1.0,809,567,242,17.125972222222224,3,0,0,1,2,0,69,0
222.0,fzp,1.0,812,569,243,17.28375,0,0,0,0,2,0,69,0
223.0,fzp,1.0,813,569,244,17.441805555555558,0,0,0,0,0,0,69,0
224.0,fzp,1.0,815,568,247,17.599722222222223,1,0,0,0,0,0,70,0
225.0,fzp,1.0,824,573,251,17.758194444444445,0,0,0,0,5,0,70,0
226.0,fzp,1.0,825,575,250,17.917638888888888,0,0,0,0,2,0,70,0
227.0,fzp,1.0,824,575,249,18.07736111111111,1,0,0,0,1,0,71,0
228.0,fzp,1.0,825,574,251,18.236944444444443,1,0,0,0,0,0,72,0
229.0,fzp,1.0,827,577,250,18.396805555555556,0,0,0,1,2,0,72,0
230.0,fzp,1.0,828,580,248,18.5575,1,0,0,2,2,0,73,0
231.0,fzp,1.0,833,582,251,18.71888888888889,2,0,0,1,3,0,75,0
232.0,fzp,1.0,836,583,253,18.880694444444448,1,0,0,0,2,0,76,0
233.0,fzp,1.0,836,587,249,19.04319444444445,1,0,0,3,2,0,77,0
234.0,fzp,1.0,836,585,251,19.205972222222226,2,0,0,0,0,0,79,0
235.0,fzp,1.0,838,587,251,19.368750000000002,1,0,0,1,2,0,80,0
236.0,fzp,1.0,839,588,251,19.531944444444445,2,0,0,2,1,0,82,0
237.0,fzp,1.0,842,591,251,19.695694444444445,1,0,0,1,3,0,83,0
238.0,fzp,1.0,845,591,254,19.859861111111112,2,0,0,0,2,0,85,0
239.0,fzp,1.0,847,592,255,20.024166666666666,1,0,0,1,1,0,86,0
240.0,fzp,1.0,852,597,255,20.189305555555556,2,0,0,1,6,0,88,0
241.0,fzp,1.0,855,600,255,20.355555555555558,1,0,0,1,3,0,89,0
242.0,fzp,1.0,856,601,255,20.522361111111113,1,0,0,0,2,0,90,0
243.0,fzp,1.0,858,600,258,20.68916666666667,2,0,0,1,0,0,92,0
244.0,fzp,1.0,857,600,257,20.855833333333337,2,0,0,1,1,0,94,0
245.0,fzp,1.0,860,599,261,21.022361111111113,1,0,0,0,0,0,95,0
246.0,fzp,1.0,866,602,264,21.18916666666667,1,0,0,1,3,0,96,0
247.0,fzp,1.0,870,604,266,21.35666666666667,2,0,0,1,3,0,98,0
248.0,fzp,1.0,874,607,267,21.524861111111115,0,0,0,0,3,0,98,0
249.0,fzp,1.0,878,611,267,21.69402777777778,2,0,0,2,4,0,100,0
250.0,fzp,1.0,881,611,270,21.863750000000003,0,0,0,0,0,0,100,0
251.0,fzp,1.0,889,616,273,22.03416666666667,0,0,0,0,5,0,100,0
252.0,fzp,1.0,891,617,274,22.20541666666667,1,0,0,0,2,0,101,0
253.0,fzp,1.0,895,621,274,22.377361111111117,0,0,0,0,4,0,101,0
254.0,fzp,1.0,900,625,275,22.550416666666674,0,0,0,1,3,0,101,0
255.0,fzp,1.0,903,628,275,22.72444444444445,1,0,0,2,2,0,102,0
256.0,fzp,1.0,906,630,276,22.899166666666673,1,0,0,1,2,0,103,0
257.0,fzp,1.0,906,631,275,23.07430555555556,1,0,0,0,2,0,104,0
258.0,fzp,1.0,906,630,276,23.24944444444445,1,0,0,0,0,0,105,0
259.0,fzp,1.0,907,629,278,23.42430555555556,3,0,0,1,1,0,108,0
260.0,fzp,1.0,908,627,281,23.598750000000003,3,0,0,0,1,0,111,0
261.0,fzp,1.0,907,626,281,23.77277777777778,2,0,0,0,1,0,113,0
262.0,fzp,1.0,913,631,282,23.947361111111114,0,0,0,0,5,0,113,0
263.0,fzp,1.0,915,635,280,24.123194444444447,1,0,0,4,1,0,114,0
264.0,fzp,1.0,914,636,278,24.299722222222226,2,0,0,3,0,0,116,0
265.0,fzp,1.0,917,636,281,24.47638888888889,2,0,0,0,2,0,118,0
266.0,fzp,1.0,918,637,281,24.65319444444445,4,0,0,4,1,0,122,0
267.0,fzp,1.0,918,638,280,24.83027777777778,2,0,0,2,1,0,124,0
268.0,fzp,1.0,921,643,278,25.00819444444445,2,0,0,4,3,0,126,0
269.0,fzp,1.0,924,643,281,25.18680555555556,2,0,0,0,2,0,128,0
270.0,fzp,1.0,926,647,279,25.365972222222226,2,0,0,3,3,0,130,0
271.0,fzp,1.0,929,650,279,25.546111111111113,2,0,0,2,3,0,132,0
272.0,fzp,1.0,933,651,282,25.726805555555558,2,0,0,1,2,0,134,0
273.0,fzp,1.0,932,653,279,25.90791666666667,1,0,0,1,2,0,135,0
274.0,fzp,1.0,934,653,281,26.08930555555556,0,0,0,0,0,0,135,0
275.0,fzp,1.0,939,653,286,26.270694444444448,5,0,0,0,5,0,140,0
276.0,fzp,1.0,938,652,286,26.451944444444447,1,0,0,0,0,0,141,0
277.0,fzp,1.0,938,651,287,26.63291666666667,2,0,0,0,1,0,143,0
278.0,fzp,1.0,942,653,289,26.81402777777778,0,0,0,0,2,0,143,0
279.0,fzp,1.0,943,656,287,26.995833333333337,0,0,0,1,2,0,143,0
280.0,fzp,1.0,944,655,289,27.177916666666672,3,0,0,0,2,0,146,0
281.0,fzp,1.0,943,654,289,27.359722222222228,2,0,0,0,1,0,148,0
282.0,fzp,1.0,948,654,294,27.541388888888896,3,0,0,0,3,0,151,0
283.0,fzp,1.0,948,655,293,27.723194444444452,1,0,0,0,2,0,152,0
284.0,fzp,1.0,949,655,294,27.905138888888896,2,1,0,1,2,0,155,0
285.0,fzp,1.0,947,655,292,28.08708333333334,1,0,0,0,1,0,156,0
286.0,fzp,1.0,952,657,295,28.26930555555556,1,0,0,0,3,0,157,0
287.0,fzp,1.0,951,656,295,28.45166666666667,2,0,0,0,1,0,159,0
288.0,fzp,1.0,952,657,295,28.63402777777778,1,0,0,0,2,0,160,0
289.0,fzp,1.0,957,658,299,28.81666666666667,3,0,0,0,4,0,163,0
290.0,fzp,1.0,957,654,303,28.998888888888892,3,1,0,0,0,0,167,0
291.0,fzp,1.0,960,655,305,29.18069444444445,3,0,0,1,3,0,170,0
292.0,fzp,1.0,961,660,301,29.363333333333337,0,0,0,0,5,0,170,0
293.0,fzp,1.0,969,665,304,29.547361111111115,1,0,0,0,6,0,171,0
294.0,fzp,1.0,971,668,303,29.732500000000005,1,0,0,1,3,0,172,0
295.0,fzp,1.0,971,671,300,29.918472222222228,0,0,0,0,3,0,172,0
296.0,fzp,1.0,972,671,301,30.104861111111116,0,0,0,0,0,0,172,0
297.0,fzp,1.0,971,671,300,30.291250000000005,1,2,0,0,3,0,175,0
298.0,fzp,1.0,975,671,304,30.477638888888894,2,0,0,0,2,0,177,0
299.0,fzp,1.0,977,671,306,30.664027777777783,1,0,0,0,1,0,178,0
300.0,fzp,1.0,982,676,306,30.851111111111116,0,0,0,0,5,0,178,0
301.0,fzp,1.0,983,680,303,31.03944444444445,0,0,0,1,3,0,178,0
302.0,fzp,1.0,984,683,301,31.228750000000005,3,0,0,3,3,0,181,0
303.0,fzp,1.0,988,683,305,31.418472222222228,2,0,0,0,2,0,183,0
304.0,fzp,1.0,992,685,307,31.60847222222223,3,0,0,2,3,0,186,0
305.0,fzp,1.0,996,689,307,31.799305555555563,1,0,0,2,3,0,187,0
306.0,fzp,1.0,1000,693,307,31.991250000000008,2,1,0,3,4,0,190,0
307.0,fzp,1.0,1004,697,307,32.18430555555556,2,0,0,2,4,0,192,0
308.0,fzp,1.0,1008,700,308,32.37833333333334,2,0,0,2,3,0,194,0
309.0,fzp,1.0,1011,704,307,32.57333333333334,1,1,0,4,2,0,196,0
310.0,fzp,1.0,1015,708,307,32.769444444444446,2,0,0,1,5,0,198,0
311.0,fzp,1.0,1017,711,306,32.96652777777778,1,1,0,1,4,0,200,0
312.0,fzp,1.0,1014,709,305,33.16375,3,0,0,0,1,0,203,0
313.0,fzp,1.0,1017,713,304,33.36125,1,0,0,2,3,0,204,0
314.0,fzp,1.0,1021,715,306,33.55958333333333,1,0,0,1,2,0,205,0
315.0,fzp,1.0,1025,720,305,33.75888888888888,1,1,0,2,5,0,207,0
316.0,fzp,1.0,1030,722,308,33.95916666666666,2,1,0,1,4,0,210,0
317.0,fzp,1.0,1037,730,307,34.16083333333333,0,0,0,1,7,0,210,0
318.0,fzp,1.0,1042,732,310,34.36388888888889,4,0,0,3,3,0,214,0
319.0,fzp,1.0,1041,735,306,34.56763888888889,2,0,0,2,3,0,216,0
320.0,fzp,1.0,1040,733,307,34.77152777777778,4,0,0,0,2,0,220,0
321.0,fzp,1.0,1037,739,298,34.975972222222225,0,0,0,2,4,0,220,0
322.0,fzp,1.0,1041,741,300,35.18152777777778,2,0,0,0,4,0,222,0
323.0,fzp,1.0,1044,743,301,35.387638888888894,0,0,0,1,1,0,222,0
324.0,fzp,1.0,1050,749,301,35.594861111111115,2,0,0,3,5,0,224,0
325.0,fzp,1.0,1051,750,301,35.80305555555556,1,1,0,0,3,0,226,0
326.0,fzp,1.0,1053,752,301,36.01166666666667,1,0,0,1,2,0,227,0
327.0,fzp,1.0,1049,752,297,36.220555555555556,2,1,0,3,0,0,230,0
328.0,fzp,1.0,1049,754,295,36.429722222222225,1,0,0,1,2,0,231,0
329.0,fzp,1.0,1051,758,293,36.639722222222225,0,0,0,1,3,0,231,0
330.0,fzp,1.0,1051,760,291,36.85055555555556,0,0,0,1,1,0,231,0
331.0,fzp,1.0,1050,761,289,37.06180555555556,3,0,0,0,4,0,234,0
332.0,fzp,1.0,1051,764,287,37.273611111111116,1,0,0,1,3,0,235,0
333.0,fzp,1.0,1045,760,285,37.48527777777778,2,2,0,0,0,0,239,0
334.0,fzp,1.0,1050,765,285,37.69708333333334,1,0,0,1,5,0,240,0
335.0,fzp,1.0,1056,769,287,37.910138888888895,3,0,0,1,6,0,243,0
336.0,fzp,1.0,1054,769,285,38.12375000000001,1,1,0,1,1,0,245,0
337.0,fzp,1.0,1055,770,285,38.337500000000006,1,2,0,1,3,0,248,0
338.0,fzp,1.0,1063,773,290,38.55180555555556,2,0,0,0,5,0,250,0
339.0,fzp,1.0,1064,773,291,38.76652777777778,3,0,0,1,2,0,253,0
340.0,fzp,1.0,1065,777,288,38.98180555555556,0,1,0,1,4,0,254,0
341.0,fzp,1.0,1067,777,290,39.197638888888896,2,0,0,1,1,0,256,0
342.0,fzp,1.0,1069,779,290,39.41375000000001,1,0,0,0,3,0,257,0
343.0,fzp,1.0,1072,780,292,39.630277777777785,1,0,0,1,1,0,258,0
344.0,fzp,1.0,1074,781,293,39.84708333333334,2,2,0,0,5,0,262,0
345.0,fzp,1.0,1075,786,289,40.06472222222223,1,1,0,1,6,0,264,0
346.0,fzp,1.0,1082,791,291,40.283750000000005,1,0,0,1,5,0,265,0
347.0,fzp,1.0,1086,791,295,40.50347222222223,3,0,0,1,2,0,268,0
348.0,fzp,1.0,1085,788,297,40.722777777777786,4,1,0,1,1,0,273,0
349.0,fzp,1.0,1083,788,295,40.94166666666668,1,1,0,0,2,0,275,0
350.0,fzp,1.0,1086,787,299,41.16041666666668,4,1,0,0,4,0,280,0
351.0,fzp,1.0,1087,788,299,41.37916666666668,2,0,0,1,2,0,282,0
352.0,fzp,1.0,1090,791,299,41.598472222222235,1,1,0,1,4,0,284,0
353.0,fzp,1.0,1092,797,295,41.81902777777779,1,0,0,2,5,0,285,0
354.0,fzp,1.0,1091,799,292,42.040694444444455,1,0,0,1,2,0,286,0
355.0,fzp,1.0,1097,803,294,42.26319444444445,2,0,0,2,4,0,288,0
356.0,fzp,1.0,1099,803,296,42.486250000000005,2,1,0,0,3,0,291,0
357.0,fzp,1.0,1102,805,297,42.70958333333334,3,1,0,1,5,0,295,0
358.0,fzp,1.0,1103,807,296,42.93347222222223,2,1,0,2,3,0,298,0
359.0,fzp,1.0,1104,808,296,43.15777777777778,0,1,0,1,1,0,299,0
360.0,fzp,1.0,1107,811,296,43.38263888888889,1,0,0,2,2,0,300,0
361.0,fzp,1.0,1108,810,298,43.60777777777778,2,0,0,0,1,0,302,0
362.0,fzp,1.0,1110,810,300,43.83277777777778,1,0,0,1,0,0,303,0
363.0,fzp,1.0,1111,809,302,44.05763888888889,1,1,0,0,1,0,305,0
364.0,fzp,1.0,1115,810,305,44.2825,1,0,0,0,2,0,306,0
365.0,fzp,1.0,1113,811,302,44.507638888888884,0,0,0,1,0,0,306,0
366.0,fzp,1.0,1112,812,300,44.73305555555555,0,0,0,1,0,0,306,0
367.0,fzp,1.0,1112,814,298,44.958888888888886,0,1,0,0,3,0,307,0
368.0,fzp,1.0,1117,818,299,45.18555555555555,1,1,0,1,5,0,309,0
369.0,fzp,1.0,1118,816,302,45.412499999999994,4,0,0,1,1,0,313,0
370.0,fzp,1.0,1120,818,302,45.639444444444436,0,1,0,1,2,0,314,0
371.0,fzp,1.0,1118,814,304,45.8661111111111,3,3,0,0,2,0,320,0
372.0,fzp,1.0,1119,813,306,46.09208333333333,0,3,0,0,2,0,323,0
373.0,fzp,1.0,1122,815,307,46.31819444444444,3,0,0,1,4,0,326,0
374.0,fzp,1.0,1125,815,310,46.54458333333333,2,0,0,0,2,0,328,0
375.0,fzp,1.0,1131,818,313,46.771388888888886,1,0,0,0,4,0,329,0
376.0,fzp,1.0,1130,820,310,46.998888888888885,0,0,0,0,2,0,329,0
377.0,fzp,1.0,1131,821,310,47.22680555555555,1,0,0,1,1,0,330,0
378.0,fzp,1.0,1132,821,311,47.45486111111111,1,2,0,0,3,0,333,0
379.0,fzp,1.0,1133,822,311,47.683055555555555,0,1,0,0,2,0,334,0
380.0,fzp,1.0,1134,819,315,47.91097222222222,3,1,0,1,0,0,338,0
381.0,fzp,1.0,1133,818,315,48.13833333333333,1,1,0,1,0,0,340,0
382.0,fzp,1.0,1138,827,311,48.36680555555555,0,0,0,5,4,0,340,0
383.0,fzp,1.0,1135,827,308,48.59652777777777,3,1,0,1,3,0,344,0
384.0,fzp,1.0,1138,831,307,48.82680555555555,1,0,0,1,4,0,345,0
385.0,fzp,1.0,1136,831,305,49.05763888888889,1,1,0,2,0,0,347,0
386.0,fzp,1.0,1137,835,302,49.289027777777775,2,1,0,1,6,0,350,0
387.0,fzp,1.0,1139,837,302,49.521249999999995,2,0,0,1,3,0,352,0
388.0,fzp,1.0,1141,840,301,49.75416666666666,0,1,0,1,3,0,353,0
389.0,fzp,1.0,1142,839,303,49.987361111111106,2,1,0,0,2,0,356,0
390.0,fzp,1.0,1144,843,301,50.220972222222215,0,1,0,2,3,0,357,0
391.0,fzp,1.0,1147,847,300,50.45569444444444,0,2,0,2,4,0,359,0
392.0,fzp,1.0,1149,847,302,50.690972222222214,2,1,0,1,2,0,362,0
393.0,fzp,1.0,1155,848,307,50.92638888888888,3,0,0,1,3,0,365,0
394.0,fzp,1.0,1157,849,308,51.16208333333333,2,0,0,1,2,0,367,0
395.0,fzp,1.0,1157,850,307,51.39805555555555,0,0,0,0,1,0,367,0
396.0,fzp,1.0,1154,850,304,51.634166666666665,2,0,0,1,1,0,369,0
397.0,fzp,1.0,1159,853,306,51.870694444444446,2,0,0,1,4,0,371,0
398.0,fzp,1.0,1162,853,309,52.10763888888889,3,1,0,0,4,0,375,0
399.0,fzp,1.0,1164,856,308,52.345000000000006,1,0,0,0,4,0,376,0
400.0,fzp,1.0,1164,856,308,52.582777777777785,1,1,0,0,2,0,378,0
401.0,fzp,1.0,1163,854,309,52.82027777777778,1,1,0,0,0,0,380,0
402.0,fzp,1.0,1167,855,312,53.057638888888896,2,0,0,0,3,0,382,0
403.0,fzp,1.0,1168,855,313,53.29513888888889,2,0,0,0,2,0,384,0
404.0,fzp,1.0,1168,854,314,53.532500000000006,2,0,0,0,1,0,386,0
405.0,fzp,1.0,1166,851,315,53.76930555555556,1,2,0,0,0,0,389,0
406.0,fzp,1.0,1169,851,318,54.00569444444445,2,0,0,0,2,0,391,0
407.0,fzp,1.0,1173,852,321,54.24222222222223,2,0,0,0,3,0,393,0
408.0,fzp,1.0,1171,851,320,54.47875000000001,2,0,0,0,1,0,395,0
409.0,fzp,1.0,1172,852,320,54.71527777777779,1,1,0,0,3,0,397,0
410.0,fzp,1.0,1175,850,325,54.95166666666668,3,0,0,0,1,0,400,0
411.0,fzp,1.0,1173,849,324,55.187638888888905,0,2,0,0,1,0,402,0
412.0,fzp,1.0,1178,852,326,55.423888888888904,1,0,0,0,4,0,403,0
413.0,fzp,1.0,1182,859,323,55.66152777777779,3,0,0,5,5,0,406,0
414.0,fzp,1.0,1178,857,321,55.89986111111113,1,3,0,0,2,0,410,0
415.0,fzp,1.0,1178,854,324,56.13750000000002,4,4,0,2,3,0,418,0
416.0,fzp,1.0,1180,858,322,56.3752777777778,0,0,0,3,1,0,418,0
417.0,fzp,1.0,1179,858,321,56.61361111111113,3,1,0,3,1,0,422,0
418.0,fzp,1.0,1182,858,324,56.85194444444447,3,0,0,0,3,0,425,0
419.0,fzp,1.0,1184,859,325,57.09041666666669,1,1,0,1,2,0,427,0
420.0,fzp,1.0,1183,860,323,57.329166666666694,1,2,0,1,3,0,430,0
421.0,fzp,1.0,1185,860,325,57.56805555555558,0,1,0,1,0,0,431,0
422.0,fzp,1.0,1184,861,323,57.80708333333336,2,3,0,2,4,0,436,0
423.0,fzp,1.0,1182,862,320,58.04638888888891,1,1,0,1,2,0,438,0
424.0,fzp,1.0,1182,860,322,58.28555555555558,2,1,0,0,1,0,441,0
425.0,fzp,1.0,1184,861,323,58.52458333333336,2,0,0,1,2,0,443,0
426.0,fzp,1.0,1190,863,327,58.764027777777805,1,0,0,0,3,0,444,0
427.0,fzp,1.0,1191,863,328,59.003750000000025,3,0,0,0,3,0,447,0
428.0,fzp,1.0,1194,865,329,59.24375000000003,1,0,0,1,2,0,448,0
429.0,fzp,1.0,1196,867,329,59.48430555555558,2,2,0,1,5,0,452,0
430.0,fzp,1.0,1199,867,332,59.725138888888914,2,1,0,0,3,0,455,0
431.0,fzp,1.0,1198,870,328,59.966388888888915,0,0,0,1,2,0,455,0
432.0,fzp,1.0,1201,870,331,60.20805555555558,2,0,0,0,2,0,457,0
433.0,fzp,1.0,1203,870,333,60.44972222222225,1,2,0,0,3,0,460,0
434.0,fzp,1.0,1203,868,335,60.69111111111114,2,2,0,0,2,0,464,0
435.0,fzp,1.0,1207,865,342,60.931805555555584,5,0,0,0,2,0,469,0
436.0,fzp,1.0,1208,865,343,61.17208333333336,1,0,0,0,1,0,470,0
437.0,fzp,1.0,1213,871,342,61.41319444444447,2,0,0,2,6,0,472,0
438.0,fzp,1.0,1217,872,345,61.655277777777805,3,0,0,0,4,0,475,0
439.0,fzp,1.0,1217,868,349,61.89694444444447,5,0,0,0,1,0,480,0
440.0,fzp,1.0,1219,868,351,62.13805555555558,3,0,0,0,3,0,483,0
441.0,fzp,1.0,1220,867,353,62.37902777777781,3,0,0,0,2,0,486,0
442.0,fzp,1.0,1218,864,354,62.619444444444476,3,2,0,2,0,0,491,0
443.0,fzp,1.0,1218,863,355,62.859305555555586,5,0,0,1,3,0,496,0
444.0,fzp,1.0,1217,864,353,63.0991666666667,0,0,0,0,1,0,496,0
445.0,fzp,1.0,1215,864,351,63.3391666666667,1,1,0,1,1,0,498,0
446.0,fzp,1.0,1215,865,350,63.579305555555585,1,0,0,0,2,0,499,0
447.0,fzp,1.0,1213,865,348,63.81958333333336,2,0,0,1,1,0,501,0
448.0,fzp,1.0,1211,865,346,64.05986111111115,0,1,0,0,1,0,502,0
449.0,fzp,1.0,1208,862,346,64.29972222222226,1,3,0,0,1,0,506,0
450.0,fzp,1.0,1206,860,346,64.53888888888892,3,1,0,1,1,0,510,0
451.0,fzp,1.0,1208,865,343,64.77847222222225,1,0,0,2,4,0,511,0
452.0,fzp,1.0,1208,864,344,65.01861111111114,3,2,0,3,1,0,516,0
453.0,fzp,1.0,1208,866,342,65.25888888888892,1,1,0,1,3,0,518,0
454.0,fzp,1.0,1207,864,343,65.4991666666667,2,1,0,1,0,0,521,0
455.0,fzp,1.0,1205,862,343,65.73888888888892,3,1,0,1,1,0,525,0
456.0,fzp,1.0,1203,860,343,65.97805555555558,3,0,0,1,0,0,528,0
457.0,fzp,1.0,1205,860,345,66.21694444444448,3,1,0,2,2,0,532,0
458.0,fzp,1.0,1204,860,344,66.45583333333337,2,3,0,2,3,0,537,0
459.0,fzp,1.0,1207,861,346,66.69486111111115,0,1,0,0,2,0,538,0
460.0,fzp,1.0,1203,861,342,66.93402777777781,2,1,0,1,2,0,541,0
461.0,fzp,1.0,1210,862,348,67.17333333333337,5,1,0,2,5,0,547,0
462.0,fzp,1.0,1208,864,344,67.4130555555556,0,1,0,0,3,0,548,0
463.0,fzp,1.0,1207,867,340,67.65347222222226,1,0,0,3,1,0,549,0
464.0,fzp,1.0,1216,873,343,67.89513888888892,2,0,0,0,8,0,551,0
465.0,fzp,1.0,1216,876,340,68.1380555555556,0,0,0,1,2,0,551,0
466.0,fzp,1.0,1216,875,341,68.38125000000004,3,0,0,0,2,0,554,0
467.0,fzp,1.0,1215,877,338,68.62458333333338,2,1,0,2,3,0,557,0
468.0,fzp,1.0,1214,877,337,68.86819444444448,1,2,0,0,3,0,560,0
469.0,fzp,1.0,1217,882,335,69.11250000000004,1,0,0,4,2,0,561,0
470.0,fzp,1.0,1216,884,332,69.35777777777781,1,1,0,2,2,0,563,0
471.0,fzp,1.0,1217,889,328,69.60402777777782,0,0,0,2,3,0,563,0
472.0,fzp,1.0,1220,888,332,69.85083333333337,2,2,0,0,3,0,567,0
473.0,fzp,1.0,1220,894,326,70.09833333333337,0,1,0,3,4,0,568,0
474.0,fzp,1.0,1217,893,324,70.34652777777782,1,2,0,1,1,0,571,0
475.0,fzp,1.0,1216,895,321,70.59486111111116,1,1,0,2,2,0,573,0
476.0,fzp,1.0,1222,901,321,70.84430555555561,1,0,0,1,6,0,574,0
477.0,fzp,1.0,1223,901,322,71.09458333333339,1,1,0,0,2,0,576,0
478.0,fzp,1.0,1222,906,316,71.3455555555556,0,2,0,2,5,0,578,0
479.0,fzp,1.0,1222,908,314,71.59750000000005,1,1,0,1,3,0,580,0
480.0,fzp,1.0,1222,909,313,71.84986111111117,1,1,0,1,2,0,582,0
481.0,fzp,1.0,1223,914,309,72.10305555555561,0,1,0,2,4,0,583,0
482.0,fzp,1.0,1223,915,308,72.35708333333339,1,2,0,1,3,0,586,0
483.0,fzp,1.0,1220,916,304,72.61138888888895,2,1,0,1,3,0,589,0
484.0,fzp,1.0,1222,919,303,72.86625000000006,3,0,0,3,3,0,592,0
485.0,fzp,1.0,1219,920,299,73.12166666666673,1,1,0,0,3,0,594,0
486.0,fzp,1.0,1220,921,299,73.37736111111117,2,0,0,2,1,0,596,0
487.0,fzp,1.0,1220,926,294,73.63388888888895,0,1,0,3,3,0,597,0
488.0,fzp,1.0,1218,926,292,73.89111111111117,0,2,0,2,0,0,599,0
489.0,fzp,1.0,1217,927,290,74.14847222222228,1,1,0,1,2,0,601,0
490.0,fzp,1.0,1218,932,286,74.40666666666672,0,0,0,2,3,0,601,0
491.0,fzp,1.0,1212,931,281,74.66541666666673,1,2,0,2,0,0,604,0
492.0,fzp,1.0,1211,930,281,74.92388888888895,0,2,0,0,1,0,606,0
493.0,fzp,1.0,1209,931,278,75.18236111111118,1,2,0,1,3,0,609,0
494.0,fzp,1.0,1208,931,277,75.44097222222229,1,0,0,0,1,0,610,0
495.0,fzp,1.0,1208,933,275,75.69986111111118,2,1,0,3,2,0,613,0
496.0,fzp,1.0,1212,939,273,75.95986111111118,2,1,0,2,7,0,616,0
497.0,fzp,1.0,1215,938,277,76.22055555555562,5,0,0,1,3,0,621,0
498.0,fzp,1.0,1219,942,277,76.48166666666673,1,0,0,1,4,0,622,0
499.0,fzp,1.0,1220,945,275,76.74375000000006,1,0,0,1,3,0,623,0
500.0,fzp,1.0,1224,946,278,77.00638888888895,3,0,0,1,3,0,626,0
501.0,fzp,1.0,1224,945,279,77.26902777777784,4,2,0,1,4,0,632,0
502.0,fzp,1.0,1226,944,282,77.53138888888894,3,1,0,0,3,0,636,0
503.0,fzp,1.0,1230,947,283,77.79402777777783,2,0,0,0,5,0,638,0
504.0,fzp,1.0,1231,947,284,78.05708333333338,3,0,0,0,3,0,641,0
505.0,fzp,1.0,1234,946,288,78.32000000000005,4,1,0,0,4,0,646,0
506.0,fzp,1.0,1237,943,294,78.58236111111115,3,2,0,0,2,0,651,0
507.0,fzp,1.0,1236,945,291,78.84458333333338,1,1,0,3,1,0,653,0
508.0,fzp,1.0,1238,949,289,79.10763888888893,0,0,0,0,4,0,653,0
509.0,fzp,1.0,1235,948,287,79.37111111111115,2,1,0,1,1,0,656,0
510.0,fzp,1.0,1241,953,288,79.63513888888893,1,0,0,1,5,0,657,0
511.0,fzp,1.0,1241,953,288,79.89986111111115,4,0,0,3,1,0,661,0
512.0,fzp,1.0,1242,951,291,80.1643055555556,2,3,0,0,3,0,666,0
513.0,fzp,1.0,1242,952,290,80.42861111111115,4,2,0,2,5,0,672,0
514.0,fzp,1.0,1247,957,290,80.69375000000004,0,0,0,1,4,0,672,0
515.0,fzp,1.0,1247,956,291,80.95944444444449,1,1,0,0,1,0,674,0
516.0,fzp,1.0,1247,959,288,81.2254166666667,0,0,0,1,2,0,674,0
517.0,fzp,1.0,1250,961,289,81.49208333333337,2,0,0,0,4,0,676,0
518.0,fzp,1.0,1252,964,288,81.75944444444448,1,0,0,2,2,0,677,0
519.0,fzp,1.0,1256,966,290,82.02750000000003,3,1,0,1,5,0,681,0
520.0,fzp,1.0,1258,967,291,82.29597222222226,1,0,0,1,1,0,682,0
521.0,fzp,1.0,1257,959,298,82.56347222222226,8,2,0,0,2,0,692,0
522.0,fzp,1.0,1261,960,301,82.83000000000004,1,2,0,0,4,0,695,0
523.0,fzp,1.0,1264,962,302,83.09694444444449,1,1,0,0,4,0,697,0
524.0,fzp,1.0,1270,961,309,83.36402777777782,5,0,0,0,4,0,702,0
525.0,fzp,1.0,1275,961,314,83.63097222222227,3,0,0,0,3,0,705,0
526.0,fzp,1.0,1276,962,314,83.8980555555556,0,1,0,1,1,0,706,0
527.0,fzp,1.0,1281,964,317,84.1655555555556,1,0,0,0,3,0,707,0
528.0,fzp,1.0,1284,969,315,84.43402777777783,0,1,0,1,5,0,708,0
529.0,fzp,1.0,1285,969,316,84.70319444444449,1,2,0,1,2,0,711,0
530.0,fzp,1.0,1287,968,319,84.97222222222227,3,1,0,1,2,0,715,0
531.0,fzp,1.0,1287,967,320,85.24097222222227,3,1,0,1,2,0,719,0
532.0,fzp,1.0,1290,969,321,85.50986111111116,1,1,0,0,4,0,721,0
533.0,fzp,1.0,1290,972,318,85.7794444444445,1,1,0,2,3,0,723,0
534.0,fzp,1.0,1292,974,318,86.04972222222227,2,2,0,0,6,0,727,0
535.0,fzp,1.0,1292,975,317,86.32041666666672,1,0,0,0,2,0,728,0
536.0,fzp,1.0,1298,974,324,86.59111111111116,4,1,0,1,3,0,733,0
537.0,fzp,1.0,1297,973,324,86.86152777777782,3,1,0,1,2,0,737,0
538.0,fzp,1.0,1301,975,326,87.13208333333338,2,1,0,0,5,0,740,0
539.0,fzp,1.0,1303,980,323,87.40361111111116,1,0,0,1,5,0,741,0
540.0,fzp,1.0,1306,981,325,87.67597222222227,3,1,0,0,5,0,745,0
541.0,fzp,1.0,1307,982,325,87.94861111111116,0,0,0,0,1,0,745,0
542.0,fzp,1.0,1310,985,325,88.2218055555556,2,0,0,2,3,0,747,0
543.0,fzp,1.0,1313,987,326,88.4956944444445,1,3,0,1,5,0,751,0
544.0,fzp,1.0,1315,985,330,88.76958333333339,5,3,0,1,5,0,759,0
545.0,fzp,1.0,1312,980,332,89.04250000000005,3,4,0,0,2,0,766,0
546.0,fzp,1.0,1314,978,336,89.31444444444449,3,2,0,0,3,0,771,0
547.0,fzp,1.0,1310,977,333,89.58597222222227,1,4,0,1,3,0,776,0
548.0,fzp,1.0,1311,979,332,89.85763888888893,0,0,0,1,1,0,776,0
549.0,fzp,1.0,1312,981,331,90.12986111111115,0,2,0,0,4,0,778,0
550.0,fzp,1.0,1312,979,333,90.40208333333338,2,1,0,0,1,0,781,0
551.0,fzp,1.0,1314,981,333,90.6743055555556,1,0,0,0,3,0,782,0
552.0,fzp,1.0,1318,986,332,90.94750000000005,0,1,0,0,6,0,783,0
553.0,fzp,1.0,1313,984,329,91.22111111111116,0,4,0,1,1,0,787,0
554.0,fzp,1.0,1312,985,327,91.49458333333338,0,0,0,0,1,0,787,0
555.0,fzp,1.0,1316,988,328,91.76861111111116,0,1,0,0,4,0,788,0
556.0,fzp,1.0,1314,988,326,92.0430555555556,3,1,0,2,2,0,792,0
557.0,fzp,1.0,1317,988,329,92.31750000000004,3,0,0,0,3,0,795,0
558.0,fzp,1.0,1319,985,334,92.59152777777781,3,1,0,0,1,0,799,0
559.0,fzp,1.0,1319,984,335,92.86500000000004,1,2,0,0,2,0,802,0
560.0,fzp,1.0,1317,982,335,93.1380555555556,2,1,0,0,1,0,805,0
561.0,fzp,1.0,1317,981,336,93.41069444444449,2,1,0,0,2,0,808,0
562.0,fzp,1.0,1318,979,339,93.68291666666671,3,1,0,0,2,0,812,0
563.0,fzp,1.0,1318,983,335,93.95541666666671,4,0,0,3,5,0,816,0
564.0,fzp,1.0,1321,989,332,94.2293055555556,1,0,0,3,4,0,817,0
565.0,fzp,1.0,1323,989,334,94.50402777777782,2,1,0,1,2,0,820,0
566.0,fzp,1.0,1329,992,337,94.77916666666671,2,0,0,0,5,0,822,0
567.0,fzp,1.0,1327,993,334,95.05486111111115,0,0,0,0,1,0,822,0
568.0,fzp,1.0,1328,989,339,95.33013888888892,4,2,0,0,2,0,828,0
569.0,fzp,1.0,1326,987,339,95.60458333333337,1,1,0,0,0,0,830,0
570.0,fzp,1.0,1322,981,341,95.87791666666669,3,4,0,1,0,0,837,0
571.0,fzp,1.0,1322,980,342,96.1502777777778,2,1,0,1,1,0,840,0
572.0,fzp,1.0,1323,980,343,96.42250000000003,2,0,0,0,2,0,842,0
573.0,fzp,1.0,1324,980,344,96.69472222222225,1,1,0,0,2,0,844,0
574.0,fzp,1.0,1328,987,341,96.9679166666667,0,1,0,0,8,0,845,0
575.0,fzp,1.0,1323,985,338,97.24180555555559,2,0,0,0,0,0,847,0
576.0,fzp,1.0,1320,985,335,97.5154166666667,0,1,0,0,1,0,848,0
577.0,fzp,1.0,1319,978,341,97.78805555555559,6,1,0,0,0,0,855,0
578.0,fzp,1.0,1321,976,345,98.05944444444448,2,1,0,0,1,0,858,0
579.0,fzp,1.0,1322,974,348,98.33027777777781,2,2,0,1,1,0,862,0
580.0,fzp,1.0,1320,972,348,98.60055555555559,2,2,0,1,1,0,866,0
581.0,fzp,1.0,1317,970,347,98.87027777777782,1,3,0,1,1,0,870,0
582.0,fzp,1.0,1315,968,347,99.13944444444448,2,1,0,0,1,0,873,0
583.0,fzp,1.0,1317,970,347,99.40861111111114,2,1,0,1,4,0,876,0
584.0,fzp,1.0,1320,966,354,99.67750000000004,4,0,0,0,0,0,880,0
585.0,fzp,1.0,1319,964,355,99.94555555555559,3,1,0,1,1,0,884,0
586.0,fzp,1.0,1321,970,351,100.2141666666667,0,1,0,2,5,0,885,0
587.0,fzp,1.0,1315,967,348,100.48319444444448,1,2,0,0,0,0,888,0
588.0,fzp,1.0,1316,964,352,100.75138888888893,5,0,0,1,1,0,893,0
589.0,fzp,1.0,1313,962,351,101.01888888888892,3,2,0,2,1,0,898,0
590.0,fzp,1.0,1315,960,355,101.28583333333337,4,0,0,0,2,0,902,0
591.0,fzp,1.0,1319,961,358,101.55263888888892,2,1,0,0,4,0,905,0
592.0,fzp,1.0,1320,962,358,101.81972222222225,2,0,0,0,3,0,907,0
593.0,fzp,1.0,1323,966,357,102.08750000000003,1,0,0,1,4,0,908,0
594.0,fzp,1.0,1322,967,355,102.35597222222226,1,1,0,0,3,0,910,0
595.0,fzp,1.0,1320,967,353,102.62458333333338,3,1,0,0,4,0,914,0
596.0,fzp,1.0,1317,967,350,102.89319444444449,0,4,0,1,3,0,918,0
597.0,fzp,1.0,1321,968,353,103.16194444444449,4,2,0,1,6,0,924,0
598.0,fzp,1.0,1322,972,350,103.43138888888893,1,2,0,2,5,0,927,0
599.0,fzp,1.0,1323,971,352,103.70125000000004,2,1,0,0,2,0,930,0
600.0,fzp,1.0,1324,971,353,103.97097222222227,2,0,0,0,2,0,932,0
601.0,fzp,1.0,1323,970,353,104.2405555555556,1,1,0,0,1,0,934,0
602.0,fzp,1.0,1323,966,357,104.5094444444445,6,0,0,1,1,0,940,0
603.0,fzp,1.0,1326,970,356,104.77833333333339,2,0,0,0,6,0,942,0
604.0,fzp,1.0,1329,971,358,105.04791666666672,3,0,0,1,3,0,945,0
605.0,fzp,1.0,1330,973,357,105.31791666666672,0,1,0,0,3,0,946,0
606.0,fzp,1.0,1329,974,355,105.58833333333338,2,0,0,2,1,0,948,0
607.0,fzp,1.0,1328,975,353,105.85902777777783,2,1,0,1,3,0,951,0
608.0,fzp,1.0,1330,977,353,106.13013888888894,2,0,0,0,4,0,953,0
609.0,fzp,1.0,1327,975,352,106.40125000000005,4,1,0,1,2,0,958,0
610.0,fzp,1.0,1329,979,350,106.67263888888894,1,0,0,1,4,0,959,0
611.0,fzp,1.0,1328,980,348,106.94472222222227,2,2,0,1,4,0,963,0
612.0,fzp,1.0,1328,981,347,107.21708333333338,0,1,0,0,2,0,964,0
613.0,fzp,1.0,1327,985,342,107.49013888888894,1,2,0,1,6,0,967,0
614.0,fzp,1.0,1326,986,340,107.76388888888894,1,0,0,0,2,0,968,0
615.0,fzp,1.0,1326,987,339,108.03791666666672,0,0,0,0,1,0,968,0
616.0,fzp,1.0,1328,988,340,108.31222222222227,3,0,0,0,4,0,971,0
617.0,fzp,1.0,1331,990,341,108.5869444444445,0,1,0,0,3,0,972,0
618.0,fzp,1.0,1333,990,343,108.8619444444445,2,3,0,0,5,0,977,0
619.0,fzp,1.0,1328,984,344,109.13611111111118,3,6,0,1,2,0,986,0
620.0,fzp,1.0,1329,984,345,109.4094444444445,1,0,0,0,1,0,987,0
621.0,fzp,1.0,1333,988,345,109.6833333333334,2,0,0,0,6,0,989,0
622.0,fzp,1.0,1334,987,347,109.95763888888895,3,1,0,0,3,0,993,0
623.0,fzp,1.0,1336,991,345,110.23236111111117,2,0,0,1,5,0,995,0
624.0,fzp,1.0,1342,994,348,110.50805555555561,2,0,0,0,5,0,997,0
625.0,fzp,1.0,1343,997,346,110.78458333333339,0,1,0,0,4,0,998,0
626.0,fzp,1.0,1344,994,350,111.06111111111116,3,1,0,0,1,0,1002,0
627.0,fzp,1.0,1344,996,348,111.33750000000005,2,1,0,1,4,0,1005,0
628.0,fzp,1.0,1346,1001,345,111.61486111111115,2,0,0,2,5,0,1007,0
629.0,fzp,1.0,1349,1003,346,111.89319444444449,2,0,0,2,2,0,1009,0
630.0,fzp,1.0,1351,1006,345,112.17222222222227,1,0,0,1,3,0,1010,0
631.0,fzp,1.0,1351,1007,344,112.45180555555561,2,0,0,2,1,0,1012,0
632.0,fzp,1.0,1351,1007,344,112.73152777777783,2,1,0,0,3,0,1015,0
633.0,fzp,1.0,1350,1007,343,113.01125000000005,2,1,0,2,1,0,1018,0
634.0,fzp,1.0,1349,1012,337,113.29166666666671,1,0,0,4,2,0,1019,0
635.0,fzp,1.0,1352,1015,337,113.5731944444445,1,0,0,1,3,0,1020,0
636.0,fzp,1.0,1355,1016,339,113.85527777777783,4,0,0,3,2,0,1024,0
637.0,fzp,1.0,1351,1011,340,114.13680555555561,3,3,0,0,1,0,1030,0
638.0,fzp,1.0,1352,1011,341,114.41763888888894,0,2,0,0,2,0,1032,0
639.0,fzp,1.0,1349,1008,341,114.69805555555561,2,3,0,1,1,0,1037,0
640.0,fzp,1.0,1348,1009,339,114.9781944444445,1,3,0,2,3,0,1041,0
641.0,fzp,1.0,1348,1011,337,115.25875000000005,2,0,0,1,3,0,1043,0
642.0,fzp,1.0,1349,1015,334,115.54013888888893,1,0,0,2,3,0,1044,0
643.0,fzp,1.0,1350,1014,336,115.82194444444448,2,0,0,0,1,0,1046,0
644.0,fzp,1.0,1348,1013,335,116.10347222222227,3,1,0,2,1,0,1050,0
645.0,fzp,1.0,1343,1015,328,116.38513888888893,0,0,0,2,0,0,1050,0
646.0,fzp,1.0,1344,1019,325,116.66763888888893,3,1,0,3,5,0,1054,0
647.0,fzp,1.0,1346,1021,325,116.95097222222226,3,0,0,2,3,0,1057,0
648.0,fzp,1.0,1342,1021,321,117.23458333333338,3,1,0,1,3,0,1061,0
649.0,fzp,1.0,1341,1023,318,117.51847222222227,2,1,0,2,3,0,1064,0
650.0,fzp,1.0,1340,1021,319,117.80236111111117,4,2,0,1,3,0,1070,0
651.0,fzp,1.0,1341,1018,323,118.08555555555562,4,0,0,1,0,0,1074,0
652.0,fzp,1.0,1342,1015,327,118.36791666666673,4,2,0,0,3,0,1080,0
653.0,fzp,1.0,1343,1015,328,118.64986111111118,3,0,0,1,2,0,1083,0
654.0,fzp,1.0,1343,1013,330,118.93152777777784,3,1,0,0,2,0,1087,0
655.0,fzp,1.0,1344,1013,331,119.21291666666673,2,2,0,0,4,0,1091,0
656.0,fzp,1.0,1343,1009,334,119.49375000000006,4,0,0,0,0,0,1095,0
657.0,fzp,1.0,1338,1008,330,119.77388888888895,0,2,0,1,0,0,1097,0
658.0,fzp,1.0,1336,1009,327,120.05402777777783,1,2,0,1,3,0,1100,0
659.0,fzp,1.0,1337,1011,326,120.33458333333338,1,0,0,2,1,0,1101,0
660.0,fzp,1.0,1337,1013,324,120.6156944444445,1,1,0,1,3,0,1103,0
661.0,fzp,1.0,1338,1013,325,120.89708333333338,2,0,0,0,2,0,1105,0
662.0,fzp,1.0,1346,1017,329,121.17902777777783,0,2,0,0,6,0,1107,0
663.0,fzp,1.0,1343,1018,325,121.46166666666672,1,2,0,2,2,0,1110,0
664.0,fzp,1.0,1346,1022,324,121.74500000000005,0,1,0,1,4,0,1111,0
665.0,fzp,1.0,1342,1021,321,122.02875000000004,1,3,0,0,3,0,1115,0
666.0,fzp,1.0,1341,1019,322,122.31208333333338,2,2,0,1,1,0,1119,0
667.0,fzp,1.0,1339,1017,322,122.59486111111116,1,3,0,0,2,0,1123,0
668.0,fzp,1.0,1345,1021,324,122.8779166666667,1,1,0,2,4,0,1125,0
669.0,fzp,1.0,1345,1019,326,123.16125000000004,5,0,0,2,1,0,1130,0
670.0,fzp,1.0,1348,1024,324,123.44500000000004,2,1,0,1,7,0,1133,0
671.0,fzp,1.0,1347,1023,324,123.7293055555556,2,2,0,1,2,0,1137,0
672.0,fzp,1.0,1349,1023,326,124.01347222222226,4,0,0,1,3,0,1141,0
673.0,fzp,1.0,1345,1018,327,124.29694444444448,2,3,0,0,0,0,1146,0
674.0,fzp,1.0,1346,1018,328,124.57972222222226,2,3,0,1,4,0,1151,0
675.0,fzp,1.0,1344,1016,328,124.86222222222226,2,1,0,0,1,0,1154,0
676.0,fzp,1.0,1347,1018,329,125.14472222222226,1,0,0,1,2,0,1155,0
677.0,fzp,1.0,1349,1019,330,125.42763888888892,1,1,0,0,3,0,1157,0
678.0,fzp,1.0,1347,1021,326,125.71097222222225,0,2,0,1,3,0,1159,0
679.0,fzp,1.0,1350,1021,329,125.99458333333337,2,0,0,1,1,0,1161,0
680.0,fzp,1.0,1350,1023,327,126.27847222222226,2,1,0,3,2,0,1164,0
681.0,fzp,1.0,1356,1026,330,126.5630555555556,0,0,0,0,3,0,1164,0
682.0,fzp,1.0,1357,1024,333,126.84777777777782,2,1,0,0,1,0,1167,0
683.0,fzp,1.0,1360,1026,334,127.13250000000005,2,2,0,2,4,0,1171,0
684.0,fzp,1.0,1362,1028,334,127.41777777777783,1,1,0,2,2,0,1173,0
685.0,fzp,1.0,1365,1027,338,127.70319444444449,2,1,0,0,2,0,1176,0
686.0,fzp,1.0,1366,1026,340,127.98833333333339,3,0,0,1,1,0,1179,0
687.0,fzp,1.0,1368,1027,341,128.27347222222227,2,0,0,2,1,0,1181,0
688.0,fzp,1.0,1369,1025,344,128.55847222222226,3,1,0,0,2,0,1185,0
689.0,fzp,1.0,1372,1031,341,128.84402777777782,1,2,0,3,6,0,1188,0
690.0,fzp,1.0,1373,1028,345,129.13000000000005,4,3,0,0,4,0,1195,0
691.0,fzp,1.0,1373,1029,344,129.41569444444448,1,2,0,1,3,0,1198,0
692.0,fzp,1.0,1374,1031,343,129.70180555555558,2,2,0,1,5,0,1202,0
693.0,fzp,1.0,1371,1029,342,129.98791666666668,2,1,0,0,1,0,1205,0
694.0,fzp,1.0,1369,1029,340,130.27375,3,2,0,2,3,0,1210,0
695.0,fzp,1.0,1369,1032,337,130.56,0,0,0,0,3,0,1210,0
696.0,fzp,1.0,1372,1031,341,130.8465277777778,5,1,0,1,4,0,1216,0
697.0,fzp,1.0,1370,1032,338,131.1330555555556,1,1,0,1,2,0,1218,0
698.0,fzp,1.0,1372,1033,339,131.41986111111115,2,0,0,0,3,0,1220,0
699.0,fzp,1.0,1375,1032,343,131.7066666666667,3,0,0,1,1,0,1223,0
700.0,fzp,1.0,1378,1035,343,131.99375000000003,0,0,0,0,3,0,1223,0
701.0,fzp,1.0,1382,1033,349,132.28097222222226,6,1,0,2,3,0,1230,0
702.0,fzp,1.0,1387,1036,351,132.56833333333338,1,1,0,0,5,0,1232,0
703.0,fzp,1.0,1389,1033,356,132.8556944444445,4,3,0,0,4,0,1239,0
704.0,fzp,1.0,1389,1033,356,133.14263888888897,1,3,0,1,3,0,1243,0
705.0,fzp,1.0,1390,1030,360,133.42916666666676,4,2,0,0,3,0,1249,0
706.0,fzp,1.0,1386,1027,359,133.7148611111112,2,2,0,0,1,0,1253,0
707.0,fzp,1.0,1389,1028,361,134.00027777777785,2,0,0,1,2,0,1255,0
708.0,fzp,1.0,1391,1030,361,134.28611111111118,0,1,0,1,2,0,1256,0
709.0,fzp,1.0,1394,1031,363,134.57236111111118,2,1,0,0,4,0,1259,0
710.0,fzp,1.0,1391,1032,359,134.85888888888897,1,1,0,1,2,0,1261,0
711.0,fzp,1.0,1391,1031,360,135.14541666666676,1,1,0,0,1,0,1263,0
712.0,fzp,1.0,1390,1033,357,135.43208333333342,0,0,0,0,2,0,1263,0
713.0,fzp,1.0,1390,1034,356,135.71916666666675,4,2,0,6,1,0,1269,0
714.0,fzp,1.0,1388,1035,353,136.00652777777788,0,1,0,1,1,0,1270,0
715.0,fzp,1.0,1391,1040,351,136.29472222222233,0,1,0,2,4,0,1271,0
716.0,fzp,1.0,1392,1043,349,136.5840277777779,4,2,0,5,4,0,1277,0
717.0,fzp,1.0,1390,1044,346,136.873888888889,1,4,0,3,3,0,1282,0
718.0,fzp,1.0,1391,1047,344,137.16430555555567,1,0,0,2,2,0,1283,0
719.0,fzp,1.0,1391,1044,347,137.45472222222233,4,1,0,1,1,0,1288,0
720.0,fzp,1.0,1391,1047,344,137.745138888889,0,0,0,1,2,0,1288,0
721.0,fzp,1.0,1392,1046,346,138.03583333333344,3,2,0,0,4,0,1293,0
722.0,fzp,1.0,1393,1048,345,138.32666666666677,2,1,0,2,3,0,1296,0
723.0,fzp,1.0,1394,1049,345,138.61791666666676,2,0,0,0,3,0,1298,0
724.0,fzp,1.0,1396,1050,346,138.90944444444455,2,1,0,1,3,0,1301,0
725.0,fzp,1.0,1401,1050,351,139.2011111111112,3,0,0,0,3,0,1304,0
726.0,fzp,1.0,1401,1052,349,139.49305555555566,2,0,0,1,3,0,1306,0
727.0,fzp,1.0,1403,1053,350,139.78541666666678,2,1,0,1,3,0,1309,0
728.0,fzp,1.0,1401,1054,347,140.07805555555566,1,0,0,0,2,0,1310,0
729.0,fzp,1.0,1395,1051,344,140.37041666666678,3,2,0,1,1,0,1315,0
730.0,fzp,1.0,1397,1053,344,140.662638888889,3,0,0,0,5,0,1318,0
731.0,fzp,1.0,1395,1053,342,140.955138888889,2,0,0,0,2,0,1320,0
732.0,fzp,1.0,1394,1054,340,141.24777777777788,2,0,0,2,1,0,1322,0
733.0,fzp,1.0,1394,1054,340,141.54055555555567,1,0,0,0,1,0,1323,0
734.0,fzp,1.0,1393,1051,342,141.8329166666668,2,2,0,0,1,0,1327,0
735.0,fzp,1.0,1394,1050,344,142.12472222222235,3,0,0,1,1,0,1330,0
736.0,fzp,1.0,1400,1054,346,142.41694444444457,3,1,0,1,7,0,1334,0
737.0,fzp,1.0,1401,1053,348,142.70958333333346,2,1,0,0,2,0,1337,0
738.0,fzp,1.0,1403,1052,351,143.00194444444458,3,1,0,0,3,0,1341,0
739.0,fzp,1.0,1406,1053,353,143.2943055555557,3,1,0,1,4,0,1345,0
740.0,fzp,1.0,1407,1048,359,143.58611111111125,6,1,0,0,2,0,1352,0
741.0,fzp,1.0,1415,1049,366,143.87736111111124,5,0,0,0,6,0,1357,0
742.0,fzp,1.0,1414,1048,366,144.16861111111123,4,0,0,0,3,0,1361,0
743.0,fzp,1.0,1416,1048,368,144.45972222222235,1,1,0,0,2,0,1363,0
744.0,fzp,1.0,1413,1045,368,144.7504166666668,3,1,0,0,1,0,1367,0
745.0,fzp,1.0,1416,1048,368,145.04111111111126,1,2,0,1,5,0,1370,0
746.0,fzp,1.0,1414,1045,369,145.33180555555572,3,0,0,0,0,0,1373,0
747.0,fzp,1.0,1412,1043,369,145.6218055555557,1,3,0,0,2,0,1377,0
748.0,fzp,1.0,1411,1037,374,145.9106944444446,5,3,0,0,2,0,1385,0
749.0,fzp,1.0,1412,1037,375,146.19875000000016,1,1,0,0,2,0,1387,0
750.0,fzp,1.0,1414,1036,378,146.48666666666682,1,1,0,0,1,0,1389,0
751.0,fzp,1.0,1412,1037,375,146.77458333333348,0,1,0,1,1,0,1390,0
752.0,fzp,1.0,1413,1036,377,147.06250000000014,3,1,0,0,3,0,1394,0
753.0,fzp,1.0,1409,1035,374,147.35013888888903,2,2,0,2,1,0,1398,0
754.0,fzp,1.0,1409,1029,380,147.6368055555557,6,0,0,0,0,0,1404,0
755.0,fzp,1.0,1411,1032,379,147.9230555555557,0,1,0,0,4,0,1405,0
756.0,fzp,1.0,1413,1035,378,148.21013888888902,1,0,0,1,3,0,1406,0
757.0,fzp,1.0,1414,1034,380,148.49750000000014,2,1,0,1,1,0,1409,0
758.0,fzp,1.0,1414,1034,380,148.78472222222237,2,0,0,1,1,0,1411,0
759.0,fzp,1.0,1414,1033,381,149.0718055555557,3,1,0,0,3,0,1415,0
760.0,fzp,1.0,1418,1036,382,149.35916666666682,1,0,0,1,3,0,1416,0
761.0,fzp,1.0,1412,1031,381,149.64625000000015,3,2,0,0,0,0,1421,0
762.0,fzp,1.0,1412,1033,379,149.9329166666668,0,0,0,0,2,0,1421,0
763.0,fzp,1.0,1415,1037,378,150.2204166666668,2,0,0,1,5,0,1423,0
764.0,fzp,1.0,1413,1039,374,150.50875000000013,0,0,0,0,2,0,1423,0
765.0,fzp,1.0,1412,1042,370,150.79777777777792,1,1,0,3,2,0,1425,0
766.0,fzp,1.0,1416,1044,372,151.08750000000015,2,0,0,0,4,0,1427,0
767.0,fzp,1.0,1414,1043,371,151.37736111111127,0,2,0,0,1,0,1429,0
768.0,fzp,1.0,1413,1041,372,151.66680555555573,2,1,0,0,1,0,1432,0
769.0,fzp,1.0,1413,1040,373,151.95583333333352,4,2,0,1,4,0,1438,0
770.0,fzp,1.0,1414,1041,373,152.2448611111113,1,1,0,0,3,0,1440,0
771.0,fzp,1.0,1416,1044,372,152.53444444444463,1,1,0,0,5,0,1442,0
772.0,fzp,1.0,1418,1043,375,152.82430555555575,4,0,0,0,3,0,1446,0
773.0,fzp,1.0,1419,1043,376,153.11402777777798,2,0,0,0,2,0,1448,0
774.0,fzp,1.0,1422,1046,376,153.40416666666687,2,1,0,1,5,0,1451,0
775.0,fzp,1.0,1420,1043,377,153.69430555555576,1,2,0,0,0,0,1454,0
776.0,fzp,1.0,1419,1042,377,153.98388888888908,2,0,0,0,1,0,1456,0
777.0,fzp,1.0,1415,1043,372,154.2734722222224,0,1,0,0,2,0,1457,0
778.0,fzp,1.0,1414,1041,373,154.56291666666687,3,1,0,0,2,0,1461,0
779.0,fzp,1.0,1416,1042,374,154.85222222222242,4,1,0,0,6,0,1466,0
780.0,fzp,1.0,1414,1040,374,155.14138888888908,4,1,0,0,3,0,1471,0
781.0,fzp,1.0,1415,1039,376,155.43013888888908,2,2,0,0,3,0,1475,0
782.0,fzp,1.0,1417,1040,377,155.71888888888907,0,0,0,0,1,0,1475,0
783.0,fzp,1.0,1415,1037,378,156.0073611111113,2,1,0,0,0,0,1478,0
784.0,fzp,1.0,1412,1032,380,156.29472222222242,2,4,0,0,1,0,1484,0
785.0,fzp,1.0,1412,1033,379,156.58152777777798,1,1,0,1,2,0,1486,0
786.0,fzp,1.0,1414,1034,380,156.8686111111113,1,1,0,1,2,0,1488,0
787.0,fzp,1.0,1415,1037,378,157.1562500000002,0,0,0,2,1,0,1488,0
788.0,fzp,1.0,1418,1038,380,157.44444444444466,2,1,0,0,4,0,1491,0
789.0,fzp,1.0,1418,1041,377,157.73319444444465,2,1,0,2,4,0,1494,0
790.0,fzp,1.0,1421,1047,374,158.02319444444464,2,0,0,5,3,0,1496,0
791.0,fzp,1.0,1422,1050,372,158.31444444444463,0,2,0,1,4,0,1498,0
792.0,fzp,1.0,1424,1055,369,158.60680555555575,1,1,0,1,6,0,1500,0
793.0,fzp,1.0,1425,1059,366,158.90041666666687,2,0,0,1,5,0,1502,0
794.0,fzp,1.0,1427,1060,367,159.19472222222242,2,0,0,1,2,0,1504,0
795.0,fzp,1.0,1424,1058,366,159.48888888888908,3,1,0,0,2,0,1508,0
796.0,fzp,1.0,1420,1057,363,159.78263888888907,2,2,0,2,1,0,1512,0
797.0,fzp,1.0,1420,1055,365,160.0759722222224,5,2,0,1,4,0,1519,0
798.0,fzp,1.0,1422,1059,363,160.3695833333335,2,0,0,2,4,0,1521,0
799.0,fzp,1.0,1420,1062,358,160.66416666666683,2,0,0,1,4,0,1523,0
800.0,fzp,1.0,1415,1057,358,160.95847222222238,5,2,0,0,2,0,1530,0
801.0,fzp,1.0,1410,1057,353,161.2520833333335,3,2,0,1,4,0,1535,0
802.0,fzp,1.0,1410,1057,353,161.54569444444462,2,4,0,1,5,0,1541,0
803.0,fzp,1.0,1409,1056,353,161.83916666666684,3,2,0,1,3,0,1546,0
804.0,fzp,1.0,1409,1056,353,162.13250000000016,2,0,0,1,1,0,1548,0
805.0,fzp,1.0,1410,1057,353,162.42597222222238,2,0,0,1,2,0,1550,0
806.0,fzp,1.0,1412,1059,353,162.71986111111127,2,1,0,1,4,0,1553,0
807.0,fzp,1.0,1408,1056,352,163.01361111111126,1,3,0,1,0,0,1557,0
808.0,fzp,1.0,1403,1053,350,163.30652777777792,3,2,0,0,2,0,1562,0
809.0,fzp,1.0,1402,1053,349,163.5990277777779,2,1,0,1,2,0,1565,0
810.0,fzp,1.0,1401,1056,345,163.89194444444456,1,0,0,2,2,0,1566,0
811.0,fzp,1.0,1405,1058,347,164.18555555555568,2,1,0,2,3,0,1569,0
812.0,fzp,1.0,1406,1058,348,164.47944444444457,1,1,0,1,1,0,1571,0
813.0,fzp,1.0,1405,1059,346,164.77347222222235,1,0,0,0,2,0,1572,0
814.0,fzp,1.0,1406,1062,344,165.06805555555567,1,0,0,2,2,0,1573,0
815.0,fzp,1.0,1408,1066,342,165.36361111111123,0,0,0,2,2,0,1573,0
816.0,fzp,1.0,1411,1068,343,165.6600000000001,2,0,0,0,4,0,1575,0
817.0,fzp,1.0,1413,1071,342,165.95708333333346,1,0,0,1,3,0,1576,0
818.0,fzp,1.0,1411,1068,343,166.2541666666668,3,2,0,0,2,0,1581,0
819.0,fzp,1.0,1413,1070,343,166.55111111111125,4,0,0,4,2,0,1585,0
820.0,fzp,1.0,1417,1073,344,166.84875000000014,0,0,0,0,3,0,1585,0
821.0,fzp,1.0,1420,1071,349,167.14652777777792,5,1,0,1,3,0,1591,0
822.0,fzp,1.0,1424,1069,355,167.44375000000014,4,1,0,0,3,0,1596,0
823.0,fzp,1.0,1425,1069,356,167.74069444444459,2,2,0,0,4,0,1600,0
824.0,fzp,1.0,1426,1067,359,168.03736111111124,3,2,0,0,3,0,1605,0
825.0,fzp,1.0,1424,1063,361,168.33319444444456,4,1,0,1,0,0,1610,0
826.0,fzp,1.0,1422,1062,360,168.62833333333344,2,1,0,0,2,0,1613,0
827.0,fzp,1.0,1425,1063,362,168.92347222222233,2,1,0,0,4,0,1616,0
828.0,fzp,1.0,1429,1063,366,169.2187500000001,2,1,1,0,4,0,1619,0
829.0,fzp,1.0,1430,1063,367,169.5140277777779,1,2,0,0,3,0,1622,0
830.0,fzp,1.0,1432,1065,367,169.80958333333345,3,0,0,2,3,0,1625,0
831.0,fzp,1.0,1431,1065,366,170.10541666666677,2,1,1,2,2,0,1628,0
832.0,fzp,1.0,1432,1067,365,170.4015277777779,1,2,0,0,5,0,1631,0
833.0,fzp,1.0,1432,1067,365,170.69791666666677,3,1,0,2,2,0,1635,0
834.0,fzp,1.0,1429,1066,363,170.99416666666676,3,2,0,1,3,0,1640,0
835.0,fzp,1.0,1433,1066,367,171.29027777777787,1,2,0,1,2,0,1643,0
836.0,fzp,1.0,1432,1068,364,171.58666666666676,0,1,0,2,1,0,1644,0
837.0,fzp,1.0,1434,1069,365,171.8834722222223,0,0,0,0,1,0,1644,0
838.0,fzp,1.0,1433,1069,364,172.18041666666676,2,0,0,1,1,0,1646,0
839.0,fzp,1.0,1432,1068,364,172.4772222222223,1,1,0,1,0,0,1648,0
840.0,fzp,1.0,1434,1068,366,172.77388888888896,3,1,0,1,3,0,1652,0
841.0,fzp,1.0,1436,1068,368,173.07055555555561,3,1,0,2,2,0,1656,0
842.0,fzp,1.0,1437,1066,371,173.3669444444445,5,0,0,1,2,0,1661,0
843.0,fzp,1.0,1437,1066,371,173.66305555555562,2,0,0,0,2,0,1663,0
844.0,fzp,1.0,1439,1066,373,173.95916666666673,4,0,0,1,3,0,1667,0
845.0,fzp,1.0,1441,1068,373,174.25555555555562,2,0,0,0,4,0,1669,0
846.0,fzp,1.0,1439,1067,372,174.5520833333334,2,1,0,0,2,0,1672,0
847.0,fzp,1.0,1441,1068,373,174.84861111111118,2,1,0,2,2,0,1675,0
848.0,fzp,1.0,1442,1068,374,175.14527777777784,4,1,0,1,4,0,1680,0
849.0,fzp,1.0,1440,1069,371,175.4420833333334,2,0,1,3,1,0,1682,0
850.0,fzp,1.0,1441,1068,373,175.73888888888894,2,1,0,0,2,0,1685,0
851.0,fzp,1.0,1441,1067,374,176.03541666666672,3,1,0,1,2,0,1689,0
852.0,fzp,1.0,1445,1066,379,176.3316666666667,3,3,0,1,4,0,1695,0
853.0,fzp,1.0,1445,1064,381,176.62750000000003,2,2,0,0,2,0,1699,0
854.0,fzp,1.0,1442,1059,383,176.92236111111114,3,3,0,0,1,0,1705,0
855.0,fzp,1.0,1439,1058,381,177.21638888888893,1,2,0,1,1,0,1708,0
856.0,fzp,1.0,1439,1056,383,177.51000000000005,3,1,0,0,2,0,1712,0
857.0,fzp,1.0,1438,1054,384,177.8030555555556,2,3,0,0,3,0,1717,0
858.0,fzp,1.0,1435,1053,382,178.0956944444445,1,1,0,0,1,0,1719,0
859.0,fzp,1.0,1441,1052,389,178.3880555555556,2,0,0,0,1,0,1721,0
860.0,fzp,1.0,1446,1053,393,178.68041666666673,2,2,0,0,5,0,1725,0
861.0,fzp,1.0,1447,1053,394,178.97291666666672,2,0,0,0,2,0,1727,0
862.0,fzp,1.0,1453,1055,398,179.2656944444445,1,0,0,0,3,0,1728,0
863.0,fzp,1.0,1452,1056,396,179.55888888888896,3,1,0,3,2,0,1732,0
864.0,fzp,1.0,1451,1051,400,179.85152777777785,5,1,0,0,1,0,1738,0
865.0,fzp,1.0,1449,1051,398,180.1434722222223,0,3,0,1,2,0,1741,0
866.0,fzp,1.0,1445,1047,398,180.4348611111112,4,3,0,1,2,0,1748,0
867.0,fzp,1.0,1446,1045,401,180.72541666666675,5,2,0,2,3,0,1755,0
868.0,fzp,1.0,1445,1041,404,181.01513888888897,3,4,0,0,3,0,1762,0
869.0,fzp,1.0,1448,1046,402,181.3050000000001,2,2,0,3,6,0,1766,0
870.0,fzp,1.0,1450,1046,404,181.59555555555565,2,1,0,0,3,0,1769,0
871.0,fzp,1.0,1447,1045,402,181.8859722222223,4,3,0,2,4,0,1776,0
872.0,fzp,1.0,1444,1044,400,182.1761111111112,0,3,0,2,0,0,1779,0
873.0,fzp,1.0,1444,1046,398,182.46638888888899,0,3,0,0,5,0,1782,0
874.0,fzp,1.0,1440,1044,396,182.75666666666677,1,3,0,1,1,0,1786,0
875.0,fzp,1.0,1441,1044,397,183.04666666666677,4,0,0,0,4,0,1790,0
876.0,fzp,1.0,1443,1047,396,183.33708333333342,1,1,0,1,4,0,1792,0
877.0,fzp,1.0,1443,1046,397,183.62777777777788,3,3,0,2,3,0,1798,0
878.0,fzp,1.0,1441,1047,394,183.91847222222233,1,0,0,0,2,0,1799,0
879.0,fzp,1.0,1443,1049,394,184.20958333333346,3,0,0,1,4,0,1802,0
880.0,fzp,1.0,1443,1047,396,184.50069444444458,3,1,0,0,2,0,1806,0
881.0,fzp,1.0,1440,1048,392,184.7916666666668,1,0,0,1,1,0,1807,0
882.0,fzp,1.0,1440,1046,394,185.08250000000012,1,1,0,0,0,0,1809,0
883.0,fzp,1.0,1441,1048,393,185.37333333333345,2,1,0,1,4,0,1812,0
884.0,fzp,1.0,1441,1044,397,185.663888888889,3,3,0,1,1,0,1818,0
885.0,fzp,1.0,1440,1042,398,185.95361111111123,4,1,0,0,3,0,1823,0
886.0,fzp,1.0,1442,1041,401,186.2429166666668,2,0,0,0,1,0,1825,0
887.0,fzp,1.0,1443,1039,404,186.53180555555568,3,3,0,1,3,0,1831,0
888.0,fzp,1.0,1440,1034,406,186.81972222222234,3,3,0,0,1,0,1837,0
889.0,fzp,1.0,1439,1033,406,187.10680555555567,2,2,0,0,3,0,1841,0
890.0,fzp,1.0,1438,1033,405,187.39375000000013,6,0,0,4,2,0,1847,0
891.0,fzp,1.0,1442,1031,411,187.6804166666668,3,0,0,0,1,0,1850,0
892.0,fzp,1.0,1447,1033,414,187.96708333333345,4,0,1,2,5,0,1854,0
893.0,fzp,1.0,1445,1030,415,188.25361111111124,2,2,0,1,0,0,1858,0
894.0,fzp,1.0,1448,1033,415,188.54013888888903,4,0,1,2,6,0,1862,0
895.0,fzp,1.0,1449,1033,416,188.8270833333335,2,1,0,0,3,0,1865,0
896.0,fzp,1.0,1449,1035,414,189.11430555555572,2,2,0,0,6,0,1869,0
897.0,fzp,1.0,1448,1035,413,189.4018055555557,2,5,0,1,6,0,1876,0
898.0,fzp,1.0,1446,1031,415,189.68875000000017,4,3,0,0,3,0,1883,0
899.0,fzp,1.0,1447,1032,415,189.97527777777796,2,1,0,2,2,0,1886,0
900.0,fzp,1.0,1448,1034,414,190.26222222222242,0,1,0,0,3,0,1887,0
901.0,fzp,1.0,1449,1036,413,190.5497222222224,2,1,0,1,4,0,1890,0
902.0,fzp,1.0,1453,1038,415,190.83777777777797,3,0,0,3,2,0,1893,0
903.0,fzp,1.0,1452,1038,414,191.1261111111113,1,1,0,0,2,0,1895,0
904.0,fzp,1.0,1453,1041,412,191.4148611111113,1,1,0,2,3,0,1897,0
905.0,fzp,1.0,1459,1043,416,191.70430555555575,1,2,0,0,5,0,1900,0
906.0,fzp,1.0,1463,1046,417,191.99444444444464,1,1,1,1,5,0,1902,0
907.0,fzp,1.0,1470,1051,419,192.28569444444463,3,0,0,2,6,0,1905,0
908.0,fzp,1.0,1474,1055,419,192.57819444444462,2,1,0,2,5,0,1908,0
909.0,fzp,1.0,1478,1056,422,192.87138888888907,4,0,0,0,5,0,1912,0
910.0,fzp,1.0,1481,1059,422,193.16513888888906,1,0,0,1,3,0,1913,0
911.0,fzp,1.0,1485,1062,423,193.45972222222238,1,1,0,1,4,0,1915,0
912.0,fzp,1.0,1488,1066,422,193.75527777777793,1,1,0,2,4,0,1917,0
913.0,fzp,1.0,1489,1066,423,194.05138888888905,1,2,0,0,3,0,1920,0
914.0,fzp,1.0,1490,1067,423,194.34763888888904,2,1,0,1,3,0,1923,0
915.0,fzp,1.0,1491,1068,423,194.64416666666682,2,2,0,1,4,0,1927,0
916.0,fzp,1.0,1492,1070,422,194.94111111111127,1,0,0,0,3,0,1928,0
917.0,fzp,1.0,1496,1072,424,195.23861111111128,2,1,0,1,4,0,1931,0
918.0,fzp,1.0,1502,1075,427,195.53680555555573,0,1,0,0,4,0,1932,0
919.0,fzp,1.0,1499,1075,424,195.83541666666684,1,1,0,1,1,0,1934,0
920.0,fzp,1.0,1499,1076,423,196.13416666666686,1,2,0,0,4,0,1937,0
921.0,fzp,1.0,1500,1074,426,196.43277777777797,4,0,0,0,2,0,1941,0
922.0,fzp,1.0,1502,1075,427,196.7312500000002,4,0,0,1,4,0,1945,0
923.0,fzp,1.0,1505,1078,427,197.03027777777797,0,0,0,0,3,0,1945,0
924.0,fzp,1.0,1505,1077,428,197.32958333333352,1,2,0,0,2,0,1948,0
925.0,fzp,1.0,1506,1076,430,197.6286111111113,2,1,0,0,2,0,1951,0
926.0,fzp,1.0,1507,1079,428,197.92791666666685,0,1,0,0,4,0,1952,0
927.0,fzp,1.0,1505,1084,421,198.22833333333352,2,0,0,3,4,0,1954,0
928.0,fzp,1.0,1510,1089,421,198.53013888888907,3,0,0,1,7,0,1957,0
929.0,fzp,1.0,1510,1089,421,198.83263888888908,2,2,0,0,4,0,1961,0
930.0,fzp,1.0,1508,1090,418,199.13527777777796,3,3,0,3,4,0,1967,0
931.0,fzp,1.0,1511,1092,419,199.4383333333335,3,2,0,0,7,0,1972,0
932.0,fzp,1.0,1511,1093,418,199.74180555555571,0,1,0,0,2,0,1973,0
933.0,fzp,1.0,1513,1095,418,200.0456944444446,2,2,0,0,6,0,1977,0
934.0,fzp,1.0,1516,1101,415,200.3506944444446,0,0,0,1,5,0,1977,0
935.0,fzp,1.0,1514,1102,412,200.6566666666668,0,4,0,0,5,0,1981,0
936.0,fzp,1.0,1516,1104,412,200.96305555555568,1,1,0,0,4,0,1983,0
937.0,fzp,1.0,1519,1108,411,201.2702777777779,1,1,0,1,5,0,1985,0
938.0,fzp,1.0,1522,1112,410,201.57861111111123,1,0,0,1,4,0,1986,0
939.0,fzp,1.0,1524,1114,410,201.8877777777779,2,1,0,1,4,0,1989,0
940.0,fzp,1.0,1525,1118,407,202.1977777777779,1,0,0,1,4,0,1990,0
941.0,fzp,1.0,1523,1123,400,202.5090277777779,0,1,0,1,5,0,1991,0
942.0,fzp,1.0,1524,1122,402,202.82083333333347,2,0,0,0,1,0,1993,0
943.0,fzp,1.0,1523,1123,400,203.13263888888903,2,1,0,2,2,0,1996,0
944.0,fzp,1.0,1530,1129,401,203.4454166666668,2,2,0,2,8,0,2000,0
945.0,fzp,1.0,1538,1130,408,203.7591666666668,3,0,0,0,4,0,2003,0
946.0,fzp,1.0,1541,1131,410,204.07319444444457,4,0,0,2,3,0,2007,0
947.0,fzp,1.0,1544,1129,415,204.38708333333346,6,0,0,0,4,0,2013,0
948.0,fzp,1.0,1545,1130,415,204.70083333333346,4,1,0,2,4,0,2018,0
949.0,fzp,1.0,1547,1129,418,205.01458333333346,3,0,0,1,1,0,2021,0
950.0,fzp,1.0,1550,1125,425,205.32763888888903,4,2,0,0,2,0,2027,0
951.0,fzp,1.0,1549,1126,423,205.64027777777792,4,0,0,1,4,0,2031,0
952.0,fzp,1.0,1551,1125,426,205.95291666666682,3,1,0,1,2,0,2035,0
953.0,fzp,1.0,1552,1131,421,206.26625000000016,1,1,0,1,7,0,2037,0
954.0,fzp,1.0,1554,1129,425,206.58013888888905,6,0,0,0,4,0,2043,0
955.0,fzp,1.0,1561,1131,430,206.89402777777795,3,1,0,0,6,0,2047,0
956.0,fzp,1.0,1567,1133,434,207.20847222222238,3,0,0,0,5,0,2050,0
957.0,fzp,1.0,1564,1130,434,207.52277777777795,3,1,0,1,0,0,2054,0
958.0,fzp,1.0,1566,1130,436,207.83666666666684,1,1,0,1,1,0,2056,0
959.0,fzp,1.0,1565,1132,433,208.1508333333335,3,0,0,1,4,0,2059,0
960.0,fzp,1.0,1565,1132,433,208.46527777777794,3,0,0,0,3,0,2062,0
961.0,fzp,1.0,1564,1128,436,208.77916666666684,3,2,0,1,0,0,2067,0
962.0,fzp,1.0,1564,1130,434,209.09277777777794,0,2,0,1,3,0,2069,0
963.0,fzp,1.0,1565,1132,433,209.4069444444446,1,0,0,1,2,0,2070,0
964.0,fzp,1.0,1565,1132,433,209.72138888888904,1,4,0,0,5,0,2075,0
965.0,fzp,1.0,1564,1132,432,210.03583333333347,2,0,0,1,1,0,2077,0
966.0,fzp,1.0,1567,1132,435,210.3502777777779,3,0,0,0,3,0,2080,0
967.0,fzp,1.0,1568,1135,433,210.665138888889,0,1,0,1,3,0,2081,0
968.0,fzp,1.0,1577,1137,440,210.98069444444457,4,0,0,0,6,0,2085,0
969.0,fzp,1.0,1576,1139,437,211.29680555555566,5,0,0,3,4,0,2090,0
970.0,fzp,1.0,1577,1141,436,211.61347222222233,1,2,0,0,5,0,2093,0
971.0,fzp,1.0,1576,1140,436,211.9302777777779,2,4,0,2,3,0,2099,0
972.0,fzp,1.0,1581,1142,439,212.24722222222232,4,0,0,2,4,0,2103,0
973.0,fzp,1.0,1579,1142,437,212.56444444444455,2,1,0,1,2,0,2106,0
974.0,fzp,1.0,1578,1141,437,212.88152777777788,2,1,0,1,1,0,2109,0
975.0,fzp,1.0,1584,1139,445,213.19819444444454,4,0,0,1,1,0,2113,0
976.0,fzp,1.0,1588,1144,444,213.51527777777787,1,1,0,2,5,0,2115,0
977.0,fzp,1.0,1593,1148,445,213.8336111111112,2,0,0,1,5,0,2117,0
978.0,fzp,1.0,1595,1149,446,214.152638888889,2,1,0,2,2,0,2120,0
979.0,fzp,1.0,1598,1150,448,214.47194444444455,1,1,0,0,3,0,2122,0
980.0,fzp,1.0,1600,1152,448,214.79166666666677,2,1,0,2,3,0,2125,0
981.0,fzp,1.0,1603,1154,449,215.11194444444456,1,0,0,0,3,0,2126,0
982.0,fzp,1.0,1608,1159,449,215.43319444444455,1,2,0,2,6,0,2129,0
983.0,fzp,1.0,1612,1160,452,215.75527777777788,1,0,0,0,2,0,2130,0
984.0,fzp,1.0,1618,1167,451,216.07847222222233,2,0,0,4,5,0,2132,0
985.0,fzp,1.0,1623,1170,453,216.40305555555565,2,1,0,0,6,0,2135,0
986.0,fzp,1.0,1625,1172,453,216.72833333333344,0,1,0,1,2,0,2136,0
987.0,fzp,1.0,1628,1178,450,217.05472222222232,0,0,0,3,3,0,2136,0
988.0,fzp,1.0,1630,1179,451,217.38208333333344,1,1,0,0,3,0,2138,0
989.0,fzp,1.0,1630,1182,448,217.7100000000001,3,0,0,2,4,0,2141,0
990.0,fzp,1.0,1637,1182,455,218.03833333333344,4,1,0,0,5,0,2146,0
991.0,fzp,1.0,1640,1184,456,218.36694444444456,2,0,0,1,3,0,2148,0
992.0,fzp,1.0,1638,1184,454,218.69583333333344,2,0,0,1,1,0,2150,0
993.0,fzp,1.0,1633,1180,453,219.0241666666668,4,1,0,1,0,0,2155,0
994.0,fzp,1.0,1634,1183,451,219.35236111111124,0,1,0,1,3,0,2156,0
995.0,fzp,1.0,1638,1184,454,219.68111111111125,1,0,0,0,2,0,2157,0
996.0,fzp,1.0,1636,1184,452,220.01000000000013,1,1,0,1,1,0,2159,0
997.0,fzp,1.0,1643,1190,453,220.33972222222235,3,0,0,3,6,0,2162,0
998.0,fzp,1.0,1643,1189,454,220.67013888888903,1,1,2,0,3,0,2164,0
999.0,fzp,1.0,1643,1191,452,221.00069444444458,1,2,0,2,3,0,2167,0
1000.0,fzp,1.0,1647,1191,456,221.33152777777792,4,0,0,0,4,0,2171,0
1001.0,fzp,1.0,1648,1193,455,221.66263888888903,2,3,0,0,7,0,2176,0
1002.0,fzp,1.0,1650,1194,456,221.9941666666668,2,1,0,0,4,0,2179,0
1003.0,fzp,1.0,1653,1194,459,222.3258333333335,3,0,0,0,3,0,2182,0
1004.0,fzp,1.0,1655,1197,458,222.65791666666684,2,0,0,3,2,0,2184,0
1005.0,fzp,1.0,1658,1200,458,222.9908333333335,1,0,0,1,3,0,2185,0
1006.0,fzp,1.0,1656,1200,456,223.32416666666686,0,2,0,0,2,0,2187,0
1007.0,fzp,1.0,1660,1202,458,223.65777777777797,1,0,0,0,3,0,2188,0
1008.0,fzp,1.0,1665,1202,463,223.99166666666684,4,0,0,1,3,0,2192,0
1009.0,fzp,1.0,1668,1200,468,224.32527777777796,4,1,0,1,2,0,2197,0
1010.0,fzp,1.0,1664,1198,466,224.6583333333335,1,2,0,0,1,0,2200,0
1011.0,fzp,1.0,1669,1199,470,224.99125000000018,2,2,0,0,5,0,2204,0
1012.0,fzp,1.0,1670,1201,469,225.32458333333352,2,1,0,0,5,0,2207,0
1013.0,fzp,1.0,1669,1203,466,225.6584722222224,4,3,0,5,4,0,2214,0
1014.0,fzp,1.0,1672,1207,465,225.9931944444446,2,0,0,1,5,0,2216,0
1015.0,fzp,1.0,1673,1209,464,226.32875000000016,2,1,0,1,4,0,2219,0
1016.0,fzp,1.0,1671,1212,459,226.66500000000016,3,2,0,4,4,0,2224,0
1017.0,fzp,1.0,1674,1215,459,227.0020833333335,4,1,0,3,5,0,2229,0
1018.0,fzp,1.0,1674,1217,457,227.33986111111128,2,2,0,4,2,0,2233,0
1019.0,fzp,1.0,1669,1213,456,227.67736111111128,3,4,0,1,2,0,2240,0
1020.0,fzp,1.0,1667,1215,452,228.0145833333335,0,2,0,1,3,0,2242,0
1021.0,fzp,1.0,1668,1213,455,228.3518055555557,4,1,0,2,1,0,2247,0
1022.0,fzp,1.0,1669,1214,455,228.68888888888904,0,1,0,1,1,0,2248,0
1023.0,fzp,1.0,1673,1216,457,229.02638888888904,2,2,0,2,4,0,2252,0
1024.0,fzp,1.0,1680,1219,461,229.36458333333348,2,2,0,0,7,0,2256,0
1025.0,fzp,1.0,1680,1216,464,229.70277777777792,3,2,0,0,2,0,2261,0
1026.0,fzp,1.0,1682,1218,464,230.04083333333347,0,2,0,1,3,0,2263,0
1027.0,fzp,1.0,1688,1217,471,230.3790277777779,5,2,0,2,4,0,2270,0
1028.0,fzp,1.0,1687,1218,469,230.71722222222235,0,0,0,0,1,0,2270,0
1029.0,fzp,1.0,1690,1220,470,231.05583333333345,2,1,0,1,4,0,2273,0
1030.0,fzp,1.0,1691,1222,469,231.39500000000012,1,1,0,1,3,0,2275,0
1031.0,fzp,1.0,1692,1223,469,231.73458333333346,2,1,0,1,3,0,2278,0
1032.0,fzp,1.0,1700,1228,472,232.07500000000013,2,1,0,0,8,0,2281,0
1033.0,fzp,1.0,1700,1224,476,232.4155555555557,5,1,0,1,1,0,2287,0
1034.0,fzp,1.0,1704,1227,477,232.75597222222237,1,0,0,2,2,0,2288,0
1035.0,fzp,1.0,1703,1228,475,233.0969444444446,2,0,0,1,2,0,2290,0
1036.0,fzp,1.0,1705,1226,479,233.43777777777794,2,2,0,0,2,0,2294,0
1037.0,fzp,1.0,1706,1230,476,233.77888888888904,3,0,0,2,5,0,2297,0
1038.0,fzp,1.0,1710,1230,480,234.1205555555557,2,2,0,0,4,0,2301,0
1039.0,fzp,1.0,1709,1226,483,234.46166666666682,4,2,0,0,2,0,2307,0
1040.0,fzp,1.0,1709,1229,480,234.80263888888905,5,2,0,5,5,0,2314,0
1041.0,fzp,1.0,1710,1225,485,235.14347222222239,5,1,0,1,1,0,2320,0
1042.0,fzp,1.0,1708,1224,484,235.4836111111113,4,2,0,3,2,0,2326,0
1043.0,fzp,1.0,1712,1227,485,235.82402777777796,3,3,0,2,7,0,2332,0
1044.0,fzp,1.0,1710,1226,484,236.1647222222224,3,1,1,1,3,0,2336,0
1045.0,fzp,1.0,1708,1227,481,236.50541666666683,2,1,0,2,2,0,2339,0
1046.0,fzp,1.0,1710,1228,482,236.84638888888907,2,0,1,0,4,0,2341,0
1047.0,fzp,1.0,1708,1228,480,237.18750000000017,0,4,1,1,4,0,2345,0
1048.0,fzp,1.0,1712,1229,483,237.52875000000017,1,1,0,0,3,0,2347,0
1049.0,fzp,1.0,1717,1236,481,237.87111111111128,1,1,0,3,6,0,2349,0
1050.0,fzp,1.0,1725,1240,485,238.21500000000017,2,0,0,1,5,0,2351,0
1051.0,fzp,1.0,1726,1241,485,238.5595833333335,1,0,0,0,2,0,2352,0
1052.0,fzp,1.0,1732,1248,484,238.90527777777794,2,0,0,3,6,0,2354,0
1053.0,fzp,1.0,1737,1250,487,239.25222222222237,4,1,0,1,6,0,2359,0
1054.0,fzp,1.0,1735,1246,489,239.59888888888904,1,5,0,0,2,0,2365,0
1055.0,fzp,1.0,1740,1249,491,239.9454166666668,1,3,0,2,5,0,2369,0
1056.0,fzp,1.0,1739,1250,489,240.29250000000013,2,1,1,2,3,0,2372,0
1057.0,fzp,1.0,1742,1254,488,240.6402777777779,2,0,0,1,5,0,2374,0
1058.0,fzp,1.0,1748,1255,493,240.98875000000012,7,0,0,2,6,0,2381,0
1059.0,fzp,1.0,1747,1249,498,241.3365277777779,5,2,0,0,1,0,2388,0
1060.0,fzp,1.0,1743,1247,496,241.68319444444455,3,3,0,2,2,0,2394,0
1061.0,fzp,1.0,1746,1250,496,242.03000000000011,1,1,0,0,5,0,2396,0
1062.0,fzp,1.0,1744,1251,493,242.3773611111112,1,1,1,1,3,0,2398,0
1063.0,fzp,1.0,1746,1255,491,242.72541666666677,1,1,0,1,5,0,2400,0
1064.0,fzp,1.0,1745,1258,487,243.07444444444457,1,2,0,3,3,0,2403,0
1065.0,fzp,1.0,1743,1255,488,243.42347222222236,1,5,0,0,3,0,2409,0
1066.0,fzp,1.0,1746,1260,486,243.77277777777792,3,4,0,5,7,0,2416,0
1067.0,fzp,1.0,1742,1257,485,244.12236111111125,3,2,0,0,2,0,2421,0
1068.0,fzp,1.0,1739,1253,486,244.47097222222234,4,3,0,1,2,0,2428,0
1069.0,fzp,1.0,1740,1253,487,244.8190277777779,2,2,0,2,2,0,2432,0
1070.0,fzp,1.0,1743,1255,488,245.16736111111123,3,0,0,1,4,0,2435,0
1071.0,fzp,1.0,1744,1254,490,245.51583333333346,3,0,0,1,1,0,2438,0
1072.0,fzp,1.0,1748,1257,491,245.86458333333346,1,1,0,1,4,0,2440,0
1073.0,fzp,1.0,1753,1256,497,246.21361111111125,5,1,0,0,5,0,2446,0
1074.0,fzp,1.0,1757,1257,500,246.56263888888904,3,1,0,0,5,0,2450,0
1075.0,fzp,1.0,1758,1261,497,246.91236111111127,0,2,0,1,5,0,2452,0
1076.0,fzp,1.0,1764,1263,501,247.26291666666683,2,1,0,1,4,0,2455,0
1077.0,fzp,1.0,1770,1269,501,247.61458333333348,1,3,0,2,8,0,2459,0
1078.0,fzp,1.0,1773,1267,506,247.9668055555557,2,0,0,0,0,0,2461,0
1079.0,fzp,1.0,1774,1268,506,248.31888888888903,1,1,0,0,3,0,2463,0
1080.0,fzp,1.0,1777,1271,506,248.67152777777792,1,0,0,0,4,0,2464,0
1081.0,fzp,1.0,1781,1268,513,249.02416666666682,3,1,0,0,1,0,2468,0
1082.0,fzp,1.0,1782,1268,514,249.37638888888904,3,2,0,1,4,0,2473,0
1083.0,fzp,1.0,1780,1270,510,249.72888888888903,1,2,0,3,2,0,2476,0
1084.0,fzp,1.0,1782,1271,511,250.0818055555557,1,2,0,0,4,0,2479,0
1085.0,fzp,1.0,1786,1270,516,250.43472222222235,4,1,0,0,4,0,2484,0
1086.0,fzp,1.0,1786,1273,513,250.7879166666668,1,1,0,1,4,0,2486,0
1087.0,fzp,1.0,1790,1271,519,251.14125000000013,3,1,0,0,2,0,2490,0
1088.0,fzp,1.0,1787,1271,516,251.49430555555568,1,4,0,2,3,0,2495,0
1089.0,fzp,1.0,1785,1269,516,251.84708333333347,3,3,0,1,3,0,2501,0
1090.0,fzp,1.0,1782,1268,514,252.1994444444446,1,3,0,0,3,0,2505,0
1091.0,fzp,1.0,1783,1271,512,252.55208333333348,1,1,0,1,4,0,2507,0
1092.0,fzp,1.0,1783,1271,512,252.90513888888904,3,2,0,1,4,0,2512,0
1093.0,fzp,1.0,1783,1274,509,253.25861111111126,2,1,0,1,5,0,2515,0
1094.0,fzp,1.0,1781,1274,507,253.61250000000015,2,1,0,1,2,0,2518,0
1095.0,fzp,1.0,1781,1279,502,253.96708333333348,2,2,0,4,5,0,2522,0
1096.0,fzp,1.0,1781,1281,500,254.32263888888903,4,2,0,5,3,0,2528,0
1097.0,fzp,1.0,1784,1282,502,254.67861111111125,3,0,0,1,3,0,2531,0
1098.0,fzp,1.0,1788,1281,507,255.03458333333347,4,0,0,1,2,0,2535,0
1099.0,fzp,1.0,1789,1280,509,255.39027777777792,5,1,0,2,3,0,2541,0
1100.0,fzp,1.0,1788,1282,506,255.74611111111125,2,2,0,3,3,0,2545,0
1101.0,fzp,1.0,1791,1284,507,256.10250000000013,3,1,0,1,5,0,2549,0
1102.0,fzp,1.0,1797,1285,512,256.4593055555557,2,0,0,0,3,0,2551,0
1103.0,fzp,1.0,1796,1287,509,256.81652777777794,3,0,0,1,4,0,2554,0
1104.0,fzp,1.0,1798,1290,508,257.1744444444446,3,0,0,1,5,0,2557,0
1105.0,fzp,1.0,1801,1289,512,257.53263888888904,3,1,0,0,3,0,2561,0
1106.0,fzp,1.0,1799,1287,512,257.8904166666668,3,0,0,0,1,0,2564,0
1107.0,fzp,1.0,1801,1290,511,258.24833333333345,3,1,0,2,5,0,2568,0
1108.0,fzp,1.0,1804,1292,512,258.60694444444454,2,1,0,0,5,0,2571,0
1109.0,fzp,1.0,1809,1294,515,258.9661111111112,2,1,0,1,4,0,2574,0
1110.0,fzp,1.0,1814,1298,516,259.32611111111123,3,0,0,2,5,0,2577,0
1111.0,fzp,1.0,1818,1300,518,259.6869444444446,2,0,0,1,3,0,2579,0
1112.0,fzp,1.0,1822,1299,523,260.0479166666668,2,2,0,1,2,0,2583,0
1113.0,fzp,1.0,1827,1302,525,260.4091666666668,3,0,0,0,6,0,2586,0
1114.0,fzp,1.0,1827,1306,521,260.771388888889,1,0,0,2,3,0,2587,0
1115.0,fzp,1.0,1825,1305,520,261.13402777777793,1,1,0,1,0,0,2589,0
1116.0,fzp,1.0,1824,1309,515,261.4970833333335,0,2,0,1,5,0,2591,0
1117.0,fzp,1.0,1824,1306,518,261.8602777777779,6,0,0,0,3,0,2597,0
1118.0,fzp,1.0,1826,1311,515,262.22375000000017,1,0,0,2,4,0,2598,0
1119.0,fzp,1.0,1831,1317,514,262.5887500000002,3,0,0,5,4,0,2601,0
1120.0,fzp,1.0,1830,1318,512,262.9547222222224,0,0,0,1,0,0,2601,0
1121.0,fzp,1.0,1833,1322,511,263.3213888888891,4,0,0,5,3,0,2605,0
1122.0,fzp,1.0,1838,1321,517,263.6884722222224,6,0,0,0,5,0,2611,0
1123.0,fzp,1.0,1842,1325,517,264.0559722222224,2,0,0,2,4,0,2613,0
1124.0,fzp,1.0,1843,1325,518,264.42402777777795,3,0,0,1,2,0,2616,0
1125.0,fzp,1.0,1842,1321,521,264.79152777777796,4,1,0,0,1,0,2621,0
1126.0,fzp,1.0,1848,1326,522,265.15916666666686,3,0,0,2,6,0,2624,0
1127.0,fzp,1.0,1850,1327,523,265.5276388888891,2,1,0,1,3,0,2627,0
1128.0,fzp,1.0,1849,1329,520,265.896527777778,3,2,0,2,5,0,2632,0
1129.0,fzp,1.0,1850,1329,521,266.26569444444465,2,1,0,0,3,0,2635,0
1130.0,fzp,1.0,1848,1327,521,266.6345833333335,6,1,0,2,3,0,2642,0
1131.0,fzp,1.0,1851,1337,514,267.0045833333335,3,0,0,4,9,0,2645,0
1132.0,fzp,1.0,1853,1336,517,267.3758333333335,4,0,0,1,2,0,2649,0
1133.0,fzp,1.0,1854,1335,519,267.74680555555574,3,2,0,1,3,0,2654,0
1134.0,fzp,1.0,1857,1338,519,268.1180555555557,4,1,0,3,5,0,2659,0
1135.0,fzp,1.0,1860,1340,520,268.4900000000002,2,1,0,2,3,0,2662,0
1136.0,fzp,1.0,1858,1340,518,268.8622222222224,3,2,0,3,2,0,2667,0
1137.0,fzp,1.0,1862,1343,519,269.2348611111113,2,1,0,1,5,0,2670,0
1138.0,fzp,1.0,1865,1343,522,269.6079166666668,5,0,0,1,4,0,2675,0
1139.0,fzp,1.0,1871,1349,522,269.9818055555557,1,0,0,1,6,0,2676,0
1140.0,fzp,1.0,1874,1351,523,270.3568055555557,3,0,0,1,4,0,2679,0
1141.0,fzp,1.0,1876,1356,520,270.7327777777779,3,0,0,5,3,0,2682,0
1142.0,fzp,1.0,1879,1360,519,271.1100000000001,1,0,0,1,4,0,2683,0
1143.0,fzp,1.0,1881,1363,518,271.48819444444456,2,0,0,0,5,0,2685,0
1144.0,fzp,1.0,1882,1361,521,271.8665277777779,4,2,0,1,3,0,2691,0
1145.0,fzp,1.0,1882,1361,521,272.2445833333334,3,1,0,1,3,0,2695,0
1146.0,fzp,1.0,1889,1369,520,272.6237500000001,1,0,0,2,7,0,2696,0
1147.0,fzp,1.0,1894,1371,523,273.0043055555556,1,0,0,1,2,0,2697,0
1148.0,fzp,1.0,1898,1373,525,273.38541666666674,1,0,0,0,3,0,2698,0
1149.0,fzp,1.0,1899,1373,526,273.7668055555556,2,1,0,0,3,0,2701,0
1150.0,fzp,1.0,1901,1372,529,274.14805555555563,4,0,0,0,3,0,2705,0
1151.0,fzp,1.0,1912,1375,537,274.5295833333334,3,0,0,0,6,0,2708,0
1152.0,fzp,1.0,1913,1377,536,274.9118055555556,0,0,0,0,2,0,2708,0
1153.0,fzp,1.0,1914,1376,538,275.2941666666667,2,3,0,0,4,0,2713,0
1154.0,fzp,1.0,1921,1381,540,275.67708333333337,1,0,0,1,5,0,2714,0
1155.0,fzp,1.0,1928,1383,545,276.06097222222223,2,0,0,0,4,0,2716,0
1156.0,fzp,1.0,1935,1385,550,276.4454166666667,1,1,0,1,3,0,2718,0
1157.0,fzp,1.0,1941,1387,554,276.8304166666667,3,0,0,0,5,0,2721,0
1158.0,fzp,1.0,1939,1388,551,277.21583333333336,0,2,0,0,3,0,2723,0
1159.0,fzp,1.0,1941,1390,551,277.6016666666667,2,1,0,1,4,0,2726,0
1160.0,fzp,1.0,1939,1390,549,277.9877777777778,0,1,0,0,1,0,2727,0
1161.0,fzp,1.0,1939,1391,548,278.3740277777778,0,1,0,0,2,0,2728,0
1162.0,fzp,1.0,1941,1389,552,278.76013888888895,4,2,0,0,4,0,2734,0
1163.0,fzp,1.0,1942,1394,548,279.1466666666667,4,1,0,6,4,0,2739,0
1164.0,fzp,1.0,1945,1397,548,279.5343055555556,2,2,0,1,6,0,2743,0
1165.0,fzp,1.0,1946,1394,552,279.9219444444445,4,4,0,2,3,0,2751,0
1166.0,fzp,1.0,1950,1402,548,280.3102777777778,2,0,0,5,5,0,2753,0
1167.0,fzp,1.0,1951,1403,548,280.69986111111115,3,4,0,3,5,0,2760,0
1168.0,fzp,1.0,1954,1403,551,281.0895833333334,4,0,0,1,3,0,2764,0
1169.0,fzp,1.0,1953,1403,550,281.47930555555564,3,2,0,2,3,0,2769,0
1170.0,fzp,1.0,1961,1404,557,281.86916666666673,4,0,0,0,5,0,2773,0
1171.0,fzp,1.0,1955,1402,553,282.258888888889,1,3,0,1,1,0,2777,0
1172.0,fzp,1.0,1958,1403,555,282.6484722222223,2,0,0,1,2,0,2779,0
1173.0,fzp,1.0,1957,1403,554,283.03819444444457,1,2,0,1,2,0,2782,0
1174.0,fzp,1.0,1958,1403,555,283.4279166666668,2,2,0,1,3,0,2786,0
1175.0,fzp,1.0,1954,1402,552,283.81750000000017,3,4,0,3,3,0,2793,0
1176.0,fzp,1.0,1956,1404,552,284.2072222222224,0,3,0,1,4,0,2796,0
1177.0,fzp,1.0,1953,1399,554,284.59652777777796,4,2,0,0,1,0,2802,0
1178.0,fzp,1.0,1953,1402,551,284.9855555555557,2,2,0,1,6,0,2806,0
1179.0,fzp,1.0,1958,1402,556,285.37500000000017,5,0,0,0,5,0,2811,0
1180.0,fzp,1.0,1959,1400,559,285.7641666666668,1,3,0,0,2,0,2815,0
1181.0,fzp,1.0,1963,1402,561,286.1533333333335,4,0,0,2,4,0,2819,0
1182.0,fzp,1.0,1964,1404,560,286.5430555555557,2,3,0,2,5,0,2824,0
1183.0,fzp,1.0,1965,1406,559,286.9333333333335,1,0,0,1,2,0,2825,0
1184.0,fzp,1.0,1965,1407,558,287.3240277777779,3,1,0,2,3,0,2829,0
1185.0,fzp,1.0,1963,1407,556,287.71486111111125,2,3,0,2,3,0,2834,0
1186.0,fzp,1.0,1964,1404,560,288.1052777777779,6,2,0,0,5,0,2842,0
1187.0,fzp,1.0,1963,1404,559,288.4952777777779,2,3,0,1,4,0,2847,0
1188.0,fzp,1.0,1961,1403,558,288.885138888889,2,2,0,0,3,0,2851,0
1189.0,fzp,1.0,1962,1404,558,289.2750000000001,2,2,0,1,4,0,2855,0
1190.0,fzp,1.0,1964,1403,561,289.6648611111112,8,1,0,4,4,0,2864,0
1191.0,fzp,1.0,1964,1403,561,290.0545833333334,4,1,0,2,3,0,2869,0
1192.0,fzp,1.0,1964,1407,557,290.4448611111112,4,1,0,4,5,0,2874,0
1193.0,fzp,1.0,1964,1405,559,290.8354166666668,1,2,0,0,1,0,2877,0
1194.0,fzp,1.0,1963,1406,557,291.22583333333347,4,1,1,4,3,0,2882,0
1195.0,fzp,1.0,1963,1408,555,291.6166666666668,3,2,0,0,7,0,2887,0
1196.0,fzp,1.0,1956,1408,548,292.0077777777779,1,2,1,2,2,0,2890,0
1197.0,fzp,1.0,1960,1412,548,292.39944444444455,3,1,0,2,6,0,2894,0
1198.0,fzp,1.0,1959,1416,543,292.79222222222234,0,0,1,1,4,0,2894,0
1199.0,fzp,1.0,1961,1420,541,293.18611111111125,3,0,0,3,4,0,2897,0
1200.0,fzp,1.0,1960,1422,538,293.5808333333335,2,1,0,2,3,0,2900,0
1201.0,fzp,1.0,1960,1425,535,293.97625000000016,2,1,0,0,6,0,2903,0
1202.0,fzp,1.0,1955,1433,522,294.3731944444446,2,1,0,7,4,0,2906,0
1203.0,fzp,1.0,1958,1436,522,294.7716666666668,1,0,0,0,4,0,2907,0
1204.0,fzp,1.0,1958,1441,517,295.17125000000016,1,0,0,4,2,0,2908,0
1205.0,fzp,1.0,1960,1444,516,295.5719444444446,2,1,0,3,3,0,2911,0
1206.0,fzp,1.0,1958,1443,515,295.97291666666683,3,0,0,1,1,0,2914,0
1207.0,fzp,1.0,1962,1446,516,296.37416666666684,3,1,0,2,5,0,2918,0
1208.0,fzp,1.0,1958,1443,515,296.77541666666684,3,3,0,1,2,0,2924,0
1209.0,fzp,1.0,1962,1447,515,297.17680555555575,2,2,0,2,6,0,2928,0
1210.0,fzp,1.0,1959,1439,520,297.57763888888906,4,5,0,0,1,0,2937,0
1211.0,fzp,1.0,1960,1444,516,297.9780555555557,0,1,0,2,4,0,2938,0
1212.0,fzp,1.0,1960,1445,515,298.37930555555573,2,0,0,0,3,0,2940,0
1213.0,fzp,1.0,1960,1444,516,298.78055555555574,3,3,0,3,2,0,2946,0
1214.0,fzp,1.0,1960,1445,515,299.18180555555574,1,2,0,0,4,0,2949,0
1215.0,fzp,1.0,1959,1447,512,299.5834722222224,3,3,0,3,5,0,2955,0
1216.0,fzp,1.0,1959,1447,512,299.9854166666668,2,3,0,1,4,0,2960,0
1217.0,fzp,1.0,1957,1447,510,300.38736111111126,2,3,0,0,5,0,2965,0
1218.0,fzp,1.0,1963,1448,515,300.7894444444446,3,2,0,0,6,0,2970,0
1219.0,fzp,1.0,1965,1450,515,301.1919444444446,3,1,0,1,5,0,2974,0
1220.0,fzp,1.0,1960,1448,512,301.59444444444455,2,3,0,0,3,0,2979,0
1221.0,fzp,1.0,1959,1449,510,301.9968055555557,3,1,0,1,4,0,2983,0
1222.0,fzp,1.0,1960,1448,512,302.3991666666668,3,3,0,1,4,0,2989,0
1223.0,fzp,1.0,1962,1450,512,302.8016666666668,3,1,0,1,5,0,2993,0
1224.0,fzp,1.0,1964,1448,516,303.20416666666677,4,1,0,0,3,0,2998,0
1225.0,fzp,1.0,1965,1451,514,303.60680555555564,1,1,0,2,3,0,3000,0
1226.0,fzp,1.0,1960,1447,513,304.0093055555556,3,2,0,0,1,0,3005,0
1227.0,fzp,1.0,1962,1450,512,304.41166666666675,1,1,0,0,5,0,3007,0
1228.0,fzp,1.0,1965,1453,512,304.8148611111112,1,0,0,3,1,0,3008,0
1229.0,fzp,1.0,1964,1455,509,305.2187500000001,3,0,0,3,2,0,3011,0
1230.0,fzp,1.0,1965,1455,510,305.62291666666675,2,1,0,0,3,0,3014,0
1231.0,fzp,1.0,1968,1458,510,306.0275000000001,1,1,0,1,4,0,3016,0
1232.0,fzp,1.0,1965,1458,507,306.43250000000006,5,0,0,4,1,0,3021,0
1233.0,fzp,1.0,1972,1461,511,306.83791666666673,3,0,0,0,6,0,3024,0
1234.0,fzp,1.0,1974,1461,513,307.24375000000003,1,1,0,0,2,0,3026,0
1235.0,fzp,1.0,1981,1462,519,307.64972222222224,3,1,0,1,4,0,3030,0
1236.0,fzp,1.0,1981,1459,522,308.0554166666667,3,2,0,1,1,0,3035,0
1237.0,fzp,1.0,1985,1459,526,308.46069444444447,2,1,0,0,3,0,3038,0
1238.0,fzp,1.0,1981,1455,526,308.8654166666667,3,2,0,0,1,0,3043,0
1239.0,fzp,1.0,1983,1453,530,309.2693055555556,5,3,0,2,4,0,3051,0
1240.0,fzp,1.0,1983,1453,530,309.6729166666667,1,2,0,0,3,0,3054,0
1241.0,fzp,1.0,1980,1451,529,310.07625,2,3,0,1,2,0,3059,0
1242.0,fzp,1.0,1987,1454,533,310.4797222222222,2,1,0,0,6,0,3062,0
1243.0,fzp,1.0,1995,1460,535,310.88444444444445,2,0,0,3,5,0,3064,0
1244.0,fzp,1.0,1997,1458,539,311.2897222222222,4,1,0,0,3,0,3069,0
1245.0,fzp,1.0,1999,1462,537,311.6952777777778,1,1,0,2,4,0,3071,0
1246.0,fzp,1.0,2004,1468,536,312.1022222222222,2,1,0,3,6,0,3074,0
1247.0,fzp,1.0,2010,1468,542,312.51,4,2,0,1,5,0,3080,0
1248.0,fzp,1.0,2010,1469,541,312.91791666666666,2,0,0,1,2,0,3082,0
1249.0,fzp,1.0,2014,1470,544,313.3261111111111,4,0,0,1,4,0,3086,0
1250.0,fzp,1.0,2018,1472,546,313.7347222222222,3,0,0,2,3,0,3089,0
1251.0,fzp,1.0,2014,1476,538,314.14416666666665,2,0,0,3,3,0,3091,0
1252.0,fzp,1.0,2018,1482,536,314.555,3,0,0,2,7,0,3094,0
1253.0,fzp,1.0,2015,1481,534,314.9665277777778,2,2,0,2,1,0,3098,0
1254.0,fzp,1.0,2016,1483,533,315.3781944444445,2,0,0,0,4,0,3100,0
1255.0,fzp,1.0,2018,1486,532,315.7905555555556,1,0,0,1,3,0,3101,0
1256.0,fzp,1.0,2020,1485,535,316.2031944444445,3,2,0,0,4,0,3106,0
1257.0,fzp,1.0,2025,1488,537,316.61611111111114,2,1,0,0,6,0,3109,0
1258.0,fzp,1.0,2026,1486,540,317.0291666666667,3,2,0,1,2,0,3114,0
1259.0,fzp,1.0,2025,1488,537,317.44222222222226,2,2,0,2,4,0,3118,0
1260.0,fzp,1.0,2029,1490,539,317.85583333333335,2,1,0,2,3,0,3121,0
1261.0,fzp,1.0,2029,1489,540,318.26958333333334,2,4,0,1,4,0,3127,0
1262.0,fzp,1.0,2030,1491,539,318.68347222222224,2,1,0,1,4,0,3130,0
1263.0,fzp,1.0,2036,1493,543,319.09791666666666,2,0,0,1,3,0,3132,0
1264.0,fzp,1.0,2039,1496,543,319.5130555555555,1,1,0,0,5,0,3134,0
1265.0,fzp,1.0,2044,1498,546,319.9288888888889,2,2,0,1,5,0,3138,0
1266.0,fzp,1.0,2048,1499,549,320.34513888888887,1,2,0,0,4,0,3141,0
1267.0,fzp,1.0,2051,1504,547,320.7622222222222,1,1,0,1,6,0,3143,0
1268.0,fzp,1.0,2052,1504,548,321.17999999999995,1,2,0,1,2,0,3146,0
1269.0,fzp,1.0,2059,1505,554,321.5979166666666,5,0,0,3,3,0,3151,0
1270.0,fzp,1.0,2062,1507,555,322.01624999999996,3,0,0,2,3,0,3154,0
1271.0,fzp,1.0,2065,1511,554,322.43541666666664,2,0,0,3,3,0,3156,0
1272.0,fzp,1.0,2067,1512,555,322.85527777777776,3,1,0,2,3,0,3160,0
1273.0,fzp,1.0,2072,1516,556,323.2758333333333,3,0,0,1,6,0,3163,0
1274.0,fzp,1.0,2075,1520,555,323.6975,1,2,0,3,4,0,3166,0
1275.0,fzp,1.0,2078,1521,557,324.1198611111111,3,0,0,1,3,0,3169,0
1276.0,fzp,1.0,2079,1523,556,324.54263888888886,0,1,0,2,1,0,3170,0
1277.0,fzp,1.0,2081,1525,556,324.9659722222222,4,2,0,2,6,0,3176,0
1278.0,fzp,1.0,2081,1523,558,325.38930555555555,6,0,0,1,3,0,3182,0
1279.0,fzp,1.0,2088,1525,563,325.8126388888889,3,0,0,1,4,0,3185,0
1280.0,fzp,1.0,2090,1527,563,326.2365277777778,2,0,0,2,2,0,3187,0
1281.0,fzp,1.0,2086,1520,566,326.65972222222223,6,3,0,1,1,0,3196,0
1282.0,fzp,1.0,2096,1525,571,327.0826388888889,3,0,0,0,8,0,3199,0
1283.0,fzp,1.0,2103,1528,575,327.50666666666666,5,0,0,2,6,0,3204,0
1284.0,fzp,1.0,2109,1530,579,327.9313888888889,2,0,0,0,4,0,3206,0
1285.0,fzp,1.0,2111,1531,580,328.3565277777778,1,1,0,0,3,0,3208,0
1286.0,fzp,1.0,2117,1537,580,328.78263888888887,3,0,0,2,7,0,3211,0
1287.0,fzp,1.0,2118,1535,583,329.20930555555555,3,1,0,0,2,0,3215,0
1288.0,fzp,1.0,2119,1537,582,329.6359722222222,3,1,0,1,5,0,3219,0
1289.0,fzp,1.0,2117,1540,577,330.06333333333333,1,2,0,1,5,0,3222,0
1290.0,fzp,1.0,2117,1537,580,330.49069444444444,6,2,0,0,5,0,3230,0
1291.0,fzp,1.0,2118,1536,582,330.9175,4,0,0,0,3,0,3234,0
1292.0,fzp,1.0,2122,1536,586,331.3441666666667,4,1,0,2,3,0,3239,0
1293.0,fzp,1.0,2116,1535,581,331.7706944444445,1,2,0,0,2,0,3242,0
1294.0,fzp,1.0,2119,1534,585,332.19694444444445,2,2,0,1,2,0,3246,0
1295.0,fzp,1.0,2122,1533,589,332.6229166666667,3,1,0,0,3,0,3250,0
1296.0,fzp,1.0,2123,1534,589,333.04888888888894,1,0,0,0,2,0,3251,0
1297.0,fzp,1.0,2130,1540,590,333.47583333333336,1,1,0,3,5,0,3253,0
1298.0,fzp,1.0,2132,1537,595,333.90319444444447,5,1,0,0,3,0,3259,0
1299.0,fzp,1.0,2131,1539,592,334.3304166666667,0,0,0,2,0,0,3259,0
1300.0,fzp,1.0,2134,1540,594,334.7580555555556,4,0,0,0,5,0,3263,0
1301.0,fzp,1.0,2136,1543,593,335.18625000000003,1,2,0,2,4,0,3266,0
1302.0,fzp,1.0,2141,1545,596,335.6151388888889,2,0,0,1,3,0,3268,0
1303.0,fzp,1.0,2142,1544,598,336.0441666666667,3,0,0,0,2,0,3271,0
1304.0,fzp,1.0,2145,1549,596,336.47375,0,0,0,1,4,0,3271,0
1305.0,fzp,1.0,2144,1547,597,336.90375,2,1,0,0,1,0,3274,0
1306.0,fzp,1.0,2157,1553,604,337.33430555555555,2,0,0,0,8,0,3276,0
1307.0,fzp,1.0,2154,1555,599,337.7659722222222,2,1,0,1,4,0,3279,0
1308.0,fzp,1.0,2158,1558,600,338.1983333333333,3,1,0,1,6,0,3283,0
1309.0,fzp,1.0,2161,1558,603,338.6311111111111,2,1,0,0,3,0,3286,0
1310.0,fzp,1.0,2161,1557,604,339.06375,3,0,0,0,2,0,3289,0
1311.0,fzp,1.0,2164,1561,603,339.49680555555557,0,2,0,0,6,0,3291,0
1312.0,fzp,1.0,2163,1564,599,339.93083333333334,1,1,0,0,5,0,3293,0
1313.0,fzp,1.0,2157,1565,592,340.36541666666665,3,4,0,7,1,0,3300,0
1314.0,fzp,1.0,2168,1573,595,340.80125,2,1,0,0,11,0,3303,0
1315.0,fzp,1.0,2168,1575,593,341.2384722222222,3,3,0,4,4,0,3309,0
1316.0,fzp,1.0,2170,1577,593,341.67625,4,1,0,4,3,0,3314,0
1317.0,fzp,1.0,2175,1581,594,342.1148611111111,3,1,0,5,3,0,3318,0
1318.0,fzp,1.0,2177,1585,592,342.5545833333333,3,2,0,3,6,0,3323,0
1319.0,fzp,1.0,2177,1584,593,342.9947222222222,2,2,0,1,2,0,3327,0
1320.0,fzp,1.0,2180,1588,592,343.43527777777774,2,1,0,2,5,0,3330,0
1321.0,fzp,1.0,2183,1590,593,343.8766666666666,2,0,0,1,3,0,3332,0
1322.0,fzp,1.0,2184,1591,593,344.31847222222217,0,1,0,1,1,0,3333,0
1323.0,fzp,1.0,2186,1592,594,344.7605555555555,2,1,0,1,3,0,3336,0
1324.0,fzp,1.0,2186,1593,593,345.2029166666666,3,1,0,3,2,0,3340,0
1325.0,fzp,1.0,2183,1590,593,345.645,6,0,0,0,3,0,3346,0
1326.0,fzp,1.0,2187,1594,593,346.0872222222222,3,1,0,1,7,0,3350,0
1327.0,fzp,1.0,2189,1597,592,346.5304166666666,1,2,0,2,4,0,3353,0
1328.0,fzp,1.0,2189,1595,594,346.97374999999994,4,2,0,1,3,0,3359,0
1329.0,fzp,1.0,2196,1599,597,347.41736111111106,3,0,0,2,5,0,3362,0
1330.0,fzp,1.0,2199,1597,602,347.8612499999999,4,2,0,0,4,0,3368,0
1331.0,fzp,1.0,2195,1598,597,348.30499999999995,2,1,0,1,3,0,3371,0
1332.0,fzp,1.0,2202,1603,599,348.7495833333333,3,1,0,2,7,0,3375,0
1333.0,fzp,1.0,2203,1604,599,349.195,3,1,0,0,5,0,3379,0
1334.0,fzp,1.0,2202,1602,600,349.6402777777778,4,2,0,1,3,0,3385,0
1335.0,fzp,1.0,2206,1609,597,350.08625,1,0,0,1,7,0,3386,0
1336.0,fzp,1.0,2207,1611,596,350.5334722222222,2,0,0,1,3,0,3388,0
1337.0,fzp,1.0,2210,1612,598,350.9811111111111,4,0,0,0,5,0,3392,0
1338.0,fzp,1.0,2214,1614,600,351.4291666666667,3,1,0,1,5,0,3396,0
1339.0,fzp,1.0,2212,1614,598,351.8775,4,0,0,1,3,0,3400,0
1340.0,fzp,1.0,2212,1617,595,352.32625,5,0,0,3,5,0,3405,0
1341.0,fzp,1.0,2211,1613,598,352.77486111111114,6,0,0,2,0,0,3411,0
1342.0,fzp,1.0,2214,1616,598,353.22333333333336,5,0,0,3,5,0,3416,0
1343.0,fzp,1.0,2214,1617,597,353.6723611111111,1,1,0,0,3,0,3418,0
1344.0,fzp,1.0,2206,1616,590,354.1213888888889,3,4,1,3,4,0,3425,0
1345.0,fzp,1.0,2208,1617,591,354.57041666666663,3,1,0,0,5,0,3429,0
1346.0,fzp,1.0,2208,1622,586,355.0202777777777,0,1,0,1,5,0,3430,0
1347.0,fzp,1.0,2209,1622,587,355.4708333333333,6,1,0,4,3,0,3437,0
1348.0,fzp,1.0,2211,1627,584,355.9220833333333,0,0,0,3,2,0,3437,0
1349.0,fzp,1.0,2213,1631,582,356.3745833333333,4,0,0,2,6,0,3441,0
1350.0,fzp,1.0,2213,1630,583,356.8275,4,0,0,2,1,0,3445,0
1351.0,fzp,1.0,2215,1633,582,357.2806944444444,1,1,0,2,3,0,3447,0
1352.0,fzp,1.0,2217,1636,581,357.73472222222216,3,1,0,4,3,0,3451,0
1353.0,fzp,1.0,2219,1640,579,358.18972222222214,3,1,0,5,3,0,3455,0
1354.0,fzp,1.0,2229,1650,579,358.6466666666666,0,0,0,3,7,0,3455,0
1355.0,fzp,1.0,2230,1648,582,359.10472222222216,3,1,0,0,2,0,3459,0
1356.0,fzp,1.0,2234,1654,580,359.5633333333333,2,2,0,6,4,0,3463,0
1357.0,fzp,1.0,2237,1658,579,360.02333333333326,4,1,0,4,5,0,3468,0
1358.0,fzp,1.0,2235,1656,579,360.48361111111103,3,2,0,1,2,0,3473,0
1359.0,fzp,1.0,2237,1659,578,360.9440277777777,4,1,0,4,4,0,3478,0
1360.0,fzp,1.0,2239,1667,572,361.40597222222215,1,0,0,2,7,0,3479,0
1361.0,fzp,1.0,2238,1662,576,361.8683333333333,6,1,0,1,1,0,3486,0
1362.0,fzp,1.0,2241,1668,573,362.33083333333326,1,0,0,2,5,0,3487,0
1363.0,fzp,1.0,2240,1671,569,362.79458333333326,1,1,0,2,3,0,3489,0
1364.0,fzp,1.0,2239,1673,566,363.2590277777777,4,2,0,3,5,0,3495,0
1365.0,fzp,1.0,2239,1672,567,363.72361111111104,4,0,0,1,2,0,3499,0
1366.0,fzp,1.0,2244,1676,568,364.188611111111,2,0,0,2,4,0,3501,0
1367.0,fzp,1.0,2247,1679,568,364.6545833333332,1,0,0,1,3,0,3502,0
1368.0,fzp,1.0,2251,1685,566,365.12180555555545,1,1,0,2,6,0,3504,0
1369.0,fzp,1.0,2254,1686,568,365.5899999999999,2,2,0,0,5,0,3508,0
1370.0,fzp,1.0,2255,1691,564,366.0590277777777,2,1,0,2,6,0,3511,0
1371.0,fzp,1.0,2251,1688,563,366.52833333333325,5,4,0,1,5,0,3520,0
1372.0,fzp,1.0,2247,1686,561,366.99694444444435,2,3,0,1,2,0,3525,0
1373.0,fzp,1.0,2252,1688,564,367.46555555555545,2,1,0,0,5,0,3528,0
1374.0,fzp,1.0,2254,1690,564,367.93472222222215,4,1,0,1,6,0,3533,0
1375.0,fzp,1.0,2251,1689,562,368.4040277777777,1,2,0,0,2,0,3536,0
1376.0,fzp,1.0,2248,1690,558,368.8733333333332,4,1,0,1,5,0,3541,0
1377.0,fzp,1.0,2250,1696,554,369.343611111111,0,1,0,2,5,0,3542,0
1378.0,fzp,1.0,2254,1698,556,369.8149999999999,1,1,0,0,4,0,3544,0
1379.0,fzp,1.0,2250,1696,554,370.2863888888888,3,4,0,1,4,0,3551,0
1380.0,fzp,1.0,2252,1696,556,370.7574999999999,3,2,0,1,4,0,3556,0
1381.0,fzp,1.0,2248,1696,552,371.228611111111,1,2,0,1,2,0,3559,0
1382.0,fzp,1.0,2243,1696,547,371.6997222222221,2,3,0,2,3,0,3564,0
1383.0,fzp,1.0,2241,1698,543,372.171111111111,2,2,0,2,4,0,3568,0
1384.0,fzp,1.0,2236,1697,539,372.64263888888877,5,1,0,3,2,0,3574,0
1385.0,fzp,1.0,2243,1702,541,373.1147222222221,2,0,0,2,5,0,3576,0
1386.0,fzp,1.0,2243,1704,539,373.58777777777766,3,1,0,3,3,0,3580,0
1387.0,fzp,1.0,2237,1700,537,374.0605555555554,2,5,0,1,2,0,3587,0
1388.0,fzp,1.0,2235,1698,537,374.53249999999986,3,1,0,0,2,0,3591,0
1389.0,fzp,1.0,2239,1703,536,375.004861111111,1,1,0,1,6,0,3593,0
1390.0,fzp,1.0,2242,1706,536,375.4783333333332,2,0,0,0,5,0,3595,0
1391.0,fzp,1.0,2245,1707,538,375.952361111111,3,0,0,0,4,0,3598,0
1392.0,fzp,1.0,2250,1711,539,376.4270833333332,3,2,0,3,6,0,3603,0
1393.0,fzp,1.0,2250,1712,538,376.90249999999986,0,2,0,0,3,0,3605,0
1394.0,fzp,1.0,2254,1717,537,377.37874999999985,0,0,0,0,5,0,3605,0
1395.0,fzp,1.0,2254,1716,538,377.8555555555554,4,0,0,1,2,0,3609,0
1396.0,fzp,1.0,2258,1721,537,378.3329166666665,2,1,0,4,4,0,3612,0
1397.0,fzp,1.0,2254,1719,535,378.81069444444427,5,5,0,3,5,0,3622,0
1398.0,fzp,1.0,2251,1716,535,379.2877777777776,4,5,0,1,5,0,3631,0
1399.0,fzp,1.0,2250,1711,539,379.7637499999998,4,6,0,1,4,0,3641,0
1400.0,fzp,1.0,2246,1707,539,380.238472222222,3,4,0,0,3,0,3648,0
1401.0,fzp,1.0,2248,1710,538,380.71305555555534,3,1,0,1,6,0,3652,0
1402.0,fzp,1.0,2250,1708,542,381.18777777777757,4,0,0,0,2,0,3656,0
1403.0,fzp,1.0,2250,1709,541,381.6623611111109,3,1,0,3,2,0,3660,0
1404.0,fzp,1.0,2250,1713,537,382.13763888888866,2,1,0,3,4,0,3663,0
1405.0,fzp,1.0,2249,1713,536,382.613472222222,1,2,0,0,3,0,3666,0
1406.0,fzp,1.0,2251,1713,538,383.08930555555537,3,1,0,1,3,0,3670,0
1407.0,fzp,1.0,2251,1714,537,383.56527777777757,1,0,0,1,1,0,3671,0
1408.0,fzp,1.0,2254,1714,540,384.04138888888866,4,0,0,1,3,0,3675,0
1409.0,fzp,1.0,2255,1714,541,384.51749999999976,1,1,0,0,2,0,3677,0
1410.0,fzp,1.0,2254,1715,539,384.99374999999975,3,0,0,1,3,0,3680,0
1411.0,fzp,1.0,2251,1719,532,385.4706944444442,1,1,0,1,5,0,3682,0
1412.0,fzp,1.0,2251,1718,533,385.9480555555553,3,0,0,1,1,0,3685,0
1413.0,fzp,1.0,2249,1720,529,386.4255555555553,1,2,0,2,3,0,3688,0
1414.0,fzp,1.0,2248,1720,528,386.9033333333331,1,2,0,1,2,0,3691,0
1415.0,fzp,1.0,2245,1720,525,387.38111111111084,2,3,0,3,2,0,3696,0
1416.0,fzp,1.0,2243,1718,525,387.85861111111086,3,2,0,2,1,0,3701,0
1417.0,fzp,1.0,2243,1720,523,388.3361111111109,0,2,0,0,4,0,3703,0
1418.0,fzp,1.0,2241,1721,520,388.81402777777754,3,2,0,2,4,0,3708,0
1419.0,fzp,1.0,2238,1721,517,389.2920833333331,5,2,0,4,3,0,3715,0
1420.0,fzp,1.0,2236,1724,512,389.7705555555553,0,4,0,2,5,0,3719,0
1421.0,fzp,1.0,2238,1723,515,390.2493055555553,7,1,0,2,5,0,3727,0
1422.0,fzp,1.0,2239,1726,513,390.72833333333307,2,1,0,3,3,0,3730,0
1423.0,fzp,1.0,2241,1728,513,391.2080555555553,3,0,0,2,3,0,3733,0
1424.0,fzp,1.0,2248,1729,519,391.6881944444442,5,2,0,2,6,0,3740,0
1425.0,fzp,1.0,2250,1724,526,392.16777777777753,6,1,0,1,1,0,3747,0
1426.0,fzp,1.0,2253,1723,530,392.6465277777775,3,2,0,0,4,0,3752,0
1427.0,fzp,1.0,2254,1720,534,393.124722222222,4,2,0,1,2,0,3758,0
1428.0,fzp,1.0,2264,1728,536,393.60361111111087,0,1,0,0,9,0,3759,0
1429.0,fzp,1.0,2271,1729,542,394.0837499999998,2,1,0,1,3,0,3762,0
1430.0,fzp,1.0,2270,1730,540,394.56416666666644,2,4,0,3,4,0,3768,0
1431.0,fzp,1.0,2272,1731,541,395.0448611111109,1,0,0,0,2,0,3769,0
1432.0,fzp,1.0,2273,1727,546,395.52513888888865,3,3,0,1,1,0,3775,0
1433.0,fzp,1.0,2272,1726,546,396.004722222222,5,0,0,2,2,0,3780,0
1434.0,fzp,1.0,2280,1736,544,396.4855555555553,1,0,0,2,9,0,3781,0
1435.0,fzp,1.0,2281,1734,547,396.96749999999975,5,0,0,1,2,0,3786,0
1436.0,fzp,1.0,2289,1739,550,397.44986111111086,3,1,0,3,6,0,3790,0
1437.0,fzp,1.0,2291,1739,552,397.9329166666664,2,1,0,0,3,0,3793,0
1438.0,fzp,1.0,2291,1737,554,398.41569444444417,4,2,0,1,3,0,3799,0
1439.0,fzp,1.0,2292,1742,550,398.8988888888886,2,0,0,2,5,0,3801,0
1440.0,fzp,1.0,2290,1737,553,399.38208333333307,5,4,0,0,4,0,3810,0
1441.0,fzp,1.0,2289,1737,552,399.8645833333331,4,3,0,1,6,0,3817,0
1442.0,fzp,1.0,2285,1735,550,400.3468055555553,4,3,0,3,2,0,3824,0
1443.0,fzp,1.0,2288,1734,554,400.8286111111109,4,3,0,1,5,0,3831,0
1444.0,fzp,1.0,2289,1736,553,401.3105555555553,1,2,0,1,4,0,3834,0
1445.0,fzp,1.0,2291,1737,554,401.79291666666643,1,1,0,0,3,0,3836,0
1446.0,fzp,1.0,2294,1739,555,402.2756944444442,2,0,0,0,4,0,3838,0
1447.0,fzp,1.0,2298,1739,559,402.75874999999974,4,2,0,3,3,0,3844,0
1448.0,fzp,1.0,2300,1741,559,403.2420833333331,2,0,0,2,2,0,3846,0
1449.0,fzp,1.0,2301,1738,563,403.72527777777753,5,3,0,2,3,0,3854,0
1450.0,fzp,1.0,2307,1744,563,404.2088888888886,2,0,0,1,7,0,3856,0
1451.0,fzp,1.0,2308,1740,568,404.6927777777775,7,0,0,1,2,0,3863,0
1452.0,fzp,1.0,2313,1744,569,405.1766666666664,1,0,0,1,4,0,3864,0
1453.0,fzp,1.0,2319,1747,572,405.6615277777775,5,0,0,1,7,0,3869,0
1454.0,fzp,1.0,2317,1746,571,406.1466666666664,2,0,0,0,1,0,3871,0
1455.0,fzp,1.0,2320,1749,571,406.63208333333307,3,0,0,2,4,0,3874,0
1456.0,fzp,1.0,2318,1746,572,407.1174999999997,4,1,0,0,2,0,3879,0
1457.0,fzp,1.0,2324,1748,576,407.6027777777775,3,1,0,0,6,0,3883,0
1458.0,fzp,1.0,2324,1748,576,408.088333333333,3,2,0,2,3,0,3888,0
1459.0,fzp,1.0,2323,1746,577,408.5736111111108,3,2,0,0,3,0,3893,0
1460.0,fzp,1.0,2329,1749,580,409.05902777777743,3,1,0,1,6,0,3897,0
1461.0,fzp,1.0,2328,1753,575,409.5454166666663,1,1,0,2,4,0,3899,0
1462.0,fzp,1.0,2329,1753,576,410.03236111111073,2,2,0,1,3,0,3903,0
1463.0,fzp,1.0,2331,1757,574,410.51986111111074,5,2,0,6,5,0,3910,0
1464.0,fzp,1.0,2333,1764,569,411.0088888888885,0,0,0,1,6,0,3910,0
1465.0,fzp,1.0,2334,1765,569,411.4990277777774,1,0,0,0,2,0,3911,0
1466.0,fzp,1.0,2332,1769,563,411.98986111111077,1,3,0,5,3,0,3915,0
1467.0,fzp,1.0,2330,1771,559,412.48152777777744,3,1,0,4,2,0,3919,0
1468.0,fzp,1.0,2325,1771,554,412.9734722222219,2,2,0,2,2,0,3923,0
1469.0,fzp,1.0,2329,1772,557,413.4655555555552,2,3,0,3,3,0,3928,0
1470.0,fzp,1.0,2332,1775,557,413.95819444444413,4,2,0,3,6,0,3934,0
1471.0,fzp,1.0,2331,1775,556,414.4512499999997,1,1,0,2,0,0,3936,0
1472.0,fzp,1.0,2332,1776,556,414.9444444444441,3,3,0,2,5,0,3942,0
1473.0,fzp,1.0,2334,1779,555,415.4381944444441,3,2,0,3,5,0,3947,0
1474.0,fzp,1.0,2331,1781,550,415.93263888888856,1,2,0,1,4,0,3950,0
1475.0,fzp,1.0,2332,1778,554,416.42694444444413,4,2,0,1,2,0,3956,0
1476.0,fzp,1.0,2334,1777,557,416.9206944444441,4,1,0,0,4,0,3961,0
1477.0,fzp,1.0,2337,1779,558,417.414583333333,4,1,0,0,7,0,3966,0
1478.0,fzp,1.0,2338,1779,559,417.90874999999966,4,2,0,1,5,0,3972,0
1479.0,fzp,1.0,2346,1786,560,418.40388888888856,3,0,0,1,9,0,3975,0
1480.0,fzp,1.0,2348,1783,565,418.899583333333,5,1,0,0,3,0,3981,0
1481.0,fzp,1.0,2353,1786,567,419.39527777777744,4,3,0,3,7,0,3988,0
1482.0,fzp,1.0,2347,1779,568,419.89041666666634,4,5,0,1,1,0,3997,0
1483.0,fzp,1.0,2346,1779,567,420.384583333333,3,2,0,1,4,0,4002,0
1484.0,fzp,1.0,2344,1779,565,420.8787499999997,3,2,0,1,4,0,4007,0
1485.0,fzp,1.0,2346,1779,567,421.37291666666636,4,1,0,0,5,0,4012,0
1486.0,fzp,1.0,2344,1779,565,421.867083333333,3,2,0,0,5,0,4017,0
1487.0,fzp,1.0,2345,1776,569,422.360833333333,2,4,0,0,3,0,4023,0
1488.0,fzp,1.0,2349,1777,572,422.85430555555524,3,3,0,1,6,0,4029,0
1489.0,fzp,1.0,2347,1771,576,423.34708333333305,5,2,0,0,1,0,4036,0
1490.0,fzp,1.0,2348,1770,578,423.8388888888886,6,2,0,4,3,0,4044,0
1491.0,fzp,1.0,2343,1770,573,424.3305555555553,1,3,0,2,2,0,4048,0
1492.0,fzp,1.0,2344,1770,574,424.82222222222197,6,3,1,4,6,0,4057,0
1493.0,fzp,1.0,2340,1764,576,425.3130555555553,5,6,0,1,4,0,4068,0
1494.0,fzp,1.0,2338,1761,577,425.8026388888886,7,2,1,5,2,0,4077,0
1495.0,fzp,1.0,2333,1760,573,426.2916666666664,1,3,0,0,3,0,4081,0
1496.0,fzp,1.0,2330,1764,566,426.7811111111108,2,1,0,3,4,0,4084,0
1497.0,fzp,1.0,2327,1763,564,427.2709722222219,2,4,0,1,4,0,4090,0
1498.0,fzp,1.0,2332,1768,564,427.7613888888886,1,0,0,1,5,0,4091,0
1499.0,fzp,1.0,2330,1772,558,428.25305555555525,1,1,1,3,4,0,4093,0
1500.0,fzp,1.0,2330,1775,555,428.74569444444415,1,1,0,0,5,0,4095,0
1501.0,fzp,1.0,2329,1779,550,429.2393055555553,0,1,0,2,3,0,4096,0
1502.0,fzp,1.0,2331,1781,550,429.73374999999976,4,2,0,3,5,0,4102,0
1503.0,fzp,1.0,2333,1788,545,430.2294444444442,1,3,0,4,7,0,4106,0
1504.0,fzp,1.0,2340,1792,548,430.7266666666664,4,0,0,4,4,0,4110,0
1505.0,fzp,1.0,2346,1792,554,431.2244444444442,3,1,0,1,3,0,4114,0
1506.0,fzp,1.0,2352,1798,554,431.72305555555533,1,0,1,3,5,0,4115,0
1507.0,fzp,1.0,2360,1803,557,432.22319444444423,5,0,0,5,5,0,4120,0
1508.0,fzp,1.0,2365,1810,555,432.7249999999998,0,1,0,3,5,0,4121,0
1509.0,fzp,1.0,2369,1818,551,433.22888888888866,2,1,0,7,4,0,4124,0
1510.0,fzp,1.0,2369,1816,553,433.73361111111086,4,1,0,1,2,0,4129,0
1511.0,fzp,1.0,2371,1819,552,434.23847222222196,3,1,0,2,5,0,4133,0
1512.0,fzp,1.0,2367,1821,546,434.7440277777775,2,1,0,3,2,0,4136,0
1513.0,fzp,1.0,2364,1822,542,435.2499999999997,3,2,0,3,3,0,4141,0
1514.0,fzp,1.0,2357,1819,538,435.75569444444415,2,4,0,0,3,0,4147,0
1515.0,fzp,1.0,2353,1819,534,436.26097222222194,2,1,0,1,2,0,4150,0
1516.0,fzp,1.0,2354,1821,533,436.76652777777747,1,1,0,1,3,0,4152,0
1517.0,fzp,1.0,2348,1822,526,437.2724999999997,1,1,0,2,1,0,4154,0
1518.0,fzp,1.0,2353,1825,528,437.77902777777746,2,0,0,0,5,0,4156,0
1519.0,fzp,1.0,2350,1820,530,438.2852777777775,5,2,0,0,2,0,4163,0
1520.0,fzp,1.0,2349,1815,534,438.7901388888886,4,4,0,1,2,0,4171,0
1521.0,fzp,1.0,2341,1811,530,439.2937499999997,3,3,0,0,2,0,4177,0
1522.0,fzp,1.0,2340,1813,527,439.79708333333303,3,4,0,4,5,0,4184,0
1523.0,fzp,1.0,2346,1820,526,440.3016666666664,1,2,0,3,7,0,4187,0
1524.0,fzp,1.0,2345,1819,526,440.8070833333331,1,3,0,2,1,0,4191,0
1525.0,fzp,1.0,2349,1823,526,441.3129166666664,1,1,0,1,5,0,4193,0
1526.0,fzp,1.0,2344,1823,521,441.8193055555553,3,1,0,2,2,0,4197,0
1527.0,fzp,1.0,2338,1823,515,442.32569444444414,3,2,0,1,4,0,4202,0
1528.0,fzp,1.0,2336,1822,514,442.83194444444416,3,2,0,2,2,0,4207,0
1529.0,fzp,1.0,2334,1822,512,443.3380555555553,2,0,0,0,2,0,4209,0
1530.0,fzp,1.0,2334,1822,512,443.8441666666664,3,1,0,1,3,0,4213,0
1531.0,fzp,1.0,2339,1827,512,444.35097222222197,1,0,0,0,6,0,4214,0
1532.0,fzp,1.0,2342,1829,513,444.85874999999976,1,0,0,1,2,0,4215,0
1533.0,fzp,1.0,2340,1828,512,445.36666666666645,1,3,0,0,3,0,4219,0
1534.0,fzp,1.0,2338,1823,515,445.8737499999998,6,2,0,0,3,0,4227,0
1535.0,fzp,1.0,2341,1826,515,446.38055555555536,2,1,0,1,5,0,4230,0
1536.0,fzp,1.0,2338,1825,513,446.8876388888887,2,3,0,2,2,0,4235,0
1537.0,fzp,1.0,2338,1830,508,447.3952777777776,0,1,0,1,5,0,4236,0
1538.0,fzp,1.0,2344,1833,511,447.9040277777776,2,1,0,1,5,0,4239,0
1539.0,fzp,1.0,2340,1833,507,448.4131944444443,2,1,0,3,0,0,4242,0
1540.0,fzp,1.0,2336,1833,503,448.92236111111094,1,3,0,2,2,0,4246,0
1541.0,fzp,1.0,2338,1836,502,449.4319444444443,2,2,0,4,3,0,4250,0
1542.0,fzp,1.0,2341,1839,502,449.942361111111,3,0,0,2,4,0,4253,0
1543.0,fzp,1.0,2345,1847,498,450.45430555555544,0,3,0,1,10,0,4256,0
1544.0,fzp,1.0,2345,1846,499,450.9672222222221,2,4,0,0,5,0,4262,0
1545.0,fzp,1.0,2343,1849,494,451.48041666666654,2,2,0,3,4,0,4266,0
1546.0,fzp,1.0,2344,1853,491,451.9945833333332,3,0,0,5,2,0,4269,0
1547.0,fzp,1.0,2343,1851,492,452.50902777777765,4,1,0,1,2,0,4274,0
1548.0,fzp,1.0,2343,1848,495,453.02277777777766,4,1,0,1,1,0,4279,0
1549.0,fzp,1.0,2342,1849,493,453.5362499999999,2,2,0,1,4,0,4283,0
1550.0,fzp,1.0,2340,1846,494,454.0494444444443,4,3,0,1,3,0,4290,0
1551.0,fzp,1.0,2348,1854,494,454.5633333333332,2,1,0,3,8,0,4293,0
1552.0,fzp,1.0,2348,1851,497,455.07791666666657,4,2,0,0,3,0,4299,0
1553.0,fzp,1.0,2352,1854,498,455.5924999999999,4,1,0,2,6,0,4304,0
1554.0,fzp,1.0,2353,1853,500,456.107361111111,3,3,0,1,4,0,4310,0
1555.0,fzp,1.0,2357,1853,504,456.62208333333325,5,0,0,0,5,0,4315,0
1556.0,fzp,1.0,2361,1853,508,457.1368055555555,3,1,0,1,3,0,4319,0
1557.0,fzp,1.0,2358,1853,505,457.65152777777774,2,2,0,2,2,0,4323,0
1558.0,fzp,1.0,2360,1853,507,458.16625,2,3,0,0,5,0,4328,0
1559.0,fzp,1.0,2359,1854,505,458.6811111111111,2,2,0,2,3,0,4332,0
1560.0,fzp,1.0,2357,1853,504,459.19597222222217,0,3,0,0,2,0,4335,0
1561.0,fzp,1.0,2360,1855,505,459.71097222222215,1,1,0,1,3,0,4337,0
1562.0,fzp,1.0,2363,1856,507,460.22638888888883,4,1,0,1,5,0,4342,0
1563.0,fzp,1.0,2365,1859,506,460.74236111111105,2,0,0,1,4,0,4344,0
1564.0,fzp,1.0,2368,1860,508,461.2588888888888,1,1,0,2,1,0,4346,0
1565.0,fzp,1.0,2366,1861,505,461.77569444444435,0,1,0,1,1,0,4347,0
1566.0,fzp,1.0,2367,1862,505,462.2927777777777,2,0,0,0,3,0,4349,0
1567.0,fzp,1.0,2366,1861,505,462.80986111111105,2,1,0,1,1,0,4352,0
1568.0,fzp,1.0,2366,1863,503,463.3270833333333,2,0,0,0,4,0,4354,0
1569.0,fzp,1.0,2370,1866,504,463.84499999999997,4,3,0,4,6,0,4361,0
1570.0,fzp,1.0,2370,1865,505,464.3631944444444,2,1,0,0,2,0,4364,0
1571.0,fzp,1.0,2373,1864,509,464.88111111111107,8,3,0,2,8,0,4375,0
1572.0,fzp,1.0,2374,1865,509,465.39902777777775,0,1,0,1,1,0,4376,0
1573.0,fzp,1.0,2383,1871,512,465.91791666666666,5,0,0,3,8,0,4381,0
1574.0,fzp,1.0,2382,1869,513,466.4373611111111,3,2,0,1,2,0,4386,0
1575.0,fzp,1.0,2380,1868,512,466.95638888888885,3,3,0,1,4,0,4392,0
1576.0,fzp,1.0,2380,1866,514,467.47499999999997,3,2,0,0,3,0,4397,0
1577.0,fzp,1.0,2382,1866,516,467.9933333333333,4,1,0,1,4,0,4402,0
1578.0,fzp,1.0,2385,1866,519,468.5116666666666,3,2,0,2,3,0,4407,0
1579.0,fzp,1.0,2386,1867,519,469.0301388888888,2,1,0,1,3,0,4410,0
1580.0,fzp,1.0,2387,1867,520,469.5487499999999,4,1,0,3,2,0,4415,0
1581.0,fzp,1.0,2386,1865,521,470.06708333333324,2,2,0,0,2,0,4419,0
1582.0,fzp,1.0,2392,1871,521,470.58597222222215,1,1,0,3,5,0,4421,0
1583.0,fzp,1.0,2389,1866,523,471.1049999999999,6,3,0,0,4,0,4430,0
1584.0,fzp,1.0,2392,1865,527,471.6231944444443,3,3,0,2,3,0,4436,0
1585.0,fzp,1.0,2390,1863,527,472.1409722222221,3,1,0,1,1,0,4440,0
1586.0,fzp,1.0,2397,1869,528,472.6593055555554,2,1,0,2,7,0,4443,0
1587.0,fzp,1.0,2402,1866,536,473.17805555555543,5,2,0,0,4,0,4450,0
1588.0,fzp,1.0,2403,1864,539,473.696111111111,5,2,0,2,3,0,4457,0
1589.0,fzp,1.0,2404,1863,541,474.2137499999999,2,2,0,1,2,0,4461,0
1590.0,fzp,1.0,2407,1859,548,474.73069444444434,7,2,0,0,5,0,4470,0
1591.0,fzp,1.0,2407,1858,549,475.24694444444435,4,3,0,2,4,0,4477,0
1592.0,fzp,1.0,2409,1854,555,475.76249999999993,6,1,0,0,3,0,4484,0
1593.0,fzp,1.0,2407,1852,555,476.2772222222222,6,2,0,1,5,0,4492,0
1594.0,fzp,1.0,2412,1852,560,476.79166666666663,6,0,0,1,5,0,4498,0
1595.0,fzp,1.0,2412,1852,560,477.3061111111111,3,1,0,0,4,0,4502,0
1596.0,fzp,1.0,2414,1853,561,477.8206944444444,3,1,0,2,3,0,4506,0
1597.0,fzp,1.0,2415,1851,564,478.3351388888889,4,2,0,3,1,0,4512,0
1598.0,fzp,1.0,2422,1854,568,478.8497222222222,3,0,0,0,6,0,4515,0
1599.0,fzp,1.0,2424,1860,564,479.36555555555555,1,1,0,3,5,0,4517,0
1600.0,fzp,1.0,2425,1857,568,479.88180555555556,6,2,0,1,4,0,4525,0
1601.0,fzp,1.0,2423,1853,570,480.39708333333334,2,3,0,0,1,0,4530,0
1602.0,fzp,1.0,2428,1854,574,480.91194444444443,4,2,0,1,6,0,4536,0
1603.0,fzp,1.0,2430,1854,576,481.4269444444444,2,3,0,0,5,0,4541,0
1604.0,fzp,1.0,2427,1851,576,481.94152777777776,5,1,0,0,3,0,4547,0
1605.0,fzp,1.0,2428,1851,577,482.4556944444444,2,2,0,0,4,0,4551,0
1606.0,fzp,1.0,2421,1846,575,482.96916666666664,2,3,0,0,0,0,4556,0
1607.0,fzp,1.0,2420,1846,574,483.4819444444444,2,2,0,0,4,0,4560,0
1608.0,fzp,1.0,2415,1845,570,483.9945833333333,1,1,0,0,1,0,4562,0
1609.0,fzp,1.0,2418,1849,569,484.5076388888889,1,0,0,1,4,0,4563,0
1610.0,fzp,1.0,2415,1846,569,485.0208333333333,3,1,0,0,1,0,4567,0
1611.0,fzp,1.0,2412,1846,566,485.5336111111111,1,1,0,0,2,0,4569,0
1612.0,fzp,1.0,2411,1842,569,486.04583333333335,5,1,0,0,2,0,4575,0
1613.0,fzp,1.0,2409,1844,565,486.5577777777778,5,2,0,6,3,0,4582,0
1614.0,fzp,1.0,2412,1846,566,487.0702777777778,3,1,0,1,5,0,4586,0
1615.0,fzp,1.0,2414,1842,572,487.58250000000004,6,1,0,0,3,0,4593,0
1616.0,fzp,1.0,2421,1846,575,488.0947222222223,3,1,0,4,4,0,4597,0
1617.0,fzp,1.0,2430,1852,578,488.6083333333334,5,1,0,3,9,0,4603,0
1618.0,fzp,1.0,2429,1855,574,489.1231944444445,2,2,0,3,4,0,4607,0
1619.0,fzp,1.0,2431,1856,575,489.6386111111112,3,0,0,1,3,0,4610,0
1620.0,fzp,1.0,2434,1858,576,490.1544444444445,5,1,0,2,6,0,4616,0
1621.0,fzp,1.0,2431,1853,578,490.6698611111112,5,4,0,1,3,0,4625,0
1622.0,fzp,1.0,2433,1855,578,491.18486111111116,2,0,0,0,4,0,4627,0
1623.0,fzp,1.0,2433,1855,578,491.70013888888894,2,2,0,0,4,0,4631,0
1624.0,fzp,1.0,2437,1860,577,492.21611111111116,1,1,0,3,4,0,4633,0
1625.0,fzp,1.0,2435,1858,577,492.7325000000001,5,1,1,0,5,0,4639,0
1626.0,fzp,1.0,2436,1858,578,493.2486111111112,1,2,0,0,3,0,4642,0
1627.0,fzp,1.0,2431,1857,574,493.7645833333334,3,2,1,2,3,0,4647,0
1628.0,fzp,1.0,2428,1853,575,494.2798611111112,4,4,0,0,4,0,4655,0
1629.0,fzp,1.0,2427,1851,576,494.79430555555564,4,2,0,1,3,0,4661,0
1630.0,fzp,1.0,2428,1850,578,495.3083333333334,6,2,0,2,5,0,4669,0
1631.0,fzp,1.0,2427,1850,577,495.8222222222223,1,2,0,1,2,0,4672,0
1632.0,fzp,1.0,2431,1852,579,496.33638888888896,3,3,0,0,8,0,4678,0
1633.0,fzp,1.0,2430,1853,577,496.8509722222223,4,2,0,2,5,0,4684,0
1634.0,fzp,1.0,2428,1851,577,497.36541666666676,3,4,0,0,5,0,4691,0
1635.0,fzp,1.0,2431,1853,578,497.8798611111112,0,3,0,0,5,0,4694,0
1636.0,fzp,1.0,2432,1851,581,498.39430555555566,4,3,0,2,3,0,4701,0
1637.0,fzp,1.0,2434,1847,587,498.9079166666668,6,2,0,0,4,0,4709,0
1638.0,fzp,1.0,2438,1855,583,499.42208333333343,0,1,0,0,9,0,4710,0
1639.0,fzp,1.0,2439,1852,587,499.9369444444445,4,3,0,0,4,0,4717,0
1640.0,fzp,1.0,2439,1852,587,500.45138888888897,6,2,0,3,5,0,4725,0
1641.0,fzp,1.0,2444,1853,591,500.9659722222223,3,1,0,2,3,0,4729,0
1642.0,fzp,1.0,2440,1855,585,501.4809722222223,2,3,0,4,3,0,4734,0
1643.0,fzp,1.0,2442,1861,581,501.9970833333334,1,0,0,1,6,0,4735,0
1644.0,fzp,1.0,2439,1864,575,502.5144444444445,3,0,1,3,4,0,4738,0
1645.0,fzp,1.0,2435,1867,568,503.0326388888889,2,1,0,3,3,0,4741,0
1646.0,fzp,1.0,2435,1873,562,503.55208333333337,0,1,0,2,5,0,4742,0
1647.0,fzp,1.0,2437,1878,559,504.0730555555556,3,0,0,2,6,0,4745,0
1648.0,fzp,1.0,2435,1880,555,504.595,1,0,0,1,2,0,4746,0
1649.0,fzp,1.0,2438,1882,556,505.1175,3,2,0,2,5,0,4751,0
1650.0,fzp,1.0,2437,1881,556,505.6401388888889,2,2,1,2,2,0,4755,0
1651.0,fzp,1.0,2439,1882,557,506.16277777777776,4,1,0,2,4,0,4760,0
1652.0,fzp,1.0,2440,1884,556,506.68583333333333,6,2,0,4,6,0,4768,0
1653.0,fzp,1.0,2446,1888,558,507.20972222222224,1,2,0,1,6,0,4771,0
1654.0,fzp,1.0,2446,1885,561,507.73375000000004,5,2,1,1,4,0,4778,0
1655.0,fzp,1.0,2447,1886,561,508.25750000000005,3,2,0,2,4,0,4783,0
1656.0,fzp,1.0,2447,1887,560,508.78152777777785,0,2,0,0,3,0,4785,0
1657.0,fzp,1.0,2447,1888,559,509.3058333333334,3,2,0,3,3,0,4790,0
1658.0,fzp,1.0,2449,1888,561,509.83027777777784,2,2,0,0,4,0,4794,0
1659.0,fzp,1.0,2446,1884,562,510.35416666666674,5,2,0,2,1,0,4801,0
1660.0,fzp,1.0,2452,1890,562,510.8783333333334,0,1,0,1,6,0,4802,0
1661.0,fzp,1.0,2451,1891,560,511.40347222222226,1,2,0,1,3,0,4805,0
1662.0,fzp,1.0,2454,1894,560,511.92916666666673,3,1,0,1,6,0,4809,0
1663.0,fzp,1.0,2449,1891,558,512.4548611111112,4,3,0,1,3,0,4816,0
1664.0,fzp,1.0,2449,1891,558,512.980138888889,2,0,0,1,1,0,4818,0
1665.0,fzp,1.0,2447,1892,555,513.5055555555556,2,0,1,2,2,0,4820,0
1666.0,fzp,1.0,2450,1894,556,514.031388888889,2,2,0,1,5,0,4824,0
1667.0,fzp,1.0,2451,1895,556,514.557638888889,3,1,0,1,4,0,4828,0
1668.0,fzp,1.0,2446,1896,550,515.0841666666668,2,2,0,2,3,0,4832,0
1669.0,fzp,1.0,2449,1896,553,515.6108333333334,4,2,0,1,5,0,4838,0
1670.0,fzp,1.0,2450,1898,552,516.1377777777778,1,0,0,1,2,0,4839,0
1671.0,fzp,1.0,2454,1897,557,516.6648611111111,4,2,0,1,4,0,4845,0
1672.0,fzp,1.0,2460,1897,563,517.1918055555556,5,0,0,2,3,0,4850,0
1673.0,fzp,1.0,2458,1899,559,517.7190277777778,3,3,0,1,7,0,4856,0
1674.0,fzp,1.0,2457,1898,559,518.2463888888889,1,1,1,1,1,0,4858,0
1675.0,fzp,1.0,2461,1900,561,518.7738888888889,4,0,0,1,5,0,4862,0
1676.0,fzp,1.0,2459,1902,557,519.3019444444444,2,1,0,2,3,0,4865,0
1677.0,fzp,1.0,2461,1905,556,519.8306944444444,3,1,0,2,5,0,4869,0
1678.0,fzp,1.0,2462,1908,554,520.3602777777777,1,1,0,2,3,0,4871,0
1679.0,fzp,1.0,2465,1911,554,520.8906944444443,2,0,0,0,5,0,4873,0
1680.0,fzp,1.0,2461,1908,553,521.4211111111109,4,3,0,2,2,0,4880,0
1681.0,fzp,1.0,2463,1913,550,521.9518055555553,2,2,0,1,8,0,4884,0
1682.0,fzp,1.0,2463,1912,551,522.4830555555553,4,1,0,2,2,0,4889,0
1683.0,fzp,1.0,2461,1910,551,523.0138888888887,1,3,0,1,1,0,4893,0
1684.0,fzp,1.0,2461,1906,555,523.5438888888887,3,5,0,0,4,0,4901,0
1685.0,fzp,1.0,2457,1902,555,524.0727777777776,1,4,0,0,1,0,4906,0
1686.0,fzp,1.0,2452,1895,557,524.6001388888886,3,4,0,0,0,0,4913,0
1687.0,fzp,1.0,2454,1893,561,525.1262499999998,4,2,0,0,4,0,4919,0
1688.0,fzp,1.0,2455,1891,564,525.6518055555554,2,2,0,0,2,0,4923,0
1689.0,fzp,1.0,2456,1894,562,526.1774999999998,0,1,0,1,3,0,4924,0
1690.0,fzp,1.0,2459,1898,561,526.7041666666664,3,1,0,0,8,0,4928,0
1691.0,fzp,1.0,2458,1901,557,527.2318055555553,0,2,0,1,4,0,4930,0
1692.0,fzp,1.0,2461,1904,557,527.7602777777776,1,0,0,0,4,0,4931,0
1693.0,fzp,1.0,2461,1906,555,528.2894444444443,1,2,0,2,3,0,4934,0
1694.0,fzp,1.0,2463,1911,552,528.8195833333332,1,1,0,2,5,0,4936,0
1695.0,fzp,1.0,2467,1915,552,529.350972222222,4,0,0,2,6,0,4940,0
1696.0,fzp,1.0,2470,1918,552,529.8833333333331,3,0,0,2,4,0,4943,0
1697.0,fzp,1.0,2473,1918,555,530.4161111111109,2,1,0,1,2,0,4946,0
1698.0,fzp,1.0,2475,1914,561,530.9483333333332,6,1,0,0,3,0,4953,0
1699.0,fzp,1.0,2476,1913,563,531.479861111111,5,2,0,2,4,0,4960,0
1700.0,fzp,1.0,2478,1913,565,532.0112499999998,2,1,0,0,3,0,4963,0
1701.0,fzp,1.0,2477,1913,564,532.5426388888886,4,1,0,2,3,0,4968,0
1702.0,fzp,1.0,2472,1911,561,533.0737499999998,2,4,0,1,3,0,4974,0
1703.0,fzp,1.0,2476,1912,564,533.604722222222,5,1,0,0,7,0,4980,0
1704.0,fzp,1.0,2472,1910,562,534.1355555555554,3,3,0,1,3,0,4986,0
1705.0,fzp,1.0,2472,1910,562,534.6661111111109,5,0,0,3,2,0,4991,0
1706.0,fzp,1.0,2473,1909,564,535.1965277777775,2,3,0,1,3,0,4996,0
1707.0,fzp,1.0,2469,1905,564,535.7262499999997,4,2,0,0,2,0,5002,0
1708.0,fzp,1.0,2468,1902,566,536.2549999999997,4,1,0,0,2,0,5007,0
1709.0,fzp,1.0,2472,1909,563,536.7843055555552,2,1,0,3,7,0,5010,0
1710.0,fzp,1.0,2473,1911,562,537.3148611111108,1,1,0,1,3,0,5012,0
1711.0,fzp,1.0,2477,1915,562,537.8462499999996,3,1,0,3,5,0,5016,0
1712.0,fzp,1.0,2483,1915,568,538.378194444444,4,1,0,1,4,0,5021,0
1713.0,fzp,1.0,2481,1915,566,538.9101388888885,1,1,0,0,2,0,5023,0
1714.0,fzp,1.0,2486,1919,567,539.4426388888885,3,0,0,2,5,0,5026,0
1715.0,fzp,1.0,2488,1920,568,539.975833333333,2,1,0,1,3,0,5029,0
1716.0,fzp,1.0,2482,1917,565,540.5087499999996,2,4,0,1,2,0,5035,0
1717.0,fzp,1.0,2481,1919,562,541.0415277777774,0,3,0,1,4,0,5038,0
1718.0,fzp,1.0,2483,1920,563,541.5747222222219,3,1,0,1,4,0,5042,0
1719.0,fzp,1.0,2483,1921,562,542.1081944444442,4,1,0,3,3,0,5047,0
1720.0,fzp,1.0,2488,1925,563,542.6423611111109,0,1,0,1,4,0,5048,0
1721.0,fzp,1.0,2490,1922,568,543.1766666666664,7,1,0,0,5,0,5056,0
1722.0,fzp,1.0,2490,1923,567,543.7106944444441,2,0,0,1,2,0,5058,0
1723.0,fzp,1.0,2493,1922,571,544.2447222222219,5,0,1,1,4,0,5063,0
1724.0,fzp,1.0,2498,1926,572,544.7791666666664,3,0,0,0,7,0,5066,0
1725.0,fzp,1.0,2500,1928,572,545.3144444444441,3,0,0,1,4,0,5069,0
1726.0,fzp,1.0,2503,1930,573,545.8502777777775,4,0,0,1,5,0,5073,0
1727.0,fzp,1.0,2504,1930,574,546.3863888888886,3,0,0,1,2,0,5076,0
1728.0,fzp,1.0,2508,1930,578,546.9224999999998,3,1,0,0,4,0,5080,0
1729.0,fzp,1.0,2510,1929,581,547.458472222222,2,1,0,0,2,0,5083,0
1730.0,fzp,1.0,2512,1930,582,547.9944444444442,3,2,0,2,4,0,5088,0
1731.0,fzp,1.0,2513,1932,581,548.530833333333,1,0,0,2,1,0,5089,0
1732.0,fzp,1.0,2511,1931,580,549.0673611111108,3,3,0,2,3,0,5095,0
1733.0,fzp,1.0,2512,1932,580,549.6038888888886,3,2,0,2,4,0,5100,0
1734.0,fzp,1.0,2503,1932,571,550.1405555555552,2,4,0,2,4,0,5106,0
1735.0,fzp,1.0,2506,1933,573,550.6773611111108,2,3,0,2,4,0,5111,0
1736.0,fzp,1.0,2503,1934,569,551.2144444444442,3,2,0,3,3,0,5116,0
1737.0,fzp,1.0,2502,1934,568,551.7516666666664,3,3,0,1,5,0,5122,0
1738.0,fzp,1.0,2501,1934,567,552.2888888888887,3,2,0,0,5,0,5127,0
1739.0,fzp,1.0,2500,1937,563,552.8265277777775,1,3,0,4,3,0,5131,0
1740.0,fzp,1.0,2500,1932,568,553.3638888888886,7,4,0,1,5,0,5142,0
1741.0,fzp,1.0,2497,1929,568,553.9001388888886,3,3,0,1,2,0,5148,0
1742.0,fzp,1.0,2498,1927,571,554.4356944444442,4,2,0,0,4,0,5154,0
1743.0,fzp,1.0,2498,1922,576,554.9702777777775,7,0,0,1,1,0,5161,0
1744.0,fzp,1.0,2501,1924,577,555.5044444444442,5,1,0,2,6,0,5167,0
1745.0,fzp,1.0,2494,1922,572,556.0386111111109,4,2,0,3,1,0,5173,0
1746.0,fzp,1.0,2488,1915,573,556.5715277777775,5,3,0,0,1,0,5181,0
1747.0,fzp,1.0,2488,1916,572,557.1036111111109,1,4,0,2,4,0,5186,0
1748.0,fzp,1.0,2485,1910,575,557.6349999999998,6,3,0,0,3,0,5195,0
1749.0,fzp,1.0,2491,1912,579,558.1658333333331,5,1,0,2,6,0,5201,0
1750.0,fzp,1.0,2493,1916,577,558.6974999999998,4,1,0,2,7,0,5206,0
1751.0,fzp,1.0,2487,1908,579,559.2286111111109,5,4,0,0,1,0,5215,0
1752.0,fzp,1.0,2489,1912,577,559.7591666666665,3,2,0,1,8,0,5220,0
1753.0,fzp,1.0,2487,1910,577,560.2899999999998,0,3,0,0,1,0,5223,0
1754.0,fzp,1.0,2488,1913,575,560.820972222222,1,1,0,0,5,0,5225,0
1755.0,fzp,1.0,2491,1913,578,561.3523611111109,4,1,0,0,5,0,5230,0
1756.0,fzp,1.0,2494,1916,578,561.8841666666665,1,0,0,2,2,0,5231,0
1757.0,fzp,1.0,2492,1916,576,562.4163888888887,2,3,0,0,5,0,5236,0
1758.0,fzp,1.0,2494,1916,578,562.948611111111,2,2,0,0,4,0,5240,0
1759.0,fzp,1.0,2488,1911,577,563.4801388888887,4,5,0,0,4,0,5249,0
1760.0,fzp,1.0,2484,1907,577,564.0104166666665,3,5,0,0,4,0,5257,0
1761.0,fzp,1.0,2485,1906,579,564.5399999999998,2,3,0,0,4,0,5262,0
1762.0,fzp,1.0,2478,1905,573,565.0693055555554,1,3,0,0,3,0,5266,0
1763.0,fzp,1.0,2483,1913,570,565.5995833333332,3,0,0,5,6,0,5269,0
1764.0,fzp,1.0,2480,1915,565,566.1312499999998,1,3,0,2,4,0,5273,0
1765.0,fzp,1.0,2479,1919,560,566.6637499999998,2,0,0,3,3,0,5275,0
1766.0,fzp,1.0,2479,1925,554,567.1976388888887,3,1,0,7,3,0,5279,0
1767.0,fzp,1.0,2482,1924,558,567.732222222222,3,1,0,1,2,0,5283,0
1768.0,fzp,1.0,2480,1931,549,568.2676388888888,2,2,0,6,5,0,5287,0
1769.0,fzp,1.0,2478,1927,551,568.8034722222221,6,0,0,1,1,0,5293,0
1770.0,fzp,1.0,2480,1927,553,569.3387499999999,4,1,0,1,4,0,5298,0
1771.0,fzp,1.0,2480,1924,556,569.873611111111,3,3,0,0,3,0,5304,0
1772.0,fzp,1.0,2480,1923,557,570.4079166666666,2,1,1,1,2,0,5307,0
1773.0,fzp,1.0,2480,1925,555,570.942361111111,1,1,0,1,3,0,5309,0
1774.0,fzp,1.0,2484,1930,554,571.4777777777778,2,0,0,2,5,0,5311,0
1775.0,fzp,1.0,2483,1928,555,572.0136111111111,5,0,0,1,2,0,5316,0
1776.0,fzp,1.0,2487,1932,555,572.5497222222223,2,0,0,0,6,0,5318,0
1777.0,fzp,1.0,2486,1931,555,573.0862500000001,2,1,0,0,2,0,5321,0
1778.0,fzp,1.0,2492,1934,558,573.6230555555557,2,1,0,0,6,0,5324,0
1779.0,fzp,1.0,2495,1934,561,574.1602777777779,3,0,0,1,2,0,5327,0
1780.0,fzp,1.0,2491,1931,560,574.6970833333335,4,2,0,1,2,0,5333,0
1781.0,fzp,1.0,2491,1929,562,575.2331944444446,3,2,0,2,1,0,5338,0
1782.0,fzp,1.0,2492,1930,562,575.7691666666668,3,2,0,1,5,0,5343,0
1783.0,fzp,1.0,2494,1929,565,576.305138888889,3,3,0,1,4,0,5349,0
1784.0,fzp,1.0,2498,1928,570,576.8408333333334,4,2,0,1,4,0,5355,0
1785.0,fzp,1.0,2493,1924,569,577.3758333333334,5,4,0,1,4,0,5364,0
1786.0,fzp,1.0,2494,1926,568,577.9105555555556,1,3,0,1,5,0,5368,0
1787.0,fzp,1.0,2496,1925,571,578.4454166666667,4,1,0,0,4,0,5373,0
1788.0,fzp,1.0,2491,1924,567,578.98,0,3,0,1,1,0,5376,0
1789.0,fzp,1.0,2491,1925,566,579.5145833333333,1,3,0,1,4,0,5380,0
1790.0,fzp,1.0,2496,1928,568,580.0497222222223,5,1,0,5,4,0,5386,0
1791.0,fzp,1.0,2497,1927,570,580.585138888889,5,3,0,2,5,0,5394,0
1792.0,fzp,1.0,2497,1932,565,581.1211111111112,1,1,0,4,3,0,5396,0
1793.0,fzp,1.0,2497,1926,571,581.6569444444445,7,1,0,0,2,0,5404,0
1794.0,fzp,1.0,2497,1924,573,582.1916666666667,3,3,1,3,2,0,5410,0
1795.0,fzp,1.0,2498,1926,572,582.7263888888889,3,1,0,2,4,0,5414,0
1796.0,fzp,1.0,2494,1924,570,583.2611111111111,2,4,0,2,2,0,5420,0
1797.0,fzp,1.0,2493,1925,568,583.7956944444444,5,3,0,4,5,0,5428,0
1798.0,fzp,1.0,2494,1930,564,584.3311111111111,1,3,0,2,7,0,5432,0
1799.0,fzp,1.0,2494,1924,570,584.8663888888889,6,4,0,1,3,0,5442,0
1800.0,fzp,1.0,2488,1926,562,585.401111111111,1,4,0,2,5,0,5447,0
1801.0,fzp,1.0,2486,1926,560,585.936111111111,2,3,0,1,4,0,5452,0
1802.0,fzp,1.0,2486,1929,557,586.4715277777777,5,0,0,5,3,0,5457,0
1803.0,fzp,1.0,2486,1932,554,587.0077777777777,0,3,0,3,3,0,5460,0
1804.0,fzp,1.0,2489,1930,559,587.5441666666666,3,3,0,0,4,0,5466,0
1805.0,fzp,1.0,2491,1932,559,588.0805555555554,1,0,0,1,2,0,5467,0
1806.0,fzp,1.0,2494,1936,558,588.6177777777776,3,0,0,2,5,0,5470,0
1807.0,fzp,1.0,2494,1937,557,589.1556944444443,2,0,0,1,2,0,5472,0
1808.0,fzp,1.0,2490,1941,549,589.6943055555554,3,1,0,5,3,0,5476,0
1809.0,fzp,1.0,2484,1938,546,590.2330555555554,6,1,1,1,4,0,5483,0
1810.0,fzp,1.0,2485,1940,545,590.7716666666665,1,2,0,1,4,0,5486,0
1811.0,fzp,1.0,2486,1939,547,591.3104166666666,2,3,0,0,4,0,5491,0
1812.0,fzp,1.0,2487,1940,547,591.8491666666666,3,0,0,2,2,0,5494,0
1813.0,fzp,1.0,2486,1939,547,592.3879166666667,2,3,0,2,2,0,5499,0
1814.0,fzp,1.0,2484,1939,545,592.9265277777778,3,0,0,1,2,0,5502,0
1815.0,fzp,1.0,2488,1940,548,593.4652777777778,2,1,1,1,4,0,5505,0
1816.0,fzp,1.0,2486,1936,550,594.0036111111111,5,3,0,1,3,0,5513,0
1817.0,fzp,1.0,2490,1938,552,594.5416666666666,2,2,0,2,4,0,5517,0
1818.0,fzp,1.0,2489,1939,550,595.0801388888889,3,1,0,0,5,0,5521,0
1819.0,fzp,1.0,2489,1938,551,595.6186111111111,2,4,0,0,5,0,5527,0
1820.0,fzp,1.0,2486,1936,550,596.1566666666666,5,1,0,1,3,0,5533,0
1821.0,fzp,1.0,2485,1938,547,596.6947222222221,1,3,0,1,5,0,5537,0
1822.0,fzp,1.0,2484,1942,542,597.233611111111,1,0,0,2,3,0,5538,0
1823.0,fzp,1.0,2486,1946,540,597.773611111111,2,0,0,3,3,0,5540,0
1824.0,fzp,1.0,2488,1949,539,598.3145833333332,1,1,0,0,5,0,5542,0
1825.0,fzp,1.0,2490,1950,540,598.856111111111,3,0,0,0,4,0,5545,0
1826.0,fzp,1.0,2493,1953,540,599.3981944444444,2,0,0,0,5,0,5547,0
1827.0,fzp,1.0,2496,1955,541,599.9409722222222,1,0,0,0,3,0,5548,0
1828.0,fzp,1.0,2500,1963,537,600.4851388888889,1,0,0,1,8,0,5549,0
1829.0,fzp,1.0,2498,1966,532,601.0308333333332,2,1,0,2,4,0,5552,0
1830.0,fzp,1.0,2497,1963,534,601.5765277777776,4,1,0,0,2,0,5557,0
1831.0,fzp,1.0,2500,1962,538,602.1216666666666,6,0,0,1,4,0,5563,0
1832.0,fzp,1.0,2496,1962,534,602.6666666666665,1,1,0,0,2,0,5565,0
1833.0,fzp,1.0,2498,1966,532,603.2122222222221,1,0,0,2,3,0,5566,0
1834.0,fzp,1.0,2505,1973,532,603.7593055555554,0,0,0,2,5,0,5566,0
1835.0,fzp,1.0,2501,1971,530,604.3070833333333,4,0,0,0,2,0,5570,0
1836.0,fzp,1.0,2502,1970,532,604.8544444444443,4,1,0,0,4,0,5575,0
1837.0,fzp,1.0,2501,1971,530,605.4018055555554,3,1,0,0,5,0,5579,0
1838.0,fzp,1.0,2506,1974,532,605.949722222222,1,1,0,0,5,0,5581,0
1839.0,fzp,1.0,2505,1974,531,606.4980555555553,2,3,0,0,5,0,5586,0
1840.0,fzp,1.0,2509,1978,531,607.0469444444442,1,2,0,0,7,0,5589,0
1841.0,fzp,1.0,2510,1977,533,607.5962499999997,5,3,0,1,6,0,5597,0
1842.0,fzp,1.0,2510,1983,527,608.1462499999997,3,1,0,3,7,0,5601,0
1843.0,fzp,1.0,2512,1983,529,608.697083333333,2,2,0,2,2,0,5605,0
1844.0,fzp,1.0,2517,1987,530,609.248472222222,2,0,0,2,4,0,5607,0
1845.0,fzp,1.0,2526,1996,530,609.8016666666664,0,0,0,2,7,0,5607,0
1846.0,fzp,1.0,2528,1996,532,610.3561111111109,4,0,0,1,3,0,5611,0
1847.0,fzp,1.0,2524,1998,526,610.9108333333331,3,0,1,2,4,0,5614,0
1848.0,fzp,1.0,2531,2005,526,611.4668055555553,1,2,0,1,9,0,5617,0
1849.0,fzp,1.0,2531,2004,527,612.0236111111109,4,1,0,2,2,0,5622,0
1850.0,fzp,1.0,2536,2008,528,612.5808333333331,5,0,0,1,8,0,5627,0
1851.0,fzp,1.0,2541,2008,533,613.1386111111109,4,1,0,1,4,0,5632,0
1852.0,fzp,1.0,2540,2004,536,613.6958333333331,5,2,0,0,3,0,5639,0
1853.0,fzp,1.0,2541,2000,541,614.2519444444442,6,2,0,1,3,0,5647,0
1854.0,fzp,1.0,2542,1999,543,614.8073611111109,3,2,0,1,3,0,5652,0
1855.0,fzp,1.0,2541,1996,545,615.362222222222,5,1,0,0,3,0,5658,0
1856.0,fzp,1.0,2537,1995,542,615.9165277777776,4,1,0,1,3,0,5663,0
1857.0,fzp,1.0,2535,1994,541,616.4705555555554,4,2,0,2,3,0,5669,0
1858.0,fzp,1.0,2536,1994,542,617.0244444444443,4,2,0,1,5,0,5675,0
1859.0,fzp,1.0,2537,1993,544,617.5781944444443,4,2,0,2,3,0,5681,0
1860.0,fzp,1.0,2540,1994,546,618.1319444444443,3,4,0,3,5,0,5688,0
1861.0,fzp,1.0,2540,1990,550,618.6852777777776,5,3,0,0,4,0,5696,0
1862.0,fzp,1.0,2540,1988,552,619.2377777777776,5,3,0,2,4,0,5704,0
1863.0,fzp,1.0,2539,1988,551,619.7899999999998,1,2,0,1,2,0,5707,0
1864.0,fzp,1.0,2543,1988,555,620.3422222222221,4,3,0,1,6,0,5714,0
1865.0,fzp,1.0,2546,1987,559,620.8943055555554,3,3,0,0,5,0,5720,0
1866.0,fzp,1.0,2546,1986,560,621.446111111111,3,2,0,2,2,0,5725,0
1867.0,fzp,1.0,2551,1993,558,621.9987499999999,2,0,0,2,7,0,5727,0
1868.0,fzp,1.0,2554,1994,560,622.5524999999999,2,1,0,1,3,0,5730,0
1869.0,fzp,1.0,2559,1998,561,623.1069444444444,5,1,0,6,4,0,5736,0
1870.0,fzp,1.0,2567,2003,564,623.6626388888889,2,2,0,0,9,0,5740,0
1871.0,fzp,1.0,2567,2004,563,624.2191666666666,6,1,0,4,4,0,5747,0
1872.0,fzp,1.0,2569,2008,561,624.7763888888888,1,0,0,2,3,0,5748,0
1873.0,fzp,1.0,2573,2013,560,625.3348611111111,3,0,0,2,6,0,5751,0
1874.0,fzp,1.0,2571,2010,561,625.8936111111111,3,3,0,0,3,0,5757,0
1875.0,fzp,1.0,2576,2012,564,626.4522222222222,2,0,0,1,3,0,5759,0
1876.0,fzp,1.0,2580,2014,566,627.0113888888889,4,0,0,2,4,0,5763,0
1877.0,fzp,1.0,2585,2014,571,627.5708333333333,4,1,0,0,5,0,5768,0
1878.0,fzp,1.0,2591,2017,574,628.1306944444444,1,1,0,1,4,0,5770,0
1879.0,fzp,1.0,2595,2019,576,628.69125,0,2,0,0,4,0,5772,0
1880.0,fzp,1.0,2594,2019,575,629.2520833333333,4,2,0,3,3,0,5778,0
1881.0,fzp,1.0,2596,2022,574,629.8133333333333,0,1,0,2,2,0,5779,0
1882.0,fzp,1.0,2599,2028,571,630.3758333333333,1,2,0,3,6,0,5782,0
1883.0,fzp,1.0,2599,2029,570,630.9393055555555,3,4,0,2,6,0,5789,0
1884.0,fzp,1.0,2598,2028,570,631.5027777777777,3,2,0,1,3,0,5794,0
1885.0,fzp,1.0,2599,2033,566,632.0668055555556,0,0,0,1,4,0,5794,0
1886.0,fzp,1.0,2603,2037,566,632.6320833333333,2,2,0,2,6,0,5798,0
1887.0,fzp,1.0,2603,2040,563,633.1983333333333,2,1,0,2,4,0,5801,0
1888.0,fzp,1.0,2603,2037,566,633.7645833333332,3,1,0,0,1,0,5805,0
1889.0,fzp,1.0,2601,2040,561,634.3308333333332,4,2,0,4,5,0,5811,0
1890.0,fzp,1.0,2599,2033,566,634.8965277777777,6,2,0,0,1,0,5819,0
1891.0,fzp,1.0,2600,2032,568,635.461111111111,4,1,0,1,3,0,5824,0
1892.0,fzp,1.0,2604,2036,568,636.026111111111,2,1,0,0,7,0,5827,0
1893.0,fzp,1.0,2602,2034,568,636.5913888888888,3,2,0,0,3,0,5832,0
1894.0,fzp,1.0,2601,2035,566,637.1565277777777,3,1,0,0,5,0,5836,0
1895.0,fzp,1.0,2598,2034,564,637.7216666666666,4,1,0,1,3,0,5841,0
1896.0,fzp,1.0,2599,2032,567,638.2863888888888,3,0,0,0,1,0,5844,0
1897.0,fzp,1.0,2598,2034,564,638.8511111111111,2,1,0,3,2,0,5847,0
1898.0,fzp,1.0,2605,2034,571,639.4161111111111,5,0,0,1,4,0,5852,0
1899.0,fzp,1.0,2606,2037,569,639.9815277777778,2,0,0,2,3,0,5854,0
1900.0,fzp,1.0,2608,2042,566,640.5480555555556,2,0,0,3,4,0,5856,0
1901.0,fzp,1.0,2608,2039,569,641.1148611111112,2,1,1,0,1,0,5859,0
1902.0,fzp,1.0,2610,2040,570,641.6813888888889,1,0,0,1,1,0,5860,0
1903.0,fzp,1.0,2608,2035,573,642.2473611111111,3,3,0,0,1,0,5866,0
1904.0,fzp,1.0,2609,2034,575,642.8125,2,5,0,0,6,0,5873,0
1905.0,fzp,1.0,2607,2036,571,643.3777777777777,1,1,0,1,3,0,5875,0
1906.0,fzp,1.0,2607,2036,571,643.9433333333333,4,2,0,0,6,0,5881,0
1907.0,fzp,1.0,2608,2037,571,644.5090277777778,2,1,0,1,3,0,5884,0
1908.0,fzp,1.0,2610,2037,573,645.0748611111111,3,2,0,1,4,0,5889,0
1909.0,fzp,1.0,2614,2039,575,645.6409722222222,2,0,0,1,3,0,5891,0
1910.0,fzp,1.0,2615,2036,579,646.2069444444444,3,2,0,0,2,0,5896,0
1911.0,fzp,1.0,2615,2029,586,646.7715277777777,6,2,0,0,1,0,5904,0
1912.0,fzp,1.0,2614,2031,583,647.3354166666666,0,3,0,0,5,0,5907,0
1913.0,fzp,1.0,2615,2032,583,647.8997222222221,4,1,0,4,2,0,5912,0
1914.0,fzp,1.0,2615,2036,579,648.4647222222221,1,0,0,0,5,0,5913,0
1915.0,fzp,1.0,2615,2038,577,649.0305555555555,2,0,0,2,2,0,5915,0
1916.0,fzp,1.0,2621,2043,578,649.597361111111,3,1,0,2,7,0,5919,0
1917.0,fzp,1.0,2629,2052,577,650.166111111111,3,1,0,6,7,0,5923,0
1918.0,fzp,1.0,2631,2049,582,650.7356944444443,5,0,1,0,3,0,5928,0
1919.0,fzp,1.0,2634,2056,578,651.3058333333332,0,1,0,2,6,0,5929,0
1920.0,fzp,1.0,2631,2057,574,651.8770833333332,1,0,0,1,1,0,5930,0
1921.0,fzp,1.0,2637,2063,574,652.4493055555554,0,1,0,1,6,0,5931,0
1922.0,fzp,1.0,2638,2068,570,653.0230555555554,0,1,0,1,5,0,5932,0
1923.0,fzp,1.0,2640,2070,570,653.5977777777777,2,1,0,2,3,0,5935,0
1924.0,fzp,1.0,2637,2071,566,654.1729166666665,0,1,0,0,2,0,5936,0
1925.0,fzp,1.0,2637,2068,569,654.7477777777776,3,3,0,0,3,0,5942,0
1926.0,fzp,1.0,2633,2065,568,655.3218055555554,3,0,0,0,0,0,5945,0
1927.0,fzp,1.0,2638,2066,572,655.8955555555555,1,3,0,0,5,0,5949,0
1928.0,fzp,1.0,2638,2066,572,656.4694444444443,3,1,0,0,4,0,5953,0
1929.0,fzp,1.0,2638,2064,574,657.0430555555554,3,1,0,1,1,0,5957,0
1930.0,fzp,1.0,2636,2065,571,657.6165277777776,3,1,0,1,4,0,5961,0
1931.0,fzp,1.0,2637,2066,571,658.1902777777776,5,1,0,2,5,0,5967,0
1932.0,fzp,1.0,2631,2064,567,658.7638888888887,4,2,0,3,1,0,5973,0
1933.0,fzp,1.0,2628,2058,570,659.3363888888887,6,2,0,0,2,0,5981,0
1934.0,fzp,1.0,2623,2056,567,659.9077777777776,4,3,0,2,3,0,5988,0
1935.0,fzp,1.0,2621,2055,566,660.4787499999998,4,3,0,3,3,0,5995,0
1936.0,fzp,1.0,2618,2051,567,661.0490277777775,4,3,0,1,2,0,6002,0
1937.0,fzp,1.0,2624,2055,569,661.6193055555552,3,1,0,0,8,0,6006,0
1938.0,fzp,1.0,2626,2061,565,662.190972222222,3,1,0,2,8,0,6010,0
1939.0,fzp,1.0,2624,2054,570,662.7624999999997,7,2,0,1,1,0,6019,0
1940.0,fzp,1.0,2629,2054,575,663.3330555555552,7,0,0,3,4,0,6026,0
1941.0,fzp,1.0,2632,2053,579,663.9034722222219,2,1,0,0,2,0,6029,0
1942.0,fzp,1.0,2636,2060,576,664.4747222222219,4,0,0,3,8,0,6033,0
1943.0,fzp,1.0,2636,2059,577,665.0468055555552,3,2,0,0,4,0,6038,0
1944.0,fzp,1.0,2634,2057,577,665.618472222222,3,3,1,1,4,0,6044,0
1945.0,fzp,1.0,2635,2061,574,666.1904166666664,4,2,0,3,7,0,6050,0
1946.0,fzp,1.0,2635,2062,573,666.7630555555552,1,4,0,2,4,0,6055,0
1947.0,fzp,1.0,2630,2059,571,667.3354166666663,4,3,0,1,3,0,6062,0
1948.0,fzp,1.0,2629,2060,569,667.9074999999997,0,3,1,2,3,0,6065,0
1949.0,fzp,1.0,2632,2065,567,668.4804166666663,2,2,0,2,7,0,6069,0
1950.0,fzp,1.0,2640,2070,570,669.0547222222219,0,0,0,1,4,0,6069,0
1951.0,fzp,1.0,2644,2075,569,669.6304166666664,3,0,0,3,5,0,6072,0
1952.0,fzp,1.0,2647,2078,569,670.207222222222,4,3,0,4,6,0,6079,0
1953.0,fzp,1.0,2650,2081,569,670.7848611111109,2,2,0,0,7,0,6083,0
1954.0,fzp,1.0,2652,2082,570,671.3630555555553,5,2,0,4,4,0,6090,0
1955.0,fzp,1.0,2655,2082,573,671.9413888888887,3,1,0,1,3,0,6094,0
1956.0,fzp,1.0,2654,2082,572,672.5197222222221,4,3,0,1,6,0,6101,0
1957.0,fzp,1.0,2653,2079,574,673.0976388888887,3,4,0,3,1,0,6108,0
1958.0,fzp,1.0,2655,2079,576,673.6751388888887,4,2,0,1,5,0,6114,0
1959.0,fzp,1.0,2655,2076,579,674.252222222222,1,3,0,0,1,0,6118,0
1960.0,fzp,1.0,2656,2075,581,674.8287499999998,4,2,0,0,5,0,6124,0
1961.0,fzp,1.0,2658,2073,585,675.4048611111109,2,3,0,0,3,0,6129,0
1962.0,fzp,1.0,2653,2070,583,675.9802777777776,1,4,0,1,1,0,6134,0
1963.0,fzp,1.0,2654,2067,587,676.5548611111109,3,3,0,1,2,0,6140,0
1964.0,fzp,1.0,2652,2068,584,677.1291666666665,3,2,0,2,4,0,6145,0
1965.0,fzp,1.0,2653,2075,578,677.7045833333332,2,0,0,3,6,0,6147,0
1966.0,fzp,1.0,2655,2075,580,678.2809722222221,3,1,0,0,4,0,6151,0
1967.0,fzp,1.0,2652,2076,576,678.8574999999998,2,2,0,1,4,0,6155,0
1968.0,fzp,1.0,2652,2077,575,679.4343055555554,1,3,0,1,4,0,6159,0
1969.0,fzp,1.0,2652,2074,578,680.0108333333332,2,3,0,1,1,0,6164,0
1970.0,fzp,1.0,2656,2075,581,680.5870833333331,1,0,0,0,2,0,6165,0
1971.0,fzp,1.0,2658,2076,582,681.1636111111109,2,2,0,2,3,0,6169,0
1972.0,fzp,1.0,2661,2077,584,681.7404166666664,2,1,0,0,4,0,6172,0
1973.0,fzp,1.0,2659,2078,581,682.3174999999998,2,2,0,1,4,0,6176,0
1974.0,fzp,1.0,2661,2081,580,682.8951388888887,1,2,0,0,6,0,6179,0
1975.0,fzp,1.0,2666,2084,582,683.4736111111109,2,1,0,1,5,0,6182,0
1976.0,fzp,1.0,2673,2090,583,684.0533333333332,2,1,0,3,6,0,6185,0
1977.0,fzp,1.0,2674,2091,583,684.6340277777776,1,3,0,1,4,0,6189,0
1978.0,fzp,1.0,2673,2093,580,685.2151388888888,1,3,0,1,5,0,6193,0
1979.0,fzp,1.0,2677,2096,581,685.7969444444443,2,1,0,1,5,0,6196,0
1980.0,fzp,1.0,2680,2100,580,686.3797222222221,1,1,0,1,5,0,6198,0
1981.0,fzp,1.0,2683,2100,583,686.9630555555555,2,1,0,0,3,0,6201,0
1982.0,fzp,1.0,2689,2104,585,687.5469444444443,3,1,0,2,6,0,6205,0
1983.0,fzp,1.0,2691,2110,581,688.1322222222221,2,0,0,2,6,0,6207,0
1984.0,fzp,1.0,2693,2110,583,688.7183333333332,1,3,0,0,4,0,6211,0
1985.0,fzp,1.0,2691,2110,581,689.3044444444444,1,4,0,2,3,0,6216,0
1986.0,fzp,1.0,2691,2109,582,689.8904166666666,3,3,0,1,4,0,6222,0
1987.0,fzp,1.0,2693,2108,585,690.4761111111111,3,3,0,0,5,0,6228,0
1988.0,fzp,1.0,2692,2107,585,691.0615277777778,3,2,0,1,3,0,6233,0
1989.0,fzp,1.0,2695,2108,587,691.6469444444444,3,3,0,1,6,0,6239,0
1990.0,fzp,1.0,2693,2110,583,692.2327777777778,1,1,0,1,3,0,6241,0
1991.0,fzp,1.0,2692,2114,578,692.8194444444445,1,0,0,1,4,0,6242,0
1992.0,fzp,1.0,2696,2116,580,693.4069444444444,3,0,0,1,4,0,6245,0
1993.0,fzp,1.0,2694,2117,577,693.994861111111,3,1,0,3,2,0,6249,0
1994.0,fzp,1.0,2697,2117,580,694.5829166666666,2,2,0,1,3,0,6253,0
1995.0,fzp,1.0,2699,2121,578,695.1715277777778,0,2,0,2,4,0,6255,0
1996.0,fzp,1.0,2701,2126,575,695.7613888888889,1,0,0,3,3,0,6256,0
1997.0,fzp,1.0,2703,2122,581,696.3513888888889,5,1,0,0,2,0,6262,0
1998.0,fzp,1.0,2703,2125,578,696.94125,2,2,0,3,4,0,6266,0
1999.0,fzp,1.0,2707,2127,580,697.5318055555555,2,2,0,0,6,0,6270,0
2000.0,fzp,1.0,2708,2126,582,698.1225,4,1,1,2,3,0,6275,0
2001.0,fzp,1.0,2711,2131,580,698.7137499999999,4,1,0,4,6,0,6280,0
2002.0,fzp,1.0,2713,2136,577,699.3063888888888,1,2,0,2,6,0,6283,0
2003.0,fzp,1.0,2713,2135,578,699.8995833333332,5,2,0,1,5,0,6290,0
2004.0,fzp,1.0,2721,2132,589,700.4922222222222,6,1,0,0,4,0,6297,0
2005.0,fzp,1.0,2721,2129,592,701.0840277777777,6,3,0,2,4,0,6306,0
2006.0,fzp,1.0,2721,2128,593,701.6752777777776,4,1,0,1,3,0,6311,0
2007.0,fzp,1.0,2719,2125,594,702.2659722222221,4,0,0,1,0,0,6315,0
2008.0,fzp,1.0,2719,2127,592,702.8565277777776,3,1,0,2,4,0,6319,0
2009.0,fzp,1.0,2714,2121,593,703.4465277777776,6,2,0,2,0,0,6327,0
2010.0,fzp,1.0,2717,2125,592,704.0362499999999,1,1,0,1,5,0,6329,0
2011.0,fzp,1.0,2715,2121,594,704.6259722222221,3,3,0,1,1,0,6335,0
2012.0,fzp,1.0,2718,2120,598,705.2149999999999,3,2,0,0,4,0,6340,0
2013.0,fzp,1.0,2715,2117,598,705.8034722222221,4,1,0,2,0,0,6345,0
2014.0,fzp,1.0,2719,2120,599,706.3919444444443,3,1,0,1,6,0,6349,0
2015.0,fzp,1.0,2725,2121,604,706.9809722222221,4,0,0,2,3,0,6353,0
2016.0,fzp,1.0,2725,2119,606,707.569861111111,2,3,0,1,2,0,6358,0
2017.0,fzp,1.0,2728,2120,608,708.158611111111,1,1,0,0,3,0,6360,0
2018.0,fzp,1.0,2729,2119,610,708.747361111111,4,1,0,1,3,0,6365,0
2019.0,fzp,1.0,2729,2119,610,709.3359722222222,8,0,0,4,4,0,6373,0
2020.0,fzp,1.0,2732,2121,611,709.924861111111,2,1,0,1,4,0,6376,0
2021.0,fzp,1.0,2734,2117,617,710.5134722222222,6,3,0,1,4,0,6385,0
2022.0,fzp,1.0,2734,2119,615,711.1018055555555,3,0,0,2,3,0,6388,0
2023.0,fzp,1.0,2738,2122,616,711.6908333333333,2,0,0,0,5,0,6390,0
2024.0,fzp,1.0,2741,2121,620,712.2801388888889,4,3,0,2,4,0,6397,0
2025.0,fzp,1.0,2742,2124,618,712.8697222222222,2,2,0,2,5,0,6401,0
2026.0,fzp,1.0,2741,2120,621,713.4591666666666,4,4,0,1,3,0,6409,0
2027.0,fzp,1.0,2742,2119,623,714.0479166666667,3,4,0,2,4,0,6416,0
2028.0,fzp,1.0,2743,2118,625,714.6363888888889,3,1,0,0,3,0,6420,0
2029.0,fzp,1.0,2745,2121,624,715.2251388888889,2,2,0,1,6,0,6424,0
2030.0,fzp,1.0,2745,2118,627,715.8138888888889,4,2,0,2,1,0,6430,0
2031.0,fzp,1.0,2746,2115,631,716.4018055555555,4,3,0,0,4,0,6437,0
2032.0,fzp,1.0,2747,2113,634,716.9890277777777,4,0,0,1,1,0,6441,0
2033.0,fzp,1.0,2752,2117,635,717.5765277777776,2,1,0,2,5,0,6444,0
2034.0,fzp,1.0,2754,2115,639,718.1643055555554,4,3,0,1,4,0,6451,0
2035.0,fzp,1.0,2755,2117,638,718.7520833333332,1,2,0,0,5,0,6454,0
2036.0,fzp,1.0,2755,2114,641,719.3397222222221,5,2,0,1,3,0,6461,0
2037.0,fzp,1.0,2760,2118,642,719.9274999999999,1,2,0,2,5,0,6464,0
2038.0,fzp,1.0,2761,2120,641,720.5161111111111,2,0,0,1,3,0,6466,0
2039.0,fzp,1.0,2757,2119,638,721.1048611111111,1,3,0,2,1,0,6470,0
2040.0,fzp,1.0,2764,2119,645,721.6934722222222,6,1,0,0,7,0,6477,0
2041.0,fzp,1.0,2766,2117,649,722.2818055555556,3,3,0,1,3,0,6483,0
2042.0,fzp,1.0,2769,2117,652,722.8698611111112,5,2,0,2,5,0,6490,0
2043.0,fzp,1.0,2770,2117,653,723.4579166666667,2,3,0,1,4,0,6495,0
2044.0,fzp,1.0,2769,2117,652,724.0459722222223,1,3,0,0,4,0,6499,0
2045.0,fzp,1.0,2764,2114,650,724.6336111111112,2,3,0,1,1,0,6504,0
2046.0,fzp,1.0,2765,2114,651,725.2208333333334,5,2,0,1,6,0,6511,0
2047.0,fzp,1.0,2762,2116,646,725.8083333333334,2,0,0,2,2,0,6513,0
2048.0,fzp,1.0,2756,2116,640,726.3961111111112,3,4,0,2,5,0,6520,0
2049.0,fzp,1.0,2751,2109,642,726.9829166666667,5,4,1,2,1,0,6529,0
2050.0,fzp,1.0,2753,2109,644,727.56875,4,1,0,1,4,0,6534,0
2051.0,fzp,1.0,2756,2106,650,728.1541666666667,5,2,0,0,4,0,6541,0
2052.0,fzp,1.0,2758,2109,649,728.7395833333334,1,2,0,2,4,0,6544,0
2053.0,fzp,1.0,2754,2106,648,729.325,4,0,0,0,1,0,6548,0
2054.0,fzp,1.0,2757,2107,650,729.9101388888889,4,1,0,1,5,0,6553,0
2055.0,fzp,1.0,2754,2106,648,730.4952777777778,5,0,0,1,3,0,6558,0
2056.0,fzp,1.0,2758,2104,654,731.08,5,2,0,1,4,0,6565,0
2057.0,fzp,1.0,2762,2103,659,731.6643055555556,3,3,0,1,4,0,6571,0
2058.0,fzp,1.0,2760,2097,663,732.247638888889,5,4,0,0,3,0,6580,0
2059.0,fzp,1.0,2758,2094,664,732.8297222222224,5,3,0,1,4,0,6588,0
2060.0,fzp,1.0,2752,2090,662,733.4108333333335,4,4,0,0,4,0,6596,0
2061.0,fzp,1.0,2749,2088,661,733.9911111111112,1,5,0,1,3,0,6602,0
2062.0,fzp,1.0,2751,2090,661,734.5713888888889,2,1,0,0,5,0,6605,0
2063.0,fzp,1.0,2755,2097,658,735.1529166666667,4,0,0,6,5,0,6609,0
2064.0,fzp,1.0,2754,2094,660,735.735,5,1,0,0,3,0,6615,0
2065.0,fzp,1.0,2753,2097,656,736.3170833333334,2,1,0,5,1,0,6618,0
2066.0,fzp,1.0,2754,2096,658,736.8994444444445,5,4,0,2,6,0,6627,0
2067.0,fzp,1.0,2755,2098,657,737.4819444444445,4,2,0,3,5,0,6633,0
2068.0,fzp,1.0,2759,2103,656,738.0654166666667,4,0,0,3,6,0,6637,0
2069.0,fzp,1.0,2761,2104,657,738.6497222222223,5,1,0,4,3,0,6643,0
2070.0,fzp,1.0,2767,2110,657,739.2350000000001,2,1,0,2,7,0,6646,0
2071.0,fzp,1.0,2768,2111,657,739.8212500000001,2,2,0,1,4,0,6650,0
2072.0,fzp,1.0,2768,2112,656,740.4077777777778,1,2,0,1,3,0,6653,0
2073.0,fzp,1.0,2764,2113,651,740.9945833333334,3,1,0,2,3,0,6657,0
2074.0,fzp,1.0,2766,2115,651,741.5818055555555,2,1,0,0,5,0,6660,0
2075.0,fzp,1.0,2762,2116,646,742.1694444444445,3,2,0,3,3,0,6665,0
2076.0,fzp,1.0,2764,2116,648,742.7572222222223,3,2,0,0,5,0,6670,0
2077.0,fzp,1.0,2762,2115,647,743.3448611111112,3,0,0,1,1,0,6673,0
2078.0,fzp,1.0,2761,2114,647,743.9322222222223,4,3,0,0,6,0,6680,0
2079.0,fzp,1.0,2768,2118,650,744.5200000000001,2,0,0,0,6,0,6682,0
2080.0,fzp,1.0,2765,2118,647,745.1083333333335,2,1,0,2,1,0,6685,0
2081.0,fzp,1.0,2766,2117,649,745.6965277777779,3,2,0,1,3,0,6690,0
2082.0,fzp,1.0,2765,2116,649,746.2844444444445,4,2,0,2,3,0,6696,0
2083.0,fzp,1.0,2762,2118,644,746.8725000000001,3,1,0,2,4,0,6700,0
2084.0,fzp,1.0,2758,2113,645,747.460138888889,3,4,0,0,2,0,6707,0
2085.0,fzp,1.0,2762,2112,650,748.0469444444445,4,1,0,1,3,0,6712,0
2086.0,fzp,1.0,2764,2113,651,748.6337500000001,2,2,0,0,5,0,6716,0
2087.0,fzp,1.0,2758,2109,649,749.220138888889,4,4,0,1,3,0,6724,0
2088.0,fzp,1.0,2753,2105,648,749.8054166666668,6,5,0,1,6,0,6735,0
2089.0,fzp,1.0,2756,2102,654,750.3897222222224,6,1,0,0,4,0,6742,0
2090.0,fzp,1.0,2758,2104,654,750.9738888888891,5,1,0,4,4,0,6748,0
2091.0,fzp,1.0,2760,2102,658,751.5580555555557,6,1,0,1,4,0,6755,0
2092.0,fzp,1.0,2764,2108,656,752.142777777778,3,1,0,5,5,0,6759,0
2093.0,fzp,1.0,2762,2107,655,752.7281944444446,4,1,1,0,5,0,6764,0
2094.0,fzp,1.0,2759,2110,649,753.3138888888891,2,2,0,4,3,0,6768,0
2095.0,fzp,1.0,2761,2107,654,753.8995833333336,3,2,0,0,2,0,6773,0
2096.0,fzp,1.0,2763,2109,654,754.4851388888891,3,3,0,2,6,0,6779,0
2097.0,fzp,1.0,2762,2109,653,755.0709722222224,2,0,1,2,1,0,6781,0
2098.0,fzp,1.0,2760,2105,655,755.6562500000002,5,1,1,2,1,0,6787,0
2099.0,fzp,1.0,2762,2114,648,756.2422222222225,1,0,0,3,7,0,6788,0
2100.0,fzp,1.0,2760,2114,646,756.8294444444447,1,2,1,2,2,0,6791,0
2101.0,fzp,1.0,2759,2115,644,757.4168055555558,1,4,0,1,5,0,6796,0
2102.0,fzp,1.0,2755,2113,642,758.004027777778,5,4,0,4,3,0,6805,0
2103.0,fzp,1.0,2757,2116,641,758.5913888888891,2,2,0,3,4,0,6809,0
2104.0,fzp,1.0,2754,2110,644,759.1783333333336,4,3,0,1,0,0,6816,0
2105.0,fzp,1.0,2751,2110,641,759.7644444444447,3,2,1,3,3,0,6821,0
2106.0,fzp,1.0,2748,2109,639,760.350416666667,4,1,0,3,1,0,6826,0
2107.0,fzp,1.0,2748,2113,635,760.9368055555559,1,0,0,2,3,0,6827,0
2108.0,fzp,1.0,2752,2115,637,761.5240277777781,3,1,0,2,4,0,6831,0
2109.0,fzp,1.0,2751,2119,632,762.1120833333337,2,1,1,4,4,0,6834,0
2110.0,fzp,1.0,2749,2118,631,762.7005555555559,3,1,0,0,3,0,6838,0
2111.0,fzp,1.0,2748,2118,630,763.2888888888892,2,1,0,1,2,0,6841,0
2112.0,fzp,1.0,2744,2119,625,763.8773611111114,3,1,0,2,3,0,6845,0
2113.0,fzp,1.0,2742,2120,622,764.4661111111114,1,2,0,1,3,0,6848,0
2114.0,fzp,1.0,2743,2124,619,765.0555555555559,2,2,0,2,6,0,6852,0
2115.0,fzp,1.0,2739,2121,618,765.6451388888892,2,2,0,0,1,0,6856,0
2116.0,fzp,1.0,2737,2119,618,766.234027777778,3,2,0,2,1,0,6861,0
2117.0,fzp,1.0,2739,2120,619,766.822777777778,2,2,0,1,4,0,6865,0
2118.0,fzp,1.0,2739,2117,622,767.4112500000002,3,4,1,1,4,0,6872,0
2119.0,fzp,1.0,2743,2118,625,767.9994444444446,2,1,1,2,3,0,6875,0
2120.0,fzp,1.0,2746,2121,625,768.5881944444446,3,1,0,2,5,0,6879,0
2121.0,fzp,1.0,2749,2125,624,769.1779166666669,1,1,1,1,6,0,6881,0
2122.0,fzp,1.0,2752,2127,625,769.7684722222224,2,1,0,1,4,0,6884,0
2123.0,fzp,1.0,2752,2130,622,770.3597222222223,0,1,0,1,3,0,6885,0
2124.0,fzp,1.0,2751,2129,622,770.9512500000001,2,2,0,0,3,0,6889,0
2125.0,fzp,1.0,2750,2128,622,771.5425,2,0,0,0,1,0,6891,0
2126.0,fzp,1.0,2752,2131,621,772.1340277777778,1,2,0,1,5,0,6894,0
2127.0,fzp,1.0,2753,2130,623,772.7258333333333,4,0,0,0,3,0,6898,0
2128.0,fzp,1.0,2756,2134,622,773.3180555555555,2,1,0,1,6,0,6901,0
2129.0,fzp,1.0,2760,2134,626,773.9108333333332,2,3,0,1,4,0,6906,0
2130.0,fzp,1.0,2758,2134,624,774.503611111111,1,1,0,0,2,0,6908,0
2131.0,fzp,1.0,2761,2137,624,775.0968055555554,1,1,0,0,5,0,6910,0
2132.0,fzp,1.0,2766,2139,627,775.6906944444443,1,2,0,1,4,0,6913,0
2133.0,fzp,1.0,2765,2140,625,776.2849999999999,3,1,0,2,3,0,6917,0
2134.0,fzp,1.0,2765,2141,624,776.8795833333332,0,1,0,0,2,0,6918,0
2135.0,fzp,1.0,2770,2143,627,777.4745833333333,1,2,0,2,3,0,6921,0
2136.0,fzp,1.0,2770,2142,628,778.0697222222221,1,4,0,0,4,0,6926,0
2137.0,fzp,1.0,2771,2141,630,778.6645833333332,4,2,0,0,5,0,6932,0
2138.0,fzp,1.0,2769,2142,627,779.2594444444443,1,1,0,0,3,0,6934,0
2139.0,fzp,1.0,2766,2145,621,779.854861111111,1,3,0,2,5,0,6938,0
2140.0,fzp,1.0,2771,2150,621,780.4513888888887,3,0,0,2,6,0,6941,0
2141.0,fzp,1.0,2777,2158,619,781.049722222222,2,0,0,2,8,0,6943,0
2142.0,fzp,1.0,2778,2162,616,781.6497222222221,2,0,0,1,5,0,6945,0
2143.0,fzp,1.0,2777,2167,610,782.2509722222221,0,1,0,2,4,0,6946,0
2144.0,fzp,1.0,2775,2164,611,782.8524999999998,4,2,0,0,3,0,6952,0
2145.0,fzp,1.0,2775,2164,611,783.453611111111,3,1,0,2,2,0,6956,0
2146.0,fzp,1.0,2779,2167,612,784.0551388888887,4,1,0,3,5,0,6961,0
2147.0,fzp,1.0,2775,2166,609,784.6569444444442,2,2,0,2,1,0,6965,0
2148.0,fzp,1.0,2771,2162,609,785.2580555555553,7,2,0,2,3,0,6974,0
2149.0,fzp,1.0,2762,2162,600,785.8586111111108,1,1,1,2,1,0,6976,0
2150.0,fzp,1.0,2763,2164,599,786.4594444444441,3,1,0,2,4,0,6980,0
2151.0,fzp,1.0,2764,2166,598,787.060833333333,1,1,0,2,2,0,6982,0
2152.0,fzp,1.0,2763,2168,595,787.6627777777775,3,0,0,2,3,0,6985,0
2153.0,fzp,1.0,2764,2174,590,788.265833333333,4,2,0,4,8,0,6991,0
2154.0,fzp,1.0,2768,2175,593,788.8698611111108,4,1,0,2,4,0,6996,0
2155.0,fzp,1.0,2764,2174,590,789.4738888888886,2,1,0,0,2,0,6999,0
2156.0,fzp,1.0,2773,2181,592,790.0787499999997,2,0,0,1,8,0,7001,0
2157.0,fzp,1.0,2773,2181,592,790.684583333333,4,1,0,1,4,0,7006,0
2158.0,fzp,1.0,2776,2178,598,791.2899999999996,6,1,0,0,4,0,7013,0
2159.0,fzp,1.0,2778,2180,598,791.8952777777774,2,1,0,2,3,0,7016,0
2160.0,fzp,1.0,2780,2185,595,792.5015277777775,2,2,0,2,7,0,7020,0
2161.0,fzp,1.0,2785,2188,597,793.1088888888886,3,1,0,2,5,0,7024,0
2162.0,fzp,1.0,2785,2188,597,793.7166666666664,4,1,0,1,4,0,7029,0
2163.0,fzp,1.0,2785,2193,592,794.3251388888885,0,2,0,4,3,0,7031,0
2164.0,fzp,1.0,2790,2197,593,794.9348611111108,2,1,0,2,5,0,7034,0
2165.0,fzp,1.0,2792,2197,595,795.5451388888886,2,1,0,1,2,0,7037,0
2166.0,fzp,1.0,2795,2199,596,796.1556944444442,2,1,0,1,4,0,7040,0
2167.0,fzp,1.0,2796,2200,596,796.7666666666664,1,3,0,0,5,0,7044,0
2168.0,fzp,1.0,2797,2201,596,797.3779166666665,2,0,0,1,2,0,7046,0
2169.0,fzp,1.0,2800,2203,597,797.9895833333331,5,0,0,3,4,0,7051,0
2170.0,fzp,1.0,2807,2207,600,798.6020833333331,0,0,0,0,4,0,7051,0
2171.0,fzp,1.0,2810,2208,602,799.2152777777775,7,1,0,3,6,0,7059,0
2172.0,fzp,1.0,2811,2209,602,799.8287499999997,2,1,0,1,3,0,7062,0
2173.0,fzp,1.0,2818,2212,606,800.4427777777775,4,2,0,2,7,0,7068,0
2174.0,fzp,1.0,2817,2206,611,801.0563888888886,4,3,0,0,1,0,7075,0
2175.0,fzp,1.0,2818,2210,608,801.6697222222219,2,1,0,3,4,0,7078,0
2176.0,fzp,1.0,2815,2203,612,802.2826388888886,7,3,0,1,2,0,7088,0
2177.0,fzp,1.0,2813,2202,611,802.8944444444442,5,2,0,3,3,0,7095,0
2178.0,fzp,1.0,2812,2201,611,803.5059722222219,3,3,0,1,4,0,7101,0
2179.0,fzp,1.0,2813,2200,613,804.1172222222219,4,2,0,4,1,0,7107,0
2180.0,fzp,1.0,2817,2202,615,804.7286111111108,6,0,0,3,5,0,7113,0
2181.0,fzp,1.0,2814,2199,615,805.3398611111108,3,1,0,0,1,0,7117,0
2182.0,fzp,1.0,2822,2207,615,805.9518055555553,2,0,0,3,7,0,7119,0
2183.0,fzp,1.0,2822,2206,616,806.564722222222,4,4,0,3,4,0,7127,0
2184.0,fzp,1.0,2822,2203,619,807.1770833333331,3,2,0,1,1,0,7132,0
2185.0,fzp,1.0,2828,2202,626,807.7888888888887,5,1,0,1,4,0,7138,0
2186.0,fzp,1.0,2823,2197,626,808.3998611111109,5,2,0,0,2,0,7145,0
2187.0,fzp,1.0,2826,2199,627,809.0104166666665,2,1,0,2,3,0,7148,0
2188.0,fzp,1.0,2827,2193,634,809.6204166666665,3,5,0,1,1,0,7156,0
2189.0,fzp,1.0,2829,2195,634,810.229861111111,2,3,0,1,6,0,7161,0
2190.0,fzp,1.0,2826,2188,638,810.8386111111109,7,2,0,0,2,0,7170,0
2191.0,fzp,1.0,2826,2185,641,811.445972222222,4,4,0,1,4,0,7178,0
2192.0,fzp,1.0,2828,2188,640,812.0533333333332,2,1,0,0,6,0,7181,0
2193.0,fzp,1.0,2831,2190,641,812.6613888888887,3,1,0,1,5,0,7185,0
2194.0,fzp,1.0,2835,2197,638,813.2706944444443,1,0,0,2,6,0,7186,0
2195.0,fzp,1.0,2829,2189,640,813.8798611111109,4,5,0,0,1,0,7195,0
2196.0,fzp,1.0,2831,2193,638,814.4884722222221,2,3,0,1,8,0,7200,0
2197.0,fzp,1.0,2829,2195,634,815.0979166666665,1,4,0,2,5,0,7205,0
2198.0,fzp,1.0,2831,2197,634,815.7079166666665,3,0,1,2,4,0,7208,0
2199.0,fzp,1.0,2830,2192,638,816.3174999999999,8,1,0,2,2,0,7217,0
2200.0,fzp,1.0,2829,2193,636,816.9265277777777,1,2,0,0,4,0,7220,0
2201.0,fzp,1.0,2831,2187,644,817.534861111111,5,3,0,0,2,0,7228,0
2202.0,fzp,1.0,2837,2187,650,818.142361111111,3,2,0,0,5,0,7233,0
2203.0,fzp,1.0,2838,2183,655,818.7493055555555,5,2,0,0,3,0,7240,0
2204.0,fzp,1.0,2839,2184,655,819.3558333333332,4,3,0,2,6,0,7247,0
2205.0,fzp,1.0,2835,2182,653,819.9622222222221,1,3,0,0,2,0,7251,0
2206.0,fzp,1.0,2838,2180,658,820.5680555555554,5,1,0,2,2,0,7257,0
2207.0,fzp,1.0,2838,2181,657,821.1737499999998,1,1,0,0,3,0,7259,0
2208.0,fzp,1.0,2839,2183,656,821.7798611111109,1,2,0,0,5,0,7262,0
2209.0,fzp,1.0,2836,2179,657,822.3856944444442,4,2,0,0,2,0,7268,0
2210.0,fzp,1.0,2840,2183,657,822.9915277777775,1,1,0,0,6,0,7270,0
2211.0,fzp,1.0,2840,2183,657,823.5979166666664,4,1,0,0,5,0,7275,0
2212.0,fzp,1.0,2832,2183,649,824.2043055555553,0,3,0,1,2,0,7278,0
2213.0,fzp,1.0,2828,2184,644,824.810833333333,4,4,0,7,2,0,7286,0
2214.0,fzp,1.0,2824,2181,643,825.417083333333,2,2,0,0,1,0,7290,0
2215.0,fzp,1.0,2820,2177,643,826.0223611111109,3,3,0,2,0,0,7296,0
2216.0,fzp,1.0,2816,2179,637,826.6273611111109,3,1,0,3,3,0,7300,0
2217.0,fzp,1.0,2817,2180,637,827.2327777777775,3,1,0,3,2,0,7304,0
2218.0,fzp,1.0,2811,2177,634,827.8379166666664,5,1,0,2,1,0,7310,0
2219.0,fzp,1.0,2814,2177,637,828.4426388888886,4,3,0,1,6,0,7317,0
2220.0,fzp,1.0,2816,2183,633,829.0481944444442,2,1,0,3,6,0,7320,0
2221.0,fzp,1.0,2817,2183,634,829.6545833333331,3,2,0,2,3,0,7325,0
2222.0,fzp,1.0,2814,2181,633,830.2606944444442,3,2,0,1,2,0,7330,0
2223.0,fzp,1.0,2812,2180,632,830.8663888888887,3,3,0,2,3,0,7336,0
2224.0,fzp,1.0,2811,2178,633,831.4716666666665,3,3,0,1,3,0,7342,0
2225.0,fzp,1.0,2811,2178,633,832.0766666666665,4,3,0,2,5,0,7349,0
2226.0,fzp,1.0,2816,2180,636,832.6819444444443,1,2,0,0,5,0,7352,0
2227.0,fzp,1.0,2817,2182,635,833.2877777777776,3,1,0,3,3,0,7356,0
2228.0,fzp,1.0,2817,2181,636,833.8937499999998,3,1,0,1,2,0,7360,0
2229.0,fzp,1.0,2818,2183,635,834.4998611111109,3,0,0,2,3,0,7363,0
2230.0,fzp,1.0,2815,2180,635,835.1058333333332,6,1,0,2,2,0,7370,0
2231.0,fzp,1.0,2813,2183,630,835.7118055555554,2,0,0,1,4,0,7372,0
2232.0,fzp,1.0,2815,2182,633,836.3180555555555,5,0,0,0,4,0,7377,0
2233.0,fzp,1.0,2817,2182,635,836.9241666666666,3,2,0,1,4,0,7382,0
2234.0,fzp,1.0,2811,2178,633,837.5297222222222,4,2,0,1,1,0,7388,0
2235.0,fzp,1.0,2806,2175,631,838.1343055555556,6,1,0,2,2,0,7395,0
2236.0,fzp,1.0,2808,2170,638,838.7377777777778,7,2,0,1,3,0,7404,0
2237.0,fzp,1.0,2808,2166,642,839.3399999999999,6,4,0,0,6,0,7414,0
2238.0,fzp,1.0,2804,2164,640,839.9413888888888,3,2,0,1,2,0,7419,0
2239.0,fzp,1.0,2803,2163,640,840.5423611111111,4,3,0,1,5,0,7426,0
2240.0,fzp,1.0,2797,2165,632,841.1434722222222,4,0,0,3,3,0,7430,0
2241.0,fzp,1.0,2800,2167,633,841.7451388888888,3,0,0,1,4,0,7433,0
2242.0,fzp,1.0,2807,2170,637,842.3475,4,0,1,4,4,0,7437,0
2243.0,fzp,1.0,2802,2168,634,842.9499999999999,2,3,0,2,1,0,7442,0
2244.0,fzp,1.0,2798,2163,635,843.5515277777777,5,6,1,4,3,0,7453,0
2245.0,fzp,1.0,2797,2158,639,844.1516666666665,4,4,0,2,1,0,7461,0
2246.0,fzp,1.0,2795,2155,640,844.7506944444443,5,3,1,3,3,0,7469,0
2247.0,fzp,1.0,2794,2156,638,845.3494444444443,0,2,1,1,3,0,7471,0
2248.0,fzp,1.0,2800,2162,638,845.9491666666665,2,0,1,2,7,0,7473,0
2249.0,fzp,1.0,2797,2163,634,846.549861111111,2,3,0,3,3,0,7478,0
2250.0,fzp,1.0,2795,2165,630,847.1509722222221,1,1,1,1,4,0,7480,0
2251.0,fzp,1.0,2793,2167,626,847.7526388888888,1,1,0,2,2,0,7482,0
2252.0,fzp,1.0,2791,2172,619,848.3552777777777,6,2,0,8,5,0,7490,0
2253.0,fzp,1.0,2795,2175,620,848.9590277777777,1,1,0,2,3,0,7492,0
2254.0,fzp,1.0,2791,2173,618,849.5629166666665,3,2,0,2,1,0,7497,0
2255.0,fzp,1.0,2785,2176,609,850.1669444444443,3,0,0,3,3,0,7500,0
2256.0,fzp,1.0,2787,2177,610,850.7715277777777,1,4,0,1,5,0,7505,0
2257.0,fzp,1.0,2792,2184,608,851.3772222222221,2,2,0,2,9,0,7509,0
2258.0,fzp,1.0,2791,2183,608,851.9837499999999,5,2,0,2,4,0,7516,0
2259.0,fzp,1.0,2787,2180,607,852.5897222222221,1,3,1,0,2,0,7520,0
2260.0,fzp,1.0,2787,2182,605,853.1955555555554,0,1,0,2,1,0,7521,0
2261.0,fzp,1.0,2781,2176,605,853.8008333333332,4,2,0,0,0,0,7527,0
2262.0,fzp,1.0,2779,2177,602,854.4054166666666,3,0,0,0,4,0,7530,0
2263.0,fzp,1.0,2777,2180,597,855.0105555555555,2,0,0,4,1,0,7532,0
2264.0,fzp,1.0,2769,2178,591,855.6158333333333,3,1,0,1,1,0,7536,0
2265.0,fzp,1.0,2770,2175,595,856.2204166666667,7,2,0,2,4,0,7545,0
2266.0,fzp,1.0,2770,2177,593,856.8248611111111,1,2,0,3,2,0,7548,0
2267.0,fzp,1.0,2772,2178,594,857.4297222222222,1,1,0,2,1,0,7550,0
2268.0,fzp,1.0,2772,2179,593,858.034861111111,2,2,0,0,5,0,7554,0
2269.0,fzp,1.0,2770,2181,589,858.6404166666666,3,2,0,2,5,0,7559,0
2270.0,fzp,1.0,2772,2185,587,859.2468055555555,2,0,0,1,5,0,7561,0
2271.0,fzp,1.0,2773,2186,587,859.8538888888888,3,2,0,1,5,0,7566,0
2272.0,fzp,1.0,2774,2188,586,860.4613888888888,3,2,0,1,6,0,7571,0
2273.0,fzp,1.0,2772,2187,585,861.0690277777777,3,1,0,0,3,0,7575,0
2274.0,fzp,1.0,2775,2186,589,861.6763888888888,4,1,0,0,4,0,7580,0
2275.0,fzp,1.0,2780,2191,589,862.2843055555555,2,0,0,0,7,0,7582,0
2276.0,fzp,1.0,2780,2194,586,862.8933333333333,0,0,0,0,3,0,7582,0
2277.0,fzp,1.0,2782,2201,581,863.50375,1,0,0,3,5,0,7583,0
2278.0,fzp,1.0,2785,2200,585,864.115,3,0,0,1,1,0,7586,0
2279.0,fzp,1.0,2789,2201,588,864.72625,3,0,0,0,4,0,7589,0
2280.0,fzp,1.0,2792,2204,588,865.3380555555556,1,1,0,0,5,0,7591,0
2281.0,fzp,1.0,2793,2204,589,865.9502777777778,1,2,0,1,2,0,7594,0
2282.0,fzp,1.0,2798,2208,590,866.5630555555556,3,1,0,1,7,0,7598,0
2283.0,fzp,1.0,2802,2212,590,867.1769444444445,3,0,0,2,5,0,7601,0
2284.0,fzp,1.0,2803,2209,594,867.7909722222223,4,3,0,0,4,0,7608,0
2285.0,fzp,1.0,2804,2210,594,868.4047222222223,1,1,0,1,2,0,7610,0
2286.0,fzp,1.0,2803,2211,592,869.0187500000001,2,1,0,2,2,0,7613,0
2287.0,fzp,1.0,2805,2209,596,869.632638888889,3,2,0,0,3,0,7618,0
2288.0,fzp,1.0,2804,2211,593,870.2465277777779,2,2,0,2,4,0,7622,0
2289.0,fzp,1.0,2794,2209,585,870.8604166666669,0,4,0,2,0,0,7626,0
2290.0,fzp,1.0,2789,2209,580,871.474027777778,1,2,0,1,2,0,7629,0
2291.0,fzp,1.0,2780,2207,573,872.0873611111114,1,5,0,2,2,0,7635,0
2292.0,fzp,1.0,2780,2208,572,872.7005555555558,2,3,0,2,4,0,7640,0
2293.0,fzp,1.0,2779,2209,570,873.3140277777779,1,5,0,1,6,0,7646,0
2294.0,fzp,1.0,2782,2208,574,873.9275000000001,2,2,0,0,3,0,7650,0
2295.0,fzp,1.0,2781,2212,569,874.5413888888891,0,1,0,2,3,0,7651,0
2296.0,fzp,1.0,2785,2221,564,875.1570833333335,1,0,0,5,5,0,7652,0
2297.0,fzp,1.0,2785,2218,567,875.7736111111113,4,3,1,1,4,0,7659,0
2298.0,fzp,1.0,2786,2219,567,876.3898611111114,4,0,0,2,3,0,7663,0
2299.0,fzp,1.0,2789,2215,574,877.0056944444447,9,1,0,2,4,0,7673,0
2300.0,fzp,1.0,2793,2219,574,877.6215277777779,1,2,0,3,4,0,7676,0
2301.0,fzp,1.0,2794,2220,574,878.2380555555558,4,0,0,2,3,0,7680,0
2302.0,fzp,1.0,2798,2223,575,878.8551388888891,4,1,0,1,7,0,7685,0
2303.0,fzp,1.0,2786,2216,570,879.4716666666669,4,8,0,2,3,0,7697,0
2304.0,fzp,1.0,2788,2214,574,880.0869444444447,5,0,0,0,3,0,7702,0
2305.0,fzp,1.0,2785,2211,574,880.7015277777781,6,1,0,1,3,0,7709,0
2306.0,fzp,1.0,2788,2216,572,881.3163888888893,1,1,0,2,5,0,7711,0
2307.0,fzp,1.0,2783,2212,571,881.9313888888893,5,2,0,1,2,0,7718,0
2308.0,fzp,1.0,2776,2206,570,882.5450000000004,3,4,0,1,0,0,7725,0
2309.0,fzp,1.0,2776,2206,570,883.1577777777782,3,1,0,1,3,0,7729,0
2310.0,fzp,1.0,2779,2209,570,883.7709722222226,2,0,0,2,3,0,7731,0
2311.0,fzp,1.0,2780,2204,576,884.3838888888893,5,2,0,1,1,0,7738,0
2312.0,fzp,1.0,2787,2210,577,884.9969444444448,0,0,0,1,5,0,7738,0
2313.0,fzp,1.0,2791,2210,581,885.6108333333337,1,0,0,0,1,0,7739,0
2314.0,fzp,1.0,2796,2217,579,886.2256944444449,0,1,0,2,6,0,7740,0
2315.0,fzp,1.0,2794,2214,580,886.8411111111116,2,5,0,1,3,0,7747,0
2316.0,fzp,1.0,2796,2215,581,887.4562500000004,2,4,0,2,5,0,7753,0
2317.0,fzp,1.0,2795,2216,579,888.071666666667,2,1,0,1,3,0,7756,0
2318.0,fzp,1.0,2793,2216,577,888.6872222222227,1,3,0,3,1,0,7760,0
2319.0,fzp,1.0,2798,2219,579,889.3031944444449,4,2,0,4,5,0,7766,0
2320.0,fzp,1.0,2804,2225,579,889.9204166666672,1,0,0,3,4,0,7767,0
2321.0,fzp,1.0,2805,2225,580,890.5384722222227,7,0,0,5,2,0,7774,0
2322.0,fzp,1.0,2803,2224,579,891.1563888888894,3,3,0,1,4,0,7780,0
2323.0,fzp,1.0,2804,2224,580,891.7741666666672,3,4,0,5,2,0,7787,0
2324.0,fzp,1.0,2809,2224,585,892.3919444444449,4,3,0,2,5,0,7794,0
2325.0,fzp,1.0,2808,2226,582,893.0100000000004,5,1,0,5,3,0,7800,0
2326.0,fzp,1.0,2811,2230,581,893.6288888888894,2,0,0,2,4,0,7802,0
2327.0,fzp,1.0,2810,2228,582,894.248055555556,4,2,0,2,2,0,7808,0
2328.0,fzp,1.0,2809,2224,585,894.8663888888893,2,3,0,1,0,0,7813,0
2329.0,fzp,1.0,2811,2222,589,895.4838888888893,5,1,0,0,4,0,7819,0
2330.0,fzp,1.0,2811,2220,591,896.1008333333338,3,2,0,2,1,0,7824,0
2331.0,fzp,1.0,2815,2222,593,896.7177777777782,3,1,0,0,6,0,7828,0
2332.0,fzp,1.0,2813,2220,593,897.3347222222227,2,3,0,1,2,0,7833,0
2333.0,fzp,1.0,2816,2221,595,897.9515277777782,5,0,0,1,5,0,7838,0
2334.0,fzp,1.0,2816,2220,596,898.5683333333337,3,1,0,0,3,0,7842,0
2335.0,fzp,1.0,2815,2224,591,899.185555555556,1,1,0,2,4,0,7844,0
2336.0,fzp,1.0,2814,2226,588,899.8036111111115,0,0,0,0,2,0,7844,0
2337.0,fzp,1.0,2816,2227,589,900.4220833333337,1,1,0,1,2,0,7846,0
2338.0,fzp,1.0,2817,2232,585,901.0413888888893,2,1,0,2,6,0,7849,0
2339.0,fzp,1.0,2820,2234,586,901.6616666666671,2,0,0,1,3,0,7851,0
2340.0,fzp,1.0,2825,2235,590,902.2823611111115,6,1,0,2,6,0,7858,0
2341.0,fzp,1.0,2828,2237,591,902.9034722222226,1,2,0,1,4,0,7861,0
2342.0,fzp,1.0,2829,2237,592,903.5248611111115,3,2,0,1,4,0,7866,0
2343.0,fzp,1.0,2831,2241,590,904.1468055555559,2,3,0,1,8,0,7871,0
2344.0,fzp,1.0,2827,2238,589,904.7688888888893,4,2,0,2,1,0,7877,0
2345.0,fzp,1.0,2830,2243,587,905.3912500000004,1,1,0,0,7,0,7879,0
2346.0,fzp,1.0,2834,2244,590,906.0144444444448,5,2,0,3,5,0,7886,0
2347.0,fzp,1.0,2840,2246,594,906.638055555556,2,0,0,0,4,0,7888,0
2348.0,fzp,1.0,2835,2243,592,907.2615277777782,6,0,1,2,2,0,7894,0
2349.0,fzp,1.0,2839,2245,594,907.8848611111115,3,0,0,1,4,0,7897,0
2350.0,fzp,1.0,2839,2244,595,908.5083333333337,6,1,0,2,4,0,7904,0
2351.0,fzp,1.0,2839,2244,595,909.131666666667,0,4,0,1,3,0,7908,0
2352.0,fzp,1.0,2844,2241,603,909.7545833333337,5,2,0,0,4,0,7915,0
2353.0,fzp,1.0,2847,2240,607,910.3769444444448,2,4,0,0,5,0,7921,0
2354.0,fzp,1.0,2847,2240,607,910.9991666666671,1,3,0,1,3,0,7925,0
2355.0,fzp,1.0,2846,2234,612,911.6205555555559,6,2,0,0,2,0,7933,0
2356.0,fzp,1.0,2852,2236,616,912.2413888888892,1,3,0,1,5,0,7937,0
2357.0,fzp,1.0,2851,2236,615,912.8625000000003,2,2,0,1,3,0,7941,0
2358.0,fzp,1.0,2853,2233,620,913.4831944444447,4,4,0,0,5,0,7949,0
2359.0,fzp,1.0,2851,2232,619,914.1033333333336,2,5,0,0,6,0,7956,0
2360.0,fzp,1.0,2851,2233,618,914.7234722222224,2,3,0,1,5,0,7961,0
2361.0,fzp,1.0,2854,2232,622,915.3436111111113,3,1,0,0,3,0,7965,0
2362.0,fzp,1.0,2859,2235,624,915.9640277777779,1,1,0,0,5,0,7967,0
2363.0,fzp,1.0,2865,2241,624,916.5856944444446,4,0,0,6,4,0,7971,0
2364.0,fzp,1.0,2864,2241,623,917.2081944444445,1,2,0,1,2,0,7974,0
2365.0,fzp,1.0,2871,2241,630,917.8306944444445,8,0,0,3,5,0,7982,0
2366.0,fzp,1.0,2871,2244,627,918.4536111111112,3,0,0,5,1,0,7985,0
2367.0,fzp,1.0,2877,2248,629,919.0775000000001,3,1,0,4,4,0,7989,0
2368.0,fzp,1.0,2879,2251,628,919.7023611111113,3,0,0,2,4,0,7992,0
2369.0,fzp,1.0,2885,2255,630,920.3281944444446,2,0,0,1,5,0,7994,0
2370.0,fzp,1.0,2889,2253,636,920.9543055555557,4,2,0,1,3,0,8000,0
2371.0,fzp,1.0,2892,2256,636,921.5805555555557,1,1,0,2,3,0,8002,0
2372.0,fzp,1.0,2891,2254,637,922.2069444444446,2,3,0,0,3,0,8007,0
2373.0,fzp,1.0,2890,2255,635,922.8331944444446,2,0,0,0,3,0,8009,0
2374.0,fzp,1.0,2890,2256,634,923.4597222222225,1,1,0,0,3,0,8011,0
2375.0,fzp,1.0,2894,2256,638,924.0863888888891,4,1,0,1,4,0,8016,0
2376.0,fzp,1.0,2894,2256,638,924.7130555555558,4,1,0,1,4,0,8021,0
2377.0,fzp,1.0,2893,2257,636,925.3398611111113,3,0,0,0,4,0,8024,0
2378.0,fzp,1.0,2895,2256,639,925.9666666666668,2,1,0,0,2,0,8027,0
2379.0,fzp,1.0,2896,2257,639,926.5934722222223,3,0,0,1,3,0,8030,0
2380.0,fzp,1.0,2894,2256,638,927.2202777777778,1,2,0,0,2,0,8033,0
2381.0,fzp,1.0,2896,2254,642,927.8466666666667,4,3,0,0,5,0,8040,0
2382.0,fzp,1.0,2895,2250,645,928.4722222222223,3,4,0,0,3,0,8047,0
2383.0,fzp,1.0,2897,2253,644,929.0976388888889,3,2,0,1,7,0,8052,0
2384.0,fzp,1.0,2897,2256,641,929.723888888889,2,1,0,1,5,0,8055,0
2385.0,fzp,1.0,2902,2258,644,930.3508333333334,2,2,0,0,6,0,8059,0
2386.0,fzp,1.0,2902,2258,644,930.9780555555557,2,1,0,1,2,0,8062,0
2387.0,fzp,1.0,2901,2258,643,931.6052777777779,2,2,0,1,3,0,8066,0
2388.0,fzp,1.0,2897,2256,641,932.2322222222224,2,0,1,1,0,0,8068,0
2389.0,fzp,1.0,2891,2251,640,932.8581944444446,6,3,0,3,1,0,8077,0
2390.0,fzp,1.0,2895,2250,645,933.4833333333335,6,1,0,2,4,0,8084,0
2391.0,fzp,1.0,2898,2251,647,934.1084722222223,3,2,0,0,6,0,8089,0
2392.0,fzp,1.0,2900,2251,649,934.7337500000001,4,0,1,2,3,0,8093,0
2393.0,fzp,1.0,2902,2256,646,935.3597222222223,1,1,0,4,3,0,8095,0
2394.0,fzp,1.0,2902,2254,648,935.9861111111112,4,1,0,0,3,0,8100,0
2395.0,fzp,1.0,2906,2255,651,936.6123611111112,3,2,1,1,6,0,8105,0
2396.0,fzp,1.0,2901,2255,646,937.2387500000001,4,3,0,3,4,0,8112,0
2397.0,fzp,1.0,2893,2253,640,937.8648611111112,1,2,1,1,1,0,8115,0
2398.0,fzp,1.0,2894,2250,644,938.4902777777778,5,2,0,1,3,0,8122,0
2399.0,fzp,1.0,2895,2255,640,939.1159722222222,2,1,0,2,6,0,8125,0
2400.0,fzp,1.0,2893,2252,641,939.7419444444445,2,5,0,0,4,0,8132,0
2401.0,fzp,1.0,2894,2258,636,940.3683333333333,0,0,0,1,5,0,8132,0
2402.0,fzp,1.0,2893,2257,636,940.9954166666666,6,0,0,3,2,0,8138,0
2403.0,fzp,1.0,2885,2261,624,941.6229166666667,1,0,0,3,2,0,8139,0
2404.0,fzp,1.0,2886,2260,626,942.2508333333334,4,0,0,1,2,0,8143,0
2405.0,fzp,1.0,2882,2260,622,942.8786111111111,3,1,0,3,1,0,8147,0
2406.0,fzp,1.0,2883,2265,618,943.5070833333333,0,1,0,3,3,0,8148,0
2407.0,fzp,1.0,2881,2265,616,944.13625,3,1,0,2,2,0,8152,0
2408.0,fzp,1.0,2886,2267,619,944.7656944444444,2,0,1,1,4,0,8154,0
2409.0,fzp,1.0,2882,2269,613,945.3956944444444,0,2,0,2,2,0,8156,0
2410.0,fzp,1.0,2884,2272,612,946.0263888888888,3,0,0,3,3,0,8159,0
2411.0,fzp,1.0,2880,2275,605,946.6579166666667,2,3,0,3,5,0,8164,0
2412.0,fzp,1.0,2880,2271,609,947.2893055555555,6,2,0,1,3,0,8172,0
2413.0,fzp,1.0,2878,2276,602,947.9208333333333,2,4,0,8,3,0,8178,0
2414.0,fzp,1.0,2878,2280,598,948.5536111111111,0,2,0,0,6,0,8180,0
2415.0,fzp,1.0,2881,2288,593,949.1880555555555,3,2,0,8,5,0,8185,0
2416.0,fzp,1.0,2883,2287,596,949.8234722222221,5,3,0,1,6,0,8193,0
2417.0,fzp,1.0,2876,2286,590,950.4586111111109,2,4,0,4,1,0,8199,0
2418.0,fzp,1.0,2874,2280,594,951.0927777777777,5,3,0,0,2,0,8207,0
2419.0,fzp,1.0,2871,2277,594,951.7256944444443,6,4,0,2,5,0,8217,0
2420.0,fzp,1.0,2866,2276,590,952.3580555555554,1,2,0,0,2,0,8220,0
2421.0,fzp,1.0,2865,2276,589,952.9902777777777,3,1,0,0,4,0,8224,0
2422.0,fzp,1.0,2863,2275,588,953.622361111111,3,3,0,1,4,0,8230,0
2423.0,fzp,1.0,2865,2275,590,954.2543055555554,2,2,0,0,4,0,8234,0
2424.0,fzp,1.0,2862,2279,583,954.8868055555555,2,0,0,2,4,0,8236,0
2425.0,fzp,1.0,2859,2286,573,955.5208333333333,0,2,0,3,6,0,8238,0
2426.0,fzp,1.0,2860,2288,572,956.156111111111,1,1,0,1,3,0,8240,0
2427.0,fzp,1.0,2858,2290,568,956.7919444444444,1,4,0,1,6,0,8245,0
2428.0,fzp,1.0,2856,2288,568,957.4277777777778,3,2,0,1,2,0,8250,0
2429.0,fzp,1.0,2852,2292,560,958.0638888888889,1,1,0,2,4,0,8252,0
2430.0,fzp,1.0,2852,2291,561,958.7004166666667,3,2,0,0,4,0,8257,0
2431.0,fzp,1.0,2852,2292,560,959.3369444444445,2,1,0,1,3,0,8260,0
2432.0,fzp,1.0,2850,2297,553,959.9743055555556,1,1,0,1,6,0,8262,0
2433.0,fzp,1.0,2849,2300,549,960.6127777777779,2,2,0,2,5,0,8266,0
2434.0,fzp,1.0,2852,2299,553,961.2515277777778,3,1,0,1,2,0,8270,0
2435.0,fzp,1.0,2858,2305,553,961.8909722222222,2,0,0,1,7,0,8272,0
2436.0,fzp,1.0,2859,2306,553,962.5313888888888,2,0,0,2,1,0,8274,0
2437.0,fzp,1.0,2858,2308,550,963.1722222222222,3,1,0,2,4,0,8278,0
2438.0,fzp,1.0,2860,2312,548,963.8138888888889,0,1,0,1,4,0,8279,0
2439.0,fzp,1.0,2856,2314,542,964.4563888888889,0,0,0,1,1,0,8279,0
2440.0,fzp,1.0,2856,2318,538,965.0997222222222,0,3,0,2,5,0,8282,0
2441.0,fzp,1.0,2850,2321,529,965.7440277777778,1,0,0,1,3,0,8283,0
2442.0,fzp,1.0,2840,2320,520,966.3886111111111,1,3,0,1,2,0,8287,0
2443.0,fzp,1.0,2847,2327,520,967.0340277777777,2,1,0,2,8,0,8290,0
2444.0,fzp,1.0,2845,2326,519,967.6802777777777,4,2,1,0,6,0,8296,0
2445.0,fzp,1.0,2841,2328,513,968.3266666666666,1,3,0,4,2,0,8300,0
2446.0,fzp,1.0,2844,2332,512,968.9738888888888,1,3,0,4,4,0,8304,0
2447.0,fzp,1.0,2842,2325,517,969.6206944444444,7,5,0,2,3,0,8316,0
2448.0,fzp,1.0,2840,2325,515,970.2665277777778,1,2,0,2,1,0,8319,0
2449.0,fzp,1.0,2838,2323,515,970.9120833333334,4,2,0,2,2,0,8325,0
2450.0,fzp,1.0,2840,2327,513,971.5579166666668,2,1,0,2,5,0,8328,0
2451.0,fzp,1.0,2843,2329,514,972.2045833333334,5,1,0,3,5,0,8334,0
2452.0,fzp,1.0,2845,2326,519,972.8511111111112,5,1,0,0,3,0,8340,0
2453.0,fzp,1.0,2843,2326,517,973.4972222222224,3,3,0,2,4,0,8346,0
2454.0,fzp,1.0,2846,2327,519,974.1434722222224,4,2,0,2,5,0,8352,0
2455.0,fzp,1.0,2847,2329,518,974.790138888889,4,1,0,2,5,0,8357,0
2456.0,fzp,1.0,2845,2324,521,975.436388888889,4,2,0,0,1,0,8363,0
2457.0,fzp,1.0,2846,2324,522,976.0819444444446,3,1,0,2,2,0,8367,0
2458.0,fzp,1.0,2848,2322,526,976.7272222222224,3,1,0,1,1,0,8371,0
2459.0,fzp,1.0,2852,2325,527,977.372638888889,3,1,0,3,4,0,8375,0
2460.0,fzp,1.0,2856,2326,530,978.0186111111112,4,1,0,2,4,0,8380,0
2461.0,fzp,1.0,2860,2324,536,978.6644444444446,8,0,0,2,4,0,8388,0
2462.0,fzp,1.0,2867,2325,542,979.310138888889,4,1,0,0,6,0,8393,0
2463.0,fzp,1.0,2874,2329,545,979.9565277777779,3,1,0,2,6,0,8397,0
2464.0,fzp,1.0,2876,2329,547,980.6034722222223,3,0,0,0,3,0,8400,0
2465.0,fzp,1.0,2879,2330,549,981.2505555555556,3,1,0,2,3,0,8404,0
2466.0,fzp,1.0,2887,2334,553,981.8983333333334,1,2,0,1,6,0,8407,0
2467.0,fzp,1.0,2886,2333,553,982.5465277777779,3,3,0,1,4,0,8413,0
2468.0,fzp,1.0,2893,2335,558,983.1948611111112,2,2,0,1,5,0,8417,0
2469.0,fzp,1.0,2893,2333,560,983.8431944444445,5,3,0,2,4,0,8425,0
2470.0,fzp,1.0,2896,2333,563,984.49125,3,3,0,1,5,0,8431,0
2471.0,fzp,1.0,2897,2334,563,985.1394444444445,3,1,0,1,4,0,8435,0
2472.0,fzp,1.0,2904,2337,567,985.7881944444445,4,2,0,3,6,0,8441,0
2473.0,fzp,1.0,2906,2341,565,986.4379166666666,2,1,0,1,6,0,8444,0
2474.0,fzp,1.0,2907,2339,568,987.0879166666666,4,0,0,1,1,0,8448,0
2475.0,fzp,1.0,2905,2339,566,987.7376388888888,4,1,0,1,4,0,8453,0
2476.0,fzp,1.0,2914,2340,574,988.3874999999999,5,1,0,1,6,0,8459,0
2477.0,fzp,1.0,2924,2338,586,989.0372222222221,6,1,0,1,4,0,8466,0
2478.0,fzp,1.0,2926,2341,585,989.6870833333332,0,1,0,1,3,0,8467,0
2479.0,fzp,1.0,2929,2343,586,990.3376388888888,2,0,0,0,4,0,8469,0
2480.0,fzp,1.0,2930,2347,583,990.9890277777777,2,0,0,4,2,0,8471,0
2481.0,fzp,1.0,2937,2350,587,991.6413888888887,2,0,0,0,5,0,8473,0
2482.0,fzp,1.0,2942,2347,595,992.2937499999998,3,1,0,0,1,0,8477,0
2483.0,fzp,1.0,2945,2353,592,992.9465277777776,3,1,0,3,7,0,8481,0
2484.0,fzp,1.0,2950,2355,595,993.6004166666665,1,0,0,0,3,0,8482,0
2485.0,fzp,1.0,2954,2355,599,994.2545833333332,4,2,0,0,6,0,8488,0
2486.0,fzp,1.0,2955,2356,599,994.9088888888888,4,1,0,3,3,0,8493,0
2487.0,fzp,1.0,2956,2359,597,995.5637499999999,3,0,0,2,4,0,8496,0
2488.0,fzp,1.0,2954,2359,595,996.2190277777777,3,2,0,2,3,0,8501,0
2489.0,fzp,1.0,2957,2361,596,996.8745833333332,1,1,0,2,2,0,8503,0
2490.0,fzp,1.0,2955,2355,600,997.5295833333332,5,4,0,2,1,0,8512,0
2491.0,fzp,1.0,2952,2356,596,998.1838888888888,1,3,0,1,4,0,8516,0
2492.0,fzp,1.0,2953,2350,603,998.8374999999999,6,4,0,1,3,0,8526,0
2493.0,fzp,1.0,2952,2350,602,999.4902777777777,1,0,1,1,1,0,8527,0
2494.0,fzp,1.0,2956,2349,607,1000.1429166666666,5,2,0,0,6,0,8534,0
2495.0,fzp,1.0,2956,2349,607,1000.7954166666666,2,2,0,1,3,0,8538,0
2496.0,fzp,1.0,2957,2347,610,1001.4476388888888,4,0,0,1,1,0,8542,0
2497.0,fzp,1.0,2958,2349,609,1002.0998611111111,1,2,0,2,3,0,8545,0
2498.0,fzp,1.0,2957,2346,611,1002.7519444444443,5,1,0,1,2,0,8551,0
2499.0,fzp,1.0,2960,2351,609,1003.4043055555554,1,0,0,2,4,0,8552,0
2500.0,fzp,1.0,2960,2347,613,1004.0568055555555,3,2,1,0,2,0,8557,0
2501.0,fzp,1.0,2956,2345,611,1004.7084722222221,2,2,0,0,2,0,8561,0
2502.0,fzp,1.0,2961,2348,613,1005.3602777777777,2,1,0,0,6,0,8564,0
2503.0,fzp,1.0,2962,2346,616,1006.0122222222221,4,1,0,0,3,0,8569,0
2504.0,fzp,1.0,2963,2349,614,1006.6643055555554,1,1,0,1,4,0,8571,0
2505.0,fzp,1.0,2964,2351,613,1007.3170833333332,1,0,0,0,3,0,8572,0
2506.0,fzp,1.0,2964,2346,618,1007.9694444444443,6,2,0,0,3,0,8580,0
2507.0,fzp,1.0,2960,2349,611,1008.6215277777776,2,1,0,1,5,0,8583,0
2508.0,fzp,1.0,2963,2350,613,1009.2741666666665,4,1,0,0,6,0,8588,0
2509.0,fzp,1.0,2960,2350,610,1009.9269444444443,3,3,0,1,5,0,8594,0
2510.0,fzp,1.0,2966,2352,614,1010.5799999999998,2,1,0,0,5,0,8597,0
2511.0,fzp,1.0,2966,2352,614,1011.2333333333331,3,0,0,1,2,0,8600,0
2512.0,fzp,1.0,2967,2354,613,1011.8869444444442,3,1,0,1,5,0,8604,0
2513.0,fzp,1.0,2963,2357,606,1012.5412499999998,3,1,0,7,0,0,8608,0
2514.0,fzp,1.0,2966,2360,606,1013.1963888888887,0,0,0,1,2,0,8608,0
2515.0,fzp,1.0,2969,2359,610,1013.8518055555553,4,4,0,2,5,0,8616,0
2516.0,fzp,1.0,2964,2359,605,1014.5070833333331,1,4,0,2,3,0,8621,0
2517.0,fzp,1.0,2962,2356,606,1015.1619444444442,5,4,0,3,3,0,8630,0
2518.0,fzp,1.0,2962,2358,604,1015.8166666666664,2,1,0,1,4,0,8633,0
2519.0,fzp,1.0,2959,2354,605,1016.4711111111109,4,3,0,0,3,0,8640,0
2520.0,fzp,1.0,2961,2355,606,1017.1251388888886,2,0,0,2,1,0,8642,0
2521.0,fzp,1.0,2962,2353,609,1017.7790277777775,6,3,0,2,5,0,8651,0
2522.0,fzp,1.0,2963,2355,608,1018.4329166666664,3,2,0,2,5,0,8656,0
2523.0,fzp,1.0,2963,2353,610,1019.0868055555553,5,0,0,1,2,0,8661,0
2524.0,fzp,1.0,2968,2353,615,1019.7404166666664,3,2,0,1,4,0,8666,0
2525.0,fzp,1.0,2976,2355,621,1020.3943055555553,3,1,0,1,5,0,8670,0
2526.0,fzp,1.0,2979,2357,622,1021.0487499999998,3,0,0,2,3,0,8673,0
2527.0,fzp,1.0,2977,2360,617,1021.7038888888887,3,2,0,3,5,0,8678,0
2528.0,fzp,1.0,2979,2363,616,1022.359861111111,0,2,0,1,4,0,8680,0
2529.0,fzp,1.0,2976,2359,617,1023.0156944444443,5,2,0,1,2,0,8687,0
2530.0,fzp,1.0,2974,2359,615,1023.6709722222221,2,3,0,3,2,0,8692,0
2531.0,fzp,1.0,2973,2360,613,1024.3263888888887,3,5,0,1,8,0,8700,0
2532.0,fzp,1.0,2975,2360,615,1024.9819444444443,2,1,0,0,3,0,8703,0
2533.0,fzp,1.0,2972,2360,612,1025.6374999999998,2,2,0,0,4,0,8707,0
2534.0,fzp,1.0,2970,2359,611,1026.2929166666665,3,1,0,0,3,0,8711,0
2535.0,fzp,1.0,2974,2361,613,1026.948472222222,2,2,0,1,5,0,8715,0
2536.0,fzp,1.0,2971,2363,608,1027.6045833333333,1,1,0,0,4,0,8717,0
2537.0,fzp,1.0,2969,2358,611,1028.2602777777777,4,4,0,0,3,0,8725,0
2538.0,fzp,1.0,2965,2357,608,1028.9151388888888,3,3,0,0,5,0,8731,0
2539.0,fzp,1.0,2960,2348,612,1029.568611111111,7,3,0,0,1,0,8741,0
2540.0,fzp,1.0,2962,2348,614,1030.2208333333333,5,2,0,2,5,0,8748,0
2541.0,fzp,1.0,2967,2349,618,1030.8731944444444,2,4,0,0,7,0,8754,0
2542.0,fzp,1.0,2962,2339,623,1031.5243055555554,6,5,2,0,3,0,8765,0
2543.0,fzp,1.0,2958,2333,625,1032.1731944444443,4,5,0,0,3,0,8774,0
2544.0,fzp,1.0,2957,2329,628,1032.8206944444444,6,2,0,0,4,0,8782,0
2545.0,fzp,1.0,2953,2329,624,1033.4676388888888,4,2,0,0,6,0,8788,0
2546.0,fzp,1.0,2945,2325,620,1034.1140277777777,4,4,0,0,4,0,8796,0
2547.0,fzp,1.0,2944,2325,619,1034.759861111111,4,2,0,2,4,0,8802,0
2548.0,fzp,1.0,2944,2323,621,1035.4054166666665,5,3,0,1,5,0,8810,0
2549.0,fzp,1.0,2944,2325,619,1036.050972222222,2,2,0,3,3,0,8814,0
2550.0,fzp,1.0,2949,2327,622,1036.6970833333332,2,1,0,2,3,0,8817,0
2551.0,fzp,1.0,2948,2330,618,1037.3438888888888,1,1,0,2,3,0,8819,0
2552.0,fzp,1.0,2950,2332,618,1037.9913888888889,6,1,0,6,3,0,8826,0
2553.0,fzp,1.0,2947,2336,611,1038.6397222222222,2,2,0,2,6,0,8830,0
2554.0,fzp,1.0,2948,2346,602,1039.29,2,0,0,9,3,0,8832,0
2555.0,fzp,1.0,2952,2353,599,1039.942638888889,2,1,0,2,8,0,8835,0
2556.0,fzp,1.0,2953,2360,593,1040.5972222222222,2,2,0,6,5,0,8839,0
2557.0,fzp,1.0,2952,2359,593,1041.252638888889,6,2,0,4,3,0,8847,0
2558.0,fzp,1.0,2961,2359,602,1041.9079166666668,4,3,0,1,6,0,8854,0
2559.0,fzp,1.0,2965,2362,603,1042.5636111111112,4,1,0,4,4,0,8859,0
2560.0,fzp,1.0,2962,2359,603,1043.2193055555556,4,2,0,2,1,0,8865,0
2561.0,fzp,1.0,2962,2359,603,1043.8745833333335,4,2,0,3,3,0,8871,0
2562.0,fzp,1.0,2963,2359,604,1044.5298611111114,2,3,0,2,3,0,8876,0
2563.0,fzp,1.0,2955,2358,597,1045.1850000000002,1,4,0,3,1,0,8881,0
2564.0,fzp,1.0,2952,2360,592,1045.840277777778,1,3,0,2,4,0,8885,0
2565.0,fzp,1.0,2948,2359,589,1046.4956944444448,3,3,0,1,4,0,8891,0
2566.0,fzp,1.0,2949,2358,591,1047.1508333333336,5,4,0,2,6,0,8900,0
2567.0,fzp,1.0,2941,2361,580,1047.8062500000003,2,1,0,4,2,0,8903,0
2568.0,fzp,1.0,2943,2365,578,1048.4626388888892,5,1,0,3,7,0,8909,0
2569.0,fzp,1.0,2943,2366,577,1049.1197222222224,3,3,0,2,5,0,8915,0
2570.0,fzp,1.0,2944,2367,577,1049.7770833333336,5,0,0,3,3,0,8920,0
2571.0,fzp,1.0,2948,2372,576,1050.435277777778,1,0,0,1,5,0,8921,0
2572.0,fzp,1.0,2953,2374,579,1051.0944444444447,4,1,0,1,6,0,8926,0
2573.0,fzp,1.0,2952,2374,578,1051.7538888888892,3,1,0,1,3,0,8930,0
2574.0,fzp,1.0,2956,2381,575,1052.4143055555558,1,1,0,2,7,0,8932,0
2575.0,fzp,1.0,2965,2389,576,1053.0768055555557,2,0,0,3,7,0,8934,0
2576.0,fzp,1.0,2970,2394,576,1053.7411111111112,1,2,0,2,6,0,8937,0
2577.0,fzp,1.0,2972,2395,577,1054.40625,2,0,0,1,2,0,8939,0
2578.0,fzp,1.0,2975,2397,578,1055.0718055555556,1,2,0,2,3,0,8942,0
2579.0,fzp,1.0,2976,2395,581,1055.737361111111,2,1,0,0,1,0,8945,0
2580.0,fzp,1.0,2977,2395,582,1056.402638888889,2,2,0,0,4,0,8949,0
2581.0,fzp,1.0,2982,2400,582,1057.0686111111113,1,0,0,2,4,0,8950,0
2582.0,fzp,1.0,2986,2403,583,1057.7356944444446,2,0,0,1,4,0,8952,0
2583.0,fzp,1.0,2986,2400,586,1058.4027777777778,4,0,0,0,1,0,8956,0
2584.0,fzp,1.0,2990,2404,586,1059.0700000000002,1,0,0,1,4,0,8957,0
2585.0,fzp,1.0,2990,2406,584,1059.7380555555558,2,1,0,2,3,0,8960,0
2586.0,fzp,1.0,2994,2408,586,1060.406666666667,1,0,0,0,3,0,8961,0
2587.0,fzp,1.0,2998,2413,585,1061.0762500000003,3,0,0,3,5,0,8964,0
2588.0,fzp,1.0,2996,2412,584,1061.7463888888892,3,1,0,0,3,0,8968,0
2589.0,fzp,1.0,2997,2414,583,1062.416666666667,1,0,0,0,3,0,8969,0
2590.0,fzp,1.0,2997,2417,580,1063.0876388888892,0,0,0,1,2,0,8969,0
2591.0,fzp,1.0,2998,2416,582,1063.7588888888893,4,2,0,1,4,0,8975,0
2592.0,fzp,1.0,3001,2419,582,1064.430416666667,1,0,0,1,3,0,8976,0
2593.0,fzp,1.0,3007,2424,583,1065.103055555556,2,1,0,1,7,0,8979,0
2594.0,fzp,1.0,3010,2427,583,1065.776805555556,1,0,0,1,3,0,8980,0
2595.0,fzp,1.0,3011,2431,580,1066.4515277777782,1,1,0,2,4,0,8982,0
2596.0,fzp,1.0,3009,2436,573,1067.1275000000005,1,1,0,3,4,0,8984,0
2597.0,fzp,1.0,3009,2437,572,1067.804305555556,4,0,0,1,4,0,8988,0
2598.0,fzp,1.0,3012,2440,572,1068.4816666666673,4,0,0,2,5,0,8992,0
2599.0,fzp,1.0,3012,2442,570,1069.1597222222229,3,0,0,4,1,0,8995,0
2600.0,fzp,1.0,3012,2440,572,1069.8377777777785,2,2,0,0,2,0,8999,0
2601.0,fzp,1.0,3013,2443,570,1070.515972222223,2,1,0,3,3,0,9002,0
2602.0,fzp,1.0,3017,2443,574,1071.194583333334,4,0,0,0,4,0,9006,0
2603.0,fzp,1.0,3017,2443,574,1071.8731944444453,3,1,1,1,4,0,9010,0
2604.0,fzp,1.0,3020,2444,576,1072.5519444444453,2,2,0,1,4,0,9014,0
2605.0,fzp,1.0,3023,2448,575,1073.2313888888898,3,0,0,2,5,0,9017,0
2606.0,fzp,1.0,3024,2447,577,1073.911250000001,2,2,0,1,2,0,9021,0
2607.0,fzp,1.0,3026,2446,580,1074.5908333333343,3,2,0,0,4,0,9026,0
2608.0,fzp,1.0,3029,2447,582,1075.2704166666676,3,0,0,2,2,0,9029,0
2609.0,fzp,1.0,3029,2447,582,1075.9501388888898,2,1,0,1,2,0,9032,0
2610.0,fzp,1.0,3029,2442,587,1076.6291666666675,5,3,0,0,3,0,9040,0
2611.0,fzp,1.0,3029,2446,583,1077.3080555555564,1,2,0,3,4,0,9043,0
2612.0,fzp,1.0,3032,2450,582,1077.9880555555565,3,0,0,2,5,0,9046,0
2613.0,fzp,1.0,3034,2452,582,1078.6688888888898,5,0,0,2,5,0,9051,0
2614.0,fzp,1.0,3037,2455,582,1079.3504166666676,3,1,0,3,4,0,9055,0
2615.0,fzp,1.0,3041,2459,582,1080.0329166666675,2,0,0,2,4,0,9057,0
2616.0,fzp,1.0,3045,2461,584,1080.7162500000009,5,1,0,2,6,0,9063,0
2617.0,fzp,1.0,3047,2464,583,1081.4002777777787,3,1,0,3,4,0,9067,0
2618.0,fzp,1.0,3048,2464,584,1082.084722222223,4,0,0,0,4,0,9071,0
2619.0,fzp,1.0,3055,2467,588,1082.7695833333341,6,0,0,5,4,0,9077,0
2620.0,fzp,1.0,3057,2465,592,1083.454583333334,4,2,0,0,4,0,9083,0
2621.0,fzp,1.0,3061,2466,595,1084.1394444444452,5,4,0,3,7,0,9092,0
2622.0,fzp,1.0,3061,2464,597,1084.8241666666675,2,2,0,0,2,0,9096,0
2623.0,fzp,1.0,3068,2470,598,1085.5094444444453,3,0,0,2,7,0,9099,0
2624.0,fzp,1.0,3071,2470,601,1086.1955555555564,3,1,0,0,4,0,9103,0
2625.0,fzp,1.0,3075,2473,602,1086.8820833333343,4,0,0,2,5,0,9107,0
2626.0,fzp,1.0,3080,2475,605,1087.5693055555566,4,0,0,3,3,0,9111,0
2627.0,fzp,1.0,3082,2481,601,1088.25763888889,1,2,0,4,5,0,9114,0
2628.0,fzp,1.0,3086,2480,606,1088.9466666666676,5,1,0,1,4,0,9120,0
2629.0,fzp,1.0,3088,2481,607,1089.6356944444453,3,0,0,0,4,0,9123,0
2630.0,fzp,1.0,3088,2483,605,1090.3251388888898,3,2,0,3,4,0,9128,0
2631.0,fzp,1.0,3089,2483,606,1091.014861111112,4,1,0,1,4,0,9133,0
2632.0,fzp,1.0,3091,2483,608,1091.704583333334,3,2,0,0,5,0,9138,0
2633.0,fzp,1.0,3091,2484,607,1092.3944444444453,1,1,0,2,1,0,9140,0
2634.0,fzp,1.0,3092,2485,607,1093.0845833333342,2,1,0,1,3,0,9143,0
2635.0,fzp,1.0,3092,2481,611,1093.7743055555563,5,1,0,0,2,0,9149,0
2636.0,fzp,1.0,3095,2483,612,1094.4637500000008,2,2,0,2,4,0,9153,0
2637.0,fzp,1.0,3099,2480,619,1095.1530555555564,4,2,0,0,3,0,9159,0
2638.0,fzp,1.0,3101,2483,618,1095.842361111112,2,0,0,2,3,0,9161,0
2639.0,fzp,1.0,3106,2486,620,1096.532500000001,0,0,0,0,3,0,9161,0
2640.0,fzp,1.0,3109,2481,628,1097.2223611111121,8,2,0,0,5,0,9171,0
2641.0,fzp,1.0,3112,2485,627,1097.9120833333343,2,0,0,2,4,0,9173,0
2642.0,fzp,1.0,3112,2478,634,1098.60138888889,8,1,0,1,1,0,9182,0
2643.0,fzp,1.0,3115,2482,633,1099.2902777777788,0,0,0,1,3,0,9182,0
2644.0,fzp,1.0,3120,2484,636,1099.980000000001,5,0,0,2,5,0,9187,0
2645.0,fzp,1.0,3122,2484,638,1100.670000000001,3,1,0,0,4,0,9191,0
2646.0,fzp,1.0,3124,2487,637,1101.3604166666676,1,2,0,1,5,0,9194,0
2647.0,fzp,1.0,3130,2491,639,1102.0518055555565,3,1,0,3,5,0,9198,0
2648.0,fzp,1.0,3137,2494,643,1102.7441666666675,2,1,0,1,5,0,9201,0
2649.0,fzp,1.0,3140,2498,642,1103.437500000001,1,1,0,2,4,0,9203,0
2650.0,fzp,1.0,3141,2496,645,1104.131111111112,5,0,0,2,1,0,9208,0
2651.0,fzp,1.0,3144,2498,646,1104.824722222223,1,0,0,0,3,0,9209,0
2652.0,fzp,1.0,3142,2498,644,1105.518611111112,5,0,1,2,4,0,9214,0
2653.0,fzp,1.0,3143,2499,644,1106.2126388888898,1,0,0,0,2,0,9215,0
2654.0,fzp,1.0,3146,2498,648,1106.9066666666677,4,2,0,0,5,0,9221,0
2655.0,fzp,1.0,3148,2499,649,1107.6006944444455,0,1,0,0,2,0,9222,0
2656.0,fzp,1.0,3145,2500,645,1108.295000000001,1,2,0,1,3,0,9225,0
2657.0,fzp,1.0,3144,2505,639,1108.9901388888898,0,1,0,0,6,0,9226,0
2658.0,fzp,1.0,3146,2505,641,1109.6859722222232,4,2,0,2,4,0,9232,0
2659.0,fzp,1.0,3146,2502,644,1110.38138888889,4,3,0,0,4,0,9239,0
2660.0,fzp,1.0,3144,2501,643,1111.076250000001,2,3,0,1,3,0,9244,0
2661.0,fzp,1.0,3141,2496,645,1111.7702777777788,4,3,0,0,2,0,9251,0
2662.0,fzp,1.0,3139,2497,642,1112.463750000001,1,3,0,1,4,0,9255,0
2663.0,fzp,1.0,3134,2495,639,1113.1570833333344,7,3,0,7,1,0,9265,0
2664.0,fzp,1.0,3131,2490,641,1113.8494444444455,3,3,0,0,1,0,9271,0
2665.0,fzp,1.0,3132,2494,638,1114.5416666666677,3,0,0,3,4,0,9274,0
2666.0,fzp,1.0,3134,2494,640,1115.2344444444454,6,2,0,4,4,0,9282,0
2667.0,fzp,1.0,3137,2492,645,1115.9269444444456,8,3,0,5,4,0,9293,0
2668.0,fzp,1.0,3137,2488,649,1116.6186111111122,4,2,0,1,1,0,9299,0
2669.0,fzp,1.0,3139,2485,654,1117.3093055555566,7,1,0,1,4,0,9307,0
2670.0,fzp,1.0,3139,2485,654,1117.9995833333344,4,1,0,1,4,0,9312,0
2671.0,fzp,1.0,3135,2487,648,1118.69013888889,1,3,0,3,3,0,9316,0
2672.0,fzp,1.0,3133,2485,648,1119.3806944444457,0,4,0,0,2,0,9320,0
2673.0,fzp,1.0,3133,2491,642,1120.0718055555567,1,0,0,3,4,0,9321,0
2674.0,fzp,1.0,3129,2490,639,1120.7636111111121,2,3,0,1,3,0,9326,0
2675.0,fzp,1.0,3128,2489,639,1121.45513888889,4,2,0,0,5,0,9332,0
2676.0,fzp,1.0,3129,2486,643,1122.146111111112,5,2,0,1,3,0,9339,0
2677.0,fzp,1.0,3129,2486,643,1122.8366666666677,4,0,0,0,4,0,9343,0
2678.0,fzp,1.0,3131,2483,648,1123.5268055555566,6,1,0,1,3,0,9350,0
2679.0,fzp,1.0,3132,2481,651,1124.216250000001,6,2,0,2,4,0,9358,0
2680.0,fzp,1.0,3136,2479,657,1124.90513888889,5,0,0,0,3,0,9363,0
2681.0,fzp,1.0,3139,2482,657,1125.5941666666677,3,0,0,1,5,0,9366,0
2682.0,fzp,1.0,3137,2481,656,1126.2834722222233,3,0,0,1,1,0,9369,0
2683.0,fzp,1.0,3137,2478,659,1126.9722222222233,6,1,0,1,3,0,9376,0
2684.0,fzp,1.0,3137,2477,660,1127.6604166666677,3,1,0,2,1,0,9380,0
2685.0,fzp,1.0,3139,2481,658,1128.349027777779,1,0,0,1,4,0,9381,0
2686.0,fzp,1.0,3136,2477,659,1129.0376388888901,3,4,0,0,3,0,9388,0
2687.0,fzp,1.0,3139,2478,661,1129.7258333333345,3,2,0,2,4,0,9393,0
2688.0,fzp,1.0,3136,2478,658,1130.4141666666678,3,5,0,2,6,0,9401,0
2689.0,fzp,1.0,3142,2478,664,1131.102500000001,5,1,0,0,6,0,9407,0
2690.0,fzp,1.0,3135,2470,665,1131.7897222222234,8,2,0,1,1,0,9417,0
2691.0,fzp,1.0,3135,2470,665,1132.4758333333345,3,1,0,0,4,0,9421,0
2692.0,fzp,1.0,3136,2465,671,1133.1612500000012,8,2,0,1,4,0,9431,0
2693.0,fzp,1.0,3135,2466,669,1133.8461111111124,2,2,0,1,4,0,9435,0
2694.0,fzp,1.0,3136,2463,673,1134.5306944444458,5,3,1,0,6,0,9443,0
2695.0,fzp,1.0,3140,2466,674,1135.2152777777792,4,1,0,2,6,0,9448,0
2696.0,fzp,1.0,3149,2469,680,1135.900694444446,3,1,0,0,7,0,9452,0
2697.0,fzp,1.0,3146,2468,678,1136.5863888888903,4,0,1,3,1,0,9456,0
2698.0,fzp,1.0,3144,2469,675,1137.2720833333346,2,2,0,1,4,0,9460,0
2699.0,fzp,1.0,3144,2467,677,1137.9576388888902,3,4,0,0,5,0,9467,0
2700.0,fzp,1.0,3142,2462,680,1138.6422222222236,2,2,2,0,1,0,9471,0
2701.0,fzp,1.0,3139,2462,677,1139.3261111111126,2,2,0,1,3,0,9475,0
2702.0,fzp,1.0,3139,2465,674,1140.010416666668,5,2,0,5,5,0,9482,0
2703.0,fzp,1.0,3132,2463,669,1140.6948611111125,0,4,0,1,1,0,9486,0
2704.0,fzp,1.0,3127,2457,670,1141.3781944444459,5,4,0,1,2,0,9495,0
2705.0,fzp,1.0,3127,2457,670,1142.0606944444457,2,3,1,2,4,0,9500,0
2706.0,fzp,1.0,3130,2457,673,1142.7431944444456,3,3,0,1,5,0,9506,0
2707.0,fzp,1.0,3128,2462,666,1143.4263888888902,0,1,0,4,2,0,9507,0
2708.0,fzp,1.0,3126,2461,665,1144.11013888889,3,4,0,3,3,0,9514,0
2709.0,fzp,1.0,3132,2461,671,1144.7937500000012,7,3,0,3,7,0,9524,0
2710.0,fzp,1.0,3129,2463,666,1145.4776388888902,1,2,0,2,3,0,9527,0
2711.0,fzp,1.0,3123,2462,661,1146.161666666668,2,1,1,1,2,0,9530,0
2712.0,fzp,1.0,3123,2471,652,1146.8468055555568,1,0,0,6,4,0,9531,0
2713.0,fzp,1.0,3127,2476,651,1147.53388888889,3,0,0,1,7,0,9534,0
2714.0,fzp,1.0,3129,2479,650,1148.2220833333345,3,1,0,3,4,0,9538,0
2715.0,fzp,1.0,3128,2486,642,1148.9116666666678,1,0,0,6,2,0,9539,0
2716.0,fzp,1.0,3125,2490,635,1149.6027777777788,3,1,0,3,5,0,9543,0
2717.0,fzp,1.0,3122,2492,630,1150.2947222222233,5,2,0,5,4,0,9550,0
2718.0,fzp,1.0,3122,2496,626,1150.987500000001,1,1,0,2,4,0,9552,0
2719.0,fzp,1.0,3124,2503,621,1151.6818055555566,0,1,0,3,5,0,9553,0
2720.0,fzp,1.0,3124,2504,620,1152.3772222222233,4,1,0,2,4,0,9558,0
2721.0,fzp,1.0,3124,2509,615,1153.0734722222232,2,1,0,3,5,0,9561,0
2722.0,fzp,1.0,3122,2510,612,1153.7705555555565,4,0,0,1,4,0,9565,0
2723.0,fzp,1.0,3125,2514,611,1154.4683333333342,1,0,0,2,3,0,9566,0
2724.0,fzp,1.0,3130,2517,613,1155.1670833333342,2,0,0,1,4,0,9568,0
2725.0,fzp,1.0,3133,2518,615,1155.8663888888898,1,0,0,0,2,0,9569,0
2726.0,fzp,1.0,3135,2526,609,1156.5669444444454,0,1,0,5,4,0,9570,0
2727.0,fzp,1.0,3138,2530,608,1157.2691666666676,3,0,0,3,4,0,9573,0
2728.0,fzp,1.0,3134,2530,604,1157.9719444444454,2,1,0,1,2,0,9576,0
2729.0,fzp,1.0,3131,2530,601,1158.6747222222232,0,1,0,0,1,0,9577,0
2730.0,fzp,1.0,3133,2535,598,1159.3781944444454,1,1,0,1,6,0,9579,0
2731.0,fzp,1.0,3130,2534,596,1160.0822222222232,0,3,0,2,0,0,9582,0
2732.0,fzp,1.0,3129,2532,597,1160.7858333333343,2,3,0,1,2,0,9587,0
2733.0,fzp,1.0,3134,2536,598,1161.4897222222232,2,1,0,0,7,0,9590,0
2734.0,fzp,1.0,3134,2535,599,1162.1940277777787,2,1,0,0,2,0,9593,0
2735.0,fzp,1.0,3133,2536,597,1162.8983333333342,1,2,0,1,3,0,9596,0
2736.0,fzp,1.0,3133,2538,595,1163.6030555555565,1,1,0,2,2,0,9598,0
2737.0,fzp,1.0,3132,2539,593,1164.3081944444455,1,2,0,2,2,0,9601,0
2738.0,fzp,1.0,3137,2536,601,1165.0130555555565,5,2,0,1,3,0,9608,0
2739.0,fzp,1.0,3135,2538,597,1165.7177777777788,1,3,0,1,5,0,9612,0
2740.0,fzp,1.0,3129,2535,594,1166.4223611111122,0,4,0,1,0,0,9616,0
2741.0,fzp,1.0,3121,2534,587,1167.12638888889,2,1,0,1,1,0,9619,0
2742.0,fzp,1.0,3120,2536,584,1167.8305555555567,1,1,0,1,3,0,9621,0
2743.0,fzp,1.0,3118,2537,581,1168.53513888889,1,1,0,1,2,0,9623,0
2744.0,fzp,1.0,3118,2538,580,1169.2400000000011,2,2,0,0,5,0,9627,0
2745.0,fzp,1.0,3117,2538,579,1169.945000000001,2,3,0,2,3,0,9632,0
2746.0,fzp,1.0,3117,2539,578,1170.65013888889,4,1,0,2,4,0,9637,0
2747.0,fzp,1.0,3116,2536,580,1171.3550000000012,7,1,0,1,4,0,9645,0
2748.0,fzp,1.0,3120,2539,581,1172.0598611111122,3,0,0,2,4,0,9648,0
2749.0,fzp,1.0,3120,2537,583,1172.7648611111122,1,3,1,0,3,0,9652,0
2750.0,fzp,1.0,3116,2536,580,1173.4694444444456,4,2,0,2,3,0,9658,0
2751.0,fzp,1.0,3117,2538,579,1174.1741666666678,2,2,0,2,4,0,9662,0
2752.0,fzp,1.0,3114,2538,576,1174.8791666666677,4,2,0,2,4,0,9668,0
2753.0,fzp,1.0,3111,2537,574,1175.5840277777788,2,4,0,1,4,0,9674,0
2754.0,fzp,1.0,3119,2543,576,1176.2895833333343,2,0,0,0,8,0,9676,0
2755.0,fzp,1.0,3113,2541,572,1176.9956944444455,4,1,0,1,2,0,9681,0
2756.0,fzp,1.0,3113,2543,570,1177.7018055555566,3,0,0,0,5,0,9684,0
2757.0,fzp,1.0,3114,2547,567,1178.408750000001,2,0,0,1,5,0,9686,0
2758.0,fzp,1.0,3113,2546,567,1179.116111111112,4,2,0,1,4,0,9692,0
2759.0,fzp,1.0,3114,2545,569,1179.8231944444453,2,2,0,0,3,0,9696,0
2760.0,fzp,1.0,3113,2544,569,1180.5300000000009,2,2,0,1,2,0,9700,0
2761.0,fzp,1.0,3109,2541,568,1181.2362500000008,5,2,0,1,3,0,9707,0
2762.0,fzp,1.0,3109,2544,565,1181.9425000000008,2,1,0,1,5,0,9710,0
2763.0,fzp,1.0,3110,2544,566,1182.6491666666675,3,1,0,0,4,0,9714,0
2764.0,fzp,1.0,3115,2545,570,1183.355972222223,5,3,0,3,6,0,9722,0
2765.0,fzp,1.0,3120,2546,574,1184.0630555555563,2,0,0,0,3,0,9724,0
2766.0,fzp,1.0,3123,2548,575,1184.7705555555563,3,4,0,2,7,0,9731,0
2767.0,fzp,1.0,3125,2544,581,1185.4777777777786,5,0,0,0,1,0,9736,0
2768.0,fzp,1.0,3131,2546,585,1186.184722222223,4,2,0,1,7,0,9742,0
2769.0,fzp,1.0,3139,2546,593,1186.8919444444452,9,2,0,4,7,0,9753,0
2770.0,fzp,1.0,3137,2543,594,1187.5987500000008,3,4,0,2,2,0,9760,0
2771.0,fzp,1.0,3138,2541,597,1188.304861111112,6,0,0,2,2,0,9766,0
2772.0,fzp,1.0,3140,2545,595,1189.0112500000007,2,1,0,3,4,0,9769,0
2773.0,fzp,1.0,3144,2545,599,1189.718194444445,4,3,0,2,5,0,9776,0
2774.0,fzp,1.0,3144,2544,600,1190.4250000000006,5,1,0,2,3,0,9782,0
2775.0,fzp,1.0,3148,2546,602,1191.131944444445,3,0,0,0,5,0,9785,0
2776.0,fzp,1.0,3152,2541,611,1191.838472222223,8,1,0,2,2,0,9794,0
2777.0,fzp,1.0,3154,2540,614,1192.5441666666673,3,1,0,0,3,0,9798,0
2778.0,fzp,1.0,3155,2539,616,1193.249583333334,6,1,0,2,4,0,9805,0
2779.0,fzp,1.0,3154,2540,614,1193.9550000000006,3,2,0,3,3,0,9810,0
2780.0,fzp,1.0,3156,2541,615,1194.660694444445,3,2,0,2,4,0,9815,0
2781.0,fzp,1.0,3154,2539,615,1195.3662500000005,4,3,0,2,3,0,9822,0
2782.0,fzp,1.0,3157,2538,619,1196.0713888888895,4,2,0,2,3,0,9828,0
2783.0,fzp,1.0,3155,2539,616,1196.7765277777785,3,1,1,2,4,0,9832,0
2784.0,fzp,1.0,3155,2538,617,1197.4816666666675,5,4,0,3,5,0,9841,0
2785.0,fzp,1.0,3154,2534,620,1198.1861111111118,4,3,0,0,3,0,9848,0
2786.0,fzp,1.0,3160,2536,624,1198.8902777777785,4,0,0,1,5,0,9852,0
2787.0,fzp,1.0,3163,2540,623,1199.5952777777784,2,1,0,2,5,0,9855,0
2788.0,fzp,1.0,3164,2536,628,1200.3002777777783,6,1,0,0,3,0,9862,0
2789.0,fzp,1.0,3162,2536,626,1201.0047222222227,1,2,0,1,2,0,9865,0
2790.0,fzp,1.0,3164,2534,630,1201.7088888888893,6,1,0,3,2,0,9872,0
2791.0,fzp,1.0,3158,2533,625,1202.4126388888892,3,2,0,1,3,0,9877,0
2792.0,fzp,1.0,3160,2532,628,1203.1161111111114,3,2,0,0,4,0,9882,0
2793.0,fzp,1.0,3162,2535,627,1203.8198611111113,3,0,0,1,5,0,9885,0
2794.0,fzp,1.0,3164,2535,629,1204.524027777778,3,1,0,1,3,0,9889,0
2795.0,fzp,1.0,3165,2535,630,1205.2281944444446,1,2,0,0,3,0,9892,0
2796.0,fzp,1.0,3170,2537,633,1205.932638888889,1,2,0,1,4,0,9895,0
2797.0,fzp,1.0,3174,2542,632,1206.6380555555556,1,1,0,2,5,0,9897,0
2798.0,fzp,1.0,3171,2538,633,1207.3436111111112,3,4,1,1,3,0,9904,0
2799.0,fzp,1.0,3175,2537,638,1208.0484722222222,4,3,0,1,5,0,9911,0
2800.0,fzp,1.0,3170,2535,635,1208.7529166666666,2,2,0,0,2,0,9915,0
2801.0,fzp,1.0,3171,2534,637,1209.4569444444444,6,0,0,1,4,0,9921,0
2802.0,fzp,1.0,3174,2534,640,1210.1608333333334,2,1,0,0,3,0,9924,0
2803.0,fzp,1.0,3177,2535,642,1210.8648611111112,5,1,0,2,5,0,9930,0
2804.0,fzp,1.0,3175,2533,642,1211.5687500000001,3,1,0,0,2,0,9934,0
2805.0,fzp,1.0,3175,2534,641,1212.2725,1,2,0,0,4,0,9937,0
2806.0,fzp,1.0,3175,2533,642,1212.97625,2,2,0,0,3,0,9941,0
2807.0,fzp,1.0,3173,2535,638,1213.680138888889,2,0,0,2,2,0,9943,0
2808.0,fzp,1.0,3175,2536,639,1214.3844444444444,4,0,0,0,5,0,9947,0
2809.0,fzp,1.0,3173,2535,638,1215.08875,1,1,0,0,1,0,9949,0
2810.0,fzp,1.0,3171,2535,636,1215.7929166666665,1,5,0,1,5,0,9955,0
2811.0,fzp,1.0,3175,2534,641,1216.4969444444444,4,0,0,0,3,0,9959,0
2812.0,fzp,1.0,3170,2531,639,1217.2004166666666,2,4,0,0,3,0,9965,0
2813.0,fzp,1.0,3171,2537,634,1217.9043055555555,6,2,0,8,6,0,9973,0
2814.0,fzp,1.0,3171,2535,636,1218.6087499999999,2,2,0,0,2,0,9977,0
2815.0,fzp,1.0,3168,2537,631,1219.3131944444442,4,2,0,5,3,0,9983,0
2816.0,fzp,1.0,3170,2538,632,1220.0180555555553,6,0,0,2,5,0,9989,0
2817.0,fzp,1.0,3170,2539,631,1220.7231944444443,5,1,0,4,3,0,9995,0
2818.0,fzp,1.0,3174,2539,635,1221.4284722222221,5,1,0,1,5,0,10001,0
2819.0,fzp,1.0,3181,2545,636,1222.1345833333332,3,0,0,4,5,0,10004,0
2820.0,fzp,1.0,3180,2540,640,1222.8408333333332,5,2,0,1,1,0,10011,0
2821.0,fzp,1.0,3179,2539,640,1223.5462499999999,3,3,0,2,3,0,10017,0
2822.0,fzp,1.0,3175,2536,639,1224.251111111111,5,1,0,1,2,0,10023,0
2823.0,fzp,1.0,3178,2536,642,1224.9555555555553,3,2,0,1,4,0,10028,0
2824.0,fzp,1.0,3168,2533,635,1225.659583333333,4,2,0,1,2,0,10034,0
2825.0,fzp,1.0,3174,2535,639,1226.363472222222,3,0,0,1,4,0,10037,0
2826.0,fzp,1.0,3175,2532,643,1227.067222222222,4,2,0,1,2,0,10043,0
2827.0,fzp,1.0,3175,2536,639,1227.771111111111,2,2,0,2,6,0,10047,0
2828.0,fzp,1.0,3173,2537,636,1228.4756944444443,1,2,0,2,2,0,10050,0
2829.0,fzp,1.0,3173,2538,635,1229.1805555555554,3,2,0,3,3,0,10055,0
2830.0,fzp,1.0,3177,2539,638,1229.8856944444444,5,1,0,3,4,0,10061,0
2831.0,fzp,1.0,3178,2540,638,1230.591111111111,2,1,0,1,3,0,10064,0
2832.0,fzp,1.0,3179,2538,641,1231.296388888889,3,2,0,1,2,0,10069,0
2833.0,fzp,1.0,3174,2534,640,1232.0008333333333,6,0,0,2,0,0,10075,0
2834.0,fzp,1.0,3175,2534,641,1232.7047222222222,3,1,0,0,4,0,10079,0
2835.0,fzp,1.0,3174,2532,642,1233.4083333333333,2,2,0,0,2,0,10083,0
2836.0,fzp,1.0,3174,2535,639,1234.1120833333332,2,0,0,2,3,0,10085,0
2837.0,fzp,1.0,3170,2533,637,1234.8159722222222,3,2,0,2,1,0,10090,0
2838.0,fzp,1.0,3169,2532,637,1235.5194444444444,3,1,0,0,3,0,10094,0
2839.0,fzp,1.0,3167,2529,638,1236.222361111111,3,0,0,0,0,0,10097,0
2840.0,fzp,1.0,3167,2526,641,1236.9244444444444,4,2,0,0,3,0,10103,0
2841.0,fzp,1.0,3167,2528,639,1237.6263888888889,3,0,0,3,2,0,10106,0
2842.0,fzp,1.0,3169,2525,644,1238.3281944444445,5,2,1,0,5,0,10113,0
2843.0,fzp,1.0,3171,2524,647,1239.0294444444446,3,1,0,0,3,0,10117,0
2844.0,fzp,1.0,3168,2518,650,1239.7297222222223,5,2,1,0,2,0,10124,0
2845.0,fzp,1.0,3169,2522,647,1240.4297222222224,0,0,0,0,4,0,10124,0
2846.0,fzp,1.0,3169,2517,652,1241.1295833333336,8,1,1,0,5,0,10133,0
2847.0,fzp,1.0,3160,2513,647,1241.8281944444448,3,1,1,0,1,0,10137,0
2848.0,fzp,1.0,3157,2508,649,1242.525555555556,6,1,0,0,2,0,10144,0
2849.0,fzp,1.0,3159,2507,652,1243.2220833333338,3,0,0,0,2,0,10147,0
2850.0,fzp,1.0,3158,2508,650,1243.9186111111117,3,1,0,0,5,0,10151,0
2851.0,fzp,1.0,3155,2508,647,1244.6152777777784,3,0,0,1,2,0,10154,0
2852.0,fzp,1.0,3155,2508,647,1245.311944444445,5,2,0,3,4,0,10161,0
2853.0,fzp,1.0,3155,2508,647,1246.0086111111118,2,1,0,1,2,0,10164,0
2854.0,fzp,1.0,3147,2507,640,1246.7051388888897,2,3,0,2,2,0,10169,0
2855.0,fzp,1.0,3146,2506,640,1247.4013888888896,1,1,0,0,1,0,10171,0
2856.0,fzp,1.0,3143,2507,636,1248.0976388888896,2,2,0,2,3,0,10175,0
2857.0,fzp,1.0,3144,2508,636,1248.7941666666675,4,1,0,1,5,0,10180,0
2858.0,fzp,1.0,3144,2506,638,1249.4905555555563,5,0,0,2,1,0,10185,0
2859.0,fzp,1.0,3147,2508,639,1250.186944444445,3,3,0,1,7,0,10191,0
2860.0,fzp,1.0,3142,2507,635,1250.883472222223,6,2,0,3,4,0,10199,0
2861.0,fzp,1.0,3139,2504,635,1251.5794444444452,4,3,0,1,3,0,10206,0
2862.0,fzp,1.0,3134,2503,631,1252.274861111112,3,4,0,3,3,0,10213,0
2863.0,fzp,1.0,3130,2499,631,1252.9695833333342,4,4,0,1,3,0,10221,0
2864.0,fzp,1.0,3124,2495,629,1253.6631944444453,4,1,1,1,1,0,10226,0
2865.0,fzp,1.0,3126,2500,626,1254.3569444444452,1,1,0,1,6,0,10228,0
2866.0,fzp,1.0,3124,2498,626,1255.0511111111118,1,4,0,0,3,0,10233,0
2867.0,fzp,1.0,3125,2497,628,1255.7448611111117,2,1,1,1,2,0,10236,0
2868.0,fzp,1.0,3124,2500,624,1256.4388888888896,1,1,0,3,2,0,10238,0
2869.0,fzp,1.0,3121,2501,620,1257.133472222223,2,2,0,2,3,0,10242,0
2870.0,fzp,1.0,3121,2505,616,1257.8287500000008,1,0,0,2,3,0,10243,0
2871.0,fzp,1.0,3122,2508,614,1258.5250000000008,2,0,0,1,4,0,10245,0
2872.0,fzp,1.0,3122,2511,611,1259.222083333334,1,1,0,1,4,0,10247,0
2873.0,fzp,1.0,3123,2516,607,1259.9202777777784,1,0,0,2,4,0,10248,0
2874.0,fzp,1.0,3124,2520,604,1260.619722222223,2,2,0,4,4,0,10252,0
2875.0,fzp,1.0,3127,2521,606,1261.3198611111118,3,2,0,0,6,0,10257,0
2876.0,fzp,1.0,3122,2522,600,1262.0202777777783,1,3,0,3,2,0,10261,0
2877.0,fzp,1.0,3119,2521,598,1262.720694444445,2,5,0,2,4,0,10268,0
2878.0,fzp,1.0,3113,2523,590,1263.4212500000006,0,3,0,2,3,0,10271,0
2879.0,fzp,1.0,3115,2527,588,1264.1226388888895,1,2,0,3,4,0,10274,0
2880.0,fzp,1.0,3114,2530,584,1264.8250000000005,2,1,0,3,3,0,10277,0
2881.0,fzp,1.0,3113,2532,581,1265.528055555556,1,1,0,1,3,0,10279,0
2882.0,fzp,1.0,3112,2536,576,1266.231944444445,1,0,0,3,2,0,10280,0
2883.0,fzp,1.0,3115,2538,577,1266.9366666666672,1,2,0,1,4,0,10283,0
2884.0,fzp,1.0,3112,2539,573,1267.6418055555562,1,3,0,3,2,0,10287,0
2885.0,fzp,1.0,3112,2544,568,1268.3477777777784,1,0,0,4,2,0,10288,0
2886.0,fzp,1.0,3108,2541,567,1269.0540277777784,4,3,0,3,1,0,10295,0
2887.0,fzp,1.0,3105,2545,560,1269.7604166666672,1,2,0,2,5,0,10298,0
2888.0,fzp,1.0,3103,2546,557,1270.4675000000004,0,2,0,0,3,0,10300,0
2889.0,fzp,1.0,3101,2546,555,1271.1747222222227,2,1,0,0,3,0,10303,0
2890.0,fzp,1.0,3101,2550,551,1271.8825000000004,3,2,0,3,6,0,10308,0
2891.0,fzp,1.0,3104,2556,548,1272.5916666666672,1,2,0,3,6,0,10311,0
2892.0,fzp,1.0,3104,2558,546,1273.3019444444449,1,1,0,1,3,0,10313,0
2893.0,fzp,1.0,3102,2561,541,1274.012916666667,1,1,0,1,4,0,10315,0
2894.0,fzp,1.0,3104,2566,538,1274.7250000000004,2,0,0,1,6,0,10317,0
2895.0,fzp,1.0,3102,2570,532,1275.4383333333337,2,1,0,2,5,0,10320,0
2896.0,fzp,1.0,3100,2570,530,1276.1522222222227,3,3,0,3,3,0,10326,0
2897.0,fzp,1.0,3101,2570,531,1276.8661111111116,4,1,1,2,4,0,10331,0
2898.0,fzp,1.0,3101,2570,531,1277.5800000000006,3,1,0,0,4,0,10335,0
2899.0,fzp,1.0,3100,2570,530,1278.2938888888896,4,1,0,1,4,0,10340,0
2900.0,fzp,1.0,3102,2570,532,1279.0077777777785,2,1,0,0,3,0,10343,0
2901.0,fzp,1.0,3105,2573,532,1279.722083333334,5,1,0,3,6,0,10349,0
2902.0,fzp,1.0,3105,2572,533,1280.4366666666674,2,1,0,0,2,0,10352,0
2903.0,fzp,1.0,3101,2568,533,1281.1505555555564,6,1,0,1,2,0,10359,0
2904.0,fzp,1.0,3102,2575,527,1281.8648611111118,0,0,0,1,6,0,10359,0
2905.0,fzp,1.0,3103,2568,535,1282.5791666666673,7,2,0,0,2,0,10368,0
2906.0,fzp,1.0,3103,2570,533,1283.2927777777784,1,3,0,1,5,0,10372,0
2907.0,fzp,1.0,3102,2569,533,1284.0065277777783,4,2,0,2,3,0,10378,0
2908.0,fzp,1.0,3103,2570,533,1284.7202777777782,3,1,0,2,3,0,10382,0
2909.0,fzp,1.0,3102,2571,531,1285.434305555556,3,2,0,2,4,0,10387,0
2910.0,fzp,1.0,3104,2577,527,1286.1493055555559,0,2,0,3,5,0,10389,0
2911.0,fzp,1.0,3104,2579,525,1286.865416666667,2,1,0,1,4,0,10392,0
2912.0,fzp,1.0,3112,2587,525,1287.582916666667,1,0,0,3,6,0,10393,0
2913.0,fzp,1.0,3111,2587,524,1288.3015277777781,3,1,0,1,3,0,10397,0
2914.0,fzp,1.0,3114,2587,527,1289.0201388888893,1,1,0,1,1,0,10399,0
2915.0,fzp,1.0,3117,2592,525,1289.7394444444449,2,0,0,2,5,0,10401,0
2916.0,fzp,1.0,3119,2597,522,1290.4601388888893,0,0,0,2,3,0,10401,0
2917.0,fzp,1.0,3121,2598,523,1291.181666666667,2,2,0,1,4,0,10405,0
2918.0,fzp,1.0,3124,2599,525,1291.9034722222227,3,1,0,1,4,0,10409,0
2919.0,fzp,1.0,3130,2602,528,1292.6258333333337,7,1,0,3,8,0,10417,0
2920.0,fzp,1.0,3135,2605,530,1293.3490277777782,1,1,0,2,3,0,10419,0
2921.0,fzp,1.0,3139,2611,528,1294.0734722222228,3,1,0,2,8,0,10423,0
2922.0,fzp,1.0,3137,2611,526,1294.7987500000006,2,0,0,1,1,0,10425,0
2923.0,fzp,1.0,3140,2615,525,1295.524583333334,3,1,0,2,6,0,10429,0
2924.0,fzp,1.0,3141,2620,521,1296.2516666666675,3,0,0,3,5,0,10432,0
2925.0,fzp,1.0,3141,2620,521,1296.9794444444453,2,4,0,2,4,0,10438,0
2926.0,fzp,1.0,3142,2618,524,1297.7069444444453,5,2,0,1,4,0,10445,0
2927.0,fzp,1.0,3141,2615,526,1298.4337500000008,4,2,0,1,2,0,10451,0
2928.0,fzp,1.0,3143,2613,530,1299.159861111112,3,1,0,0,2,0,10455,0
2929.0,fzp,1.0,3143,2610,533,1299.8852777777786,3,3,0,1,2,0,10461,0
2930.0,fzp,1.0,3148,2611,537,1300.6104166666676,5,0,0,2,4,0,10466,0
2931.0,fzp,1.0,3153,2616,537,1301.3363888888898,2,0,0,2,5,0,10468,0
2932.0,fzp,1.0,3155,2615,540,1302.0629166666677,3,3,0,2,3,0,10474,0
2933.0,fzp,1.0,3153,2614,539,1302.7891666666676,2,2,0,2,1,0,10478,0
2934.0,fzp,1.0,3154,2614,540,1303.5152777777787,2,1,0,1,2,0,10481,0
2935.0,fzp,1.0,3155,2616,539,1304.2416666666675,0,2,0,2,2,0,10483,0
2936.0,fzp,1.0,3158,2623,535,1304.9693055555563,3,1,0,4,7,0,10487,0
2937.0,fzp,1.0,3162,2628,534,1305.6986111111119,1,0,0,3,3,0,10488,0
2938.0,fzp,1.0,3163,2627,536,1306.428472222223,4,1,0,2,2,0,10493,0
2939.0,fzp,1.0,3164,2627,537,1307.1581944444454,2,4,0,3,3,0,10499,0
2940.0,fzp,1.0,3164,2622,542,1307.887222222223,6,1,0,2,0,0,10506,0
2941.0,fzp,1.0,3165,2627,538,1308.6162500000007,1,0,0,4,2,0,10507,0
2942.0,fzp,1.0,3165,2621,544,1309.3451388888896,6,2,0,2,0,0,10515,0
2943.0,fzp,1.0,3162,2618,544,1310.0727777777784,5,0,0,1,1,0,10520,0
2944.0,fzp,1.0,3162,2618,544,1310.8000000000006,4,0,0,1,3,0,10524,0
2945.0,fzp,1.0,3164,2621,543,1311.5276388888894,4,0,0,2,5,0,10528,0
2946.0,fzp,1.0,3159,2615,544,1312.2548611111117,2,3,1,0,0,0,10533,0
2947.0,fzp,1.0,3162,2615,547,1312.9812500000005,4,1,0,2,3,0,10538,0
2948.0,fzp,1.0,3161,2614,547,1313.7075000000004,2,3,0,1,3,0,10543,0
2949.0,fzp,1.0,3159,2609,550,1314.432916666667,6,1,0,2,0,0,10550,0
2950.0,fzp,1.0,3161,2606,555,1315.1572222222226,3,1,1,0,2,0,10554,0
2951.0,fzp,1.0,3167,2608,559,1315.8813888888892,3,0,0,0,5,0,10557,0
2952.0,fzp,1.0,3170,2610,560,1316.6061111111114,1,2,0,0,5,0,10560,0
2953.0,fzp,1.0,3174,2611,563,1317.3312500000004,2,1,0,0,4,0,10563,0
2954.0,fzp,1.0,3175,2613,562,1318.056805555556,1,0,0,0,3,0,10564,0
2955.0,fzp,1.0,3174,2609,565,1318.7820833333337,5,1,0,0,2,0,10570,0
2956.0,fzp,1.0,3175,2607,568,1319.5065277777783,4,1,0,0,3,0,10575,0
2957.0,fzp,1.0,3179,2609,570,1320.2309722222228,1,1,0,0,4,0,10577,0
2958.0,fzp,1.0,3186,2613,573,1320.9562500000006,1,0,0,0,5,0,10578,0
2959.0,fzp,1.0,3187,2615,572,1321.6823611111117,1,0,0,1,2,0,10579,0
2960.0,fzp,1.0,3186,2611,575,1322.4081944444451,4,2,0,0,2,0,10585,0
2961.0,fzp,1.0,3188,2613,575,1323.1337500000006,0,1,0,0,3,0,10586,0
2962.0,fzp,1.0,3193,2617,576,1323.8601388888894,1,1,0,1,5,0,10588,0
2963.0,fzp,1.0,3192,2620,572,1324.5875000000005,6,2,0,7,4,0,10596,0
2964.0,fzp,1.0,3195,2621,574,1325.3154166666673,3,1,0,0,5,0,10600,0
2965.0,fzp,1.0,3195,2622,573,1326.0436111111117,2,2,0,3,2,0,10604,0
2966.0,fzp,1.0,3199,2625,574,1326.7723611111116,4,0,0,5,2,0,10608,0
2967.0,fzp,1.0,3199,2625,574,1327.5015277777784,4,1,0,2,3,0,10613,0
2968.0,fzp,1.0,3200,2627,573,1328.2309722222228,1,2,0,2,3,0,10616,0
2969.0,fzp,1.0,3200,2630,570,1328.9611111111117,2,1,0,3,3,0,10619,0
2970.0,fzp,1.0,3202,2632,570,1329.691944444445,2,2,0,1,5,0,10623,0
2971.0,fzp,1.0,3206,2633,573,1330.423194444445,4,1,0,2,4,0,10628,0
2972.0,fzp,1.0,3207,2636,571,1331.1550000000007,1,0,0,0,4,0,10629,0
2973.0,fzp,1.0,3210,2640,570,1331.8877777777784,2,1,0,2,5,0,10632,0
2974.0,fzp,1.0,3208,2640,568,1332.6211111111118,3,1,1,1,4,0,10636,0
2975.0,fzp,1.0,3210,2639,571,1333.3543055555563,4,1,0,1,3,0,10641,0
2976.0,fzp,1.0,3213,2645,568,1334.0881944444452,0,1,0,2,5,0,10642,0
2977.0,fzp,1.0,3214,2643,571,1334.8226388888897,4,0,0,0,2,0,10646,0
2978.0,fzp,1.0,3211,2642,569,1335.5566666666675,1,3,0,0,3,0,10650,0
2979.0,fzp,1.0,3213,2642,571,1336.2905555555565,3,3,0,1,5,0,10656,0
2980.0,fzp,1.0,3212,2641,571,1337.0243055555566,3,2,0,2,2,0,10661,0
2981.0,fzp,1.0,3208,2639,569,1337.75763888889,2,3,0,1,2,0,10666,0
2982.0,fzp,1.0,3207,2635,572,1338.49013888889,5,2,0,0,3,0,10673,0
2983.0,fzp,1.0,3208,2631,577,1339.2215277777789,4,3,0,1,2,0,10680,0
2984.0,fzp,1.0,3213,2636,577,1339.9530555555566,2,0,0,2,5,0,10682,0
2985.0,fzp,1.0,3219,2635,584,1340.68513888889,6,0,0,0,5,0,10688,0
2986.0,fzp,1.0,3219,2635,584,1341.4170833333344,2,2,0,0,4,0,10692,0
2987.0,fzp,1.0,3226,2637,589,1342.1493055555566,5,0,0,1,6,0,10697,0
2988.0,fzp,1.0,3224,2639,585,1342.8820833333343,1,1,0,0,4,0,10699,0
2989.0,fzp,1.0,3227,2637,590,1343.614861111112,5,0,0,0,3,0,10704,0
2990.0,fzp,1.0,3233,2638,595,1344.347500000001,5,0,0,0,6,0,10709,0
2991.0,fzp,1.0,3235,2634,601,1345.0797222222232,7,1,0,0,4,0,10717,0
2992.0,fzp,1.0,3238,2630,608,1345.8108333333344,9,1,0,1,5,0,10727,0
2993.0,fzp,1.0,3245,2628,617,1346.541111111112,7,0,0,0,5,0,10734,0
2994.0,fzp,1.0,3241,2624,617,1347.2705555555565,4,2,0,0,2,0,10740,0
2995.0,fzp,1.0,3241,2623,618,1347.9993055555565,3,1,1,1,3,0,10744,0
2996.0,fzp,1.0,3239,2618,621,1348.7272222222232,6,2,0,0,3,0,10752,0
2997.0,fzp,1.0,3235,2616,619,1349.4541666666676,2,1,1,0,2,0,10755,0
2998.0,fzp,1.0,3234,2615,619,1350.1806944444454,3,0,0,0,2,0,10758,0
2999.0,fzp,1.0,3232,2616,616,1350.9072222222233,1,3,1,0,6,0,10762,0
3000.0,fzp,1.0,3231,2614,617,1351.633611111112,4,1,0,1,2,0,10767,0
3001.0,fzp,1.0,3225,2614,611,1352.3597222222231,0,1,0,0,1,0,10768,0
3002.0,fzp,1.0,3226,2614,612,1353.0858333333342,6,0,0,3,3,0,10774,0
3003.0,fzp,1.0,3226,2614,612,1353.8119444444453,1,1,0,0,2,0,10776,0
3004.0,fzp,1.0,3220,2610,610,1354.5375000000008,4,4,0,1,3,0,10784,0
3005.0,fzp,1.0,3223,2614,609,1355.2630555555563,2,1,0,1,6,0,10787,0
3006.0,fzp,1.0,3223,2613,610,1355.9890277777786,4,0,0,1,2,0,10791,0
3007.0,fzp,1.0,3220,2612,608,1356.714722222223,2,2,0,2,1,0,10795,0
3008.0,fzp,1.0,3220,2616,604,1357.440833333334,2,0,0,2,4,0,10797,0
3009.0,fzp,1.0,3220,2620,600,1358.1680555555563,2,1,0,3,4,0,10800,0
3010.0,fzp,1.0,3216,2617,599,1358.8954166666674,6,1,0,1,3,0,10807,0
3011.0,fzp,1.0,3220,2622,598,1359.6230555555562,0,0,0,0,5,0,10807,0
3012.0,fzp,1.0,3220,2619,601,1360.350972222223,6,0,0,1,2,0,10813,0
3013.0,fzp,1.0,3216,2619,597,1361.078472222223,3,2,0,2,3,0,10818,0
3014.0,fzp,1.0,3206,2615,591,1361.8054166666673,5,3,0,1,3,0,10826,0
3015.0,fzp,1.0,3202,2611,591,1362.5312500000007,4,5,0,1,4,0,10835,0
3016.0,fzp,1.0,3197,2609,588,1363.2562500000006,5,3,0,2,4,0,10843,0
3017.0,fzp,1.0,3200,2608,592,1363.980833333334,4,1,0,0,4,0,10848,0
3018.0,fzp,1.0,3197,2608,589,1364.7052777777785,4,0,0,1,3,0,10852,0
3019.0,fzp,1.0,3203,2611,592,1365.4301388888896,2,0,0,0,5,0,10854,0
3020.0,fzp,1.0,3205,2613,592,1366.155694444445,2,1,0,0,5,0,10857,0
3021.0,fzp,1.0,3208,2613,595,1366.8815277777785,3,1,0,0,4,0,10861,0
3022.0,fzp,1.0,3207,2614,593,1367.6075000000008,2,2,0,0,5,0,10865,0
3023.0,fzp,1.0,3207,2617,590,1368.3340277777786,2,0,0,1,4,0,10867,0
3024.0,fzp,1.0,3204,2617,587,1369.060972222223,3,0,0,1,2,0,10870,0
3025.0,fzp,1.0,3201,2616,585,1369.7877777777785,2,2,0,0,3,0,10874,0
3026.0,fzp,1.0,3202,2617,585,1370.514583333334,4,2,0,1,6,0,10880,0
3027.0,fzp,1.0,3202,2620,582,1371.2419444444452,2,0,0,3,2,0,10882,0
3028.0,fzp,1.0,3198,2621,577,1371.9698611111119,1,1,0,0,3,0,10884,0
3029.0,fzp,1.0,3197,2622,575,1372.6980555555563,2,1,0,2,2,0,10887,0
3030.0,fzp,1.0,3200,2621,579,1373.4262500000007,3,3,0,0,5,0,10893,0
3031.0,fzp,1.0,3194,2620,574,1374.1541666666674,3,1,0,2,1,0,10897,0
3032.0,fzp,1.0,3195,2622,573,1374.882222222223,1,0,0,1,2,0,10898,0
3033.0,fzp,1.0,3197,2627,570,1375.6112500000006,3,1,0,4,5,0,10902,0
3034.0,fzp,1.0,3198,2629,569,1376.3412500000006,3,0,0,3,2,0,10905,0
3035.0,fzp,1.0,3195,2629,566,1377.0715277777783,1,2,0,1,2,0,10908,0
3036.0,fzp,1.0,3194,2631,563,1377.802083333334,3,1,0,3,3,0,10912,0
3037.0,fzp,1.0,3191,2635,556,1378.5334722222228,2,0,0,5,1,0,10914,0
3038.0,fzp,1.0,3188,2635,553,1379.2654166666673,3,0,0,3,0,0,10917,0
3039.0,fzp,1.0,3189,2637,552,1379.9976388888895,0,0,0,1,1,0,10917,0
3040.0,fzp,1.0,3190,2643,547,1380.7309722222228,1,1,0,4,4,0,10919,0
3041.0,fzp,1.0,3195,2649,546,1381.4659722222227,2,0,0,1,7,0,10921,0
3042.0,fzp,1.0,3194,2649,545,1382.2018055555561,3,5,0,1,7,0,10929,0
3043.0,fzp,1.0,3190,2647,543,1382.9373611111116,5,0,1,1,3,0,10934,0
3044.0,fzp,1.0,3189,2651,538,1383.673194444445,1,0,0,2,3,0,10935,0
3045.0,fzp,1.0,3189,2648,541,1384.4091666666673,5,1,0,1,2,0,10941,0
3046.0,fzp,1.0,3191,2653,538,1385.1454166666672,2,1,0,4,4,0,10944,0
3047.0,fzp,1.0,3187,2647,540,1385.8815277777783,4,3,0,0,1,0,10951,0
3048.0,fzp,1.0,3185,2648,537,1386.616944444445,4,0,0,3,2,0,10955,0
3049.0,fzp,1.0,3189,2644,545,1387.3519444444448,5,2,0,0,3,0,10962,0
3050.0,fzp,1.0,3191,2641,550,1388.0859722222226,7,1,1,1,5,0,10970,0
3051.0,fzp,1.0,3194,2643,551,1388.8198611111115,4,1,0,3,4,0,10975,0
3052.0,fzp,1.0,3193,2641,552,1389.5537500000005,2,2,0,0,2,0,10979,0
3053.0,fzp,1.0,3197,2639,558,1390.2870833333338,7,3,0,3,5,0,10989,0
3054.0,fzp,1.0,3199,2640,559,1391.0202777777783,2,3,0,0,6,0,10994,0
3055.0,fzp,1.0,3201,2641,560,1391.7537500000005,3,1,0,1,4,0,10998,0
3056.0,fzp,1.0,3203,2643,560,1392.4876388888895,2,1,0,1,4,0,11001,0
3057.0,fzp,1.0,3204,2642,562,1393.2216666666673,4,0,0,0,3,0,11005,0
3058.0,fzp,1.0,3211,2641,570,1393.9554166666674,3,1,0,0,3,0,11009,0
3059.0,fzp,1.0,3216,2646,570,1394.6897222222228,3,0,0,4,4,0,11012,0
3060.0,fzp,1.0,3217,2649,568,1395.4251388888895,0,3,0,1,5,0,11015,0
3061.0,fzp,1.0,3219,2647,572,1396.160694444445,5,3,0,2,4,0,11023,0
3062.0,fzp,1.0,3216,2645,571,1396.8956944444449,4,3,0,1,4,0,11030,0
3063.0,fzp,1.0,3211,2638,573,1397.629444444445,3,4,0,0,0,0,11037,0
3064.0,fzp,1.0,3210,2637,573,1398.3620833333339,1,4,0,0,4,0,11042,0
3065.0,fzp,1.0,3211,2638,573,1399.0947222222228,4,2,0,2,5,0,11048,0
3066.0,fzp,1.0,3209,2638,571,1399.8275000000006,1,1,0,1,1,0,11050,0
3067.0,fzp,1.0,3204,2637,567,1400.5601388888895,1,3,0,1,2,0,11054,0
3068.0,fzp,1.0,3207,2637,570,1401.2926388888895,3,2,0,0,5,0,11059,0
3069.0,fzp,1.0,3208,2639,569,1402.0254166666673,4,2,0,5,3,0,11065,0
3070.0,fzp,1.0,3212,2642,570,1402.7588888888895,0,1,0,0,4,0,11066,0
3071.0,fzp,1.0,3213,2645,568,1403.493194444445,1,2,0,2,4,0,11069,0
3072.0,fzp,1.0,3210,2644,566,1404.2277777777783,4,0,0,1,2,0,11073,0
3073.0,fzp,1.0,3210,2645,565,1404.9623611111117,2,1,0,0,4,0,11076,0
3074.0,fzp,1.0,3212,2649,563,1405.6976388888895,1,0,0,1,4,0,11077,0
3075.0,fzp,1.0,3220,2650,570,1406.4336111111118,3,2,0,0,6,0,11082,0
3076.0,fzp,1.0,3221,2650,571,1407.1697222222228,1,1,0,1,1,0,11084,0
3077.0,fzp,1.0,3228,2656,572,1407.9066666666672,1,0,0,2,5,0,11085,0
3078.0,fzp,1.0,3228,2656,572,1408.644444444445,4,1,0,2,3,0,11090,0
3079.0,fzp,1.0,3231,2661,570,1409.3829166666674,0,0,0,3,2,0,11090,0
3080.0,fzp,1.0,3230,2662,568,1410.122222222223,3,1,0,2,3,0,11094,0
3081.0,fzp,1.0,3228,2661,567,1410.8615277777785,2,4,0,0,5,0,11100,0
3082.0,fzp,1.0,3229,2661,568,1411.6006944444453,3,2,0,2,3,0,11105,0
3083.0,fzp,1.0,3230,2661,569,1412.339861111112,6,5,0,4,7,0,11116,0
3084.0,fzp,1.0,3228,2658,570,1413.078611111112,4,3,0,1,3,0,11123,0
3085.0,fzp,1.0,3230,2657,573,1413.8168055555564,5,3,0,3,4,0,11131,0
3086.0,fzp,1.0,3231,2654,577,1414.5544444444452,4,4,0,2,3,0,11139,0
3087.0,fzp,1.0,3234,2655,579,1415.2918055555563,3,1,0,1,4,0,11143,0
3088.0,fzp,1.0,3239,2653,586,1416.0290277777785,4,3,0,0,5,0,11150,0
3089.0,fzp,1.0,3241,2656,585,1416.7663888888897,1,1,0,2,3,0,11152,0
3090.0,fzp,1.0,3246,2655,591,1417.5040277777784,8,2,0,1,8,0,11162,0
3091.0,fzp,1.0,3250,2657,593,1418.2418055555563,2,1,0,1,4,0,11165,0
3092.0,fzp,1.0,3254,2658,596,1418.9800000000007,4,0,0,1,4,0,11169,0
3093.0,fzp,1.0,3253,2656,597,1419.7180555555562,5,1,0,2,2,0,11175,0
3094.0,fzp,1.0,3249,2654,595,1420.4555555555562,2,4,0,0,4,0,11181,0
3095.0,fzp,1.0,3250,2654,596,1421.1927777777785,5,3,0,1,7,0,11189,0
3096.0,fzp,1.0,3254,2655,599,1421.9301388888896,3,4,0,0,8,0,11196,0
3097.0,fzp,1.0,3254,2656,598,1422.6677777777784,2,3,0,2,4,0,11201,0
3098.0,fzp,1.0,3255,2656,599,1423.4055555555562,3,2,0,0,5,0,11206,0
3099.0,fzp,1.0,3259,2660,599,1424.1438888888895,0,0,1,0,5,0,11206,0
3100.0,fzp,1.0,3260,2660,600,1424.8827777777783,2,0,0,0,2,0,11208,0
3101.0,fzp,1.0,3261,2659,602,1425.6215277777783,3,2,0,0,4,0,11213,0
3102.0,fzp,1.0,3262,2660,602,1426.3602777777783,1,0,0,0,2,0,11214,0
3103.0,fzp,1.0,3265,2660,605,1427.099166666667,3,1,0,0,4,0,11218,0
3104.0,fzp,1.0,3267,2660,607,1427.838055555556,4,0,0,0,4,0,11222,0
3105.0,fzp,1.0,3266,2658,608,1428.576666666667,3,1,0,0,2,0,11226,0
3106.0,fzp,1.0,3268,2661,607,1429.315416666667,0,2,0,0,5,0,11228,0
3107.0,fzp,1.0,3267,2662,605,1430.0547222222226,2,0,0,1,2,0,11230,0
3108.0,fzp,1.0,3272,2661,611,1430.7940277777782,5,1,0,1,4,0,11236,0
3109.0,fzp,1.0,3275,2662,613,1431.5333333333338,1,1,0,0,3,0,11238,0
3110.0,fzp,1.0,3275,2663,612,1432.272916666667,3,0,0,0,4,0,11241,0
3111.0,fzp,1.0,3274,2661,613,1433.0123611111114,4,1,0,0,3,0,11246,0
3112.0,fzp,1.0,3277,2664,613,1433.7519444444447,1,1,0,0,5,0,11248,0
3113.0,fzp,1.0,3276,2667,609,1434.4923611111114,5,0,0,5,3,0,11253,0
3114.0,fzp,1.0,3279,2668,611,1435.2333333333336,2,2,0,1,4,0,11257,0
3115.0,fzp,1.0,3277,2672,605,1435.9750000000001,2,0,0,3,3,0,11259,0
3116.0,fzp,1.0,3277,2674,603,1436.7175000000002,3,3,0,4,4,0,11265,0
3117.0,fzp,1.0,3282,2679,603,1437.4609722222224,2,0,0,3,4,0,11267,0
3118.0,fzp,1.0,3284,2676,608,1438.2047222222225,5,1,0,1,2,0,11273,0
3119.0,fzp,1.0,3289,2677,612,1438.9481944444447,5,0,0,2,4,0,11278,0
3120.0,fzp,1.0,3289,2675,614,1439.691527777778,4,1,0,1,2,0,11283,0
3121.0,fzp,1.0,3293,2678,615,1440.4350000000002,2,1,0,1,5,0,11286,0
3122.0,fzp,1.0,3295,2681,614,1441.1793055555556,2,0,0,2,3,0,11288,0
3123.0,fzp,1.0,3290,2683,607,1441.9243055555555,1,1,0,2,2,0,11290,0
3124.0,fzp,1.0,3293,2686,607,1442.67,4,1,0,2,6,0,11295,0
3125.0,fzp,1.0,3294,2683,611,1443.4156944444446,5,1,0,1,2,0,11301,0
3126.0,fzp,1.0,3289,2681,608,1444.1606944444445,3,3,0,1,3,0,11307,0
3127.0,fzp,1.0,3293,2681,612,1444.9054166666667,5,2,0,2,5,0,11314,0
3128.0,fzp,1.0,3296,2684,612,1445.6505555555557,1,0,0,0,4,0,11315,0
3129.0,fzp,1.0,3299,2688,611,1446.3966666666668,2,0,0,1,5,0,11317,0
3130.0,fzp,1.0,3302,2690,612,1447.143611111111,3,0,0,1,4,0,11320,0
3131.0,fzp,1.0,3298,2689,609,1447.8906944444445,4,1,0,2,2,0,11325,0
3132.0,fzp,1.0,3300,2686,614,1448.6372222222224,7,1,0,0,5,0,11333,0
3133.0,fzp,1.0,3301,2685,616,1449.3831944444446,4,1,0,1,3,0,11338,0
3134.0,fzp,1.0,3300,2681,619,1450.1284722222224,6,1,0,1,2,0,11345,0
3135.0,fzp,1.0,3298,2682,616,1450.8733333333334,3,0,0,1,3,0,11348,0
3136.0,fzp,1.0,3299,2678,621,1451.617777777778,5,1,0,1,1,0,11354,0
3137.0,fzp,1.0,3299,2682,617,1452.3622222222225,1,0,0,0,5,0,11355,0
3138.0,fzp,1.0,3296,2682,614,1453.1072222222224,3,0,0,0,3,0,11358,0
3139.0,fzp,1.0,3294,2681,613,1453.8520833333334,5,3,0,4,3,0,11366,0
3140.0,fzp,1.0,3298,2679,619,1454.596527777778,7,1,0,0,6,0,11374,0
3141.0,fzp,1.0,3297,2679,618,1455.3406944444446,2,1,0,0,3,0,11377,0
3142.0,fzp,1.0,3299,2677,622,1456.0845833333335,5,0,1,1,3,0,11382,0
3143.0,fzp,1.0,3302,2676,626,1456.8280555555557,5,0,0,0,4,0,11387,0
3144.0,fzp,1.0,3302,2677,625,1457.5715277777779,2,0,1,0,4,0,11389,0
3145.0,fzp,1.0,3304,2678,626,1458.315277777778,3,0,0,0,4,0,11392,0
3146.0,fzp,1.0,3299,2677,622,1459.059027777778,3,2,1,2,3,0,11397,0
3147.0,fzp,1.0,3299,2681,618,1459.8031944444447,2,0,0,0,6,0,11399,0
3148.0,fzp,1.0,3297,2680,617,1460.547777777778,3,0,0,0,2,0,11402,0
3149.0,fzp,1.0,3301,2682,619,1461.2925000000002,2,0,1,1,4,0,11404,0
3150.0,fzp,1.0,3304,2685,619,1462.037916666667,1,0,0,0,4,0,11405,0
3151.0,fzp,1.0,3298,2689,609,1462.7843055555559,0,1,0,2,3,0,11406,0
3152.0,fzp,1.0,3295,2690,605,1463.5313888888893,4,1,0,3,3,0,11411,0
3153.0,fzp,1.0,3297,2689,608,1464.2784722222227,3,3,0,0,5,0,11417,0
3154.0,fzp,1.0,3293,2689,604,1465.025416666667,2,2,0,2,2,0,11421,0
3155.0,fzp,1.0,3296,2691,605,1465.7726388888893,3,1,0,1,5,0,11425,0
3156.0,fzp,1.0,3297,2696,601,1466.5208333333337,0,2,0,2,5,0,11427,0
3157.0,fzp,1.0,3292,2694,598,1467.2694444444448,3,1,0,2,0,0,11431,0
3158.0,fzp,1.0,3290,2694,596,1468.017777777778,1,2,0,1,2,0,11434,0
3159.0,fzp,1.0,3295,2696,599,1468.7663888888892,1,0,0,0,3,0,11435,0
3160.0,fzp,1.0,3296,2697,599,1469.515416666667,2,1,0,2,2,0,11438,0
3161.0,fzp,1.0,3298,2700,598,1470.2650000000003,0,0,0,1,2,0,11438,0
3162.0,fzp,1.0,3296,2706,590,1471.0158333333336,0,0,0,4,2,0,11438,0
3163.0,fzp,1.0,3291,2705,586,1471.7673611111113,1,2,0,1,1,0,11441,0
3164.0,fzp,1.0,3287,2704,583,1472.5186111111113,3,1,0,1,2,0,11445,0
3165.0,fzp,1.0,3283,2704,579,1473.2697222222225,1,3,0,1,3,0,11449,0
3166.0,fzp,1.0,3281,2704,577,1474.0208333333337,4,2,0,1,5,0,11455,0
3167.0,fzp,1.0,3285,2705,580,1474.7720833333337,0,2,0,0,3,0,11457,0
3168.0,fzp,1.0,3286,2702,584,1475.5230555555559,3,4,0,1,3,0,11464,0
3169.0,fzp,1.0,3283,2699,584,1476.2731944444447,2,5,0,1,3,0,11471,0
3170.0,fzp,1.0,3277,2697,580,1477.022638888889,0,6,0,0,4,0,11477,0
3171.0,fzp,1.0,3279,2697,582,1477.7718055555558,3,0,0,1,2,0,11480,0
3172.0,fzp,1.0,3276,2695,581,1478.5206944444446,3,1,0,1,1,0,11484,0
3173.0,fzp,1.0,3273,2697,576,1479.2695833333335,2,1,0,1,4,0,11487,0
3174.0,fzp,1.0,3276,2695,581,1480.0184722222223,7,1,0,0,6,0,11495,0
3175.0,fzp,1.0,3271,2694,577,1480.7669444444446,2,3,0,0,4,0,11500,0
3176.0,fzp,1.0,3269,2693,576,1481.515138888889,2,1,0,2,0,0,11503,0
3177.0,fzp,1.0,3270,2697,573,1482.26375,0,1,0,3,2,0,11504,0
3178.0,fzp,1.0,3269,2700,569,1483.0133333333333,1,2,0,1,5,0,11507,0
3179.0,fzp,1.0,3271,2705,566,1483.7640277777778,0,0,0,1,4,0,11507,0
3180.0,fzp,1.0,3271,2705,566,1484.5154166666666,3,0,0,0,3,0,11510,0
3181.0,fzp,1.0,3271,2705,566,1485.2668055555555,2,1,0,0,3,0,11513,0
3182.0,fzp,1.0,3275,2707,568,1486.0184722222223,1,1,0,1,3,0,11515,0
3183.0,fzp,1.0,3274,2710,564,1486.7708333333335,0,1,0,0,4,0,11516,0
3184.0,fzp,1.0,3273,2708,565,1487.5233333333335,3,0,0,1,0,0,11519,0
3185.0,fzp,1.0,3277,2712,565,1488.2761111111113,2,0,0,1,5,0,11521,0
3186.0,fzp,1.0,3280,2715,565,1489.0298611111114,3,0,0,2,4,0,11524,0
3187.0,fzp,1.0,3284,2722,562,1489.7850000000003,0,1,0,3,5,0,11525,0
3188.0,fzp,1.0,3283,2722,561,1490.5411111111114,2,1,0,1,2,0,11528,0
3189.0,fzp,1.0,3283,2727,556,1491.2979166666669,0,2,0,2,5,0,11530,0
3190.0,fzp,1.0,3285,2732,553,1492.0561111111112,0,0,0,2,3,0,11530,0
3191.0,fzp,1.0,3285,2735,550,1492.8154166666668,0,2,0,1,4,0,11532,0
3192.0,fzp,1.0,3284,2734,550,1493.575,1,2,0,0,2,0,11535,0
3193.0,fzp,1.0,3286,2734,552,1494.3344444444444,2,2,0,0,4,0,11539,0
3194.0,fzp,1.0,3280,2730,550,1495.0933333333332,3,4,0,1,2,0,11546,0
3195.0,fzp,1.0,3277,2728,549,1495.8513888888888,2,0,0,0,0,0,11548,0
3196.0,fzp,1.0,3275,2735,540,1496.6101388888887,1,0,0,5,3,0,11549,0
3197.0,fzp,1.0,3275,2732,543,1497.3694444444443,4,1,1,0,3,0,11554,0
3198.0,fzp,1.0,3279,2735,544,1498.1287499999999,2,1,0,2,4,0,11557,0
3199.0,fzp,1.0,3276,2737,539,1498.8887499999998,2,1,0,2,3,0,11560,0
3200.0,fzp,1.0,3275,2729,546,1499.6479166666666,4,4,0,0,0,0,11568,0
3201.0,fzp,1.0,3274,2725,549,1500.4054166666665,5,3,0,2,2,0,11576,0
3202.0,fzp,1.0,3270,2721,549,1501.1618055555555,4,4,0,2,2,0,11584,0
3203.0,fzp,1.0,3269,2720,549,1501.9175,4,2,0,1,4,0,11590,0
3204.0,fzp,1.0,3267,2720,547,1502.6730555555555,5,0,0,3,2,0,11595,0
3205.0,fzp,1.0,3265,2723,542,1503.4290277777777,1,1,0,1,4,0,11597,0
3206.0,fzp,1.0,3265,2722,543,1504.1852777777776,3,2,0,1,3,0,11602,0
3207.0,fzp,1.0,3267,2722,545,1504.9413888888887,5,1,0,1,5,0,11608,0
3208.0,fzp,1.0,3263,2722,541,1505.6974999999998,2,1,0,2,1,0,11611,0
3209.0,fzp,1.0,3268,2728,540,1506.454444444444,0,0,0,0,6,0,11611,0
3210.0,fzp,1.0,3266,2728,538,1507.212222222222,3,1,0,2,2,0,11615,0
3211.0,fzp,1.0,3267,2730,537,1507.9702777777775,2,0,0,0,4,0,11617,0
3212.0,fzp,1.0,3269,2737,532,1508.729583333333,1,0,0,5,3,0,11618,0
3213.0,fzp,1.0,3270,2736,534,1509.4897222222219,3,0,0,1,1,0,11621,0
3214.0,fzp,1.0,3274,2738,536,1510.2499999999995,2,0,0,1,3,0,11623,0
3215.0,fzp,1.0,3280,2738,542,1511.0105555555551,3,0,0,0,3,0,11626,0
3216.0,fzp,1.0,3279,2737,542,1511.7709722222219,2,0,0,1,0,0,11628,0
3217.0,fzp,1.0,3279,2737,542,1512.5312499999995,2,1,0,2,1,0,11631,0
3218.0,fzp,1.0,3278,2736,542,1513.2913888888884,0,3,0,0,2,0,11634,0
3219.0,fzp,1.0,3279,2738,541,1514.051666666666,3,3,0,4,4,0,11640,0
3220.0,fzp,1.0,3287,2741,546,1514.8126388888884,1,1,0,0,5,0,11642,0
3221.0,fzp,1.0,3287,2744,543,1515.574444444444,3,0,0,3,3,0,11645,0
3222.0,fzp,1.0,3291,2744,547,1516.3366666666661,5,0,0,1,4,0,11650,0
3223.0,fzp,1.0,3294,2744,550,1517.0988888888883,1,1,0,1,1,0,11652,0
3224.0,fzp,1.0,3293,2744,549,1517.8611111111104,4,0,0,1,3,0,11656,0
3225.0,fzp,1.0,3295,2741,554,1518.622916666666,5,0,0,1,1,0,11661,0
3226.0,fzp,1.0,3291,2743,548,1519.3845833333328,1,1,0,2,2,0,11663,0
3227.0,fzp,1.0,3297,2744,553,1520.146666666666,3,2,0,0,6,0,11668,0
3228.0,fzp,1.0,3297,2741,556,1520.9084722222217,6,1,0,2,2,0,11675,0
3229.0,fzp,1.0,3299,2745,554,1521.6704166666661,1,3,0,1,7,0,11679,0
3230.0,fzp,1.0,3301,2741,560,1522.4323611111106,5,2,0,2,1,0,11686,0
3231.0,fzp,1.0,3302,2741,561,1523.1937499999995,3,1,0,1,3,0,11690,0
3232.0,fzp,1.0,3305,2741,564,1523.9551388888883,4,1,0,1,4,0,11695,0
3233.0,fzp,1.0,3302,2740,562,1524.7163888888883,4,0,0,3,0,0,11699,0
3234.0,fzp,1.0,3308,2743,565,1525.477916666666,2,1,0,1,5,0,11702,0
3235.0,fzp,1.0,3309,2743,566,1526.2398611111105,3,0,0,0,3,0,11705,0
3236.0,fzp,1.0,3307,2742,565,1527.001666666666,2,4,0,2,3,0,11711,0
3237.0,fzp,1.0,3308,2744,564,1527.7636111111105,1,4,0,2,5,0,11716,0
3238.0,fzp,1.0,3308,2741,567,1528.5254166666662,2,3,0,0,2,0,11721,0
3239.0,fzp,1.0,3305,2739,566,1529.2865277777773,2,2,0,2,0,0,11725,0
3240.0,fzp,1.0,3304,2734,570,1530.0466666666662,6,1,0,1,1,0,11732,0
3241.0,fzp,1.0,3307,2740,567,1530.8069444444438,0,0,0,2,4,0,11732,0
3242.0,fzp,1.0,3304,2741,563,1531.5681944444439,2,1,0,2,2,0,11735,0
3243.0,fzp,1.0,3308,2740,568,1532.3294444444439,4,2,0,0,5,0,11741,0
3244.0,fzp,1.0,3309,2742,567,1533.0908333333327,4,1,0,4,3,0,11746,0
3245.0,fzp,1.0,3308,2741,567,1533.8523611111104,2,1,0,1,1,0,11749,0
3246.0,fzp,1.0,3307,2742,565,1534.6138888888881,4,0,0,2,3,0,11753,0
3247.0,fzp,1.0,3302,2737,565,1535.3748611111105,4,3,1,2,1,0,11760,0
3248.0,fzp,1.0,3302,2736,566,1536.1349999999993,3,1,0,0,3,0,11764,0
3249.0,fzp,1.0,3303,2738,565,1536.895277777777,1,2,0,1,4,0,11767,0
3250.0,fzp,1.0,3306,2738,568,1537.6558333333326,3,2,0,1,4,0,11772,0
3251.0,fzp,1.0,3310,2739,571,1538.416527777777,2,0,0,0,3,0,11774,0
3252.0,fzp,1.0,3313,2741,572,1539.1776388888882,3,0,0,0,5,0,11777,0
3253.0,fzp,1.0,3313,2741,572,1539.939027777777,2,2,0,1,3,0,11781,0
3254.0,fzp,1.0,3314,2739,575,1540.7001388888882,3,1,0,0,2,0,11785,0
3255.0,fzp,1.0,3311,2739,572,1541.4609722222215,1,4,0,1,4,0,11790,0
3256.0,fzp,1.0,3312,2739,573,1542.2218055555547,2,3,0,1,4,0,11795,0
3257.0,fzp,1.0,3308,2737,571,1542.9823611111103,1,4,0,2,1,0,11800,0
3258.0,fzp,1.0,3310,2740,570,1543.7430555555547,2,0,0,2,3,0,11802,0
3259.0,fzp,1.0,3311,2741,570,1544.5043055555548,2,0,0,1,2,0,11804,0
3260.0,fzp,1.0,3313,2743,570,1545.2659722222215,1,1,0,0,4,0,11806,0
3261.0,fzp,1.0,3315,2743,572,1546.027916666666,4,1,0,1,4,0,11811,0
3262.0,fzp,1.0,3310,2738,572,1546.789166666666,4,1,0,0,0,0,11816,0
3263.0,fzp,1.0,3306,2736,570,1547.5494444444437,7,3,0,6,2,0,11826,0
3264.0,fzp,1.0,3308,2736,572,1548.3094444444437,3,2,0,0,5,0,11831,0
3265.0,fzp,1.0,3307,2735,572,1549.0693055555548,3,3,0,2,3,0,11837,0
3266.0,fzp,1.0,3309,2736,573,1549.829166666666,3,2,0,3,3,0,11842,0
3267.0,fzp,1.0,3308,2734,574,1550.5888888888883,3,5,0,2,4,0,11850,0
3268.0,fzp,1.0,3308,2729,579,1551.3476388888882,6,2,0,2,1,0,11858,0
3269.0,fzp,1.0,3309,2723,586,1552.1048611111105,6,1,0,0,1,0,11865,0
3270.0,fzp,1.0,3305,2720,585,1552.8608333333327,4,3,0,1,3,0,11872,0
3271.0,fzp,1.0,3306,2714,592,1553.615555555555,5,3,0,0,2,0,11880,0
3272.0,fzp,1.0,3301,2712,589,1554.369166666666,1,3,0,1,1,0,11884,0
3273.0,fzp,1.0,3300,2714,586,1555.122777777777,2,1,0,1,4,0,11887,0
3274.0,fzp,1.0,3296,2713,583,1555.876527777777,1,1,0,0,1,0,11889,0
3275.0,fzp,1.0,3294,2710,584,1556.6297222222215,4,3,0,2,2,0,11896,0
3276.0,fzp,1.0,3293,2708,585,1557.3822222222216,1,3,0,0,2,0,11900,0
3277.0,fzp,1.0,3290,2705,585,1558.1340277777772,6,0,0,1,2,0,11906,0
3278.0,fzp,1.0,3292,2709,583,1558.8859722222217,1,0,0,1,4,0,11907,0
3279.0,fzp,1.0,3291,2709,582,1559.6384722222217,4,1,0,2,3,0,11912,0
3280.0,fzp,1.0,3292,2709,583,1560.3909722222218,3,2,0,1,4,0,11917,0
3281.0,fzp,1.0,3288,2707,581,1561.143194444444,2,3,0,1,2,0,11922,0
3282.0,fzp,1.0,3285,2703,582,1561.8945833333328,3,5,0,0,4,0,11930,0
3283.0,fzp,1.0,3281,2697,584,1562.6445833333328,6,2,0,1,1,0,11938,0
3284.0,fzp,1.0,3280,2696,584,1563.3936111111107,4,2,0,0,5,0,11944,0
3285.0,fzp,1.0,3283,2697,586,1564.1426388888885,2,1,0,1,3,0,11947,0
3286.0,fzp,1.0,3279,2693,586,1564.8912499999997,3,1,0,0,0,0,11951,0
3287.0,fzp,1.0,3284,2696,588,1565.639722222222,2,1,0,1,5,0,11954,0
3288.0,fzp,1.0,3287,2700,587,1566.3891666666664,1,0,0,0,5,0,11955,0
3289.0,fzp,1.0,3279,2693,586,1567.1381944444443,4,4,0,0,1,0,11963,0
3290.0,fzp,1.0,3278,2692,586,1567.886111111111,6,0,0,3,2,0,11969,0
3291.0,fzp,1.0,3272,2688,584,1568.6333333333332,3,2,0,1,0,0,11974,0
3292.0,fzp,1.0,3274,2686,588,1569.3797222222222,7,1,0,3,3,0,11982,0
3293.0,fzp,1.0,3273,2683,590,1570.1254166666668,2,3,0,1,1,0,11987,0
3294.0,fzp,1.0,3270,2679,591,1570.870138888889,7,0,0,1,2,0,11994,0
3295.0,fzp,1.0,3271,2683,588,1571.6148611111112,3,1,0,2,6,0,11998,0
3296.0,fzp,1.0,3267,2685,582,1572.3604166666667,3,0,1,3,3,0,12001,0
3297.0,fzp,1.0,3265,2686,579,1573.106388888889,2,2,0,1,4,0,12005,0
3298.0,fzp,1.0,3265,2686,579,1573.8525,3,3,1,1,6,0,12011,0
3299.0,fzp,1.0,3266,2687,579,1574.5987499999999,4,2,0,2,5,0,12017,0
3300.0,fzp,1.0,3263,2689,574,1575.3454166666666,1,2,0,1,4,0,12020,0
3301.0,fzp,1.0,3266,2691,575,1576.0926388888888,4,0,0,3,3,0,12024,0
3302.0,fzp,1.0,3265,2692,573,1576.8402777777776,6,0,0,5,2,0,12030,0
3303.0,fzp,1.0,3265,2692,573,1577.5880555555555,4,1,0,4,1,0,12035,0
3304.0,fzp,1.0,3266,2695,571,1578.3362499999998,1,1,0,2,3,0,12037,0
3305.0,fzp,1.0,3261,2689,572,1579.0840277777777,6,4,0,3,1,0,12047,0
3306.0,fzp,1.0,3264,2692,572,1579.8313888888888,4,1,0,4,4,0,12052,0
3307.0,fzp,1.0,3263,2693,570,1580.5793055555555,1,1,0,2,1,0,12054,0
3308.0,fzp,1.0,3263,2696,567,1581.3277777777778,2,2,0,3,4,0,12058,0
3309.0,fzp,1.0,3267,2696,571,1582.0766666666666,4,0,0,1,3,0,12062,0
3310.0,fzp,1.0,3265,2698,567,1582.8258333333333,1,1,0,2,2,0,12064,0
3311.0,fzp,1.0,3268,2698,570,1583.5752777777777,4,0,0,0,4,0,12068,0
3312.0,fzp,1.0,3270,2696,574,1584.3244444444445,2,2,0,0,2,0,12072,0
3313.0,fzp,1.0,3269,2700,569,1585.0738888888889,0,1,0,1,4,0,12073,0
3314.0,fzp,1.0,3272,2698,574,1585.8236111111112,5,0,0,0,3,0,12078,0
3315.0,fzp,1.0,3274,2703,571,1586.57375,1,1,1,2,6,0,12080,0
3316.0,fzp,1.0,3274,2705,569,1587.3248611111112,2,2,0,1,5,0,12084,0
3317.0,fzp,1.0,3269,2704,565,1588.0761111111112,2,1,1,1,2,0,12087,0
3318.0,fzp,1.0,3271,2705,566,1588.8273611111113,1,0,0,0,2,0,12088,0
3319.0,fzp,1.0,3271,2704,567,1589.5786111111113,4,0,0,0,3,0,12092,0
3320.0,fzp,1.0,3276,2707,569,1590.330138888889,1,0,0,1,3,0,12093,0
3321.0,fzp,1.0,3277,2708,569,1591.0822222222223,3,1,0,0,5,0,12097,0
3322.0,fzp,1.0,3279,2710,569,1591.8347222222224,3,1,0,0,6,0,12101,0
3323.0,fzp,1.0,3277,2710,567,1592.5875,1,0,0,0,1,0,12102,0
3324.0,fzp,1.0,3275,2709,566,1593.340138888889,2,2,0,0,3,0,12106,0
3325.0,fzp,1.0,3273,2709,564,1594.092638888889,2,2,0,1,3,0,12110,0
3326.0,fzp,1.0,3272,2710,562,1594.845277777778,1,1,0,1,2,0,12112,0
3327.0,fzp,1.0,3269,2711,558,1595.5981944444445,2,4,0,1,6,0,12118,0
3328.0,fzp,1.0,3273,2712,561,1596.351388888889,2,1,0,0,4,0,12121,0
3329.0,fzp,1.0,3270,2709,561,1597.1043055555556,3,2,0,0,2,0,12126,0
3330.0,fzp,1.0,3267,2710,557,1597.8569444444445,1,3,0,0,5,0,12130,0
3331.0,fzp,1.0,3259,2709,550,1598.6095833333334,1,4,0,2,2,0,12135,0
3332.0,fzp,1.0,3259,2714,545,1599.3627777777779,2,1,0,2,6,0,12138,0
3333.0,fzp,1.0,3259,2716,543,1600.1169444444445,0,1,0,0,3,0,12139,0
3334.0,fzp,1.0,3254,2713,541,1600.8709722222222,2,3,0,2,0,0,12144,0
3335.0,fzp,1.0,3257,2716,541,1601.625,3,0,0,1,5,0,12147,0
3336.0,fzp,1.0,3261,2717,544,1602.3795833333334,3,1,0,1,4,0,12151,0
3337.0,fzp,1.0,3262,2719,543,1603.1345833333335,0,0,0,1,1,0,12151,0
3338.0,fzp,1.0,3262,2718,544,1603.8897222222224,3,0,0,0,2,0,12154,0
3339.0,fzp,1.0,3260,2720,540,1604.6450000000002,0,2,0,0,4,0,12156,0
3340.0,fzp,1.0,3260,2724,536,1605.4011111111113,1,0,0,1,4,0,12157,0
3341.0,fzp,1.0,3257,2723,534,1606.157638888889,0,2,0,0,1,0,12159,0
3342.0,fzp,1.0,3256,2724,532,1606.914166666667,3,1,0,2,3,0,12163,0
3343.0,fzp,1.0,3255,2728,527,1607.6713888888892,0,2,0,3,3,0,12165,0
3344.0,fzp,1.0,3256,2730,526,1608.4294444444447,1,2,0,1,4,0,12168,0
3345.0,fzp,1.0,3260,2731,529,1609.187916666667,2,1,0,0,4,0,12171,0
3346.0,fzp,1.0,3255,2732,523,1609.946666666667,2,2,1,4,2,0,12175,0
3347.0,fzp,1.0,3251,2726,525,1610.7047222222225,6,4,0,1,3,0,12185,0
3348.0,fzp,1.0,3252,2724,528,1611.4616666666668,2,2,0,1,1,0,12189,0
3349.0,fzp,1.0,3252,2726,526,1612.2186111111112,1,3,0,2,4,0,12193,0
3350.0,fzp,1.0,3249,2718,531,1612.9747222222222,8,2,0,0,2,0,12203,0
3351.0,fzp,1.0,3247,2716,531,1613.7294444444444,4,1,0,1,2,0,12208,0
3352.0,fzp,1.0,3251,2719,532,1614.4843055555555,2,0,0,1,4,0,12210,0
3353.0,fzp,1.0,3253,2721,532,1615.239861111111,3,0,0,1,4,0,12213,0
3354.0,fzp,1.0,3250,2717,533,1615.9951388888887,6,0,0,2,0,0,12219,0
3355.0,fzp,1.0,3250,2717,533,1616.749861111111,3,1,0,1,3,0,12223,0
3356.0,fzp,1.0,3248,2714,534,1617.5041666666664,5,1,0,1,2,0,12229,0
3357.0,fzp,1.0,3252,2721,531,1618.2590277777774,1,1,0,4,5,0,12231,0
3358.0,fzp,1.0,3250,2726,524,1619.0155555555552,0,0,0,2,3,0,12231,0
3359.0,fzp,1.0,3250,2726,524,1619.7727777777775,4,0,0,0,4,0,12235,0
3360.0,fzp,1.0,3250,2726,524,1620.5299999999997,1,1,0,1,1,0,12237,0
3361.0,fzp,1.0,3250,2726,524,1621.287222222222,4,1,0,1,4,0,12242,0
3362.0,fzp,1.0,3249,2729,520,1622.0448611111108,1,1,0,2,3,0,12244,0
3363.0,fzp,1.0,3252,2731,521,1622.8031944444442,0,1,0,1,2,0,12245,0
3364.0,fzp,1.0,3253,2738,515,1623.5627777777775,0,0,0,2,5,0,12245,0
3365.0,fzp,1.0,3259,2744,515,1624.3241666666663,0,1,0,1,6,0,12246,0
3366.0,fzp,1.0,3260,2742,518,1625.0861111111108,3,0,0,0,1,0,12249,0
3367.0,fzp,1.0,3263,2745,518,1625.848194444444,2,2,0,1,6,0,12253,0
3368.0,fzp,1.0,3264,2749,515,1626.6112499999997,1,0,0,2,3,0,12254,0
3369.0,fzp,1.0,3260,2745,515,1627.3743055555553,7,2,0,3,2,0,12263,0
3370.0,fzp,1.0,3257,2745,512,1628.1368055555554,3,3,0,2,4,0,12269,0
3371.0,fzp,1.0,3259,2747,512,1628.899583333333,4,1,0,2,5,0,12274,0
3372.0,fzp,1.0,3261,2747,514,1629.6626388888888,3,3,0,0,6,0,12280,0
3373.0,fzp,1.0,3264,2753,511,1630.4265277777777,1,0,0,1,6,0,12281,0
3374.0,fzp,1.0,3262,2750,512,1631.1908333333333,3,3,0,1,2,0,12287,0
3375.0,fzp,1.0,3259,2745,514,1631.9540277777778,6,2,0,0,3,0,12295,0
3376.0,fzp,1.0,3261,2747,514,1632.7168055555555,2,1,0,1,4,0,12298,0
3377.0,fzp,1.0,3259,2742,517,1633.4791666666667,5,2,0,1,1,0,12305,0
3378.0,fzp,1.0,3263,2743,520,1634.2409722222224,3,0,0,0,4,0,12308,0
3379.0,fzp,1.0,3267,2748,519,1635.0036111111112,1,1,0,2,5,0,12310,0
3380.0,fzp,1.0,3273,2750,523,1635.7672222222222,4,0,0,2,4,0,12314,0
3381.0,fzp,1.0,3275,2749,526,1636.5309722222223,3,3,0,1,4,0,12320,0
3382.0,fzp,1.0,3276,2746,530,1637.2941666666668,5,2,0,2,2,0,12327,0
3383.0,fzp,1.0,3278,2746,532,1638.0569444444445,4,1,0,1,4,0,12332,0
3384.0,fzp,1.0,3280,2750,530,1638.8202777777778,3,2,0,3,6,0,12337,0
3385.0,fzp,1.0,3279,2746,533,1639.5836111111112,4,2,0,0,2,0,12343,0
3386.0,fzp,1.0,3278,2745,533,1640.34625,3,1,0,1,2,0,12347,0
3387.0,fzp,1.0,3281,2746,535,1641.108888888889,2,1,0,1,3,0,12350,0
3388.0,fzp,1.0,3286,2743,543,1641.8712500000001,5,1,0,1,2,0,12356,0
3389.0,fzp,1.0,3287,2742,545,1642.6330555555558,2,2,0,2,1,0,12360,0
3390.0,fzp,1.0,3287,2743,544,1643.3948611111114,4,1,0,0,6,0,12365,0
3391.0,fzp,1.0,3289,2741,548,1644.1565277777781,5,1,0,2,2,0,12371,0
3392.0,fzp,1.0,3290,2737,553,1644.9173611111114,6,1,0,0,3,0,12378,0
3393.0,fzp,1.0,3287,2735,552,1645.6773611111114,4,3,0,2,3,0,12385,0
3394.0,fzp,1.0,3284,2733,551,1646.4368055555558,3,0,1,0,2,0,12388,0
3395.0,fzp,1.0,3286,2731,555,1647.1956944444446,2,3,0,0,3,0,12393,0
3396.0,fzp,1.0,3285,2728,557,1647.953888888889,3,3,0,0,3,0,12399,0
3397.0,fzp,1.0,3287,2731,556,1648.7120833333333,1,2,0,2,4,0,12402,0
3398.0,fzp,1.0,3293,2733,560,1649.4709722222221,3,1,0,0,6,0,12406,0
3399.0,fzp,1.0,3296,2734,562,1650.2302777777777,3,1,0,1,4,0,12410,0
3400.0,fzp,1.0,3295,2732,563,1650.9894444444444,5,1,0,1,3,0,12416,0
3401.0,fzp,1.0,3299,2738,561,1651.7491666666667,0,0,0,1,5,0,12416,0
3402.0,fzp,1.0,3303,2734,569,1652.5091666666667,5,0,0,0,1,0,12421,0
3403.0,fzp,1.0,3305,2736,569,1653.268888888889,1,3,0,1,5,0,12425,0
3404.0,fzp,1.0,3299,2731,568,1654.0281944444446,3,3,0,0,1,0,12431,0
3405.0,fzp,1.0,3305,2736,569,1654.7875000000001,2,0,0,0,7,0,12433,0
3406.0,fzp,1.0,3305,2733,572,1655.5470833333334,5,0,0,0,2,0,12438,0
3407.0,fzp,1.0,3311,2738,573,1656.3069444444445,1,0,0,0,6,0,12439,0
3408.0,fzp,1.0,3314,2738,576,1657.0675,3,0,0,0,3,0,12442,0
3409.0,fzp,1.0,3320,2745,575,1657.8290277777778,2,0,0,0,9,0,12444,0
3410.0,fzp,1.0,3318,2742,576,1658.591111111111,6,0,0,0,3,0,12450,0
3411.0,fzp,1.0,3314,2739,575,1659.3523611111111,3,0,0,0,0,0,12453,0
3412.0,fzp,1.0,3315,2739,576,1660.1131944444444,3,2,0,1,4,0,12458,0
3413.0,fzp,1.0,3314,2740,574,1660.8741666666667,6,0,0,6,1,0,12464,0
3414.0,fzp,1.0,3315,2743,572,1661.6356944444444,2,2,0,0,7,0,12468,0
3415.0,fzp,1.0,3317,2745,572,1662.3979166666666,2,1,0,3,2,0,12471,0
3416.0,fzp,1.0,3314,2748,566,1663.1608333333331,3,1,0,4,3,0,12475,0
3417.0,fzp,1.0,3312,2744,568,1663.9236111111109,5,3,0,3,1,0,12483,0
3418.0,fzp,1.0,3316,2744,572,1664.685833333333,5,1,0,0,6,0,12489,0
3419.0,fzp,1.0,3318,2749,569,1665.4487499999996,0,0,0,3,2,0,12489,0
3420.0,fzp,1.0,3320,2751,569,1666.2126388888885,2,0,0,0,4,0,12491,0
3421.0,fzp,1.0,3324,2755,569,1666.9773611111107,2,0,0,1,5,0,12493,0
3422.0,fzp,1.0,3323,2754,569,1667.7424999999996,3,2,0,0,4,0,12498,0
3423.0,fzp,1.0,3326,2756,570,1668.5077777777774,2,2,0,0,6,0,12502,0
3424.0,fzp,1.0,3326,2754,572,1669.2730555555552,2,2,0,1,1,0,12506,0
3425.0,fzp,1.0,3330,2750,580,1670.0374999999997,5,2,0,0,3,0,12513,0
3426.0,fzp,1.0,3331,2749,582,1670.8012499999998,2,0,0,0,1,0,12515,0
3427.0,fzp,1.0,3333,2747,586,1671.564583333333,4,0,0,1,1,0,12519,0
3428.0,fzp,1.0,3334,2747,587,1672.3276388888887,1,2,0,0,3,0,12522,0
3429.0,fzp,1.0,3330,2746,584,1673.0905555555553,3,3,0,2,3,0,12528,0
3430.0,fzp,1.0,3331,2746,585,1673.853333333333,3,0,0,1,2,0,12531,0
3431.0,fzp,1.0,3331,2740,591,1674.6152777777775,8,1,0,0,3,0,12540,0
3432.0,fzp,1.0,3330,2741,589,1675.3765277777775,2,0,0,1,2,0,12542,0
3433.0,fzp,1.0,3335,2744,591,1676.138333333333,1,1,0,1,4,0,12544,0
3434.0,fzp,1.0,3330,2741,589,1676.9001388888887,4,4,0,1,4,0,12552,0
3435.0,fzp,1.0,3327,2737,590,1677.660972222222,4,3,0,0,3,0,12559,0
3436.0,fzp,1.0,3324,2731,593,1678.4204166666664,5,3,0,1,1,0,12567,0
3437.0,fzp,1.0,3328,2734,594,1679.1794444444442,3,2,0,0,8,0,12572,0
3438.0,fzp,1.0,3330,2734,596,1679.9388888888886,3,0,0,0,3,0,12575,0
3439.0,fzp,1.0,3327,2731,596,1680.6979166666665,6,1,0,1,3,0,12582,0
3440.0,fzp,1.0,3322,2731,591,1681.4565277777776,5,1,0,5,1,0,12588,0
3441.0,fzp,1.0,3325,2733,592,1682.2154166666664,2,1,0,1,4,0,12591,0
3442.0,fzp,1.0,3327,2733,594,1682.9745833333332,7,0,0,5,2,0,12598,0
3443.0,fzp,1.0,3324,2733,591,1683.7337499999999,2,1,1,1,3,0,12601,0
3444.0,fzp,1.0,3320,2729,591,1684.492361111111,7,2,1,4,2,0,12610,0
3445.0,fzp,1.0,3322,2727,595,1685.2501388888888,5,0,0,0,3,0,12615,0
3446.0,fzp,1.0,3317,2728,589,1686.0077777777776,1,2,0,3,1,0,12618,0
3447.0,fzp,1.0,3313,2728,585,1686.7655555555555,3,2,1,2,4,0,12623,0
3448.0,fzp,1.0,3311,2732,579,1687.523888888889,2,1,0,5,2,0,12626,0
3449.0,fzp,1.0,3309,2732,577,1688.2827777777777,2,2,0,3,1,0,12630,0
3450.0,fzp,1.0,3300,2731,569,1689.0415277777777,2,1,0,2,0,0,12633,0
3451.0,fzp,1.0,3300,2733,567,1689.8004166666665,1,0,0,1,2,0,12634,0
3452.0,fzp,1.0,3293,2729,564,1690.5590277777776,5,3,0,3,1,0,12642,0
3453.0,fzp,1.0,3295,2728,567,1691.3169444444443,1,2,0,0,2,0,12645,0
3454.0,fzp,1.0,3298,2728,570,1692.0747222222221,3,1,0,1,3,0,12649,0
3455.0,fzp,1.0,3302,2731,571,1692.8329166666665,2,0,0,0,5,0,12651,0
3456.0,fzp,1.0,3301,2732,569,1693.5916666666665,3,1,0,1,4,0,12655,0
3457.0,fzp,1.0,3301,2731,570,1694.3504166666664,3,2,0,0,4,0,12660,0
3458.0,fzp,1.0,3303,2733,570,1695.1093055555552,3,1,1,2,5,0,12664,0
3459.0,fzp,1.0,3306,2735,571,1695.8687499999996,2,1,0,1,4,0,12667,0
3460.0,fzp,1.0,3308,2734,574,1696.6283333333329,3,2,1,1,4,0,12672,0
3461.0,fzp,1.0,3310,2731,579,1697.3873611111107,1,4,0,0,2,0,12677,0
3462.0,fzp,1.0,3306,2728,578,1698.1455555555551,1,3,0,0,1,0,12681,0
3463.0,fzp,1.0,3306,2730,576,1698.9036111111106,3,1,0,2,4,0,12685,0
3464.0,fzp,1.0,3306,2730,576,1699.661944444444,2,2,0,1,3,0,12689,0
3465.0,fzp,1.0,3302,2728,574,1700.4199999999996,2,3,0,2,1,0,12694,0
3466.0,fzp,1.0,3302,2731,571,1701.178194444444,1,4,0,3,5,0,12699,0
3467.0,fzp,1.0,3304,2733,571,1701.9370833333328,1,2,0,1,4,0,12702,0
3468.0,fzp,1.0,3301,2728,573,1702.695555555555,1,5,0,0,1,0,12708,0
3469.0,fzp,1.0,3299,2730,569,1703.4536111111106,2,1,0,3,2,0,12711,0
3470.0,fzp,1.0,3304,2734,570,1704.2124999999994,2,1,0,0,7,0,12714,0
3471.0,fzp,1.0,3304,2733,571,1704.971805555555,3,2,0,0,4,0,12719,0
3472.0,fzp,1.0,3303,2734,569,1705.7311111111105,2,2,0,1,4,0,12723,0
3473.0,fzp,1.0,3302,2734,568,1706.490555555555,2,1,0,1,2,0,12726,0
3474.0,fzp,1.0,3298,2733,565,1707.2498611111105,1,2,0,0,2,0,12729,0
3475.0,fzp,1.0,3298,2731,567,1708.0087499999993,5,1,0,0,4,0,12735,0
3476.0,fzp,1.0,3297,2733,564,1708.767638888888,0,0,0,1,1,0,12735,0
3477.0,fzp,1.0,3299,2735,564,1709.5270833333325,1,2,0,1,4,0,12738,0
3478.0,fzp,1.0,3293,2732,561,1710.286388888888,3,1,0,0,1,0,12742,0
3479.0,fzp,1.0,3287,2733,554,1711.045416666666,2,0,0,1,2,0,12744,0
3480.0,fzp,1.0,3287,2733,554,1711.8045833333326,2,0,0,1,1,0,12746,0
3481.0,fzp,1.0,3293,2737,556,1712.564305555555,0,0,0,1,3,0,12746,0
3482.0,fzp,1.0,3292,2739,553,1713.3248611111105,1,2,0,1,4,0,12749,0
3483.0,fzp,1.0,3294,2742,552,1714.0861111111105,1,1,0,1,4,0,12751,0
3484.0,fzp,1.0,3295,2744,551,1714.848055555555,0,1,0,0,3,0,12752,0
3485.0,fzp,1.0,3301,2745,556,1715.6104166666662,5,0,0,1,5,0,12757,0
3486.0,fzp,1.0,3298,2742,556,1716.3724999999995,2,5,0,1,3,0,12764,0
3487.0,fzp,1.0,3295,2737,558,1717.1334722222218,4,2,0,0,1,0,12770,0
3488.0,fzp,1.0,3293,2736,557,1717.8936111111107,1,2,0,1,1,0,12773,0
3489.0,fzp,1.0,3288,2734,554,1718.653333333333,2,4,0,1,3,0,12779,0
3490.0,fzp,1.0,3287,2735,552,1719.4129166666662,2,1,0,1,3,0,12782,0
3491.0,fzp,1.0,3286,2736,550,1720.1727777777774,1,3,0,1,4,0,12786,0
3492.0,fzp,1.0,3281,2738,543,1720.933055555555,1,2,1,3,3,0,12789,0
3493.0,fzp,1.0,3276,2733,543,1721.6929166666662,3,3,0,0,1,0,12795,0
3494.0,fzp,1.0,3276,2735,541,1722.4523611111106,2,0,0,1,3,0,12797,0
3495.0,fzp,1.0,3276,2733,543,1723.211805555555,3,1,0,0,2,0,12801,0
3496.0,fzp,1.0,3281,2739,542,1723.971805555555,2,2,0,3,7,0,12805,0
3497.0,fzp,1.0,3278,2733,545,1724.731805555555,6,3,0,1,2,0,12814,0
3498.0,fzp,1.0,3276,2730,546,1725.490555555555,3,2,0,1,1,0,12819,0
3499.0,fzp,1.0,3274,2730,544,1726.2488888888884,3,2,0,3,2,0,12824,0
3500.0,fzp,1.0,3276,2729,547,1727.0070833333327,5,2,0,4,2,0,12831,0
3501.0,fzp,1.0,3273,2726,547,1727.7647222222215,4,2,0,1,2,0,12837,0
3502.0,fzp,1.0,3273,2723,550,1728.521527777777,5,3,0,0,5,0,12845,0
3503.0,fzp,1.0,3272,2724,548,1729.2780555555548,6,1,0,4,4,0,12852,0
3504.0,fzp,1.0,3275,2726,549,1730.0349999999992,2,1,0,0,5,0,12855,0
3505.0,fzp,1.0,3279,2730,549,1730.792777777777,0,1,0,2,3,0,12856,0
3506.0,fzp,1.0,3278,2728,550,1731.5508333333325,2,2,0,0,2,0,12860,0
3507.0,fzp,1.0,3279,2730,549,1732.308888888888,3,0,0,3,2,0,12863,0
3508.0,fzp,1.0,3279,2731,548,1733.0673611111104,4,0,0,1,4,0,12867,0
3509.0,fzp,1.0,3278,2733,545,1733.8262499999992,1,0,0,2,1,0,12868,0
3510.0,fzp,1.0,3283,2738,545,1734.5861111111103,1,0,0,0,6,0,12869,0
3511.0,fzp,1.0,3283,2740,543,1735.3469444444436,3,3,0,4,4,0,12875,0
3512.0,fzp,1.0,3284,2736,548,1736.1074999999992,2,2,0,0,0,0,12879,0
3513.0,fzp,1.0,3285,2735,550,1736.8673611111103,1,1,0,1,0,0,12881,0
3514.0,fzp,1.0,3286,2736,550,1737.6272222222215,1,1,0,2,1,0,12883,0
3515.0,fzp,1.0,3291,2742,549,1738.3880555555547,2,1,0,4,5,0,12886,0
3516.0,fzp,1.0,3288,2742,546,1739.1497222222215,1,1,0,0,2,0,12888,0
3517.0,fzp,1.0,3291,2749,542,1739.9123611111104,0,0,0,3,4,0,12888,0
3518.0,fzp,1.0,3292,2752,540,1740.6763888888881,1,1,0,1,4,0,12890,0
3519.0,fzp,1.0,3296,2753,543,1741.4409722222215,4,1,0,2,4,0,12895,0
3520.0,fzp,1.0,3297,2758,539,1742.2063888888881,1,1,0,2,5,0,12897,0
3521.0,fzp,1.0,3296,2762,534,1742.9730555555548,2,1,0,3,4,0,12900,0
3522.0,fzp,1.0,3294,2757,537,1743.7395833333326,6,4,0,1,4,0,12910,0
3523.0,fzp,1.0,3292,2759,533,1744.5056944444436,1,3,0,3,3,0,12914,0
3524.0,fzp,1.0,3292,2760,532,1745.2722222222214,3,1,0,1,4,0,12918,0
3525.0,fzp,1.0,3297,2763,534,1746.0393055555548,3,0,0,2,4,0,12921,0
3526.0,fzp,1.0,3300,2763,537,1746.8068055555548,2,1,0,0,3,0,12924,0
3527.0,fzp,1.0,3297,2760,537,1747.5738888888882,5,1,0,1,2,0,12930,0
3528.0,fzp,1.0,3297,2765,532,1748.3412499999993,1,0,1,1,6,0,12931,0
3529.0,fzp,1.0,3298,2764,534,1749.109166666666,3,2,0,1,3,0,12936,0
3530.0,fzp,1.0,3298,2761,537,1749.876527777777,7,3,0,3,4,0,12946,0
3531.0,fzp,1.0,3296,2756,540,1750.642777777777,4,3,0,0,2,0,12953,0
3532.0,fzp,1.0,3297,2760,537,1751.408888888888,3,0,0,3,4,0,12956,0
3533.0,fzp,1.0,3298,2757,541,1752.175138888888,2,3,0,0,2,0,12961,0
3534.0,fzp,1.0,3303,2761,542,1752.9415277777769,4,2,0,3,7,0,12967,0
3535.0,fzp,1.0,3303,2761,542,1753.7084722222212,2,0,0,0,2,0,12969,0
3536.0,fzp,1.0,3305,2764,541,1754.4758333333323,3,0,0,3,3,0,12972,0
3537.0,fzp,1.0,3303,2766,537,1755.2438888888878,1,3,0,3,3,0,12976,0
3538.0,fzp,1.0,3304,2768,536,1756.012499999999,3,1,0,2,4,0,12980,0
3539.0,fzp,1.0,3302,2767,535,1756.7812499999989,3,0,0,2,0,0,12983,0
3540.0,fzp,1.0,3301,2770,531,1757.5502777777767,0,1,1,2,3,0,12984,0
3541.0,fzp,1.0,3303,2773,530,1758.3201388888879,4,0,0,3,4,0,12988,0
3542.0,fzp,1.0,3305,2775,530,1759.0906944444434,1,3,0,0,6,0,12992,0
3543.0,fzp,1.0,3303,2777,526,1759.8618055555546,1,0,0,0,3,0,12993,0
3544.0,fzp,1.0,3307,2778,529,1760.6333333333323,3,0,0,0,4,0,12996,0
3545.0,fzp,1.0,3306,2776,530,1761.4047222222212,3,1,0,0,2,0,13000,0
3546.0,fzp,1.0,3311,2778,533,1762.17611111111,4,1,0,1,6,0,13005,0
3547.0,fzp,1.0,3313,2780,533,1762.9480555555544,2,0,0,0,4,0,13007,0
3548.0,fzp,1.0,3315,2781,534,1763.7204166666656,3,0,0,0,4,0,13010,0
3549.0,fzp,1.0,3317,2783,534,1764.4931944444434,4,0,0,1,5,0,13014,0
3550.0,fzp,1.0,3318,2780,538,1765.2658333333322,4,1,0,0,2,0,13019,0
3551.0,fzp,1.0,3319,2779,540,1766.0379166666655,3,2,0,0,4,0,13024,0
3552.0,fzp,1.0,3325,2782,543,1766.8102777777767,1,0,0,0,4,0,13025,0
3553.0,fzp,1.0,3325,2780,545,1767.5827777777768,2,1,0,1,0,0,13028,0
3554.0,fzp,1.0,3328,2782,546,1768.3552777777768,2,1,0,1,4,0,13031,0
3555.0,fzp,1.0,3330,2781,549,1769.1279166666657,3,1,1,0,4,0,13035,0
3556.0,fzp,1.0,3338,2787,551,1769.901249999999,0,0,0,0,6,0,13035,0
3557.0,fzp,1.0,3339,2786,553,1770.6752777777767,3,1,0,0,3,0,13039,0
3558.0,fzp,1.0,3346,2790,556,1771.4497222222212,4,0,0,0,8,0,13043,0
3559.0,fzp,1.0,3346,2790,556,1772.2247222222213,0,1,0,0,1,0,13044,0
3560.0,fzp,1.0,3345,2790,555,1772.9997222222214,2,0,0,0,2,0,13046,0
3561.0,fzp,1.0,3351,2793,558,1773.775138888888,1,0,0,1,3,0,13047,0
3562.0,fzp,1.0,3356,2795,561,1774.551249999999,2,1,0,0,5,0,13050,0
3563.0,fzp,1.0,3359,2801,558,1775.3284722222213,4,1,0,6,5,0,13055,0
3564.0,fzp,1.0,3364,2801,563,1776.1065277777768,4,2,0,1,5,0,13061,0
3565.0,fzp,1.0,3367,2806,561,1776.8852777777768,1,0,0,4,2,0,13062,0
3566.0,fzp,1.0,3367,2806,561,1777.6647222222211,5,2,0,4,3,0,13069,0
3567.0,fzp,1.0,3368,2809,559,1778.4445833333323,2,1,0,4,2,0,13072,0
3568.0,fzp,1.0,3372,2815,557,1779.2256944444434,2,1,0,3,6,0,13075,0
3569.0,fzp,1.0,3371,2814,557,1780.007499999999,2,1,0,0,2,0,13078,0
3570.0,fzp,1.0,3373,2819,554,1780.7898611111102,0,2,0,3,4,0,13080,0
3571.0,fzp,1.0,3374,2818,556,1781.572777777777,3,2,0,1,3,0,13085,0
3572.0,fzp,1.0,3372,2817,555,1782.3554166666659,1,2,0,0,2,0,13088,0
3573.0,fzp,1.0,3370,2817,553,1783.137916666666,1,1,0,1,1,0,13090,0
3574.0,fzp,1.0,3372,2822,550,1783.9211111111103,0,2,0,1,6,0,13092,0
3575.0,fzp,1.0,3378,2821,557,1784.7048611111104,4,0,0,0,3,0,13096,0
3576.0,fzp,1.0,3374,2817,557,1785.487916666666,3,3,0,0,2,0,13102,0
3577.0,fzp,1.0,3380,2817,563,1786.270416666666,5,0,0,1,4,0,13107,0
3578.0,fzp,1.0,3381,2815,566,1787.0526388888882,4,2,0,0,4,0,13113,0
3579.0,fzp,1.0,3382,2815,567,1787.8345833333326,3,2,0,1,4,0,13118,0
3580.0,fzp,1.0,3383,2808,575,1788.615555555555,9,2,0,1,3,0,13129,0
3581.0,fzp,1.0,3389,2812,577,1789.3961111111105,1,0,0,1,4,0,13130,0
3582.0,fzp,1.0,3389,2808,581,1790.176666666666,6,0,0,0,2,0,13136,0
3583.0,fzp,1.0,3387,2809,578,1790.9568055555549,2,2,0,1,4,0,13140,0
3584.0,fzp,1.0,3385,2804,581,1791.736388888888,5,0,0,0,0,0,13145,0
3585.0,fzp,1.0,3385,2801,584,1792.5148611111103,4,1,0,0,2,0,13150,0
3586.0,fzp,1.0,3387,2801,586,1793.2929166666659,4,0,0,1,3,0,13154,0
3587.0,fzp,1.0,3387,2798,589,1794.0705555555548,5,1,0,1,2,0,13160,0
3588.0,fzp,1.0,3389,2798,591,1794.847777777777,6,1,0,0,7,0,13167,0
3589.0,fzp,1.0,3391,2797,594,1795.6248611111105,4,1,1,2,3,0,13172,0
3590.0,fzp,1.0,3392,2796,596,1796.401666666666,6,1,0,4,2,0,13179,0
3591.0,fzp,1.0,3398,2799,599,1797.1787499999994,2,2,0,1,6,0,13183,0
3592.0,fzp,1.0,3399,2799,600,1797.9562499999993,6,1,0,3,4,0,13190,0
3593.0,fzp,1.0,3400,2800,600,1798.7338888888883,4,1,1,4,3,0,13195,0
3594.0,fzp,1.0,3396,2800,596,1799.511666666666,4,1,0,3,2,0,13200,0
3595.0,fzp,1.0,3398,2802,596,1800.2897222222216,3,0,1,2,4,0,13203,0
3596.0,fzp,1.0,3390,2803,587,1801.0681944444439,2,3,0,4,2,0,13208,0
3597.0,fzp,1.0,3392,2806,586,1801.8472222222217,3,1,1,2,6,0,13212,0
3598.0,fzp,1.0,3394,2807,587,1802.626805555555,2,0,0,0,3,0,13214,0
3599.0,fzp,1.0,3397,2811,586,1803.4070833333328,1,1,0,2,4,0,13216,0
3600.0,fzp,1.0,3393,2813,580,1804.188194444444,1,1,0,1,3,0,13218,0
3601.0,fzp,1.0,3389,2813,576,1804.9695833333328,1,1,0,1,1,0,13220,0
3602.0,fzp,1.0,3389,2811,578,1805.750694444444,4,3,0,3,2,0,13227,0
3603.0,fzp,1.0,3388,2813,575,1806.5318055555551,2,1,0,1,4,0,13230,0
3604.0,fzp,1.0,3391,2817,574,1807.3137499999996,3,0,1,4,4,0,13233,0
3605.0,fzp,1.0,3391,2816,575,1808.0961111111108,2,0,0,0,1,0,13235,0
3606.0,fzp,1.0,3391,2815,576,1808.878194444444,2,1,0,0,2,0,13238,0
3607.0,fzp,1.0,3393,2814,579,1809.6599999999996,4,1,1,2,3,0,13243,0
3608.0,fzp,1.0,3392,2810,582,1810.4411111111108,5,1,0,0,2,0,13249,0
3609.0,fzp,1.0,3389,2807,582,1811.2212499999996,2,3,0,0,2,0,13254,0
3610.0,fzp,1.0,3385,2805,580,1812.000694444444,4,1,0,1,2,0,13259,0
3611.0,fzp,1.0,3382,2802,580,1812.779444444444,1,3,0,0,1,0,13263,0
3612.0,fzp,1.0,3382,2808,574,1813.5586111111106,1,0,0,2,5,0,13264,0
3613.0,fzp,1.0,3380,2810,570,1814.3388888888885,2,0,0,1,3,0,13266,0
3614.0,fzp,1.0,3376,2813,563,1815.1198611111108,0,1,0,1,3,0,13267,0
3615.0,fzp,1.0,3370,2816,554,1815.9016666666664,1,1,0,2,3,0,13269,0
3616.0,fzp,1.0,3369,2818,551,1816.6841666666664,1,0,0,1,2,0,13270,0
3617.0,fzp,1.0,3368,2820,548,1817.467222222222,1,2,0,2,3,0,13273,0
3618.0,fzp,1.0,3367,2819,548,1818.2504166666665,3,0,0,1,1,0,13276,0
3619.0,fzp,1.0,3362,2818,544,1819.0333333333333,6,0,0,2,3,0,13282,0
3620.0,fzp,1.0,3362,2820,542,1819.816388888889,1,0,0,1,2,0,13283,0
3621.0,fzp,1.0,3358,2821,537,1820.599861111111,2,0,0,1,2,0,13285,0
3622.0,fzp,1.0,3359,2819,540,1821.3831944444444,3,1,0,1,1,0,13289,0
3623.0,fzp,1.0,3355,2820,535,1822.1663888888888,1,0,0,0,2,0,13290,0
3624.0,fzp,1.0,3358,2821,537,1822.949861111111,5,0,0,1,5,0,13295,0
3625.0,fzp,1.0,3358,2824,534,1823.7338888888887,2,0,0,1,4,0,13297,0
3626.0,fzp,1.0,3358,2826,532,1824.5186111111109,1,0,0,0,3,0,13298,0
3627.0,fzp,1.0,3359,2827,532,1825.3037499999998,0,1,0,0,2,0,13299,0
3628.0,fzp,1.0,3360,2826,534,1826.0888888888887,0,1,0,0,0,0,13300,0
3629.0,fzp,1.0,3363,2831,532,1826.8745833333332,2,1,0,4,4,0,13303,0
3630.0,fzp,1.0,3366,2835,531,1827.6615277777778,1,0,0,0,5,0,13304,0
3631.0,fzp,1.0,3361,2831,530,1828.4484722222223,2,2,0,0,0,0,13308,0
3632.0,fzp,1.0,3358,2828,530,1829.2344444444445,2,2,0,0,1,0,13312,0
3633.0,fzp,1.0,3358,2824,534,1830.0194444444446,4,2,0,0,2,0,13318,0
3634.0,fzp,1.0,3353,2818,535,1830.8030555555558,5,2,0,1,0,0,13325,0
3635.0,fzp,1.0,3351,2819,532,1831.5859722222226,0,3,0,1,3,0,13328,0
3636.0,fzp,1.0,3349,2822,527,1832.3694444444448,0,1,0,3,1,0,13329,0
3637.0,fzp,1.0,3344,2816,528,1833.1525000000004,4,4,0,1,1,0,13337,0
3638.0,fzp,1.0,3341,2817,524,1833.9348611111116,1,2,0,2,2,0,13340,0
3639.0,fzp,1.0,3339,2818,521,1834.7175000000004,0,2,0,0,3,0,13342,0
3640.0,fzp,1.0,3337,2819,518,1835.5004166666672,1,1,0,1,2,0,13344,0
3641.0,fzp,1.0,3336,2818,518,1836.283333333334,1,1,0,0,1,0,13346,0
3642.0,fzp,1.0,3331,2815,516,1837.0656944444452,3,2,0,1,1,0,13351,0
3643.0,fzp,1.0,3335,2820,515,1837.848333333334,0,0,0,1,4,0,13351,0
3644.0,fzp,1.0,3333,2822,511,1838.6319444444453,1,1,0,1,3,0,13353,0
3645.0,fzp,1.0,3327,2821,506,1839.4156944444453,1,3,0,1,2,0,13357,0
3646.0,fzp,1.0,3322,2822,500,1840.1994444444454,3,2,0,4,2,0,13362,0
3647.0,fzp,1.0,3318,2815,503,1840.9823611111121,5,3,1,0,2,0,13370,0
3648.0,fzp,1.0,3316,2817,499,1841.7645833333343,3,1,0,3,3,0,13374,0
3649.0,fzp,1.0,3317,2814,503,1842.5466666666675,4,1,0,1,1,0,13379,0
3650.0,fzp,1.0,3318,2815,503,1843.3284722222231,3,1,0,1,4,0,13383,0
3651.0,fzp,1.0,3318,2816,502,1844.1105555555564,2,2,0,1,4,0,13387,0
3652.0,fzp,1.0,3320,2812,508,1844.8922222222232,6,0,0,0,2,0,13393,0
3653.0,fzp,1.0,3320,2812,508,1845.6733333333343,2,0,0,0,2,0,13395,0
3654.0,fzp,1.0,3323,2814,509,1846.4547222222232,3,0,0,0,5,0,13398,0
3655.0,fzp,1.0,3322,2814,508,1847.23638888889,1,2,0,0,3,0,13401,0
3656.0,fzp,1.0,3321,2812,509,1848.0177777777787,2,1,0,0,1,0,13404,0
3657.0,fzp,1.0,3325,2816,509,1848.7994444444455,1,1,0,1,5,0,13406,0
3658.0,fzp,1.0,3328,2818,510,1849.5819444444455,0,0,0,0,2,0,13406,0
3659.0,fzp,1.0,3331,2818,513,1850.3647222222232,5,0,0,1,4,0,13411,0
3660.0,fzp,1.0,3334,2817,517,1851.147361111112,2,0,0,0,1,0,13413,0
3661.0,fzp,1.0,3330,2816,514,1851.9297222222233,1,2,0,1,1,0,13416,0
3662.0,fzp,1.0,3331,2817,514,1852.7120833333345,2,1,0,2,2,0,13419,0
3663.0,fzp,1.0,3330,2820,510,1853.4950000000013,2,1,0,2,4,0,13422,0
3664.0,fzp,1.0,3337,2822,515,1854.2786111111125,2,1,0,0,5,0,13425,0
3665.0,fzp,1.0,3328,2819,509,1855.0620833333346,3,4,0,2,2,0,13432,0
3666.0,fzp,1.0,3330,2817,513,1855.8448611111123,4,1,0,1,2,0,13437,0
3667.0,fzp,1.0,3328,2815,513,1856.6270833333344,4,2,0,2,2,0,13443,0
3668.0,fzp,1.0,3326,2815,511,1857.4090277777789,2,2,0,2,2,0,13447,0
3669.0,fzp,1.0,3328,2818,510,1858.19138888889,4,0,0,4,3,0,13451,0
3670.0,fzp,1.0,3329,2819,510,1858.9743055555568,3,0,0,2,2,0,13454,0
3671.0,fzp,1.0,3331,2818,513,1859.7572222222236,6,0,0,1,4,0,13460,0
3672.0,fzp,1.0,3336,2820,516,1860.5402777777792,3,0,0,2,3,0,13463,0
3673.0,fzp,1.0,3336,2822,514,1861.3238888888905,0,2,0,1,3,0,13465,0
3674.0,fzp,1.0,3337,2820,517,1862.1075000000017,3,1,0,1,1,0,13469,0
3675.0,fzp,1.0,3339,2824,515,1862.8913888888906,2,1,0,1,6,0,13472,0
3676.0,fzp,1.0,3340,2824,516,1863.675833333335,3,0,0,2,1,0,13475,0
3677.0,fzp,1.0,3337,2825,512,1864.4604166666684,2,1,0,1,3,0,13478,0
3678.0,fzp,1.0,3337,2824,513,1865.2450000000017,2,1,0,0,2,0,13481,0
3679.0,fzp,1.0,3334,2824,510,1866.0294444444462,3,1,0,2,2,0,13485,0
3680.0,fzp,1.0,3339,2829,510,1866.8145833333351,5,1,0,3,8,0,13491,0
3681.0,fzp,1.0,3332,2827,505,1867.6001388888906,2,1,0,0,1,0,13494,0
3682.0,fzp,1.0,3336,2826,510,1868.3852777777795,3,1,0,0,3,0,13498,0
3683.0,fzp,1.0,3333,2826,507,1869.1702777777796,3,1,0,2,2,0,13502,0
3684.0,fzp,1.0,3333,2824,509,1869.9550000000017,3,0,0,0,1,0,13505,0
3685.0,fzp,1.0,3333,2826,507,1870.739722222224,1,0,0,0,3,0,13506,0
3686.0,fzp,1.0,3333,2827,506,1871.5248611111128,2,0,0,2,1,0,13508,0
3687.0,fzp,1.0,3332,2825,507,1872.309861111113,3,1,0,0,2,0,13512,0
3688.0,fzp,1.0,3332,2823,509,1873.0943055555574,4,0,0,0,2,0,13516,0
3689.0,fzp,1.0,3329,2824,505,1873.878611111113,2,1,0,2,2,0,13519,0
3690.0,fzp,1.0,3328,2823,505,1874.6629166666687,3,0,0,0,2,0,13522,0
3691.0,fzp,1.0,3328,2824,504,1875.4472222222244,5,0,0,1,5,0,13527,0
3692.0,fzp,1.0,3322,2819,503,1876.2309722222244,2,3,0,0,0,0,13532,0
3693.0,fzp,1.0,3321,2819,502,1877.01402777778,1,1,0,1,1,0,13534,0
3694.0,fzp,1.0,3320,2817,503,1877.7968055555577,3,3,0,0,4,0,13540,0
3695.0,fzp,1.0,3318,2816,502,1878.579166666669,3,3,0,3,2,0,13546,0
3696.0,fzp,1.0,3317,2811,506,1879.3606944444466,2,5,1,0,3,0,13553,0
3697.0,fzp,1.0,3316,2814,502,1880.1419444444466,0,0,1,1,3,0,13553,0
3698.0,fzp,1.0,3317,2814,503,1880.9236111111134,3,1,0,0,4,0,13557,0
3699.0,fzp,1.0,3320,2811,509,1881.7048611111134,5,1,0,0,3,0,13563,0
3700.0,fzp,1.0,3326,2812,514,1882.4858333333357,3,0,0,0,4,0,13566,0
3701.0,fzp,1.0,3325,2808,517,1883.2663888888912,3,4,0,0,3,0,13573,0
3702.0,fzp,1.0,3326,2805,521,1884.0459722222245,3,3,0,0,3,0,13579,0
3703.0,fzp,1.0,3324,2805,519,1884.8251388888912,1,0,0,1,0,0,13580,0
3704.0,fzp,1.0,3328,2809,519,1885.6048611111135,1,0,0,1,4,0,13581,0
3705.0,fzp,1.0,3327,2809,518,1886.3851388888913,2,4,0,1,5,0,13587,0
3706.0,fzp,1.0,3324,2807,517,1887.1651388888913,4,2,0,0,4,0,13593,0
3707.0,fzp,1.0,3325,2808,517,1887.9450000000024,0,1,0,0,2,0,13594,0
3708.0,fzp,1.0,3322,2805,517,1888.7245833333357,2,2,0,0,1,0,13598,0
3709.0,fzp,1.0,3321,2806,515,1889.5038888888912,2,2,0,2,3,0,13602,0
3710.0,fzp,1.0,3319,2803,516,1890.282916666669,2,2,0,0,1,0,13606,0
3711.0,fzp,1.0,3316,2801,515,1891.0612500000025,2,1,0,0,1,0,13609,0
3712.0,fzp,1.0,3310,2799,511,1891.8390277777803,2,0,0,0,0,0,13611,0
3713.0,fzp,1.0,3309,2797,512,1892.6162500000025,6,2,0,4,2,0,13619,0
3714.0,fzp,1.0,3303,2798,505,1893.393333333336,1,0,0,1,1,0,13620,0
3715.0,fzp,1.0,3304,2799,505,1894.170694444447,2,2,0,1,4,0,13624,0
3716.0,fzp,1.0,3308,2800,508,1894.948333333336,3,0,0,2,2,0,13627,0
3717.0,fzp,1.0,3304,2800,504,1895.7261111111138,4,0,0,3,1,0,13631,0
3718.0,fzp,1.0,3303,2798,505,1896.5036111111137,2,2,0,0,2,0,13635,0
3719.0,fzp,1.0,3304,2800,504,1897.2811111111137,4,0,0,1,5,0,13639,0
3720.0,fzp,1.0,3304,2801,503,1898.0590277777803,2,1,0,3,1,0,13642,0
3721.0,fzp,1.0,3308,2800,508,1898.836944444447,5,0,0,1,3,0,13647,0
3722.0,fzp,1.0,3306,2801,505,1899.6148611111137,2,2,0,3,2,0,13651,0
3723.0,fzp,1.0,3306,2801,505,1900.3929166666692,2,0,0,0,2,0,13653,0
3724.0,fzp,1.0,3309,2799,510,1901.170694444447,7,1,0,1,5,0,13661,0
3725.0,fzp,1.0,3309,2796,513,1901.9477777777804,4,1,0,0,2,0,13666,0
3726.0,fzp,1.0,3311,2797,514,1902.7245833333359,1,1,0,0,3,0,13668,0
3727.0,fzp,1.0,3307,2796,511,1903.5013888888914,3,1,0,1,2,0,13672,0
3728.0,fzp,1.0,3309,2798,511,1904.278333333336,1,1,0,1,3,0,13674,0
3729.0,fzp,1.0,3307,2797,510,1905.0554166666693,5,1,0,2,3,0,13680,0
3730.0,fzp,1.0,3308,2794,514,1905.8319444444471,4,1,0,1,1,0,13685,0
3731.0,fzp,1.0,3303,2790,513,1906.6075000000026,3,3,0,1,1,0,13691,0
3732.0,fzp,1.0,3307,2794,513,1907.383055555558,0,1,0,0,5,0,13692,0
3733.0,fzp,1.0,3304,2794,510,1908.159166666669,2,1,0,2,1,0,13695,0
3734.0,fzp,1.0,3304,2792,512,1908.9350000000024,4,1,0,2,1,0,13700,0
3735.0,fzp,1.0,3302,2792,510,1909.710555555558,2,0,0,0,2,0,13702,0
3736.0,fzp,1.0,3302,2791,511,1910.4859722222245,3,0,0,0,2,0,13705,0
3737.0,fzp,1.0,3305,2789,516,1911.2609722222246,5,0,0,1,2,0,13710,0
3738.0,fzp,1.0,3306,2789,517,1912.0356944444468,4,0,0,0,4,0,13714,0
3739.0,fzp,1.0,3307,2788,519,1912.8102777777801,4,0,0,0,3,0,13718,0
3740.0,fzp,1.0,3311,2783,528,1913.5840277777802,12,1,0,4,4,0,13731,0
3741.0,fzp,1.0,3308,2777,531,1914.3562500000023,6,1,0,0,1,0,13738,0
3742.0,fzp,1.0,3308,2778,530,1915.12777777778,6,1,0,6,2,0,13745,0
3743.0,fzp,1.0,3307,2774,533,1915.8988888888912,7,0,0,1,2,0,13752,0
3744.0,fzp,1.0,3303,2775,528,1916.6695833333356,4,1,1,3,4,0,13757,0
3745.0,fzp,1.0,3301,2776,525,1917.440555555558,2,0,0,0,3,0,13759,0
3746.0,fzp,1.0,3299,2773,526,1918.2112500000023,5,0,0,2,0,0,13764,0
3747.0,fzp,1.0,3298,2772,526,1918.9813888888912,2,0,1,1,1,0,13766,0
3748.0,fzp,1.0,3300,2775,525,1919.751805555558,2,0,0,2,3,0,13768,0
3749.0,fzp,1.0,3299,2777,522,1920.522916666669,3,0,0,2,3,0,13771,0
3750.0,fzp,1.0,3294,2778,516,1921.2944444444468,1,3,0,4,1,0,13775,0
3751.0,fzp,1.0,3291,2777,514,1922.0659722222244,2,3,0,0,4,0,13780,0
3752.0,fzp,1.0,3295,2779,516,1922.8376388888912,7,0,0,5,4,0,13787,0
3753.0,fzp,1.0,3291,2780,511,1923.6097222222245,1,0,0,1,1,0,13788,0
3754.0,fzp,1.0,3286,2779,507,1924.3818055555578,2,1,0,0,2,0,13791,0
3755.0,fzp,1.0,3285,2782,503,1925.154166666669,0,1,0,1,3,0,13792,0
3756.0,fzp,1.0,3284,2784,500,1925.9272222222246,4,0,0,3,3,0,13796,0
3757.0,fzp,1.0,3277,2785,492,1926.7006944444468,2,0,0,1,2,0,13798,0
3758.0,fzp,1.0,3279,2787,492,1927.4745833333357,2,0,0,2,2,0,13800,0
3759.0,fzp,1.0,3277,2785,492,1928.2484722222246,2,2,0,0,2,0,13804,0
3760.0,fzp,1.0,3276,2784,492,1929.0219444444467,3,1,0,1,2,0,13808,0
3761.0,fzp,1.0,3274,2787,487,1929.7956944444468,1,0,0,1,3,0,13809,0
3762.0,fzp,1.0,3273,2783,490,1930.569305555558,4,1,0,0,1,0,13814,0
3763.0,fzp,1.0,3274,2786,488,1931.3427777777802,1,1,0,1,4,0,13816,0
3764.0,fzp,1.0,3270,2785,485,1932.1165277777802,3,2,1,1,4,0,13821,0
3765.0,fzp,1.0,3273,2789,484,1932.8906944444468,2,1,0,2,5,0,13824,0
3766.0,fzp,1.0,3275,2792,483,1933.6658333333357,1,1,0,1,4,0,13826,0
3767.0,fzp,1.0,3273,2789,484,1934.4409722222247,3,2,0,1,1,0,13831,0
3768.0,fzp,1.0,3267,2787,480,1935.2154166666692,4,2,0,3,1,0,13837,0
3769.0,fzp,1.0,3263,2786,477,1935.989444444447,0,3,0,0,2,0,13840,0
3770.0,fzp,1.0,3261,2789,472,1936.7637500000026,1,2,0,3,3,0,13843,0
3771.0,fzp,1.0,3258,2788,470,1937.538333333336,1,4,0,0,4,0,13848,0
3772.0,fzp,1.0,3251,2782,469,1938.3119444444471,3,5,0,2,0,0,13856,0
3773.0,fzp,1.0,3249,2782,467,1939.0847222222249,0,4,1,1,4,0,13860,0
3774.0,fzp,1.0,3248,2784,464,1939.8577777777805,1,0,0,1,2,0,13861,0
3775.0,fzp,1.0,3250,2783,467,1940.630972222225,2,2,0,0,3,0,13865,0
3776.0,fzp,1.0,3252,2782,470,1941.4038888888915,3,1,0,0,3,0,13869,0
3777.0,fzp,1.0,3247,2778,469,1942.1761111111136,3,2,0,1,0,0,13874,0
3778.0,fzp,1.0,3249,2778,471,1942.9477777777804,3,1,0,1,3,0,13878,0
3779.0,fzp,1.0,3248,2779,469,1943.719583333336,0,0,0,0,1,0,13878,0
3780.0,fzp,1.0,3245,2779,466,1944.4915277777804,2,0,0,0,2,0,13880,0
3781.0,fzp,1.0,3246,2780,466,1945.2636111111137,2,0,0,0,3,0,13882,0
3782.0,fzp,1.0,3243,2776,467,1946.0352777777805,3,1,0,0,0,0,13886,0
3783.0,fzp,1.0,3244,2775,469,1946.8062500000028,4,1,0,0,4,0,13891,0
3784.0,fzp,1.0,3246,2778,468,1947.5775000000028,1,1,0,0,5,0,13893,0
3785.0,fzp,1.0,3247,2775,472,1948.3487500000028,1,5,0,0,3,0,13899,0
3786.0,fzp,1.0,3241,2770,471,1949.1188888888917,2,4,0,0,1,0,13905,0
3787.0,fzp,1.0,3237,2769,468,1949.8881944444472,1,2,0,2,0,0,13908,0
3788.0,fzp,1.0,3241,2770,471,1950.6575000000028,3,1,0,1,4,0,13912,0
3789.0,fzp,1.0,3237,2769,468,1951.4268055555583,2,2,0,2,1,0,13916,0
3790.0,fzp,1.0,3238,2768,470,1952.1958333333362,3,1,0,0,3,0,13920,0
3791.0,fzp,1.0,3236,2769,467,1952.964861111114,3,2,0,3,3,0,13925,0
3792.0,fzp,1.0,3233,2768,465,1953.733888888892,2,0,0,1,0,0,13927,0
3793.0,fzp,1.0,3233,2765,468,1954.5023611111142,3,1,0,0,1,0,13931,0
3794.0,fzp,1.0,3232,2765,467,1955.2704166666697,2,0,0,2,0,0,13933,0
3795.0,fzp,1.0,3237,2769,468,1956.0390277777808,1,0,0,1,4,0,13934,0
3796.0,fzp,1.0,3238,2771,467,1956.8084722222252,4,0,0,3,3,0,13938,0
3797.0,fzp,1.0,3237,2768,469,1957.5777777777807,5,0,0,2,0,0,13943,0
3798.0,fzp,1.0,3235,2765,470,1958.346250000003,3,1,0,1,0,0,13947,0
3799.0,fzp,1.0,3234,2764,470,1959.1141666666697,3,1,0,2,1,0,13951,0
3800.0,fzp,1.0,3233,2760,473,1959.881388888892,3,1,1,0,1,0,13955,0
3801.0,fzp,1.0,3233,2763,470,1960.6484722222253,3,2,0,3,5,0,13960,0
3802.0,fzp,1.0,3233,2762,471,1961.4158333333364,4,0,0,1,2,0,13964,0
3803.0,fzp,1.0,3229,2759,470,1962.182638888892,4,1,0,1,1,0,13969,0
3804.0,fzp,1.0,3226,2758,468,1962.9488888888918,4,3,0,1,5,0,13976,0
3805.0,fzp,1.0,3227,2756,471,1963.7147222222252,4,0,0,1,1,0,13980,0
3806.0,fzp,1.0,3225,2753,472,1964.4798611111141,2,4,0,1,2,0,13986,0
3807.0,fzp,1.0,3223,2754,469,1965.2447222222252,1,1,0,1,2,0,13988,0
3808.0,fzp,1.0,3215,2747,468,1966.008750000003,4,4,0,0,1,0,13996,0
3809.0,fzp,1.0,3220,2749,471,1966.7720833333362,2,1,0,1,4,0,13999,0
3810.0,fzp,1.0,3218,2750,468,1967.5358333333363,0,2,0,1,2,0,14001,0
3811.0,fzp,1.0,3217,2750,467,1968.2997222222252,2,1,0,1,2,0,14004,0
3812.0,fzp,1.0,3221,2752,469,1969.0638888888918,1,1,0,1,3,0,14006,0
3813.0,fzp,1.0,3219,2749,470,1969.8279166666696,4,0,0,0,1,0,14010,0
3814.0,fzp,1.0,3220,2751,469,1970.5918055555585,1,0,0,2,1,0,14011,0
3815.0,fzp,1.0,3219,2748,471,1971.3555555555586,3,2,0,1,1,0,14016,0
3816.0,fzp,1.0,3223,2751,472,1972.1193055555586,1,1,0,2,3,0,14018,0
3817.0,fzp,1.0,3225,2750,475,1972.8833333333364,4,1,0,1,3,0,14023,0
3818.0,fzp,1.0,3226,2751,475,1973.6473611111142,1,0,0,0,2,0,14024,0
3819.0,fzp,1.0,3227,2752,475,1974.4116666666698,4,2,0,5,2,0,14030,0
3820.0,fzp,1.0,3227,2753,474,1975.1762500000032,0,0,0,1,0,0,14030,0
3821.0,fzp,1.0,3223,2749,474,1975.9404166666698,6,3,0,1,4,0,14039,0
3822.0,fzp,1.0,3220,2747,473,1976.703750000003,4,2,0,2,2,0,14045,0
3823.0,fzp,1.0,3221,2748,473,1977.4669444444476,3,1,0,1,4,0,14049,0
3824.0,fzp,1.0,3223,2747,476,1978.230138888892,4,1,0,1,3,0,14054,0
3825.0,fzp,1.0,3219,2746,473,1978.9930555555586,3,1,0,2,1,0,14058,0
3826.0,fzp,1.0,3223,2749,474,1979.756250000003,2,0,0,1,4,0,14060,0
3827.0,fzp,1.0,3227,2752,475,1980.5202777777808,2,1,0,0,6,0,14063,0
3828.0,fzp,1.0,3225,2751,474,1981.2845833333365,3,1,0,1,2,0,14067,0
3829.0,fzp,1.0,3226,2752,474,1982.0488888888922,0,2,0,0,3,0,14069,0
3830.0,fzp,1.0,3222,2754,468,1982.8136111111144,4,1,0,2,5,0,14074,0
3831.0,fzp,1.0,3223,2753,470,1983.5784722222254,2,0,0,0,1,0,14076,0
3832.0,fzp,1.0,3223,2753,470,1984.3431944444476,1,1,0,0,2,0,14078,0
3833.0,fzp,1.0,3225,2753,472,1985.1079166666698,3,1,0,2,2,0,14082,0
3834.0,fzp,1.0,3228,2755,473,1985.8729166666699,1,0,0,0,3,0,14083,0
3835.0,fzp,1.0,3229,2751,478,1986.637638888892,6,0,0,0,2,0,14089,0
3836.0,fzp,1.0,3225,2751,474,1987.4018055555587,2,3,0,2,3,0,14094,0
3837.0,fzp,1.0,3227,2753,474,1988.1662500000032,2,0,0,0,4,0,14096,0
3838.0,fzp,1.0,3229,2750,479,1988.9305555555588,4,1,0,0,2,0,14101,0
3839.0,fzp,1.0,3226,2749,477,1989.694305555559,3,1,0,1,2,0,14105,0
3840.0,fzp,1.0,3226,2748,478,1990.457777777781,2,1,0,0,2,0,14108,0
3841.0,fzp,1.0,3224,2748,476,1991.2211111111144,1,2,0,1,2,0,14111,0
3842.0,fzp,1.0,3226,2747,479,1991.9843055555589,4,1,0,0,4,0,14116,0
3843.0,fzp,1.0,3225,2747,478,1992.7473611111145,3,0,0,0,3,0,14119,0
3844.0,fzp,1.0,3225,2749,476,1993.5106944444478,2,1,0,0,5,0,14122,0
3845.0,fzp,1.0,3225,2748,477,1994.27416666667,2,2,0,0,3,0,14126,0
3846.0,fzp,1.0,3226,2748,478,1995.0375000000033,2,0,0,0,2,0,14128,0
3847.0,fzp,1.0,3226,2748,478,1995.8008333333366,3,0,0,1,2,0,14131,0
3848.0,fzp,1.0,3219,2745,474,1996.5637500000032,0,3,0,0,0,0,14134,0
3849.0,fzp,1.0,3212,2742,470,1997.3258333333365,0,2,1,0,0,0,14136,0
3850.0,fzp,1.0,3210,2737,473,1998.0868055555588,5,1,0,0,1,0,14142,0
3851.0,fzp,1.0,3209,2737,472,1998.8470833333365,1,2,0,0,3,0,14145,0
3852.0,fzp,1.0,3208,2738,470,1999.6075000000033,3,1,0,2,3,0,14149,0
3853.0,fzp,1.0,3210,2738,472,2000.3680555555588,3,0,0,0,3,0,14152,0
3854.0,fzp,1.0,3206,2737,469,2001.1284722222256,1,3,0,2,1,0,14156,0
3855.0,fzp,1.0,3210,2740,470,2001.88916666667,1,0,0,0,4,0,14157,0
3856.0,fzp,1.0,3210,2741,469,2002.65041666667,1,2,0,1,3,0,14160,0
3857.0,fzp,1.0,3210,2742,468,2003.4119444444477,1,2,0,1,3,0,14163,0
3858.0,fzp,1.0,3210,2740,470,2004.1733333333366,2,3,0,0,3,0,14168,0
3859.0,fzp,1.0,3205,2736,469,2004.9338888888922,3,3,0,0,2,0,14174,0
3860.0,fzp,1.0,3205,2738,467,2005.6941666666698,1,0,0,0,3,0,14175,0
3861.0,fzp,1.0,3202,2734,468,2006.4541666666698,3,2,0,0,1,0,14180,0
3862.0,fzp,1.0,3202,2735,467,2007.213750000003,3,0,0,0,4,0,14183,0
3863.0,fzp,1.0,3200,2733,467,2007.9731944444475,3,1,0,1,1,0,14187,0
3864.0,fzp,1.0,3194,2728,466,2008.7316666666698,4,3,0,1,1,0,14194,0
3865.0,fzp,1.0,3192,2727,465,2009.4893055555585,3,1,0,1,2,0,14198,0
3866.0,fzp,1.0,3194,2730,464,2010.2472222222252,2,1,0,1,5,0,14201,0
3867.0,fzp,1.0,3193,2728,465,2011.0052777777807,5,0,0,2,1,0,14206,0
3868.0,fzp,1.0,3196,2727,469,2011.7629166666695,4,0,0,0,3,0,14210,0
3869.0,fzp,1.0,3199,2731,468,2012.520972222225,4,1,0,2,7,0,14215,0
3870.0,fzp,1.0,3198,2730,468,2013.2794444444473,2,3,0,1,3,0,14220,0
3871.0,fzp,1.0,3195,2729,466,2014.0376388888917,3,1,0,1,2,0,14224,0
3872.0,fzp,1.0,3192,2732,460,2014.796111111114,0,0,0,1,2,0,14224,0
3873.0,fzp,1.0,3195,2734,461,2015.5552777777807,2,0,0,1,3,0,14226,0
3874.0,fzp,1.0,3194,2735,459,2016.314861111114,1,3,0,2,3,0,14230,0
3875.0,fzp,1.0,3194,2729,465,2017.0737500000027,7,0,0,0,1,0,14237,0
3876.0,fzp,1.0,3193,2729,464,2017.8318055555583,1,1,0,1,1,0,14239,0
3877.0,fzp,1.0,3195,2726,469,2018.589444444447,6,2,0,0,5,0,14247,0
3878.0,fzp,1.0,3201,2731,470,2019.3473611111137,1,0,0,1,5,0,14248,0
3879.0,fzp,1.0,3200,2727,473,2020.1054166666693,6,0,0,1,1,0,14254,0
3880.0,fzp,1.0,3204,2727,477,2020.8629166666692,2,1,0,2,1,0,14257,0
3881.0,fzp,1.0,3201,2721,480,2021.6195833333359,4,2,0,0,0,0,14263,0
3882.0,fzp,1.0,3205,2721,484,2022.3754166666693,3,2,0,0,5,0,14268,0
3883.0,fzp,1.0,3203,2718,485,2023.1308333333359,4,1,0,0,2,0,14273,0
3884.0,fzp,1.0,3204,2714,490,2023.8852777777804,5,2,0,1,2,0,14280,0
3885.0,fzp,1.0,3204,2710,494,2024.6386111111137,4,2,0,0,2,0,14286,0
3886.0,fzp,1.0,3205,2709,496,2025.3912500000026,1,1,0,0,1,0,14288,0
3887.0,fzp,1.0,3205,2710,495,2026.1438888888915,4,1,0,1,5,0,14293,0
3888.0,fzp,1.0,3203,2710,493,2026.8966666666693,1,2,0,1,2,0,14296,0
3889.0,fzp,1.0,3197,2706,491,2027.6488888888914,5,2,0,1,2,0,14303,0
3890.0,fzp,1.0,3197,2703,494,2028.4001388888914,7,1,0,4,1,0,14311,0
3891.0,fzp,1.0,3195,2704,491,2029.1511111111136,2,1,0,1,3,0,14314,0
3892.0,fzp,1.0,3196,2701,495,2029.901805555558,8,3,0,3,5,0,14325,0
3893.0,fzp,1.0,3196,2703,493,2030.6523611111136,3,0,0,1,4,0,14328,0
3894.0,fzp,1.0,3195,2702,493,2031.403055555558,5,0,0,1,3,0,14333,0
3895.0,fzp,1.0,3187,2701,486,2032.1534722222248,2,2,0,3,0,0,14337,0
3896.0,fzp,1.0,3182,2698,484,2032.903333333336,3,1,1,1,1,0,14341,0
3897.0,fzp,1.0,3178,2697,481,2033.6526388888915,1,3,0,2,1,0,14345,0
3898.0,fzp,1.0,3174,2697,477,2034.4018055555582,3,1,0,2,2,0,14349,0
3899.0,fzp,1.0,3177,2698,479,2035.1511111111138,0,1,0,0,2,0,14350,0
3900.0,fzp,1.0,3179,2699,480,2035.900694444447,2,1,0,1,3,0,14353,0
3901.0,fzp,1.0,3177,2701,476,2036.650694444447,1,0,0,1,2,0,14354,0
3902.0,fzp,1.0,3178,2702,476,2037.4011111111138,7,0,0,4,4,0,14361,0
3903.0,fzp,1.0,3176,2698,478,2038.1511111111138,3,3,0,1,1,0,14367,0
3904.0,fzp,1.0,3182,2703,479,2038.9012500000026,2,1,0,0,8,0,14370,0
3905.0,fzp,1.0,3182,2703,479,2039.652083333336,2,0,0,0,2,0,14372,0
3906.0,fzp,1.0,3183,2704,479,2040.403055555558,2,1,0,1,3,0,14375,0
3907.0,fzp,1.0,3184,2699,485,2041.1534722222248,5,2,0,0,2,0,14382,0
3908.0,fzp,1.0,3184,2702,482,2041.9036111111136,1,1,0,2,3,0,14384,0
3909.0,fzp,1.0,3183,2701,482,2042.6540277777804,4,1,1,1,4,0,14389,0
3910.0,fzp,1.0,3187,2702,485,2043.404444444447,1,0,1,0,3,0,14390,0
3911.0,fzp,1.0,3190,2705,485,2044.1554166666692,1,0,0,0,4,0,14391,0
3912.0,fzp,1.0,3192,2703,489,2044.9065277777804,3,1,0,0,2,0,14395,0
3913.0,fzp,1.0,3187,2700,487,2045.6569444444472,4,1,0,2,0,0,14400,0
3914.0,fzp,1.0,3183,2698,485,2046.4066666666695,1,3,0,1,1,0,14404,0
3915.0,fzp,1.0,3182,2698,484,2047.156111111114,2,1,0,1,2,0,14407,0
3916.0,fzp,1.0,3176,2695,481,2047.9051388888918,2,1,0,0,0,0,14410,0
3917.0,fzp,1.0,3175,2694,481,2048.653611111114,2,2,0,1,2,0,14414,0
3918.0,fzp,1.0,3174,2688,486,2049.401111111114,5,5,0,1,3,0,14424,0
3919.0,fzp,1.0,3174,2682,492,2050.1469444444474,7,3,0,1,3,0,14434,0
3920.0,fzp,1.0,3174,2684,490,2050.892222222225,0,1,0,0,3,0,14435,0
3921.0,fzp,1.0,3169,2683,486,2051.6376388888916,3,1,0,0,3,0,14439,0
3922.0,fzp,1.0,3164,2680,484,2052.382500000003,4,2,0,0,3,0,14445,0
3923.0,fzp,1.0,3161,2675,486,2053.126250000003,6,1,0,0,2,0,14452,0
3924.0,fzp,1.0,3157,2671,486,2053.868750000003,1,4,0,0,1,0,14457,0
3925.0,fzp,1.0,3157,2673,484,2054.610972222225,0,3,0,1,4,0,14460,0
3926.0,fzp,1.0,3155,2672,483,2055.353333333336,1,2,0,0,2,0,14463,0
3927.0,fzp,1.0,3152,2670,482,2056.0952777777807,2,0,0,0,0,0,14465,0
3928.0,fzp,1.0,3152,2673,479,2056.837361111114,2,0,0,3,2,0,14467,0
3929.0,fzp,1.0,3147,2674,473,2057.580000000003,0,0,0,0,1,0,14467,0
3930.0,fzp,1.0,3149,2675,474,2058.3229166666697,3,1,0,1,4,0,14471,0
3931.0,fzp,1.0,3147,2671,476,2059.0654166666695,3,2,0,0,1,0,14476,0
3932.0,fzp,1.0,3150,2670,480,2059.807222222225,3,1,0,0,3,0,14480,0
3933.0,fzp,1.0,3150,2668,482,2060.548611111114,3,1,0,1,1,0,14484,0
3934.0,fzp,1.0,3150,2667,483,2061.2895833333364,1,1,1,0,2,0,14486,0
3935.0,fzp,1.0,3144,2663,481,2062.0298611111143,3,4,0,1,2,0,14493,0
3936.0,fzp,1.0,3137,2659,478,2062.769027777781,2,5,0,0,3,0,14500,0
3937.0,fzp,1.0,3140,2663,477,2063.508194444448,1,0,0,0,5,0,14501,0
3938.0,fzp,1.0,3138,2662,476,2064.2477777777813,2,2,0,0,3,0,14505,0
3939.0,fzp,1.0,3137,2663,474,2064.9873611111148,4,1,0,4,2,0,14510,0
3940.0,fzp,1.0,3136,2663,473,2065.727083333337,2,1,0,0,3,0,14513,0
3941.0,fzp,1.0,3140,2668,472,2066.4675000000034,2,0,0,2,5,0,14515,0
3942.0,fzp,1.0,3145,2673,472,2067.209305555559,1,0,0,1,5,0,14516,0
3943.0,fzp,1.0,3143,2675,468,2067.9520833333368,2,0,1,3,2,0,14518,0
3944.0,fzp,1.0,3145,2673,472,2068.6948611111147,3,1,0,0,2,0,14522,0
3945.0,fzp,1.0,3140,2675,465,2069.4376388888927,1,2,0,2,3,0,14525,0
3946.0,fzp,1.0,3144,2680,464,2070.181388888893,2,0,0,3,4,0,14527,0
3947.0,fzp,1.0,3143,2678,465,2070.9255555555596,6,1,0,2,3,0,14534,0
3948.0,fzp,1.0,3140,2679,461,2071.6695833333374,0,2,0,2,1,0,14536,0
3949.0,fzp,1.0,3142,2674,468,2072.41305555556,8,1,0,1,3,0,14545,0
3950.0,fzp,1.0,3142,2675,467,2073.1559722222264,4,2,0,3,4,0,14551,0
3951.0,fzp,1.0,3135,2672,463,2073.8986111111153,5,0,0,2,0,0,14556,0
3952.0,fzp,1.0,3136,2672,464,2074.6408333333375,2,1,0,1,2,0,14559,0
3953.0,fzp,1.0,3132,2668,464,2075.3825000000043,5,0,0,0,1,0,14564,0
3954.0,fzp,1.0,3132,2670,462,2076.1238888888934,1,2,0,0,5,0,14567,0
3955.0,fzp,1.0,3131,2669,462,2076.865416666671,3,0,0,1,1,0,14570,0
3956.0,fzp,1.0,3127,2668,459,2077.606666666671,1,2,0,2,0,0,14573,0
3957.0,fzp,1.0,3128,2671,457,2078.348194444449,0,2,0,0,5,0,14575,0
3958.0,fzp,1.0,3131,2670,461,2079.0900000000042,2,2,0,0,3,0,14579,0
3959.0,fzp,1.0,3136,2676,460,2079.832500000004,1,0,0,2,5,0,14580,0
3960.0,fzp,1.0,3138,2677,461,2080.5759722222265,1,0,0,0,2,0,14581,0
3961.0,fzp,1.0,3140,2678,462,2081.3197222222266,1,0,0,0,2,0,14582,0
3962.0,fzp,1.0,3141,2679,462,2082.0637500000043,2,1,0,1,3,0,14585,0
3963.0,fzp,1.0,3137,2681,456,2082.808194444449,0,2,0,2,2,0,14587,0
3964.0,fzp,1.0,3136,2676,460,2083.5522222222266,4,3,0,1,1,0,14594,0
3965.0,fzp,1.0,3143,2679,464,2084.2959722222267,2,0,0,3,2,0,14596,0
3966.0,fzp,1.0,3145,2679,466,2085.0401388888936,5,0,0,1,4,0,14601,0
3967.0,fzp,1.0,3146,2682,464,2085.7847222222267,1,0,0,1,3,0,14602,0
3968.0,fzp,1.0,3150,2683,467,2086.5298611111157,2,0,0,0,3,0,14604,0
3969.0,fzp,1.0,3151,2683,468,2087.2751388888933,4,2,0,4,2,0,14610,0
3970.0,fzp,1.0,3152,2686,466,2088.0208333333376,1,1,0,2,3,0,14612,0
3971.0,fzp,1.0,3151,2684,467,2088.766666666671,3,2,0,1,2,0,14617,0
3972.0,fzp,1.0,3149,2680,469,2089.511666666671,4,1,0,0,1,0,14622,0
3973.0,fzp,1.0,3149,2681,468,2090.256250000004,5,0,0,4,2,0,14627,0
3974.0,fzp,1.0,3152,2682,470,2091.0011111111153,2,0,0,0,3,0,14629,0
3975.0,fzp,1.0,3151,2680,471,2091.7458333333375,4,2,0,1,3,0,14635,0
3976.0,fzp,1.0,3155,2684,471,2092.4908333333374,1,1,0,3,3,0,14637,0
3977.0,fzp,1.0,3156,2682,474,2093.236111111115,5,2,0,1,4,0,14644,0
3978.0,fzp,1.0,3158,2683,475,2093.981250000004,1,2,0,1,3,0,14647,0
3979.0,fzp,1.0,3157,2683,474,2094.7265277777815,3,1,0,1,3,0,14651,0
3980.0,fzp,1.0,3158,2685,473,2095.472083333337,0,1,0,1,2,0,14652,0
3981.0,fzp,1.0,3159,2686,473,2096.218055555559,2,0,0,1,2,0,14654,0
3982.0,fzp,1.0,3156,2686,470,2096.9641666666703,3,0,0,2,1,0,14657,0
3983.0,fzp,1.0,3161,2689,472,2097.710694444448,3,0,0,1,5,0,14660,0
3984.0,fzp,1.0,3165,2691,474,2098.4579166666704,2,0,0,2,2,0,14662,0
3985.0,fzp,1.0,3167,2690,477,2099.2052777777817,4,1,0,1,3,0,14667,0
3986.0,fzp,1.0,3167,2685,482,2099.9518055555595,5,2,0,0,2,0,14674,0
3987.0,fzp,1.0,3173,2687,486,2100.6979166666706,4,1,0,3,4,0,14679,0
3988.0,fzp,1.0,3170,2686,484,2101.4441666666708,2,0,0,1,0,0,14681,0
3989.0,fzp,1.0,3171,2686,485,2102.190277777782,4,0,0,2,2,0,14685,0
3990.0,fzp,1.0,3170,2685,485,2102.936250000004,3,2,0,2,2,0,14690,0
3991.0,fzp,1.0,3172,2684,488,2103.681944444448,3,0,0,0,2,0,14693,0
3992.0,fzp,1.0,3167,2682,485,2104.4272222222257,2,3,1,2,2,0,14698,0
3993.0,fzp,1.0,3170,2685,485,2105.1726388888924,3,0,0,1,5,0,14701,0
3994.0,fzp,1.0,3169,2687,482,2105.9187500000035,1,3,0,2,4,0,14705,0
3995.0,fzp,1.0,3169,2684,485,2106.6647222222255,3,3,0,1,2,0,14711,0
3996.0,fzp,1.0,3174,2687,487,2107.4106944444475,4,1,0,2,6,0,14716,0
3997.0,fzp,1.0,3174,2686,488,2108.1569444444476,4,0,0,1,2,0,14720,0
3998.0,fzp,1.0,3177,2688,489,2108.9033333333364,2,2,0,2,4,0,14724,0
3999.0,fzp,1.0,3177,2687,490,2109.649861111114,4,0,0,1,2,0,14728,0
4000.0,fzp,1.0,3178,2687,491,2110.396250000003,2,2,0,1,3,0,14732,0
4001.0,fzp,1.0,3176,2686,490,2111.142500000003,4,0,0,0,3,0,14736,0
4002.0,fzp,1.0,3174,2682,492,2111.888055555559,5,1,0,0,2,0,14742,0
4003.0,fzp,1.0,3174,2685,489,2112.6334722222255,0,1,0,1,3,0,14743,0
4004.0,fzp,1.0,3176,2686,490,2113.3794444444475,1,1,0,0,3,0,14745,0
4005.0,fzp,1.0,3174,2682,492,2114.125000000003,4,0,0,0,0,0,14749,0
4006.0,fzp,1.0,3174,2681,493,2114.8698611111145,2,1,0,0,2,0,14752,0
4007.0,fzp,1.0,3177,2683,494,2115.6148611111144,1,1,0,0,4,0,14754,0
4008.0,fzp,1.0,3174,2685,489,2116.36041666667,1,1,0,1,3,0,14756,0
4009.0,fzp,1.0,3169,2680,489,2117.105555555559,3,3,0,0,1,0,14762,0
4010.0,fzp,1.0,3167,2682,485,2117.8502777777812,4,2,0,2,6,0,14768,0
4011.0,fzp,1.0,3168,2686,482,2118.595833333337,0,0,0,0,4,0,14768,0
4012.0,fzp,1.0,3171,2687,484,2119.342083333337,2,0,0,0,3,0,14770,0
4013.0,fzp,1.0,3170,2686,484,2120.0883333333372,6,2,0,6,1,0,14778,0
4014.0,fzp,1.0,3169,2685,484,2120.8343055555592,2,1,0,0,2,0,14781,0
4015.0,fzp,1.0,3168,2686,482,2121.5802777777812,3,1,0,2,3,0,14785,0
4016.0,fzp,1.0,3166,2686,480,2122.3263888888923,4,3,0,4,3,0,14792,0
4017.0,fzp,1.0,3164,2682,482,2123.071944444448,4,2,0,1,1,0,14798,0
4018.0,fzp,1.0,3159,2678,481,2123.8163888888926,3,4,0,3,0,0,14805,0
4019.0,fzp,1.0,3153,2675,478,2124.559861111115,2,3,0,1,1,0,14810,0
4020.0,fzp,1.0,3153,2673,480,2125.302638888893,0,2,0,0,0,0,14812,0
4021.0,fzp,1.0,3151,2674,477,2126.045277777782,1,3,0,1,4,0,14816,0
4022.0,fzp,1.0,3154,2677,477,2126.788472222226,1,1,0,2,3,0,14818,0
4023.0,fzp,1.0,3154,2680,474,2127.532500000004,2,0,0,2,3,0,14820,0
4024.0,fzp,1.0,3156,2682,474,2128.277222222226,2,0,0,1,3,0,14822,0
4025.0,fzp,1.0,3157,2680,477,2129.0219444444483,5,0,0,2,1,0,14827,0
4026.0,fzp,1.0,3158,2679,479,2129.7662500000038,1,1,0,0,1,0,14829,0
4027.0,fzp,1.0,3159,2681,478,2130.5106944444483,3,0,0,2,3,0,14832,0
4028.0,fzp,1.0,3158,2683,475,2131.255694444448,1,0,0,1,2,0,14833,0
4029.0,fzp,1.0,3158,2684,474,2132.001111111115,1,0,0,0,2,0,14834,0
4030.0,fzp,1.0,3153,2681,472,2132.746250000004,5,2,0,1,3,0,14841,0
4031.0,fzp,1.0,3154,2681,473,2133.490972222226,4,0,0,0,4,0,14845,0
4032.0,fzp,1.0,3153,2682,471,2134.2358333333373,2,0,0,2,1,0,14847,0
4033.0,fzp,1.0,3150,2678,472,2134.980277777782,4,1,0,0,1,0,14852,0
4034.0,fzp,1.0,3149,2677,472,2135.724027777782,3,1,0,2,1,0,14856,0
4035.0,fzp,1.0,3146,2676,470,2136.4675000000043,5,3,0,1,6,0,14864,0
4036.0,fzp,1.0,3145,2677,468,2137.2109722222267,1,2,0,1,3,0,14867,0
4037.0,fzp,1.0,3148,2675,473,2137.95430555556,4,1,0,0,3,0,14872,0
4038.0,fzp,1.0,3145,2675,470,2138.6973611111157,3,0,0,1,2,0,14875,0
4039.0,fzp,1.0,3144,2668,476,2139.4394444444492,6,1,0,0,0,0,14882,0
4040.0,fzp,1.0,3144,2670,474,2140.1808333333383,3,2,1,5,3,0,14887,0
4041.0,fzp,1.0,3144,2664,480,2140.9216666666716,5,3,0,0,2,0,14895,0
4042.0,fzp,1.0,3148,2667,481,2141.662083333338,5,0,0,4,4,0,14900,0
4043.0,fzp,1.0,3150,2667,483,2142.4029166666714,3,2,0,0,5,0,14905,0
4044.0,fzp,1.0,3146,2663,483,2143.1431944444494,5,2,1,1,3,0,14912,0
4045.0,fzp,1.0,3140,2661,479,2143.882638888894,3,3,0,2,2,0,14918,0
4046.0,fzp,1.0,3136,2662,474,2144.621944444449,1,1,0,1,2,0,14920,0
4047.0,fzp,1.0,3133,2656,477,2145.36055555556,4,2,1,0,1,0,14926,0
4048.0,fzp,1.0,3134,2657,477,2146.0984722222265,3,0,0,0,4,0,14929,0
4049.0,fzp,1.0,3133,2659,474,2146.8368055555597,2,0,1,1,4,0,14931,0
4050.0,fzp,1.0,3136,2660,476,2147.5755555555597,1,1,0,0,3,0,14933,0
4051.0,fzp,1.0,3135,2660,475,2148.314444444449,2,1,0,2,1,0,14936,0
4052.0,fzp,1.0,3135,2659,476,2149.0531944444488,5,0,0,2,2,0,14941,0
4053.0,fzp,1.0,3135,2659,476,2149.7918055555597,1,0,0,0,1,0,14942,0
4054.0,fzp,1.0,3133,2656,477,2150.5300000000043,5,0,0,2,0,0,14947,0
4055.0,fzp,1.0,3133,2652,481,2151.2672222222263,2,4,0,0,2,0,14953,0
4056.0,fzp,1.0,3139,2657,482,2152.0045833333375,1,1,0,2,5,0,14955,0
4057.0,fzp,1.0,3139,2654,485,2152.7422222222262,5,0,0,1,1,0,14960,0
4058.0,fzp,1.0,3140,2656,484,2153.4797222222264,3,1,0,3,3,0,14964,0
4059.0,fzp,1.0,3142,2658,484,2154.217777777782,3,1,0,2,4,0,14968,0
4060.0,fzp,1.0,3139,2658,481,2154.956111111115,1,1,1,1,2,0,14970,0
4061.0,fzp,1.0,3143,2658,485,2155.6944444444484,6,2,0,3,5,0,14978,0
4062.0,fzp,1.0,3146,2659,487,2156.4329166666707,3,1,0,1,4,0,14982,0
4063.0,fzp,1.0,3149,2657,492,2157.171250000004,6,1,0,1,4,0,14989,0
4064.0,fzp,1.0,3148,2658,490,2157.9094444444486,2,0,0,1,2,0,14991,0
4065.0,fzp,1.0,3146,2656,490,2158.647500000004,3,0,0,0,1,0,14994,0
4066.0,fzp,1.0,3143,2656,487,2159.385277777782,2,1,0,0,3,0,14997,0
4067.0,fzp,1.0,3141,2659,482,2160.1234722222266,1,1,0,1,4,0,14999,0
4068.0,fzp,1.0,3141,2660,481,2160.8622222222266,1,1,0,1,2,0,15001,0
4069.0,fzp,1.0,3143,2659,484,2161.6009722222266,2,1,0,1,1,0,15004,0
4070.0,fzp,1.0,3140,2660,480,2162.3397222222266,1,2,0,2,2,0,15007,0
4071.0,fzp,1.0,3140,2655,485,2163.077916666671,5,2,0,0,2,0,15014,0
4072.0,fzp,1.0,3140,2655,485,2163.8154166666714,0,2,0,0,2,0,15016,0
4073.0,fzp,1.0,3144,2658,486,2164.553333333338,1,1,0,1,4,0,15018,0
4074.0,fzp,1.0,3143,2655,488,2165.2912500000043,2,3,0,1,1,0,15023,0
4075.0,fzp,1.0,3143,2656,487,2166.028888888893,0,0,0,0,1,0,15023,0
4076.0,fzp,1.0,3145,2657,488,2166.7668055555596,1,1,0,0,3,0,15025,0
4077.0,fzp,1.0,3143,2657,486,2167.504861111115,1,0,0,0,1,0,15026,0
4078.0,fzp,1.0,3142,2659,483,2168.2431944444484,0,1,0,2,1,0,15027,0
4079.0,fzp,1.0,3142,2656,486,2168.981388888893,4,0,0,0,1,0,15031,0
4080.0,fzp,1.0,3143,2659,484,2169.7195833333376,3,1,0,2,5,0,15035,0
4081.0,fzp,1.0,3140,2657,483,2170.457916666671,3,1,0,0,2,0,15039,0
4082.0,fzp,1.0,3143,2657,486,2171.1959722222264,4,2,0,2,4,0,15045,0
4083.0,fzp,1.0,3140,2655,485,2171.9337500000042,2,1,0,0,1,0,15048,0
4084.0,fzp,1.0,3139,2654,485,2172.6711111111154,3,2,0,2,2,0,15053,0
4085.0,fzp,1.0,3137,2655,482,2173.4084722222265,1,0,0,0,2,0,15054,0
4086.0,fzp,1.0,3135,2657,478,2174.1462500000043,2,1,0,1,4,0,15057,0
4087.0,fzp,1.0,3133,2653,480,2174.8837500000045,3,3,0,0,2,0,15063,0
4088.0,fzp,1.0,3132,2653,479,2175.620694444449,1,1,1,0,3,0,15065,0
4089.0,fzp,1.0,3133,2651,482,2176.3573611111156,5,0,0,0,3,0,15070,0
4090.0,fzp,1.0,3127,2650,477,2177.0936111111155,0,1,1,0,1,0,15071,0
4091.0,fzp,1.0,3127,2652,475,2177.8300000000045,1,0,0,1,2,0,15072,0
4092.0,fzp,1.0,3120,2651,469,2178.566527777782,1,3,0,2,1,0,15076,0
4093.0,fzp,1.0,3117,2654,463,2179.303333333338,0,2,0,2,3,0,15078,0
4094.0,fzp,1.0,3117,2654,463,2180.04055555556,3,0,0,0,3,0,15081,0
4095.0,fzp,1.0,3119,2657,462,2180.7781944444487,1,0,0,3,1,0,15082,0
4096.0,fzp,1.0,3116,2654,462,2181.5158333333375,4,1,0,1,1,0,15087,0
4097.0,fzp,1.0,3113,2652,461,2182.252777777782,3,2,0,0,3,0,15092,0
4098.0,fzp,1.0,3111,2652,459,2182.9894444444485,3,1,0,2,2,0,15096,0
4099.0,fzp,1.0,3116,2650,466,2183.7258333333375,6,0,0,1,3,0,15102,0
4100.0,fzp,1.0,3112,2646,466,2184.461388888893,4,3,0,0,3,0,15109,0
4101.0,fzp,1.0,3110,2647,463,2185.1965277777817,2,1,0,3,1,0,15112,0
4102.0,fzp,1.0,3114,2650,464,2185.9322222222263,0,0,0,0,3,0,15112,0
4103.0,fzp,1.0,3115,2646,469,2186.667777777782,5,1,0,1,1,0,15118,0
4104.0,fzp,1.0,3113,2645,468,2187.402638888893,3,1,0,0,3,0,15122,0
4105.0,fzp,1.0,3119,2647,472,2188.137638888893,4,0,0,0,6,0,15126,0
4106.0,fzp,1.0,3121,2649,472,2188.8731944444485,2,0,0,0,4,0,15128,0
4107.0,fzp,1.0,3123,2651,472,2189.60930555556,1,1,0,1,3,0,15130,0
4108.0,fzp,1.0,3124,2648,476,2190.345277777782,3,1,0,1,0,0,15134,0
4109.0,fzp,1.0,3122,2649,473,2191.0809722222266,1,0,0,1,1,0,15135,0
4110.0,fzp,1.0,3123,2654,469,2191.817500000004,1,0,0,2,4,0,15136,0
4111.0,fzp,1.0,3129,2656,473,2192.5550000000044,3,1,0,1,5,0,15140,0
4112.0,fzp,1.0,3131,2654,477,2193.2925000000046,3,2,0,1,2,0,15145,0
4113.0,fzp,1.0,3125,2651,474,2194.0293055555603,1,4,0,1,1,0,15150,0
4114.0,fzp,1.0,3130,2656,474,2194.7663888888937,1,0,0,1,5,0,15151,0
4115.0,fzp,1.0,3130,2654,476,2195.503888888894,3,3,0,2,2,0,15157,0
4116.0,fzp,1.0,3131,2656,475,2196.241388888894,2,1,0,3,2,0,15160,0
4117.0,fzp,1.0,3131,2655,476,2196.979027777783,3,2,0,1,3,0,15165,0
4118.0,fzp,1.0,3132,2659,473,2197.7170833333385,1,2,0,1,6,0,15168,0
4119.0,fzp,1.0,3134,2655,479,2198.455138888894,6,1,0,3,0,0,15175,0
4120.0,fzp,1.0,3134,2658,476,2199.1930555555605,2,1,0,2,4,0,15178,0
4121.0,fzp,1.0,3134,2656,478,2199.931111111116,5,1,0,2,2,0,15184,0
4122.0,fzp,1.0,3134,2656,478,2200.668888888894,3,3,0,1,5,0,15190,0
4123.0,fzp,1.0,3127,2649,478,2201.4056944444496,4,4,0,1,0,0,15198,0
4124.0,fzp,1.0,3122,2645,477,2202.1409722222274,3,4,0,1,2,0,15205,0
4125.0,fzp,1.0,3120,2643,477,2202.8754166666718,4,1,0,1,2,0,15210,0
4126.0,fzp,1.0,3119,2641,478,2203.6093055555607,1,3,0,0,2,0,15214,0
4127.0,fzp,1.0,3118,2644,474,2204.3433333333383,3,0,0,4,2,0,15217,0
4128.0,fzp,1.0,3121,2643,478,2205.077638888894,1,0,0,0,0,0,15218,0
4129.0,fzp,1.0,3121,2642,479,2205.8116666666715,3,1,0,0,3,0,15222,0
4130.0,fzp,1.0,3120,2644,476,2206.545833333338,2,2,0,3,3,0,15226,0
4131.0,fzp,1.0,3120,2643,477,2207.280138888894,3,0,0,0,2,0,15229,0
4132.0,fzp,1.0,3117,2648,469,2208.015000000005,0,0,0,3,2,0,15229,0
4133.0,fzp,1.0,3119,2650,469,2208.750833333338,4,0,0,1,5,0,15233,0
4134.0,fzp,1.0,3123,2654,469,2209.4875000000047,0,0,0,1,3,0,15233,0
4135.0,fzp,1.0,3122,2653,469,2210.224583333338,1,2,0,1,1,0,15236,0
4136.0,fzp,1.0,3120,2651,469,2210.961250000005,3,0,1,0,2,0,15239,0
4137.0,fzp,1.0,3121,2655,466,2211.698194444449,1,0,0,2,3,0,15240,0
4138.0,fzp,1.0,3118,2652,466,2212.4352777777826,4,1,0,0,2,0,15245,0
4139.0,fzp,1.0,3122,2658,464,2213.172777777783,1,0,0,3,4,0,15246,0
4140.0,fzp,1.0,3121,2656,465,2213.9108333333384,5,2,0,2,3,0,15253,0
4141.0,fzp,1.0,3122,2654,468,2214.6483333333385,4,1,0,0,3,0,15258,0
4142.0,fzp,1.0,3117,2649,468,2215.384861111116,5,5,0,3,2,0,15268,0
4143.0,fzp,1.0,3115,2647,468,2216.1204166666716,2,2,0,1,1,0,15272,0
4144.0,fzp,1.0,3110,2640,470,2216.8547222222273,4,5,0,1,1,0,15281,0
4145.0,fzp,1.0,3106,2637,469,2217.587638888894,3,3,0,1,2,0,15287,0
4146.0,fzp,1.0,3106,2635,471,2218.3198611111166,3,1,0,0,2,0,15291,0
4147.0,fzp,1.0,3108,2632,476,2219.0513888888945,7,1,0,1,4,0,15299,0
4148.0,fzp,1.0,3106,2630,476,2219.782222222228,2,1,0,0,1,0,15302,0
4149.0,fzp,1.0,3107,2631,476,2220.5129166666725,3,0,0,0,4,0,15305,0
4150.0,fzp,1.0,3106,2628,478,2221.2433333333393,4,2,0,0,3,0,15311,0
4151.0,fzp,1.0,3100,2622,478,2221.9725000000058,4,2,0,0,0,0,15317,0
4152.0,fzp,1.0,3095,2619,476,2222.7004166666725,1,2,0,0,0,0,15320,0
4153.0,fzp,1.0,3089,2616,473,2223.4275000000057,3,1,0,0,1,0,15324,0
4154.0,fzp,1.0,3088,2617,471,2224.154305555561,2,2,0,0,5,0,15328,0
4155.0,fzp,1.0,3086,2617,469,2224.881250000006,2,2,0,0,4,0,15332,0
4156.0,fzp,1.0,3079,2618,461,2225.608333333339,1,0,0,1,1,0,15333,0
4157.0,fzp,1.0,3077,2615,462,2226.3351388888946,2,2,0,0,1,0,15337,0
4158.0,fzp,1.0,3073,2616,457,2227.0616666666724,1,1,0,1,2,0,15339,0
4159.0,fzp,1.0,3074,2614,460,2227.788055555561,4,0,0,0,2,0,15343,0
4160.0,fzp,1.0,3072,2614,458,2228.5141666666723,1,1,0,0,2,0,15345,0
4161.0,fzp,1.0,3072,2617,455,2229.24069444445,0,0,0,0,3,0,15345,0
4162.0,fzp,1.0,3070,2614,456,2229.967222222228,3,1,0,0,1,0,15349,0
4163.0,fzp,1.0,3069,2612,457,2230.6930555555614,6,0,0,3,1,0,15355,0
4164.0,fzp,1.0,3066,2615,451,2231.4190277777834,1,1,0,2,3,0,15357,0
4165.0,fzp,1.0,3065,2617,448,2232.14569444445,3,0,0,0,5,0,15360,0
4166.0,fzp,1.0,3067,2621,446,2232.87319444445,2,0,0,3,3,0,15362,0
4167.0,fzp,1.0,3068,2623,445,2233.6015277777833,4,0,0,1,5,0,15366,0
4168.0,fzp,1.0,3067,2624,443,2234.3302777777835,1,0,0,1,1,0,15367,0
4169.0,fzp,1.0,3064,2623,441,2235.0590277777837,5,1,0,2,3,0,15373,0
4170.0,fzp,1.0,3063,2623,440,2235.787638888895,2,2,0,0,4,0,15377,0
4171.0,fzp,1.0,3060,2623,437,2236.516250000006,1,2,0,0,3,0,15380,0
4172.0,fzp,1.0,3060,2620,440,2237.2444444444504,4,3,0,0,4,0,15387,0
4173.0,fzp,1.0,3060,2617,443,2237.9718055555613,4,2,0,0,3,0,15393,0
4174.0,fzp,1.0,3062,2617,445,2238.698750000006,3,2,0,0,5,0,15398,0
4175.0,fzp,1.0,3064,2614,450,2239.425277777784,6,1,0,0,4,0,15405,0
4176.0,fzp,1.0,3062,2612,450,2240.151111111117,1,1,0,0,0,0,15407,0
4177.0,fzp,1.0,3063,2614,449,2240.8769444444506,2,0,0,0,4,0,15409,0
4178.0,fzp,1.0,3066,2614,452,2241.6030555555617,3,0,0,0,3,0,15412,0
4179.0,fzp,1.0,3067,2616,451,2242.3294444444505,3,0,0,2,3,0,15415,0
4180.0,fzp,1.0,3064,2612,452,2243.0555555555616,5,1,0,0,2,0,15421,0
4181.0,fzp,1.0,3063,2612,451,2243.7811111111173,3,0,0,1,2,0,15424,0
4182.0,fzp,1.0,3061,2607,454,2244.5059722222286,6,0,0,0,1,0,15430,0
4183.0,fzp,1.0,3058,2604,454,2245.2297222222287,3,1,0,0,1,0,15434,0
4184.0,fzp,1.0,3059,2603,456,2245.952916666673,4,0,1,1,3,0,15438,0
4185.0,fzp,1.0,3058,2601,457,2246.675694444451,4,2,0,0,4,0,15444,0
4186.0,fzp,1.0,3063,2604,459,2247.3986111111176,3,0,1,1,6,0,15447,0
4187.0,fzp,1.0,3059,2605,454,2248.12208333334,2,1,0,2,2,0,15450,0
4188.0,fzp,1.0,3063,2605,458,2248.845694444451,4,0,0,1,3,0,15454,0
4189.0,fzp,1.0,3064,2605,459,2249.569305555562,3,1,0,0,4,0,15458,0
4190.0,fzp,1.0,3063,2606,457,2250.293055555562,5,1,0,5,2,0,15464,0
4191.0,fzp,1.0,3059,2603,456,2251.0165277777846,3,3,0,1,2,0,15470,0
4192.0,fzp,1.0,3058,2608,450,2251.7402777777847,2,0,0,4,3,0,15472,0
4193.0,fzp,1.0,3059,2610,449,2252.465000000007,3,0,0,2,3,0,15475,0
4194.0,fzp,1.0,3057,2608,449,2253.189722222229,4,1,0,1,2,0,15480,0
4195.0,fzp,1.0,3056,2604,452,2253.913611111118,5,1,1,1,2,0,15486,0
4196.0,fzp,1.0,3056,2605,451,2254.6370833333403,3,1,0,1,4,0,15490,0
4197.0,fzp,1.0,3058,2609,449,2255.361250000007,1,0,0,2,3,0,15491,0
4198.0,fzp,1.0,3060,2611,449,2256.086250000007,3,0,1,2,4,0,15494,0
4199.0,fzp,1.0,3058,2607,451,2256.8109722222293,4,0,0,0,0,0,15498,0
4200.0,fzp,1.0,3058,2606,452,2257.535000000007,4,1,0,0,4,0,15503,0
4201.0,fzp,1.0,3056,2608,448,2258.259166666674,1,0,0,3,0,0,15504,0
4202.0,fzp,1.0,3057,2609,448,2258.983750000007,4,1,0,4,2,0,15509,0
4203.0,fzp,1.0,3056,2611,445,2259.708750000007,0,1,0,1,2,0,15510,0
4204.0,fzp,1.0,3055,2609,446,2260.433750000007,5,1,0,3,1,0,15516,0
4205.0,fzp,1.0,3054,2607,447,2261.1581944444515,2,1,0,0,1,0,15519,0
4206.0,fzp,1.0,3053,2604,449,2261.8819444444516,4,1,0,1,1,0,15524,0
4207.0,fzp,1.0,3055,2609,446,2262.6059722222294,2,1,0,3,5,0,15527,0
4208.0,fzp,1.0,3048,2598,450,2263.3291666666737,5,5,1,0,0,0,15537,0
4209.0,fzp,1.0,3050,2602,448,2264.051388888896,3,1,0,1,7,0,15541,0
4210.0,fzp,1.0,3050,2602,448,2264.774166666674,3,1,0,0,4,0,15545,0
4211.0,fzp,1.0,3045,2600,445,2265.4966666666737,2,1,0,0,1,0,15548,0
4212.0,fzp,1.0,3048,2602,446,2266.2191666666736,2,0,0,0,4,0,15550,0
4213.0,fzp,1.0,3051,2606,445,2266.942500000007,1,0,0,1,4,0,15551,0
4214.0,fzp,1.0,3047,2608,439,2267.666666666674,0,1,0,2,1,0,15552,0
4215.0,fzp,1.0,3048,2611,437,2268.391527777785,1,1,0,1,4,0,15554,0
4216.0,fzp,1.0,3048,2611,437,2269.1168055555627,0,1,0,0,1,0,15555,0
4217.0,fzp,1.0,3047,2615,432,2269.842638888896,0,1,0,2,3,0,15556,0
4218.0,fzp,1.0,3049,2617,432,2270.5693055555626,1,2,0,0,5,0,15559,0
4219.0,fzp,1.0,3048,2615,433,2271.295972222229,2,0,0,0,0,0,15561,0
4220.0,fzp,1.0,3048,2617,431,2272.0226388888955,0,0,0,0,2,0,15561,0
4221.0,fzp,1.0,3045,2616,429,2272.749444444451,1,1,0,0,1,0,15563,0
4222.0,fzp,1.0,3042,2614,428,2273.47583333334,0,3,0,0,1,0,15566,0
4223.0,fzp,1.0,3041,2614,427,2274.201944444451,0,0,0,0,0,0,15566,0
4224.0,fzp,1.0,3043,2615,428,2274.928194444451,0,2,0,0,3,0,15568,0
4225.0,fzp,1.0,3042,2613,429,2275.654305555562,1,4,0,0,3,0,15573,0
4226.0,fzp,1.0,3044,2611,433,2276.379861111118,5,1,0,0,4,0,15579,0
4227.0,fzp,1.0,3044,2610,434,2277.105000000007,1,1,0,1,0,0,15581,0
4228.0,fzp,1.0,3042,2610,432,2277.8300000000067,2,2,0,2,2,0,15585,0
4229.0,fzp,1.0,3041,2610,431,2278.5550000000067,1,4,0,1,4,0,15590,0
4230.0,fzp,1.0,3038,2609,429,2279.279861111118,0,5,0,0,4,0,15595,0
4231.0,fzp,1.0,3035,2604,431,2280.0038888888957,4,3,0,0,2,0,15602,0
4232.0,fzp,1.0,3032,2603,429,2280.72708333334,2,2,0,0,3,0,15606,0
4233.0,fzp,1.0,3028,2603,425,2281.4501388888957,3,1,0,1,3,0,15610,0
4234.0,fzp,1.0,3026,2602,424,2282.1730555555623,4,0,0,0,3,0,15614,0
4235.0,fzp,1.0,3022,2599,423,2282.8954166666736,2,2,0,0,1,0,15618,0
4236.0,fzp,1.0,3020,2596,424,2283.6169444444513,3,0,0,0,0,0,15621,0
4237.0,fzp,1.0,3018,2596,422,2284.3380555555623,1,3,0,0,4,0,15625,0
4238.0,fzp,1.0,3015,2597,418,2285.0593055555623,1,1,0,1,2,0,15627,0
4239.0,fzp,1.0,3012,2597,415,2285.780694444451,0,1,0,0,1,0,15628,0
4240.0,fzp,1.0,3013,2598,415,2286.5022222222287,4,1,0,2,4,0,15633,0
4241.0,fzp,1.0,3014,2602,412,2287.224444444451,0,1,0,1,4,0,15634,0
4242.0,fzp,1.0,3013,2601,412,2287.94708333334,2,2,0,1,2,0,15638,0
4243.0,fzp,1.0,3012,2600,412,2288.669444444451,3,2,0,2,2,0,15643,0
4244.0,fzp,1.0,3012,2600,412,2289.3916666666732,1,4,0,0,5,0,15648,0
4245.0,fzp,1.0,3012,2603,409,2290.114305555562,1,2,0,4,2,0,15651,0
4246.0,fzp,1.0,3013,2603,410,2290.837361111118,3,3,0,2,4,0,15657,0
4247.0,fzp,1.0,3011,2603,408,2291.5604166666735,2,1,0,2,1,0,15660,0
4248.0,fzp,1.0,3011,2600,411,2292.2830555555624,3,2,0,1,1,0,15665,0
4249.0,fzp,1.0,3009,2595,414,2293.00458333334,6,2,0,0,3,0,15673,0
4250.0,fzp,1.0,3002,2589,413,2293.72458333334,2,4,0,0,0,0,15679,0
4251.0,fzp,1.0,3007,2591,416,2294.4440277777844,2,1,0,1,4,0,15682,0
4252.0,fzp,1.0,3006,2590,416,2295.163611111118,3,1,1,1,3,0,15686,0
4253.0,fzp,1.0,3007,2590,417,2295.8830555555624,2,2,0,1,3,0,15690,0
4254.0,fzp,1.0,3003,2591,412,2296.602638888896,3,0,0,1,3,0,15693,0
4255.0,fzp,1.0,3009,2594,415,2297.3227777777847,3,0,0,1,5,0,15696,0
4256.0,fzp,1.0,3008,2593,415,2298.0431944444513,3,1,0,2,1,0,15700,0
4257.0,fzp,1.0,3012,2595,417,2298.763750000007,2,0,0,1,3,0,15702,0
4258.0,fzp,1.0,3006,2592,414,2299.4841666666734,2,4,0,1,2,0,15708,0
4259.0,fzp,1.0,3006,2594,412,2300.2044444444514,3,1,0,1,5,0,15712,0
4260.0,fzp,1.0,3007,2593,414,2300.924861111118,3,1,0,1,2,0,15716,0
4261.0,fzp,1.0,3008,2592,416,2301.645000000007,3,1,0,1,2,0,15720,0
4262.0,fzp,1.0,3008,2593,415,2302.3651388888957,0,2,0,2,1,0,15722,0
4263.0,fzp,1.0,3005,2590,415,2303.085000000007,2,3,0,1,1,0,15727,0
4264.0,fzp,1.0,3004,2589,415,2303.804305555562,3,1,0,2,1,0,15731,0
4265.0,fzp,1.0,3003,2588,415,2304.52333333334,3,1,0,1,2,0,15735,0
4266.0,fzp,1.0,3003,2588,415,2305.242222222229,2,1,0,1,2,0,15738,0
4267.0,fzp,1.0,3002,2589,413,2305.9612500000067,1,1,0,1,2,0,15740,0
4268.0,fzp,1.0,3004,2590,414,2306.680555555562,1,3,0,1,4,0,15744,0
4269.0,fzp,1.0,3003,2593,410,2307.400416666673,3,2,0,4,4,0,15749,0
4270.0,fzp,1.0,3004,2592,412,2308.120555555562,3,4,0,2,4,0,15756,0
4271.0,fzp,1.0,3003,2586,417,2308.839722222229,5,3,0,2,0,0,15764,0
4272.0,fzp,1.0,3001,2582,419,2309.5575000000067,4,4,0,1,3,0,15772,0
4273.0,fzp,1.0,3002,2580,422,2310.274444444451,4,2,0,1,3,0,15778,0
4274.0,fzp,1.0,2999,2575,424,2310.9904166666734,5,3,0,0,3,0,15786,0
4275.0,fzp,1.0,2999,2576,423,2311.70583333334,1,1,0,1,2,0,15788,0
4276.0,fzp,1.0,2999,2574,425,2312.4211111111176,4,1,0,1,2,0,15793,0
4277.0,fzp,1.0,3001,2573,428,2313.1359722222287,3,1,0,0,3,0,15797,0
4278.0,fzp,1.0,2998,2571,427,2313.850416666673,4,2,0,3,1,0,15803,0
4279.0,fzp,1.0,2994,2568,426,2314.564166666673,3,1,0,1,0,0,15807,0
4280.0,fzp,1.0,2998,2570,428,2315.277777777784,7,0,0,3,6,0,15814,0
4281.0,fzp,1.0,3000,2569,431,2315.991527777784,5,0,0,2,2,0,15819,0
4282.0,fzp,1.0,3001,2569,432,2316.7051388888954,2,1,0,0,3,0,15822,0
4283.0,fzp,1.0,3002,2570,432,2317.4188888888953,0,1,0,1,1,0,15823,0
4284.0,fzp,1.0,2997,2564,433,2318.1319444444507,4,5,0,1,2,0,15832,0
4285.0,fzp,1.0,2993,2560,433,2318.8436111111173,3,2,0,1,0,0,15837,0
4286.0,fzp,1.0,2990,2562,428,2319.555000000006,0,3,0,2,3,0,15840,0
4287.0,fzp,1.0,2990,2560,430,2320.266388888895,6,1,0,3,2,0,15847,0
4288.0,fzp,1.0,2989,2560,429,2320.9775000000063,1,1,0,1,1,0,15849,0
4289.0,fzp,1.0,2988,2561,427,2321.688750000006,2,1,0,1,3,0,15852,0
4290.0,fzp,1.0,2988,2560,428,2322.400000000006,5,1,0,0,5,0,15858,0
4291.0,fzp,1.0,2988,2562,426,2323.111388888895,0,0,0,1,1,0,15858,0
4292.0,fzp,1.0,2986,2566,420,2323.8236111111173,1,0,0,1,4,0,15859,0
4293.0,fzp,1.0,2983,2564,419,2324.5361111111174,4,1,0,0,3,0,15864,0
4294.0,fzp,1.0,2983,2566,417,2325.2486111111175,2,2,0,3,3,0,15868,0
4295.0,fzp,1.0,2983,2562,421,2325.96083333334,5,0,0,0,1,0,15873,0
4296.0,fzp,1.0,2984,2563,421,2326.6726388888956,2,0,0,0,3,0,15875,0
4297.0,fzp,1.0,2987,2565,422,2327.384861111118,4,0,0,2,4,0,15879,0
4298.0,fzp,1.0,2987,2564,423,2328.097222222229,3,2,0,1,3,0,15884,0
4299.0,fzp,1.0,2984,2561,423,2328.8090277777846,2,2,0,1,0,0,15888,0
4300.0,fzp,1.0,2986,2556,430,2329.519722222229,5,2,0,0,2,0,15895,0
4301.0,fzp,1.0,2988,2556,432,2330.229722222229,1,0,1,0,2,0,15896,0
4302.0,fzp,1.0,2990,2553,437,2330.9393055555624,4,1,0,0,2,0,15901,0
4303.0,fzp,1.0,2996,2553,443,2331.648472222229,1,2,0,0,3,0,15904,0
4304.0,fzp,1.0,2995,2550,445,2332.3572222222288,4,1,0,0,2,0,15909,0
4305.0,fzp,1.0,2996,2550,446,2333.0655555555622,1,0,0,0,1,0,15910,0
4306.0,fzp,1.0,2995,2549,446,2333.7737500000067,0,1,0,0,0,0,15911,0
4307.0,fzp,1.0,2997,2551,446,2334.48208333334,0,1,0,1,2,0,15912,0
4308.0,fzp,1.0,2998,2546,452,2335.190000000007,4,3,0,0,2,0,15919,0
4309.0,fzp,1.0,3002,2548,454,2335.897500000007,0,2,0,0,4,0,15921,0
4310.0,fzp,1.0,3000,2547,453,2336.605138888896,1,2,0,0,2,0,15924,0
4311.0,fzp,1.0,2997,2547,450,2337.312638888896,0,1,0,0,1,0,15925,0
4312.0,fzp,1.0,2998,2547,451,2338.020138888896,1,1,0,0,2,0,15927,0
4313.0,fzp,1.0,3002,2548,454,2338.727777777785,4,0,0,3,2,0,15931,0
4314.0,fzp,1.0,3002,2551,451,2339.4359722222293,0,0,0,0,3,0,15931,0
4315.0,fzp,1.0,3002,2554,448,2340.1450000000073,1,0,0,1,3,0,15932,0
4316.0,fzp,1.0,3003,2553,450,2340.854305555563,2,1,0,0,2,0,15935,0
4317.0,fzp,1.0,3002,2549,453,2341.562916666674,6,0,0,1,1,0,15941,0
4318.0,fzp,1.0,3000,2550,450,2342.2711111111184,1,0,0,0,2,0,15942,0
4319.0,fzp,1.0,3001,2547,454,2342.979027777785,3,1,0,0,1,0,15946,0
4320.0,fzp,1.0,3003,2549,454,2343.686805555563,1,0,0,0,3,0,15947,0
4321.0,fzp,1.0,3003,2550,453,2344.3950000000073,2,0,0,1,2,0,15949,0
4322.0,fzp,1.0,3004,2549,455,2345.1031944444517,2,1,0,1,1,0,15952,0
4323.0,fzp,1.0,3006,2549,457,2345.811250000007,3,1,0,0,4,0,15956,0
4324.0,fzp,1.0,3009,2549,460,2346.5193055555624,5,0,0,0,5,0,15961,0
4325.0,fzp,1.0,3008,2548,460,2347.227222222229,3,1,0,1,2,0,15965,0
4326.0,fzp,1.0,3006,2547,459,2347.934861111118,1,3,0,0,3,0,15969,0
4327.0,fzp,1.0,3009,2550,459,2348.642777777785,2,0,0,1,4,0,15971,0
4328.0,fzp,1.0,3010,2550,460,2349.3511111111184,3,1,0,0,4,0,15975,0
4329.0,fzp,1.0,3010,2554,456,2350.060000000007,1,1,0,1,5,0,15977,0
4330.0,fzp,1.0,3004,2548,456,2350.7686111111184,6,0,0,0,0,0,15983,0
4331.0,fzp,1.0,3004,2551,453,2351.476805555563,1,3,0,1,6,0,15987,0
4332.0,fzp,1.0,3002,2548,454,2352.185000000007,3,1,0,0,1,0,15991,0
4333.0,fzp,1.0,3002,2545,457,2352.892361111118,5,1,0,0,3,0,15997,0
4334.0,fzp,1.0,3000,2542,458,2353.598888888896,3,0,0,0,0,0,16000,0
4335.0,fzp,1.0,2998,2539,459,2354.3045833333404,2,1,0,0,0,0,16003,0
4336.0,fzp,1.0,2995,2539,456,2355.009861111118,2,0,0,0,2,0,16005,0
4337.0,fzp,1.0,3000,2542,458,2355.7155555555623,0,0,0,0,3,0,16005,0
4338.0,fzp,1.0,2997,2540,457,2356.4213888888958,3,2,0,1,2,0,16010,0
4339.0,fzp,1.0,2998,2537,461,2357.1265277777848,4,1,0,0,2,0,16015,0
4340.0,fzp,1.0,3002,2538,464,2357.831388888896,5,1,0,4,3,0,16021,0
4341.0,fzp,1.0,3004,2536,468,2358.5361111111183,4,0,0,0,2,0,16025,0
4342.0,fzp,1.0,3004,2536,468,2359.240555555563,5,0,1,4,2,0,16030,0
4343.0,fzp,1.0,3002,2533,469,2359.9445833333407,4,1,0,0,2,0,16035,0
4344.0,fzp,1.0,3001,2532,469,2360.648055555563,3,1,2,2,3,0,16039,0
4345.0,fzp,1.0,3006,2537,469,2361.352083333341,2,1,0,2,6,0,16042,0
4346.0,fzp,1.0,3004,2537,467,2362.056805555563,1,2,0,1,2,0,16045,0
4347.0,fzp,1.0,3001,2538,463,2362.7616666666745,4,0,1,2,4,0,16049,0
4348.0,fzp,1.0,3002,2538,464,2363.4666666666744,2,3,0,2,3,0,16054,0
4349.0,fzp,1.0,3000,2537,463,2364.1715277777857,2,0,1,2,0,0,16056,0
4350.0,fzp,1.0,2999,2539,460,2364.8765277777857,2,0,0,0,4,0,16058,0
4351.0,fzp,1.0,3003,2542,461,2365.58222222223,1,0,1,1,4,0,16059,0
4352.0,fzp,1.0,3005,2545,460,2366.288750000008,2,1,0,3,3,0,16062,0
4353.0,fzp,1.0,3003,2544,459,2366.9955555555634,1,1,0,0,1,0,16064,0
4354.0,fzp,1.0,3001,2542,459,2367.7019444444522,2,2,0,2,0,0,16068,0
4355.0,fzp,1.0,3000,2544,456,2368.408333333341,2,1,0,3,2,0,16071,0
4356.0,fzp,1.0,2998,2546,452,2369.1152777777856,2,0,1,1,4,0,16073,0
4357.0,fzp,1.0,2998,2545,453,2369.822361111119,3,1,0,1,2,0,16077,0
4358.0,fzp,1.0,2997,2540,457,2370.528611111119,4,4,0,0,3,0,16085,0
4359.0,fzp,1.0,2999,2541,458,2371.2343055555634,1,0,0,1,1,0,16086,0
4360.0,fzp,1.0,3001,2540,461,2371.940000000008,3,1,0,0,3,0,16090,0
4361.0,fzp,1.0,3003,2544,459,2372.646111111119,0,0,1,1,4,0,16090,0
4362.0,fzp,1.0,3000,2545,455,2373.3529166666744,1,3,1,2,4,0,16094,0
4363.0,fzp,1.0,2996,2541,455,2374.0593055555632,2,3,1,1,1,0,16099,0
4364.0,fzp,1.0,3000,2544,456,2374.7655555555634,2,0,0,1,4,0,16101,0
4365.0,fzp,1.0,2997,2543,454,2375.4720833333413,0,2,1,1,1,0,16103,0
4366.0,fzp,1.0,2998,2544,454,2376.178611111119,2,0,0,0,3,0,16105,0
4367.0,fzp,1.0,2999,2544,455,2376.8852777777856,2,0,0,1,1,0,16107,0
4368.0,fzp,1.0,2998,2541,457,2377.591527777786,4,1,1,0,3,0,16112,0
4369.0,fzp,1.0,2997,2541,456,2378.2973611111192,1,2,0,0,3,0,16115,0
4370.0,fzp,1.0,2996,2544,452,2379.0036111111194,0,0,0,1,2,0,16115,0
4371.0,fzp,1.0,2992,2544,448,2379.710277777786,1,1,0,0,2,0,16117,0
4372.0,fzp,1.0,2991,2548,443,2380.417500000008,3,1,0,2,6,0,16121,0
4373.0,fzp,1.0,2987,2546,441,2381.125000000008,2,2,0,0,2,0,16125,0
4374.0,fzp,1.0,2988,2546,442,2381.8322222222305,2,1,0,0,3,0,16128,0
4375.0,fzp,1.0,2988,2548,440,2382.5397222222305,1,2,0,2,3,0,16131,0
4376.0,fzp,1.0,2995,2550,445,2383.247777777786,2,0,0,0,4,0,16133,0
4377.0,fzp,1.0,2993,2547,446,2383.9556944444525,3,1,0,0,1,0,16137,0
4378.0,fzp,1.0,2988,2541,447,2384.662361111119,3,4,0,0,1,0,16144,0
4379.0,fzp,1.0,2985,2540,445,2385.3680555555634,3,0,0,0,2,0,16147,0
4380.0,fzp,1.0,2982,2541,441,2386.0737500000077,1,1,0,0,3,0,16149,0
4381.0,fzp,1.0,2976,2539,437,2386.7793055555635,0,5,0,2,1,0,16154,0
4382.0,fzp,1.0,2972,2538,434,2387.4844444444525,1,4,0,1,3,0,16159,0
4383.0,fzp,1.0,2972,2536,436,2388.1891666666747,3,1,0,0,2,0,16163,0
4384.0,fzp,1.0,2969,2535,434,2388.8934722222302,2,1,0,0,2,0,16166,0
4385.0,fzp,1.0,2970,2538,432,2389.5980555555634,1,1,0,0,5,0,16168,0
4386.0,fzp,1.0,2970,2540,430,2390.303333333341,1,0,0,1,2,0,16169,0
4387.0,fzp,1.0,2972,2538,434,2391.0086111111186,4,1,0,0,3,0,16174,0
4388.0,fzp,1.0,2972,2538,434,2391.7136111111186,0,1,0,0,1,0,16175,0
4389.0,fzp,1.0,2972,2538,434,2392.4186111111185,3,0,0,1,2,0,16178,0
4390.0,fzp,1.0,2969,2536,433,2393.1233333333407,1,1,0,0,0,0,16180,0
4391.0,fzp,1.0,2965,2536,429,2393.8277777777853,2,5,0,0,7,0,16187,0
4392.0,fzp,1.0,2961,2535,426,2394.532083333341,2,1,0,0,2,0,16190,0
4393.0,fzp,1.0,2960,2536,424,2395.2363888888963,1,0,1,1,2,0,16191,0
4394.0,fzp,1.0,2954,2534,420,2395.940555555563,2,3,0,0,3,0,16196,0
4395.0,fzp,1.0,2952,2536,416,2396.64472222223,0,1,0,1,2,0,16197,0
4396.0,fzp,1.0,2951,2537,414,2397.349305555563,2,0,0,3,0,0,16199,0
4397.0,fzp,1.0,2951,2536,415,2398.0538888888964,4,1,0,2,2,0,16204,0
4398.0,fzp,1.0,2951,2541,410,2398.7590277777854,2,0,0,2,5,0,16206,0
4399.0,fzp,1.0,2953,2543,410,2399.4651388888965,2,1,0,1,4,0,16209,0
4400.0,fzp,1.0,2953,2541,412,2400.1712500000076,4,0,1,1,2,0,16213,0
4401.0,fzp,1.0,2952,2539,413,2400.8768055555634,4,1,0,1,2,0,16218,0
4402.0,fzp,1.0,2949,2538,411,2401.5819444444523,2,3,0,0,4,0,16223,0
4403.0,fzp,1.0,2947,2536,411,2402.2866666666746,3,2,0,1,2,0,16228,0
4404.0,fzp,1.0,2943,2538,405,2402.991388888897,0,2,0,2,2,0,16230,0
4405.0,fzp,1.0,2943,2538,405,2403.6963888888968,5,0,0,0,5,0,16235,0
4406.0,fzp,1.0,2939,2537,402,2404.401250000008,1,3,0,1,2,0,16239,0
4407.0,fzp,1.0,2943,2537,406,2405.1059722222303,3,0,0,1,2,0,16242,0
4408.0,fzp,1.0,2943,2533,410,2405.810138888897,4,2,0,0,2,0,16248,0
4409.0,fzp,1.0,2943,2534,409,2406.5138888888973,1,1,0,1,2,0,16250,0
4410.0,fzp,1.0,2948,2534,414,2407.217777777786,2,2,0,0,4,0,16254,0
4411.0,fzp,1.0,2946,2536,410,2407.921944444453,0,1,0,3,0,0,16255,0
4412.0,fzp,1.0,2948,2536,412,2408.6263888888975,3,0,0,1,2,0,16258,0
4413.0,fzp,1.0,2950,2541,409,2409.3315277777865,0,0,0,1,4,0,16258,0
4414.0,fzp,1.0,2952,2539,413,2410.0370833333423,5,0,0,1,2,0,16263,0
4415.0,fzp,1.0,2953,2542,411,2410.7427777777866,0,1,0,0,4,0,16264,0
4416.0,fzp,1.0,2956,2544,412,2411.4491666666754,2,1,0,1,4,0,16267,0
4417.0,fzp,1.0,2959,2546,413,2412.15611111112,0,2,0,0,4,0,16269,0
4418.0,fzp,1.0,2959,2546,413,2412.8633333333423,1,2,0,1,2,0,16272,0
4419.0,fzp,1.0,2959,2546,413,2413.5705555555646,3,0,0,2,1,0,16275,0
4420.0,fzp,1.0,2958,2545,413,2414.277638888898,1,1,0,1,0,0,16277,0
4421.0,fzp,1.0,2958,2543,415,2414.9843055555643,6,1,0,2,3,0,16284,0
4422.0,fzp,1.0,2957,2541,416,2415.6904166666754,3,0,0,1,0,0,16287,0
4423.0,fzp,1.0,2960,2543,417,2416.3965277777866,2,1,0,1,4,0,16290,0
4424.0,fzp,1.0,2958,2538,420,2417.102222222231,5,3,0,1,2,0,16298,0
4425.0,fzp,1.0,2956,2535,421,2417.806805555564,2,3,0,1,1,0,16303,0
4426.0,fzp,1.0,2957,2535,422,2418.510972222231,1,3,0,2,2,0,16307,0
4427.0,fzp,1.0,2958,2534,424,2419.215000000009,3,1,0,2,1,0,16311,0
4428.0,fzp,1.0,2964,2537,427,2419.9193055555643,2,2,0,0,7,0,16315,0
4429.0,fzp,1.0,2966,2536,430,2420.6238888888975,4,1,0,1,3,0,16320,0
4430.0,fzp,1.0,2968,2539,429,2421.3287500000088,1,1,0,2,3,0,16322,0
4431.0,fzp,1.0,2968,2540,428,2422.0341666666754,3,2,0,2,4,0,16327,0
4432.0,fzp,1.0,2969,2540,429,2422.739722222231,2,0,0,1,1,0,16329,0
4433.0,fzp,1.0,2971,2544,427,2423.4458333333423,4,1,0,3,6,0,16334,0
4434.0,fzp,1.0,2970,2542,428,2424.152222222231,2,2,0,0,2,0,16338,0
4435.0,fzp,1.0,2969,2538,431,2424.857777777787,3,4,0,1,2,0,16345,0
4436.0,fzp,1.0,2967,2538,429,2425.562777777787,1,1,0,1,1,0,16347,0
4437.0,fzp,1.0,2967,2539,428,2426.267916666676,1,2,0,2,2,0,16350,0
4438.0,fzp,1.0,2971,2540,431,2426.9733333333425,2,0,0,1,2,0,16352,0
4439.0,fzp,1.0,2972,2541,431,2427.679027777787,2,0,0,1,2,0,16354,0
4440.0,fzp,1.0,2973,2540,433,2428.384722222231,4,0,0,1,2,0,16358,0
4441.0,fzp,1.0,2976,2543,433,2429.090694444453,1,1,0,1,4,0,16360,0
4442.0,fzp,1.0,2978,2543,435,2429.797083333342,3,1,1,1,4,0,16364,0
4443.0,fzp,1.0,2977,2540,437,2430.503055555564,5,1,0,0,3,0,16370,0
4444.0,fzp,1.0,2977,2537,440,2431.208194444453,4,2,0,0,3,0,16376,0
4445.0,fzp,1.0,2975,2538,437,2431.9130555555644,2,0,0,1,2,0,16378,0
4446.0,fzp,1.0,2973,2537,436,2432.6179166666757,3,0,0,0,2,0,16381,0
4447.0,fzp,1.0,2972,2535,437,2433.3223611111202,3,4,0,3,2,0,16388,0
4448.0,fzp,1.0,2972,2533,439,2434.026250000009,4,3,0,0,5,0,16395,0
4449.0,fzp,1.0,2973,2534,439,2434.730000000009,0,1,1,1,2,0,16396,0
4450.0,fzp,1.0,2970,2531,439,2435.4334722222316,3,5,0,1,4,0,16404,0
4451.0,fzp,1.0,2968,2526,442,2436.135833333343,3,3,0,0,1,0,16410,0
4452.0,fzp,1.0,2966,2526,440,2436.8375000000096,2,1,0,2,1,0,16413,0
4453.0,fzp,1.0,2966,2525,441,2437.5390277777874,2,1,0,0,2,0,16416,0
4454.0,fzp,1.0,2966,2526,440,2438.240555555565,1,0,0,0,2,0,16417,0
4455.0,fzp,1.0,2967,2528,439,2438.9425000000097,2,1,0,2,3,0,16420,0
4456.0,fzp,1.0,2963,2526,437,2439.644444444454,2,2,0,1,1,0,16424,0
4457.0,fzp,1.0,2962,2526,436,2440.346111111121,0,2,0,0,2,0,16426,0
4458.0,fzp,1.0,2961,2524,437,2441.0475000000097,2,1,0,1,0,0,16429,0
4459.0,fzp,1.0,2960,2522,438,2441.748333333343,4,3,0,1,4,0,16436,0
4460.0,fzp,1.0,2963,2520,443,2442.448611111121,3,2,0,0,3,0,16441,0
4461.0,fzp,1.0,2959,2516,443,2443.1480555555654,2,4,0,0,2,0,16447,0
4462.0,fzp,1.0,2960,2515,445,2443.8468055555654,2,2,0,0,3,0,16451,0
4463.0,fzp,1.0,2958,2514,444,2444.5452777777878,5,2,0,4,2,0,16458,0
4464.0,fzp,1.0,2958,2515,443,2445.24375000001,2,0,0,1,2,0,16460,0
4465.0,fzp,1.0,2957,2518,439,2445.942777777788,0,1,0,3,1,0,16461,0
4466.0,fzp,1.0,2957,2517,440,2446.642083333343,4,0,0,2,1,0,16465,0
4467.0,fzp,1.0,2959,2519,440,2447.3415277777876,3,1,0,3,3,0,16469,0
4468.0,fzp,1.0,2963,2521,442,2448.0415277777875,3,0,0,1,4,0,16472,0
4469.0,fzp,1.0,2966,2519,447,2448.7415277777873,4,0,0,1,1,0,16476,0
4470.0,fzp,1.0,2965,2518,447,2449.441111111121,4,0,0,2,1,0,16480,0
4471.0,fzp,1.0,2970,2521,449,2450.140972222232,3,0,0,0,6,0,16483,0
4472.0,fzp,1.0,2974,2522,452,2450.8413888888986,2,1,0,0,4,0,16486,0
4473.0,fzp,1.0,2975,2519,456,2451.5415277777875,4,2,0,2,1,0,16492,0
4474.0,fzp,1.0,2972,2517,455,2452.240972222232,2,1,0,0,1,0,16495,0
4475.0,fzp,1.0,2971,2513,458,2452.939583333343,4,1,0,0,1,0,16500,0
4476.0,fzp,1.0,2973,2515,458,2453.637916666676,2,1,0,1,4,0,16503,0
4477.0,fzp,1.0,2972,2516,456,2454.336666666676,2,0,0,2,1,0,16505,0
4478.0,fzp,1.0,2969,2515,454,2455.035416666676,1,1,0,0,1,0,16507,0
4479.0,fzp,1.0,2966,2516,450,2455.734166666676,2,0,0,1,2,0,16509,0
4480.0,fzp,1.0,2963,2514,449,2456.432777777787,3,4,0,1,4,0,16516,0
4481.0,fzp,1.0,2962,2513,449,2457.130972222232,3,1,0,1,2,0,16520,0
4482.0,fzp,1.0,2961,2507,454,2457.828194444454,7,1,0,0,2,0,16528,0
4483.0,fzp,1.0,2957,2504,453,2458.524166666676,3,2,0,1,1,0,16533,0
4484.0,fzp,1.0,2948,2498,450,2459.218888888898,2,5,0,0,1,0,16540,0
4485.0,fzp,1.0,2949,2495,454,2459.9123611111204,5,2,0,0,4,0,16547,0
4486.0,fzp,1.0,2945,2492,453,2460.605000000009,5,1,0,1,2,0,16553,0
4487.0,fzp,1.0,2943,2492,451,2461.2972222222315,5,0,0,1,4,0,16558,0
4488.0,fzp,1.0,2942,2492,450,2461.989444444454,2,1,0,0,3,0,16561,0
4489.0,fzp,1.0,2941,2493,448,2462.681805555565,2,0,0,1,2,0,16563,0
4490.0,fzp,1.0,2936,2493,443,2463.374305555565,5,0,0,4,1,0,16568,0
4491.0,fzp,1.0,2935,2493,442,2464.066805555565,3,0,0,0,3,0,16571,0
4492.0,fzp,1.0,2933,2497,436,2464.7598611111207,1,0,0,3,2,0,16572,0
4493.0,fzp,1.0,2933,2494,439,2465.4530555555652,4,0,0,0,1,0,16576,0
4494.0,fzp,1.0,2931,2494,437,2466.145833333343,3,1,0,2,2,0,16580,0
4495.0,fzp,1.0,2929,2494,435,2466.838611111121,2,0,0,1,1,0,16582,0
4496.0,fzp,1.0,2931,2493,438,2467.5312500000095,5,1,0,1,4,0,16588,0
4497.0,fzp,1.0,2930,2493,437,2468.2237500000097,3,2,1,2,4,0,16593,0
4498.0,fzp,1.0,2933,2499,434,2468.917083333343,1,0,0,2,5,0,16594,0
4499.0,fzp,1.0,2933,2505,428,2469.612083333343,1,0,1,4,4,0,16595,0
4500.0,fzp,1.0,2935,2504,431,2470.3077777777876,2,0,0,0,1,0,16597,0
4501.0,fzp,1.0,2937,2504,433,2471.003333333343,1,1,0,0,2,0,16599,0
4502.0,fzp,1.0,2932,2505,427,2471.6990277777877,4,2,0,4,3,0,16605,0
4503.0,fzp,1.0,2933,2508,425,2472.3952777777877,1,0,0,0,4,0,16606,0
4504.0,fzp,1.0,2929,2505,424,2473.0915277777876,2,2,0,0,1,0,16610,0
4505.0,fzp,1.0,2922,2504,418,2473.7872222222322,1,4,0,2,2,0,16615,0
4506.0,fzp,1.0,2923,2504,419,2474.4827777777878,5,1,0,2,4,0,16621,0
4507.0,fzp,1.0,2924,2503,421,2475.178194444454,3,0,0,1,1,0,16624,0
4508.0,fzp,1.0,2925,2502,423,2475.873333333343,2,1,0,0,2,0,16627,0
4509.0,fzp,1.0,2925,2502,423,2476.568333333343,1,0,0,0,1,0,16628,0
4510.0,fzp,1.0,2922,2501,421,2477.2631944444543,2,0,0,1,0,0,16630,0
4511.0,fzp,1.0,2923,2502,421,2477.9580555555654,1,0,0,0,2,0,16631,0
4512.0,fzp,1.0,2925,2504,421,2478.653333333343,3,0,0,1,4,0,16634,0
4513.0,fzp,1.0,2923,2505,418,2479.349027777788,2,0,0,1,2,0,16636,0
4514.0,fzp,1.0,2918,2502,416,2480.0444444444543,2,2,1,1,1,0,16640,0
4515.0,fzp,1.0,2917,2506,411,2480.74000000001,2,0,1,3,4,0,16642,0
4516.0,fzp,1.0,2918,2508,410,2481.436388888899,1,1,0,1,3,0,16644,0
4517.0,fzp,1.0,2915,2507,408,2482.1329166666765,3,0,1,1,2,0,16647,0
4518.0,fzp,1.0,2910,2504,406,2482.8288888888987,0,4,0,1,0,0,16651,0
4519.0,fzp,1.0,2911,2507,404,2483.524861111121,1,0,0,2,2,0,16652,0
4520.0,fzp,1.0,2911,2508,403,2484.2213888888987,1,2,0,1,3,0,16655,0
4521.0,fzp,1.0,2910,2505,405,2484.9176388888986,2,2,0,0,1,0,16659,0
4522.0,fzp,1.0,2913,2507,406,2485.6137500000095,2,3,0,1,6,0,16664,0
4523.0,fzp,1.0,2910,2506,404,2486.3100000000095,0,2,0,0,1,0,16666,0
4524.0,fzp,1.0,2909,2509,400,2487.006527777787,0,2,0,1,4,0,16668,0
4525.0,fzp,1.0,2910,2507,403,2487.703194444454,2,2,0,0,2,0,16672,0
4526.0,fzp,1.0,2909,2504,405,2488.399166666676,4,1,0,1,1,0,16677,0
4527.0,fzp,1.0,2907,2503,404,2489.0945833333426,1,1,0,0,1,0,16679,0
4528.0,fzp,1.0,2904,2505,399,2489.790138888898,1,0,0,1,2,0,16680,0
4529.0,fzp,1.0,2906,2505,401,2490.4859722222313,2,1,0,0,3,0,16683,0
4530.0,fzp,1.0,2904,2508,396,2491.1822222222313,0,1,0,0,4,0,16684,0
4531.0,fzp,1.0,2902,2512,390,2491.8794444444534,0,1,0,2,3,0,16685,0
4532.0,fzp,1.0,2905,2513,392,2492.57736111112,2,0,0,0,3,0,16687,0
4533.0,fzp,1.0,2904,2511,393,2493.275138888898,2,2,0,0,2,0,16691,0
4534.0,fzp,1.0,2902,2505,397,2493.9718055555645,5,3,0,0,2,0,16699,0
4535.0,fzp,1.0,2902,2503,399,2494.66736111112,1,1,0,0,0,0,16701,0
4536.0,fzp,1.0,2902,2501,401,2495.36236111112,2,1,0,1,0,0,16704,0
4537.0,fzp,1.0,2898,2496,402,2496.056388888898,4,3,0,1,1,0,16711,0
4538.0,fzp,1.0,2902,2498,404,2496.750000000009,0,1,0,0,3,0,16712,0
4539.0,fzp,1.0,2902,2500,402,2497.4441666666758,2,1,0,2,3,0,16715,0
4540.0,fzp,1.0,2897,2496,401,2498.1380555555647,2,3,0,1,0,0,16720,0
4541.0,fzp,1.0,2895,2498,397,2498.831666666676,0,1,0,0,3,0,16721,0
4542.0,fzp,1.0,2891,2495,396,2499.5251388888983,2,3,0,2,0,0,16726,0
4543.0,fzp,1.0,2889,2495,394,2500.2181944444537,0,3,0,0,3,0,16729,0
4544.0,fzp,1.0,2882,2490,392,2500.9105555555648,4,4,0,1,2,0,16737,0
4545.0,fzp,1.0,2878,2490,388,2501.6022222222314,2,0,1,3,0,0,16739,0
4546.0,fzp,1.0,2879,2494,385,2502.294444444454,2,2,0,4,4,0,16743,0
4547.0,fzp,1.0,2877,2493,384,2502.9870833333425,4,0,0,1,2,0,16747,0
4548.0,fzp,1.0,2874,2490,384,2503.679166666676,2,2,1,1,1,0,16751,0
4549.0,fzp,1.0,2873,2491,382,2504.3709722222316,2,1,0,3,1,0,16754,0
4550.0,fzp,1.0,2877,2491,386,2505.062916666676,5,1,0,3,3,0,16760,0
4551.0,fzp,1.0,2875,2489,386,2505.7545833333425,2,2,0,1,1,0,16764,0
4552.0,fzp,1.0,2876,2490,386,2506.4461111111204,1,1,0,1,2,0,16766,0
4553.0,fzp,1.0,2874,2489,385,2507.1376388888984,3,0,0,1,1,0,16769,0
4554.0,fzp,1.0,2869,2488,381,2507.8288888888983,2,1,0,0,2,0,16772,0
4555.0,fzp,1.0,2866,2486,380,2508.519722222232,3,2,0,1,2,0,16777,0
4556.0,fzp,1.0,2868,2488,380,2509.2105555555654,3,0,0,1,4,0,16780,0
4557.0,fzp,1.0,2870,2490,380,2509.9019444444543,4,1,0,3,4,0,16785,0
4558.0,fzp,1.0,2869,2489,380,2510.5934722222323,2,0,0,0,1,0,16787,0
4559.0,fzp,1.0,2867,2491,376,2511.285138888899,1,0,0,1,2,0,16788,0
4560.0,fzp,1.0,2866,2493,373,2511.9773611111214,1,2,0,0,5,0,16791,0
4561.0,fzp,1.0,2868,2495,373,2512.670138888899,1,2,0,1,4,0,16794,0
4562.0,fzp,1.0,2868,2496,372,2513.3633333333437,1,1,0,2,1,0,16796,0
4563.0,fzp,1.0,2873,2500,373,2514.0572222222327,1,0,0,1,4,0,16797,0
4564.0,fzp,1.0,2872,2500,372,2514.751666666677,1,0,0,1,0,0,16798,0
4565.0,fzp,1.0,2873,2503,370,2515.446527777788,1,0,0,2,2,0,16799,0
4566.0,fzp,1.0,2877,2505,372,2516.1420833333436,2,0,0,1,3,0,16801,0
4567.0,fzp,1.0,2877,2505,372,2516.837916666677,1,1,0,1,1,0,16803,0
4568.0,fzp,1.0,2876,2501,375,2517.5331944444547,3,2,0,0,1,0,16808,0
4569.0,fzp,1.0,2878,2502,376,2518.228055555566,3,2,0,4,2,0,16813,0
4570.0,fzp,1.0,2878,2502,376,2518.923055555566,1,1,0,1,1,0,16815,0
4571.0,fzp,1.0,2874,2498,376,2519.6175000000103,6,0,0,1,1,0,16821,0
4572.0,fzp,1.0,2875,2498,377,2520.3113888888993,3,0,0,1,2,0,16824,0
4573.0,fzp,1.0,2878,2496,382,2521.0050000000106,3,1,0,0,2,0,16828,0
4574.0,fzp,1.0,2877,2497,380,2521.698472222233,2,2,0,2,3,0,16832,0
4575.0,fzp,1.0,2877,2497,380,2522.392083333344,1,3,0,1,3,0,16836,0
4576.0,fzp,1.0,2878,2498,380,2523.085833333344,2,0,0,1,2,0,16838,0
4577.0,fzp,1.0,2880,2496,384,2523.7794444444553,4,0,0,1,1,0,16842,0
4578.0,fzp,1.0,2881,2494,387,2524.4725000000108,3,0,0,0,1,0,16845,0
4579.0,fzp,1.0,2878,2493,385,2525.1651388888995,2,1,0,1,1,0,16848,0
4580.0,fzp,1.0,2878,2494,384,2525.857777777788,1,0,0,2,0,0,16849,0
4581.0,fzp,1.0,2878,2494,384,2526.550555555566,1,1,0,1,1,0,16851,0
4582.0,fzp,1.0,2883,2498,385,2527.243888888899,2,1,0,1,6,0,16854,0
4583.0,fzp,1.0,2883,2500,383,2527.938055555566,2,1,0,3,2,0,16857,0
4584.0,fzp,1.0,2881,2498,383,2528.6322222222325,2,1,0,0,1,0,16860,0
4585.0,fzp,1.0,2879,2500,379,2529.326388888899,0,2,0,2,2,0,16862,0
4586.0,fzp,1.0,2879,2500,379,2530.0208333333435,1,4,0,1,4,0,16867,0
4587.0,fzp,1.0,2875,2498,377,2530.71500000001,1,3,0,1,1,0,16871,0
4588.0,fzp,1.0,2871,2495,376,2531.4084722222324,2,2,0,0,1,0,16875,0
4589.0,fzp,1.0,2873,2496,377,2532.101666666677,2,1,0,1,3,0,16878,0
4590.0,fzp,1.0,2867,2488,379,2532.7938888888993,4,4,0,0,0,0,16886,0
4591.0,fzp,1.0,2866,2489,377,2533.485138888899,1,2,0,1,3,0,16889,0
4592.0,fzp,1.0,2862,2482,380,2534.175555555566,7,2,0,0,2,0,16898,0
4593.0,fzp,1.0,2866,2484,382,2534.8652777777884,3,0,0,0,5,0,16901,0
4594.0,fzp,1.0,2862,2480,382,2535.5547222222326,3,1,1,1,0,0,16905,0
4595.0,fzp,1.0,2858,2477,381,2536.2431944444547,3,1,0,0,1,0,16909,0
4596.0,fzp,1.0,2858,2475,383,2536.9309722222324,2,1,0,0,1,0,16912,0
4597.0,fzp,1.0,2861,2477,384,2537.61875000001,1,1,0,1,3,0,16914,0
4598.0,fzp,1.0,2858,2473,385,2538.30625000001,2,2,0,0,0,0,16918,0
4599.0,fzp,1.0,2859,2469,390,2538.992638888899,4,0,0,0,0,0,16922,0
4600.0,fzp,1.0,2857,2465,392,2539.6779166666765,2,3,1,0,2,0,16927,0
4601.0,fzp,1.0,2859,2465,394,2540.362638888899,2,1,0,1,2,0,16930,0
4602.0,fzp,1.0,2856,2465,391,2541.047361111121,1,2,0,2,1,0,16933,0
4603.0,fzp,1.0,2855,2460,395,2541.731388888899,4,1,0,0,0,0,16938,0
4604.0,fzp,1.0,2850,2457,393,2542.4143055555655,1,4,0,1,1,0,16943,0
4605.0,fzp,1.0,2847,2454,393,2543.0963888888987,3,1,0,1,0,0,16947,0
4606.0,fzp,1.0,2843,2452,391,2543.7777777777874,2,1,0,0,1,0,16950,0
4607.0,fzp,1.0,2841,2455,386,2544.459305555565,1,0,0,0,4,0,16951,0
4608.0,fzp,1.0,2833,2454,379,2545.1411111111206,2,2,0,2,1,0,16955,0
4609.0,fzp,1.0,2829,2452,377,2545.8225000000093,1,5,0,0,4,0,16961,0
4610.0,fzp,1.0,2819,2449,370,2546.5031944444536,1,3,0,0,1,0,16965,0
4611.0,fzp,1.0,2817,2451,366,2547.1837500000092,0,1,0,0,3,0,16966,0
4612.0,fzp,1.0,2816,2450,366,2547.8644444444535,1,1,0,0,1,0,16968,0
4613.0,fzp,1.0,2810,2447,363,2548.5445833333424,4,3,0,4,0,0,16975,0
4614.0,fzp,1.0,2810,2446,364,2549.224166666676,2,1,0,2,0,0,16978,0
4615.0,fzp,1.0,2808,2443,365,2549.9031944444537,3,1,0,1,0,0,16982,0
4616.0,fzp,1.0,2810,2448,362,2550.582500000009,3,2,0,5,5,0,16987,0
4617.0,fzp,1.0,2803,2441,362,2551.261527777787,5,3,0,0,1,0,16995,0
4618.0,fzp,1.0,2802,2443,359,2551.93986111112,2,0,0,2,2,0,16997,0
4619.0,fzp,1.0,2802,2442,360,2552.6183333333424,4,0,0,1,2,0,17001,0
4620.0,fzp,1.0,2803,2443,360,2553.296805555565,0,3,0,1,3,0,17004,0
4621.0,fzp,1.0,2806,2442,364,2553.975277777787,2,2,0,0,3,0,17008,0
4622.0,fzp,1.0,2809,2446,363,2554.6541666666762,0,1,0,2,3,0,17009,0
4623.0,fzp,1.0,2807,2444,363,2555.333333333343,2,1,0,0,1,0,17012,0
4624.0,fzp,1.0,2806,2441,365,2556.0118055555654,3,1,0,0,1,0,17016,0
4625.0,fzp,1.0,2801,2436,365,2556.6891666666766,5,1,0,1,0,0,17022,0
4626.0,fzp,1.0,2799,2431,368,2557.365138888899,5,1,0,1,0,0,17028,0
4627.0,fzp,1.0,2800,2427,373,2558.039861111121,4,0,1,0,1,0,17032,0
4628.0,fzp,1.0,2799,2424,375,2558.713611111121,4,0,0,1,0,0,17036,0
4629.0,fzp,1.0,2798,2425,373,2559.387083333343,2,1,0,1,3,0,17039,0
4630.0,fzp,1.0,2799,2422,377,2560.0602777777876,5,1,0,1,2,0,17045,0
4631.0,fzp,1.0,2796,2422,374,2560.7330555555654,2,1,0,2,1,0,17048,0
4632.0,fzp,1.0,2794,2418,376,2561.405277777788,7,0,0,1,2,0,17055,0
4633.0,fzp,1.0,2794,2416,378,2562.076666666677,4,1,0,1,2,0,17060,0
4634.0,fzp,1.0,2795,2415,380,2562.747638888899,4,0,0,0,3,0,17064,0
4635.0,fzp,1.0,2794,2415,379,2563.418472222232,0,1,0,1,0,0,17065,0
4636.0,fzp,1.0,2793,2414,379,2564.0891666666766,2,1,0,0,2,0,17068,0
4637.0,fzp,1.0,2791,2411,380,2564.7593055555653,3,2,0,0,2,0,17073,0
4638.0,fzp,1.0,2794,2412,382,2565.4291666666763,3,1,0,1,4,0,17077,0
4639.0,fzp,1.0,2790,2406,384,2566.098333333343,5,3,0,0,2,0,17085,0
4640.0,fzp,1.0,2784,2402,382,2566.7661111111206,6,2,0,4,0,0,17093,0
4641.0,fzp,1.0,2785,2399,386,2567.432916666676,4,0,0,0,1,0,17097,0
4642.0,fzp,1.0,2785,2400,385,2568.099444444454,5,0,0,5,1,0,17102,0
4643.0,fzp,1.0,2784,2397,387,2568.7656944444543,4,0,0,0,1,0,17106,0
4644.0,fzp,1.0,2783,2400,383,2569.4319444444545,2,0,0,5,0,0,17108,0
4645.0,fzp,1.0,2780,2398,382,2570.0983333333434,2,1,0,0,1,0,17111,0
4646.0,fzp,1.0,2775,2395,380,2570.7640277777878,4,0,0,1,0,0,17115,0
4647.0,fzp,1.0,2780,2400,380,2571.43000000001,1,0,1,2,5,0,17116,0
4648.0,fzp,1.0,2775,2394,381,2572.0958333333433,5,1,1,0,1,0,17122,0
4649.0,fzp,1.0,2771,2395,376,2572.7609722222323,0,1,0,1,1,0,17123,0
4650.0,fzp,1.0,2769,2393,376,2573.4259722222323,2,0,0,0,0,0,17125,0
4651.0,fzp,1.0,2770,2392,378,2574.0905555555655,3,1,0,0,3,0,17129,0
4652.0,fzp,1.0,2768,2392,376,2574.75500000001,3,1,1,4,1,0,17133,0
4653.0,fzp,1.0,2769,2393,376,2575.4195833333433,1,0,0,0,2,0,17134,0
4654.0,fzp,1.0,2771,2396,375,2576.0847222222324,3,2,0,3,5,0,17139,0
4655.0,fzp,1.0,2770,2395,375,2576.750138888899,2,0,0,1,0,0,17141,0
4656.0,fzp,1.0,2774,2399,375,2577.4159722222325,1,2,0,2,5,0,17144,0
4657.0,fzp,1.0,2776,2399,377,2578.0823611111214,3,1,1,1,4,0,17148,0
4658.0,fzp,1.0,2777,2399,378,2578.74875000001,2,2,0,2,2,0,17152,0
4659.0,fzp,1.0,2777,2398,379,2579.4150000000104,2,1,0,0,2,0,17155,0
4660.0,fzp,1.0,2776,2396,380,2580.080833333344,4,0,0,0,2,0,17159,0
4661.0,fzp,1.0,2772,2394,378,2580.7461111111215,0,4,0,0,2,0,17163,0
4662.0,fzp,1.0,2768,2390,378,2581.410555555566,2,2,0,0,0,0,17167,0
4663.0,fzp,1.0,2766,2388,378,2582.0741666666772,3,2,1,1,3,0,17172,0
4664.0,fzp,1.0,2760,2388,372,2582.7375000000106,0,3,1,1,3,0,17175,0
4665.0,fzp,1.0,2760,2392,368,2583.4013888888994,1,0,0,1,4,0,17176,0
4666.0,fzp,1.0,2757,2395,362,2584.0662500000103,0,0,0,0,3,0,17176,0
4667.0,fzp,1.0,2757,2394,363,2584.7313888888993,2,0,0,0,1,0,17178,0
4668.0,fzp,1.0,2755,2390,365,2585.395833333344,3,0,1,0,0,0,17181,0
4669.0,fzp,1.0,2751,2388,363,2586.059444444455,2,2,0,1,1,0,17185,0
4670.0,fzp,1.0,2750,2384,366,2586.7222222222326,4,1,0,1,0,0,17190,0
4671.0,fzp,1.0,2749,2384,365,2587.384444444455,1,1,0,0,2,0,17192,0
4672.0,fzp,1.0,2753,2385,368,2588.046805555566,3,1,0,1,4,0,17196,0
4673.0,fzp,1.0,2751,2382,369,2588.7088888888993,1,3,0,1,0,0,17200,0
4674.0,fzp,1.0,2752,2380,372,2589.370277777788,4,0,0,0,2,0,17204,0
4675.0,fzp,1.0,2747,2379,368,2590.0312500000105,1,1,0,1,0,0,17206,0
4676.0,fzp,1.0,2747,2376,371,2590.691666666677,5,0,0,0,2,0,17211,0
4677.0,fzp,1.0,2743,2375,368,2591.3515277777883,2,0,0,0,1,0,17213,0
4678.0,fzp,1.0,2745,2379,366,2592.0118055555663,0,0,0,1,3,0,17213,0
4679.0,fzp,1.0,2743,2380,363,2592.6727777777887,1,2,0,1,3,0,17216,0
4680.0,fzp,1.0,2740,2380,360,2593.3338888888998,1,3,0,3,1,0,17220,0
4681.0,fzp,1.0,2735,2380,355,2593.995000000011,0,1,0,1,0,0,17221,0
4682.0,fzp,1.0,2729,2380,349,2594.656111111122,0,0,0,0,0,0,17221,0
4683.0,fzp,1.0,2729,2384,345,2595.3177777777887,0,1,0,2,3,0,17222,0
4684.0,fzp,1.0,2725,2384,341,2595.980000000011,2,0,0,1,1,0,17224,0
4685.0,fzp,1.0,2720,2383,337,2596.642083333344,2,2,0,1,2,0,17228,0
4686.0,fzp,1.0,2720,2380,340,2597.303611111122,3,2,0,0,2,0,17233,0
4687.0,fzp,1.0,2718,2379,339,2597.9645833333443,2,1,0,0,2,0,17236,0
4688.0,fzp,1.0,2717,2381,336,2598.6256944444553,0,2,0,1,3,0,17238,0
4689.0,fzp,1.0,2712,2378,334,2599.286666666678,3,1,0,0,1,0,17242,0
4690.0,fzp,1.0,2711,2375,336,2599.9468055555667,5,0,0,1,1,0,17247,0
4691.0,fzp,1.0,2710,2374,336,2600.6063888889003,1,1,0,0,1,0,17249,0
4692.0,fzp,1.0,2709,2377,332,2601.2662500000115,1,0,0,2,2,0,17250,0
4693.0,fzp,1.0,2713,2381,332,2601.927083333345,0,1,0,1,4,0,17251,0
4694.0,fzp,1.0,2710,2378,332,2602.5880555555673,2,2,0,0,1,0,17255,0
4695.0,fzp,1.0,2707,2381,326,2603.2490277777897,2,1,0,3,3,0,17258,0
4696.0,fzp,1.0,2705,2382,323,2603.9105555555675,1,2,0,3,1,0,17261,0
4697.0,fzp,1.0,2703,2376,327,2604.571388888901,5,3,1,1,2,0,17269,0
4698.0,fzp,1.0,2706,2373,333,2605.2309722222344,3,1,0,0,1,0,17273,0
4699.0,fzp,1.0,2705,2372,333,2605.890000000012,2,1,0,0,2,0,17276,0
4700.0,fzp,1.0,2702,2369,333,2606.5484722222345,3,1,0,0,1,0,17280,0
4701.0,fzp,1.0,2702,2370,332,2607.2066666666788,1,0,0,2,0,0,17281,0
4702.0,fzp,1.0,2704,2366,338,2607.8644444444567,5,0,0,0,1,0,17286,0
4703.0,fzp,1.0,2699,2364,335,2608.521388888901,1,2,0,1,0,0,17289,0
4704.0,fzp,1.0,2698,2367,331,2609.1784722222346,2,1,0,2,4,0,17292,0
4705.0,fzp,1.0,2692,2364,328,2609.835555555568,2,1,1,0,1,0,17295,0
4706.0,fzp,1.0,2692,2363,329,2610.492083333346,2,1,0,0,2,0,17298,0
4707.0,fzp,1.0,2690,2365,325,2611.1487500000126,1,2,0,1,4,0,17301,0
4708.0,fzp,1.0,2687,2361,326,2611.8051388889016,3,4,0,0,3,0,17308,0
4709.0,fzp,1.0,2686,2359,327,2612.460694444457,2,2,0,0,2,0,17312,0
4710.0,fzp,1.0,2688,2356,332,2613.1155555555683,4,1,0,1,1,0,17317,0
4711.0,fzp,1.0,2690,2355,335,2613.769861111124,2,2,0,1,2,0,17321,0
4712.0,fzp,1.0,2688,2353,335,2614.423750000013,3,2,0,1,2,0,17326,0
4713.0,fzp,1.0,2693,2356,337,2615.0777777777907,2,0,0,0,5,0,17328,0
4714.0,fzp,1.0,2688,2355,333,2615.7320833333465,1,1,0,0,1,0,17330,0
4715.0,fzp,1.0,2689,2355,334,2616.386250000013,1,1,0,1,1,0,17332,0
4716.0,fzp,1.0,2687,2357,330,2617.0406944444576,1,0,0,2,1,0,17333,0
4717.0,fzp,1.0,2690,2360,330,2617.6958333333464,0,1,0,0,4,0,17334,0
4718.0,fzp,1.0,2690,2362,328,2618.3516666666796,1,1,0,2,2,0,17336,0
4719.0,fzp,1.0,2686,2361,325,2619.007638888902,4,1,0,3,1,0,17341,0
4720.0,fzp,1.0,2688,2360,328,2619.6633333333466,2,0,0,0,1,0,17343,0
4721.0,fzp,1.0,2683,2352,331,2620.317777777791,7,2,0,1,0,0,17352,0
4722.0,fzp,1.0,2681,2353,328,2620.9712500000132,1,1,0,1,2,0,17354,0
4723.0,fzp,1.0,2679,2352,327,2621.6247222222355,3,0,0,1,1,0,17357,0
4724.0,fzp,1.0,2678,2350,328,2622.277777777791,3,2,0,1,2,0,17362,0
4725.0,fzp,1.0,2677,2348,329,2622.930277777791,2,2,0,0,2,0,17366,0
4726.0,fzp,1.0,2680,2346,334,2623.5822222222355,3,0,0,0,1,0,17369,0
4727.0,fzp,1.0,2684,2347,337,2624.234027777791,2,0,0,0,3,0,17371,0
4728.0,fzp,1.0,2686,2346,340,2624.885833333347,3,0,0,0,2,0,17374,0
4729.0,fzp,1.0,2688,2350,338,2625.538055555569,1,0,0,0,5,0,17375,0
4730.0,fzp,1.0,2689,2348,341,2626.190555555569,4,1,0,2,1,0,17380,0
4731.0,fzp,1.0,2693,2352,341,2626.843333333347,2,0,0,2,4,0,17382,0
4732.0,fzp,1.0,2693,2353,340,2627.496805555569,2,1,0,2,2,0,17385,0
4733.0,fzp,1.0,2694,2355,339,2628.150694444458,0,1,0,0,3,0,17386,0
4734.0,fzp,1.0,2697,2354,343,2628.804722222236,4,0,0,0,3,0,17390,0
4735.0,fzp,1.0,2702,2358,344,2629.45916666668,1,0,0,2,3,0,17391,0
4736.0,fzp,1.0,2704,2360,344,2630.114444444458,0,0,0,1,1,0,17391,0
4737.0,fzp,1.0,2702,2357,345,2630.769583333347,3,0,0,0,0,0,17394,0
4738.0,fzp,1.0,2702,2357,345,2631.424305555569,1,1,0,0,2,0,17396,0
4739.0,fzp,1.0,2704,2357,347,2632.079027777791,1,1,0,0,2,0,17398,0
4740.0,fzp,1.0,2705,2355,350,2632.7334722222354,5,2,0,1,4,0,17405,0
4741.0,fzp,1.0,2702,2349,353,2633.3868055555686,4,3,0,1,0,0,17412,0
4742.0,fzp,1.0,2702,2345,357,2634.038750000013,4,4,0,1,3,0,17420,0
4743.0,fzp,1.0,2700,2343,357,2634.689861111124,1,4,0,0,3,0,17425,0
4744.0,fzp,1.0,2700,2340,360,2635.340277777791,4,1,0,0,2,0,17430,0
4745.0,fzp,1.0,2698,2338,360,2635.9900000000134,1,1,0,0,0,0,17432,0
4746.0,fzp,1.0,2701,2339,362,2636.6395833333468,2,2,0,1,4,0,17436,0
4747.0,fzp,1.0,2700,2340,360,2637.289444444458,2,2,0,1,4,0,17440,0
4748.0,fzp,1.0,2702,2337,365,2637.939027777791,5,0,0,0,2,0,17445,0
4749.0,fzp,1.0,2699,2335,364,2638.58791666668,2,1,0,1,0,0,17448,0
4750.0,fzp,1.0,2699,2335,364,2639.2365277777913,2,0,0,0,2,0,17450,0
4751.0,fzp,1.0,2695,2330,365,2639.884444444458,2,3,0,0,0,0,17455,0
4752.0,fzp,1.0,2695,2330,365,2640.5316666666804,1,0,0,0,1,0,17456,0
4753.0,fzp,1.0,2692,2327,365,2641.178472222236,0,3,0,0,0,0,17459,0
4754.0,fzp,1.0,2688,2324,364,2641.824444444458,1,2,0,0,0,0,17462,0
4755.0,fzp,1.0,2687,2320,367,2642.469444444458,2,2,1,0,1,0,17466,0
4756.0,fzp,1.0,2689,2320,369,2643.1138888889027,2,0,0,0,2,0,17468,0
4757.0,fzp,1.0,2689,2320,369,2643.7583333333473,1,0,0,0,1,0,17469,0
4758.0,fzp,1.0,2687,2319,368,2644.402638888903,1,0,0,0,0,0,17470,0
4759.0,fzp,1.0,2683,2317,366,2645.0465277777917,2,1,0,0,1,0,17473,0
4760.0,fzp,1.0,2683,2318,365,2645.690277777792,2,1,0,1,3,0,17476,0
4761.0,fzp,1.0,2679,2318,361,2646.3341666666806,1,1,0,1,1,0,17478,0
4762.0,fzp,1.0,2680,2320,360,2646.978333333347,2,0,0,0,4,0,17480,0
4763.0,fzp,1.0,2681,2321,360,2647.6229166666803,3,0,0,3,1,0,17483,0
4764.0,fzp,1.0,2677,2320,357,2648.2675000000136,1,0,0,0,0,0,17484,0
4765.0,fzp,1.0,2678,2322,356,2648.912222222236,1,0,0,2,1,0,17485,0
4766.0,fzp,1.0,2673,2321,352,2649.557083333347,2,1,0,1,1,0,17488,0
4767.0,fzp,1.0,2669,2319,350,2650.2015277777914,3,2,0,2,1,0,17493,0
4768.0,fzp,1.0,2668,2319,349,2650.845694444458,1,1,0,2,0,0,17495,0
4769.0,fzp,1.0,2667,2320,347,2651.4900000000134,2,0,0,1,2,0,17497,0
4770.0,fzp,1.0,2666,2319,347,2652.134305555569,2,1,0,1,1,0,17500,0
4771.0,fzp,1.0,2664,2314,350,2652.777777777791,5,1,0,0,1,0,17506,0
4772.0,fzp,1.0,2663,2315,348,2653.4206944444577,0,0,0,1,0,0,17506,0
4773.0,fzp,1.0,2664,2317,347,2654.064027777791,1,3,0,1,5,0,17510,0
4774.0,fzp,1.0,2662,2314,348,2654.7072222222355,2,1,0,0,0,0,17513,0
4775.0,fzp,1.0,2660,2311,349,2655.349583333347,3,1,0,0,1,0,17517,0
4776.0,fzp,1.0,2659,2311,348,2655.9915277777914,0,0,1,0,1,0,17517,0
4777.0,fzp,1.0,2660,2310,350,2656.633333333347,4,0,0,1,2,0,17521,0
4778.0,fzp,1.0,2662,2309,353,2657.2748611111247,1,2,0,0,2,0,17524,0
4779.0,fzp,1.0,2661,2306,355,2657.915833333347,6,1,0,1,3,0,17531,0
4780.0,fzp,1.0,2658,2304,354,2658.5561111111247,3,1,0,1,1,0,17535,0
4781.0,fzp,1.0,2656,2301,355,2659.195694444458,2,2,0,0,1,0,17539,0
4782.0,fzp,1.0,2653,2299,354,2659.8345833333465,2,2,0,0,2,0,17543,0
4783.0,fzp,1.0,2651,2294,357,2660.472500000013,6,0,0,0,1,0,17549,0
4784.0,fzp,1.0,2648,2289,359,2661.1090277777907,3,2,0,0,0,0,17554,0
4785.0,fzp,1.0,2650,2288,362,2661.7447222222354,5,0,0,1,3,0,17559,0
4786.0,fzp,1.0,2651,2285,366,2662.3798611111242,5,0,0,0,2,0,17564,0
4787.0,fzp,1.0,2652,2284,368,2663.0144444444577,2,1,0,0,2,0,17567,0
4788.0,fzp,1.0,2649,2281,368,2663.6484722222353,4,2,0,1,2,0,17573,0
4789.0,fzp,1.0,2645,2282,363,2664.2822222222353,5,0,0,4,2,0,17578,0
4790.0,fzp,1.0,2645,2279,366,2664.9156944444576,5,0,0,0,2,0,17583,0
4791.0,fzp,1.0,2646,2282,364,2665.54916666668,3,0,0,3,3,0,17586,0
4792.0,fzp,1.0,2643,2276,367,2666.1822222222354,4,2,0,0,0,0,17592,0
4793.0,fzp,1.0,2640,2278,362,2666.8147222222356,2,3,0,5,2,0,17597,0
4794.0,fzp,1.0,2637,2277,360,2667.4473611111243,5,3,0,4,3,0,17605,0
4795.0,fzp,1.0,2639,2279,360,2668.080138888902,1,0,1,1,3,0,17606,0
4796.0,fzp,1.0,2635,2271,364,2668.7120833333465,6,2,0,0,0,0,17614,0
4797.0,fzp,1.0,2631,2271,360,2669.3429166666797,1,3,0,1,3,0,17618,0
4798.0,fzp,1.0,2628,2265,363,2669.97291666668,5,0,1,0,0,0,17623,0
4799.0,fzp,1.0,2628,2265,363,2670.6020833333464,3,1,0,1,3,0,17627,0
4800.0,fzp,1.0,2626,2266,360,2671.231388888902,3,0,0,1,3,0,17630,0
4801.0,fzp,1.0,2626,2267,359,2671.8609722222354,1,0,0,0,2,0,17631,0
4802.0,fzp,1.0,2621,2264,357,2672.490277777791,3,3,0,1,2,0,17637,0
4803.0,fzp,1.0,2625,2266,359,2673.1194444444577,3,0,0,1,4,0,17640,0
4804.0,fzp,1.0,2625,2267,358,2673.749027777791,2,3,0,2,4,0,17645,0
4805.0,fzp,1.0,2628,2271,357,2674.379305555569,1,0,0,2,3,0,17646,0
4806.0,fzp,1.0,2629,2270,359,2675.0100000000134,3,0,0,1,1,0,17649,0
4807.0,fzp,1.0,2625,2266,359,2675.6400000000135,4,3,0,2,1,0,17656,0
4808.0,fzp,1.0,2620,2264,356,2676.26916666668,1,2,0,1,0,0,17659,0
4809.0,fzp,1.0,2620,2261,359,2676.8976388889023,2,3,0,0,2,0,17664,0
4810.0,fzp,1.0,2617,2257,360,2677.5251388889023,2,3,0,1,0,0,17669,0
4811.0,fzp,1.0,2611,2252,359,2678.151388888902,4,1,0,0,0,0,17674,0
4812.0,fzp,1.0,2610,2247,363,2678.776250000013,4,4,0,0,3,0,17682,0
4813.0,fzp,1.0,2610,2247,363,2679.4004166666796,2,2,0,1,3,0,17686,0
4814.0,fzp,1.0,2609,2246,363,2680.0244444444575,2,0,0,1,0,0,17688,0
4815.0,fzp,1.0,2602,2242,360,2680.647777777791,2,3,0,0,1,0,17693,0
4816.0,fzp,1.0,2601,2239,362,2681.2701388889022,2,2,0,1,0,0,17697,0
4817.0,fzp,1.0,2601,2240,361,2681.8922222222354,1,0,0,1,1,0,17698,0
4818.0,fzp,1.0,2599,2245,354,2682.515138888902,0,1,0,2,4,0,17699,0
4819.0,fzp,1.0,2598,2245,353,2683.1387500000133,1,3,0,2,2,0,17703,0
4820.0,fzp,1.0,2595,2242,353,2683.7619444444576,5,0,0,1,1,0,17708,0
4821.0,fzp,1.0,2596,2242,354,2684.3847222222353,2,1,0,0,3,0,17711,0
4822.0,fzp,1.0,2596,2242,354,2685.007500000013,1,0,0,0,1,0,17712,0
4823.0,fzp,1.0,2594,2240,354,2685.630000000013,1,2,0,0,1,0,17715,0
4824.0,fzp,1.0,2593,2240,353,2686.252222222235,0,2,0,0,2,0,17717,0
4825.0,fzp,1.0,2590,2236,354,2686.8738888889015,3,0,1,0,0,0,17720,0
4826.0,fzp,1.0,2590,2235,355,2687.4948611111236,2,1,0,0,2,0,17723,0
4827.0,fzp,1.0,2589,2235,354,2688.115694444457,1,0,0,0,1,0,17724,0
4828.0,fzp,1.0,2588,2232,356,2688.7361111111236,4,0,0,1,0,0,17728,0
4829.0,fzp,1.0,2587,2235,352,2689.3565277777902,2,0,0,2,3,0,17730,0
4830.0,fzp,1.0,2587,2232,355,2689.976944444457,3,2,0,0,2,0,17735,0
4831.0,fzp,1.0,2581,2233,348,2690.597083333346,1,0,0,1,1,0,17736,0
4832.0,fzp,1.0,2580,2235,345,2691.2176388889015,2,0,0,1,3,0,17738,0
4833.0,fzp,1.0,2577,2233,344,2691.8381944444573,2,1,0,0,1,0,17741,0
4834.0,fzp,1.0,2576,2232,344,2692.458333333346,1,0,0,0,0,0,17742,0
4835.0,fzp,1.0,2574,2230,344,2693.0780555555684,2,1,0,0,1,0,17745,0
4836.0,fzp,1.0,2573,2227,346,2693.697083333346,2,1,0,0,0,0,17748,0
4837.0,fzp,1.0,2574,2226,348,2694.3155555555686,3,0,0,0,2,0,17751,0
4838.0,fzp,1.0,2572,2225,347,2694.933750000013,3,2,0,0,4,0,17756,0
4839.0,fzp,1.0,2570,2227,343,2695.552083333346,1,1,0,1,3,0,17758,0
4840.0,fzp,1.0,2563,2222,341,2696.170000000013,4,3,0,1,1,0,17765,0
4841.0,fzp,1.0,2557,2221,336,2696.7870833333463,0,2,0,1,0,0,17767,0
4842.0,fzp,1.0,2551,2220,331,2697.4038888889017,0,2,0,1,0,0,17769,0
4843.0,fzp,1.0,2544,2219,325,2698.0204166666795,0,2,1,1,1,0,17771,0
4844.0,fzp,1.0,2544,2217,327,2698.6365277777904,2,0,0,0,0,0,17773,0
4845.0,fzp,1.0,2541,2219,322,2699.2526388889014,2,1,0,1,4,0,17776,0
4846.0,fzp,1.0,2539,2218,321,2699.8688888889014,1,1,0,0,1,0,17778,0
4847.0,fzp,1.0,2542,2217,325,2700.484861111124,6,0,0,2,3,0,17784,0
4848.0,fzp,1.0,2542,2216,326,2701.1005555555685,2,1,0,0,2,0,17787,0
4849.0,fzp,1.0,2540,2212,328,2701.7155555555682,5,1,0,1,1,0,17793,0
4850.0,fzp,1.0,2538,2209,329,2702.329583333346,3,0,0,0,0,0,17796,0
4851.0,fzp,1.0,2538,2207,331,2702.942916666679,3,0,0,0,1,0,17799,0
4852.0,fzp,1.0,2538,2209,329,2703.5562500000124,1,0,0,1,2,0,17800,0
4853.0,fzp,1.0,2535,2207,328,2704.1695833333456,4,1,0,0,3,0,17805,0
4854.0,fzp,1.0,2537,2209,328,2704.782916666679,1,0,0,0,3,0,17806,0
4855.0,fzp,1.0,2535,2210,325,2705.396666666679,1,1,0,1,2,0,17808,0
4856.0,fzp,1.0,2535,2210,325,2706.010555555568,1,0,0,0,1,0,17809,0
4857.0,fzp,1.0,2537,2214,323,2706.6250000000123,0,0,0,2,2,0,17809,0
4858.0,fzp,1.0,2538,2209,329,2707.2393055555676,7,0,0,1,1,0,17816,0
4859.0,fzp,1.0,2538,2207,331,2707.852638888901,3,0,0,1,0,0,17819,0
4860.0,fzp,1.0,2538,2207,331,2708.4656944444564,1,1,0,1,1,0,17821,0
4861.0,fzp,1.0,2539,2208,331,2709.078888888901,1,0,0,1,1,0,17822,0
4862.0,fzp,1.0,2542,2213,329,2709.6929166666787,1,0,0,1,5,0,17823,0
4863.0,fzp,1.0,2547,2217,330,2710.3081944444566,2,0,0,1,5,0,17825,0
4864.0,fzp,1.0,2550,2218,332,2710.924166666679,1,0,0,0,2,0,17826,0
4865.0,fzp,1.0,2545,2214,331,2711.5397222222346,2,2,0,0,0,0,17830,0
4866.0,fzp,1.0,2544,2213,331,2712.1545833333457,1,0,0,0,0,0,17831,0
4867.0,fzp,1.0,2545,2214,331,2712.769444444457,0,1,0,0,2,0,17832,0
4868.0,fzp,1.0,2548,2213,335,2713.384305555568,2,0,0,0,1,0,17834,0
4869.0,fzp,1.0,2548,2215,333,2713.999305555568,4,0,0,2,4,0,17838,0
4870.0,fzp,1.0,2547,2214,333,2714.6144444444567,1,0,0,0,0,0,17839,0
4871.0,fzp,1.0,2545,2210,335,2715.228888888901,5,0,0,1,0,0,17844,0
4872.0,fzp,1.0,2544,2208,336,2715.842500000012,2,1,0,0,1,0,17847,0
4873.0,fzp,1.0,2541,2206,335,2716.4555555555676,4,0,0,1,1,0,17851,0
4874.0,fzp,1.0,2541,2204,337,2717.0680555555678,3,0,0,0,1,0,17854,0
4875.0,fzp,1.0,2538,2202,336,2717.680000000012,3,0,0,1,0,0,17857,0
4876.0,fzp,1.0,2535,2197,338,2718.2909722222344,3,2,1,0,1,0,17862,0
4877.0,fzp,1.0,2536,2198,338,2718.9013888889012,1,0,0,0,2,0,17863,0
4878.0,fzp,1.0,2533,2194,339,2719.5113888889014,2,3,0,0,1,0,17868,0
4879.0,fzp,1.0,2534,2193,341,2720.120694444457,1,2,0,0,2,0,17871,0
4880.0,fzp,1.0,2531,2189,342,2720.7293055555683,4,3,0,2,1,0,17878,0
4881.0,fzp,1.0,2531,2188,343,2721.337222222235,2,0,0,0,1,0,17880,0
4882.0,fzp,1.0,2529,2184,345,2721.9444444444575,2,2,0,0,0,0,17884,0
4883.0,fzp,1.0,2528,2187,341,2722.551527777791,0,0,0,2,1,0,17884,0
4884.0,fzp,1.0,2529,2188,341,2723.1591666666795,2,1,0,1,3,0,17887,0
4885.0,fzp,1.0,2527,2185,342,2723.7665277777905,1,2,0,0,0,0,17890,0
4886.0,fzp,1.0,2527,2186,341,2724.373611111124,2,2,0,3,2,0,17894,0
4887.0,fzp,1.0,2529,2188,341,2724.981111111124,1,1,0,1,3,0,17896,0
4888.0,fzp,1.0,2524,2184,340,2725.5883333333463,3,3,0,0,2,0,17902,0
4889.0,fzp,1.0,2523,2185,338,2726.195138888902,1,1,0,1,2,0,17904,0
4890.0,fzp,1.0,2525,2184,341,2726.8019444444576,4,0,0,1,2,0,17908,0
4891.0,fzp,1.0,2522,2180,342,2727.408055555569,3,2,0,0,1,0,17913,0
4892.0,fzp,1.0,2516,2178,338,2728.0133333333465,2,1,1,1,1,0,17916,0
4893.0,fzp,1.0,2514,2178,336,2728.6183333333465,2,1,0,1,2,0,17919,0
4894.0,fzp,1.0,2517,2178,339,2729.2233333333465,2,0,0,0,2,0,17921,0
4895.0,fzp,1.0,2514,2177,337,2729.8281944444575,2,1,0,0,2,0,17924,0
4896.0,fzp,1.0,2514,2172,342,2730.4322222222354,6,1,0,1,1,0,17931,0
4897.0,fzp,1.0,2515,2174,341,2731.0358333333465,1,0,0,1,2,0,17932,0
4898.0,fzp,1.0,2516,2174,342,2731.6397222222354,3,0,0,1,2,0,17935,0
4899.0,fzp,1.0,2520,2173,347,2732.2434722222356,2,0,0,0,1,0,17937,0
4900.0,fzp,1.0,2518,2171,347,2732.846805555569,2,1,0,0,1,0,17940,0
4901.0,fzp,1.0,2518,2171,347,2733.4498611111244,1,1,0,0,2,0,17942,0
4902.0,fzp,1.0,2517,2169,348,2734.052638888902,3,1,0,0,2,0,17946,0
4903.0,fzp,1.0,2515,2169,346,2734.655138888902,1,0,0,0,1,0,17947,0
4904.0,fzp,1.0,2511,2165,346,2735.2570833333466,3,2,0,0,1,0,17952,0
4905.0,fzp,1.0,2511,2163,348,2735.8581944444577,2,1,0,0,1,0,17955,0
4906.0,fzp,1.0,2511,2164,347,2736.4591666666797,2,1,0,0,4,0,17958,0
4907.0,fzp,1.0,2511,2162,349,2737.060000000013,2,0,0,0,0,0,17960,0
4908.0,fzp,1.0,2513,2163,350,2737.6606944444575,1,1,0,1,2,0,17962,0
4909.0,fzp,1.0,2514,2164,350,2738.2616666666795,2,1,0,0,4,0,17965,0
4910.0,fzp,1.0,2511,2162,349,2738.862500000013,2,2,0,1,1,0,17969,0
4911.0,fzp,1.0,2511,2163,348,2739.4631944444573,1,0,0,0,2,0,17970,0
4912.0,fzp,1.0,2511,2162,349,2740.0638888889016,2,0,0,0,1,0,17972,0
4913.0,fzp,1.0,2510,2161,349,2740.6643055555683,6,2,0,3,4,0,17980,0
4914.0,fzp,1.0,2509,2162,347,2741.264722222235,2,0,0,2,1,0,17982,0
4915.0,fzp,1.0,2507,2165,342,2741.865694444457,1,0,0,1,3,0,17983,0
4916.0,fzp,1.0,2506,2162,344,2742.466666666679,3,3,0,1,2,0,17989,0
4917.0,fzp,1.0,2504,2159,345,2743.066805555568,4,2,0,1,2,0,17995,0
4918.0,fzp,1.0,2502,2157,345,2743.6662500000125,3,3,0,3,1,0,18001,0
4919.0,fzp,1.0,2500,2158,342,2744.265555555568,0,1,0,1,1,0,18002,0
4920.0,fzp,1.0,2500,2157,343,2744.8648611111234,1,0,0,0,0,0,18003,0
4921.0,fzp,1.0,2500,2158,342,2745.464166666679,2,1,0,2,2,0,18006,0
4922.0,fzp,1.0,2500,2159,341,2746.063750000012,1,1,0,1,2,0,18008,0
4923.0,fzp,1.0,2505,2161,344,2746.663750000012,1,0,0,0,3,0,18009,0
4924.0,fzp,1.0,2504,2158,346,2747.2636111111233,4,1,0,0,2,0,18014,0
4925.0,fzp,1.0,2503,2155,348,2747.862638888901,5,1,0,1,2,0,18020,0
4926.0,fzp,1.0,2498,2154,344,2748.4611111111235,0,1,0,0,0,0,18021,0
4927.0,fzp,1.0,2497,2151,346,2749.05902777779,6,1,0,1,3,0,18028,0
4928.0,fzp,1.0,2496,2145,351,2749.655694444457,8,0,0,0,2,0,18036,0
4929.0,fzp,1.0,2492,2144,348,2750.251388888901,1,3,0,1,2,0,18040,0
4930.0,fzp,1.0,2493,2141,352,2750.84652777779,3,1,1,0,2,0,18044,0
4931.0,fzp,1.0,2488,2135,353,2751.440416666679,5,2,0,0,1,0,18051,0
4932.0,fzp,1.0,2485,2135,350,2752.0334722222346,0,2,0,0,2,0,18053,0
4933.0,fzp,1.0,2486,2133,353,2752.6262500000125,3,1,0,0,2,0,18057,0
4934.0,fzp,1.0,2486,2133,353,2753.2187500000127,2,0,0,1,1,0,18059,0
4935.0,fzp,1.0,2483,2130,353,2753.810833333346,2,3,0,0,2,0,18064,0
4936.0,fzp,1.0,2483,2127,356,2754.402083333346,5,1,0,0,3,0,18070,0
4937.0,fzp,1.0,2483,2124,359,2754.9925000000126,4,1,0,1,1,0,18075,0
4938.0,fzp,1.0,2484,2122,362,2755.5822222222346,3,0,0,0,1,0,18078,0
4939.0,fzp,1.0,2486,2121,365,2756.1715277777903,4,0,0,0,3,0,18082,0
4940.0,fzp,1.0,2487,2117,370,2756.7601388889016,6,1,0,0,3,0,18089,0
4941.0,fzp,1.0,2486,2117,369,2757.348194444457,2,0,0,1,1,0,18091,0
4942.0,fzp,1.0,2487,2114,373,2757.9358333333457,2,2,1,0,2,0,18095,0
4943.0,fzp,1.0,2486,2108,378,2758.5222222222346,8,0,0,0,2,0,18103,0
4944.0,fzp,1.0,2480,2107,373,2759.1076388889014,2,0,1,0,2,0,18105,0
4945.0,fzp,1.0,2479,2108,371,2759.693055555568,2,1,0,1,3,0,18108,0
4946.0,fzp,1.0,2476,2105,371,2760.2781944444573,2,1,1,0,1,0,18111,0
4947.0,fzp,1.0,2477,2108,369,2760.8633333333464,0,0,1,1,3,0,18111,0
4948.0,fzp,1.0,2476,2105,371,2761.4484722222355,3,3,0,0,3,0,18117,0
4949.0,fzp,1.0,2471,2102,369,2762.032777777791,3,1,1,2,0,0,18121,0
4950.0,fzp,1.0,2470,2104,366,2762.6169444444577,2,0,0,1,3,0,18123,0
4951.0,fzp,1.0,2469,2108,361,2763.2019444444577,2,0,0,3,3,0,18125,0
4952.0,fzp,1.0,2467,2105,362,2763.787083333347,5,2,0,2,2,0,18132,0
4953.0,fzp,1.0,2471,2106,365,2764.3719444444578,2,1,0,0,4,0,18135,0
4954.0,fzp,1.0,2470,2103,367,2764.956527777791,3,3,0,1,2,0,18141,0
4955.0,fzp,1.0,2468,2104,364,2765.5408333333467,0,0,1,0,2,0,18141,0
4956.0,fzp,1.0,2468,2104,364,2766.1252777777913,0,2,0,0,2,0,18143,0
4957.0,fzp,1.0,2469,2105,364,2766.7098611111246,3,0,0,1,3,0,18146,0
4958.0,fzp,1.0,2468,2103,365,2767.2943055555693,2,3,1,0,4,0,18151,0
4959.0,fzp,1.0,2469,2105,364,2767.878750000014,2,1,1,1,5,0,18154,0
4960.0,fzp,1.0,2471,2101,370,2768.4629166666805,5,1,0,0,2,0,18160,0
4961.0,fzp,1.0,2472,2102,370,2769.0466666666803,2,0,0,0,3,0,18162,0
4962.0,fzp,1.0,2468,2103,365,2769.630694444458,1,1,0,0,3,0,18164,0
4963.0,fzp,1.0,2467,2099,368,2770.2143055555694,5,2,0,2,1,0,18171,0
4964.0,fzp,1.0,2469,2102,367,2770.7977777777915,2,1,0,3,3,0,18174,0
4965.0,fzp,1.0,2466,2099,367,2771.3812500000136,3,4,0,1,3,0,18181,0
4966.0,fzp,1.0,2462,2096,366,2771.9638888889026,3,3,0,1,2,0,18187,0
4967.0,fzp,1.0,2464,2098,366,2772.5463888889026,2,1,0,1,4,0,18190,0
4968.0,fzp,1.0,2462,2096,366,2773.1288888889026,3,1,0,0,2,0,18194,0
4969.0,fzp,1.0,2456,2094,362,2773.710833333347,0,2,0,0,0,0,18196,0
4970.0,fzp,1.0,2451,2095,356,2774.2926388889027,2,1,0,2,2,0,18199,0
4971.0,fzp,1.0,2449,2095,354,2774.8745833333473,2,1,0,1,2,0,18202,0
4972.0,fzp,1.0,2449,2094,355,2775.456388888903,3,1,0,1,2,0,18206,0
4973.0,fzp,1.0,2449,2096,353,2776.0383333333475,1,0,0,2,1,0,18207,0
4974.0,fzp,1.0,2450,2097,353,2776.6206944444584,1,0,0,0,2,0,18208,0
4975.0,fzp,1.0,2446,2097,349,2777.2031944444584,2,2,0,1,3,0,18212,0
4976.0,fzp,1.0,2449,2101,348,2777.7862500000138,1,0,0,0,5,0,18213,0
4977.0,fzp,1.0,2449,2105,344,2778.3704166666803,1,0,0,2,3,0,18214,0
4978.0,fzp,1.0,2446,2101,345,2778.954583333347,4,1,1,1,1,0,18219,0
4979.0,fzp,1.0,2448,2101,347,2779.538194444458,3,0,0,0,3,0,18222,0
4980.0,fzp,1.0,2446,2099,347,2780.1215277777915,1,2,0,0,1,0,18225,0
4981.0,fzp,1.0,2446,2094,352,2780.7038888889024,7,1,0,1,2,0,18233,0
4982.0,fzp,1.0,2444,2095,349,2781.285694444458,1,1,0,0,3,0,18235,0
4983.0,fzp,1.0,2443,2093,350,2781.8673611111244,2,0,0,0,0,0,18237,0
4984.0,fzp,1.0,2438,2091,347,2782.4484722222355,1,1,0,0,0,0,18239,0
4985.0,fzp,1.0,2434,2089,345,2783.0290277777913,0,2,0,0,0,0,18241,0
4986.0,fzp,1.0,2433,2085,348,2783.6087500000135,3,2,0,0,1,0,18246,0
4987.0,fzp,1.0,2431,2087,344,2784.188194444458,0,0,0,1,1,0,18246,0
4988.0,fzp,1.0,2430,2084,346,2784.7675000000136,4,0,0,1,0,0,18250,0
4989.0,fzp,1.0,2429,2086,343,2785.3466666666804,1,0,0,1,2,0,18251,0
4990.0,fzp,1.0,2428,2086,342,2785.926111111125,1,1,0,0,2,0,18253,0
4991.0,fzp,1.0,2421,2084,337,2786.505277777792,1,3,0,0,2,0,18257,0
4992.0,fzp,1.0,2420,2082,338,2787.083888888903,3,0,0,0,1,0,18260,0
4993.0,fzp,1.0,2417,2081,336,2787.6620833333473,2,0,0,0,1,0,18262,0
4994.0,fzp,1.0,2416,2081,335,2788.240138888903,1,1,0,0,2,0,18264,0
4995.0,fzp,1.0,2417,2082,335,2788.8183333333473,2,0,0,2,1,0,18266,0
4996.0,fzp,1.0,2416,2082,334,2789.3966666666806,3,1,0,3,1,0,18270,0
4997.0,fzp,1.0,2412,2078,334,2789.974444444458,3,2,0,1,0,0,18275,0
4998.0,fzp,1.0,2408,2079,329,2790.5518055555694,1,1,1,2,2,0,18277,0
4999.0,fzp,1.0,2408,2076,332,2791.1288888889026,4,1,0,1,1,0,18282,0
5000.0,fzp,1.0,2410,2077,333,2791.705694444458,4,0,0,1,4,0,18286,0
5001.0,fzp,1.0,2409,2077,332,2792.2826388889025,1,1,0,2,0,0,18288,0
5002.0,fzp,1.0,2406,2076,330,2792.859444444458,1,2,0,0,2,0,18291,0
5003.0,fzp,1.0,2405,2079,326,2793.436527777791,0,0,0,1,2,0,18291,0
5004.0,fzp,1.0,2406,2077,329,2794.0137500000133,2,2,0,0,2,0,18295,0
5005.0,fzp,1.0,2404,2079,325,2794.5909722222355,1,0,0,1,2,0,18296,0
5006.0,fzp,1.0,2405,2079,326,2795.1684722222353,2,0,0,0,2,0,18298,0
5007.0,fzp,1.0,2407,2080,327,2795.7461111111243,1,0,0,1,1,0,18299,0
5008.0,fzp,1.0,2408,2084,324,2796.3244444444576,0,0,0,1,3,0,18299,0
5009.0,fzp,1.0,2408,2086,322,2796.9036111111245,0,0,0,1,1,0,18299,0
5010.0,fzp,1.0,2406,2085,321,2797.48291666668,2,0,0,1,0,0,18301,0
5011.0,fzp,1.0,2402,2085,317,2798.062083333347,1,0,0,1,0,0,18302,0
5012.0,fzp,1.0,2404,2086,318,2798.6413888889024,2,0,0,0,3,0,18304,0
5013.0,fzp,1.0,2405,2087,318,2799.2209722222356,2,0,0,1,2,0,18306,0
5014.0,fzp,1.0,2402,2083,319,2799.8001388889024,1,3,0,0,0,0,18310,0
5015.0,fzp,1.0,2400,2080,320,2800.3783333333467,3,3,0,1,2,0,18316,0
5016.0,fzp,1.0,2397,2078,319,2800.9558333333466,2,1,0,1,0,0,18319,0
5017.0,fzp,1.0,2399,2078,321,2801.533055555569,2,0,0,0,2,0,18321,0
5018.0,fzp,1.0,2397,2078,319,2802.110277777791,2,0,0,0,2,0,18323,0
5019.0,fzp,1.0,2398,2076,322,2802.6872222222355,5,0,0,3,0,0,18328,0
5020.0,fzp,1.0,2397,2078,319,2803.26416666668,1,0,0,0,3,0,18329,0
5021.0,fzp,1.0,2396,2080,316,2803.84166666668,2,1,0,2,3,0,18332,0
5022.0,fzp,1.0,2392,2077,315,2804.419027777791,3,0,0,0,0,0,18335,0
5023.0,fzp,1.0,2393,2077,316,2804.9959722222357,2,0,0,0,2,0,18337,0
5024.0,fzp,1.0,2393,2076,317,2805.572777777791,2,0,0,0,1,0,18339,0
5025.0,fzp,1.0,2394,2077,317,2806.1495833333465,1,1,0,0,3,0,18341,0
5026.0,fzp,1.0,2387,2076,311,2806.726388888902,0,2,0,1,0,0,18343,0
5027.0,fzp,1.0,2385,2073,312,2807.302638888902,0,3,1,0,1,0,18346,0
5028.0,fzp,1.0,2387,2076,311,2807.878888888902,0,0,0,1,2,0,18346,0
5029.0,fzp,1.0,2389,2076,313,2808.455555555569,2,0,0,1,1,0,18348,0
5030.0,fzp,1.0,2389,2077,312,2809.0323611111244,3,0,0,3,1,0,18351,0
5031.0,fzp,1.0,2388,2076,312,2809.60916666668,4,0,0,1,2,0,18355,0
5032.0,fzp,1.0,2390,2076,314,2810.1858333333466,2,0,0,0,2,0,18357,0
5033.0,fzp,1.0,2390,2076,314,2810.7625000000135,2,0,0,2,0,0,18359,0
5034.0,fzp,1.0,2391,2076,315,2811.3391666666803,2,0,0,0,2,0,18361,0
5035.0,fzp,1.0,2393,2076,317,2811.915833333347,4,0,0,0,4,0,18365,0
5036.0,fzp,1.0,2389,2077,312,2812.4926388889025,1,2,0,2,2,0,18368,0
5037.0,fzp,1.0,2392,2076,316,2813.069444444458,2,0,0,0,1,0,18370,0
5038.0,fzp,1.0,2389,2073,316,2813.645694444458,3,1,0,0,1,0,18374,0
5039.0,fzp,1.0,2386,2071,315,2814.2212500000137,2,1,0,1,0,0,18377,0
5040.0,fzp,1.0,2383,2070,313,2814.7963888889026,1,1,0,0,1,0,18379,0
5041.0,fzp,1.0,2383,2069,314,2815.371250000014,3,0,0,0,2,0,18382,0
5042.0,fzp,1.0,2384,2067,317,2815.9456944444582,3,0,0,0,1,0,18385,0
5043.0,fzp,1.0,2385,2065,320,2816.5195833333473,3,0,0,0,1,0,18388,0
5044.0,fzp,1.0,2381,2062,319,2817.092777777792,2,1,0,0,0,0,18391,0
5045.0,fzp,1.0,2381,2061,320,2817.665416666681,1,1,0,0,1,0,18393,0
5046.0,fzp,1.0,2379,2059,320,2818.237638888903,2,1,0,0,1,0,18396,0
5047.0,fzp,1.0,2372,2053,319,2818.808750000014,3,2,1,0,0,0,18401,0
5048.0,fzp,1.0,2373,2049,324,2819.378472222236,4,0,0,0,0,0,18405,0
5049.0,fzp,1.0,2367,2042,325,2819.9466666666804,3,4,0,0,0,0,18412,0
5050.0,fzp,1.0,2369,2043,326,2820.5140277777914,1,2,0,0,4,0,18415,0
5051.0,fzp,1.0,2367,2040,327,2821.0811111111248,3,2,0,0,2,0,18420,0
5052.0,fzp,1.0,2366,2042,324,2821.648055555569,0,0,0,0,2,0,18420,0
5053.0,fzp,1.0,2362,2037,325,2822.214583333347,3,3,0,0,1,0,18426,0
5054.0,fzp,1.0,2362,2037,325,2822.7804166666806,1,0,0,0,1,0,18427,0
5055.0,fzp,1.0,2361,2039,322,2823.346527777792,0,1,0,0,3,0,18428,0
5056.0,fzp,1.0,2361,2040,321,2823.91305555557,0,0,0,0,1,0,18428,0
5057.0,fzp,1.0,2360,2038,322,2824.4794444444587,2,1,0,0,1,0,18431,0
5058.0,fzp,1.0,2357,2035,322,2825.0451388889032,2,1,0,0,0,0,18434,0
5059.0,fzp,1.0,2358,2034,324,2825.610277777792,2,1,0,0,2,0,18437,0
5060.0,fzp,1.0,2359,2033,326,2826.175138888903,1,2,0,0,2,0,18440,0
5061.0,fzp,1.0,2361,2034,327,2826.740000000014,1,0,0,0,2,0,18441,0
5062.0,fzp,1.0,2362,2034,328,2827.305000000014,1,0,0,0,1,0,18442,0
5063.0,fzp,1.0,2363,2038,325,2827.8705555555694,3,0,0,5,2,0,18445,0
5064.0,fzp,1.0,2363,2037,326,2828.4365277777915,3,0,0,1,1,0,18448,0
5065.0,fzp,1.0,2366,2037,329,2829.002361111125,3,0,0,1,2,0,18451,0
5066.0,fzp,1.0,2369,2040,329,2829.568611111125,1,1,0,2,3,0,18453,0
5067.0,fzp,1.0,2370,2037,333,2830.134861111125,4,1,0,1,1,0,18458,0
5068.0,fzp,1.0,2373,2040,333,2830.7011111111246,1,1,0,1,4,0,18460,0
5069.0,fzp,1.0,2373,2038,335,2831.2675000000136,2,2,0,0,2,0,18464,0
5070.0,fzp,1.0,2373,2038,335,2831.833611111125,1,0,0,0,1,0,18465,0
5071.0,fzp,1.0,2371,2039,332,2832.3998611111247,1,0,0,1,1,0,18466,0
5072.0,fzp,1.0,2370,2043,327,2832.966805555569,1,1,0,1,5,0,18468,0
5073.0,fzp,1.0,2368,2044,324,2833.5344444444577,3,0,0,1,3,0,18471,0
5074.0,fzp,1.0,2363,2043,320,2834.1020833333464,1,0,0,0,0,0,18472,0
5075.0,fzp,1.0,2358,2036,322,2834.6686111111244,5,2,0,0,0,0,18479,0
5076.0,fzp,1.0,2357,2036,321,2835.23416666668,0,1,0,1,0,0,18480,0
5077.0,fzp,1.0,2360,2034,326,2835.7994444444575,3,0,0,0,1,0,18483,0
5078.0,fzp,1.0,2360,2033,327,2836.3643055555685,1,1,0,0,1,0,18485,0
5079.0,fzp,1.0,2358,2029,329,2836.928472222235,3,1,0,0,0,0,18489,0
5080.0,fzp,1.0,2358,2029,329,2837.4920833333463,2,0,0,1,1,0,18491,0
5081.0,fzp,1.0,2358,2025,333,2838.0551388889016,5,1,0,0,2,0,18497,0
5082.0,fzp,1.0,2358,2029,329,2838.618194444457,2,0,0,3,3,0,18499,0
5083.0,fzp,1.0,2355,2021,334,2839.180694444457,7,1,0,0,0,0,18507,0
5084.0,fzp,1.0,2353,2021,332,2839.742083333346,0,1,0,0,1,0,18508,0
5085.0,fzp,1.0,2350,2018,332,2840.303055555568,3,0,0,0,0,0,18511,0
5086.0,fzp,1.0,2350,2019,331,2840.8637500000123,2,0,0,0,3,0,18513,0
5087.0,fzp,1.0,2347,2016,331,2841.424166666679,3,0,0,0,0,0,18516,0
5088.0,fzp,1.0,2343,2015,328,2841.9840277777903,1,1,0,1,0,0,18518,0
5089.0,fzp,1.0,2341,2012,329,2842.543333333346,3,1,0,0,1,0,18522,0
5090.0,fzp,1.0,2337,2005,332,2843.1012500000124,7,1,0,0,1,0,18530,0
5091.0,fzp,1.0,2341,2005,336,2843.658194444457,3,0,0,0,3,0,18533,0
5092.0,fzp,1.0,2340,2001,339,2844.2145833333457,3,3,0,0,2,0,18539,0
5093.0,fzp,1.0,2342,2003,339,2844.7706944444567,1,0,0,0,3,0,18540,0
5094.0,fzp,1.0,2334,2000,334,2845.326666666679,2,2,1,1,1,0,18544,0
5095.0,fzp,1.0,2332,1999,333,2845.8820833333457,2,1,0,0,2,0,18547,0
5096.0,fzp,1.0,2329,1999,330,2846.4373611111237,3,2,0,0,5,0,18552,0
5097.0,fzp,1.0,2328,1999,329,2846.9926388889016,2,0,0,1,1,0,18554,0
5098.0,fzp,1.0,2330,2001,329,2847.5481944444573,1,0,0,0,3,0,18555,0
5099.0,fzp,1.0,2327,2001,326,2848.1040277777906,1,1,0,1,1,0,18557,0
5100.0,fzp,1.0,2330,2002,328,2848.660000000013,2,1,0,0,4,0,18560,0
5101.0,fzp,1.0,2327,2002,325,2849.216111111124,0,1,0,0,1,0,18561,0
5102.0,fzp,1.0,2329,2001,328,2849.7720833333465,5,1,0,1,4,0,18567,0
5103.0,fzp,1.0,2331,2000,331,2850.3277777777907,3,1,0,0,3,0,18571,0
5104.0,fzp,1.0,2330,1997,333,2850.8829166666796,3,1,0,0,1,0,18575,0
5105.0,fzp,1.0,2330,1996,334,2851.437500000013,2,1,0,0,2,0,18578,0
5106.0,fzp,1.0,2331,1996,335,2851.9919444444577,2,0,0,1,1,0,18580,0
5107.0,fzp,1.0,2332,1997,335,2852.546527777791,2,0,0,0,3,0,18582,0
5108.0,fzp,1.0,2330,1999,331,2853.101527777791,2,0,0,4,0,0,18584,0
5109.0,fzp,1.0,2332,2002,330,2853.6572222222353,1,1,0,1,4,0,18586,0
5110.0,fzp,1.0,2328,2005,323,2854.213750000013,3,0,0,4,2,0,18589,0
5111.0,fzp,1.0,2328,2008,320,2854.7711111111244,2,1,0,3,3,0,18592,0
5112.0,fzp,1.0,2329,2009,320,2855.329027777791,3,1,0,2,3,0,18596,0
5113.0,fzp,1.0,2330,2009,321,2855.8870833333467,2,1,0,1,2,0,18599,0
5114.0,fzp,1.0,2326,2007,319,2856.4448611111243,3,0,1,2,0,0,18602,0
5115.0,fzp,1.0,2329,2010,319,2857.002777777791,3,1,0,2,5,0,18606,0
5116.0,fzp,1.0,2326,2009,317,2857.5609722222353,3,1,0,1,2,0,18610,0
5117.0,fzp,1.0,2326,2012,314,2858.1194444444573,1,0,0,2,2,0,18611,0
5118.0,fzp,1.0,2322,2011,311,2858.6781944444574,1,2,0,2,0,0,18614,0
5119.0,fzp,1.0,2316,2014,302,2859.2372222222352,1,0,0,1,3,0,18615,0
5120.0,fzp,1.0,2319,2018,301,2859.797222222235,2,0,0,2,4,0,18617,0
5121.0,fzp,1.0,2313,2014,299,2860.357222222235,1,3,0,0,0,0,18621,0
5122.0,fzp,1.0,2313,2009,304,2860.9159722222353,5,0,0,0,0,0,18626,0
5123.0,fzp,1.0,2311,2009,302,2861.474027777791,1,0,0,0,1,0,18627,0
5124.0,fzp,1.0,2310,2010,300,2862.0322222222353,1,2,0,2,2,0,18630,0
5125.0,fzp,1.0,2312,2009,303,2862.5904166666796,3,1,0,1,2,0,18634,0
5126.0,fzp,1.0,2312,2010,302,2863.148611111124,0,1,0,0,2,0,18635,0
5127.0,fzp,1.0,2308,2007,301,2863.7065277777906,2,1,0,0,0,0,18638,0
5128.0,fzp,1.0,2307,2004,303,2864.2636111111237,2,1,0,0,0,0,18641,0
5129.0,fzp,1.0,2308,2006,302,2864.8205555555683,0,0,0,1,1,0,18641,0
5130.0,fzp,1.0,2305,2004,301,2865.377500000013,1,1,0,0,0,0,18643,0
5131.0,fzp,1.0,2305,2001,304,2865.933750000013,4,2,0,0,3,0,18649,0
5132.0,fzp,1.0,2311,2003,308,2866.489861111124,4,0,0,1,5,0,18653,0
5133.0,fzp,1.0,2311,2002,309,2867.046111111124,2,1,0,0,2,0,18656,0
5134.0,fzp,1.0,2313,2004,309,2867.6025000000127,1,2,0,1,4,0,18659,0
5135.0,fzp,1.0,2312,2004,308,2868.1591666666795,1,3,0,1,3,0,18663,0
5136.0,fzp,1.0,2315,2006,309,2868.716111111124,2,0,0,2,2,0,18665,0
5137.0,fzp,1.0,2317,2007,310,2869.2734722222353,1,0,0,0,2,0,18666,0
5138.0,fzp,1.0,2320,2006,314,2869.8308333333466,3,0,0,0,2,0,18669,0
5139.0,fzp,1.0,2317,2007,310,2870.388194444458,0,1,0,2,0,0,18670,0
5140.0,fzp,1.0,2315,2007,308,2870.945694444458,1,1,0,0,2,0,18672,0
5141.0,fzp,1.0,2314,2007,307,2871.5031944444577,0,1,0,0,1,0,18673,0
5142.0,fzp,1.0,2309,2010,299,2872.0611111111243,1,0,0,1,3,0,18674,0
5143.0,fzp,1.0,2305,2009,296,2872.6193055555686,1,0,0,0,0,0,18675,0
5144.0,fzp,1.0,2305,2011,294,2873.177638888902,1,0,0,0,3,0,18676,0
5145.0,fzp,1.0,2301,2010,291,2873.736111111124,0,1,1,1,0,0,18677,0
5146.0,fzp,1.0,2299,2014,285,2874.295000000013,0,1,0,2,3,0,18678,0
5147.0,fzp,1.0,2299,2014,285,2874.8544444444574,3,0,0,2,1,0,18681,0
5148.0,fzp,1.0,2301,2012,289,2875.413611111124,2,0,0,0,0,0,18683,0
5149.0,fzp,1.0,2296,2010,286,2875.972222222235,3,2,0,0,3,0,18688,0
5150.0,fzp,1.0,2296,2006,290,2876.5300000000125,4,1,0,0,1,0,18693,0
5151.0,fzp,1.0,2298,2007,291,2877.0873611111238,2,0,0,1,2,0,18695,0
5152.0,fzp,1.0,2298,2006,292,2877.644722222235,3,0,0,0,2,0,18698,0
5153.0,fzp,1.0,2303,2007,296,2878.2020833333463,4,0,0,0,5,0,18702,0
5154.0,fzp,1.0,2302,2004,298,2878.7591666666794,3,0,0,0,0,0,18705,0
5155.0,fzp,1.0,2304,2005,299,2879.315972222235,1,0,0,0,2,0,18706,0
5156.0,fzp,1.0,2303,2006,297,2879.873055555568,1,0,0,1,1,0,18707,0
5157.0,fzp,1.0,2305,2006,299,2880.4302777777903,2,0,0,0,2,0,18709,0
5158.0,fzp,1.0,2305,2006,299,2880.9875000000125,0,0,0,0,0,0,18709,0
5159.0,fzp,1.0,2306,2008,298,2881.5450000000124,0,2,0,1,3,0,18711,0
5160.0,fzp,1.0,2306,2005,301,2882.1023611111236,3,0,0,0,0,0,18714,0
5161.0,fzp,1.0,2307,2006,301,2882.6594444444568,1,0,0,1,1,0,18715,0
5162.0,fzp,1.0,2306,2007,299,2883.216805555568,0,0,0,1,0,0,18715,0
5163.0,fzp,1.0,2305,2006,299,2883.7741666666793,1,2,0,0,2,0,18718,0
5164.0,fzp,1.0,2305,2010,295,2884.331944444457,0,0,0,2,2,0,18718,0
5165.0,fzp,1.0,2306,2011,295,2884.890416666679,1,1,0,0,3,0,18720,0
5166.0,fzp,1.0,2305,2015,290,2885.4495833333453,0,2,0,2,4,0,18722,0
5167.0,fzp,1.0,2310,2017,293,2886.0095833333453,2,1,0,0,5,0,18725,0
5168.0,fzp,1.0,2310,2014,296,2886.5694444444566,2,3,0,1,1,0,18730,0
5169.0,fzp,1.0,2312,2015,297,2887.12902777779,5,0,0,3,3,0,18735,0
5170.0,fzp,1.0,2314,2017,297,2887.6890277777898,0,1,0,0,3,0,18736,0
5171.0,fzp,1.0,2315,2017,298,2888.2493055555674,2,0,0,1,1,0,18738,0
5172.0,fzp,1.0,2319,2015,304,2888.8093055555673,5,1,0,1,3,0,18744,0
5173.0,fzp,1.0,2319,2015,304,2889.3690277777896,2,1,0,0,3,0,18747,0
5174.0,fzp,1.0,2321,2013,308,2889.928472222234,5,0,0,1,2,0,18752,0
5175.0,fzp,1.0,2323,2012,311,2890.487500000012,3,1,0,0,3,0,18756,0
5176.0,fzp,1.0,2319,2008,311,2891.0458333333454,2,2,0,0,0,0,18760,0
5177.0,fzp,1.0,2317,2008,309,2891.603611111123,2,1,0,1,2,0,18763,0
5178.0,fzp,1.0,2315,2007,308,2892.161250000012,3,0,0,1,1,0,18766,0
5179.0,fzp,1.0,2316,2011,305,2892.7193055555676,0,0,0,0,4,0,18766,0
5180.0,fzp,1.0,2318,2015,303,2893.278472222234,2,1,0,5,2,0,18769,0
5181.0,fzp,1.0,2316,2016,300,2893.8383333333454,1,0,0,2,0,0,18770,0
5182.0,fzp,1.0,2319,2022,297,2894.399166666679,0,1,0,2,5,0,18771,0
5183.0,fzp,1.0,2314,2019,295,2894.960416666679,2,4,0,1,2,0,18777,0
5184.0,fzp,1.0,2310,2018,292,2895.5211111111234,0,1,0,0,0,0,18778,0
5185.0,fzp,1.0,2310,2014,296,2896.0811111111234,5,0,0,0,1,0,18783,0
5186.0,fzp,1.0,2310,2012,298,2896.64027777779,2,2,0,2,0,0,18787,0
5187.0,fzp,1.0,2308,2009,299,2897.198750000012,3,1,0,0,1,0,18791,0
5188.0,fzp,1.0,2310,2008,302,2897.7566666666785,3,1,0,1,2,0,18795,0
5189.0,fzp,1.0,2307,2005,302,2898.3140277777898,2,1,0,0,0,0,18798,0
5190.0,fzp,1.0,2308,2002,306,2898.8705555555675,4,0,0,0,1,0,18802,0
5191.0,fzp,1.0,2309,2003,306,2899.4268055555676,2,0,0,0,3,0,18804,0
5192.0,fzp,1.0,2311,2004,307,2899.9833333333454,4,0,0,1,4,0,18808,0
5193.0,fzp,1.0,2311,2006,305,2900.54027777779,1,1,0,0,4,0,18810,0
5194.0,fzp,1.0,2310,2004,306,2901.0972222222344,3,1,0,0,2,0,18814,0
5195.0,fzp,1.0,2308,2003,305,2901.653750000012,1,1,1,0,2,0,18816,0
5196.0,fzp,1.0,2309,2003,306,2902.210138888901,2,1,0,0,3,0,18819,0
5197.0,fzp,1.0,2311,2002,309,2902.766388888901,2,1,1,0,3,0,18822,0
5198.0,fzp,1.0,2312,1998,314,2903.3219444444567,4,1,0,1,0,0,18827,0
5199.0,fzp,1.0,2311,1999,312,2903.8770833333456,1,0,0,0,2,0,18828,0
5200.0,fzp,1.0,2312,1998,314,2904.4322222222345,2,1,0,0,2,0,18831,0
5201.0,fzp,1.0,2315,2000,315,2904.9875000000125,1,1,0,1,3,0,18833,0
5202.0,fzp,1.0,2313,1996,317,2905.5425000000123,3,1,0,0,0,0,18837,0
5203.0,fzp,1.0,2313,1995,318,2906.0968055555677,2,0,0,0,1,0,18839,0
5204.0,fzp,1.0,2314,1995,319,2906.6509722222345,1,1,0,0,2,0,18841,0
5205.0,fzp,1.0,2314,1993,321,2907.2048611111236,2,1,0,0,1,0,18844,0
5206.0,fzp,1.0,2314,1991,323,2907.758194444457,1,2,0,0,1,0,18847,0
5207.0,fzp,1.0,2314,1988,326,2908.3108333333457,2,1,0,0,0,0,18850,0
5208.0,fzp,1.0,2314,1988,326,2908.863055555568,1,0,0,0,1,0,18851,0
5209.0,fzp,1.0,2310,1986,324,2909.4150000000122,2,0,0,0,0,0,18853,0
5210.0,fzp,1.0,2311,1985,326,2909.96652777779,2,1,0,1,1,0,18856,0
5211.0,fzp,1.0,2308,1983,325,2910.517638888901,1,2,0,0,1,0,18859,0
5212.0,fzp,1.0,2305,1981,324,2911.0681944444564,0,2,0,0,0,0,18861,0
5213.0,fzp,1.0,2305,1979,326,2911.6181944444565,7,0,0,5,0,0,18868,0
5214.0,fzp,1.0,2305,1979,326,2912.1679166666786,0,2,0,1,1,0,18870,0
5215.0,fzp,1.0,2306,1979,327,2912.7176388889006,2,0,0,1,1,0,18872,0
5216.0,fzp,1.0,2304,1977,327,2913.267083333345,3,3,0,2,2,0,18878,0
5217.0,fzp,1.0,2302,1979,323,2913.8165277777894,3,2,0,3,4,0,18883,0
5218.0,fzp,1.0,2301,1978,323,2914.366111111123,4,1,0,3,1,0,18888,0
5219.0,fzp,1.0,2303,1977,326,2914.9154166666785,5,0,0,1,3,0,18893,0
5220.0,fzp,1.0,2305,1979,326,2915.464861111123,1,0,0,1,2,0,18894,0
5221.0,fzp,1.0,2307,1980,327,2916.014722222234,3,0,0,1,3,0,18897,0
5222.0,fzp,1.0,2308,1984,324,2916.5652777777896,0,0,0,1,3,0,18897,0
5223.0,fzp,1.0,2309,1983,326,2917.116250000012,3,2,0,1,3,0,18902,0
5224.0,fzp,1.0,2305,1980,325,2917.6666666666783,1,2,0,0,0,0,18905,0
5225.0,fzp,1.0,2309,1979,330,2918.2165277777895,6,1,0,2,4,0,18912,0
5226.0,fzp,1.0,2308,1978,330,2918.766111111123,2,1,0,0,2,0,18915,0
5227.0,fzp,1.0,2313,1977,336,2919.3154166666786,6,0,0,1,4,0,18921,0
5228.0,fzp,1.0,2314,1978,336,2919.8647222222344,1,1,0,0,3,0,18923,0
5229.0,fzp,1.0,2318,1979,339,2920.414305555568,3,0,0,1,3,0,18926,0
5230.0,fzp,1.0,2320,1978,342,2920.9638888889012,5,0,0,1,3,0,18931,0
5231.0,fzp,1.0,2320,1977,343,2921.513194444457,3,0,0,1,1,0,18934,0
5232.0,fzp,1.0,2322,1976,346,2922.0622222222346,3,1,0,0,3,0,18938,0
5233.0,fzp,1.0,2325,1978,347,2922.6113888889013,3,0,0,2,3,0,18941,0
5234.0,fzp,1.0,2327,1973,354,2923.160138888901,5,1,0,0,1,0,18947,0
5235.0,fzp,1.0,2327,1972,355,2923.708055555568,1,1,0,0,1,0,18949,0
5236.0,fzp,1.0,2328,1974,354,2924.2561111111236,1,1,0,1,3,0,18951,0
5237.0,fzp,1.0,2330,1978,352,2924.8050000000126,1,0,0,1,4,0,18952,0
5238.0,fzp,1.0,2329,1977,352,2925.3543055555683,2,0,0,0,1,0,18954,0
5239.0,fzp,1.0,2328,1978,350,2925.903611111124,2,0,0,0,3,0,18956,0
5240.0,fzp,1.0,2329,1972,357,2926.4522222222354,6,0,0,0,0,0,18962,0
5241.0,fzp,1.0,2329,1969,360,2926.9995833333464,4,1,0,0,2,0,18967,0
5242.0,fzp,1.0,2330,1966,364,2927.546111111124,4,0,0,1,0,0,18971,0
5243.0,fzp,1.0,2329,1965,364,2928.092083333346,2,0,1,0,2,0,18973,0
5244.0,fzp,1.0,2326,1964,362,2928.6377777777907,2,1,0,0,2,0,18976,0
5245.0,fzp,1.0,2324,1964,360,2929.183333333346,1,0,1,0,2,0,18977,0
5246.0,fzp,1.0,2318,1963,355,2929.728750000013,1,0,0,0,0,0,18978,0
5247.0,fzp,1.0,2316,1962,354,2930.2738888889016,3,3,1,1,5,0,18984,0
5248.0,fzp,1.0,2313,1960,353,2930.818611111124,1,2,0,0,1,0,18987,0
5249.0,fzp,1.0,2306,1954,352,2931.3622222222352,3,3,0,0,0,0,18993,0
5250.0,fzp,1.0,2307,1953,354,2931.9048611111243,3,0,0,0,2,0,18996,0
5251.0,fzp,1.0,2303,1953,350,2932.4473611111243,2,1,1,2,2,0,18999,0
5252.0,fzp,1.0,2298,1952,346,2932.9897222222353,4,1,0,2,2,0,19004,0
5253.0,fzp,1.0,2293,1949,344,2933.531527777791,2,4,0,2,1,0,19010,0
5254.0,fzp,1.0,2290,1947,343,2934.072638888902,2,2,0,0,2,0,19014,0
5255.0,fzp,1.0,2286,1950,336,2934.6138888889022,0,0,0,0,3,0,19014,0
5256.0,fzp,1.0,2283,1951,332,2935.155694444458,0,1,0,1,1,0,19015,0
5257.0,fzp,1.0,2281,1946,335,2935.696944444458,3,2,1,0,1,0,19020,0
5258.0,fzp,1.0,2284,1951,333,2936.2381944444583,0,0,0,2,3,0,19020,0
5259.0,fzp,1.0,2285,1949,336,2936.779861111125,3,0,0,1,0,0,19023,0
5260.0,fzp,1.0,2283,1947,336,2937.320972222236,3,1,1,0,3,0,19027,0
5261.0,fzp,1.0,2278,1946,332,2937.8616666666803,0,3,0,1,1,0,19030,0
5262.0,fzp,1.0,2277,1945,332,2938.402083333347,3,0,0,0,2,0,19033,0
5263.0,fzp,1.0,2274,1944,330,2938.942222222236,4,1,0,3,1,0,19038,0
5264.0,fzp,1.0,2268,1942,326,2939.4819444444583,1,3,0,1,1,0,19042,0
5265.0,fzp,1.0,2266,1943,323,2940.0215277777916,1,0,0,0,2,0,19043,0
5266.0,fzp,1.0,2264,1942,322,2940.561111111125,2,0,0,0,1,0,19045,0
5267.0,fzp,1.0,2262,1942,320,2941.1005555555694,3,1,0,1,3,0,19049,0
5268.0,fzp,1.0,2261,1942,319,2941.640000000014,0,1,0,0,1,0,19050,0
5269.0,fzp,1.0,2256,1945,311,2942.179861111125,0,0,0,2,1,0,19050,0
5270.0,fzp,1.0,2258,1948,310,2942.7205555555693,2,0,0,1,4,0,19052,0
5271.0,fzp,1.0,2253,1949,304,2943.2618055555695,1,1,0,3,0,0,19054,0
5272.0,fzp,1.0,2248,1949,299,2943.8031944444583,0,1,0,1,0,0,19055,0
5273.0,fzp,1.0,2244,1948,296,2944.3444444444585,1,0,0,0,0,0,19056,0
5274.0,fzp,1.0,2242,1946,296,2944.885277777792,2,2,0,0,2,0,19060,0
5275.0,fzp,1.0,2243,1947,296,2945.4259722222364,3,0,0,1,3,0,19063,0
5276.0,fzp,1.0,2242,1946,296,2945.966666666681,2,1,0,1,1,0,19066,0
5277.0,fzp,1.0,2240,1946,294,2946.507222222236,2,0,0,1,1,0,19068,0
5278.0,fzp,1.0,2242,1952,290,2947.048611111125,1,2,0,3,6,0,19071,0
5279.0,fzp,1.0,2234,1948,286,2947.5902777777915,2,3,0,0,1,0,19076,0
5280.0,fzp,1.0,2231,1944,287,2948.130833333347,4,2,0,1,1,0,19082,0
5281.0,fzp,1.0,2226,1943,283,2948.6706944444577,2,2,0,1,2,0,19086,0
5282.0,fzp,1.0,2226,1940,286,2949.210000000013,3,1,0,0,1,0,19090,0
5283.0,fzp,1.0,2226,1938,288,2949.7486111111243,1,3,0,0,2,0,19094,0
5284.0,fzp,1.0,2226,1939,287,2950.2870833333463,1,1,0,1,2,0,19096,0
5285.0,fzp,1.0,2226,1941,285,2950.825972222235,1,1,0,1,3,0,19098,0
5286.0,fzp,1.0,2226,1939,287,2951.364861111124,2,0,0,0,0,0,19100,0
5287.0,fzp,1.0,2224,1939,285,2951.903472222235,0,0,0,0,0,0,19100,0
5288.0,fzp,1.0,2226,1944,282,2952.4427777777905,0,0,0,2,3,0,19100,0
5289.0,fzp,1.0,2225,1942,283,2952.982500000013,4,2,0,2,2,0,19106,0
5290.0,fzp,1.0,2222,1940,282,2953.5216666666793,2,2,0,0,2,0,19110,0
5291.0,fzp,1.0,2221,1939,282,2954.0604166666794,3,0,0,1,1,0,19113,0
5292.0,fzp,1.0,2217,1938,279,2954.5988888889015,1,1,0,1,0,0,19115,0
5293.0,fzp,1.0,2211,1938,273,2955.137222222235,1,2,0,2,1,0,19118,0
5294.0,fzp,1.0,2213,1939,274,2955.675694444457,1,1,0,2,1,0,19120,0
5295.0,fzp,1.0,2213,1938,275,2956.214166666679,3,0,0,1,1,0,19123,0
5296.0,fzp,1.0,2217,1941,276,2956.752916666679,3,0,0,2,4,0,19126,0
5297.0,fzp,1.0,2218,1940,278,2957.291944444457,5,1,0,2,3,0,19132,0
5298.0,fzp,1.0,2216,1937,279,2957.830416666679,4,1,0,0,2,0,19137,0
5299.0,fzp,1.0,2213,1935,278,2958.3681944444565,1,1,0,0,0,0,19139,0
5300.0,fzp,1.0,2211,1926,285,2958.9044444444567,6,1,2,0,0,0,19146,0
5301.0,fzp,1.0,2217,1929,288,2959.4398611111233,1,0,0,0,4,0,19147,0
5302.0,fzp,1.0,2215,1926,289,2959.97527777779,4,2,0,1,2,0,19153,0
5303.0,fzp,1.0,2214,1930,284,2960.5108333333455,1,1,0,2,4,0,19155,0
5304.0,fzp,1.0,2216,1927,289,2961.04652777779,4,1,0,0,2,0,19160,0
5305.0,fzp,1.0,2212,1928,284,2961.5819444444564,0,0,0,0,1,0,19160,0
5306.0,fzp,1.0,2210,1929,281,2962.1176388889007,1,0,0,0,2,0,19161,0
5307.0,fzp,1.0,2211,1933,278,2962.6540277777895,2,1,0,3,4,0,19164,0
5308.0,fzp,1.0,2211,1935,276,2963.1912500000117,1,1,0,1,3,0,19166,0
5309.0,fzp,1.0,2212,1934,278,2963.728611111123,2,0,0,1,0,0,19168,0
5310.0,fzp,1.0,2211,1934,277,2964.265833333345,2,0,0,1,1,0,19170,0
5311.0,fzp,1.0,2206,1931,275,2964.8026388889007,1,2,0,0,0,0,19173,0
5312.0,fzp,1.0,2205,1931,274,2965.3390277777894,1,0,0,1,0,0,19174,0
5313.0,fzp,1.0,2205,1930,275,2965.8752777777895,2,1,0,1,1,0,19177,0
5314.0,fzp,1.0,2206,1932,274,2966.4116666666782,1,2,0,0,5,0,19180,0
5315.0,fzp,1.0,2207,1931,276,2966.948194444456,2,1,0,0,2,0,19183,0
5316.0,fzp,1.0,2210,1930,280,2967.484444444456,2,1,0,0,2,0,19186,0
5317.0,fzp,1.0,2215,1934,281,2968.021111111123,1,0,0,1,4,0,19187,0
5318.0,fzp,1.0,2217,1933,284,2968.558194444456,2,2,0,0,3,0,19191,0
5319.0,fzp,1.0,2212,1924,288,2969.0938888889004,5,5,0,0,1,0,19201,0
5320.0,fzp,1.0,2212,1925,287,2969.628472222234,0,1,0,0,2,0,19202,0
5321.0,fzp,1.0,2212,1920,292,2970.1625000000117,5,0,0,0,0,0,19207,0
5322.0,fzp,1.0,2217,1923,294,2970.696250000012,2,0,0,0,5,0,19209,0
5323.0,fzp,1.0,2216,1921,295,2971.2301388889005,5,1,0,0,4,0,19215,0
5324.0,fzp,1.0,2217,1918,299,2971.7633333333447,3,2,0,1,1,0,19220,0
5325.0,fzp,1.0,2216,1918,298,2972.2961111111226,3,1,0,1,3,0,19224,0
5326.0,fzp,1.0,2217,1919,298,2972.829027777789,1,1,0,0,3,0,19226,0
5327.0,fzp,1.0,2219,1917,302,2973.361805555567,3,1,0,0,2,0,19230,0
5328.0,fzp,1.0,2217,1913,304,2973.8937500000116,3,1,0,0,0,0,19234,0
5329.0,fzp,1.0,2214,1910,304,2974.424722222234,2,1,0,0,0,0,19237,0
5330.0,fzp,1.0,2211,1911,300,2974.9554166666785,1,2,0,3,1,0,19240,0
5331.0,fzp,1.0,2213,1910,303,2975.486111111123,2,0,0,0,1,0,19242,0
5332.0,fzp,1.0,2215,1913,302,2976.0170833333455,1,0,0,2,2,0,19243,0
5333.0,fzp,1.0,2218,1915,303,2976.548750000012,0,0,0,0,2,0,19243,0
5334.0,fzp,1.0,2217,1916,301,2977.0808333333457,3,0,0,1,3,0,19246,0
5335.0,fzp,1.0,2220,1915,305,2977.612916666679,3,1,0,1,2,0,19250,0
5336.0,fzp,1.0,2221,1916,305,2978.1450000000127,2,2,0,1,4,0,19254,0
5337.0,fzp,1.0,2222,1918,304,2978.6775000000125,1,0,0,2,1,0,19255,0
5338.0,fzp,1.0,2217,1915,302,2979.2098611111237,1,4,0,1,1,0,19260,0
5339.0,fzp,1.0,2213,1913,300,2979.7415277777905,3,2,0,2,1,0,19265,0
5340.0,fzp,1.0,2215,1913,302,2980.2729166666795,2,1,0,0,3,0,19268,0
5341.0,fzp,1.0,2215,1910,305,2980.803888888902,4,0,0,1,0,0,19272,0
5342.0,fzp,1.0,2215,1910,305,2981.3344444444574,3,1,0,1,3,0,19276,0
5343.0,fzp,1.0,2215,1910,305,2981.865000000013,2,0,0,0,2,0,19278,0
5344.0,fzp,1.0,2216,1911,305,2982.3956944444576,3,2,0,1,5,0,19283,0
5345.0,fzp,1.0,2219,1912,307,2982.92666666668,1,2,0,0,4,0,19286,0
5346.0,fzp,1.0,2217,1913,304,2983.45791666668,0,0,0,0,1,0,19286,0
5347.0,fzp,1.0,2214,1910,304,2983.9888888889022,4,2,0,0,3,0,19292,0
5348.0,fzp,1.0,2214,1908,306,2984.51916666668,1,1,1,1,0,0,19294,0
5349.0,fzp,1.0,2212,1908,304,2985.0491666666803,0,0,0,0,0,0,19294,0
5350.0,fzp,1.0,2216,1910,306,2985.579444444458,2,0,0,0,4,0,19296,0
5351.0,fzp,1.0,2214,1905,309,2986.1093055555693,4,2,0,1,0,0,19302,0
5352.0,fzp,1.0,2209,1902,307,2986.6380555555693,3,1,0,0,1,0,19306,0
5353.0,fzp,1.0,2210,1900,310,2987.166111111125,3,0,0,0,1,0,19309,0
5354.0,fzp,1.0,2210,1903,307,2987.6943055555694,0,0,0,1,2,0,19309,0
5355.0,fzp,1.0,2210,1902,308,2988.2227777777916,4,0,0,1,2,0,19313,0
5356.0,fzp,1.0,2209,1899,310,2988.750694444458,3,1,0,1,0,0,19317,0
5357.0,fzp,1.0,2204,1898,306,2989.278055555569,2,1,0,0,2,0,19320,0
5358.0,fzp,1.0,2206,1901,305,2989.805694444458,1,0,0,1,3,0,19321,0
5359.0,fzp,1.0,2207,1898,309,2990.3333333333467,4,0,0,0,1,0,19325,0
5360.0,fzp,1.0,2207,1896,311,2990.860277777791,1,1,0,0,0,0,19327,0
5361.0,fzp,1.0,2205,1894,311,2991.38666666668,2,0,0,0,0,0,19329,0
5362.0,fzp,1.0,2207,1894,313,2991.9127777777912,2,0,0,0,2,0,19331,0
5363.0,fzp,1.0,2207,1896,311,2992.43916666668,3,0,0,5,0,0,19334,0
5364.0,fzp,1.0,2207,1898,309,2992.9661111111245,0,0,0,0,2,0,19334,0
5365.0,fzp,1.0,2209,1904,305,2993.49416666668,0,1,0,3,4,0,19335,0
5366.0,fzp,1.0,2213,1902,311,2994.0227777777914,6,0,0,0,4,0,19341,0
5367.0,fzp,1.0,2212,1902,310,2994.5511111111246,3,1,0,3,1,0,19345,0
5368.0,fzp,1.0,2211,1899,312,2995.079027777791,3,1,0,1,0,0,19349,0
5369.0,fzp,1.0,2212,1896,316,2995.6061111111244,5,1,0,1,2,0,19355,0
5370.0,fzp,1.0,2210,1894,316,2996.1325000000134,4,1,0,0,3,0,19360,0
5371.0,fzp,1.0,2210,1893,317,2996.6584722222356,1,0,0,0,0,0,19361,0
5372.0,fzp,1.0,2210,1894,316,2997.1844444444578,1,0,0,0,2,0,19362,0
5373.0,fzp,1.0,2210,1893,317,2997.71041666668,2,1,0,0,2,0,19365,0
5374.0,fzp,1.0,2212,1898,314,2998.2369444444575,0,0,0,1,4,0,19365,0
5375.0,fzp,1.0,2211,1895,316,2998.7637500000133,3,0,0,0,0,0,19368,0
5376.0,fzp,1.0,2209,1895,314,2999.290138888902,1,1,0,0,2,0,19370,0
5377.0,fzp,1.0,2212,1896,316,2999.81666666668,1,0,0,0,2,0,19371,0
5378.0,fzp,1.0,2212,1895,317,3000.3431944444574,2,1,0,1,1,0,19374,0
5379.0,fzp,1.0,2210,1891,319,3000.8690277777905,4,2,0,0,2,0,19380,0
5380.0,fzp,1.0,2205,1887,318,3001.393750000013,5,2,0,1,2,0,19387,0
5381.0,fzp,1.0,2204,1887,317,3001.9179166666795,0,2,0,1,1,0,19389,0
5382.0,fzp,1.0,2206,1885,321,3002.4418055555684,4,0,0,1,1,0,19393,0
5383.0,fzp,1.0,2209,1884,325,3002.9652777777906,4,0,0,0,3,0,19397,0
5384.0,fzp,1.0,2208,1883,325,3003.488472222235,4,2,0,3,2,0,19403,0
5385.0,fzp,1.0,2209,1883,326,3004.0115277777904,3,1,0,2,2,0,19407,0
5386.0,fzp,1.0,2210,1885,325,3004.534861111124,0,1,0,1,2,0,19408,0
5387.0,fzp,1.0,2210,1884,326,3005.058333333346,4,0,0,0,3,0,19412,0
5388.0,fzp,1.0,2214,1886,328,3005.5819444444573,2,0,0,0,4,0,19414,0
5389.0,fzp,1.0,2209,1880,329,3006.1050000000128,5,1,0,0,0,0,19420,0
5390.0,fzp,1.0,2211,1878,333,3006.6269444444574,4,0,0,0,2,0,19424,0
5391.0,fzp,1.0,2210,1875,335,3007.148194444457,4,0,0,0,1,0,19428,0
5392.0,fzp,1.0,2204,1869,335,3007.668194444457,3,2,1,0,0,0,19433,0
5393.0,fzp,1.0,2202,1865,337,3008.1868055555683,2,2,0,0,0,0,19437,0
5394.0,fzp,1.0,2195,1864,331,3008.704722222235,0,2,0,0,1,0,19439,0
5395.0,fzp,1.0,2193,1862,331,3009.222222222235,2,1,1,0,2,0,19442,0
5396.0,fzp,1.0,2193,1862,331,3009.739444444457,0,1,0,0,1,0,19443,0
5397.0,fzp,1.0,2189,1861,328,3010.2565277777903,1,1,0,0,1,0,19445,0
5398.0,fzp,1.0,2190,1862,328,3010.7736111111235,1,0,1,0,3,0,19446,0
5399.0,fzp,1.0,2188,1858,330,3011.2902777777904,5,1,0,0,2,0,19452,0
5400.0,fzp,1.0,2184,1858,326,3011.8063888889014,0,0,1,0,1,0,19452,0
5401.0,fzp,1.0,2182,1861,321,3012.3229166666792,0,0,0,0,3,0,19452,0
5402.0,fzp,1.0,2179,1859,320,3012.839583333346,3,1,0,2,0,0,19456,0
5403.0,fzp,1.0,2176,1860,316,3013.356111111124,0,2,0,1,2,0,19458,0
5404.0,fzp,1.0,2175,1861,314,3013.8729166666794,2,0,0,2,1,0,19460,0
5405.0,fzp,1.0,2173,1859,314,3014.3895833333463,3,1,0,0,2,0,19464,0
5406.0,fzp,1.0,2172,1859,313,3014.905972222235,1,1,0,1,1,0,19466,0
5407.0,fzp,1.0,2173,1863,310,3015.4229166666796,1,0,0,3,2,0,19467,0
5408.0,fzp,1.0,2175,1863,312,3015.9404166666795,3,0,0,2,1,0,19470,0
5409.0,fzp,1.0,2173,1863,310,3016.4579166666795,1,0,0,1,0,0,19471,0
5410.0,fzp,1.0,2168,1860,308,3016.9750000000126,3,1,0,0,1,0,19475,0
5411.0,fzp,1.0,2167,1859,308,3017.4915277777905,1,0,0,0,0,0,19476,0
5412.0,fzp,1.0,2164,1856,308,3018.007500000013,3,2,0,1,1,0,19481,0
5413.0,fzp,1.0,2161,1856,305,3018.5230555555686,3,1,0,2,2,0,19485,0
5414.0,fzp,1.0,2155,1853,302,3019.0381944444575,2,2,0,0,1,0,19489,0
5415.0,fzp,1.0,2153,1851,302,3019.552638888902,4,3,0,1,4,0,19496,0
5416.0,fzp,1.0,2153,1852,301,3020.0669444444575,2,1,0,1,3,0,19499,0
5417.0,fzp,1.0,2151,1848,303,3020.580833333346,4,2,0,1,1,0,19505,0
5418.0,fzp,1.0,2146,1845,301,3021.0937500000127,1,4,0,0,2,0,19510,0
5419.0,fzp,1.0,2144,1844,300,3021.606111111124,1,2,0,1,1,0,19513,0
5420.0,fzp,1.0,2142,1844,298,3022.118333333346,1,0,0,1,0,0,19514,0
5421.0,fzp,1.0,2140,1841,299,3022.6301388889015,3,1,0,1,0,0,19518,0
5422.0,fzp,1.0,2141,1844,297,3023.141944444457,2,0,0,1,4,0,19520,0
5423.0,fzp,1.0,2140,1843,297,3023.6540277777904,3,1,0,1,2,0,19524,0
5424.0,fzp,1.0,2140,1845,295,3024.1662500000125,1,2,0,0,5,0,19527,0
5425.0,fzp,1.0,2142,1847,295,3024.6790277777905,1,0,0,1,2,0,19528,0
5426.0,fzp,1.0,2140,1846,294,3025.191944444457,1,1,0,0,1,0,19530,0
5427.0,fzp,1.0,2139,1848,291,3025.7050000000127,2,0,0,2,2,0,19532,0
5428.0,fzp,1.0,2135,1847,288,3026.218194444457,0,2,0,1,0,0,19534,0
5429.0,fzp,1.0,2135,1846,289,3026.7311111111235,4,1,0,1,3,0,19539,0
5430.0,fzp,1.0,2132,1845,287,3027.2437500000124,1,0,0,0,0,0,19540,0
5431.0,fzp,1.0,2132,1847,285,3027.7565277777903,2,0,0,2,2,0,19542,0
5432.0,fzp,1.0,2131,1847,284,3028.269583333346,1,0,0,1,0,0,19543,0
5433.0,fzp,1.0,2133,1848,285,3028.78277777779,2,0,0,1,2,0,19545,0
5434.0,fzp,1.0,2134,1851,283,3029.2965277777903,2,0,0,4,1,0,19547,0
5435.0,fzp,1.0,2136,1856,280,3029.8113888889015,0,0,0,3,2,0,19547,0
5436.0,fzp,1.0,2136,1856,280,3030.3269444444572,2,0,0,1,1,0,19549,0
5437.0,fzp,1.0,2134,1854,280,3030.842222222235,2,1,0,0,1,0,19552,0
5438.0,fzp,1.0,2135,1852,283,3031.356944444457,5,1,0,0,4,0,19558,0
5439.0,fzp,1.0,2137,1853,284,3031.87152777779,1,0,0,1,1,0,19559,0
5440.0,fzp,1.0,2137,1854,283,3032.3863888889014,1,0,0,0,2,0,19560,0
5441.0,fzp,1.0,2137,1850,287,3032.900833333346,4,1,0,0,1,0,19565,0
5442.0,fzp,1.0,2135,1847,288,3033.4143055555683,2,2,0,1,0,0,19569,0
5443.0,fzp,1.0,2136,1848,288,3033.9275000000125,2,1,0,0,4,0,19572,0
5444.0,fzp,1.0,2134,1845,289,3034.440416666679,2,3,1,0,3,0,19577,0
5445.0,fzp,1.0,2133,1844,289,3034.9527777777903,2,0,1,0,2,0,19579,0
5446.0,fzp,1.0,2130,1845,285,3035.4651388889015,1,0,0,1,1,0,19580,0
5447.0,fzp,1.0,2127,1842,285,3035.977222222235,3,1,0,0,1,0,19584,0
5448.0,fzp,1.0,2127,1843,284,3036.4890277777904,3,0,0,1,3,0,19587,0
5449.0,fzp,1.0,2128,1841,287,3037.000694444457,3,0,0,0,1,0,19590,0
5450.0,fzp,1.0,2128,1840,288,3037.511944444457,3,2,0,0,4,0,19595,0
5451.0,fzp,1.0,2127,1836,291,3038.0225000000128,3,2,0,1,0,0,19600,0
5452.0,fzp,1.0,2132,1838,294,3038.5327777777907,5,0,0,1,6,0,19605,0
5453.0,fzp,1.0,2130,1839,291,3039.0434722222353,1,1,0,1,2,0,19607,0
5454.0,fzp,1.0,2128,1839,289,3039.5543055555686,1,4,0,1,4,0,19612,0
5455.0,fzp,1.0,2124,1836,288,3040.064722222235,1,4,0,0,2,0,19617,0
5456.0,fzp,1.0,2123,1834,289,3040.574444444457,2,1,0,0,1,0,19620,0
5457.0,fzp,1.0,2124,1835,289,3041.0840277777907,0,0,0,1,0,0,19620,0
5458.0,fzp,1.0,2122,1834,288,3041.593611111124,1,1,0,1,0,0,19622,0
5459.0,fzp,1.0,2123,1834,289,3042.1030555555685,1,2,0,0,3,0,19625,0
5460.0,fzp,1.0,2125,1834,291,3042.612500000013,3,0,0,2,1,0,19628,0
5461.0,fzp,1.0,2125,1832,293,3043.1216666666796,0,2,0,0,0,0,19630,0
5462.0,fzp,1.0,2122,1830,292,3043.6302777777905,2,0,0,0,0,0,19632,0
5463.0,fzp,1.0,2123,1830,293,3044.1386111111237,2,1,0,0,3,0,19635,0
5464.0,fzp,1.0,2126,1833,293,3044.6473611111237,1,0,0,1,3,0,19636,0
5465.0,fzp,1.0,2128,1835,293,3045.156805555568,2,0,0,0,4,0,19638,0
5466.0,fzp,1.0,2129,1836,293,3045.6666666666792,1,2,0,1,3,0,19641,0
5467.0,fzp,1.0,2129,1836,293,3046.1766666666795,0,0,0,0,0,0,19641,0
5468.0,fzp,1.0,2131,1835,296,3046.6865277777906,2,1,0,0,2,0,19644,0
5469.0,fzp,1.0,2135,1836,299,3047.1963888889018,4,0,0,1,4,0,19648,0
5470.0,fzp,1.0,2138,1834,304,3047.706111111124,2,0,0,0,0,0,19650,0
5471.0,fzp,1.0,2139,1837,302,3048.215972222235,2,0,0,0,5,0,19652,0
5472.0,fzp,1.0,2138,1834,304,3048.725833333346,4,0,0,0,1,0,19656,0
5473.0,fzp,1.0,2136,1833,303,3049.2351388889015,2,3,0,0,4,0,19661,0
5474.0,fzp,1.0,2130,1829,301,3049.7437500000124,2,3,0,0,1,0,19666,0
5475.0,fzp,1.0,2131,1828,303,3050.251666666679,3,4,0,0,6,0,19673,0
5476.0,fzp,1.0,2132,1825,307,3050.75902777779,3,1,0,0,1,0,19677,0
5477.0,fzp,1.0,2133,1825,308,3051.2659722222343,4,0,0,0,4,0,19681,0
5478.0,fzp,1.0,2132,1826,306,3051.7730555555677,0,0,1,0,2,0,19681,0
5479.0,fzp,1.0,2127,1823,304,3052.2798611111234,2,1,0,0,0,0,19684,0
5480.0,fzp,1.0,2125,1822,303,3052.7861111111233,2,1,0,1,1,0,19687,0
5481.0,fzp,1.0,2126,1820,306,3053.2919444444565,3,0,0,0,1,0,19690,0
5482.0,fzp,1.0,2129,1824,305,3053.7980555555678,0,0,0,0,4,0,19690,0
5483.0,fzp,1.0,2129,1825,304,3054.3048611111235,1,1,0,0,3,0,19692,0
5484.0,fzp,1.0,2128,1826,302,3054.811944444457,1,2,0,2,2,0,19695,0
5485.0,fzp,1.0,2126,1824,302,3055.3188888889013,1,1,0,0,0,0,19697,0
5486.0,fzp,1.0,2129,1826,303,3055.8258333333456,0,1,0,0,3,0,19698,0
5487.0,fzp,1.0,2128,1828,300,3056.3333333333458,0,0,0,0,2,0,19698,0
5488.0,fzp,1.0,2125,1824,301,3056.840555555568,3,1,0,0,0,0,19702,0
5489.0,fzp,1.0,2124,1820,304,3057.346666666679,4,1,0,0,1,0,19707,0
5490.0,fzp,1.0,2123,1816,307,3057.851666666679,4,1,0,0,1,0,19712,0
5491.0,fzp,1.0,2126,1815,311,3058.355972222235,4,1,0,0,4,0,19717,0
5492.0,fzp,1.0,2133,1818,315,3058.860555555568,2,1,0,1,5,0,19720,0
5493.0,fzp,1.0,2132,1815,317,3059.3651388889016,3,0,2,0,2,0,19723,0
5494.0,fzp,1.0,2131,1814,317,3059.8691666666796,1,1,0,0,1,0,19725,0
5495.0,fzp,1.0,2132,1811,321,3060.3726388889017,3,0,0,0,0,0,19728,0
5496.0,fzp,1.0,2132,1809,323,3060.8754166666795,4,0,0,0,2,0,19732,0
5497.0,fzp,1.0,2135,1814,321,3061.378611111124,1,0,0,2,4,0,19733,0
5498.0,fzp,1.0,2133,1813,320,3061.882361111124,1,2,0,0,2,0,19736,0
5499.0,fzp,1.0,2125,1807,318,3062.3851388889016,3,4,0,1,0,0,19743,0
5500.0,fzp,1.0,2124,1805,319,3062.886805555568,3,1,0,1,1,0,19747,0
5501.0,fzp,1.0,2121,1805,316,3063.388194444457,0,2,0,1,1,0,19749,0
5502.0,fzp,1.0,2120,1802,318,3063.889166666679,3,1,0,0,1,0,19753,0
5503.0,fzp,1.0,2122,1799,323,3064.389305555568,4,0,0,0,1,0,19757,0
5504.0,fzp,1.0,2123,1799,324,3064.8890277777905,1,0,0,0,1,0,19758,0
5505.0,fzp,1.0,2123,1800,323,3065.3888888889014,0,0,0,0,1,0,19758,0
5506.0,fzp,1.0,2124,1799,325,3065.8887500000124,3,1,0,0,3,0,19762,0
5507.0,fzp,1.0,2125,1796,329,3066.388055555568,4,0,0,0,1,0,19766,0
5508.0,fzp,1.0,2125,1797,328,3066.887083333346,0,2,0,1,2,0,19768,0
5509.0,fzp,1.0,2131,1802,329,3067.3869444444567,1,0,0,0,6,0,19769,0
5510.0,fzp,1.0,2132,1805,327,3067.887916666679,0,1,0,0,4,0,19770,0
5511.0,fzp,1.0,2134,1805,329,3068.3893055555677,2,0,0,0,2,0,19772,0
5512.0,fzp,1.0,2133,1804,329,3068.8905555555675,1,2,0,0,2,0,19775,0
5513.0,fzp,1.0,2135,1805,330,3069.3918055555673,4,1,0,5,1,0,19780,0
5514.0,fzp,1.0,2134,1804,330,3069.893055555567,1,1,0,0,1,0,19782,0
5515.0,fzp,1.0,2135,1808,327,3070.3947222222337,4,0,0,4,4,0,19786,0
5516.0,fzp,1.0,2136,1806,330,3070.896666666678,1,2,0,1,0,0,19789,0
5517.0,fzp,1.0,2134,1803,331,3071.3979166666777,6,3,0,3,3,0,19798,0
5518.0,fzp,1.0,2135,1803,332,3071.898750000011,2,0,0,1,1,0,19800,0
5519.0,fzp,1.0,2134,1802,332,3072.3994444444556,3,1,0,1,2,0,19804,0
5520.0,fzp,1.0,2135,1803,332,3072.9001388889,2,1,0,2,2,0,19807,0
5521.0,fzp,1.0,2134,1801,333,3073.4006944444554,2,2,0,0,2,0,19811,0
5522.0,fzp,1.0,2134,1803,331,3073.901250000011,0,1,0,1,2,0,19812,0
5523.0,fzp,1.0,2129,1798,331,3074.4013888889,2,4,0,0,1,0,19818,0
5524.0,fzp,1.0,2127,1799,328,3074.900972222233,2,2,0,0,5,0,19822,0
5525.0,fzp,1.0,2129,1797,332,3075.4004166666778,4,1,0,1,2,0,19827,0
5526.0,fzp,1.0,2130,1795,335,3075.8993055555666,2,2,0,0,2,0,19831,0
5527.0,fzp,1.0,2132,1793,339,3076.3976388889,3,1,0,0,2,0,19835,0
5528.0,fzp,1.0,2131,1794,337,3076.8958333333444,1,0,0,0,2,0,19836,0
5529.0,fzp,1.0,2129,1797,332,3077.3945833333446,1,1,0,1,4,0,19838,0
5530.0,fzp,1.0,2121,1794,327,3077.893333333345,2,1,0,0,0,0,19841,0
5531.0,fzp,1.0,2123,1795,328,3078.391805555567,2,0,0,1,2,0,19843,0
5532.0,fzp,1.0,2124,1795,329,3078.890416666678,2,0,0,0,2,0,19845,0
5533.0,fzp,1.0,2123,1795,328,3079.389027777789,4,0,0,2,2,0,19849,0
5534.0,fzp,1.0,2128,1798,330,3079.888055555567,2,0,0,1,4,0,19851,0
5535.0,fzp,1.0,2126,1795,331,3080.387083333345,3,1,0,0,1,0,19855,0
5536.0,fzp,1.0,2125,1795,330,3080.885694444456,1,0,0,1,0,0,19856,0
5537.0,fzp,1.0,2125,1791,334,3081.383750000012,5,0,0,0,1,0,19861,0
5538.0,fzp,1.0,2124,1787,337,3081.8806944444564,3,2,0,0,1,0,19866,0
5539.0,fzp,1.0,2127,1786,341,3082.3769444444565,5,1,0,1,4,0,19872,0
5540.0,fzp,1.0,2123,1782,341,3082.872500000012,3,3,0,1,1,0,19878,0
5541.0,fzp,1.0,2122,1784,338,3083.36777777779,0,0,1,0,3,0,19878,0
5542.0,fzp,1.0,2120,1781,339,3083.8629166666788,5,0,1,1,2,0,19883,0
5543.0,fzp,1.0,2120,1777,343,3084.3570833333456,4,1,0,0,1,0,19888,0
5544.0,fzp,1.0,2120,1775,345,3084.850416666679,2,1,0,0,1,0,19891,0
5545.0,fzp,1.0,2121,1772,349,3085.343055555568,5,2,0,0,4,0,19898,0
5546.0,fzp,1.0,2123,1765,358,3085.834305555568,7,0,1,0,1,0,19905,0
5547.0,fzp,1.0,2123,1766,357,3086.3247222222344,1,0,0,1,1,0,19906,0
5548.0,fzp,1.0,2125,1766,359,3086.81527777779,3,1,0,0,4,0,19910,0
5549.0,fzp,1.0,2127,1767,360,3087.3059722222347,2,0,0,0,3,0,19912,0
5550.0,fzp,1.0,2129,1771,358,3087.797361111124,0,1,0,0,5,0,19913,0
5551.0,fzp,1.0,2128,1771,357,3088.2893055555683,1,1,0,1,1,0,19915,0
5552.0,fzp,1.0,2128,1775,353,3088.781805555568,3,1,0,3,5,0,19919,0
5553.0,fzp,1.0,2125,1772,353,3089.274444444457,2,1,0,0,0,0,19922,0
5554.0,fzp,1.0,2130,1775,355,3089.767083333346,3,0,0,0,6,0,19925,0
5555.0,fzp,1.0,2129,1776,353,3090.26027777779,1,1,0,0,3,0,19927,0
5556.0,fzp,1.0,2124,1775,349,3090.7534722222344,0,2,0,1,0,0,19929,0
5557.0,fzp,1.0,2125,1775,350,3091.24652777779,1,1,0,0,2,0,19931,0
5558.0,fzp,1.0,2123,1776,347,3091.7397222222344,1,0,0,1,1,0,19932,0
5559.0,fzp,1.0,2116,1769,347,3092.2320833333456,2,5,0,0,0,0,19939,0
5560.0,fzp,1.0,2114,1766,348,3092.723055555568,2,2,0,0,1,0,19943,0
5561.0,fzp,1.0,2111,1763,348,3093.213194444457,2,2,0,0,1,0,19947,0
5562.0,fzp,1.0,2107,1763,344,3093.702916666679,2,0,0,1,1,0,19949,0
5563.0,fzp,1.0,2104,1764,340,3094.19277777779,1,0,0,2,0,0,19950,0
5564.0,fzp,1.0,2103,1766,337,3094.683055555568,0,1,0,1,2,0,19951,0
5565.0,fzp,1.0,2102,1766,336,3095.1736111111236,2,0,0,1,1,0,19953,0
5566.0,fzp,1.0,2101,1766,335,3095.664166666679,1,1,0,1,1,0,19955,0
5567.0,fzp,1.0,2100,1766,334,3096.154722222235,1,3,0,0,4,0,19959,0
5568.0,fzp,1.0,2099,1765,334,3096.6451388889013,2,0,0,0,1,0,19961,0
5569.0,fzp,1.0,2097,1764,333,3097.13527777779,1,2,0,0,2,0,19964,0
5570.0,fzp,1.0,2099,1765,334,3097.625416666679,2,1,0,0,4,0,19967,0
5571.0,fzp,1.0,2094,1762,332,3098.11527777779,2,1,0,0,0,0,19970,0
5572.0,fzp,1.0,2092,1759,333,3098.604305555568,2,2,0,0,1,0,19974,0
5573.0,fzp,1.0,2089,1754,335,3099.0922222222343,3,2,0,0,0,0,19979,0
5574.0,fzp,1.0,2089,1753,336,3099.5793055555678,2,2,0,0,3,0,19983,0
5575.0,fzp,1.0,2090,1754,336,3100.066388888901,2,0,0,1,2,0,19985,0
5576.0,fzp,1.0,2091,1757,334,3100.55402777779,2,0,0,0,5,0,19987,0
5577.0,fzp,1.0,2093,1761,332,3101.042638888901,0,1,0,1,4,0,19988,0
5578.0,fzp,1.0,2094,1763,331,3101.5320833333453,2,1,0,2,3,0,19991,0
5579.0,fzp,1.0,2092,1762,330,3102.021666666679,1,2,0,1,1,0,19994,0
5580.0,fzp,1.0,2092,1764,328,3102.511388888901,1,1,0,0,4,0,19996,0
5581.0,fzp,1.0,2090,1765,325,3103.0015277777898,0,3,0,0,4,0,19999,0
5582.0,fzp,1.0,2088,1764,324,3103.4916666666786,1,0,0,0,0,0,20000,0
5583.0,fzp,1.0,2084,1762,322,3103.9813888889007,2,1,0,0,1,0,20003,0
5584.0,fzp,1.0,2088,1766,322,3104.4713888889005,2,0,0,1,5,0,20005,0
5585.0,fzp,1.0,2086,1768,318,3104.962222222234,0,2,0,1,3,0,20007,0
5586.0,fzp,1.0,2088,1769,319,3105.453472222234,0,1,0,0,2,0,20008,0
5587.0,fzp,1.0,2089,1768,321,3105.944722222234,3,1,0,2,1,0,20012,0
5588.0,fzp,1.0,2089,1766,323,3106.435555555567,2,1,0,0,1,0,20015,0
5589.0,fzp,1.0,2088,1767,321,3106.926250000012,1,1,0,1,2,0,20017,0
5590.0,fzp,1.0,2087,1767,320,3107.417083333345,1,0,1,1,1,0,20018,0
5591.0,fzp,1.0,2087,1770,317,3107.908333333345,1,1,0,1,4,0,20020,0
5592.0,fzp,1.0,2083,1767,316,3108.399583333345,2,1,0,0,0,0,20023,0
5593.0,fzp,1.0,2088,1770,318,3108.890833333345,2,1,0,1,5,0,20026,0
5594.0,fzp,1.0,2088,1769,319,3109.382361111123,2,1,0,1,1,0,20029,0
5595.0,fzp,1.0,2087,1770,317,3109.8738888889006,2,2,0,2,3,0,20033,0
5596.0,fzp,1.0,2090,1773,317,3110.365972222234,1,1,0,1,4,0,20035,0
5597.0,fzp,1.0,2090,1769,321,3110.8579166666786,4,2,0,0,2,0,20041,0
5598.0,fzp,1.0,2089,1770,319,3111.3494444444564,3,1,0,3,2,0,20045,0
5599.0,fzp,1.0,2088,1766,322,3111.8405555555673,2,1,1,0,0,0,20048,0
5600.0,fzp,1.0,2085,1763,322,3112.330694444456,4,1,0,1,1,0,20053,0
5601.0,fzp,1.0,2085,1764,321,3112.8205555555674,2,0,0,2,1,0,20055,0
5602.0,fzp,1.0,2083,1761,322,3113.310138888901,5,1,0,2,1,0,20061,0
5603.0,fzp,1.0,2085,1766,319,3113.800000000012,1,0,0,1,5,0,20062,0
5604.0,fzp,1.0,2085,1765,320,3114.2904166666785,2,1,0,1,1,0,20065,0
5605.0,fzp,1.0,2085,1767,318,3114.780972222234,2,1,0,2,3,0,20068,0
5606.0,fzp,1.0,2085,1768,317,3115.2719444444565,0,1,0,0,2,0,20069,0
5607.0,fzp,1.0,2082,1769,313,3115.7631944444565,1,2,0,1,3,0,20072,0
5608.0,fzp,1.0,2084,1772,312,3116.255000000012,2,0,0,1,4,0,20074,0
5609.0,fzp,1.0,2080,1772,308,3116.747222222234,1,0,0,1,0,0,20075,0
5610.0,fzp,1.0,2080,1773,307,3117.2395833333453,1,0,0,1,1,0,20076,0
5611.0,fzp,1.0,2077,1771,306,3117.7318055555675,2,1,0,0,1,0,20079,0
5612.0,fzp,1.0,2075,1770,305,3118.223611111123,1,2,0,1,1,0,20082,0
5613.0,fzp,1.0,2076,1772,304,3118.7155555555673,1,0,0,1,2,0,20083,0
5614.0,fzp,1.0,2076,1773,303,3119.2079166666786,2,0,0,1,2,0,20085,0
5615.0,fzp,1.0,2077,1775,302,3119.7006944444565,0,0,0,1,1,0,20085,0
5616.0,fzp,1.0,2080,1774,306,3120.193611111123,1,3,0,0,3,0,20089,0
5617.0,fzp,1.0,2081,1774,307,3120.686388888901,1,1,0,1,1,0,20091,0
5618.0,fzp,1.0,2081,1775,306,3121.1793055555677,1,0,0,0,2,0,20092,0
5619.0,fzp,1.0,2083,1776,307,3121.672500000012,4,0,0,2,3,0,20096,0
5620.0,fzp,1.0,2086,1773,313,3122.1654166666785,4,1,0,0,2,0,20101,0
5621.0,fzp,1.0,2086,1773,313,3122.6579166666784,3,0,0,1,2,0,20104,0
5622.0,fzp,1.0,2085,1771,314,3123.1501388889005,3,1,0,0,2,0,20108,0
5623.0,fzp,1.0,2082,1767,315,3123.6415277777896,1,3,0,0,0,0,20112,0
5624.0,fzp,1.0,2080,1768,312,3124.132500000012,2,1,0,1,3,0,20115,0
5625.0,fzp,1.0,2079,1767,312,3124.6234722222343,4,0,0,1,2,0,20119,0
5626.0,fzp,1.0,2079,1767,312,3125.1143055555676,1,1,0,0,2,0,20121,0
5627.0,fzp,1.0,2079,1766,313,3125.6050000000123,2,0,0,0,1,0,20123,0
5628.0,fzp,1.0,2081,1765,316,3126.095416666679,3,1,0,1,2,0,20127,0
5629.0,fzp,1.0,2080,1763,317,3126.5854166666786,2,1,0,0,1,0,20130,0
5630.0,fzp,1.0,2080,1764,316,3127.07527777779,2,0,0,2,1,0,20132,0
5631.0,fzp,1.0,2079,1764,315,3127.5652777777896,1,0,0,0,1,0,20133,0
5632.0,fzp,1.0,2077,1761,316,3128.054861111123,3,1,0,1,0,0,20137,0
5633.0,fzp,1.0,2077,1763,314,3128.5443055555675,2,1,0,2,3,0,20140,0
5634.0,fzp,1.0,2077,1762,315,3129.033888888901,2,0,0,0,1,0,20142,0
5635.0,fzp,1.0,2075,1761,314,3129.5231944444563,1,1,0,0,1,0,20144,0
5636.0,fzp,1.0,2074,1762,312,3130.0125000000116,0,2,0,1,2,0,20146,0
5637.0,fzp,1.0,2073,1763,310,3130.502083333345,1,2,0,0,4,0,20149,0
5638.0,fzp,1.0,2074,1761,313,3130.9915277777895,1,2,0,0,1,0,20152,0
5639.0,fzp,1.0,2074,1760,314,3131.480555555567,1,1,1,1,1,0,20154,0
5640.0,fzp,1.0,2075,1757,318,3131.9690277777895,3,1,0,0,1,0,20158,0
5641.0,fzp,1.0,2074,1757,317,3132.457083333345,1,0,0,0,1,0,20159,0
5642.0,fzp,1.0,2076,1758,318,3132.9452777777897,1,0,0,0,2,0,20160,0
5643.0,fzp,1.0,2076,1757,319,3133.4334722222343,2,2,0,0,3,0,20164,0
5644.0,fzp,1.0,2078,1756,322,3133.9213888889008,2,0,0,0,1,0,20166,0
5645.0,fzp,1.0,2076,1753,323,3134.408750000012,2,1,0,0,0,0,20169,0
5646.0,fzp,1.0,2077,1751,326,3134.8954166666786,4,1,0,0,3,0,20174,0
5647.0,fzp,1.0,2081,1753,328,3135.3820833333452,2,1,1,1,5,0,20177,0
5648.0,fzp,1.0,2079,1748,331,3135.868333333345,3,2,0,0,0,0,20182,0
5649.0,fzp,1.0,2079,1745,334,3136.353472222234,3,1,0,0,1,0,20186,0
5650.0,fzp,1.0,2079,1744,335,3136.8380555555673,1,2,0,0,2,0,20189,0
5651.0,fzp,1.0,2080,1744,336,3137.3225000000116,2,0,0,1,1,0,20191,0
5652.0,fzp,1.0,2082,1744,338,3137.806944444456,2,0,0,1,1,0,20193,0
5653.0,fzp,1.0,2084,1742,342,3138.2911111111225,3,1,0,0,2,0,20197,0
5654.0,fzp,1.0,2081,1739,342,3138.7745833333447,3,2,0,0,2,0,20202,0
5655.0,fzp,1.0,2080,1738,342,3139.2575000000115,3,0,0,0,2,0,20205,0
5656.0,fzp,1.0,2080,1738,342,3139.7402777777893,1,0,0,0,1,0,20206,0
5657.0,fzp,1.0,2080,1739,341,3140.223194444456,1,2,0,1,3,0,20209,0
5658.0,fzp,1.0,2078,1738,340,3140.706111111123,2,1,0,1,1,0,20212,0
5659.0,fzp,1.0,2077,1736,341,3141.188611111123,2,2,0,0,2,0,20216,0
5660.0,fzp,1.0,2077,1736,341,3141.6708333333454,0,3,0,0,3,0,20219,0
5661.0,fzp,1.0,2079,1739,340,3142.153472222234,0,0,0,1,2,0,20219,0
5662.0,fzp,1.0,2079,1739,340,3142.6365277777895,1,0,0,0,1,0,20220,0
5663.0,fzp,1.0,2081,1739,342,3143.119583333345,3,0,0,3,0,0,20223,0
5664.0,fzp,1.0,2082,1739,343,3143.6026388889004,2,0,0,1,1,0,20225,0
5665.0,fzp,1.0,2080,1741,339,3144.0859722222335,1,0,0,2,1,0,20226,0
5666.0,fzp,1.0,2080,1741,339,3144.569583333345,2,1,0,2,1,0,20229,0
5667.0,fzp,1.0,2079,1740,339,3145.053055555567,3,2,0,3,1,0,20234,0
5668.0,fzp,1.0,2078,1740,338,3145.5363888889,3,0,0,2,1,0,20237,0
5669.0,fzp,1.0,2082,1741,341,3146.0198611111223,3,0,0,0,4,0,20240,0
5670.0,fzp,1.0,2085,1745,340,3146.504027777789,1,0,0,2,3,0,20241,0
5671.0,fzp,1.0,2086,1746,340,3146.9888888889,0,0,0,0,1,0,20241,0
5672.0,fzp,1.0,2088,1749,339,3147.474305555567,2,1,0,3,3,0,20244,0
5673.0,fzp,1.0,2088,1751,337,3147.960416666678,1,0,0,1,2,0,20245,0
5674.0,fzp,1.0,2088,1753,335,3148.447083333345,0,2,0,1,3,0,20247,0
5675.0,fzp,1.0,2088,1751,337,3148.9337500000115,3,1,0,0,2,0,20251,0
5676.0,fzp,1.0,2087,1751,336,3149.4201388889005,1,2,0,3,0,0,20254,0
5677.0,fzp,1.0,2085,1749,336,3149.906250000012,3,1,0,0,2,0,20258,0
5678.0,fzp,1.0,2085,1747,338,3150.3918055555673,4,0,0,0,2,0,20262,0
5679.0,fzp,1.0,2086,1746,340,3150.876944444456,3,0,0,1,1,0,20265,0
5680.0,fzp,1.0,2085,1740,345,3151.3611111111227,5,3,0,0,2,0,20273,0
5681.0,fzp,1.0,2082,1735,347,3151.8437500000114,6,2,0,2,1,0,20281,0
5682.0,fzp,1.0,2078,1731,347,3152.3251388889003,4,2,0,1,1,0,20287,0
5683.0,fzp,1.0,2079,1732,347,3152.8061111111224,1,0,0,0,2,0,20288,0
5684.0,fzp,1.0,2081,1734,347,3153.2875000000113,1,0,0,0,3,0,20289,0
5685.0,fzp,1.0,2080,1733,347,3153.7690277777892,2,0,0,1,0,0,20291,0
5686.0,fzp,1.0,2080,1731,349,3154.2501388889004,2,1,0,0,1,0,20294,0
5687.0,fzp,1.0,2075,1730,345,3154.730833333345,1,2,0,0,2,0,20297,0
5688.0,fzp,1.0,2076,1731,345,3155.2115277777893,2,0,0,1,2,0,20299,0
5689.0,fzp,1.0,2070,1723,347,3155.6912500000117,5,3,0,0,0,0,20307,0
5690.0,fzp,1.0,2070,1719,351,3156.169305555567,6,1,0,1,2,0,20314,0
5691.0,fzp,1.0,2070,1714,356,3156.6461111111225,6,0,0,0,1,0,20320,0
5692.0,fzp,1.0,2071,1712,359,3157.121944444456,5,0,0,0,3,0,20325,0
5693.0,fzp,1.0,2069,1710,359,3157.5972222222335,3,0,0,0,1,0,20328,0
5694.0,fzp,1.0,2069,1709,360,3158.072083333345,6,0,0,2,3,0,20334,0
5695.0,fzp,1.0,2063,1708,355,3158.546666666678,1,2,0,0,2,0,20337,0
5696.0,fzp,1.0,2058,1704,354,3159.0205555555667,3,0,1,0,0,0,20340,0
5697.0,fzp,1.0,2056,1704,352,3159.4938888889,1,0,0,0,1,0,20341,0
5698.0,fzp,1.0,2052,1698,354,3159.9663888889,6,1,0,0,1,0,20348,0
5699.0,fzp,1.0,2049,1696,353,3160.4377777777886,2,0,0,0,0,0,20350,0
5700.0,fzp,1.0,2049,1698,351,3160.9091666666773,0,0,0,0,2,0,20350,0
5701.0,fzp,1.0,2043,1695,348,3161.3804166666773,2,1,0,0,0,0,20353,0
5702.0,fzp,1.0,2043,1694,349,3161.8511111111216,4,0,0,2,1,0,20357,0
5703.0,fzp,1.0,2044,1695,349,3162.321805555566,0,2,0,1,2,0,20359,0
5704.0,fzp,1.0,2045,1695,350,3162.792638888899,4,1,0,1,4,0,20364,0
5705.0,fzp,1.0,2042,1694,348,3163.2633333333433,0,2,0,0,1,0,20366,0
5706.0,fzp,1.0,2039,1692,347,3163.7336111111213,3,0,0,0,1,0,20369,0
5707.0,fzp,1.0,2039,1693,346,3164.20375000001,2,0,0,1,2,0,20371,0
5708.0,fzp,1.0,2036,1690,346,3164.6736111111213,2,2,0,1,0,0,20375,0
5709.0,fzp,1.0,2035,1688,347,3165.142777777788,1,2,1,0,2,0,20378,0
5710.0,fzp,1.0,2031,1684,347,3165.6111111111213,4,2,0,1,1,0,20384,0
5711.0,fzp,1.0,2030,1683,347,3166.07875000001,2,4,0,1,4,0,20390,0
5712.0,fzp,1.0,2031,1682,349,3166.5461111111213,2,0,0,0,1,0,20392,0
5713.0,fzp,1.0,2028,1679,349,3167.012916666677,2,3,0,1,1,0,20397,0
5714.0,fzp,1.0,2027,1679,348,3167.479305555566,0,2,1,1,2,0,20399,0
5715.0,fzp,1.0,2028,1683,345,3167.9462500000104,1,0,0,2,3,0,20400,0
5716.0,fzp,1.0,2027,1682,345,3168.4136111111216,2,1,0,1,1,0,20403,0
5717.0,fzp,1.0,2023,1679,344,3168.8804166666773,2,1,0,0,0,0,20406,0
5718.0,fzp,1.0,2017,1673,344,3169.345972222233,4,4,0,0,2,0,20414,0
5719.0,fzp,1.0,2016,1672,344,3169.810555555566,1,2,0,0,2,0,20417,0
5720.0,fzp,1.0,2018,1674,344,3170.2752777777882,1,0,1,1,3,0,20418,0
5721.0,fzp,1.0,2014,1673,341,3170.7401388888993,1,1,0,0,1,0,20420,0
5722.0,fzp,1.0,2018,1676,342,3171.205277777788,0,0,0,0,3,0,20420,0
5723.0,fzp,1.0,2011,1674,337,3171.670555555566,0,2,0,0,0,0,20422,0
5724.0,fzp,1.0,2012,1675,337,3172.1356944444547,2,0,0,0,3,0,20424,0
5725.0,fzp,1.0,2010,1678,332,3172.6013888888992,0,1,0,3,1,0,20425,0
5726.0,fzp,1.0,2010,1678,332,3173.0675000000106,3,1,0,0,4,0,20429,0
5727.0,fzp,1.0,2010,1676,334,3173.5333333333438,1,2,0,0,1,0,20432,0
5728.0,fzp,1.0,2008,1678,330,3173.999166666677,0,2,0,1,3,0,20434,0
5729.0,fzp,1.0,2006,1681,325,3174.4656944444546,0,0,0,1,2,0,20434,0
5730.0,fzp,1.0,2000,1679,321,3174.9323611111213,0,1,1,0,0,0,20435,0
5731.0,fzp,1.0,1996,1673,323,3175.397916666677,2,4,0,0,0,0,20441,0
5732.0,fzp,1.0,1991,1672,319,3175.86250000001,1,2,0,1,1,0,20444,0
5733.0,fzp,1.0,1991,1673,318,3176.3270833333436,2,1,0,2,2,0,20447,0
5734.0,fzp,1.0,1989,1673,316,3176.7918055555656,2,0,0,1,1,0,20449,0
5735.0,fzp,1.0,1984,1673,311,3177.2565277777876,1,0,0,0,1,0,20450,0
5736.0,fzp,1.0,1982,1669,313,3177.7206944444542,3,1,0,0,0,0,20454,0
5737.0,fzp,1.0,1981,1668,313,3178.1841666666764,2,0,0,0,1,0,20456,0
5738.0,fzp,1.0,1981,1670,311,3178.6477777777877,1,0,0,1,2,0,20457,0
5739.0,fzp,1.0,1984,1672,312,3179.1119444444544,2,0,0,2,2,0,20459,0
5740.0,fzp,1.0,1985,1671,314,3179.57625000001,3,0,0,1,1,0,20462,0
5741.0,fzp,1.0,1982,1669,313,3180.040138888899,2,3,0,0,3,0,20467,0
5742.0,fzp,1.0,1985,1668,317,3180.5036111111212,4,1,0,1,3,0,20472,0
5743.0,fzp,1.0,1986,1669,317,3180.9670833333435,0,2,0,1,2,0,20474,0
5744.0,fzp,1.0,1989,1671,318,3181.4309722222324,2,2,0,0,6,0,20478,0
5745.0,fzp,1.0,1988,1670,318,3181.89500000001,1,1,0,0,1,0,20480,0
5746.0,fzp,1.0,1987,1668,319,3182.3586111111213,4,1,0,0,3,0,20485,0
5747.0,fzp,1.0,1984,1667,317,3182.821805555566,1,1,0,0,1,0,20487,0
5748.0,fzp,1.0,1984,1663,321,3183.284305555566,6,1,0,0,3,0,20494,0
5749.0,fzp,1.0,1982,1662,320,3183.7461111111215,2,0,0,0,1,0,20496,0
5750.0,fzp,1.0,1985,1665,320,3184.208194444455,1,0,1,0,5,0,20497,0
5751.0,fzp,1.0,1986,1664,322,3184.670555555566,4,0,0,2,1,0,20501,0
5752.0,fzp,1.0,1986,1664,322,3185.1327777777883,3,0,0,0,3,0,20504,0
5753.0,fzp,1.0,1986,1667,319,3185.595416666677,1,2,0,2,4,0,20507,0
5754.0,fzp,1.0,1987,1669,318,3186.05875000001,1,1,0,0,4,0,20509,0
5755.0,fzp,1.0,1990,1670,320,3186.52250000001,2,0,0,1,2,0,20511,0
5756.0,fzp,1.0,1990,1671,319,3186.9865277777876,2,1,0,1,3,0,20514,0
5757.0,fzp,1.0,1991,1671,320,3187.4506944444543,2,1,0,1,2,0,20517,0
5758.0,fzp,1.0,1991,1669,322,3187.914583333343,1,4,0,2,1,0,20522,0
5759.0,fzp,1.0,1991,1669,322,3188.3781944444545,2,0,0,1,1,0,20524,0
5760.0,fzp,1.0,1991,1668,323,3188.8416666666767,2,0,0,0,1,0,20526,0
5761.0,fzp,1.0,1992,1673,319,3189.3056944444543,1,0,0,2,4,0,20527,0
5762.0,fzp,1.0,1996,1673,323,3189.7704166666763,1,0,0,0,1,0,20528,0
5763.0,fzp,1.0,2000,1676,324,3190.235555555565,1,0,0,1,3,0,20529,0
5764.0,fzp,1.0,2001,1676,325,3190.7011111111206,0,1,0,1,0,0,20530,0
5765.0,fzp,1.0,2003,1677,326,3191.166805555565,2,0,0,1,2,0,20532,0
5766.0,fzp,1.0,2004,1678,326,3191.6327777777874,3,1,0,2,3,0,20536,0
5767.0,fzp,1.0,2006,1679,327,3192.0990277777873,1,0,0,1,1,0,20537,0
5768.0,fzp,1.0,2005,1679,326,3192.5654166666764,2,2,0,2,2,0,20541,0
5769.0,fzp,1.0,2003,1674,329,3193.031111111121,3,4,0,2,0,0,20548,0
5770.0,fzp,1.0,2002,1672,330,3193.495833333343,4,2,0,1,3,0,20554,0
5771.0,fzp,1.0,2006,1674,332,3193.960555555565,2,1,0,1,4,0,20557,0
5772.0,fzp,1.0,2004,1671,333,3194.4251388888983,3,1,0,1,0,0,20561,0
5773.0,fzp,1.0,2001,1671,330,3194.889305555565,0,1,0,1,0,0,20562,0
5774.0,fzp,1.0,2000,1671,329,3195.3534722222316,3,0,0,2,1,0,20565,0
5775.0,fzp,1.0,2002,1671,331,3195.8176388888983,3,0,0,0,3,0,20568,0
5776.0,fzp,1.0,1998,1671,327,3196.281805555565,2,0,0,1,1,0,20570,0
5777.0,fzp,1.0,1997,1668,329,3196.745555555565,1,2,0,0,0,0,20573,0
5778.0,fzp,1.0,1996,1665,331,3197.2084722222316,3,4,0,1,3,0,20580,0
5779.0,fzp,1.0,1997,1666,331,3197.6711111111204,1,3,0,1,4,0,20584,0
5780.0,fzp,1.0,1994,1664,330,3198.1336111111204,2,3,0,3,0,0,20589,0
5781.0,fzp,1.0,1993,1662,331,3198.5955555555647,2,1,0,1,0,0,20592,0
5782.0,fzp,1.0,1995,1664,331,3199.057500000009,2,1,0,2,3,0,20595,0
5783.0,fzp,1.0,1994,1663,331,3199.5195833333423,2,0,0,0,1,0,20597,0
5784.0,fzp,1.0,1997,1661,336,3199.981250000009,2,1,0,0,1,0,20600,0
5785.0,fzp,1.0,1994,1659,335,3200.44236111112,3,2,0,2,1,0,20605,0
5786.0,fzp,1.0,1994,1660,334,3200.9033333333423,1,0,0,1,1,0,20606,0
5787.0,fzp,1.0,1994,1661,333,3201.364583333342,3,1,0,2,3,0,20610,0
5788.0,fzp,1.0,1995,1658,337,3201.8255555555643,2,1,0,0,0,0,20613,0
5789.0,fzp,1.0,1994,1661,333,3202.2865277777864,1,0,0,3,1,0,20614,0
5790.0,fzp,1.0,1991,1658,333,3202.7475000000086,3,2,0,0,2,0,20619,0
5791.0,fzp,1.0,1990,1660,330,3203.208333333342,0,0,0,1,1,0,20619,0
5792.0,fzp,1.0,1987,1658,329,3203.6691666666757,2,1,0,1,0,0,20622,0
5793.0,fzp,1.0,1987,1658,329,3204.129722222231,0,0,0,0,0,0,20622,0
5794.0,fzp,1.0,1983,1652,331,3204.5894444444534,6,0,0,0,0,0,20628,0
5795.0,fzp,1.0,1983,1651,332,3205.048194444453,1,1,0,1,0,0,20630,0
5796.0,fzp,1.0,1988,1652,336,3205.506944444453,2,0,0,0,3,0,20632,0
5797.0,fzp,1.0,1986,1651,335,3205.9656944444528,1,0,0,0,0,0,20633,0
5798.0,fzp,1.0,1985,1652,333,3206.4244444444525,2,0,0,0,3,0,20635,0
5799.0,fzp,1.0,1985,1652,333,3206.8833333333414,1,0,1,0,2,0,20636,0
5800.0,fzp,1.0,1986,1651,335,3207.342083333341,1,1,0,0,1,0,20638,0
5801.0,fzp,1.0,1989,1651,338,3207.8006944444523,3,1,0,0,4,0,20642,0
5802.0,fzp,1.0,1989,1650,339,3208.2591666666744,2,0,0,0,1,0,20644,0
5803.0,fzp,1.0,1987,1646,341,3208.716944444452,5,1,0,0,2,0,20650,0
5804.0,fzp,1.0,1988,1646,342,3209.1741666666744,2,1,0,1,2,0,20653,0
5805.0,fzp,1.0,1991,1644,347,3209.631111111119,2,2,0,0,2,0,20657,0
5806.0,fzp,1.0,1993,1648,345,3210.0883333333413,0,2,0,2,4,0,20659,0
5807.0,fzp,1.0,1995,1648,347,3210.546111111119,1,0,0,0,1,0,20660,0
5808.0,fzp,1.0,1994,1645,349,3211.00347222223,4,1,0,0,2,0,20665,0
5809.0,fzp,1.0,1996,1645,351,3211.4604166666745,1,2,0,0,3,0,20668,0
5810.0,fzp,1.0,1998,1646,352,3211.9175000000077,1,0,0,0,2,0,20669,0
5811.0,fzp,1.0,1996,1645,351,3212.374583333341,2,1,0,0,2,0,20672,0
5812.0,fzp,1.0,1996,1644,352,3212.8313888888965,1,1,0,0,1,0,20674,0
5813.0,fzp,1.0,1994,1643,351,3213.2879166666744,3,3,0,4,1,0,20680,0
5814.0,fzp,1.0,1992,1641,351,3213.7440277777855,2,0,0,0,0,0,20682,0
5815.0,fzp,1.0,1992,1640,352,3214.19972222223,2,0,0,0,1,0,20684,0
5816.0,fzp,1.0,1995,1647,348,3214.6562500000077,2,0,0,3,6,0,20686,0
5817.0,fzp,1.0,1995,1647,348,3215.1137500000077,2,1,0,2,1,0,20689,0
5818.0,fzp,1.0,1998,1647,351,3215.5712500000077,4,0,0,3,1,0,20693,0
5819.0,fzp,1.0,2002,1647,355,3216.0287500000077,3,0,0,1,2,0,20696,0
5820.0,fzp,1.0,2002,1643,359,3216.4856944444523,4,2,0,0,2,0,20702,0
5821.0,fzp,1.0,2002,1642,360,3216.9419444444525,2,0,0,1,0,0,20704,0
5822.0,fzp,1.0,2003,1640,363,3217.397777777786,4,0,0,0,2,0,20708,0
5823.0,fzp,1.0,2005,1640,365,3217.8533333333417,1,3,0,0,4,0,20712,0
5824.0,fzp,1.0,2001,1636,365,3218.3083333333416,1,3,0,0,0,0,20716,0
5825.0,fzp,1.0,2001,1634,367,3218.7625000000085,4,1,0,1,2,0,20721,0
5826.0,fzp,1.0,1998,1633,365,3219.2162500000086,0,2,0,0,1,0,20723,0
5827.0,fzp,1.0,2000,1631,369,3219.669583333342,4,0,0,0,2,0,20727,0
5828.0,fzp,1.0,2001,1630,371,3220.1225000000086,3,1,0,0,3,0,20731,0
5829.0,fzp,1.0,2000,1629,371,3220.5751388888975,3,0,0,1,1,0,20734,0
5830.0,fzp,1.0,1999,1632,367,3221.028055555564,1,1,0,3,2,0,20736,0
5831.0,fzp,1.0,1998,1632,366,3221.4813888888975,1,0,0,0,1,0,20737,0
5832.0,fzp,1.0,1995,1631,364,3221.934583333342,1,2,0,1,1,0,20740,0
5833.0,fzp,1.0,1994,1629,365,3222.3873611111194,3,1,0,0,2,0,20744,0
5834.0,fzp,1.0,1992,1628,364,3222.8397222222306,2,1,0,0,2,0,20747,0
5835.0,fzp,1.0,1996,1630,366,3223.2922222222305,2,1,0,1,4,0,20750,0
5836.0,fzp,1.0,1990,1627,363,3223.744583333342,3,1,0,1,0,0,20754,0
5837.0,fzp,1.0,1993,1621,372,3224.195694444453,6,1,0,0,1,0,20761,0
5838.0,fzp,1.0,1991,1621,370,3224.6459722222307,1,2,0,1,2,0,20764,0
5839.0,fzp,1.0,1990,1618,372,3225.095833333342,4,3,1,1,4,0,20771,0
5840.0,fzp,1.0,1989,1618,371,3225.5452777777864,4,1,0,4,1,0,20776,0
5841.0,fzp,1.0,1986,1617,369,3225.994583333342,2,1,0,0,2,0,20779,0
5842.0,fzp,1.0,1983,1613,370,3226.4431944444527,6,1,0,3,0,0,20786,0
5843.0,fzp,1.0,1982,1614,368,3226.8913888888974,0,1,0,1,1,0,20787,0
5844.0,fzp,1.0,1977,1612,365,3227.339444444453,3,1,1,2,1,0,20791,0
5845.0,fzp,1.0,1978,1611,367,3227.787083333342,3,0,0,1,1,0,20794,0
5846.0,fzp,1.0,1975,1612,363,3228.2347222222306,0,1,0,1,1,0,20795,0
5847.0,fzp,1.0,1975,1614,361,3228.682777777786,2,0,0,2,2,0,20797,0
5848.0,fzp,1.0,1978,1612,366,3229.130833333342,4,0,0,0,2,0,20801,0
5849.0,fzp,1.0,1975,1612,363,3229.5786111111197,1,0,0,0,1,0,20802,0
5850.0,fzp,1.0,1974,1610,364,3230.02611111112,3,0,0,0,1,0,20805,0
5851.0,fzp,1.0,1974,1609,365,3230.4731944444534,2,0,0,0,1,0,20807,0
5852.0,fzp,1.0,1975,1609,366,3230.920138888898,3,0,0,2,1,0,20810,0
5853.0,fzp,1.0,1967,1605,362,3231.366527777787,2,2,0,0,0,0,20814,0
5854.0,fzp,1.0,1963,1604,359,3231.8122222222314,3,0,0,1,1,0,20817,0
5855.0,fzp,1.0,1958,1601,357,3232.25736111112,2,2,0,0,1,0,20821,0
5856.0,fzp,1.0,1957,1602,355,3232.7022222222313,0,1,0,1,1,0,20822,0
5857.0,fzp,1.0,1958,1603,355,3233.14736111112,2,1,0,1,3,0,20825,0
5858.0,fzp,1.0,1958,1602,356,3233.592500000009,2,0,0,1,0,0,20827,0
5859.0,fzp,1.0,1961,1607,354,3234.0381944444534,1,0,0,1,5,0,20828,0
5860.0,fzp,1.0,1963,1608,355,3234.484722222231,1,2,0,0,4,0,20831,0
5861.0,fzp,1.0,1961,1605,356,3234.930972222231,3,0,0,0,0,0,20834,0
5862.0,fzp,1.0,1960,1605,355,3235.3768055555643,2,0,0,0,2,0,20836,0
5863.0,fzp,1.0,1962,1608,354,3235.823055555564,0,2,0,1,4,0,20838,0
5864.0,fzp,1.0,1959,1606,353,3236.2694444444533,2,2,0,1,1,0,20842,0
5865.0,fzp,1.0,1954,1604,350,3236.7152777777865,1,3,0,1,1,0,20846,0
5866.0,fzp,1.0,1953,1602,351,3237.1605555555643,3,0,0,0,1,0,20849,0
5867.0,fzp,1.0,1949,1601,348,3237.6054166666754,1,3,0,0,3,0,20853,0
5868.0,fzp,1.0,1949,1600,349,3238.050000000009,1,1,0,0,1,0,20855,0
5869.0,fzp,1.0,1944,1596,348,3238.493888888898,3,4,0,0,3,0,20862,0
5870.0,fzp,1.0,1942,1593,349,3238.9368055555647,1,3,0,0,1,0,20866,0
5871.0,fzp,1.0,1940,1592,348,3239.3791666666757,1,1,0,1,0,0,20868,0
5872.0,fzp,1.0,1933,1590,343,3239.82111111112,2,2,0,1,1,0,20872,0
5873.0,fzp,1.0,1932,1590,342,3240.2627777777866,1,0,0,0,1,0,20873,0
5874.0,fzp,1.0,1934,1592,342,3240.704722222231,0,1,0,0,3,0,20874,0
5875.0,fzp,1.0,1936,1592,344,3241.1469444444533,1,1,0,0,2,0,20876,0
5876.0,fzp,1.0,1933,1589,344,3241.588750000009,3,3,0,0,3,0,20882,0
5877.0,fzp,1.0,1934,1591,343,3242.0304166666756,0,2,0,1,3,0,20884,0
5878.0,fzp,1.0,1934,1593,341,3242.472638888898,1,0,0,1,2,0,20885,0
5879.0,fzp,1.0,1931,1591,340,3242.9148611111204,3,1,0,0,2,0,20889,0
5880.0,fzp,1.0,1935,1595,340,3243.3573611111206,1,1,0,2,4,0,20891,0
5881.0,fzp,1.0,1935,1599,336,3243.800972222232,0,0,0,1,3,0,20891,0
5882.0,fzp,1.0,1931,1599,332,3244.2451388888985,1,0,0,1,0,0,20892,0
5883.0,fzp,1.0,1932,1601,331,3244.689583333343,0,0,0,1,1,0,20892,0
5884.0,fzp,1.0,1933,1601,332,3245.134305555565,1,1,0,0,2,0,20894,0
5885.0,fzp,1.0,1932,1603,329,3245.579305555565,0,0,0,0,2,0,20894,0
5886.0,fzp,1.0,1933,1605,328,3246.0248611111206,1,0,0,1,2,0,20895,0
5887.0,fzp,1.0,1933,1603,330,3246.470416666676,4,1,0,1,2,0,20900,0
5888.0,fzp,1.0,1929,1601,328,3246.9154166666763,2,1,1,0,2,0,20903,0
5889.0,fzp,1.0,1925,1600,325,3247.3600000000097,0,1,0,0,0,0,20904,0
5890.0,fzp,1.0,1919,1597,322,3247.8040277777873,2,2,0,0,1,0,20908,0
5891.0,fzp,1.0,1919,1598,321,3248.247777777787,2,2,0,0,5,0,20912,0
5892.0,fzp,1.0,1918,1596,322,3248.6913888888985,1,1,0,0,0,0,20914,0
5893.0,fzp,1.0,1917,1597,320,3249.1348611111207,0,2,0,1,2,0,20916,0
5894.0,fzp,1.0,1916,1595,321,3249.578194444454,4,0,0,1,1,0,20920,0
5895.0,fzp,1.0,1918,1601,317,3250.022083333343,0,0,0,4,2,0,20920,0
5896.0,fzp,1.0,1915,1604,311,3250.4672222222316,1,1,0,4,1,0,20922,0
5897.0,fzp,1.0,1911,1598,313,3250.9119444444536,3,3,1,0,1,0,20928,0
5898.0,fzp,1.0,1911,1599,312,3251.3559722222312,1,0,0,0,2,0,20929,0
5899.0,fzp,1.0,1915,1601,314,3251.8004166666756,1,1,0,1,3,0,20931,0
5900.0,fzp,1.0,1915,1601,314,3252.2451388888976,2,1,0,0,3,0,20934,0
5901.0,fzp,1.0,1918,1603,315,3252.6901388888978,2,1,0,2,3,0,20937,0
5902.0,fzp,1.0,1913,1601,312,3253.135138888898,1,2,0,0,1,0,20940,0
5903.0,fzp,1.0,1914,1602,312,3253.580000000009,2,0,0,1,2,0,20942,0
5904.0,fzp,1.0,1914,1601,313,3254.02486111112,3,0,0,0,2,0,20945,0
5905.0,fzp,1.0,1915,1601,314,3254.469583333342,2,1,0,1,2,0,20948,0
5906.0,fzp,1.0,1917,1605,312,3254.91486111112,1,1,0,1,5,0,20950,0
5907.0,fzp,1.0,1922,1606,316,3255.3608333333423,3,1,0,1,4,0,20954,0
5908.0,fzp,1.0,1922,1607,315,3255.8070833333422,0,3,0,2,2,0,20957,0
5909.0,fzp,1.0,1923,1605,318,3256.253194444453,1,1,0,0,0,0,20959,0
5910.0,fzp,1.0,1922,1608,314,3256.699444444453,0,0,0,1,2,0,20959,0
5911.0,fzp,1.0,1924,1610,314,3257.1463888888975,1,0,0,1,2,0,20960,0
5912.0,fzp,1.0,1925,1611,314,3257.5937500000086,0,1,0,1,1,0,20961,0
5913.0,fzp,1.0,1927,1614,313,3258.041666666675,2,0,0,1,4,0,20963,0
5914.0,fzp,1.0,1930,1615,315,3258.4901388888975,1,0,0,1,1,0,20964,0
5915.0,fzp,1.0,1930,1615,315,3258.9387500000084,2,0,0,1,1,0,20966,0
5916.0,fzp,1.0,1930,1617,313,3259.3876388888975,0,1,0,2,1,0,20967,0
5917.0,fzp,1.0,1929,1613,316,3259.8362500000085,4,2,0,1,1,0,20973,0
5918.0,fzp,1.0,1931,1616,315,3260.284722222231,0,1,0,0,4,0,20974,0
5919.0,fzp,1.0,1932,1616,316,3260.73361111112,4,0,0,3,1,0,20978,0
5920.0,fzp,1.0,1930,1613,317,3261.1820833333422,2,2,0,1,0,0,20982,0
5921.0,fzp,1.0,1925,1608,317,3261.6294444444534,4,2,0,0,1,0,20988,0
5922.0,fzp,1.0,1926,1609,317,3262.0762500000087,4,0,0,1,4,0,20992,0
5923.0,fzp,1.0,1924,1605,319,3262.5226388888977,3,2,0,0,1,0,20997,0
5924.0,fzp,1.0,1923,1603,320,3262.9681944444533,3,1,0,0,2,0,21001,0
5925.0,fzp,1.0,1922,1602,320,3263.413333333342,3,1,0,2,1,0,21005,0
5926.0,fzp,1.0,1920,1601,319,3263.858194444453,2,2,0,1,2,0,21009,0
5927.0,fzp,1.0,1922,1603,319,3264.3031944444533,2,0,0,0,4,0,21011,0
5928.0,fzp,1.0,1921,1602,319,3264.748333333342,0,1,0,0,0,0,21012,0
5929.0,fzp,1.0,1922,1603,319,3265.193472222231,1,0,0,0,2,0,21013,0
5930.0,fzp,1.0,1922,1602,320,3265.6386111111196,4,1,0,2,2,0,21018,0
5931.0,fzp,1.0,1921,1603,318,3266.0837500000084,1,0,0,0,2,0,21019,0
5932.0,fzp,1.0,1920,1604,316,3266.529166666675,1,0,0,2,0,0,21020,0
5933.0,fzp,1.0,1918,1605,313,3266.9748611111195,1,1,0,0,3,0,21022,0
5934.0,fzp,1.0,1920,1607,313,3267.4209722222304,0,0,0,0,2,0,21022,0
5935.0,fzp,1.0,1921,1606,315,3267.8672222222303,4,1,0,2,2,0,21027,0
5936.0,fzp,1.0,1919,1603,316,3268.312916666675,3,2,0,0,2,0,21032,0
5937.0,fzp,1.0,1920,1608,312,3268.758888888897,1,0,0,2,4,0,21033,0
5938.0,fzp,1.0,1921,1606,315,3269.2052777777863,3,1,0,0,2,0,21037,0
5939.0,fzp,1.0,1921,1608,313,3269.6516666666753,1,0,0,2,1,0,21038,0
5940.0,fzp,1.0,1922,1606,316,3270.0980555555643,4,2,0,1,3,0,21044,0
5941.0,fzp,1.0,1921,1604,317,3270.5438888888975,2,2,1,2,1,0,21048,0
5942.0,fzp,1.0,1919,1599,320,3270.9887500000086,3,4,0,0,2,0,21055,0
5943.0,fzp,1.0,1920,1596,324,3271.4325000000085,5,0,0,1,1,0,21060,0
5944.0,fzp,1.0,1920,1594,326,3271.875555555564,3,4,0,0,5,0,21067,0
5945.0,fzp,1.0,1923,1597,326,3272.3187500000085,1,1,0,1,4,0,21069,0
5946.0,fzp,1.0,1920,1592,328,3272.7616666666754,2,4,1,1,1,0,21075,0
5947.0,fzp,1.0,1918,1591,327,3273.2037500000088,3,0,0,1,1,0,21078,0
5948.0,fzp,1.0,1917,1587,330,3273.6451388888977,4,1,0,1,0,0,21083,0
5949.0,fzp,1.0,1918,1588,330,3274.08611111112,2,0,0,0,3,0,21085,0
5950.0,fzp,1.0,1916,1585,331,3274.5268055555644,3,1,0,0,1,0,21089,0
5951.0,fzp,1.0,1919,1587,332,3274.9673611111198,1,0,0,1,2,0,21090,0
5952.0,fzp,1.0,1915,1582,333,3275.4075000000084,2,4,0,0,1,0,21096,0
5953.0,fzp,1.0,1914,1580,334,3275.846666666675,2,1,0,0,1,0,21099,0
5954.0,fzp,1.0,1911,1581,330,3276.285694444453,0,1,0,0,2,0,21100,0
5955.0,fzp,1.0,1909,1581,328,3276.7248611111195,0,1,1,1,1,0,21101,0
5956.0,fzp,1.0,1912,1580,332,3277.1638888888974,2,1,0,0,2,0,21104,0
5957.0,fzp,1.0,1912,1579,333,3277.602638888897,1,1,0,0,1,0,21106,0
5958.0,fzp,1.0,1907,1573,334,3278.040416666675,2,4,0,0,0,0,21112,0
5959.0,fzp,1.0,1906,1569,337,3278.4768055555637,2,2,0,0,0,0,21116,0
5960.0,fzp,1.0,1905,1568,337,3278.912500000008,1,2,0,1,1,0,21119,0
5961.0,fzp,1.0,1902,1566,336,3279.3477777777857,2,0,0,0,0,0,21121,0
5962.0,fzp,1.0,1905,1571,334,3279.78347222223,0,0,0,1,4,0,21121,0
5963.0,fzp,1.0,1907,1569,338,3280.2195833333412,6,1,0,2,3,0,21128,0
5964.0,fzp,1.0,1909,1574,335,3280.656111111119,2,1,0,3,5,0,21131,0
5965.0,fzp,1.0,1907,1575,332,3281.09347222223,1,0,0,2,0,0,21132,0
5966.0,fzp,1.0,1906,1573,333,3281.5306944444524,3,1,0,1,1,0,21136,0
5967.0,fzp,1.0,1904,1573,331,3281.967638888897,2,1,0,3,0,0,21139,0
5968.0,fzp,1.0,1905,1574,331,3282.4047222222302,1,0,0,0,2,0,21140,0
5969.0,fzp,1.0,1904,1575,329,3282.842083333341,1,0,0,1,1,0,21141,0
5970.0,fzp,1.0,1902,1575,327,3283.279583333341,1,1,0,0,2,0,21143,0
5971.0,fzp,1.0,1900,1575,325,3283.717083333341,2,0,0,1,1,0,21145,0
5972.0,fzp,1.0,1899,1575,324,3284.154583333341,0,1,0,0,1,0,21146,0
5973.0,fzp,1.0,1900,1575,325,3284.592083333341,2,1,0,1,2,0,21149,0
5974.0,fzp,1.0,1899,1575,324,3285.029583333341,2,1,0,2,1,0,21152,0
5975.0,fzp,1.0,1901,1574,327,3285.466944444452,4,1,0,0,4,0,21157,0
5976.0,fzp,1.0,1900,1574,326,3285.9041666666744,0,0,0,0,0,0,21157,0
5977.0,fzp,1.0,1903,1573,330,3286.3412500000077,4,0,0,0,3,0,21161,0
5978.0,fzp,1.0,1902,1572,330,3286.7780555555632,3,0,0,0,2,0,21164,0
5979.0,fzp,1.0,1897,1569,328,3287.2143055555634,3,1,0,1,0,0,21168,0
5980.0,fzp,1.0,1900,1569,331,3287.650138888897,1,2,0,0,3,0,21171,0
5981.0,fzp,1.0,1895,1562,333,3288.085000000008,6,1,0,0,0,0,21178,0
5982.0,fzp,1.0,1897,1559,338,3288.5184722222302,4,1,0,1,1,0,21183,0
5983.0,fzp,1.0,1894,1556,338,3288.951111111119,2,2,0,0,1,0,21187,0
5984.0,fzp,1.0,1889,1550,339,3289.382500000008,5,2,0,1,0,0,21194,0
5985.0,fzp,1.0,1889,1551,338,3289.813194444452,0,0,0,0,1,0,21194,0
5986.0,fzp,1.0,1887,1547,340,3290.24347222223,4,1,0,1,0,0,21199,0
5987.0,fzp,1.0,1885,1545,340,3290.6729166666746,2,2,0,0,2,0,21203,0
5988.0,fzp,1.0,1881,1540,341,3291.101388888897,4,1,0,0,0,0,21208,0
5989.0,fzp,1.0,1879,1535,344,3291.5284722222304,5,0,0,0,0,0,21213,0
5990.0,fzp,1.0,1876,1534,342,3291.9547222222304,5,0,0,4,0,0,21218,0
5991.0,fzp,1.0,1879,1536,343,3292.3811111111195,3,0,0,0,5,0,21221,0
5992.0,fzp,1.0,1880,1539,341,3292.808194444453,2,0,0,4,1,0,21223,0
5993.0,fzp,1.0,1876,1535,341,3293.2351388888974,4,0,0,0,0,0,21227,0
5994.0,fzp,1.0,1877,1534,343,3293.6613888888974,3,1,0,2,1,0,21231,0
5995.0,fzp,1.0,1877,1535,342,3294.0876388888973,2,1,1,1,4,0,21234,0
5996.0,fzp,1.0,1878,1536,342,3294.514166666675,2,0,0,2,1,0,21236,0
5997.0,fzp,1.0,1874,1534,340,3294.940555555564,3,2,0,2,1,0,21241,0
5998.0,fzp,1.0,1873,1534,339,3295.366666666675,1,1,0,0,2,0,21243,0
5999.0,fzp,1.0,1877,1535,342,3295.792916666675,1,2,0,1,3,0,21246,0
6000.0,fzp,1.0,1873,1531,342,3296.218750000008,1,3,0,0,0,0,21250,0
6001.0,fzp,1.0,1869,1528,341,3296.6436111111193,2,2,0,0,1,0,21254,0
6002.0,fzp,1.0,1869,1526,343,3297.067777777786,5,1,0,3,1,0,21260,0
6003.0,fzp,1.0,1870,1526,344,3297.491666666675,0,1,0,0,1,0,21261,0
6004.0,fzp,1.0,1867,1522,345,3297.915000000008,5,0,0,0,1,0,21266,0
6005.0,fzp,1.0,1864,1522,342,3298.337777777786,1,1,0,1,1,0,21268,0
6006.0,fzp,1.0,1864,1521,343,3298.7604166666747,3,0,0,1,1,0,21271,0
6007.0,fzp,1.0,1866,1522,344,3299.1830555555634,1,0,0,0,2,0,21272,0
6008.0,fzp,1.0,1866,1518,348,3299.605277777786,6,0,0,0,2,0,21278,0
6009.0,fzp,1.0,1865,1514,351,3300.026388888897,3,2,0,0,1,0,21283,0
6010.0,fzp,1.0,1867,1514,353,3300.4469444444526,1,1,0,1,1,0,21285,0
6011.0,fzp,1.0,1867,1513,354,3300.8673611111194,2,1,0,0,2,0,21288,0
6012.0,fzp,1.0,1863,1513,350,3301.287638888897,2,0,1,1,2,0,21290,0
6013.0,fzp,1.0,1861,1514,347,3301.708055555564,2,1,0,2,2,0,21293,0
6014.0,fzp,1.0,1859,1516,343,3302.128888888897,1,2,0,1,4,0,21296,0
6015.0,fzp,1.0,1856,1513,343,3302.5495833333416,3,2,0,1,1,0,21301,0
6016.0,fzp,1.0,1855,1512,343,3302.9697222222303,2,1,0,0,2,0,21304,0
6017.0,fzp,1.0,1853,1512,341,3303.3897222222304,2,1,0,1,2,0,21307,0
6018.0,fzp,1.0,1858,1516,342,3303.810277777786,0,0,0,1,3,0,21307,0
6019.0,fzp,1.0,1858,1516,342,3304.231388888897,1,0,0,0,1,0,21308,0
6020.0,fzp,1.0,1855,1514,341,3304.65222222223,2,1,0,1,0,0,21311,0
6021.0,fzp,1.0,1858,1515,343,3305.0729166666747,2,0,0,0,3,0,21313,0
6022.0,fzp,1.0,1857,1514,343,3305.493611111119,2,0,0,0,1,0,21315,0
6023.0,fzp,1.0,1855,1514,341,3305.9141666666746,1,0,0,0,1,0,21316,0
6024.0,fzp,1.0,1854,1515,339,3306.334861111119,1,1,0,2,1,0,21318,0
6025.0,fzp,1.0,1855,1517,338,3306.7559722222304,0,1,0,0,3,0,21319,0
6026.0,fzp,1.0,1858,1521,337,3307.1779166666747,0,0,0,0,4,0,21319,0
6027.0,fzp,1.0,1859,1522,337,3307.6005555555635,1,1,0,1,2,0,21321,0
6028.0,fzp,1.0,1860,1524,336,3308.023611111119,1,0,0,1,2,0,21322,0
6029.0,fzp,1.0,1860,1525,335,3308.447083333341,2,0,0,0,3,0,21324,0
6030.0,fzp,1.0,1854,1524,330,3308.8705555555634,1,1,0,1,0,0,21326,0
6031.0,fzp,1.0,1856,1526,330,3309.2941666666748,1,0,0,0,3,0,21327,0
6032.0,fzp,1.0,1854,1526,328,3309.7180555555638,1,1,0,0,2,0,21329,0
6033.0,fzp,1.0,1853,1524,329,3310.141666666675,2,2,0,0,2,0,21333,0
6034.0,fzp,1.0,1852,1523,329,3310.5648611111196,1,0,0,0,0,0,21334,0
6035.0,fzp,1.0,1854,1526,328,3310.988333333342,0,0,0,0,3,0,21334,0
6036.0,fzp,1.0,1853,1526,327,3311.412222222231,0,1,0,0,1,0,21335,0
6037.0,fzp,1.0,1852,1525,327,3311.835972222231,3,0,0,0,2,0,21338,0
6038.0,fzp,1.0,1852,1524,328,3312.259444444453,2,1,0,1,1,0,21341,0
6039.0,fzp,1.0,1854,1524,330,3312.682777777786,2,1,0,0,3,0,21344,0
6040.0,fzp,1.0,1853,1524,329,3313.1061111111194,2,1,0,1,2,0,21347,0
6041.0,fzp,1.0,1854,1526,328,3313.5297222222307,1,0,0,0,3,0,21348,0
6042.0,fzp,1.0,1849,1524,325,3313.953333333342,3,1,0,0,2,0,21352,0
6043.0,fzp,1.0,1848,1525,323,3314.3768055555643,2,0,0,2,1,0,21354,0
6044.0,fzp,1.0,1848,1525,323,3314.8004166666756,2,1,0,0,3,0,21357,0
6045.0,fzp,1.0,1850,1523,327,3315.2237500000087,4,1,0,1,2,0,21362,0
6046.0,fzp,1.0,1851,1524,327,3315.6469444444533,1,0,0,2,0,0,21363,0
6047.0,fzp,1.0,1851,1523,328,3316.070138888898,4,0,0,0,3,0,21367,0
6048.0,fzp,1.0,1851,1521,330,3316.4929166666757,4,0,0,2,0,0,21371,0
6049.0,fzp,1.0,1847,1519,328,3316.915138888898,3,1,1,0,3,0,21375,0
6050.0,fzp,1.0,1850,1517,333,3317.3368055555648,3,0,0,0,1,0,21378,0
6051.0,fzp,1.0,1851,1518,333,3317.7583333333423,4,0,0,1,4,0,21382,0
6052.0,fzp,1.0,1852,1519,333,3318.180138888898,2,2,0,1,4,0,21386,0
6053.0,fzp,1.0,1854,1517,337,3318.6018055555646,5,0,0,0,3,0,21391,0
6054.0,fzp,1.0,1852,1518,334,3319.023333333342,0,1,0,1,1,0,21392,0
6055.0,fzp,1.0,1851,1515,336,3319.444583333342,3,1,0,0,1,0,21396,0
6056.0,fzp,1.0,1848,1515,333,3319.865416666675,1,1,0,1,1,0,21398,0
6057.0,fzp,1.0,1851,1516,335,3320.2863888888974,2,0,0,1,2,0,21400,0
6058.0,fzp,1.0,1848,1516,332,3320.7075000000086,1,1,0,1,1,0,21402,0
6059.0,fzp,1.0,1851,1518,333,3321.1288888888976,3,1,0,1,5,0,21406,0
6060.0,fzp,1.0,1848,1520,328,3321.550833333342,0,1,0,2,1,0,21407,0
6061.0,fzp,1.0,1851,1523,328,3321.9734722222306,1,0,0,1,3,0,21408,0
6062.0,fzp,1.0,1848,1521,327,3322.3962500000084,1,1,0,0,0,0,21410,0
6063.0,fzp,1.0,1851,1521,330,3322.8187500000085,1,0,0,1,0,0,21411,0
6064.0,fzp,1.0,1855,1524,331,3323.2416666666754,2,0,0,1,4,0,21413,0
6065.0,fzp,1.0,1859,1524,335,3323.6650000000086,2,2,0,0,4,0,21417,0
6066.0,fzp,1.0,1858,1525,333,3324.088472222231,0,0,0,1,0,0,21417,0
6067.0,fzp,1.0,1859,1527,332,3324.51236111112,1,1,0,0,4,0,21419,0
6068.0,fzp,1.0,1861,1527,334,3324.9365277777865,0,1,0,0,1,0,21420,0
6069.0,fzp,1.0,1862,1528,334,3325.3608333333423,3,0,0,2,2,0,21423,0
6070.0,fzp,1.0,1864,1529,335,3325.7854166666757,1,0,0,0,2,0,21424,0
6071.0,fzp,1.0,1866,1533,333,3326.2106944444536,1,0,0,2,3,0,21425,0
6072.0,fzp,1.0,1867,1533,334,3326.636527777787,2,1,0,1,2,0,21428,0
6073.0,fzp,1.0,1872,1532,340,3327.0622222222314,4,1,0,1,3,0,21433,0
6074.0,fzp,1.0,1874,1532,342,3327.487777777787,2,0,0,1,1,0,21435,0
6075.0,fzp,1.0,1877,1538,339,3327.914166666676,0,0,0,1,5,0,21435,0
6076.0,fzp,1.0,1879,1537,342,3328.3412500000095,3,2,0,0,4,0,21440,0
6077.0,fzp,1.0,1881,1537,344,3328.768194444454,3,0,0,0,3,0,21443,0
6078.0,fzp,1.0,1887,1538,349,3329.1952777777874,3,0,0,0,4,0,21446,0
6079.0,fzp,1.0,1884,1535,349,3329.6220833333427,3,1,0,0,1,0,21450,0
6080.0,fzp,1.0,1886,1539,347,3330.049027777787,0,0,0,2,2,0,21450,0
6081.0,fzp,1.0,1886,1541,345,3330.476805555565,0,1,0,0,3,0,21451,0
6082.0,fzp,1.0,1885,1543,342,3330.9051388888984,0,1,0,2,1,0,21452,0
6083.0,fzp,1.0,1882,1543,339,3331.3337500000093,3,0,0,2,1,0,21455,0
6084.0,fzp,1.0,1887,1546,341,3331.762777777787,2,0,0,2,3,0,21457,0
6085.0,fzp,1.0,1886,1546,340,3332.1922222222315,4,0,0,2,2,0,21461,0
6086.0,fzp,1.0,1883,1549,334,3332.6220833333427,1,2,0,2,4,0,21464,0
6087.0,fzp,1.0,1885,1549,336,3333.0523611111207,1,1,0,0,2,0,21466,0
6088.0,fzp,1.0,1886,1550,336,3333.4827777777873,3,0,0,2,2,0,21469,0
6089.0,fzp,1.0,1884,1550,334,3333.913333333343,2,1,0,1,2,0,21472,0
6090.0,fzp,1.0,1881,1548,333,3334.343611111121,3,2,0,1,2,0,21477,0
6091.0,fzp,1.0,1876,1544,332,3334.7730555555654,5,1,0,1,1,0,21483,0
6092.0,fzp,1.0,1875,1538,337,3335.201111111121,5,2,0,0,1,0,21490,0
6093.0,fzp,1.0,1874,1535,339,3335.6279166666764,3,1,0,0,1,0,21494,0
6094.0,fzp,1.0,1870,1535,335,3336.0543055555654,1,2,0,2,1,0,21497,0
6095.0,fzp,1.0,1868,1531,337,3336.4801388888986,2,3,0,0,1,0,21502,0
6096.0,fzp,1.0,1864,1528,336,3336.9050000000097,2,2,0,1,0,0,21506,0
6097.0,fzp,1.0,1863,1529,334,3337.329583333343,2,0,0,2,1,0,21508,0
6098.0,fzp,1.0,1863,1529,334,3337.754305555565,2,0,0,0,2,0,21510,0
6099.0,fzp,1.0,1863,1528,335,3338.1788888888987,2,0,1,1,1,0,21512,0
6100.0,fzp,1.0,1864,1530,334,3338.6036111111207,0,0,0,0,2,0,21512,0
6101.0,fzp,1.0,1866,1533,333,3339.029027777787,1,0,0,0,4,0,21513,0
6102.0,fzp,1.0,1866,1532,334,3339.454722222232,1,1,0,0,1,0,21515,0
6103.0,fzp,1.0,1864,1532,332,3339.8802777777873,0,1,0,0,1,0,21516,0
6104.0,fzp,1.0,1861,1529,332,3340.305416666676,1,3,0,0,1,0,21520,0
6105.0,fzp,1.0,1864,1530,334,3340.7302777777873,3,2,0,1,5,0,21525,0
6106.0,fzp,1.0,1865,1533,332,3341.1556944444537,1,1,0,1,4,0,21527,0
6107.0,fzp,1.0,1861,1529,332,3341.5809722222316,1,3,0,0,0,0,21531,0
6108.0,fzp,1.0,1861,1527,334,3342.005416666676,1,4,0,0,3,0,21536,0
6109.0,fzp,1.0,1860,1526,334,3342.4294444444536,2,0,0,0,1,0,21538,0
6110.0,fzp,1.0,1860,1526,334,3342.8533333333426,0,2,0,0,2,0,21540,0
6111.0,fzp,1.0,1856,1526,330,3343.2772222222316,0,0,0,0,0,0,21540,0
6112.0,fzp,1.0,1856,1527,329,3343.701250000009,1,0,0,1,1,0,21541,0
6113.0,fzp,1.0,1858,1528,330,3344.125555555565,4,1,0,3,3,0,21546,0
6114.0,fzp,1.0,1858,1528,330,3344.5500000000093,2,2,0,1,3,0,21550,0
6115.0,fzp,1.0,1856,1526,330,3344.974166666676,1,3,0,2,0,0,21554,0
6116.0,fzp,1.0,1857,1523,334,3345.397638888898,3,3,0,1,2,0,21560,0
6117.0,fzp,1.0,1856,1526,330,3345.8211111111204,2,1,0,4,2,0,21563,0
6118.0,fzp,1.0,1855,1526,329,3346.2450000000094,1,1,0,1,1,0,21565,0
6119.0,fzp,1.0,1853,1525,328,3346.6687500000094,3,0,0,0,2,0,21568,0
6120.0,fzp,1.0,1851,1524,327,3347.0922222222316,0,4,0,1,2,0,21572,0
6121.0,fzp,1.0,1853,1526,327,3347.515833333343,0,0,0,0,2,0,21572,0
6122.0,fzp,1.0,1852,1526,326,3347.939722222232,0,1,0,0,1,0,21573,0
6123.0,fzp,1.0,1851,1526,325,3348.363611111121,1,1,0,2,0,0,21575,0
6124.0,fzp,1.0,1851,1526,325,3348.78750000001,2,1,0,0,3,0,21578,0
6125.0,fzp,1.0,1853,1529,324,3349.2118055555657,3,0,0,2,4,0,21581,0
6126.0,fzp,1.0,1852,1524,328,3349.6358333333433,2,3,0,0,0,0,21586,0
6127.0,fzp,1.0,1850,1522,328,3350.0588888888988,3,2,0,1,2,0,21591,0
6128.0,fzp,1.0,1848,1522,326,3350.4816666666766,2,1,0,0,3,0,21594,0
6129.0,fzp,1.0,1853,1526,327,3350.9050000000097,2,0,0,2,4,0,21596,0
6130.0,fzp,1.0,1854,1522,332,3351.328333333343,5,0,0,0,1,0,21601,0
6131.0,fzp,1.0,1855,1523,332,3351.75125000001,2,0,0,1,2,0,21603,0
6132.0,fzp,1.0,1850,1519,331,3352.17375000001,2,2,0,0,0,0,21607,0
6133.0,fzp,1.0,1844,1513,331,3352.594861111121,4,4,0,1,1,0,21615,0
6134.0,fzp,1.0,1842,1512,330,3353.01500000001,2,0,0,0,1,0,21617,0
6135.0,fzp,1.0,1838,1508,330,3353.434444444454,5,1,0,1,1,0,21623,0
6136.0,fzp,1.0,1837,1501,336,3353.852361111121,6,3,0,0,2,0,21632,0
6137.0,fzp,1.0,1837,1494,343,3354.268333333343,4,4,0,0,1,0,21640,0
6138.0,fzp,1.0,1835,1492,343,3354.6830555555653,3,2,0,1,2,0,21645,0
6139.0,fzp,1.0,1834,1489,345,3355.097083333343,3,1,0,0,1,0,21649,0
6140.0,fzp,1.0,1834,1486,348,3355.5102777777875,7,0,0,3,1,0,21656,0
6141.0,fzp,1.0,1837,1487,350,3355.923194444454,2,0,0,0,3,0,21658,0
6142.0,fzp,1.0,1834,1487,347,3356.33625000001,3,1,0,3,1,0,21662,0
6143.0,fzp,1.0,1835,1484,351,3356.748888888899,4,0,1,0,2,0,21666,0
6144.0,fzp,1.0,1834,1483,351,3357.160972222232,5,1,0,4,1,0,21672,0
6145.0,fzp,1.0,1833,1481,352,3357.572638888899,1,1,1,0,1,0,21674,0
6146.0,fzp,1.0,1829,1483,346,3357.9843055555657,1,0,0,2,1,0,21675,0
6147.0,fzp,1.0,1824,1481,343,3358.3959722222326,2,1,0,0,1,0,21678,0
6148.0,fzp,1.0,1824,1485,339,3358.807916666677,1,0,1,2,4,0,21679,0
6149.0,fzp,1.0,1821,1482,339,3359.2200000000103,3,1,0,1,0,0,21683,0
6150.0,fzp,1.0,1819,1481,338,3359.631527777788,2,1,0,0,2,0,21686,0
6151.0,fzp,1.0,1820,1481,339,3360.042916666677,2,2,0,1,3,0,21690,0
6152.0,fzp,1.0,1819,1475,344,3360.4534722222324,7,2,1,2,2,0,21699,0
6153.0,fzp,1.0,1822,1479,343,3360.8637500000104,1,0,0,2,3,0,21700,0
6154.0,fzp,1.0,1820,1478,342,3361.2744444444547,4,0,0,2,1,0,21704,0
6155.0,fzp,1.0,1815,1474,341,3361.6844444444546,1,3,0,0,0,0,21708,0
6156.0,fzp,1.0,1816,1470,346,3362.0933333333433,6,0,0,0,2,0,21714,0
6157.0,fzp,1.0,1812,1469,343,3362.5015277777875,3,0,1,2,1,0,21717,0
6158.0,fzp,1.0,1808,1468,340,3362.909444444454,2,1,0,0,2,0,21720,0
6159.0,fzp,1.0,1806,1466,340,3363.316944444454,3,3,1,1,4,0,21726,0
6160.0,fzp,1.0,1804,1464,340,3363.7238888888983,3,2,0,2,1,0,21731,0
6161.0,fzp,1.0,1800,1464,336,3364.130555555565,1,1,0,1,1,0,21733,0
6162.0,fzp,1.0,1803,1468,335,3364.537777777787,0,0,0,1,3,0,21733,0
6163.0,fzp,1.0,1802,1468,334,3364.945555555565,2,1,0,1,2,0,21736,0
6164.0,fzp,1.0,1802,1467,335,3365.353194444454,2,0,0,0,1,0,21738,0
6165.0,fzp,1.0,1805,1471,334,3365.7612500000096,1,1,0,2,4,0,21740,0
6166.0,fzp,1.0,1805,1469,336,3366.169583333343,4,1,0,1,2,0,21745,0
6167.0,fzp,1.0,1805,1468,337,3366.5775000000094,2,1,0,0,2,0,21748,0
6168.0,fzp,1.0,1801,1468,333,3366.9852777777874,1,1,0,1,1,0,21750,0
6169.0,fzp,1.0,1804,1471,333,3367.3934722222316,3,1,0,1,6,0,21754,0
6170.0,fzp,1.0,1804,1470,334,3367.801944444454,2,1,0,0,2,0,21757,0
6171.0,fzp,1.0,1801,1469,332,3368.210138888898,1,2,0,0,2,0,21760,0
6172.0,fzp,1.0,1802,1470,332,3368.6183333333424,2,2,0,2,3,0,21764,0
6173.0,fzp,1.0,1804,1471,333,3369.026805555565,2,0,0,1,2,0,21766,0
6174.0,fzp,1.0,1803,1469,334,3369.435138888898,2,2,0,0,2,0,21770,0
6175.0,fzp,1.0,1803,1465,338,3369.842638888898,4,2,0,0,2,0,21776,0
6176.0,fzp,1.0,1803,1468,335,3370.250000000009,0,0,0,0,3,0,21776,0
6177.0,fzp,1.0,1803,1468,335,3370.657777777787,1,1,0,0,2,0,21778,0
6178.0,fzp,1.0,1801,1468,333,3371.065555555565,1,1,0,1,1,0,21780,0
6179.0,fzp,1.0,1798,1470,328,3371.4736111111206,0,1,0,2,1,0,21781,0
6180.0,fzp,1.0,1795,1470,325,3371.881944444454,0,1,0,0,1,0,21782,0
6181.0,fzp,1.0,1798,1469,329,3372.290138888898,3,0,0,0,2,0,21785,0
6182.0,fzp,1.0,1796,1470,326,3372.6983333333424,1,1,0,0,3,0,21787,0
6183.0,fzp,1.0,1794,1467,327,3373.106250000009,2,3,0,1,1,0,21792,0
6184.0,fzp,1.0,1792,1465,327,3373.513472222231,2,2,0,0,2,0,21796,0
6185.0,fzp,1.0,1793,1467,326,3373.920694444453,1,0,0,0,3,0,21797,0
6186.0,fzp,1.0,1792,1470,322,3374.3286111111197,0,2,0,1,4,0,21799,0
6187.0,fzp,1.0,1793,1469,324,3374.736805555564,1,0,0,0,0,0,21800,0
6188.0,fzp,1.0,1793,1469,324,3375.1448611111196,2,0,0,0,2,0,21802,0
6189.0,fzp,1.0,1789,1467,322,3375.5526388888975,3,2,0,1,2,0,21807,0
6190.0,fzp,1.0,1783,1467,316,3375.9601388888973,2,1,0,3,0,0,21810,0
6191.0,fzp,1.0,1780,1465,315,3376.3673611111194,2,2,0,0,2,0,21814,0
6192.0,fzp,1.0,1784,1468,316,3376.7747222222306,1,0,0,2,2,0,21815,0
6193.0,fzp,1.0,1784,1467,317,3377.1823611111195,2,0,0,0,1,0,21817,0
6194.0,fzp,1.0,1785,1465,320,3377.5895833333416,4,0,0,0,2,0,21821,0
6195.0,fzp,1.0,1784,1465,319,3377.996527777786,2,0,1,3,0,0,21823,0
6196.0,fzp,1.0,1784,1464,320,3378.4033333333414,4,1,0,3,1,0,21828,0
6197.0,fzp,1.0,1784,1462,322,3378.8097222222304,5,0,0,0,3,0,21833,0
6198.0,fzp,1.0,1785,1460,325,3379.2155555555637,4,1,0,1,2,0,21838,0
6199.0,fzp,1.0,1786,1459,327,3379.62097222223,3,1,0,1,2,0,21842,0
6200.0,fzp,1.0,1786,1458,328,3380.026111111119,2,1,0,1,1,0,21845,0
6201.0,fzp,1.0,1792,1462,330,3380.4316666666746,1,0,0,1,4,0,21846,0
6202.0,fzp,1.0,1790,1464,326,3380.8380555555636,1,0,0,1,2,0,21847,0
6203.0,fzp,1.0,1786,1461,325,3381.2443055555636,3,1,0,1,0,0,21851,0
6204.0,fzp,1.0,1788,1461,327,3381.650138888897,2,1,0,0,3,0,21854,0
6205.0,fzp,1.0,1783,1460,323,3382.0558333333415,2,0,0,0,1,0,21856,0
6206.0,fzp,1.0,1786,1460,326,3382.461388888897,1,1,0,0,2,0,21858,0
6207.0,fzp,1.0,1784,1460,324,3382.8669444444527,1,1,0,0,2,0,21860,0
6208.0,fzp,1.0,1782,1460,322,3383.272500000008,1,0,0,0,1,0,21861,0
6209.0,fzp,1.0,1778,1460,318,3383.678055555564,1,2,0,1,2,0,21864,0
6210.0,fzp,1.0,1776,1460,316,3384.0836111111194,0,1,0,0,1,0,21865,0
6211.0,fzp,1.0,1772,1460,312,3384.489166666675,2,1,0,2,1,0,21868,0
6212.0,fzp,1.0,1770,1460,310,3384.8947222222305,0,2,0,0,2,0,21870,0
6213.0,fzp,1.0,1764,1453,311,3385.299305555564,3,4,0,0,0,0,21877,0
6214.0,fzp,1.0,1762,1453,309,3385.7029166666753,0,2,0,1,1,0,21879,0
6215.0,fzp,1.0,1759,1452,307,3386.1063888888975,1,2,0,0,2,0,21882,0
6216.0,fzp,1.0,1760,1453,307,3386.50986111112,1,1,0,1,2,0,21884,0
6217.0,fzp,1.0,1760,1453,307,3386.913472222231,1,0,0,0,1,0,21885,0
6218.0,fzp,1.0,1761,1455,306,3387.31736111112,0,2,0,1,3,0,21887,0
6219.0,fzp,1.0,1762,1453,309,3387.721250000009,6,1,0,3,2,0,21894,0
6220.0,fzp,1.0,1765,1456,309,3388.125277777787,0,1,0,0,4,0,21895,0
6221.0,fzp,1.0,1764,1457,307,3388.52986111112,1,1,0,1,2,0,21897,0
6222.0,fzp,1.0,1766,1456,310,3388.9344444444537,3,1,0,1,2,0,21901,0
6223.0,fzp,1.0,1764,1456,308,3389.338888888898,0,1,0,0,1,0,21902,0
6224.0,fzp,1.0,1764,1458,306,3389.74361111112,1,0,0,2,1,0,21903,0
6225.0,fzp,1.0,1762,1459,303,3390.148750000009,0,1,0,0,2,0,21904,0
6226.0,fzp,1.0,1760,1459,301,3390.554027777787,0,3,0,0,3,0,21907,0
6227.0,fzp,1.0,1758,1458,300,3390.9591666666756,0,1,0,0,0,0,21908,0
6228.0,fzp,1.0,1761,1463,298,3391.3648611111203,1,0,0,0,6,0,21909,0
6229.0,fzp,1.0,1763,1464,299,3391.771388888898,1,1,0,0,3,0,21911,0
6230.0,fzp,1.0,1760,1465,295,3392.1781944444533,1,2,0,3,1,0,21914,0
6231.0,fzp,1.0,1763,1468,295,3392.5855555555645,0,1,0,0,4,0,21915,0
6232.0,fzp,1.0,1760,1462,298,3392.992500000009,6,1,0,0,1,0,21922,0
6233.0,fzp,1.0,1759,1463,296,3393.398750000009,2,0,0,2,1,0,21924,0
6234.0,fzp,1.0,1760,1461,299,3393.80486111112,3,0,0,0,1,0,21927,0
6235.0,fzp,1.0,1759,1462,297,3394.210833333342,1,1,0,0,3,0,21929,0
6236.0,fzp,1.0,1760,1463,297,3394.617083333342,3,1,0,1,4,0,21933,0
6237.0,fzp,1.0,1761,1464,297,3395.02361111112,2,0,0,1,2,0,21935,0
6238.0,fzp,1.0,1761,1461,300,3395.42986111112,4,0,0,0,1,0,21939,0
6239.0,fzp,1.0,1757,1458,299,3395.8352777777864,2,2,0,1,0,0,21943,0
6240.0,fzp,1.0,1753,1455,298,3396.23986111112,3,1,0,0,1,0,21947,0
6241.0,fzp,1.0,1754,1456,298,3396.6441666666756,2,0,0,2,1,0,21949,0
6242.0,fzp,1.0,1753,1455,298,3397.0484722222313,2,1,0,1,1,0,21952,0
6243.0,fzp,1.0,1753,1456,297,3397.452777777787,1,0,0,0,2,0,21953,0
6244.0,fzp,1.0,1753,1456,297,3397.8572222222315,1,0,1,0,2,0,21954,0
6245.0,fzp,1.0,1753,1453,300,3398.261250000009,3,1,0,0,1,0,21958,0
6246.0,fzp,1.0,1749,1452,297,3398.6647222222314,0,1,0,0,0,0,21959,0
6247.0,fzp,1.0,1747,1456,291,3399.0686111111204,0,0,0,2,2,0,21959,0
6248.0,fzp,1.0,1746,1456,290,3399.4730555555648,2,1,0,0,3,0,21962,0
6249.0,fzp,1.0,1747,1457,290,3399.877638888898,0,1,0,1,1,0,21963,0
6250.0,fzp,1.0,1748,1461,287,3400.282916666676,0,0,0,0,4,0,21963,0
6251.0,fzp,1.0,1747,1459,288,3400.6884722222317,2,1,0,0,1,0,21966,0
6252.0,fzp,1.0,1747,1459,288,3401.0937500000095,0,0,0,0,0,0,21966,0
6253.0,fzp,1.0,1747,1461,286,3401.499305555565,0,0,0,1,1,0,21966,0
6254.0,fzp,1.0,1751,1464,287,3401.905555555565,1,1,0,1,4,0,21968,0
6255.0,fzp,1.0,1755,1467,288,3402.3126388888986,1,0,0,1,3,0,21969,0
6256.0,fzp,1.0,1756,1466,290,3402.72000000001,1,1,0,0,1,0,21971,0
6257.0,fzp,1.0,1755,1465,290,3403.1270833333433,0,2,0,0,1,0,21973,0
6258.0,fzp,1.0,1756,1464,292,3403.5338888888987,2,0,0,0,1,0,21975,0
6259.0,fzp,1.0,1760,1465,295,3403.940694444454,2,1,0,0,4,0,21978,0
6260.0,fzp,1.0,1758,1464,294,3404.3475000000094,0,2,1,0,2,0,21980,0
6261.0,fzp,1.0,1754,1461,293,3404.7537500000094,1,2,0,0,0,0,21983,0
6262.0,fzp,1.0,1753,1460,293,3405.159444444454,2,0,0,0,1,0,21985,0
6263.0,fzp,1.0,1753,1463,290,3405.5654166666764,3,1,0,5,2,0,21989,0
6264.0,fzp,1.0,1751,1464,287,3405.971944444454,0,0,0,0,1,0,21989,0
6265.0,fzp,1.0,1755,1469,286,3406.379305555565,1,0,0,2,4,0,21990,0
6266.0,fzp,1.0,1753,1468,285,3406.787222222232,3,3,0,4,1,0,21996,0
6267.0,fzp,1.0,1749,1468,281,3407.1950000000097,1,1,0,2,0,0,21998,0
6268.0,fzp,1.0,1747,1465,282,3407.602361111121,4,0,0,0,1,0,22002,0
6269.0,fzp,1.0,1748,1463,285,3408.0090277777877,2,1,0,1,0,0,22005,0
6270.0,fzp,1.0,1743,1457,286,3408.414583333343,3,3,0,0,0,0,22011,0
6271.0,fzp,1.0,1745,1458,287,3408.8194444444543,2,0,0,1,2,0,22013,0
6272.0,fzp,1.0,1744,1455,289,3409.224027777788,3,0,0,0,0,0,22016,0
6273.0,fzp,1.0,1743,1454,289,3409.6280555555654,1,2,0,0,2,0,22019,0
6274.0,fzp,1.0,1743,1453,290,3410.0318055555654,3,0,0,2,0,0,22022,0
6275.0,fzp,1.0,1742,1451,291,3410.4351388888986,3,1,0,1,1,0,22026,0
6276.0,fzp,1.0,1741,1452,289,3410.838333333343,0,1,0,0,2,0,22027,0
6277.0,fzp,1.0,1743,1446,297,3411.2408333333433,5,3,0,0,2,0,22035,0
6278.0,fzp,1.0,1744,1446,298,3411.64250000001,1,1,0,0,2,0,22037,0
6279.0,fzp,1.0,1746,1445,301,3412.0440277777875,2,3,0,1,3,0,22042,0
6280.0,fzp,1.0,1747,1447,300,3412.445694444454,0,1,0,0,3,0,22043,0
6281.0,fzp,1.0,1747,1445,302,3412.847361111121,3,3,0,1,3,0,22049,0
6282.0,fzp,1.0,1745,1442,303,3413.248333333343,3,0,0,0,0,0,22052,0
6283.0,fzp,1.0,1747,1442,305,3413.6488888888985,2,1,0,0,3,0,22055,0
6284.0,fzp,1.0,1743,1436,307,3414.048611111121,4,3,0,1,0,0,22062,0
6285.0,fzp,1.0,1746,1434,312,3414.447222222232,2,1,0,0,1,0,22065,0
6286.0,fzp,1.0,1748,1432,316,3414.8452777777875,3,0,0,0,1,0,22068,0
6287.0,fzp,1.0,1748,1429,319,3415.2426388888985,6,1,0,0,4,0,22075,0
6288.0,fzp,1.0,1748,1429,319,3415.639583333343,1,0,0,0,1,0,22076,0
6289.0,fzp,1.0,1742,1422,320,3416.035555555565,5,2,0,0,0,0,22083,0
6290.0,fzp,1.0,1744,1421,323,3416.430416666676,8,0,0,4,3,0,22091,0
6291.0,fzp,1.0,1743,1420,323,3416.8250000000094,1,2,0,0,2,0,22094,0
6292.0,fzp,1.0,1745,1419,326,3417.219305555565,6,0,0,4,1,0,22100,0
6293.0,fzp,1.0,1743,1419,324,3417.6134722222314,1,3,0,1,3,0,22104,0
6294.0,fzp,1.0,1737,1416,321,3418.0072222222316,3,3,1,3,1,0,22110,0
6295.0,fzp,1.0,1735,1414,321,3418.4002777777873,3,3,0,2,2,0,22116,0
6296.0,fzp,1.0,1737,1413,324,3418.7929166666763,3,1,0,0,3,0,22120,0
6297.0,fzp,1.0,1730,1409,321,3419.184861111121,3,4,1,2,2,0,22127,0
6298.0,fzp,1.0,1735,1413,322,3419.5768055555654,1,0,0,2,3,0,22128,0
6299.0,fzp,1.0,1733,1411,322,3419.9690277777877,3,0,0,0,1,0,22131,0
6300.0,fzp,1.0,1734,1411,323,3420.3609722222322,2,0,0,0,2,0,22133,0
6301.0,fzp,1.0,1734,1412,322,3420.7530555555654,0,0,0,0,1,0,22133,0
6302.0,fzp,1.0,1729,1412,317,3421.1452777777877,4,2,0,4,2,0,22139,0
6303.0,fzp,1.0,1727,1412,315,3421.53750000001,2,2,0,2,2,0,22143,0
6304.0,fzp,1.0,1729,1416,313,3421.9302777777875,1,1,0,2,4,0,22145,0
6305.0,fzp,1.0,1730,1417,313,3422.3237500000096,3,1,0,2,3,0,22149,0
6306.0,fzp,1.0,1733,1421,312,3422.717916666676,1,0,0,1,4,0,22150,0
6307.0,fzp,1.0,1731,1420,311,3423.1125000000093,3,0,0,1,1,0,22153,0
6308.0,fzp,1.0,1730,1416,314,3423.506388888898,4,1,0,0,1,0,22158,0
6309.0,fzp,1.0,1722,1410,312,3423.898888888898,4,3,0,1,0,0,22165,0
6310.0,fzp,1.0,1721,1407,314,3424.290138888898,1,2,1,0,1,0,22168,0
6311.0,fzp,1.0,1726,1407,319,3424.6809722222315,3,1,0,0,4,0,22172,0
6312.0,fzp,1.0,1721,1405,316,3425.071527777787,3,0,0,0,1,0,22175,0
6313.0,fzp,1.0,1721,1406,315,3425.461944444454,2,0,0,1,2,0,22177,0
6314.0,fzp,1.0,1720,1405,315,3425.8523611111204,3,0,1,0,3,0,22180,0
6315.0,fzp,1.0,1720,1406,314,3426.242777777787,1,0,0,1,1,0,22181,0
6316.0,fzp,1.0,1717,1399,318,3426.63236111112,8,0,0,0,1,0,22189,0
6317.0,fzp,1.0,1716,1398,318,3427.0208333333426,2,2,0,1,2,0,22193,0
6318.0,fzp,1.0,1721,1401,320,3427.4095833333427,4,0,0,0,7,0,22197,0
6319.0,fzp,1.0,1722,1403,319,3427.799027777787,0,1,0,0,3,0,22198,0
6320.0,fzp,1.0,1720,1403,317,3428.1887500000093,1,0,0,0,1,0,22199,0
6321.0,fzp,1.0,1718,1406,312,3428.5788888888983,0,1,0,2,2,0,22200,0
6322.0,fzp,1.0,1719,1402,317,3428.968888888898,3,1,0,0,0,0,22204,0
6323.0,fzp,1.0,1718,1403,315,3429.3584722222313,1,0,0,0,2,0,22205,0
6324.0,fzp,1.0,1716,1402,314,3429.7480555555644,2,0,0,0,1,0,22207,0
6325.0,fzp,1.0,1717,1401,316,3430.13736111112,1,2,0,0,2,0,22210,0
6326.0,fzp,1.0,1717,1402,315,3430.5266666666753,0,0,0,0,1,0,22210,0
6327.0,fzp,1.0,1717,1406,311,3430.916666666675,1,1,0,1,5,0,22212,0
6328.0,fzp,1.0,1717,1407,310,3431.3073611111195,1,0,0,0,2,0,22213,0
6329.0,fzp,1.0,1721,1408,313,3431.698333333342,2,0,0,1,2,0,22215,0
6330.0,fzp,1.0,1721,1407,314,3432.0893055555644,2,1,0,0,2,0,22218,0
6331.0,fzp,1.0,1724,1407,317,3432.4801388888977,3,0,0,0,3,0,22221,0
6332.0,fzp,1.0,1727,1410,317,3432.871388888898,1,1,0,2,3,0,22223,0
6333.0,fzp,1.0,1723,1407,316,3433.262638888898,4,0,0,0,1,0,22227,0
6334.0,fzp,1.0,1722,1405,317,3433.6531944444537,3,0,0,0,1,0,22230,0
6335.0,fzp,1.0,1719,1402,317,3434.043055555565,3,1,0,0,1,0,22234,0
6336.0,fzp,1.0,1718,1399,319,3434.4320833333427,2,3,0,1,1,0,22239,0
6337.0,fzp,1.0,1715,1399,316,3434.8206944444537,1,2,0,2,1,0,22242,0
6338.0,fzp,1.0,1716,1398,318,3435.209166666676,2,0,0,0,1,0,22244,0
6339.0,fzp,1.0,1717,1398,319,3435.5975000000094,1,0,0,0,1,0,22245,0
6340.0,fzp,1.0,1719,1399,320,3435.985972222232,1,0,0,0,2,0,22246,0
6341.0,fzp,1.0,1718,1400,318,3436.374722222232,0,1,0,0,2,0,22247,0
6342.0,fzp,1.0,1718,1398,320,3436.763333333343,2,1,1,0,2,0,22250,0
6343.0,fzp,1.0,1718,1397,321,3437.151527777787,1,3,0,1,2,0,22254,0
6344.0,fzp,1.0,1715,1396,319,3437.5394444444537,1,1,0,1,0,0,22256,0
6345.0,fzp,1.0,1713,1396,317,3437.9272222222316,1,2,0,2,1,0,22259,0
6346.0,fzp,1.0,1714,1399,315,3438.315416666676,3,0,0,1,5,0,22262,0
6347.0,fzp,1.0,1716,1398,318,3438.7038888888983,5,0,0,0,4,0,22267,0
6348.0,fzp,1.0,1712,1394,318,3439.0916666666762,4,1,1,0,2,0,22272,0
6349.0,fzp,1.0,1708,1394,314,3439.4788888888984,1,0,0,1,0,0,22273,0
6350.0,fzp,1.0,1705,1389,316,3439.865416666676,5,0,0,0,0,0,22278,0
6351.0,fzp,1.0,1700,1386,314,3440.2508333333426,2,2,0,0,1,0,22282,0
6352.0,fzp,1.0,1699,1384,315,3440.6355555555647,1,2,0,0,1,0,22285,0
6353.0,fzp,1.0,1697,1381,316,3441.0195833333423,2,1,0,0,0,0,22288,0
6354.0,fzp,1.0,1695,1380,315,3441.4030555555646,1,1,0,0,1,0,22290,0
6355.0,fzp,1.0,1693,1377,316,3441.785972222231,3,1,0,0,1,0,22294,0
6356.0,fzp,1.0,1693,1377,316,3442.1684722222312,0,3,0,0,3,0,22297,0
6357.0,fzp,1.0,1696,1379,317,3442.551250000009,1,0,0,1,2,0,22298,0
6358.0,fzp,1.0,1696,1378,318,3442.9341666666755,2,1,0,0,2,0,22301,0
6359.0,fzp,1.0,1695,1382,313,3443.3175000000087,0,0,0,2,2,0,22301,0
6360.0,fzp,1.0,1698,1387,311,3443.702083333342,0,2,0,1,6,0,22303,0
6361.0,fzp,1.0,1699,1389,310,3444.087638888898,0,0,0,1,1,0,22303,0
6362.0,fzp,1.0,1699,1387,312,3444.4731944444534,2,1,0,1,0,0,22306,0
6363.0,fzp,1.0,1702,1391,311,3444.8590277777867,1,1,0,1,5,0,22308,0
6364.0,fzp,1.0,1705,1392,313,3445.2455555555644,1,0,0,0,2,0,22309,0
6365.0,fzp,1.0,1705,1391,314,3445.632083333342,2,0,0,0,1,0,22311,0
6366.0,fzp,1.0,1708,1393,315,3446.018750000009,1,0,0,0,3,0,22312,0
6367.0,fzp,1.0,1705,1393,312,3446.4056944444533,0,1,0,0,1,0,22313,0
6368.0,fzp,1.0,1704,1392,312,3446.7925000000087,1,2,0,0,2,0,22316,0
6369.0,fzp,1.0,1705,1392,313,3447.1791666666754,5,0,0,3,2,0,22321,0
6370.0,fzp,1.0,1708,1393,315,3447.565972222231,2,1,0,1,3,0,22324,0
6371.0,fzp,1.0,1706,1390,316,3447.9525000000085,4,1,0,2,0,0,22329,0
6372.0,fzp,1.0,1705,1387,318,3448.338194444453,4,3,0,1,3,0,22336,0
6373.0,fzp,1.0,1701,1381,320,3448.7226388888976,3,4,0,0,1,0,22343,0
6374.0,fzp,1.0,1701,1379,322,3449.105972222231,2,2,0,1,1,0,22347,0
6375.0,fzp,1.0,1701,1375,326,3449.488472222231,4,1,0,0,1,0,22352,0
6376.0,fzp,1.0,1697,1373,324,3449.8701388888976,2,1,0,0,1,0,22355,0
6377.0,fzp,1.0,1698,1373,325,3450.2515277777866,3,1,0,2,2,0,22359,0
6378.0,fzp,1.0,1699,1374,325,3450.633055555564,0,0,0,0,1,0,22359,0
6379.0,fzp,1.0,1700,1375,325,3451.01486111112,2,1,0,1,3,0,22362,0
6380.0,fzp,1.0,1702,1375,327,3451.3968055555642,4,0,0,2,2,0,22366,0
6381.0,fzp,1.0,1703,1377,326,3451.7790277777863,0,0,0,0,2,0,22366,0
6382.0,fzp,1.0,1702,1373,329,3452.1609722222306,4,2,0,1,1,0,22372,0
6383.0,fzp,1.0,1703,1376,327,3452.5427777777863,1,0,0,1,3,0,22373,0
6384.0,fzp,1.0,1702,1373,329,3452.924583333342,3,1,0,0,1,0,22377,0
6385.0,fzp,1.0,1697,1372,325,3453.305833333342,1,1,0,1,0,0,22379,0
6386.0,fzp,1.0,1699,1373,326,3453.687083333342,2,1,0,1,3,0,22382,0
6387.0,fzp,1.0,1701,1376,325,3454.0688888888976,0,0,0,1,2,0,22382,0
6388.0,fzp,1.0,1704,1377,327,3454.4512500000087,3,2,0,1,5,0,22387,0
6389.0,fzp,1.0,1705,1378,327,3454.8338888888975,1,0,0,0,2,0,22388,0
6390.0,fzp,1.0,1710,1380,330,3455.216944444453,4,0,0,1,5,0,22392,0
6391.0,fzp,1.0,1711,1379,332,3455.6001388888976,3,1,0,0,3,0,22396,0
6392.0,fzp,1.0,1710,1377,333,3455.9829166666755,4,0,0,2,0,0,22400,0
6393.0,fzp,1.0,1710,1375,335,3456.3651388888975,5,0,0,1,2,0,22405,0
6394.0,fzp,1.0,1711,1371,340,3456.7465277777865,5,0,0,0,1,0,22410,0
6395.0,fzp,1.0,1712,1373,339,3457.1276388888978,0,0,0,1,1,0,22410,0
6396.0,fzp,1.0,1713,1371,342,3457.508750000009,3,0,0,0,1,0,22413,0
6397.0,fzp,1.0,1719,1377,342,3457.8904166666757,1,0,0,2,5,0,22414,0
6398.0,fzp,1.0,1718,1376,342,3458.272777777787,1,3,0,0,3,0,22418,0
6399.0,fzp,1.0,1719,1373,346,3458.6545833333425,3,0,1,0,1,0,22421,0
6400.0,fzp,1.0,1713,1373,340,3459.0359722222315,2,1,0,2,1,0,22424,0
6401.0,fzp,1.0,1709,1367,342,3459.416527777787,2,4,0,0,0,0,22430,0
6402.0,fzp,1.0,1704,1363,341,3459.7956944444536,1,4,0,0,1,0,22435,0
6403.0,fzp,1.0,1702,1360,342,3460.173888888898,2,2,0,0,1,0,22439,0
6404.0,fzp,1.0,1701,1359,342,3460.5515277777868,3,1,0,0,3,0,22443,0
6405.0,fzp,1.0,1700,1361,339,3460.9293055555645,1,1,0,1,3,0,22445,0
6406.0,fzp,1.0,1694,1358,336,3461.306944444453,1,3,0,0,1,0,22449,0
6407.0,fzp,1.0,1694,1358,336,3461.6841666666755,1,1,0,0,2,0,22451,0
6408.0,fzp,1.0,1690,1354,336,3462.060833333342,0,5,0,0,1,0,22456,0
6409.0,fzp,1.0,1685,1351,334,3462.4365277777865,1,2,0,0,0,0,22459,0
6410.0,fzp,1.0,1679,1344,335,3462.810833333342,4,3,0,0,0,0,22466,0
6411.0,fzp,1.0,1677,1342,335,3463.183888888898,3,1,0,0,2,0,22470,0
6412.0,fzp,1.0,1676,1343,333,3463.5568055555646,1,1,0,0,3,0,22472,0
6413.0,fzp,1.0,1673,1343,330,3463.9298611111203,5,1,0,5,1,0,22478,0
6414.0,fzp,1.0,1674,1345,329,3464.3031944444538,3,0,0,1,4,0,22481,0
6415.0,fzp,1.0,1671,1341,330,3464.6762500000095,2,3,0,0,1,0,22486,0
6416.0,fzp,1.0,1673,1345,328,3465.0493055555653,3,1,0,3,5,0,22490,0
6417.0,fzp,1.0,1675,1341,334,3465.422361111121,7,0,0,1,2,0,22497,0
6418.0,fzp,1.0,1676,1339,337,3465.7945833333433,6,1,0,1,4,0,22504,0
6419.0,fzp,1.0,1673,1338,335,3466.166388888899,2,2,0,2,1,0,22508,0
6420.0,fzp,1.0,1674,1336,338,3466.5377777777876,5,0,0,1,2,0,22513,0
6421.0,fzp,1.0,1676,1339,337,3466.9093055555654,0,0,0,0,3,0,22513,0
6422.0,fzp,1.0,1674,1338,336,3467.281111111121,3,0,0,1,1,0,22516,0
6423.0,fzp,1.0,1671,1336,335,3467.6525000000097,1,2,0,0,1,0,22519,0
6424.0,fzp,1.0,1667,1333,334,3468.023194444454,0,4,0,0,1,0,22523,0
6425.0,fzp,1.0,1665,1331,334,3468.393194444454,2,2,0,0,2,0,22527,0
6426.0,fzp,1.0,1668,1331,337,3468.762916666676,2,0,0,0,2,0,22529,0
6427.0,fzp,1.0,1666,1332,334,3469.1327777777874,1,1,0,1,2,0,22531,0
6428.0,fzp,1.0,1666,1331,335,3469.5026388888987,6,0,0,1,4,0,22537,0
6429.0,fzp,1.0,1668,1332,336,3469.87250000001,1,1,0,1,2,0,22539,0
6430.0,fzp,1.0,1669,1328,341,3470.2419444444545,5,1,0,0,2,0,22545,0
6431.0,fzp,1.0,1673,1330,343,3470.6111111111213,2,1,0,1,4,0,22548,0
6432.0,fzp,1.0,1673,1326,347,3470.98000000001,5,0,0,0,1,0,22553,0
6433.0,fzp,1.0,1673,1326,347,3471.3483333333434,3,0,0,2,1,0,22556,0
6434.0,fzp,1.0,1672,1323,349,3471.71625000001,1,2,0,0,0,0,22559,0
6435.0,fzp,1.0,1674,1319,355,3472.0831944444544,3,2,0,0,1,0,22564,0
6436.0,fzp,1.0,1674,1319,355,3472.4495833333435,1,0,0,0,1,0,22565,0
6437.0,fzp,1.0,1676,1320,356,3472.8161111111212,2,0,0,1,2,0,22567,0
6438.0,fzp,1.0,1675,1318,357,3473.1825000000104,3,1,0,2,0,0,22571,0
6439.0,fzp,1.0,1674,1313,361,3473.547916666677,7,1,0,0,3,0,22579,0
6440.0,fzp,1.0,1673,1313,360,3473.912638888899,3,2,0,4,1,0,22584,0
6441.0,fzp,1.0,1674,1310,364,3474.2769444444543,5,1,0,0,3,0,22590,0
6442.0,fzp,1.0,1673,1310,363,3474.6408333333434,3,1,0,3,1,0,22594,0
6443.0,fzp,1.0,1669,1307,362,3475.0043055555657,4,1,0,1,1,0,22599,0
6444.0,fzp,1.0,1667,1307,360,3475.367361111121,2,1,1,1,3,0,22602,0
6445.0,fzp,1.0,1664,1302,362,3475.7297222222323,6,2,0,1,2,0,22610,0
6446.0,fzp,1.0,1665,1301,364,3476.09125000001,2,0,1,1,1,0,22612,0
6447.0,fzp,1.0,1664,1300,364,3476.45250000001,2,0,1,0,2,0,22614,0
6448.0,fzp,1.0,1657,1293,364,3476.8126388888986,2,5,1,1,0,0,22621,0
6449.0,fzp,1.0,1655,1293,362,3477.1718055555652,2,1,0,1,2,0,22624,0
6450.0,fzp,1.0,1655,1294,361,3477.531111111121,0,0,0,0,1,0,22624,0
6451.0,fzp,1.0,1650,1291,359,3477.8901388888985,2,1,0,0,0,0,22627,0
6452.0,fzp,1.0,1647,1289,358,3478.2484722222316,5,0,0,2,1,0,22632,0
6453.0,fzp,1.0,1645,1288,357,3478.6063888888984,2,2,0,0,3,0,22636,0
6454.0,fzp,1.0,1645,1287,358,3478.964027777787,3,3,0,1,4,0,22642,0
6455.0,fzp,1.0,1643,1282,361,3479.3208333333428,3,2,0,0,0,0,22647,0
6456.0,fzp,1.0,1642,1279,363,3479.676527777787,3,2,0,1,1,0,22652,0
6457.0,fzp,1.0,1640,1276,364,3480.031388888898,4,0,0,1,0,0,22656,0
6458.0,fzp,1.0,1640,1277,363,3480.3859722222314,2,1,0,0,4,0,22659,0
6459.0,fzp,1.0,1637,1276,361,3480.7405555555647,0,1,0,0,0,0,22660,0
6460.0,fzp,1.0,1636,1271,365,3481.094305555565,6,1,0,0,2,0,22667,0
6461.0,fzp,1.0,1632,1272,360,3481.4475000000093,2,2,0,3,2,0,22671,0
6462.0,fzp,1.0,1631,1270,361,3481.8005555555646,2,1,0,0,1,0,22674,0
6463.0,fzp,1.0,1634,1275,359,3482.1540277777867,2,1,0,3,5,0,22677,0
6464.0,fzp,1.0,1635,1276,359,3482.5083333333423,2,0,0,0,3,0,22679,0
6465.0,fzp,1.0,1634,1278,356,3482.8630555555646,1,0,0,1,2,0,22680,0
6466.0,fzp,1.0,1635,1279,356,3483.2181944444537,2,0,0,1,2,0,22682,0
6467.0,fzp,1.0,1629,1276,353,3483.5730555555647,2,2,0,1,0,0,22686,0
6468.0,fzp,1.0,1627,1276,351,3483.9275000000093,1,1,0,0,2,0,22688,0
6469.0,fzp,1.0,1624,1273,351,3484.2815277777872,3,3,0,0,3,0,22694,0
6470.0,fzp,1.0,1624,1272,352,3484.6350000000093,2,1,0,0,2,0,22697,0
6471.0,fzp,1.0,1621,1271,350,3484.9881944444537,0,4,0,0,3,0,22701,0
6472.0,fzp,1.0,1620,1268,352,3485.3408333333427,4,2,0,1,2,0,22707,0
6473.0,fzp,1.0,1616,1268,348,3485.693055555565,1,3,0,1,3,0,22711,0
6474.0,fzp,1.0,1609,1266,343,3486.0450000000096,1,2,0,0,1,0,22714,0
6475.0,fzp,1.0,1610,1267,343,3486.396805555565,1,0,0,0,2,0,22715,0
6476.0,fzp,1.0,1606,1267,339,3486.7487500000097,1,1,0,1,1,0,22717,0
6477.0,fzp,1.0,1606,1267,339,3487.1006944444543,2,0,0,0,2,0,22719,0
6478.0,fzp,1.0,1603,1265,338,3487.452361111121,0,2,0,0,0,0,22721,0
6479.0,fzp,1.0,1600,1263,337,3487.803472222232,2,0,0,0,0,0,22723,0
6480.0,fzp,1.0,1597,1262,335,3488.1541666666762,4,1,0,2,2,0,22728,0
6481.0,fzp,1.0,1597,1262,335,3488.504722222232,2,0,0,0,2,0,22730,0
6482.0,fzp,1.0,1593,1260,333,3488.8550000000096,2,1,0,0,1,0,22733,0
6483.0,fzp,1.0,1596,1263,333,3489.2054166666762,1,0,0,0,4,0,22734,0
6484.0,fzp,1.0,1590,1263,327,3489.5562500000096,1,1,0,2,0,0,22736,0
6485.0,fzp,1.0,1590,1265,325,3489.9073611111207,1,0,0,0,3,0,22737,0
6486.0,fzp,1.0,1586,1258,328,3490.2577777777874,4,3,0,0,0,0,22744,0
6487.0,fzp,1.0,1587,1263,324,3490.6079166666764,1,0,0,3,3,0,22745,0
6488.0,fzp,1.0,1584,1264,320,3490.9588888888984,1,1,0,0,3,0,22747,0
6489.0,fzp,1.0,1582,1264,318,3491.3100000000095,2,0,0,1,1,0,22749,0
6490.0,fzp,1.0,1582,1260,322,3491.660555555565,5,1,0,1,1,0,22755,0
6491.0,fzp,1.0,1577,1257,320,3492.0101388888984,2,1,0,0,0,0,22758,0
6492.0,fzp,1.0,1577,1256,321,3492.359166666676,3,2,0,0,4,0,22763,0
6493.0,fzp,1.0,1577,1255,322,3492.7079166666763,3,0,0,0,2,0,22766,0
6494.0,fzp,1.0,1570,1252,318,3493.0561111111206,3,1,0,0,1,0,22770,0
6495.0,fzp,1.0,1571,1252,319,3493.4038888888986,2,1,1,1,3,0,22773,0
6496.0,fzp,1.0,1568,1250,318,3493.7513888888984,3,3,0,2,2,0,22779,0
6497.0,fzp,1.0,1568,1252,316,3494.0988888888983,2,0,0,2,2,0,22781,0
6498.0,fzp,1.0,1567,1248,319,3494.4461111111204,4,0,0,0,0,0,22785,0
6499.0,fzp,1.0,1563,1246,317,3494.792500000009,2,1,0,1,0,0,22788,0
6500.0,fzp,1.0,1563,1246,317,3495.13861111112,1,1,0,1,1,0,22790,0
6501.0,fzp,1.0,1566,1246,320,3495.484722222231,4,1,0,1,4,0,22795,0
6502.0,fzp,1.0,1564,1245,319,3495.8306944444535,0,3,0,0,2,0,22798,0
6503.0,fzp,1.0,1565,1244,321,3496.1763888888977,4,1,0,1,3,0,22803,0
6504.0,fzp,1.0,1563,1242,321,3496.5216666666756,3,0,0,0,1,0,22806,0
6505.0,fzp,1.0,1564,1243,321,3496.8668055555645,1,0,0,0,2,0,22807,0
6506.0,fzp,1.0,1563,1243,320,3497.2120833333424,1,0,0,1,0,0,22808,0
6507.0,fzp,1.0,1561,1243,318,3497.5573611111204,0,0,0,0,0,0,22808,0
6508.0,fzp,1.0,1559,1242,317,3497.9025000000092,1,1,0,0,1,0,22810,0
6509.0,fzp,1.0,1560,1245,315,3498.247916666676,0,0,0,1,2,0,22810,0
6510.0,fzp,1.0,1563,1249,314,3498.5943055555645,1,0,0,1,4,0,22811,0
6511.0,fzp,1.0,1562,1249,313,3498.941250000009,0,0,0,0,0,0,22811,0
6512.0,fzp,1.0,1568,1253,315,3499.288750000009,1,0,0,0,5,0,22812,0
6513.0,fzp,1.0,1567,1250,317,3499.6363888888977,3,1,0,1,0,0,22816,0
6514.0,fzp,1.0,1568,1249,319,3499.9834722222313,1,0,0,0,0,0,22817,0
6515.0,fzp,1.0,1570,1249,321,3500.330416666676,2,0,0,0,2,0,22819,0
6516.0,fzp,1.0,1571,1249,322,3500.6773611111203,1,2,0,0,3,0,22822,0
6517.0,fzp,1.0,1570,1250,320,3501.024444444454,0,1,0,0,2,0,22823,0
6518.0,fzp,1.0,1571,1250,321,3501.371666666676,0,1,0,0,1,0,22824,0
6519.0,fzp,1.0,1572,1248,324,3501.7186111111205,6,1,0,3,2,0,22831,0
6520.0,fzp,1.0,1575,1250,325,3502.065555555565,1,0,0,0,3,0,22832,0
6521.0,fzp,1.0,1573,1252,321,3502.413055555565,1,1,0,2,2,0,22834,0
6522.0,fzp,1.0,1577,1251,326,3502.7606944444537,4,0,0,0,3,0,22838,0
6523.0,fzp,1.0,1577,1248,329,3503.1077777777873,5,0,0,0,2,0,22843,0
6524.0,fzp,1.0,1573,1245,328,3503.4540277777874,4,2,0,2,1,0,22849,0
6525.0,fzp,1.0,1568,1243,325,3503.799583333343,2,1,0,1,0,0,22852,0
6526.0,fzp,1.0,1565,1242,323,3504.144722222232,1,1,0,0,1,0,22854,0
6527.0,fzp,1.0,1563,1242,321,3504.4897222222316,2,0,0,1,1,0,22856,0
6528.0,fzp,1.0,1564,1244,320,3504.8350000000096,1,1,0,0,4,0,22858,0
6529.0,fzp,1.0,1562,1242,320,3505.1802777777875,0,2,0,0,0,0,22860,0
6530.0,fzp,1.0,1561,1241,320,3505.5251388888987,3,2,0,3,1,0,22865,0
6531.0,fzp,1.0,1562,1239,323,3505.869583333343,2,0,0,0,0,0,22867,0
6532.0,fzp,1.0,1561,1237,324,3506.213472222232,3,1,0,2,0,0,22871,0
6533.0,fzp,1.0,1555,1236,319,3506.5569444444545,0,2,0,1,0,0,22873,0
6534.0,fzp,1.0,1558,1237,321,3506.900416666677,1,2,0,2,2,0,22876,0
6535.0,fzp,1.0,1555,1233,322,3507.2434722222324,3,1,0,0,0,0,22880,0
6536.0,fzp,1.0,1556,1236,320,3507.586388888899,1,0,0,1,3,0,22881,0
6537.0,fzp,1.0,1555,1235,320,3507.9295833333435,1,1,0,0,1,0,22883,0
6538.0,fzp,1.0,1553,1231,322,3508.2720833333437,3,1,0,0,0,0,22887,0
6539.0,fzp,1.0,1551,1230,321,3508.6138888888995,1,1,0,1,0,0,22889,0
6540.0,fzp,1.0,1548,1226,322,3508.955000000011,6,2,0,1,3,0,22897,0
6541.0,fzp,1.0,1547,1224,323,3509.2952777777887,2,1,0,0,1,0,22900,0
6542.0,fzp,1.0,1545,1219,326,3509.6345833333444,5,0,0,0,0,0,22905,0
6543.0,fzp,1.0,1543,1217,326,3509.9729166666775,2,0,0,0,0,0,22907,0
6544.0,fzp,1.0,1543,1219,324,3510.3112500000107,2,0,1,0,5,0,22909,0
6545.0,fzp,1.0,1543,1216,327,3510.649444444455,3,1,0,0,1,0,22913,0
6546.0,fzp,1.0,1545,1218,327,3510.9875000000106,1,0,0,0,3,0,22914,0
6547.0,fzp,1.0,1544,1219,325,3511.325972222233,2,0,0,1,2,0,22916,0
6548.0,fzp,1.0,1546,1218,328,3511.664444444455,2,1,0,0,2,0,22919,0
6549.0,fzp,1.0,1547,1218,329,3512.002777777788,1,0,0,0,1,0,22920,0
6550.0,fzp,1.0,1546,1218,328,3512.3411111111213,2,0,0,0,2,0,22922,0
6551.0,fzp,1.0,1544,1216,328,3512.679166666677,2,1,0,1,0,0,22925,0
6552.0,fzp,1.0,1543,1214,329,3513.016666666677,3,1,0,0,2,0,22929,0
6553.0,fzp,1.0,1540,1213,327,3513.35375000001,0,2,0,0,1,0,22931,0
6554.0,fzp,1.0,1538,1211,327,3513.690416666677,2,0,0,0,0,0,22933,0
6555.0,fzp,1.0,1540,1207,333,3514.0262500000104,6,1,1,0,4,0,22940,0
6556.0,fzp,1.0,1542,1211,331,3514.362083333344,1,0,0,0,5,0,22941,0
6557.0,fzp,1.0,1541,1211,330,3514.698472222233,1,0,0,0,1,0,22942,0
6558.0,fzp,1.0,1542,1208,334,3515.034444444455,4,1,0,0,2,0,22947,0
6559.0,fzp,1.0,1542,1204,338,3515.369444444455,5,2,0,1,2,0,22954,0
6560.0,fzp,1.0,1540,1204,336,3515.7038888888997,2,0,0,0,2,0,22956,0
6561.0,fzp,1.0,1542,1205,337,3516.038472222233,2,0,0,0,3,0,22958,0
6562.0,fzp,1.0,1542,1204,338,3516.373055555566,1,1,0,0,1,0,22960,0
6563.0,fzp,1.0,1543,1205,338,3516.7076388888995,4,1,0,1,5,0,22965,0
6564.0,fzp,1.0,1543,1204,339,3517.042222222233,1,1,0,0,1,0,22967,0
6565.0,fzp,1.0,1540,1203,337,3517.3765277777884,3,0,0,1,1,0,22970,0
6566.0,fzp,1.0,1538,1200,338,3517.710277777788,4,2,0,1,2,0,22976,0
6567.0,fzp,1.0,1535,1199,336,3518.0434722222326,4,1,0,1,3,0,22981,0
6568.0,fzp,1.0,1535,1199,336,3518.376527777788,2,2,0,1,3,0,22985,0
6569.0,fzp,1.0,1535,1199,336,3518.7095833333433,1,1,0,1,1,0,22987,0
6570.0,fzp,1.0,1535,1201,334,3519.042916666677,0,0,0,1,1,0,22987,0
6571.0,fzp,1.0,1540,1204,336,3519.3769444444547,1,1,0,0,5,0,22989,0
6572.0,fzp,1.0,1540,1202,338,3519.711111111121,4,1,0,1,2,0,22994,0
6573.0,fzp,1.0,1537,1201,336,3520.044861111121,1,2,0,1,1,0,22997,0
6574.0,fzp,1.0,1536,1199,337,3520.3781944444545,3,1,0,0,2,0,23001,0
6575.0,fzp,1.0,1538,1196,342,3520.7108333333435,6,0,0,0,3,0,23007,0
6576.0,fzp,1.0,1537,1195,342,3521.042916666677,2,1,0,0,2,0,23010,0
6577.0,fzp,1.0,1539,1193,346,3521.3745833333433,4,0,0,0,2,0,23014,0
6578.0,fzp,1.0,1535,1191,344,3521.7056944444544,1,1,0,0,0,0,23016,0
6579.0,fzp,1.0,1537,1191,346,3522.036527777788,3,1,0,0,4,0,23020,0
6580.0,fzp,1.0,1539,1190,349,3522.367222222232,2,0,0,0,1,0,23022,0
6581.0,fzp,1.0,1539,1190,349,3522.697777777788,1,1,0,1,1,0,23024,0
6582.0,fzp,1.0,1536,1188,348,3523.0280555555655,1,1,0,0,0,0,23026,0
6583.0,fzp,1.0,1534,1187,347,3523.357916666677,1,1,0,1,0,0,23028,0
6584.0,fzp,1.0,1535,1185,350,3523.6873611111214,4,0,0,1,1,0,23032,0
6585.0,fzp,1.0,1533,1186,347,3524.016666666677,1,1,0,1,2,0,23034,0
6586.0,fzp,1.0,1535,1189,346,3524.346527777788,0,0,0,1,2,0,23034,0
6587.0,fzp,1.0,1535,1190,345,3524.676944444455,3,0,0,0,4,0,23037,0
6588.0,fzp,1.0,1536,1192,344,3525.0077777777883,1,2,0,0,5,0,23040,0
6589.0,fzp,1.0,1533,1188,345,3525.338333333344,5,1,0,0,2,0,23046,0
6590.0,fzp,1.0,1535,1191,344,3525.6687500000107,3,1,0,4,3,0,23050,0
6591.0,fzp,1.0,1537,1189,348,3525.9993055555665,3,0,0,0,1,0,23053,0
6592.0,fzp,1.0,1535,1190,345,3526.329722222233,2,0,1,4,0,0,23055,0
6593.0,fzp,1.0,1537,1190,347,3526.660277777789,1,1,0,1,1,0,23057,0
6594.0,fzp,1.0,1533,1193,340,3526.991250000011,0,1,1,2,3,0,23058,0
6595.0,fzp,1.0,1531,1192,339,3527.322500000011,1,1,0,1,0,0,23060,0
6596.0,fzp,1.0,1529,1192,337,3527.6536111111222,2,2,0,1,3,0,23064,0
6597.0,fzp,1.0,1527,1187,340,3527.984027777789,3,3,1,1,1,0,23070,0
6598.0,fzp,1.0,1525,1188,337,3528.3138888889002,0,0,0,1,0,0,23070,0
6599.0,fzp,1.0,1520,1187,333,3528.6437500000116,1,1,0,0,1,0,23072,0
6600.0,fzp,1.0,1513,1181,332,3528.9726388889003,2,5,0,0,1,0,23079,0
6601.0,fzp,1.0,1512,1182,330,3529.3008333333446,0,0,0,1,0,0,23079,0
6602.0,fzp,1.0,1515,1185,330,3529.6295833333447,4,0,0,4,3,0,23083,0
6603.0,fzp,1.0,1513,1187,326,3529.9590277777893,0,0,0,0,2,0,23083,0
6604.0,fzp,1.0,1512,1183,329,3530.288194444456,4,3,0,1,2,0,23090,0
6605.0,fzp,1.0,1513,1188,325,3530.6175000000117,0,0,0,2,3,0,23090,0
6606.0,fzp,1.0,1515,1186,329,3530.947222222234,4,1,0,1,2,0,23095,0
6607.0,fzp,1.0,1514,1187,327,3531.276805555567,3,1,0,3,2,0,23099,0
6608.0,fzp,1.0,1513,1187,326,3531.6065277777893,2,1,0,1,2,0,23102,0
6609.0,fzp,1.0,1513,1183,330,3531.935694444456,5,2,0,0,3,0,23109,0
6610.0,fzp,1.0,1510,1181,329,3532.2640277777896,2,1,0,0,1,0,23112,0
6611.0,fzp,1.0,1507,1180,327,3532.591944444456,1,1,0,0,1,0,23114,0
6612.0,fzp,1.0,1502,1178,324,3532.919444444456,2,1,0,0,1,0,23117,0
6613.0,fzp,1.0,1498,1180,318,3533.246944444456,0,0,0,1,1,0,23117,0
6614.0,fzp,1.0,1497,1179,318,3533.574583333345,3,0,0,0,2,0,23120,0
6615.0,fzp,1.0,1493,1180,313,3533.902222222234,1,1,0,2,1,0,23122,0
6616.0,fzp,1.0,1492,1180,312,3534.2300000000114,2,0,0,1,1,0,23124,0
6617.0,fzp,1.0,1496,1183,313,3534.5581944444557,1,0,0,0,4,0,23125,0
6618.0,fzp,1.0,1495,1184,311,3534.886944444456,0,1,0,1,1,0,23126,0
6619.0,fzp,1.0,1494,1183,311,3535.215694444456,2,1,0,0,2,0,23129,0
6620.0,fzp,1.0,1499,1184,315,3535.544444444456,2,0,0,0,3,0,23131,0
6621.0,fzp,1.0,1501,1184,317,3535.873333333345,1,1,0,0,2,0,23133,0
6622.0,fzp,1.0,1504,1185,319,3536.2023611111226,4,1,0,1,5,0,23138,0
6623.0,fzp,1.0,1506,1185,321,3536.5315277777895,2,1,0,0,3,0,23141,0
6624.0,fzp,1.0,1502,1185,317,3536.8606944444564,0,2,0,1,1,0,23143,0
6625.0,fzp,1.0,1501,1187,314,3537.190138888901,1,1,0,2,2,0,23145,0
6626.0,fzp,1.0,1497,1185,312,3537.5195833333455,0,4,0,0,2,0,23149,0
6627.0,fzp,1.0,1496,1186,310,3537.848888888901,1,1,0,0,3,0,23151,0
6628.0,fzp,1.0,1495,1189,306,3538.1787500000123,0,0,0,1,2,0,23151,0
6629.0,fzp,1.0,1499,1195,304,3538.5098611111234,1,0,0,2,5,0,23152,0
6630.0,fzp,1.0,1497,1195,302,3538.841805555568,2,0,0,1,1,0,23154,0
6631.0,fzp,1.0,1497,1194,303,3539.1736111111236,2,1,0,1,1,0,23157,0
6632.0,fzp,1.0,1493,1195,298,3539.505416666679,0,1,0,0,2,0,23158,0
6633.0,fzp,1.0,1493,1193,300,3539.8370833333456,2,2,0,0,2,0,23162,0
6634.0,fzp,1.0,1493,1193,300,3540.1684722222344,1,1,0,0,2,0,23164,0
6635.0,fzp,1.0,1489,1189,300,3540.499305555568,3,3,0,0,2,0,23170,0
6636.0,fzp,1.0,1488,1187,301,3540.8293055555678,3,0,0,0,1,0,23173,0
6637.0,fzp,1.0,1485,1185,300,3541.1587500000123,1,1,0,0,0,0,23175,0
6638.0,fzp,1.0,1485,1184,301,3541.48777777779,2,1,0,1,1,0,23178,0
6639.0,fzp,1.0,1485,1186,299,3541.816944444457,0,0,0,0,2,0,23178,0
6640.0,fzp,1.0,1482,1185,297,3542.1462500000125,1,1,0,1,0,0,23180,0
6641.0,fzp,1.0,1479,1184,295,3542.4752777777903,1,1,0,0,1,0,23182,0
6642.0,fzp,1.0,1478,1185,293,3542.804305555568,1,0,0,1,1,0,23183,0
6643.0,fzp,1.0,1474,1186,288,3543.1336111111236,0,0,0,0,1,0,23183,0
6644.0,fzp,1.0,1471,1184,287,3543.4627777777905,1,3,0,1,1,0,23187,0
6645.0,fzp,1.0,1470,1185,285,3543.7918055555683,3,0,1,1,4,0,23190,0
6646.0,fzp,1.0,1470,1189,281,3544.1215277777906,2,0,0,4,2,0,23192,0
6647.0,fzp,1.0,1468,1184,284,3544.4511111111237,3,2,0,0,0,0,23197,0
6648.0,fzp,1.0,1467,1186,281,3544.7802777777906,2,0,0,1,3,0,23199,0
6649.0,fzp,1.0,1470,1188,282,3545.110000000013,2,1,0,1,4,0,23202,0
6650.0,fzp,1.0,1470,1184,286,3545.4394444444574,5,0,0,0,1,0,23207,0
6651.0,fzp,1.0,1467,1183,284,3545.7681944444575,2,2,0,2,1,0,23211,0
6652.0,fzp,1.0,1467,1178,289,3546.096111111124,3,2,0,0,0,0,23216,0
6653.0,fzp,1.0,1465,1178,287,3546.4233333333464,0,2,0,0,2,0,23218,0
6654.0,fzp,1.0,1467,1176,291,3546.750277777791,5,0,0,0,3,0,23223,0
6655.0,fzp,1.0,1468,1178,290,3547.0772222222354,2,0,0,2,2,0,23225,0
6656.0,fzp,1.0,1469,1176,293,3547.40416666668,3,1,0,0,2,0,23229,0
6657.0,fzp,1.0,1469,1179,290,3547.731250000013,0,1,0,1,3,0,23230,0
6658.0,fzp,1.0,1469,1179,290,3548.058750000013,1,0,0,1,0,0,23231,0
6659.0,fzp,1.0,1469,1178,291,3548.386111111124,3,1,0,0,3,0,23235,0
6660.0,fzp,1.0,1467,1177,290,3548.7131944444573,1,2,0,1,1,0,23238,0
6661.0,fzp,1.0,1469,1181,288,3549.040694444457,0,0,0,2,2,0,23238,0
6662.0,fzp,1.0,1467,1181,286,3549.368750000013,2,1,0,0,3,0,23241,0
6663.0,fzp,1.0,1466,1183,283,3549.697083333346,0,1,0,2,1,0,23242,0
6664.0,fzp,1.0,1467,1186,281,3550.026111111124,0,0,0,1,2,0,23242,0
6665.0,fzp,1.0,1467,1187,280,3550.355694444457,1,1,0,1,2,0,23244,0
6666.0,fzp,1.0,1469,1187,282,3550.6854166666794,2,0,0,1,1,0,23246,0
6667.0,fzp,1.0,1470,1188,282,3551.0152777777907,2,0,0,1,2,0,23248,0
6668.0,fzp,1.0,1468,1185,283,3551.344861111124,1,2,0,0,0,0,23251,0
6669.0,fzp,1.0,1470,1184,286,3551.6738888889017,5,1,0,5,0,0,23257,0
6670.0,fzp,1.0,1473,1184,289,3552.0027777777905,0,2,0,1,1,0,23259,0
6671.0,fzp,1.0,1473,1180,293,3552.331111111124,4,3,0,1,2,0,23266,0
6672.0,fzp,1.0,1472,1180,292,3552.6588888889014,2,2,0,2,2,0,23270,0
6673.0,fzp,1.0,1474,1182,292,3552.986944444457,0,1,0,1,2,0,23271,0
6674.0,fzp,1.0,1473,1179,294,3553.3148611111237,3,2,0,1,1,0,23276,0
6675.0,fzp,1.0,1476,1182,294,3553.6427777777903,1,0,0,1,3,0,23277,0
6676.0,fzp,1.0,1478,1183,295,3553.971250000013,0,1,0,1,1,0,23278,0
6677.0,fzp,1.0,1483,1185,298,3554.3001388889015,2,0,0,0,4,0,23280,0
6678.0,fzp,1.0,1481,1182,299,3554.6288888889017,2,3,0,1,1,0,23285,0
6679.0,fzp,1.0,1485,1183,302,3554.957361111124,2,0,0,0,3,0,23287,0
6680.0,fzp,1.0,1486,1185,301,3555.286250000013,2,0,0,2,2,0,23289,0
6681.0,fzp,1.0,1485,1185,300,3555.6154166666797,1,1,0,0,2,0,23291,0
6682.0,fzp,1.0,1486,1184,302,3555.9444444444575,1,0,0,0,0,0,23292,0
6683.0,fzp,1.0,1487,1186,301,3556.2736111111244,1,0,0,2,1,0,23293,0
6684.0,fzp,1.0,1487,1185,302,3556.60291666668,1,0,0,0,0,0,23294,0
6685.0,fzp,1.0,1486,1184,302,3556.9319444444577,1,1,0,0,1,0,23296,0
6686.0,fzp,1.0,1488,1186,302,3557.2611111111246,2,0,0,2,2,0,23298,0
6687.0,fzp,1.0,1488,1187,301,3557.5906944444578,0,1,0,1,1,0,23299,0
6688.0,fzp,1.0,1487,1185,302,3557.9201388889023,3,1,0,1,1,0,23303,0
6689.0,fzp,1.0,1488,1187,301,3558.249583333347,0,1,0,1,2,0,23304,0
6690.0,fzp,1.0,1488,1183,305,3558.5787500000138,4,1,0,0,1,0,23309,0
6691.0,fzp,1.0,1491,1185,306,3558.9076388889025,3,0,0,0,5,0,23312,0
6692.0,fzp,1.0,1492,1184,308,3559.2366666666803,1,2,0,0,2,0,23315,0
6693.0,fzp,1.0,1493,1186,307,3559.565833333347,0,0,1,0,3,0,23315,0
6694.0,fzp,1.0,1491,1186,305,3559.8952777777918,2,1,0,0,3,0,23318,0
6695.0,fzp,1.0,1492,1185,307,3560.2245833333473,2,0,0,0,1,0,23320,0
6696.0,fzp,1.0,1493,1184,309,3560.553611111125,4,0,0,0,3,0,23324,0
6697.0,fzp,1.0,1490,1184,306,3560.882500000014,1,2,0,1,2,0,23327,0
6698.0,fzp,1.0,1490,1185,305,3561.2115277777916,2,1,0,0,4,0,23330,0
6699.0,fzp,1.0,1491,1184,307,3561.5405555555694,3,0,0,1,1,0,23333,0
6700.0,fzp,1.0,1495,1185,310,3561.8695833333472,1,1,0,0,3,0,23335,0
6701.0,fzp,1.0,1492,1182,310,3562.1983333333474,2,2,0,0,1,0,23339,0
6702.0,fzp,1.0,1491,1182,309,3562.5266666666807,1,1,0,0,2,0,23341,0
6703.0,fzp,1.0,1490,1179,311,3562.8545833333474,4,0,0,0,1,0,23345,0
6704.0,fzp,1.0,1492,1181,311,3563.182361111125,1,0,0,0,3,0,23346,0
6705.0,fzp,1.0,1491,1178,313,3563.510000000014,4,1,0,0,2,0,23351,0
6706.0,fzp,1.0,1485,1177,308,3563.837083333347,1,0,0,0,0,0,23352,0
6707.0,fzp,1.0,1483,1176,307,3564.1638888889024,0,2,0,0,1,0,23354,0
6708.0,fzp,1.0,1483,1179,304,3564.4909722222355,0,1,0,0,4,0,23355,0
6709.0,fzp,1.0,1487,1182,305,3564.818888888902,0,1,0,0,4,0,23356,0
6710.0,fzp,1.0,1483,1179,304,3565.146805555569,1,3,0,0,1,0,23360,0
6711.0,fzp,1.0,1481,1176,305,3565.473888888902,2,3,0,0,2,0,23365,0
6712.0,fzp,1.0,1481,1175,306,3565.8004166666797,0,1,0,0,0,0,23366,0
6713.0,fzp,1.0,1483,1183,300,3566.1279166666795,3,0,0,6,5,0,23369,0
6714.0,fzp,1.0,1483,1184,299,3566.4566666666797,0,0,0,0,1,0,23369,0
6715.0,fzp,1.0,1484,1185,299,3566.7856944444575,2,0,0,1,2,0,23371,0
6716.0,fzp,1.0,1484,1179,305,3567.114027777791,8,1,0,3,0,0,23380,0
6717.0,fzp,1.0,1483,1180,303,3567.44166666668,3,0,0,1,3,0,23383,0
6718.0,fzp,1.0,1484,1181,303,3567.7695833333464,3,0,0,4,0,0,23386,0
6719.0,fzp,1.0,1483,1182,301,3568.0977777777907,1,2,0,2,2,0,23389,0
6720.0,fzp,1.0,1480,1181,299,3568.425972222235,1,1,0,1,0,0,23391,0
6721.0,fzp,1.0,1477,1182,295,3568.7541666666793,1,1,0,3,0,0,23393,0
6722.0,fzp,1.0,1479,1180,299,3569.082222222235,4,1,0,0,3,0,23398,0
6723.0,fzp,1.0,1480,1180,300,3569.4100000000126,2,1,0,0,3,0,23401,0
6724.0,fzp,1.0,1482,1183,299,3569.738194444457,0,0,0,0,3,0,23401,0
6725.0,fzp,1.0,1482,1178,304,3570.0661111111235,5,1,0,0,1,0,23407,0
6726.0,fzp,1.0,1483,1178,305,3570.3933333333457,1,1,0,0,2,0,23409,0
6727.0,fzp,1.0,1485,1178,307,3570.720555555568,2,0,0,0,2,0,23411,0
6728.0,fzp,1.0,1486,1177,309,3571.047638888901,2,1,0,0,2,0,23414,0
6729.0,fzp,1.0,1485,1177,308,3571.3745833333455,1,1,0,1,1,0,23416,0
6730.0,fzp,1.0,1485,1176,309,3571.701388888901,3,1,0,1,2,0,23420,0
6731.0,fzp,1.0,1482,1175,307,3572.0279166666787,1,2,0,0,2,0,23423,0
6732.0,fzp,1.0,1484,1174,310,3572.354166666679,4,1,0,0,4,0,23428,0
6733.0,fzp,1.0,1482,1172,310,3572.680000000012,1,2,0,0,1,0,23431,0
6734.0,fzp,1.0,1484,1171,313,3573.0054166666787,4,1,0,1,3,0,23436,0
6735.0,fzp,1.0,1482,1169,313,3573.3304166666785,3,1,0,2,0,0,23440,0
6736.0,fzp,1.0,1487,1172,315,3573.6555555555674,2,1,0,1,5,0,23443,0
6737.0,fzp,1.0,1487,1171,316,3573.980972222234,4,0,0,1,2,0,23447,0
6738.0,fzp,1.0,1489,1172,317,3574.3063888889005,4,0,0,0,5,0,23451,0
6739.0,fzp,1.0,1490,1171,319,3574.631805555567,4,0,0,0,3,0,23455,0
6740.0,fzp,1.0,1488,1169,319,3574.956805555567,6,0,0,3,1,0,23461,0
6741.0,fzp,1.0,1490,1171,319,3575.2818055555667,2,0,0,2,2,0,23463,0
6742.0,fzp,1.0,1491,1170,321,3575.6069444444556,5,0,0,3,1,0,23468,0
6743.0,fzp,1.0,1495,1172,323,3575.9322222222336,2,1,0,0,5,0,23471,0
6744.0,fzp,1.0,1496,1174,322,3576.258055555567,4,0,1,3,4,0,23475,0
6745.0,fzp,1.0,1495,1176,319,3576.5844444444556,2,0,0,1,3,0,23477,0
6746.0,fzp,1.0,1489,1175,314,3576.9109722222333,1,1,0,0,1,0,23479,0
6747.0,fzp,1.0,1489,1180,309,3577.2380555555665,0,1,1,2,5,0,23480,0
6748.0,fzp,1.0,1489,1179,310,3577.5656944444554,1,1,1,0,2,0,23482,0
6749.0,fzp,1.0,1484,1174,310,3577.892500000011,4,2,0,0,1,0,23488,0
6750.0,fzp,1.0,1480,1171,309,3578.218194444455,0,4,0,0,1,0,23492,0
6751.0,fzp,1.0,1479,1170,309,3578.543333333344,0,3,0,0,2,0,23495,0
6752.0,fzp,1.0,1479,1167,312,3578.8679166666775,5,1,0,2,1,0,23501,0
6753.0,fzp,1.0,1477,1165,312,3579.1918055555666,2,2,0,1,1,0,23505,0
6754.0,fzp,1.0,1478,1164,314,3579.515277777789,4,1,0,1,3,0,23510,0
6755.0,fzp,1.0,1480,1167,313,3579.839027777789,1,1,0,1,4,0,23512,0
6756.0,fzp,1.0,1478,1165,313,3580.162916666678,3,1,0,0,2,0,23516,0
6757.0,fzp,1.0,1476,1164,312,3580.4863888889004,3,0,0,1,1,0,23519,0
6758.0,fzp,1.0,1477,1164,313,3580.8097222222336,1,1,0,1,1,0,23521,0
6759.0,fzp,1.0,1474,1163,311,3581.1329166666783,2,1,0,0,2,0,23524,0
6760.0,fzp,1.0,1474,1163,311,3581.455972222234,2,0,0,0,2,0,23526,0
6761.0,fzp,1.0,1473,1158,315,3581.778333333345,2,3,0,0,0,0,23531,0
6762.0,fzp,1.0,1477,1161,316,3582.1004166666785,1,0,0,1,3,0,23532,0
6763.0,fzp,1.0,1474,1159,315,3582.4226388889006,3,2,0,1,2,0,23537,0
6764.0,fzp,1.0,1472,1159,313,3582.744583333345,1,2,0,1,2,0,23540,0
6765.0,fzp,1.0,1470,1160,310,3583.0666666666784,3,1,0,3,2,0,23544,0
6766.0,fzp,1.0,1472,1159,313,3583.388750000012,3,0,0,0,2,0,23547,0
6767.0,fzp,1.0,1470,1157,313,3583.7104166666786,2,1,0,0,1,0,23550,0
6768.0,fzp,1.0,1468,1157,311,3584.0318055555676,1,0,0,0,1,0,23551,0
6769.0,fzp,1.0,1469,1160,309,3584.353611111123,2,0,0,2,3,0,23553,0
6770.0,fzp,1.0,1470,1163,307,3584.676250000012,0,0,0,0,3,0,23553,0
6771.0,fzp,1.0,1466,1163,303,3584.9993055555674,1,1,0,0,2,0,23555,0
6772.0,fzp,1.0,1463,1162,301,3585.322222222234,0,2,0,0,1,0,23557,0
6773.0,fzp,1.0,1464,1163,301,3585.6451388889004,0,0,0,0,1,0,23557,0
6774.0,fzp,1.0,1467,1163,304,3585.968194444456,3,0,0,1,2,0,23560,0
6775.0,fzp,1.0,1466,1162,304,3586.2911111111225,1,0,0,0,0,0,23561,0
6776.0,fzp,1.0,1464,1161,303,3586.6137500000114,1,1,0,0,1,0,23563,0
6777.0,fzp,1.0,1464,1159,305,3586.9359722222334,2,0,0,0,0,0,23565,0
6778.0,fzp,1.0,1465,1157,308,3587.2576388889,2,0,0,0,0,0,23567,0
6779.0,fzp,1.0,1472,1162,310,3587.5797222222336,1,0,0,0,6,0,23568,0
6780.0,fzp,1.0,1471,1162,309,3587.9025000000115,0,1,0,0,1,0,23569,0
6781.0,fzp,1.0,1470,1160,310,3588.2250000000117,3,0,0,1,0,0,23572,0
6782.0,fzp,1.0,1471,1159,312,3588.547083333345,2,0,0,0,1,0,23574,0
6783.0,fzp,1.0,1474,1160,314,3588.8691666666787,1,0,0,0,2,0,23575,0
6784.0,fzp,1.0,1472,1158,314,3589.191111111123,1,2,0,0,1,0,23578,0
6785.0,fzp,1.0,1470,1157,313,3589.5126388889007,1,1,0,0,1,0,23580,0
6786.0,fzp,1.0,1471,1156,315,3589.8338888889007,2,0,0,0,1,0,23582,0
6787.0,fzp,1.0,1469,1158,311,3590.1552777777897,0,0,0,1,1,0,23582,0
6788.0,fzp,1.0,1469,1160,309,3590.477222222234,0,0,0,1,1,0,23582,0
6789.0,fzp,1.0,1472,1164,308,3590.800000000012,0,0,0,1,3,0,23582,0
6790.0,fzp,1.0,1470,1163,307,3591.1231944444567,1,2,0,1,1,0,23585,0
6791.0,fzp,1.0,1467,1163,304,3591.4462500000122,0,1,0,0,1,0,23586,0
6792.0,fzp,1.0,1465,1162,303,3591.7691666666788,1,1,0,0,1,0,23588,0
6793.0,fzp,1.0,1457,1159,298,3592.09152777779,1,3,0,0,1,0,23592,0
6794.0,fzp,1.0,1458,1158,300,3592.4133333333452,1,1,0,0,1,0,23594,0
6795.0,fzp,1.0,1456,1158,298,3592.735000000012,1,2,0,1,2,0,23597,0
6796.0,fzp,1.0,1457,1161,296,3593.0570833333454,1,0,0,1,3,0,23598,0
6797.0,fzp,1.0,1455,1158,297,3593.379166666679,4,1,0,0,2,0,23603,0
6798.0,fzp,1.0,1453,1155,298,3593.700416666679,1,1,1,0,0,0,23605,0
6799.0,fzp,1.0,1452,1151,301,3594.0206944444567,3,2,0,0,1,0,23610,0
6800.0,fzp,1.0,1450,1150,300,3594.34027777779,2,1,0,1,1,0,23613,0
6801.0,fzp,1.0,1452,1153,299,3594.660138888901,2,0,0,2,3,0,23615,0
6802.0,fzp,1.0,1454,1155,299,3594.9806944444567,1,0,0,1,2,0,23616,0
6803.0,fzp,1.0,1451,1150,301,3595.3008333333455,5,3,0,2,1,0,23624,0
6804.0,fzp,1.0,1450,1149,301,3595.6201388889012,2,0,0,0,1,0,23626,0
6805.0,fzp,1.0,1449,1147,302,3595.93902777779,1,1,0,0,0,0,23628,0
6806.0,fzp,1.0,1446,1146,300,3596.2575000000124,1,1,0,1,0,0,23630,0
6807.0,fzp,1.0,1446,1147,299,3596.5759722222347,1,0,0,1,1,0,23631,0
6808.0,fzp,1.0,1445,1148,297,3596.8947222222346,1,0,0,1,1,0,23632,0
6809.0,fzp,1.0,1445,1147,298,3597.2134722222345,4,0,0,1,2,0,23636,0
6810.0,fzp,1.0,1446,1150,296,3597.532500000012,1,0,0,3,1,0,23637,0
6811.0,fzp,1.0,1447,1151,296,3597.8520833333455,1,1,0,0,3,0,23639,0
6812.0,fzp,1.0,1446,1150,296,3598.171666666679,1,3,0,1,2,0,23643,0
6813.0,fzp,1.0,1445,1152,293,3598.491388888901,1,0,0,0,3,0,23644,0
6814.0,fzp,1.0,1444,1155,289,3598.8118055555674,0,0,0,2,1,0,23644,0
6815.0,fzp,1.0,1443,1155,288,3599.1326388889006,2,1,0,0,3,0,23647,0
6816.0,fzp,1.0,1444,1156,288,3599.453611111123,1,1,0,2,1,0,23649,0
6817.0,fzp,1.0,1443,1155,288,3599.774583333345,0,1,0,0,0,0,23650,0
6818.0,fzp,1.0,1438,1153,285,3600.0951388889007,2,2,0,1,1,0,23654,0
6819.0,fzp,1.0,1436,1151,285,3600.415138888901,4,1,0,1,2,0,23659,0
6820.0,fzp,1.0,1439,1155,284,3600.7354166666787,2,1,0,2,5,0,23662,0
6821.0,fzp,1.0,1438,1146,292,3601.055000000012,7,2,0,0,0,0,23671,0
6822.0,fzp,1.0,1437,1147,290,3601.3734722222343,1,0,0,1,1,0,23672,0
6823.0,fzp,1.0,1436,1144,292,3601.691666666679,4,2,0,0,3,0,23678,0
6824.0,fzp,1.0,1433,1141,292,3602.00902777779,2,2,0,0,1,0,23682,0
6825.0,fzp,1.0,1435,1140,295,3602.3258333333456,3,3,0,1,4,0,23688,0
6826.0,fzp,1.0,1437,1138,299,3602.6422222222345,3,1,0,0,2,0,23692,0
6827.0,fzp,1.0,1438,1138,300,3602.9583333333458,3,1,0,1,3,0,23696,0
6828.0,fzp,1.0,1442,1141,301,3603.2748611111238,0,0,0,1,2,0,23696,0
6829.0,fzp,1.0,1443,1139,304,3603.5915277777904,5,0,0,0,3,0,23701,0
6830.0,fzp,1.0,1438,1139,299,3603.9079166666793,1,2,0,2,1,0,23704,0
6831.0,fzp,1.0,1438,1140,298,3604.2244444444573,3,1,0,1,4,0,23708,0
6832.0,fzp,1.0,1438,1140,298,3604.541111111124,2,2,0,0,4,0,23712,0
6833.0,fzp,1.0,1437,1140,297,3604.8577777777905,2,1,0,2,1,0,23715,0
6834.0,fzp,1.0,1441,1139,302,3605.1743055555685,4,1,0,0,4,0,23720,0
6835.0,fzp,1.0,1441,1138,303,3605.4905555555683,3,0,0,0,2,0,23723,0
6836.0,fzp,1.0,1444,1139,305,3605.806805555568,1,0,0,2,0,0,23724,0
6837.0,fzp,1.0,1446,1141,305,3606.123472222235,1,0,0,0,3,0,23725,0
6838.0,fzp,1.0,1448,1140,308,3606.4402777777905,3,1,0,0,3,0,23729,0
6839.0,fzp,1.0,1452,1144,308,3606.757500000013,2,0,0,3,3,0,23731,0
6840.0,fzp,1.0,1454,1141,313,3607.074861111124,5,0,0,0,2,0,23736,0
6841.0,fzp,1.0,1455,1140,315,3607.3916666666796,3,1,0,1,2,0,23740,0
6842.0,fzp,1.0,1454,1142,312,3607.708611111124,0,0,0,1,1,0,23740,0
6843.0,fzp,1.0,1453,1140,313,3608.025555555568,4,1,0,0,3,0,23745,0
6844.0,fzp,1.0,1457,1142,315,3608.3425000000125,2,0,0,0,4,0,23747,0
6845.0,fzp,1.0,1455,1141,314,3608.659583333346,1,1,0,1,0,0,23749,0
6846.0,fzp,1.0,1452,1136,316,3608.9758333333457,4,1,1,0,1,0,23754,0
6847.0,fzp,1.0,1448,1134,314,3609.2911111111234,3,0,0,1,0,0,23757,0
6848.0,fzp,1.0,1445,1129,316,3609.605416666679,5,1,0,1,0,0,23763,0
6849.0,fzp,1.0,1441,1127,314,3609.9187500000126,3,1,0,0,2,0,23767,0
6850.0,fzp,1.0,1444,1122,322,3610.2311111111235,8,0,0,0,3,0,23775,0
6851.0,fzp,1.0,1444,1123,321,3610.542916666679,2,2,0,1,4,0,23779,0
6852.0,fzp,1.0,1438,1121,317,3610.8545833333455,0,3,0,0,1,0,23782,0
6853.0,fzp,1.0,1436,1119,317,3611.1656944444567,2,2,0,1,1,0,23786,0
6854.0,fzp,1.0,1440,1122,318,3611.476944444457,1,0,0,0,4,0,23787,0
6855.0,fzp,1.0,1439,1121,318,3611.7884722222348,2,0,0,0,1,0,23789,0
6856.0,fzp,1.0,1437,1117,320,3612.099305555568,4,2,0,0,2,0,23795,0
6857.0,fzp,1.0,1441,1117,324,3612.409583333346,1,1,0,0,2,0,23797,0
6858.0,fzp,1.0,1439,1113,326,3612.719305555568,2,3,0,0,1,0,23802,0
6859.0,fzp,1.0,1440,1115,325,3613.0287500000127,0,1,0,0,3,0,23803,0
6860.0,fzp,1.0,1442,1120,322,3613.3391666666794,0,0,0,1,4,0,23803,0
6861.0,fzp,1.0,1441,1120,321,3613.6502777777905,1,1,0,2,0,0,23805,0
6862.0,fzp,1.0,1441,1120,321,3613.9613888889016,1,0,0,0,1,0,23806,0
6863.0,fzp,1.0,1442,1118,324,3614.272222222235,4,1,0,2,1,0,23811,0
6864.0,fzp,1.0,1440,1120,320,3614.5830555555685,0,0,0,2,0,0,23811,0
6865.0,fzp,1.0,1436,1118,318,3614.893888888902,4,1,0,1,2,0,23816,0
6866.0,fzp,1.0,1437,1120,317,3615.2047222222354,1,1,0,2,2,0,23818,0
6867.0,fzp,1.0,1440,1121,319,3615.5159722222356,3,0,0,0,4,0,23821,0
6868.0,fzp,1.0,1438,1117,321,3615.826805555569,4,3,0,1,2,0,23828,0
6869.0,fzp,1.0,1438,1115,323,3616.136805555569,5,1,0,1,3,0,23834,0
6870.0,fzp,1.0,1440,1116,324,3616.4466666666804,0,1,0,0,2,0,23835,0
6871.0,fzp,1.0,1439,1113,326,3616.7562500000136,4,1,0,1,1,0,23840,0
6872.0,fzp,1.0,1438,1115,323,3617.065694444458,0,0,0,1,1,0,23840,0
6873.0,fzp,1.0,1435,1113,322,3617.3751388889027,3,1,0,1,1,0,23844,0
6874.0,fzp,1.0,1435,1114,321,3617.684444444458,2,0,0,0,3,0,23846,0
6875.0,fzp,1.0,1436,1111,325,3617.993472222236,4,0,0,0,1,0,23850,0
6876.0,fzp,1.0,1436,1112,324,3618.302222222236,0,0,0,0,1,0,23850,0
6877.0,fzp,1.0,1436,1108,328,3618.6105555555696,5,1,0,0,2,0,23856,0
6878.0,fzp,1.0,1436,1111,325,3618.918750000014,0,0,0,0,3,0,23856,0
6879.0,fzp,1.0,1439,1112,327,3619.227500000014,3,0,0,0,4,0,23859,0
6880.0,fzp,1.0,1431,1112,319,3619.536388888903,2,1,0,2,1,0,23862,0
6881.0,fzp,1.0,1431,1113,318,3619.8454166666806,2,0,0,2,1,0,23864,0
6882.0,fzp,1.0,1434,1114,320,3620.154722222236,2,0,0,0,3,0,23866,0
6883.0,fzp,1.0,1434,1115,319,3620.4643055555694,2,1,0,1,3,0,23869,0
6884.0,fzp,1.0,1433,1116,317,3620.7741666666807,1,1,0,0,3,0,23871,0
6885.0,fzp,1.0,1431,1112,319,3621.0836111111253,3,2,0,0,1,0,23876,0
6886.0,fzp,1.0,1431,1112,319,3621.392500000014,0,1,0,0,1,0,23877,0
6887.0,fzp,1.0,1428,1108,320,3621.7008333333474,4,1,0,0,1,0,23882,0
6888.0,fzp,1.0,1428,1107,321,3622.0084722222364,2,1,0,0,2,0,23885,0
6889.0,fzp,1.0,1424,1108,316,3622.3161111111253,2,2,0,0,5,0,23889,0
6890.0,fzp,1.0,1426,1111,315,3622.6243055555697,4,0,0,5,2,0,23893,0
6891.0,fzp,1.0,1429,1111,318,3622.9329166666807,2,0,0,0,2,0,23895,0
6892.0,fzp,1.0,1429,1110,319,3623.2413888889027,3,0,0,1,1,0,23898,0
6893.0,fzp,1.0,1430,1111,319,3623.5498611111248,2,1,0,1,3,0,23901,0
6894.0,fzp,1.0,1425,1108,317,3623.858055555569,3,0,1,0,1,0,23904,0
6895.0,fzp,1.0,1423,1109,314,3624.1659722222357,3,0,0,2,2,0,23907,0
6896.0,fzp,1.0,1421,1109,312,3624.4740277777914,0,1,0,0,1,0,23908,0
6897.0,fzp,1.0,1421,1110,311,3624.7822222222358,2,1,0,1,3,0,23911,0
6898.0,fzp,1.0,1417,1108,309,3625.0902777777915,2,1,0,0,1,0,23914,0
6899.0,fzp,1.0,1419,1110,309,3625.398333333347,1,2,0,1,4,0,23917,0
6900.0,fzp,1.0,1413,1108,305,3625.706388888903,2,0,1,0,1,0,23919,0
6901.0,fzp,1.0,1414,1108,306,3626.0141666666805,1,0,0,0,1,0,23920,0
6902.0,fzp,1.0,1414,1106,308,3626.3216666666804,3,1,1,0,3,0,23924,0
6903.0,fzp,1.0,1416,1109,307,3626.6293055555693,0,0,0,0,3,0,23924,0
6904.0,fzp,1.0,1420,1111,309,3626.9376388889027,1,0,0,0,3,0,23925,0
6905.0,fzp,1.0,1422,1113,309,3627.2465277777915,0,0,0,1,1,0,23925,0
6906.0,fzp,1.0,1423,1114,309,3627.555833333347,1,0,0,1,1,0,23926,0
6907.0,fzp,1.0,1417,1111,306,3627.864861111125,1,3,0,0,1,0,23930,0
6908.0,fzp,1.0,1418,1111,307,3628.173472222236,4,0,0,1,3,0,23934,0
6909.0,fzp,1.0,1416,1111,305,3628.482083333347,2,1,0,1,2,0,23937,0
6910.0,fzp,1.0,1416,1113,303,3628.7909722222357,1,1,0,1,3,0,23939,0
6911.0,fzp,1.0,1419,1116,303,3629.100555555569,1,0,0,1,3,0,23940,0
6912.0,fzp,1.0,1424,1118,306,3629.4108333333465,2,0,0,1,3,0,23942,0
6913.0,fzp,1.0,1426,1123,303,3629.7220833333467,1,0,0,2,4,0,23943,0
6914.0,fzp,1.0,1428,1123,305,3630.0340277777914,1,1,0,0,2,0,23945,0
6915.0,fzp,1.0,1430,1125,305,3630.3462500000137,1,1,0,1,3,0,23947,0
6916.0,fzp,1.0,1429,1123,306,3630.658472222236,3,0,0,0,1,0,23950,0
6917.0,fzp,1.0,1432,1125,307,3630.9706944444583,0,0,0,1,1,0,23950,0
6918.0,fzp,1.0,1433,1121,312,3631.282638888903,3,2,0,0,1,0,23955,0
6919.0,fzp,1.0,1433,1120,313,3631.593888888903,1,1,0,0,1,0,23957,0
6920.0,fzp,1.0,1435,1119,316,3631.9048611111252,4,1,0,0,4,0,23962,0
6921.0,fzp,1.0,1438,1120,318,3632.2158333333473,1,0,0,0,2,0,23963,0
6922.0,fzp,1.0,1437,1118,319,3632.5266666666807,3,0,0,0,1,0,23966,0
6923.0,fzp,1.0,1434,1116,318,3632.8369444444584,2,2,0,1,1,0,23970,0
6924.0,fzp,1.0,1438,1116,322,3633.1469444444583,2,2,0,1,3,0,23974,0
6925.0,fzp,1.0,1438,1115,323,3633.4568055555696,0,2,1,0,2,0,23976,0
6926.0,fzp,1.0,1437,1112,325,3633.766111111125,2,2,0,0,1,0,23980,0
6927.0,fzp,1.0,1442,1115,327,3634.0754166666807,2,0,0,0,5,0,23982,0
6928.0,fzp,1.0,1441,1116,325,3634.385277777792,0,0,0,0,1,0,23982,0
6929.0,fzp,1.0,1444,1118,326,3634.6955555555696,1,0,0,1,2,0,23983,0
6930.0,fzp,1.0,1441,1116,325,3635.0058333333473,2,4,0,0,4,0,23989,0
6931.0,fzp,1.0,1440,1116,324,3635.315833333347,0,1,0,0,1,0,23990,0
6932.0,fzp,1.0,1439,1115,324,3635.6256944444585,1,2,0,0,2,0,23993,0
6933.0,fzp,1.0,1444,1117,327,3635.9356944444585,1,0,0,0,3,0,23994,0
6934.0,fzp,1.0,1442,1115,327,3636.2456944444584,2,1,0,0,1,0,23997,0
6935.0,fzp,1.0,1443,1115,328,3636.5554166666807,3,0,0,2,1,0,24000,0
6936.0,fzp,1.0,1446,1118,328,3636.8655555555697,1,0,0,1,3,0,24001,0
6937.0,fzp,1.0,1445,1113,332,3637.175416666681,4,2,0,0,1,0,24007,0
6938.0,fzp,1.0,1445,1111,334,3637.48430555557,3,1,0,1,1,0,24011,0
6939.0,fzp,1.0,1448,1114,334,3637.7933333333476,1,1,0,1,4,0,24013,0
6940.0,fzp,1.0,1445,1114,331,3638.102777777792,1,1,0,0,2,0,24015,0
6941.0,fzp,1.0,1443,1113,330,3638.4120833333477,2,1,0,1,1,0,24018,0
6942.0,fzp,1.0,1439,1113,326,3638.721250000014,1,1,0,1,1,0,24020,0
6943.0,fzp,1.0,1436,1112,324,3639.030277777792,2,2,0,0,3,0,24024,0
6944.0,fzp,1.0,1436,1108,328,3639.3386111111254,6,0,0,0,2,0,24030,0
6945.0,fzp,1.0,1435,1109,326,3639.646527777792,0,1,0,1,1,0,24031,0
6946.0,fzp,1.0,1434,1111,323,3639.9548611111254,1,1,0,3,1,0,24033,0
6947.0,fzp,1.0,1433,1108,325,3640.2630555555697,3,0,1,0,1,0,24036,0
6948.0,fzp,1.0,1433,1107,326,3640.5706944444587,3,0,0,0,2,0,24039,0
6949.0,fzp,1.0,1435,1104,331,3640.877777777792,4,0,0,0,1,0,24043,0
6950.0,fzp,1.0,1430,1101,329,3641.184027777792,3,0,0,0,0,0,24046,0
6951.0,fzp,1.0,1428,1099,329,3641.4895833333476,2,0,0,0,0,0,24048,0
6952.0,fzp,1.0,1425,1097,328,3641.7945833333474,3,0,0,1,0,0,24051,0
6953.0,fzp,1.0,1429,1095,334,3642.099027777792,4,1,0,0,3,0,24056,0
6954.0,fzp,1.0,1429,1094,335,3642.4030555555696,2,0,0,0,1,0,24058,0
6955.0,fzp,1.0,1427,1093,334,3642.7068055555696,1,1,0,0,1,0,24060,0
6956.0,fzp,1.0,1424,1090,334,3643.0100000000143,1,2,0,0,0,0,24063,0
6957.0,fzp,1.0,1428,1090,338,3643.3127777777922,2,1,0,0,3,0,24066,0
6958.0,fzp,1.0,1427,1090,337,3643.61555555557,1,2,0,1,2,0,24069,0
6959.0,fzp,1.0,1431,1092,339,3643.9186111111258,1,2,0,2,3,0,24072,0
6960.0,fzp,1.0,1429,1093,336,3644.222083333348,1,3,0,1,4,0,24076,0
6961.0,fzp,1.0,1432,1095,337,3644.525972222237,1,1,0,0,4,0,24078,0
6962.0,fzp,1.0,1433,1096,337,3644.8302777777926,1,0,0,2,0,0,24079,0
6963.0,fzp,1.0,1433,1098,335,3645.1350000000148,1,0,0,2,1,0,24080,0
6964.0,fzp,1.0,1434,1098,336,3645.4400000000146,1,3,0,1,3,0,24084,0
6965.0,fzp,1.0,1431,1099,332,3645.7451388889035,0,3,0,1,3,0,24087,0
6966.0,fzp,1.0,1431,1102,329,3646.050833333348,0,3,0,2,4,0,24090,0
6967.0,fzp,1.0,1433,1106,327,3646.3575000000146,1,1,0,2,4,0,24092,0
6968.0,fzp,1.0,1434,1108,326,3646.6650000000145,0,0,0,0,2,0,24092,0
6969.0,fzp,1.0,1432,1108,324,3646.972777777792,3,1,0,4,0,0,24096,0
6970.0,fzp,1.0,1433,1111,322,3647.2809722222364,0,0,0,2,1,0,24096,0
6971.0,fzp,1.0,1430,1104,326,3647.5886111111254,7,2,0,1,1,0,24105,0
6972.0,fzp,1.0,1429,1103,326,3647.895138888903,1,1,0,0,1,0,24107,0
6973.0,fzp,1.0,1431,1104,327,3648.201666666681,4,0,0,3,2,0,24111,0
6974.0,fzp,1.0,1435,1103,332,3648.5081944444587,3,1,0,0,3,0,24115,0
6975.0,fzp,1.0,1437,1105,332,3648.8148611111255,2,1,0,0,5,0,24118,0
6976.0,fzp,1.0,1434,1105,329,3649.12180555557,1,1,0,1,1,0,24120,0
6977.0,fzp,1.0,1433,1106,327,3649.428888888903,2,1,0,1,3,0,24123,0
6978.0,fzp,1.0,1433,1105,328,3649.7359722222363,1,1,0,0,1,0,24125,0
6979.0,fzp,1.0,1433,1107,326,3650.0431944444585,0,0,0,0,2,0,24125,0
6980.0,fzp,1.0,1429,1106,323,3650.35055555557,1,3,0,2,1,0,24129,0
6981.0,fzp,1.0,1429,1107,322,3650.657916666681,1,1,0,1,2,0,24131,0
6982.0,fzp,1.0,1429,1109,320,3650.9656944444587,1,1,0,3,1,0,24133,0
6983.0,fzp,1.0,1429,1110,319,3651.273888888903,0,0,0,0,1,0,24133,0
6984.0,fzp,1.0,1428,1114,314,3651.5827777777918,0,0,0,3,1,0,24133,0
6985.0,fzp,1.0,1427,1113,314,3651.8920833333473,1,0,0,0,0,0,24134,0
6986.0,fzp,1.0,1426,1114,312,3652.201388888903,0,1,0,1,1,0,24135,0
6987.0,fzp,1.0,1428,1115,313,3652.510972222236,1,1,0,1,2,0,24137,0
6988.0,fzp,1.0,1430,1118,312,3652.821111111125,2,0,0,1,4,0,24139,0
6989.0,fzp,1.0,1429,1118,311,3653.1316666666808,0,1,0,1,0,0,24140,0
6990.0,fzp,1.0,1426,1116,310,3653.4419444444584,2,1,0,1,0,0,24143,0
6991.0,fzp,1.0,1428,1118,310,3653.752222222236,1,1,0,1,3,0,24145,0
6992.0,fzp,1.0,1431,1117,314,3654.0626388889027,3,0,0,0,2,0,24148,0
6993.0,fzp,1.0,1434,1118,316,3654.3730555555694,1,1,0,0,3,0,24150,0
6994.0,fzp,1.0,1431,1115,316,3654.6831944444584,3,1,0,0,1,0,24154,0
6995.0,fzp,1.0,1429,1115,314,3654.9929166666807,1,2,0,1,2,0,24157,0
6996.0,fzp,1.0,1426,1114,312,3655.302500000014,1,1,0,0,1,0,24159,0
6997.0,fzp,1.0,1425,1111,314,3655.6115277777917,2,2,0,1,0,0,24163,0
6998.0,fzp,1.0,1422,1111,311,3655.920138888903,0,3,0,1,2,0,24166,0
6999.0,fzp,1.0,1421,1112,309,3656.228888888903,0,1,1,0,3,0,24167,0
7000.0,fzp,1.0,1421,1112,309,3656.5377777777917,1,3,0,2,2,0,24171,0
7001.0,fzp,1.0,1423,1115,308,3656.847083333347,0,0,0,0,3,0,24171,0
7002.0,fzp,1.0,1418,1110,308,3657.156111111125,3,3,0,0,1,0,24177,0
7003.0,fzp,1.0,1419,1110,309,3657.4644444444584,0,1,0,0,1,0,24178,0
7004.0,fzp,1.0,1416,1108,308,3657.772500000014,1,2,0,1,0,0,24181,0
7005.0,fzp,1.0,1416,1108,308,3658.0802777777917,2,0,0,1,1,0,24183,0
7006.0,fzp,1.0,1413,1106,307,3658.3877777777916,3,0,0,0,1,0,24186,0
7007.0,fzp,1.0,1413,1104,309,3658.694722222236,2,1,0,0,1,0,24189,0
7008.0,fzp,1.0,1412,1102,310,3659.001111111125,1,2,0,0,1,0,24192,0
7009.0,fzp,1.0,1412,1101,311,3659.3070833333472,3,0,0,0,2,0,24195,0
7010.0,fzp,1.0,1411,1103,308,3659.6131944444583,1,0,0,2,1,0,24196,0
7011.0,fzp,1.0,1410,1104,306,3659.919722222236,2,0,0,0,3,0,24198,0
7012.0,fzp,1.0,1406,1103,303,3660.226250000014,2,0,0,1,0,0,24200,0
7013.0,fzp,1.0,1407,1103,304,3660.5326388889025,4,1,0,3,2,0,24205,0
7014.0,fzp,1.0,1405,1104,301,3660.8391666666803,0,0,0,1,0,0,24205,0
7015.0,fzp,1.0,1404,1106,298,3661.146111111125,3,0,0,0,5,0,24208,0
7016.0,fzp,1.0,1402,1110,292,3661.4538888889024,0,0,0,2,2,0,24208,0
7017.0,fzp,1.0,1404,1111,293,3661.7623611111244,2,0,0,1,2,0,24210,0
7018.0,fzp,1.0,1406,1113,293,3662.071250000013,0,0,0,0,2,0,24210,0
7019.0,fzp,1.0,1407,1110,297,3662.3800000000133,5,0,0,1,1,0,24215,0
7020.0,fzp,1.0,1410,1112,298,3662.6886111111244,1,1,0,0,4,0,24217,0
7021.0,fzp,1.0,1410,1112,298,3662.997500000013,1,1,0,0,2,0,24219,0
7022.0,fzp,1.0,1408,1110,298,3663.306111111124,2,2,0,0,2,0,24223,0
7023.0,fzp,1.0,1409,1112,297,3663.6147222222353,1,3,0,0,6,0,24227,0
7024.0,fzp,1.0,1411,1112,299,3663.923611111124,1,2,0,1,2,0,24230,0
7025.0,fzp,1.0,1410,1112,298,3664.232500000013,2,1,0,0,3,0,24233,0
7026.0,fzp,1.0,1414,1114,300,3664.5416666666792,1,0,0,0,3,0,24234,0
7027.0,fzp,1.0,1416,1114,302,3664.851111111124,2,0,0,0,2,0,24236,0
7028.0,fzp,1.0,1414,1112,302,3665.1602777777903,2,1,0,0,1,0,24239,0
7029.0,fzp,1.0,1411,1110,301,3665.4688888889013,4,1,0,1,2,0,24244,0
7030.0,fzp,1.0,1413,1109,304,3665.7770833333457,3,1,0,1,2,0,24248,0
7031.0,fzp,1.0,1415,1109,306,3666.0851388889014,3,0,0,0,3,0,24251,0
7032.0,fzp,1.0,1415,1110,305,3666.3933333333457,2,0,0,2,1,0,24253,0
7033.0,fzp,1.0,1421,1111,310,3666.7018055555677,1,0,0,0,2,0,24254,0
7034.0,fzp,1.0,1423,1114,309,3667.0108333333455,2,0,0,1,4,0,24256,0
7035.0,fzp,1.0,1423,1116,307,3667.320555555568,0,0,0,1,1,0,24256,0
7036.0,fzp,1.0,1420,1113,307,3667.630138888901,2,2,0,0,1,0,24260,0
7037.0,fzp,1.0,1421,1114,307,3667.9394444444565,1,0,0,0,2,0,24261,0
7038.0,fzp,1.0,1418,1111,307,3668.2484722222343,2,1,0,0,0,0,24264,0
7039.0,fzp,1.0,1419,1110,309,3668.5569444444563,2,0,0,0,1,0,24266,0
7040.0,fzp,1.0,1418,1111,307,3668.8654166666784,5,1,0,3,4,0,24272,0
7041.0,fzp,1.0,1418,1115,303,3669.174583333345,1,1,0,3,3,0,24274,0
7042.0,fzp,1.0,1417,1114,303,3669.484166666678,2,1,1,2,1,0,24277,0
7043.0,fzp,1.0,1415,1113,302,3669.7934722222335,0,3,0,1,1,0,24280,0
7044.0,fzp,1.0,1414,1114,300,3670.102777777789,2,2,0,1,4,0,24284,0
7045.0,fzp,1.0,1413,1114,299,3670.4122222222336,0,1,0,0,1,0,24285,0
7046.0,fzp,1.0,1412,1111,301,3670.7212500000114,4,0,1,2,0,0,24289,0
7047.0,fzp,1.0,1414,1113,301,3671.0301388889,0,0,0,1,1,0,24289,0
7048.0,fzp,1.0,1416,1116,300,3671.3397222222334,3,0,0,4,2,0,24292,0
7049.0,fzp,1.0,1418,1116,302,3671.6497222222333,1,0,0,0,1,0,24293,0
7050.0,fzp,1.0,1422,1117,305,3671.9598611111223,1,0,0,1,1,0,24294,0
7051.0,fzp,1.0,1423,1117,306,3672.2701388889,4,0,1,2,3,0,24298,0
7052.0,fzp,1.0,1425,1116,309,3672.580277777789,4,1,0,3,1,0,24303,0
7053.0,fzp,1.0,1420,1112,308,3672.8897222222336,4,1,0,0,1,0,24308,0
7054.0,fzp,1.0,1423,1113,310,3673.1987500000114,1,1,0,0,3,0,24310,0
7055.0,fzp,1.0,1421,1113,308,3673.507916666678,1,2,0,1,2,0,24313,0
7056.0,fzp,1.0,1424,1114,310,3673.8172222222333,3,1,0,1,4,0,24317,0
7057.0,fzp,1.0,1422,1111,311,3674.126250000011,2,1,0,0,0,0,24320,0
7058.0,fzp,1.0,1420,1109,311,3674.4345833333446,1,1,1,0,1,0,24322,0
7059.0,fzp,1.0,1418,1109,309,3674.7426388889003,1,1,1,1,2,0,24324,0
7060.0,fzp,1.0,1418,1110,308,3675.0508333333446,1,0,0,0,2,0,24325,0
7061.0,fzp,1.0,1415,1106,309,3675.358611111122,2,2,1,0,1,0,24329,0
7062.0,fzp,1.0,1416,1108,308,3675.666111111122,2,0,0,1,3,0,24331,0
7063.0,fzp,1.0,1415,1105,310,3675.9734722222333,4,0,0,1,0,0,24335,0
7064.0,fzp,1.0,1416,1106,310,3676.2805555555665,2,0,0,0,3,0,24337,0
7065.0,fzp,1.0,1414,1104,310,3676.587500000011,6,0,1,2,3,0,24343,0
7066.0,fzp,1.0,1412,1099,313,3676.8934722222334,4,2,0,0,1,0,24349,0
7067.0,fzp,1.0,1411,1100,311,3677.1988888889,1,1,0,0,3,0,24351,0
7068.0,fzp,1.0,1411,1098,313,3677.504166666678,3,1,0,0,2,0,24355,0
7069.0,fzp,1.0,1407,1098,309,3677.809166666678,0,1,0,0,1,0,24356,0
7070.0,fzp,1.0,1410,1101,309,3678.1145833333444,2,1,0,0,6,0,24359,0
7071.0,fzp,1.0,1410,1101,309,3678.4204166666777,1,1,0,0,2,0,24361,0
7072.0,fzp,1.0,1409,1102,307,3678.7263888889,1,1,0,1,2,0,24363,0
7073.0,fzp,1.0,1411,1102,309,3679.032500000011,4,1,0,1,4,0,24368,0
7074.0,fzp,1.0,1412,1103,309,3679.3387500000113,0,2,0,1,2,0,24370,0
7075.0,fzp,1.0,1407,1102,305,3679.6450000000114,1,1,0,1,0,0,24372,0
7076.0,fzp,1.0,1405,1104,301,3679.9513888889,2,1,0,0,5,0,24375,0
7077.0,fzp,1.0,1407,1105,302,3680.2581944444555,2,0,0,1,2,0,24377,0
7078.0,fzp,1.0,1407,1103,304,3680.5648611111224,4,0,0,0,2,0,24381,0
7079.0,fzp,1.0,1403,1101,302,3680.8709722222334,4,1,0,1,2,0,24386,0
7080.0,fzp,1.0,1400,1100,300,3681.1766666666776,1,3,0,1,2,0,24390,0
7081.0,fzp,1.0,1399,1100,299,3681.4822222222333,1,0,0,0,1,0,24391,0
7082.0,fzp,1.0,1401,1102,299,3681.7880555555666,1,2,0,0,5,0,24394,0
7083.0,fzp,1.0,1405,1106,299,3682.0947222222335,0,0,0,0,4,0,24394,0
7084.0,fzp,1.0,1407,1109,298,3682.4023611111224,1,1,0,0,5,0,24396,0
7085.0,fzp,1.0,1404,1105,299,3682.7098611111223,2,2,0,0,0,0,24400,0
7086.0,fzp,1.0,1405,1108,297,3683.0172222222336,1,0,0,2,2,0,24401,0
7087.0,fzp,1.0,1405,1110,295,3683.3252777777893,1,1,0,2,2,0,24403,0
7088.0,fzp,1.0,1409,1112,297,3683.6338888889004,0,0,0,0,2,0,24403,0
7089.0,fzp,1.0,1408,1112,296,3683.942777777789,1,0,0,1,0,0,24404,0
7090.0,fzp,1.0,1405,1110,295,3684.2513888889002,0,2,0,0,0,0,24406,0
7091.0,fzp,1.0,1404,1110,294,3684.5597222222336,1,2,0,1,2,0,24409,0
7092.0,fzp,1.0,1403,1113,290,3684.868472222234,0,1,0,1,3,0,24410,0
7093.0,fzp,1.0,1403,1115,288,3685.1779166666784,1,3,0,2,4,0,24414,0
7094.0,fzp,1.0,1399,1116,283,3685.4877777777897,0,0,0,0,1,0,24414,0
7095.0,fzp,1.0,1398,1117,281,3685.7979166666787,1,2,0,1,3,0,24417,0
7096.0,fzp,1.0,1396,1119,277,3686.1084722222345,0,1,0,2,1,0,24418,0
7097.0,fzp,1.0,1399,1117,282,3686.4190277777902,4,1,0,0,3,0,24423,0
7098.0,fzp,1.0,1402,1117,285,3686.729305555568,2,0,0,0,2,0,24425,0
7099.0,fzp,1.0,1405,1119,286,3687.0398611111236,2,0,0,1,3,0,24427,0
7100.0,fzp,1.0,1406,1121,285,3687.3509722222348,1,0,0,1,2,0,24428,0
7101.0,fzp,1.0,1408,1121,287,3687.6623611111236,2,0,0,1,1,0,24430,0
7102.0,fzp,1.0,1409,1119,290,3687.9734722222347,4,0,0,1,1,0,24434,0
7103.0,fzp,1.0,1407,1117,290,3688.2840277777905,2,1,0,1,0,0,24437,0
7104.0,fzp,1.0,1411,1118,293,3688.594444444457,2,1,1,0,5,0,24440,0
7105.0,fzp,1.0,1413,1121,292,3688.9054166666792,1,0,0,1,3,0,24441,0
7106.0,fzp,1.0,1412,1123,289,3689.2170833333457,1,1,0,1,3,0,24443,0
7107.0,fzp,1.0,1412,1123,289,3689.5290277777904,3,0,0,0,3,0,24446,0
7108.0,fzp,1.0,1412,1121,291,3689.840694444457,4,2,0,1,3,0,24452,0
7109.0,fzp,1.0,1417,1121,296,3690.1520833333457,3,1,0,1,3,0,24456,0
7110.0,fzp,1.0,1417,1119,298,3690.463194444457,3,0,0,0,1,0,24459,0
7111.0,fzp,1.0,1420,1120,300,3690.774166666679,2,1,0,1,3,0,24462,0
7112.0,fzp,1.0,1420,1118,302,3691.0850000000123,3,1,0,1,1,0,24466,0
7113.0,fzp,1.0,1423,1119,304,3691.3956944444567,1,0,0,0,2,0,24467,0
7114.0,fzp,1.0,1424,1121,303,3691.706805555568,1,1,0,1,3,0,24469,0
7115.0,fzp,1.0,1423,1120,303,3692.018055555568,2,1,0,0,2,0,24472,0
7116.0,fzp,1.0,1424,1119,305,3692.32902777779,1,1,0,0,1,0,24474,0
7117.0,fzp,1.0,1423,1121,302,3692.640138888901,0,0,0,0,2,0,24474,0
7118.0,fzp,1.0,1422,1121,301,3692.95152777779,0,0,0,0,0,0,24474,0
7119.0,fzp,1.0,1420,1119,301,3693.262638888901,3,1,0,1,1,0,24478,0
7120.0,fzp,1.0,1420,1117,303,3693.573194444457,2,2,0,0,2,0,24482,0
7121.0,fzp,1.0,1420,1114,306,3693.8830555555683,4,0,0,0,1,0,24486,0
7122.0,fzp,1.0,1415,1111,304,3694.192083333346,0,3,0,0,0,0,24489,0
7123.0,fzp,1.0,1411,1109,302,3694.5004166666795,2,1,0,1,0,0,24492,0
7124.0,fzp,1.0,1408,1107,301,3694.808194444457,2,1,0,1,0,0,24495,0
7125.0,fzp,1.0,1404,1107,297,3695.115694444457,0,1,0,0,1,0,24496,0
7126.0,fzp,1.0,1408,1107,301,3695.423194444457,2,1,0,0,3,0,24499,0
7127.0,fzp,1.0,1410,1108,302,3695.730833333346,1,1,0,1,2,0,24501,0
7128.0,fzp,1.0,1411,1110,301,3696.0388888889015,0,1,0,1,2,0,24502,0
7129.0,fzp,1.0,1413,1113,300,3696.3476388889017,1,1,0,1,4,0,24504,0
7130.0,fzp,1.0,1412,1114,298,3696.656944444457,1,1,0,2,1,0,24506,0
7131.0,fzp,1.0,1413,1115,298,3696.9665277777904,2,0,0,1,2,0,24508,0
7132.0,fzp,1.0,1417,1118,299,3697.2766666666794,4,0,0,2,5,0,24512,0
7133.0,fzp,1.0,1418,1120,298,3697.587500000013,0,1,0,1,2,0,24513,0
7134.0,fzp,1.0,1418,1117,301,3697.898194444457,4,0,0,1,0,0,24517,0
7135.0,fzp,1.0,1420,1120,300,3698.2088888889016,1,0,0,1,3,0,24518,0
7136.0,fzp,1.0,1419,1119,300,3698.5198611111236,2,0,0,0,1,0,24520,0
7137.0,fzp,1.0,1418,1119,299,3698.830694444457,1,0,0,0,1,0,24521,0
7138.0,fzp,1.0,1418,1117,301,3699.141250000013,3,2,0,0,3,0,24526,0
7139.0,fzp,1.0,1416,1116,300,3699.451388888902,1,2,0,0,2,0,24529,0
7140.0,fzp,1.0,1419,1116,303,3699.761388888902,3,0,0,0,3,0,24532,0
7141.0,fzp,1.0,1420,1117,303,3700.071527777791,1,0,0,0,2,0,24533,0
7142.0,fzp,1.0,1420,1114,306,3700.381388888902,3,0,0,0,0,0,24536,0
7143.0,fzp,1.0,1421,1114,307,3700.6908333333467,2,0,0,1,1,0,24538,0
7144.0,fzp,1.0,1423,1114,309,3701.0002777777913,2,0,0,0,2,0,24540,0
7145.0,fzp,1.0,1423,1114,309,3701.309722222236,1,1,0,0,2,0,24542,0
7146.0,fzp,1.0,1420,1108,312,3701.618333333347,4,2,0,0,0,0,24548,0
7147.0,fzp,1.0,1420,1108,312,3701.9261111111246,1,1,0,0,2,0,24550,0
7148.0,fzp,1.0,1421,1106,315,3702.2336111111244,4,0,0,0,2,0,24554,0
7149.0,fzp,1.0,1417,1104,313,3702.540555555569,1,1,0,0,0,0,24556,0
7150.0,fzp,1.0,1421,1105,316,3702.8473611111244,4,0,0,0,5,0,24560,0
7151.0,fzp,1.0,1424,1105,319,3703.154305555569,1,2,0,0,3,0,24563,0
7152.0,fzp,1.0,1427,1106,321,3703.461388888902,2,0,0,0,3,0,24565,0
7153.0,fzp,1.0,1426,1104,322,3703.7683333333466,1,1,1,0,1,0,24567,0
7154.0,fzp,1.0,1429,1105,324,3704.075138888902,2,0,0,1,2,0,24569,0
7155.0,fzp,1.0,1430,1103,327,3704.381805555569,1,1,0,0,0,0,24571,0
7156.0,fzp,1.0,1430,1106,324,3704.6886111111244,0,0,0,0,3,0,24571,0
7157.0,fzp,1.0,1432,1107,325,3704.9959722222357,1,2,0,0,4,0,24574,0
7158.0,fzp,1.0,1431,1106,325,3705.303333333347,0,1,0,0,0,0,24575,0
7159.0,fzp,1.0,1431,1105,326,3705.61041666668,0,3,0,0,2,0,24578,0
7160.0,fzp,1.0,1433,1106,327,3705.917500000013,0,1,0,0,2,0,24579,0
7161.0,fzp,1.0,1433,1109,324,3706.225138888902,0,0,0,0,3,0,24579,0
7162.0,fzp,1.0,1438,1113,325,3706.5337500000132,0,0,0,0,4,0,24579,0
7163.0,fzp,1.0,1435,1114,321,3706.8430555555688,3,1,0,4,1,0,24583,0
7164.0,fzp,1.0,1433,1112,321,3707.152222222235,0,2,0,0,0,0,24585,0
7165.0,fzp,1.0,1431,1112,319,3707.461111111124,1,0,0,0,1,0,24586,0
7166.0,fzp,1.0,1433,1114,319,3707.7702777777904,2,0,0,2,2,0,24588,0
7167.0,fzp,1.0,1438,1117,321,3708.0801388889017,3,0,0,1,5,0,24591,0
7168.0,fzp,1.0,1442,1120,322,3708.390833333346,2,0,0,1,4,0,24593,0
7169.0,fzp,1.0,1442,1121,321,3708.7020833333463,2,0,0,2,1,0,24595,0
7170.0,fzp,1.0,1443,1122,321,3709.013611111124,2,0,0,2,1,0,24597,0
7171.0,fzp,1.0,1441,1121,320,3709.325138888902,1,2,0,0,2,0,24600,0
7172.0,fzp,1.0,1442,1121,321,3709.636527777791,2,1,0,2,1,0,24603,0
7173.0,fzp,1.0,1438,1117,321,3709.9473611111243,3,1,0,0,0,0,24607,0
7174.0,fzp,1.0,1438,1117,321,3710.257638888902,4,0,0,1,3,0,24611,0
7175.0,fzp,1.0,1437,1118,319,3710.5680555555687,3,0,0,2,2,0,24614,0
7176.0,fzp,1.0,1437,1117,320,3710.8784722222354,1,1,0,0,1,0,24616,0
7177.0,fzp,1.0,1439,1117,322,3711.188750000013,2,2,0,2,2,0,24620,0
7178.0,fzp,1.0,1438,1113,325,3711.4984722222353,3,2,0,1,0,0,24625,0
7179.0,fzp,1.0,1437,1109,328,3711.8070833333463,3,2,0,0,1,0,24630,0
7180.0,fzp,1.0,1437,1106,331,3712.1147222222353,2,2,0,0,1,0,24634,0
7181.0,fzp,1.0,1438,1104,334,3712.42166666668,4,0,0,1,1,0,24638,0
7182.0,fzp,1.0,1436,1101,335,3712.72791666668,3,0,0,0,0,0,24641,0
7183.0,fzp,1.0,1435,1100,335,3713.033611111124,2,0,0,0,1,0,24643,0
7184.0,fzp,1.0,1435,1100,335,3713.33916666668,4,0,0,1,3,0,24647,0
7185.0,fzp,1.0,1432,1096,336,3713.6441666666797,3,2,0,1,0,0,24652,0
7186.0,fzp,1.0,1431,1096,335,3713.948611111124,2,2,0,2,2,0,24656,0
7187.0,fzp,1.0,1432,1095,337,3714.2529166666795,3,0,0,0,2,0,24659,0
7188.0,fzp,1.0,1435,1099,336,3714.5576388889017,1,1,0,2,4,0,24661,0
7189.0,fzp,1.0,1433,1098,335,3714.8627777777906,2,1,0,1,1,0,24664,0
7190.0,fzp,1.0,1433,1098,335,3715.1677777777904,4,0,0,2,2,0,24668,0
7191.0,fzp,1.0,1433,1097,336,3715.4726388889017,4,0,0,2,1,0,24672,0
7192.0,fzp,1.0,1434,1096,338,3715.777222222235,2,1,1,1,2,0,24675,0
7193.0,fzp,1.0,1436,1097,339,3716.0818055555687,4,0,0,4,1,0,24679,0
7194.0,fzp,1.0,1436,1093,343,3716.3859722222355,3,1,0,0,0,0,24683,0
7195.0,fzp,1.0,1434,1096,338,3716.6900000000132,1,0,1,2,3,0,24684,0
7196.0,fzp,1.0,1436,1100,336,3716.995000000013,2,1,0,3,4,0,24687,0
7197.0,fzp,1.0,1433,1099,334,3717.3004166666797,1,1,0,0,1,0,24689,0
7198.0,fzp,1.0,1434,1101,333,3717.6059722222353,3,1,0,2,4,0,24693,0
7199.0,fzp,1.0,1430,1101,329,3717.9118055555687,0,1,1,1,1,0,24694,0
7200.0,fzp,1.0,1428,1101,327,3718.217638888902,0,3,0,1,2,0,24697,0
7201.0,fzp,1.0,1423,1104,319,3718.523888888902,1,1,0,3,2,0,24699,0
7202.0,fzp,1.0,1425,1103,322,3718.83041666668,5,0,0,3,1,0,24704,0
7203.0,fzp,1.0,1419,1102,317,3719.13666666668,2,1,0,0,2,0,24707,0
7204.0,fzp,1.0,1424,1105,319,3719.4431944444577,2,0,0,0,5,0,24709,0
7205.0,fzp,1.0,1425,1104,321,3719.750000000013,2,0,0,0,1,0,24711,0
7206.0,fzp,1.0,1425,1104,321,3720.05666666668,2,2,0,1,3,0,24715,0
7207.0,fzp,1.0,1426,1106,320,3720.3636111111246,1,1,0,1,3,0,24717,0
7208.0,fzp,1.0,1426,1104,322,3720.670555555569,2,2,1,1,2,0,24721,0
7209.0,fzp,1.0,1421,1102,319,3720.976944444458,3,2,0,1,2,0,24726,0
7210.0,fzp,1.0,1420,1100,320,3721.282777777791,4,3,0,0,5,0,24733,0
7211.0,fzp,1.0,1418,1100,318,3721.588333333347,3,1,0,1,3,0,24737,0
7212.0,fzp,1.0,1418,1102,316,3721.89416666668,1,1,0,1,3,0,24739,0
7213.0,fzp,1.0,1418,1102,316,3722.200277777791,3,1,0,2,2,0,24743,0
7214.0,fzp,1.0,1415,1101,314,3722.5062500000136,2,1,0,0,2,0,24746,0
7215.0,fzp,1.0,1416,1105,311,3722.8126388889023,0,0,0,1,3,0,24746,0
7216.0,fzp,1.0,1418,1108,310,3723.1200000000135,0,0,0,0,3,0,24746,0
7217.0,fzp,1.0,1417,1109,308,3723.42791666668,0,2,0,1,2,0,24748,0
7218.0,fzp,1.0,1416,1106,310,3723.735555555569,2,1,0,0,0,0,24751,0
7219.0,fzp,1.0,1411,1104,307,3724.0425000000137,2,3,0,1,2,0,24756,0
7220.0,fzp,1.0,1413,1102,311,3724.3488888889024,4,0,0,0,2,0,24760,0
7221.0,fzp,1.0,1410,1099,311,3724.6545833333466,3,2,0,0,2,0,24765,0
7222.0,fzp,1.0,1407,1095,312,3724.959305555569,2,3,0,0,1,0,24770,0
7223.0,fzp,1.0,1405,1089,316,3725.262638888902,3,3,0,0,0,0,24776,0
7224.0,fzp,1.0,1402,1089,313,3725.565138888902,2,1,0,0,3,0,24779,0
7225.0,fzp,1.0,1401,1090,311,3725.8677777777907,2,1,0,2,2,0,24782,0
7226.0,fzp,1.0,1400,1087,313,3726.170138888902,3,2,0,1,1,0,24787,0
7227.0,fzp,1.0,1401,1088,313,3726.4722222222354,1,0,0,0,2,0,24788,0
7228.0,fzp,1.0,1403,1086,317,3726.77416666668,4,0,0,0,2,0,24792,0
7229.0,fzp,1.0,1403,1085,318,3727.0756944444574,2,0,0,1,0,0,24794,0
7230.0,fzp,1.0,1400,1085,315,3727.3770833333465,3,0,0,1,2,0,24797,0
7231.0,fzp,1.0,1402,1085,317,3727.6784722222355,2,1,0,0,3,0,24800,0
7232.0,fzp,1.0,1400,1085,315,3727.9798611111246,1,0,0,1,0,0,24801,0
7233.0,fzp,1.0,1398,1080,318,3728.280555555569,3,2,0,0,0,0,24806,0
7234.0,fzp,1.0,1399,1079,320,3728.5804166666803,1,2,0,0,2,0,24809,0
7235.0,fzp,1.0,1400,1077,323,3728.8798611111247,1,2,0,0,1,0,24812,0
7236.0,fzp,1.0,1398,1075,323,3729.1787500000137,1,3,0,0,2,0,24816,0
7237.0,fzp,1.0,1397,1074,323,3729.477222222236,2,3,0,1,3,0,24821,0
7238.0,fzp,1.0,1395,1074,321,3729.775555555569,0,2,0,0,2,0,24823,0
7239.0,fzp,1.0,1396,1075,321,3730.0740277777913,1,2,0,0,4,0,24826,0
7240.0,fzp,1.0,1393,1072,321,3730.372222222236,2,3,0,0,2,0,24831,0
7241.0,fzp,1.0,1390,1074,316,3730.6702777777914,0,1,0,1,2,0,24832,0
7242.0,fzp,1.0,1390,1077,313,3730.9690277777913,1,1,0,2,3,0,24834,0
7243.0,fzp,1.0,1389,1078,311,3731.268333333347,0,2,0,1,2,0,24836,0
7244.0,fzp,1.0,1390,1077,313,3731.567638888903,3,0,0,0,2,0,24839,0
7245.0,fzp,1.0,1390,1079,311,3731.867083333347,0,0,0,1,1,0,24839,0
7246.0,fzp,1.0,1388,1081,307,3732.1670833333474,2,0,0,3,1,0,24841,0
7247.0,fzp,1.0,1389,1077,312,3732.4668055555694,4,0,0,0,0,0,24845,0
7248.0,fzp,1.0,1388,1074,314,3732.7655555555693,5,0,1,2,1,0,24850,0
7249.0,fzp,1.0,1384,1070,314,3733.063333333347,4,1,0,1,0,0,24855,0
7250.0,fzp,1.0,1384,1070,314,3733.3605555555696,2,0,0,1,1,0,24857,0
7251.0,fzp,1.0,1387,1073,314,3733.6581944444583,1,0,0,3,1,0,24858,0
7252.0,fzp,1.0,1382,1070,312,3733.955833333347,5,0,0,1,1,0,24863,0
7253.0,fzp,1.0,1383,1067,316,3734.2526388889028,5,0,0,0,2,0,24868,0
7254.0,fzp,1.0,1382,1065,317,3734.548750000014,3,0,0,0,1,0,24871,0
7255.0,fzp,1.0,1385,1067,318,3734.8448611111253,1,0,0,0,3,0,24872,0
7256.0,fzp,1.0,1386,1062,324,3735.14055555557,5,2,0,0,2,0,24879,0
7257.0,fzp,1.0,1391,1066,325,3735.4361111111252,1,0,0,1,4,0,24880,0
7258.0,fzp,1.0,1390,1065,325,3735.7320833333474,1,0,0,0,0,0,24881,0
7259.0,fzp,1.0,1389,1065,324,3736.0279166666805,2,2,0,1,3,0,24885,0
7260.0,fzp,1.0,1388,1064,324,3736.323611111125,2,0,0,0,1,0,24887,0
7261.0,fzp,1.0,1388,1065,323,3736.6193055555696,1,1,0,2,1,0,24889,0
7262.0,fzp,1.0,1387,1065,322,3736.9151388889027,0,0,0,0,0,0,24889,0
7263.0,fzp,1.0,1387,1064,323,3737.210833333347,3,2,0,1,3,0,24894,0
7264.0,fzp,1.0,1386,1062,324,3737.506111111125,1,1,0,0,0,0,24896,0
7265.0,fzp,1.0,1386,1061,325,3737.800972222236,1,1,0,1,0,0,24898,0
7266.0,fzp,1.0,1384,1063,321,3738.095972222236,1,0,0,1,2,0,24899,0
7267.0,fzp,1.0,1388,1065,323,3738.3915277777915,1,0,0,0,3,0,24900,0
7268.0,fzp,1.0,1389,1063,326,3738.687083333347,2,1,0,0,1,0,24903,0
7269.0,fzp,1.0,1388,1064,324,3738.9825000000137,3,1,0,4,1,0,24907,0
7270.0,fzp,1.0,1386,1064,322,3739.278055555569,2,0,0,1,1,0,24909,0
7271.0,fzp,1.0,1384,1060,324,3739.573055555569,5,0,0,1,0,0,24914,0
7272.0,fzp,1.0,1386,1064,322,3739.8680555555693,1,0,0,2,3,0,24915,0
7273.0,fzp,1.0,1387,1062,325,3740.163333333347,3,1,0,0,2,0,24919,0
7274.0,fzp,1.0,1388,1062,326,3740.458333333347,1,1,0,1,1,0,24921,0
7275.0,fzp,1.0,1389,1061,328,3740.753194444458,2,2,0,0,3,0,24925,0
7276.0,fzp,1.0,1387,1061,326,3741.0479166666805,0,1,0,0,1,0,24926,0
7277.0,fzp,1.0,1385,1059,326,3741.342361111125,3,0,0,0,1,0,24929,0
7278.0,fzp,1.0,1386,1061,325,3741.636805555569,0,0,0,0,2,0,24929,0
7279.0,fzp,1.0,1388,1064,324,3741.9319444444577,1,0,0,0,4,0,24930,0
7280.0,fzp,1.0,1390,1065,325,3742.227638888902,4,0,0,2,3,0,24934,0
7281.0,fzp,1.0,1391,1066,325,3742.5236111111244,2,1,0,1,3,0,24937,0
7282.0,fzp,1.0,1394,1070,324,3742.820277777791,1,0,0,1,4,0,24938,0
7283.0,fzp,1.0,1393,1071,322,3743.117638888902,1,0,0,1,1,0,24939,0
7284.0,fzp,1.0,1396,1072,324,3743.415277777791,2,0,0,0,3,0,24941,0
7285.0,fzp,1.0,1397,1073,324,3743.7131944444577,0,0,0,1,0,0,24941,0
7286.0,fzp,1.0,1398,1077,321,3744.011805555569,0,0,0,1,3,0,24941,0
7287.0,fzp,1.0,1402,1081,321,3744.311527777791,2,0,0,0,6,0,24943,0
7288.0,fzp,1.0,1401,1080,321,3744.61166666668,1,0,0,0,0,0,24944,0
7289.0,fzp,1.0,1402,1081,321,3744.9118055555687,1,2,0,1,3,0,24947,0
7290.0,fzp,1.0,1403,1079,324,3745.211805555569,2,2,0,0,2,0,24951,0
7291.0,fzp,1.0,1404,1078,326,3745.5113888889023,3,3,0,1,4,0,24957,0
7292.0,fzp,1.0,1404,1075,329,3745.81041666668,4,1,0,0,2,0,24962,0
7293.0,fzp,1.0,1402,1073,329,3746.108750000013,2,1,0,0,1,0,24965,0
7294.0,fzp,1.0,1399,1071,328,3746.406527777791,2,1,0,1,0,0,24968,0
7295.0,fzp,1.0,1396,1067,329,3746.703472222235,3,3,0,0,2,0,24974,0
7296.0,fzp,1.0,1398,1062,336,3746.9991666666797,4,2,0,0,1,0,24980,0
7297.0,fzp,1.0,1395,1063,332,3747.2943055555684,0,0,1,1,1,0,24980,0
7298.0,fzp,1.0,1392,1064,328,3747.589722222235,0,2,0,0,3,0,24982,0
7299.0,fzp,1.0,1393,1067,326,3747.8856944444574,0,1,0,2,2,0,24983,0
7300.0,fzp,1.0,1390,1068,322,3748.182222222235,0,1,0,0,2,0,24984,0
7301.0,fzp,1.0,1391,1068,323,3748.4788888889016,1,1,0,0,2,0,24986,0
7302.0,fzp,1.0,1389,1068,321,3748.775555555568,1,1,0,1,1,0,24988,0
7303.0,fzp,1.0,1388,1067,321,3749.0720833333457,2,0,0,0,1,0,24990,0
7304.0,fzp,1.0,1387,1064,323,3749.368055555568,3,1,0,0,1,0,24994,0
7305.0,fzp,1.0,1387,1064,323,3749.6636111111234,2,0,0,0,2,0,24996,0
7306.0,fzp,1.0,1387,1064,323,3749.959166666679,1,3,0,0,4,0,25000,0
7307.0,fzp,1.0,1386,1063,323,3750.2545833333456,1,1,0,0,1,0,25002,0
7308.0,fzp,1.0,1387,1062,325,3750.5497222222343,1,1,0,0,1,0,25004,0
7309.0,fzp,1.0,1388,1061,327,3750.8445833333453,1,1,0,0,1,0,25006,0
7310.0,fzp,1.0,1383,1058,325,3751.138888888901,1,2,0,0,0,0,25009,0
7311.0,fzp,1.0,1381,1059,322,3751.432916666679,0,2,0,0,3,0,25011,0
7312.0,fzp,1.0,1380,1059,321,3751.7270833333455,1,1,0,0,2,0,25013,0
7313.0,fzp,1.0,1381,1059,322,3752.021250000012,3,0,0,2,1,0,25016,0
7314.0,fzp,1.0,1383,1060,323,3752.3155555555677,1,0,0,0,2,0,25017,0
7315.0,fzp,1.0,1385,1063,322,3752.6104166666787,2,2,0,1,6,0,25021,0
7316.0,fzp,1.0,1385,1061,324,3752.905416666679,2,2,0,1,1,0,25025,0
7317.0,fzp,1.0,1385,1062,323,3753.20027777779,4,2,0,4,3,0,25031,0
7318.0,fzp,1.0,1385,1062,323,3753.49527777779,2,2,0,2,2,0,25035,0
7319.0,fzp,1.0,1380,1057,323,3753.7895833333455,3,2,0,0,0,0,25040,0
7320.0,fzp,1.0,1384,1060,324,3754.0836111111234,1,0,0,0,4,0,25041,0
7321.0,fzp,1.0,1383,1062,321,3754.378333333346,1,0,0,1,2,0,25042,0
7322.0,fzp,1.0,1379,1058,321,3754.67277777779,3,2,0,0,1,0,25047,0
7323.0,fzp,1.0,1379,1058,321,3754.966666666679,1,0,0,0,1,0,25048,0
7324.0,fzp,1.0,1381,1057,324,3755.260416666679,3,0,0,0,2,0,25051,0
7325.0,fzp,1.0,1381,1054,327,3755.5536111111232,4,2,0,1,2,0,25057,0
7326.0,fzp,1.0,1375,1051,324,3755.845972222234,1,3,0,0,1,0,25061,0
7327.0,fzp,1.0,1374,1049,325,3756.1376388889007,3,1,0,0,2,0,25065,0
7328.0,fzp,1.0,1372,1047,325,3756.428750000012,3,2,0,0,3,0,25070,0
7329.0,fzp,1.0,1372,1043,329,3756.7190277777895,3,2,0,0,1,0,25075,0
7330.0,fzp,1.0,1372,1039,333,3757.008194444456,4,1,0,0,1,0,25080,0
7331.0,fzp,1.0,1371,1033,338,3757.2959722222336,6,1,0,0,1,0,25087,0
7332.0,fzp,1.0,1374,1033,341,3757.582916666678,6,0,0,2,4,0,25093,0
7333.0,fzp,1.0,1376,1032,344,3757.8697222222336,3,0,0,0,2,0,25096,0
7334.0,fzp,1.0,1374,1030,344,3758.1561111111223,3,1,0,0,2,0,25100,0
7335.0,fzp,1.0,1374,1026,348,3758.441666666678,4,1,0,0,1,0,25105,0
7336.0,fzp,1.0,1374,1026,348,3758.726666666678,2,0,0,0,2,0,25107,0
7337.0,fzp,1.0,1374,1026,348,3759.0116666666777,2,0,0,0,2,0,25109,0
7338.0,fzp,1.0,1374,1024,350,3759.2963888889,2,3,0,0,3,0,25114,0
7339.0,fzp,1.0,1377,1023,354,3759.5806944444553,4,0,0,0,3,0,25118,0
7340.0,fzp,1.0,1382,1020,362,3759.8644444444553,7,0,0,0,4,0,25125,0
7341.0,fzp,1.0,1381,1016,365,3760.1472222222333,5,0,0,0,1,0,25130,0
7342.0,fzp,1.0,1381,1016,365,3760.4294444444554,2,0,0,0,2,0,25132,0
7343.0,fzp,1.0,1381,1015,366,3760.711527777789,2,2,1,0,4,0,25136,0
7344.0,fzp,1.0,1379,1016,363,3760.9936111111224,1,0,0,0,2,0,25137,0
7345.0,fzp,1.0,1377,1015,362,3761.275694444456,3,1,1,1,3,0,25141,0
7346.0,fzp,1.0,1376,1014,362,3761.5575000000113,1,1,0,0,1,0,25143,0
7347.0,fzp,1.0,1376,1015,361,3761.8393055555666,1,1,0,0,3,0,25145,0
7348.0,fzp,1.0,1374,1013,361,3762.1209722222334,1,2,1,0,2,0,25148,0
7349.0,fzp,1.0,1372,1013,359,3762.4023611111224,0,2,0,1,1,0,25150,0
7350.0,fzp,1.0,1372,1013,359,3762.6837500000115,1,0,0,1,0,0,25151,0
7351.0,fzp,1.0,1375,1017,358,3762.965694444456,1,0,0,3,2,0,25152,0
7352.0,fzp,1.0,1373,1014,359,3763.2477777777895,5,2,0,3,1,0,25159,0
7353.0,fzp,1.0,1373,1015,358,3763.529583333345,0,1,0,2,0,0,25160,0
7354.0,fzp,1.0,1373,1014,359,3763.8113888889,2,1,0,1,1,0,25163,0
7355.0,fzp,1.0,1372,1016,356,3764.0933333333446,0,0,0,2,0,0,25163,0
7356.0,fzp,1.0,1375,1020,355,3764.3761111111226,3,1,0,3,5,0,25167,0
7357.0,fzp,1.0,1376,1023,353,3764.6598611111226,1,0,0,3,1,0,25168,0
7358.0,fzp,1.0,1370,1022,348,3764.9438888889003,2,0,0,1,0,0,25170,0
7359.0,fzp,1.0,1370,1023,347,3765.227916666678,0,1,0,1,1,0,25171,0
7360.0,fzp,1.0,1371,1027,344,3765.5126388889003,0,1,0,3,2,0,25172,0
7361.0,fzp,1.0,1370,1027,343,3765.7979166666782,2,1,0,2,1,0,25175,0
7362.0,fzp,1.0,1369,1027,342,3766.0831944444562,1,1,0,1,1,0,25177,0
7363.0,fzp,1.0,1369,1028,341,3766.368611111123,3,2,0,2,4,0,25182,0
7364.0,fzp,1.0,1369,1027,342,3766.6540277777895,2,1,0,0,2,0,25185,0
7365.0,fzp,1.0,1370,1027,343,3766.9393055555674,3,0,0,1,2,0,25188,0
7366.0,fzp,1.0,1369,1026,343,3767.2244444444564,2,1,0,0,2,0,25191,0
7367.0,fzp,1.0,1370,1030,340,3767.510000000012,2,0,0,2,4,0,25193,0
7368.0,fzp,1.0,1361,1025,336,3767.7954166666786,1,5,0,0,1,0,25199,0
7369.0,fzp,1.0,1359,1022,337,3768.079722222234,2,3,0,1,1,0,25204,0
7370.0,fzp,1.0,1356,1023,333,3768.363750000012,0,1,0,1,1,0,25205,0
7371.0,fzp,1.0,1352,1021,331,3768.6476388889005,2,1,0,1,0,0,25208,0
7372.0,fzp,1.0,1353,1023,330,3768.931527777789,0,0,0,0,2,0,25208,0
7373.0,fzp,1.0,1351,1023,328,3769.215694444456,1,0,0,0,1,0,25209,0
7374.0,fzp,1.0,1353,1023,330,3769.4998611111228,2,0,0,0,2,0,25211,0
7375.0,fzp,1.0,1354,1022,332,3769.7838888889005,0,2,0,0,1,0,25213,0
7376.0,fzp,1.0,1351,1022,329,3770.067777777789,0,2,0,0,2,0,25215,0
7377.0,fzp,1.0,1349,1021,328,3770.351527777789,1,0,0,0,0,0,25216,0
7378.0,fzp,1.0,1350,1021,329,3770.6351388889,2,0,0,1,1,0,25218,0
7379.0,fzp,1.0,1349,1022,327,3770.9188888889003,1,1,0,0,3,0,25220,0
7380.0,fzp,1.0,1350,1024,326,3771.203055555567,0,3,0,0,5,0,25223,0
7381.0,fzp,1.0,1352,1029,323,3771.488194444456,0,1,0,1,5,0,25224,0
7382.0,fzp,1.0,1347,1025,322,3771.773472222234,2,2,0,0,0,0,25228,0
7383.0,fzp,1.0,1346,1025,321,3772.058194444456,0,1,0,0,1,0,25229,0
7384.0,fzp,1.0,1343,1023,320,3772.3426388889006,3,1,0,0,2,0,25233,0
7385.0,fzp,1.0,1342,1023,319,3772.6268055555674,1,0,0,0,1,0,25234,0
7386.0,fzp,1.0,1338,1020,318,3772.9105555555675,3,0,0,0,0,0,25237,0
7387.0,fzp,1.0,1337,1021,316,3773.19402777779,1,1,0,1,2,0,25239,0
7388.0,fzp,1.0,1336,1022,314,3773.47777777779,1,0,0,0,2,0,25240,0
7389.0,fzp,1.0,1328,1017,311,3773.760972222234,3,3,0,1,0,0,25246,0
7390.0,fzp,1.0,1327,1019,308,3774.043750000012,1,1,0,2,2,0,25248,0
7391.0,fzp,1.0,1328,1020,308,3774.3269444444563,0,0,0,0,1,0,25248,0
7392.0,fzp,1.0,1329,1023,306,3774.6106944444564,1,0,0,1,3,0,25249,0
7393.0,fzp,1.0,1328,1022,306,3774.894722222234,2,0,0,1,0,0,25251,0
7394.0,fzp,1.0,1324,1019,305,3775.1781944444565,2,1,1,0,1,0,25254,0
7395.0,fzp,1.0,1324,1020,304,3775.4613888889007,3,0,0,1,3,0,25257,0
7396.0,fzp,1.0,1326,1020,306,3775.744722222234,4,0,0,2,2,0,25261,0
7397.0,fzp,1.0,1323,1019,304,3776.0279166666783,1,2,0,1,1,0,25264,0
7398.0,fzp,1.0,1318,1013,305,3776.3101388889004,5,2,0,1,0,0,25271,0
7399.0,fzp,1.0,1316,1012,304,3776.5913888889004,3,1,0,2,1,0,25275,0
7400.0,fzp,1.0,1318,1014,304,3776.8727777777895,2,1,0,1,4,0,25278,0
7401.0,fzp,1.0,1318,1016,302,3777.154722222234,1,0,0,2,1,0,25279,0
7402.0,fzp,1.0,1317,1015,302,3777.4368055555674,2,1,0,0,2,0,25282,0
7403.0,fzp,1.0,1315,1016,299,3777.718888888901,0,2,0,0,3,0,25284,0
7404.0,fzp,1.0,1313,1017,296,3778.001250000012,0,0,0,0,1,0,25284,0
7405.0,fzp,1.0,1311,1016,295,3778.2836111111233,2,1,0,1,1,0,25287,0
7406.0,fzp,1.0,1313,1018,295,3778.566111111123,0,0,0,0,2,0,25287,0
7407.0,fzp,1.0,1310,1014,296,3778.848333333345,1,3,0,0,0,0,25291,0
7408.0,fzp,1.0,1312,1015,297,3779.1301388889005,1,1,0,0,3,0,25293,0
7409.0,fzp,1.0,1311,1019,292,3779.4126388889003,1,1,0,1,5,0,25295,0
7410.0,fzp,1.0,1309,1018,291,3779.695555555567,1,2,0,1,1,0,25298,0
7411.0,fzp,1.0,1306,1017,289,3779.9781944444558,2,1,0,2,0,0,25301,0
7412.0,fzp,1.0,1306,1014,292,3780.2602777777893,3,2,0,1,1,0,25306,0
7413.0,fzp,1.0,1309,1015,294,3780.5420833333446,1,0,0,0,2,0,25307,0
7414.0,fzp,1.0,1307,1015,292,3780.824027777789,0,2,0,1,1,0,25309,0
7415.0,fzp,1.0,1308,1017,291,3781.106250000011,0,1,0,2,1,0,25310,0
7416.0,fzp,1.0,1310,1018,292,3781.3888888889,1,0,0,0,2,0,25311,0
7417.0,fzp,1.0,1310,1017,293,3781.671527777789,2,0,0,1,0,0,25313,0
7418.0,fzp,1.0,1312,1019,293,3781.954305555567,0,0,0,1,1,0,25313,0
7419.0,fzp,1.0,1316,1021,295,3782.2376388889,5,0,0,3,4,0,25318,0
7420.0,fzp,1.0,1318,1025,293,3782.521805555567,0,0,0,0,4,0,25318,0
7421.0,fzp,1.0,1324,1026,298,3782.806666666678,5,0,0,2,4,0,25323,0
7422.0,fzp,1.0,1323,1027,296,3783.091805555567,0,0,0,0,1,0,25323,0
7423.0,fzp,1.0,1322,1023,299,3783.3765277777893,4,2,0,1,1,0,25329,0
7424.0,fzp,1.0,1325,1025,300,3783.660972222234,1,2,0,1,4,0,25332,0
7425.0,fzp,1.0,1323,1024,299,3783.9455555555674,2,2,0,2,1,0,25336,0
7426.0,fzp,1.0,1320,1021,299,3784.229583333345,1,3,0,1,0,0,25340,0
7427.0,fzp,1.0,1324,1018,306,3784.5127777777893,4,1,0,0,2,0,25345,0
7428.0,fzp,1.0,1326,1020,306,3784.795833333345,1,0,0,2,1,0,25346,0
7429.0,fzp,1.0,1327,1021,306,3785.0793055555673,0,0,0,0,1,0,25346,0
7430.0,fzp,1.0,1330,1023,307,3785.363194444456,3,1,0,3,3,0,25350,0
7431.0,fzp,1.0,1330,1024,306,3785.6475000000114,1,0,0,1,1,0,25351,0
7432.0,fzp,1.0,1332,1023,309,3785.931805555567,3,0,0,0,2,0,25354,0
7433.0,fzp,1.0,1332,1026,306,3786.2163888889004,1,0,0,3,1,0,25355,0
7434.0,fzp,1.0,1331,1025,306,3786.5012500000116,1,1,0,0,1,0,25357,0
7435.0,fzp,1.0,1328,1024,304,3786.785833333345,1,2,0,2,0,0,25360,0
7436.0,fzp,1.0,1329,1023,306,3787.0701388889006,2,1,0,1,1,0,25363,0
7437.0,fzp,1.0,1332,1025,307,3787.354583333345,1,0,0,1,2,0,25364,0
7438.0,fzp,1.0,1332,1023,309,3787.6390277777896,2,2,0,1,1,0,25368,0
7439.0,fzp,1.0,1332,1024,308,3787.923333333345,1,1,0,0,3,0,25370,0
7440.0,fzp,1.0,1333,1022,311,3788.207500000012,4,1,0,0,3,0,25375,0
7441.0,fzp,1.0,1333,1022,311,3788.4913888889005,0,2,0,0,2,0,25377,0
7442.0,fzp,1.0,1333,1021,312,3788.7751388889005,1,4,0,1,3,0,25382,0
7443.0,fzp,1.0,1330,1018,312,3789.0583333333448,1,2,1,0,1,0,25385,0
7444.0,fzp,1.0,1332,1019,313,3789.3412500000113,2,2,0,1,4,0,25389,0
7445.0,fzp,1.0,1333,1020,313,3789.6244444444555,1,1,0,0,3,0,25391,0
7446.0,fzp,1.0,1333,1022,311,3789.9080555555665,0,0,0,0,2,0,25391,0
7447.0,fzp,1.0,1335,1024,311,3790.1922222222333,2,1,0,4,1,0,25394,0
7448.0,fzp,1.0,1339,1025,314,3790.476805555567,2,1,0,0,4,0,25397,0
7449.0,fzp,1.0,1340,1031,309,3790.7623611111226,1,0,0,2,5,0,25398,0
7450.0,fzp,1.0,1335,1030,305,3791.0486111111227,1,2,0,2,0,0,25401,0
7451.0,fzp,1.0,1340,1032,308,3791.3350000000114,2,0,0,0,4,0,25403,0
7452.0,fzp,1.0,1340,1033,307,3791.621805555567,1,0,0,0,2,0,25404,0
7453.0,fzp,1.0,1341,1029,312,3791.9081944444556,4,2,0,0,2,0,25410,0
7454.0,fzp,1.0,1339,1029,310,3792.194027777789,2,0,0,1,1,0,25412,0
7455.0,fzp,1.0,1340,1031,309,3792.4801388889,2,0,0,0,4,0,25414,0
7456.0,fzp,1.0,1343,1031,312,3792.7665277777887,2,0,0,1,1,0,25416,0
7457.0,fzp,1.0,1340,1029,311,3793.0526388888998,3,0,0,0,1,0,25419,0
7458.0,fzp,1.0,1342,1029,313,3793.338472222233,1,1,0,1,1,0,25421,0
7459.0,fzp,1.0,1344,1028,316,3793.6241666666774,2,0,0,0,1,0,25423,0
7460.0,fzp,1.0,1342,1028,314,3793.909722222233,1,0,0,0,1,0,25424,0
7461.0,fzp,1.0,1344,1030,314,3794.1955555555664,1,0,0,0,3,0,25425,0
7462.0,fzp,1.0,1343,1030,313,3794.4816666666775,0,2,0,0,2,0,25427,0
7463.0,fzp,1.0,1346,1028,318,3794.767500000011,5,2,0,3,2,0,25434,0
7464.0,fzp,1.0,1347,1029,318,3795.053194444455,1,1,0,1,2,0,25436,0
7465.0,fzp,1.0,1346,1027,319,3795.338750000011,2,1,0,0,1,0,25439,0
7466.0,fzp,1.0,1345,1027,318,3795.624027777789,3,3,0,3,3,0,25445,0
7467.0,fzp,1.0,1343,1025,318,3795.9090277777887,1,2,0,0,1,0,25448,0
7468.0,fzp,1.0,1346,1024,322,3796.193611111122,4,0,0,1,2,0,25452,0
7469.0,fzp,1.0,1343,1023,320,3796.4779166666776,3,0,0,1,1,0,25455,0
7470.0,fzp,1.0,1343,1022,321,3796.7619444444554,1,0,0,0,0,0,25456,0
7471.0,fzp,1.0,1344,1020,324,3797.0455555555664,1,1,0,0,0,0,25458,0
7472.0,fzp,1.0,1346,1020,326,3797.3288888888997,1,1,0,0,2,0,25460,0
7473.0,fzp,1.0,1345,1016,329,3797.6116666666776,4,2,0,0,2,0,25466,0
7474.0,fzp,1.0,1342,1015,327,3797.893750000011,2,1,0,1,1,0,25469,0
7475.0,fzp,1.0,1342,1013,329,3798.175416666678,3,1,0,0,2,0,25473,0
7476.0,fzp,1.0,1342,1013,329,3798.456805555567,1,0,0,0,1,0,25474,0
7477.0,fzp,1.0,1345,1010,335,3798.7377777777892,5,1,0,0,3,0,25480,0
7478.0,fzp,1.0,1350,1011,339,3799.018472222234,3,0,0,0,4,0,25483,0
7479.0,fzp,1.0,1351,1012,339,3799.299444444456,1,1,0,1,2,0,25485,0
7480.0,fzp,1.0,1348,1008,340,3799.5800000000118,3,1,0,0,0,0,25489,0
7481.0,fzp,1.0,1350,1011,339,3799.8604166666782,2,0,0,1,4,0,25491,0
7482.0,fzp,1.0,1348,1009,339,3800.140972222234,3,1,0,0,2,0,25495,0
7483.0,fzp,1.0,1346,1011,335,3800.4215277777894,2,0,0,2,2,0,25497,0
7484.0,fzp,1.0,1350,1010,340,3800.702222222234,3,0,0,0,2,0,25500,0
7485.0,fzp,1.0,1353,1013,340,3800.9831944444563,1,0,0,1,3,0,25501,0
7486.0,fzp,1.0,1354,1013,341,3801.2645833333454,1,0,0,0,1,0,25502,0
7487.0,fzp,1.0,1356,1013,343,3801.5459722222345,2,0,0,1,1,0,25504,0
7488.0,fzp,1.0,1355,1014,341,3801.827500000012,1,3,0,2,3,0,25508,0
7489.0,fzp,1.0,1354,1009,345,3802.1084722222345,5,1,0,0,1,0,25514,0
7490.0,fzp,1.0,1353,1006,347,3802.3883333333456,2,1,0,0,0,0,25517,0
7491.0,fzp,1.0,1352,1001,351,3802.6670833333455,4,1,0,0,0,0,25522,0
7492.0,fzp,1.0,1348,993,355,3802.94402777779,6,2,1,0,1,0,25530,0
7493.0,fzp,1.0,1350,992,358,3803.2197222222344,3,1,0,0,3,0,25534,0
7494.0,fzp,1.0,1347,988,359,3803.4947222222345,3,0,1,0,0,0,25537,0
7495.0,fzp,1.0,1342,987,355,3803.76902777779,1,0,0,0,0,0,25538,0
7496.0,fzp,1.0,1339,984,355,3804.04277777779,2,0,1,0,0,0,25540,0
7497.0,fzp,1.0,1338,981,357,3804.3156944444568,3,0,0,0,0,0,25543,0
7498.0,fzp,1.0,1341,982,359,3804.588333333346,2,0,0,0,3,0,25545,0
7499.0,fzp,1.0,1336,980,356,3804.860833333346,1,3,1,1,2,0,25549,0
7500.0,fzp,1.0,1338,982,356,3805.133333333346,0,2,0,0,4,0,25551,0
7501.0,fzp,1.0,1338,981,357,3805.405972222235,0,1,1,1,0,0,25552,0
7502.0,fzp,1.0,1336,978,358,3805.6780555555683,4,3,0,2,2,0,25559,0
7503.0,fzp,1.0,1339,983,356,3805.9504166666793,0,0,0,2,3,0,25559,0
7504.0,fzp,1.0,1339,982,357,3806.223333333346,2,1,0,1,1,0,25562,0
7505.0,fzp,1.0,1339,983,356,3806.496250000013,1,1,0,1,2,0,25564,0
7506.0,fzp,1.0,1335,983,352,3806.7693055555683,1,1,1,1,2,0,25566,0
7507.0,fzp,1.0,1337,985,352,3807.042638888902,2,1,0,2,3,0,25569,0
7508.0,fzp,1.0,1337,987,350,3807.3165277777907,1,1,1,3,2,0,25571,0
7509.0,fzp,1.0,1337,984,353,3807.5902777777906,2,2,0,1,0,0,25575,0
7510.0,fzp,1.0,1337,988,349,3807.8641666666795,1,2,1,5,3,0,25578,0
7511.0,fzp,1.0,1335,982,353,3808.1377777777907,3,3,0,0,0,0,25584,0
7512.0,fzp,1.0,1337,983,354,3808.4106944444575,2,2,0,1,4,0,25588,0
7513.0,fzp,1.0,1335,983,352,3808.683750000013,2,0,0,2,0,0,25590,0
7514.0,fzp,1.0,1335,986,349,3808.957222222235,1,0,0,2,2,0,25591,0
7515.0,fzp,1.0,1331,983,348,3809.230694444457,2,3,0,0,2,0,25596,0
7516.0,fzp,1.0,1328,981,347,3809.503472222235,2,1,0,0,1,0,25599,0
7517.0,fzp,1.0,1326,981,345,3809.775972222235,2,1,0,3,0,0,25602,0
7518.0,fzp,1.0,1326,982,344,3810.048611111124,0,1,0,0,2,0,25603,0
7519.0,fzp,1.0,1324,985,339,3810.3218055555685,1,0,0,3,1,0,25604,0
7520.0,fzp,1.0,1322,982,340,3810.595000000013,2,2,0,0,1,0,25608,0
7521.0,fzp,1.0,1319,981,338,3810.867638888902,2,0,0,1,0,0,25610,0
7522.0,fzp,1.0,1319,983,336,3811.14041666668,1,0,0,2,1,0,25611,0
7523.0,fzp,1.0,1318,984,334,3811.4136111111243,1,3,0,1,4,0,25615,0
7524.0,fzp,1.0,1321,987,334,3811.687361111124,1,0,0,2,2,0,25616,0
7525.0,fzp,1.0,1320,988,332,3811.96166666668,1,0,0,0,2,0,25617,0
7526.0,fzp,1.0,1319,989,330,3812.236250000013,0,0,0,0,1,0,25617,0
7527.0,fzp,1.0,1318,988,330,3812.5108333333465,0,1,0,0,0,0,25618,0
7528.0,fzp,1.0,1313,988,325,3812.7852777777907,0,1,0,1,0,0,25619,0
7529.0,fzp,1.0,1307,987,320,3813.0595833333464,1,2,0,1,1,0,25622,0
7530.0,fzp,1.0,1306,986,320,3813.3336111111244,3,0,0,0,2,0,25625,0
7531.0,fzp,1.0,1303,986,317,3813.6075000000133,0,1,0,1,0,0,25626,0
7532.0,fzp,1.0,1302,986,316,3813.881388888902,1,0,0,0,1,0,25627,0
7533.0,fzp,1.0,1300,984,316,3814.1550000000134,0,3,0,0,1,0,25630,0
7534.0,fzp,1.0,1298,982,316,3814.428055555569,2,1,0,0,1,0,25633,0
7535.0,fzp,1.0,1301,982,319,3814.7008333333465,2,1,0,0,3,0,25636,0
7536.0,fzp,1.0,1304,983,321,3814.9737500000133,1,0,0,0,2,0,25637,0
7537.0,fzp,1.0,1303,984,319,3815.2469444444578,0,2,0,2,1,0,25639,0
7538.0,fzp,1.0,1300,981,319,3815.5198611111246,1,3,0,1,0,0,25643,0
7539.0,fzp,1.0,1300,980,320,3815.7922222222355,1,0,0,0,0,0,25644,0
7540.0,fzp,1.0,1296,981,315,3816.0645833333465,1,0,1,0,3,0,25645,0
7541.0,fzp,1.0,1297,986,311,3816.337777777791,0,0,0,1,4,0,25645,0
7542.0,fzp,1.0,1295,986,309,3816.61166666668,1,0,0,1,0,0,25646,0
7543.0,fzp,1.0,1296,991,305,3816.886250000013,1,0,0,1,5,0,25647,0
7544.0,fzp,1.0,1295,990,305,3817.161388888902,1,0,0,0,0,0,25648,0
7545.0,fzp,1.0,1295,993,302,3817.4368055555688,1,1,0,1,4,0,25650,0
7546.0,fzp,1.0,1294,996,298,3817.7130555555686,0,2,0,3,2,0,25652,0
7547.0,fzp,1.0,1290,995,295,3817.989583333346,2,0,0,1,0,0,25654,0
7548.0,fzp,1.0,1292,993,299,3818.2656944444575,2,1,0,0,1,0,25657,0
7549.0,fzp,1.0,1292,994,298,3818.5416666666797,1,2,0,2,2,0,25660,0
7550.0,fzp,1.0,1295,993,302,3818.817638888902,3,0,0,0,2,0,25663,0
7551.0,fzp,1.0,1293,994,299,3819.093611111124,1,1,0,2,1,0,25665,0
7552.0,fzp,1.0,1292,994,298,3819.3697222222354,2,0,0,0,2,0,25667,0
7553.0,fzp,1.0,1291,993,298,3819.6456944444576,2,0,0,1,0,0,25669,0
7554.0,fzp,1.0,1293,991,302,3819.921250000013,1,1,0,0,0,0,25671,0
7555.0,fzp,1.0,1297,993,304,3820.1968055555685,2,0,0,1,3,0,25673,0
7556.0,fzp,1.0,1294,993,301,3820.4726388889017,0,1,0,0,1,0,25674,0
7557.0,fzp,1.0,1294,995,299,3820.748750000013,2,1,0,2,3,0,25677,0
7558.0,fzp,1.0,1294,995,299,3821.025138888902,1,0,0,1,0,0,25678,0
7559.0,fzp,1.0,1293,995,298,3821.301527777791,0,1,0,0,1,0,25679,0
7560.0,fzp,1.0,1291,994,297,3821.5777777777907,1,3,0,1,2,0,25683,0
7561.0,fzp,1.0,1288,992,296,3821.853611111124,1,3,0,1,1,0,25687,0
7562.0,fzp,1.0,1289,994,295,3822.129444444457,1,1,0,1,3,0,25689,0
7563.0,fzp,1.0,1287,995,292,3822.405694444457,1,0,0,1,1,0,25690,0
7564.0,fzp,1.0,1289,997,292,3822.6823611111236,1,0,0,1,2,0,25691,0
7565.0,fzp,1.0,1288,996,292,3822.9591666666793,3,0,0,1,1,0,25694,0
7566.0,fzp,1.0,1286,997,289,3823.235972222235,2,1,0,2,2,0,25697,0
7567.0,fzp,1.0,1286,997,289,3823.5129166666793,1,1,0,0,2,0,25699,0
7568.0,fzp,1.0,1287,997,290,3823.7898611111236,1,1,0,1,1,0,25701,0
7569.0,fzp,1.0,1290,995,295,3824.0665277777903,5,1,0,2,2,0,25707,0
7570.0,fzp,1.0,1288,994,294,3824.34277777779,1,1,0,0,1,0,25709,0
7571.0,fzp,1.0,1289,993,296,3824.6187500000124,5,0,0,2,2,0,25714,0
7572.0,fzp,1.0,1289,991,298,3824.894305555568,3,0,0,0,1,0,25717,0
7573.0,fzp,1.0,1294,993,301,3825.1698611111233,2,1,0,0,5,0,25720,0
7574.0,fzp,1.0,1292,988,304,3825.445000000012,4,2,0,0,1,0,25726,0
7575.0,fzp,1.0,1292,988,304,3825.7194444444563,2,1,0,1,2,0,25729,0
7576.0,fzp,1.0,1294,985,309,3825.9934722222342,5,1,0,1,2,0,25735,0
7577.0,fzp,1.0,1294,985,309,3826.2670833333455,0,1,0,0,1,0,25736,0
7578.0,fzp,1.0,1292,986,306,3826.5408333333453,1,1,0,2,1,0,25738,0
7579.0,fzp,1.0,1292,984,308,3826.8144444444565,3,2,0,1,2,0,25743,0
7580.0,fzp,1.0,1288,983,305,3827.087638888901,1,2,0,2,0,0,25746,0
7581.0,fzp,1.0,1288,983,305,3827.3606944444564,2,1,0,1,2,0,25749,0
7582.0,fzp,1.0,1294,986,308,3827.6341666666785,2,0,0,3,2,0,25751,0
7583.0,fzp,1.0,1293,984,309,3827.9077777777898,3,0,0,0,1,0,25754,0
7584.0,fzp,1.0,1296,987,309,3828.1815277777896,1,0,0,3,1,0,25755,0
7585.0,fzp,1.0,1291,983,308,3828.455138888901,2,3,0,0,1,0,25760,0
7586.0,fzp,1.0,1292,984,308,3828.7283333333453,1,1,0,1,2,0,25762,0
7587.0,fzp,1.0,1295,987,308,3829.002083333345,0,0,0,1,2,0,25762,0
7588.0,fzp,1.0,1297,987,310,3829.2762500000117,3,1,0,2,2,0,25766,0
7589.0,fzp,1.0,1294,987,307,3829.5504166666783,0,1,1,0,2,0,25767,0
7590.0,fzp,1.0,1295,987,308,3829.824583333345,3,0,0,2,1,0,25770,0
7591.0,fzp,1.0,1296,989,307,3830.099027777789,1,1,0,1,3,0,25772,0
7592.0,fzp,1.0,1296,986,310,3830.373333333345,3,0,0,0,0,0,25775,0
7593.0,fzp,1.0,1294,983,311,3830.646805555567,3,0,0,0,0,0,25778,0
7594.0,fzp,1.0,1297,988,309,3830.920555555567,1,0,0,1,5,0,25779,0
7595.0,fzp,1.0,1294,984,310,3831.1944444444557,4,0,0,0,0,0,25783,0
7596.0,fzp,1.0,1293,983,310,3831.4676388889,2,0,0,0,1,0,25785,0
7597.0,fzp,1.0,1294,983,311,3831.7406944444556,2,0,0,0,2,0,25787,0
7598.0,fzp,1.0,1290,981,309,3832.0134722222333,1,3,0,1,1,0,25791,0
7599.0,fzp,1.0,1289,975,314,3832.2851388889,5,2,0,0,1,0,25798,0
7600.0,fzp,1.0,1288,975,313,3832.5559722222333,0,0,0,0,0,0,25798,0
7601.0,fzp,1.0,1290,972,318,3832.8263888889,3,0,0,0,0,0,25801,0
7602.0,fzp,1.0,1288,970,318,3833.0961111111224,2,1,0,0,1,0,25804,0
7603.0,fzp,1.0,1290,970,320,3833.365555555567,1,1,0,0,2,0,25806,0
7604.0,fzp,1.0,1290,968,322,3833.6347222222334,2,2,0,0,2,0,25810,0
7605.0,fzp,1.0,1292,969,323,3833.9037500000113,0,1,0,0,2,0,25811,0
7606.0,fzp,1.0,1291,968,323,3834.172777777789,2,0,0,0,1,0,25813,0
7607.0,fzp,1.0,1290,968,322,3834.441666666678,2,0,0,0,2,0,25815,0
7608.0,fzp,1.0,1292,969,323,3834.710694444456,2,0,0,0,3,0,25817,0
7609.0,fzp,1.0,1291,969,322,3834.9798611111223,1,2,0,1,2,0,25820,0
7610.0,fzp,1.0,1288,967,321,3835.248750000011,3,0,0,0,1,0,25823,0
7611.0,fzp,1.0,1290,968,322,3835.5175000000113,1,0,0,0,2,0,25824,0
7612.0,fzp,1.0,1293,970,323,3835.786666666678,2,0,0,0,4,0,25826,0
7613.0,fzp,1.0,1294,973,321,3836.0565277777887,5,0,0,6,2,0,25831,0
7614.0,fzp,1.0,1293,970,323,3836.3263888888996,2,2,0,0,1,0,25835,0
7615.0,fzp,1.0,1291,968,323,3836.595555555566,4,2,0,1,3,0,25841,0
7616.0,fzp,1.0,1291,970,321,3836.8647222222326,1,2,0,3,2,0,25844,0
7617.0,fzp,1.0,1289,967,322,3837.1337500000104,3,3,0,2,1,0,25850,0
7618.0,fzp,1.0,1289,969,320,3837.402638888899,1,1,0,1,3,0,25852,0
7619.0,fzp,1.0,1289,968,321,3837.671666666677,3,0,0,1,1,0,25855,0
7620.0,fzp,1.0,1289,968,321,3837.940555555566,1,0,0,0,1,0,25856,0
7621.0,fzp,1.0,1292,970,322,3838.2097222222324,2,0,0,2,2,0,25858,0
7622.0,fzp,1.0,1291,969,322,3838.479027777788,0,2,0,1,0,0,25860,0
7623.0,fzp,1.0,1289,969,320,3838.7481944444544,2,0,0,1,1,0,25862,0
7624.0,fzp,1.0,1292,968,324,3839.0172222222322,3,0,0,0,2,0,25865,0
7625.0,fzp,1.0,1291,967,324,3839.2859722222324,3,1,0,1,2,0,25869,0
7626.0,fzp,1.0,1290,964,326,3839.554166666677,2,1,1,0,1,0,25872,0
7627.0,fzp,1.0,1288,964,324,3839.8219444444544,0,0,0,0,0,0,25872,0
7628.0,fzp,1.0,1291,966,325,3840.09000000001,2,0,0,0,4,0,25874,0
7629.0,fzp,1.0,1291,967,324,3840.358472222232,1,0,0,1,1,0,25875,0
7630.0,fzp,1.0,1294,964,330,3840.6266666666766,5,1,0,0,3,0,25881,0
7631.0,fzp,1.0,1294,960,334,3840.893888888899,5,0,0,1,0,0,25886,0
7632.0,fzp,1.0,1294,959,335,3841.1604166666766,3,1,0,0,3,0,25890,0
7633.0,fzp,1.0,1297,958,339,3841.4266666666767,3,0,0,0,2,0,25893,0
7634.0,fzp,1.0,1296,954,342,3841.6922222222324,4,2,0,1,1,0,25899,0
7635.0,fzp,1.0,1296,952,344,3841.9569444444546,3,1,0,1,1,0,25903,0
7636.0,fzp,1.0,1292,952,340,3842.221388888899,0,4,0,1,3,0,25907,0
7637.0,fzp,1.0,1297,952,345,3842.4858333333436,3,1,0,0,4,0,25911,0
7638.0,fzp,1.0,1299,954,345,3842.750555555566,0,0,1,0,3,0,25911,0
7639.0,fzp,1.0,1299,952,347,3843.015277777788,3,0,0,0,1,0,25914,0
7640.0,fzp,1.0,1299,950,349,3843.279444444455,4,0,0,0,2,0,25918,0
7641.0,fzp,1.0,1297,951,346,3843.5434722222326,0,1,0,0,2,0,25919,0
7642.0,fzp,1.0,1296,944,352,3843.806666666677,8,0,0,0,1,0,25927,0
7643.0,fzp,1.0,1293,944,349,3844.068888888899,0,2,0,1,1,0,25929,0
7644.0,fzp,1.0,1290,938,352,3844.330277777788,3,2,1,0,0,0,25934,0
7645.0,fzp,1.0,1288,937,351,3844.5906944444546,1,1,0,0,1,0,25936,0
7646.0,fzp,1.0,1289,932,357,3844.850277777788,4,1,1,0,1,0,25941,0
7647.0,fzp,1.0,1290,933,357,3845.1093055555657,1,0,0,0,2,0,25942,0
7648.0,fzp,1.0,1290,933,357,3845.3684722222324,3,0,0,1,2,0,25945,0
7649.0,fzp,1.0,1286,936,350,3845.628055555566,1,0,0,3,1,0,25946,0
7650.0,fzp,1.0,1285,936,349,3845.888055555566,0,1,0,0,1,0,25947,0
7651.0,fzp,1.0,1282,937,345,3846.148194444455,0,1,0,1,1,0,25948,0
7652.0,fzp,1.0,1280,936,344,3846.4083333333438,3,2,0,3,1,0,25953,0
7653.0,fzp,1.0,1277,936,341,3846.668333333344,1,1,0,0,2,0,25955,0
7654.0,fzp,1.0,1279,938,341,3846.928611111122,2,0,0,0,4,0,25957,0
7655.0,fzp,1.0,1276,932,344,3847.188333333344,4,4,0,0,2,0,25965,0
7656.0,fzp,1.0,1273,928,345,3847.446666666677,4,2,0,1,1,0,25971,0
7657.0,fzp,1.0,1271,923,348,3847.7037500000106,2,2,1,0,0,0,25975,0
7658.0,fzp,1.0,1271,924,347,3847.960277777788,1,0,0,0,2,0,25976,0
7659.0,fzp,1.0,1272,923,349,3848.2168055555658,2,0,1,1,1,0,25978,0
7660.0,fzp,1.0,1273,920,353,3848.472777777788,3,1,0,0,1,0,25982,0
7661.0,fzp,1.0,1274,921,353,3848.7284722222325,1,0,0,0,2,0,25983,0
7662.0,fzp,1.0,1270,918,352,3848.9838888888994,1,2,0,0,0,0,25986,0
7663.0,fzp,1.0,1271,918,353,3849.2388888888995,2,0,0,2,0,0,25988,0
7664.0,fzp,1.0,1272,916,356,3849.493611111122,2,1,0,0,1,0,25991,0
7665.0,fzp,1.0,1268,915,353,3849.7479166666776,1,2,0,0,2,0,25994,0
7666.0,fzp,1.0,1268,913,355,3850.0018055555665,1,2,0,0,1,0,25997,0
7667.0,fzp,1.0,1267,913,354,3850.255416666678,1,1,0,1,1,0,25999,0
7668.0,fzp,1.0,1266,912,354,3850.5088888889,1,2,0,1,1,0,26002,0
7669.0,fzp,1.0,1268,914,354,3850.762500000011,1,1,0,2,2,0,26004,0
7670.0,fzp,1.0,1262,911,351,3851.0159722222334,3,3,0,1,2,0,26010,0
7671.0,fzp,1.0,1261,919,342,3851.2701388889,0,0,0,4,4,0,26010,0
7672.0,fzp,1.0,1260,922,338,3851.5258333333445,1,1,0,3,2,0,26012,0
7673.0,fzp,1.0,1259,923,336,3851.7820833333444,1,1,0,1,2,0,26014,0
7674.0,fzp,1.0,1263,924,339,3852.038611111122,2,0,0,0,3,0,26016,0
7675.0,fzp,1.0,1259,926,333,3852.2955555555664,2,0,0,4,0,0,26018,0
7676.0,fzp,1.0,1258,927,331,3852.5529166666774,1,1,0,0,3,0,26020,0
7677.0,fzp,1.0,1259,927,332,3852.8104166666776,2,0,0,0,2,0,26022,0
7678.0,fzp,1.0,1257,928,329,3853.0680555555664,0,1,0,0,2,0,26023,0
7679.0,fzp,1.0,1256,929,327,3853.325972222233,1,2,0,1,3,0,26026,0
7680.0,fzp,1.0,1256,930,326,3853.5841666666774,1,1,0,2,1,0,26028,0
7681.0,fzp,1.0,1253,929,324,3853.842361111122,0,2,0,0,1,0,26030,0
7682.0,fzp,1.0,1253,929,324,3854.1004166666776,3,0,0,1,2,0,26033,0
7683.0,fzp,1.0,1253,930,323,3854.358611111122,1,0,0,2,0,0,26034,0
7684.0,fzp,1.0,1256,932,324,3854.617222222233,0,0,0,0,2,0,26034,0
7685.0,fzp,1.0,1256,934,322,3854.8763888889,1,0,0,1,2,0,26035,0
7686.0,fzp,1.0,1256,936,320,3855.136111111122,0,1,0,2,1,0,26036,0
7687.0,fzp,1.0,1254,935,319,3855.395972222233,1,1,0,1,0,0,26038,0
7688.0,fzp,1.0,1253,936,317,3855.655833333344,1,1,0,1,2,0,26040,0
7689.0,fzp,1.0,1249,935,314,3855.9156944444553,2,3,0,2,2,0,26045,0
7690.0,fzp,1.0,1249,934,315,3856.175277777789,1,1,0,0,1,0,26047,0
7691.0,fzp,1.0,1249,935,314,3856.4348611111222,0,0,0,0,1,0,26047,0
7692.0,fzp,1.0,1250,937,313,3856.6948611111225,2,1,0,1,4,0,26050,0
7693.0,fzp,1.0,1249,939,310,3856.955416666678,1,1,0,2,2,0,26052,0
7694.0,fzp,1.0,1249,938,311,3857.2161111111227,0,3,0,0,2,0,26055,0
7695.0,fzp,1.0,1248,938,310,3857.4766666666783,3,1,0,1,3,0,26059,0
7696.0,fzp,1.0,1246,938,308,3857.737222222234,1,0,0,1,0,0,26060,0
7697.0,fzp,1.0,1247,935,312,3857.9973611111227,3,0,0,0,0,0,26063,0
7698.0,fzp,1.0,1247,935,312,3858.257083333345,2,1,1,1,3,0,26066,0
7699.0,fzp,1.0,1249,936,313,3858.516944444456,2,0,0,0,3,0,26068,0
7700.0,fzp,1.0,1246,933,313,3858.7765277777894,3,1,0,0,1,0,26072,0
7701.0,fzp,1.0,1244,929,315,3859.0351388889003,5,0,0,1,0,0,26077,0
7702.0,fzp,1.0,1242,927,315,3859.292916666678,1,2,0,0,1,0,26080,0
7703.0,fzp,1.0,1239,926,313,3859.5502777777892,2,0,0,0,1,0,26082,0
7704.0,fzp,1.0,1237,928,309,3859.8077777777894,0,0,0,0,2,0,26082,0
7705.0,fzp,1.0,1235,926,309,3860.0652777777896,2,1,0,0,1,0,26085,0
7706.0,fzp,1.0,1235,931,304,3860.323194444456,0,0,0,1,4,0,26085,0
7707.0,fzp,1.0,1239,936,303,3860.5825000000114,1,0,0,2,4,0,26086,0
7708.0,fzp,1.0,1236,933,303,3860.842083333345,2,1,0,0,0,0,26089,0
7709.0,fzp,1.0,1237,937,300,3861.101805555567,0,0,0,2,2,0,26089,0
7710.0,fzp,1.0,1241,940,301,3861.3625000000116,1,0,0,1,3,0,26090,0
7711.0,fzp,1.0,1245,944,301,3861.6241666666783,0,0,0,1,3,0,26090,0
7712.0,fzp,1.0,1247,945,302,3861.8865277777895,1,2,0,1,3,0,26093,0
7713.0,fzp,1.0,1247,949,298,3862.149583333345,0,0,0,1,3,0,26093,0
7714.0,fzp,1.0,1247,952,295,3862.413611111123,0,1,0,1,3,0,26094,0
7715.0,fzp,1.0,1244,954,290,3862.678333333345,0,1,0,1,2,0,26095,0
7716.0,fzp,1.0,1245,955,290,3862.943472222234,1,0,0,1,1,0,26096,0
7717.0,fzp,1.0,1244,955,289,3863.2087500000116,0,0,0,0,0,0,26096,0
7718.0,fzp,1.0,1248,957,291,3863.4743055555673,2,0,0,1,3,0,26098,0
7719.0,fzp,1.0,1249,955,294,3863.739861111123,3,0,0,1,0,0,26101,0
7720.0,fzp,1.0,1250,957,293,3864.0054166666787,0,2,0,1,3,0,26103,0
7721.0,fzp,1.0,1251,954,297,3864.2708333333453,4,0,0,1,0,0,26107,0
7722.0,fzp,1.0,1251,956,295,3864.536111111123,1,0,0,0,3,0,26108,0
7723.0,fzp,1.0,1252,955,297,3864.8015277777895,4,0,0,2,1,0,26112,0
7724.0,fzp,1.0,1253,956,297,3865.066944444456,1,0,0,0,2,0,26113,0
7725.0,fzp,1.0,1255,957,298,3865.3326388889004,2,1,0,1,3,0,26116,0
7726.0,fzp,1.0,1250,954,296,3865.598055555567,2,3,0,1,1,0,26121,0
7727.0,fzp,1.0,1250,956,294,3865.8633333333446,1,0,0,2,1,0,26122,0
7728.0,fzp,1.0,1253,955,298,3866.128750000011,1,1,1,1,1,0,26124,0
7729.0,fzp,1.0,1250,952,298,3866.3936111111225,2,3,0,1,1,0,26129,0
7730.0,fzp,1.0,1248,952,296,3866.658055555567,1,1,0,2,0,0,26131,0
7731.0,fzp,1.0,1250,953,297,3866.9226388889,2,0,0,1,2,0,26133,0
7732.0,fzp,1.0,1248,953,295,3867.1873611111223,1,1,0,1,1,0,26135,0
7733.0,fzp,1.0,1250,955,295,3867.452361111122,1,0,0,1,2,0,26136,0
7734.0,fzp,1.0,1249,955,294,3867.7176388888997,3,0,0,1,2,0,26139,0
7735.0,fzp,1.0,1252,959,293,3867.983472222233,0,1,0,1,4,0,26140,0
7736.0,fzp,1.0,1254,961,293,3868.2501388889,2,1,0,1,4,0,26143,0
7737.0,fzp,1.0,1255,966,289,3868.517777777789,1,0,0,3,3,0,26144,0
7738.0,fzp,1.0,1255,966,289,3868.7861111111224,2,0,0,1,1,0,26146,0
7739.0,fzp,1.0,1257,967,290,3869.0545833333445,1,0,0,0,2,0,26147,0
7740.0,fzp,1.0,1257,964,293,3869.322777777789,6,0,0,1,2,0,26153,0
7741.0,fzp,1.0,1254,965,289,3869.5906944444555,1,0,0,1,1,0,26154,0
7742.0,fzp,1.0,1254,965,289,3869.8587500000112,2,0,0,1,1,0,26156,0
7743.0,fzp,1.0,1255,964,291,3870.126666666678,2,1,0,0,2,0,26159,0
7744.0,fzp,1.0,1257,969,288,3870.3951388889,0,0,0,3,2,0,26159,0
7745.0,fzp,1.0,1262,971,291,3870.6645833333446,2,0,0,0,4,0,26161,0
7746.0,fzp,1.0,1259,969,290,3870.934027777789,1,1,1,1,0,0,26163,0
7747.0,fzp,1.0,1262,971,291,3871.203472222234,3,0,0,2,3,0,26166,0
7748.0,fzp,1.0,1260,967,293,3871.4726388889003,1,4,0,0,1,0,26171,0
7749.0,fzp,1.0,1263,969,294,3871.741527777789,1,2,0,1,4,0,26174,0
7750.0,fzp,1.0,1263,969,294,3872.0106944444556,0,2,0,0,2,0,26176,0
7751.0,fzp,1.0,1262,970,292,3872.280000000011,2,0,0,2,1,0,26178,0
7752.0,fzp,1.0,1263,972,291,3872.5497222222334,1,1,0,2,2,0,26180,0
7753.0,fzp,1.0,1263,969,294,3872.8193055555666,2,1,0,0,0,0,26183,0
7754.0,fzp,1.0,1263,969,294,3873.088472222233,3,0,0,1,2,0,26186,0
7755.0,fzp,1.0,1266,971,295,3873.3579166666777,2,2,0,1,5,0,26190,0
7756.0,fzp,1.0,1268,973,295,3873.6279166666777,2,2,0,1,5,0,26194,0
7757.0,fzp,1.0,1267,973,294,3873.8981944444554,3,1,0,2,2,0,26198,0
7758.0,fzp,1.0,1270,972,298,3874.1683333333444,3,0,0,0,2,0,26201,0
7759.0,fzp,1.0,1272,975,297,3874.438750000011,1,0,0,1,3,0,26202,0
7760.0,fzp,1.0,1272,974,298,3874.7094444444556,2,0,0,0,1,0,26204,0
7761.0,fzp,1.0,1271,975,296,3874.9801388889,0,0,0,0,1,0,26204,0
7762.0,fzp,1.0,1270,973,297,3875.2506944444553,2,2,0,0,2,0,26208,0
7763.0,fzp,1.0,1270,972,298,3875.5208333333444,4,1,0,2,2,0,26213,0
7764.0,fzp,1.0,1269,971,298,3875.7906944444553,2,1,0,1,1,0,26216,0
7765.0,fzp,1.0,1270,971,299,3876.0604166666776,2,1,0,1,2,0,26219,0
7766.0,fzp,1.0,1272,973,299,3876.3304166666776,0,0,0,1,1,0,26219,0
7767.0,fzp,1.0,1274,973,301,3876.6006944444553,3,0,0,1,2,0,26222,0
7768.0,fzp,1.0,1275,974,301,3876.871111111122,1,1,0,1,2,0,26224,0
7769.0,fzp,1.0,1278,976,302,3877.1419444444555,1,0,0,1,2,0,26225,0
7770.0,fzp,1.0,1277,977,300,3877.4131944444553,1,0,0,2,0,0,26226,0
7771.0,fzp,1.0,1280,976,304,3877.684444444455,3,0,0,0,2,0,26229,0
7772.0,fzp,1.0,1280,974,306,3877.9552777777885,2,0,0,0,0,0,26231,0
7773.0,fzp,1.0,1280,976,304,3878.226111111122,1,1,0,1,3,0,26233,0
7774.0,fzp,1.0,1282,975,307,3878.497083333344,1,0,0,0,0,0,26234,0
7775.0,fzp,1.0,1288,976,312,3878.768055555566,6,0,0,1,6,0,26240,0
7776.0,fzp,1.0,1289,976,313,3879.0391666666774,1,1,0,1,1,0,26242,0
7777.0,fzp,1.0,1286,973,313,3879.309861111122,5,2,0,2,2,0,26249,0
7778.0,fzp,1.0,1286,972,314,3879.580000000011,1,1,0,0,1,0,26251,0
7779.0,fzp,1.0,1287,974,313,3879.8502777777885,2,1,0,2,3,0,26254,0
7780.0,fzp,1.0,1286,972,314,3880.120555555566,2,2,0,0,2,0,26258,0
7781.0,fzp,1.0,1282,972,310,3880.390555555566,1,1,0,2,0,0,26260,0
7782.0,fzp,1.0,1280,972,308,3880.660555555566,2,0,0,1,1,0,26262,0
7783.0,fzp,1.0,1277,971,306,3880.930416666677,2,1,0,0,2,0,26265,0
7784.0,fzp,1.0,1275,967,308,3881.1995833333435,4,2,0,0,2,0,26271,0
7785.0,fzp,1.0,1277,968,309,3881.4683333333437,1,2,0,1,3,0,26274,0
7786.0,fzp,1.0,1283,971,312,3881.7376388888993,2,0,0,1,4,0,26276,0
7787.0,fzp,1.0,1284,973,311,3882.0076388888992,0,0,0,1,1,0,26276,0
7788.0,fzp,1.0,1284,972,312,3882.2777777777883,2,1,0,0,2,0,26279,0
7789.0,fzp,1.0,1283,971,312,3882.547638888899,1,1,0,0,1,0,26281,0
7790.0,fzp,1.0,1284,970,314,3882.8172222222324,3,1,0,1,2,0,26285,0
7791.0,fzp,1.0,1284,971,313,3883.0868055555657,0,0,0,0,1,0,26285,0
7792.0,fzp,1.0,1277,969,308,3883.3562500000103,2,3,1,2,2,0,26290,0
7793.0,fzp,1.0,1279,970,309,3883.625555555566,0,1,0,0,2,0,26291,0
7794.0,fzp,1.0,1280,970,310,3883.8950000000104,2,1,0,0,3,0,26294,0
7795.0,fzp,1.0,1273,970,303,3884.164444444455,0,1,1,0,2,0,26295,0
7796.0,fzp,1.0,1277,971,306,3884.4340277777883,3,0,0,1,3,0,26298,0
7797.0,fzp,1.0,1274,972,302,3884.703888888899,0,0,0,0,1,0,26298,0
7798.0,fzp,1.0,1274,973,301,3884.9740277777883,2,0,0,0,3,0,26300,0
7799.0,fzp,1.0,1275,975,300,3885.2445833333436,2,1,0,0,5,0,26303,0
7800.0,fzp,1.0,1278,977,301,3885.5156944444548,1,0,0,0,3,0,26304,0
7801.0,fzp,1.0,1283,979,304,3885.7873611111213,0,0,0,0,2,0,26304,0
7802.0,fzp,1.0,1277,972,305,3886.0583333333434,5,6,0,3,1,0,26315,0
7803.0,fzp,1.0,1279,975,304,3886.32875000001,0,3,0,1,5,0,26318,0
7804.0,fzp,1.0,1277,972,305,3886.599166666677,3,1,0,1,0,0,26322,0
7805.0,fzp,1.0,1276,971,305,3886.869027777788,1,2,0,0,2,0,26325,0
7806.0,fzp,1.0,1276,969,307,3887.1384722222324,3,1,0,1,1,0,26329,0
7807.0,fzp,1.0,1275,969,306,3887.407638888899,2,0,0,1,1,0,26331,0
7808.0,fzp,1.0,1277,969,308,3887.6768055555654,1,0,0,0,1,0,26332,0
7809.0,fzp,1.0,1278,970,308,3887.946111111121,0,0,0,0,1,0,26332,0
7810.0,fzp,1.0,1279,973,306,3888.215972222232,0,0,0,0,3,0,26332,0
7811.0,fzp,1.0,1273,970,303,3888.4858333333427,2,2,0,0,1,0,26336,0
7812.0,fzp,1.0,1270,970,300,3888.7552777777873,2,0,0,0,2,0,26338,0
7813.0,fzp,1.0,1272,970,302,3889.024722222232,2,1,0,1,2,0,26341,0
7814.0,fzp,1.0,1267,968,299,3889.2938888888984,3,1,0,0,2,0,26345,0
7815.0,fzp,1.0,1264,965,299,3889.5623611111205,3,3,0,1,2,0,26351,0
7816.0,fzp,1.0,1264,964,300,3889.830277777787,1,2,0,0,2,0,26354,0
7817.0,fzp,1.0,1263,962,301,3890.097777777787,3,0,0,0,1,0,26357,0
7818.0,fzp,1.0,1263,964,299,3890.365277777787,0,0,0,0,2,0,26357,0
7819.0,fzp,1.0,1259,961,298,3890.6326388888983,2,1,0,0,0,0,26360,0
7820.0,fzp,1.0,1258,962,296,3890.8997222222315,0,1,0,0,2,0,26361,0
7821.0,fzp,1.0,1254,960,294,3891.166666666676,2,2,0,0,2,0,26365,0
7822.0,fzp,1.0,1245,957,288,3891.432916666676,1,2,0,0,0,0,26368,0
7823.0,fzp,1.0,1244,953,291,3891.6981944444537,4,3,0,0,3,0,26375,0
7824.0,fzp,1.0,1240,953,287,3891.962916666676,2,1,0,1,2,0,26378,0
7825.0,fzp,1.0,1241,953,288,3892.227638888898,1,0,0,0,1,0,26379,0
7826.0,fzp,1.0,1239,952,287,3892.4922222222312,0,2,0,0,1,0,26381,0
7827.0,fzp,1.0,1241,952,289,3892.7566666666758,2,1,0,0,3,0,26384,0
7828.0,fzp,1.0,1240,954,286,3893.021388888898,1,1,0,2,2,0,26386,0
7829.0,fzp,1.0,1237,950,287,3893.2858333333425,2,2,0,0,0,0,26390,0
7830.0,fzp,1.0,1236,947,289,3893.549305555565,4,2,0,1,2,0,26396,0
7831.0,fzp,1.0,1236,953,283,3893.8131944444535,1,0,0,5,2,0,26397,0
7832.0,fzp,1.0,1236,954,282,3894.078055555565,1,1,0,1,2,0,26399,0
7833.0,fzp,1.0,1239,958,281,3894.3436111111205,1,1,0,2,4,0,26401,0
7834.0,fzp,1.0,1241,959,282,3894.6098611111206,3,0,0,1,3,0,26404,0
7835.0,fzp,1.0,1246,962,284,3894.876666666676,1,0,0,1,3,0,26405,0
7836.0,fzp,1.0,1248,964,284,3895.144166666676,3,1,0,3,3,0,26409,0
7837.0,fzp,1.0,1248,963,285,3895.411805555565,2,2,0,1,2,0,26413,0
7838.0,fzp,1.0,1246,960,286,3895.678888888898,4,1,0,1,1,0,26418,0
7839.0,fzp,1.0,1248,963,285,3895.9459722222314,1,1,0,1,4,0,26420,0
7840.0,fzp,1.0,1245,965,280,3896.213750000009,1,1,0,2,2,0,26422,0
7841.0,fzp,1.0,1245,963,282,3896.4815277777866,4,0,0,0,2,0,26426,0
7842.0,fzp,1.0,1244,963,281,3896.7490277777865,1,1,0,0,2,0,26428,0
7843.0,fzp,1.0,1240,962,278,3897.016388888898,1,3,0,1,2,0,26432,0
7844.0,fzp,1.0,1240,959,281,3897.2831944444533,3,3,0,0,3,0,26438,0
7845.0,fzp,1.0,1241,960,281,3897.549722222231,2,1,0,0,4,0,26441,0
7846.0,fzp,1.0,1243,965,278,3897.8170833333425,2,0,0,3,4,0,26443,0
7847.0,fzp,1.0,1243,962,281,3898.0847222222314,4,1,0,1,1,0,26448,0
7848.0,fzp,1.0,1244,963,281,3898.3520833333428,1,1,0,0,3,0,26450,0
7849.0,fzp,1.0,1244,962,282,3898.619444444454,2,1,0,0,2,0,26453,0
7850.0,fzp,1.0,1245,958,287,3898.886111111121,4,1,1,0,2,0,26458,0
7851.0,fzp,1.0,1249,958,291,3899.152222222232,2,0,0,2,0,0,26460,0
7852.0,fzp,1.0,1246,956,290,3899.4180555555654,1,3,0,1,1,0,26464,0
7853.0,fzp,1.0,1252,960,292,3899.6841666666764,3,0,0,2,5,0,26467,0
7854.0,fzp,1.0,1251,957,294,3899.9504166666766,3,1,0,0,1,0,26471,0
7855.0,fzp,1.0,1248,953,295,3900.215694444454,3,3,0,1,1,0,26477,0
7856.0,fzp,1.0,1245,950,295,3900.4800000000096,4,1,0,0,2,0,26482,0
7857.0,fzp,1.0,1248,951,297,3900.7440277777873,1,0,0,1,1,0,26483,0
7858.0,fzp,1.0,1246,950,296,3901.008055555565,1,0,0,0,0,0,26484,0
7859.0,fzp,1.0,1248,950,298,3901.2719444444538,3,0,0,1,2,0,26487,0
7860.0,fzp,1.0,1248,953,295,3901.536250000009,1,0,0,2,2,0,26488,0
7861.0,fzp,1.0,1247,953,294,3901.8009722222314,0,0,0,0,0,0,26488,0
7862.0,fzp,1.0,1252,954,298,3902.0658333333427,2,0,0,0,3,0,26490,0
7863.0,fzp,1.0,1251,955,296,3902.3309722222316,1,0,0,1,1,0,26491,0
7864.0,fzp,1.0,1253,958,295,3902.596666666676,0,1,0,0,4,0,26492,0
7865.0,fzp,1.0,1253,960,293,3902.8630555555646,0,1,0,1,2,0,26493,0
7866.0,fzp,1.0,1254,960,294,3903.1297222222315,1,0,0,0,1,0,26494,0
7867.0,fzp,1.0,1252,960,292,3903.3963888888984,1,1,0,1,1,0,26496,0
7868.0,fzp,1.0,1252,961,291,3903.663194444454,1,0,0,1,1,0,26497,0
7869.0,fzp,1.0,1253,962,291,3903.930277777787,3,0,0,2,2,0,26500,0
7870.0,fzp,1.0,1253,962,291,3904.1975000000093,0,1,0,1,0,0,26501,0
7871.0,fzp,1.0,1256,967,289,3904.465416666676,0,1,0,1,5,0,26502,0
7872.0,fzp,1.0,1256,965,291,3904.7337500000094,4,2,0,1,3,0,26508,0
7873.0,fzp,1.0,1256,965,291,3905.001805555565,2,0,0,1,1,0,26510,0
7874.0,fzp,1.0,1257,965,292,3905.269861111121,1,0,0,0,1,0,26511,0
7875.0,fzp,1.0,1260,968,292,3905.538333333343,0,0,0,1,2,0,26511,0
7876.0,fzp,1.0,1259,968,291,3905.8072222222318,2,0,0,0,2,0,26513,0
7877.0,fzp,1.0,1260,966,294,3906.075833333343,2,2,0,0,2,0,26517,0
7878.0,fzp,1.0,1260,966,294,3906.3441666666763,1,0,0,0,1,0,26518,0
7879.0,fzp,1.0,1260,966,294,3906.6125000000097,1,1,0,0,2,0,26520,0
7880.0,fzp,1.0,1260,968,292,3906.881111111121,1,0,0,2,1,0,26521,0
7881.0,fzp,1.0,1262,971,291,3907.1504166666764,0,0,0,0,3,0,26521,0
7882.0,fzp,1.0,1264,973,291,3907.4204166666764,0,0,0,0,2,0,26521,0
7883.0,fzp,1.0,1268,979,289,3907.6915277777875,2,0,0,2,6,0,26523,0
7884.0,fzp,1.0,1268,981,287,3907.96375000001,2,0,0,2,2,0,26525,0
7885.0,fzp,1.0,1268,981,287,3908.23625000001,2,0,0,0,2,0,26527,0
7886.0,fzp,1.0,1267,981,286,3908.50875000001,1,1,0,1,1,0,26529,0
7887.0,fzp,1.0,1266,978,288,3908.7808333333433,3,2,0,1,1,0,26534,0
7888.0,fzp,1.0,1267,979,288,3909.052638888899,2,1,0,1,3,0,26537,0
7889.0,fzp,1.0,1267,978,289,3909.3244444444545,2,0,0,0,1,0,26539,0
7890.0,fzp,1.0,1269,978,291,3909.596111111121,2,1,0,0,3,0,26542,0
7891.0,fzp,1.0,1271,977,294,3909.867638888899,4,1,0,0,4,0,26547,0
7892.0,fzp,1.0,1271,976,295,3910.1388888888987,2,1,0,0,2,0,26550,0
7893.0,fzp,1.0,1270,973,297,3910.409583333343,3,0,0,0,0,0,26553,0
7894.0,fzp,1.0,1276,976,300,3910.6802777777875,2,0,0,0,5,0,26555,0
7895.0,fzp,1.0,1274,974,300,3910.951111111121,1,1,0,0,0,0,26557,0
7896.0,fzp,1.0,1272,973,299,3911.2215277777877,2,2,0,2,1,0,26561,0
7897.0,fzp,1.0,1272,972,300,3911.491666666677,3,0,0,1,1,0,26564,0
7898.0,fzp,1.0,1270,971,299,3911.7615277777877,0,1,1,0,1,0,26565,0
7899.0,fzp,1.0,1269,970,299,3912.031111111121,1,0,0,0,0,0,26566,0
7900.0,fzp,1.0,1270,972,298,3912.3008333333432,3,0,0,2,3,0,26569,0
7901.0,fzp,1.0,1269,971,298,3912.570694444454,2,0,0,0,1,0,26571,0
7902.0,fzp,1.0,1272,972,300,3912.840555555565,2,0,0,0,3,0,26573,0
7903.0,fzp,1.0,1275,973,302,3913.110694444454,2,0,0,0,3,0,26575,0
7904.0,fzp,1.0,1273,972,301,3913.380833333343,0,1,0,0,0,0,26576,0
7905.0,fzp,1.0,1271,970,301,3913.6505555555655,2,3,0,0,3,0,26581,0
7906.0,fzp,1.0,1271,968,303,3913.919722222232,3,2,0,0,3,0,26586,0
7907.0,fzp,1.0,1268,966,302,3914.188333333343,1,2,0,0,1,0,26589,0
7908.0,fzp,1.0,1272,967,305,3914.456805555565,2,0,0,0,3,0,26591,0
7909.0,fzp,1.0,1272,966,306,3914.725277777787,2,1,0,1,1,0,26594,0
7910.0,fzp,1.0,1275,970,305,3914.994166666676,0,0,0,0,4,0,26594,0
7911.0,fzp,1.0,1277,973,304,3915.264027777787,0,0,0,0,3,0,26594,0
7912.0,fzp,1.0,1276,974,302,3915.5344444444536,0,1,0,0,2,0,26595,0
7913.0,fzp,1.0,1279,979,300,3915.8056944444534,3,0,0,6,2,0,26598,0
7914.0,fzp,1.0,1279,980,299,3916.0777777777867,0,3,0,1,3,0,26601,0
7915.0,fzp,1.0,1281,983,298,3916.3504166666758,2,3,0,2,6,0,26606,0
7916.0,fzp,1.0,1283,990,293,3916.6244444444537,2,0,0,5,4,0,26608,0
7917.0,fzp,1.0,1286,993,293,3916.8998611111206,1,1,0,2,3,0,26610,0
7918.0,fzp,1.0,1286,992,294,3917.175555555565,1,1,0,1,0,0,26612,0
7919.0,fzp,1.0,1283,989,294,3917.450694444454,3,2,0,2,0,0,26617,0
7920.0,fzp,1.0,1281,990,291,3917.725555555565,1,2,0,1,3,0,26620,0
7921.0,fzp,1.0,1280,989,291,3918.000416666676,3,0,0,1,1,0,26623,0
7922.0,fzp,1.0,1279,989,290,3918.2751388888983,1,1,0,1,1,0,26625,0
7923.0,fzp,1.0,1278,989,289,3918.5498611111207,1,1,0,0,2,0,26627,0
7924.0,fzp,1.0,1281,988,293,3918.824444444454,5,1,0,2,3,0,26633,0
7925.0,fzp,1.0,1280,984,296,3919.098333333343,4,2,0,0,2,0,26639,0
7926.0,fzp,1.0,1280,986,294,3919.371944444454,1,0,0,1,2,0,26640,0
7927.0,fzp,1.0,1279,985,294,3919.645694444454,1,0,1,0,1,0,26641,0
7928.0,fzp,1.0,1281,987,294,3919.919583333343,1,0,0,1,2,0,26642,0
7929.0,fzp,1.0,1282,990,292,3920.194166666676,2,2,0,3,4,0,26646,0
7930.0,fzp,1.0,1282,986,296,3920.4686111111205,5,1,0,0,2,0,26652,0
7931.0,fzp,1.0,1289,987,302,3920.7426388888985,4,0,0,0,5,0,26656,0
7932.0,fzp,1.0,1288,990,298,3921.017222222232,0,0,0,2,1,0,26656,0
7933.0,fzp,1.0,1287,989,298,3921.292083333343,3,0,0,0,2,0,26659,0
7934.0,fzp,1.0,1285,984,301,3921.566111111121,4,2,0,0,1,0,26665,0
7935.0,fzp,1.0,1283,985,298,3921.839583333343,1,1,0,1,2,0,26667,0
7936.0,fzp,1.0,1285,983,302,3922.1129166666765,3,0,0,0,1,0,26670,0
7937.0,fzp,1.0,1283,984,299,3922.386111111121,0,0,0,0,1,0,26670,0
7938.0,fzp,1.0,1282,982,300,3922.6591666666764,2,0,0,0,0,0,26672,0
7939.0,fzp,1.0,1283,978,305,3922.9313888888987,6,1,0,1,2,0,26679,0
7940.0,fzp,1.0,1284,974,310,3923.20250000001,5,0,0,0,1,0,26684,0
7941.0,fzp,1.0,1286,975,311,3923.4731944444543,3,2,0,0,6,0,26689,0
7942.0,fzp,1.0,1289,974,315,3923.7438888888987,3,0,0,0,2,0,26692,0
7943.0,fzp,1.0,1288,974,314,3924.014444444454,3,0,0,1,2,0,26695,0
7944.0,fzp,1.0,1287,975,312,3924.2851388888985,1,1,0,0,3,0,26697,0
7945.0,fzp,1.0,1292,979,313,3924.5565277777873,1,0,0,0,5,0,26698,0
7946.0,fzp,1.0,1291,978,313,3924.828333333343,2,1,0,0,2,0,26701,0
7947.0,fzp,1.0,1287,977,310,3925.099861111121,0,2,1,0,2,0,26703,0
7948.0,fzp,1.0,1285,974,311,3925.370833333343,2,2,0,0,1,0,26707,0
7949.0,fzp,1.0,1284,976,308,3925.6416666666764,1,0,0,0,3,0,26708,0
7950.0,fzp,1.0,1284,977,307,3925.912916666676,1,1,0,1,2,0,26710,0
7951.0,fzp,1.0,1285,980,305,3926.184722222232,1,0,0,1,3,0,26711,0
7952.0,fzp,1.0,1285,982,303,3926.457222222232,2,0,0,3,1,0,26713,0
7953.0,fzp,1.0,1288,983,305,3926.7301388888986,0,1,0,0,2,0,26714,0
7954.0,fzp,1.0,1291,984,307,3927.003333333343,3,0,0,0,4,0,26717,0
7955.0,fzp,1.0,1292,983,309,3927.2765277777876,1,1,0,0,1,0,26719,0
7956.0,fzp,1.0,1293,979,314,3927.5490277777876,5,2,0,2,1,0,26726,0
7957.0,fzp,1.0,1296,982,314,3927.8213888888986,0,0,0,2,1,0,26726,0
7958.0,fzp,1.0,1297,983,314,3928.0943055555654,0,1,0,1,1,0,26727,0
7959.0,fzp,1.0,1297,980,317,3928.3669444444545,5,1,0,0,3,0,26733,0
7960.0,fzp,1.0,1298,982,316,3928.6394444444545,1,0,0,1,2,0,26734,0
7961.0,fzp,1.0,1299,981,318,3928.9120833333436,3,0,0,0,2,0,26737,0
7962.0,fzp,1.0,1297,980,317,3929.1844444444546,1,1,0,1,0,0,26739,0
7963.0,fzp,1.0,1291,976,315,3929.456111111121,2,3,0,1,0,0,26744,0
7964.0,fzp,1.0,1287,973,314,3929.7268055555655,2,3,1,1,2,0,26749,0
7965.0,fzp,1.0,1286,974,312,3929.9972222222323,1,1,0,2,1,0,26751,0
7966.0,fzp,1.0,1288,972,316,3930.26750000001,4,2,0,1,3,0,26757,0
7967.0,fzp,1.0,1285,968,317,3930.5369444444545,3,2,0,1,0,0,26762,0
7968.0,fzp,1.0,1285,969,316,3930.8059722222324,0,1,0,0,2,0,26763,0
7969.0,fzp,1.0,1285,973,312,3931.0756944444547,0,0,0,1,3,0,26763,0
7970.0,fzp,1.0,1289,974,315,3931.3461111111214,1,0,0,0,2,0,26764,0
7971.0,fzp,1.0,1289,977,312,3931.6170833333435,0,1,0,0,4,0,26765,0
7972.0,fzp,1.0,1286,974,312,3931.8880555555656,3,2,0,0,2,0,26770,0
7973.0,fzp,1.0,1290,976,314,3932.158888888899,0,2,0,0,4,0,26772,0
7974.0,fzp,1.0,1289,978,311,3932.430277777788,0,0,0,0,2,0,26772,0
7975.0,fzp,1.0,1292,978,314,3932.7019444444545,0,1,0,0,1,0,26773,0
7976.0,fzp,1.0,1290,976,314,3932.9733333333434,2,1,0,0,1,0,26776,0
7977.0,fzp,1.0,1295,980,315,3933.24500000001,1,0,0,0,5,0,26777,0
7978.0,fzp,1.0,1299,978,321,3933.5169444444546,3,1,0,0,2,0,26781,0
7979.0,fzp,1.0,1300,979,321,3933.78875000001,2,1,0,0,4,0,26784,0
7980.0,fzp,1.0,1300,980,320,3934.0608333333435,0,1,0,0,2,0,26785,0
7981.0,fzp,1.0,1303,981,322,3934.3331944444544,0,1,0,0,2,0,26786,0
7982.0,fzp,1.0,1302,979,323,3934.605416666677,2,0,0,0,0,0,26788,0
7983.0,fzp,1.0,1303,979,324,3934.8773611111214,2,0,0,0,2,0,26790,0
7984.0,fzp,1.0,1305,981,324,3935.149583333344,0,1,0,0,3,0,26791,0
7985.0,fzp,1.0,1306,981,325,3935.422083333344,2,2,0,1,3,0,26795,0
7986.0,fzp,1.0,1305,978,327,3935.694166666677,2,1,0,0,0,0,26798,0
7987.0,fzp,1.0,1302,977,325,3935.965694444455,1,2,0,1,1,0,26801,0
7988.0,fzp,1.0,1301,978,323,3936.237222222233,1,0,0,2,0,0,26802,0
7989.0,fzp,1.0,1299,980,319,3936.5091666666776,1,2,0,2,3,0,26805,0
7990.0,fzp,1.0,1299,983,316,3936.7818055555667,1,1,0,2,3,0,26807,0
7991.0,fzp,1.0,1300,986,314,3937.055277777789,1,0,0,2,2,0,26808,0
7992.0,fzp,1.0,1301,990,311,3937.329722222233,0,0,0,2,2,0,26808,0
7993.0,fzp,1.0,1299,992,307,3937.605000000011,0,1,0,1,2,0,26809,0
7994.0,fzp,1.0,1296,991,305,3937.880416666678,1,2,0,0,2,0,26812,0
7995.0,fzp,1.0,1298,992,306,3938.1558333333446,1,1,0,0,3,0,26814,0
7996.0,fzp,1.0,1301,996,305,3938.431944444456,1,1,0,3,3,0,26816,0
7997.0,fzp,1.0,1300,992,308,3938.708055555567,5,0,0,1,0,0,26821,0
7998.0,fzp,1.0,1299,994,305,3938.9838888889003,1,0,0,1,2,0,26822,0
7999.0,fzp,1.0,1300,996,304,3939.2602777777893,1,0,0,3,0,0,26823,0
8000.0,fzp,1.0,1296,992,304,3939.5363888889005,3,1,1,0,1,0,26827,0
8001.0,fzp,1.0,1292,991,301,3939.8118055555674,2,1,0,1,1,0,26830,0
8002.0,fzp,1.0,1294,987,307,3940.08652777779,4,1,0,0,1,0,26835,0
8003.0,fzp,1.0,1294,985,309,3940.3604166666787,4,1,0,0,3,0,26840,0
8004.0,fzp,1.0,1292,985,307,3940.63402777779,1,0,0,1,0,0,26841,0
8005.0,fzp,1.0,1291,986,305,3940.9077777777898,2,0,0,1,2,0,26843,0
8006.0,fzp,1.0,1290,987,303,3941.1818055555677,2,0,0,1,2,0,26845,0
8007.0,fzp,1.0,1289,985,304,3941.4556944444566,3,0,0,0,1,0,26848,0
8008.0,fzp,1.0,1290,987,303,3941.7295833333455,1,1,0,1,3,0,26850,0
8009.0,fzp,1.0,1291,989,302,3942.00402777779,0,1,0,1,2,0,26851,0
8010.0,fzp,1.0,1291,989,302,3942.278750000012,0,2,0,0,2,0,26853,0
8011.0,fzp,1.0,1291,993,298,3942.55402777779,0,0,0,2,2,0,26853,0
8012.0,fzp,1.0,1294,998,296,3942.8305555555676,0,0,0,2,3,0,26853,0
8013.0,fzp,1.0,1294,999,295,3943.1079166666786,0,1,0,0,2,0,26854,0
8014.0,fzp,1.0,1295,1001,294,3943.3856944444565,1,0,0,2,1,0,26855,0
8015.0,fzp,1.0,1298,1003,295,3943.6640277777897,1,0,0,1,2,0,26856,0
8016.0,fzp,1.0,1294,1000,294,3943.9422222222342,1,2,0,0,0,0,26859,0
8017.0,fzp,1.0,1295,1002,293,3944.2202777777898,1,1,0,2,2,0,26861,0
8018.0,fzp,1.0,1296,1003,293,3944.498750000012,1,0,0,0,2,0,26862,0
8019.0,fzp,1.0,1298,1003,295,3944.7773611111234,6,0,0,4,2,0,26868,0
8020.0,fzp,1.0,1300,1004,296,3945.0561111111233,1,1,0,1,2,0,26870,0
8021.0,fzp,1.0,1303,1004,299,3945.3350000000123,3,1,0,1,3,0,26874,0
8022.0,fzp,1.0,1300,996,304,3945.61277777779,5,3,0,0,0,0,26882,0
8023.0,fzp,1.0,1298,993,305,3945.88902777779,2,1,0,0,0,0,26885,0
8024.0,fzp,1.0,1300,992,308,3946.1647222222346,3,0,0,0,2,0,26888,0
8025.0,fzp,1.0,1301,990,311,3946.4400000000123,3,3,0,2,2,0,26894,0
8026.0,fzp,1.0,1300,992,308,3946.71527777779,0,0,0,0,2,0,26894,0
8027.0,fzp,1.0,1303,993,310,3946.9909722222346,2,1,0,0,4,0,26897,0
8028.0,fzp,1.0,1299,988,311,3947.2661111111233,3,2,0,0,0,0,26902,0
8029.0,fzp,1.0,1303,992,311,3947.5411111111234,0,0,0,0,4,0,26902,0
8030.0,fzp,1.0,1307,991,316,3947.8165277777903,4,1,0,2,2,0,26907,0
8031.0,fzp,1.0,1304,989,315,3948.0915277777904,0,2,0,0,0,0,26909,0
8032.0,fzp,1.0,1304,986,318,3948.365833333346,2,1,0,0,0,0,26912,0
8033.0,fzp,1.0,1303,987,316,3948.639861111124,1,0,0,1,1,0,26913,0
8034.0,fzp,1.0,1298,985,313,3948.913750000013,2,0,0,0,0,0,26915,0
8035.0,fzp,1.0,1302,989,313,3949.1879166666795,2,0,0,1,5,0,26917,0
8036.0,fzp,1.0,1300,988,312,3949.462500000013,1,2,0,0,2,0,26920,0
8037.0,fzp,1.0,1298,987,311,3949.7368055555685,1,0,0,0,0,0,26921,0
8038.0,fzp,1.0,1298,983,315,3950.0104166666797,3,1,0,0,0,0,26925,0
8039.0,fzp,1.0,1298,983,315,3950.283472222235,0,0,0,0,0,0,26925,0
8040.0,fzp,1.0,1300,982,318,3950.556388888902,6,0,0,1,4,0,26931,0
8041.0,fzp,1.0,1299,979,320,3950.828750000013,3,0,0,0,0,0,26934,0
8042.0,fzp,1.0,1298,975,323,3951.1001388889017,4,1,0,0,1,0,26939,0
8043.0,fzp,1.0,1295,970,325,3951.3702777777908,3,3,0,0,1,0,26945,0
8044.0,fzp,1.0,1295,971,324,3951.639861111124,1,0,0,1,1,0,26946,0
8045.0,fzp,1.0,1296,969,327,3951.9093055555686,3,1,0,0,2,0,26950,0
8046.0,fzp,1.0,1298,970,328,3952.178611111124,0,0,0,0,1,0,26950,0
8047.0,fzp,1.0,1298,969,329,3952.4479166666797,3,0,0,1,1,0,26953,0
8048.0,fzp,1.0,1299,968,331,3952.7169444444576,3,0,0,0,2,0,26956,0
8049.0,fzp,1.0,1300,969,331,3952.9859722222354,3,0,1,2,3,0,26959,0
8050.0,fzp,1.0,1300,970,330,3953.255277777791,0,0,0,0,1,0,26959,0
8051.0,fzp,1.0,1298,970,328,3953.5247222222356,1,0,0,0,1,0,26960,0
8052.0,fzp,1.0,1300,970,330,3953.79416666668,1,0,0,0,1,0,26961,0
8053.0,fzp,1.0,1300,970,330,3954.063611111125,1,0,0,0,1,0,26962,0
8054.0,fzp,1.0,1301,971,330,3954.333194444458,0,0,0,0,1,0,26962,0
8055.0,fzp,1.0,1304,974,330,3954.603333333347,0,0,0,0,3,0,26962,0
8056.0,fzp,1.0,1302,971,331,3954.873472222236,2,2,0,1,0,0,26966,0
8057.0,fzp,1.0,1303,970,333,3955.1430555555694,4,1,0,0,4,0,26971,0
8058.0,fzp,1.0,1302,969,333,3955.412361111125,1,1,0,0,1,0,26973,0
8059.0,fzp,1.0,1302,967,335,3955.6812500000137,1,2,0,0,1,0,26976,0
8060.0,fzp,1.0,1303,968,335,3955.950000000014,1,1,0,0,3,0,26978,0
8061.0,fzp,1.0,1302,969,333,3956.219027777792,1,0,0,1,1,0,26979,0
8062.0,fzp,1.0,1301,968,333,3956.4880555555696,1,1,0,0,1,0,26981,0
8063.0,fzp,1.0,1305,968,337,3956.7569444444584,7,0,0,4,3,0,26988,0
8064.0,fzp,1.0,1301,967,334,3957.0256944444586,0,2,0,0,1,0,26990,0
8065.0,fzp,1.0,1302,968,334,3957.294444444459,1,1,0,1,2,0,26992,0
8066.0,fzp,1.0,1305,968,337,3957.5633333333476,4,1,0,2,3,0,26997,0
8067.0,fzp,1.0,1305,969,336,3957.8323611111255,1,0,1,1,2,0,26998,0
8068.0,fzp,1.0,1305,969,336,3958.101527777792,3,2,0,1,4,0,27003,0
8069.0,fzp,1.0,1304,966,338,3958.370277777792,3,2,0,2,0,0,27008,0
8070.0,fzp,1.0,1302,962,340,3958.6380555555697,4,1,0,0,1,0,27013,0
8071.0,fzp,1.0,1302,961,341,3958.905138888903,1,2,0,2,0,0,27016,0
8072.0,fzp,1.0,1300,960,340,3959.1719444444584,0,2,0,0,1,0,27018,0
8073.0,fzp,1.0,1296,959,337,3959.438472222236,2,0,0,1,0,0,27020,0
8074.0,fzp,1.0,1294,957,337,3959.7045833333473,2,0,0,0,0,0,27022,0
8075.0,fzp,1.0,1296,955,341,3959.970138888903,4,0,0,1,1,0,27026,0
8076.0,fzp,1.0,1291,954,337,3960.235277777792,1,2,0,0,2,0,27029,0
8077.0,fzp,1.0,1292,959,333,3960.500972222236,1,0,0,2,4,0,27030,0
8078.0,fzp,1.0,1287,955,332,3960.7668055555696,2,3,0,0,1,0,27035,0
8079.0,fzp,1.0,1287,955,332,3961.032083333347,1,2,0,2,1,0,27038,0
8080.0,fzp,1.0,1286,950,336,3961.2966666666803,6,0,0,0,1,0,27044,0
8081.0,fzp,1.0,1286,951,335,3961.560694444458,3,0,0,1,3,0,27047,0
8082.0,fzp,1.0,1284,948,336,3961.824444444458,2,1,0,0,0,0,27050,0
8083.0,fzp,1.0,1285,947,338,3962.0876388889023,3,1,0,0,3,0,27054,0
8084.0,fzp,1.0,1284,947,337,3962.350694444458,1,0,0,0,1,0,27055,0
8085.0,fzp,1.0,1280,940,340,3962.6127777777915,5,4,0,1,1,0,27064,0
8086.0,fzp,1.0,1277,938,339,3962.873611111125,2,0,0,0,0,0,27066,0
8087.0,fzp,1.0,1271,931,340,3963.1331944444582,4,4,0,0,1,0,27074,0
8088.0,fzp,1.0,1273,930,343,3963.3916666666805,2,0,0,1,0,0,27076,0
8089.0,fzp,1.0,1273,929,344,3963.649861111125,2,2,0,0,3,0,27080,0
8090.0,fzp,1.0,1272,926,346,3963.907500000014,5,1,0,2,1,0,27086,0
8091.0,fzp,1.0,1271,922,349,3964.1641666666806,6,0,0,1,1,0,27092,0
8092.0,fzp,1.0,1271,924,347,3964.4205555555695,2,1,0,2,3,0,27095,0
8093.0,fzp,1.0,1270,923,347,3964.677083333347,0,1,0,0,0,0,27096,0
8094.0,fzp,1.0,1267,920,347,3964.9330555555694,3,1,1,0,2,0,27100,0
8095.0,fzp,1.0,1266,921,345,3965.188750000014,1,1,0,1,2,0,27102,0
8096.0,fzp,1.0,1267,923,344,3965.444861111125,2,0,0,2,2,0,27104,0
8097.0,fzp,1.0,1263,924,339,3965.701388888903,0,0,0,0,1,0,27104,0
8098.0,fzp,1.0,1262,921,341,3965.9576388889027,2,2,0,0,1,0,27108,0
8099.0,fzp,1.0,1256,918,338,3966.2130555555696,2,1,0,0,0,0,27111,0
8100.0,fzp,1.0,1260,918,342,3966.4680555555697,1,0,0,0,1,0,27112,0
8101.0,fzp,1.0,1261,919,342,3966.7231944444584,0,0,0,0,1,0,27112,0
8102.0,fzp,1.0,1259,918,341,3966.978333333347,5,0,0,3,1,0,27117,0
8103.0,fzp,1.0,1257,919,338,3967.233472222236,1,2,0,0,4,0,27120,0
8104.0,fzp,1.0,1256,920,336,3967.4888888889027,1,1,0,2,1,0,27122,0
8105.0,fzp,1.0,1251,918,333,3967.7441666666805,1,2,0,0,1,0,27125,0
8106.0,fzp,1.0,1252,920,332,3967.9994444444583,3,0,0,4,1,0,27128,0
8107.0,fzp,1.0,1250,921,329,3968.255138888903,2,0,0,2,1,0,27130,0
8108.0,fzp,1.0,1247,924,323,3968.5113888889027,0,1,0,2,2,0,27131,0
8109.0,fzp,1.0,1244,920,324,3968.767500000014,3,1,0,0,0,0,27135,0
8110.0,fzp,1.0,1245,922,323,3969.023333333347,1,0,0,0,3,0,27136,0
8111.0,fzp,1.0,1246,923,323,3969.279583333347,0,2,0,1,2,0,27138,0
8112.0,fzp,1.0,1246,923,323,3969.535972222236,3,0,0,2,1,0,27141,0
8113.0,fzp,1.0,1243,922,321,3969.792222222236,1,1,0,1,0,0,27143,0
8114.0,fzp,1.0,1241,925,316,3970.0487500000136,1,1,0,2,3,0,27145,0
8115.0,fzp,1.0,1241,926,315,3970.305833333347,0,1,0,0,2,0,27146,0
8116.0,fzp,1.0,1245,928,317,3970.563333333347,2,0,0,1,3,0,27148,0
8117.0,fzp,1.0,1243,930,313,3970.8213888889027,0,0,0,2,0,0,27148,0
8118.0,fzp,1.0,1247,933,314,3971.0801388889026,0,1,0,0,4,0,27149,0
8119.0,fzp,1.0,1250,936,314,3971.339722222236,1,1,0,0,5,0,27151,0
8120.0,fzp,1.0,1250,937,313,3971.599861111125,0,1,0,1,1,0,27152,0
8121.0,fzp,1.0,1245,932,313,3971.8594444444584,3,3,0,0,1,0,27158,0
8122.0,fzp,1.0,1245,930,315,3972.1180555555693,2,0,0,0,0,0,27160,0
8123.0,fzp,1.0,1244,930,314,3972.3763888889025,0,0,0,0,0,0,27160,0
8124.0,fzp,1.0,1241,930,311,3972.6347222222357,1,2,0,1,2,0,27163,0
8125.0,fzp,1.0,1242,931,311,3972.893194444458,1,2,0,0,4,0,27166,0
8126.0,fzp,1.0,1241,930,311,3973.1516666666803,2,3,0,0,4,0,27171,0
8127.0,fzp,1.0,1237,927,310,3973.4095833333467,2,2,0,1,0,0,27175,0
8128.0,fzp,1.0,1236,926,310,3973.666944444458,2,2,0,1,2,0,27179,0
8129.0,fzp,1.0,1232,929,303,3973.9245833333466,1,0,0,2,2,0,27180,0
8130.0,fzp,1.0,1230,932,298,3974.183055555569,1,0,0,0,4,0,27181,0
8131.0,fzp,1.0,1229,933,296,3974.4420833333465,1,1,0,0,3,0,27183,0
8132.0,fzp,1.0,1229,932,297,3974.701111111124,2,1,0,1,1,0,27186,0
8133.0,fzp,1.0,1231,932,299,3974.960000000013,2,1,0,0,3,0,27189,0
8134.0,fzp,1.0,1233,936,297,3975.2194444444576,1,0,0,0,5,0,27190,0
8135.0,fzp,1.0,1232,936,296,3975.479444444458,1,1,0,1,1,0,27192,0
8136.0,fzp,1.0,1234,939,295,3975.7398611111244,1,1,0,0,5,0,27194,0
8137.0,fzp,1.0,1230,935,295,3976.0001388889023,3,2,0,1,0,0,27199,0
8138.0,fzp,1.0,1231,936,295,3976.2600000000134,0,0,0,1,0,0,27199,0
8139.0,fzp,1.0,1228,936,292,3976.5200000000136,0,2,0,1,1,0,27201,0
8140.0,fzp,1.0,1224,935,289,3976.779861111125,1,0,0,0,0,0,27202,0
8141.0,fzp,1.0,1222,935,287,3977.039583333347,1,0,0,0,1,0,27203,0
8142.0,fzp,1.0,1223,935,288,3977.299305555569,1,0,0,1,0,0,27204,0
8143.0,fzp,1.0,1219,935,284,3977.559027777791,0,2,0,1,1,0,27206,0
8144.0,fzp,1.0,1220,935,285,3977.818750000013,1,0,0,0,1,0,27207,0
8145.0,fzp,1.0,1218,936,282,3978.0786111111242,1,0,0,1,1,0,27208,0
8146.0,fzp,1.0,1222,940,282,3978.33916666668,2,0,0,3,3,0,27210,0
8147.0,fzp,1.0,1218,937,281,3978.5998611111245,3,1,0,1,0,0,27214,0
8148.0,fzp,1.0,1217,938,279,3978.860277777791,2,0,0,1,2,0,27216,0
8149.0,fzp,1.0,1213,934,279,3979.120277777791,3,2,1,1,1,0,27221,0
8150.0,fzp,1.0,1212,929,283,3979.379027777791,5,1,0,0,1,0,27227,0
8151.0,fzp,1.0,1218,931,287,3979.6373611111244,1,0,0,1,2,0,27228,0
8152.0,fzp,1.0,1215,933,282,3979.8962500000134,1,0,0,2,1,0,27229,0
8153.0,fzp,1.0,1219,937,282,3980.1559722222355,1,1,0,1,5,0,27231,0
8154.0,fzp,1.0,1224,940,284,3980.41666666668,1,2,0,1,5,0,27234,0
8155.0,fzp,1.0,1225,941,284,3980.67791666668,2,0,0,0,3,0,27236,0
8156.0,fzp,1.0,1225,941,284,3980.9393055555693,2,0,0,2,0,0,27238,0
8157.0,fzp,1.0,1225,935,290,3981.199861111125,5,3,0,0,2,0,27246,0
8158.0,fzp,1.0,1228,936,292,3981.459722222236,2,0,0,0,3,0,27248,0
8159.0,fzp,1.0,1228,936,292,3981.719722222236,2,1,0,2,1,0,27251,0
8160.0,fzp,1.0,1233,939,294,3981.9801388889027,4,0,0,1,6,0,27255,0
8161.0,fzp,1.0,1232,939,293,3982.240972222236,3,0,0,1,2,0,27258,0
8162.0,fzp,1.0,1233,940,293,3982.5019444444583,1,1,0,1,2,0,27260,0
8163.0,fzp,1.0,1232,938,294,3982.7627777777916,1,2,0,0,1,0,27263,0
8164.0,fzp,1.0,1235,942,293,3983.0238888889025,0,2,0,1,5,0,27265,0
8165.0,fzp,1.0,1238,943,295,3983.285694444458,0,0,0,0,1,0,27265,0
8166.0,fzp,1.0,1237,943,294,3983.5476388889024,1,0,0,1,0,0,27266,0
8167.0,fzp,1.0,1237,940,297,3983.80916666668,3,0,0,0,0,0,27269,0
8168.0,fzp,1.0,1236,941,295,3984.07041666668,0,1,0,0,2,0,27270,0
8169.0,fzp,1.0,1238,941,297,3984.331805555569,4,0,0,1,3,0,27274,0
8170.0,fzp,1.0,1238,941,297,3984.5931944444583,0,1,0,0,1,0,27275,0
8171.0,fzp,1.0,1235,940,295,3984.8544444444583,2,2,0,1,2,0,27279,0
8172.0,fzp,1.0,1233,937,296,3985.115138888903,3,0,0,0,0,0,27282,0
8173.0,fzp,1.0,1236,940,296,3985.3758333333476,0,1,0,1,3,0,27283,0
8174.0,fzp,1.0,1239,943,296,3985.6373611111253,0,0,0,0,3,0,27283,0
8175.0,fzp,1.0,1239,941,298,3985.899027777792,4,0,0,2,0,0,27287,0
8176.0,fzp,1.0,1241,944,297,3986.1608333333475,0,2,0,0,5,0,27289,0
8177.0,fzp,1.0,1243,941,302,3986.422638888903,4,0,0,0,1,0,27293,0
8178.0,fzp,1.0,1247,943,304,3986.6843055555696,0,1,0,1,2,0,27294,0
8179.0,fzp,1.0,1251,945,306,3986.9465277777917,1,3,0,1,5,0,27298,0
8180.0,fzp,1.0,1251,940,311,3987.208333333347,5,2,0,2,0,0,27305,0
8181.0,fzp,1.0,1254,943,311,3987.469861111125,1,1,0,1,4,0,27307,0
8182.0,fzp,1.0,1258,947,311,3987.7323611111246,1,1,0,1,5,0,27309,0
8183.0,fzp,1.0,1259,943,316,3987.9948611111245,4,1,0,0,1,0,27314,0
8184.0,fzp,1.0,1260,944,316,3988.256944444458,1,1,0,0,3,0,27316,0
8185.0,fzp,1.0,1259,942,317,3988.5188888889024,4,0,0,0,2,0,27320,0
8186.0,fzp,1.0,1260,941,319,3988.78041666668,2,2,0,0,3,0,27324,0
8187.0,fzp,1.0,1260,939,321,3989.041527777791,2,2,0,0,2,0,27328,0
8188.0,fzp,1.0,1256,935,321,3989.301805555569,4,1,0,0,1,0,27333,0
8189.0,fzp,1.0,1255,934,321,3989.5613888889025,1,1,0,0,1,0,27335,0
8190.0,fzp,1.0,1257,929,328,3989.8201388889024,6,1,0,0,2,0,27342,0
8191.0,fzp,1.0,1257,928,329,3990.078055555569,2,1,0,1,1,0,27345,0
8192.0,fzp,1.0,1253,926,327,3990.335555555569,2,0,0,0,0,0,27347,0
8193.0,fzp,1.0,1257,927,330,3990.59291666668,3,0,0,1,3,0,27350,0
8194.0,fzp,1.0,1257,925,332,3990.850138888902,2,1,0,1,0,0,27353,0
8195.0,fzp,1.0,1256,923,333,3991.106805555569,1,2,0,0,1,0,27356,0
8196.0,fzp,1.0,1256,923,333,3991.363194444458,1,2,0,1,2,0,27359,0
8197.0,fzp,1.0,1258,927,331,3991.620138888902,1,1,0,2,4,0,27361,0
8198.0,fzp,1.0,1260,932,328,3991.8783333333467,0,0,1,1,5,0,27361,0
8199.0,fzp,1.0,1263,931,332,3992.1370833333467,5,1,0,2,3,0,27367,0
8200.0,fzp,1.0,1261,930,331,3992.395555555569,1,2,0,2,0,0,27370,0
8201.0,fzp,1.0,1263,931,332,3992.6540277777913,2,2,0,1,4,0,27374,0
8202.0,fzp,1.0,1264,932,332,3992.9127777777912,0,2,0,1,2,0,27376,0
8203.0,fzp,1.0,1270,935,335,3993.1720833333466,3,0,0,1,5,0,27379,0
8204.0,fzp,1.0,1270,932,338,3993.431388888902,2,4,0,0,3,0,27385,0
8205.0,fzp,1.0,1273,931,342,3993.690138888902,3,2,0,0,4,0,27390,0
8206.0,fzp,1.0,1270,929,341,3993.948472222235,1,2,0,0,1,0,27393,0
8207.0,fzp,1.0,1270,924,346,3994.205833333346,3,3,0,0,1,0,27399,0
8208.0,fzp,1.0,1266,922,344,3994.462222222235,0,4,0,0,2,0,27403,0
8209.0,fzp,1.0,1261,918,343,3994.7177777777906,1,3,0,0,0,0,27407,0
8210.0,fzp,1.0,1262,920,342,3994.9730555555684,1,0,0,0,3,0,27408,0
8211.0,fzp,1.0,1261,920,341,3995.228611111124,0,1,0,0,1,0,27409,0
8212.0,fzp,1.0,1262,922,340,3995.484444444457,0,0,0,1,1,0,27409,0
8213.0,fzp,1.0,1261,923,338,3995.740694444457,4,0,0,3,2,0,27413,0
8214.0,fzp,1.0,1260,926,334,3995.9975000000127,0,1,0,2,2,0,27414,0
8215.0,fzp,1.0,1256,923,333,3996.2543055555684,3,1,0,1,0,0,27418,0
8216.0,fzp,1.0,1254,924,330,3996.510833333346,2,1,0,4,0,0,27421,0
8217.0,fzp,1.0,1253,927,326,3996.7679166666794,2,0,0,4,1,0,27423,0
8218.0,fzp,1.0,1254,926,328,3997.0252777777905,3,0,0,0,2,0,27426,0
8219.0,fzp,1.0,1253,927,326,3997.2826388889016,1,0,0,0,2,0,27427,0
8220.0,fzp,1.0,1253,926,327,3997.5400000000127,5,0,0,1,3,0,27432,0
8221.0,fzp,1.0,1255,928,327,3997.797500000013,2,1,0,0,5,0,27435,0
8222.0,fzp,1.0,1255,931,324,3998.0556944444575,0,0,0,1,2,0,27435,0
8223.0,fzp,1.0,1252,930,322,3998.3141666666797,0,1,0,0,0,0,27436,0
8224.0,fzp,1.0,1251,928,323,3998.5722222222353,2,0,0,0,0,0,27438,0
8225.0,fzp,1.0,1255,926,329,3998.8297222222354,5,0,0,0,3,0,27443,0
8226.0,fzp,1.0,1251,925,326,3999.086805555569,1,0,0,0,0,0,27444,0
8227.0,fzp,1.0,1247,923,324,3999.3434722222355,1,2,0,0,1,0,27447,0
8228.0,fzp,1.0,1246,924,322,3999.600000000013,2,1,0,0,4,0,27450,0
8229.0,fzp,1.0,1247,924,323,3999.8566666666798,2,1,0,0,3,0,27453,0
8230.0,fzp,1.0,1244,923,321,4000.1131944444573,3,1,0,2,1,0,27457,0
8231.0,fzp,1.0,1244,921,323,4000.3693055555686,4,0,0,0,2,0,27461,0
8232.0,fzp,1.0,1242,919,323,4000.624861111124,2,1,0,0,1,0,27464,0
8233.0,fzp,1.0,1240,919,321,4000.880138888902,0,3,0,1,2,0,27467,0
8234.0,fzp,1.0,1239,919,320,4001.1354166666797,2,1,0,0,3,0,27470,0
8235.0,fzp,1.0,1238,919,319,4001.3906944444575,1,1,0,1,1,0,27472,0
8236.0,fzp,1.0,1238,918,320,4001.645833333346,3,1,0,2,1,0,27476,0
8237.0,fzp,1.0,1240,920,320,4001.901111111124,0,1,0,1,2,0,27477,0
8238.0,fzp,1.0,1239,923,316,4002.1570833333462,0,0,0,1,2,0,27477,0
8239.0,fzp,1.0,1238,923,315,4002.413472222235,2,0,0,1,1,0,27479,0
8240.0,fzp,1.0,1236,923,313,4002.669861111124,5,0,0,4,1,0,27484,0
8241.0,fzp,1.0,1235,922,313,4002.926111111124,2,0,0,0,1,0,27486,0
8242.0,fzp,1.0,1237,924,313,4003.182500000013,4,0,0,3,3,0,27490,0
8243.0,fzp,1.0,1237,925,312,4003.439305555569,1,0,0,0,2,0,27491,0
8244.0,fzp,1.0,1235,924,311,4003.6961111111245,2,0,1,2,0,0,27493,0
8245.0,fzp,1.0,1231,924,307,4003.952777777791,1,1,0,0,2,0,27495,0
8246.0,fzp,1.0,1228,924,304,4004.209444444458,1,0,0,1,0,0,27496,0
8247.0,fzp,1.0,1222,921,301,4004.4656944444578,1,1,1,0,0,0,27498,0
8248.0,fzp,1.0,1220,923,297,4004.721805555569,0,1,0,0,3,0,27499,0
8249.0,fzp,1.0,1222,927,295,4004.9787500000134,1,0,0,1,4,0,27500,0
8250.0,fzp,1.0,1218,925,293,4005.2359722222354,0,3,0,0,1,0,27503,0
8251.0,fzp,1.0,1218,923,295,4005.492638888902,2,4,0,1,3,0,27509,0
8252.0,fzp,1.0,1218,921,297,4005.7487500000134,4,1,0,1,2,0,27514,0
8253.0,fzp,1.0,1219,921,298,4006.0045833333465,1,0,0,1,0,0,27515,0
8254.0,fzp,1.0,1222,922,300,4006.2605555555688,2,1,0,0,4,0,27518,0
8255.0,fzp,1.0,1223,923,300,4006.5168055555687,1,2,0,0,4,0,27521,0
8256.0,fzp,1.0,1222,924,298,4006.7733333333463,2,1,0,1,3,0,27524,0
8257.0,fzp,1.0,1221,924,297,4007.030000000013,1,3,0,2,2,0,27528,0
8258.0,fzp,1.0,1220,924,296,4007.2866666666796,1,1,0,1,1,0,27530,0
8259.0,fzp,1.0,1221,922,299,4007.5430555555686,2,0,0,0,0,0,27532,0
8260.0,fzp,1.0,1219,925,294,4007.799583333346,1,2,0,2,4,0,27535,0
8261.0,fzp,1.0,1218,923,295,4008.056250000013,3,0,0,0,1,0,27538,0
8262.0,fzp,1.0,1218,921,297,4008.312361111124,3,0,1,0,2,0,27541,0
8263.0,fzp,1.0,1219,922,297,4008.5683333333463,1,1,0,1,2,0,27543,0
8264.0,fzp,1.0,1215,920,295,4008.8241666666795,2,2,0,1,1,0,27547,0
8265.0,fzp,1.0,1215,923,292,4009.0801388889017,0,0,0,1,2,0,27547,0
8266.0,fzp,1.0,1213,921,292,4009.336250000013,0,2,0,0,0,0,27549,0
8267.0,fzp,1.0,1212,920,292,4009.5919444444576,4,0,0,1,2,0,27553,0
8268.0,fzp,1.0,1212,917,295,4009.8470833333463,4,2,0,0,3,0,27559,0
8269.0,fzp,1.0,1214,918,296,4010.1019444444573,1,1,0,1,2,0,27561,0
8270.0,fzp,1.0,1212,914,298,4010.3563888889016,3,2,0,0,1,0,27566,0
8271.0,fzp,1.0,1209,912,297,4010.610000000013,2,0,0,0,0,0,27568,0
8272.0,fzp,1.0,1207,910,297,4010.8630555555683,2,0,0,0,0,0,27570,0
8273.0,fzp,1.0,1207,909,298,4011.115694444457,1,1,0,0,1,0,27572,0
8274.0,fzp,1.0,1200,907,293,4011.3679166666793,0,3,0,1,0,0,27575,0
8275.0,fzp,1.0,1201,907,294,4011.6198611111236,2,1,0,0,3,0,27578,0
8276.0,fzp,1.0,1202,908,294,4011.871944444457,0,3,0,2,2,0,27581,0
8277.0,fzp,1.0,1200,910,290,4012.124444444457,0,1,0,0,3,0,27582,0
8278.0,fzp,1.0,1197,910,287,4012.3772222222346,0,1,0,0,1,0,27583,0
8279.0,fzp,1.0,1198,910,288,4012.6300000000124,1,0,0,0,1,0,27584,0
8280.0,fzp,1.0,1199,907,292,4012.8823611111234,2,2,0,0,1,0,27588,0
8281.0,fzp,1.0,1196,903,293,4013.1337500000122,2,3,0,0,1,0,27593,0
8282.0,fzp,1.0,1196,903,293,4013.3845833333457,1,0,0,0,1,0,27594,0
8283.0,fzp,1.0,1196,902,294,4013.63527777779,2,1,0,0,2,0,27597,0
8284.0,fzp,1.0,1197,901,296,4013.885694444457,2,0,0,0,1,0,27599,0
8285.0,fzp,1.0,1194,899,295,4014.135694444457,0,2,0,0,0,0,27601,0
8286.0,fzp,1.0,1192,901,291,4014.385694444457,1,1,0,2,2,0,27603,0
8287.0,fzp,1.0,1195,903,292,4014.6362500000123,0,1,0,0,3,0,27604,0
8288.0,fzp,1.0,1194,905,289,4014.8873611111235,0,1,0,1,2,0,27605,0
8289.0,fzp,1.0,1187,902,285,4015.1383333333456,0,3,0,0,0,0,27608,0
8290.0,fzp,1.0,1187,902,285,4015.388888888901,0,1,0,1,0,0,27609,0
8291.0,fzp,1.0,1186,901,285,4015.6393055555677,0,2,0,0,1,0,27611,0
8292.0,fzp,1.0,1185,901,284,4015.8895833333454,1,0,0,0,1,0,27612,0
8293.0,fzp,1.0,1185,903,282,4016.1401388889008,1,3,0,3,3,0,27616,0
8294.0,fzp,1.0,1185,901,284,4016.390694444456,2,1,0,0,1,0,27619,0
8295.0,fzp,1.0,1185,897,288,4016.6404166666784,2,1,1,0,0,0,27622,0
8296.0,fzp,1.0,1186,898,288,4016.889722222234,3,0,0,2,2,0,27625,0
8297.0,fzp,1.0,1182,897,285,4017.1390277777896,2,0,0,1,0,0,27627,0
8298.0,fzp,1.0,1180,895,285,4017.3879166666784,3,1,0,1,1,0,27631,0
8299.0,fzp,1.0,1179,895,284,4017.6365277777895,2,0,0,2,0,0,27633,0
8300.0,fzp,1.0,1177,891,286,4017.8845833333453,4,0,0,0,0,0,27637,0
8301.0,fzp,1.0,1180,892,288,4018.1322222222343,1,1,0,0,3,0,27639,0
8302.0,fzp,1.0,1182,894,288,4018.38027777779,1,0,0,0,3,0,27640,0
8303.0,fzp,1.0,1180,892,288,4018.628333333346,2,1,0,0,1,0,27643,0
8304.0,fzp,1.0,1183,895,288,4018.87652777779,1,0,0,2,2,0,27644,0
8305.0,fzp,1.0,1186,898,288,4019.125555555568,0,0,0,1,2,0,27644,0
8306.0,fzp,1.0,1186,897,289,4019.3748611111237,1,1,0,0,1,0,27646,0
8307.0,fzp,1.0,1186,897,289,4019.62402777779,1,2,0,2,1,0,27649,0
8308.0,fzp,1.0,1184,894,290,4019.8727777777904,2,3,0,0,2,0,27654,0
8309.0,fzp,1.0,1186,894,292,4020.121111111124,3,0,0,1,2,0,27657,0
8310.0,fzp,1.0,1188,896,292,4020.369722222235,1,0,0,1,2,0,27658,0
8311.0,fzp,1.0,1185,897,288,4020.618750000013,0,1,0,0,2,0,27659,0
8312.0,fzp,1.0,1183,900,283,4020.868333333346,0,0,0,2,1,0,27659,0
8313.0,fzp,1.0,1180,899,281,4021.118194444457,2,0,0,0,1,0,27661,0
8314.0,fzp,1.0,1183,902,281,4021.368333333346,1,1,0,1,4,0,27663,0
8315.0,fzp,1.0,1184,903,281,4021.6190277777905,0,0,0,1,0,0,27663,0
8316.0,fzp,1.0,1181,901,280,4021.869583333346,2,1,0,1,0,0,27666,0
8317.0,fzp,1.0,1183,904,279,4022.1202777777903,0,0,0,0,3,0,27666,0
8318.0,fzp,1.0,1185,905,280,4022.37152777779,2,0,0,1,2,0,27668,0
8319.0,fzp,1.0,1185,903,282,4022.6226388889013,5,1,0,2,2,0,27674,0
8320.0,fzp,1.0,1188,902,286,4022.8733333333457,3,1,0,0,3,0,27678,0
8321.0,fzp,1.0,1189,902,287,4023.123888888901,2,1,0,0,3,0,27681,0
8322.0,fzp,1.0,1189,899,290,4023.37402777779,4,2,0,1,2,0,27687,0
8323.0,fzp,1.0,1183,895,288,4023.6231944444567,2,3,0,1,0,0,27692,0
8324.0,fzp,1.0,1183,899,284,4023.872361111123,0,0,0,2,2,0,27692,0
8325.0,fzp,1.0,1178,895,283,4024.1215277777897,5,1,0,0,2,0,27698,0
8326.0,fzp,1.0,1175,893,282,4024.369861111123,1,2,0,0,1,0,27701,0
8327.0,fzp,1.0,1175,891,284,4024.6176388889007,3,0,0,0,1,0,27704,0
8328.0,fzp,1.0,1177,892,285,4024.8652777777897,1,1,0,0,3,0,27706,0
8329.0,fzp,1.0,1177,893,284,4025.1131944444564,1,1,0,0,3,0,27708,0
8330.0,fzp,1.0,1179,895,284,4025.36152777779,2,0,0,2,2,0,27710,0
8331.0,fzp,1.0,1181,894,287,4025.610000000012,3,0,0,0,2,0,27713,0
8332.0,fzp,1.0,1182,894,288,4025.8583333333454,3,0,0,2,1,0,27716,0
8333.0,fzp,1.0,1182,893,289,4026.10652777779,2,1,0,0,2,0,27719,0
8334.0,fzp,1.0,1186,895,291,4026.3548611111232,2,0,0,1,3,0,27721,0
8335.0,fzp,1.0,1187,897,290,4026.603750000012,1,0,0,1,2,0,27722,0
8336.0,fzp,1.0,1188,898,290,4026.8530555555676,1,1,0,1,2,0,27724,0
8337.0,fzp,1.0,1191,900,291,4027.10277777779,2,1,0,1,4,0,27727,0
8338.0,fzp,1.0,1191,901,290,4027.352916666679,1,0,0,2,0,0,27728,0
8339.0,fzp,1.0,1193,905,288,4027.6037500000125,2,0,0,1,5,0,27730,0
8340.0,fzp,1.0,1194,902,292,4027.8547222222346,3,0,0,0,0,0,27733,0
8341.0,fzp,1.0,1195,903,292,4028.105416666679,0,1,0,0,2,0,27734,0
8342.0,fzp,1.0,1197,903,294,4028.3562500000126,2,1,0,0,3,0,27737,0
8343.0,fzp,1.0,1195,901,294,4028.606805555568,3,1,0,1,1,0,27741,0
8344.0,fzp,1.0,1197,898,299,4028.856666666679,3,2,1,0,3,0,27746,0
8345.0,fzp,1.0,1197,897,300,4029.1059722222344,3,0,0,1,1,0,27749,0
8346.0,fzp,1.0,1201,897,304,4029.355138888901,3,0,0,0,3,0,27752,0
8347.0,fzp,1.0,1200,895,305,4029.6040277777897,3,1,0,1,1,0,27756,0
8348.0,fzp,1.0,1202,895,307,4029.852638888901,1,0,0,0,1,0,27757,0
8349.0,fzp,1.0,1201,894,307,4030.101111111123,1,1,0,0,1,0,27759,0
8350.0,fzp,1.0,1204,896,308,4030.349722222234,2,1,0,0,5,0,27762,0
8351.0,fzp,1.0,1202,893,309,4030.598194444456,2,1,0,0,0,0,27765,0
8352.0,fzp,1.0,1206,893,313,4030.846250000012,3,0,0,0,3,0,27768,0
8353.0,fzp,1.0,1206,892,314,4031.0941666666786,0,1,0,0,0,0,27769,0
8354.0,fzp,1.0,1209,893,316,4031.3420833333453,1,0,0,0,2,0,27770,0
8355.0,fzp,1.0,1211,892,319,4031.590000000012,4,0,0,1,2,0,27774,0
8356.0,fzp,1.0,1209,894,315,4031.8380555555677,0,1,0,1,2,0,27775,0
8357.0,fzp,1.0,1210,894,316,4032.086388888901,3,1,0,1,3,0,27779,0
8358.0,fzp,1.0,1214,897,317,4032.3351388889014,2,0,0,1,4,0,27781,0
8359.0,fzp,1.0,1219,900,319,4032.5847222222346,2,0,0,1,4,0,27783,0
8360.0,fzp,1.0,1219,900,319,4032.8347222222346,1,1,0,0,2,0,27785,0
8361.0,fzp,1.0,1220,898,322,4033.084444444457,2,1,0,1,0,0,27788,0
8362.0,fzp,1.0,1225,901,324,4033.334305555568,1,0,0,0,4,0,27789,0
8363.0,fzp,1.0,1228,904,324,4033.5850000000123,3,0,0,5,1,0,27792,0
8364.0,fzp,1.0,1227,906,321,4033.836388888901,1,3,0,2,4,0,27796,0
8365.0,fzp,1.0,1227,905,322,4034.087916666679,3,2,0,1,3,0,27801,0
8366.0,fzp,1.0,1232,908,324,4034.3397222222347,4,0,0,2,5,0,27805,0
8367.0,fzp,1.0,1231,907,324,4034.591805555568,1,0,0,0,0,0,27806,0
8368.0,fzp,1.0,1229,903,326,4034.843194444457,4,2,0,1,1,0,27812,0
8369.0,fzp,1.0,1235,906,329,4035.0944444444567,3,1,0,1,6,0,27816,0
8370.0,fzp,1.0,1235,906,329,4035.3461111111233,1,0,0,0,1,0,27817,0
8371.0,fzp,1.0,1234,905,329,4035.597638888901,4,0,0,1,2,0,27821,0
8372.0,fzp,1.0,1235,902,333,4035.8486111111233,2,1,0,0,0,0,27824,0
8373.0,fzp,1.0,1237,901,336,4036.09902777779,2,1,0,1,1,0,27827,0
8374.0,fzp,1.0,1241,900,341,4036.349166666679,4,0,0,0,3,0,27831,0
8375.0,fzp,1.0,1239,899,340,4036.59902777779,2,1,0,1,1,0,27834,0
8376.0,fzp,1.0,1240,896,344,4036.8483333333456,2,2,0,0,1,0,27838,0
8377.0,fzp,1.0,1245,898,347,4037.097500000012,1,0,0,0,3,0,27839,0
8378.0,fzp,1.0,1244,896,348,4037.3466666666786,3,0,0,0,1,0,27842,0
8379.0,fzp,1.0,1245,895,350,4037.595416666679,3,1,0,0,3,0,27846,0
8380.0,fzp,1.0,1247,896,351,4037.844166666679,1,2,0,0,4,0,27849,0
8381.0,fzp,1.0,1247,897,350,4038.093194444457,1,1,0,0,3,0,27851,0
8382.0,fzp,1.0,1248,898,350,4038.3425000000125,1,0,0,0,2,0,27852,0
8383.0,fzp,1.0,1245,897,348,4038.591805555568,2,1,0,0,2,0,27855,0
8384.0,fzp,1.0,1246,900,346,4038.8413888889013,1,0,0,2,2,0,27856,0
8385.0,fzp,1.0,1250,902,348,4039.091666666679,2,0,0,0,4,0,27858,0
8386.0,fzp,1.0,1255,903,352,4039.3423611111234,2,0,0,0,3,0,27860,0
8387.0,fzp,1.0,1257,904,353,4039.5933333333455,2,0,0,0,3,0,27862,0
8388.0,fzp,1.0,1259,905,354,4039.8445833333453,1,0,0,0,2,0,27863,0
8389.0,fzp,1.0,1259,903,356,4040.0956944444565,3,0,0,0,1,0,27866,0
8390.0,fzp,1.0,1255,904,351,4040.3466666666786,4,1,0,5,1,0,27871,0
8391.0,fzp,1.0,1257,906,351,4040.5980555555675,2,0,0,0,4,0,27873,0
8392.0,fzp,1.0,1254,902,352,4040.8491666666787,5,2,1,4,0,0,27880,0
8393.0,fzp,1.0,1252,899,353,4041.0993055555678,4,2,1,1,3,0,27886,0
8394.0,fzp,1.0,1258,901,357,4041.3493055555678,5,0,0,2,5,0,27891,0
8395.0,fzp,1.0,1258,903,355,4041.599861111123,1,0,1,1,3,0,27892,0
8396.0,fzp,1.0,1258,905,353,4041.8509722222343,2,1,0,2,3,0,27895,0
8397.0,fzp,1.0,1261,906,355,4042.1025000000122,2,0,0,1,2,0,27897,0
8398.0,fzp,1.0,1256,905,351,4042.35402777779,2,1,0,1,1,0,27900,0
8399.0,fzp,1.0,1255,907,348,4042.6056944444567,0,1,0,1,2,0,27901,0
8400.0,fzp,1.0,1251,906,345,4042.8575000000124,0,2,0,0,1,0,27903,0
8401.0,fzp,1.0,1246,903,343,4043.108750000012,1,4,0,1,1,0,27908,0
8402.0,fzp,1.0,1242,902,340,4043.3594444444566,4,1,0,3,1,0,27913,0
8403.0,fzp,1.0,1243,900,343,4043.6097222222343,3,0,0,0,1,0,27916,0
8404.0,fzp,1.0,1246,905,341,4043.8604166666787,1,0,0,2,4,0,27917,0
8405.0,fzp,1.0,1247,904,343,4044.1116666666785,2,1,0,0,2,0,27920,0
8406.0,fzp,1.0,1251,911,340,4044.363750000012,0,0,0,2,5,0,27920,0
8407.0,fzp,1.0,1245,904,341,4044.615833333345,5,3,0,0,1,0,27928,0
8408.0,fzp,1.0,1242,903,339,4044.866805555567,3,0,0,2,0,0,27931,0
8409.0,fzp,1.0,1237,900,337,4045.117222222234,2,3,1,0,3,0,27936,0
8410.0,fzp,1.0,1234,899,335,4045.367083333345,1,1,1,0,2,0,27938,0
8411.0,fzp,1.0,1230,899,331,4045.616805555567,3,1,0,1,3,0,27942,0
8412.0,fzp,1.0,1231,898,333,4045.8663888889005,3,1,0,0,3,0,27946,0
8413.0,fzp,1.0,1228,897,331,4046.115694444456,1,1,0,1,0,0,27948,0
8414.0,fzp,1.0,1228,896,332,4046.364722222234,5,2,0,0,6,0,27955,0
8415.0,fzp,1.0,1227,892,335,4046.6130555555674,4,2,0,1,1,0,27961,0
8416.0,fzp,1.0,1223,893,330,4046.860972222234,0,1,0,0,2,0,27962,0
8417.0,fzp,1.0,1224,893,331,4047.10902777779,4,0,0,2,2,0,27966,0
8418.0,fzp,1.0,1224,891,333,4047.3568055555675,2,1,0,0,1,0,27969,0
8419.0,fzp,1.0,1219,887,332,4047.603750000012,3,3,0,2,0,0,27975,0
8420.0,fzp,1.0,1215,886,329,4047.850000000012,1,1,0,0,1,0,27977,0
8421.0,fzp,1.0,1211,886,325,4048.0961111111233,0,1,0,1,0,0,27978,0
8422.0,fzp,1.0,1208,886,322,4048.3422222222343,1,0,0,1,0,0,27979,0
8423.0,fzp,1.0,1200,885,315,4048.5881944444563,1,1,0,1,0,0,27981,0
8424.0,fzp,1.0,1194,882,312,4048.833611111123,2,2,0,1,0,0,27985,0
8425.0,fzp,1.0,1191,883,308,4049.078750000012,1,0,0,0,2,0,27986,0
8426.0,fzp,1.0,1195,885,310,4049.3243055555677,0,0,0,0,2,0,27986,0
8427.0,fzp,1.0,1192,882,310,4049.5697222222343,2,2,0,0,1,0,27990,0
8428.0,fzp,1.0,1193,879,314,4049.8143055555674,3,0,0,0,0,0,27993,0
8429.0,fzp,1.0,1190,879,311,4050.0584722222343,0,0,0,0,0,0,27993,0
8430.0,fzp,1.0,1192,879,313,4050.302638888901,2,0,0,0,2,0,27995,0
8431.0,fzp,1.0,1192,880,312,4050.5469444444566,0,2,0,0,3,0,27997,0
8432.0,fzp,1.0,1192,882,310,4050.791666666679,0,0,0,1,1,0,27997,0
8433.0,fzp,1.0,1194,883,311,4051.0368055555678,0,2,0,0,3,0,27999,0
8434.0,fzp,1.0,1189,881,308,4051.2818055555676,0,3,0,0,1,0,28002,0
8435.0,fzp,1.0,1191,882,309,4051.526666666679,0,1,0,0,2,0,28003,0
8436.0,fzp,1.0,1194,881,313,4051.77152777779,2,0,0,0,1,0,28005,0
8437.0,fzp,1.0,1194,881,313,4052.0162500000124,2,0,0,1,1,0,28007,0
8438.0,fzp,1.0,1196,882,314,4052.2611111111237,0,3,0,0,4,0,28010,0
8439.0,fzp,1.0,1200,885,315,4052.5065277777903,1,0,0,1,3,0,28011,0
8440.0,fzp,1.0,1201,890,311,4052.753055555568,0,0,0,1,4,0,28011,0
8441.0,fzp,1.0,1204,893,311,4053.000694444457,1,0,0,0,4,0,28012,0
8442.0,fzp,1.0,1203,894,309,4053.2488888889015,3,0,0,3,1,0,28015,0
8443.0,fzp,1.0,1203,894,309,4053.497222222235,2,0,0,1,1,0,28017,0
8444.0,fzp,1.0,1198,892,306,4053.7452777777908,1,1,0,0,0,0,28019,0
8445.0,fzp,1.0,1198,893,305,4053.9931944444575,1,0,0,1,1,0,28020,0
8446.0,fzp,1.0,1196,894,302,4054.241388888902,3,0,0,3,1,0,28023,0
8447.0,fzp,1.0,1197,894,303,4054.4897222222353,3,0,0,1,2,0,28026,0
8448.0,fzp,1.0,1193,894,299,4054.7380555555687,4,1,1,4,2,0,28031,0
8449.0,fzp,1.0,1190,891,299,4054.9859722222354,3,1,0,0,1,0,28035,0
8450.0,fzp,1.0,1186,887,299,4055.23291666668,2,3,0,1,0,0,28040,0
8451.0,fzp,1.0,1185,890,295,4055.4797222222355,0,1,0,2,2,0,28041,0
8452.0,fzp,1.0,1186,888,298,4055.72666666668,5,0,0,1,2,0,28046,0
8453.0,fzp,1.0,1183,888,295,4055.9733333333465,1,1,0,0,2,0,28048,0
8454.0,fzp,1.0,1185,887,298,4056.2198611111244,5,0,0,0,4,0,28053,0
8455.0,fzp,1.0,1183,882,301,4056.4655555555687,5,1,0,0,1,0,28059,0
8456.0,fzp,1.0,1185,882,303,4056.7105555555686,3,0,0,0,3,0,28062,0
8457.0,fzp,1.0,1185,881,304,4056.95541666668,2,0,0,1,0,0,28064,0
8458.0,fzp,1.0,1185,879,306,4057.1998611111244,3,1,0,1,1,0,28068,0
8459.0,fzp,1.0,1182,880,302,4057.44416666668,0,1,0,1,1,0,28069,0
8460.0,fzp,1.0,1182,881,301,4057.688750000013,1,0,0,1,1,0,28070,0
8461.0,fzp,1.0,1185,882,303,4057.9336111111243,1,0,0,1,1,0,28071,0
8462.0,fzp,1.0,1185,882,303,4058.178611111124,0,2,0,0,2,0,28073,0
8463.0,fzp,1.0,1187,884,303,4058.4238888889017,0,1,0,0,3,0,28074,0
8464.0,fzp,1.0,1189,886,303,4058.669722222235,0,0,0,0,2,0,28074,0
8465.0,fzp,1.0,1191,889,302,4058.916250000013,2,0,0,2,3,0,28076,0
8466.0,fzp,1.0,1194,890,304,4059.163333333346,1,0,0,0,2,0,28077,0
8467.0,fzp,1.0,1192,888,304,4059.4102777777907,1,1,0,0,0,0,28079,0
8468.0,fzp,1.0,1187,885,302,4059.656527777791,1,2,0,0,0,0,28082,0
8469.0,fzp,1.0,1186,881,305,4059.9018055555684,5,2,0,2,1,0,28089,0
8470.0,fzp,1.0,1181,881,300,4060.1465277777907,1,0,0,0,1,0,28090,0
8471.0,fzp,1.0,1180,882,298,4060.391388888902,3,1,0,1,4,0,28094,0
8472.0,fzp,1.0,1181,879,302,4060.635972222235,4,0,0,0,1,0,28098,0
8473.0,fzp,1.0,1178,880,298,4060.8802777777905,1,0,0,1,1,0,28099,0
8474.0,fzp,1.0,1182,882,300,4061.1250000000127,0,0,0,0,2,0,28099,0
8475.0,fzp,1.0,1182,881,301,4061.369861111124,1,0,0,0,0,0,28100,0
8476.0,fzp,1.0,1184,880,304,4061.614444444457,2,2,0,0,3,0,28104,0
8477.0,fzp,1.0,1182,876,306,4061.858333333346,2,3,0,0,1,0,28109,0
8478.0,fzp,1.0,1181,874,307,4062.1013888889015,1,1,0,0,0,0,28111,0
8479.0,fzp,1.0,1182,873,309,4062.3440277777904,2,1,0,0,2,0,28114,0
8480.0,fzp,1.0,1182,874,308,4062.5866666666793,2,0,0,2,1,0,28116,0
8481.0,fzp,1.0,1184,875,309,4062.829583333346,1,1,0,1,2,0,28118,0
8482.0,fzp,1.0,1185,873,312,4063.072361111124,2,2,0,0,2,0,28122,0
8483.0,fzp,1.0,1184,877,307,4063.3154166666795,1,0,0,3,2,0,28123,0
8484.0,fzp,1.0,1184,878,306,4063.5591666666796,0,1,0,0,2,0,28124,0
8485.0,fzp,1.0,1186,877,309,4063.8029166666797,3,0,0,1,1,0,28127,0
8486.0,fzp,1.0,1188,881,307,4064.0470833333466,0,0,0,3,1,0,28127,0
8487.0,fzp,1.0,1188,880,308,4064.2916666666797,3,1,0,0,3,0,28131,0
8488.0,fzp,1.0,1189,879,310,4064.535972222235,2,0,0,1,0,0,28133,0
8489.0,fzp,1.0,1190,882,308,4064.7805555555683,2,0,0,2,3,0,28135,0
8490.0,fzp,1.0,1192,881,311,4065.0254166666796,2,0,0,0,1,0,28137,0
8491.0,fzp,1.0,1191,880,311,4065.2700000000127,0,1,0,0,0,0,28138,0
8492.0,fzp,1.0,1193,884,309,4065.5150000000126,1,1,0,2,4,0,28140,0
8493.0,fzp,1.0,1197,886,311,4065.760833333346,2,0,0,0,4,0,28142,0
8494.0,fzp,1.0,1199,888,311,4066.0072222222348,0,0,0,1,1,0,28142,0
8495.0,fzp,1.0,1200,889,311,4066.2540277777903,1,0,0,1,1,0,28143,0
8496.0,fzp,1.0,1203,888,315,4066.500833333346,2,0,0,0,1,0,28145,0
8497.0,fzp,1.0,1206,889,317,4066.7476388889013,2,1,1,1,4,0,28148,0
8498.0,fzp,1.0,1205,887,318,4066.9943055555677,1,1,0,0,0,0,28150,0
8499.0,fzp,1.0,1207,888,319,4067.2408333333456,1,0,0,1,1,0,28151,0
8500.0,fzp,1.0,1206,887,319,4067.4873611111234,3,0,0,1,1,0,28154,0
8501.0,fzp,1.0,1206,885,321,4067.7334722222345,2,2,0,1,1,0,28158,0
8502.0,fzp,1.0,1208,885,323,4067.979305555568,1,0,0,0,1,0,28159,0
8503.0,fzp,1.0,1209,883,326,4068.2248611111236,2,0,0,0,0,0,28161,0
8504.0,fzp,1.0,1211,883,328,4068.470138888901,1,0,0,0,1,0,28162,0
8505.0,fzp,1.0,1210,885,325,4068.715694444457,0,0,0,0,2,0,28162,0
8506.0,fzp,1.0,1210,886,324,4068.961666666679,0,0,0,0,1,0,28162,0
8507.0,fzp,1.0,1213,888,325,4069.2080555555676,2,1,0,0,5,0,28165,0
8508.0,fzp,1.0,1212,887,325,4069.4545833333455,0,1,0,0,0,0,28166,0
8509.0,fzp,1.0,1212,888,324,4069.7011111111233,0,0,0,1,0,0,28166,0
8510.0,fzp,1.0,1215,890,325,4069.948055555568,0,0,0,1,1,0,28166,0
8511.0,fzp,1.0,1214,888,326,4070.1950000000124,1,2,0,0,1,0,28169,0
8512.0,fzp,1.0,1217,889,328,4070.441805555568,0,0,0,0,1,0,28169,0
8513.0,fzp,1.0,1216,891,325,4070.68902777779,3,0,0,5,0,0,28172,0
8514.0,fzp,1.0,1219,896,323,4070.9372222222346,0,0,0,1,4,0,28172,0
8515.0,fzp,1.0,1221,896,325,4071.1861111111234,1,2,0,0,3,0,28175,0
8516.0,fzp,1.0,1221,899,322,4071.435416666679,2,0,0,4,1,0,28177,0
8517.0,fzp,1.0,1221,898,323,4071.685000000012,2,0,0,1,0,0,28179,0
8518.0,fzp,1.0,1225,903,322,4071.9351388889013,1,0,0,2,4,0,28180,0
8519.0,fzp,1.0,1224,907,317,4072.18652777779,2,1,0,2,5,0,28183,0
8520.0,fzp,1.0,1225,906,319,4072.438333333346,2,0,0,0,1,0,28185,0
8521.0,fzp,1.0,1228,905,323,4072.6898611111237,3,0,0,1,1,0,28188,0
8522.0,fzp,1.0,1228,907,321,4072.9415277777903,1,1,0,0,4,0,28190,0
8523.0,fzp,1.0,1228,906,322,4073.193333333346,2,0,0,0,1,0,28192,0
8524.0,fzp,1.0,1230,905,325,4073.444861111124,3,0,0,0,2,0,28195,0
8525.0,fzp,1.0,1234,904,330,4073.6961111111236,4,1,0,1,3,0,28200,0
8526.0,fzp,1.0,1234,903,331,4073.9470833333457,2,2,0,0,3,0,28204,0
8527.0,fzp,1.0,1236,902,334,4074.19777777779,2,0,0,0,1,0,28206,0
8528.0,fzp,1.0,1236,903,333,4074.4484722222346,1,0,0,0,2,0,28207,0
8529.0,fzp,1.0,1239,904,335,4074.6994444444567,3,0,0,1,3,0,28210,0
8530.0,fzp,1.0,1238,905,333,4074.9506944444565,1,0,0,0,2,0,28211,0
8531.0,fzp,1.0,1241,908,333,4075.202500000012,2,0,0,2,3,0,28213,0
8532.0,fzp,1.0,1242,908,334,4075.4547222222345,3,0,0,0,3,0,28216,0
8533.0,fzp,1.0,1243,909,334,4075.7070833333455,2,0,0,2,1,0,28218,0
8534.0,fzp,1.0,1242,905,337,4075.9590277777897,3,2,0,0,1,0,28223,0
8535.0,fzp,1.0,1239,904,335,4076.2102777777895,3,1,0,1,2,0,28227,0
8536.0,fzp,1.0,1238,901,337,4076.460972222234,2,3,1,1,2,0,28232,0
8537.0,fzp,1.0,1239,902,337,4076.7113888889007,1,0,0,0,2,0,28233,0
8538.0,fzp,1.0,1238,900,338,4076.9616666666784,2,1,0,0,1,0,28236,0
8539.0,fzp,1.0,1238,899,339,4077.2115277777893,3,0,0,0,2,0,28239,0
8540.0,fzp,1.0,1238,899,339,4077.4612500000117,7,0,0,4,3,0,28246,0
8541.0,fzp,1.0,1241,900,341,4077.7111111111226,1,1,0,0,3,0,28248,0
8542.0,fzp,1.0,1239,896,343,4077.960555555567,7,2,0,2,3,0,28257,0
8543.0,fzp,1.0,1240,899,341,4078.209861111123,2,0,1,2,4,0,28259,0
8544.0,fzp,1.0,1238,900,338,4078.4597222222337,0,2,0,2,1,0,28261,0
8545.0,fzp,1.0,1234,897,337,4078.709305555567,2,1,1,0,1,0,28264,0
8546.0,fzp,1.0,1230,896,334,4078.958333333345,2,0,1,1,1,0,28266,0
8547.0,fzp,1.0,1228,894,334,4079.206944444456,2,0,0,0,0,0,28268,0
8548.0,fzp,1.0,1221,891,330,4079.4548611111227,2,2,0,1,0,0,28272,0
8549.0,fzp,1.0,1217,887,330,4079.7018055555673,2,3,0,0,1,0,28277,0
8550.0,fzp,1.0,1213,884,329,4079.9477777777893,2,4,0,1,2,0,28283,0
8551.0,fzp,1.0,1212,882,330,4080.193055555567,2,2,0,1,1,0,28287,0
8552.0,fzp,1.0,1212,881,331,4080.437916666678,5,1,0,2,3,0,28293,0
8553.0,fzp,1.0,1211,880,331,4080.6825000000113,1,2,0,0,2,0,28296,0
8554.0,fzp,1.0,1206,876,330,4080.9263888889,3,2,0,1,0,0,28301,0
8555.0,fzp,1.0,1210,881,329,4081.1704166666777,0,0,0,0,5,0,28301,0
8556.0,fzp,1.0,1210,884,326,4081.4155555555667,2,0,0,2,3,0,28303,0
8557.0,fzp,1.0,1211,884,327,4081.6611111111224,2,0,0,2,0,0,28305,0
8558.0,fzp,1.0,1212,882,330,4081.9063888889,4,0,0,0,2,0,28309,0
8559.0,fzp,1.0,1214,883,331,4082.151527777789,4,0,0,2,3,0,28313,0
8560.0,fzp,1.0,1217,881,336,4082.396527777789,4,1,0,1,2,0,28318,0
8561.0,fzp,1.0,1221,885,336,4082.6418055555664,1,1,0,0,6,0,28320,0
8562.0,fzp,1.0,1220,885,335,4082.8876388889,2,0,0,0,2,0,28322,0
8563.0,fzp,1.0,1221,885,336,4083.133472222233,2,0,0,0,2,0,28324,0
8564.0,fzp,1.0,1219,886,333,4083.379444444455,1,1,0,0,3,0,28326,0
8565.0,fzp,1.0,1218,885,333,4083.625416666677,2,1,0,1,1,0,28329,0
8566.0,fzp,1.0,1217,885,332,4083.8712500000106,0,0,0,0,0,0,28329,0
8567.0,fzp,1.0,1213,880,333,4084.1163888888996,5,2,0,0,2,0,28336,0
8568.0,fzp,1.0,1214,882,332,4084.3611111111218,0,1,0,0,3,0,28337,0
8569.0,fzp,1.0,1212,883,329,4084.6062500000107,1,0,0,2,0,0,28338,0
8570.0,fzp,1.0,1212,884,328,4084.8516666666774,0,2,0,0,3,0,28340,0
8571.0,fzp,1.0,1210,880,330,4085.0966666666773,3,2,0,0,1,0,28345,0
8572.0,fzp,1.0,1211,881,330,4085.3412500000104,0,0,0,0,1,0,28345,0
8573.0,fzp,1.0,1210,883,327,4085.5862500000103,0,0,0,1,1,0,28345,0
8574.0,fzp,1.0,1211,884,327,4085.831666666677,0,1,0,0,2,0,28346,0
8575.0,fzp,1.0,1206,883,323,4086.0770833333436,1,1,0,1,0,0,28348,0
8576.0,fzp,1.0,1206,881,325,4086.3220833333435,2,1,0,0,1,0,28351,0
8577.0,fzp,1.0,1212,883,329,4086.5670833333434,1,1,0,0,4,0,28353,0
8578.0,fzp,1.0,1213,883,330,4086.812361111121,1,1,0,0,2,0,28355,0
8579.0,fzp,1.0,1214,883,331,4087.0576388888985,1,0,0,1,0,0,28356,0
8580.0,fzp,1.0,1217,880,337,4087.30250000001,3,1,0,0,1,0,28360,0
8581.0,fzp,1.0,1219,881,338,4087.547083333343,1,0,0,0,2,0,28361,0
8582.0,fzp,1.0,1221,880,341,4087.791666666676,1,0,0,0,0,0,28362,0
8583.0,fzp,1.0,1225,881,344,4088.036250000009,4,0,0,1,4,0,28366,0
8584.0,fzp,1.0,1226,883,343,4088.281250000009,1,0,0,0,3,0,28367,0
8585.0,fzp,1.0,1225,882,343,4088.526388888898,1,1,0,0,1,0,28369,0
8586.0,fzp,1.0,1223,878,345,4088.7708333333426,3,2,0,0,1,0,28374,0
8587.0,fzp,1.0,1228,881,347,4089.015138888898,1,0,0,0,4,0,28375,0
8588.0,fzp,1.0,1228,879,349,4089.2595833333426,2,0,0,0,0,0,28377,0
8589.0,fzp,1.0,1230,879,351,4089.5037500000094,2,0,0,0,2,0,28379,0
8590.0,fzp,1.0,1227,878,349,4089.747777777787,0,1,1,0,1,0,28380,0
8591.0,fzp,1.0,1228,877,351,4089.9915277777873,3,0,0,1,1,0,28383,0
8592.0,fzp,1.0,1225,879,346,4090.235416666676,0,0,0,1,1,0,28383,0
8593.0,fzp,1.0,1227,880,347,4090.4797222222314,1,0,0,1,1,0,28384,0
8594.0,fzp,1.0,1227,879,348,4090.724027777787,1,2,0,1,1,0,28387,0
8595.0,fzp,1.0,1225,876,349,4090.967777777787,3,2,1,2,1,0,28392,0
8596.0,fzp,1.0,1227,878,349,4091.211388888898,2,0,0,3,1,0,28394,0
8597.0,fzp,1.0,1225,877,348,4091.455138888898,1,0,0,0,0,0,28395,0
8598.0,fzp,1.0,1224,874,350,4091.6983333333424,4,0,0,0,1,0,28399,0
8599.0,fzp,1.0,1222,874,348,4091.9411111111203,2,0,0,2,0,0,28401,0
8600.0,fzp,1.0,1224,873,351,4092.1837500000092,5,0,0,1,3,0,28406,0
8601.0,fzp,1.0,1227,877,350,4092.426805555565,1,1,0,3,3,0,28408,0
8602.0,fzp,1.0,1222,873,349,4092.6698611111206,3,1,0,0,0,0,28412,0
8603.0,fzp,1.0,1217,869,348,4092.911805555565,1,4,0,0,1,0,28417,0
8604.0,fzp,1.0,1218,869,349,4093.153194444454,2,2,0,0,4,0,28421,0
8605.0,fzp,1.0,1219,868,351,4093.394444444454,2,1,0,0,2,0,28424,0
8606.0,fzp,1.0,1219,871,348,4093.635972222232,0,1,0,1,3,0,28425,0
8607.0,fzp,1.0,1215,872,343,4093.8780555555654,0,0,0,1,0,0,28425,0
8608.0,fzp,1.0,1219,879,340,4094.1212500000097,0,0,0,2,5,0,28425,0
8609.0,fzp,1.0,1223,883,340,4094.365972222232,0,0,0,1,3,0,28425,0
8610.0,fzp,1.0,1226,888,338,4094.611944444454,0,0,0,2,3,0,28425,0
8611.0,fzp,1.0,1223,888,335,4094.8586111111204,0,2,0,1,1,0,28427,0
8612.0,fzp,1.0,1224,893,331,4095.1059722222317,0,0,0,1,4,0,28427,0
8613.0,fzp,1.0,1225,894,331,4095.354166666676,1,0,0,0,2,0,28428,0
8614.0,fzp,1.0,1225,899,326,4095.603194444454,0,0,0,3,2,0,28428,0
8615.0,fzp,1.0,1224,900,324,4095.853055555565,0,0,0,0,1,0,28428,0
8616.0,fzp,1.0,1227,903,324,4096.103472222231,1,0,0,1,3,0,28429,0
8617.0,fzp,1.0,1227,904,323,4096.354444444453,0,1,0,0,2,0,28430,0
8618.0,fzp,1.0,1228,908,320,4096.60611111112,0,1,0,2,3,0,28431,0
8619.0,fzp,1.0,1225,907,318,4096.858194444454,3,2,0,3,1,0,28436,0
8620.0,fzp,1.0,1225,906,319,4097.11000000001,2,0,0,1,0,0,28438,0
8621.0,fzp,1.0,1227,906,321,4097.361666666677,3,2,0,2,3,0,28443,0
8622.0,fzp,1.0,1226,907,319,4097.613472222232,3,0,0,3,1,0,28446,0
8623.0,fzp,1.0,1227,905,322,4097.865138888899,4,0,0,0,2,0,28450,0
8624.0,fzp,1.0,1227,905,322,4098.116527777788,2,0,0,1,1,0,28452,0
8625.0,fzp,1.0,1231,907,324,4098.368194444455,1,0,0,0,3,0,28453,0
8626.0,fzp,1.0,1230,906,324,4098.620000000011,0,3,0,0,2,0,28456,0
8627.0,fzp,1.0,1233,909,324,4098.872083333345,1,0,0,1,3,0,28457,0
8628.0,fzp,1.0,1235,908,327,4099.124444444456,3,2,0,0,4,0,28462,0
8629.0,fzp,1.0,1237,907,330,4099.376527777789,2,0,0,0,1,0,28464,0
8630.0,fzp,1.0,1242,912,330,4099.629166666678,1,0,0,3,3,0,28465,0
8631.0,fzp,1.0,1246,917,329,4099.883194444456,1,0,0,2,4,0,28466,0
8632.0,fzp,1.0,1244,915,329,4100.137638888901,2,1,0,0,1,0,28469,0
8633.0,fzp,1.0,1244,916,328,4100.391944444456,1,0,0,1,1,0,28470,0
8634.0,fzp,1.0,1245,917,328,4100.64652777779,3,0,0,2,2,0,28473,0
8635.0,fzp,1.0,1243,915,328,4100.9009722222345,2,1,0,0,1,0,28476,0
8636.0,fzp,1.0,1245,917,328,4101.155416666679,1,0,0,0,3,0,28477,0
8637.0,fzp,1.0,1247,919,328,4101.410416666679,2,1,0,2,3,0,28480,0
8638.0,fzp,1.0,1244,920,324,4101.665833333346,0,0,0,0,1,0,28480,0
8639.0,fzp,1.0,1246,919,327,4101.921250000013,2,2,0,1,2,0,28484,0
8640.0,fzp,1.0,1248,920,328,4102.17666666668,2,0,0,0,3,0,28486,0
8641.0,fzp,1.0,1250,921,329,4102.432361111124,3,0,0,1,3,0,28489,0
8642.0,fzp,1.0,1249,922,327,4102.688333333346,2,0,0,1,2,0,28491,0
8643.0,fzp,1.0,1248,922,326,4102.944444444457,1,0,0,1,0,0,28492,0
8644.0,fzp,1.0,1249,923,326,4103.200694444457,2,0,0,0,3,0,28494,0
8645.0,fzp,1.0,1250,924,326,4103.457222222235,1,1,0,1,2,0,28496,0
8646.0,fzp,1.0,1247,921,326,4103.713472222235,1,1,2,0,1,0,28498,0
8647.0,fzp,1.0,1249,922,327,4103.969444444458,1,2,0,0,4,0,28501,0
8648.0,fzp,1.0,1252,924,328,4104.225833333347,0,0,0,1,1,0,28501,0
8649.0,fzp,1.0,1250,924,326,4104.482500000014,0,1,0,0,1,0,28502,0
8650.0,fzp,1.0,1252,922,330,4104.738888888903,4,0,0,0,2,0,28506,0
8651.0,fzp,1.0,1248,922,326,4104.9950000000135,0,1,0,1,0,0,28507,0
8652.0,fzp,1.0,1248,923,325,4105.251250000014,0,1,0,0,2,0,28508,0
8653.0,fzp,1.0,1248,923,325,4105.507638888903,2,0,0,1,1,0,28510,0
8654.0,fzp,1.0,1249,923,326,4105.764027777792,0,1,0,0,1,0,28511,0
8655.0,fzp,1.0,1251,924,327,4106.020555555569,2,1,0,1,3,0,28514,0
8656.0,fzp,1.0,1257,929,328,4106.2779166666805,1,0,0,0,6,0,28515,0
8657.0,fzp,1.0,1260,929,331,4106.5359722222365,3,0,0,0,3,0,28518,0
8658.0,fzp,1.0,1260,926,334,4106.793611111126,4,0,0,0,1,0,28522,0
8659.0,fzp,1.0,1259,923,336,4107.0504166666815,2,1,0,0,0,0,28525,0
8660.0,fzp,1.0,1260,921,339,4107.306527777792,3,2,0,0,3,0,28530,0
8661.0,fzp,1.0,1261,922,339,4107.562500000015,2,1,0,1,3,0,28533,0
8662.0,fzp,1.0,1261,925,336,4107.819027777792,1,0,0,1,3,0,28534,0
8663.0,fzp,1.0,1262,924,338,4108.075833333348,4,1,0,4,0,0,28539,0
8664.0,fzp,1.0,1260,922,338,4108.332222222237,2,0,0,0,0,0,28541,0
8665.0,fzp,1.0,1264,922,342,4108.588333333348,3,0,0,0,3,0,28544,0
8666.0,fzp,1.0,1259,918,341,4108.843888888903,2,4,0,2,0,0,28550,0
8667.0,fzp,1.0,1263,918,345,4109.098888888903,4,0,0,2,2,0,28554,0
8668.0,fzp,1.0,1267,920,347,4109.354166666681,2,1,0,1,4,0,28557,0
8669.0,fzp,1.0,1269,920,349,4109.609722222236,3,1,0,1,3,0,28561,0
8670.0,fzp,1.0,1266,921,345,4109.86541666668,1,0,0,2,0,0,28562,0
8671.0,fzp,1.0,1265,921,344,4110.121250000014,0,1,0,1,0,0,28563,0
8672.0,fzp,1.0,1265,922,343,4110.377222222236,2,1,0,0,4,0,28566,0
8673.0,fzp,1.0,1266,923,343,4110.633472222236,1,1,0,2,1,0,28568,0
8674.0,fzp,1.0,1263,922,341,4110.889722222237,2,1,0,0,2,0,28571,0
8675.0,fzp,1.0,1263,923,340,4111.145972222237,3,0,0,1,3,0,28574,0
8676.0,fzp,1.0,1264,926,338,4111.402777777793,1,1,0,0,5,0,28576,0
8677.0,fzp,1.0,1267,927,340,4111.660138888904,1,1,0,1,2,0,28578,0
8678.0,fzp,1.0,1267,927,340,4111.917638888904,1,1,0,0,2,0,28580,0
8679.0,fzp,1.0,1268,928,340,4112.175277777793,2,0,0,2,1,0,28582,0
8680.0,fzp,1.0,1265,929,336,4112.433194444459,0,1,0,1,1,0,28583,0
8681.0,fzp,1.0,1262,927,335,4112.690972222237,1,1,0,0,0,0,28585,0
8682.0,fzp,1.0,1259,924,335,4112.94805555557,1,3,1,0,2,0,28589,0
8683.0,fzp,1.0,1260,923,337,4113.204583333348,0,3,0,0,2,0,28592,0
8684.0,fzp,1.0,1256,921,335,4113.460694444459,2,1,0,1,0,0,28595,0
8685.0,fzp,1.0,1255,923,332,4113.716805555569,0,1,0,1,2,0,28596,0
8686.0,fzp,1.0,1255,925,330,4113.9734722222365,0,1,0,1,2,0,28597,0
8687.0,fzp,1.0,1256,926,330,4114.2305555555695,1,0,0,0,2,0,28598,0
8688.0,fzp,1.0,1257,930,327,4114.488333333347,0,1,0,2,3,0,28599,0
8689.0,fzp,1.0,1258,929,329,4114.746527777792,1,0,0,0,0,0,28600,0
8690.0,fzp,1.0,1260,930,330,4115.0047222222365,3,0,0,4,0,0,28603,0
8691.0,fzp,1.0,1260,929,331,4115.262916666681,1,1,0,0,1,0,28605,0
8692.0,fzp,1.0,1265,930,335,4115.521111111126,4,2,0,3,4,0,28611,0
8693.0,fzp,1.0,1264,927,337,4115.779027777792,3,2,0,0,2,0,28616,0
8694.0,fzp,1.0,1265,927,338,4116.036527777792,3,1,0,3,1,0,28620,0
8695.0,fzp,1.0,1260,924,336,4116.293611111125,2,2,1,0,2,0,28624,0
8696.0,fzp,1.0,1259,924,335,4116.550277777792,2,3,0,1,4,0,28629,0
8697.0,fzp,1.0,1262,927,335,4116.807361111125,0,0,0,0,3,0,28629,0
8698.0,fzp,1.0,1262,926,336,4117.064722222236,3,0,0,0,2,0,28632,0
8699.0,fzp,1.0,1259,927,332,4117.322083333347,1,1,0,1,2,0,28634,0
8700.0,fzp,1.0,1262,930,332,4117.580000000014,1,0,0,2,2,0,28635,0
8701.0,fzp,1.0,1261,929,332,4117.838194444458,3,2,0,1,3,0,28640,0
8702.0,fzp,1.0,1258,924,334,4118.095555555569,5,1,0,1,0,0,28646,0
8703.0,fzp,1.0,1262,922,340,4118.351944444458,3,1,0,0,2,0,28650,0
8704.0,fzp,1.0,1257,917,340,4118.607361111125,3,2,0,0,0,0,28655,0
8705.0,fzp,1.0,1259,918,341,4118.862222222237,2,0,0,1,2,0,28657,0
8706.0,fzp,1.0,1255,915,340,4119.11680555557,1,3,0,1,0,0,28661,0
8707.0,fzp,1.0,1255,912,343,4119.37055555557,5,0,0,0,2,0,28666,0
8708.0,fzp,1.0,1254,914,340,4119.624166666681,1,1,0,2,2,0,28668,0
8709.0,fzp,1.0,1256,915,341,4119.878194444459,1,1,0,1,2,0,28670,0
8710.0,fzp,1.0,1260,920,340,4120.1330555555705,1,1,0,1,6,0,28672,0
8711.0,fzp,1.0,1262,919,343,4120.388472222237,2,0,0,0,1,0,28674,0
8712.0,fzp,1.0,1261,919,342,4120.643750000015,3,0,0,3,0,0,28677,0
8713.0,fzp,1.0,1261,918,343,4120.8988888889035,2,1,0,1,1,0,28680,0
8714.0,fzp,1.0,1262,918,344,4121.153888888904,2,1,0,1,2,0,28683,0
8715.0,fzp,1.0,1262,922,340,4121.409444444459,2,1,0,1,6,0,28686,0
8716.0,fzp,1.0,1262,921,341,4121.665416666681,1,2,0,0,2,0,28689,0
8717.0,fzp,1.0,1258,919,339,4121.920972222237,2,1,0,0,1,0,28692,0
8718.0,fzp,1.0,1254,916,338,4122.175833333348,3,3,0,1,2,0,28698,0
8719.0,fzp,1.0,1255,916,339,4122.430277777793,1,0,0,0,1,0,28699,0
8720.0,fzp,1.0,1254,916,338,4122.684722222238,1,1,0,0,2,0,28701,0
8721.0,fzp,1.0,1254,914,340,4122.938888888904,1,1,0,0,0,0,28703,0
8722.0,fzp,1.0,1254,912,342,4123.192500000016,3,1,0,0,2,0,28707,0
8723.0,fzp,1.0,1253,914,339,4123.446111111127,0,1,0,2,1,0,28708,0
8724.0,fzp,1.0,1253,914,339,4123.700000000015,3,0,0,1,2,0,28711,0
8725.0,fzp,1.0,1252,912,340,4123.9536111111265,3,0,0,1,0,0,28714,0
8726.0,fzp,1.0,1254,915,339,4124.207361111126,0,0,0,0,3,0,28714,0
8727.0,fzp,1.0,1250,914,336,4124.461388888904,1,1,0,0,1,0,28716,0
8728.0,fzp,1.0,1253,915,338,4124.715416666682,1,1,0,0,3,0,28718,0
8729.0,fzp,1.0,1251,915,336,4124.969583333349,1,1,0,0,2,0,28720,0
8730.0,fzp,1.0,1251,916,335,4125.223888888904,2,0,0,1,2,0,28722,0
8731.0,fzp,1.0,1251,916,335,4125.478333333349,0,0,0,0,0,0,28722,0
8732.0,fzp,1.0,1251,914,337,4125.7325000000155,3,1,0,0,2,0,28726,0
8733.0,fzp,1.0,1251,912,339,4125.986111111127,2,2,0,0,2,0,28730,0
8734.0,fzp,1.0,1246,911,335,4126.239305555571,0,1,0,0,0,0,28731,0
8735.0,fzp,1.0,1245,911,334,4126.492361111127,1,1,0,0,2,0,28733,0
8736.0,fzp,1.0,1248,913,335,4126.74569444446,0,0,0,0,2,0,28733,0
8737.0,fzp,1.0,1249,912,337,4126.999166666683,2,1,0,0,2,0,28736,0
8738.0,fzp,1.0,1248,911,337,4127.252361111127,1,2,0,1,1,0,28739,0
8739.0,fzp,1.0,1250,912,338,4127.505555555572,1,1,0,0,3,0,28741,0
8740.0,fzp,1.0,1247,911,336,4127.758750000016,1,0,0,0,0,0,28742,0
8741.0,fzp,1.0,1248,914,334,4128.012222222239,0,0,0,0,3,0,28742,0
8742.0,fzp,1.0,1249,914,335,4128.266111111127,1,1,0,0,2,0,28744,0
8743.0,fzp,1.0,1247,913,334,4128.519861111127,3,2,0,2,2,0,28749,0
8744.0,fzp,1.0,1243,910,333,4128.773055555572,1,2,1,0,1,0,28752,0
8745.0,fzp,1.0,1243,908,335,4129.025555555571,3,1,0,2,0,0,28756,0
8746.0,fzp,1.0,1245,911,334,4129.2781944444605,1,0,0,2,2,0,28757,0
8747.0,fzp,1.0,1245,912,333,4129.531388888905,3,0,0,2,2,0,28760,0
8748.0,fzp,1.0,1246,912,334,4129.784722222238,4,2,0,2,4,0,28766,0
8749.0,fzp,1.0,1244,911,333,4130.037916666683,1,2,0,0,2,0,28769,0
8750.0,fzp,1.0,1246,909,337,4130.29069444446,3,0,0,0,1,0,28772,0
8751.0,fzp,1.0,1242,909,333,4130.54319444446,2,2,0,2,2,0,28776,0
8752.0,fzp,1.0,1243,910,333,4130.795833333349,1,0,0,1,1,0,28777,0
8753.0,fzp,1.0,1239,908,331,4131.048333333349,2,2,0,0,2,0,28781,0
8754.0,fzp,1.0,1244,911,333,4131.300972222238,2,0,0,1,4,0,28783,0
8755.0,fzp,1.0,1245,908,337,4131.553611111127,3,1,0,0,1,0,28787,0
8756.0,fzp,1.0,1244,907,337,4131.805694444461,2,1,0,0,2,0,28790,0
8757.0,fzp,1.0,1243,904,339,4132.057222222238,3,0,0,0,0,0,28793,0
8758.0,fzp,1.0,1245,904,341,4132.308333333349,1,0,0,0,1,0,28794,0
8759.0,fzp,1.0,1242,902,340,4132.559166666682,1,3,0,1,1,0,28798,0
8760.0,fzp,1.0,1240,899,341,4132.809305555571,2,2,0,1,0,0,28802,0
8761.0,fzp,1.0,1237,899,338,4133.059027777793,0,1,0,1,0,0,28803,0
8762.0,fzp,1.0,1237,900,337,4133.308888888904,1,1,0,2,1,0,28805,0
8763.0,fzp,1.0,1237,900,337,4133.558888888904,2,1,0,2,1,0,28808,0
8764.0,fzp,1.0,1240,901,339,4133.809027777793,0,0,0,0,1,0,28808,0
8765.0,fzp,1.0,1240,904,336,4134.059722222238,0,1,0,2,2,0,28809,0
8766.0,fzp,1.0,1241,906,335,4134.311111111127,1,0,0,2,1,0,28810,0
8767.0,fzp,1.0,1241,909,332,4134.56319444446,0,0,0,0,3,0,28810,0
8768.0,fzp,1.0,1241,914,327,4134.816388888905,0,0,0,3,2,0,28810,0
8769.0,fzp,1.0,1239,911,328,4135.0698611111275,7,2,0,4,2,0,28819,0
8770.0,fzp,1.0,1239,912,327,4135.323055555572,1,0,0,1,1,0,28820,0
8771.0,fzp,1.0,1234,910,324,4135.576111111128,4,2,0,3,1,0,28826,0
8772.0,fzp,1.0,1237,913,324,4135.829305555572,2,0,0,2,3,0,28828,0
8773.0,fzp,1.0,1240,915,325,4136.083194444461,1,0,0,0,3,0,28829,0
8774.0,fzp,1.0,1240,915,325,4136.337361111127,1,1,0,1,1,0,28831,0
8775.0,fzp,1.0,1239,915,324,4136.591527777794,0,1,0,0,1,0,28832,0
8776.0,fzp,1.0,1240,919,321,4136.846250000016,0,1,0,2,3,0,28833,0
8777.0,fzp,1.0,1235,921,314,4137.101805555571,0,1,0,2,1,0,28834,0
8778.0,fzp,1.0,1238,922,316,4137.357777777794,0,0,0,0,1,0,28834,0
8779.0,fzp,1.0,1237,924,313,4137.614166666683,0,0,0,0,2,0,28834,0
8780.0,fzp,1.0,1239,928,311,4137.871388888905,1,0,0,2,3,0,28835,0
8781.0,fzp,1.0,1238,928,310,4138.129166666683,1,1,0,0,2,0,28837,0
8782.0,fzp,1.0,1237,930,307,4138.387222222239,0,1,0,3,0,0,28838,0
8783.0,fzp,1.0,1235,928,307,4138.645277777795,3,1,0,1,1,0,28842,0
8784.0,fzp,1.0,1237,931,306,4138.9034722222395,1,1,0,3,2,0,28844,0
8785.0,fzp,1.0,1240,928,312,4139.161666666684,2,2,0,0,1,0,28848,0
8786.0,fzp,1.0,1240,929,311,4139.419583333351,1,4,0,2,4,0,28853,0
8787.0,fzp,1.0,1240,927,313,4139.677361111128,2,1,0,1,0,0,28856,0
8788.0,fzp,1.0,1243,929,314,4139.935138888906,3,0,0,1,4,0,28859,0
8789.0,fzp,1.0,1245,927,318,4140.192916666684,3,1,0,1,1,0,28863,0
8790.0,fzp,1.0,1247,925,322,4140.450138888907,5,1,0,0,4,0,28869,0
8791.0,fzp,1.0,1248,921,327,4140.706527777796,4,1,0,1,0,0,28874,0
8792.0,fzp,1.0,1248,920,328,4140.96222222224,3,0,1,1,2,0,28877,0
8793.0,fzp,1.0,1246,920,326,4141.217777777795,1,2,0,0,3,0,28880,0
8794.0,fzp,1.0,1245,917,328,4141.472916666684,2,2,0,0,1,0,28884,0
8795.0,fzp,1.0,1243,915,328,4141.727361111129,2,1,0,0,1,0,28887,0
8796.0,fzp,1.0,1243,913,330,4141.981250000017,2,1,0,1,0,0,28890,0
8797.0,fzp,1.0,1243,910,333,4142.234444444462,5,0,0,2,0,0,28895,0
8798.0,fzp,1.0,1241,909,332,4142.487083333351,2,0,0,1,0,0,28897,0
8799.0,fzp,1.0,1238,908,330,4142.739444444462,0,2,0,1,0,0,28899,0
8800.0,fzp,1.0,1236,906,330,4142.991388888906,1,1,0,0,0,0,28901,0
8801.0,fzp,1.0,1234,904,330,4143.242777777795,2,3,0,0,3,0,28906,0
8802.0,fzp,1.0,1231,900,331,4143.49333333335,4,0,0,0,0,0,28910,0
8803.0,fzp,1.0,1233,899,334,4143.743194444462,3,0,0,0,2,0,28913,0
8804.0,fzp,1.0,1236,898,338,4143.992777777795,3,0,0,1,1,0,28916,0
8805.0,fzp,1.0,1239,899,340,4144.242361111128,1,1,0,0,3,0,28918,0
8806.0,fzp,1.0,1238,898,340,4144.491944444461,1,2,0,0,2,0,28921,0
8807.0,fzp,1.0,1234,894,340,4144.740833333351,3,1,0,0,0,0,28925,0
8808.0,fzp,1.0,1236,893,343,4144.989027777795,3,1,0,0,3,0,28929,0
8809.0,fzp,1.0,1235,891,344,4145.236805555573,3,0,0,0,1,0,28932,0
8810.0,fzp,1.0,1233,889,344,4145.484027777795,1,1,0,0,0,0,28934,0
8811.0,fzp,1.0,1230,885,345,4145.730416666684,2,2,0,0,0,0,28938,0
8812.0,fzp,1.0,1231,883,348,4145.975972222239,3,1,0,0,2,0,28942,0
8813.0,fzp,1.0,1228,884,344,4146.2213888889055,3,1,0,3,2,0,28946,0
8814.0,fzp,1.0,1230,882,348,4146.4666666666835,3,0,0,0,1,0,28949,0
8815.0,fzp,1.0,1232,886,346,4146.712222222239,0,0,0,3,1,0,28949,0
8816.0,fzp,1.0,1229,887,342,4146.958472222239,2,1,0,1,3,0,28952,0
8817.0,fzp,1.0,1231,891,340,4147.205416666683,1,0,0,3,2,0,28953,0
8818.0,fzp,1.0,1229,889,340,4147.452638888905,1,4,0,2,1,0,28958,0
8819.0,fzp,1.0,1231,890,341,4147.699722222239,1,1,0,1,2,0,28960,0
8820.0,fzp,1.0,1232,895,337,4147.947638888905,1,0,0,2,4,0,28961,0
8821.0,fzp,1.0,1232,895,337,4148.196250000016,1,2,0,1,2,0,28964,0
8822.0,fzp,1.0,1227,895,332,4148.4448611111275,0,0,0,0,0,0,28964,0
8823.0,fzp,1.0,1225,896,329,4148.693611111127,0,1,0,1,1,0,28965,0
8824.0,fzp,1.0,1231,899,332,4148.942916666682,1,0,0,0,4,0,28966,0
8825.0,fzp,1.0,1229,896,333,4149.192222222237,3,2,0,2,0,0,28971,0
8826.0,fzp,1.0,1228,898,330,4149.441388888904,0,0,0,1,1,0,28971,0
8827.0,fzp,1.0,1229,898,331,4149.690833333349,2,0,0,1,1,0,28973,0
8828.0,fzp,1.0,1229,896,333,4149.940000000015,3,0,0,0,1,0,28976,0
8829.0,fzp,1.0,1231,898,333,4150.189166666682,1,0,0,0,3,0,28977,0
8830.0,fzp,1.0,1230,897,333,4150.438472222237,2,1,0,2,0,0,28980,0
8831.0,fzp,1.0,1228,896,332,4150.687500000015,1,1,0,0,1,0,28982,0
8832.0,fzp,1.0,1230,899,331,4150.93680555557,0,0,0,0,3,0,28982,0
8833.0,fzp,1.0,1230,896,334,4151.186111111125,2,1,1,0,1,0,28985,0
8834.0,fzp,1.0,1228,894,334,4151.434722222236,3,0,0,1,0,0,28988,0
8835.0,fzp,1.0,1232,894,338,4151.683055555569,1,0,0,0,1,0,28989,0
8836.0,fzp,1.0,1230,894,336,4151.931388888902,2,0,0,0,2,0,28991,0
8837.0,fzp,1.0,1232,893,339,4152.179583333346,4,0,0,1,2,0,28995,0
8838.0,fzp,1.0,1230,890,340,4152.427222222235,2,2,0,0,1,0,28999,0
8839.0,fzp,1.0,1230,887,343,4152.674027777791,3,1,0,0,1,0,29003,0
8840.0,fzp,1.0,1234,888,346,4152.920555555568,5,0,0,3,3,0,29008,0
8841.0,fzp,1.0,1235,884,351,4153.16666666668,3,1,0,0,0,0,29012,0
8842.0,fzp,1.0,1231,883,348,4153.412083333346,4,1,0,3,1,0,29017,0
8843.0,fzp,1.0,1234,886,348,4153.657777777791,1,0,0,0,4,0,29018,0
8844.0,fzp,1.0,1235,888,347,4153.90416666668,1,1,0,1,3,0,29020,0
8845.0,fzp,1.0,1231,886,345,4154.150555555569,3,2,1,1,3,0,29025,0
8846.0,fzp,1.0,1230,886,344,4154.39666666668,1,0,0,0,1,0,29026,0
8847.0,fzp,1.0,1231,885,346,4154.642638888902,3,0,0,1,1,0,29029,0
8848.0,fzp,1.0,1233,888,345,4154.888888888902,2,0,0,0,5,0,29031,0
8849.0,fzp,1.0,1237,892,345,4155.136111111125,1,0,0,1,4,0,29032,0
8850.0,fzp,1.0,1231,891,340,4155.383750000014,2,0,0,1,0,0,29034,0
8851.0,fzp,1.0,1231,890,341,4155.6311111111245,1,1,1,0,2,0,29036,0
8852.0,fzp,1.0,1230,893,337,4155.8787500000135,3,1,0,4,3,0,29040,0
8853.0,fzp,1.0,1231,895,336,4156.1270833333465,0,0,0,0,2,0,29040,0
8854.0,fzp,1.0,1229,898,331,4156.376111111124,0,0,0,2,1,0,29040,0
8855.0,fzp,1.0,1226,896,330,4156.625277777791,4,1,0,2,1,0,29045,0
8856.0,fzp,1.0,1226,900,326,4156.8747222222355,0,0,0,2,2,0,29045,0
8857.0,fzp,1.0,1226,897,329,4157.124305555569,5,1,0,1,2,0,29051,0
8858.0,fzp,1.0,1225,897,328,4157.373472222235,2,0,0,1,1,0,29053,0
8859.0,fzp,1.0,1223,896,327,4157.622500000013,2,0,0,0,1,0,29055,0
8860.0,fzp,1.0,1223,895,328,4157.871250000013,2,1,0,0,2,0,29058,0
8861.0,fzp,1.0,1224,896,328,4158.120000000013,0,1,0,0,2,0,29059,0
8862.0,fzp,1.0,1224,893,331,4158.368472222235,3,2,0,0,2,0,29064,0
8863.0,fzp,1.0,1229,893,336,4158.616527777791,2,1,0,1,2,0,29067,0
8864.0,fzp,1.0,1230,894,336,4158.864722222235,0,1,0,0,2,0,29068,0
8865.0,fzp,1.0,1232,892,340,4159.112777777791,3,0,0,0,1,0,29071,0
8866.0,fzp,1.0,1232,893,339,4159.360694444457,1,1,0,0,3,0,29073,0
8867.0,fzp,1.0,1231,894,337,4159.608888888902,1,0,0,2,0,0,29074,0
8868.0,fzp,1.0,1226,894,332,4159.857222222235,0,2,0,1,1,0,29076,0
8869.0,fzp,1.0,1222,891,331,4160.105138888901,1,2,0,0,0,0,29079,0
8870.0,fzp,1.0,1217,891,326,4160.352638888901,2,0,0,1,1,0,29081,0
8871.0,fzp,1.0,1219,887,332,4160.599583333345,5,0,0,0,1,0,29086,0
8872.0,fzp,1.0,1221,889,332,4160.846250000012,1,0,0,0,3,0,29087,0
8873.0,fzp,1.0,1221,888,333,4161.093055555568,3,0,0,0,2,0,29090,0
8874.0,fzp,1.0,1221,887,334,4161.339583333345,1,1,0,0,1,0,29092,0
8875.0,fzp,1.0,1224,889,335,4161.586250000012,1,0,0,0,3,0,29093,0
8876.0,fzp,1.0,1225,890,335,4161.833333333346,0,1,0,0,2,0,29094,0
8877.0,fzp,1.0,1223,891,332,4162.080694444457,1,0,0,2,0,0,29095,0
8878.0,fzp,1.0,1221,891,330,4162.328194444457,1,0,0,0,1,0,29096,0
8879.0,fzp,1.0,1223,889,334,4162.575416666679,3,1,0,0,2,0,29100,0
8880.0,fzp,1.0,1220,887,333,4162.822083333346,1,1,0,0,0,0,29102,0
8881.0,fzp,1.0,1220,885,335,4163.068194444458,2,1,0,0,1,0,29105,0
8882.0,fzp,1.0,1221,885,336,4163.314027777791,2,1,0,0,3,0,29108,0
8883.0,fzp,1.0,1224,885,339,4163.5598611111245,2,0,0,0,2,0,29110,0
8884.0,fzp,1.0,1222,886,336,4163.8058333333465,1,0,0,2,0,0,29111,0
8885.0,fzp,1.0,1224,887,337,4164.052083333347,1,0,0,0,2,0,29112,0
8886.0,fzp,1.0,1220,885,335,4164.298194444458,0,4,0,1,1,0,29116,0
8887.0,fzp,1.0,1220,884,336,4164.543888888903,1,0,0,0,0,0,29117,0
8888.0,fzp,1.0,1219,885,334,4164.789583333348,1,1,0,1,2,0,29119,0
8889.0,fzp,1.0,1217,883,334,4165.035138888903,1,2,0,0,1,0,29122,0
8890.0,fzp,1.0,1210,880,330,4165.280000000014,2,4,0,0,3,0,29128,0
8891.0,fzp,1.0,1209,882,327,4165.524722222237,1,0,0,2,1,0,29129,0
8892.0,fzp,1.0,1209,884,325,4165.770000000015,1,0,0,1,2,0,29130,0
8893.0,fzp,1.0,1211,885,326,4166.01569444446,1,0,0,0,2,0,29131,0
8894.0,fzp,1.0,1211,885,326,4166.261527777793,1,1,0,1,1,0,29133,0
8895.0,fzp,1.0,1215,892,323,4166.508333333349,0,1,0,1,7,0,29134,0
8896.0,fzp,1.0,1214,895,319,4166.756527777793,2,0,0,3,2,0,29136,0
8897.0,fzp,1.0,1212,892,320,4167.004722222237,4,2,0,1,2,0,29142,0
8898.0,fzp,1.0,1215,892,323,4167.252500000015,3,0,0,0,3,0,29145,0
8899.0,fzp,1.0,1216,894,322,4167.500555555571,1,1,0,1,3,0,29147,0
8900.0,fzp,1.0,1212,890,322,4167.7483333333485,4,0,1,1,0,0,29151,0
8901.0,fzp,1.0,1213,890,323,4167.995555555571,2,2,0,2,2,0,29155,0
8902.0,fzp,1.0,1212,886,326,4168.242222222238,2,3,0,0,1,0,29160,0
8903.0,fzp,1.0,1212,887,325,4168.488472222238,1,0,0,0,2,0,29161,0
8904.0,fzp,1.0,1210,887,323,4168.7348611111265,1,1,0,0,2,0,29163,0
8905.0,fzp,1.0,1208,886,322,4168.981111111127,1,1,0,0,1,0,29165,0
8906.0,fzp,1.0,1208,887,321,4169.227361111127,2,1,0,2,2,0,29168,0
8907.0,fzp,1.0,1208,889,319,4169.474027777794,0,0,0,1,1,0,29168,0
8908.0,fzp,1.0,1209,889,320,4169.720972222238,2,0,0,0,2,0,29170,0
8909.0,fzp,1.0,1205,889,316,4169.967916666682,0,2,0,1,1,0,29172,0
8910.0,fzp,1.0,1203,888,315,4170.2147222222375,1,1,0,1,0,0,29174,0
8911.0,fzp,1.0,1200,888,312,4170.461388888904,1,0,0,1,0,0,29175,0
8912.0,fzp,1.0,1201,892,309,4170.708611111127,1,0,0,3,2,0,29176,0
8913.0,fzp,1.0,1205,897,308,4170.957083333349,0,0,0,0,5,0,29176,0
8914.0,fzp,1.0,1205,898,307,4171.206388888904,1,0,0,1,1,0,29177,0
8915.0,fzp,1.0,1204,897,307,4171.455694444459,0,2,0,0,1,0,29179,0
8916.0,fzp,1.0,1203,896,307,4171.704722222237,3,0,0,1,1,0,29182,0
8917.0,fzp,1.0,1203,896,307,4171.9536111111265,0,1,0,0,1,0,29183,0
8918.0,fzp,1.0,1199,895,304,4172.202361111126,0,3,0,2,0,0,29186,0
8919.0,fzp,1.0,1199,894,305,4172.450833333349,5,3,0,4,3,0,29194,0
8920.0,fzp,1.0,1202,897,305,4172.6995833333485,0,0,0,1,2,0,29194,0
8921.0,fzp,1.0,1200,894,306,4172.948333333348,5,0,0,1,1,0,29199,0
8922.0,fzp,1.0,1199,894,305,4173.196666666681,3,1,0,2,2,0,29203,0
8923.0,fzp,1.0,1200,891,309,4173.4445833333475,4,0,0,1,0,0,29207,0
8924.0,fzp,1.0,1202,891,311,4173.692083333348,4,1,0,1,4,0,29212,0
8925.0,fzp,1.0,1200,890,310,4173.939444444459,2,1,0,0,2,0,29215,0
8926.0,fzp,1.0,1204,888,316,4174.186388888903,5,0,0,0,3,0,29220,0
8927.0,fzp,1.0,1204,889,315,4174.433194444458,1,0,0,1,1,0,29221,0
8928.0,fzp,1.0,1203,884,319,4174.679444444459,5,0,0,0,0,0,29226,0
8929.0,fzp,1.0,1204,886,318,4174.925277777792,0,0,0,0,2,0,29226,0
8930.0,fzp,1.0,1199,887,312,4175.171527777792,1,2,0,3,1,0,29229,0
8931.0,fzp,1.0,1200,888,312,4175.4180555555695,1,1,0,0,3,0,29231,0
8932.0,fzp,1.0,1196,886,310,4175.664444444458,2,3,0,2,1,0,29236,0
8933.0,fzp,1.0,1199,888,311,4175.910833333347,1,0,0,0,3,0,29237,0
8934.0,fzp,1.0,1206,891,315,4176.157916666681,1,0,0,2,2,0,29238,0
8935.0,fzp,1.0,1206,891,315,4176.405416666681,1,1,0,1,1,0,29240,0
8936.0,fzp,1.0,1205,891,314,4176.652916666681,3,1,0,2,2,0,29244,0
8937.0,fzp,1.0,1204,888,316,4176.900000000015,2,1,0,0,0,0,29247,0
8938.0,fzp,1.0,1200,887,313,4177.1465277777925,1,2,0,2,0,0,29250,0
8939.0,fzp,1.0,1200,885,315,4177.392638888904,3,2,0,1,2,0,29255,0
8940.0,fzp,1.0,1202,886,316,4177.638611111126,4,3,0,2,6,0,29262,0
8941.0,fzp,1.0,1203,884,319,4177.884444444459,4,1,0,1,2,0,29267,0
8942.0,fzp,1.0,1203,877,326,4178.1290277777925,6,1,0,0,0,0,29274,0
8943.0,fzp,1.0,1204,878,326,4178.372777777792,1,1,0,1,2,0,29276,0
8944.0,fzp,1.0,1205,879,326,4178.61680555557,2,0,0,0,3,0,29278,0
8945.0,fzp,1.0,1205,879,326,4178.860972222236,2,3,0,1,4,0,29283,0
8946.0,fzp,1.0,1208,877,331,4179.1048611111255,3,1,0,0,2,0,29287,0
8947.0,fzp,1.0,1211,880,331,4179.348888888903,3,0,0,1,5,0,29290,0
8948.0,fzp,1.0,1212,879,333,4179.593194444459,2,1,0,1,1,0,29293,0
8949.0,fzp,1.0,1213,881,332,4179.837638888904,0,0,1,0,3,0,29293,0
8950.0,fzp,1.0,1214,880,334,4180.082222222237,3,0,1,2,1,0,29296,0
8951.0,fzp,1.0,1217,880,337,4180.326666666681,2,0,0,0,2,0,29298,0
8952.0,fzp,1.0,1218,879,339,4180.570972222237,2,0,0,0,1,0,29300,0
8953.0,fzp,1.0,1221,882,339,4180.81555555557,2,1,0,1,5,0,29303,0
8954.0,fzp,1.0,1221,884,337,4181.0608333333485,0,0,0,0,2,0,29303,0
8955.0,fzp,1.0,1219,881,338,4181.305972222237,2,2,0,0,1,0,29307,0
8956.0,fzp,1.0,1220,880,340,4181.55055555557,2,2,0,0,3,0,29311,0
8957.0,fzp,1.0,1217,878,339,4181.7947222222365,2,2,0,0,2,0,29315,0
8958.0,fzp,1.0,1221,877,344,4182.038472222236,3,0,0,0,2,0,29318,0
8959.0,fzp,1.0,1221,874,347,4182.28166666668,3,1,0,0,1,0,29322,0
8960.0,fzp,1.0,1221,875,346,4182.524583333347,0,1,0,0,2,0,29323,0
8961.0,fzp,1.0,1219,874,345,4182.7675000000145,2,2,0,1,2,0,29327,0
8962.0,fzp,1.0,1219,874,345,4183.010277777792,1,1,0,0,2,0,29329,0
8963.0,fzp,1.0,1220,876,344,4183.253333333348,4,0,0,3,3,0,29333,0
8964.0,fzp,1.0,1222,876,346,4183.4966666666805,2,2,0,1,3,0,29337,0
8965.0,fzp,1.0,1222,875,347,4183.739861111125,3,1,0,1,2,0,29341,0
8966.0,fzp,1.0,1219,872,347,4183.982500000014,2,4,0,1,2,0,29347,0
8967.0,fzp,1.0,1215,870,345,4184.224444444458,3,2,0,2,1,0,29352,0
8968.0,fzp,1.0,1210,869,341,4184.465972222236,1,0,0,0,0,0,29353,0
8969.0,fzp,1.0,1209,870,339,4184.707500000014,1,1,0,2,1,0,29355,0
8970.0,fzp,1.0,1209,870,339,4184.949166666681,2,0,0,1,1,0,29357,0
8971.0,fzp,1.0,1213,869,344,4185.190694444459,2,0,0,1,0,0,29359,0
8972.0,fzp,1.0,1217,872,345,4185.432500000014,2,0,0,0,5,0,29361,0
8973.0,fzp,1.0,1216,872,344,4185.674722222237,1,0,0,1,0,0,29362,0
8974.0,fzp,1.0,1215,870,345,4185.916666666681,1,2,0,0,1,0,29365,0
8975.0,fzp,1.0,1213,866,347,4186.157777777792,4,2,0,1,1,0,29371,0
8976.0,fzp,1.0,1213,866,347,4186.398333333347,1,0,0,0,1,0,29372,0
8977.0,fzp,1.0,1213,863,350,4186.6384722222365,4,1,0,0,2,0,29377,0
8978.0,fzp,1.0,1214,862,352,4186.8780555555695,2,0,0,1,0,0,29379,0
8979.0,fzp,1.0,1218,862,356,4187.117500000014,4,0,0,0,4,0,29383,0
8980.0,fzp,1.0,1218,858,360,4187.356388888903,6,0,0,1,1,0,29389,0
8981.0,fzp,1.0,1218,859,359,4187.594861111125,0,0,0,0,1,0,29389,0
8982.0,fzp,1.0,1218,856,362,4187.833055555569,2,1,0,0,0,0,29392,0
8983.0,fzp,1.0,1222,858,364,4188.071111111125,4,1,0,2,5,0,29397,0
8984.0,fzp,1.0,1219,855,364,4188.309027777792,2,1,0,0,0,0,29400,0
8985.0,fzp,1.0,1218,856,362,4188.546666666681,0,0,0,1,0,0,29400,0
8986.0,fzp,1.0,1220,857,363,4188.784583333348,1,0,0,0,2,0,29401,0
8987.0,fzp,1.0,1217,855,362,4189.022361111125,3,0,0,0,1,0,29404,0
8988.0,fzp,1.0,1216,855,361,4189.259861111125,2,1,0,0,3,0,29407,0
8989.0,fzp,1.0,1213,853,360,4189.497083333347,3,0,0,1,0,0,29410,0
8990.0,fzp,1.0,1211,855,356,4189.734305555569,3,1,0,5,1,0,29414,0
8991.0,fzp,1.0,1209,855,354,4189.9718055555695,0,1,0,0,1,0,29415,0
8992.0,fzp,1.0,1212,860,352,4190.210000000014,2,0,0,4,3,0,29417,0
8993.0,fzp,1.0,1215,861,354,4190.449027777791,2,1,0,0,4,0,29420,0
8994.0,fzp,1.0,1215,862,353,4190.688333333347,3,0,0,3,1,0,29423,0
8995.0,fzp,1.0,1213,858,355,4190.927222222236,4,1,0,1,0,0,29428,0
8996.0,fzp,1.0,1210,858,352,4191.16555555557,2,0,0,1,1,0,29430,0
8997.0,fzp,1.0,1215,863,352,4191.404583333348,2,0,0,2,5,0,29432,0
8998.0,fzp,1.0,1210,860,350,4191.643888888903,1,1,1,0,0,0,29434,0
8999.0,fzp,1.0,1207,863,344,4191.883194444459,1,0,0,2,2,0,29435,0
9000.0,fzp,1.0,1206,865,341,4192.123194444459,0,1,0,0,3,0,29436,0
