time_s,vehicle,last_link,last_position_m,inside_omega
130.1,147,1220007501,143.69,True
135.1,319,10313,12.29,False
135.1,345,1220007501,140.91,True
140.1,465,1220000502,329.86,True
140.1,634,1220000502,307.46,True
170.1,717,1220000402,132.22,True
185.1,320,1210009403,101.15,True
195.1,230,1220014000,90.84,True
195.1,449,10267,15.7,False
205.1,665,10267,14.7,False
235.1,371,1,60.02,False
260.1,625,10313,3.94,False
270.1,644,10313,10.68,False
275.1,927,10313,11.6,False
290.1,1599,10113,12.65,False
290.1,1873,1220000502,311.32,True
300.1,46,1210009403,98.73,True
300.1,315,10267,18.78,False
305.1,160,120,6834.38,True
310.1,10,120,6897.83,True
310.1,1048,10228,17.98,False
315.1,12,120,6948.67,True
315.1,45,120,6803.61,True
320.1,17,120,6809.75,True
325.1,120,120,6856.9,True
330.1,100,120,6853.27,True
335.1,73,120,6872.93,True
335.1,1548,10266,14.05,False
340.1,21,120,6872.73,True
340.1,50,120,6935.93,True
340.1,183,120,6763.19,True
340.1,221,120,6809.3,True
350.1,107,120,6866.35,True
350.1,2084,10111,7.13,False
355.1,60,120,6810.41,True
355.1,97,120,6888.68,True
360.1,59,120,6869.09,True
360.1,172,120,6852.67,True
360.1,216,120,6935.95,True
360.1,261,120,6868.43,True
360.1,285,120,6790.37,True
365.1,69,120,6838.41,True
365.1,70,120,6911.98,True
370.1,1,120,6864.47,True
370.1,99,120,6956.19,True
370.1,1527,1220007501,112.21,True
375.1,88,120,6863.49,True
375.1,189,120,6878.66,True
375.1,239,120,6910.68,True
375.1,297,120,6820.62,True
380.1,196,120,6823.17,True
380.1,234,120,6859.97,True
380.1,430,120,6863.99,True
385.1,198,120,6853.16,True
385.1,209,120,6951.09,True
385.1,383,120,6951.96,True
385.1,1686,1,112.14,False
385.1,2393,1,73.67,False
390.1,316,120,6904.2,True
390.1,355,120,6945.29,True
390.1,381,120,6828.03,True
395.1,203,120,6925.39,True
395.1,251,120,6951.62,True
395.1,291,120,6910.08,True
395.1,325,120,6852.54,True
395.1,363,120,6908.08,True
395.1,520,120,6788.2,True
400.1,317,120,6921.57,True
405.1,136,120,6909.82,True
405.1,313,120,6854.65,True
405.1,416,120,6836.27,True
405.1,429,120,6934.52,True
405.1,431,120,6818.03,True
405.1,507,120,6937.87,True
410.1,310,120,6934.19,True
410.1,347,120,6870.06,True
410.1,361,120,6947.06,True
410.1,404,120,6908.13,True
410.1,527,120,6960.65,True
410.1,597,120,6837.2,True
410.1,2185,1220007501,143.76,True
415.1,303,120,6940.68,True
415.1,349,120,6852.2,True
415.1,354,120,6827.86,True
415.1,445,120,6920.09,True
415.1,569,120,6877.85,True
415.1,581,120,6843.44,True
420.1,328,120,6846.65,True
420.1,436,120,6930.3,True
420.1,467,120,6806.36,True
420.1,529,120,6816.83,True
420.1,2572,10313,3.31,False
425.1,243,120,6910.03,True
425.1,254,120,6902.97,True
425.1,399,120,6831.64,True
425.1,411,120,6943.45,True
425.1,538,120,6809.51,True
425.1,591,120,6940.11,True
425.1,637,120,6909.73,True
425.1,643,120,6872.81,True
430.1,151,120,6958.09,True
430.1,364,120,6826.24,True
430.1,489,120,6850.88,True
430.1,583,120,6885.1,True
430.1,712,120,6835.52,True
435.1,1155,1220014000,101.62,True
440.1,2142,10410,0.85,False
445.1,89,1,141.02,False
445.1,425,120,6926.14,True
445.1,811,120,6957.77,True
445.1,2439,10267,1.5,False
450.1,685,120,6887.92,True
450.1,727,120,6906.19,True
450.1,823,120,6908.99,True
450.1,853,120,6948.77,True
450.1,882,120,6848.69,True
450.1,1678,10267,22.08,False
450.1,2855,10111,30.17,False
455.1,509,120,6847.53,True
455.1,584,120,6942.79,True
455.1,907,120,6907.43,True
455.1,922,120,6801.85,True
455.1,970,120,6830.63,True
460.1,503,120,6862.78,True
460.1,598,120,6858.15,True
460.1,661,120,6951.7,True
460.1,684,120,6895.43,True
460.1,731,120,6822.85,True
460.1,806,120,6885.1,True
460.1,990,120,6939.38,True
465.1,323,1,94.16,False
465.1,370,120,6893.39,True
465.1,490,120,6952.84,True
465.1,577,120,6852.4,True
465.1,605,120,6823.81,True
465.1,610,120,6948.95,True
465.1,648,120,6863.78,True
465.1,671,120,6833.67,True
465.1,676,120,6820.38,True
465.1,750,120,6883.56,True
465.1,821,120,6917.26,True
465.1,857,120,6846.73,True
465.1,859,120,6879.98,True
470.1,338,1220000402,134.03,True
470.1,646,1,133.45,False
470.1,864,120,6847.68,True
470.1,920,120,6812.4,True
470.1,963,120,6847.81,True
470.1,1102,120,6868.96,True
470.1,1195,120,6809.32,True
470.1,1201,120,6792.12,True
470.1,1225,120,6828.64,True
475.1,826,120,6883.73,True
475.1,910,120,6921.33,True
475.1,993,120,6925.81,True
475.1,1335,120,6846.16,True
480.1,875,120,6908.38,True
480.1,921,120,6895.12,True
480.1,996,120,6788.52,True
480.1,3119,10111,23.41,False
485.1,841,120,6894.45,True
485.1,1069,120,6828.39,True
485.1,1154,120,6771.5,True
490.1,652,120,6814.1,True
490.1,838,120,6895.29,True
490.1,943,120,6947.55,True
490.1,981,120,6927.33,True
490.1,1050,120,6862.93,True
490.1,1054,120,6923.5,True
490.1,2493,10267,14.53,False
490.1,3609,10113,13.33,False
495.1,459,120,6949.75,True
495.1,528,120,6926.25,True
495.1,873,120,6846.04,True
495.1,1228,120,6826.52,True
495.1,1280,120,6802.18,True
500.1,884,120,6959.28,True
500.1,959,120,6809.76,True
500.1,1022,120,6955.7,True
500.1,1065,120,6885.26,True
500.1,1090,120,6846.05,True
500.1,1189,120,6922.73,True
500.1,1282,120,6927.7,True
500.1,1372,120,6791.79,True
500.1,1377,120,6835.2,True
505.1,1049,1,104.63,False
505.1,1366,120,6889.25,True
505.1,1845,1220014000,100.03,True
505.1,3760,1220000502,307.27,True
510.1,856,381,73.82,False
510.1,1029,120,6960.23,True
510.1,1153,120,6944.16,True
510.1,1224,120,6798.55,True
510.1,1267,120,6960.07,True
510.1,1342,120,6923.28,True
510.1,1405,120,6850.07,True
515.1,640,120,6922.33,True
515.1,728,120,6960.06,True
515.1,979,120,6921.57,True
515.1,1119,120,6894.2,True
515.1,1198,120,6794.3,True
515.1,1300,120,6823.05,True
515.1,1338,120,6771.74,True
515.1,1389,1220000402,85.23,True
515.1,1737,1,53.69,False
515.1,3801,1220000502,318.61,True
520.1,1003,120,6859.12,True
520.1,1012,120,6824.36,True
520.1,1111,120,6901.83,True
520.1,1172,120,6841.69,True
520.1,1232,120,6928.36,True
520.1,1364,120,6954.12,True
520.1,1398,120,6804.79,True
525.1,377,1,111.54,False
525.1,880,120,6836.0,True
525.1,899,120,6878.6,True
525.1,905,120,6881.42,True
525.1,1041,120,6867.45,True
525.1,1083,120,6920.48,True
525.1,1144,120,6806.38,True
525.1,1210,120,6940.03,True
525.1,1386,120,6812.41,True
525.1,1514,120,6838.53,True
530.1,976,120,6936.3,True
530.1,1180,120,6810.62,True
530.1,1387,120,6902.0,True
530.1,1476,120,6860.04,True
535.1,1390,120,6879.24,True
535.1,1409,120,6923.34,True
535.1,1505,120,6908.28,True
535.1,3419,1,80.69,False
540.1,188,10607,14.97,False
540.1,1188,120,6898.72,True
540.1,1448,120,6799.32,True
545.1,218,381,83.76,False
545.1,1208,120,6827.1,True
545.1,1218,120,6953.74,True
545.1,1242,120,6866.45,True
545.1,1403,120,6910.65,True
550.1,1183,120,6837.1,True
550.1,1231,120,6957.22,True
550.1,1243,120,6899.67,True
550.1,1326,120,6928.19,True
550.1,1369,120,6937.8,True
550.1,1474,120,6866.0,True
550.1,1532,120,6890.53,True
550.1,1541,120,6959.51,True
550.1,1591,120,6830.24,True
550.1,1610,120,6883.32,True
550.1,1705,120,6918.71,True
555.1,1211,120,6949.6,True
555.1,1271,120,6823.9,True
555.1,1709,120,6928.09,True
560.1,1284,120,6824.66,True
560.1,1412,120,6834.68,True
560.1,1486,120,6886.94,True
560.1,1571,120,6868.89,True
560.1,1682,120,6829.37,True
560.1,1744,120,6790.55,True
565.1,785,120,6883.88,True
565.1,1217,120,6936.55,True
565.1,1406,120,6901.26,True
565.1,1425,120,6830.72,True
565.1,1559,120,6867.67,True
565.1,1577,120,6830.99,True
565.1,1722,120,6870.73,True
565.1,1742,120,6792.04,True
565.1,1831,120,6803.1,True
565.1,1868,120,6834.85,True
570.1,1325,120,6806.28,True
570.1,1327,120,6821.27,True
570.1,1623,120,6959.47,True
570.1,1657,120,6878.07,True
570.1,1658,120,6798.67,True
570.1,1857,120,6933.5,True
570.1,1898,120,6942.81,True
575.1,1082,120,6849.79,True
575.1,1116,120,6819.74,True
575.1,1197,120,6840.25,True
575.1,1247,120,6852.0,True
575.1,1664,120,6870.26,True
575.1,1739,120,6816.14,True
580.1,1343,120,6804.19,True
580.1,1948,120,6860.73,True
580.1,2003,120,6921.03,True
585.1,1298,120,6846.19,True
585.1,1432,120,6921.25,True
585.1,1545,120,6934.67,True
585.1,1651,120,6825.3,True
585.1,1732,120,6913.72,True
585.1,2741,10410,1.66,False
590.1,322,1,103.53,False
590.1,1821,120,6858.18,True
590.1,4073,1220000502,324.09,True
595.1,1811,120,6893.71,True
595.1,1890,120,6930.22,True
595.1,2030,120,6877.15,True
595.1,2471,10267,0.16,False
600.1,1687,120,6930.21,True
600.1,1703,120,6887.24,True
600.1,1835,120,6949.65,True
600.1,1957,120,6949.85,True
600.1,2731,1210009403,95.62,True
600.1,2732,10267,10.27,False
605.1,1067,381,65.61,False
605.1,1934,120,6960.85,True
610.1,1133,120,6889.8,True
610.1,1411,10607,18.08,False
610.1,1663,120,6917.66,True
610.1,3376,10313,8.17,False
615.1,3295,10313,11.21,False
620.1,1758,120,6958.58,True
620.1,1761,120,6921.35,True
620.1,1861,120,6856.94,True
620.1,2027,120,6917.78,True
620.1,3507,10313,10.87,False
625.1,1715,120,6912.4,True
625.1,1817,120,6959.08,True
625.1,1860,120,6844.39,True
625.1,1878,120,6883.27,True
625.1,1958,120,6919.74,True
625.1,2115,120,6871.68,True
625.1,2147,120,6878.58,True
625.1,2233,120,6837.76,True
625.1,2260,120,6884.41,True
625.1,3615,1220007501,139.61,True
625.1,4637,10113,7.69,False
630.1,1974,120,6928.76,True
630.1,2133,120,6817.86,True
630.1,3861,1220007501,145.76,True
635.1,1815,120,6893.69,True
635.1,1930,120,6903.7,True
635.1,2119,120,6961.53,True
640.1,1791,120,6927.51,True
640.1,1830,120,6850.55,True
640.1,2095,120,6908.63,True
640.1,2200,120,6944.86,True
640.1,2252,120,6895.45,True
645.1,1622,120,6825.83,True
645.1,1661,120,6849.28,True
645.1,1932,120,6833.88,True
645.1,2117,120,6884.98,True
645.1,2342,120,6795.74,True
645.1,2416,120,6845.2,True
650.1,862,1,137.08,False
650.1,1322,120,6844.34,True
650.1,1770,120,6827.98,True
650.1,1796,120,6890.24,True
650.1,1900,120,6960.9,True
650.1,1914,1,109.02,False
650.1,2069,120,6858.33,True
650.1,2099,120,6951.94,True
650.1,2111,120,6924.13,True
650.1,2196,120,6848.23,True
650.1,2230,120,6917.7,True
650.1,2231,120,6884.27,True
650.1,2270,120,6810.19,True
650.1,2373,120,6900.64,True
650.1,2413,120,6826.56,True
650.1,2432,120,6934.35,True
655.1,909,120,6933.67,True
655.1,1964,120,6944.13,True
655.1,2010,120,6839.04,True
655.1,2043,120,6840.41,True
655.1,2087,120,6904.94,True
655.1,2146,120,6842.28,True
655.1,2220,1220000502,312.51,True
655.1,2243,120,6805.61,True
655.1,2280,120,6836.73,True
655.1,2428,120,6876.56,True
655.1,2472,120,6955.76,True
655.1,2481,1220000402,135.9,True
655.1,2495,120,6934.73,True
655.1,2552,120,6930.16,True
655.1,4490,10111,14.13,False
660.1,1950,120,6794.64,True
660.1,2160,120,6929.42,True
660.1,2306,120,6841.78,True
660.1,2768,10113,11.2,False
665.1,1790,120,6931.13,True
665.1,1892,120,6926.49,True
665.1,1981,120,6888.49,True
665.1,2024,120,6880.27,True
665.1,2055,120,6917.52,True
665.1,2072,120,6851.48,True
665.1,2311,10111,15.87,False
670.1,2109,120,6873.28,True
670.1,2217,120,6950.65,True
670.1,2245,120,6934.28,True
670.1,2458,120,6923.15,True
670.1,2532,120,6864.86,True
670.1,2678,120,6927.59,True
670.1,2933,1220007501,122.41,True
675.1,2257,120,6882.03,True
675.1,2305,120,6881.16,True
675.1,2388,120,6943.52,True
675.1,2446,120,6916.82,True
675.1,4006,10113,14.84,False
680.1,1560,120,6820.23,True
680.1,2258,120,6855.21,True
680.1,2326,120,6887.41,True
680.1,2512,120,6855.17,True
680.1,2662,120,6817.61,True
685.1,2207,120,6937.89,True
685.1,2237,120,6918.31,True
685.1,2265,120,6849.23,True
685.1,2276,120,6871.08,True
685.1,2341,120,6859.78,True
685.1,2353,120,6898.65,True
685.1,2382,120,6882.65,True
685.1,2407,120,6869.36,True
685.1,2425,120,6905.99,True
685.1,2448,120,6952.74,True
685.1,2524,120,6906.16,True
685.1,2565,120,6942.89,True
685.1,2764,120,6933.52,True
685.1,4045,1,52.62,False
690.1,2620,120,6946.0,True
690.1,2642,120,6880.64,True
690.1,2742,120,6915.43,True
695.1,2279,120,6880.42,True
695.1,2522,120,6960.66,True
695.1,2542,120,6849.76,True
695.1,2776,120,6854.46,True
695.1,2800,120,6951.12,True
695.1,2854,120,6948.76,True
700.1,2338,120,6931.73,True
700.1,2392,120,6902.41,True
700.1,2491,120,6803.41,True
700.1,2576,120,6959.23,True
700.1,2613,120,6854.78,True
700.1,2655,120,6802.95,True
700.1,2672,120,6815.64,True
700.1,2787,120,6863.19,True
705.1,2129,120,6915.58,True
705.1,2346,120,6882.82,True
705.1,2482,120,6850.6,True
705.1,2506,120,6841.32,True
705.1,2694,120,6939.62,True
705.1,3107,120,6902.34,True
710.1,2725,120,6929.48,True
710.1,2739,120,6841.0,True
710.1,2998,120,6897.52,True
710.1,3058,120,6789.89,True
715.1,2571,120,6850.62,True
715.1,2586,120,6811.04,True
715.1,2782,120,6885.7,True
715.1,2826,120,6925.66,True
715.1,3020,120,6933.48,True
715.1,3117,120,6901.07,True
720.1,2566,120,6840.24,True
720.1,2848,120,6944.37,True
720.1,3069,120,6901.21,True
720.1,5013,10111,7.51,False
725.1,2440,120,6915.93,True
725.1,2767,120,6893.54,True
725.1,3103,120,6878.69,True
730.1,2236,120,6942.18,True
730.1,2654,120,6871.59,True
730.1,2664,120,6945.44,True
730.1,2712,120,6810.9,True
730.1,2715,120,6888.62,True
730.1,2770,120,6909.05,True
730.1,2788,120,6883.68,True
730.1,3072,120,6938.76,True
730.1,3145,120,6807.06,True
730.1,3973,10313,8.54,False
730.1,5074,10111,28.21,False
735.1,818,1220014000,99.82,True
735.1,2312,1,135.92,False
735.1,2876,1,111.26,False
735.1,2945,120,6871.78,True
735.1,3007,120,6849.38,True
735.1,3099,120,6850.0,True
735.1,3216,120,6834.89,True
735.1,3529,10589,15.25,False
735.1,3683,1220007101,202.79,True
735.1,4003,1220007501,142.4,True
740.1,1858,1,95.09,False
740.1,2747,120,6936.85,True
740.1,2972,120,6899.62,True
740.1,3078,120,6817.04,True
740.1,3110,120,6827.51,True
740.1,5191,1220000402,139.74,True
740.1,5280,10113,19.24,False
740.1,5282,1220000502,309.49,True
745.1,121,1220000201,80.54,True
745.1,1838,1,107.3,False
745.1,2752,120,6880.45,True
745.1,2909,120,6842.41,True
745.1,3011,120,6807.75,True
745.1,3207,120,6942.78,True
745.1,4245,1220007501,142.52,True
750.1,1561,1,93.19,False
750.1,1871,1,137.6,False
750.1,2705,120,6911.56,True
750.1,2815,120,6929.46,True
750.1,3144,120,6917.0,True
750.1,3215,120,6896.43,True
750.1,4038,10266,20.82,False
750.1,4450,1220007501,145.5,True
750.1,4753,10410,9.15,False
755.1,2364,120,6881.75,True
755.1,2923,120,6948.55,True
755.1,3046,120,6797.21,True
755.1,3137,120,6960.44,True
755.1,3301,120,6833.5,True
755.1,4796,10266,18.18,False
755.1,5689,10113,12.45,False
760.1,2350,1,84.35,False
760.1,3021,120,6874.22,True
760.1,3056,120,6904.17,True
760.1,3141,120,6862.73,True
760.1,3142,120,6909.37,True
760.1,3147,120,6872.92,True
760.1,3154,120,6868.81,True
760.1,3196,120,6833.62,True
760.1,3278,120,6816.54,True
760.1,3291,120,6825.79,True
760.1,3333,120,6946.19,True
765.1,2531,120,6919.0,True
765.1,2599,120,6921.62,True
765.1,2713,120,6955.76,True
765.1,2779,120,6885.0,True
765.1,2983,120,6884.88,True
765.1,3041,120,6929.24,True
765.1,3060,120,6945.73,True
765.1,3172,120,6908.86,True
765.1,3198,120,6892.28,True
765.1,3249,381,78.91,False
765.1,3266,120,6858.21,True
770.1,2737,120,6822.35,True
770.1,2835,120,6822.92,True
770.1,2918,120,6923.2,True
770.1,2938,120,6901.8,True
770.1,2954,120,6894.26,True
770.1,3438,120,6856.82,True
770.1,3448,120,6820.2,True
775.1,2798,120,6777.54,True
775.1,2955,120,6913.33,True
775.1,2986,120,6903.9,True
775.1,3066,120,6828.09,True
775.1,3091,120,6952.67,True
775.1,3254,120,6938.7,True
775.1,3296,120,6944.05,True
775.1,3346,120,6910.07,True
775.1,3372,120,6914.63,True
775.1,3478,120,6786.96,True
780.1,3251,120,6804.7,True
780.1,3262,120,6809.89,True
780.1,3267,120,6842.58,True
785.1,2463,120,6890.83,True
785.1,3243,120,6953.65,True
785.1,3282,120,6832.16,True
785.1,3316,120,6849.35,True
785.1,3391,120,6936.58,True
785.1,3463,120,6888.42,True
785.1,3475,120,6873.76,True
790.1,3304,120,6949.93,True
790.1,3313,120,6950.54,True
790.1,3353,120,6859.52,True
790.1,3493,120,6887.32,True
795.1,3094,120,6869.51,True
795.1,3120,120,6934.33,True
795.1,3314,120,6859.05,True
795.1,3699,120,6812.85,True
800.1,2843,120,6902.72,True
800.1,3396,120,6849.8,True
800.1,3427,120,6814.57,True
800.1,3488,120,6926.98,True
800.1,3552,120,6783.93,True
800.1,3806,120,6898.16,True
805.1,3140,120,6890.27,True
805.1,3433,120,6940.83,True
805.1,3513,120,6827.22,True
805.1,3569,120,6945.57,True
805.1,3625,120,6813.47,True
810.1,3156,120,6938.26,True
810.1,3479,120,6836.07,True
810.1,3522,120,6950.21,True
810.1,3556,120,6913.18,True
810.1,3697,120,6907.09,True
815.1,247,1,96.96,False
815.1,3238,120,6835.58,True
815.1,3412,120,6948.05,True
815.1,3818,120,6874.26,True
815.1,3911,120,6920.76,True
815.1,5182,10227,20.6,False
820.1,2880,1,136.54,False
820.1,3491,120,6961.05,True
820.1,3536,120,6890.96,True
820.1,3559,120,6908.55,True
820.1,3597,120,6853.35,True
820.1,3610,120,6815.9,True
820.1,3904,120,6948.86,True
825.1,191,10111,29.75,False
825.1,3746,120,6954.03,True
825.1,3870,120,6818.5,True
830.1,2974,1,117.66,False
830.1,3687,120,6893.73,True
830.1,3786,10607,3.86,False
835.1,3288,120,6911.78,True
835.1,3388,120,6898.58,True
835.1,3600,120,6825.44,True
835.1,3605,120,6858.15,True
835.1,5471,1,71.04,False
840.1,3434,120,6862.24,True
840.1,3631,120,6946.32,True
840.1,3638,120,6869.29,True
840.1,3789,120,6921.5,True
845.1,2081,1,124.2,False
850.1,3422,120,6807.77,True
850.1,3511,120,6812.73,True
850.1,3537,120,6881.84,True
850.1,3658,120,6961.28,True
850.1,3842,120,6941.81,True
850.1,4056,120,6928.58,True
850.1,4057,120,6888.47,True
855.1,3674,120,6924.08,True
855.1,3805,120,6876.32,True
855.1,4081,120,6811.28,True
855.1,4959,1220007501,141.36,True
860.1,3472,120,6836.21,True
860.1,3648,120,6938.27,True
860.1,3666,120,6957.12,True
860.1,3738,120,6920.71,True
860.1,3751,120,6905.04,True
860.1,3959,120,6865.89,True
860.1,4121,120,6880.55,True
860.1,5175,10313,6.37,False
865.1,3184,120,6867.88,True
865.1,3213,120,6888.59,True
865.1,3646,120,6906.18,True
865.1,3953,120,6863.19,True
865.1,4009,120,6876.36,True
865.1,4044,120,6807.64,True
865.1,4141,120,6847.06,True
865.1,4163,120,6824.83,True
865.1,5308,10313,12.3,False
865.1,5363,1220007501,139.89,True
870.1,3676,120,6944.37,True
870.1,3866,120,6877.34,True
870.1,3937,120,6903.88,True
870.1,4005,120,6920.33,True
870.1,4027,120,6953.31,True
870.1,4065,120,6950.99,True
870.1,4110,120,6854.66,True
870.1,4138,120,6869.63,True
870.1,4150,120,6926.25,True
870.1,4248,120,6876.84,True
870.1,5462,10313,5.55,False
875.1,3443,120,6919.94,True
875.1,3804,120,6813.4,True
875.1,3849,120,6888.12,True
875.1,3978,120,6953.79,True
875.1,4022,120,6904.11,True
875.1,4152,120,6800.61,True
875.1,4185,120,6944.97,True
875.1,4346,120,6768.67,True
875.1,4364,120,6842.75,True
875.1,5628,10313,9.3,False
880.1,3561,120,6871.98,True
880.1,3665,120,6821.75,True
880.1,3702,120,6901.38,True
880.1,3734,120,6859.32,True
880.1,3782,120,6875.1,True
880.1,4314,120,6860.34,True
880.1,4443,120,6929.1,True
885.1,2189,1220014000,99.21,True
885.1,3657,120,6808.98,True
885.1,4021,120,6823.41,True
885.1,4032,120,6859.99,True
885.1,4183,120,6903.3,True
885.1,4195,120,6952.88,True
890.1,3028,1,114.66,False
890.1,3152,10410,2.27,False
890.1,3169,120,6800.71,True
890.1,3777,120,6899.05,True
890.1,4463,120,6895.6,True
890.1,5729,10313,6.22,False
890.1,6313,1220000502,326.05,True
890.1,6358,10113,22.62,False
895.1,849,1220000201,78.66,True
895.1,2032,1,66.55,False
895.1,2443,1,139.04,False
895.1,2697,1220000201,60.45,True
895.1,3484,1220000201,61.1,True
895.1,3595,120,6808.76,True
895.1,3739,120,6872.12,True
895.1,3776,120,6844.05,True
895.1,3924,120,6836.03,True
895.1,4076,120,6815.73,True
895.1,4112,120,6922.56,True
895.1,4333,120,6892.82,True
895.1,5435,10034,29.15,False
895.1,6004,10267,0.08,False
900.1,3467,120,6855.02,True
900.1,3686,120,6844.13,True
900.1,3821,120,6926.85,True
900.1,4136,120,6941.53,True
900.1,4158,10267,24.2,False
900.1,4467,120,6950.86,True
900.1,4716,120,6914.88,True
900.1,6804,1220000502,322.55,True
905.1,2994,1,105.96,False
905.1,3409,120,6872.68,True
905.1,3411,120,6924.61,True
905.1,4535,120,6958.75,True
910.1,2836,1,78.17,False
910.1,3573,120,6823.81,True
910.1,4241,120,6860.31,True
915.1,3457,120,6824.88,True
915.1,4226,120,6824.29,True
915.1,4243,120,6825.46,True
915.1,4327,120,6924.23,True
915.1,4405,120,6845.25,True
915.1,4554,120,6863.64,True
915.1,4578,120,6863.29,True
915.1,4612,120,6881.39,True
915.1,4728,120,6796.31,True
920.1,3049,387,223.36,True
920.1,3585,120,6930.85,True
920.1,4372,120,6892.75,True
920.1,4469,120,6878.15,True
925.1,4321,120,6856.28,True
925.1,4393,120,6787.74,True
925.1,4415,120,6884.44,True
925.1,4451,120,6836.01,True
925.1,6985,10113,3.43,False
930.1,4394,120,6910.87,True
935.1,4203,120,6904.5,True
935.1,4427,1,121.62,False
940.1,4090,120,6929.65,True
940.1,4521,120,6855.87,True
940.1,4588,120,6899.25,True
945.1,4480,1,102.62,False
945.1,4569,120,6951.87,True
945.1,4924,120,6789.12,True
950.1,3970,120,6825.45,True
950.1,4355,120,6906.24,True
950.1,4419,120,6852.96,True
950.1,4667,1,128.87,False
950.1,4782,120,6921.26,True
955.1,4448,120,6947.68,True
955.1,4571,120,6959.69,True
955.1,4760,120,6845.44,True
955.1,4908,120,6874.23,True
960.1,3874,120,6812.81,True
960.1,4522,120,6862.32,True
960.1,4751,120,6845.98,True
960.1,4818,120,6803.96,True
960.1,4984,120,6807.69,True
965.1,4143,120,6937.34,True
965.1,4424,120,6845.89,True
965.1,4787,120,6821.96,True
970.1,4184,120,6946.15,True
970.1,4396,120,6910.09,True
970.1,4770,120,6844.54,True
970.1,4792,120,6859.59,True
970.1,4878,120,6865.81,True
970.1,4953,120,6811.96,True
970.1,5144,120,6921.0,True
970.1,5199,120,6890.2,True
975.1,4653,120,6823.88,True
975.1,4850,120,6933.89,True
975.1,4948,120,6814.45,True
980.1,4305,120,6945.39,True
980.1,4700,120,6829.57,True
980.1,5158,120,6852.99,True
980.1,5273,120,6788.32,True
985.1,4432,120,6949.26,True
985.1,4609,120,6835.42,True
985.1,4658,120,6812.08,True
985.1,5052,120,6921.88,True
985.1,5220,120,6801.61,True
985.1,6134,1,99.86,False
985.1,7059,1,56.22,False
990.1,4680,120,6909.36,True
995.1,4645,120,6940.36,True
995.1,4786,120,6820.39,True
995.1,5012,120,6866.23,True
995.1,5097,120,6799.48,True
995.1,5216,120,6832.91,True
1000.1,4615,120,6916.07,True
1000.1,4938,120,6928.31,True
1000.1,4979,120,6951.14,True
1000.1,5180,120,6917.93,True
1000.1,5204,120,6883.33,True
1000.1,5248,120,6888.42,True
1005.1,4260,120,6924.3,True
1005.1,4549,120,6931.97,True
1005.1,4604,120,6898.97,True
1005.1,4668,120,6824.32,True
1005.1,4755,120,6883.64,True
1005.1,5266,120,6918.8,True
1005.1,5287,120,6931.1,True
1010.1,4433,120,6926.78,True
1010.1,4639,120,6946.03,True
1010.1,5000,120,6874.79,True
1010.1,5119,120,6902.1,True
1010.1,5212,120,6942.8,True
1010.1,6209,1220007501,143.33,True
1015.1,4462,120,6857.26,True
1015.1,5288,120,6812.44,True
1020.1,4766,120,6907.75,True
1020.1,4970,120,6833.11,True
1020.1,5575,120,6859.58,True
1020.1,6662,10313,7.53,False
1025.1,4502,120,6935.5,True
1025.1,5161,120,6879.18,True
1030.1,5063,120,6911.04,True
1030.1,5103,120,6875.09,True
1030.1,5149,120,6856.27,True
1030.1,5339,120,6886.18,True
1030.1,5342,120,6922.77,True
1035.1,4870,120,6872.81,True
1035.1,5038,120,6871.98,True
1035.1,5089,120,6835.23,True
1035.1,5300,10410,3.31,False
1035.1,5724,120,6825.18,True
1040.1,2951,1,117.02,False
1040.1,4416,120,6857.85,True
1040.1,4826,120,6905.43,True
1040.1,5019,120,6901.48,True
1040.1,5082,120,6938.47,True
1040.1,5164,120,6864.96,True
1040.1,5327,120,6836.48,True
1040.1,7299,10313,5.01,False
1040.1,7647,1220000502,323.1,True
1045.1,1515,1220000201,63.12,True
1045.1,4952,120,6916.43,True
1045.1,5043,1220000201,80.18,True
1045.1,5081,120,6804.68,True
1045.1,5493,120,6817.5,True
1045.1,5691,120,6802.61,True
1050.1,3830,1220000201,86.59,True
1050.1,4778,120,6850.3,True
1050.1,5132,120,6934.54,True
1050.1,5213,120,6827.74,True
1050.1,5247,120,6876.79,True
1050.1,5270,120,6854.73,True
1050.1,5274,120,6875.67,True
1050.1,5645,1210009403,97.87,True
1050.1,5743,120,6920.44,True
1050.1,5902,120,6793.39,True
1050.1,7083,10266,16.33,False
1055.1,4900,120,6936.07,True
1055.1,5062,120,6820.67,True
1055.1,5171,120,6897.35,True
1055.1,5324,120,6861.3,True
1055.1,5347,120,6874.53,True
1055.1,5655,120,6960.48,True
1060.1,4489,120,6949.8,True
1060.1,5230,120,6822.68,True
1060.1,5251,120,6809.52,True
1060.1,5639,120,6827.05,True
1065.1,2496,1,106.15,False
1065.1,2498,10111,29.91,False
1065.1,4606,120,6839.72,True
1065.1,5509,120,6851.01,True
1065.1,5558,120,6803.26,True
1065.1,5597,120,6862.24,True
1065.1,5672,120,6930.88,True
1065.1,5881,120,6813.73,True
1070.1,5108,120,6952.16,True
1070.1,5367,120,6888.68,True
1070.1,5412,120,6820.98,True
1070.1,5685,120,6916.27,True
1070.1,5812,120,6819.87,True
1070.1,5908,120,6823.11,True
1075.1,4591,120,6847.26,True
1075.1,5391,120,6830.82,True
1075.1,5679,120,6948.2,True
1075.1,5821,120,6924.97,True
1075.1,5863,120,6811.26,True
1075.1,5950,120,6913.6,True
1075.1,8439,1220000502,327.99,True
1080.1,5532,120,6818.18,True
1080.1,5862,120,6954.22,True
1085.1,5588,120,6829.54,True
1085.1,5925,120,6866.6,True
1085.1,5959,120,6862.13,True
1090.1,5179,120,6904.89,True
1090.1,5253,120,6903.42,True
1090.1,5539,120,6942.17,True
1090.1,5610,120,6940.46,True
1090.1,5951,120,6858.05,True
1090.1,5972,120,6924.79,True
1090.1,6056,120,6935.85,True
1090.1,7391,10313,8.93,False
1095.1,5168,120,6822.46,True
1095.1,5224,120,6886.83,True
1095.1,5617,120,6845.24,True
1095.1,5671,120,6922.18,True
1095.1,5794,120,6942.95,True
1095.1,6075,120,6850.17,True
1100.1,3587,1220014000,51.96,True
1100.1,4925,120,6836.55,True
1100.1,5971,120,6949.53,True
1100.1,6099,120,6832.53,True
1100.1,6144,120,6920.53,True
1100.1,6166,120,6959.05,True
1100.1,8642,10113,4.53,False
1105.1,5460,120,6920.6,True
1105.1,5523,120,6950.29,True
1105.1,5697,120,6890.2,True
1105.1,5861,120,6937.33,True
1105.1,6022,120,6809.26,True
1105.1,6137,120,6904.32,True
1105.1,6204,120,6885.0,True
1105.1,7174,1220011503,213.36,True
1110.1,5580,120,6846.46,True
1110.1,5630,120,6911.12,True
1110.1,5957,120,6908.01,True
1110.1,5967,120,6866.0,True
1110.1,6298,120,6776.14,True
1115.1,5145,120,6828.54,True
1115.1,5299,120,6946.65,True
1115.1,5518,120,6847.46,True
1115.1,6033,120,6908.31,True
1115.1,6133,120,6937.12,True
1120.1,5214,120,6912.96,True
1120.1,5463,120,6886.97,True
1120.1,5481,120,6956.97,True
1120.1,5591,120,6920.38,True
1120.1,5774,120,6823.45,True
1120.1,5815,120,6863.13,True
1120.1,5829,120,6948.42,True
1120.1,6012,120,6949.9,True
1120.1,6212,120,6900.86,True
1120.1,7934,10034,30.55,False
1120.1,8274,10227,18.13,False
1125.1,5569,120,6825.1,True
1125.1,5932,120,6944.02,True
1125.1,6286,120,6906.78,True
1125.1,8950,1220000502,328.56,True
1130.1,5662,120,6813.51,True
1130.1,6001,120,6905.62,True
1130.1,6171,1,110.08,False
1130.1,6200,120,6943.24,True
1130.1,6465,120,6947.79,True
1135.1,5312,1,94.2,False
1135.1,5872,120,6933.61,True
1135.1,5947,120,6931.68,True
1135.1,5974,120,6814.92,True
1135.1,6372,120,6883.27,True
1135.1,6409,120,6809.14,True
1135.1,7259,1,63.96,False
1140.1,721,10607,0.6,False
1140.1,5694,1,102.28,False
1140.1,5912,120,6870.45,True
1140.1,6071,120,6881.58,True
1140.1,6181,120,6821.51,True
1140.1,6260,120,6845.43,True
1145.1,1824,1,100.01,False
1145.1,5585,120,6883.73,True
1145.1,5604,120,6918.76,True
1145.1,5858,120,6843.1,True
1145.1,5910,120,6897.53,True
1145.1,5948,120,6918.98,True
1145.1,6059,120,6831.2,True
1145.1,6097,120,6959.27,True
1145.1,6175,120,6847.6,True
1145.1,6341,120,6859.94,True
1145.1,6415,120,6865.94,True
1150.1,5554,120,6946.68,True
1150.1,6215,120,6898.9,True
1155.1,846,1,97.55,False
1160.1,5564,120,6876.07,True
1160.1,5924,120,6857.47,True
1160.1,6085,120,6851.25,True
1160.1,6247,120,6839.54,True
1160.1,6370,120,6888.32,True
1160.1,6534,120,6801.87,True
1165.1,6159,120,6929.99,True
1165.1,6273,120,6943.45,True
1165.1,6330,120,6880.32,True
1165.1,6451,120,6875.87,True
1165.1,6597,120,6889.4,True
1165.1,6667,120,6912.84,True
1170.1,6034,120,6899.69,True
1170.1,6141,120,6892.75,True
1170.1,6334,120,6897.98,True
1170.1,6424,120,6877.09,True
1170.1,6676,1220014000,94.03,True
1170.1,6689,120,6903.6,True
1170.1,6762,120,6854.42,True
1175.1,5896,120,6866.63,True
1175.1,6113,120,6879.2,True
1175.1,6167,120,6875.01,True
1175.1,6467,120,6912.02,True
1180.1,6150,120,6878.72,True
1180.1,6270,120,6855.14,True
1185.1,6017,120,6844.1,True
1185.1,6283,120,6873.29,True
1185.1,6670,120,6897.23,True
1185.1,6901,120,6837.11,True
1190.1,4002,10410,6.05,False
1190.1,6631,120,6895.07,True
1190.1,6846,120,6792.51,True
1190.1,6863,120,6936.88,True
1190.1,6900,120,6936.41,True
1190.1,9012,1220000502,323.75,True
1190.1,9015,10113,18.35,False
1190.1,9120,1220000502,329.98,True
1195.1,6084,120,6923.41,True
1195.1,6394,120,6929.31,True
1195.1,6485,120,6951.5,True
1195.1,6509,120,6912.07,True
1195.1,6928,120,6886.2,True
1200.1,4895,1220014000,89.32,True
1200.1,6422,120,6818.09,True
1200.1,6607,120,6957.04,True
1205.1,6258,1220000402,113.48,True
1205.1,6487,120,6875.05,True
1205.1,6528,120,6949.0,True
1205.1,6575,120,6911.49,True
1205.1,7555,10410,4.54,False
1210.1,3047,1,96.15,False
1210.1,3906,1,130.86,False
1210.1,6452,120,6935.79,True
1210.1,6464,120,6879.46,True
1210.1,6484,120,6847.97,True
1210.1,6921,120,6938.03,True
1215.1,5911,1,114.21,False
1215.1,6489,120,6896.27,True
1215.1,6876,120,6933.44,True
1215.1,6892,120,6848.05,True
1215.1,7825,1220007501,143.09,True
1220.1,6741,120,6790.8,True
1220.1,6752,120,6959.62,True
1220.1,6777,1,84.17,False
1220.1,6797,1,124.1,False
1220.1,7039,120,6892.1,True
1220.1,7970,1220007501,137.16,True
1225.1,6356,120,6942.74,True
1225.1,6618,120,6877.1,True
1225.1,8145,10313,0.34,False
1230.1,8330,10313,8.85,False
1230.1,8693,1220007501,136.79,True
1235.1,6780,120,6881.43,True
1235.1,6806,120,6943.37,True
1235.1,6911,120,6860.16,True
1235.1,8878,10313,7.98,False
1235.1,9939,1220000502,324.0,True
1240.1,6502,120,6949.11,True
1240.1,6860,120,6812.97,True
1245.1,6112,120,6908.26,True
1245.1,6576,120,6831.41,True
1245.1,6965,120,6876.49,True
1245.1,7024,120,6855.72,True
1250.1,6039,120,6955.31,True
1250.1,6651,120,6836.24,True
1250.1,6827,120,6800.11,True
1250.1,7097,120,6866.78,True
1250.1,7228,120,6797.04,True
1255.1,5904,120,6939.07,True
1255.1,5999,120,6883.89,True
1255.1,6730,120,6933.01,True
1255.1,7014,120,6830.52,True
1255.1,7103,120,6810.39,True
1255.1,7129,120,6846.0,True
1260.1,5921,120,6862.66,True
1260.1,6574,120,6943.91,True
1260.1,6592,120,6906.15,True
1260.1,6727,120,6841.12,True
1260.1,6888,120,6836.87,True
1260.1,6908,120,6883.28,True
1260.1,6986,120,6927.6,True
1260.1,7051,120,6953.31,True
1260.1,7464,120,6820.85,True
1265.1,5252,1,115.01,False
1265.1,6102,120,6835.17,True
1265.1,7096,120,6882.37,True
1265.1,7214,120,6938.14,True
1270.1,6746,1,107.93,False
1270.1,6751,120,6922.91,True
1270.1,6767,120,6865.46,True
1270.1,6807,120,6900.63,True
1270.1,6820,120,6804.68,True
1270.1,6837,120,6935.6,True
1270.1,6960,120,6809.32,True
1270.1,7336,120,6887.78,True
1270.1,10305,10113,20.77,False
1275.1,6546,120,6927.45,True
1275.1,7000,120,6889.83,True
1275.1,7109,120,6856.07,True
1275.1,7166,120,6929.1,True
1275.1,7186,120,6936.42,True
1275.1,7224,120,6950.33,True
1280.1,6899,120,6825.93,True
1280.1,6956,1,106.33,False
1280.1,6996,120,6950.95,True
1280.1,7123,120,6891.25,True
1280.1,7283,120,6891.79,True
1280.1,7288,120,6785.59,True
1280.1,7528,10111,2.33,False
1285.1,6791,120,6800.37,True
1285.1,6969,120,6839.35,True
1285.1,7481,120,6865.07,True
1290.1,6924,120,6916.31,True
1290.1,10003,1,111.08,False
1295.1,6858,120,6828.07,True
1295.1,6974,120,6822.79,True
1295.1,7351,120,6869.99,True
1295.1,7715,120,6903.4,True
1300.1,5173,1,123.81,False
1300.1,7008,120,6944.67,True
1300.1,7041,120,6914.12,True
1300.1,7255,120,6953.92,True
1305.1,7042,120,6925.64,True
1305.1,7182,120,6825.75,True
1305.1,7388,120,6914.32,True
1305.1,7416,120,6889.45,True
1305.1,7938,120,6893.35,True
1310.1,6953,120,6934.09,True
1310.1,7045,120,6806.9,True
1310.1,7112,120,6932.45,True
1310.1,7306,120,6882.08,True
1310.1,7497,120,6888.64,True
1310.1,7635,120,6866.09,True
1310.1,7723,120,6898.46,True
1310.1,7873,120,6890.06,True
1310.1,7932,120,6949.81,True
1315.1,7617,120,6807.55,True
1320.1,6903,120,6880.29,True
1320.1,7272,120,6917.51,True
1320.1,7300,120,6958.58,True
1320.1,7530,120,6925.97,True
1325.1,6830,120,6869.66,True
1325.1,7678,120,6803.52,True
1325.1,7996,120,6779.44,True
1330.1,6669,120,6830.58,True
1330.1,7440,120,6849.26,True
1330.1,7654,120,6801.16,True
1330.1,7674,120,6890.46,True
1330.1,7707,120,6946.22,True
1330.1,8922,10313,5.01,False
1335.1,4685,1220014000,99.3,True
1335.1,6267,120,6941.67,True
1335.1,7361,120,6893.16,True
1335.1,7503,120,6949.86,True
1335.1,7807,120,6897.51,True
1335.1,7849,120,6882.46,True
1335.1,7918,120,6934.04,True
1335.1,8043,120,6792.71,True
1335.1,9143,10313,7.37,False
1335.1,9231,1220007501,140.99,True
1340.1,1667,1,127.07,False
1340.1,3404,1,106.45,False
1340.1,7508,120,6874.56,True
1340.1,7751,120,6840.79,True
1340.1,7866,120,6935.72,True
1340.1,7889,120,6818.19,True
1340.1,7908,120,6897.85,True
1340.1,9362,1220007501,136.8,True
1340.1,10449,10113,18.68,False
1340.1,10675,10113,9.46,False
1345.1,4623,1,132.82,False
1345.1,5381,1220000201,78.36,True
1345.1,6866,120,6904.26,True
1345.1,7344,1220000201,67.83,True
1345.1,7450,120,6908.21,True
1345.1,7466,120,6865.86,True
1345.1,7618,120,6828.53,True
1345.1,7630,1,86.41,False
1345.1,9435,10313,6.57,False
1345.1,9778,1220007501,132.88,True
1350.1,7418,120,6919.52,True
1350.1,7462,120,6855.18,True
1350.1,7673,120,6953.66,True
1350.1,7725,120,6925.4,True
1350.1,7899,120,6875.43,True
1350.1,8678,10266,22.24,False
1350.1,9074,10267,8.31,False
1350.1,9117,1220014000,94.51,True
1350.1,11073,10113,13.26,False
1355.1,7881,10267,15.08,False
1360.1,7387,10267,9.04,False
1360.1,7412,120,6838.92,True
1360.1,7629,120,6822.1,True
1360.1,7951,120,6803.85,True
1360.1,8130,120,6900.68,True
1365.1,280,1,112.37,False
1365.1,7220,120,6904.56,True
1365.1,7398,120,6956.75,True
1365.1,7527,120,6934.38,True
1365.1,7564,120,6818.54,True
1365.1,7566,120,6896.13,True
1365.1,7633,120,6923.78,True
1365.1,7709,120,6933.72,True
1365.1,7726,120,6895.57,True
1365.1,7799,120,6940.49,True
1365.1,7865,120,6884.35,True
1365.1,7902,120,6819.52,True
1365.1,7922,1220000201,12.4,True
1365.1,8237,120,6866.18,True
1370.1,7449,1,130.49,False
1370.1,7929,120,6938.14,True
1370.1,8038,120,6888.3,True
1370.1,8217,120,6800.39,True
1370.1,8224,120,6831.91,True
1375.1,7102,120,6956.83,True
1375.1,7547,120,6826.15,True
1375.1,7743,120,6864.52,True
1375.1,7822,120,6875.58,True
1375.1,7845,120,6906.34,True
1375.1,7894,1,96.32,False
1380.1,6964,120,6820.93,True
1380.1,7438,120,6929.3,True
1380.1,7699,120,6809.55,True
1380.1,7761,120,6874.72,True
1380.1,8020,120,6899.55,True
1380.1,9114,1,67.58,False
1385.1,10892,10111,22.69,False
1390.1,7132,120,6835.22,True
1390.1,7513,120,6871.66,True
1390.1,7544,120,6836.99,True
1390.1,7597,120,6844.91,True
1390.1,8313,120,6835.37,True
1390.1,8448,120,6798.68,True
1395.1,6951,120,6757.78,True
1395.1,8155,120,6905.34,True
1395.1,8204,120,6928.26,True
1395.1,8327,120,6959.07,True
1400.1,8123,120,6814.1,True
1400.1,8225,120,6956.53,True
1400.1,8395,120,6941.21,True
1400.1,8539,120,6878.92,True
1405.1,7004,120,6924.57,True
1405.1,8099,120,6888.97,True
1405.1,8442,120,6846.05,True
1410.1,8158,120,6957.77,True
1410.1,8164,120,6909.62,True
1410.1,8547,120,6790.51,True
1410.1,8576,120,6834.14,True
1415.1,6069,1,135.76,False
1415.1,8353,120,6897.43,True
1420.1,6991,120,6870.13,True
1420.1,7583,120,6855.12,True
1420.1,7611,120,6819.87,True
1420.1,7776,120,6828.33,True
1420.1,8135,120,6827.68,True
1420.1,8223,120,6887.7,True
1420.1,8314,120,6862.43,True
1420.1,8341,120,6905.95,True
1420.1,8380,120,6821.79,True
1425.1,7565,120,6946.16,True
1425.1,7591,1,73.6,False
1425.1,7653,120,6942.46,True
1425.1,7844,120,6910.77,True
1425.1,8184,120,6931.1,True
1425.1,8312,120,6895.24,True
1425.1,8494,120,6938.68,True
1430.1,6979,120,6826.91,True
1430.1,8147,1,104.83,False
1430.1,8433,120,6839.81,True
1430.1,8541,120,6822.44,True
1430.1,8573,120,6878.9,True
1430.1,8597,120,6849.69,True
1430.1,8607,120,6860.39,True
1430.1,8632,120,6914.99,True
1430.1,8633,120,6951.92,True
1435.1,7681,120,6960.83,True
1435.1,8261,120,6852.94,True
1435.1,8344,120,6888.18,True
1435.1,8388,120,6825.98,True
1435.1,8518,120,6836.27,True
1435.1,8587,120,6877.01,True
1435.1,8651,120,6819.78,True
1435.1,8700,120,6942.99,True
1435.1,9172,1,93.58,False
1435.1,11508,1220000402,135.84,True
1440.1,8151,120,6936.83,True
1440.1,8411,120,6885.17,True
1440.1,8461,120,6906.37,True
1440.1,8574,120,6952.52,True
1440.1,8578,120,6943.96,True
1440.1,8714,120,6877.72,True
1440.1,8725,120,6909.37,True
1440.1,8826,120,6893.2,True
1440.1,8833,120,6919.31,True
1440.1,8847,120,6940.63,True
1440.1,8882,120,6856.92,True
1440.1,9051,120,6874.83,True
1445.1,8516,120,6945.29,True
1445.1,8549,120,6940.55,True
1445.1,8579,120,6901.32,True
1445.1,8722,120,6914.2,True
1445.1,8807,120,6959.06,True
1450.1,8394,120,6828.62,True
1450.1,8512,120,6852.85,True
1450.1,8605,120,6866.76,True
1450.1,8774,120,6825.08,True
1450.1,8821,120,6911.95,True
1455.1,7037,120,6831.93,True
1455.1,8478,120,6911.53,True
1460.1,8290,120,6914.24,True
1460.1,8356,120,6919.27,True
1460.1,8631,120,6854.24,True
1460.1,8827,120,6928.33,True
1460.1,8857,120,6959.23,True
1460.1,9014,120,6954.96,True
1460.1,9159,120,6892.46,True
1460.1,9246,120,6951.3,True
1460.1,9261,120,6817.24,True
1465.1,8493,120,6931.02,True
1465.1,8523,120,6926.56,True
1465.1,8732,120,6854.49,True
1465.1,8733,120,6832.52,True
1465.1,8768,120,6841.98,True
1465.1,8793,120,6874.81,True
1465.1,8865,120,6900.26,True
1465.1,8897,120,6915.08,True
1465.1,8920,120,6868.78,True
1465.1,9058,120,6815.76,True
1465.1,9144,120,6906.92,True
1465.1,9198,120,6955.82,True
1465.1,9266,120,6892.64,True
1465.1,11163,10313,7.11,False
1465.1,11444,1220007501,131.98,True
1465.1,11738,10111,19.85,False
1470.1,8387,120,6891.66,True
1470.1,8454,120,6946.47,True
1470.1,8676,120,6910.69,True
1470.1,8695,120,6804.08,True
1470.1,8765,120,6858.27,True
1470.1,8828,120,6905.23,True
1470.1,8880,120,6831.51,True
1470.1,8942,120,6923.56,True
1470.1,8966,120,6949.21,True
1470.1,9030,120,6959.05,True
1470.1,9065,120,6873.81,True
1470.1,9078,120,6935.29,True
1470.1,9136,120,6839.04,True
1470.1,9337,120,6894.83,True
1470.1,11798,10313,1.61,False
1475.1,8272,120,6835.33,True
1475.1,8819,120,6848.93,True
1475.1,9232,120,6911.58,True
1475.1,9350,120,6854.44,True
1475.1,9364,120,6905.07,True
1475.1,9573,120,6810.34,True
1480.1,8401,120,6869.09,True
1480.1,8801,120,6825.51,True
1485.1,6031,1,101.06,False
1485.1,6412,1,131.88,False
1485.1,7276,10410,0.68,False
1485.1,8373,120,6846.33,True
1485.1,8403,120,6925.13,True
1485.1,8749,120,6853.64,True
1485.1,8961,120,6850.2,True
1485.1,9173,120,6872.73,True
1485.1,9189,120,6881.28,True
1485.1,9290,1220007101,204.7,True
1485.1,9452,120,6910.92,True
1490.1,6118,1220014000,98.55,True
1490.1,8012,120,6846.72,True
1490.1,8165,120,6873.38,True
1490.1,8206,120,6874.64,True
1490.1,9130,120,6839.35,True
1490.1,9389,120,6877.4,True
1490.1,9509,120,6808.41,True
1490.1,11981,10113,13.19,False
1495.1,5887,1,139.07,False
1495.1,6044,1220000201,79.12,True
1495.1,6966,1220000201,65.41,True
1495.1,7437,1220000201,58.68,True
1495.1,8183,120,6811.68,True
1495.1,8490,120,6849.67,True
1495.1,8862,120,6863.57,True
1495.1,9004,120,6841.51,True
1495.1,9057,120,6876.94,True
1495.1,9086,120,6884.92,True
1495.1,9161,120,6829.42,True
1495.1,9219,120,6946.86,True
1495.1,9479,120,6843.21,True
1495.1,10035,10589,19.53,False
1495.1,10714,1220014000,91.27,True
1500.1,4491,1,134.22,False
1500.1,7780,1220000201,56.7,True
1500.1,8764,120,6809.21,True
1500.1,8917,120,6794.98,True
1500.1,9467,120,6848.58,True
1500.1,10132,10267,20.2,False
1505.1,2667,10267,13.67,False
1505.1,8902,120,6883.92,True
1505.1,8937,120,6870.84,True
1505.1,9619,120,6820.62,True
1505.1,9718,120,6948.85,True
1505.1,12628,1220000502,311.97,True
1510.1,9254,120,6934.13,True
1510.1,9380,120,6911.48,True
1510.1,9404,120,6911.01,True
1510.1,9471,120,6776.62,True
1510.1,9489,120,6856.72,True
1510.1,9626,120,6811.86,True
1510.1,9674,120,6949.13,True
1510.1,9807,120,6880.48,True
1515.1,8326,10111,9.73,False
1515.1,9360,120,6954.29,True
1520.1,4823,1220000201,13.72,True
1520.1,9150,120,6816.54,True
1520.1,9320,120,6805.5,True
1520.1,9421,120,6808.59,True
1520.1,9499,120,6927.99,True
1520.1,9771,120,6846.44,True
1525.1,8221,120,6840.42,True
1525.1,9154,120,6898.68,True
1525.1,9470,120,6897.38,True
1525.1,9528,120,6837.7,True
1525.1,9656,120,6828.87,True
1525.1,9884,120,6782.87,True
1530.1,8731,1,92.48,False
1530.1,8808,120,6854.29,True
1530.1,9062,120,6934.85,True
1530.1,9405,120,6927.01,True
1530.1,9407,120,6894.56,True
1530.1,9511,120,6842.06,True
1530.1,9636,120,6939.21,True
1530.1,9879,120,6888.54,True
1535.1,9546,120,6901.2,True
1535.1,9781,120,6815.82,True
1535.1,9854,120,6909.43,True
1540.1,5358,10034,18.27,False
1540.1,9020,120,6844.91,True
1540.1,9075,120,6857.01,True
1540.1,9116,1,133.85,False
1540.1,9315,120,6819.3,True
1540.1,9336,120,6932.83,True
1540.1,9475,120,6897.74,True
1540.1,9650,120,6846.93,True
1540.1,9769,120,6848.05,True
1540.1,9849,120,6810.68,True
1545.1,8067,1,104.41,False
1545.1,8790,120,6893.69,True
1545.1,8829,120,6807.4,True
1545.1,9006,120,6957.77,True
1545.1,9089,120,6880.33,True
1545.1,9388,120,6949.76,True
1545.1,9482,120,6892.52,True
1545.1,9739,120,6959.16,True
1545.1,9943,120,6928.16,True
1550.1,8650,120,6854.61,True
1550.1,8923,120,6817.81,True
1550.1,9046,10607,0.95,False
1550.1,9260,120,6857.34,True
1550.1,9751,120,6851.34,True
1550.1,9868,120,6816.86,True
1555.1,6989,1220000402,134.2,True
1555.1,9305,120,6833.95,True
1555.1,9353,120,6941.78,True
1555.1,9585,120,6847.39,True
1555.1,9836,120,6864.75,True
1555.1,13080,10113,3.3,False
1560.1,9488,120,6912.31,True
1560.1,9566,120,6949.93,True
1560.1,9642,120,6948.03,True
1560.1,9767,120,6811.08,True
1560.1,9791,120,6900.13,True
1560.1,9961,120,6910.79,True
1560.1,13151,10113,4.73,False
1565.1,10058,120,6794.83,True
1565.1,13193,10113,19.02,False
1570.1,9207,120,6890.32,True
1570.1,9226,120,6784.46,True
1570.1,9239,120,6876.56,True
1570.1,9264,120,6950.61,True
1570.1,9848,120,6853.88,True
1570.1,10008,120,6837.28,True
1570.1,10057,120,6823.08,True
1570.1,10093,120,6926.96,True
1570.1,10116,120,6823.04,True
1575.1,9101,120,6896.5,True
1575.1,9307,120,6822.22,True
1575.1,9464,120,6889.59,True
1575.1,9835,120,6955.73,True
1575.1,10033,120,6830.5,True
1575.1,10054,120,6919.97,True
1575.1,11038,10034,31.01,False
1580.1,9886,120,6909.92,True
1580.1,9887,120,6843.97,True
1580.1,10290,120,6915.9,True
1585.1,6103,10589,22.96,False
1585.1,9728,120,6879.35,True
1585.1,9822,120,6820.24,True
1585.1,9959,120,6917.63,True
1585.1,10019,120,6886.37,True
1585.1,10061,120,6885.19,True
1585.1,10217,120,6834.33,True
1585.1,10731,1,119.17,False
1585.1,11432,1,74.75,False
1590.1,9420,120,6891.32,True
1590.1,9512,120,6952.56,True
1590.1,9976,120,6854.93,True
1590.1,10046,120,6819.19,True
1590.1,10070,120,6835.05,True
1590.1,10136,120,6936.96,True
1590.1,10278,120,6899.16,True
1590.1,10366,120,6922.81,True
1590.1,10379,120,6884.16,True
1595.1,9240,120,6944.75,True
1595.1,9750,120,6939.71,True
1595.1,9985,120,6793.03,True
1595.1,10029,120,6954.43,True
1595.1,10201,120,6896.35,True
1595.1,10221,120,6828.76,True
1600.1,9423,120,6924.76,True
1600.1,9788,120,6837.02,True
1600.1,9928,120,6932.52,True
1600.1,9984,120,6953.59,True
1600.1,10007,120,6812.61,True
1600.1,10076,120,6908.98,True
1605.1,7085,327,101.21,True
1605.1,9711,120,6948.37,True
1605.1,9857,120,6868.91,True
1605.1,9904,120,6933.6,True
1605.1,10021,120,6871.31,True
1605.1,10073,120,6937.45,True
1605.1,10190,120,6836.12,True
1605.1,10197,120,6888.22,True
1605.1,10235,120,6843.27,True
1605.1,10326,120,6819.85,True
1605.1,10448,120,6897.47,True
1605.1,12246,10313,0.9,False
1610.1,10048,120,6876.97,True
1610.1,10178,120,6957.82,True
1610.1,10447,120,6949.38,True
1610.1,12230,10313,3.51,False
1610.1,12320,1220007501,134.54,True
1615.1,10004,120,6833.91,True
1615.1,10286,120,6933.75,True
1615.1,10357,120,6830.81,True
1615.1,12358,1220007501,142.66,True
1620.1,9647,10410,9.87,False
1620.1,9907,120,6863.78,True
1620.1,9974,120,6895.12,True
1620.1,10077,120,6854.54,True
1620.1,10203,120,6924.77,True
1620.1,10405,120,6877.06,True
1620.1,10441,120,6814.75,True
1620.1,10520,120,6863.03,True
1620.1,10523,120,6832.31,True
1620.1,12791,1220007501,146.37,True
1625.1,10040,120,6915.28,True
1625.1,10079,120,6859.4,True
1625.1,10080,120,6915.99,True
1625.1,10156,120,6928.01,True
1625.1,10241,120,6825.77,True
1625.1,10297,120,6948.92,True
1625.1,10334,120,6812.77,True
1625.1,10339,120,6854.41,True
1625.1,10387,120,6877.73,True
1625.1,10440,120,6950.04,True
1625.1,10477,120,6894.7,True
1625.1,10545,120,6934.34,True
1625.1,10604,120,6900.6,True
1625.1,10742,120,6883.01,True
1625.1,13174,1220007501,142.25,True
1630.1,9913,120,6872.02,True
1630.1,10043,120,6821.12,True
1630.1,10430,120,6818.34,True
1630.1,10497,120,6925.06,True
1630.1,10583,120,6912.92,True
1635.1,5612,10111,16.37,False
1635.1,10146,120,6945.41,True
1635.1,10496,120,6936.96,True
1635.1,10561,120,6932.35,True
1635.1,10582,120,6902.43,True
1635.1,10615,120,6808.71,True
1635.1,13303,10313,4.43,False
1635.1,13421,1220007501,139.1,True
1640.1,9616,120,6837.02,True
1640.1,9629,1,126.11,False
1640.1,9792,120,6880.9,True
1640.1,10142,120,6862.6,True
1640.1,10208,120,6944.88,True
1640.1,10332,120,6917.67,True
1640.1,10619,120,6840.15,True
1640.1,10852,120,6948.6,True
1640.1,13813,1220000502,316.39,True
1640.1,13897,1220000502,334.97,True
1645.1,7752,1220000201,72.28,True
1645.1,10002,120,6851.41,True
1645.1,10511,120,6958.25,True
1645.1,10680,120,6833.76,True
1645.1,10846,1220014000,97.9,True
1645.1,11565,1210009403,100.94,True
1650.1,6151,10266,15.19,False
1650.1,8852,1220000201,81.72,True
1650.1,10455,120,6956.4,True
1650.1,10525,120,6816.71,True
1650.1,10532,120,6917.32,True
1650.1,10745,120,6948.58,True
1650.1,10783,120,6870.96,True
1655.1,10719,10266,11.38,False
1655.1,10799,120,6886.39,True
1655.1,10884,120,6830.3,True
1655.1,11066,120,6824.92,True
1655.1,11150,120,6938.85,True
1660.1,10338,120,6958.03,True
1660.1,10601,120,6907.76,True
1660.1,10643,10267,16.91,False
1660.1,10655,120,6886.26,True
1660.1,10760,120,6952.41,True
1660.1,10966,120,6913.14,True
1660.1,10984,120,6958.53,True
1660.1,14184,10113,7.23,False
1665.1,9958,120,6824.39,True
1665.1,10517,120,6837.87,True
1665.1,10634,120,6873.27,True
1665.1,10694,120,6871.24,True
1665.1,10767,120,6951.96,True
1665.1,10837,120,6931.33,True
1665.1,11096,120,6939.84,True
1665.1,11346,120,6884.11,True
1670.1,10636,120,6824.19,True
1670.1,10702,120,6798.23,True
1670.1,10840,120,6950.99,True
1670.1,10912,120,6952.55,True
1675.1,10474,120,6871.72,True
1675.1,10487,120,6911.47,True
1675.1,10565,120,6947.55,True
1675.1,10841,120,6873.78,True
1675.1,10918,120,6892.1,True
1675.1,10933,120,6931.23,True
1675.1,11021,120,6839.49,True
1675.1,11051,120,6910.28,True
1675.1,11286,120,6904.7,True
1675.1,11398,120,6855.08,True
1675.1,13834,1220000402,143.67,True
1680.1,10649,120,6928.4,True
1680.1,10818,120,6825.78,True
1680.1,10941,120,6917.84,True
1680.1,11224,120,6787.65,True
1685.1,9437,120,6932.0,True
1685.1,10695,1210009403,97.49,True
1685.1,10793,120,6802.74,True
1685.1,10903,120,6841.73,True
1685.1,11008,120,6933.33,True
1685.1,11024,120,6935.87,True
1685.1,11087,120,6886.74,True
1685.1,11229,120,6958.18,True
1690.1,7293,1,54.17,False
1690.1,10678,120,6935.65,True
1690.1,10820,120,6849.9,True
1690.1,10960,120,6813.41,True
1690.1,10988,120,6892.57,True
1690.1,11025,120,6859.73,True
1690.1,11040,120,6891.62,True
1690.1,11056,120,6857.96,True
1690.1,11133,120,6789.15,True
1690.1,11180,120,6930.03,True
1690.1,11541,120,6819.5,True
1695.1,10524,120,6845.18,True
1695.1,11016,120,6844.48,True
1695.1,11514,120,6804.77,True
1700.1,10878,120,6958.95,True
1700.1,11405,120,6856.24,True
1700.1,11473,120,6872.28,True
1700.1,11475,120,6938.17,True
1700.1,11752,120,6868.13,True
1705.1,5626,1220014000,97.6,True
1705.1,10860,120,6815.08,True
1705.1,10924,120,6918.21,True
1705.1,11141,120,6939.72,True
1705.1,11176,120,6845.9,True
1705.1,11271,120,6860.67,True
1705.1,11576,120,6799.59,True
1705.1,14086,10111,31.9,False
1710.1,7665,1,85.01,False
1710.1,9022,381,72.13,False
1710.1,10157,120,6912.55,True
1710.1,10549,10113,12.25,False
1710.1,11461,120,6867.9,True
1710.1,11544,120,6877.26,True
1715.1,5134,381,88.96,False
1715.1,9547,1220000201,46.39,True
1715.1,9804,1220000201,23.49,True
1715.1,9995,120,6949.07,True
1715.1,10845,120,6913.89,True
1715.1,11506,120,6797.57,True
1715.1,11709,120,6812.2,True
1720.1,9258,1220000201,31.48,True
1720.1,10062,1220007501,109.11,True
1720.1,10907,120,6941.04,True
1720.1,11080,120,6936.97,True
1720.1,11137,120,6805.95,True
1720.1,11318,120,6943.39,True
1720.1,11426,120,6793.59,True
1725.1,10792,120,6798.09,True
1725.1,10810,120,6924.52,True
1725.1,10929,1,52.32,False
1725.1,11134,120,6943.47,True
1725.1,11316,120,6832.94,True
1725.1,11451,120,6924.13,True
1725.1,11545,120,6881.73,True
1725.1,11851,120,6815.72,True
1730.1,10879,120,6806.67,True
1730.1,11035,120,6933.02,True
1730.1,11102,120,6819.23,True
1730.1,11298,120,6809.55,True
1730.1,11310,120,6886.67,True
1730.1,11406,120,6925.24,True
1730.1,11441,120,6893.0,True
1730.1,11551,120,6891.91,True
1730.1,11554,120,6934.47,True
1730.1,11562,120,6851.01,True
1730.1,11628,120,6848.39,True
1730.1,11659,120,6818.85,True
1735.1,11211,120,6837.53,True
1735.1,13086,1,76.43,False
1740.1,7428,381,63.83,False
1740.1,10851,120,6891.41,True
1740.1,11139,120,6941.07,True
1740.1,11253,120,6810.87,True
1740.1,11477,120,6902.58,True
1740.1,11527,120,6849.76,True
1740.1,11668,120,6801.99,True
1740.1,11702,120,6840.31,True
1740.1,13725,10227,16.11,False
1740.1,14484,1220011503,202.38,True
1745.1,10493,120,6942.13,True
1745.1,10609,120,6886.47,True
1745.1,10990,120,6857.04,True
1745.1,11292,120,6848.45,True
1745.1,11313,120,6902.62,True
1745.1,11335,120,6867.11,True
1745.1,11560,120,6907.38,True
1745.1,11780,120,6939.74,True
1745.1,11837,120,6932.9,True
1750.1,6733,10111,9.5,False
1750.1,7791,10607,18.2,False
1750.1,10508,120,6797.96,True
1750.1,11259,120,6959.06,True
1750.1,11421,120,6961.06,True
1750.1,11470,120,6843.31,True
1750.1,11511,120,6950.91,True
1750.1,11718,120,6814.8,True
1750.1,11861,120,6926.31,True
1755.1,9007,327,82.15,True
1755.1,11439,120,6956.82,True
1755.1,11454,120,6782.11,True
1755.1,11655,120,6861.58,True
1755.1,11748,120,6923.18,True
1755.1,12022,120,6919.41,True
1755.1,13575,10313,9.06,False
1760.1,9903,327,103.67,True
1760.1,11367,120,6946.11,True
1760.1,11520,120,6908.9,True
1760.1,11589,120,6898.98,True
1760.1,11724,120,6872.12,True
1760.1,11784,120,6867.08,True
1765.1,11497,120,6943.61,True
1765.1,12061,120,6850.56,True
1770.1,8266,1,103.39,False
1770.1,11291,120,6865.7,True
1770.1,11710,120,6829.27,True
1770.1,11732,120,6824.77,True
1770.1,11876,120,6807.11,True
1770.1,11951,120,6905.27,True
1775.1,10957,120,6861.93,True
1775.1,11084,120,6899.08,True
1775.1,11199,120,6888.34,True
1775.1,11513,120,6846.01,True
1775.1,11585,120,6925.89,True
1775.1,11736,120,6858.87,True
1775.1,11763,120,6909.7,True
1775.1,11877,120,6955.54,True
1775.1,11933,120,6881.56,True
1775.1,12006,120,6827.89,True
1775.1,12010,120,6917.38,True
1775.1,12070,120,6945.51,True
1775.1,12144,120,6821.76,True
1780.1,11304,120,6896.69,True
1780.1,11529,120,6928.14,True
1780.1,11597,1220014000,96.95,True
1780.1,11865,120,6835.38,True
1780.1,11936,120,6936.82,True
1780.1,12117,120,6947.46,True
1785.1,7275,1,138.31,False
1785.1,7525,1220014000,98.23,True
1785.1,11693,120,6806.99,True
1785.1,11799,120,6960.27,True
1785.1,11976,120,6846.95,True
1785.1,11984,120,6821.93,True
1785.1,12011,120,6829.16,True
1790.1,8334,1220014000,98.65,True
1790.1,10985,120,6910.87,True
1790.1,11910,120,6887.49,True
1790.1,12036,120,6869.33,True
1790.1,12059,120,6954.96,True
1790.1,12302,120,6863.71,True
1790.1,12394,120,6843.96,True
1790.1,14840,1220000502,334.49,True
1795.1,11778,120,6814.95,True
1795.1,12069,1220000201,77.6,True
1795.1,12105,120,6866.36,True
1795.1,12197,120,6837.27,True
1795.1,13095,1210009403,100.9,True
1795.1,15388,10113,15.25,False
1800.1,4310,10266,12.46,False
1800.1,11378,120,6870.92,True
1800.1,11880,120,6915.13,True
1800.1,11923,120,6915.93,True
1800.1,11930,120,6936.53,True
1800.1,11988,120,6956.89,True
1800.1,12020,120,6954.15,True
1800.1,12031,120,6854.41,True
1800.1,12159,120,6878.37,True
1800.1,12193,120,6897.95,True
1800.1,12346,1220000201,45.61,True
1800.1,13913,1220014000,96.76,True
1800.1,14488,10267,3.31,False
1805.1,6661,10266,15.62,False
1805.1,11874,120,6836.27,True
1805.1,11891,120,6907.08,True
1805.1,11912,120,6801.2,True
1805.1,12045,120,6833.7,True
1805.1,12255,120,6862.3,True
1805.1,12262,120,6900.9,True
1805.1,12295,120,6937.47,True
1805.1,12342,120,6806.67,True
1805.1,12398,10267,23.94,False
1810.1,11657,120,6892.14,True
1810.1,11826,10267,8.67,False
1810.1,11974,120,6811.78,True
1810.1,12063,120,6828.03,True
1810.1,12200,120,6906.93,True
1810.1,12215,120,6799.65,True
1810.1,12326,120,6958.08,True
1810.1,12430,120,6892.62,True
1810.1,13714,10313,11.96,False
1815.1,11821,120,6802.63,True
1815.1,12378,120,6792.48,True
1815.1,13976,10313,10.18,False
1815.1,14014,1220007501,137.94,True
1820.1,8933,1220012502,225.82,True
1820.1,11935,120,6892.19,True
1820.1,11987,120,6832.65,True
1820.1,12133,120,6869.08,True
1820.1,14116,1220007501,146.86,True
1820.1,14176,1220007501,132.2,True
1825.1,11952,120,6849.85,True
1825.1,12076,120,6949.36,True
1825.1,12131,120,6864.97,True
1825.1,12163,120,6837.66,True
1825.1,12232,120,6904.0,True
1825.1,12425,120,6820.88,True
1830.1,6726,10111,24.7,False
1830.1,12077,120,6915.32,True
1830.1,12151,1,134.25,False
1830.1,12456,120,6898.63,True
1830.1,12574,120,6960.26,True
1835.1,12424,120,6853.67,True
1840.1,10090,1220000402,120.21,True
1840.1,12482,120,6882.44,True
1840.1,12555,120,6794.33,True
1840.1,12768,120,6954.91,True
1840.1,13668,1220000502,317.19,True
1840.1,15960,10113,10.53,False
1845.1,11785,1,107.95,False
1845.1,12312,120,6883.75,True
1845.1,12393,120,6960.59,True
1845.1,12525,120,6932.99,True
1845.1,12786,120,6943.95,True
1850.1,9766,1,134.2,False
1850.1,12106,120,6884.94,True
1850.1,12318,120,6847.73,True
1850.1,12414,120,6845.4,True
1850.1,12443,120,6855.19,True
1850.1,12513,120,6818.74,True
1850.1,12603,120,6816.87,True
1850.1,12644,120,6883.49,True
1850.1,12684,120,6844.58,True
1855.1,10652,1220000201,60.82,True
1855.1,12143,120,6807.9,True
1855.1,12460,120,6843.97,True
1855.1,12471,120,6872.65,True
1855.1,12687,120,6946.67,True
1855.1,12724,120,6798.7,True
1860.1,12157,120,6810.51,True
1860.1,12277,120,6850.63,True
1860.1,12285,120,6842.58,True
1860.1,12429,120,6918.65,True
1860.1,12508,120,6814.63,True
1860.1,12559,120,6851.33,True
1860.1,12840,1,112.85,False
1865.1,12270,120,6913.54,True
1865.1,12502,120,6829.02,True
1865.1,12558,120,6931.79,True
1865.1,12572,120,6925.84,True
1865.1,12614,120,6822.77,True
1865.1,12720,120,6823.58,True
1865.1,12855,120,6898.95,True
1865.1,12888,120,6931.23,True
1870.1,11456,1220007501,105.34,True
1870.1,11995,120,6955.38,True
1870.1,12399,120,6864.78,True
1870.1,12441,120,6905.02,True
1870.1,12522,120,6912.65,True
1870.1,12674,120,6951.39,True
1870.1,12748,120,6944.54,True
1870.1,12764,120,6896.26,True
1875.1,12078,120,6886.43,True
1875.1,12250,120,6789.43,True
1875.1,12348,120,6849.98,True
1875.1,12389,120,6960.35,True
1875.1,12419,120,6860.7,True
1875.1,12681,120,6915.07,True
1875.1,12732,120,6849.67,True
1875.1,12765,120,6896.86,True
1875.1,12864,120,6877.28,True
1875.1,12873,120,6924.12,True
1875.1,12922,120,6824.77,True
1875.1,13209,120,6844.43,True
1880.1,12203,120,6920.48,True
1880.1,12458,120,6960.62,True
1880.1,12703,120,6925.0,True
1880.1,12797,120,6939.89,True
1880.1,12917,120,6890.42,True
1880.1,13127,120,6923.52,True
1885.1,12561,120,6936.43,True
1885.1,12702,120,6902.06,True
1885.1,12704,120,6892.41,True
1885.1,12736,120,6845.5,True
1885.1,12848,120,6939.12,True
1885.1,12899,120,6879.49,True
1885.1,12946,120,6955.24,True
1885.1,13061,120,6880.31,True
1885.1,13099,120,6925.1,True
1885.1,13230,120,6828.78,True
1885.1,14970,1,102.47,False
1885.1,15247,1,56.05,False
1890.1,9284,10589,19.1,False
1890.1,11552,120,6892.48,True
1890.1,12016,120,6942.37,True
1890.1,12901,120,6921.66,True
1890.1,12971,120,6881.72,True
1890.1,12973,120,6958.52,True
1890.1,12976,120,6829.35,True
1890.1,13110,120,6847.41,True
1890.1,13175,10607,3.72,False
1890.1,13279,120,6901.87,True
1895.1,12532,120,6812.78,True
1895.1,12763,120,6832.5,True
1895.1,12844,120,6870.4,True
1895.1,12960,120,6818.7,True
1895.1,12984,120,6943.27,True
1895.1,13041,120,6817.58,True
1895.1,13067,120,6862.4,True
1895.1,13103,120,6942.02,True
1895.1,13111,120,6870.78,True
1895.1,13343,120,6904.37,True
1895.1,13469,120,6865.67,True
1900.1,12949,120,6804.79,True
1900.1,13139,120,6798.66,True
1900.1,13177,120,6864.9,True
1905.1,11200,327,57.32,True
1905.1,13018,120,6878.2,True
1905.1,13087,120,6952.91,True
1905.1,13270,120,6922.64,True
1905.1,13332,120,6843.1,True
1910.1,10478,1,112.89,False
1910.1,13160,120,6820.88,True
1910.1,13419,120,6846.87,True
1910.1,13466,120,6957.2,True
1915.1,12162,1,63.72,False
1915.1,12397,120,6848.89,True
1915.1,12582,120,6885.74,True
1915.1,12717,120,6844.04,True
1915.1,12735,120,6873.4,True
1915.1,13010,120,6811.36,True
1915.1,13189,120,6858.02,True
1915.1,13219,120,6901.63,True
1915.1,13220,120,6940.18,True
1915.1,13502,120,6825.45,True
1920.1,12330,1,88.13,False
1920.1,12427,120,6880.09,True
1920.1,12440,120,6879.76,True
1920.1,12890,10410,4.7,False
1920.1,13100,120,6864.24,True
1920.1,13335,120,6907.39,True
1920.1,13344,120,6944.25,True
1920.1,13374,120,6916.97,True
1920.1,13384,120,6792.51,True
1920.1,13425,120,6946.05,True
1920.1,13452,120,6951.25,True
1920.1,13537,120,6930.33,True
1925.1,13153,120,6924.73,True
1925.1,13225,120,6798.9,True
1925.1,13309,120,6909.65,True
1925.1,13377,120,6887.72,True
1930.1,12682,120,6842.15,True
1930.1,13551,120,6950.75,True
1930.1,13648,120,6866.33,True
1935.1,9657,1220014000,101.24,True
1935.1,10325,1,107.74,False
1935.1,10935,1,87.25,False
1935.1,12994,120,6916.6,True
1935.1,13129,120,6867.31,True
1940.1,9135,1,115.8,False
1940.1,12878,10410,4.1,False
1940.1,13396,120,6846.68,True
1940.1,13444,120,6932.82,True
1940.1,13458,120,6820.66,True
1940.1,13636,120,6858.43,True
1940.1,14747,10589,10.26,False
1940.1,15416,1220007501,140.52,True
1945.1,6145,1220000201,68.49,True
1945.1,9523,1220000402,131.78,True
1945.1,9937,1220000201,77.61,True
1945.1,10010,1,71.58,False
1945.1,10328,1220000402,105.15,True
1945.1,12349,1220014000,104.68,True
1945.1,13339,120,6886.22,True
1945.1,13364,120,6848.19,True
1945.1,13391,120,6882.78,True
1945.1,13411,120,6871.84,True
1945.1,13629,120,6813.63,True
1945.1,13649,120,6812.23,True
1945.1,13659,120,6819.66,True
1945.1,13754,120,6848.78,True
1945.1,14708,10267,0.21,False
1950.1,8978,1220000201,67.69,True
1950.1,11246,1220000201,86.68,True
1950.1,11270,1220000201,51.55,True
1950.1,12904,120,6796.92,True
1950.1,13398,120,6827.86,True
1950.1,13617,120,6958.91,True
1950.1,13923,120,6946.4,True
1950.1,14002,120,6945.91,True
1950.1,14459,10267,21.72,False
1955.1,10791,1220000201,62.65,True
1955.1,13119,120,6921.33,True
1955.1,13164,1210009403,100.64,True
1955.1,13513,120,6913.32,True
1955.1,13553,120,6936.03,True
1955.1,13810,120,6884.68,True
1955.1,13851,120,6929.4,True
1955.1,14054,1220000201,80.27,True
1955.1,16212,10313,7.12,False
1955.1,16241,1220007501,138.63,True
1960.1,12980,120,6861.33,True
1960.1,13322,120,6857.98,True
1960.1,13336,120,6891.22,True
1960.1,13361,120,6816.25,True
1960.1,13394,120,6862.63,True
1960.1,13568,120,6827.58,True
1960.1,13789,120,6919.63,True
1960.1,14043,120,6866.06,True
1960.1,14062,120,6804.58,True
1960.1,15580,1220014000,89.87,True
1965.1,8684,1,102.34,False
1965.1,9069,1220000201,69.99,True
1965.1,13494,120,6863.09,True
1965.1,13506,120,6827.81,True
1965.1,13729,120,6894.54,True
1965.1,13817,120,6939.09,True
1965.1,13827,120,6908.91,True
1970.1,13569,120,6818.37,True
1970.1,13753,120,6875.3,True
1970.1,15817,10589,16.08,False
1975.1,9615,1,102.74,False
1975.1,13579,120,6929.25,True
1975.1,13627,120,6867.0,True
1975.1,13703,120,6913.42,True
1975.1,13841,120,6831.36,True
1975.1,13900,120,6834.66,True
1980.1,12737,1,115.7,False
1980.1,12744,1,94.25,False
1980.1,13679,120,6956.19,True
1980.1,13726,120,6960.66,True
1980.1,13815,120,6890.5,True
1985.1,13337,10111,30.5,False
1985.1,13589,120,6831.1,True
1985.1,13672,120,6910.57,True
1985.1,13781,120,6913.7,True
1985.1,16875,10111,12.1,False
1990.1,13581,120,6917.58,True
1990.1,13704,120,6870.12,True
1990.1,13829,120,6891.08,True
1990.1,14000,120,6952.28,True
1995.1,3277,10607,15.05,False
1995.1,10972,10111,26.67,False
1995.1,13045,120,6901.96,True
1995.1,13661,120,6950.61,True
1995.1,17490,1220000502,310.72,True
2000.1,13971,120,6814.13,True
2000.1,14322,120,6833.72,True
2000.1,15090,1210009403,94.26,True
2000.1,17514,1220000502,329.81,True
2005.1,12944,120,6921.02,True
2005.1,13640,120,6886.79,True
2005.1,13779,120,6936.91,True
2005.1,14137,120,6957.44,True
2005.1,14186,120,6863.12,True
2005.1,14215,120,6957.87,True
2005.1,14245,120,6900.86,True
2005.1,14519,120,6853.93,True
2010.1,13308,120,6829.17,True
2010.1,14144,120,6922.89,True
2010.1,14369,120,6855.49,True
2010.1,14464,120,6864.33,True
2010.1,14473,120,6912.05,True
2010.1,14510,120,6851.24,True
2010.1,17658,1220000502,325.41,True
2015.1,13351,120,6950.87,True
2015.1,13717,120,6878.35,True
2015.1,13765,120,6819.22,True
2015.1,14024,120,6801.79,True
2015.1,14082,120,6902.02,True
2015.1,14108,120,6891.69,True
2015.1,14160,1,106.43,False
2015.1,14206,120,6856.09,True
2015.1,17689,1220000502,332.2,True
2015.1,17700,1220000502,315.31,True
2020.1,13745,120,6846.13,True
2020.1,14329,120,6898.6,True
2020.1,14348,120,6799.08,True
2025.1,13291,120,6877.32,True
2025.1,13999,120,6859.69,True
2025.1,14134,1,120.93,False
2025.1,14192,120,6826.11,True
2030.1,13805,120,6920.53,True
2030.1,14065,120,6825.49,True
2035.1,11832,1,48.92,False
2035.1,13763,120,6920.83,True
2035.1,14068,120,6828.36,True
2035.1,14156,120,6929.31,True
2035.1,14434,120,6945.67,True
2035.1,14834,120,6828.02,True
2035.1,16637,1,101.55,False
2035.1,16879,1,65.45,False
2040.1,13478,120,6774.49,True
2040.1,13685,120,6817.88,True
2040.1,14393,120,6927.95,True
2040.1,14545,120,6930.95,True
2040.1,14677,120,6860.64,True
2040.1,14734,120,6806.04,True
2045.1,14843,120,6819.54,True
2045.1,17073,1,124.92,False
2045.1,17472,10111,10.48,False
2050.1,13880,120,6796.42,True
2050.1,14335,120,6845.82,True
2050.1,14656,120,6821.54,True
2050.1,14760,120,6860.59,True
2050.1,14784,120,6892.85,True
2050.1,14894,120,6924.89,True
2055.1,13915,120,6923.61,True
2055.1,14220,120,6932.72,True
2055.1,14447,120,6887.37,True
2055.1,14594,120,6917.72,True
2055.1,15191,120,6920.6,True
2060.1,13378,120,6834.21,True
2060.1,14083,120,6902.49,True
2060.1,14164,120,6826.97,True
2060.1,14210,120,6933.82,True
2060.1,14314,120,6803.13,True
2060.1,14405,120,6861.59,True
2060.1,14457,120,6894.4,True
2060.1,14462,120,6800.03,True
2060.1,14476,120,6861.63,True
2060.1,16474,1220007501,146.9,True
2065.1,12251,1,129.8,False
2065.1,13430,120,6875.88,True
2065.1,13511,120,6912.53,True
2065.1,13711,120,6945.87,True
2065.1,13780,120,6925.89,True
2065.1,13847,120,6931.0,True
2065.1,13937,120,6864.53,True
2065.1,14305,120,6937.47,True
2065.1,14332,120,6833.75,True
2065.1,14605,120,6888.6,True
2065.1,14617,120,6900.73,True
2065.1,14662,120,6893.65,True
2065.1,14910,120,6829.76,True
2065.1,16593,1220007501,136.13,True
2070.1,13530,120,6887.75,True
2070.1,14325,120,6952.29,True
2070.1,14435,120,6909.92,True
2075.1,13862,120,6839.96,True
2075.1,14606,120,6952.21,True
2080.1,13408,120,6935.97,True
2080.1,14607,120,6896.66,True
2080.1,14858,120,6958.28,True
2085.1,11767,1220014000,96.84,True
2085.1,14580,120,6812.81,True
2085.1,14885,120,6948.99,True
2085.1,15062,120,6876.16,True
2085.1,15125,120,6888.61,True
2085.1,15144,120,6807.23,True
2085.1,17378,10313,4.03,False
2090.1,11756,1,139.61,False
2090.1,13460,120,6910.63,True
2090.1,14570,120,6841.79,True
2090.1,14572,120,6823.47,True
2090.1,14626,120,6938.23,True
2090.1,14764,120,6845.33,True
2090.1,15083,120,6887.29,True
2090.1,15267,120,6887.51,True
2090.1,16536,10589,21.13,False
2090.1,18210,10113,17.98,False
2095.1,10588,1220014000,95.92,True
2095.1,12694,10111,31.29,False
2095.1,13501,1220000201,67.1,True
2095.1,14233,1220000201,79.63,True
2095.1,14540,120,6871.28,True
2095.1,14571,120,6935.8,True
2095.1,14782,120,6954.1,True
2095.1,14983,1220000201,56.08,True
2095.1,15253,10267,2.32,False
2095.1,15284,120,6863.55,True
2095.1,15664,120,6949.99,True
2095.1,18441,1220000502,328.45,True
2100.1,11194,1220000201,50.76,True
2100.1,14702,120,6844.77,True
2100.1,14743,120,6931.92,True
2100.1,14985,120,6882.03,True
2100.1,16100,10266,20.55,False
2105.1,7568,1220000201,77.69,True
2105.1,10756,1,113.85,False
2105.1,11637,1,90.31,False
2105.1,14441,120,6890.85,True
2105.1,14521,120,6864.0,True
2105.1,15115,120,6955.08,True
2105.1,17379,10266,21.27,False
2110.1,10218,1,120.96,False
2110.1,12102,1,98.82,False
2110.1,14777,120,6880.49,True
2110.1,15329,120,6813.73,True
2115.1,12643,1,116.0,False
2115.1,14909,120,6922.77,True
2115.1,14930,120,6839.55,True
2115.1,14969,120,6881.15,True
2115.1,15128,120,6907.33,True
2115.1,15327,120,6921.54,True
2120.1,14828,120,6848.81,True
2120.1,15046,120,6816.26,True
2120.1,15270,120,6881.2,True
2120.1,15439,120,6838.01,True
2120.1,15452,120,6806.42,True
2120.1,18218,10111,28.69,False
2125.1,14783,1,125.41,False
2125.1,14995,120,6855.34,True
2125.1,14998,120,6864.65,True
2125.1,15118,120,6783.54,True
2125.1,15134,120,6893.41,True
2125.1,15192,120,6940.78,True
2125.1,15223,120,6864.8,True
2125.1,15426,120,6940.69,True
2125.1,15542,120,6855.42,True
2125.1,15566,120,6932.33,True
2125.1,15668,120,6831.04,True
2125.1,15689,1,94.9,False
2130.1,14346,120,6921.4,True
2130.1,14727,120,6808.45,True
2130.1,14922,120,6825.79,True
2130.1,14996,120,6862.35,True
2130.1,15029,120,6827.29,True
2130.1,15153,120,6956.01,True
2130.1,15279,120,6880.17,True
2130.1,15285,120,6863.38,True
2130.1,15400,120,6835.48,True
2135.1,15149,120,6947.74,True
2135.1,15158,120,6790.02,True
2135.1,15193,120,6943.93,True
2135.1,15866,120,6896.87,True
2140.1,14182,120,6861.37,True
2140.1,15543,120,6960.22,True
2140.1,15683,120,6830.27,True
2145.1,15000,120,6836.9,True
2145.1,15492,120,6908.94,True
2145.1,15583,120,6811.6,True
2145.1,15754,120,6785.82,True
2150.1,14285,120,6841.65,True
2150.1,14387,120,6930.77,True
2150.1,15308,120,6824.9,True
2150.1,15312,120,6832.43,True
2150.1,15325,120,6940.55,True
2150.1,15393,120,6905.43,True
2150.1,15453,120,6797.24,True
2150.1,15613,120,6887.66,True
2150.1,15636,120,6799.23,True
2150.1,15724,1,135.21,False
2150.1,15761,120,6882.94,True
2155.1,15292,120,6914.92,True
2155.1,15505,120,6889.47,True
2155.1,15642,1,101.99,False
2155.1,15663,120,6868.93,True
2155.1,15673,120,6928.3,True
2155.1,15828,120,6840.17,True
2160.1,15173,120,6944.1,True
2160.1,15484,120,6887.69,True
2160.1,15702,120,6909.36,True
2160.1,19109,1220000502,324.46,True
2165.1,14214,120,6821.72,True
2165.1,15750,120,6797.61,True
2170.1,15103,120,6942.56,True
2170.1,15370,120,6798.43,True
2170.1,15620,120,6849.46,True
2170.1,15769,120,6836.94,True
2170.1,15928,120,6921.62,True
2175.1,15011,120,6867.95,True
2175.1,15593,120,6869.91,True
2175.1,15621,120,6842.59,True
2180.1,12237,1,58.12,False
2180.1,14944,120,6951.01,True
2180.1,15500,120,6917.06,True
2185.1,16108,120,6834.56,True
2185.1,17745,1,104.56,False
2190.1,15089,120,6865.89,True
2190.1,15235,1,50.45,False
2190.1,15243,120,6819.58,True
2195.1,15071,120,6862.33,True
2195.1,16083,120,6823.44,True
2195.1,17750,1220011503,206.55,True
2200.1,14975,120,6931.16,True
2200.1,15174,120,6893.25,True
2200.1,15412,120,6936.58,True
2200.1,15703,120,6913.69,True
2200.1,15832,120,6839.96,True
2200.1,15970,120,6864.35,True
2200.1,15981,120,6892.29,True
2200.1,16323,120,6830.02,True
2205.1,12858,327,38.52,True
2205.1,15531,120,6850.47,True
2205.1,15804,120,6958.75,True
2205.1,15898,120,6952.38,True
2205.1,16179,120,6884.0,True
2205.1,16272,120,6841.34,True
2210.1,14093,1220014000,89.9,True
2210.1,14389,1220000402,144.45,True
2210.1,15269,120,6873.14,True
2210.1,15518,120,6880.3,True
2210.1,15667,120,6844.45,True
2210.1,15842,120,6819.53,True
2210.1,15969,120,6947.79,True
2210.1,16077,120,6909.68,True
2210.1,16150,120,6834.94,True
2210.1,16214,120,6852.85,True
2210.1,16256,120,6806.05,True
2210.1,16353,120,6826.41,True
2210.1,17351,10313,12.16,False
2215.1,15631,120,6952.0,True
2215.1,15734,120,6857.68,True
2215.1,15792,120,6802.62,True
2215.1,15951,120,6816.2,True
2215.1,16213,120,6815.27,True
2215.1,17747,10034,30.49,False
2215.1,18041,10313,4.34,False
2220.1,15558,120,6895.81,True
2220.1,15897,120,6931.68,True
2220.1,16039,120,6890.56,True
2220.1,16046,120,6813.1,True
2220.1,16062,120,6862.07,True
2220.1,16534,120,6856.49,True
2220.1,18172,10313,0.7,False
2225.1,15196,120,6868.09,True
2225.1,15530,120,6848.36,True
2225.1,15718,120,6904.83,True
2225.1,15806,120,6942.84,True
2225.1,15896,120,6929.19,True
2225.1,15910,120,6907.93,True
2225.1,16020,120,6859.39,True
2225.1,16143,120,6825.82,True
2225.1,16527,120,6934.83,True
2225.1,18731,1220007501,138.48,True
2230.1,15821,120,6901.47,True
2230.1,15877,120,6922.77,True
2230.1,16021,120,6942.04,True
2230.1,16101,120,6864.13,True
2230.1,16331,120,6827.93,True
2230.1,16380,120,6836.73,True
2230.1,16382,120,6904.28,True
2230.1,16385,120,6813.58,True
2230.1,16471,120,6868.79,True
2230.1,16582,120,6886.12,True
2230.1,16592,120,6849.58,True
2230.1,18931,10313,1.26,False
2235.1,13843,10410,1.79,False
2235.1,14234,120,6851.82,True
2235.1,15938,120,6820.39,True
2235.1,16526,120,6817.18,True
2235.1,16675,120,6894.74,True
2235.1,16741,1,124.97,False
2235.1,16941,10589,24.71,False
2235.1,19164,10313,3.55,False
2235.1,19205,1220007501,138.1,True
2235.1,19347,1220000502,302.99,True
2240.1,8822,1,132.5,False
2240.1,11431,1220014000,96.58,True
2240.1,15963,120,6930.37,True
2240.1,16355,120,6891.16,True
2240.1,16374,120,6788.12,True
2240.1,16446,120,6819.68,True
2240.1,16523,120,6932.52,True
2240.1,19273,1220000502,330.29,True
2240.1,19561,1220000502,334.84,True
2245.1,6237,1220000201,79.64,True
2245.1,8142,1220000201,70.98,True
2245.1,11843,10111,30.59,False
2245.1,12448,1,119.75,False
2245.1,12919,1220014000,103.23,True
2245.1,12927,1,97.2,False
2245.1,15860,120,6960.48,True
2245.1,16119,120,6885.4,True
2245.1,16326,120,6921.86,True
2245.1,16339,120,6843.69,True
2245.1,16556,120,6822.68,True
2245.1,16702,120,6805.06,True
2250.1,11766,1220000201,79.92,True
2250.1,12852,1,87.08,False
2250.1,13783,10267,10.81,False
2250.1,16015,120,6937.43,True
2250.1,16422,120,6899.22,True
2250.1,16433,120,6859.91,True
2250.1,16682,120,6961.72,True
2250.1,16719,120,6897.8,True
2255.1,10266,1,124.62,False
2255.1,10484,1,101.65,False
2255.1,14287,10267,11.54,False
2255.1,16167,120,6892.0,True
2255.1,16240,120,6862.18,True
2255.1,16543,120,6931.19,True
2255.1,16926,1210009403,95.97,True
2255.1,17829,10266,22.98,False
2255.1,18267,1220014000,92.57,True
2260.1,15584,1,134.3,False
2260.1,15986,120,6933.44,True
2260.1,16030,120,6932.07,True
2260.1,16740,120,6949.9,True
2260.1,16779,120,6911.23,True
2260.1,17158,10267,10.11,False
2260.1,18929,10410,0.81,False
2260.1,20079,10113,11.53,False
2265.1,9431,1,133.96,False
2265.1,11464,10111,0.19,False
2265.1,14071,1,107.22,False
2265.1,15649,120,6795.59,True
2265.1,15827,120,6915.84,True
2265.1,15950,120,6794.5,True
2265.1,16250,120,6917.89,True
2265.1,16342,120,6881.76,True
2265.1,16491,120,6849.32,True
2265.1,16680,120,6887.56,True
2265.1,17439,10267,1.16,False
2270.1,15995,120,6882.64,True
2270.1,16152,120,6959.41,True
2270.1,16557,120,6917.54,True
2270.1,16626,120,6898.68,True
2270.1,16915,120,6843.97,True
2275.1,13252,1220000201,61.45,True
2275.1,15576,120,6820.94,True
2275.1,15681,120,6825.35,True
2275.1,15904,1,109.1,False
2275.1,16203,120,6939.64,True
2275.1,16561,120,6858.97,True
2275.1,16630,120,6955.25,True
2280.1,15819,120,6948.41,True
2280.1,15851,120,6870.37,True
2280.1,15892,120,6912.25,True
2280.1,16118,120,6867.72,True
2280.1,16533,120,6940.04,True
2280.1,16619,120,6830.78,True
2280.1,16647,120,6914.76,True
2280.1,16659,120,6814.01,True
2280.1,16753,120,6904.05,True
2280.1,16789,120,6847.36,True
2280.1,16973,120,6882.59,True
2290.1,15728,120,6862.64,True
2290.1,16251,1,138.69,False
2290.1,16345,1,119.66,False
2290.1,16597,120,6826.11,True
2290.1,17109,120,6899.84,True
2295.1,15665,120,6849.4,True
2295.1,16225,120,6952.04,True
2295.1,16458,120,6814.73,True
2295.1,16459,120,6901.85,True
2295.1,16651,120,6883.83,True
2295.1,16734,120,6935.15,True
2295.1,16758,10267,1.6,False
2295.1,16771,120,6857.11,True
2300.1,4205,1,64.47,False
2300.1,15536,120,6845.05,True
2300.1,16417,120,6806.92,True
2300.1,16591,120,6927.18,True
2300.1,16699,120,6817.85,True
2300.1,16847,120,6892.58,True
2300.1,16851,120,6952.14,True
2300.1,17106,120,6951.91,True
2305.1,15694,1220000201,47.66,True
2305.1,16852,120,6949.9,True
2305.1,16876,120,6940.14,True
2305.1,17217,120,6841.45,True
2305.1,17307,381,69.66,False
2310.1,13857,381,73.39,False
2310.1,16097,1220000201,60.88,True
2310.1,16460,120,6951.08,True
2310.1,16562,120,6876.53,True
2310.1,16627,120,6879.09,True
2310.1,16802,120,6848.05,True
2310.1,16877,120,6915.26,True
2310.1,16902,120,6812.21,True
2310.1,16993,120,6873.16,True
2310.1,17038,120,6805.09,True
2310.1,17074,120,6815.49,True
2315.1,15513,120,6928.32,True
2315.1,16307,120,6878.75,True
2315.1,16606,120,6848.77,True
2315.1,16932,120,6942.7,True
2315.1,16984,120,6827.83,True
2315.1,17001,120,6876.02,True
2315.1,17051,120,6853.76,True
2315.1,17156,120,6927.29,True
2315.1,17183,120,6910.7,True
2315.1,17206,120,6893.17,True
2315.1,17293,120,6822.47,True
2315.1,17425,120,6858.64,True
2315.1,17466,120,6895.55,True
2320.1,16752,120,6853.2,True
2320.1,16829,120,6813.39,True
2320.1,17054,120,6922.28,True
2320.1,17064,120,6913.6,True
2320.1,17120,120,6825.37,True
2320.1,17124,120,6944.37,True
2320.1,17236,120,6931.02,True
2325.1,9251,1220007501,141.82,True
2325.1,15632,120,6880.32,True
2325.1,16725,120,6953.29,True
2325.1,16917,120,6921.03,True
2325.1,17097,120,6825.5,True
2325.1,17108,120,6933.07,True
2325.1,17139,120,6939.98,True
2325.1,17173,120,6908.17,True
2325.1,17198,120,6847.99,True
2325.1,17273,120,6927.09,True
2325.1,17340,120,6863.78,True
2325.1,17369,120,6837.44,True
2325.1,17382,120,6873.53,True
2325.1,17445,120,6858.34,True
2325.1,17577,120,6897.78,True
2325.1,17666,120,6893.44,True
2330.1,6561,10111,21.15,False
2330.1,17081,120,6908.69,True
2330.1,17129,120,6911.46,True
2330.1,17170,120,6874.57,True
2330.1,17257,120,6949.26,True
2330.1,17311,120,6876.39,True
2330.1,17465,120,6945.65,True
2330.1,17512,120,6913.52,True
2335.1,17176,120,6829.6,True
2335.1,17525,10034,13.48,False
2335.1,18984,1,108.99,False
2335.1,19555,1,69.98,False
2340.1,16772,120,6912.71,True
2340.1,17153,120,6892.79,True
2340.1,17332,120,6890.09,True
2340.1,17458,120,6846.53,True
2340.1,17476,120,6814.16,True
2340.1,20374,1,77.71,False
2345.1,12866,120,6870.54,True
2345.1,17029,120,6862.03,True
2350.1,12999,1,77.9,False
2350.1,17543,120,6932.1,True
2355.1,16918,120,6961.13,True
2355.1,17496,120,6802.58,True
2355.1,19255,1220007501,140.58,True
2360.1,13120,1,72.45,False
2360.1,17474,120,6960.43,True
2360.1,17647,120,6877.46,True
2360.1,17815,120,6959.96,True
2365.1,17487,120,6893.42,True
2365.1,17502,120,6920.3,True
2365.1,17743,120,6845.71,True
2365.1,17774,120,6918.75,True
2370.1,13525,1,73.81,False
2370.1,17565,120,6837.3,True
2375.1,17456,120,6927.76,True
2375.1,17636,120,6930.15,True
2375.1,17701,120,6889.31,True
2375.1,18032,120,6817.85,True
2375.1,20712,10111,0.73,False
2380.1,9178,1,104.77,False
2380.1,17028,120,6894.39,True
2380.1,17409,120,6872.87,True
2380.1,17509,120,6903.71,True
2380.1,17605,120,6944.24,True
2380.1,17796,120,6880.67,True
2380.1,17907,120,6909.11,True
2385.1,16883,120,6852.64,True
2385.1,17231,120,6857.74,True
2385.1,17320,120,6835.73,True
2385.1,17735,120,6812.48,True
2385.1,17945,120,6824.03,True
2385.1,18620,10589,6.72,False
2385.1,19477,10410,1.03,False
2390.1,15913,120,6858.35,True
2390.1,17331,120,6921.76,True
2390.1,17334,120,6821.72,True
2390.1,17348,120,6820.32,True
2390.1,17606,120,6952.67,True
2390.1,17621,120,6952.42,True
2390.1,17716,120,6879.82,True
2390.1,17753,120,6919.36,True
2390.1,17788,120,6821.61,True
2390.1,17826,120,6812.21,True
2390.1,17848,120,6882.82,True
2390.1,17863,120,6915.82,True
2390.1,17875,120,6850.34,True
2390.1,17928,120,6852.41,True
2390.1,17961,120,6846.76,True
2390.1,18037,120,6882.35,True
2390.1,18080,120,6941.89,True
2390.1,18087,120,6907.91,True
2390.1,21057,10113,4.72,False
2390.1,21072,1220000502,311.59,True
2395.1,11827,10267,0.28,False
2395.1,13797,1,107.25,False
2395.1,14895,1220000201,70.68,True
2395.1,16057,1,138.79,False
2395.1,16502,1220000201,79.96,True
2395.1,16956,1220000201,51.86,True
2395.1,17535,120,6934.81,True
2395.1,17635,120,6928.93,True
2395.1,17728,120,6939.71,True
2395.1,17746,120,6870.51,True
2395.1,17806,120,6905.56,True
2395.1,17882,120,6905.07,True
2395.1,17912,120,6892.73,True
2395.1,17931,120,6855.53,True
2395.1,17942,120,6897.94,True
2395.1,18049,120,6931.85,True
2395.1,18065,120,6861.51,True
2395.1,18108,120,6873.75,True
2395.1,21367,10113,1.22,False
2400.1,17820,120,6819.2,True
2400.1,17825,120,6942.41,True
2400.1,18014,120,6860.44,True
2400.1,18269,1220000201,75.31,True
2405.1,12540,1,103.83,False
2405.1,14246,1,125.33,False
2405.1,17367,47,933.0,True
2405.1,17423,120,6938.14,True
2405.1,17625,120,6822.45,True
2405.1,17775,120,6933.75,True
2405.1,17988,10267,9.44,False
2410.1,16778,10228,15.29,False
2410.1,17327,120,6816.03,True
2410.1,17421,120,6826.52,True
2410.1,17776,120,6811.32,True
2410.1,17854,120,6893.76,True
2415.1,14277,1,122.21,False
2415.1,18149,120,6872.02,True
2415.1,19515,1220007501,133.13,True
2420.1,10302,1,137.82,False
2420.1,16604,120,6852.63,True
2420.1,17590,120,6859.21,True
2420.1,17748,120,6813.38,True
2420.1,17873,120,6954.43,True
2420.1,17891,120,6890.94,True
2420.1,17975,120,6930.49,True
2420.1,18068,120,6868.19,True
2420.1,18070,120,6897.65,True
2420.1,18101,120,6920.73,True
2420.1,18144,120,6885.52,True
2420.1,18170,120,6824.04,True
2420.1,18231,120,6904.04,True
2425.1,17162,120,6888.4,True
2425.1,17761,120,6887.28,True
2425.1,17844,120,6922.85,True
2425.1,17890,120,6961.38,True
2425.1,18010,120,6877.51,True
2425.1,18106,120,6868.9,True
2425.1,18118,120,6835.42,True
2425.1,18121,120,6933.82,True
2425.1,18238,120,6853.03,True
2425.1,18258,120,6848.52,True
2425.1,18407,120,6825.28,True
2425.1,18590,120,6932.47,True
2425.1,21735,10113,12.64,False
2430.1,15205,10266,16.66,False
2430.1,16640,120,6841.54,True
2430.1,17868,120,6915.88,True
2430.1,17896,120,6957.27,True
2430.1,18302,120,6954.04,True
2430.1,18333,120,6879.31,True
2430.1,20497,10313,6.88,False
2435.1,17255,1,137.63,False
2435.1,17422,120,6933.39,True
2435.1,17843,1,115.75,False
2435.1,17980,1,98.12,False
2435.1,18102,120,6806.84,True
2435.1,18195,120,6906.6,True
2435.1,18264,120,6889.15,True
2435.1,18399,120,6885.75,True
2435.1,18417,120,6791.34,True
2435.1,18500,120,6846.36,True
2435.1,18867,1220000502,309.72,True
2435.1,21826,1220000502,315.16,True
2440.1,18196,1,112.71,False
2440.1,18313,120,6814.91,True
2440.1,18338,120,6828.51,True
2440.1,18360,120,6952.37,True
2440.1,18608,120,6875.09,True
2440.1,21879,10113,17.01,False
2445.1,17703,120,6846.46,True
2445.1,18277,120,6812.98,True
2445.1,18418,120,6924.66,True
2445.1,18533,120,6849.12,True
2450.1,17376,1,136.73,False
2450.1,18048,120,6858.81,True
2450.1,18221,120,6876.45,True
2450.1,18363,120,6943.0,True
2450.1,18466,120,6911.0,True
2450.1,18515,120,6950.08,True
2450.1,18593,120,6914.16,True
2450.1,18600,120,6912.7,True
2450.1,18635,120,6935.47,True
2450.1,18687,120,6856.98,True
2450.1,18689,120,6866.41,True
2450.1,18713,120,6900.91,True
2455.1,18028,120,6948.82,True
2455.1,18131,120,6868.73,True
2455.1,18398,120,6827.34,True
2455.1,18431,120,6897.63,True
2455.1,18464,120,6835.95,True
2455.1,18754,120,6899.65,True
2455.1,21611,1220000402,143.18,True
2460.1,18082,120,6860.68,True
2460.1,18316,120,6893.72,True
2460.1,18569,120,6948.69,True
2460.1,18673,120,6916.84,True
2460.1,18690,120,6814.26,True
2460.1,18730,120,6804.35,True
2460.1,18769,120,6954.9,True
2460.1,18817,120,6910.78,True
2460.1,18860,1,129.23,False
2465.1,17161,1,92.11,False
2465.1,18564,120,6836.44,True
2465.1,18851,120,6872.47,True
2465.1,18877,120,6885.85,True
2465.1,18905,120,6822.13,True
2465.1,18990,120,6957.86,True
2470.1,14370,1220000201,71.04,True
2470.1,18400,120,6859.53,True
2470.1,18616,120,6822.51,True
2470.1,19056,120,6951.98,True
2475.1,18275,120,6889.46,True
2475.1,18390,120,6944.69,True
2475.1,18457,120,6896.61,True
2475.1,18660,120,6863.18,True
2480.1,18643,120,6947.51,True
2480.1,18711,120,6909.99,True
2480.1,18882,120,6814.09,True
2480.1,18914,120,6828.98,True
2480.1,18968,120,6870.86,True
2485.1,18425,120,6891.88,True
2485.1,18512,120,6887.87,True
2485.1,18631,120,6837.36,True
2485.1,18753,120,6899.74,True
2485.1,18830,120,6835.76,True
2485.1,19323,120,6798.66,True
2485.1,19578,1,83.12,False
2490.1,17672,1,87.2,False
2490.1,18381,120,6818.75,True
2490.1,18684,120,6943.25,True
2490.1,18782,120,6926.97,True
2490.1,18969,120,6957.59,True
2490.1,19144,120,6911.78,True
2495.1,13895,1,102.55,False
2495.1,18283,120,6950.69,True
2495.1,18332,120,6913.42,True
2495.1,18607,120,6818.01,True
2495.1,18805,120,6849.76,True
2495.1,18920,120,6843.52,True
2495.1,18977,10111,0.6,False
2500.1,8375,1220000402,113.7,True
2500.1,18831,120,6810.7,True
2500.1,18881,120,6815.65,True
2500.1,19101,120,6867.19,True
2500.1,19224,120,6904.68,True
2505.1,18069,120,6825.81,True
2505.1,18262,120,6857.35,True
2505.1,18656,120,6933.22,True
2505.1,18779,120,6894.82,True
2505.1,18834,120,6835.79,True
2505.1,18886,120,6917.22,True
2505.1,18919,120,6927.62,True
2505.1,18930,120,6854.57,True
2505.1,18933,120,6811.96,True
2505.1,19126,120,6844.95,True
2505.1,19145,120,6880.47,True
2505.1,19513,120,6892.83,True
2510.1,17983,120,6814.11,True
2510.1,18008,120,6908.49,True
2510.1,18880,120,6957.8,True
2510.1,18899,120,6924.86,True
2510.1,19357,120,6814.28,True
2515.1,17604,120,6922.97,True
2515.1,18346,120,6889.76,True
2515.1,18820,120,6961.16,True
2515.1,19124,120,6922.08,True
2515.1,19143,120,6882.42,True
2515.1,19169,120,6831.97,True
2520.1,19089,120,6810.58,True
2520.1,19161,120,6837.52,True
2520.1,19242,120,6908.52,True
2520.1,19254,120,6923.74,True
2520.1,19262,120,6953.57,True
2520.1,19325,120,6873.65,True
2520.1,19353,120,6908.82,True
2520.1,19461,120,6823.58,True
2525.1,19245,120,6940.83,True
2530.1,19397,120,6793.79,True
2530.1,19602,120,6812.91,True
2530.1,20863,10313,11.53,False
2530.1,20924,1220007501,143.58,True
2535.1,14766,1,115.11,False
2535.1,16279,1220014000,94.51,True
2535.1,18862,120,6804.05,True
2535.1,18898,120,6884.02,True
2535.1,18983,120,6831.4,True
2535.1,19315,120,6916.28,True
2535.1,19378,120,6808.24,True
2535.1,19394,120,6882.71,True
2535.1,19409,120,6844.65,True
2535.1,19439,120,6939.99,True
2535.1,19445,120,6845.68,True
2535.1,19676,120,6925.01,True
2535.1,19717,10589,8.96,False
2535.1,20233,1220007101,201.16,True
2535.1,21090,10313,11.06,False
2535.1,21119,1220007501,141.56,True
2540.1,15795,1,132.39,False
2540.1,16352,1,104.56,False
2540.1,17639,120,6959.02,True
2540.1,17832,10410,1.06,False
2540.1,19077,120,6838.29,True
2540.1,19189,120,6883.64,True
2540.1,19257,120,6880.73,True
2540.1,19317,120,6917.93,True
2540.1,19473,120,6929.34,True
2540.1,19490,120,6922.46,True
2540.1,19529,120,6937.26,True
2540.1,19539,120,6887.07,True
2540.1,19608,120,6812.01,True
2540.1,19640,120,6862.19,True
2540.1,19641,120,6848.58,True
2540.1,19653,120,6904.17,True
2540.1,22322,10113,20.17,False
2545.1,14402,1220000201,68.21,True
2545.1,14424,1220000201,61.75,True
2545.1,14541,1220000201,78.55,True
2545.1,15086,1,84.69,False
2545.1,15809,1220014000,101.32,True
2545.1,18482,120,6939.77,True
2545.1,18741,120,6833.89,True
2545.1,18814,120,6928.94,True
2545.1,18991,120,6954.15,True
2545.1,19055,120,6957.35,True
2545.1,19451,120,6900.7,True
2545.1,21633,10313,5.28,False
2550.1,18002,1,125.31,False
2550.1,18318,10267,12.0,False
2550.1,18797,120,6856.88,True
2550.1,18837,120,6957.96,True
2550.1,18859,1220000201,71.73,True
2550.1,19289,1220000201,48.68,True
2550.1,19292,120,6956.75,True
2555.1,11428,1220000201,81.26,True
2555.1,18422,120,6853.61,True
2555.1,18497,1220000201,43.55,True
2555.1,23076,1220000502,308.97,True
2555.1,23079,10113,4.16,False
2560.1,19340,120,6822.69,True
2560.1,23118,10113,2.75,False
2565.1,18582,120,6923.75,True
2565.1,18896,120,6809.28,True
2565.1,19149,120,6847.01,True
2565.1,19471,120,6958.37,True
2565.1,19592,120,6820.98,True
2565.1,19629,120,6858.59,True
2565.1,21995,10034,31.08,False
2565.1,23163,10113,22.68,False
2570.1,19374,120,6952.07,True
2570.1,19551,120,6878.71,True
2570.1,19571,120,6941.02,True
2570.1,20019,1,86.44,False
2570.1,22689,10111,28.94,False
2575.1,19042,120,6816.11,True
2575.1,19266,120,6947.54,True
2575.1,19612,120,6816.96,True
2575.1,19623,120,6828.07,True
2575.1,19790,120,6859.88,True
2580.1,19075,120,6867.43,True
2580.1,19239,120,6830.58,True
2580.1,19433,120,6832.42,True
2580.1,19596,120,6832.31,True
2580.1,19736,120,6957.7,True
2580.1,19744,120,6867.22,True
2580.1,19844,120,6958.27,True
2580.1,19944,120,6920.84,True
2585.1,18330,1,105.81,False
2585.1,19062,120,6912.05,True
2585.1,19576,1,127.75,False
2585.1,19630,120,6830.97,True
2585.1,19684,120,6829.29,True
2585.1,20010,120,6832.92,True
2585.1,20099,120,6794.42,True
2590.1,19285,10111,30.66,False
2590.1,19462,120,6848.86,True
2590.1,19773,120,6952.43,True
2590.1,19876,120,6812.01,True
2590.1,19933,120,6851.84,True
2590.1,19937,120,6945.18,True
2590.1,19979,120,6951.86,True
2590.1,20008,120,6890.84,True
2590.1,20225,120,6813.68,True
2590.1,20228,120,6813.41,True
2595.1,18903,120,6850.8,True
2595.1,19012,120,6940.92,True
2595.1,19636,120,6821.18,True
2595.1,19732,120,6904.55,True
2595.1,19843,120,6944.91,True
2595.1,19875,120,6953.05,True
2595.1,19949,1,136.86,False
2595.1,19957,120,6815.66,True
2595.1,19997,120,6921.74,True
2595.1,20006,1,100.54,False
2595.1,20188,120,6867.9,True
2600.1,19479,120,6812.21,True
2600.1,19772,120,6957.21,True
2600.1,19886,120,6872.7,True
2600.1,19940,120,6813.21,True
2600.1,20083,120,6838.6,True
2600.1,21074,10266,14.69,False
2605.1,19601,120,6873.05,True
2605.1,19719,120,6921.36,True
2605.1,19780,120,6833.65,True
2605.1,19817,120,6846.98,True
2610.1,19188,120,6935.64,True
2610.1,19284,120,6867.02,True
2610.1,20345,1,117.69,False
2615.1,18241,1,118.29,False
2615.1,19694,120,6904.3,True
2615.1,19920,120,6822.11,True
2615.1,20279,120,6909.73,True
2620.1,18299,120,6818.14,True
2620.1,19896,120,6825.07,True
2620.1,19975,120,6901.79,True
2620.1,20201,120,6818.28,True
2620.1,20455,120,6806.25,True
2625.1,19520,120,6801.05,True
2625.1,20065,120,6901.62,True
2625.1,20371,120,6814.96,True
2630.1,19418,120,6931.3,True
2630.1,20422,120,6890.97,True
2635.1,15549,120,6943.5,True
2635.1,19657,120,6940.57,True
2635.1,19741,120,6947.78,True
2635.1,20058,120,6904.29,True
2635.1,20347,120,6892.9,True
2635.1,20391,120,6870.62,True
2635.1,20404,120,6870.02,True
2635.1,20448,120,6857.95,True
2635.1,20485,120,6821.68,True
2635.1,22453,1,69.39,False
2635.1,22877,1,104.07,False
2640.1,16322,10607,12.25,False
2640.1,17865,1,135.57,False
2640.1,19663,120,6874.27,True
2640.1,20338,120,6908.59,True
2640.1,20368,120,6942.82,True
2645.1,15467,1,62.63,False
2645.1,20180,120,6792.07,True
2645.1,20213,120,6953.17,True
2645.1,20405,120,6846.42,True
2645.1,20426,120,6900.34,True
2645.1,20547,120,6901.76,True
2645.1,20579,120,6939.02,True
2650.1,16914,327,57.35,True
2650.1,17705,10313,5.12,False
2650.1,19807,120,6844.41,True
2650.1,20050,120,6867.35,True
2650.1,20308,120,6893.39,True
2650.1,20320,120,6854.27,True
2650.1,20599,1220013700,211.62,False
2650.1,20622,120,6940.5,True
2655.1,18819,120,6924.7,True
2655.1,19998,120,6908.17,True
2655.1,20501,120,6884.19,True
2655.1,20538,120,6857.57,True
2655.1,20543,120,6888.85,True
2655.1,20640,120,6832.1,True
2655.1,20715,120,6794.48,True
2655.1,20787,120,6922.22,True
2660.1,20018,120,6820.83,True
2660.1,20152,120,6930.41,True
2660.1,20289,120,6824.55,True
2660.1,20382,120,6922.04,True
2660.1,20521,120,6912.18,True
2660.1,20540,120,6950.95,True
2660.1,20609,120,6863.17,True
2660.1,20614,120,6853.83,True
2660.1,21710,10313,2.77,False
2665.1,20563,120,6899.5,True
2665.1,21702,1220014000,101.76,True
2670.1,19312,120,6832.46,True
2670.1,19945,120,6865.12,True
2670.1,20454,120,6857.1,True
2670.1,20461,120,6812.64,True
2670.1,20555,120,6923.81,True
2670.1,20623,120,6856.5,True
2670.1,20667,120,6813.88,True
2670.1,20717,120,6890.63,True
2670.1,22568,10313,6.62,False
2670.1,23656,10111,20.48,False
2675.1,19229,120,6820.89,True
2675.1,19972,120,6837.08,True
2675.1,20115,120,6917.77,True
2675.1,20312,120,6865.09,True
2675.1,20408,120,6881.99,True
2675.1,20433,120,6841.08,True
2675.1,20657,120,6846.17,True
2675.1,20677,120,6912.56,True
2675.1,20767,120,6813.67,True
2675.1,20798,120,6874.18,True
2675.1,20904,120,6905.45,True
2675.1,20906,120,6946.57,True
2675.1,20983,120,6881.43,True
2675.1,21025,120,6939.77,True
2675.1,22720,10313,10.62,False
2680.1,19810,120,6947.83,True
2680.1,20701,120,6788.0,True
2680.1,20851,120,6913.54,True
2680.1,20921,120,6828.21,True
2680.1,21194,120,6860.96,True
2685.1,13993,1,123.4,False
2685.1,18575,1220014000,102.29,True
2685.1,20564,120,6843.48,True
2685.1,20750,120,6958.15,True
2685.1,23432,10313,2.2,False
2690.1,16429,1220014000,98.87,True
2690.1,17594,1,105.11,False
2690.1,19890,120,6885.9,True
2690.1,20339,1,86.74,False
2690.1,24048,10113,9.64,False
2695.1,16798,1220000201,68.5,True
2695.1,16986,1220014000,99.66,True
2695.1,20280,120,6870.42,True
2695.1,20574,120,6879.21,True
2695.1,20659,1220000201,78.82,True
2695.1,20668,120,6920.2,True
2695.1,20737,120,6879.57,True
2695.1,21115,120,6880.94,True
2695.1,21942,10267,0.34,False
2695.1,24264,1220000502,321.78,True
2695.1,24361,1220000502,323.48,True
2700.1,17394,1,135.5,False
2700.1,18734,10267,7.13,False
2700.1,18900,1,87.09,False
2700.1,20087,1,113.36,False
2700.1,20473,120,6899.15,True
2700.1,20809,120,6876.94,True
2705.1,18932,120,6907.16,True
2705.1,19213,120,6797.77,True
2705.1,19861,120,6825.28,True
2705.1,20243,120,6839.62,True
2705.1,20319,120,6874.17,True
2705.1,20585,120,6867.2,True
2705.1,20889,120,6830.46,True
2705.1,21096,120,6928.04,True
2705.1,21714,1210009403,95.2,True
2705.1,24489,1220000502,314.21,True
2710.1,12809,10267,9.95,False
2710.1,19837,120,6839.04,True
2710.1,20656,120,6939.24,True
2710.1,20910,120,6933.33,True
2710.1,20940,120,6866.74,True
2710.1,20971,120,6915.56,True
2710.1,20986,120,6955.77,True
2710.1,21155,120,6885.45,True
2710.1,24500,10113,21.97,False
2715.1,21354,120,6853.67,True
2715.1,21410,120,6845.74,True
2720.1,20445,120,6839.82,True
2720.1,20639,120,6835.74,True
2720.1,20964,120,6914.13,True
2720.1,21121,120,6937.67,True
2725.1,19728,120,6784.81,True
2725.1,20525,120,6856.5,True
2725.1,20961,120,6901.25,True
2725.1,21398,120,6803.0,True
2725.1,24675,1220000502,314.47,True
2730.1,20834,120,6897.93,True
2730.1,20872,120,6915.93,True
2735.1,19256,120,6897.97,True
2735.1,19904,120,6935.92,True
2735.1,20522,120,6946.0,True
2735.1,20735,120,6913.79,True
2735.1,20815,120,6811.72,True
2735.1,20871,120,6820.67,True
2735.1,20888,120,6873.14,True
2735.1,20893,120,6821.72,True
2735.1,20923,120,6819.05,True
2735.1,20982,120,6918.21,True
2735.1,21130,120,6881.96,True
2735.1,21336,120,6846.05,True
2740.1,19333,120,6848.57,True
2740.1,20697,120,6865.36,True
2740.1,20731,120,6880.6,True
2740.1,20958,120,6813.26,True
2740.1,21008,120,6846.0,True
2740.1,21017,120,6905.3,True
2740.1,21043,120,6827.72,True
2740.1,21135,120,6906.05,True
2740.1,21153,120,6931.59,True
2740.1,21249,120,6939.06,True
2740.1,21456,120,6943.13,True
2740.1,21491,120,6809.83,True
2745.1,19704,120,6913.93,True
2745.1,20400,120,6881.54,True
2745.1,20864,120,6843.17,True
2745.1,20970,120,6843.9,True
2745.1,20974,120,6953.13,True
2745.1,21048,120,6828.82,True
2745.1,21073,120,6923.28,True
2745.1,21167,120,6848.44,True
2745.1,21185,120,6911.38,True
2745.1,21260,120,6919.49,True
2745.1,21322,120,6884.43,True
2745.1,21376,120,6806.9,True
2745.1,21530,120,6787.56,True
2750.1,19139,120,6843.84,True
2750.1,20394,120,6885.21,True
2750.1,20570,120,6862.98,True
2750.1,20759,120,6896.01,True
2750.1,21086,120,6822.03,True
2750.1,21179,120,6956.76,True
2750.1,21219,120,6928.2,True
2750.1,21289,120,6860.37,True
2750.1,21404,10267,17.66,False
2750.1,21429,120,6826.86,True
2750.1,21548,120,6858.73,True
2750.1,21631,120,6958.89,True
2750.1,24908,1220000502,312.01,True
2755.1,20104,120,6835.64,True
2755.1,20686,120,6841.68,True
2755.1,20696,120,6844.21,True
2755.1,20913,120,6940.69,True
2755.1,21100,120,6955.67,True
2755.1,21202,120,6934.39,True
2755.1,21458,120,6795.6,True
2755.1,21755,120,6886.53,True
2760.1,20847,120,6875.07,True
2760.1,20892,120,6844.24,True
2760.1,20911,120,6903.29,True
2760.1,21001,120,6874.07,True
2760.1,21056,120,6865.87,True
2760.1,21183,120,6835.4,True
2760.1,21228,120,6956.9,True
2760.1,21245,120,6956.13,True
2760.1,21444,120,6934.84,True
2760.1,21562,120,6912.37,True
2760.1,21682,120,6817.69,True
2760.1,21817,120,6888.4,True
2760.1,21886,120,6809.26,True
2760.1,22052,120,6800.19,True
2765.1,20028,120,6906.29,True
2765.1,21210,120,6900.32,True
2765.1,21308,120,6830.96,True
2765.1,21546,120,6810.99,True
2765.1,21809,120,6887.79,True
2765.1,21984,120,6864.89,True
2765.1,22014,120,6943.57,True
2765.1,25034,10113,20.07,False
2770.1,15672,1220000201,27.01,True
2770.1,21331,120,6873.88,True
2770.1,21359,120,6944.03,True
2770.1,21415,120,6860.95,True
2770.1,21453,120,6858.1,True
2770.1,21476,120,6898.07,True
2770.1,21500,120,6905.08,True
2770.1,21629,120,6877.87,True
2770.1,21723,120,6906.59,True
2770.1,22034,120,6934.66,True
2770.1,22043,120,6888.83,True
2775.1,20945,120,6828.82,True
2775.1,21023,120,6929.49,True
2775.1,21807,1,66.92,False
2775.1,22098,120,6805.16,True
2775.1,25097,10113,13.74,False
2780.1,16384,1220000402,130.62,True
2780.1,21536,120,6863.29,True
2780.1,21571,120,6806.72,True
2780.1,21754,120,6935.77,True
2780.1,22035,120,6897.47,True
2785.1,20496,120,6862.08,True
2785.1,21532,120,6835.82,True
2785.1,21554,120,6900.77,True
2785.1,21941,120,6876.39,True
2785.1,22044,1,115.85,False
2785.1,22049,120,6823.86,True
2785.1,23033,1,61.88,False
2790.1,9945,1,93.14,False
2790.1,20636,120,6949.88,True
2790.1,21402,120,6925.11,True
2790.1,21457,120,6845.72,True
2790.1,21483,120,6889.79,True
2790.1,21711,120,6957.25,True
2790.1,21796,120,6900.84,True
2790.1,21836,120,6881.91,True
2790.1,21904,120,6856.0,True
2790.1,24448,1,139.52,False
2795.1,20460,120,6939.07,True
2795.1,21765,120,6850.17,True
2795.1,21791,120,6888.57,True
2795.1,21838,120,6873.32,True
2795.1,21929,120,6810.97,True
2795.1,22261,120,6853.63,True
2800.1,9935,381,74.5,False
2800.1,16432,327,130.05,True
2805.1,21291,10111,31.76,False
2805.1,21647,120,6894.03,True
2805.1,21882,120,6847.35,True
2805.1,21915,120,6843.07,True
2805.1,21992,120,6805.49,True
2805.1,22102,120,6897.86,True
2805.1,22124,120,6956.25,True
2805.1,22126,120,6855.05,True
2805.1,22271,120,6802.46,True
2810.1,13852,120,6942.26,True
2810.1,21156,120,6861.76,True
2810.1,21400,120,6811.8,True
2810.1,21804,120,6813.4,True
2810.1,21866,120,6873.34,True
2810.1,21909,120,6835.91,True
2810.1,21951,120,6909.51,True
2810.1,22007,120,6950.56,True
2810.1,22069,120,6847.51,True
2810.1,22117,1,81.77,False
2810.1,22139,120,6827.63,True
2810.1,22385,120,6890.06,True
2810.1,23691,1220007501,145.51,True
2815.1,17056,1,91.58,False
2815.1,21773,120,6917.65,True
2815.1,21899,120,6837.87,True
2815.1,22170,120,6924.23,True
2815.1,23943,1220007501,139.02,True
2820.1,21812,120,6802.16,True
2820.1,22000,120,6945.39,True
2825.1,22363,120,6817.37,True
2825.1,24205,10313,11.15,False
2825.1,24522,1220007501,132.73,True
2830.1,22113,120,6842.38,True
2830.1,22249,120,6916.04,True
2830.1,22316,120,6802.9,True
2830.1,22340,120,6847.15,True
2830.1,24940,10313,3.57,False
2830.1,25083,1220007501,137.59,True
2835.1,19568,1,129.4,False
2835.1,20089,1,110.13,False
2835.1,22268,120,6832.43,True
2835.1,23241,10589,8.19,False
2840.1,17862,1,98.87,False
2840.1,21261,120,6868.27,True
2840.1,22077,120,6836.08,True
2840.1,22094,120,6801.56,True
2840.1,23564,10410,6.59,False
2840.1,25266,1220000502,324.78,True
2845.1,17804,1220000201,78.01,True
2845.1,17967,1220000201,67.65,True
2845.1,18802,327,54.27,True
2845.1,19218,1,133.35,False
2845.1,19546,10267,0.04,False
2845.1,22001,120,6869.53,True
2845.1,22022,120,6900.57,True
2845.1,22074,120,6916.92,True
2845.1,22099,1,104.65,False
2845.1,22118,120,6826.81,True
2845.1,22254,120,6948.96,True
2845.1,25554,10113,19.7,False
2845.1,25631,1220000502,313.76,True
2850.1,15939,1220000201,55.11,True
2850.1,17872,120,6914.19,True
2850.1,18534,1220000201,83.55,True
2850.1,19130,327,77.45,True
2850.1,20292,327,123.79,True
2850.1,21912,120,6924.52,True
2850.1,21936,120,6813.93,True
2850.1,22294,120,6824.4,True
2850.1,22298,120,6837.49,True
2850.1,22402,120,6865.69,True
2850.1,22407,120,6905.2,True
2850.1,22420,120,6796.72,True
2850.1,22466,120,6953.17,True
2850.1,24082,10410,1.49,False
2855.1,21144,120,6865.27,True
2855.1,21640,120,6896.95,True
2855.1,21672,120,6884.55,True
2855.1,22036,120,6816.29,True
2855.1,22242,120,6869.97,True
2855.1,22255,120,6825.61,True
2855.1,22662,120,6820.5,True
2860.1,17685,10111,14.24,False
2860.1,21855,120,6942.82,True
2860.1,22227,120,6899.09,True
2860.1,22359,120,6863.78,True
2860.1,22495,120,6950.91,True
2860.1,22553,120,6877.22,True
2860.1,22580,120,6901.43,True
2860.1,22638,120,6941.58,True
2860.1,23852,10267,22.71,False
2865.1,21182,120,6911.01,True
2865.1,21898,120,6933.7,True
2865.1,21991,120,6896.23,True
2865.1,22143,120,6852.56,True
2865.1,22236,120,6939.85,True
2865.1,22348,120,6923.94,True
2865.1,22421,120,6887.34,True
2865.1,22435,120,6891.09,True
2865.1,22455,120,6874.63,True
2865.1,22835,120,6852.15,True
2870.1,22554,120,6847.51,True
2870.1,22629,120,6925.18,True
2875.1,21319,120,6853.45,True
2875.1,21830,120,6900.96,True
2875.1,22189,120,6956.86,True
2875.1,22394,120,6953.87,True
2875.1,22607,120,6863.06,True
2875.1,22848,120,6892.74,True
2875.1,22864,120,6903.57,True
2875.1,23052,120,6882.8,True
2880.1,21385,120,6809.68,True
2880.1,22456,120,6955.74,True
2880.1,23155,120,6900.07,True
2885.1,21104,120,6929.2,True
2885.1,22328,120,6879.67,True
2890.1,19902,1,130.23,False
2890.1,21416,120,6867.73,True
2890.1,22018,120,6900.6,True
2890.1,22111,120,6944.05,True
2890.1,22591,120,6872.48,True
2890.1,22648,120,6842.47,True
2890.1,22695,120,6880.52,True
2890.1,22733,120,6908.05,True
2890.1,22840,10266,20.62,False
2890.1,22863,10267,18.47,False
2890.1,22907,120,6865.7,True
2890.1,22944,120,6916.99,True
2890.1,23263,120,6903.54,True
2895.1,22278,1,114.41,False
2895.1,22296,120,6906.67,True
2895.1,22736,120,6821.87,True
2895.1,22774,120,6933.52,True
2895.1,22998,120,6812.43,True
2895.1,23000,120,6947.72,True
2895.1,23177,120,6891.42,True
2895.1,23362,1220000402,134.57,True
2900.1,22267,120,6866.18,True
2900.1,22538,120,6922.62,True
2900.1,22589,1,135.16,False
2900.1,22654,120,6957.54,True
2900.1,22669,120,6886.93,True
2900.1,22739,120,6857.55,True
2900.1,22818,120,6823.57,True
2905.1,21733,120,6859.98,True
2905.1,22008,120,6904.0,True
2905.1,22497,120,6810.47,True
2905.1,22712,120,6897.86,True
2905.1,22738,120,6950.8,True
2905.1,22793,120,6842.52,True
2905.1,22814,120,6833.7,True
2905.1,22821,120,6846.14,True
2905.1,22878,120,6926.58,True
2905.1,22910,120,6885.57,True
2905.1,23013,120,6863.89,True
2905.1,26253,1220000502,324.2,True
2910.1,22423,120,6941.15,True
2910.1,22820,120,6919.73,True
2910.1,22939,120,6940.4,True
2910.1,22983,120,6801.03,True
2910.1,23016,120,6906.44,True
2910.1,23019,120,6835.83,True
2910.1,23073,120,6793.59,True
2910.1,23123,120,6858.04,True
2910.1,23214,120,6953.88,True
2910.1,23345,120,6947.04,True
2915.1,22584,120,6820.7,True
2915.1,22610,120,6853.57,True
2915.1,22686,120,6875.22,True
2915.1,22876,120,6877.03,True
2915.1,23127,120,6894.13,True
2915.1,23259,120,6842.81,True
2920.1,11783,1220007501,112.15,True
2920.1,22276,120,6949.09,True
2920.1,22735,120,6940.76,True
2920.1,22744,120,6944.31,True
2920.1,22986,120,6904.73,True
2920.1,23048,120,6902.49,True
2925.1,22811,120,6842.56,True
2925.1,23044,120,6917.42,True
2925.1,23188,120,6850.84,True
2925.1,23396,120,6817.41,True
2930.1,22433,120,6887.59,True
2930.1,22552,120,6817.11,True
2930.1,22680,120,6928.08,True
2930.1,22798,120,6934.1,True
2930.1,22906,120,6898.62,True
2930.1,23137,120,6950.09,True
2930.1,23370,120,6930.83,True
2935.1,22617,120,6942.64,True
2935.1,22711,120,6855.57,True
2935.1,22773,120,6833.22,True
2935.1,23012,120,6794.14,True
2935.1,23041,120,6932.15,True
2935.1,23067,120,6908.8,True
2935.1,23120,120,6888.27,True
2935.1,23213,120,6885.21,True
2935.1,23232,120,6890.25,True
2935.1,23243,120,6831.51,True
2935.1,23247,120,6923.08,True
2935.1,23308,120,6897.04,True
2935.1,23452,1,102.87,False
2935.1,23541,120,6862.9,True
2935.1,23726,120,6829.22,True
2935.1,25154,1,76.38,False
2940.1,18470,10607,7.09,False
2940.1,21227,120,6934.98,True
2940.1,21342,120,6949.2,True
2940.1,22675,120,6938.19,True
2940.1,22850,120,6896.69,True
2940.1,23225,120,6905.64,True
2940.1,23381,120,6894.26,True
2940.1,23621,120,6874.13,True
2945.1,23031,120,6882.77,True
2945.1,23277,120,6910.99,True
2945.1,23314,120,6829.33,True
2945.1,23458,120,6883.05,True
2945.1,23747,120,6843.91,True
2950.1,16310,10607,12.4,False
2950.1,22138,120,6914.95,True
2950.1,23112,120,6814.59,True
2950.1,23265,120,6951.18,True
2950.1,23325,120,6791.52,True
2950.1,23429,120,6911.24,True
2950.1,23467,120,6947.49,True
2950.1,23588,120,6896.73,True
2955.1,19528,327,57.99,True
2955.1,23269,10607,11.18,False
2955.1,23644,120,6955.43,True
2955.1,23730,120,6870.47,True
2955.1,25247,10313,6.82,False
2960.1,22668,120,6952.11,True
2960.1,22940,10607,14.07,False
2960.1,23392,120,6890.81,True
2960.1,23645,120,6873.61,True
2960.1,23768,120,6839.36,True
2960.1,23789,120,6938.33,True
2960.1,23795,120,6914.64,True
2965.1,22862,10410,2.47,False
2965.1,23365,120,6957.17,True
2965.1,24218,120,6933.96,True
2970.1,19700,1220014000,93.2,True
2970.1,21766,120,6925.31,True
2970.1,23176,120,6928.17,True
2970.1,23447,120,6890.62,True
2970.1,23675,120,6947.11,True
2970.1,24116,120,6906.7,True
2975.1,22960,120,6956.42,True
2975.1,23513,120,6807.02,True
2975.1,23606,120,6902.13,True
2975.1,23659,120,6844.01,True
2975.1,23888,120,6874.39,True
2980.1,23192,120,6924.04,True
2980.1,23580,120,6945.72,True
2980.1,23689,120,6893.72,True
2980.1,23693,120,6820.4,True
2980.1,23770,120,6905.01,True
2985.1,12085,1220014000,95.63,True
2985.1,23082,120,6937.32,True
2985.1,23424,120,6897.97,True
2985.1,23456,120,6841.66,True
2985.1,23665,120,6900.83,True
2985.1,23716,120,6933.99,True
2985.1,23745,120,6890.09,True
2990.1,7576,1,110.58,False
2990.1,14713,44,66.36,False
2990.1,19136,1,85.74,False
2990.1,23736,120,6933.42,True
2990.1,23896,120,6909.72,True
2990.1,24061,120,6855.76,True
2990.1,26800,1220000502,313.35,True
2990.1,26927,1220000502,310.61,True
2995.1,19755,1,117.67,False
2995.1,23322,1220000201,77.55,True
2995.1,23677,1220000201,68.77,True
2995.1,23706,120,6865.52,True
2995.1,23807,120,6813.7,True
2995.1,23836,1220000201,61.89,True
2995.1,23954,120,6871.9,True
2995.1,24959,10267,2.05,False
2995.1,26309,1220014000,100.82,True
3000.1,13949,1220000201,75.32,True
3000.1,17679,1,117.8,False
3000.1,18531,1220000201,44.17,True
3000.1,22595,1220000201,58.06,True
3000.1,23935,120,6818.02,True
3000.1,23955,120,6894.02,True
3000.1,24040,120,6855.51,True
3000.1,24063,120,6942.86,True
3000.1,24083,120,6827.15,True
3000.1,24101,120,6814.33,True
3000.1,24288,120,6844.64,True
3000.1,27119,1220000502,313.07,True
3005.1,17622,1220000201,67.05,True
3005.1,18671,1,119.86,False
3005.1,23482,10266,19.65,False
3005.1,23776,120,6814.83,True
3005.1,23845,120,6802.13,True
3005.1,23853,120,6943.42,True
3005.1,23893,120,6814.91,True
3005.1,23922,120,6886.33,True
3010.1,23738,120,6882.12,True
3010.1,23869,120,6931.42,True
3010.1,23910,120,6934.54,True
3010.1,23944,120,6870.27,True
3010.1,25570,10313,7.71,False
3015.1,16111,1220000201,27.77,True
3015.1,23022,120,6946.17,True
3015.1,23586,120,6817.21,True
3015.1,23618,120,6881.49,True
3015.1,23631,120,6927.21,True
3015.1,24008,120,6846.11,True
3015.1,24009,120,6926.54,True
3015.1,24042,120,6891.1,True
3015.1,24144,10266,20.4,False
3015.1,25415,10313,10.37,False
3020.1,22311,120,6848.74,True
3020.1,23529,1220000201,52.94,True
3020.1,24034,120,6801.92,True
3020.1,24073,120,6862.81,True
3020.1,24182,120,6811.89,True
3025.1,22243,120,6873.62,True
3025.1,22701,1,136.52,False
3025.1,23562,120,6828.2,True
3025.1,24062,120,6877.14,True
3025.1,24227,120,6832.55,True
3025.1,25796,10313,8.94,False
3030.1,22408,120,6863.23,True
3030.1,23980,120,6955.86,True
3035.1,20942,10113,6.83,False
3035.1,23802,10614,4.0,True
3035.1,24044,120,6906.78,True
3035.1,24200,120,6888.47,True
3035.1,24243,120,6835.1,True
3035.1,24342,120,6849.6,True
3035.1,24490,120,6808.56,True
3035.1,26183,10313,4.62,False
3040.1,22349,120,6865.9,True
3040.1,23754,120,6897.63,True
3040.1,24001,120,6902.55,True
3040.1,24024,120,6940.45,True
3040.1,24071,120,6899.38,True
3040.1,24134,120,6890.81,True
3040.1,24141,120,6961.19,True
3040.1,24163,120,6819.23,True
3040.1,24189,120,6851.83,True
3040.1,24249,120,6863.72,True
3040.1,24433,120,6924.32,True
3045.1,16903,10113,17.24,False
3045.1,22368,120,6947.21,True
3045.1,23703,120,6877.67,True
3045.1,23996,120,6847.44,True
3045.1,24159,120,6771.27,True
3045.1,24310,120,6913.15,True
3045.1,24345,10267,8.84,False
3045.1,24438,1,93.83,False
3045.1,24582,120,6888.34,True
3050.1,24331,120,6951.33,True
3050.1,24378,120,6819.62,True
3050.1,24419,10113,11.82,False
3050.1,27142,10111,2.06,False
3055.1,23011,120,6939.96,True
3055.1,23615,10607,20.18,False
3055.1,23731,120,6881.34,True
3055.1,24172,120,6842.29,True
3055.1,24206,120,6945.16,True
3055.1,24216,120,6858.92,True
3055.1,24327,120,6820.91,True
3055.1,24482,120,6896.86,True
3055.1,24716,120,6811.66,True
3055.1,26809,1220011503,222.11,True
3055.1,27168,10111,1.4,False
3060.1,23771,120,6943.79,True
3060.1,24133,120,6802.47,True
3060.1,24244,120,6945.22,True
3060.1,24258,120,6863.56,True
3060.1,24374,120,6930.32,True
3060.1,24699,120,6902.03,True
3065.1,23557,120,6940.46,True
3065.1,24328,120,6895.21,True
3065.1,24523,120,6839.34,True
3065.1,24599,120,6802.54,True
3065.1,27683,10113,4.71,False
3070.1,24175,120,6811.03,True
3070.1,24201,120,6933.63,True
3070.1,24202,120,6802.88,True
3070.1,24434,120,6845.59,True
3070.1,24465,120,6840.27,True
3070.1,24466,120,6928.47,True
3070.1,24485,120,6928.79,True
3070.1,24506,120,6935.11,True
3070.1,24558,120,6907.92,True
3070.1,24796,120,6883.23,True
3070.1,24806,120,6827.11,True
3075.1,22955,1220007501,113.8,True
3075.1,24402,120,6943.39,True
3075.1,24526,120,6859.07,True
3075.1,24583,120,6812.35,True
3075.1,27750,10113,6.33,False
3080.1,23065,120,6851.77,True
3080.1,23427,120,6829.94,True
3080.1,24059,120,6808.12,True
3085.1,23524,120,6858.14,True
3085.1,24424,120,6821.87,True
3085.1,24455,120,6858.51,True
3085.1,24646,120,6892.37,True
3085.1,24664,120,6856.21,True
3085.1,24773,120,6812.14,True
3085.1,24802,120,6931.99,True
3085.1,24920,120,6928.97,True
3085.1,24972,120,6818.85,True
3085.1,25060,120,6894.22,True
3085.1,26282,1,52.76,False
3090.1,20005,10111,14.76,False
3090.1,24380,120,6910.75,True
3090.1,24637,120,6927.39,True
3090.1,24643,120,6804.51,True
3090.1,24681,120,6819.25,True
3095.1,17837,10589,21.47,False
3095.1,24283,120,6927.41,True
3095.1,24299,120,6916.78,True
3095.1,24351,120,6905.13,True
3095.1,24508,120,6837.13,True
3095.1,24655,120,6940.42,True
3095.1,24673,120,6935.8,True
3095.1,24753,120,6893.9,True
3100.1,20745,327,22.79,True
3100.1,24936,120,6941.41,True
3105.1,24233,120,6905.37,True
3105.1,24341,120,6822.13,True
3105.1,24452,120,6866.02,True
3105.1,24492,120,6949.03,True
3105.1,24862,120,6826.93,True
3110.1,23169,120,6917.37,True
3110.1,23357,120,6947.11,True
3110.1,24037,120,6919.27,True
3110.1,24647,120,6898.24,True
3110.1,24731,120,6950.33,True
3110.1,24818,120,6881.77,True
3110.1,24893,120,6959.81,True
3110.1,25223,120,6834.66,True
3115.1,24256,120,6932.28,True
3115.1,24325,120,6798.57,True
3115.1,24741,120,6947.89,True
3115.1,24797,120,6906.42,True
3120.1,24777,120,6844.55,True
3120.1,25669,10410,6.4,False
3125.1,24089,120,6813.27,True
3125.1,24625,120,6841.25,True
3125.1,24998,120,6803.18,True
3125.1,25089,120,6815.15,True
3125.1,25423,1220014000,98.04,True
3130.1,23903,120,6855.84,True
3135.1,16850,1,95.23,False
3135.1,22718,1220014000,97.11,True
3135.1,24054,120,6929.47,True
3135.1,24337,120,6926.37,True
3135.1,24782,1,128.1,False
3135.1,24853,120,6945.59,True
3135.1,25037,120,6886.15,True
3135.1,25311,120,6892.81,True
3135.1,25353,120,6846.68,True
3135.1,26599,1220007501,133.29,True
3140.1,24099,120,6861.64,True
3140.1,24930,120,6804.95,True
3140.1,28111,10113,2.67,False
3145.1,14680,1220000201,61.18,True
3145.1,18974,1220000201,68.05,True
3145.1,22927,1,126.82,False
3145.1,24445,120,6834.04,True
3145.1,24885,120,6854.71,True
3145.1,25078,120,6913.7,True
3145.1,25173,120,6873.95,True
3145.1,25204,120,6820.23,True
3145.1,25254,120,6839.92,True
3145.1,25294,1220000201,78.78,True
3145.1,25345,120,6887.44,True
3145.1,25368,120,6801.84,True
3145.1,26988,10313,1.68,False
3150.1,14224,1,110.57,False
3150.1,17963,1220000201,55.71,True
3150.1,20960,1220000201,70.0,True
3150.1,22078,1,91.6,False
3150.1,24751,120,6838.15,True
3150.1,24927,120,6925.96,True
3150.1,25108,120,6932.39,True
3150.1,25245,120,6843.04,True
3150.1,25322,120,6818.84,True
3150.1,26228,10267,11.23,False
3150.1,26838,10266,21.79,False
3150.1,27388,10313,3.71,False
3150.1,28525,1220000502,310.83,True
3155.1,18783,1220000201,87.18,True
3155.1,20741,1220000201,52.02,True
3155.1,22473,10267,15.6,False
3155.1,24041,120,6944.28,True
3155.1,24057,1,115.01,False
3155.1,24758,120,6897.53,True
3155.1,24964,120,6821.59,True
3155.1,25016,120,6919.85,True
3155.1,25333,120,6883.11,True
3160.1,23930,120,6789.74,True
3160.1,24801,120,6843.43,True
3160.1,24860,120,6928.7,True
3160.1,24985,120,6843.71,True
3160.1,25014,120,6896.16,True
3160.1,25036,120,6935.23,True
3160.1,25038,120,6928.83,True
3160.1,25208,120,6870.18,True
3160.1,25430,120,6806.45,True
3160.1,25604,1220000201,42.64,True
3160.1,25725,120,6901.76,True
3160.1,26012,120,6834.46,True
3165.1,12700,1220000201,24.67,True
3165.1,14742,1220000201,32.16,True
3165.1,25024,120,6808.99,True
3165.1,25534,120,6958.05,True
3165.1,28625,10113,13.97,False
3170.1,23881,120,6935.94,True
3170.1,24007,120,6922.34,True
3170.1,24769,1,102.1,False
3170.1,25461,120,6850.6,True
3170.1,25700,1220012502,225.76,True
3175.1,19703,10111,27.78,False
3175.1,24931,120,6918.32,True
3175.1,25485,120,6959.2,True
3175.1,27414,10034,31.09,False
3180.1,24239,120,6814.69,True
3180.1,24278,120,6887.39,True
3180.1,24555,120,6859.83,True
3180.1,25162,120,6888.49,True
3180.1,25229,120,6850.61,True
3180.1,25241,120,6895.13,True
3180.1,25334,120,6927.16,True
3180.1,25555,120,6812.51,True
3180.1,25587,120,6852.21,True
3180.1,25593,1220000201,14.48,True
3180.1,25736,1,115.74,False
3185.1,23963,120,6902.94,True
3185.1,24663,120,6908.48,True
3185.1,25012,120,6951.58,True
3185.1,25184,120,6935.42,True
3185.1,25239,120,6894.2,True
3185.1,25532,120,6870.36,True
3185.1,25576,1210009403,95.94,True
3185.1,25605,120,6948.74,True
3185.1,25630,120,6923.68,True
3185.1,25671,120,6901.1,True
3185.1,25718,120,6941.02,True
3190.1,25610,10266,15.37,False
3190.1,25633,10267,4.28,False
3195.1,21242,10111,13.28,False
3195.1,24552,120,6845.5,True
3195.1,25318,120,6820.81,True
3195.1,25707,120,6813.93,True
3195.1,25865,120,6901.68,True
3200.1,25277,120,6827.08,True
3200.1,25643,120,6905.14,True
3200.1,25729,120,6942.88,True
3200.1,25741,120,6944.62,True
3200.1,25754,120,6863.13,True
3200.1,25757,120,6889.12,True
3200.1,26060,120,6848.67,True
3205.1,24338,1,119.88,False
3205.1,25654,120,6928.34,True
3205.1,25667,120,6831.64,True
3205.1,25694,120,6943.43,True
3205.1,25710,120,6846.82,True
3205.1,25806,120,6913.28,True
3210.1,24563,1,138.86,False
3210.1,25190,120,6917.42,True
3210.1,25437,120,6934.81,True
3210.1,25482,10228,15.26,False
3210.1,25770,120,6874.87,True
3210.1,25789,120,6928.09,True
3210.1,25947,120,6881.52,True
3215.1,25292,120,6953.16,True
3215.1,25512,120,6824.09,True
3215.1,25800,120,6816.64,True
3215.1,29042,1220000502,322.25,True
3220.1,25782,120,6934.74,True
3220.1,25866,120,6841.27,True
3220.1,25903,120,6859.8,True
3220.1,25927,120,6946.23,True
3220.1,26016,120,6932.59,True
3220.1,26037,120,6821.41,True
3225.1,25530,120,6949.61,True
3225.1,25823,120,6935.42,True
3225.1,25894,120,6884.12,True
3230.1,24214,120,6829.72,True
3230.1,25475,120,6943.79,True
3230.1,25722,120,6959.73,True
3230.1,25892,120,6820.2,True
3230.1,25918,120,6782.32,True
3230.1,25960,120,6881.43,True
3230.1,26108,120,6935.25,True
3235.1,25378,120,6958.03,True
3235.1,25409,120,6870.73,True
3235.1,25735,10113,7.18,False
3235.1,25855,120,6892.28,True
3235.1,25908,120,6920.78,True
3235.1,25930,120,6935.34,True
3240.1,24789,120,6942.05,True
3240.1,25367,120,6874.02,True
3240.1,25431,120,6835.47,True
3240.1,25980,120,6952.41,True
3240.1,26308,120,6919.46,True
3240.1,28854,1,102.78,False
3245.1,24104,120,6807.45,True
3245.1,25692,120,6889.96,True
3245.1,25808,1,48.82,False
3245.1,25843,120,6918.47,True
3250.1,24997,120,6924.82,True
3250.1,25445,120,6857.67,True
3250.1,25656,120,6861.21,True
3250.1,25886,120,6934.26,True
3250.1,25899,120,6866.73,True
3250.1,26024,120,6946.23,True
3250.1,26051,120,6901.77,True
3250.1,26095,120,6887.22,True
3250.1,26134,120,6809.59,True
3250.1,26175,120,6808.76,True
3250.1,26214,120,6789.25,True
3250.1,26350,120,6907.17,True
3255.1,25358,120,6916.42,True
3255.1,25872,120,6958.8,True
3255.1,26102,120,6840.41,True
3255.1,26316,120,6940.65,True
3260.1,25734,120,6898.98,True
3260.1,26131,120,6834.85,True
3260.1,26249,120,6883.78,True
3260.1,26339,120,6840.48,True
3265.1,25339,120,6845.82,True
3265.1,26165,120,6949.04,True
3270.1,24165,120,6855.04,True
3270.1,26218,120,6877.94,True
3270.1,26453,120,6841.78,True
3275.1,25881,120,6800.14,True
3275.1,25962,120,6918.19,True
3275.1,25985,120,6838.86,True
3275.1,26001,120,6836.25,True
3275.1,26254,120,6805.49,True
3275.1,28145,10313,3.62,False
3280.1,22624,120,6936.44,True
3280.1,25456,120,6900.43,True
3280.1,25645,120,6910.57,True
3285.1,14265,1,103.88,False
3285.1,23894,10410,2.51,False
3285.1,25325,120,6857.82,True
3285.1,25388,120,6824.11,True
3285.1,25436,120,6818.96,True
3285.1,25938,120,6960.23,True
3285.1,26869,10589,15.25,False
3285.1,28608,10313,11.14,False
3290.1,21508,1220014000,102.14,True
3290.1,25393,120,6875.97,True
3290.1,25987,120,6893.7,True
3290.1,26283,120,6873.51,True
3290.1,26452,120,6927.31,True
3290.1,26506,120,6943.97,True
3290.1,26583,120,6873.78,True
3290.1,26591,120,6842.48,True
3290.1,26598,120,6909.97,True
3290.1,26621,120,6960.78,True
3290.1,26672,120,6817.26,True
3290.1,26698,120,6847.32,True
3290.1,29546,1220000502,307.72,True
3295.1,12850,10410,8.56,False
3295.1,16170,1220000201,74.19,True
3295.1,21856,1210009403,101.05,True
3295.1,25314,120,6869.16,True
3295.1,26205,120,6938.41,True
3295.1,26501,120,6936.77,True
3295.1,26777,120,6864.43,True
3300.1,26386,120,6948.22,True
3300.1,26415,120,6812.12,True
3300.1,26536,120,6849.11,True
3300.1,26602,120,6891.2,True
3300.1,26944,120,6803.61,True
3300.1,28015,10410,5.64,False
3305.1,25916,120,6852.2,True
3305.1,26117,120,6865.48,True
3305.1,26481,120,6824.23,True
3305.1,26521,120,6833.01,True
3305.1,26572,120,6959.27,True
3305.1,26659,120,6923.69,True
3305.1,26823,120,6808.98,True
3305.1,27165,10267,12.78,False
3310.1,25858,120,6831.34,True
3310.1,25963,120,6858.29,True
3310.1,26013,120,6957.29,True
3310.1,26329,120,6866.38,True
3310.1,26588,120,6957.98,True
3310.1,26658,120,6940.82,True
3310.1,26766,120,6928.91,True
3310.1,26898,120,6920.63,True
3315.1,26469,120,6862.0,True
3315.1,26632,120,6924.36,True
3315.1,26945,120,6896.41,True
3320.1,21320,10111,28.43,False
3320.1,25273,120,6897.31,True
3320.1,26062,120,6950.79,True
3320.1,26221,120,6843.5,True
3320.1,26363,120,6841.63,True
3320.1,26575,120,6832.39,True
3320.1,26608,120,6861.8,True
3320.1,26667,120,6914.78,True
3320.1,26725,120,6868.53,True
3320.1,26794,120,6879.54,True
3320.1,26844,120,6824.04,True
3325.1,25845,120,6916.68,True
3325.1,25889,120,6906.52,True
3325.1,26133,120,6819.46,True
3325.1,26287,120,6953.76,True
3325.1,26371,120,6924.83,True
3325.1,26523,120,6816.69,True
3325.1,26539,120,6882.78,True
3325.1,26625,120,6871.61,True
3325.1,26801,120,6944.68,True
3330.1,25926,120,6935.18,True
3330.1,26590,120,6850.24,True
3330.1,26955,120,6811.39,True
3330.1,27292,120,6793.86,True
3335.1,25359,120,6853.74,True
3335.1,25641,120,6934.58,True
3335.1,25786,120,6898.49,True
3335.1,26812,10267,21.88,False
3335.1,28724,10034,31.81,False
3340.1,23877,1220000402,143.74,True
3340.1,25966,1220000201,38.2,True
3340.1,26186,120,6836.42,True
3340.1,26645,120,6935.45,True
3340.1,27125,120,6893.58,True
3345.1,26550,120,6762.78,True
3345.1,26729,120,6950.24,True
3345.1,27159,120,6931.29,True
3345.1,27206,120,6805.0,True
3350.1,16400,1220000402,109.7,True
3350.1,25257,120,6926.48,True
3350.1,25523,1220014000,54.44,True
3350.1,26670,120,6893.39,True
3350.1,27064,10266,18.07,False
3355.1,26473,120,6865.84,True
3355.1,26920,120,6941.57,True
3355.1,30299,10113,14.76,False
3360.1,25297,10111,8.54,False
3360.1,25662,1,123.72,False
3360.1,27363,120,6858.7,True
3365.1,26280,120,6833.07,True
3365.1,26791,120,6900.16,True
3365.1,26934,120,6945.61,True
3365.1,26966,120,6827.08,True
3365.1,26997,120,6822.99,True
3365.1,27137,120,6877.28,True
3365.1,27154,120,6884.49,True
3365.1,27307,120,6919.95,True
3365.1,27343,120,6812.28,True
3370.1,26522,120,6830.81,True
3370.1,26826,120,6947.61,True
3370.1,26913,120,6852.41,True
3370.1,27070,120,6811.55,True
3370.1,27079,120,6854.21,True
3370.1,27211,120,6886.94,True
3370.1,27223,120,6818.0,True
3370.1,27429,120,6870.98,True
3370.1,27433,120,6862.66,True
3370.1,27473,120,6940.7,True
3370.1,27517,120,6906.33,True
3375.1,25499,120,6907.46,True
3375.1,26950,120,6829.09,True
3375.1,27238,381,73.58,False
3375.1,27384,120,6921.66,True
3380.1,14745,127,620.75,True
3380.1,26500,120,6941.2,True
3380.1,27013,120,6864.37,True
3380.1,27135,120,6944.15,True
3380.1,27322,120,6888.22,True
3380.1,27393,120,6831.46,True
3380.1,27605,120,6804.3,True
3380.1,30170,10034,31.48,False
3385.1,26693,120,6950.02,True
3385.1,26704,120,6878.93,True
3385.1,26834,120,6834.16,True
3385.1,27016,120,6896.26,True
3385.1,27271,120,6867.29,True
3385.1,27323,120,6930.01,True
3385.1,27421,120,6914.95,True
3385.1,27523,120,6848.26,True
3385.1,27554,120,6880.87,True
3385.1,27763,120,6960.5,True
3385.1,27785,120,6920.44,True
3385.1,29017,1,105.45,False
3385.1,29406,1,54.56,False
3390.1,25768,120,6895.59,True
3390.1,26505,120,6908.69,True
3390.1,27098,120,6887.98,True
3390.1,27162,120,6866.58,True
3390.1,27573,120,6933.12,True
3395.1,25468,120,6885.91,True
3395.1,27240,120,6848.4,True
3395.1,27445,120,6929.57,True
3400.1,16406,1210009403,46.44,True
3400.1,26951,120,6919.0,True
3400.1,27379,120,6824.18,True
3400.1,27497,120,6865.27,True
3400.1,27500,120,6840.63,True
3405.1,27360,120,6944.44,True
3405.1,27378,120,6810.32,True
3405.1,27484,120,6852.04,True
3405.1,27631,120,6851.62,True
3405.1,27656,120,6906.13,True
3410.1,24707,1,104.72,False
3410.1,24790,381,76.8,False
3410.1,25452,120,6905.5,True
3410.1,26446,120,6826.57,True
3410.1,27008,120,6920.33,True
3410.1,27391,120,6787.7,True
3410.1,27789,120,6859.39,True
3410.1,28512,10313,7.59,False
3415.1,24869,1,49.34,False
3415.1,27285,120,6819.17,True
3415.1,27381,120,6851.44,True
3415.1,27440,120,6864.62,True
3415.1,27479,120,6881.32,True
3415.1,27531,120,6945.68,True
3415.1,27558,120,6921.09,True
3415.1,27564,120,6907.88,True
3415.1,27581,120,6828.97,True
3415.1,27633,120,6951.89,True
3415.1,27696,120,6830.66,True
3415.1,28829,10313,7.42,False
3420.1,27606,120,6947.96,True
3420.1,27640,120,6913.11,True
3420.1,27856,120,6884.44,True
3420.1,27899,120,6920.54,True
3420.1,29342,10313,0.84,False
3420.1,29455,1220007501,131.87,True
3425.1,27695,10111,0.9,False
3425.1,27779,120,6847.97,True
3430.1,26980,120,6804.06,True
3430.1,27349,120,6791.02,True
3430.1,27579,120,6795.04,True
3430.1,29803,10313,5.48,False
3435.1,21558,1,100.97,False
3435.1,23376,1220000402,142.06,True
3435.1,27179,120,6891.77,True
3435.1,27446,120,6871.33,True
3435.1,27597,120,6901.54,True
3435.1,28066,120,6807.49,True
3435.1,29893,1220007501,135.94,True
3440.1,20738,1,140.85,False
3440.1,23889,1,93.67,False
3440.1,28115,120,6924.0,True
3445.1,20586,1,113.97,False
3445.1,21053,1220000201,78.71,True
3445.1,21299,1220000201,68.2,True
3445.1,23464,1,84.46,False
3445.1,25620,1220000201,55.9,True
3445.1,27428,120,6815.34,True
3445.1,27788,120,6853.09,True
3445.1,27878,120,6812.52,True
3445.1,27930,120,6863.72,True
3445.1,27931,120,6931.69,True
3445.1,28189,120,6903.55,True
3445.1,28325,120,6825.38,True
3445.1,30159,10267,2.05,False
3450.1,22395,1220000201,66.06,True
3450.1,27403,120,6904.62,True
3450.1,27550,120,6849.62,True
3450.1,27983,120,6864.66,True
3450.1,28234,120,6886.66,True
3450.1,28778,10410,0.81,False
3455.1,23767,10410,2.8,False
3455.1,25769,120,6897.63,True
3455.1,27448,1,124.41,False
3455.1,27516,120,6832.95,True
3455.1,27528,120,6795.68,True
3455.1,27596,120,6870.91,True
3455.1,27848,120,6859.81,True
3455.1,27937,120,6854.3,True
3455.1,27986,120,6821.4,True
3455.1,28191,120,6820.64,True
3455.1,31232,1220000502,318.53,True
3460.1,23395,1220000201,84.15,True
3460.1,26610,120,6928.57,True
3460.1,27744,120,6945.97,True
3460.1,28038,120,6825.46,True
3460.1,28060,120,6911.4,True
3465.1,27533,120,6902.94,True
3465.1,27892,120,6948.09,True
3465.1,27953,120,6937.25,True
3465.1,28065,10111,21.49,False
3470.1,27512,120,6893.53,True
3470.1,27725,120,6855.86,True
3470.1,28233,120,6814.35,True
3470.1,28557,120,6835.99,True
3475.1,27849,120,6906.9,True
3475.1,27883,1,112.14,False
3475.1,27903,120,6939.17,True
3475.1,28254,120,6901.48,True
3475.1,28458,120,6801.77,True
3480.1,25739,120,6902.3,True
3480.1,27651,120,6886.55,True
3480.1,27686,120,6945.45,True
3480.1,27734,120,6870.4,True
3480.1,27770,120,6812.52,True
3480.1,27915,120,6880.02,True
3480.1,27998,120,6842.58,True
3480.1,28241,120,6849.03,True
3480.1,28261,120,6808.4,True
3480.1,28270,120,6939.44,True
3480.1,28399,120,6920.25,True
3480.1,28405,120,6789.5,True
3480.1,28427,120,6867.6,True
3480.1,28486,120,6779.68,True
3480.1,28533,120,6829.53,True
3480.1,28550,120,6907.47,True
3485.1,27621,120,6855.58,True
3485.1,28202,10267,13.38,False
3485.1,28357,120,6817.76,True
3485.1,28499,120,6929.33,True
3485.1,28552,120,6927.8,True
3485.1,28568,120,6899.16,True
3485.1,28598,120,6936.08,True
3485.1,28692,120,6851.79,True
3485.1,28699,120,6799.67,True
3485.1,28777,120,6884.91,True
3490.1,26597,120,6911.94,True
3490.1,27639,120,6875.89,True
3490.1,28082,120,6940.51,True
3490.1,28274,120,6842.8,True
3490.1,28430,120,6946.55,True
3490.1,28474,120,6902.76,True
3490.1,28477,120,6911.86,True
3490.1,28519,120,6865.14,True
3490.1,28659,120,6764.15,True
3495.1,26181,120,6906.98,True
3495.1,27800,120,6865.04,True
3495.1,28503,120,6914.08,True
3495.1,28521,1,97.02,False
3495.1,28749,120,6826.7,True
3500.1,27736,120,6855.39,True
3500.1,28388,120,6923.67,True
3500.1,31195,10111,19.32,False
3505.1,27407,120,6835.66,True
3505.1,27463,120,6900.68,True
3505.1,28303,120,6886.21,True
3505.1,28730,120,6945.02,True
3510.1,28447,120,6953.95,True
3515.1,26718,120,6904.83,True
3515.1,27663,120,6826.04,True
3515.1,28273,120,6862.4,True
3515.1,28359,120,6862.17,True
3515.1,28435,120,6806.98,True
3515.1,28468,120,6958.6,True
3515.1,28490,120,6873.96,True
3515.1,28514,120,6839.61,True
3515.1,28536,120,6912.72,True
3515.1,28587,120,6828.66,True
3515.1,28679,120,6828.01,True
3515.1,28948,120,6863.95,True
3520.1,28710,120,6908.67,True
3520.1,28810,120,6944.77,True
3520.1,31851,10113,16.6,False
3525.1,27498,120,6895.93,True
3525.1,28418,120,6834.43,True
3525.1,28517,120,6815.71,True
3525.1,28523,120,6807.44,True
3525.1,28581,120,6935.97,True
3530.1,27478,120,6842.85,True
3530.1,28701,120,6928.84,True
3530.1,28956,120,6942.31,True
3535.1,27636,120,6949.01,True
3535.1,28825,120,6892.97,True
3535.1,30544,1,92.29,False
3540.1,27707,120,6888.13,True
3540.1,28309,120,6914.64,True
3540.1,28436,120,6937.6,True
3540.1,28691,120,6829.71,True
3540.1,28700,120,6926.73,True
3540.1,28742,120,6886.64,True
3540.1,28766,120,6815.98,True
3540.1,28782,120,6889.12,True
3540.1,28807,120,6927.5,True
3540.1,28946,1,64.5,False
3540.1,28976,120,6852.48,True
3540.1,28977,120,6855.8,True
3540.1,29001,120,6884.95,True
3540.1,30518,1,137.65,False
3545.1,28543,120,6832.54,True
3545.1,28803,120,6897.11,True
3545.1,28805,120,6933.31,True
3545.1,28872,120,6793.85,True
3545.1,28926,120,6932.94,True
3545.1,29026,120,6833.56,True
3545.1,29070,381,86.26,False
3545.1,29073,120,6793.29,True
3550.1,21284,381,85.45,False
3550.1,24949,1210009403,25.86,True
3550.1,29161,120,6848.29,True
3550.1,29163,120,6823.89,True
3550.1,29263,120,6773.69,True
3555.1,24140,327,56.01,True
3555.1,27506,1220014000,91.5,True
3555.1,28452,120,6860.59,True
3555.1,28457,120,6833.74,True
3555.1,28526,120,6960.42,True
3555.1,28725,120,6887.46,True
3555.1,28848,120,6821.91,True
3555.1,29149,120,6835.94,True
3555.1,30120,10313,5.47,False
3555.1,30132,1220007501,135.18,True
3560.1,27530,120,6873.04,True
3560.1,27541,120,6877.35,True
3560.1,28657,1,50.5,False
3560.1,28729,120,6904.45,True
3560.1,28940,120,6936.8,True
3560.1,29013,120,6843.82,True
3560.1,29185,120,6946.41,True
3560.1,29193,120,6946.74,True
3560.1,29212,120,6906.95,True
3560.1,29270,120,6783.54,True
3560.1,29361,120,6864.44,True
3560.1,29396,120,6909.46,True
3565.1,12699,120,6900.42,True
3565.1,27107,10111,25.4,False
3565.1,27346,381,82.78,False
3565.1,28350,120,6925.68,True
3565.1,28880,120,6933.98,True
3565.1,29041,120,6852.51,True
3565.1,29057,120,6812.26,True
3565.1,29094,120,6815.08,True
3565.1,29253,120,6924.23,True
3565.1,29328,120,6820.27,True
3565.1,29382,120,6783.87,True
3570.1,28271,120,6845.62,True
3570.1,28933,120,6903.82,True
3570.1,29125,120,6815.47,True
3570.1,29347,120,6949.18,True
3570.1,29373,120,6930.06,True
3575.1,28339,120,6827.18,True
3575.1,28704,120,6890.32,True
3575.1,28853,120,6876.74,True
3575.1,29225,120,6911.31,True
3575.1,29428,120,6801.88,True
3580.1,28695,120,6834.97,True
3580.1,28776,120,6947.66,True
3580.1,28802,120,6823.4,True
3580.1,28890,120,6830.65,True
3580.1,28947,120,6886.85,True
3580.1,29181,120,6878.14,True
3580.1,29191,120,6895.75,True
3580.1,29202,120,6915.24,True
3580.1,29308,120,6930.37,True
3585.1,24718,1,104.03,False
3585.1,26156,1,84.93,False
3585.1,26646,10410,2.63,False
3585.1,28390,120,6941.18,True
3585.1,28670,120,6901.43,True
3585.1,29214,120,6881.29,True
3585.1,29410,120,6946.77,True
3585.1,29515,120,6871.06,True
3585.1,30266,1220007101,196.75,True
3590.1,28230,1,125.07,False
3590.1,29375,120,6942.61,True
3590.1,29481,120,6952.85,True
3590.1,29649,120,6937.13,True
3595.1,26384,1220000201,68.66,True
3595.1,28249,1220000201,78.38,True
3595.1,28656,120,6894.81,True
3595.1,30483,10267,2.27,False
3600.1,24897,1220000201,38.48,True
3600.1,26547,10267,5.69,False
3600.1,26702,1220000201,69.83,True
3600.1,28916,120,6914.26,True
3600.1,28990,120,6851.86,True
3600.1,29295,120,6959.97,True
3605.1,22699,10034,29.8,False
3605.1,23808,1220000201,49.08,True
3605.1,27100,10267,24.55,False
3605.1,29290,120,6948.92,True
3605.1,29313,120,6920.23,True
3605.1,29582,120,6894.98,True
3605.1,29610,120,6882.02,True
3610.1,29383,120,6896.5,True
3610.1,29425,10267,9.9,False
3610.1,29564,120,6889.68,True
3610.1,29693,120,6806.89,True
3610.1,30435,10313,8.76,False
3610.1,30588,1220007501,139.81,True
3615.1,26088,1,96.09,False
3615.1,29321,120,6948.36,True
3615.1,29622,120,6944.5,True
3615.1,30863,10313,3.13,False
3615.1,32166,10111,23.49,False
3620.1,29174,1,83.62,False
3620.1,29495,120,6890.7,True
3620.1,29538,120,6825.31,True
3620.1,31019,10313,1.21,False
3620.1,31121,1220007501,132.1,True
3625.1,29127,120,6875.59,True
3625.1,29279,120,6816.4,True
3625.1,29778,120,6899.72,True
3625.1,29838,120,6944.82,True
3625.1,31435,10313,6.9,False
3625.1,31442,1220007501,129.94,True
3630.1,26405,10267,21.53,False
3630.1,29081,120,6819.05,True
3630.1,29799,120,6893.7,True
3635.1,29304,1,101.5,False
3635.1,29491,120,6927.6,True
3635.1,29574,120,6851.82,True
3635.1,29718,120,6883.04,True
3635.1,29731,120,6942.0,True
3635.1,29948,120,6952.26,True
3640.1,29245,120,6876.46,True
3640.1,29351,120,6836.97,True
3640.1,29518,120,6794.07,True
3640.1,29675,1210009403,93.72,True
3640.1,29706,120,6864.68,True
3640.1,29774,120,6909.65,True
3640.1,29915,120,6938.85,True
3640.1,29963,120,6841.76,True
3645.1,29413,120,6904.32,True
3645.1,29531,120,6846.11,True
3645.1,29976,10228,15.97,False
3645.1,30048,120,6776.65,True
3655.1,29816,120,6836.01,True
3655.1,29824,120,6946.86,True
3655.1,30046,120,6850.97,True
3660.1,29725,120,6822.73,True
3660.1,29810,120,6814.47,True
3660.1,29882,120,6959.9,True
3660.1,29965,120,6936.05,True
3660.1,29987,120,6902.8,True
3665.1,29581,1,83.91,False
3665.1,30043,120,6804.21,True
3665.1,30257,120,6865.19,True
3670.1,29640,120,6838.96,True
3670.1,29700,120,6909.3,True
3670.1,29719,120,6824.35,True
3670.1,29966,120,6906.47,True
3670.1,29990,120,6860.07,True
3670.1,30032,120,6952.83,True
3670.1,30073,120,6924.72,True
3670.1,30312,120,6892.41,True
3675.1,29769,120,6848.38,True
3675.1,30040,120,6800.31,True
3675.1,30168,120,6805.31,True
3680.1,29187,120,6839.73,True
3680.1,29701,120,6866.17,True
3680.1,29854,120,6932.76,True
3680.1,29953,120,6928.04,True
3680.1,30031,10607,2.38,False
3680.1,30075,120,6890.29,True
3680.1,30224,120,6846.31,True
3685.1,29839,120,6887.41,True
3685.1,30415,120,6874.4,True
3685.1,32060,1,95.62,False
3690.1,27634,1,139.64,False
3690.1,30104,120,6945.71,True
3690.1,30134,120,6873.33,True
3690.1,30191,120,6953.37,True
3690.1,30199,1,57.45,False
3690.1,30253,120,6821.22,True
3690.1,30279,120,6809.18,True
3690.1,30549,120,6938.5,True
3695.1,30060,120,6917.25,True
3695.1,30145,120,6925.29,True
3695.1,30163,120,6937.98,True
3695.1,30241,120,6923.78,True
3700.1,29736,120,6907.54,True
3700.1,29998,120,6913.46,True
3700.1,30261,120,6862.87,True
3700.1,30338,120,6813.25,True
3700.1,30357,120,6802.41,True
3700.1,30447,120,6898.76,True
3700.1,30574,120,6893.53,True
3700.1,30699,120,6868.43,True
3700.1,31191,10587,30.31,False
3705.1,30106,120,6924.78,True
3705.1,30198,120,6894.61,True
3705.1,30215,120,6912.21,True
3710.1,29249,120,6844.28,True
3710.1,30010,120,6804.98,True
3710.1,30061,120,6811.35,True
3710.1,30348,120,6939.94,True
3710.1,30351,120,6803.86,True
3715.1,23348,1,106.24,False
3715.1,29753,120,6787.64,True
3715.1,29790,120,6923.89,True
3715.1,29837,120,6838.91,True
3715.1,29937,120,6876.25,True
3715.1,30100,120,6899.8,True
3715.1,30280,120,6828.94,True
3715.1,30441,120,6863.14,True
3720.1,22155,1,112.94,False
3720.1,29006,120,6836.75,True
3720.1,29823,120,6829.34,True
3720.1,30162,120,6795.74,True
3720.1,30230,120,6943.05,True
3720.1,30315,120,6948.16,True
3720.1,30399,120,6889.74,True
3720.1,30475,120,6952.07,True
3720.1,30621,120,6826.84,True
3720.1,30746,120,6809.52,True
3725.1,29498,120,6863.97,True
3725.1,30047,120,6943.33,True
3725.1,30275,120,6858.51,True
3725.1,30287,120,6909.43,True
3730.1,30208,120,6852.91,True
3730.1,30484,120,6813.64,True
3730.1,30653,120,6816.56,True
3730.1,30867,120,6807.35,True
3730.1,31088,120,6805.96,True
3735.1,21351,1220014000,103.68,True
3735.1,29075,1,129.52,False
3735.1,30185,120,6863.21,True
3735.1,30458,120,6870.93,True
3735.1,30578,120,6931.93,True
3735.1,31833,1220007501,137.9,True
3735.1,31950,1220007101,210.9,True
3735.1,32132,10313,11.52,False
3740.1,21675,1220000402,117.01,True
3740.1,27028,1,115.91,False
3740.1,30411,120,6925.09,True
3740.1,30506,120,6915.31,True
3740.1,30683,120,6862.78,True
3740.1,30710,120,6889.08,True
3740.1,30901,120,6836.03,True
3740.1,30924,120,6851.1,True
3740.1,30938,120,6869.03,True
3740.1,30967,120,6829.87,True
3740.1,31083,120,6811.96,True
3740.1,32237,10313,5.83,False
3740.1,32309,1220007501,136.71,True
3740.1,33481,10113,10.18,False
3740.1,33581,1220000502,326.88,True
3745.1,26063,10589,21.35,False
3745.1,26080,1220000201,67.95,True
3745.1,26808,10410,0.15,False
3745.1,29087,1220000201,78.2,True
3745.1,29673,1,126.05,False
3745.1,30724,120,6940.23,True
3745.1,30948,120,6883.56,True
3745.1,32555,10313,0.49,False
3750.1,19672,1,107.83,False
3750.1,22542,1,86.67,False
3750.1,26881,1,125.51,False
3750.1,30216,1220000201,45.4,True
3750.1,30530,1220000201,85.22,True
3750.1,30821,120,6851.92,True
3750.1,30905,1220000201,66.66,True
3750.1,33015,10266,10.88,False
3755.1,15870,1210009403,85.97,True
3755.1,18959,10266,3.0,False
3755.1,19369,10266,22.12,False
3755.1,22107,1,125.65,False
3755.1,30340,120,6942.98,True
3755.1,30537,1,87.87,False
3755.1,31127,120,6841.35,True
3760.1,24282,1220000402,143.54,True
3760.1,29505,1,49.51,False
3760.1,30950,120,6955.34,True
3765.1,30127,120,6836.82,True
3765.1,30565,120,6938.62,True
3765.1,30663,120,6911.6,True
3765.1,30850,120,6835.58,True
3765.1,31033,120,6902.58,True
3770.1,29172,120,6937.17,True
3770.1,30036,120,6960.0,True
3770.1,30604,120,6780.89,True
3770.1,30744,120,6887.62,True
3770.1,31144,120,6822.37,True
3770.1,31230,120,6862.45,True
3775.1,30434,1,89.46,False
3775.1,30500,120,6892.96,True
3775.1,30749,120,6917.98,True
3775.1,31041,120,6901.56,True
3775.1,34002,1220000502,325.25,True
3780.1,23833,10111,28.6,False
3780.1,29559,10267,24.35,False
3780.1,30377,1,126.12,False
3780.1,31086,120,6805.47,True
3785.1,30965,120,6836.54,True
3785.1,31031,120,6905.49,True
3785.1,31149,1,92.15,False
3790.1,29732,1,107.06,False
3790.1,30564,120,6836.71,True
3790.1,30859,120,6902.13,True
3790.1,30917,1,130.71,False
3790.1,34130,1220000502,310.43,True
3790.1,34143,10113,10.6,False
3795.1,30124,120,6823.63,True
3795.1,30697,120,6836.77,True
3795.1,30758,120,6852.42,True
3795.1,30866,120,6817.32,True
3795.1,30933,120,6862.54,True
3795.1,31053,120,6816.27,True
3795.1,31218,120,6954.25,True
3800.1,30427,120,6891.32,True
3800.1,30619,120,6860.94,True
3800.1,30707,120,6910.99,True
3800.1,30816,120,6929.22,True
3800.1,30937,120,6934.55,True
3800.1,30993,120,6869.21,True
3800.1,31000,120,6902.79,True
3800.1,31047,120,6948.11,True
3800.1,31129,120,6891.3,True
3800.1,31154,120,6838.09,True
3800.1,31342,120,6809.66,True
3800.1,34214,10113,11.98,False
3805.1,30626,120,6871.24,True
3805.1,30886,120,6881.64,True
3805.1,31087,120,6916.38,True
3805.1,31237,120,6946.92,True
3805.1,34262,1220000502,331.88,True
3810.1,29537,120,6813.57,True
3810.1,30176,120,6848.04,True
3810.1,30421,1,64.75,False
3810.1,31371,120,6849.02,True
3815.1,27021,1,108.76,False
3815.1,28376,381,87.19,False
3815.1,30016,120,6832.19,True
3815.1,30461,120,6918.61,True
3815.1,30734,120,6857.46,True
3815.1,30761,120,6894.83,True
3815.1,30776,120,6939.46,True
3815.1,30786,120,6899.11,True
3815.1,30814,120,6825.22,True
3815.1,31145,120,6856.66,True
3815.1,31276,120,6827.99,True
3815.1,31349,120,6870.35,True
3815.1,31443,120,6883.81,True
3815.1,31474,120,6788.18,True
3820.1,19468,10607,19.74,False
3820.1,30972,120,6826.58,True
3820.1,31183,120,6917.82,True
3820.1,31221,120,6928.94,True
3820.1,31275,120,6955.04,True
3820.1,31352,120,6845.82,True
3820.1,31385,120,6859.5,True
3820.1,31386,120,6924.86,True
3820.1,31456,120,6846.78,True
3820.1,31646,120,6814.88,True
3825.1,29656,1220000502,325.71,True
3825.1,31285,120,6949.54,True
3825.1,31316,120,6936.4,True
3825.1,31362,120,6794.09,True
3825.1,31463,120,6926.95,True
3825.1,31576,120,6900.25,True
3825.1,31579,120,6914.28,True
3825.1,34403,10113,8.63,False
3830.1,29573,120,6888.46,True
3830.1,30274,120,6954.36,True
3830.1,30631,120,6838.98,True
3830.1,31176,120,6816.89,True
3830.1,31264,120,6842.66,True
3830.1,31451,120,6923.4,True
3830.1,31464,120,6815.24,True
3830.1,31483,120,6873.31,True
3830.1,31541,120,6911.2,True
3830.1,31782,120,6788.1,True
3835.1,30086,120,6914.48,True
3835.1,30872,120,6895.37,True
3835.1,31089,120,6827.39,True
3835.1,31376,120,6926.23,True
3835.1,31475,120,6851.14,True
3835.1,31492,120,6872.57,True
3835.1,31604,120,6863.03,True
3835.1,33302,1,91.52,False
3835.1,33319,1,67.07,False
3840.1,20264,10111,31.93,False
3840.1,27265,10589,21.94,False
3840.1,30644,120,6863.98,True
3840.1,31417,120,6810.97,True
3840.1,31424,120,6885.38,True
3840.1,31441,120,6882.44,True
3840.1,31640,120,6948.29,True
3840.1,31672,120,6852.35,True
3840.1,31732,120,6883.86,True
3840.1,31777,120,6822.24,True
3840.1,31931,120,6847.13,True
3845.1,31100,120,6860.5,True
3845.1,31130,120,6824.71,True
3845.1,31205,120,6844.33,True
3845.1,31305,120,6960.22,True
3845.1,31346,120,6813.16,True
3845.1,31426,120,6887.15,True
3845.1,31431,120,6915.91,True
3845.1,31503,120,6878.86,True
3845.1,31505,120,6931.74,True
3845.1,31540,120,6845.45,True
3845.1,31644,120,6812.75,True
3845.1,31674,120,6961.04,True
3845.1,31723,120,6849.07,True
3850.1,20277,10313,8.89,False
3850.1,23319,1,59.25,False
3850.1,23797,1220007501,140.01,True
3850.1,31143,120,6822.92,True
3850.1,31163,120,6944.91,True
3850.1,31440,120,6945.78,True
3850.1,31522,120,6850.64,True
3850.1,31868,120,6951.71,True
3850.1,32082,120,6932.08,True
3855.1,24273,1,106.36,False
3855.1,31035,120,6928.36,True
3855.1,31254,120,6794.51,True
3855.1,31411,120,6932.29,True
3855.1,31602,120,6857.14,True
3855.1,31741,120,6913.24,True
3855.1,33342,10313,8.15,False
3860.1,30984,1220014000,100.22,True
3860.1,31011,120,6955.78,True
3860.1,31361,120,6813.59,True
3860.1,31553,120,6848.49,True
3860.1,31820,120,6914.9,True
3860.1,31876,120,6846.75,True
3860.1,31915,120,6853.59,True
3860.1,33326,10313,8.02,False
3865.1,16824,1,102.35,False
3865.1,31807,120,6856.78,True
3865.1,33466,10313,5.86,False
3865.1,33558,1220007501,137.69,True
3870.1,31380,120,6830.21,True
3870.1,31793,120,6922.68,True
3870.1,31894,120,6871.65,True
3870.1,33645,10313,6.37,False
3875.1,31101,120,6911.74,True
3875.1,31397,120,6919.1,True
3875.1,31472,120,6853.64,True
3875.1,31694,120,6860.75,True
3875.1,34400,10313,9.28,False
3875.1,34414,1220007501,134.71,True
3880.1,31810,120,6807.72,True
3880.1,31887,120,6894.27,True
3880.1,32041,120,6926.98,True
3880.1,32104,120,6792.24,True
3885.1,31455,120,6914.16,True
3885.1,31591,120,6906.8,True
3885.1,31987,120,6881.29,True
3885.1,33245,1220014000,103.77,True
3890.1,27136,1,94.27,False
3890.1,31847,120,6900.2,True
3890.1,32016,120,6950.2,True
3890.1,32051,120,6897.71,True
3890.1,32527,1,132.39,False
3890.1,33160,1220014000,97.57,True
3895.1,20557,1,127.47,False
3895.1,32128,1220000201,72.93,True
3895.1,32207,120,6820.79,True
3895.1,32623,1220014000,101.32,True
3900.1,28432,1220014000,88.37,True
3900.1,31234,120,6841.19,True
3900.1,31638,120,6890.4,True
3900.1,31670,120,6910.78,True
3900.1,31955,120,6860.81,True
3900.1,31982,120,6876.86,True
3900.1,32039,120,6901.47,True
3900.1,32058,120,6851.67,True
3900.1,32093,120,6843.17,True
3900.1,34160,10267,11.46,False
3905.1,24815,1220000201,79.48,True
3905.1,25519,10267,17.33,False
3905.1,26785,10267,0.17,False
3905.1,31141,1,81.84,False
3905.1,31860,120,6877.3,True
3905.1,31985,120,6899.39,True
3905.1,32839,1,112.7,False
3910.1,26387,1220000402,140.96,True
3910.1,27459,1,112.55,False
3910.1,30955,120,6920.6,True
3910.1,31408,120,6864.05,True
3910.1,32031,120,6810.61,True
3910.1,32036,120,6808.14,True
3910.1,32061,120,6894.72,True
3910.1,32062,120,6961.22,True
3910.1,32110,120,6883.46,True
3910.1,35098,1220000502,325.55,True
3915.1,20785,120,6907.04,True
3915.1,31598,120,6864.99,True
3915.1,31619,120,6788.21,True
3915.1,31661,1,119.72,False
3915.1,31941,120,6830.79,True
3915.1,32102,120,6925.94,True
3915.1,32276,120,6795.66,True
3915.1,32294,120,6890.04,True
3920.1,31924,120,6800.77,True
3920.1,32098,1,125.74,False
3920.1,32308,120,6938.19,True
3920.1,32348,120,6909.75,True
3920.1,32374,120,6902.25,True
3925.1,32300,120,6826.08,True
3930.1,31845,120,6814.74,True
3930.1,32173,120,6938.14,True
3930.1,32482,120,6790.04,True
3935.1,29556,10113,13.47,False
3935.1,30202,120,6797.36,True
3935.1,31800,120,6853.16,True
3935.1,31888,120,6932.73,True
3935.1,31914,120,6875.65,True
3935.1,32135,120,6897.43,True
3935.1,32155,120,6919.34,True
3935.1,32211,120,6958.59,True
3935.1,32554,120,6840.99,True
3940.1,32379,120,6923.76,True
3940.1,32736,120,6797.23,True
3945.1,32199,120,6960.72,True
3945.1,32419,120,6852.65,True
3950.1,32222,120,6840.79,True
3950.1,32345,120,6870.33,True
3950.1,32451,120,6836.5,True
3950.1,32453,120,6835.26,True
3950.1,32584,120,6957.84,True
3950.1,32587,120,6886.22,True
3950.1,32598,120,6826.17,True
3955.1,32057,120,6881.01,True
3955.1,32152,120,6921.29,True
3955.1,32210,120,6814.05,True
3955.1,32297,120,6880.67,True
3955.1,32392,120,6884.93,True
3955.1,32444,120,6845.81,True
3955.1,32470,120,6923.47,True
3955.1,32495,120,6851.27,True
3960.1,32109,120,6955.26,True
3960.1,32304,120,6840.7,True
3960.1,32346,120,6848.9,True
3960.1,32380,120,6917.76,True
3960.1,32432,120,6907.78,True
3960.1,32448,120,6947.99,True
3960.1,32637,120,6868.24,True
3960.1,32757,120,6940.92,True
3960.1,32823,120,6794.6,True
3965.1,30394,1,103.05,False
3965.1,31330,120,6952.09,True
3965.1,31901,381,77.05,False
3965.1,32234,120,6912.58,True
3965.1,32390,120,6879.9,True
3965.1,32552,120,6836.62,True
3965.1,32758,120,6929.82,True
3965.1,32786,120,6817.23,True
3965.1,33008,120,6872.54,True
3965.1,35520,1220000502,312.9,True
3970.1,28134,1220018301,39.24,True
3970.1,30311,120,6958.99,True
3970.1,31480,120,6910.62,True
3970.1,31806,1220000201,69.13,True
3970.1,32047,10607,5.48,False
3970.1,32172,120,6837.77,True
3970.1,32514,1220000201,7.78,True
3970.1,32721,120,6853.89,True
3970.1,32810,120,6801.39,True
3970.1,33607,10034,29.66,False
3970.1,35562,10113,1.83,False
3975.1,31263,1220007501,115.38,True
3975.1,32330,120,6891.6,True
3975.1,32508,120,6873.25,True
3975.1,32592,120,6873.42,True
3975.1,32678,120,6795.11,True
3975.1,32738,120,6932.83,True
3980.1,32798,120,6852.91,True
3985.1,29102,1,72.21,False
3985.1,31312,120,6799.0,True
3985.1,32193,120,6877.13,True
3985.1,32685,120,6833.0,True
3985.1,32708,120,6820.97,True
3985.1,34384,1,104.9,False
3985.1,34784,10011,30.23,False
3990.1,16133,381,70.26,False
3990.1,31220,120,6798.64,True
3990.1,31300,120,6834.38,True
3990.1,31979,1,103.74,False
3990.1,32002,120,6946.76,True
3990.1,32424,120,6932.93,True
3990.1,32463,120,6894.77,True
3990.1,32492,120,6870.93,True
3990.1,32518,120,6907.85,True
3990.1,32689,120,6861.17,True
3990.1,32788,120,6906.38,True
3990.1,32899,120,6837.89,True
3990.1,32932,120,6893.58,True
3990.1,32941,120,6827.88,True
3990.1,32949,120,6871.43,True
3990.1,33109,120,6833.97,True
3990.1,33155,120,6811.32,True
3995.1,32378,120,6847.84,True
3995.1,32422,120,6810.78,True
3995.1,32952,120,6954.83,True
3995.1,33269,1,51.09,False
4000.1,31270,120,6947.73,True
4000.1,32200,1,82.26,False
4000.1,32452,120,6925.45,True
4000.1,32642,120,6955.72,True
4000.1,32764,120,6924.36,True
4000.1,32858,120,6950.39,True
4000.1,32970,120,6789.16,True
4000.1,32982,120,6825.64,True
4000.1,33122,120,6900.38,True
4000.1,33162,120,6830.91,True
4000.1,33238,120,6914.14,True
4005.1,32334,120,6950.06,True
4005.1,32916,120,6916.77,True
4005.1,32979,120,6863.97,True
4010.1,32186,120,6884.41,True
4010.1,32913,120,6951.99,True
4010.1,33347,120,6822.16,True
4010.1,34916,1220007501,147.32,True
4015.1,26911,1,59.51,False
4015.1,32699,120,6791.65,True
4015.1,32772,120,6957.28,True
4015.1,32977,120,6829.75,True
4020.1,32737,120,6888.01,True
4020.1,32829,120,6958.21,True
4020.1,33164,120,6829.33,True
4020.1,33205,120,6921.18,True
4020.1,35180,10313,3.51,False
4020.1,35209,1220007501,139.1,True
4030.1,31261,120,6948.28,True
4030.1,32644,120,6847.9,True
4030.1,32859,120,6913.9,True
4030.1,33081,120,6951.27,True
4030.1,33093,120,6850.85,True
4030.1,33179,120,6887.34,True
4030.1,33187,120,6863.63,True
4030.1,33210,120,6824.56,True
4030.1,33219,120,6913.08,True
4030.1,33229,120,6936.67,True
4030.1,33534,120,6879.39,True
4035.1,31258,1220014000,96.54,True
4035.1,33059,120,6834.24,True
4035.1,35659,1220007501,146.31,True
4040.1,26776,120,6959.37,True
4040.1,29269,1220014000,104.44,True
4040.1,33237,120,6829.79,True
4040.1,33306,120,6921.45,True
4040.1,33316,120,6890.91,True
4040.1,33554,120,6935.12,True
4045.1,25138,1220000201,67.78,True
4045.1,29577,1220014000,95.09,True
4045.1,31599,120,6830.78,True
4045.1,32698,1220000201,78.4,True
4045.1,33037,1220000201,57.49,True
4045.1,33080,120,6868.2,True
4045.1,33175,120,6800.29,True
4045.1,36202,1220000502,313.5,True
4050.1,25612,1220000201,56.81,True
4050.1,25986,1220000201,38.86,True
4050.1,28665,1220000201,69.35,True
4050.1,30248,120,6810.02,True
4050.1,32717,120,6946.07,True
4050.1,32880,120,6959.39,True
4050.1,32989,120,6926.04,True
4050.1,33317,120,6832.78,True
4050.1,33330,120,6910.61,True
4050.1,33435,120,6812.25,True
4050.1,34622,10266,9.12,False
4050.1,36285,1220000502,316.0,True
4055.1,31010,120,6958.24,True
4055.1,32385,120,6903.25,True
4055.1,32447,120,6924.68,True
4055.1,32767,120,6826.4,True
4055.1,33038,120,6959.75,True
4055.1,33353,120,6832.72,True
4055.1,33380,120,6930.95,True
4055.1,33625,120,6868.04,True
4055.1,33719,120,6821.48,True
4055.1,35331,10266,21.67,False
4060.1,27616,1,97.62,False
4060.1,31104,120,6885.7,True
4060.1,31495,120,6837.02,True
4060.1,32975,10111,11.25,False
4060.1,33048,120,6923.49,True
4060.1,33128,120,6946.91,True
4060.1,33195,120,6869.42,True
4060.1,33258,120,6850.79,True
4060.1,33312,120,6860.68,True
4060.1,33393,120,6874.08,True
4060.1,33511,120,6916.09,True
4060.1,33563,120,6917.4,True
4060.1,33624,120,6961.28,True
4060.1,33671,120,6837.09,True
4065.1,32467,120,6852.17,True
4065.1,33009,120,6824.81,True
4065.1,33165,120,6814.35,True
4065.1,33471,120,6940.68,True
4065.1,33506,120,6894.48,True
4065.1,33590,120,6813.87,True
4070.1,29218,1220012502,226.23,True
4070.1,33208,120,6823.67,True
4070.1,33233,120,6961.33,True
4070.1,33293,120,6841.89,True
4070.1,33356,120,6949.11,True
4070.1,33384,120,6881.48,True
4070.1,33436,120,6900.01,True
4070.1,33628,120,6915.03,True
4070.1,33691,120,6878.12,True
4070.1,33751,120,6909.72,True
4075.1,30282,120,6894.11,True
4075.1,32282,1210009403,92.72,True
4075.1,32368,120,6912.93,True
4075.1,32485,120,6899.1,True
4075.1,33177,1,130.42,False
4075.1,33345,120,6876.37,True
4075.1,33513,120,6959.44,True
4075.1,33683,120,6958.14,True
4080.1,32001,120,6882.8,True
4080.1,33239,120,6852.22,True
4080.1,33320,120,6836.61,True
4080.1,33322,120,6949.04,True
4080.1,33538,120,6879.58,True
4080.1,33576,120,6915.79,True
4080.1,33577,120,6852.27,True
4080.1,33702,120,6916.49,True
4080.1,36514,1220000502,327.73,True
4085.1,33247,120,6892.31,True
4085.1,33351,120,6956.33,True
4085.1,33469,120,6943.42,True
4085.1,33689,120,6831.27,True
4085.1,33734,120,6814.64,True
4085.1,33743,120,6851.43,True
4085.1,33772,120,6888.0,True
4090.1,32499,120,6938.47,True
4090.1,33265,120,6904.42,True
4090.1,33497,120,6828.73,True
4090.1,33619,120,6864.41,True
4090.1,33650,120,6824.58,True
4090.1,33677,120,6901.53,True
4090.1,33831,120,6945.53,True
4090.1,33979,120,6937.34,True
4090.1,34162,120,6820.56,True
4095.1,31508,120,6878.59,True
4095.1,32681,120,6873.96,True
4095.1,32995,120,6865.94,True
4095.1,33323,120,6850.51,True
4095.1,33406,120,6940.94,True
4095.1,33557,120,6876.42,True
4095.1,33562,120,6834.72,True
4095.1,33603,120,6799.1,True
4095.1,33620,120,6816.29,True
4095.1,33774,120,6951.52,True
4095.1,33792,1,112.1,False
4095.1,33952,120,6833.56,True
4095.1,33972,120,6839.28,True
4095.1,34013,120,6912.74,True
4100.1,32460,120,6928.87,True
4100.1,33787,120,6938.07,True
4100.1,33881,120,6846.73,True
4100.1,33949,120,6934.34,True
4105.1,32668,1,127.69,False
4105.1,33405,120,6949.93,True
4105.1,33764,120,6922.32,True
4105.1,33853,120,6840.98,True
4105.1,33950,120,6812.65,True
4105.1,34006,120,6828.7,True
4105.1,34113,120,6811.02,True
4110.1,32560,120,6834.29,True
4110.1,33168,1,71.55,False
4110.1,33697,120,6901.11,True
4110.1,33793,120,6848.39,True
4110.1,33842,120,6955.72,True
4110.1,33867,120,6852.46,True
4110.1,34033,120,6940.87,True
4110.1,34082,120,6789.08,True
4110.1,34275,120,6816.03,True
4110.1,34285,120,6933.61,True
4110.1,36356,10111,7.85,False
4115.1,27963,1,119.22,False
4115.1,35614,1220011503,194.53,True
4120.1,34263,120,6949.88,True
4120.1,34266,120,6923.9,True
4120.1,36810,10113,8.32,False
4125.1,33605,120,6860.85,True
4125.1,33762,120,6897.17,True
4125.1,33999,120,6953.83,True
4130.1,33184,120,6890.37,True
4130.1,33732,120,6937.89,True
4130.1,33752,120,6798.81,True
4130.1,33859,120,6845.93,True
4130.1,33909,120,6847.57,True
4130.1,33934,120,6912.56,True
4130.1,34103,120,6814.32,True
4130.1,34183,120,6804.2,True
4130.1,36533,10111,21.72,False
4135.1,33387,120,6924.73,True
4135.1,33608,1220000502,308.82,True
4135.1,33700,120,6872.33,True
4135.1,33900,120,6903.93,True
4135.1,35641,1,64.75,False
4135.1,35707,1,94.62,False
4140.1,29200,10589,7.29,False
4140.1,33214,120,6892.71,True
4140.1,33257,120,6910.08,True
4140.1,33981,120,6841.46,True
4140.1,34120,120,6855.12,True
4140.1,34148,120,6825.85,True
4140.1,36293,1,118.69,False
4145.1,33249,120,6886.0,True
4145.1,33924,120,6911.45,True
4145.1,34088,120,6901.49,True
4145.1,34219,120,6947.51,True
4145.1,34228,120,6945.42,True
4145.1,34299,120,6911.27,True
4145.1,34343,120,6817.37,True
4150.1,32779,120,6918.29,True
4150.1,33224,120,6814.91,True
4150.1,34110,120,6826.37,True
4150.1,34199,120,6897.02,True
4150.1,34274,120,6823.62,True
4155.1,32179,120,6836.99,True
4155.1,33666,120,6849.73,True
4155.1,33844,120,6952.2,True
4155.1,34201,120,6873.59,True
4155.1,34536,120,6790.02,True
4155.1,36066,1220007501,142.12,True
4160.1,33678,120,6822.75,True
4165.1,28589,1,118.3,False
4165.1,33887,120,6902.51,True
4165.1,34058,120,6888.07,True
4165.1,34180,120,6866.56,True
4165.1,34245,120,6960.24,True
4165.1,34327,120,6872.62,True
4165.1,34361,120,6921.34,True
4165.1,34419,120,6910.52,True
4170.1,28319,1,132.85,False
4170.1,33893,120,6832.66,True
4170.1,33960,120,6837.62,True
4175.1,25504,1,133.15,False
4175.1,34010,120,6940.01,True
4175.1,34161,120,6905.42,True
4175.1,34242,120,6929.33,True
4175.1,34319,120,6907.75,True
4175.1,34323,120,6864.03,True
4180.1,33802,120,6909.21,True
4180.1,34040,120,6849.15,True
4180.1,34258,120,6833.71,True
4180.1,34550,120,6860.08,True
4185.1,33039,1220014000,101.8,True
4185.1,34095,120,6931.05,True
4185.1,34313,120,6900.8,True
4185.1,34355,120,6872.39,True
4185.1,34379,120,6927.11,True
4185.1,34385,120,6853.97,True
4185.1,34450,120,6817.96,True
4185.1,34719,120,6812.32,True
4185.1,34806,120,6856.84,True
4185.1,35182,10589,19.7,False
4190.1,33201,120,6872.69,True
4190.1,34300,120,6898.53,True
4190.1,34456,120,6909.97,True
4190.1,34465,120,6822.09,True
4190.1,34714,120,6904.85,True
4190.1,36986,10111,24.12,False
4190.1,37233,10113,14.05,False
4190.1,37380,1220000502,318.86,True
4195.1,29830,1220000201,59.52,True
4195.1,31223,1220000201,80.59,True
4195.1,32630,10267,0.06,False
4195.1,34231,120,6877.09,True
4195.1,34503,120,6861.09,True
4195.1,34521,120,6908.49,True
4195.1,36630,10410,4.53,False
4200.1,26651,1220000201,84.25,True
4200.1,27392,1220000201,74.03,True
4200.1,32354,120,6914.87,True
4200.1,34372,120,6879.88,True
4200.1,34563,120,6888.03,True
4200.1,35990,10267,13.12,False
4205.1,23431,1,115.05,False
4205.1,33833,120,6940.44,True
4205.1,33982,120,6930.22,True
4205.1,35716,10267,23.24,False
4210.1,31467,1,139.37,False
4210.1,31720,1,121.4,False
4210.1,34545,120,6886.55,True
4210.1,34616,120,6854.71,True
4210.1,36395,10313,11.84,False
4210.1,36440,1220007501,142.61,True
4215.1,34446,120,6935.98,True
4215.1,34476,120,6906.42,True
4215.1,34705,1,124.39,False
4215.1,34763,120,6762.37,True
4215.1,34816,120,6875.76,True
4215.1,34857,120,6817.62,True
4215.1,34924,120,6868.97,True
4215.1,36606,10313,8.41,False
4220.1,31550,1220012502,225.85,True
4220.1,34508,120,6866.31,True
4220.1,34612,120,6942.11,True
4220.1,34750,120,6880.5,True
4220.1,34773,120,6843.05,True
4220.1,34796,120,6835.78,True
4220.1,34917,120,6891.93,True
4220.1,36792,10313,3.09,False
4220.1,36991,1220007501,134.07,True
4225.1,34331,120,6932.64,True
4225.1,34779,120,6895.53,True
4225.1,34811,120,6951.73,True
4225.1,34832,120,6867.47,True
4225.1,34903,120,6893.72,True
4230.1,34661,120,6811.7,True
4230.1,34665,120,6922.28,True
4230.1,34685,120,6860.5,True
4230.1,34870,120,6805.4,True
4230.1,35048,120,6855.24,True
4235.1,33632,1220000201,5.49,True
4235.1,34509,120,6917.66,True
4235.1,34640,120,6862.25,True
4235.1,35039,120,6908.6,True
4240.1,34164,1,112.42,False
4240.1,34820,120,6859.43,True
4240.1,34860,120,6813.6,True
4240.1,34911,120,6941.05,True
4240.1,34928,120,6832.48,True
4240.1,34949,120,6895.58,True
4240.1,34953,120,6858.93,True
4240.1,35235,120,6798.04,True
4245.1,33927,120,6897.89,True
4245.1,34381,120,6843.87,True
4245.1,34971,120,6888.92,True
4245.1,35206,120,6799.25,True
4250.1,31560,10111,8.76,False
4250.1,34753,120,6852.01,True
4250.1,34930,120,6884.91,True
4250.1,34973,120,6820.57,True
4250.1,35051,120,6919.86,True
4250.1,35168,120,6825.25,True
4255.1,34803,120,6879.78,True
4255.1,35029,120,6950.94,True
4255.1,35406,120,6828.39,True
4260.1,34596,120,6928.03,True
4260.1,34643,120,6886.74,True
4260.1,34744,120,6956.05,True
4260.1,34854,120,6922.86,True
4260.1,34908,120,6844.78,True
4260.1,35090,120,6957.09,True
4260.1,35109,120,6855.32,True
4260.1,35195,120,6921.77,True
4260.1,35255,120,6806.62,True
4260.1,35546,120,6855.18,True
4265.1,34802,120,6898.63,True
4265.1,34940,120,6953.06,True
4265.1,35007,120,6868.15,True
4265.1,35072,120,6871.04,True
4265.1,35103,120,6929.23,True
4265.1,35189,120,6947.48,True
4265.1,35210,120,6904.67,True
4265.1,35299,120,6942.74,True
4265.1,35609,120,6820.62,True
4265.1,37670,10111,19.64,False
4270.1,34647,120,6872.8,True
4270.1,34817,120,6854.23,True
4270.1,35040,120,6949.94,True
4270.1,35315,120,6874.47,True
4270.1,35324,120,6836.59,True
4270.1,35375,120,6960.11,True
4270.1,35670,120,6847.76,True
4275.1,35404,120,6873.34,True
4280.1,34896,10111,12.47,False
4280.1,35167,120,6929.64,True
4280.1,35318,120,6942.16,True
4285.1,34560,120,6832.52,True
4285.1,34584,120,6816.47,True
4285.1,34884,120,6864.65,True
4285.1,35282,120,6909.0,True
4285.1,35319,120,6871.45,True
4285.1,35449,120,6901.52,True
4285.1,35635,120,6806.75,True
4290.1,34332,1,99.21,False
4290.1,35418,120,6960.7,True
4290.1,35464,120,6922.1,True
4295.1,34437,120,6841.29,True
4295.1,34449,120,6809.5,True
4295.1,34600,120,6914.65,True
4295.1,34952,120,6840.74,True
4295.1,35170,120,6821.08,True
4295.1,35204,120,6854.45,True
4295.1,35300,120,6933.8,True
4295.1,35462,120,6835.29,True
4295.1,35467,120,6808.38,True
4295.1,35508,120,6957.64,True
4295.1,35742,120,6894.66,True
4300.1,34102,120,6868.41,True
4300.1,35123,120,6904.96,True
4300.1,35327,120,6934.53,True
4300.1,35354,120,6850.45,True
4300.1,35369,120,6940.74,True
4300.1,35403,120,6862.57,True
4305.1,35174,120,6943.03,True
4305.1,35193,120,6885.86,True
4305.1,35259,120,6904.0,True
4305.1,35294,120,6828.16,True
4305.1,35314,120,6865.06,True
4305.1,35828,120,6865.54,True
4310.1,35248,120,6791.06,True
4310.1,35288,120,6850.48,True
4310.1,35401,120,6851.33,True
4315.1,35242,120,6834.01,True
4315.1,35275,120,6949.33,True
4315.1,35436,120,6872.54,True
4315.1,35437,120,6853.11,True
4315.1,35540,120,6806.85,True
4315.1,35655,120,6826.14,True
4315.1,36013,120,6852.75,True
4325.1,35630,120,6854.92,True
4325.1,35648,120,6849.68,True
4325.1,35671,120,6857.01,True
4325.1,35754,120,6894.7,True
4330.1,34461,120,6859.4,True
4330.1,34474,120,6818.07,True
4330.1,34969,120,6826.33,True
4330.1,35348,120,6899.12,True
4330.1,35599,120,6953.23,True
4330.1,35612,120,6960.67,True
4330.1,35955,120,6824.09,True
4335.1,35252,120,6805.54,True
4335.1,35408,120,6862.7,True
4335.1,35484,120,6829.44,True
4335.1,35672,120,6887.81,True
4335.1,36069,120,6953.31,True
4335.1,37164,1220007501,135.38,True
4335.1,37167,10313,10.9,False
4340.1,35800,120,6826.8,True
4340.1,35868,120,6932.84,True
4340.1,36773,10410,2.25,False
4340.1,38546,10113,7.24,False
4345.1,33533,1220000201,48.96,True
4345.1,34471,1220000201,71.33,True
4345.1,34559,120,6929.49,True
4345.1,35263,120,6937.4,True
4345.1,35532,120,6904.61,True
4345.1,36734,10267,0.04,False
4345.1,37944,1220007501,142.38,True
4350.1,31315,1220000201,72.94,True
4350.1,34011,10267,13.89,False
4350.1,35444,120,6843.56,True
4350.1,35543,120,6946.76,True
4350.1,35588,120,6943.43,True
4350.1,35850,120,6904.15,True
4350.1,35881,120,6863.22,True
4350.1,35902,120,6828.81,True
4350.1,35921,120,6824.96,True
4350.1,36243,10266,12.81,False
4350.1,37864,10313,9.79,False
4355.1,24727,10266,17.71,False
4355.1,32157,1220000201,72.9,True
4355.1,35307,120,6886.23,True
4355.1,35894,120,6864.14,True
4355.1,38380,10111,22.73,False
4360.1,25192,1,138.21,False
4360.1,28059,1,113.75,False
4360.1,35642,120,6876.05,True
4360.1,35744,120,6895.7,True
4360.1,36115,120,6853.83,True
4365.1,28374,1,90.63,False
4365.1,33660,1,127.15,False
4365.1,34516,120,6871.86,True
4365.1,35699,120,6869.24,True
4365.1,35832,120,6954.64,True
4365.1,36102,120,6836.01,True
4365.1,36239,120,6850.39,True
4370.1,30008,1,101.52,False
4370.1,35639,120,6810.14,True
4370.1,35814,120,6928.79,True
4370.1,35825,120,6880.38,True
4370.1,35837,120,6815.18,True
4370.1,35890,120,6894.81,True
4370.1,35941,120,6959.97,True
4370.1,36011,120,6836.39,True
4370.1,36590,120,6843.41,True
4370.1,38398,10111,6.95,False
4370.1,38836,10113,4.02,False
4375.1,31706,1,118.99,False
4375.1,35481,1,95.07,False
4375.1,35649,120,6838.79,True
4375.1,35836,120,6932.16,True
4375.1,35979,120,6838.88,True
4375.1,36059,120,6834.17,True
4375.1,36254,120,6960.61,True
4375.1,36322,120,6933.79,True
4375.1,38909,10113,12.82,False
4380.1,35350,120,6958.05,True
4380.1,35360,1,129.59,False
4380.1,35767,120,6858.26,True
4380.1,36003,120,6949.73,True
4380.1,36089,120,6908.76,True
4380.1,36157,120,6925.12,True
4380.1,36344,120,6957.72,True
4380.1,36441,120,6788.11,True
4385.1,35279,120,6919.67,True
4385.1,35479,120,6848.2,True
4385.1,35691,120,6840.05,True
4385.1,36015,120,6812.16,True
4385.1,36266,120,6896.44,True
4385.1,36481,120,6857.77,True
4385.1,36498,120,6842.4,True
4390.1,36158,120,6911.77,True
4390.1,36349,120,6866.97,True
4390.1,36496,120,6908.63,True
4395.1,16563,10607,3.48,False
4395.1,35793,120,6902.7,True
4395.1,35798,120,6862.03,True
4395.1,35823,120,6894.89,True
4395.1,36095,10267,23.2,False
4395.1,36382,120,6950.27,True
4395.1,36634,120,6935.38,True
4400.1,35901,120,6937.71,True
4400.1,36093,120,6849.95,True
4400.1,36182,120,6773.63,True
4400.1,36573,120,6895.77,True
4405.1,36234,120,6858.16,True
4405.1,36540,120,6818.25,True
4410.1,35776,120,6889.17,True
4410.1,36038,120,6938.92,True
4410.1,36124,120,6924.2,True
4410.1,36528,120,6837.0,True
4410.1,39169,10113,8.56,False
4415.1,36252,120,6839.75,True
4415.1,36357,120,6882.18,True
4415.1,36494,120,6778.94,True
4420.1,36483,120,6927.81,True
4420.1,36549,120,6926.85,True
4425.1,35799,120,6830.7,True
4425.1,36428,120,6947.3,True
4425.1,36552,120,6844.54,True
4425.1,36557,120,6914.7,True
4430.1,36219,120,6794.88,True
4430.1,36367,120,6909.11,True
4435.1,36371,120,6878.12,True
4435.1,37932,1,80.0,False
4440.1,35368,120,6908.28,True
4440.1,36070,120,6835.21,True
4440.1,36071,120,6866.82,True
4440.1,36318,120,6854.12,True
4440.1,36358,120,6819.67,True
4440.1,36564,120,6795.95,True
4440.1,36580,120,6928.3,True
4440.1,36727,120,6871.98,True
4440.1,36845,120,6767.85,True
4445.1,35415,120,6864.04,True
4445.1,35604,120,6925.4,True
4445.1,36316,120,6876.93,True
4445.1,36388,120,6928.17,True
4445.1,36513,120,6926.8,True
4445.1,36539,120,6890.29,True
4450.1,32343,327,35.57,True
4450.1,32762,120,6810.07,True
4450.1,36370,120,6853.51,True
4450.1,36671,120,6883.66,True
4450.1,36678,120,6848.6,True
4450.1,36706,120,6960.52,True
4450.1,36760,120,6941.69,True
4455.1,35751,120,6792.57,True
4455.1,36527,120,6930.2,True
4455.1,36663,120,6832.88,True
4455.1,36672,120,6873.16,True
4455.1,36711,120,6829.2,True
4455.1,36878,120,6831.32,True
4455.1,38441,10313,8.26,False
4460.1,35313,120,6915.58,True
4460.1,36189,120,6875.08,True
4460.1,36200,120,6955.45,True
4460.1,36519,120,6827.83,True
4460.1,36800,120,6839.1,True
4460.1,36888,120,6859.78,True
4460.1,38533,1220007501,142.11,True
4465.1,36589,120,6833.51,True
4465.1,36629,120,6934.92,True
4465.1,36724,120,6945.42,True
4465.1,36821,120,6822.87,True
4465.1,38796,10313,10.89,False
4470.1,36640,120,6947.62,True
4475.1,36229,120,6813.84,True
4475.1,36414,120,6835.3,True
4475.1,36653,120,6901.08,True
4475.1,36763,120,6940.29,True
4475.1,36868,120,6952.72,True
4475.1,36891,120,6912.95,True
4480.1,22918,120,6872.17,True
4480.1,36300,120,6798.61,True
4480.1,36490,120,6840.76,True
4480.1,36645,120,6853.66,True
4480.1,36820,120,6874.4,True
4480.1,36889,120,6862.09,True
4485.1,26942,1,94.48,False
4485.1,36313,120,6812.47,True
4485.1,36505,120,6819.62,True
4485.1,36822,120,6927.16,True
4485.1,36907,120,6927.55,True
4485.1,37027,120,6859.86,True
4485.1,37099,120,6912.82,True
4485.1,37765,10410,3.55,False
4485.1,39144,10313,7.27,False
4490.1,36263,120,6821.66,True
4490.1,36674,120,6934.13,True
4490.1,36848,120,6888.99,True
4490.1,36850,120,6857.38,True
4490.1,36908,120,6884.83,True
4490.1,36971,120,6891.67,True
4490.1,36984,120,6798.37,True
4490.1,37267,120,6819.34,True
4490.1,37314,120,6924.41,True
4495.1,31984,1210009403,101.11,True
4495.1,32235,1220000201,63.44,True
4495.1,32246,1220000201,78.34,True
4495.1,35736,120,6865.73,True
4495.1,36652,120,6832.64,True
4495.1,36662,120,6876.49,True
4495.1,36782,120,6827.52,True
4495.1,36784,10410,6.74,False
4495.1,36826,120,6911.35,True
4495.1,36947,120,6947.49,True
4495.1,36966,120,6901.13,True
4495.1,36969,120,6827.54,True
4495.1,37079,120,6820.22,True
4495.1,37091,120,6941.59,True
4495.1,37197,120,6900.28,True
4500.1,29702,1,98.6,False
4500.1,31825,1,118.74,False
4500.1,35690,120,6945.27,True
4500.1,36965,120,6816.29,True
4500.1,37060,120,6939.22,True
4500.1,37127,120,6828.2,True
4500.1,37157,120,6846.49,True
4500.1,37281,120,6916.88,True
4500.1,37397,120,6882.88,True
4500.1,37434,120,6807.53,True
4505.1,34804,10267,7.56,False
4505.1,35623,120,6813.93,True
4505.1,37268,120,6866.82,True
4505.1,37340,120,6834.89,True
4510.1,36882,120,6864.39,True
4510.1,36996,120,6904.91,True
4510.1,37201,120,6900.77,True
4510.1,37283,120,6880.76,True
4510.1,37409,120,6799.13,True
4510.1,37558,120,6855.51,True
4510.1,37621,120,6815.02,True
4510.1,38154,10266,17.02,False
4515.1,37264,120,6807.04,True
4515.1,37510,120,6815.97,True
4520.1,37186,120,6925.24,True
4520.1,37360,120,6837.03,True
4520.1,37533,120,6798.26,True
4525.1,35338,120,6821.68,True
4525.1,36887,120,6861.23,True
4525.1,37180,10111,31.6,False
4525.1,37444,120,6815.36,True
4525.1,37544,120,6960.71,True
4530.1,35400,120,6904.22,True
4530.1,37144,120,6936.54,True
4530.1,37298,120,6809.4,True
4530.1,37628,120,6880.95,True
4535.1,37012,120,6878.01,True
4535.1,37326,120,6819.21,True
4535.1,37477,120,6917.62,True
4535.1,37501,120,6927.43,True
4535.1,37517,120,6957.3,True
4535.1,37584,120,6879.09,True
4535.1,37820,1220000502,316.92,True
4540.1,37392,120,6837.45,True
4540.1,37471,120,6799.82,True
4540.1,37753,120,6793.35,True
4545.1,35675,10607,5.13,False
4545.1,37107,120,6871.0,True
4545.1,37209,120,6829.77,True
4545.1,37430,120,6804.41,True
4545.1,37470,120,6884.96,True
4545.1,37559,120,6846.32,True
4545.1,37569,120,6916.14,True
4545.1,37726,120,6836.63,True
4545.1,37881,120,6812.69,True
4550.1,37177,120,6961.33,True
4550.1,37271,120,6843.56,True
4550.1,37313,120,6874.13,True
4550.1,37364,10267,1.12,False
4550.1,37613,120,6834.26,True
4550.1,37699,120,6833.55,True
4550.1,39944,10111,23.04,False
4555.1,37207,120,6837.42,True
4555.1,37425,120,6946.17,True
4555.1,37746,120,6811.15,True
4555.1,37918,120,6861.86,True
4565.1,37787,120,6791.61,True
4570.1,37277,1220000201,59.22,True
4570.1,37578,120,6822.34,True
4570.1,37637,120,6870.31,True
4570.1,37722,120,6959.86,True
4575.1,37126,120,6807.52,True
4575.1,37141,1,107.0,False
4575.1,37433,120,6805.75,True
4575.1,37607,120,6884.91,True
4575.1,37686,120,6920.6,True
4575.1,37965,120,6846.73,True
4575.1,40120,10111,29.01,False
4580.1,37343,120,6939.44,True
4580.1,37415,120,6854.91,True
4580.1,37452,120,6817.92,True
4580.1,37676,120,6872.4,True
4580.1,37683,120,6892.67,True
4580.1,37700,120,6928.84,True
4580.1,37894,120,6927.9,True
4580.1,37951,120,6892.18,True
4585.1,18727,1,103.53,False
4585.1,31687,10589,11.06,False
4585.1,37624,120,6934.79,True
4585.1,37630,120,6932.6,True
4585.1,37665,120,6891.72,True
4585.1,37712,120,6867.39,True
4585.1,38100,120,6785.27,True
4585.1,39269,1,67.16,False
4590.1,36748,120,6866.26,True
4590.1,37050,120,6840.13,True
4590.1,37463,120,6903.9,True
4590.1,37675,120,6887.85,True
4590.1,37724,120,6826.3,True
4590.1,37842,120,6833.92,True
4590.1,38085,120,6799.31,True
4590.1,38110,120,6926.26,True
4595.1,36616,120,6946.01,True
4595.1,36869,120,6877.55,True
4595.1,37390,120,6924.15,True
4595.1,37553,120,6959.36,True
4595.1,37666,120,6945.42,True
4595.1,37849,120,6869.73,True
4595.1,38001,120,6854.85,True
4595.1,38010,120,6853.78,True
4595.1,38069,120,6919.31,True
4600.1,35555,10111,11.96,False
4600.1,37900,120,6880.88,True
4600.1,37910,120,6917.95,True
4600.1,38219,120,6898.4,True
4605.1,26256,1220014000,103.27,True
4605.1,33653,327,55.5,True
4605.1,37462,120,6931.18,True
4605.1,37745,120,6903.42,True
4605.1,37902,120,6857.13,True
4605.1,37990,120,6931.2,True
4605.1,38016,120,6944.72,True
4605.1,38052,120,6953.16,True
4605.1,38070,120,6919.6,True
4605.1,38095,120,6794.33,True
4605.1,38157,120,6820.75,True
4605.1,38312,120,6894.46,True
4605.1,39740,1220007501,130.08,True
4610.1,37921,120,6955.15,True
4610.1,38120,120,6855.65,True
4610.1,38847,10034,31.04,False
4610.1,39848,10313,7.3,False
4615.1,37536,120,6868.32,True
4615.1,38063,120,6891.53,True
4615.1,40383,10313,8.46,False
4620.1,37934,120,6807.78,True
4620.1,38047,120,6903.87,True
4620.1,38056,120,6813.21,True
4620.1,38250,120,6813.7,True
4620.1,38436,120,6862.54,True
4625.1,37414,120,6894.76,True
4625.1,37690,120,6858.0,True
4625.1,37959,120,6853.48,True
4625.1,38004,120,6947.98,True
4625.1,38507,120,6803.2,True
4630.1,37570,120,6819.84,True
4630.1,38018,120,6820.03,True
4635.1,32842,10410,6.29,False
4635.1,38477,120,6870.8,True
4635.1,38837,1,112.52,False
4640.1,38307,120,6842.53,True
4640.1,38414,120,6874.25,True
4645.1,29632,1220000201,77.97,True
4645.1,34708,10410,7.82,False
4645.1,37002,1220000201,62.68,True
4645.1,38041,120,6799.75,True
4645.1,38263,120,6927.09,True
4645.1,38274,1210009403,100.79,True
4645.1,38291,120,6888.91,True
4645.1,38467,120,6798.52,True
4650.1,24495,1220000201,37.5,True
4650.1,36147,10410,0.67,False
4650.1,37034,120,6909.07,True
4650.1,37994,120,6957.15,True
4650.1,38145,120,6872.01,True
4650.1,38163,120,6840.44,True
4650.1,38294,120,6884.16,True
4650.1,38353,120,6859.68,True
4650.1,38377,120,6887.06,True
4650.1,38516,120,6926.72,True
4650.1,38526,120,6892.24,True
4650.1,38539,120,6829.26,True
4650.1,38588,120,6921.33,True
4655.1,38332,120,6890.45,True
4655.1,38366,120,6877.01,True
4655.1,38592,120,6824.58,True
4655.1,38642,120,6905.84,True
4655.1,40378,10410,7.95,False
4660.1,31846,1,112.56,False
4660.1,37509,120,6826.82,True
4660.1,37988,120,6823.6,True
4660.1,38231,120,6862.26,True
4660.1,38458,120,6954.95,True
4660.1,38560,120,6856.45,True
4660.1,38613,120,6907.94,True
4660.1,38882,120,6865.58,True
4660.1,38941,120,6783.92,True
4660.1,40745,10034,26.37,False
4665.1,37929,120,6914.37,True
4665.1,37985,120,6937.27,True
4665.1,38304,120,6899.98,True
4665.1,38328,120,6877.35,True
4665.1,38457,120,6927.8,True
4665.1,38483,120,6899.6,True
4665.1,38523,120,6904.66,True
4665.1,38804,120,6866.43,True
4665.1,38956,120,6836.76,True
4670.1,33545,1,134.17,False
4670.1,35050,1220012502,225.92,True
4670.1,37884,120,6959.38,True
4670.1,37954,120,6955.02,True
4670.1,38031,120,6856.07,True
4670.1,38256,120,6816.76,True
4670.1,38415,120,6813.03,True
4670.1,38575,120,6887.6,True
4670.1,38605,120,6827.8,True
4670.1,38628,120,6919.71,True
4670.1,38644,120,6944.8,True
4670.1,38658,120,6907.32,True
4670.1,38697,120,6916.68,True
4670.1,38964,120,6881.88,True
4675.1,37496,120,6947.2,True
4675.1,37530,120,6925.36,True
4675.1,38240,120,6793.34,True
4675.1,38479,120,6920.99,True
4675.1,38620,120,6955.32,True
4675.1,38666,120,6887.73,True
4675.1,38735,120,6887.81,True
4675.1,38752,120,6821.52,True
4675.1,39008,120,6937.67,True
4675.1,39113,120,6849.8,True
4680.1,37438,10267,15.51,False
4680.1,37715,120,6813.64,True
4680.1,38600,120,6942.94,True
4680.1,38951,120,6824.93,True
4685.1,38500,120,6815.17,True
4685.1,38545,120,6940.55,True
4685.1,38623,120,6818.69,True
4685.1,38772,120,6874.25,True
4685.1,38880,120,6808.61,True
4685.1,40861,10111,25.72,False
4690.1,37667,120,6881.04,True
4690.1,37693,120,6844.8,True
4690.1,38929,120,6840.31,True
4695.1,38534,10267,9.19,False
4695.1,38984,120,6870.89,True
4700.1,28906,1,120.5,False
4715.1,38858,120,6886.15,True
4720.1,39236,120,6800.66,True
4725.1,36249,1,106.3,False
4725.1,36837,1,52.4,False
4725.1,38841,120,6880.29,True
4730.1,20534,1,64.28,False
4730.1,38828,120,6929.95,True
4730.1,38839,120,6855.12,True
4730.1,39338,120,6949.36,True
4735.1,34423,10589,20.5,False
4735.1,37181,1,100.31,False
4735.1,38200,120,6898.94,True
4735.1,38794,120,6955.77,True
4740.1,35843,1,135.25,False
4740.1,38981,120,6829.82,True
4740.1,39332,120,6941.57,True
4745.1,28715,10607,5.28,False
4745.1,38834,120,6798.26,True
4745.1,39014,120,6917.1,True
4745.1,39321,120,6800.93,True
4745.1,39378,120,6859.26,True
4750.1,32729,327,73.84,True
4750.1,39019,120,6840.79,True
4750.1,39241,120,6788.75,True
4750.1,39343,120,6932.23,True
4755.1,37920,120,6896.56,True
4755.1,38150,120,6866.9,True
4755.1,38870,120,6923.13,True
4755.1,38979,120,6839.12,True
4755.1,38990,120,6836.8,True
4755.1,39093,120,6868.45,True
4755.1,39118,120,6881.17,True
4755.1,39175,120,6800.28,True
4755.1,39194,120,6900.23,True
4755.1,39250,120,6930.89,True
4755.1,41010,10313,10.9,False
4755.1,41024,1220007501,137.1,True
4760.1,38230,120,6897.95,True
4760.1,38736,120,6934.19,True
4760.1,38872,120,6870.69,True
4760.1,38912,120,6956.62,True
4760.1,39134,120,6819.45,True
4760.1,39224,120,6900.98,True
4760.1,39242,120,6891.89,True
4760.1,39404,120,6864.42,True
4760.1,39497,120,6946.24,True
4760.1,39507,120,6928.13,True
4760.1,39553,120,6861.97,True
4765.1,33292,1,83.91,False
4765.1,41377,10111,5.3,False
4770.1,38925,120,6935.2,True
4770.1,39133,120,6816.81,True
4770.1,40353,1220014000,94.03,True
4775.1,39018,120,6941.91,True
4775.1,39150,120,6827.14,True
4775.1,39227,120,6781.03,True
4775.1,39294,120,6954.73,True
4775.1,39720,120,6908.2,True
4780.1,38080,120,6883.59,True
4780.1,38940,120,6844.18,True
4780.1,39164,120,6943.44,True
4780.1,39173,120,6875.23,True
4780.1,39271,120,6807.08,True
4780.1,39284,120,6809.99,True
4780.1,39309,120,6882.15,True
4785.1,38215,120,6918.72,True
4785.1,38818,120,6895.06,True
4785.1,38997,120,6943.56,True
4785.1,39207,120,6872.5,True
4785.1,39475,1220014000,104.91,True
4785.1,39665,120,6938.19,True
4790.1,39552,120,6957.86,True
4790.1,39727,120,6829.15,True
4795.1,34036,1220000201,48.17,True
4795.1,36651,1220000201,73.06,True
4795.1,38721,120,6830.19,True
4795.1,38983,120,6929.71,True
4800.1,32270,10267,24.35,False
4800.1,34618,1220000201,61.07,True
4800.1,39116,120,6826.28,True
4800.1,39315,120,6859.59,True
4800.1,39341,120,6842.66,True
4800.1,39403,120,6951.43,True
4800.1,39595,120,6814.97,True
4800.1,39692,120,6823.48,True
4800.1,39799,120,6859.37,True
4800.1,40995,1220014000,90.98,True
4805.1,38774,120,6865.02,True
4805.1,38978,120,6829.92,True
4805.1,39430,120,6903.1,True
4805.1,39608,120,6950.37,True
4805.1,39698,120,6938.36,True
4805.1,39759,120,6885.48,True
4805.1,39854,120,6846.8,True
4810.1,39228,120,6812.39,True
4810.1,39245,120,6855.35,True
4810.1,41230,10313,9.92,False
4815.1,30728,1220000201,84.07,True
4815.1,37978,1,111.7,False
4815.1,38275,120,6884.0,True
4815.1,39059,120,6880.53,True
4815.1,39400,120,6912.49,True
4815.1,39554,120,6849.11,True
4815.1,39842,120,6832.49,True
4815.1,39934,120,6874.28,True
4815.1,40130,120,6840.81,True
4820.1,30902,1,118.66,False
4820.1,39971,120,6798.06,True
4820.1,40520,1220012502,226.15,True
4820.1,42074,10113,8.87,False
4825.1,39490,120,6807.54,True
4825.1,39754,120,6931.32,True
4825.1,39899,120,6944.34,True
4825.1,39946,120,6786.3,True
4830.1,39840,120,6943.81,True
4830.1,40014,120,6859.27,True
4830.1,42166,1220000502,315.71,True
4835.1,39810,120,6911.8,True
4840.1,39137,120,6873.92,True
4840.1,39972,120,6846.32,True
4840.1,40059,120,6820.9,True
4840.1,40093,120,6838.71,True
4840.1,40133,120,6863.93,True
4840.1,40277,120,6789.22,True
4845.1,39569,120,6923.71,True
4845.1,39770,120,6814.71,True
4845.1,39936,120,6853.9,True
4845.1,39998,120,6867.06,True
4845.1,40084,120,6829.54,True
4850.1,39975,120,6879.4,True
4850.1,40081,120,6865.08,True
4855.1,31359,381,89.75,False
4855.1,39573,120,6837.92,True
4855.1,39738,120,6873.77,True
4855.1,39987,120,6941.12,True
4860.1,38081,1,62.91,False
4860.1,39541,120,6917.68,True
4860.1,39798,1220000201,68.55,True
4865.1,37583,1220000201,72.36,True
4865.1,39007,120,6895.91,True
4865.1,39122,120,6892.69,True
4865.1,39411,1,128.64,False
4865.1,39596,120,6931.38,True
4865.1,39833,120,6876.58,True
4865.1,40137,120,6829.36,True
4870.1,38850,120,6828.71,True
4870.1,38920,120,6831.74,True
4870.1,39456,120,6912.5,True
4870.1,39762,120,6922.68,True
4870.1,39826,120,6887.53,True
4870.1,39846,120,6845.87,True
4870.1,39865,120,6871.99,True
4870.1,39894,120,6852.45,True
4870.1,40058,120,6816.14,True
4870.1,40076,120,6887.32,True
4870.1,40101,120,6935.43,True
4870.1,40242,120,6923.72,True
4870.1,40318,120,6897.97,True
4870.1,40480,120,6864.21,True
4870.1,42426,1220000502,316.95,True
4870.1,42435,1220000502,327.83,True
4875.1,39931,120,6851.54,True
4875.1,42460,1220000502,321.33,True
4880.1,40106,120,6908.82,True
4880.1,40297,120,6933.36,True
4880.1,40314,10607,19.47,False
4880.1,40483,120,6832.4,True
4885.1,39967,120,6939.17,True
4885.1,39982,120,6957.33,True
4885.1,40026,120,6894.16,True
4885.1,40142,120,6893.32,True
4885.1,40280,120,6900.26,True
4885.1,40574,1,91.95,False
4890.1,28828,381,77.13,False
4890.1,37964,1,123.24,False
4890.1,40537,120,6879.93,True
4890.1,40644,120,6829.22,True
4895.1,39030,120,6866.13,True
4895.1,39807,120,6901.28,True
4895.1,40009,120,6844.57,True
4895.1,40299,120,6870.07,True
4895.1,40453,120,6879.33,True
4900.1,27449,1,79.85,False
4900.1,39909,120,6834.32,True
4900.1,40367,120,6918.58,True
4900.1,40481,120,6827.59,True
4900.1,40563,120,6876.59,True
4900.1,40616,120,6854.07,True
4900.1,40748,120,6793.89,True
4905.1,38896,120,6960.23,True
4905.1,39882,120,6872.93,True
4905.1,39920,120,6811.36,True
4905.1,40146,1,58.84,False
4905.1,40169,120,6913.27,True
4905.1,40236,120,6951.25,True
4905.1,40248,120,6923.33,True
4905.1,40261,120,6938.25,True
4905.1,40443,120,6878.95,True
4905.1,40523,120,6864.64,True
4905.1,40569,120,6837.95,True
4910.1,39151,120,6906.15,True
4910.1,39423,120,6868.34,True
4910.1,40001,120,6857.87,True
4910.1,40291,120,6822.53,True
4910.1,40458,120,6944.7,True
4910.1,40573,120,6868.78,True
4910.1,40742,120,6921.5,True
4915.1,39964,120,6810.5,True
4915.1,40088,120,6852.12,True
4915.1,40738,120,6810.1,True
4915.1,40796,120,6865.81,True
4915.1,40837,1220014000,99.67,True
4920.1,40332,120,6876.43,True
4920.1,40702,120,6945.5,True
4925.1,39095,120,6849.62,True
4925.1,39293,120,6796.17,True
4925.1,39551,120,6795.22,True
4925.1,40023,120,6837.46,True
4925.1,40086,120,6812.55,True
4925.1,40274,120,6895.36,True
4925.1,40630,120,6930.49,True
4925.1,40776,120,6891.06,True
4930.1,40330,120,6942.78,True
4930.1,40415,120,6813.86,True
4930.1,40803,120,6815.83,True
4930.1,40804,120,6937.79,True
4930.1,41698,1220007501,143.08,True
4935.1,39057,120,6860.9,True
4935.1,39506,120,6905.93,True
4935.1,40196,10410,1.32,False
4940.1,38991,1220014000,91.23,True
4940.1,39594,120,6881.94,True
4940.1,40007,1,102.38,False
4940.1,40357,120,6919.22,True
4940.1,40392,120,6840.23,True
4940.1,40897,120,6864.96,True
4940.1,42536,1220007501,143.69,True
4940.1,42614,1220000502,327.57,True
4945.1,34451,1220000201,78.11,True
4945.1,34888,10410,4.39,False
4945.1,36553,1220000201,68.55,True
4945.1,37705,1,137.75,False
4945.1,39538,120,6802.82,True
4945.1,39951,120,6826.23,True
4945.1,40320,120,6954.76,True
4945.1,40364,120,6824.84,True
4945.1,40404,120,6836.44,True
4945.1,40812,10267,1.26,False
4945.1,40847,120,6862.49,True
4945.1,42933,10113,19.12,False
4950.1,30526,10267,20.24,False
4950.1,30632,1,113.69,False
4950.1,40100,120,6853.41,True
4950.1,40788,1220000201,68.11,True
4950.1,40851,120,6869.48,True
4955.1,38099,1220000201,42.29,True
4955.1,39940,120,6886.61,True
4955.1,40006,120,6904.61,True
4955.1,40385,120,6847.1,True
4955.1,40423,120,6923.04,True
4955.1,40530,120,6858.16,True
4960.1,39628,120,6834.55,True
4960.1,40586,120,6924.21,True
4960.1,40905,1220000201,77.0,True
4965.1,37692,1,115.32,False
4965.1,40475,120,6924.09,True
4965.1,40650,120,6910.34,True
4970.1,35652,1,135.5,False
4970.1,38550,1,99.01,False
4970.1,41214,1220000201,68.19,True
4975.1,33057,1,92.85,False
4975.1,34778,10111,18.24,False
4975.1,39808,120,6960.89,True
4975.1,40102,120,6884.85,True
4975.1,40416,120,6876.5,True
4975.1,40451,120,6836.98,True
4975.1,40685,120,6794.87,True
4975.1,40811,120,6833.87,True
4975.1,41159,120,6794.93,True
4980.1,40403,120,6907.14,True
4980.1,40619,120,6929.37,True
4980.1,40701,120,6804.16,True
4980.1,40705,120,6892.26,True
4980.1,41209,120,6926.53,True
4980.1,41234,120,6801.38,True
4980.1,41319,1,80.69,False
4985.1,39974,120,6837.52,True
4985.1,40440,120,6958.01,True
4985.1,40464,120,6785.91,True
4985.1,40534,120,6918.59,True
4985.1,41119,120,6847.95,True
4985.1,41197,120,6929.56,True
4985.1,41217,120,6865.09,True
4990.1,40164,120,6914.51,True
4990.1,40495,120,6877.42,True
4990.1,40664,120,6922.07,True
4990.1,41266,120,6938.39,True
4990.1,41304,120,6931.44,True
4990.1,41356,120,6897.33,True
4990.1,41385,120,6905.96,True
4990.1,41425,120,6887.73,True
4995.1,40617,120,6844.68,True
4995.1,41077,120,6908.38,True
5000.1,38960,120,6859.31,True
5000.1,40290,120,6940.77,True
5000.1,40634,120,6961.21,True
5000.1,40717,120,6922.01,True
5000.1,40952,120,6896.52,True
5000.1,40969,120,6854.81,True
5000.1,41067,120,6942.94,True
5005.1,40073,120,6945.89,True
5005.1,40447,120,6829.27,True
5005.1,40512,120,6937.17,True
5005.1,40867,10267,9.67,False
5005.1,41330,120,6871.89,True
5005.1,41506,120,6792.83,True
5010.1,36077,10228,16.78,False
5010.1,40892,120,6840.94,True
5010.1,41299,120,6843.88,True
5015.1,40504,120,6932.97,True
5015.1,40548,120,6887.69,True
5015.1,41484,120,6922.82,True
5020.1,40437,120,6825.8,True
5020.1,40948,120,6777.76,True
5020.1,41089,120,6940.65,True
5025.1,41030,120,6834.36,True
5025.1,41100,120,6877.42,True
5025.1,41459,120,6897.6,True
5030.1,40565,120,6952.16,True
5030.1,40980,120,6914.83,True
5030.1,41392,120,6817.94,True
5030.1,41453,120,6942.22,True
5030.1,41519,120,6925.51,True
5030.1,43146,10111,30.89,False
5035.1,41591,120,6947.55,True
5035.1,42666,1,103.37,False
5040.1,41441,120,6827.75,True
5045.1,41005,120,6931.76,True
5050.1,39767,10228,3.62,False
5050.1,41216,120,6943.06,True
5055.1,40729,120,6827.08,True
5055.1,40751,120,6815.07,True
5055.1,41028,120,6953.82,True
5055.1,42713,1220007501,145.84,True
5060.1,40585,120,6932.79,True
5060.1,41666,120,6890.33,True
5060.1,41691,120,6851.46,True
5060.1,43137,1220007501,133.6,True
5065.1,40087,120,6874.9,True
5065.1,40915,120,6838.35,True
5065.1,41012,120,6889.96,True
5065.1,41747,120,6889.24,True
5065.1,41834,120,6858.36,True
5070.1,40545,120,6826.84,True
5070.1,40996,120,6815.24,True
5070.1,41348,120,6947.57,True
5070.1,41787,120,6829.68,True
5075.1,36054,1,120.38,False
5075.1,39990,120,6858.54,True
5075.1,41624,120,6837.89,True
5075.1,41829,120,6828.98,True
5075.1,43510,10313,10.16,False
5075.1,43534,1220007501,136.37,True
5080.1,34504,1,137.72,False
5080.1,40048,120,6808.47,True
5080.1,40839,120,6950.71,True
5080.1,41292,120,6951.6,True
5085.1,40778,120,6940.95,True
5085.1,41313,1220014000,97.95,True
5085.1,41537,120,6860.19,True
5090.1,40072,1220014000,92.43,True
5090.1,40928,120,6836.99,True
5090.1,41343,120,6947.83,True
5090.1,41452,120,6946.87,True
5090.1,41583,120,6900.76,True
5090.1,41852,120,6873.03,True
5095.1,36600,1210009403,101.09,True
5095.1,37828,1220000201,71.93,True
5095.1,38058,1220000201,63.96,True
5095.1,40525,120,6819.14,True
5095.1,41139,120,6818.91,True
5095.1,41282,120,6872.29,True
5095.1,41492,120,6848.86,True
5095.1,41910,120,6921.01,True
5100.1,38542,10266,10.48,False
5100.1,39092,1220000201,81.26,True
5100.1,40715,120,6890.78,True
5100.1,41233,120,6889.29,True
5100.1,41378,120,6850.36,True
5100.1,41975,120,6840.63,True
5105.1,40943,120,6922.41,True
5105.1,41532,120,6944.65,True
5105.1,41931,120,6859.44,True
5105.1,41962,120,6886.51,True
5110.1,35431,1,117.11,False
5110.1,41176,120,6940.31,True
5115.1,32382,1,131.04,False
5115.1,36090,10111,14.1,False
5115.1,38566,1220000201,42.63,True
5115.1,40514,120,6805.22,True
5115.1,41189,120,6836.91,True
5115.1,41256,120,6901.66,True
5115.1,41264,120,6849.19,True
5115.1,41557,120,6888.18,True
5115.1,41569,120,6947.12,True
5115.1,41647,120,6927.53,True
5115.1,41702,120,6801.61,True
5115.1,41803,120,6857.23,True
5115.1,41878,120,6858.22,True
5115.1,42005,120,6822.31,True
5120.1,35663,10111,21.27,False
5120.1,40126,120,6914.07,True
5120.1,41434,120,6947.26,True
5120.1,41471,120,6913.19,True
5120.1,41528,1,122.48,False
5120.1,41675,120,6930.21,True
5120.1,41686,120,6948.67,True
5125.1,35460,10111,21.98,False
5125.1,40456,10111,25.9,False
5125.1,40615,120,6943.17,True
5125.1,41333,120,6948.43,True
5125.1,41395,120,6912.33,True
5125.1,41560,120,6857.36,True
5125.1,41658,120,6957.67,True
5125.1,41774,120,6822.63,True
5125.1,41786,120,6812.93,True
5125.1,41819,120,6922.98,True
5125.1,42077,120,6847.71,True
5130.1,40205,120,6946.0,True
5130.1,40693,120,6866.81,True
5130.1,41533,120,6824.5,True
5130.1,41581,120,6877.58,True
5130.1,41707,120,6810.6,True
5130.1,41710,120,6941.66,True
5130.1,41735,120,6902.92,True
5130.1,41762,120,6871.64,True
5130.1,41865,120,6835.18,True
5130.1,42006,120,6895.02,True
5130.1,42028,120,6785.28,True
5130.1,42030,120,6910.08,True
5130.1,42049,120,6934.24,True
5130.1,42102,120,6845.25,True
5130.1,42607,1,70.63,False
5135.1,35145,10111,8.76,False
5135.1,41719,120,6948.77,True
5140.1,42043,120,6826.21,True
5140.1,42132,10111,12.63,False
5140.1,42187,120,6848.52,True
5145.1,41400,1,131.34,False
5150.1,41938,120,6959.92,True
5155.1,36017,1220014000,85.4,True
5155.1,41728,120,6943.35,True
5155.1,42070,120,6895.95,True
5155.1,42125,120,6942.3,True
5155.1,42153,120,6926.49,True
5155.1,42273,120,6807.8,True
5155.1,42486,120,6886.87,True
5155.1,42519,120,6850.43,True
5160.1,42054,120,6843.65,True
5160.1,44065,10111,7.8,False
5165.1,42211,120,6880.68,True
5165.1,42213,120,6840.63,True
5165.1,42368,120,6869.69,True
5175.1,41790,120,6892.78,True
5175.1,41832,120,6803.76,True
5175.1,41980,120,6953.19,True
5175.1,42232,120,6863.75,True
5175.1,42280,120,6824.28,True
5175.1,42361,120,6895.29,True
5180.1,41739,120,6920.2,True
5180.1,41992,120,6958.13,True
5180.1,42403,120,6831.5,True
5185.1,42190,120,6815.24,True
5185.1,42279,120,6949.92,True
5185.1,42410,120,6929.15,True
5185.1,42420,120,6889.2,True
5185.1,42451,120,6946.52,True
5185.1,43394,1,102.26,False
5185.1,43456,1,70.13,False
5185.1,43992,1,44.75,False
5190.1,42104,120,6940.9,True
5190.1,42412,120,6829.6,True
5190.1,42623,120,6838.79,True
5195.1,41767,120,6843.44,True
5195.1,41900,120,6829.3,True
5195.1,42332,120,6837.15,True
5195.1,42559,120,6783.22,True
5200.1,42275,120,6832.88,True
5200.1,42659,120,6907.8,True
5205.1,40463,10266,17.48,False
5205.1,42356,120,6837.19,True
5205.1,42540,120,6948.28,True
5205.1,42654,120,6902.54,True
5210.1,42134,120,6840.03,True
5210.1,42541,120,6930.7,True
5210.1,42650,1220014000,99.96,True
5215.1,30393,10011,10.7,False
5215.1,41912,120,6952.98,True
5215.1,42301,120,6836.34,True
5215.1,42825,120,6920.11,True
5220.1,42316,120,6872.43,True
5220.1,42503,120,6954.93,True
5230.1,42415,120,6947.27,True
5230.1,42717,120,6897.77,True
5235.1,41935,10410,5.45,False
5235.1,42297,120,6853.36,True
5235.1,42399,120,6859.93,True
5235.1,42428,120,6822.64,True
5235.1,42584,120,6790.9,True
5235.1,42763,120,6889.92,True
5235.1,42982,120,6866.71,True
5235.1,43007,120,6819.16,True
5235.1,43150,120,6823.38,True
5240.1,40665,120,6848.59,True
5240.1,40681,120,6826.48,True
5240.1,41687,120,6850.23,True
5240.1,41974,120,6874.19,True
5240.1,42024,120,6915.89,True
5240.1,42258,120,6913.41,True
5240.1,42837,120,6893.48,True
5245.1,41904,10267,0.03,False
5245.1,41936,120,6891.99,True
5245.1,42396,120,6823.08,True
5250.1,41729,120,6944.65,True
5250.1,41831,120,6872.55,True
5250.1,42378,120,6880.37,True
5250.1,42962,120,6919.56,True
5250.1,43074,120,6808.57,True
5255.1,42658,120,6820.76,True
5255.1,42778,1220000201,70.36,True
5255.1,43354,1220000201,36.95,True
5260.1,42264,120,6836.26,True
5260.1,42520,120,6873.16,True
5260.1,43224,120,6913.69,True
5265.1,29665,1220000201,71.51,True
5265.1,35720,1,117.15,False
5265.1,41995,120,6909.85,True
5265.1,42471,120,6897.67,True
5265.1,42577,120,6947.31,True
5265.1,42859,120,6820.21,True
5270.1,29705,1,101.88,False
5270.1,42768,120,6861.63,True
5275.1,42393,1,131.84,False
5275.1,42596,1,110.06,False
5275.1,42836,120,6804.46,True
5275.1,43039,120,6836.16,True
5280.1,41945,120,6822.79,True
5280.1,42246,120,6954.3,True
5280.1,42655,120,6936.23,True
5280.1,42886,120,6951.57,True
5280.1,43243,120,6860.48,True
5285.1,41250,120,6895.45,True
5285.1,41622,120,6951.61,True
5285.1,41673,120,6899.55,True
5285.1,42620,120,6809.84,True
5285.1,42676,120,6848.67,True
5290.1,42563,120,6843.15,True
5290.1,42632,120,6937.42,True
5290.1,42671,120,6877.38,True
5295.1,42643,120,6924.77,True
5295.1,42751,120,6838.98,True
5295.1,42847,120,6803.76,True
5295.1,42973,120,6813.6,True
5295.1,43057,120,6821.75,True
5295.1,43162,120,6935.73,True
5300.1,41130,120,6874.08,True
5300.1,42692,120,6815.97,True
5300.1,42944,10267,3.02,False
5305.1,41965,120,6876.33,True
5305.1,42560,120,6825.83,True
5305.1,42575,120,6926.36,True
5305.1,42734,120,6856.01,True
5305.1,43251,120,6816.45,True
5305.1,45328,10113,17.66,False
5310.1,41701,120,6913.55,True
5310.1,42052,120,6943.1,True
5310.1,42594,120,6945.58,True
5310.1,43015,120,6841.23,True
5310.1,43244,120,6861.09,True
5315.1,43021,120,6844.36,True
5315.1,43207,120,6849.74,True
5315.1,43311,120,6958.61,True
5320.1,43091,120,6866.71,True
5320.1,43265,120,6830.86,True
5320.1,43373,120,6802.18,True
5325.1,41437,1,57.07,False
5325.1,42919,120,6904.76,True
5325.1,43029,120,6944.91,True
5325.1,43041,120,6917.56,True
5325.1,43049,120,6908.0,True
5325.1,43400,120,6948.64,True
5325.1,43478,120,6911.1,True
5330.1,42926,120,6874.15,True
5330.1,43010,120,6832.61,True
5330.1,43198,120,6930.57,True
5330.1,43281,120,6876.53,True
5330.1,43365,120,6836.93,True
5330.1,43470,120,6946.47,True
5330.1,43537,120,6905.76,True
5330.1,43598,120,6833.07,True
5335.1,38369,1,71.7,False
5335.1,43313,120,6942.78,True
5340.1,42761,381,80.22,False
5340.1,43562,120,6955.79,True
5340.1,43701,120,6804.94,True
5345.1,42130,1,59.96,False
5345.1,42802,120,6871.25,True
5345.1,43008,120,6897.4,True
5345.1,43410,120,6805.14,True
5345.1,43527,120,6944.4,True
5350.1,41913,1,113.57,False
5350.1,43190,120,6941.14,True
5350.1,43292,120,6807.13,True
5350.1,43496,120,6908.02,True
5350.1,43574,120,6890.42,True
5350.1,43691,120,6873.02,True
5355.1,42700,120,6815.86,True
5355.1,42977,120,6859.66,True
5355.1,43149,120,6896.52,True
5355.1,43168,120,6885.75,True
5355.1,43225,120,6933.83,True
5355.1,44717,10313,10.99,False
5360.1,32517,1,72.64,False
5360.1,45110,1220007501,143.64,True
5365.1,43110,120,6931.66,True
5365.1,43518,120,6867.17,True
5365.1,43554,120,6921.85,True
5375.1,43138,120,6939.49,True
5375.1,43174,120,6914.76,True
5375.1,43236,120,6870.86,True
5375.1,43491,120,6814.71,True
5375.1,43497,120,6848.8,True
5375.1,43728,120,6906.87,True
5375.1,43756,120,6884.28,True
5375.1,43799,120,6808.78,True
5380.1,43346,120,6858.62,True
5380.1,43395,120,6888.07,True
5380.1,43482,120,6864.89,True
5380.1,43573,120,6895.62,True
5380.1,43689,120,6822.89,True
5380.1,43729,120,6953.51,True
5380.1,43736,120,6932.78,True
5380.1,43833,120,6812.67,True
5385.1,37741,10589,19.21,False
5385.1,42909,1220014000,101.85,True
5385.1,43152,120,6843.82,True
5385.1,43780,120,6865.3,True
5385.1,43913,120,6862.59,True
5390.1,43427,120,6818.14,True
5390.1,43555,1,124.48,False
5390.1,43708,120,6857.96,True
5390.1,45588,1220000502,326.26,True
5395.1,36917,1220000201,80.68,True
5395.1,38781,1220000201,71.37,True
5395.1,43016,120,6834.62,True
5395.1,43208,1,94.05,False
5395.1,43612,120,6947.93,True
5400.1,32327,10267,6.56,False
5400.1,34590,1,101.56,False
5400.1,39046,1220000201,73.49,True
5400.1,43028,120,6823.31,True
5400.1,43635,120,6859.08,True
5400.1,43842,120,6892.44,True
5400.1,43855,120,6859.79,True
5400.1,43856,120,6852.89,True
5400.1,43947,120,6906.13,True
5405.1,35361,1,98.48,False
5405.1,42014,1220000201,57.28,True
5405.1,42453,120,6859.62,True
5405.1,43199,120,6914.83,True
5405.1,43452,120,6873.86,True
5405.1,43546,120,6814.87,True
5405.1,43559,120,6894.36,True
5405.1,43592,1220000201,75.79,True
5405.1,43726,120,6860.22,True
5410.1,36121,1,129.09,False
5410.1,40266,1,109.26,False
5410.1,43587,120,6916.49,True
5410.1,44082,120,6903.64,True
5410.1,45539,10313,10.45,False
5415.1,41203,120,6874.36,True
5415.1,43622,120,6819.89,True
5415.1,43854,120,6823.48,True
5415.1,43970,120,6854.43,True
5415.1,44097,120,6939.19,True
5415.1,44179,120,6920.52,True
5420.1,41985,120,6935.5,True
5420.1,43433,120,6927.58,True
5420.1,43533,120,6938.27,True
5420.1,43535,120,6800.62,True
5420.1,43753,120,6865.72,True
5420.1,44127,120,6932.01,True
5420.1,44184,120,6865.32,True
5425.1,42730,120,6895.61,True
5425.1,43558,120,6886.02,True
5425.1,44024,120,6906.05,True
5430.1,42035,120,6910.06,True
5430.1,42475,120,6895.11,True
5430.1,43757,1210009403,93.89,True
5430.1,43785,120,6891.39,True
5430.1,43813,120,6796.73,True
5430.1,44019,120,6846.06,True
5430.1,44169,120,6949.68,True
5435.1,43955,120,6930.69,True
5435.1,43995,120,6955.68,True
5435.1,44072,120,6960.1,True
5435.1,44110,120,6863.58,True
5435.1,44160,120,6891.06,True
5440.1,43358,120,6925.06,True
5440.1,43556,120,6872.13,True
5440.1,43836,10228,13.47,False
5440.1,44066,120,6808.09,True
5445.1,43107,1,116.74,False
5445.1,43422,120,6830.71,True
5445.1,43515,120,6795.67,True
5445.1,43763,120,6899.29,True
5445.1,43788,120,6791.15,True
5445.1,43861,120,6833.35,True
5445.1,44235,120,6863.61,True
5450.1,42641,1,129.02,False
5450.1,42972,120,6937.56,True
5450.1,43822,120,6951.0,True
5450.1,43848,120,6927.58,True
5450.1,44000,381,86.76,False
5450.1,44311,120,6916.8,True
5450.1,44392,120,6927.71,True
5455.1,40399,1,83.13,False
5455.1,43530,120,6851.16,True
5455.1,43832,120,6892.08,True
5455.1,44153,120,6865.12,True
5460.1,43474,120,6861.65,True
5460.1,43830,120,6852.49,True
5460.1,44038,120,6803.41,True
5465.1,43963,120,6945.01,True
5465.1,44077,120,6906.78,True
5465.1,44165,120,6922.6,True
5465.1,44363,120,6858.49,True
5465.1,44400,120,6800.26,True
5470.1,43825,120,6821.07,True
5470.1,43837,120,6872.77,True
5470.1,43901,120,6857.43,True
5470.1,43982,120,6828.05,True
5470.1,44348,120,6921.13,True
5470.1,44440,120,6946.23,True
5475.1,43631,120,6945.89,True
5475.1,43937,120,6839.71,True
5475.1,44231,120,6884.28,True
5475.1,44361,120,6847.07,True
5480.1,43375,120,6817.87,True
5480.1,43511,120,6921.19,True
5480.1,43597,120,6881.57,True
5485.1,43976,120,6958.79,True
5485.1,44306,120,6931.68,True
5485.1,44503,120,6929.18,True
5490.1,42657,120,6958.33,True
5490.1,42679,120,6858.94,True
5490.1,43888,120,6939.63,True
5490.1,43950,120,6841.58,True
5490.1,44091,120,6946.7,True
5490.1,44146,120,6806.95,True
5490.1,44259,120,6877.21,True
5490.1,44384,120,6919.78,True
5490.1,44605,120,6888.34,True
5490.1,46175,10111,23.01,False
5495.1,43409,120,6946.59,True
5495.1,43977,120,6873.34,True
5495.1,44781,120,6961.56,True
5500.1,43009,120,6877.86,True
5500.1,44136,120,6889.51,True
5500.1,44391,120,6940.25,True
5505.1,42616,1220014000,87.8,True
5505.1,42630,120,6933.29,True
5505.1,43886,120,6822.13,True
5505.1,44026,120,6952.26,True
5505.1,44646,120,6856.93,True
5505.1,44723,120,6905.21,True
5505.1,45973,327,92.1,True
5510.1,43173,120,6935.3,True
5510.1,44532,120,6826.56,True
5510.1,44663,120,6852.19,True
5515.1,43485,120,6846.18,True
5515.1,44513,120,6826.74,True
5515.1,44667,120,6897.79,True
5520.1,44743,120,6957.94,True
5525.1,44233,120,6959.26,True
5525.1,44387,120,6847.37,True
5535.1,41212,1220014000,100.5,True
5535.1,44042,120,6844.54,True
5535.1,44335,120,6912.62,True
5535.1,44856,120,6856.11,True
5535.1,44871,120,6815.87,True
5535.1,46254,1220007501,136.84,True
5540.1,42243,1,139.85,False
5540.1,42567,1,123.46,False
5540.1,44885,120,6896.03,True
5545.1,41026,1220000201,45.16,True
5545.1,41180,1,139.85,False
5545.1,41474,1220000201,62.28,True
5545.1,42212,1220014000,95.34,True
5545.1,43571,120,6946.9,True
5545.1,43921,120,6867.27,True
5545.1,44232,120,6907.72,True
5545.1,44282,120,6923.53,True
5545.1,44453,120,6825.8,True
5545.1,44595,120,6889.92,True
5545.1,44697,1220000201,72.99,True
5545.1,44817,120,6937.15,True
5545.1,44947,120,6854.42,True
5550.1,37303,1,99.54,False
5550.1,41744,1,118.02,False
5550.1,43078,120,6868.1,True
5550.1,44585,120,6913.12,True
5555.1,31749,1,94.37,False
5555.1,43440,120,6910.82,True
5555.1,44285,120,6939.95,True
5555.1,44312,120,6905.0,True
5555.1,44463,120,6838.03,True
5565.1,43424,120,6819.71,True
5565.1,44149,120,6922.88,True
5565.1,44980,120,6826.02,True
5570.1,43860,120,6955.78,True
5570.1,43988,120,6814.33,True
5570.1,44262,120,6888.03,True
5570.1,44444,120,6802.34,True
5570.1,44466,120,6895.66,True
5570.1,44633,120,6849.6,True
5570.1,44818,120,6948.8,True
5570.1,45053,120,6951.0,True
5570.1,45056,120,6869.78,True
5575.1,43471,120,6953.72,True
5575.1,44217,120,6937.82,True
5575.1,44402,120,6819.91,True
5575.1,44436,120,6804.46,True
5575.1,44522,120,6824.65,True
5575.1,44558,120,6917.06,True
5575.1,44992,120,6937.94,True
5580.1,42979,120,6852.03,True
5580.1,44201,120,6887.28,True
5580.1,44319,120,6903.57,True
5580.1,44625,120,6863.94,True
5580.1,44626,120,6804.72,True
5580.1,44635,120,6828.06,True
5580.1,44713,120,6831.64,True
5580.1,44725,120,6865.65,True
5580.1,45143,120,6920.95,True
5585.1,44479,120,6949.13,True
5585.1,44526,120,6957.39,True
5585.1,44534,120,6923.25,True
5585.1,44590,120,6852.61,True
5585.1,44597,120,6870.61,True
5585.1,44776,120,6836.39,True
5585.1,45162,120,6915.16,True
5585.1,45182,120,6953.28,True
5585.1,45195,120,6921.52,True
5585.1,45243,120,6891.1,True
5585.1,45294,120,6853.32,True
5590.1,43908,120,6848.17,True
5590.1,43960,120,6908.02,True
5590.1,44079,120,6813.48,True
5590.1,44175,120,6933.02,True
5590.1,44721,1220000402,136.9,True
5590.1,44759,120,6833.25,True
5590.1,44926,120,6833.38,True
5590.1,45197,120,6845.1,True
5590.1,45254,120,6884.51,True
5590.1,45346,120,6808.15,True
5590.1,46283,10034,30.92,False
5595.1,44405,1220000402,138.96,True
5595.1,44674,120,6907.09,True
5595.1,45111,120,6863.54,True
5595.1,45208,120,6831.85,True
5600.1,44507,120,6897.53,True
5600.1,44586,120,6915.23,True
5600.1,44684,1,92.39,False
5600.1,44873,120,6878.26,True
5600.1,44967,10266,23.24,False
5605.1,44660,120,6865.4,True
5605.1,44847,120,6818.61,True
5605.1,44981,120,6859.78,True
5605.1,45348,381,84.54,False
5605.1,45461,120,6815.91,True
5610.1,45128,120,6928.68,True
5610.1,45165,120,6851.17,True
5610.1,45180,120,6887.74,True
5610.1,45233,120,6857.98,True
5615.1,40515,381,86.42,False
5615.1,44125,120,6817.2,True
5615.1,44512,1,133.43,False
5615.1,45127,120,6855.69,True
5620.1,41123,10607,14.21,False
5620.1,44865,120,6905.56,True
5620.1,47314,10113,13.54,False
5625.1,44895,120,6956.79,True
5625.1,44957,120,6887.73,True
5625.1,45109,120,6942.49,True
5625.1,45289,120,6785.45,True
5630.1,44903,1,62.79,False
5630.1,45108,120,6932.24,True
5635.1,39472,10589,22.32,False
5635.1,44401,120,6831.23,True
5635.1,45245,120,6934.49,True
5635.1,45398,120,6865.65,True
5640.1,33454,1,74.45,False
5640.1,44858,120,6869.03,True
5640.1,45045,120,6831.85,True
5640.1,45573,120,6922.39,True
5645.1,38786,1,75.31,False
5645.1,44909,120,6911.45,True
5645.1,45201,120,6887.78,True
5645.1,45327,120,6786.39,True
5645.1,45498,120,6803.33,True
5650.1,44469,120,6957.74,True
5650.1,45043,120,6924.03,True
5650.1,45317,120,6877.11,True
5650.1,45610,120,6917.37,True
5650.1,45758,120,6892.17,True
5655.1,41320,120,6938.35,True
5655.1,45217,120,6836.87,True
5655.1,45690,120,6847.34,True
5660.1,44647,120,6809.23,True
5660.1,45144,120,6909.33,True
5660.1,45664,120,6812.71,True
5660.1,47154,10313,9.63,False
5660.1,47255,1220007501,134.93,True
5665.1,44744,120,6951.75,True
5665.1,45227,120,6802.45,True
5665.1,45685,120,6855.29,True
5665.1,45702,120,6813.23,True
5670.1,41145,1,107.8,False
5670.1,44589,120,6840.21,True
5670.1,45137,120,6880.51,True
5670.1,45315,120,6938.74,True
5670.1,45414,120,6868.78,True
5670.1,45476,120,6949.38,True
5670.1,47436,1220007501,127.95,True
5675.1,45405,120,6908.62,True
5675.1,45631,120,6879.16,True
5675.1,45719,120,6898.73,True
5675.1,45945,120,6825.12,True
5680.1,45215,120,6875.29,True
5680.1,45451,120,6939.76,True
5685.1,43604,1,90.6,False
5685.1,44915,120,6862.16,True
5685.1,45320,120,6864.02,True
5685.1,45345,120,6842.76,True
5685.1,45353,120,6800.0,True
5685.1,46284,1220014000,99.15,True
5690.1,45030,120,6920.41,True
5690.1,45333,120,6894.62,True
5690.1,45791,120,6824.31,True
5690.1,45796,1220014000,104.81,True
5690.1,45963,120,6851.92,True
5690.1,47482,1220000402,142.75,True
5690.1,47574,1220000502,321.79,True
5695.1,35330,1,93.4,False
5695.1,41891,1,131.62,False
5695.1,42188,1220000201,58.52,True
5695.1,42439,1220000201,77.6,True
5695.1,42726,10410,7.69,False
5695.1,43640,10267,0.12,False
5695.1,45330,120,6896.59,True
5695.1,45344,120,6857.58,True
5695.1,45495,120,6954.02,True
5700.1,33455,10607,5.18,False
5700.1,45627,10267,6.28,False
5700.1,45734,120,6869.58,True
5700.1,45991,120,6955.7,True
5705.1,31519,381,65.9,False
5705.1,45547,120,6943.97,True
5705.1,45877,120,6938.2,True
5705.1,45956,120,6900.94,True
5705.1,46029,10267,9.07,False
5710.1,40479,10267,13.67,False
5710.1,45077,120,6813.32,True
5710.1,45118,120,6900.86,True
5710.1,45449,120,6804.78,True
5710.1,45542,120,6822.21,True
5710.1,46083,120,6899.56,True
5715.1,44956,120,6848.76,True
5715.1,45164,120,6824.71,True
5715.1,45425,120,6895.71,True
5720.1,44502,120,6819.11,True
5720.1,44578,120,6931.0,True
5725.1,45002,120,6864.86,True
5725.1,45292,120,6841.77,True
5725.1,46052,120,6923.98,True
5730.1,45183,120,6922.37,True
5730.1,45268,120,6861.36,True
5730.1,45470,120,6861.58,True
5730.1,45481,120,6960.95,True
5730.1,45538,120,6810.69,True
5730.1,45709,120,6843.62,True
5730.1,45713,120,6812.39,True
5730.1,45925,120,6823.84,True
5730.1,46101,120,6899.1,True
5730.1,48021,1220000502,334.84,True
5735.1,45271,120,6798.1,True
5735.1,45363,120,6889.41,True
5735.1,45384,120,6864.08,True
5735.1,45401,120,6947.55,True
5735.1,45511,120,6823.58,True
5735.1,45583,120,6956.26,True
5735.1,45765,120,6903.88,True
5735.1,46072,120,6938.39,True
5735.1,46182,120,6912.91,True
5740.1,44143,10113,6.45,False
5740.1,44611,120,6869.92,True
5740.1,45374,120,6934.19,True
5740.1,45419,120,6847.04,True
5740.1,45566,120,6837.46,True
5740.1,45581,120,6828.4,True
5740.1,45729,120,6844.42,True
5740.1,45779,120,6951.73,True
5740.1,45864,120,6811.23,True
5740.1,45895,120,6874.74,True
5740.1,46038,120,6898.49,True
5740.1,46131,120,6886.12,True
5745.1,45304,120,6948.91,True
5745.1,45413,120,6953.16,True
5745.1,45471,120,6841.52,True
5745.1,45900,120,6831.07,True
5745.1,46164,120,6868.25,True
5750.1,44527,120,6938.07,True
5750.1,44845,120,6904.2,True
5750.1,45412,120,6919.57,True
5750.1,45501,120,6857.24,True
5750.1,45609,120,6954.73,True
5750.1,45751,120,6942.7,True
5750.1,46028,120,6883.55,True
5750.1,46220,120,6959.17,True
5750.1,46221,120,6920.27,True
5755.1,45312,120,6904.23,True
5755.1,45516,120,6829.73,True
5755.1,45771,120,6949.03,True
5755.1,45798,1,140.4,False
5755.1,45914,120,6889.02,True
5755.1,45944,120,6865.42,True
5755.1,46262,120,6944.09,True
5755.1,46311,120,6906.63,True
5755.1,46396,120,6833.88,True
5755.1,46414,120,6847.4,True
5760.1,42555,1,89.0,False
5765.1,42714,1,119.51,False
5765.1,45787,120,6900.77,True
5770.1,46122,120,6936.14,True
5770.1,46187,1,114.97,False
5770.1,46292,120,6875.83,True
5770.1,46382,120,6894.32,True
5775.1,45817,120,6842.6,True
5775.1,45924,120,6813.92,True
5775.1,46223,1220000402,108.2,True
5775.1,48324,1220000502,321.58,True
5780.1,45716,10111,30.22,False
5780.1,45913,120,6927.85,True
5780.1,46612,120,6805.14,True
5785.1,45477,120,6868.86,True
5785.1,45502,120,6951.83,True
5785.1,47499,1,110.94,False
5790.1,39481,10589,18.22,False
5790.1,41781,10111,18.24,False
5790.1,44859,120,6914.86,True
5790.1,45093,120,6850.22,True
5790.1,45321,120,6812.75,True
5790.1,45802,120,6949.64,True
5790.1,46060,120,6882.55,True
5790.1,46130,120,6799.38,True
5790.1,46388,120,6880.16,True
5790.1,46466,120,6942.77,True
5795.1,46592,120,6937.52,True
5800.1,46141,120,6908.66,True
5800.1,46411,1,61.22,False
5805.1,45305,1220014000,79.42,True
5805.1,46102,120,6913.06,True
5805.1,46512,120,6935.59,True
5810.1,46124,120,6837.54,True
5810.1,46203,120,6922.09,True
5810.1,46582,120,6870.04,True
5815.1,46137,120,6923.39,True
5815.1,46165,120,6954.3,True
5815.1,46180,120,6917.42,True
5815.1,48031,1220007501,138.55,True
5820.1,46634,120,6849.92,True
5820.1,46652,120,6878.7,True
5825.1,46065,120,6931.84,True
5825.1,46198,120,6808.16,True
5825.1,46230,120,6846.36,True
5825.1,46696,120,6887.9,True
5830.1,45459,120,6958.46,True
5830.1,46290,120,6817.05,True
5830.1,46526,120,6871.15,True
5830.1,46761,120,6922.35,True
5835.1,35980,1,138.32,False
5835.1,46088,120,6814.2,True
5835.1,46218,120,6848.8,True
5835.1,46373,120,6811.87,True
5835.1,46464,120,6929.68,True
5840.1,44450,1,98.28,False
5840.1,45354,120,6915.88,True
5840.1,46113,120,6828.49,True
5840.1,46241,120,6880.91,True
5840.1,46387,120,6831.92,True
5845.1,43304,1220000201,67.1,True
5845.1,44362,1210009403,101.17,True
5845.1,44408,1,117.05,False
5845.1,44552,1,135.68,False
5845.1,45968,120,6864.51,True
5845.1,46266,1220000201,79.28,True
5845.1,46310,120,6820.16,True
5845.1,46576,120,6870.73,True
5850.1,40551,1220000201,83.46,True
5850.1,46094,120,6948.14,True
5850.1,46452,1220000201,41.08,True
5850.1,46531,120,6898.33,True
5855.1,45847,120,6905.89,True
5855.1,46504,120,6928.47,True
5855.1,46788,120,6842.31,True
5855.1,48856,10113,13.83,False
5860.1,46298,120,6938.44,True
5860.1,46490,120,6901.67,True
5860.1,46844,120,6896.92,True
5860.1,46971,120,6848.95,True
5865.1,46127,120,6820.84,True
5865.1,46312,1,106.43,False
5865.1,46362,120,6882.94,True
5870.1,46360,1,109.89,False
5870.1,46477,120,6931.37,True
5870.1,46624,120,6799.34,True
5870.1,46900,120,6836.51,True
5870.1,46902,120,6949.87,True
5870.1,47004,120,6882.56,True
5875.1,45874,120,6906.16,True
5875.1,46115,120,6871.02,True
5875.1,46515,120,6853.18,True
5875.1,46534,120,6880.36,True
5875.1,46570,1,118.05,False
5875.1,46692,120,6836.02,True
5880.1,46320,120,6876.65,True
5880.1,46458,120,6905.93,True
5880.1,46483,120,6888.22,True
5880.1,46563,120,6896.97,True
5880.1,46565,120,6826.51,True
5880.1,46640,120,6864.01,True
5880.1,46757,120,6854.01,True
5880.1,46768,120,6853.0,True
5885.1,46622,120,6892.31,True
5885.1,46712,120,6790.27,True
5885.1,46973,120,6853.68,True
5885.1,46996,1,139.38,False
5890.1,46808,120,6943.97,True
5890.1,47036,120,6826.39,True
5890.1,47078,120,6869.46,True
5890.1,47476,10034,30.03,False
5895.1,46079,120,6875.24,True
5895.1,46875,120,6960.75,True
5895.1,47062,120,6944.46,True
5895.1,47147,1,105.68,False
5895.1,47233,120,6917.91,True
5900.1,45301,1,101.58,False
5900.1,46178,120,6867.1,True
5900.1,46589,120,6940.24,True
5900.1,46594,120,6869.76,True
5900.1,47019,120,6858.98,True
5900.1,47088,120,6896.85,True
5900.1,47104,120,6905.39,True
5900.1,47253,120,6821.01,True
5905.1,36814,1220000201,51.06,True
5905.1,45920,120,6818.64,True
5905.1,47445,120,6837.37,True
5910.1,46202,120,6880.0,True
5910.1,46542,120,6848.89,True
5910.1,46746,120,6850.1,True
5910.1,46787,120,6853.43,True
5910.1,46805,120,6879.86,True
5910.1,46879,120,6889.06,True
5910.1,47183,120,6830.08,True
5910.1,47383,10228,17.43,False
5915.1,46087,120,6843.74,True
5915.1,46908,120,6960.01,True
5915.1,46922,120,6855.89,True
5915.1,47194,120,6803.08,True
5920.1,46147,120,6955.75,True
5920.1,46419,120,6904.8,True
5920.1,46541,120,6897.34,True
5920.1,46672,120,6821.17,True
5920.1,46776,120,6903.31,True
5920.1,46782,120,6853.87,True
5920.1,47003,120,6926.63,True
5920.1,47200,120,6941.46,True
5925.1,46937,120,6845.34,True
5925.1,47040,120,6942.43,True
5925.1,47172,120,6909.05,True
5930.1,45911,120,6891.45,True
5930.1,45937,120,6838.61,True
5930.1,46876,120,6934.46,True
5930.1,47012,120,6815.6,True
5930.1,47079,120,6849.7,True
5930.1,47401,120,6851.59,True
5935.1,41238,10589,25.38,False
5935.1,46931,120,6903.54,True
5935.1,47057,120,6846.79,True
5935.1,47227,120,6785.76,True
5935.1,47505,120,6888.99,True
5935.1,48766,1,81.97,False
5940.1,42882,10111,1.47,False
5940.1,46968,120,6816.64,True
5940.1,47121,120,6936.43,True
5940.1,47141,120,6807.11,True
5940.1,47201,120,6921.24,True
5940.1,47284,120,6842.71,True
5945.1,42372,1,115.76,False
5945.1,46408,120,6949.65,True
5950.1,46721,120,6853.12,True
5950.1,46843,120,6829.05,True
5950.1,47011,120,6853.43,True
5950.1,47467,120,6895.27,True
5955.1,46358,120,6936.4,True
5955.1,46457,120,6909.83,True
5955.1,47069,120,6830.72,True
5955.1,47108,120,6886.44,True
5955.1,47196,120,6847.75,True
5955.1,47212,120,6871.59,True
5955.1,47282,120,6877.27,True
5955.1,47286,120,6913.66,True
5955.1,47530,120,6815.59,True
5955.1,47541,120,6842.53,True
5955.1,47601,120,6808.54,True
5955.1,47737,120,6794.71,True
5955.1,48642,10313,4.46,False
5960.1,46347,120,6907.5,True
5960.1,46738,120,6957.49,True
5960.1,47181,120,6904.71,True
5960.1,47373,120,6916.44,True
5960.1,47477,120,6839.79,True
5965.1,42955,1,58.16,False
5965.1,46898,120,6891.61,True
5965.1,46965,120,6853.37,True
5965.1,46993,120,6891.33,True
5965.1,47001,120,6893.23,True
5965.1,47102,120,6818.03,True
5965.1,47548,120,6899.71,True
5965.1,47617,120,6811.97,True
5970.1,47311,120,6834.36,True
5970.1,47590,120,6910.22,True
5975.1,46143,120,6792.85,True
5975.1,46313,120,6907.96,True
5975.1,46987,120,6834.93,True
5975.1,47021,120,6952.77,True
5975.1,47128,120,6874.5,True
5975.1,47328,120,6837.09,True
5980.1,46133,120,6931.95,True
5980.1,46331,120,6961.22,True
5980.1,47378,120,6901.38,True
5980.1,47413,120,6902.58,True
5980.1,47442,120,6845.64,True
5980.1,47520,120,6947.56,True
5985.1,45710,1220014000,97.79,True
5985.1,47085,120,6908.66,True
5985.1,47127,120,6874.62,True
5985.1,47387,120,6871.59,True
5985.1,47753,120,6859.61,True
5990.1,45715,1,93.29,False
5990.1,47365,120,6875.5,True
5990.1,47382,120,6838.81,True
5990.1,49523,1220000502,325.34,True
5995.1,45001,1,128.83,False
5995.1,47164,120,6855.73,True
5995.1,47551,120,6852.76,True
5995.1,47616,120,6848.21,True
5995.1,47789,120,6913.68,True
5995.1,49656,10113,8.27,False
6000.1,38355,10267,3.27,False
6000.1,46445,1,130.63,False
6000.1,47676,120,6826.09,True
6000.1,48520,10267,19.82,False
6005.1,47524,120,6829.77,True
6005.1,47655,10267,19.13,False
6005.1,47767,120,6806.67,True
6005.1,47800,10607,6.55,False
6005.1,49545,1220000402,137.2,True
6010.1,47115,120,6935.22,True
6010.1,47399,120,6882.33,True
6010.1,47456,120,6845.01,True
6010.1,47469,120,6808.8,True
6010.1,47847,120,6883.76,True
6010.1,47856,120,6848.57,True
6010.1,47870,120,6868.21,True
6010.1,47883,120,6844.32,True
6010.1,47886,120,6831.35,True
6010.1,47912,120,6816.39,True
6010.1,48598,10313,7.79,False
6015.1,47742,120,6936.29,True
6015.1,47942,120,6930.22,True
6015.1,48019,120,6935.35,True
6015.1,48047,120,6811.55,True
6015.1,48248,381,54.41,False
6015.1,48897,10313,9.95,False
6020.1,47355,120,6937.34,True
6020.1,47444,120,6848.5,True
6020.1,47632,120,6886.51,True
6025.1,47056,120,6809.46,True
6025.1,47577,120,6900.69,True
6025.1,47740,120,6800.47,True
6030.1,47359,120,6896.32,True
6030.1,47608,120,6837.82,True
6030.1,48018,120,6948.64,True
6030.1,48142,120,6795.04,True
6030.1,48360,10111,23.79,False
6035.1,47540,120,6958.01,True
6035.1,47562,120,6858.09,True
6035.1,47693,120,6940.2,True
6035.1,47716,120,6949.85,True
6035.1,47825,120,6857.7,True
6035.1,47864,120,6816.76,True
6040.1,47664,120,6936.7,True
6040.1,47708,120,6815.31,True
6040.1,47828,120,6926.36,True
6040.1,47933,120,6899.07,True
6040.1,47965,120,6870.81,True
6045.1,47022,120,6852.54,True
6045.1,47994,120,6843.56,True
6045.1,48072,120,6935.57,True
6050.1,47567,120,6922.98,True
6050.1,47599,120,6885.63,True
6050.1,47984,120,6959.27,True
6050.1,48358,120,6879.01,True
6055.1,47970,120,6825.74,True
6055.1,49389,1220011503,213.5,True
6060.1,47919,120,6841.18,True
6060.1,48028,120,6793.76,True
6060.1,48070,120,6836.13,True
6060.1,48134,120,6850.88,True
6060.1,48309,120,6871.24,True
6060.1,49906,10111,7.01,False
6065.1,47832,120,6876.68,True
6065.1,48007,120,6935.45,True
6065.1,48228,120,6860.36,True
6065.1,48286,120,6822.5,True
6065.1,48315,120,6924.25,True
6070.1,47342,120,6869.22,True
6070.1,47878,120,6960.63,True
6075.1,47288,120,6845.94,True
6075.1,47723,120,6886.37,True
6075.1,50279,1220000502,334.88,True
6080.1,47954,120,6911.81,True
6080.1,48017,120,6816.08,True
6080.1,48271,120,6949.17,True
6080.1,48397,120,6896.3,True
6085.1,44636,10589,9.84,False
6085.1,47425,120,6867.74,True
6085.1,47758,120,6870.03,True
6085.1,47890,120,6914.16,True
6085.1,48185,120,6942.77,True
6085.1,49342,1,82.32,False
6095.1,47868,120,6864.01,True
6095.1,48133,120,6798.12,True
6095.1,48478,120,6915.28,True
6100.1,47475,120,6817.52,True
6100.1,47902,120,6815.0,True
6100.1,48001,120,6864.9,True
6100.1,48411,120,6928.0,True
6105.1,46799,1220014000,88.54,True
6105.1,47504,120,6864.14,True
6105.1,47909,120,6889.73,True
6105.1,47959,120,6926.94,True
6105.1,48082,120,6857.25,True
6105.1,48148,120,6955.21,True
6105.1,48217,120,6914.58,True
6105.1,48500,120,6886.18,True
6110.1,47135,120,6946.26,True
6110.1,47852,120,6943.85,True
6110.1,48008,120,6908.06,True
6110.1,48110,120,6864.63,True
6110.1,48430,120,6923.97,True
6115.1,47377,120,6869.18,True
6115.1,48048,120,6852.93,True
6115.1,48223,120,6832.02,True
6115.1,48677,120,6904.21,True
6115.1,48686,120,6813.46,True
6120.1,48361,120,6869.19,True
6120.1,48540,120,6934.5,True
6125.1,47193,120,6857.69,True
6125.1,48285,120,6889.24,True
6125.1,48344,120,6863.98,True
6125.1,48842,120,6836.34,True
6130.1,46472,1220014000,61.59,True
6130.1,47086,120,6960.6,True
6130.1,47842,120,6803.12,True
6130.1,48584,120,6930.08,True
6130.1,48654,120,6840.55,True
6130.1,48681,120,6815.46,True
6130.1,49443,10313,8.99,False
6130.1,49601,1220007501,139.97,True
6135.1,48147,120,6871.98,True
6135.1,48739,120,6807.99,True
6135.1,49849,10313,9.99,False
6135.1,49901,1220007501,139.45,True
6140.1,45190,1,131.86,False
6140.1,46986,120,6827.66,True
6140.1,47491,120,6913.22,True
6140.1,47704,120,6878.21,True
6140.1,47751,120,6871.0,True
6140.1,48267,120,6825.92,True
6140.1,48826,120,6798.22,True
6140.1,50293,1220007501,146.44,True
6140.1,50328,10113,21.76,False
6140.1,50446,10113,21.28,False
6140.1,50581,1220000502,324.54,True
6145.1,45159,1220000201,72.22,True
6145.1,46861,120,6950.39,True
6145.1,48615,1220000201,52.79,True
6145.1,50720,10113,13.77,False
6145.1,50731,10113,7.39,False
6150.1,42816,1,140.95,False
6150.1,47837,120,6831.71,True
6150.1,48364,120,6831.29,True
6150.1,48384,120,6934.26,True
6150.1,48429,120,6807.5,True
6150.1,48506,120,6837.49,True
6155.1,46012,10267,8.4,False
6155.1,47692,120,6926.54,True
6155.1,47722,120,6879.69,True
6155.1,47769,120,6885.41,True
6155.1,48418,120,6855.87,True
6155.1,48888,120,6884.15,True
6160.1,48405,120,6802.8,True
6160.1,48850,120,6883.09,True
6165.1,47514,120,6930.08,True
6165.1,47896,120,6953.93,True
6165.1,48490,120,6904.15,True
6165.1,48531,120,6810.88,True
6165.1,48864,120,6848.08,True
6165.1,48996,120,6897.48,True
6165.1,49057,120,6886.76,True
6170.1,48282,120,6885.13,True
6170.1,48475,120,6945.19,True
6170.1,48477,120,6805.43,True
6170.1,48543,120,6925.25,True
6170.1,48583,120,6847.73,True
6170.1,48611,120,6874.02,True
6170.1,49084,120,6800.04,True
6170.1,50891,1220000502,334.03,True
6175.1,47930,120,6943.38,True
6175.1,48727,120,6886.63,True
6175.1,48972,120,6801.49,True
6180.1,47550,120,6813.86,True
6180.1,48403,120,6874.87,True
6180.1,48519,120,6848.56,True
6180.1,48743,120,6837.93,True
6180.1,48887,120,6927.62,True
6180.1,48982,120,6927.08,True
6185.1,48069,120,6868.62,True
6185.1,48090,120,6808.04,True
6185.1,48480,120,6859.78,True
6185.1,48912,120,6910.77,True
6185.1,48932,120,6923.98,True
6190.1,48796,120,6895.69,True
6190.1,48798,120,6903.17,True
6190.1,48882,120,6913.12,True
6190.1,48926,10111,8.03,False
6190.1,49104,120,6875.82,True
6195.1,47820,120,6919.2,True
6195.1,48601,120,6826.82,True
6195.1,48704,120,6837.24,True
6195.1,48823,120,6897.61,True
6195.1,49216,120,6877.82,True
6200.1,48499,120,6836.17,True
6200.1,48645,120,6905.99,True
6200.1,48774,120,6869.11,True
6200.1,48835,120,6832.55,True
6200.1,48957,1,87.99,False
6200.1,48991,120,6818.93,True
6200.1,49047,120,6935.37,True
6205.1,39216,381,88.11,False
6205.1,47462,120,6861.5,True
6205.1,47960,120,6932.5,True
6205.1,48675,120,6935.59,True
6205.1,48695,120,6960.62,True
6205.1,48730,120,6896.23,True
6205.1,49024,120,6861.88,True
6205.1,49176,120,6960.18,True
6210.1,48404,120,6929.4,True
6210.1,48458,120,6877.97,True
6210.1,48486,120,6917.79,True
6215.1,47077,120,6911.23,True
6215.1,48940,120,6818.86,True
6215.1,49063,120,6901.49,True
6215.1,49098,120,6864.85,True
6215.1,49120,120,6951.82,True
6215.1,49197,120,6867.09,True
6220.1,48657,120,6927.97,True
6225.1,48386,120,6829.86,True
6225.1,48918,120,6843.31,True
6225.1,49079,120,6845.29,True
6225.1,49463,120,6804.19,True
6230.1,48995,120,6810.44,True
6235.1,42376,1,97.5,False
6235.1,44478,10589,11.47,False
6235.1,47198,1,77.97,False
6235.1,47782,120,6808.32,True
6235.1,48507,120,6833.94,True
6235.1,48917,120,6890.26,True
6235.1,48928,120,6878.05,True
6235.1,48949,120,6810.09,True
6235.1,49003,120,6933.05,True
6240.1,48985,120,6820.66,True
6240.1,49439,120,6913.3,True
6240.1,49677,1,90.27,False
6245.1,40168,1,136.46,False
6245.1,44309,381,87.16,False
6245.1,48009,120,6914.22,True
6245.1,48839,120,6821.61,True
6245.1,48863,120,6946.39,True
6245.1,48960,120,6838.74,True
6245.1,49016,120,6854.29,True
6245.1,49446,120,6876.53,True
6250.1,48297,1220007501,141.29,True
6255.1,48222,120,6828.37,True
6255.1,48450,120,6894.65,True
6255.1,48818,120,6837.67,True
6255.1,49655,120,6875.31,True
6255.1,50725,1220007501,138.73,True
6260.1,48054,1220014000,101.98,True
6260.1,48284,120,6954.71,True
6260.1,48952,120,6928.96,True
6260.1,49002,120,6901.0,True
6260.1,49258,120,6838.18,True
6260.1,49405,120,6829.23,True
6260.1,49499,120,6893.04,True
6260.1,50861,10313,12.25,False
6265.1,48910,120,6897.64,True
6265.1,48921,120,6858.87,True
6265.1,49401,120,6828.52,True
6270.1,48849,120,6890.04,True
6270.1,49501,120,6906.55,True
6275.1,48967,120,6882.51,True
6275.1,49035,120,6808.82,True
6275.1,49177,120,6931.93,True
6275.1,49186,120,6937.59,True
6275.1,49751,120,6930.98,True
6280.1,48994,120,6919.88,True
6280.1,49235,120,6875.2,True
6280.1,49556,120,6863.54,True
6280.1,49588,120,6834.04,True
6285.1,46194,1220014000,99.48,True
6285.1,48549,120,6893.1,True
6285.1,49101,120,6849.11,True
6285.1,49299,120,6804.6,True
6285.1,49536,120,6936.44,True
6285.1,49617,120,6821.2,True
6285.1,51283,10111,15.85,False
6290.1,46514,1,131.61,False
6290.1,49555,120,6809.23,True
6290.1,51392,10113,20.94,False
6295.1,47992,120,6917.49,True
6295.1,48037,120,6920.18,True
6295.1,48846,1220000201,77.78,True
6295.1,48903,120,6884.2,True
6295.1,48935,120,6857.96,True
6295.1,49265,120,6894.89,True
6295.1,49431,120,6858.25,True
6295.1,49489,1220000201,67.19,True
6295.1,49831,1,108.53,False
6300.1,46821,1220000201,86.22,True
6300.1,48808,120,6871.86,True
6300.1,49381,1210009403,92.45,True
6300.1,49398,120,6845.71,True
6300.1,49495,120,6816.68,True
6300.1,49511,120,6877.69,True
6300.1,49514,120,6872.86,True
6300.1,49801,120,6816.21,True
6305.1,49046,120,6895.29,True
6305.1,49090,120,6952.78,True
6305.1,49107,120,6823.84,True
6305.1,49113,120,6942.64,True
6305.1,49136,120,6875.12,True
6305.1,49141,120,6860.9,True
6305.1,49156,120,6835.51,True
6305.1,49285,120,6880.84,True
6305.1,49437,120,6940.78,True
6305.1,49510,1,101.72,False
6305.1,49742,120,6932.03,True
6305.1,49840,120,6852.89,True
6305.1,49843,120,6839.93,True
6305.1,49845,120,6913.57,True
6310.1,48936,120,6860.55,True
6310.1,49012,120,6801.33,True
6310.1,49199,10267,5.48,False
6310.1,49483,120,6941.36,True
6315.1,41548,1,88.21,False
6315.1,49363,120,6847.48,True
6315.1,49925,120,6841.42,True
6315.1,50014,120,6816.53,True
6320.1,49142,120,6958.05,True
6320.1,50143,381,78.95,False
6325.1,49793,120,6943.71,True
6330.1,49206,120,6841.31,True
6330.1,49267,120,6814.17,True
6330.1,49351,120,6919.02,True
6330.1,49989,120,6847.13,True
6330.1,50023,120,6789.86,True
6330.1,50026,120,6854.2,True
6330.1,50062,120,6807.92,True
6335.1,48873,1220000402,136.08,True
6335.1,49254,120,6907.08,True
6335.1,49474,120,6881.54,True
6335.1,49637,120,6863.13,True
6335.1,49652,120,6939.11,True
6335.1,49759,120,6946.27,True
6335.1,49794,120,6913.03,True
6335.1,49834,120,6926.71,True
6335.1,50004,120,6890.5,True
6340.1,49604,120,6953.29,True
6340.1,49726,120,6895.21,True
6340.1,49799,120,6881.81,True
6340.1,49830,120,6887.43,True
6340.1,49873,120,6922.66,True
6345.1,48308,120,6902.34,True
6345.1,48855,120,6859.8,True
6345.1,48884,120,6915.67,True
6345.1,49530,120,6933.85,True
6345.1,49561,120,6822.73,True
6345.1,49630,120,6897.75,True
6345.1,49773,120,6818.14,True
6345.1,49886,120,6839.45,True
6345.1,50104,120,6954.92,True
6345.1,51736,10111,28.56,False
6350.1,49629,120,6902.88,True
6350.1,49697,120,6938.07,True
6350.1,49749,10266,10.37,False
6350.1,50031,120,6944.89,True
6350.1,50148,120,6915.54,True
6350.1,50304,120,6862.29,True
6355.1,49638,120,6900.15,True
6355.1,49897,1,85.12,False
6355.1,49919,120,6850.51,True
6355.1,49967,120,6815.25,True
6355.1,50006,120,6905.77,True
6360.1,49666,120,6906.1,True
6360.1,49695,120,6846.89,True
6360.1,50185,120,6808.98,True
6360.1,50251,120,6869.25,True
6360.1,50269,120,6844.74,True
6365.1,50060,10113,18.45,False
6370.1,49748,120,6881.57,True
6370.1,49821,120,6946.63,True
6370.1,50043,120,6847.53,True
6375.1,49809,120,6840.25,True
6375.1,50146,120,6875.49,True
6375.1,52208,10113,20.22,False
6380.1,49688,120,6911.84,True
6380.1,49833,120,6861.74,True
6380.1,49985,120,6937.3,True
6380.1,50018,120,6824.68,True
6385.1,50369,120,6904.01,True
6385.1,50488,1,94.53,False
6390.1,49734,120,6788.47,True
6390.1,49952,120,6841.62,True
6390.1,50068,120,6879.15,True
6390.1,50136,120,6818.77,True
6390.1,50170,120,6921.02,True
6390.1,50334,120,6938.12,True
6390.1,50430,120,6896.23,True
6395.1,49927,120,6959.4,True
6395.1,50303,120,6865.03,True
6395.1,50611,120,6895.66,True
6400.1,49724,120,6946.48,True
6400.1,50099,120,6953.61,True
6400.1,50183,120,6845.91,True
6400.1,50395,120,6837.26,True
6405.1,49784,120,6881.05,True
6405.1,49943,120,6801.92,True
6405.1,50117,120,6856.01,True
6405.1,50254,120,6926.95,True
6405.1,50355,120,6864.45,True
6410.1,49772,120,6791.75,True
6410.1,50494,120,6953.29,True
6410.1,50602,120,6957.59,True
6410.1,51968,1220007501,144.68,True
6415.1,46356,1,73.93,False
6415.1,49689,120,6846.29,True
6415.1,50565,120,6865.84,True
6415.1,50649,120,6778.74,True
6420.1,49676,120,6927.55,True
6420.1,49924,120,6863.24,True
6420.1,50577,120,6909.32,True
6420.1,52272,10313,6.29,False
6425.1,50662,120,6856.63,True
6425.1,50727,120,6837.8,True
6430.1,50090,120,6933.51,True
6430.1,50559,120,6937.8,True
6430.1,52324,1220007501,146.85,True
6435.1,49540,10410,1.66,False
6435.1,50008,120,6831.2,True
6435.1,50359,120,6852.02,True
6435.1,50366,120,6948.79,True
6435.1,50817,120,6818.03,True
6440.1,48034,1,118.54,False
6440.1,48207,1,86.43,False
6440.1,49818,120,6850.92,True
6440.1,49872,1,138.25,False
6440.1,49988,120,6786.93,True
6440.1,50252,120,6827.2,True
6440.1,50273,120,6851.53,True
6440.1,50288,120,6904.05,True
6440.1,50383,120,6856.55,True
6440.1,50402,120,6895.21,True
6440.1,50640,120,6946.13,True
6440.1,50660,120,6957.94,True
6440.1,52299,10113,9.14,False
6445.1,45620,1220000201,64.47,True
6445.1,47463,1220000201,80.74,True
6445.1,48434,1,109.8,False
6450.1,49885,120,6818.77,True
6450.1,50347,120,6890.96,True
6450.1,50816,10266,9.26,False
6450.1,50826,120,6854.19,True
6450.1,51149,10267,8.22,False
6455.1,48252,1,136.28,False
6455.1,50554,120,6809.83,True
6460.1,50064,120,6867.47,True
6460.1,50075,120,6903.77,True
6460.1,50266,120,6862.18,True
6460.1,50522,120,6877.97,True
6460.1,50552,120,6798.13,True
6460.1,50628,120,6906.54,True
6460.1,50790,120,6944.22,True
6465.1,50214,120,6851.79,True
6465.1,50504,120,6862.1,True
6465.1,50540,120,6817.78,True
6465.1,50675,120,6909.0,True
6465.1,50679,120,6851.33,True
6465.1,50873,120,6812.98,True
6470.1,47764,1,103.83,False
6470.1,50665,120,6936.95,True
6470.1,50880,120,6949.39,True
6470.1,50904,120,6940.95,True
6470.1,52571,10111,26.78,False
6475.1,50088,120,6921.82,True
6475.1,50221,120,6954.72,True
6475.1,50513,120,6877.21,True
6475.1,50801,120,6930.67,True
6480.1,50416,120,6830.32,True
6480.1,50592,120,6869.8,True
6480.1,50753,120,6820.87,True
6480.1,50930,120,6856.04,True
6480.1,51073,120,6857.46,True
6485.1,50568,120,6944.1,True
6485.1,50874,120,6894.82,True
6485.1,50885,120,6955.66,True
6485.1,50992,120,6919.18,True
6485.1,50999,120,6942.75,True
6490.1,50436,120,6928.59,True
6490.1,50644,10267,15.25,False
6490.1,50699,120,6890.49,True
6495.1,49978,120,6811.44,True
6495.1,50298,120,6889.34,True
6495.1,50487,120,6856.7,True
6495.1,50609,120,6861.81,True
6495.1,50645,120,6936.78,True
6495.1,50652,120,6846.8,True
6495.1,50821,1,129.39,False
6500.1,50070,120,6880.79,True
6500.1,51052,120,6831.47,True
6505.1,50079,120,6955.67,True
6505.1,50597,120,6880.64,True
6505.1,50752,120,6919.48,True
6505.1,50927,120,6763.46,True
6505.1,51195,120,6901.23,True
6510.1,45614,10228,17.98,False
6510.1,50651,120,6797.34,True
6510.1,50688,120,6842.81,True
6510.1,50829,120,6886.39,True
6515.1,50608,120,6936.49,True
6515.1,50620,120,6912.71,True
6515.1,50729,120,6893.17,True
6515.1,50897,1,113.61,False
6515.1,50920,120,6877.13,True
6520.1,51057,120,6897.45,True
6525.1,48698,10607,10.22,False
6525.1,48797,1,127.66,False
6525.1,50206,120,6848.67,True
6525.1,50864,120,6878.48,True
6525.1,50936,120,6951.86,True
6525.1,51053,120,6925.94,True
6525.1,52880,10111,28.67,False
6530.1,43139,1,73.32,False
6530.1,49698,120,6918.34,True
6530.1,50742,120,6960.05,True
6530.1,50764,120,6872.08,True
6535.1,50900,120,6915.84,True
6535.1,50903,120,6905.72,True
6535.1,51072,120,6845.04,True
6540.1,50122,1,53.43,False
6540.1,50464,120,6842.72,True
6540.1,50875,120,6852.91,True
6540.1,51190,120,6807.52,True
6540.1,51198,120,6866.74,True
6540.1,51213,120,6815.73,True
6545.1,47107,1,81.94,False
6545.1,50159,120,6937.85,True
6545.1,50717,120,6888.59,True
6545.1,50876,120,6923.38,True
6545.1,50993,120,6933.67,True
6545.1,51044,120,6935.98,True
6545.1,51166,120,6901.85,True
6545.1,51187,120,6905.14,True
6550.1,48734,10111,29.73,False
6550.1,50054,10111,4.76,False
6555.1,48666,1,60.83,False
6555.1,51118,120,6808.52,True
6555.1,52460,1220007501,143.57,True
6560.1,47674,1,64.34,False
6560.1,50889,120,6836.3,True
6560.1,50976,120,6961.06,True
6560.1,51084,120,6844.16,True
6560.1,51106,120,6807.22,True
6560.1,51285,120,6840.57,True
6560.1,53136,10313,12.24,False
6565.1,51201,120,6900.59,True
6565.1,51411,120,6843.03,True
6565.1,51437,120,6783.03,True
6565.1,51455,120,6800.08,True
6570.1,51322,120,6841.3,True
6570.1,51333,120,6832.49,True
6570.1,51651,120,6801.62,True
6575.1,50523,120,6913.26,True
6575.1,51179,120,6885.8,True
6575.1,51296,120,6851.87,True
6575.1,51306,120,6924.68,True
6575.1,51660,120,6865.44,True
6580.1,50567,120,6872.46,True
6580.1,50988,120,6905.12,True
6580.1,51279,120,6900.42,True
6580.1,51365,120,6823.91,True
6580.1,51412,120,6942.89,True
6585.1,46069,1,127.52,False
6585.1,51234,120,6919.91,True
6585.1,51248,120,6945.43,True
6585.1,51433,120,6870.99,True
6585.1,51444,120,6817.61,True
6585.1,51474,120,6945.01,True
6585.1,51545,120,6908.81,True
6585.1,51811,1220014000,97.53,True
6590.1,50505,1220014000,94.14,True
6590.1,50634,10410,8.49,False
6590.1,51060,120,6846.32,True
6590.1,51212,120,6885.73,True
6590.1,51303,120,6865.63,True
6590.1,51359,120,6952.35,True
6590.1,51468,120,6919.59,True
6590.1,51470,120,6901.82,True
6590.1,51539,120,6918.93,True
6590.1,53308,10111,16.85,False
6595.1,48046,1220000201,61.36,True
6595.1,48670,1220000201,69.13,True
6595.1,49653,1220000201,78.79,True
6595.1,49813,1210009403,100.89,True
6595.1,51238,120,6921.36,True
6600.1,49017,10267,7.81,False
6600.1,51047,120,6948.11,True
6600.1,51169,120,6810.91,True
6600.1,51208,120,6843.93,True
6600.1,51222,120,6838.59,True
6600.1,51223,120,6865.95,True
6600.1,51287,120,6948.51,True
6600.1,51295,120,6910.71,True
6600.1,51314,120,6816.59,True
6600.1,51653,120,6848.25,True
6600.1,51990,10266,13.42,False
6605.1,49243,1,85.35,False
6605.1,50145,120,6954.9,True
6605.1,51197,120,6935.4,True
6605.1,51389,120,6914.94,True
6605.1,51534,120,6922.36,True
6605.1,51553,120,6828.25,True
6605.1,51556,120,6899.07,True
6605.1,51580,120,6923.65,True
6610.1,51071,120,6817.23,True
6610.1,51356,120,6790.15,True
6610.1,51477,120,6894.93,True
6610.1,51722,120,6833.32,True
6610.1,51727,120,6821.23,True
6610.1,52588,10313,11.72,False
6615.1,51575,120,6913.17,True
6615.1,51638,120,6939.38,True
6615.1,51656,120,6846.83,True
6615.1,51683,120,6881.59,True
6615.1,51803,120,6934.75,True
6615.1,51929,120,6805.89,True
6620.1,51371,120,6941.57,True
6620.1,51460,120,6900.26,True
6620.1,51520,120,6867.45,True
6620.1,51565,120,6884.02,True
6620.1,51679,120,6918.76,True
6620.1,51696,120,6854.42,True
6620.1,51746,120,6921.91,True
6620.1,51836,120,6882.72,True
6620.1,51913,120,6890.37,True
6625.1,51902,120,6909.04,True
6625.1,51907,120,6923.28,True
6630.1,51311,120,6959.13,True
6630.1,51754,120,6897.07,True
6635.1,51091,120,6853.61,True
6635.1,51361,120,6883.72,True
6635.1,51552,10267,7.27,False
6635.1,51908,120,6920.85,True
6635.1,51961,120,6893.77,True
6635.1,53596,10111,1.34,False
6640.1,49826,1,130.38,False
6640.1,51012,120,6877.58,True
6640.1,51785,120,6923.17,True
6640.1,52113,120,6788.49,True
6645.1,51598,120,6858.59,True
6645.1,51607,120,6879.76,True
6645.1,51652,10266,13.34,False
6645.1,51763,120,6819.2,True
6650.1,50791,120,6816.32,True
6650.1,52005,120,6812.69,True
6650.1,52135,120,6837.31,True
6655.1,50989,120,6810.99,True
6655.1,51298,120,6842.52,True
6655.1,51617,120,6878.8,True
6655.1,51655,120,6877.59,True
6655.1,52105,120,6905.55,True
6655.1,52119,120,6794.74,True
6655.1,52130,120,6917.49,True
6660.1,49758,1,109.33,False
6660.1,51701,120,6792.41,True
6660.1,51739,120,6796.62,True
6665.1,51629,1,55.94,False
6665.1,51720,120,6866.81,True
6665.1,51996,120,6930.36,True
6670.1,50722,381,71.44,False
6670.1,51035,120,6933.39,True
6670.1,51505,120,6893.05,True
6670.1,51903,120,6810.18,True
6675.1,50255,10607,13.68,False
6675.1,51530,120,6869.59,True
6675.1,51571,120,6876.04,True
6675.1,51635,120,6896.02,True
6675.1,51691,120,6951.46,True
6675.1,51716,120,6948.12,True
6675.1,51795,120,6907.92,True
6680.1,51492,120,6810.69,True
6680.1,51923,120,6817.42,True
6680.1,52188,120,6880.73,True
6685.1,50553,120,6810.92,True
6685.1,50953,120,6900.31,True
6685.1,52061,120,6811.1,True
6685.1,53758,1,100.87,False
6690.1,50933,120,6844.77,True
6690.1,51544,120,6871.93,True
6690.1,52475,120,6865.91,True
6695.1,51747,120,6920.28,True
6695.1,52125,120,6875.46,True
6695.1,52394,120,6828.55,True
6695.1,52448,120,6913.96,True
6695.1,52589,120,6957.6,True
6700.1,50595,120,6923.52,True
6700.1,51512,120,6880.16,True
6700.1,51810,120,6884.55,True
6700.1,52104,120,6807.34,True
6705.1,46690,10587,32.26,False
6705.1,50131,327,127.58,True
6705.1,50541,120,6870.48,True
6705.1,51915,120,6907.61,True
6705.1,52123,120,6822.45,True
6705.1,52573,120,6801.1,True
6705.1,52648,120,6813.26,True
6710.1,50515,120,6902.29,True
6710.1,51877,120,6868.22,True
6710.1,52121,120,6888.35,True
6710.1,52138,120,6785.2,True
6710.1,52491,120,6945.28,True
6710.1,52663,120,6788.36,True
6715.1,52286,120,6894.21,True
6715.1,52325,120,6886.47,True
6715.1,52461,120,6813.94,True
6715.1,52510,120,6874.62,True
6720.1,49505,1,102.31,False
6720.1,51885,120,6932.02,True
6720.1,52190,120,6831.82,True
6720.1,52268,120,6784.86,True
6720.1,52482,120,6935.06,True
6720.1,52617,120,6861.25,True
6725.1,49559,1,103.76,False
6725.1,50846,10228,14.32,False
6725.1,52143,120,6812.23,True
6725.1,52167,120,6830.67,True
6730.1,51404,120,6816.96,True
6730.1,52033,120,6899.62,True
6730.1,52102,120,6850.55,True
6730.1,52209,120,6949.97,True
6730.1,52447,120,6950.92,True
6730.1,52566,120,6822.03,True
6730.1,53719,1220007501,139.34,True
6735.1,50913,120,6847.44,True
6735.1,51307,1220014000,93.52,True
6735.1,51323,120,6942.37,True
6735.1,51715,120,6938.81,True
6735.1,52237,120,6912.58,True
6735.1,53693,10313,2.38,False
6740.1,47100,1,138.24,False
6740.1,50232,1,113.88,False
6740.1,50287,120,6824.11,True
6740.1,52054,120,6927.58,True
6740.1,52278,120,6959.14,True
6740.1,54099,1220007501,146.59,True
6740.1,54293,10113,19.65,False
6740.1,54403,1220000502,327.12,True
6740.1,54489,1220000502,319.93,True
6745.1,44073,1220000201,55.49,True
6745.1,50696,1,111.25,False
6745.1,51771,120,6936.01,True
6745.1,51807,1220014000,98.49,True
6745.1,52057,120,6857.26,True
6745.1,52087,120,6821.11,True
6745.1,52196,120,6938.28,True
6745.1,52223,1220000201,73.63,True
6745.1,52244,120,6898.76,True
6745.1,52259,120,6816.93,True
6745.1,52280,120,6820.67,True
6745.1,52312,120,6933.15,True
6745.1,53390,10267,2.44,False
6750.1,47403,1220013700,166.32,False
6750.1,51573,120,6870.33,True
6750.1,51668,120,6870.33,True
6750.1,51707,120,6935.44,True
6750.1,51760,120,6941.83,True
6750.1,52067,120,6906.32,True
6750.1,52137,120,6872.57,True
6750.1,52192,120,6947.38,True
6750.1,52247,120,6949.96,True
6750.1,52452,120,6912.06,True
6750.1,52665,120,6871.44,True
6750.1,52687,120,6903.43,True
6750.1,52709,120,6837.87,True
6750.1,53282,10266,12.12,False
6755.1,49594,1220000402,126.23,True
6755.1,50714,1,101.98,False
6755.1,52018,120,6909.9,True
6755.1,52333,120,6829.37,True
6755.1,52410,120,6832.99,True
6755.1,52468,120,6816.22,True
6755.1,52677,120,6870.81,True
6755.1,53080,1,125.99,False
6755.1,54641,1220000502,320.51,True
6760.1,48340,1,138.26,False
6760.1,51117,120,6840.16,True
6760.1,51297,120,6917.74,True
6760.1,52001,120,6933.07,True
6760.1,52523,120,6887.88,True
6760.1,52802,120,6957.29,True
6765.1,51514,1,117.55,False
6765.1,52216,120,6828.17,True
6765.1,52451,120,6848.96,True
6770.1,52668,120,6804.79,True
6770.1,52764,120,6855.02,True
6770.1,52826,120,6906.76,True
6770.1,52914,120,6861.69,True
6775.1,52439,120,6775.23,True
6775.1,52478,120,6893.9,True
6775.1,52596,120,6923.97,True
6775.1,52813,120,6840.83,True
6780.1,52440,120,6828.86,True
6780.1,52716,120,6887.29,True
6780.1,52793,120,6871.02,True
6780.1,52915,120,6834.75,True
6780.1,52946,120,6790.29,True
6780.1,52989,120,6797.62,True
6785.1,44055,381,81.56,False
6785.1,52430,120,6813.79,True
6785.1,52552,120,6940.33,True
6785.1,52779,120,6801.9,True
6785.1,52814,120,6921.52,True
6785.1,52858,120,6924.59,True
6785.1,53016,120,6930.45,True
6785.1,53459,10267,18.64,False
6790.1,47313,10607,20.92,False
6790.1,52084,120,6857.09,True
6790.1,52246,120,6797.16,True
6790.1,52267,120,6931.2,True
6790.1,52332,120,6894.92,True
6790.1,52418,120,6887.06,True
6790.1,52532,120,6817.78,True
6790.1,52696,120,6790.77,True
6790.1,52890,120,6927.66,True
6790.1,52908,120,6896.55,True
6790.1,52937,120,6888.61,True
6795.1,39787,1,115.5,False
6795.1,52513,120,6818.41,True
6795.1,52514,120,6862.52,True
6795.1,52864,120,6854.61,True
6795.1,52971,120,6808.0,True
6795.1,53057,120,6844.35,True
6795.1,53091,120,6929.2,True
6800.1,52150,120,6826.94,True
6800.1,52869,10111,4.59,False
6800.1,52983,120,6843.67,True
6800.1,52987,120,6921.43,True
6800.1,53012,120,6959.54,True
6800.1,53013,1,126.83,False
6800.1,53052,120,6881.89,True
6805.1,52565,120,6958.92,True
6805.1,52613,120,6908.94,True
6805.1,53036,1,91.95,False
6810.1,52407,1220000402,91.87,True
6815.1,47539,10034,25.85,False
6815.1,48557,1220018301,19.09,True
6815.1,51869,10111,23.56,False
6815.1,52195,120,6806.12,True
6815.1,52625,120,6858.82,True
6815.1,52635,120,6881.32,True
6815.1,53197,120,6920.96,True
6820.1,52534,120,6949.77,True
6820.1,52602,120,6868.07,True
6820.1,53132,120,6946.49,True
6820.1,53230,120,6877.27,True
6825.1,52456,120,6881.04,True
6825.1,52487,120,6815.87,True
6825.1,52787,120,6907.85,True
6825.1,52790,120,6832.92,True
6825.1,53081,120,6886.48,True
6825.1,53131,120,6915.78,True
6825.1,53250,120,6871.28,True
6825.1,53278,120,6845.56,True
6830.1,53099,120,6866.02,True
6830.1,53331,120,6959.36,True
6835.1,52583,120,6914.77,True
6835.1,52705,120,6891.17,True
6835.1,53417,120,6795.15,True
6835.1,54152,1,107.76,False
6835.1,54677,1,73.24,False
6840.1,49746,381,75.68,False
6840.1,51610,120,6910.94,True
6840.1,52657,120,6959.14,True
6840.1,52838,120,6923.36,True
6840.1,52961,120,6958.12,True
6840.1,53206,120,6902.7,True
6840.1,54827,10111,29.98,False
6845.1,52548,120,6902.2,True
6845.1,52963,120,6958.39,True
6850.1,52799,120,6815.08,True
6850.1,52862,120,6817.39,True
6850.1,52863,120,6860.33,True
6850.1,53327,120,6817.68,True
6855.1,53542,120,6948.78,True
6855.1,54064,10034,31.96,False
6855.1,54260,1220007501,139.39,True
6860.1,50870,10607,9.5,False
6860.1,52980,120,6816.37,True
6860.1,53019,120,6912.38,True
6860.1,53046,120,6793.45,True
6860.1,53598,1220014000,88.78,True
6865.1,52782,120,6935.55,True
6865.1,52898,120,6881.92,True
6865.1,53063,120,6841.57,True
6865.1,53192,120,6846.6,True
6870.1,52346,120,6929.88,True
6870.1,52592,120,6881.14,True
6870.1,53082,120,6948.3,True
6875.1,52627,120,6909.92,True
6875.1,53130,120,6878.31,True
6875.1,53207,120,6806.42,True
6875.1,53539,120,6900.59,True
6880.1,52641,120,6805.99,True
6880.1,53038,120,6898.47,True
6880.1,53152,120,6871.98,True
6880.1,53356,120,6921.17,True
6880.1,53504,120,6940.59,True
6880.1,53537,120,6929.77,True
6880.1,53551,120,6906.48,True
6885.1,45390,10410,4.6,False
6885.1,53261,120,6916.67,True
6885.1,53273,120,6877.91,True
6885.1,53384,120,6933.6,True
6890.1,52849,120,6916.43,True
6890.1,53632,120,6873.32,True
6895.1,46554,1220000201,79.08,True
6895.1,48858,1220014000,88.87,True
6895.1,49913,1,103.84,False
6895.1,50280,1,66.92,False
6895.1,50371,1220000201,69.84,True
6895.1,50979,1,132.6,False
6895.1,51725,1220000201,52.92,True
6895.1,52108,120,6935.1,True
6895.1,53917,10410,7.98,False
6900.1,52066,120,6926.02,True
6900.1,52382,120,6875.34,True
6900.1,52759,120,6886.62,True
6900.1,53188,1220000201,54.99,True
6900.1,53373,120,6884.66,True
6900.1,53555,10267,8.88,False
6910.1,53656,120,6818.24,True
6910.1,53883,120,6814.21,True
6915.1,52848,120,6819.16,True
6915.1,53476,120,6870.73,True
6915.1,53489,120,6829.93,True
6915.1,53565,120,6820.67,True
6915.1,53625,120,6864.65,True
6915.1,53708,120,6926.95,True
6915.1,53814,120,6845.89,True
6920.1,49569,10111,16.1,False
6920.1,52899,120,6950.67,True
6920.1,53677,120,6892.32,True
6920.1,53699,120,6884.83,True
6925.1,52949,120,6859.81,True
6925.1,53116,120,6824.07,True
6925.1,53361,120,6818.74,True
6925.1,53403,120,6935.83,True
6925.1,53588,120,6871.65,True
6925.1,53612,120,6906.52,True
6925.1,53836,120,6803.49,True
6930.1,50123,10111,28.99,False
6930.1,50229,1,133.02,False
6930.1,53341,120,6893.31,True
6930.1,53463,120,6858.91,True
6935.1,43215,10111,3.36,False
6935.1,49720,1,51.76,False
6935.1,52994,120,6878.73,True
6935.1,53353,120,6954.44,True
6935.1,53374,120,6953.2,True
6935.1,53407,120,6958.33,True
6935.1,53895,120,6830.31,True
6940.1,53451,120,6942.58,True
6940.1,53472,120,6856.07,True
6940.1,53554,120,6856.93,True
6940.1,54250,1220000201,38.54,True
6945.1,53500,120,6821.41,True
6945.1,53526,120,6837.49,True
6945.1,53553,120,6858.71,True
6945.1,53574,120,6851.68,True
6945.1,53646,120,6910.21,True
6945.1,53690,120,6798.17,True
6945.1,53937,120,6930.76,True
6950.1,52807,120,6848.19,True
6950.1,53311,120,6834.38,True
6950.1,53415,120,6947.7,True
6950.1,53438,120,6866.6,True
6950.1,53631,120,6954.53,True
6950.1,53664,120,6812.15,True
6950.1,53957,120,6872.98,True
6950.1,54074,120,6908.72,True
6955.1,53096,120,6943.56,True
6955.1,53618,1,123.24,False
6955.1,53762,120,6897.44,True
6955.1,54003,120,6910.24,True
6960.1,53787,120,6848.86,True
6960.1,53885,120,6816.16,True
6960.1,54044,120,6888.5,True
6965.1,52817,120,6933.79,True
6965.1,52825,120,6894.44,True
6965.1,53338,120,6815.92,True
6965.1,53640,120,6948.53,True
6965.1,53713,120,6833.27,True
6965.1,53780,120,6883.34,True
6965.1,54050,120,6805.36,True
6965.1,54164,120,6948.0,True
6970.1,53665,120,6849.77,True
6970.1,53702,120,6889.34,True
6970.1,53971,120,6955.92,True
6970.1,54184,120,6814.41,True
6970.1,54879,10313,12.39,False
6975.1,52289,120,6862.88,True
6975.1,53993,120,6815.38,True
6975.1,54138,120,6861.4,True
6980.1,53796,120,6808.84,True
6980.1,53858,120,6927.64,True
6980.1,53923,120,6868.25,True
6980.1,53947,120,6906.39,True
6980.1,53988,120,6945.54,True
6980.1,54023,120,6825.5,True
6980.1,54100,120,6878.48,True
6985.1,53406,120,6906.43,True
6985.1,53834,120,6901.14,True
6985.1,53900,120,6941.87,True
6985.1,54256,120,6778.97,True
6985.1,54308,120,6935.12,True
6990.1,52493,120,6848.28,True
6990.1,52533,120,6922.88,True
6990.1,53247,120,6954.11,True
6990.1,53945,120,6827.59,True
6990.1,55685,10111,30.75,False
6995.1,50519,1,67.3,False
6995.1,51039,1,122.09,False
6995.1,53340,120,6939.74,True
6995.1,53712,120,6934.73,True
6995.1,53725,120,6913.32,True
6995.1,53872,120,6897.57,True
6995.1,53984,120,6942.79,True
6995.1,54069,120,6903.96,True
7000.1,51594,1,57.68,False
7000.1,53739,120,6857.39,True
7000.1,54014,120,6883.52,True
7000.1,54319,120,6940.69,True
7000.1,54354,120,6900.14,True
7005.1,51531,10607,5.72,False
7005.1,52040,327,34.15,True
7005.1,54053,120,6918.49,True
7005.1,54082,120,6833.61,True
7005.1,54145,120,6879.58,True
7005.1,54191,120,6876.13,True
7005.1,54215,120,6836.85,True
7005.1,54363,120,6958.99,True
7005.1,54477,120,6880.83,True
7010.1,54002,120,6930.54,True
7010.1,54378,120,6895.68,True
7015.1,52512,327,81.17,True
7015.1,54297,120,6825.35,True
7015.1,55096,10034,30.05,False
7015.1,55549,1220007501,146.43,True
7020.1,54095,120,6817.8,True
7020.1,54242,120,6852.65,True
7020.1,54317,120,6807.32,True
7020.1,54415,120,6903.28,True
7020.1,54452,120,6875.79,True
7020.1,54487,120,6839.02,True
7025.1,54103,120,6917.94,True
7025.1,54196,120,6825.31,True
7025.1,54347,120,6922.36,True
7025.1,54377,120,6863.06,True
7025.1,54649,120,6939.35,True
7030.1,52388,1220007101,198.85,True
7035.1,51973,1220014000,95.46,True
7035.1,54046,120,6953.71,True
7035.1,54488,120,6901.59,True
7035.1,54510,120,6945.93,True
7035.1,54540,120,6819.4,True
7035.1,54578,120,6788.97,True
7035.1,54639,120,6905.64,True
7040.1,53486,120,6930.23,True
7040.1,54121,120,6950.64,True
7040.1,54316,120,6875.02,True
7040.1,54404,120,6886.95,True
7040.1,54424,120,6898.22,True
7040.1,54533,120,6883.51,True
7040.1,54590,120,6915.75,True
7045.1,45420,1220000201,78.23,True
7045.1,51726,1220000201,68.8,True
7045.1,52501,1,108.29,False
7045.1,54650,120,6935.42,True
7045.1,54741,10267,0.04,False
7050.1,51257,1,112.85,False
7050.1,54434,1220000201,70.32,True
7050.1,54562,120,6937.34,True
7055.1,54118,120,6861.81,True
7055.1,54264,120,6950.4,True
7055.1,54279,1,121.33,False
7055.1,54459,120,6904.3,True
7055.1,54796,120,6828.98,True
7060.1,53987,1,116.06,False
7060.1,54141,120,6944.13,True
7060.1,54392,120,6907.21,True
7060.1,54440,120,6940.34,True
7065.1,51835,10111,5.44,False
7065.1,52140,381,76.88,False
7065.1,54301,120,6827.28,True
7065.1,54456,120,6883.72,True
7065.1,54573,120,6857.13,True
7065.1,54681,120,6883.85,True
7065.1,54703,120,6902.78,True
7070.1,54503,120,6888.66,True
7070.1,54638,120,6947.53,True
7075.1,54282,120,6815.25,True
7075.1,54386,120,6819.82,True
7075.1,54730,120,6822.08,True
7075.1,54762,120,6854.38,True
7075.1,54872,120,6897.98,True
7080.1,54512,120,6944.89,True
7080.1,54547,120,6936.32,True
7080.1,54693,120,6926.38,True
7085.1,54566,120,6832.88,True
7085.1,54662,120,6892.18,True
7090.1,54032,120,6948.31,True
7090.1,54423,120,6954.55,True
7095.1,54412,120,6827.03,True
7095.1,54817,120,6865.54,True
7095.1,54873,120,6813.45,True
7100.1,54481,120,6957.95,True
7100.1,54521,120,6923.54,True
7100.1,54685,120,6952.21,True
7100.1,54893,120,6916.16,True
7100.1,55055,120,6941.41,True
7100.1,55068,120,6796.67,True
7105.1,54182,120,6916.66,True
7105.1,54632,120,6948.39,True
7105.1,54713,120,6823.33,True
7105.1,54743,120,6848.15,True
7105.1,56642,1220000502,319.56,True
7110.1,52344,1,125.38,False
7110.1,53313,381,85.42,False
7110.1,54398,10228,15.9,False
7115.1,54660,1220000201,18.25,True
7115.1,54695,381,88.54,False
7115.1,55058,120,6898.47,True
7120.1,54544,120,6875.99,True
7120.1,55045,10607,4.05,False
7120.1,55183,120,6796.23,True
7120.1,55982,1220000502,321.88,True
7125.1,54142,120,6791.37,True
7125.1,54986,120,6816.22,True
7125.1,55013,120,6873.62,True
7125.1,56778,1220000502,321.91,True
7130.1,54330,1,114.5,False
7130.1,54699,120,6917.14,True
7130.1,55046,120,6819.68,True
7135.1,54909,120,6898.43,True
7135.1,55006,120,6893.28,True
7140.1,47552,381,67.3,False
7140.1,50463,10062,19.23,False
7145.1,44396,120,6897.78,True
7145.1,52492,381,74.08,False
7145.1,55073,120,6950.98,True
7150.1,53897,327,4.67,True
7150.1,53997,120,6944.22,True
7150.1,54364,120,6905.98,True
7150.1,54620,120,6867.3,True
7155.1,53938,120,6794.78,True
7155.1,53986,120,6785.1,True
7155.1,54130,120,6954.08,True
7155.1,54831,120,6826.1,True
7155.1,54840,120,6930.66,True
7155.1,55136,120,6815.99,True
7155.1,55196,120,6867.52,True
7155.1,55313,120,6920.88,True
7155.1,56226,1220007501,131.93,True
7160.1,42186,120,6842.38,True
7160.1,53959,120,6926.19,True
7160.1,54642,120,6879.02,True
7160.1,54764,120,6941.84,True
7160.1,54821,120,6892.49,True
7160.1,54896,120,6808.67,True
7160.1,55144,120,6935.11,True
7160.1,55201,120,6840.15,True
7160.1,55241,120,6927.18,True
7160.1,55298,120,6864.4,True
7160.1,56322,10313,10.74,False
7165.1,54794,120,6923.75,True
7165.1,54825,120,6952.94,True
7165.1,54839,120,6834.58,True
7165.1,54857,120,6927.7,True
7165.1,54934,120,6812.7,True
7165.1,55194,120,6846.44,True
7165.1,55208,120,6929.58,True
7170.1,54615,120,6791.81,True
7170.1,54628,120,6913.89,True
7170.1,54881,120,6915.7,True
7170.1,54883,120,6830.4,True
7170.1,54932,120,6776.43,True
7170.1,55087,10410,6.64,False
7170.1,55261,120,6952.82,True
7170.1,55271,120,6802.76,True
7175.1,53975,120,6890.65,True
7175.1,55071,120,6855.41,True
7180.1,54803,120,6918.88,True
7180.1,55103,120,6777.99,True
7180.1,55358,120,6805.3,True
7185.1,52751,10410,0.87,False
7185.1,54991,120,6875.07,True
7185.1,55108,120,6916.78,True
7185.1,55130,120,6797.09,True
7190.1,51048,10111,11.41,False
7190.1,54922,120,6950.2,True
7190.1,54968,120,6834.83,True
7190.1,55084,120,6874.39,True
7190.1,55211,120,6823.44,True
7190.1,56948,1220000502,327.66,True
7195.1,50081,1220000201,72.47,True
7195.1,53229,1220000201,56.38,True
7195.1,53367,1220014000,105.38,True
7195.1,54309,120,6837.44,True
7195.1,54569,120,6871.69,True
7195.1,54602,120,6893.24,True
7195.1,54905,120,6908.71,True
7195.1,54965,120,6855.31,True
7195.1,55167,10267,1.68,False
7195.1,55227,120,6918.42,True
7195.1,55286,120,6812.77,True
7195.1,55474,120,6853.38,True
7200.1,55662,120,6790.61,True
7205.1,55146,120,6815.85,True
7210.1,51917,1,91.71,False
7210.1,54163,120,6952.7,True
7210.1,54871,120,6934.09,True
7210.1,55352,120,6936.76,True
7210.1,55391,120,6957.51,True
7210.1,55509,10267,0.84,False
7210.1,55566,120,6912.84,True
7210.1,56455,10228,17.15,False
7215.1,55278,120,6952.61,True
7215.1,55394,120,6932.97,True
7215.1,55526,120,6886.68,True
7215.1,56687,1220007501,140.94,True
7220.1,49539,1220000201,43.52,True
7220.1,55117,120,6822.25,True
7220.1,55414,120,6956.36,True
7220.1,55421,120,6897.14,True
7220.1,55424,1,96.18,False
7225.1,53998,1,120.83,False
7225.1,55449,120,6956.96,True
7225.1,55533,120,6849.81,True
7225.1,55578,10111,25.12,False
7225.1,55604,120,6801.84,True
7225.1,56950,1210009403,92.26,True
7230.1,53736,1,128.77,False
7230.1,54232,1220000402,139.61,True
7230.1,54956,120,6832.67,True
7230.1,55105,120,6890.41,True
7230.1,55292,120,6842.89,True
7230.1,55542,120,6791.88,True
7235.1,54984,120,6901.79,True
7235.1,55173,120,6856.09,True
7235.1,55249,120,6762.44,True
7235.1,55303,120,6939.98,True
7235.1,55560,120,6887.53,True
7235.1,55608,120,6941.16,True
7235.1,55718,120,6798.23,True
7240.1,55077,120,6941.85,True
7240.1,55337,120,6856.76,True
7240.1,55676,120,6887.1,True
7245.1,55393,120,6806.18,True
7245.1,55423,120,6845.27,True
7245.1,55900,1220000402,100.78,True
7255.1,55386,1,88.64,False
7255.1,55395,120,6806.24,True
7260.1,54387,120,6875.48,True
7260.1,55284,120,6884.21,True
7260.1,55479,120,6845.68,True
7260.1,55821,120,6864.25,True
7265.1,55351,120,6887.67,True
7265.1,55377,120,6953.6,True
7265.1,55597,120,6852.59,True
7265.1,55861,120,6955.21,True
7265.1,55867,120,6918.14,True
7265.1,55895,120,6905.1,True
7265.1,55988,120,6930.1,True
7270.1,55670,120,6871.45,True
7275.1,55692,120,6960.54,True
7280.1,55316,120,6816.96,True
7280.1,55388,120,6822.45,True
7280.1,55409,120,6925.83,True
7280.1,55931,120,6866.58,True
7285.1,51767,120,6837.51,True
7285.1,55233,120,6938.61,True
7285.1,55429,120,6908.15,True
7285.1,55761,120,6802.72,True
7285.1,56976,1,101.35,False
7290.1,55243,120,6923.08,True
7290.1,55282,120,6883.59,True
7290.1,55621,120,6925.2,True
7290.1,55736,120,6878.87,True
7290.1,55865,120,6779.21,True
7295.1,55437,120,6928.65,True
7295.1,55758,120,6947.66,True
7295.1,55876,120,6947.58,True
7300.1,54637,327,130.75,True
7300.1,55601,120,6960.84,True
7300.1,55616,120,6955.31,True
7300.1,55677,120,6925.66,True
7300.1,55687,120,6808.23,True
7300.1,55694,120,6862.72,True
7300.1,56206,120,6879.5,True
7305.1,54943,120,6777.49,True
7305.1,55307,120,6818.14,True
7305.1,55708,120,6845.98,True
7305.1,55832,120,6832.68,True
7310.1,55212,120,6915.72,True
7310.1,55228,120,6860.69,True
7310.1,55550,120,6850.91,True
7310.1,55667,120,6883.2,True
7310.1,56022,120,6960.61,True
7315.1,55764,120,6796.52,True
7315.1,55917,120,6877.25,True
7315.1,56070,120,6960.99,True
7320.1,55757,120,6923.6,True
7320.1,55778,120,6839.29,True
7320.1,55783,120,6899.05,True
7320.1,55855,120,6877.53,True
7320.1,56157,120,6846.06,True
7320.1,56213,120,6809.79,True
7325.1,45998,120,6828.08,True
7325.1,55297,120,6847.23,True
7325.1,55310,120,6899.32,True
7325.1,55689,120,6809.1,True
7325.1,55797,120,6860.1,True
7325.1,56053,120,6957.58,True
7325.1,56136,120,6822.82,True
7330.1,55737,120,6901.93,True
7330.1,55941,120,6845.06,True
7330.1,55964,120,6865.28,True
7330.1,55981,120,6952.79,True
7330.1,55991,120,6883.79,True
7330.1,56035,120,6833.48,True
7330.1,56090,120,6860.7,True
7330.1,56124,120,6917.71,True
7330.1,56305,120,6930.76,True
7330.1,56879,10313,12.27,False
7330.1,56902,1220007501,141.03,True
7335.1,50531,1,132.47,False
7335.1,51535,1220014000,95.49,True
7335.1,54302,1,113.83,False
7335.1,56119,120,6795.53,True
7335.1,56286,120,6835.2,True
7335.1,56921,10313,5.07,False
7335.1,56955,1220007501,133.37,True
7340.1,55166,120,6822.39,True
7340.1,56021,120,6884.05,True
7340.1,56264,120,6936.74,True
7340.1,56268,120,6930.38,True
7340.1,56308,120,6842.27,True
7340.1,57243,1220007501,131.68,True
7345.1,48620,1220000201,62.25,True
7345.1,53276,1220000201,72.84,True
7345.1,55478,120,6882.52,True
7345.1,55486,120,6797.77,True
7345.1,55651,120,6936.04,True
7345.1,55853,120,6914.87,True
7345.1,56008,120,6951.27,True
7350.1,53120,1220000201,77.68,True
7350.1,55823,120,6821.19,True
7350.1,55914,120,6893.72,True
7350.1,55923,120,6838.09,True
7350.1,55947,120,6876.09,True
7350.1,55961,120,6894.4,True
7350.1,56112,120,6799.6,True
7350.1,56272,120,6850.63,True
7350.1,57260,10410,6.85,False
7350.1,57973,1220000502,304.8,True
7355.1,55942,120,6907.62,True
7355.1,56240,120,6855.51,True
7360.1,53393,10111,23.06,False
7360.1,56139,10111,4.27,False
7365.1,55904,120,6791.25,True
7365.1,56045,120,6830.01,True
7365.1,56117,120,6958.61,True
7365.1,56205,10111,26.78,False
7370.1,56094,120,6939.61,True
7370.1,56222,120,6877.4,True
7370.1,56256,1220000402,92.92,True
7370.1,56354,120,6856.93,True
7375.1,56091,120,6928.35,True
7375.1,56579,120,6946.7,True
7375.1,58094,10113,11.36,False
7380.1,51876,1220000402,105.0,True
7380.1,56320,1,115.67,False
7385.1,56342,120,6756.92,True
7385.1,56419,120,6929.34,True
7390.1,55725,120,6935.15,True
7390.1,56370,120,6797.92,True
7390.1,56473,120,6817.02,True
7390.1,56507,120,6898.11,True
7395.1,55949,120,6956.29,True
7395.1,55957,120,6916.01,True
7395.1,55989,120,6922.01,True
7395.1,55996,120,6902.51,True
7395.1,56057,120,6920.15,True
7395.1,56069,120,6947.88,True
7395.1,56153,120,6858.06,True
7395.1,56165,120,6888.32,True
7395.1,56195,120,6934.68,True
7395.1,56208,120,6870.06,True
7395.1,56478,120,6833.65,True
7400.1,56010,120,6866.46,True
7400.1,56198,120,6824.64,True
7400.1,56227,120,6858.88,True
7400.1,56344,120,6900.06,True
7400.1,56464,120,6909.37,True
7400.1,56584,120,6848.77,True
7405.1,55956,120,6820.98,True
7405.1,56281,120,6877.1,True
7405.1,56359,120,6838.07,True
7405.1,56456,120,6804.46,True
7405.1,56603,120,6824.47,True
7405.1,56685,120,6950.02,True
7410.1,55266,120,6850.23,True
7410.1,56038,120,6940.31,True
7410.1,56400,120,6936.54,True
7410.1,56410,120,6930.85,True
7410.1,56512,120,6836.09,True
7410.1,56645,120,6830.47,True
7410.1,56706,120,6953.58,True
7410.1,56775,120,6806.57,True
7410.1,56796,120,6799.88,True
7410.1,56797,120,6922.88,True
7415.1,55948,120,6919.97,True
7415.1,56031,120,6886.51,True
7415.1,56363,120,6948.47,True
7415.1,56382,120,6957.03,True
7415.1,56499,120,6851.62,True
7415.1,56653,120,6828.07,True
7415.1,58321,1220000502,325.95,True
7420.1,56321,120,6827.6,True
7420.1,56364,120,6877.43,True
7420.1,56453,120,6813.47,True
7420.1,56589,120,6834.07,True
7420.1,56758,120,6855.0,True
7420.1,56784,120,6796.31,True
7420.1,56811,120,6793.55,True
7425.1,56049,120,6910.6,True
7425.1,56177,120,6941.28,True
7425.1,56420,120,6825.04,True
7425.1,56732,120,6921.39,True
7425.1,56755,120,6807.82,True
7430.1,45004,120,6908.56,True
7430.1,56189,120,6845.04,True
7430.1,56424,120,6943.24,True
7430.1,56440,120,6813.8,True
7430.1,56588,120,6887.68,True
7435.1,56257,120,6952.28,True
7435.1,56971,120,6860.23,True
7435.1,57800,1,117.28,False
7440.1,37572,120,6816.71,True
7440.1,52809,10111,4.02,False
7440.1,54659,10607,8.42,False
7445.1,53864,10589,23.77,False
7445.1,53870,1,50.72,False
7445.1,56452,120,6838.92,True
7445.1,56527,120,6954.77,True
7450.1,54654,1,94.2,False
7450.1,54892,327,56.21,True
7450.1,55496,10313,9.16,False
7450.1,56405,120,6851.77,True
7455.1,56423,1,72.29,False
7455.1,56590,120,6930.02,True
7455.1,56656,120,6868.53,True
7455.1,56679,120,6819.28,True
7455.1,56841,120,6860.93,True
7455.1,56913,120,6933.46,True
7455.1,56960,120,6896.89,True
7460.1,55781,120,6836.27,True
7460.1,55972,120,6858.65,True
7460.1,56573,120,6877.44,True
7460.1,57851,1220007501,142.05,True
7465.1,56627,120,6828.38,True
7465.1,56682,120,6884.37,True
7470.1,56497,120,6948.97,True
7470.1,57988,10313,1.56,False
7475.1,55854,120,6847.86,True
7475.1,56375,120,6948.66,True
7475.1,56567,120,6958.43,True
7475.1,56611,120,6913.46,True
7475.1,56617,120,6907.68,True
7475.1,56667,120,6880.39,True
7475.1,58268,10313,1.4,False
7480.1,56498,120,6946.43,True
7480.1,56555,120,6827.32,True
7480.1,56606,120,6833.68,True
7480.1,56651,120,6909.85,True
7485.1,56851,120,6961.08,True
7485.1,57004,120,6947.69,True
7490.1,51555,10111,19.19,False
7490.1,55798,120,6874.41,True
7490.1,56434,120,6938.91,True
7490.1,56802,120,6906.52,True
7490.1,56825,120,6815.29,True
7490.1,56914,120,6815.97,True
7490.1,56969,120,6816.23,True
7490.1,57011,120,6822.02,True
7495.1,55563,1220000201,63.09,True
7495.1,55790,120,6908.46,True
7495.1,55980,120,6925.67,True
7495.1,56705,1220000201,72.5,True
7495.1,56820,120,6900.75,True
7495.1,57033,120,6944.21,True
7500.1,49632,1,131.41,False
7500.1,57002,120,6895.26,True
7500.1,57858,10267,8.16,False
7505.1,52614,1220000402,108.59,True
7505.1,55334,1,131.52,False
7505.1,56680,120,6872.06,True
7505.1,56745,120,6820.32,True
7505.1,56768,120,6937.96,True
7505.1,57097,120,6856.38,True
7505.1,57485,1210009403,99.9,True
7510.1,52049,10111,17.14,False
7510.1,55811,120,6835.08,True
7510.1,56593,120,6829.45,True
7510.1,56633,120,6866.66,True
7510.1,57156,120,6826.24,True
7510.1,57220,120,6912.42,True
7515.1,56274,120,6915.19,True
7515.1,56626,120,6915.1,True
7515.1,56782,120,6951.14,True
7515.1,56787,1,84.25,False
7515.1,56794,120,6874.89,True
7515.1,57170,120,6954.89,True
7520.1,55940,120,6861.59,True
7520.1,57098,120,6898.94,True
7520.1,57162,120,6896.44,True
7520.1,57184,120,6943.8,True
7520.1,57266,120,6919.33,True
7525.1,56923,120,6902.75,True
7525.1,57013,1,110.71,False
7525.1,57292,120,6865.19,True
7530.1,56993,1,137.11,False
7530.1,57064,120,6908.34,True
7535.1,55963,120,6803.79,True
7535.1,57089,120,6805.73,True
7535.1,57095,120,6873.48,True
7535.1,57155,120,6841.21,True
7535.1,57310,120,6947.82,True
7540.1,56917,120,6924.72,True
7540.1,57040,120,6912.79,True
7540.1,57051,120,6875.86,True
7545.1,57199,120,6842.14,True
7550.1,55675,381,59.79,False
7550.1,59046,1220000502,319.82,True
7555.1,57138,120,6944.02,True
7555.1,57151,120,6839.02,True
7555.1,57293,1220000402,101.33,True
7560.1,56086,120,6865.61,True
7560.1,56146,120,6787.46,True
7560.1,57163,120,6809.15,True
7560.1,57283,120,6942.22,True
7560.1,57358,120,6885.73,True
7560.1,57537,120,6868.25,True
7565.1,56067,120,6887.99,True
7565.1,56824,120,6854.39,True
7565.1,56998,120,6892.73,True
7565.1,57218,120,6941.15,True
7565.1,57500,120,6945.36,True
7565.1,57576,120,6906.09,True
7570.1,56756,120,6903.37,True
7570.1,57167,120,6865.05,True
7570.1,57186,120,6827.89,True
7570.1,57272,1220000402,132.34,True
7570.1,57578,120,6951.63,True
7570.1,57928,1220000201,78.19,True
7570.1,58382,1220000502,334.58,True
7575.1,57154,120,6833.87,True
7575.1,57312,1,93.68,False
7575.1,57370,120,6792.31,True
7575.1,57414,120,6863.67,True
7575.1,57433,120,6904.49,True
7575.1,59217,1220000502,332.53,True
7580.1,52253,1220000402,135.54,True
7580.1,56850,120,6941.15,True
7580.1,57409,120,6822.68,True
7580.1,57431,120,6844.69,True
7580.1,57499,120,6902.76,True
7580.1,57554,120,6875.75,True
7580.1,57654,120,6952.36,True
7585.1,56408,120,6825.85,True
7585.1,57326,120,6876.25,True
7585.1,57383,120,6858.93,True
7585.1,57562,120,6869.85,True
7585.1,57623,120,6834.85,True
7585.1,57657,120,6934.49,True
7590.1,56708,120,6880.07,True
7590.1,56857,120,6821.24,True
7590.1,57364,120,6871.78,True
7590.1,57411,120,6817.69,True
7590.1,57469,120,6842.22,True
7595.1,57204,120,6839.6,True
7600.1,56612,120,6960.4,True
7600.1,57125,120,6898.87,True
7600.1,57270,120,6906.88,True
7600.1,57277,120,6934.24,True
7600.1,57285,120,6855.98,True
7605.1,57430,120,6804.85,True
7605.1,57482,120,6877.41,True
7605.1,58606,1220007501,135.87,True
7610.1,57235,120,6835.84,True
7610.1,57387,120,6857.13,True
7610.1,57854,120,6882.58,True
7610.1,58580,1220014000,98.48,True
7615.1,57081,120,6953.77,True
7615.1,57112,120,6816.96,True
7615.1,57265,120,6910.39,True
7615.1,57380,120,6875.54,True
7615.1,57633,120,6884.02,True
7620.1,56641,120,6927.65,True
7620.1,58837,1220007501,143.78,True
7625.1,56932,120,6881.51,True
7625.1,57297,120,6827.83,True
7625.1,57716,120,6835.22,True
7625.1,59153,10313,3.83,False
7625.1,59200,1220007501,135.49,True
7630.1,54421,10111,6.1,False
7630.1,56379,120,6908.37,True
7630.1,57369,120,6939.08,True
7630.1,57569,120,6824.38,True
7635.1,54178,1220014000,101.9,True
7635.1,55826,1,102.91,False
7635.1,56830,120,6938.34,True
7635.1,57107,120,6824.16,True
7635.1,57468,120,6875.38,True
7635.1,57524,120,6832.01,True
7635.1,57534,120,6822.31,True
7635.1,57607,120,6898.61,True
7635.1,57641,120,6900.04,True
7635.1,57712,120,6914.01,True
7635.1,57733,120,6934.22,True
7635.1,57816,120,6929.34,True
7635.1,58017,120,6794.4,True
7640.1,56239,1,140.18,False
7640.1,56412,1,107.56,False
7640.1,56980,120,6887.6,True
7640.1,57227,120,6869.18,True
7640.1,57445,120,6945.87,True
7645.1,55202,1220000201,70.58,True
7645.1,55634,1220000201,80.57,True
7645.1,56231,1,110.82,False
7645.1,57580,120,6851.68,True
7645.1,57931,10267,0.22,False
7650.1,56781,120,6874.14,True
7650.1,57063,120,6953.74,True
7650.1,57385,1,126.99,False
7650.1,57402,1,106.04,False
7650.1,57588,120,6817.33,True
7650.1,57677,1220000201,62.71,True
7650.1,58431,10267,7.22,False
7650.1,58622,10034,31.25,False
7655.1,55739,1,137.63,False
7655.1,57757,120,6832.41,True
7655.1,58034,120,6952.09,True
7660.1,57736,120,6914.71,True
7660.1,57868,120,6824.21,True
7665.1,56358,120,6893.18,True
7665.1,56395,120,6960.9,True
7665.1,57255,120,6842.8,True
7665.1,57440,120,6854.44,True
7665.1,57628,120,6809.96,True
7665.1,57762,120,6859.86,True
7665.1,58018,10111,4.87,False
7670.1,57509,120,6809.59,True
7670.1,57618,120,6896.03,True
7670.1,57783,120,6908.88,True
7670.1,58129,120,6849.76,True
7670.1,58886,10589,20.4,False
7675.1,56681,120,6926.76,True
7675.1,57179,120,6844.06,True
7675.1,57668,120,6937.65,True
7675.1,57726,120,6807.55,True
7675.1,57808,120,6827.21,True
7675.1,57888,120,6911.38,True
7675.1,58060,120,6803.64,True
7680.1,57567,120,6920.46,True
7680.1,57587,120,6953.13,True
7680.1,57669,120,6831.27,True
7680.1,57739,120,6830.19,True
7680.1,57836,120,6913.67,True
7685.1,57118,120,6941.85,True
7685.1,57705,120,6815.67,True
7685.1,57722,120,6950.15,True
7685.1,57746,120,6866.45,True
7685.1,58146,120,6825.19,True
7685.1,58161,120,6788.91,True
7690.1,56438,120,6959.63,True
7690.1,57207,120,6810.05,True
7690.1,57647,120,6883.46,True
7690.1,57806,120,6919.45,True
7690.1,57844,120,6923.77,True
7690.1,57848,120,6883.51,True
7690.1,57859,120,6849.2,True
7690.1,57885,120,6916.98,True
7690.1,58041,120,6853.15,True
7690.1,58055,120,6825.34,True
7690.1,58069,120,6845.16,True
7690.1,58070,120,6950.55,True
7690.1,58195,120,6842.26,True
7695.1,57781,120,6871.32,True
7695.1,57795,120,6856.05,True
7695.1,57907,120,6910.51,True
7695.1,57908,120,6878.9,True
7695.1,58111,120,6837.76,True
7695.1,58141,120,6941.96,True
7700.1,57802,120,6859.98,True
7700.1,57917,120,6900.64,True
7700.1,58089,120,6778.94,True
7705.1,57571,120,6896.68,True
7705.1,58008,120,6795.04,True
7705.1,58275,120,6855.25,True
7710.1,57845,120,6920.07,True
7710.1,58186,120,6903.75,True
7715.1,56944,1220000201,71.73,True
7715.1,57536,120,6824.19,True
7715.1,57547,120,6830.5,True
7715.1,57860,120,6943.11,True
7715.1,58024,1,117.25,False
7715.1,58042,120,6897.83,True
7715.1,58144,120,6911.59,True
7715.1,58152,120,6938.98,True
7715.1,58252,120,6761.71,True
7720.1,58213,120,6899.81,True
7720.1,58227,120,6791.06,True
7720.1,58435,120,6939.92,True
7720.1,58530,1,130.91,False
7725.1,57955,120,6856.58,True
7725.1,58052,120,6805.72,True
7725.1,58073,120,6905.95,True
7725.1,58140,120,6937.62,True
7725.1,58303,120,6936.72,True
7725.1,58466,120,6901.3,True
7730.1,57439,120,6901.75,True
7730.1,58198,120,6915.42,True
7730.1,58223,120,6823.69,True
7730.1,58338,120,6893.63,True
7730.1,58400,120,6953.01,True
7730.1,59532,1220000502,313.36,True
7735.1,58136,120,6956.62,True
7735.1,58350,120,6881.26,True
7735.1,59029,1,105.47,False
7740.1,57215,381,89.24,False
7740.1,57755,120,6827.37,True
7740.1,57959,120,6904.08,True
7740.1,58339,120,6898.34,True
7740.1,58519,120,6851.98,True
7740.1,58552,120,6933.98,True
7740.1,59720,1,134.72,False
7745.1,56529,10607,15.37,False
7745.1,57197,120,6895.45,True
7745.1,57496,120,6812.98,True
7745.1,57821,120,6890.2,True
7745.1,58101,120,6859.01,True
7745.1,58119,120,6942.0,True
7745.1,58145,120,6909.74,True
7750.1,57835,120,6928.07,True
7755.1,55885,1,121.09,False
7755.1,58103,120,6897.38,True
7755.1,58363,120,6775.09,True
7755.1,58374,120,6927.03,True
7760.1,57717,1220014000,103.29,True
7760.1,58287,120,6939.74,True
7760.1,59299,10313,12.03,False
7765.1,58190,1220014000,102.34,True
7765.1,58427,120,6824.33,True
7765.1,58610,120,6877.81,True
7765.1,58627,120,6808.12,True
7770.1,58440,120,6835.46,True
7770.1,58596,120,6921.18,True
7775.1,58126,120,6867.39,True
7775.1,58351,120,6949.41,True
7775.1,58525,120,6847.18,True
7775.1,60107,10111,18.22,False
7780.1,55101,120,6878.32,True
7780.1,58262,120,6881.06,True
7780.1,58387,120,6836.88,True
7780.1,58637,120,6828.2,True
7780.1,58647,120,6806.03,True
7780.1,58719,120,6844.49,True
7785.1,55698,1220000402,141.3,True
7785.1,57173,10410,2.03,False
7785.1,57612,1220014000,93.74,True
7785.1,58220,120,6892.92,True
7785.1,58231,120,6896.81,True
7785.1,58315,120,6827.17,True
7785.1,58509,120,6875.58,True
7785.1,59297,1220007101,205.83,True
7790.1,58102,120,6845.89,True
7790.1,60239,10113,19.63,False
7795.1,56520,1220000201,73.1,True
7795.1,58056,1,90.0,False
7795.1,58219,120,6892.09,True
7795.1,58282,120,6878.69,True
7795.1,58289,120,6825.33,True
7795.1,58730,120,6822.15,True
7795.1,58759,120,6931.22,True
7795.1,58904,120,6927.67,True
7795.1,58914,1210009403,101.04,True
7800.1,58248,120,6936.65,True
7800.1,58424,120,6899.31,True
7800.1,58713,10266,12.25,False
7800.1,58751,120,6940.62,True
7800.1,58767,120,6885.08,True
7805.1,58156,120,6916.04,True
7805.1,58578,120,6815.64,True
7805.1,58642,120,6845.81,True
7810.1,52088,1,140.5,False
7810.1,58332,120,6920.87,True
7810.1,58442,120,6942.39,True
7810.1,58477,120,6904.02,True
7810.1,58703,120,6940.16,True
7810.1,59383,10313,5.82,False
7815.1,58737,120,6858.26,True
7815.1,59669,1220007501,138.67,True
7820.1,58212,120,6845.3,True
7820.1,58454,120,6825.54,True
7820.1,58533,120,6804.89,True
7820.1,58753,120,6886.45,True
7820.1,58766,120,6923.48,True
7820.1,58770,1,90.74,False
7820.1,58891,120,6824.0,True
7820.1,59671,10313,6.02,False
7820.1,59865,1220007501,137.86,True
7825.1,57889,120,6936.86,True
7825.1,58230,120,6916.71,True
7825.1,58577,120,6955.52,True
7825.1,58625,120,6945.65,True
7825.1,58936,120,6943.77,True
7830.1,58272,120,6932.97,True
7830.1,58507,120,6831.71,True
7835.1,58636,120,6874.12,True
7835.1,58842,120,6833.18,True
7840.1,58493,120,6878.04,True
7840.1,58497,120,6913.77,True
7840.1,58524,120,6913.2,True
7840.1,58564,120,6877.5,True
7845.1,57713,1,54.81,False
7845.1,58459,120,6864.72,True
7845.1,58699,120,6922.03,True
7845.1,59174,120,6889.02,True
7850.1,57497,1,92.56,False
7850.1,58411,120,6778.31,True
7850.1,58704,120,6812.66,True
7850.1,58723,120,6858.76,True
7850.1,58964,120,6854.3,True
7850.1,59007,120,6905.58,True
7850.1,59099,120,6955.72,True
7855.1,57974,120,6858.27,True
7855.1,58384,120,6848.65,True
7855.1,58663,120,6913.33,True
7855.1,58791,120,6931.35,True
7855.1,58823,120,6942.72,True
7855.1,58990,1220000201,87.63,True
7855.1,59148,120,6950.26,True
7855.1,59441,1,141.93,False
7860.1,57059,10607,18.05,False
7860.1,58172,120,6885.15,True
7860.1,58492,120,6807.78,True
7860.1,58774,120,6897.42,True
7860.1,58805,120,6882.45,True
7860.1,58808,120,6902.57,True
7860.1,59171,120,6844.43,True
7860.1,60327,10410,1.86,False
7865.1,58167,120,6861.6,True
7865.1,58609,120,6953.18,True
7865.1,58829,120,6897.48,True
7870.1,58197,120,6842.08,True
7870.1,58865,120,6903.15,True
7870.1,59188,120,6912.87,True
7875.1,58763,120,6922.42,True
7875.1,59351,120,6883.1,True
7880.1,58135,120,6811.68,True
7880.1,58390,120,6836.87,True
7880.1,58443,120,6906.02,True
7880.1,58677,120,6839.01,True
7880.1,58902,120,6798.88,True
7880.1,59091,120,6848.36,True
7880.1,59147,120,6798.89,True
7880.1,59267,120,6874.1,True
7885.1,58841,120,6935.23,True
7885.1,59973,1,114.73,False
7885.1,60111,1,78.91,False
7890.1,58249,120,6958.16,True
7890.1,58735,120,6846.21,True
7890.1,59206,120,6901.71,True
7895.1,59352,120,6860.73,True
7900.1,58748,120,6814.52,True
7900.1,58773,120,6795.99,True
7900.1,58828,120,6803.2,True
7900.1,58911,120,6845.33,True
7900.1,58925,120,6864.19,True
7900.1,59279,120,6825.62,True
7900.1,59311,120,6870.46,True
7900.1,59447,120,6833.23,True
7905.1,58683,120,6864.06,True
7905.1,59416,120,6869.46,True
7905.1,59452,120,6951.43,True
7910.1,58640,120,6826.39,True
7910.1,58900,120,6829.88,True
7910.1,59042,120,6951.01,True
7910.1,59057,120,6850.43,True
7910.1,59070,120,6809.37,True
7910.1,59254,120,6945.14,True
7910.1,59255,120,6942.58,True
7915.1,58721,120,6919.93,True
7915.1,58809,120,6856.52,True
7915.1,59023,120,6937.62,True
7915.1,59212,120,6849.18,True
7915.1,59500,120,6807.05,True
7920.1,58698,120,6838.62,True
7920.1,59083,120,6911.14,True
7920.1,59444,120,6947.79,True
7925.1,58508,120,6879.85,True
7925.1,58590,120,6919.38,True
7925.1,59135,120,6809.66,True
7925.1,59234,120,6839.57,True
7925.1,59384,120,6834.02,True
7930.1,58806,120,6909.42,True
7930.1,59094,120,6919.81,True
7930.1,59210,120,6834.43,True
7935.1,59038,120,6957.06,True
7935.1,59061,120,6822.28,True
7935.1,59115,120,6807.64,True
7935.1,59209,120,6850.74,True
7935.1,60315,1220007501,144.39,True
7940.1,48719,1,124.8,False
7940.1,56418,1,101.47,False
7940.1,59092,120,6877.25,True
7940.1,59235,120,6881.55,True
7940.1,59258,120,6845.86,True
7940.1,60940,10313,9.48,False
7940.1,61044,10113,11.79,False
7940.1,61077,1220000502,320.76,True
7940.1,61146,1220000502,329.68,True
7945.1,56620,1220000201,62.52,True
7945.1,58545,120,6829.34,True
7945.1,59513,1220000201,58.91,True
7945.1,60773,10313,6.42,False
7945.1,61307,10113,16.18,False
7945.1,61340,1220000502,329.38,True
7950.1,58597,120,6927.66,True
7950.1,59180,120,6890.2,True
7950.1,59553,120,6886.75,True
7950.1,60861,10313,10.06,False
7955.1,58674,120,6946.11,True
7955.1,58957,120,6873.72,True
7955.1,59409,120,6820.4,True
7955.1,59837,120,6867.33,True
7965.1,56249,1220000201,47.1,True
7965.1,59529,120,6859.17,True
7965.1,59789,120,6826.97,True
7970.1,59338,120,6946.97,True
7970.1,59358,120,6905.65,True
7970.1,59442,120,6873.7,True
7970.1,59593,120,6799.39,True
7970.1,59733,120,6917.47,True
7975.1,57254,1220000402,137.07,True
7975.1,59740,120,6924.83,True
7975.1,59955,120,6919.48,True
7980.1,58979,1,108.75,False
7980.1,59423,120,6861.85,True
7980.1,59863,120,6957.78,True
7980.1,61141,10266,18.09,False
7985.1,58880,120,6929.64,True
7985.1,58985,120,6868.92,True
7985.1,59413,120,6942.3,True
7985.1,59436,120,6912.56,True
7985.1,59509,120,6906.27,True
7985.1,59928,120,6864.42,True
7995.1,59191,120,6872.88,True
7995.1,59397,120,6870.26,True
7995.1,59746,120,6879.54,True
7995.1,59748,120,6927.29,True
7995.1,59812,120,6906.89,True
7995.1,60073,120,6826.23,True
8000.1,59541,120,6943.38,True
8000.1,59561,120,6793.0,True
8000.1,59599,120,6887.45,True
8000.1,59661,120,6834.93,True
8000.1,59692,120,6888.59,True
8000.1,59704,120,6901.27,True
8000.1,60110,120,6865.73,True
8005.1,55786,10607,9.54,False
8005.1,58942,1,115.5,False
8005.1,59017,120,6887.21,True
8005.1,59617,120,6878.29,True
8005.1,60188,1220000201,13.5,True
8010.1,54237,10228,17.69,False
8010.1,57909,1,84.93,False
8010.1,59350,120,6941.79,True
8010.1,59425,120,6868.61,True
8010.1,59592,120,6867.01,True
8010.1,59747,120,6904.8,True
8010.1,60207,120,6925.22,True
8015.1,59667,120,6937.42,True
8015.1,59687,120,6821.1,True
8015.1,60288,1,98.91,False
8020.1,59085,120,6829.08,True
8020.1,59377,120,6863.82,True
8020.1,59530,120,6940.02,True
8020.1,59668,120,6815.77,True
8020.1,59717,120,6851.34,True
8020.1,60084,1,137.16,False
8025.1,59885,120,6895.36,True
8025.1,59897,120,6945.13,True
8025.1,59901,120,6857.36,True
8025.1,60035,120,6959.97,True
8025.1,60238,120,6774.14,True
8030.1,60241,120,6795.79,True
8035.1,59889,120,6923.9,True
8035.1,60978,1,76.43,False
8040.1,59067,120,6845.95,True
8040.1,59185,381,89.74,False
8040.1,59751,120,6849.6,True
8040.1,59801,120,6830.79,True
8040.1,60012,120,6795.85,True
8040.1,60071,120,6915.85,True
8040.1,60174,120,6814.19,True
8040.1,60314,120,6840.78,True
8045.1,58081,1,58.2,False
8045.1,59917,120,6875.83,True
8045.1,59942,120,6939.26,True
8045.1,60277,120,6797.34,True
8050.1,56678,1,71.07,False
8050.1,59862,120,6901.07,True
8050.1,59925,120,6895.81,True
8050.1,60021,120,6834.84,True
8050.1,60243,120,6865.89,True
8055.1,59772,120,6813.65,True
8055.1,59940,120,6813.66,True
8055.1,60074,120,6897.15,True
8060.1,59949,120,6865.16,True
8065.1,59645,120,6914.46,True
8065.1,60091,120,6953.0,True
8065.1,60282,120,6825.6,True
8065.1,61664,1220007501,144.06,True
8070.1,59912,120,6881.05,True
8070.1,59947,120,6933.43,True
8070.1,60105,120,6912.26,True
8075.1,59817,120,6817.94,True
8075.1,59979,120,6839.66,True
8075.1,60030,120,6880.5,True
8075.1,60265,120,6905.46,True
8075.1,60294,120,6868.25,True
8075.1,60393,120,6933.29,True
8080.1,59690,120,6852.29,True
8080.1,59876,120,6887.81,True
8080.1,60005,120,6870.23,True
8080.1,60191,120,6853.09,True
8080.1,60366,120,6887.47,True
8085.1,58378,1,102.84,False
8085.1,60042,120,6881.34,True
8085.1,60057,120,6926.48,True
8085.1,60298,120,6904.35,True
8085.1,60496,120,6794.88,True
8090.1,58764,1,125.91,False
8090.1,58921,1,105.61,False
8090.1,59701,120,6856.35,True
8090.1,59878,120,6899.76,True
8090.1,59932,120,6924.64,True
8090.1,60080,120,6892.3,True
8090.1,60404,120,6842.47,True
8090.1,61874,10113,6.28,False
8090.1,61919,10113,19.53,False
8095.1,58404,1,133.48,False
8095.1,59396,120,6930.57,True
8100.1,59800,120,6926.27,True
8100.1,59954,120,6893.46,True
8100.1,60203,120,6858.32,True
8100.1,60216,120,6957.69,True
8105.1,59577,120,6899.87,True
8105.1,59923,120,6815.76,True
8105.1,60248,120,6807.06,True
8105.1,60371,120,6868.16,True
8105.1,60432,120,6897.56,True
8105.1,60544,120,6857.27,True
8105.1,60551,120,6937.85,True
8110.1,60482,120,6833.47,True
8110.1,60675,120,6867.25,True
8110.1,60678,120,6790.11,True
8115.1,56480,1,122.25,False
8115.1,59422,120,6840.44,True
8115.1,60445,120,6892.03,True
8115.1,60630,120,6891.59,True
8120.1,60240,120,6839.21,True
8120.1,60255,120,6900.0,True
8120.1,60364,120,6933.22,True
8125.1,59732,120,6877.9,True
8125.1,60430,120,6798.75,True
8130.1,58398,10607,12.42,False
8130.1,59510,120,6886.94,True
8130.1,59535,120,6923.76,True
8130.1,59756,120,6838.05,True
8130.1,60310,120,6872.46,True
8130.1,60419,120,6908.1,True
8135.1,59410,10607,0.81,False
8135.1,60801,120,6836.77,True
8135.1,60913,1220000402,116.2,True
8140.1,41242,10228,16.31,False
8140.1,62401,10113,19.37,False
8145.1,60573,120,6920.76,True
8145.1,60592,120,6778.88,True
8150.1,60388,120,6822.1,True
8150.1,60399,120,6861.32,True
8150.1,60450,120,6833.35,True
8150.1,60560,120,6869.99,True
8150.1,60793,120,6865.34,True
8155.1,60357,120,6841.51,True
8155.1,60413,120,6841.58,True
8155.1,60564,120,6933.12,True
8155.1,60624,120,6872.2,True
8155.1,60650,120,6955.15,True
8155.1,60754,120,6917.97,True
8155.1,60926,120,6814.87,True
8160.1,60322,120,6880.86,True
8160.1,60469,120,6852.9,True
8160.1,60600,120,6916.54,True
8165.1,59472,120,6848.3,True
8165.1,60295,120,6878.55,True
8165.1,60378,120,6890.57,True
8165.1,60444,120,6956.88,True
8165.1,60719,120,6951.04,True
8165.1,60915,120,6855.23,True
8170.1,60331,120,6933.57,True
8170.1,60339,120,6897.35,True
8170.1,60842,120,6886.3,True
8175.1,60408,120,6868.26,True
8175.1,60760,120,6891.09,True
8175.1,60779,120,6842.55,True
8175.1,60967,120,6931.1,True
8180.1,59176,10607,13.19,False
8180.1,59719,120,6915.77,True
8180.1,60002,120,6920.23,True
8180.1,60471,120,6886.65,True
8180.1,60500,120,6821.78,True
8180.1,60533,120,6919.33,True
8180.1,60612,120,6878.38,True
8180.1,60699,120,6875.8,True
8180.1,60702,120,6834.56,True
8180.1,60752,120,6943.44,True
8180.1,60780,120,6849.05,True
8180.1,60846,120,6824.74,True
8180.1,60854,120,6907.72,True
8180.1,60883,120,6851.37,True
8180.1,61028,120,6792.85,True
8185.1,60723,120,6910.3,True
8185.1,61009,120,6830.03,True
8185.1,61757,1,59.88,False
8190.1,57924,10589,20.75,False
8190.1,58444,381,68.23,False
8190.1,60949,120,6878.29,True
8195.1,59840,120,6855.43,True
8195.1,60886,120,6933.89,True
8195.1,60923,120,6786.85,True
8195.1,60931,120,6893.71,True
8200.1,59129,1210009403,32.77,True
8200.1,60491,120,6901.9,True
8200.1,60557,120,6896.12,True
8200.1,60593,120,6826.93,True
8200.1,60647,120,6858.13,True
8200.1,60918,120,6828.7,True
8200.1,60998,120,6858.22,True
8205.1,59861,120,6940.3,True
8205.1,61021,120,6868.9,True
8205.1,61039,120,6928.43,True
8205.1,62037,1220007501,146.83,True
8205.1,62062,1220007501,131.18,True
8210.1,59884,120,6957.86,True
8210.1,60698,120,6876.53,True
8210.1,60708,120,6811.35,True
8210.1,60721,120,6846.19,True
8210.1,60735,120,6902.01,True
8210.1,60798,120,6874.05,True
8210.1,60800,120,6869.82,True
8210.1,60844,120,6911.5,True
8210.1,60872,120,6919.73,True
8210.1,60945,120,6911.68,True
8210.1,61027,120,6841.21,True
8210.1,61076,120,6950.85,True
8210.1,61139,120,6844.51,True
8210.1,61145,120,6834.38,True
8210.1,61256,120,6806.97,True
8210.1,62532,10313,6.86,False
8215.1,59965,120,6954.38,True
8215.1,60418,120,6941.95,True
8215.1,60832,120,6934.44,True
8215.1,61070,120,6783.32,True
8215.1,61177,120,6959.05,True
8215.1,61220,120,6845.25,True
8220.1,60818,120,6919.9,True
8220.1,60991,120,6882.84,True
8220.1,61165,120,6909.14,True
8220.1,61174,120,6956.25,True
8220.1,61217,120,6806.08,True
8225.1,59987,120,6870.82,True
8225.1,61046,120,6873.22,True
8225.1,61188,120,6833.2,True
8230.1,61186,120,6866.68,True
8235.1,60230,120,6811.75,True
8235.1,60909,120,6822.62,True
8235.1,60950,120,6941.85,True
8235.1,60956,120,6921.84,True
8235.1,61136,120,6863.87,True
8235.1,61801,10589,7.72,False
8235.1,62649,10227,18.88,False
8240.1,60583,1,117.3,False
8240.1,60969,120,6824.75,True
8240.1,61002,120,6926.65,True
8240.1,61004,120,6936.48,True
8240.1,61043,120,6827.96,True
8240.1,61148,120,6936.28,True
8240.1,61319,120,6897.73,True
8240.1,62776,1220000502,321.17,True
8245.1,60633,120,6861.44,True
8245.1,60666,1,90.89,False
8245.1,60925,1,119.47,False
8245.1,61258,120,6925.65,True
8245.1,61263,120,6911.99,True
8245.1,61287,120,6881.78,True
8245.1,61432,120,6885.15,True
8250.1,58169,1,101.49,False
8250.1,59594,10267,13.45,False
8250.1,59895,120,6821.2,True
8250.1,61191,120,6816.16,True
8250.1,62131,10410,5.8,False
8255.1,60680,120,6898.62,True
8255.1,60903,120,6923.69,True
8255.1,61230,120,6895.26,True
8260.1,61169,120,6950.26,True
8260.1,61219,120,6956.3,True
8260.1,61303,120,6914.22,True
8265.1,60919,120,6941.4,True
8265.1,61222,120,6894.95,True
8265.1,61434,120,6926.92,True
8270.1,61245,120,6901.44,True
8270.1,61277,120,6860.57,True
8270.1,61453,120,6924.99,True
8270.1,61504,120,6900.97,True
8275.1,60363,120,6907.76,True
8275.1,61445,120,6951.8,True
8280.1,58085,1,88.06,False
8285.1,61318,120,6895.5,True
8285.1,61344,120,6857.29,True
8285.1,61449,120,6898.45,True
8285.1,61626,120,6796.6,True
8295.1,61102,120,6814.6,True
8295.1,61524,120,6872.53,True
8300.1,61168,120,6865.47,True
8305.1,61405,120,6889.17,True
8305.1,62865,1220011503,214.57,True
8310.1,61006,120,6932.44,True
8310.1,61535,381,76.0,False
8310.1,61563,120,6843.79,True
8315.1,54546,1220018301,13.93,True
8315.1,58747,1,81.49,False
8315.1,61462,120,6819.28,True
8315.1,61666,120,6937.31,True
8320.1,51036,10607,2.7,False
8320.1,61431,120,6934.05,True
8320.1,61442,120,6882.68,True
8320.1,63420,1220000502,311.28,True
8325.1,61752,120,6890.75,True
8325.1,62195,381,84.34,False
8330.1,61473,120,6812.81,True
8330.1,61576,127,620.73,True
8330.1,61800,120,6855.65,True
8335.1,61030,120,6857.4,True
8335.1,61218,120,6907.7,True
8335.1,61465,120,6835.84,True
8335.1,61556,120,6943.78,True
8335.1,61584,120,6849.87,True
8335.1,61587,120,6821.77,True
8335.1,61616,120,6813.05,True
8335.1,61755,120,6895.06,True
8335.1,61803,120,6820.77,True
8340.1,58818,381,78.9,False
8340.1,61244,120,6950.62,True
8340.1,61470,120,6945.45,True
8340.1,61499,120,6933.98,True
8340.1,61529,120,6955.2,True
8340.1,61573,120,6850.08,True
8340.1,61609,120,6845.45,True
8340.1,61617,120,6886.08,True
8340.1,61678,120,6915.67,True
8340.1,61708,120,6912.57,True
8340.1,61745,120,6907.71,True
8340.1,61996,120,6867.05,True
8345.1,60034,1,59.18,False
8345.1,61620,120,6937.01,True
8345.1,61709,120,6910.87,True
8345.1,61727,120,6858.44,True
8345.1,61783,120,6873.59,True
8345.1,61880,120,6903.36,True
8350.1,60882,120,6849.39,True
8350.1,61496,120,6835.53,True
8350.1,61628,120,6830.78,True
8350.1,61779,120,6854.03,True
8350.1,61952,120,6918.24,True
8355.1,61570,120,6957.11,True
8355.1,61618,120,6944.54,True
8355.1,61649,120,6797.65,True
8355.1,61861,120,6859.01,True
8355.1,62154,120,6792.0,True
8360.1,61545,120,6840.06,True
8360.1,61703,120,6887.85,True
8360.1,61775,120,6811.44,True
8360.1,61804,120,6858.63,True
8365.1,61582,120,6855.28,True
8365.1,61593,120,6872.24,True
8370.1,60827,120,6945.9,True
8370.1,61483,120,6877.3,True
8370.1,61961,120,6860.39,True
8375.1,60895,120,6816.23,True
8375.1,61627,120,6935.41,True
8375.1,61982,120,6877.87,True
8380.1,60873,120,6960.58,True
8380.1,61742,120,6926.67,True
8380.1,61763,120,6826.89,True
8380.1,61921,120,6787.51,True
8380.1,62041,120,6910.34,True
8385.1,60548,10410,5.29,False
8385.1,60942,120,6954.01,True
8385.1,60980,120,6836.62,True
8385.1,61762,120,6877.17,True
8385.1,61818,120,6955.32,True
8385.1,62103,120,6959.1,True
8385.1,62118,120,6842.02,True
8385.1,62249,120,6853.72,True
8390.1,61485,120,6896.3,True
8390.1,61908,120,6805.5,True
8390.1,62367,1220014000,102.21,True
8390.1,63642,10113,5.71,False
8395.1,60691,1220000201,78.36,True
8395.1,62043,120,6775.02,True
8395.1,62051,1220000201,67.75,True
8395.1,63591,1220000402,144.04,True
8400.1,60881,1220000201,57.45,True
8400.1,61794,120,6840.74,True
8400.1,61817,120,6960.06,True
8400.1,61883,120,6880.82,True
8400.1,62210,10267,22.89,False
8400.1,62278,120,6863.7,True
8405.1,60852,120,6947.7,True
8405.1,61667,10266,20.07,False
8405.1,61898,120,6841.63,True
8405.1,62476,1220000201,42.25,True
8410.1,61955,120,6828.14,True
8410.1,61974,120,6921.04,True
8410.1,62470,120,6944.38,True
8410.1,63418,10313,7.35,False
8415.1,61788,120,6861.34,True
8415.1,62000,120,6899.81,True
8415.1,62045,1,114.11,False
8420.1,59989,10111,17.77,False
8420.1,61001,120,6945.29,True
8420.1,62224,1,127.05,False
8425.1,61126,120,6911.81,True
8425.1,62024,120,6873.78,True
8425.1,62034,120,6807.36,True
8425.1,62501,120,6787.17,True
8425.1,63986,1220000502,321.53,True
8430.1,61943,120,6809.65,True
8430.1,62016,120,6928.4,True
8430.1,62073,120,6844.98,True
8430.1,62302,120,6895.74,True
8435.1,61937,120,6928.42,True
8435.1,61976,120,6839.35,True
8435.1,62082,120,6937.02,True
8435.1,62362,120,6909.42,True
8440.1,61729,10111,31.31,False
8440.1,61932,120,6941.28,True
8445.1,61890,120,6901.18,True
8445.1,62104,120,6960.64,True
8445.1,62121,120,6944.4,True
8445.1,62180,120,6828.23,True
8445.1,62215,120,6868.31,True
8445.1,62443,120,6833.99,True
8450.1,62160,120,6867.45,True
8450.1,62759,1220000402,53.97,True
8455.1,62271,120,6959.79,True
8460.1,61838,120,6881.0,True
8460.1,62099,120,6854.28,True
8460.1,62169,120,6841.13,True
8460.1,62197,120,6945.24,True
8465.1,62248,120,6830.58,True
8465.1,62402,120,6952.43,True
8465.1,62415,120,6953.64,True
8470.1,62127,120,6822.79,True
8470.1,62140,120,6889.15,True
8475.1,61494,120,6939.45,True
8475.1,61608,120,6825.95,True
8475.1,61625,120,6841.38,True
8475.1,61986,120,6915.51,True
8475.1,62116,120,6901.56,True
8475.1,62144,120,6901.99,True
8480.1,61472,120,6897.59,True
8480.1,61728,120,6859.42,True
8480.1,62173,120,6842.78,True
8480.1,62451,120,6846.78,True
8485.1,54976,1,101.47,False
8485.1,62189,120,6829.33,True
8485.1,62382,120,6941.97,True
8485.1,62519,120,6957.63,True
8485.1,62598,120,6878.99,True
8490.1,62283,120,6900.31,True
8490.1,62486,120,6824.46,True
8490.1,62803,120,6783.7,True
8495.1,60556,1,74.83,False
8495.1,61451,120,6907.27,True
8495.1,62138,120,6932.3,True
8495.1,62471,120,6927.83,True
8495.1,62631,120,6843.29,True
8495.1,62677,120,6869.24,True
8495.1,62728,120,6802.62,True
8500.1,61580,120,6847.88,True
8500.1,62190,120,6890.53,True
8500.1,62396,120,6833.07,True
8500.1,62743,120,6952.3,True
8500.1,62867,120,6927.37,True
8505.1,59275,10267,23.26,False
8510.1,62449,120,6857.19,True
8510.1,62463,120,6815.72,True
8510.1,62534,120,6937.05,True
8510.1,62535,120,6860.23,True
8510.1,62562,120,6824.02,True
8510.1,62589,120,6899.65,True
8510.1,62600,120,6840.65,True
8510.1,62612,120,6914.32,True
8510.1,62765,120,6877.11,True
8510.1,62964,120,6805.66,True
8515.1,61857,120,6846.42,True
8515.1,61897,120,6803.42,True
8515.1,62550,120,6934.24,True
8515.1,62736,120,6940.33,True
8520.1,61019,1,113.75,False
8520.1,61842,120,6958.02,True
8520.1,62165,120,6884.42,True
8520.1,62366,120,6907.42,True
8520.1,62581,120,6876.72,True
8520.1,62912,120,6898.86,True
8530.1,62708,120,6852.9,True
8530.1,63582,10313,11.74,False
8535.1,59557,1,109.68,False
8535.1,61149,1,88.73,False
8535.1,61834,1220014000,103.2,True
8535.1,61966,120,6949.05,True
8535.1,62717,120,6874.4,True
8540.1,61543,1,116.87,False
8540.1,62516,120,6831.13,True
8540.1,62666,120,6923.9,True
8545.1,57732,1220000201,60.9,True
8545.1,60635,1220000201,73.27,True
8545.1,60957,1,91.02,False
8545.1,62551,1,130.82,False
8545.1,62738,120,6941.02,True
8545.1,62948,120,6823.97,True
8550.1,61031,10266,15.06,False
8550.1,61458,1210009403,93.52,True
8550.1,62505,120,6869.33,True
8550.1,62719,120,6909.37,True
8550.1,62824,120,6828.46,True
8550.1,62963,120,6863.54,True
8550.1,63115,120,6799.65,True
8555.1,61920,120,6795.95,True
8555.1,62305,120,6803.63,True
8555.1,62615,120,6867.48,True
8555.1,62751,120,6833.01,True
8555.1,62796,120,6835.07,True
8555.1,62898,120,6883.78,True
8555.1,63039,120,6791.86,True
8555.1,63160,120,6842.1,True
8560.1,62641,120,6911.93,True
8560.1,62648,120,6860.27,True
8560.1,62730,120,6925.54,True
8560.1,62742,120,6959.77,True
8560.1,62780,120,6889.64,True
8560.1,62781,120,6933.97,True
8560.1,62806,120,6822.98,True
8560.1,62816,120,6887.51,True
8560.1,62837,120,6924.21,True
8560.1,62906,120,6834.34,True
8560.1,62998,120,6814.66,True
8560.1,63005,120,6891.53,True
8565.1,47123,1,109.76,False
8565.1,62346,120,6880.7,True
8565.1,62764,120,6937.47,True
8565.1,63032,120,6843.25,True
8570.1,62497,120,6836.64,True
8570.1,62570,120,6943.71,True
8570.1,62690,120,6959.95,True
8575.1,62610,120,6814.17,True
8575.1,62784,120,6829.46,True
8575.1,62857,120,6865.54,True
8580.1,62700,120,6844.49,True
8580.1,63105,120,6816.29,True
8585.1,62987,120,6921.74,True
8585.1,63037,1,99.33,False
8590.1,61454,10113,2.17,False
8590.1,62892,120,6890.23,True
8590.1,62905,120,6896.58,True
8590.1,62978,120,6803.96,True
8595.1,62997,120,6870.13,True
8595.1,63232,120,6918.56,True
8600.1,63313,120,6845.87,True
8600.1,63659,1,68.88,False
8600.1,64964,10113,22.31,False
8605.1,62878,120,6958.79,True
8605.1,63172,120,6879.47,True
8605.1,63213,120,6836.97,True
8610.1,61695,1220000201,13.99,True
8610.1,63266,120,6880.19,True
8610.1,63789,10034,26.02,False
8615.1,62594,120,6878.0,True
8615.1,62623,120,6909.48,True
8615.1,62849,120,6927.67,True
8615.1,62958,120,6893.2,True
8615.1,63018,120,6857.3,True
8615.1,63055,120,6837.47,True
8615.1,63079,120,6910.23,True
8615.1,63114,120,6855.53,True
8615.1,63146,120,6887.75,True
8615.1,63227,1,52.62,False
8620.1,62450,120,6957.16,True
8625.1,63113,120,6926.96,True
8625.1,63318,120,6889.75,True
8630.1,63067,120,6890.7,True
8635.1,63070,120,6880.48,True
8635.1,63089,120,6857.81,True
8635.1,63159,120,6895.13,True
8635.1,63211,120,6855.38,True
8635.1,63507,120,6839.12,True
8635.1,64617,1,80.86,False
8640.1,60970,10607,16.58,False
8640.1,62068,10589,21.05,False
8640.1,62758,120,6924.11,True
8640.1,62927,120,6843.82,True
8640.1,63195,120,6911.02,True
8640.1,63234,120,6879.95,True
8640.1,63258,120,6870.61,True
8645.1,50307,1,96.93,False
8645.1,62836,120,6863.55,True
8645.1,62842,120,6805.1,True
8645.1,62863,120,6873.0,True
8645.1,62888,120,6829.24,True
8645.1,62918,120,6945.47,True
8645.1,63373,120,6841.7,True
8645.1,63512,120,6917.79,True
8650.1,62889,120,6818.51,True
8650.1,63219,120,6904.79,True
8650.1,63222,120,6927.8,True
8650.1,63668,120,6936.78,True
8655.1,62033,120,6798.59,True
8655.1,63104,120,6945.05,True
8655.1,63117,120,6798.29,True
8655.1,63202,120,6814.38,True
8655.1,63516,120,6846.72,True
8655.1,63546,120,6836.75,True
8660.1,62583,120,6842.11,True
8660.1,62745,120,6836.87,True
8660.1,63310,120,6911.67,True
8660.1,63391,120,6919.71,True
8660.1,63641,120,6950.46,True
8660.1,63756,120,6894.28,True
8660.1,64591,1220007501,147.01,True
8665.1,62747,120,6828.61,True
8665.1,62894,120,6931.17,True
8665.1,62979,120,6958.91,True
8665.1,63072,120,6926.37,True
8665.1,63332,120,6873.18,True
8665.1,63347,120,6860.03,True
8665.1,63394,120,6887.36,True
8665.1,63611,120,6946.82,True
8665.1,63787,10410,3.45,False
8665.1,64675,10313,9.38,False
8670.1,62794,120,6937.71,True
8670.1,63140,120,6870.36,True
8670.1,63431,120,6902.31,True
8670.1,63527,120,6904.39,True
8670.1,63576,120,6936.38,True
8670.1,65129,1220007501,143.07,True
8675.1,57715,120,6805.98,True
8675.1,62376,120,6841.73,True
8675.1,63444,120,6929.24,True
8675.1,63452,120,6828.56,True
8675.1,63510,120,6929.66,True
8675.1,63519,120,6817.37,True
8675.1,65147,10313,8.13,False
8680.1,63335,120,6882.5,True
8680.1,63578,120,6952.72,True
8680.1,63680,120,6948.17,True
8685.1,60515,1,137.83,False
8685.1,63336,1220014000,102.28,True
8685.1,63544,120,6960.04,True
8690.1,59658,1,122.32,False
8690.1,62245,120,6829.35,True
8690.1,62774,120,6826.42,True
8690.1,63187,120,6864.44,True
8690.1,63365,120,6878.81,True
8690.1,63458,120,6921.92,True
8690.1,65284,1220000502,327.38,True
8695.1,61534,10607,14.42,False
8695.1,63298,120,6938.57,True
8695.1,63413,120,6815.63,True
8695.1,63754,120,6804.34,True
8695.1,64391,10267,0.13,False
8700.1,62802,120,6954.24,True
8700.1,63352,120,6863.09,True
8700.1,63542,120,6933.42,True
8700.1,63556,120,6932.42,True
8700.1,63812,120,6811.45,True
8705.1,63509,120,6953.08,True
8705.1,63521,120,6878.2,True
8705.1,65301,1220000402,143.96,True
8710.1,62986,120,6949.81,True
8710.1,63467,120,6852.66,True
8710.1,63609,120,6909.91,True
8710.1,63624,120,6846.17,True
8710.1,63788,120,6913.3,True
8710.1,63791,120,6818.23,True
8710.1,63918,120,6837.88,True
8710.1,63943,120,6875.04,True
8710.1,63965,120,6818.55,True
8710.1,64101,120,6903.74,True
8715.1,63647,1,99.7,False
8715.1,63749,120,6909.05,True
8715.1,63858,120,6868.4,True
8720.1,63821,120,6862.94,True
8720.1,63963,120,6885.82,True
8725.1,63446,120,6913.57,True
8725.1,63533,120,6878.98,True
8725.1,63589,120,6924.59,True
8725.1,63625,120,6816.66,True
8725.1,63677,120,6849.98,True
8725.1,63720,120,6905.0,True
8725.1,63948,120,6847.96,True
8725.1,63951,120,6889.67,True
8725.1,64001,120,6846.86,True
8725.1,64043,120,6813.09,True
8730.1,62788,120,6830.17,True
8730.1,63423,120,6814.7,True
8730.1,63657,120,6918.0,True
8730.1,65688,1220000502,315.5,True
8735.1,60627,10011,21.55,False
8735.1,62488,1220000402,127.94,True
8735.1,63392,120,6859.56,True
8735.1,63414,120,6942.8,True
8735.1,64121,120,6921.12,True
8740.1,63603,120,6900.97,True
8740.1,64046,120,6815.67,True
8740.1,64145,120,6821.03,True
8745.1,63813,120,6875.98,True
8750.1,63700,120,6887.34,True
8750.1,63703,120,6889.38,True
8750.1,63729,120,6842.76,True
8750.1,63835,120,6874.37,True
8750.1,63867,120,6844.71,True
8750.1,64159,120,6816.36,True
8755.1,63594,120,6938.11,True
8755.1,63793,120,6844.12,True
8755.1,63997,120,6928.58,True
8755.1,64150,120,6959.82,True
8755.1,64223,120,6788.4,True
8760.1,63736,120,6908.28,True
8760.1,63743,120,6840.21,True
8760.1,64026,120,6894.6,True
8760.1,64152,120,6827.09,True
8760.1,64309,120,6836.73,True
8765.1,62930,120,6821.63,True
8765.1,63848,120,6877.31,True
8765.1,63895,120,6910.84,True
8765.1,63933,120,6935.68,True
8765.1,63945,120,6900.53,True
8765.1,63947,120,6924.82,True
8765.1,64033,120,6929.98,True
8765.1,64069,120,6789.79,True
8765.1,64124,120,6866.03,True
8770.1,62763,120,6928.03,True
8770.1,63808,120,6852.12,True
8770.1,64044,120,6941.96,True
8770.1,65662,10111,22.22,False
8775.1,64088,120,6858.08,True
8775.1,64119,120,6940.01,True
8775.1,64243,120,6850.33,True
8780.1,63483,127,620.81,True
8780.1,63824,120,6875.16,True
8780.1,63857,120,6892.33,True
8780.1,64094,120,6905.98,True
8780.1,64110,120,6868.59,True
8780.1,64388,120,6808.3,True
8785.1,62843,120,6911.72,True
8785.1,63837,120,6893.38,True
8785.1,63959,120,6816.88,True
8785.1,65260,1,71.44,False
8790.1,63932,120,6934.81,True
8790.1,63970,120,6947.0,True
8790.1,64020,120,6894.98,True
8790.1,64406,120,6857.18,True
8795.1,62171,381,67.33,False
8795.1,62234,1,114.02,False
8795.1,64241,120,6881.96,True
8795.1,64444,120,6923.19,True
8800.1,64151,120,6880.25,True
8800.1,64362,120,6874.01,True
8805.1,60672,327,118.2,True
8805.1,62760,1,87.84,False
8805.1,63900,120,6881.03,True
8805.1,65866,10111,6.11,False
8810.1,63718,120,6867.96,True
8810.1,64402,120,6940.0,True
8810.1,64522,120,6850.39,True
8810.1,65290,1220007501,144.3,True
8815.1,63757,120,6831.75,True
8815.1,64057,120,6951.84,True
8815.1,64177,120,6883.06,True
8815.1,64213,120,6889.3,True
8815.1,64504,120,6913.54,True
8815.1,65469,10313,6.23,False
8815.1,65497,1220007501,141.26,True
8820.1,64048,120,6869.16,True
8820.1,64161,120,6921.89,True
8825.1,64252,120,6788.53,True
8825.1,64268,120,6925.09,True
8825.1,65836,1220007501,145.51,True
8830.1,64098,120,6825.58,True
8830.1,64331,120,6879.09,True
8830.1,64486,120,6932.98,True
8830.1,66000,10313,4.9,False
8835.1,59559,1220014000,96.56,True
8835.1,63559,120,6801.67,True
8840.1,64625,120,6822.76,True
8840.1,64688,120,6802.11,True
8840.1,66050,10113,19.85,False
8845.1,61247,1,87.29,False
8845.1,64285,120,6860.29,True
8845.1,64307,120,6786.96,True
8845.1,64648,1210009403,100.83,True
8845.1,64842,120,6920.23,True
8850.1,63536,1,124.04,False
8850.1,64316,120,6877.06,True
8850.1,64823,120,6928.78,True
8855.1,64000,120,6936.48,True
8855.1,64081,120,6876.5,True
8855.1,64424,120,6856.33,True
8855.1,64489,120,6836.76,True
8860.1,64557,120,6788.04,True
8860.1,64765,120,6826.88,True
8860.1,66433,10113,9.35,False
8865.1,64155,120,6862.83,True
8865.1,64519,120,6954.97,True
8865.1,64570,120,6821.84,True
8865.1,64693,120,6930.23,True
8865.1,64837,120,6935.36,True
8865.1,64898,120,6915.51,True
8865.1,66473,10113,10.18,False
8870.1,64396,120,6853.27,True
8875.1,64743,120,6870.13,True
8880.1,64635,120,6930.59,True
8880.1,64646,120,6903.96,True
8880.1,65158,1220000402,116.1,True
8885.1,63399,120,6834.78,True
8885.1,64471,120,6954.6,True
8885.1,64559,120,6931.98,True
8885.1,64565,120,6805.42,True
8885.1,64680,120,6900.51,True
8885.1,64871,120,6936.5,True
8885.1,66275,10111,15.96,False
8890.1,64569,120,6870.65,True
8890.1,64587,120,6849.58,True
8895.1,64445,120,6847.44,True
8900.1,64596,120,6812.84,True
8900.1,64768,120,6879.49,True
8900.1,64946,120,6889.49,True
8900.1,65010,120,6781.02,True
8900.1,66607,10267,12.93,False
8905.1,64077,120,6839.77,True
8905.1,64469,120,6894.4,True
8905.1,64530,120,6819.14,True
8905.1,64709,120,6933.78,True
8905.1,64800,120,6806.9,True
8910.1,64148,120,6942.2,True
8910.1,64156,120,6879.17,True
8910.1,64516,120,6833.15,True
8910.1,64555,120,6905.81,True
8910.1,64746,120,6943.35,True
8910.1,64792,120,6831.73,True
8910.1,64888,120,6829.64,True
8910.1,64933,120,6923.94,True
8910.1,65001,120,6894.28,True
8915.1,51218,1,95.94,False
8915.1,64670,120,6933.57,True
8915.1,64832,120,6924.92,True
8920.1,56186,1,121.04,False
8920.1,64512,120,6960.89,True
8920.1,64608,120,6807.27,True
8920.1,64762,120,6839.97,True
8920.1,65066,120,6923.94,True
8925.1,61872,1,141.78,False
8925.1,64117,10111,14.55,False
8925.1,64685,120,6884.78,True
8930.1,63967,120,6958.73,True
8930.1,64040,120,6869.29,True
8930.1,64644,10313,9.22,False
8930.1,64712,120,6929.55,True
8930.1,65024,120,6950.13,True
8930.1,65244,120,6884.91,True
8935.1,63779,120,6902.76,True
8935.1,64700,120,6955.53,True
8935.1,64850,120,6829.73,True
8935.1,64907,120,6887.38,True
8935.1,65902,1,93.31,False
8935.1,66317,1,70.8,False
8940.1,62713,10607,12.34,False
8940.1,64883,120,6939.74,True
8940.1,65050,120,6781.28,True
8940.1,65215,120,6820.96,True
8945.1,62869,10607,6.32,False
8945.1,63196,1,125.74,False
8945.1,64711,120,6846.17,True
8945.1,64858,120,6841.65,True
8945.1,64892,120,6881.67,True
8945.1,65175,120,6843.16,True
8945.1,65194,120,6934.06,True
8950.1,62120,1,80.43,False
8950.1,63637,327,48.2,True
8950.1,65104,120,6834.45,True
8955.1,64967,120,6897.85,True
8955.1,66173,1220007501,139.71,True
8960.1,63820,1,118.81,False
8960.1,64737,120,6839.72,True
8960.1,64960,120,6905.5,True
8960.1,65057,120,6880.52,True
8960.1,65252,120,6848.19,True
8965.1,64067,120,6819.61,True
8965.1,64193,120,6914.64,True
8965.1,64251,120,6848.19,True
8965.1,64881,120,6855.26,True
8965.1,64913,120,6793.6,True
8965.1,64941,120,6891.18,True
8965.1,65065,120,6818.19,True
8970.1,64882,120,6862.17,True
8970.1,64999,120,6805.07,True
8970.1,65040,120,6821.66,True
8970.1,65059,120,6876.86,True
8970.1,65287,120,6826.37,True
8970.1,65432,120,6892.04,True
8970.1,65478,120,6902.25,True
8975.1,64813,120,6944.25,True
8975.1,65133,120,6934.9,True
8975.1,65145,120,6880.75,True
8975.1,65407,120,6799.87,True
8975.1,65490,120,6952.46,True
8980.1,64130,120,6869.09,True
8980.1,64186,120,6950.29,True
8980.1,64901,120,6831.53,True
8980.1,64984,120,6922.22,True
8980.1,65052,120,6956.94,True
8980.1,65118,120,6864.03,True
8980.1,65561,120,6849.98,True
8985.1,63899,1220014000,105.52,True
8985.1,65032,120,6908.21,True
8985.1,65151,120,6873.91,True
8985.1,65488,120,6853.11,True
8990.1,64220,1,79.73,False
8990.1,65300,120,6918.74,True
8990.1,66933,1220000502,329.46,True
8990.1,67007,10113,12.33,False
8990.1,67093,1220000502,306.7,True
8995.1,63397,1220000201,72.86,True
8995.1,63632,1210009403,101.13,True
8995.1,64502,120,6790.57,True
8995.1,65166,120,6820.13,True
8995.1,65405,120,6827.21,True
