run,t,link,lane,cls,n,stopped,min_pos,max_pos,q_up_end_pos,q_down_end_pos,vmean
h11_canon0905_lcd1000_x18_20260907,901,32,1,ramp_R_D_E,4,0,303.64,999.32,,,43.11
h11_canon0905_lcd1000_x18_20260907,901,32,1,ramp_R_D_W,7,0,167.62,1023.79,,,41.638573
h11_canon0905_lcd1000_x18_20260907,901,32,1,signal_or_other,50,28,1377.77,1953.97,1545.5,1953.969970703125,10.919399
h11_canon0905_lcd1000_x18_20260907,901,32,2,ramp_R_D_W,8,0,129.47,914.81,,,42.75375
h11_canon0905_lcd1000_x18_20260907,901,32,2,signal_or_other,38,20,721.95,1954.13,1543.72998046875,1954.1300048828125,9.999738
h11_canon0905_lcd1000_x18_20260907,901,32,2,unknown_or_exit,1,0,1482.83,1482.83,,,59.74
h11_canon0905_lcd1000_x18_20260907,901,32,3,signal_or_other,53,41,1016.32,1954.14,1549.3599853515625,1954.1400146484375,5.5290565
h11_canon0905_lcd1000_x18_20260907,1051,32,1,ramp_R_D_E,9,0,426.94,1164.79,,,40.033333
h11_canon0905_lcd1000_x18_20260907,1051,32,1,ramp_R_D_W,11,0,124.08,1005.57,,,42.061817
h11_canon0905_lcd1000_x18_20260907,1051,32,1,signal_or_other,41,25,314.2,1954.25,1495.3800048828125,1954.25,12.155122
h11_canon0905_lcd1000_x18_20260907,1051,32,2,ramp_R_D_E,2,0,154.6,423.78,,,38.55
h11_canon0905_lcd1000_x18_20260907,1051,32,2,ramp_R_D_W,13,0,212.35,1018.16,,,40.830772
h11_canon0905_lcd1000_x18_20260907,1051,32,2,signal_or_other,43,15,122.11,1953.94,1512.31005859375,1953.93994140625,12.6281395
h11_canon0905_lcd1000_x18_20260907,1051,32,2,unknown_or_exit,1,1,1505.65,1505.65,1505.6500244140625,1505.6500244140625,0.0
h11_canon0905_lcd1000_x18_20260907,1051,32,3,ramp_R_D_E,2,0,126.23,171.14,,,36.8
h11_canon0905_lcd1000_x18_20260907,1051,32,3,ramp_R_D_W,2,0,24.9,310.1,,,35.940002
h11_canon0905_lcd1000_x18_20260907,1051,32,3,signal_or_other,48,31,238.67,1953.73,1507.3699951171875,1953.72998046875,8.666875
h11_canon0905_lcd1000_x18_20260907,1051,32,3,unknown_or_exit,1,0,1747.59,1747.59,,,22.14
h11_canon0905_lcd1000_x18_20260907,1201,32,1,ramp_R_D_E,11,0,300.36,1080.63,,,35.555454
h11_canon0905_lcd1000_x18_20260907,1201,32,1,ramp_R_D_W,10,0,14.35,936.01,,,37.578995
h11_canon0905_lcd1000_x18_20260907,1201,32,1,signal_or_other,38,19,777.57,1954.24,1524.489990234375,1954.239990234375,12.681842
h11_canon0905_lcd1000_x18_20260907,1201,32,2,ramp_R_D_E,1,0,752.94,752.94,,,42.77
h11_canon0905_lcd1000_x18_20260907,1201,32,2,ramp_R_D_W,18,0,61.62,974.01,,,41.33111
h11_canon0905_lcd1000_x18_20260907,1201,32,2,signal_or_other,45,28,1294.71,1953.99,1528.3900146484375,1953.989990234375,7.4882216
h11_canon0905_lcd1000_x18_20260907,1201,32,2,unknown_or_exit,1,0,1835.99,1835.99,,,16.77
h11_canon0905_lcd1000_x18_20260907,1201,32,3,ramp_R_D_E,2,0,69.63,295.19,,,45.645
h11_canon0905_lcd1000_x18_20260907,1201,32,3,signal_or_other,47,23,135.59,1942.33,1524.5699462890625,1754.219970703125,14.256381
h11_canon0905_lcd1000_x18_20260907,1201,32,3,unknown_or_exit,1,0,1663.46,1663.46,,,21.93
h11_canon0905_lcd1000_x18_20260907,1351,32,1,ramp_R_D_E,9,0,242.38,1213.48,,,41.975555
h11_canon0905_lcd1000_x18_20260907,1351,32,1,ramp_R_D_W,8,0,104.43,985.79,,,42.29625
h11_canon0905_lcd1000_x18_20260907,1351,32,1,signal_or_other,43,15,783.95,1954.05,1514.9100341796875,1954.050048828125,17.435116
h11_canon0905_lcd1000_x18_20260907,1351,32,2,ramp_R_D_E,1,0,30.1,30.1,,,45.05
h11_canon0905_lcd1000_x18_20260907,1351,32,2,ramp_R_D_W,9,0,258.11,1027.34,,,42.733334
h11_canon0905_lcd1000_x18_20260907,1351,32,2,signal_or_other,45,20,114.81,1954.42,1525.5799560546875,1954.4200439453125,11.061334
h11_canon0905_lcd1000_x18_20260907,1351,32,3,ramp_R_D_E,2,0,65.57,148.55,,,34.315
h11_canon0905_lcd1000_x18_20260907,1351,32,3,signal_or_other,41,22,262.96,1952.27,1534.0400390625,1921.1199951171875,11.507318
h11_canon0905_lcd1000_x18_20260907,1351,32,3,unknown_or_exit,2,0,1652.65,1930.54,,,10.2
h11_canon0905_lcd1000_x18_20260907,1501,32,1,ramp_R_D_E,9,0,240.45,969.28,,,40.784443
h11_canon0905_lcd1000_x18_20260907,1501,32,1,ramp_R_D_W,9,0,159.26,1011.48,,,39.471115
h11_canon0905_lcd1000_x18_20260907,1501,32,1,signal_or_other,52,34,499.97,1954.17,1485.030029296875,1954.1700439453125,11.322308
h11_canon0905_lcd1000_x18_20260907,1501,32,2,ramp_R_D_E,1,0,149.54,149.54,,,33.19
h11_canon0905_lcd1000_x18_20260907,1501,32,2,ramp_R_D_W,12,0,84.01,1018.69,,,37.600834
h11_canon0905_lcd1000_x18_20260907,1501,32,2,signal_or_other,49,31,1327.9,1953.95,1504.8399658203125,1953.949951171875,8.376326
h11_canon0905_lcd1000_x18_20260907,1501,32,3,ramp_R_D_E,1,0,188.96,188.96,,,41.63
h11_canon0905_lcd1000_x18_20260907,1501,32,3,ramp_R_D_W,1,0,11.0,11.0,,,43.32
h11_canon0905_lcd1000_x18_20260907,1501,32,3,signal_or_other,44,25,439.7,1947.76,1515.6500244140625,1947.760009765625,13.519773
h11_canon0905_lcd1000_x18_20260907,1651,32,1,ramp_R_D_E,9,0,544.04,1293.52,,,37.13222
h11_canon0905_lcd1000_x18_20260907,1651,32,1,ramp_R_D_W,8,0,82.86,996.11,,,42.158752
h11_canon0905_lcd1000_x18_20260907,1651,32,1,signal_or_other,43,27,565.53,1953.94,1276.6400146484375,1953.93994140625,12.300233
h11_canon0905_lcd1000_x18_20260907,1651,32,2,ramp_R_D_E,1,0,31.59,31.59,,,42.82
h11_canon0905_lcd1000_x18_20260907,1651,32,2,ramp_R_D_W,11,0,107.34,943.63,,,40.340908
h11_canon0905_lcd1000_x18_20260907,1651,32,2,signal_or_other,50,28,85.19,1953.71,1484.68994140625,1953.7099609375,12.547
h11_canon0905_lcd1000_x18_20260907,1651,32,2,unknown_or_exit,1,0,1456.86,1456.86,,,37.32
h11_canon0905_lcd1000_x18_20260907,1651,32,3,ramp_R_D_W,1,0,33.23,33.23,,,32.22
h11_canon0905_lcd1000_x18_20260907,1651,32,3,signal_or_other,51,39,1488.01,1936.36,1488.010009765625,1846.43994140625,6.2917647
h11_canon0905_lcd1000_x18_20260907,1801,32,1,ramp_R_D_E,10,0,122.84,1075.01,,,37.095
h11_canon0905_lcd1000_x18_20260907,1801,32,1,ramp_R_D_W,8,0,31.64,757.87,,,40.03625
h11_canon0905_lcd1000_x18_20260907,1801,32,1,signal_or_other,47,18,301.08,1954.27,1506.2099609375,1954.27001953125,16.202127
h11_canon0905_lcd1000_x18_20260907,1801,32,2,ramp_R_D_E,1,0,366.24,366.24,,,38.43
h11_canon0905_lcd1000_x18_20260907,1801,32,2,ramp_R_D_W,11,0,42.33,908.4,,,38.580906
h11_canon0905_lcd1000_x18_20260907,1801,32,2,signal_or_other,46,31,1509.84,1954.23,1509.8399658203125,1954.22998046875,6.875217
h11_canon0905_lcd1000_x18_20260907,1801,32,2,unknown_or_exit,2,1,1544.58,1593.61,1544.5799560546875,1544.5799560546875,4.775
h11_canon0905_lcd1000_x18_20260907,1801,32,3,ramp_R_D_E,2,0,77.16,159.42,,,43.559998
h11_canon0905_lcd1000_x18_20260907,1801,32,3,ramp_R_D_W,1,0,44.02,44.02,,,44.55
h11_canon0905_lcd1000_x18_20260907,1801,32,3,signal_or_other,42,24,1432.33,1944.08,1518.469970703125,1820.0400390625,10.966905
h11_canon0905_lcd1000_x18_20260907,1951,32,1,ramp_R_D_E,10,0,95.33,1293.29,,,38.986
h11_canon0905_lcd1000_x18_20260907,1951,32,1,ramp_R_D_W,4,0,75.74,862.57,,,37.2125
h11_canon0905_lcd1000_x18_20260907,1951,32,1,signal_or_other,43,22,119.72,1954.36,1526.75,1954.3599853515625,12.154652
h11_canon0905_lcd1000_x18_20260907,1951,32,2,ramp_R_D_W,13,0,19.39,1007.97,,,41.587692
h11_canon0905_lcd1000_x18_20260907,1951,32,2,signal_or_other,41,26,903.18,1949.16,1530.6400146484375,1949.1600341796875,10.2941475
h11_canon0905_lcd1000_x18_20260907,1951,32,2,unknown_or_exit,4,4,1536.14,1954.24,1536.1400146484375,1954.239990234375,1.0425
h11_canon0905_lcd1000_x18_20260907,1951,32,3,ramp_R_D_E,1,0,184.14,184.14,,,39.23
h11_canon0905_lcd1000_x18_20260907,1951,32,3,ramp_R_D_W,1,0,93.69,93.69,,,39.0
h11_canon0905_lcd1000_x18_20260907,1951,32,3,signal_or_other,39,25,1461.56,1942.97,1524.8599853515625,1849.1300048828125,10.331538
h11_canon0905_lcd1000_x18_20260907,1951,32,3,unknown_or_exit,1,1,1587.17,1587.17,1587.1700439453125,1587.1700439453125,0.0
h11_canon0905_lcd1000_x18_20260907,2101,32,1,ramp_R_D_E,8,0,318.99,1214.67,,,40.98625
h11_canon0905_lcd1000_x18_20260907,2101,32,1,ramp_R_D_W,12,0,66.56,999.53,,,38.455837
h11_canon0905_lcd1000_x18_20260907,2101,32,1,signal_or_other,63,53,35.12,1954.16,1506.81005859375,1954.1600341796875,5.231111
h11_canon0905_lcd1000_x18_20260907,2101,32,2,ramp_R_D_W,15,0,61.43,1011.24,,,40.32467
h11_canon0905_lcd1000_x18_20260907,2101,32,2,signal_or_other,62,55,18.87,1954.13,1512.6300048828125,1954.1300048828125,3.8293548
h11_canon0905_lcd1000_x18_20260907,2101,32,2,unknown_or_exit,4,4,1673.83,1889.79,1673.8299560546875,1889.7900390625,0.0
h11_canon0905_lcd1000_x18_20260907,2101,32,3,ramp_R_D_E,1,0,289.95,289.95,,,45.36
h11_canon0905_lcd1000_x18_20260907,2101,32,3,ramp_R_D_W,2,0,49.13,67.32,,,40.405
h11_canon0905_lcd1000_x18_20260907,2101,32,3,signal_or_other,58,51,1516.79,1941.53,1516.7900390625,1839.52001953125,3.2001722
h11_canon0905_lcd1000_x18_20260907,2251,32,1,ramp_R_D_E,17,8,89.16,1019.64,870.4299926757812,1019.6400146484375,20.584705
h11_canon0905_lcd1000_x18_20260907,2251,32,1,ramp_R_D_W,21,11,17.19,1024.76,911.6699829101562,1024.760009765625,17.57143
h11_canon0905_lcd1000_x18_20260907,2251,32,1,signal_or_other,57,37,332.59,1954.24,935.739990234375,1954.239990234375,9.861929
h11_canon0905_lcd1000_x18_20260907,2251,32,2,ramp_R_D_E,2,0,45.41,646.11,,,42.795
h11_canon0905_lcd1000_x18_20260907,2251,32,2,ramp_R_D_W,35,25,124.04,1023.79,877.1400146484375,1023.7899780273438,11.629715
h11_canon0905_lcd1000_x18_20260907,2251,32,2,signal_or_other,53,33,140.38,1954.06,1451.010009765625,1954.06005859375,7.0675473
h11_canon0905_lcd1000_x18_20260907,2251,32,2,unknown_or_exit,1,1,1936.14,1936.14,1936.1400146484375,1936.1400146484375,0.0
h11_canon0905_lcd1000_x18_20260907,2251,32,3,ramp_R_D_W,1,0,51.09,51.09,,,44.23
h11_canon0905_lcd1000_x18_20260907,2251,32,3,signal_or_other,53,32,740.91,1949.37,1455.52001953125,1894.0799560546875,10.132264
h11_canon0905_lcd1000_x18_20260907,2401,32,1,ramp_R_D_E,28,19,526.85,953.77,669.219970703125,953.77001953125,9.386071
h11_canon0905_lcd1000_x18_20260907,2401,32,1,ramp_R_D_W,20,16,288.14,1024.72,692.8099975585938,1024.719970703125,6.5995
h11_canon0905_lcd1000_x18_20260907,2401,32,1,signal_or_other,45,28,66.43,1954.05,698.8800048828125,1954.050048828125,14.223556
h11_canon0905_lcd1000_x18_20260907,2401,32,2,ramp_R_D_E,2,0,302.7,1428.08,,,39.864998
h11_canon0905_lcd1000_x18_20260907,2401,32,2,ramp_R_D_W,59,44,41.47,1026.64,684.1400146484375,1026.6400146484375,6.3813553
h11_canon0905_lcd1000_x18_20260907,2401,32,2,signal_or_other,51,28,1325.72,1953.81,1494.5699462890625,1953.81005859375,8.185686
h11_canon0905_lcd1000_x18_20260907,2401,32,3,ramp_R_D_E,1,0,348.55,348.55,,,36.33
h11_canon0905_lcd1000_x18_20260907,2401,32,3,signal_or_other,45,21,116.08,1943.53,1503.1400146484375,1677.3900146484375,12.443556
h11_canon0905_lcd1000_x18_20260907,2551,32,1,ramp_R_D_E,30,18,216.83,1033.9,568.47998046875,1021.3200073242188,7.604333
h11_canon0905_lcd1000_x18_20260907,2551,32,1,ramp_R_D_W,27,17,14.51,1015.13,562.0999755859375,1015.1300048828125,11.925185
h11_canon0905_lcd1000_x18_20260907,2551,32,1,signal_or_other,46,27,354.06,1954.2,573.5700073242188,1954.199951171875,15.645653
h11_canon0905_lcd1000_x18_20260907,2551,32,2,ramp_R_D_E,3,2,306.29,1534.32,1510.719970703125,1534.3199462890625,14.04
h11_canon0905_lcd1000_x18_20260907,2551,32,2,ramp_R_D_W,68,40,60.19,1021.76,536.0499877929688,1015.5999755859375,9.192499
h11_canon0905_lcd1000_x18_20260907,2551,32,2,signal_or_other,41,26,80.49,1953.95,1516.510009765625,1953.949951171875,10.0473175
h11_canon0905_lcd1000_x18_20260907,2551,32,2,unknown_or_exit,1,0,1444.81,1444.81,,,42.38
h11_canon0905_lcd1000_x18_20260907,2551,32,3,ramp_R_D_E,3,0,226.84,1660.63,,,27.023333
h11_canon0905_lcd1000_x18_20260907,2551,32,3,signal_or_other,49,30,1207.42,1939.8,1514.6300048828125,1831.0400390625,9.170612
h11_canon0905_lcd1000_x18_20260907,2701,32,1,ramp_R_D_E,33,28,483.82,1002.42,508.0899963378906,1002.4199829101562,2.0342424
h11_canon0905_lcd1000_x18_20260907,2701,32,1,ramp_R_D_W,35,27,42.94,1025.42,475.5400085449219,1025.4200439453125,6.6271424
h11_canon0905_lcd1000_x18_20260907,2701,32,1,signal_or_other,54,29,502.24,1954.26,502.239990234375,1954.260009765625,16.215742
h11_canon0905_lcd1000_x18_20260907,2701,32,2,ramp_R_D_E,2,2,1882.98,1900.31,1882.97998046875,1900.31005859375,0.0
h11_canon0905_lcd1000_x18_20260907,2701,32,2,ramp_R_D_W,79,65,74.28,1027.76,485.510009765625,1027.760009765625,4.271646
h11_canon0905_lcd1000_x18_20260907,2701,32,2,signal_or_other,38,24,1518.57,1953.95,1518.5699462890625,1953.949951171875,7.2163157
h11_canon0905_lcd1000_x18_20260907,2701,32,2,unknown_or_exit,1,0,1851.5,1851.5,,,34.47
h11_canon0905_lcd1000_x18_20260907,2701,32,3,ramp_R_D_W,1,0,15.06,15.06,,,44.46
h11_canon0905_lcd1000_x18_20260907,2701,32,3,signal_or_other,41,19,605.78,1948.76,1529.030029296875,1642.0400390625,13.82439
h11_canon0905_lcd1000_x18_20260907,2851,32,1,ramp_R_D_E,39,27,400.07,1261.34,400.07000732421875,985.6799926757812,7.999231
h11_canon0905_lcd1000_x18_20260907,2851,32,1,ramp_R_D_W,46,36,158.96,964.7,407.6400146484375,815.7899780273438,4.768696
h11_canon0905_lcd1000_x18_20260907,2851,32,1,signal_or_other,44,28,430.05,1954.14,430.04998779296875,1954.1400146484375,10.677046
h11_canon0905_lcd1000_x18_20260907,2851,32,1,unknown_or_exit,1,0,16.62,16.62,,,44.32
h11_canon0905_lcd1000_x18_20260907,2851,32,2,ramp_R_D_E,2,1,376.74,431.45,431.45001220703125,431.45001220703125,20.08
h11_canon0905_lcd1000_x18_20260907,2851,32,2,ramp_R_D_W,84,78,437.73,1027.96,437.7300109863281,1027.9599609375,0.85749996
h11_canon0905_lcd1000_x18_20260907,2851,32,2,signal_or_other,44,25,167.36,1954.13,1536.68994140625,1954.1300048828125,10.121364
h11_canon0905_lcd1000_x18_20260907,2851,32,2,unknown_or_exit,10,7,65.55,455.64,400.260009765625,455.6400146484375,13.3289995
h11_canon0905_lcd1000_x18_20260907,2851,32,3,signal_or_other,42,21,195.59,1947.38,1535.469970703125,1844.300048828125,9.43619
h11_canon0905_lcd1000_x18_20260907,3001,32,1,ramp_R_D_E,31,26,435.74,1012.42,435.739990234375,1012.4199829101562,2.3574195
h11_canon0905_lcd1000_x18_20260907,3001,32,1,ramp_R_D_W,42,33,422.54,1023.43,422.5400085449219,1023.4299926757812,3.0654762
h11_canon0905_lcd1000_x18_20260907,3001,32,1,signal_or_other,41,21,510.85,1954.22,510.8500061035156,1954.219970703125,13.442439
h11_canon0905_lcd1000_x18_20260907,3001,32,1,unknown_or_exit,16,8,90.8,415.39,299.57000732421875,358.0400085449219,12.922501
h11_canon0905_lcd1000_x18_20260907,3001,32,2,ramp_R_D_W,67,60,518.76,1026.03,543.989990234375,1026.030029296875,1.7988061
h11_canon0905_lcd1000_x18_20260907,3001,32,2,signal_or_other,35,15,169.65,1954.46,1556.3499755859375,1954.4599609375,12.122572
h11_canon0905_lcd1000_x18_20260907,3001,32,2,unknown_or_exit,27,17,26.65,555.92,288.6099853515625,555.9199829101562,8.111111
h11_canon0905_lcd1000_x18_20260907,3001,32,3,signal_or_other,41,19,227.72,1947.9,1566.9100341796875,1686.3299560546875,11.932439
h11_canon0905_lcd1000_x18_20260907,3001,32,3,unknown_or_exit,1,0,1727.46,1727.46,,,29.3
h11_canon0905_lcd1000_x18_20260907,3151,32,1,ramp_R_D_E,28,24,549.38,1256.93,549.3800048828125,1004.8499755859375,2.9007144
h11_canon0905_lcd1000_x18_20260907,3151,32,1,ramp_R_D_W,37,31,536.79,1015.86,536.7899780273438,1015.8599853515625,2.36
h11_canon0905_lcd1000_x18_20260907,3151,32,1,signal_or_other,50,43,589.85,1954.09,589.8499755859375,1954.0899658203125,3.8992002
h11_canon0905_lcd1000_x18_20260907,3151,32,1,unknown_or_exit,36,30,6.8,531.28,347.94000244140625,531.280029296875,6.4494443
h11_canon0905_lcd1000_x18_20260907,3151,32,2,ramp_R_D_W,62,56,583.33,1024.31,583.3300170898438,1024.31005859375,0.97887087
h11_canon0905_lcd1000_x18_20260907,3151,32,2,signal_or_other,47,37,245.48,1954.21,1603.719970703125,1954.2099609375,5.0402126
h11_canon0905_lcd1000_x18_20260907,3151,32,2,unknown_or_exit,43,37,2.0,601.24,357.4800109863281,601.239990234375,6.0781393
h11_canon0905_lcd1000_x18_20260907,3151,32,3,ramp_R_D_E,4,0,506.02,852.9,,,12.764999
h11_canon0905_lcd1000_x18_20260907,3151,32,3,signal_or_other,50,41,411.51,1947.45,1616.0699462890625,1852.739990234375,4.9456005
h11_canon0905_lcd1000_x18_20260907,3151,32,3,unknown_or_exit,2,1,18.38,1870.46,1870.4599609375,1870.4599609375,21.1
h11_canon0905_lcd1000_x18_20260907,3301,32,1,ramp_R_D_E,18,12,671.44,1291.82,741.0800170898438,1014.9000244140625,8.721666
h11_canon0905_lcd1000_x18_20260907,3301,32,1,ramp_R_D_W,26,18,643.0,1027.52,722.6799926757812,1000.2000122070312,5.603846
h11_canon0905_lcd1000_x18_20260907,3301,32,1,signal_or_other,37,19,746.96,1954.21,746.9600219726562,1954.2099609375,13.179189
h11_canon0905_lcd1000_x18_20260907,3301,32,1,unknown_or_exit,57,48,73.3,635.04,187.30999755859375,635.0399780273438,3.2208772
h11_canon0905_lcd1000_x18_20260907,3301,32,2,ramp_R_D_W,40,28,643.98,1026.7,643.97998046875,1026.699951171875,5.30725
h11_canon0905_lcd1000_x18_20260907,3301,32,2,signal_or_other,38,21,1348.72,1954.08,1571.219970703125,1954.0799560546875,12.657631
h11_canon0905_lcd1000_x18_20260907,3301,32,2,unknown_or_exit,63,46,29.14,670.72,208.57000732421875,637.2000122070312,4.090635
h11_canon0905_lcd1000_x18_20260907,3301,32,3,ramp_R_D_E,7,0,147.7,1034.61,,,28.261429
h11_canon0905_lcd1000_x18_20260907,3301,32,3,signal_or_other,44,21,61.98,1950.52,1543.8399658203125,1850.0999755859375,12.833636
h11_canon0905_lcd1000_x18_20260907,3301,32,3,unknown_or_exit,2,1,510.89,1621.18,1621.1800537109375,1621.1800537109375,17.55
h11_canon0905_lcd1000_x18_20260907,3451,32,1,ramp_R_D_E,15,13,854.13,1223.76,854.1300048828125,1026.550048828125,3.4093332
h11_canon0905_lcd1000_x18_20260907,3451,32,1,ramp_R_D_W,15,15,834.63,1020.27,834.6300048828125,1020.27001953125,0.0
h11_canon0905_lcd1000_x18_20260907,3451,32,1,signal_or_other,34,18,897.54,1954.39,897.5399780273438,1954.3900146484375,17.686174
h11_canon0905_lcd1000_x18_20260907,3451,32,1,unknown_or_exit,82,59,38.47,828.57,217.74000549316406,828.5700073242188,5.6447563
h11_canon0905_lcd1000_x18_20260907,3451,32,2,ramp_R_D_W,30,28,803.24,1024.21,803.239990234375,1024.2099609375,0.4633333
h11_canon0905_lcd1000_x18_20260907,3451,32,2,signal_or_other,36,19,1411.32,1954.39,1618.56005859375,1954.3900146484375,11.043888
h11_canon0905_lcd1000_x18_20260907,3451,32,2,unknown_or_exit,79,54,87.4,1921.03,183.17999267578125,1921.030029296875,5.39038
h11_canon0905_lcd1000_x18_20260907,3451,32,3,ramp_R_D_E,3,0,546.64,1030.67,,,15.77
h11_canon0905_lcd1000_x18_20260907,3451,32,3,signal_or_other,25,5,297.24,1946.31,1604.6099853515625,1825.25,25.649199
h11_canon0905_lcd1000_x18_20260907,3451,32,3,unknown_or_exit,3,0,184.8,1750.58,,,41.809998
h11_canon0905_lcd1000_x18_20260907,3601,32,1,ramp_R_D_E,15,14,857.07,1202.53,857.0700073242188,1026.550048828125,2.5126665
h11_canon0905_lcd1000_x18_20260907,3601,32,1,ramp_R_D_W,15,15,838.42,1020.27,838.4199829101562,1020.27001953125,0.0
h11_canon0905_lcd1000_x18_20260907,3601,32,1,signal_or_other,33,19,897.54,1954.14,897.5399780273438,1954.1400146484375,15.699091
h11_canon0905_lcd1000_x18_20260907,3601,32,1,unknown_or_exit,105,96,46.18,832.36,149.9199981689453,832.3599853515625,1.874381
h11_canon0905_lcd1000_x18_20260907,3601,32,2,ramp_R_D_W,30,30,811.24,1024.21,811.239990234375,1024.2099609375,0.0
h11_canon0905_lcd1000_x18_20260907,3601,32,2,signal_or_other,27,16,1522.58,1948.95,1698.8299560546875,1948.949951171875,13.111111
h11_canon0905_lcd1000_x18_20260907,3601,32,2,unknown_or_exit,104,95,83.9,1953.84,156.75,1953.8399658203125,1.3673077
h11_canon0905_lcd1000_x18_20260907,3601,32,3,ramp_R_D_E,8,0,153.19,780.66,,,22.4575
h11_canon0905_lcd1000_x18_20260907,3601,32,3,signal_or_other,21,3,289.11,1940.72,1826.31005859375,1861.02001953125,24.229523
h11_canon0905_lcd1000_x18_20260907,3601,32,3,unknown_or_exit,2,0,36.72,47.63,,,40.004997
h11_canon0905_lcd1000_x18_20260907,3751,32,1,ramp_R_D_E,14,14,857.07,1026.55,857.0700073242188,1026.550048828125,0.0
h11_canon0905_lcd1000_x18_20260907,3751,32,1,ramp_R_D_W,15,15,838.42,1020.27,838.4199829101562,1020.27001953125,0.0
h11_canon0905_lcd1000_x18_20260907,3751,32,1,signal_or_other,25,17,897.54,1954.31,897.5399780273438,1954.31005859375,11.9188
h11_canon0905_lcd1000_x18_20260907,3751,32,1,unknown_or_exit,117,116,76.77,832.36,91.93000030517578,832.3599853515625,0.19119659
h11_canon0905_lcd1000_x18_20260907,3751,32,2,ramp_R_D_W,30,30,811.24,1024.21,811.239990234375,1024.2099609375,0.0
h11_canon0905_lcd1000_x18_20260907,3751,32,2,signal_or_other,16,4,1760.7,1954.09,1889.3699951171875,1954.0899658203125,15.116876
h11_canon0905_lcd1000_x18_20260907,3751,32,2,unknown_or_exit,116,114,4.98,823.0,94.91999816894531,823.0,0.5746551
h11_canon0905_lcd1000_x18_20260907,3751,32,3,ramp_R_D_E,10,0,230.13,1020.08,,,13.149
h11_canon0905_lcd1000_x18_20260907,3751,32,3,signal_or_other,20,4,468.68,1952.07,1901.5400390625,1925.81005859375,17.061998
h11_canon0905_lcd1000_x18_20260907,3751,32,3,unknown_or_exit,8,0,20.62,576.34,,,21.25375
h11_canon0905_lcd1000_x18_20260907,3901,32,1,ramp_R_D_E,14,14,857.07,1026.55,857.0700073242188,1026.550048828125,0.0
h11_canon0905_lcd1000_x18_20260907,3901,32,1,ramp_R_D_W,15,15,838.42,1020.27,838.4199829101562,1020.27001953125,0.0
h11_canon0905_lcd1000_x18_20260907,3901,32,1,signal_or_other,20,10,897.54,1954.12,897.5399780273438,1954.1199951171875,39.051502
h11_canon0905_lcd1000_x18_20260907,3901,32,1,unknown_or_exit,125,125,39.33,832.36,39.33000183105469,832.3599853515625,0.0
h11_canon0905_lcd1000_x18_20260907,3901,32,2,ramp_R_D_W,30,30,811.24,1024.21,811.239990234375,1024.2099609375,0.0
h11_canon0905_lcd1000_x18_20260907,3901,32,2,signal_or_other,6,4,1707.66,1954.0,1930.9599609375,1954.0,23.236666
h11_canon0905_lcd1000_x18_20260907,3901,32,2,unknown_or_exit,120,120,52.5,823.0,52.5,823.0,0.0
h11_canon0905_lcd1000_x18_20260907,3901,32,3,ramp_R_D_E,7,3,97.89,1002.68,985.1500244140625,1002.6799926757812,8.932857
h11_canon0905_lcd1000_x18_20260907,3901,32,3,ramp_R_D_W,9,0,77.0,538.59,,,14.929999
h11_canon0905_lcd1000_x18_20260907,3901,32,3,signal_or_other,10,2,190.93,1952.59,979.5999755859375,1014.72998046875,15.794001
h11_canon0905_lcd1000_x18_20260907,3901,32,3,unknown_or_exit,14,1,204.84,1021.12,1021.1199951171875,1021.1199951171875,11.507858
h11_canon0905_lcd1000_x18_20260907,4051,32,1,ramp_R_D_E,14,14,857.07,1026.55,857.0700073242188,1026.550048828125,0.0
h11_canon0905_lcd1000_x18_20260907,4051,32,1,ramp_R_D_W,15,15,838.42,1020.27,838.4199829101562,1020.27001953125,0.0
h11_canon0905_lcd1000_x18_20260907,4051,32,1,signal_or_other,31,19,897.54,1954.07,897.5399780273438,1954.0699462890625,21.194193
h11_canon0905_lcd1000_x18_20260907,4051,32,1,unknown_or_exit,128,128,21.5,832.36,21.5,832.3599853515625,0.0
h11_canon0905_lcd1000_x18_20260907,4051,32,2,ramp_R_D_W,30,30,811.24,1024.21,811.239990234375,1024.2099609375,0.0
h11_canon0905_lcd1000_x18_20260907,4051,32,2,signal_or_other,25,16,1603.56,1954.39,1763.0400390625,1954.3900146484375,9.7424
h11_canon0905_lcd1000_x18_20260907,4051,32,2,unknown_or_exit,124,124,29.1,823.0,29.100000381469727,823.0,0.0
h11_canon0905_lcd1000_x18_20260907,4051,32,3,ramp_R_D_E,10,2,274.45,1014.88,954.6099853515625,1014.8800048828125,14.6970005
h11_canon0905_lcd1000_x18_20260907,4051,32,3,ramp_R_D_W,12,3,479.12,973.1,938.1599731445312,973.0999755859375,10.363334
h11_canon0905_lcd1000_x18_20260907,4051,32,3,signal_or_other,24,11,53.99,1953.4,960.25,1824.8299560546875,10.745418
h11_canon0905_lcd1000_x18_20260907,4051,32,3,unknown_or_exit,26,7,64.55,1021.12,123.0,1021.1199951171875,9.101154
h11_canon0905_lcd1000_x18_20260907,4201,32,1,ramp_R_D_E,14,14,857.07,1026.55,857.0700073242188,1026.550048828125,0.0
h11_canon0905_lcd1000_x18_20260907,4201,32,1,ramp_R_D_W,15,15,838.42,1020.27,838.4199829101562,1020.27001953125,0.0
h11_canon0905_lcd1000_x18_20260907,4201,32,1,signal_or_other,21,13,897.54,1954.37,897.5399780273438,1954.3699951171875,19.29095
h11_canon0905_lcd1000_x18_20260907,4201,32,1,unknown_or_exit,128,128,21.5,832.36,21.5,832.3599853515625,0.0
h11_canon0905_lcd1000_x18_20260907,4201,32,2,ramp_R_D_W,30,30,811.24,1024.21,811.239990234375,1024.2099609375,0.0
h11_canon0905_lcd1000_x18_20260907,4201,32,2,signal_or_other,23,13,1520.28,1954.17,1879.02001953125,1954.1700439453125,23.99174
h11_canon0905_lcd1000_x18_20260907,4201,32,2,unknown_or_exit,124,124,29.1,823.0,29.100000381469727,823.0,0.0
h11_canon0905_lcd1000_x18_20260907,4201,32,3,ramp_R_D_E,15,9,52.97,980.12,752.8900146484375,980.1199951171875,6.7739997
h11_canon0905_lcd1000_x18_20260907,4201,32,3,ramp_R_D_W,12,11,817.05,997.86,817.0499877929688,997.8599853515625,0.6333333
h11_canon0905_lcd1000_x18_20260907,4201,32,3,signal_or_other,28,10,93.88,1952.69,705.3099975585938,1846.4100341796875,17.602858
h11_canon0905_lcd1000_x18_20260907,4201,32,3,unknown_or_exit,42,21,108.3,1021.12,711.1099853515625,1021.1199951171875,6.795714
h11_canon0905_lcd1000_x18_20260907,4351,32,1,ramp_R_D_E,13,9,863.69,1033.77,874.780029296875,1009.4600219726562,4.924616
h11_canon0905_lcd1000_x18_20260907,4351,32,1,ramp_R_D_W,13,12,838.42,1015.62,838.4199829101562,1004.1300048828125,1.356923
h11_canon0905_lcd1000_x18_20260907,4351,32,1,signal_or_other,31,24,909.87,1954.1,909.8699951171875,1954.0999755859375,5.8219357
h11_canon0905_lcd1000_x18_20260907,4351,32,1,unknown_or_exit,129,128,5.27,832.36,21.5,832.3599853515625,0.12790698
h11_canon0905_lcd1000_x18_20260907,4351,32,2,ramp_R_D_W,23,15,811.24,1021.85,811.239990234375,1021.8499755859375,4.243913
h11_canon0905_lcd1000_x18_20260907,4351,32,2,signal_or_other,32,24,1341.41,1954.28,1702.1700439453125,1954.280029296875,6.626875
h11_canon0905_lcd1000_x18_20260907,4351,32,2,unknown_or_exit,128,127,2.73,1727.02,16.110000610351562,1727.02001953125,0.16125
h11_canon0905_lcd1000_x18_20260907,4351,32,3,ramp_R_D_E,17,16,479.51,1003.2,479.510009765625,1003.2000122070312,0.39235294
h11_canon0905_lcd1000_x18_20260907,4351,32,3,ramp_R_D_W,12,11,834.65,1021.12,834.6500244140625,1021.1199951171875,0.9216667
h11_canon0905_lcd1000_x18_20260907,4351,32,3,signal_or_other,39,28,509.21,1945.96,509.2099914550781,1843.219970703125,6.3987184
h11_canon0905_lcd1000_x18_20260907,4351,32,3,unknown_or_exit,74,44,15.85,1745.46,472.8399963378906,1745.4599609375,5.722027
h11_canon0905_lcd1000_x18_20260907,4501,32,1,ramp_R_D_E,3,1,968.94,1056.34,968.9400024414062,968.9400024414062,23.619997
h11_canon0905_lcd1000_x18_20260907,4501,32,1,ramp_R_D_W,8,4,944.01,1017.08,976.0900268554688,995.02001953125,5.97375
h11_canon0905_lcd1000_x18_20260907,4501,32,1,signal_or_other,27,13,1296.29,1954.12,1873.510009765625,1954.1199951171875,21.730742
h11_canon0905_lcd1000_x18_20260907,4501,32,1,unknown_or_exit,139,130,3.54,1921.31,3.5399999618530273,1921.31005859375,0.78366905
h11_canon0905_lcd1000_x18_20260907,4501,32,2,ramp_R_D_E,1,0,995.9,995.9,,,8.25
h11_canon0905_lcd1000_x18_20260907,4501,32,2,ramp_R_D_W,8,7,952.89,1019.76,952.8900146484375,1003.5999755859375,1.09125
h11_canon0905_lcd1000_x18_20260907,4501,32,2,signal_or_other,31,14,1332.36,1954.3,1627.3499755859375,1954.300048828125,14.390969
h11_canon0905_lcd1000_x18_20260907,4501,32,2,unknown_or_exit,130,113,6.89,1926.33,6.889999866485596,1926.3299560546875,1.5918462
h11_canon0905_lcd1000_x18_20260907,4501,32,3,ramp_R_D_E,13,9,507.94,975.93,507.94000244140625,975.9299926757812,4.624615
h11_canon0905_lcd1000_x18_20260907,4501,32,3,ramp_R_D_W,2,1,980.97,1019.06,980.969970703125,980.969970703125,2.585
h11_canon0905_lcd1000_x18_20260907,4501,32,3,signal_or_other,34,11,537.83,1952.27,537.8300170898438,1672.5699462890625,16.801176
h11_canon0905_lcd1000_x18_20260907,4501,32,3,unknown_or_exit,102,81,7.84,1940.63,41.88999938964844,1010.8699951171875,2.8543136
h11_canon0905_lcd1000_x18_20260907,4651,32,1,signal_or_other,31,14,1384.82,1954.18,1682.9599609375,1954.1800537109375,23.992258
h11_canon0905_lcd1000_x18_20260907,4651,32,1,unknown_or_exit,155,147,4.39,1026.33,4.389999866485596,1026.3299560546875,0.5595484
h11_canon0905_lcd1000_x18_20260907,4651,32,2,signal_or_other,26,13,1538.56,1953.98,1790.9200439453125,1953.97998046875,15.501924
h11_canon0905_lcd1000_x18_20260907,4651,32,2,unknown_or_exit,145,126,2.44,1026.43,2.440000057220459,1026.4300537109375,1.6314483
h11_canon0905_lcd1000_x18_20260907,4651,32,3,ramp_R_D_E,12,9,755.69,1009.3,755.6900024414062,1009.2999877929688,4.8349996
h11_canon0905_lcd1000_x18_20260907,4651,32,3,signal_or_other,22,10,779.68,1943.09,779.6799926757812,1015.47998046875,14.736364
h11_canon0905_lcd1000_x18_20260907,4651,32,3,unknown_or_exit,86,52,7.97,1021.12,31.31999969482422,1021.1199951171875,5.7210464
h11_canon0905_lcd1000_x18_20260907,4801,32,1,ramp_R_D_E,1,0,1098.41,1098.41,,,41.06
h11_canon0905_lcd1000_x18_20260907,4801,32,1,signal_or_other,18,13,1614.69,1954.24,1878.050048828125,1954.239990234375,16.245
h11_canon0905_lcd1000_x18_20260907,4801,32,1,unknown_or_exit,159,155,2.51,1710.46,30.93000030517578,1026.3299560546875,0.76591194
h11_canon0905_lcd1000_x18_20260907,4801,32,2,signal_or_other,19,16,1794.68,1954.42,1833.8299560546875,1954.4200439453125,4.3789473
h11_canon0905_lcd1000_x18_20260907,4801,32,2,unknown_or_exit,154,146,20.82,1026.43,30.93000030517578,1026.4300537109375,0.58467525
h11_canon0905_lcd1000_x18_20260907,4801,32,3,ramp_R_D_E,10,8,835.84,1009.5,843.3200073242188,1009.5,1.258
h11_canon0905_lcd1000_x18_20260907,4801,32,3,signal_or_other,18,8,861.41,1933.99,861.4099731445312,1831.8900146484375,13.723888
h11_canon0905_lcd1000_x18_20260907,4801,32,3,unknown_or_exit,108,84,26.8,1021.12,26.799999237060547,1021.1199951171875,3.3626852
h11_canon0905_lcd1000_x18_20260907,4951,32,1,ramp_R_D_E,1,0,1319.06,1319.06,,,41.34
h11_canon0905_lcd1000_x18_20260907,4951,32,1,signal_or_other,14,7,1280.6,1953.97,1907.800048828125,1953.969970703125,33.18143
h11_canon0905_lcd1000_x18_20260907,4951,32,1,unknown_or_exit,159,159,16.62,1026.33,16.6200008392334,1026.3299560546875,0.0
h11_canon0905_lcd1000_x18_20260907,4951,32,2,signal_or_other,8,1,1310.6,1947.28,1947.280029296875,1947.280029296875,48.23875
h11_canon0905_lcd1000_x18_20260907,4951,32,2,unknown_or_exit,161,160,22.79,1953.96,33.880001068115234,1953.9599609375,0.13559006
h11_canon0905_lcd1000_x18_20260907,4951,32,3,ramp_R_D_E,7,7,893.18,1008.6,893.1799926757812,1008.5999755859375,1.4857142
h11_canon0905_lcd1000_x18_20260907,4951,32,3,signal_or_other,14,3,937.16,1952.24,961.489990234375,1927.6199951171875,23.402143
h11_canon0905_lcd1000_x18_20260907,4951,32,3,unknown_or_exit,127,113,12.49,1021.12,38.720001220703125,1021.1199951171875,1.5372442
h11_canon0905_lcd1000_x18_20260907,5101,32,1,signal_or_other,22,12,1335.32,1954.18,1886.0,1954.1800537109375,21.728638
h11_canon0905_lcd1000_x18_20260907,5101,32,1,unknown_or_exit,160,160,4.41,1026.33,4.409999847412109,1026.3299560546875,0.0
h11_canon0905_lcd1000_x18_20260907,5101,32,2,signal_or_other,21,13,1680.42,1954.2,1866.0,1954.199951171875,9.146666
h11_canon0905_lcd1000_x18_20260907,5101,32,2,unknown_or_exit,163,163,6.56,1026.43,6.559999942779541,1026.4300537109375,0.0
h11_canon0905_lcd1000_x18_20260907,5101,32,3,ramp_R_D_E,6,6,938.51,1009.74,938.510009765625,1009.739990234375,0.46166667
h11_canon0905_lcd1000_x18_20260907,5101,32,3,signal_or_other,23,12,967.1,1946.52,967.0999755859375,1821.8299560546875,20.34174
h11_canon0905_lcd1000_x18_20260907,5101,32,3,unknown_or_exit,136,123,6.23,1021.12,6.230000019073486,1021.1199951171875,1.1873529
h11_canon0905_lcd1000_x18_20260907,5251,32,1,ramp_R_D_E,2,0,1104.92,1147.8,,,44.965
h11_canon0905_lcd1000_x18_20260907,5251,32,1,signal_or_other,14,7,1326.43,1954.34,1900.81005859375,1954.3399658203125,35.434284
h11_canon0905_lcd1000_x18_20260907,5251,32,1,unknown_or_exit,160,160,4.41,1026.33,4.409999847412109,1026.3299560546875,0.0
h11_canon0905_lcd1000_x18_20260907,5251,32,2,signal_or_other,7,3,1073.24,1954.17,1902.8499755859375,1954.1700439453125,26.685715
h11_canon0905_lcd1000_x18_20260907,5251,32,2,unknown_or_exit,163,163,6.65,1026.43,6.650000095367432,1026.4300537109375,0.0
h11_canon0905_lcd1000_x18_20260907,5251,32,3,ramp_R_D_E,2,0,984.77,995.76,,,10.915
h11_canon0905_lcd1000_x18_20260907,5251,32,3,signal_or_other,11,3,1207.19,1953.44,1930.8900146484375,1953.43994140625,28.174547
h11_canon0905_lcd1000_x18_20260907,5251,32,3,unknown_or_exit,144,131,13.71,1020.51,13.710000038146973,1020.510009765625,0.9555556
h11_canon0905_lcd1000_x18_20260907,901,31,1,ramp_R_D_E,1,0,356.35,356.35,,,45.58
h11_canon0905_lcd1000_x18_20260907,901,31,1,ramp_R_D_W,1,0,727.56,727.56,,,41.67
h11_canon0905_lcd1000_x18_20260907,901,31,1,unknown_or_exit,8,0,902.04,1985.73,,,96.1725
h11_canon0905_lcd1000_x18_20260907,901,31,2,unknown_or_exit,20,0,479.98,1846.81,,,55.9925
h11_canon0905_lcd1000_x18_20260907,901,31,3,unknown_or_exit,12,0,451.4,1908.59,,,97.39001
h11_canon0905_lcd1000_x18_20260907,1051,31,1,ramp_R_D_E,1,0,401.81,401.81,,,44.0
h11_canon0905_lcd1000_x18_20260907,1051,31,1,ramp_R_D_W,1,0,378.07,378.07,,,33.02
h11_canon0905_lcd1000_x18_20260907,1051,31,1,unknown_or_exit,12,0,458.49,1972.82,,,91.01583
h11_canon0905_lcd1000_x18_20260907,1051,31,2,unknown_or_exit,15,0,733.84,1812.9,,,83.18666
h11_canon0905_lcd1000_x18_20260907,1051,31,3,unknown_or_exit,11,0,708.19,1910.81,,,79.10272
h11_canon0905_lcd1000_x18_20260907,1201,31,1,ramp_R_D_W,1,0,26.66,26.66,,,40.04
h11_canon0905_lcd1000_x18_20260907,1201,31,1,unknown_or_exit,14,0,989.62,1911.31,,,91.655716
h11_canon0905_lcd1000_x18_20260907,1201,31,2,ramp_R_D_W,1,0,794.6,794.6,,,41.06
h11_canon0905_lcd1000_x18_20260907,1201,31,2,unknown_or_exit,18,0,711.19,1911.65,,,47.60722
h11_canon0905_lcd1000_x18_20260907,1201,31,3,unknown_or_exit,11,0,684.03,1973.57,,,68.36273
h11_canon0905_lcd1000_x18_20260907,1351,31,1,ramp_R_D_E,2,0,368.31,409.15,,,38.34
h11_canon0905_lcd1000_x18_20260907,1351,31,1,ramp_R_D_W,2,0,162.36,463.49,,,41.915
h11_canon0905_lcd1000_x18_20260907,1351,31,1,unknown_or_exit,7,0,644.68,1863.29,,,103.471436
h11_canon0905_lcd1000_x18_20260907,1351,31,2,unknown_or_exit,15,0,376.92,1929.42,,,45.283333
h11_canon0905_lcd1000_x18_20260907,1351,31,3,unknown_or_exit,11,0,795.49,1979.88,,,73.086365
h11_canon0905_lcd1000_x18_20260907,1501,31,1,unknown_or_exit,11,0,922.51,1913.92,,,104.73819
h11_canon0905_lcd1000_x18_20260907,1501,31,2,unknown_or_exit,7,0,863.71,1961.56,,,68.987144
h11_canon0905_lcd1000_x18_20260907,1501,31,3,unknown_or_exit,10,0,972.49,1968.43,,,84.982994
h11_canon0905_lcd1000_x18_20260907,1651,31,1,ramp_R_D_W,1,1,731.87,731.87,731.8699951171875,731.8699951171875,0.0
h11_canon0905_lcd1000_x18_20260907,1651,31,1,unknown_or_exit,14,0,891.32,1951.97,,,79.23286
h11_canon0905_lcd1000_x18_20260907,1651,31,2,unknown_or_exit,17,0,631.48,1782.19,,,52.07823
h11_canon0905_lcd1000_x18_20260907,1651,31,3,unknown_or_exit,9,0,1211.31,1793.75,,,68.65889
h11_canon0905_lcd1000_x18_20260907,1801,31,1,ramp_R_D_E,1,0,362.88,362.88,,,41.1
h11_canon0905_lcd1000_x18_20260907,1801,31,1,ramp_R_D_W,1,0,725.84,725.84,,,21.29
h11_canon0905_lcd1000_x18_20260907,1801,31,1,unknown_or_exit,10,0,663.3,1522.5,,,85.403
h11_canon0905_lcd1000_x18_20260907,1801,31,2,unknown_or_exit,15,0,481.64,1954.59,,,51.30401
h11_canon0905_lcd1000_x18_20260907,1801,31,3,unknown_or_exit,10,0,805.01,1721.48,,,66.20799
h11_canon0905_lcd1000_x18_20260907,1951,31,1,ramp_R_D_E,2,0,348.15,359.39,,,37.07
h11_canon0905_lcd1000_x18_20260907,1951,31,1,ramp_R_D_W,1,0,148.99,148.99,,,44.34
h11_canon0905_lcd1000_x18_20260907,1951,31,1,unknown_or_exit,10,0,939.22,1828.19,,,79.98301
h11_canon0905_lcd1000_x18_20260907,1951,31,2,unknown_or_exit,15,0,397.34,1967.1,,,52.58
h11_canon0905_lcd1000_x18_20260907,1951,31,3,unknown_or_exit,11,0,900.41,1939.17,,,76.35637
h11_canon0905_lcd1000_x18_20260907,2101,31,1,ramp_R_D_E,3,0,162.94,380.63,,,38.933334
h11_canon0905_lcd1000_x18_20260907,2101,31,1,ramp_R_D_W,5,0,185.19,461.58,,,40.274
h11_canon0905_lcd1000_x18_20260907,2101,31,1,unknown_or_exit,10,0,624.86,1686.11,,,81.15099
h11_canon0905_lcd1000_x18_20260907,2101,31,2,ramp_R_D_W,2,0,940.4,1379.16,,,43.385002
h11_canon0905_lcd1000_x18_20260907,2101,31,2,unknown_or_exit,11,0,488.11,1694.66,,,45.44091
h11_canon0905_lcd1000_x18_20260907,2101,31,3,ramp_R_D_W,1,0,1680.29,1680.29,,,43.74
h11_canon0905_lcd1000_x18_20260907,2101,31,3,unknown_or_exit,14,0,581.87,1939.55,,,65.44857
h11_canon0905_lcd1000_x18_20260907,2251,31,1,ramp_R_D_W,14,13,174.61,730.72,658.5900268554688,730.719970703125,2.857143
h11_canon0905_lcd1000_x18_20260907,2251,31,1,unknown_or_exit,10,0,12.53,1946.58,,,84.10701
h11_canon0905_lcd1000_x18_20260907,2251,31,2,unknown_or_exit,19,0,490.22,1959.44,,,46.17052
h11_canon0905_lcd1000_x18_20260907,2251,31,3,unknown_or_exit,6,0,790.06,1933.92,,,64.471664
h11_canon0905_lcd1000_x18_20260907,2401,31,1,ramp_R_D_W,13,10,279.26,731.16,661.8499755859375,731.1599731445312,5.9523077
h11_canon0905_lcd1000_x18_20260907,2401,31,1,unknown_or_exit,10,0,911.73,1891.0,,,86.607994
h11_canon0905_lcd1000_x18_20260907,2401,31,2,ramp_R_D_W,2,0,643.66,728.35,,,28.675
h11_canon0905_lcd1000_x18_20260907,2401,31,2,unknown_or_exit,17,0,911.8,1916.64,,,61.508236
h11_canon0905_lcd1000_x18_20260907,2401,31,3,ramp_R_D_W,1,0,1153.42,1153.42,,,38.87
h11_canon0905_lcd1000_x18_20260907,2401,31,3,unknown_or_exit,7,0,667.52,1860.05,,,63.72285
h11_canon0905_lcd1000_x18_20260907,2551,31,1,ramp_R_D_E,2,0,194.88,378.62,,,38.085
h11_canon0905_lcd1000_x18_20260907,2551,31,1,ramp_R_D_W,5,2,213.83,1406.94,719.1599731445312,730.9199829101562,19.678
h11_canon0905_lcd1000_x18_20260907,2551,31,1,unknown_or_exit,7,0,979.76,1729.05,,,90.24857
h11_canon0905_lcd1000_x18_20260907,2551,31,2,ramp_R_D_W,1,0,1926.53,1926.53,,,40.18
h11_canon0905_lcd1000_x18_20260907,2551,31,2,unknown_or_exit,14,0,398.04,1896.7,,,49.397858
h11_canon0905_lcd1000_x18_20260907,2551,31,3,ramp_R_D_W,2,0,1034.24,1509.41,,,42.88
h11_canon0905_lcd1000_x18_20260907,2551,31,3,unknown_or_exit,7,0,864.44,1599.23,,,56.647144
h11_canon0905_lcd1000_x18_20260907,2701,31,1,ramp_R_D_W,5,5,703.22,725.76,703.219970703125,725.760009765625,0.0
h11_canon0905_lcd1000_x18_20260907,2701,31,1,unknown_or_exit,17,0,170.67,1843.1,,,96.31765
h11_canon0905_lcd1000_x18_20260907,2701,31,2,ramp_R_D_W,2,0,1230.42,1444.67,,,42.625
h11_canon0905_lcd1000_x18_20260907,2701,31,2,unknown_or_exit,12,0,442.57,1795.95,,,59.3075
h11_canon0905_lcd1000_x18_20260907,2701,31,3,unknown_or_exit,9,0,994.56,1925.25,,,67.10556
h11_canon0905_lcd1000_x18_20260907,2851,31,1,ramp_R_D_E,1,0,239.45,239.45,,,43.96
h11_canon0905_lcd1000_x18_20260907,2851,31,1,ramp_R_D_W,2,1,687.2,728.99,728.989990234375,728.989990234375,22.36
h11_canon0905_lcd1000_x18_20260907,2851,31,1,unknown_or_exit,10,0,14.05,1791.67,,,99.315994
h11_canon0905_lcd1000_x18_20260907,2851,31,2,unknown_or_exit,13,0,900.78,1867.18,,,50.75615
h11_canon0905_lcd1000_x18_20260907,2851,31,3,unknown_or_exit,5,0,1069.62,1376.2,,,71.240005
h11_canon0905_lcd1000_x18_20260907,3001,31,1,ramp_R_D_E,2,0,355.03,397.6,,,32.145
h11_canon0905_lcd1000_x18_20260907,3001,31,1,ramp_R_D_W,5,4,417.48,734.52,718.4299926757812,734.52001953125,6.014
h11_canon0905_lcd1000_x18_20260907,3001,31,1,unknown_or_exit,8,0,992.66,1753.04,,,101.59375
h11_canon0905_lcd1000_x18_20260907,3001,31,2,unknown_or_exit,17,0,378.31,1850.73,,,49.88353
h11_canon0905_lcd1000_x18_20260907,3001,31,3,unknown_or_exit,13,0,838.85,1956.21,,,84.47769
h11_canon0905_lcd1000_x18_20260907,3151,31,1,ramp_R_D_E,6,0,142.01,384.02,,,24.769999
h11_canon0905_lcd1000_x18_20260907,3151,31,1,ramp_R_D_W,9,0,302.09,728.48,,,32.555557
h11_canon0905_lcd1000_x18_20260907,3151,31,1,unknown_or_exit,7,0,261.31,1648.91,,,101.52285
h11_canon0905_lcd1000_x18_20260907,3151,31,2,ramp_R_D_W,4,0,354.34,1283.33,,,44.16
h11_canon0905_lcd1000_x18_20260907,3151,31,2,unknown_or_exit,12,0,520.44,1787.47,,,43.858337
h11_canon0905_lcd1000_x18_20260907,3151,31,3,unknown_or_exit,3,0,711.66,1541.23,,,105.043335
h11_canon0905_lcd1000_x18_20260907,3301,31,1,ramp_R_D_E,1,0,188.7,188.7,,,37.74
h11_canon0905_lcd1000_x18_20260907,3301,31,1,ramp_R_D_W,2,2,728.37,734.86,728.3699951171875,734.8599853515625,1.73
h11_canon0905_lcd1000_x18_20260907,3301,31,1,unknown_or_exit,18,0,884.5,1797.97,,,76.76556
h11_canon0905_lcd1000_x18_20260907,3301,31,2,ramp_R_D_W,1,0,1211.08,1211.08,,,44.53
h11_canon0905_lcd1000_x18_20260907,3301,31,2,unknown_or_exit,13,0,840.0,1901.58,,,58.056152
h11_canon0905_lcd1000_x18_20260907,3301,31,3,ramp_R_D_W,1,0,837.76,837.76,,,43.68
h11_canon0905_lcd1000_x18_20260907,3301,31,3,unknown_or_exit,12,0,1059.94,1940.3,,,51.364166
h11_canon0905_lcd1000_x18_20260907,3451,31,1,ramp_R_D_E,2,0,80.96,360.29,,,38.730003
h11_canon0905_lcd1000_x18_20260907,3451,31,1,ramp_R_D_W,7,7,694.55,730.73,694.5499877929688,730.72998046875,0.0
h11_canon0905_lcd1000_x18_20260907,3451,31,1,unknown_or_exit,16,0,1051.7,1887.74,,,83.447495
h11_canon0905_lcd1000_x18_20260907,3451,31,2,ramp_R_D_W,1,0,1250.78,1250.78,,,32.0
h11_canon0905_lcd1000_x18_20260907,3451,31,2,unknown_or_exit,13,0,545.09,1954.39,,,43.563076
h11_canon0905_lcd1000_x18_20260907,3451,31,3,unknown_or_exit,11,0,967.3,1747.19,,,46.83818
h11_canon0905_lcd1000_x18_20260907,3601,31,1,ramp_R_D_E,2,0,341.1,367.31,,,46.705
h11_canon0905_lcd1000_x18_20260907,3601,31,1,ramp_R_D_W,13,12,82.16,730.73,664.8900146484375,730.72998046875,3.2546155
h11_canon0905_lcd1000_x18_20260907,3601,31,1,unknown_or_exit,10,0,639.95,1865.14,,,78.561
h11_canon0905_lcd1000_x18_20260907,3601,31,2,unknown_or_exit,17,0,365.93,1879.52,,,42.12765
h11_canon0905_lcd1000_x18_20260907,3601,31,3,unknown_or_exit,7,0,976.3,1798.97,,,56.737144
h11_canon0905_lcd1000_x18_20260907,3751,31,1,ramp_R_D_W,19,19,622.48,730.73,622.47998046875,730.72998046875,0.0
h11_canon0905_lcd1000_x18_20260907,3751,31,1,unknown_or_exit,15,0,914.09,1889.64,,,79.639336
h11_canon0905_lcd1000_x18_20260907,3751,31,2,unknown_or_exit,10,0,351.03,1687.09,,,66.98701
h11_canon0905_lcd1000_x18_20260907,3751,31,3,unknown_or_exit,7,0,1143.08,1439.85,,,45.87143
h11_canon0905_lcd1000_x18_20260907,3901,31,1,ramp_R_D_E,2,0,105.23,275.27,,,41.22
h11_canon0905_lcd1000_x18_20260907,3901,31,1,ramp_R_D_W,28,28,556.81,730.73,556.8099975585938,730.72998046875,0.0
h11_canon0905_lcd1000_x18_20260907,3901,31,1,unknown_or_exit,12,0,1047.26,1850.54,,,84.28
h11_canon0905_lcd1000_x18_20260907,3901,31,2,unknown_or_exit,9,0,173.25,1518.97,,,49.737778
h11_canon0905_lcd1000_x18_20260907,3901,31,3,unknown_or_exit,2,0,1660.55,1767.54,,,81.05
h11_canon0905_lcd1000_x18_20260907,4051,31,1,ramp_R_D_E,5,0,175.57,411.13,,,33.215996
h11_canon0905_lcd1000_x18_20260907,4051,31,1,ramp_R_D_W,29,29,550.76,730.73,550.760009765625,730.72998046875,0.0
h11_canon0905_lcd1000_x18_20260907,4051,31,1,unknown_or_exit,11,1,544.48,1945.32,544.47998046875,544.47998046875,75.87546
h11_canon0905_lcd1000_x18_20260907,4051,31,2,unknown_or_exit,10,0,422.18,1898.36,,,46.191
h11_canon0905_lcd1000_x18_20260907,4051,31,3,unknown_or_exit,4,0,564.32,1912.75,,,52.9575
h11_canon0905_lcd1000_x18_20260907,4201,31,1,ramp_R_D_W,29,29,550.76,730.73,550.760009765625,730.72998046875,0.0
h11_canon0905_lcd1000_x18_20260907,4201,31,1,unknown_or_exit,22,7,164.2,1974.81,508.8900146484375,544.47998046875,54.7
h11_canon0905_lcd1000_x18_20260907,4201,31,2,unknown_or_exit,15,0,498.49,1908.7,,,42.151333
h11_canon0905_lcd1000_x18_20260907,4201,31,3,unknown_or_exit,6,0,414.21,1824.22,,,63.801666
h11_canon0905_lcd1000_x18_20260907,4351,31,1,ramp_R_D_E,1,0,357.14,357.14,,,43.63
h11_canon0905_lcd1000_x18_20260907,4351,31,1,ramp_R_D_W,14,10,619.79,729.96,619.7899780273438,720.3800048828125,2.7742858
h11_canon0905_lcd1000_x18_20260907,4351,31,1,unknown_or_exit,25,9,383.67,1846.35,543.0999755859375,613.4400024414062,44.8152
h11_canon0905_lcd1000_x18_20260907,4351,31,2,unknown_or_exit,14,0,572.48,1909.16,,,51.95214
h11_canon0905_lcd1000_x18_20260907,4351,31,3,unknown_or_exit,11,0,522.32,1786.65,,,58.681824
h11_canon0905_lcd1000_x18_20260907,4501,31,1,ramp_R_D_E,2,0,31.26,61.38,,,42.04
h11_canon0905_lcd1000_x18_20260907,4501,31,1,ramp_R_D_W,3,3,717.18,730.69,717.1799926757812,730.6900024414062,1.8633332
h11_canon0905_lcd1000_x18_20260907,4501,31,1,unknown_or_exit,32,16,185.89,1955.6,566.1699829101562,710.6799926757812,31.726562
h11_canon0905_lcd1000_x18_20260907,4501,31,2,unknown_or_exit,12,0,526.4,1797.85,,,41.544163
h11_canon0905_lcd1000_x18_20260907,4501,31,3,unknown_or_exit,7,0,873.44,1409.25,,,52.518574
h11_canon0905_lcd1000_x18_20260907,4651,31,1,ramp_R_D_E,1,0,164.54,164.54,,,42.93
h11_canon0905_lcd1000_x18_20260907,4651,31,1,unknown_or_exit,42,30,210.01,1974.71,553.3800048828125,732.5700073242188,22.321905
h11_canon0905_lcd1000_x18_20260907,4651,31,2,unknown_or_exit,9,0,391.47,1805.33,,,60.97222
h11_canon0905_lcd1000_x18_20260907,4651,31,3,unknown_or_exit,8,0,1166.46,1846.58,,,39.5875
h11_canon0905_lcd1000_x18_20260907,4801,31,1,ramp_R_D_E,1,0,148.96,148.96,,,45.7
h11_canon0905_lcd1000_x18_20260907,4801,31,1,unknown_or_exit,54,42,483.4,1948.99,483.3999938964844,732.5700073242188,21.18352
h11_canon0905_lcd1000_x18_20260907,4801,31,2,unknown_or_exit,13,0,1040.93,1978.18,,,45.840767
h11_canon0905_lcd1000_x18_20260907,4801,31,3,unknown_or_exit,4,0,1324.35,1727.11,,,104.560005
h11_canon0905_lcd1000_x18_20260907,4951,31,1,unknown_or_exit,65,48,238.99,1946.8,447.5199890136719,732.5700073242188,19.22446
h11_canon0905_lcd1000_x18_20260907,4951,31,2,unknown_or_exit,7,0,864.92,1820.98,,,48.352856
h11_canon0905_lcd1000_x18_20260907,4951,31,3,unknown_or_exit,5,0,1048.51,1780.35,,,68.534
h11_canon0905_lcd1000_x18_20260907,5101,31,1,ramp_R_D_E,1,0,246.24,246.24,,,39.27
h11_canon0905_lcd1000_x18_20260907,5101,31,1,unknown_or_exit,61,51,429.24,1954.55,429.239990234375,732.5700073242188,17.22869
h11_canon0905_lcd1000_x18_20260907,5101,31,2,unknown_or_exit,6,0,994.09,1848.39,,,77.619995
h11_canon0905_lcd1000_x18_20260907,5101,31,3,unknown_or_exit,7,0,542.95,1906.46,,,99.55857
h11_canon0905_lcd1000_x18_20260907,5251,31,1,unknown_or_exit,81,70,72.29,1987.32,298.9599914550781,732.5700073242188,12.25963
h11_canon0905_lcd1000_x18_20260907,5251,31,2,unknown_or_exit,15,0,427.4,1927.46,,,50.878002
h11_canon0905_lcd1000_x18_20260907,5251,31,3,unknown_or_exit,7,0,952.83,1987.77,,,65.37
h11_canon0905_lcd1000_x18_20260907,901,68,1,ramp_R_F_W,9,0,64.49,351.75,,,20.973333
h11_canon0905_lcd1000_x18_20260907,901,68,1,unknown_or_exit,18,0,87.45,1980.58,,,102.22389
h11_canon0905_lcd1000_x18_20260907,901,68,2,unknown_or_exit,8,0,271.85,1972.74,,,75.46125
h11_canon0905_lcd1000_x18_20260907,901,68,3,unknown_or_exit,9,0,373.24,1968.35,,,77.405556
h11_canon0905_lcd1000_x18_20260907,901,68,4,unknown_or_exit,6,0,529.18,2009.99,,,88.12333
h11_canon0905_lcd1000_x18_20260907,1051,68,1,ramp_R_F_W,7,1,194.13,312.48,194.1300048828125,194.1300048828125,19.774286
h11_canon0905_lcd1000_x18_20260907,1051,68,1,unknown_or_exit,19,0,528.83,1944.47,,,115.845795
h11_canon0905_lcd1000_x18_20260907,1051,68,2,unknown_or_exit,10,0,244.29,1961.14,,,90.559
h11_canon0905_lcd1000_x18_20260907,1051,68,3,unknown_or_exit,10,0,293.3,1823.31,,,96.130005
h11_canon0905_lcd1000_x18_20260907,1051,68,4,unknown_or_exit,9,0,674.62,1947.35,,,96.37111
h11_canon0905_lcd1000_x18_20260907,1201,68,1,ramp_R_F_W,15,7,116.3,312.43,134.72000122070312,216.32000732421875,11.21
h11_canon0905_lcd1000_x18_20260907,1201,68,1,unknown_or_exit,13,0,777.8,1779.25,,,116.54538
h11_canon0905_lcd1000_x18_20260907,1201,68,2,ramp_R_F_E,1,0,1719.07,1719.07,,,111.99
h11_canon0905_lcd1000_x18_20260907,1201,68,2,unknown_or_exit,8,0,291.86,1996.86,,,106.70125
h11_canon0905_lcd1000_x18_20260907,1201,68,3,unknown_or_exit,7,0,353.7,1816.64,,,72.19429
h11_canon0905_lcd1000_x18_20260907,1201,68,4,unknown_or_exit,7,0,510.82,1537.64,,,96.48858
h11_canon0905_lcd1000_x18_20260907,1351,68,1,ramp_R_F_E,1,0,1447.64,1447.64,,,131.52
h11_canon0905_lcd1000_x18_20260907,1351,68,1,ramp_R_F_W,9,1,171.17,292.36,171.1699981689453,171.1699981689453,18.834446
h11_canon0905_lcd1000_x18_20260907,1351,68,1,unknown_or_exit,11,0,11.64,1823.04,,,100.273636
h11_canon0905_lcd1000_x18_20260907,1351,68,2,unknown_or_exit,11,0,252.56,1937.83,,,105.49454
h11_canon0905_lcd1000_x18_20260907,1351,68,3,unknown_or_exit,5,0,425.37,1856.75,,,89.298
h11_canon0905_lcd1000_x18_20260907,1351,68,4,unknown_or_exit,5,0,1146.75,1865.22,,,67.74
h11_canon0905_lcd1000_x18_20260907,1501,68,1,ramp_R_F_E,1,0,126.02,126.02,,,60.5
h11_canon0905_lcd1000_x18_20260907,1501,68,1,ramp_R_F_W,7,0,111.54,333.56,,,46.264286
h11_canon0905_lcd1000_x18_20260907,1501,68,1,unknown_or_exit,8,0,246.2,1684.04,,,73.98375
h11_canon0905_lcd1000_x18_20260907,1501,68,2,unknown_or_exit,8,0,271.7,1246.51,,,64.62125
h11_canon0905_lcd1000_x18_20260907,1501,68,3,unknown_or_exit,6,0,448.4,1949.95,,,79.885
h11_canon0905_lcd1000_x18_20260907,1501,68,4,unknown_or_exit,8,0,300.33,1656.94,,,87.60875
h11_canon0905_lcd1000_x18_20260907,1651,68,1,ramp_R_F_W,13,4,135.14,304.75,158.27000427246094,235.33999633789062,13.443078
h11_canon0905_lcd1000_x18_20260907,1651,68,1,unknown_or_exit,11,0,442.72,2004.32,,,102.73909
h11_canon0905_lcd1000_x18_20260907,1651,68,2,unknown_or_exit,17,0,244.44,1969.12,,,86.8447
h11_canon0905_lcd1000_x18_20260907,1651,68,3,unknown_or_exit,8,0,287.7,1890.15,,,90.375
h11_canon0905_lcd1000_x18_20260907,1651,68,4,unknown_or_exit,8,0,595.71,1946.2,,,92.83125
h11_canon0905_lcd1000_x18_20260907,1801,68,1,ramp_R_F_W,21,2,39.22,276.5,96.95999908447266,200.63999938964844,12.863334
h11_canon0905_lcd1000_x18_20260907,1801,68,1,unknown_or_exit,9,0,309.54,2020.94,,,101.649994
h11_canon0905_lcd1000_x18_20260907,1801,68,2,ramp_R_F_W,1,0,343.09,343.09,,,15.34
h11_canon0905_lcd1000_x18_20260907,1801,68,2,unknown_or_exit,12,0,240.31,1882.21,,,100.70333
h11_canon0905_lcd1000_x18_20260907,1801,68,3,unknown_or_exit,8,0,237.18,1584.57,,,60.44625
h11_canon0905_lcd1000_x18_20260907,1801,68,4,unknown_or_exit,8,0,560.71,1494.72,,,68.3725
h11_canon0905_lcd1000_x18_20260907,1951,68,1,ramp_R_F_W,12,2,121.67,272.85,121.66999816894531,180.88999938964844,13.198334
h11_canon0905_lcd1000_x18_20260907,1951,68,1,unknown_or_exit,10,0,664.15,2002.42,,,96.323
h11_canon0905_lcd1000_x18_20260907,1951,68,2,unknown_or_exit,14,0,240.26,1817.41,,,90.656425
h11_canon0905_lcd1000_x18_20260907,1951,68,3,unknown_or_exit,9,0,360.35,1909.29,,,80.35667
h11_canon0905_lcd1000_x18_20260907,1951,68,4,unknown_or_exit,9,0,406.71,1831.09,,,74.03778
h11_canon0905_lcd1000_x18_20260907,2101,68,1,ramp_R_F_E,1,0,88.29,88.29,,,40.01
h11_canon0905_lcd1000_x18_20260907,2101,68,1,ramp_R_F_W,12,6,70.17,335.69,177.14999389648438,230.77000427246094,15.342502
h11_canon0905_lcd1000_x18_20260907,2101,68,1,unknown_or_exit,14,1,238.78,1907.95,238.77999877929688,238.77999877929688,98.64715
h11_canon0905_lcd1000_x18_20260907,2101,68,2,ramp_R_F_W,1,0,1753.69,1753.69,,,70.06
h11_canon0905_lcd1000_x18_20260907,2101,68,2,unknown_or_exit,14,0,278.6,1842.0,,,78.840004
h11_canon0905_lcd1000_x18_20260907,2101,68,3,unknown_or_exit,9,0,487.86,1823.31,,,90.64555
h11_canon0905_lcd1000_x18_20260907,2101,68,4,unknown_or_exit,8,0,344.74,1788.25,,,77.0775
h11_canon0905_lcd1000_x18_20260907,2251,68,1,ramp_R_F_W,14,6,136.14,311.96,136.13999938964844,228.10000610351562,12.54
h11_canon0905_lcd1000_x18_20260907,2251,68,1,unknown_or_exit,9,0,242.63,1834.41,,,105.509995
h11_canon0905_lcd1000_x18_20260907,2251,68,2,unknown_or_exit,9,0,282.02,1946.75,,,93.16333
h11_canon0905_lcd1000_x18_20260907,2251,68,3,unknown_or_exit,10,0,399.17,1935.91,,,76.244
h11_canon0905_lcd1000_x18_20260907,2251,68,4,unknown_or_exit,6,0,460.77,1682.76,,,85.11666
h11_canon0905_lcd1000_x18_20260907,2401,68,1,ramp_R_F_E,1,1,234.92,234.92,234.9199981689453,234.9199981689453,1.93
h11_canon0905_lcd1000_x18_20260907,2401,68,1,ramp_R_F_W,17,5,77.76,338.46,98.37999725341797,217.3300018310547,14.167647
h11_canon0905_lcd1000_x18_20260907,2401,68,1,unknown_or_exit,11,0,573.68,1787.55,,,115.65818
h11_canon0905_lcd1000_x18_20260907,2401,68,2,unknown_or_exit,10,0,266.89,1816.9,,,100.872
h11_canon0905_lcd1000_x18_20260907,2401,68,3,unknown_or_exit,8,0,454.29,1951.01,,,103.1125
h11_canon0905_lcd1000_x18_20260907,2401,68,4,unknown_or_exit,9,0,789.07,1730.8,,,92.14111
h11_canon0905_lcd1000_x18_20260907,2551,68,1,ramp_R_F_W,16,2,56.0,305.92,193.52999877929688,239.10000610351562,17.74
h11_canon0905_lcd1000_x18_20260907,2551,68,1,unknown_or_exit,12,0,244.28,1879.69,,,98.05833
h11_canon0905_lcd1000_x18_20260907,2551,68,2,unknown_or_exit,12,0,258.15,2014.51,,,108.16333
h11_canon0905_lcd1000_x18_20260907,2551,68,3,ramp_R_F_E,1,0,1158.01,1158.01,,,103.74
h11_canon0905_lcd1000_x18_20260907,2551,68,3,unknown_or_exit,7,0,660.67,1916.91,,,77.061424
h11_canon0905_lcd1000_x18_20260907,2551,68,4,unknown_or_exit,8,0,464.86,1785.82,,,86.8125
h11_canon0905_lcd1000_x18_20260907,2701,68,1,ramp_R_F_E,1,0,81.67,81.67,,,22.26
h11_canon0905_lcd1000_x18_20260907,2701,68,1,ramp_R_F_W,24,10,14.39,259.09,28.6200008392334,228.4199981689453,8.979583
h11_canon0905_lcd1000_x18_20260907,2701,68,1,unknown_or_exit,15,0,239.12,1920.03,,,75.66933
h11_canon0905_lcd1000_x18_20260907,2701,68,2,ramp_R_F_E,1,0,110.26,110.26,,,40.37
h11_canon0905_lcd1000_x18_20260907,2701,68,2,unknown_or_exit,13,0,382.19,1982.0,,,83.86846
h11_canon0905_lcd1000_x18_20260907,2701,68,3,unknown_or_exit,11,0,511.72,1934.24,,,61.146366
h11_canon0905_lcd1000_x18_20260907,2701,68,4,unknown_or_exit,9,0,683.38,1582.39,,,80.96334
h11_canon0905_lcd1000_x18_20260907,2851,68,1,ramp_R_F_E,1,0,224.52,224.52,,,15.78
h11_canon0905_lcd1000_x18_20260907,2851,68,1,ramp_R_F_W,7,2,197.14,350.53,197.13999938964844,211.07000732421875,19.125715
h11_canon0905_lcd1000_x18_20260907,2851,68,1,unknown_or_exit,10,0,494.43,1832.02,,,111.93101
h11_canon0905_lcd1000_x18_20260907,2851,68,2,unknown_or_exit,9,0,305.96,1797.86,,,72.57333
h11_canon0905_lcd1000_x18_20260907,2851,68,3,unknown_or_exit,7,0,526.59,1696.43,,,79.02142
h11_canon0905_lcd1000_x18_20260907,2851,68,4,unknown_or_exit,6,0,334.72,1716.07,,,101.11834
h11_canon0905_lcd1000_x18_20260907,3001,68,1,ramp_R_F_W,2,0,217.82,281.64,,,35.425
h11_canon0905_lcd1000_x18_20260907,3001,68,1,unknown_or_exit,12,0,196.15,1991.26,,,96.57166
h11_canon0905_lcd1000_x18_20260907,3001,68,2,unknown_or_exit,11,0,264.63,1849.36,,,90.83818
h11_canon0905_lcd1000_x18_20260907,3001,68,3,unknown_or_exit,6,0,591.28,1716.92,,,84.025
h11_canon0905_lcd1000_x18_20260907,3001,68,4,unknown_or_exit,8,0,459.31,1660.77,,,82.79125
h11_canon0905_lcd1000_x18_20260907,3151,68,1,ramp_R_F_W,21,8,52.6,295.29,82.11000061035156,215.4600067138672,10.56
h11_canon0905_lcd1000_x18_20260907,3151,68,1,unknown_or_exit,11,0,334.69,1764.33,,,107.88545
h11_canon0905_lcd1000_x18_20260907,3151,68,2,unknown_or_exit,10,0,262.86,2006.78,,,102.638
h11_canon0905_lcd1000_x18_20260907,3151,68,3,unknown_or_exit,10,0,342.54,1906.96,,,77.54401
h11_canon0905_lcd1000_x18_20260907,3151,68,4,unknown_or_exit,7,0,812.95,1807.41,,,70.50714
h11_canon0905_lcd1000_x18_20260907,3301,68,1,ramp_R_F_W,8,1,179.68,288.27,217.22000122070312,217.22000122070312,15.884999
h11_canon0905_lcd1000_x18_20260907,3301,68,1,unknown_or_exit,12,0,449.37,1813.53,,,106.305824
h11_canon0905_lcd1000_x18_20260907,3301,68,2,unknown_or_exit,11,0,237.37,1731.05,,,84.88636
h11_canon0905_lcd1000_x18_20260907,3301,68,3,unknown_or_exit,5,0,347.93,1901.76,,,58.536
h11_canon0905_lcd1000_x18_20260907,3301,68,4,unknown_or_exit,4,0,357.07,1493.01,,,112.48499
h11_canon0905_lcd1000_x18_20260907,3451,68,1,ramp_R_F_E,1,0,1590.49,1590.49,,,89.63
h11_canon0905_lcd1000_x18_20260907,3451,68,1,ramp_R_F_W,1,0,159.01,159.01,,,42.19
h11_canon0905_lcd1000_x18_20260907,3451,68,1,unknown_or_exit,16,0,259.1,1815.65,,,78.41
h11_canon0905_lcd1000_x18_20260907,3451,68,2,unknown_or_exit,11,0,290.02,1995.04,,,89.97546
h11_canon0905_lcd1000_x18_20260907,3451,68,3,unknown_or_exit,14,0,764.07,1982.93,,,88.843575
h11_canon0905_lcd1000_x18_20260907,3451,68,4,unknown_or_exit,9,0,386.6,1730.0,,,82.101105
h11_canon0905_lcd1000_x18_20260907,3601,68,1,ramp_R_F_W,17,4,73.68,269.33,147.6999969482422,223.67999267578125,11.652352
h11_canon0905_lcd1000_x18_20260907,3601,68,1,unknown_or_exit,16,0,486.84,1949.34,,,85.430626
h11_canon0905_lcd1000_x18_20260907,3601,68,2,unknown_or_exit,7,0,243.26,1897.4,,,63.28714
h11_canon0905_lcd1000_x18_20260907,3601,68,3,unknown_or_exit,11,0,322.96,1937.92,,,91.744545
h11_canon0905_lcd1000_x18_20260907,3601,68,4,unknown_or_exit,11,0,835.42,1984.41,,,74.72819
h11_canon0905_lcd1000_x18_20260907,3751,68,1,ramp_R_F_E,1,1,112.9,112.9,112.9000015258789,112.9000015258789,0.0
h11_canon0905_lcd1000_x18_20260907,3751,68,1,ramp_R_F_W,17,7,96.51,270.49,96.51000213623047,218.8800048828125,9.4123535
h11_canon0905_lcd1000_x18_20260907,3751,68,1,unknown_or_exit,20,0,486.82,2000.92,,,83.86951
h11_canon0905_lcd1000_x18_20260907,3751,68,2,unknown_or_exit,21,0,246.03,2002.59,,,81.97381
h11_canon0905_lcd1000_x18_20260907,3751,68,3,unknown_or_exit,7,0,409.11,1906.2,,,82.79286
h11_canon0905_lcd1000_x18_20260907,3751,68,4,unknown_or_exit,5,0,667.55,1786.22,,,77.81801
h11_canon0905_lcd1000_x18_20260907,3901,68,1,ramp_R_F_W,13,3,115.97,261.55,214.02999877929688,236.85000610351562,10.993846
h11_canon0905_lcd1000_x18_20260907,3901,68,1,unknown_or_exit,20,0,242.12,1970.29,,,80.2115
h11_canon0905_lcd1000_x18_20260907,3901,68,2,unknown_or_exit,11,0,359.79,1802.56,,,80.44546
h11_canon0905_lcd1000_x18_20260907,3901,68,3,ramp_R_F_E,1,0,1520.37,1520.37,,,58.71
h11_canon0905_lcd1000_x18_20260907,3901,68,3,unknown_or_exit,10,0,374.52,1906.33,,,68.543
h11_canon0905_lcd1000_x18_20260907,3901,68,4,unknown_or_exit,6,0,732.15,1828.47,,,76.151665
h11_canon0905_lcd1000_x18_20260907,4051,68,1,ramp_R_F_W,23,10,56.22,341.14,56.220001220703125,341.1400146484375,9.738696
h11_canon0905_lcd1000_x18_20260907,4051,68,1,unknown_or_exit,13,0,574.89,1950.61,,,91.33923
h11_canon0905_lcd1000_x18_20260907,4051,68,2,unknown_or_exit,11,0,288.83,1978.33,,,102.630005
h11_canon0905_lcd1000_x18_20260907,4051,68,3,unknown_or_exit,8,0,315.27,1697.03,,,63.46875
h11_canon0905_lcd1000_x18_20260907,4051,68,4,unknown_or_exit,7,0,501.25,1544.33,,,64.755714
h11_canon0905_lcd1000_x18_20260907,4201,68,1,ramp_R_F_W,25,10,80.69,344.41,80.69000244140625,270.2900085449219,8.7752
h11_canon0905_lcd1000_x18_20260907,4201,68,1,unknown_or_exit,15,0,242.94,1903.52,,,80.576004
h11_canon0905_lcd1000_x18_20260907,4201,68,2,unknown_or_exit,4,0,402.45,1762.23,,,101.5275
h11_canon0905_lcd1000_x18_20260907,4201,68,3,unknown_or_exit,7,0,262.07,1804.49,,,63.24572
h11_canon0905_lcd1000_x18_20260907,4201,68,4,unknown_or_exit,7,0,473.76,1669.36,,,95.778564
h11_canon0905_lcd1000_x18_20260907,4351,68,1,unknown_or_exit,17,0,250.14,1998.93,,,79.027054
h11_canon0905_lcd1000_x18_20260907,4351,68,2,unknown_or_exit,10,0,284.69,2019.88,,,88.880005
h11_canon0905_lcd1000_x18_20260907,4351,68,3,unknown_or_exit,6,0,427.96,1927.64,,,92.82
h11_canon0905_lcd1000_x18_20260907,4351,68,4,unknown_or_exit,6,0,805.3,1907.75,,,101.886665
h11_canon0905_lcd1000_x18_20260907,4501,68,1,ramp_R_F_W,7,2,187.56,299.49,210.5,245.30999755859375,14.721429
h11_canon0905_lcd1000_x18_20260907,4501,68,1,unknown_or_exit,12,0,593.99,1891.69,,,77.44333
h11_canon0905_lcd1000_x18_20260907,4501,68,2,unknown_or_exit,8,0,260.67,1895.37,,,72.91499
h11_canon0905_lcd1000_x18_20260907,4501,68,3,unknown_or_exit,10,0,465.63,1868.16,,,102.410995
h11_canon0905_lcd1000_x18_20260907,4501,68,4,unknown_or_exit,9,0,763.76,1896.31,,,104.19444
h11_canon0905_lcd1000_x18_20260907,4651,68,1,ramp_R_F_W,16,1,102.27,275.28,224.3300018310547,224.3300018310547,14.0225
h11_canon0905_lcd1000_x18_20260907,4651,68,1,unknown_or_exit,7,0,724.74,1864.18,,,90.202866
h11_canon0905_lcd1000_x18_20260907,4651,68,2,unknown_or_exit,10,0,240.28,1794.89,,,79.7
h11_canon0905_lcd1000_x18_20260907,4651,68,3,unknown_or_exit,12,0,346.16,1814.67,,,71.10833
h11_canon0905_lcd1000_x18_20260907,4651,68,4,unknown_or_exit,7,0,367.24,1559.89,,,66.53857
h11_canon0905_lcd1000_x18_20260907,4801,68,1,ramp_R_F_W,6,1,199.67,299.75,231.38999938964844,231.38999938964844,21.306665
h11_canon0905_lcd1000_x18_20260907,4801,68,1,unknown_or_exit,6,0,909.28,1994.02,,,125.399994
h11_canon0905_lcd1000_x18_20260907,4801,68,2,unknown_or_exit,4,0,245.98,1103.57,,,43.5625
h11_canon0905_lcd1000_x18_20260907,4801,68,3,unknown_or_exit,8,0,554.19,1890.91,,,91.07625
h11_canon0905_lcd1000_x18_20260907,4801,68,4,unknown_or_exit,6,0,588.39,1926.13,,,94.02834
h11_canon0905_lcd1000_x18_20260907,4951,68,1,ramp_R_F_W,5,0,222.39,350.27,,,32.618004
h11_canon0905_lcd1000_x18_20260907,4951,68,1,unknown_or_exit,11,0,625.24,1850.81,,,97.47818
h11_canon0905_lcd1000_x18_20260907,4951,68,2,unknown_or_exit,6,0,486.33,1923.41,,,78.65
h11_canon0905_lcd1000_x18_20260907,4951,68,3,unknown_or_exit,8,0,328.41,1905.55,,,88.95
h11_canon0905_lcd1000_x18_20260907,4951,68,4,unknown_or_exit,6,0,444.15,1787.85,,,74.48333
h11_canon0905_lcd1000_x18_20260907,5101,68,1,ramp_R_F_W,9,1,170.9,300.66,184.44000244140625,184.44000244140625,19.51
h11_canon0905_lcd1000_x18_20260907,5101,68,1,unknown_or_exit,11,1,242.92,1986.79,242.9199981689453,242.9199981689453,97.444534
h11_canon0905_lcd1000_x18_20260907,5101,68,2,unknown_or_exit,11,0,264.5,1948.63,,,91.678185
h11_canon0905_lcd1000_x18_20260907,5101,68,3,unknown_or_exit,10,0,364.62,1910.93,,,94.824
h11_canon0905_lcd1000_x18_20260907,5101,68,4,unknown_or_exit,6,0,484.2,1565.87,,,65.48
h11_canon0905_lcd1000_x18_20260907,5251,68,1,ramp_R_F_W,6,0,204.99,328.47,,,26.828333
h11_canon0905_lcd1000_x18_20260907,5251,68,1,unknown_or_exit,9,0,239.12,1591.12,,,91.39777
h11_canon0905_lcd1000_x18_20260907,5251,68,2,unknown_or_exit,10,0,280.66,1812.17,,,97.142006
h11_canon0905_lcd1000_x18_20260907,5251,68,3,unknown_or_exit,7,0,394.61,1735.49,,,75.347145
h11_canon0905_lcd1000_x18_20260907,5251,68,4,unknown_or_exit,7,0,902.42,1769.28,,,76.69
h11_canon0905_lcd1000_x18_20260907,901,69,1,ramp_R_F_W,16,0,72.88,1598.08,,,37.92875
h11_canon0905_lcd1000_x18_20260907,901,69,1,signal_or_other,3,0,1149.58,1573.91,,,39.300003
h11_canon0905_lcd1000_x18_20260907,901,69,2,ramp_R_F_W,4,0,166.42,462.9,,,43.9525
h11_canon0905_lcd1000_x18_20260907,901,69,2,signal_or_other,1,0,792.27,792.27,,,47.32
h11_canon0905_lcd1000_x18_20260907,901,69,3,ramp_R_F_W,4,0,33.85,614.25,,,43.42
h11_canon0905_lcd1000_x18_20260907,901,69,3,signal_or_other,1,0,296.63,296.63,,,44.26
h11_canon0905_lcd1000_x18_20260907,901,69,4,ramp_R_F_W,2,0,60.24,302.88,,,43.28
h11_canon0905_lcd1000_x18_20260907,901,69,4,signal_or_other,1,0,174.33,174.33,,,36.26
h11_canon0905_lcd1000_x18_20260907,1051,69,1,ramp_R_F_W,32,0,211.93,1635.34,,,34.297188
h11_canon0905_lcd1000_x18_20260907,1051,69,1,signal_or_other,8,0,97.7,1560.44,,,36.791252
h11_canon0905_lcd1000_x18_20260907,1051,69,2,ramp_R_F_W,4,0,132.74,776.56,,,41.345
h11_canon0905_lcd1000_x18_20260907,1051,69,2,signal_or_other,4,0,233.6,1056.39,,,43.0625
h11_canon0905_lcd1000_x18_20260907,1051,69,3,ramp_R_F_W,6,0,81.15,807.46,,,43.016666
h11_canon0905_lcd1000_x18_20260907,1051,69,3,signal_or_other,1,0,751.75,751.75,,,43.41
h11_canon0905_lcd1000_x18_20260907,1051,69,4,ramp_R_F_W,5,0,286.96,706.51,,,38.528
h11_canon0905_lcd1000_x18_20260907,1051,69,4,signal_or_other,1,0,200.47,200.47,,,46.37
h11_canon0905_lcd1000_x18_20260907,1201,69,1,ramp_R_F_W,29,0,103.47,1647.41,,,37.07
h11_canon0905_lcd1000_x18_20260907,1201,69,1,signal_or_other,8,0,215.58,1744.17,,,40.837498
h11_canon0905_lcd1000_x18_20260907,1201,69,2,ramp_R_F_W,5,0,27.68,816.3,,,42.488
h11_canon0905_lcd1000_x18_20260907,1201,69,2,signal_or_other,4,0,218.19,1161.27,,,41.1825
h11_canon0905_lcd1000_x18_20260907,1201,69,3,ramp_R_F_W,7,0,27.52,767.31,,,39.237144
h11_canon0905_lcd1000_x18_20260907,1201,69,3,signal_or_other,2,0,136.53,1228.71,,,42.725
h11_canon0905_lcd1000_x18_20260907,1201,69,4,ramp_R_F_W,4,0,52.86,425.19,,,42.4
h11_canon0905_lcd1000_x18_20260907,1201,69,4,signal_or_other,3,0,262.12,1388.91,,,39.670002
h11_canon0905_lcd1000_x18_20260907,1351,69,1,ramp_R_F_W,43,0,111.54,1725.18,,,29.535114
h11_canon0905_lcd1000_x18_20260907,1351,69,1,signal_or_other,9,0,312.95,1739.55,,,30.794443
h11_canon0905_lcd1000_x18_20260907,1351,69,2,ramp_R_F_W,11,0,103.71,1497.75,,,42.066364
h11_canon0905_lcd1000_x18_20260907,1351,69,2,signal_or_other,5,0,165.82,1598.22,,,40.073997
h11_canon0905_lcd1000_x18_20260907,1351,69,3,ramp_R_F_W,6,0,133.29,888.86,,,40.498337
h11_canon0905_lcd1000_x18_20260907,1351,69,3,signal_or_other,5,0,805.43,1633.08,,,41.416
h11_canon0905_lcd1000_x18_20260907,1351,69,4,ramp_R_F_W,5,0,32.87,798.36,,,42.415997
h11_canon0905_lcd1000_x18_20260907,1351,69,4,signal_or_other,3,0,257.29,456.06,,,42.62
h11_canon0905_lcd1000_x18_20260907,1501,69,1,ramp_R_F_W,31,0,225.21,1739.55,,,34.15355
h11_canon0905_lcd1000_x18_20260907,1501,69,1,signal_or_other,7,0,30.94,1665.34,,,39.447144
h11_canon0905_lcd1000_x18_20260907,1501,69,2,ramp_R_F_W,7,0,11.0,790.96,,,43.15429
h11_canon0905_lcd1000_x18_20260907,1501,69,2,signal_or_other,2,0,348.83,1453.54,,,41.425
h11_canon0905_lcd1000_x18_20260907,1501,69,3,ramp_R_F_W,7,0,121.83,756.65,,,42.594288
h11_canon0905_lcd1000_x18_20260907,1501,69,3,signal_or_other,2,0,21.23,488.97,,,40.739998
h11_canon0905_lcd1000_x18_20260907,1501,69,4,ramp_R_F_W,6,0,45.49,690.16,,,39.84833
h11_canon0905_lcd1000_x18_20260907,1501,69,4,signal_or_other,3,0,2.25,534.32,,,38.186665
h11_canon0905_lcd1000_x18_20260907,1651,69,1,ramp_R_F_W,30,0,33.4,1738.68,,,35.969
h11_canon0905_lcd1000_x18_20260907,1651,69,1,signal_or_other,6,0,333.26,1690.23,,,39.175
h11_canon0905_lcd1000_x18_20260907,1651,69,2,ramp_R_F_W,1,0,530.05,530.05,,,40.06
h11_canon0905_lcd1000_x18_20260907,1651,69,2,signal_or_other,5,0,263.04,968.88,,,40.418
h11_canon0905_lcd1000_x18_20260907,1651,69,3,ramp_R_F_W,4,0,109.81,521.54,,,41.68
h11_canon0905_lcd1000_x18_20260907,1651,69,3,signal_or_other,3,0,624.13,1610.06,,,42.789997
h11_canon0905_lcd1000_x18_20260907,1651,69,4,ramp_R_F_W,4,0,260.39,716.52,,,40.0725
h11_canon0905_lcd1000_x18_20260907,1651,69,4,signal_or_other,2,0,637.57,1556.97,,,38.17
h11_canon0905_lcd1000_x18_20260907,1801,69,1,ramp_R_F_W,25,0,163.84,1738.81,,,35.4416
h11_canon0905_lcd1000_x18_20260907,1801,69,1,signal_or_other,12,0,4.99,1663.33,,,34.735
h11_canon0905_lcd1000_x18_20260907,1801,69,2,ramp_R_F_W,7,0,109.21,1314.63,,,39.728573
h11_canon0905_lcd1000_x18_20260907,1801,69,2,signal_or_other,4,0,370.17,1254.36,,,42.420002
h11_canon0905_lcd1000_x18_20260907,1801,69,3,ramp_R_F_W,3,0,55.55,386.68,,,41.59
h11_canon0905_lcd1000_x18_20260907,1801,69,3,signal_or_other,4,0,290.25,1651.18,,,43.8475
h11_canon0905_lcd1000_x18_20260907,1801,69,4,ramp_R_F_W,4,0,132.31,495.89,,,42.22
h11_canon0905_lcd1000_x18_20260907,1801,69,4,signal_or_other,2,0,1.12,574.04,,,43.46
h11_canon0905_lcd1000_x18_20260907,1951,69,1,ramp_R_F_W,32,0,129.1,1722.06,,,40.399998
h11_canon0905_lcd1000_x18_20260907,1951,69,1,signal_or_other,10,0,36.66,1561.39,,,39.157
h11_canon0905_lcd1000_x18_20260907,1951,69,2,ramp_R_F_W,5,0,150.97,1295.68,,,44.145996
h11_canon0905_lcd1000_x18_20260907,1951,69,2,signal_or_other,6,0,39.62,1269.86,,,42.513332
h11_canon0905_lcd1000_x18_20260907,1951,69,3,ramp_R_F_W,3,0,181.88,423.73,,,42.013332
h11_canon0905_lcd1000_x18_20260907,1951,69,3,signal_or_other,8,0,75.36,1210.5,,,42.92375
h11_canon0905_lcd1000_x18_20260907,1951,69,4,ramp_R_F_W,3,0,124.91,595.15,,,35.923332
h11_canon0905_lcd1000_x18_20260907,1951,69,4,signal_or_other,4,0,238.32,909.81,,,35.697502
h11_canon0905_lcd1000_x18_20260907,2101,69,1,ramp_R_F_W,39,0,172.91,1702.14,,,35.16051
h11_canon0905_lcd1000_x18_20260907,2101,69,1,signal_or_other,7,0,401.18,1788.92,,,36.760002
h11_canon0905_lcd1000_x18_20260907,2101,69,2,ramp_R_F_W,5,0,46.06,953.48,,,39.484
h11_canon0905_lcd1000_x18_20260907,2101,69,2,signal_or_other,4,0,456.54,927.26,,,42.805
h11_canon0905_lcd1000_x18_20260907,2101,69,3,ramp_R_F_W,5,0,143.34,711.58,,,40.407997
h11_canon0905_lcd1000_x18_20260907,2101,69,3,signal_or_other,2,0,457.88,968.45,,,41.68
h11_canon0905_lcd1000_x18_20260907,2101,69,4,ramp_R_F_W,3,0,136.67,686.9,,,36.26
h11_canon0905_lcd1000_x18_20260907,2101,69,4,signal_or_other,3,0,294.34,1271.07,,,38.286667
h11_canon0905_lcd1000_x18_20260907,2251,69,1,ramp_R_F_W,27,0,331.64,1720.83,,,38.446293
h11_canon0905_lcd1000_x18_20260907,2251,69,1,signal_or_other,9,0,45.65,1609.8,,,41.06222
h11_canon0905_lcd1000_x18_20260907,2251,69,2,ramp_R_F_W,8,0,115.61,995.72,,,39.0875
h11_canon0905_lcd1000_x18_20260907,2251,69,2,signal_or_other,2,0,766.99,1059.96,,,40.77
h11_canon0905_lcd1000_x18_20260907,2251,69,3,ramp_R_F_W,9,0,88.04,783.43,,,41.56555
h11_canon0905_lcd1000_x18_20260907,2251,69,3,signal_or_other,3,0,166.85,1098.08,,,40.73
h11_canon0905_lcd1000_x18_20260907,2251,69,4,ramp_R_F_W,1,0,126.69,126.69,,,29.08
h11_canon0905_lcd1000_x18_20260907,2251,69,4,signal_or_other,3,0,45.23,458.87,,,35.523335
h11_canon0905_lcd1000_x18_20260907,2401,69,1,ramp_R_F_W,26,0,76.14,1540.01,,,37.068844
h11_canon0905_lcd1000_x18_20260907,2401,69,1,signal_or_other,10,0,177.37,1721.81,,,34.256
h11_canon0905_lcd1000_x18_20260907,2401,69,2,ramp_R_F_W,5,0,266.73,818.03,,,38.28
h11_canon0905_lcd1000_x18_20260907,2401,69,2,signal_or_other,5,0,65.95,1404.42,,,41.333996
h11_canon0905_lcd1000_x18_20260907,2401,69,3,ramp_R_F_W,5,0,103.7,630.04,,,42.764
h11_canon0905_lcd1000_x18_20260907,2401,69,3,signal_or_other,6,0,38.75,1509.45,,,39.673336
h11_canon0905_lcd1000_x18_20260907,2401,69,4,ramp_R_F_W,5,0,62.36,756.07,,,39.733997
h11_canon0905_lcd1000_x18_20260907,2401,69,4,signal_or_other,3,0,144.8,735.17,,,40.406666
h11_canon0905_lcd1000_x18_20260907,2551,69,1,ramp_R_F_W,40,0,27.88,1737.28,,,35.622997
h11_canon0905_lcd1000_x18_20260907,2551,69,1,signal_or_other,8,0,342.33,1683.34,,,40.00375
h11_canon0905_lcd1000_x18_20260907,2551,69,2,ramp_R_F_W,9,0,122.7,1441.02,,,38.59778
h11_canon0905_lcd1000_x18_20260907,2551,69,2,signal_or_other,4,0,186.25,1014.01,,,38.5825
h11_canon0905_lcd1000_x18_20260907,2551,69,3,ramp_R_F_W,4,0,140.38,471.35,,,42.497498
h11_canon0905_lcd1000_x18_20260907,2551,69,3,signal_or_other,6,0,344.49,1236.94,,,39.735
h11_canon0905_lcd1000_x18_20260907,2551,69,4,ramp_R_F_W,5,0,169.69,519.35,,,37.924
h11_canon0905_lcd1000_x18_20260907,2551,69,4,signal_or_other,1,0,357.66,357.66,,,40.9
h11_canon0905_lcd1000_x18_20260907,2701,69,1,ramp_R_F_W,36,0,88.7,1734.71,,,37.50222
h11_canon0905_lcd1000_x18_20260907,2701,69,1,signal_or_other,5,0,346.8,1580.7,,,34.582
h11_canon0905_lcd1000_x18_20260907,2701,69,2,ramp_R_F_W,7,0,137.72,922.58,,,41.647144
h11_canon0905_lcd1000_x18_20260907,2701,69,2,signal_or_other,3,0,8.45,725.87,,,38.3
h11_canon0905_lcd1000_x18_20260907,2701,69,3,ramp_R_F_W,6,0,67.57,661.01,,,42.508335
h11_canon0905_lcd1000_x18_20260907,2701,69,3,signal_or_other,6,0,167.8,1715.26,,,42.875
h11_canon0905_lcd1000_x18_20260907,2701,69,4,ramp_R_F_W,3,0,110.2,736.72,,,38.213333
h11_canon0905_lcd1000_x18_20260907,2701,69,4,signal_or_other,2,0,290.41,328.43,,,34.18
h11_canon0905_lcd1000_x18_20260907,2851,69,1,ramp_R_F_W,35,0,63.95,1735.1,,,39.008854
h11_canon0905_lcd1000_x18_20260907,2851,69,1,signal_or_other,1,0,1603.79,1603.79,,,41.25
h11_canon0905_lcd1000_x18_20260907,2851,69,2,ramp_R_F_W,8,0,109.94,1077.92,,,39.85125
h11_canon0905_lcd1000_x18_20260907,2851,69,2,signal_or_other,5,0,1026.47,1672.9,,,35.838
h11_canon0905_lcd1000_x18_20260907,2851,69,3,ramp_R_F_W,6,0,259.91,754.45,,,40.013332
h11_canon0905_lcd1000_x18_20260907,2851,69,3,signal_or_other,4,0,141.81,1708.73,,,40.665
h11_canon0905_lcd1000_x18_20260907,2851,69,4,ramp_R_F_W,5,0,158.05,762.94,,,37.982
h11_canon0905_lcd1000_x18_20260907,2851,69,4,signal_or_other,3,0,16.26,1587.69,,,36.056667
h11_canon0905_lcd1000_x18_20260907,3001,69,1,ramp_R_F_W,25,0,46.29,1664.34,,,36.6944
h11_canon0905_lcd1000_x18_20260907,3001,69,1,signal_or_other,6,0,139.25,1732.66,,,38.075
h11_canon0905_lcd1000_x18_20260907,3001,69,2,ramp_R_F_W,7,0,61.07,789.33,,,40.205715
h11_canon0905_lcd1000_x18_20260907,3001,69,2,signal_or_other,3,0,23.95,1164.75,,,40.643337
h11_canon0905_lcd1000_x18_20260907,3001,69,3,ramp_R_F_W,7,0,1.27,698.78,,,42.71571
h11_canon0905_lcd1000_x18_20260907,3001,69,3,signal_or_other,2,0,169.36,856.28,,,40.265
h11_canon0905_lcd1000_x18_20260907,3001,69,4,ramp_R_F_W,6,0,135.85,736.46,,,38.97167
h11_canon0905_lcd1000_x18_20260907,3001,69,4,signal_or_other,3,0,32.28,1399.35,,,39.11667
h11_canon0905_lcd1000_x18_20260907,3151,69,1,ramp_R_F_W,32,0,101.71,1586.94,,,32.36656
h11_canon0905_lcd1000_x18_20260907,3151,69,1,signal_or_other,5,0,1123.24,1669.9,,,32.016
h11_canon0905_lcd1000_x18_20260907,3151,69,2,ramp_R_F_W,5,0,17.42,881.05,,,43.348
h11_canon0905_lcd1000_x18_20260907,3151,69,2,signal_or_other,5,0,565.69,1312.26,,,35.468
h11_canon0905_lcd1000_x18_20260907,3151,69,3,ramp_R_F_W,3,0,0.92,739.79,,,39.563335
h11_canon0905_lcd1000_x18_20260907,3151,69,3,signal_or_other,1,0,546.84,546.84,,,41.27
h11_canon0905_lcd1000_x18_20260907,3151,69,4,ramp_R_F_W,3,0,63.77,737.06,,,40.88
h11_canon0905_lcd1000_x18_20260907,3151,69,4,signal_or_other,3,0,304.01,1089.41,,,37.41
h11_canon0905_lcd1000_x18_20260907,3301,69,1,ramp_R_F_W,24,0,240.82,1725.86,,,29.317917
h11_canon0905_lcd1000_x18_20260907,3301,69,1,signal_or_other,10,0,88.89,1563.87,,,33.601
h11_canon0905_lcd1000_x18_20260907,3301,69,2,ramp_R_F_W,5,0,326.77,789.09,,,39.904
h11_canon0905_lcd1000_x18_20260907,3301,69,2,signal_or_other,3,0,140.3,1507.65,,,41.190002
h11_canon0905_lcd1000_x18_20260907,3301,69,3,ramp_R_F_W,3,0,311.64,559.68,,,43.55
h11_canon0905_lcd1000_x18_20260907,3301,69,3,signal_or_other,2,0,118.26,982.46,,,42.615
h11_canon0905_lcd1000_x18_20260907,3301,69,4,ramp_R_F_W,4,0,26.73,674.44,,,44.0375
h11_canon0905_lcd1000_x18_20260907,3301,69,4,signal_or_other,1,0,424.89,424.89,,,45.98
h11_canon0905_lcd1000_x18_20260907,3451,69,1,ramp_R_F_W,23,0,41.52,1691.84,,,40.028255
h11_canon0905_lcd1000_x18_20260907,3451,69,1,signal_or_other,4,0,194.3,1729.63,,,42.745003
h11_canon0905_lcd1000_x18_20260907,3451,69,2,ramp_R_F_W,6,0,135.41,691.31,,,42.101665
h11_canon0905_lcd1000_x18_20260907,3451,69,2,signal_or_other,2,0,904.58,1186.71,,,43.77
h11_canon0905_lcd1000_x18_20260907,3451,69,3,ramp_R_F_W,8,0,152.75,784.86,,,39.97625
h11_canon0905_lcd1000_x18_20260907,3451,69,3,signal_or_other,3,0,1177.47,1710.84,,,42.193333
h11_canon0905_lcd1000_x18_20260907,3451,69,4,ramp_R_F_W,6,0,233.02,709.71,,,41.763332
h11_canon0905_lcd1000_x18_20260907,3451,69,4,signal_or_other,1,0,131.73,131.73,,,41.31
h11_canon0905_lcd1000_x18_20260907,3601,69,1,ramp_R_F_W,45,19,164.6,1733.6,1619.72998046875,1733.5999755859375,21.302666
h11_canon0905_lcd1000_x18_20260907,3601,69,1,signal_or_other,8,3,87.06,1739.81,1614.4599609375,1739.81005859375,20.6375
h11_canon0905_lcd1000_x18_20260907,3601,69,2,ramp_R_F_W,4,0,80.51,559.79,,,42.219997
h11_canon0905_lcd1000_x18_20260907,3601,69,2,signal_or_other,2,0,171.01,1079.49,,,38.21
h11_canon0905_lcd1000_x18_20260907,3601,69,3,ramp_R_F_W,4,0,124.05,548.42,,,43.655
h11_canon0905_lcd1000_x18_20260907,3601,69,3,signal_or_other,2,0,876.19,1769.18,,,41.68
h11_canon0905_lcd1000_x18_20260907,3601,69,4,ramp_R_F_W,1,0,720.35,720.35,,,43.23
h11_canon0905_lcd1000_x18_20260907,3601,69,4,signal_or_other,2,0,241.75,386.1,,,42.7
h11_canon0905_lcd1000_x18_20260907,3601,69,4,unknown_or_exit,1,0,120.3,120.3,,,33.42
h11_canon0905_lcd1000_x18_20260907,3751,69,1,ramp_R_F_W,54,54,1343.28,1733.6,1343.280029296875,1733.5999755859375,0.0
h11_canon0905_lcd1000_x18_20260907,3751,69,1,signal_or_other,11,11,1355.36,1739.81,1355.3599853515625,1739.81005859375,0.0
h11_canon0905_lcd1000_x18_20260907,3751,69,1,unknown_or_exit,23,8,140.92,1337.46,1291.3699951171875,1337.4599609375,25.832607
h11_canon0905_lcd1000_x18_20260907,3751,69,2,signal_or_other,1,0,1586.5,1586.5,,,16.84
h11_canon0905_lcd1000_x18_20260907,3751,69,2,unknown_or_exit,4,0,57.09,693.52,,,40.4375
h11_canon0905_lcd1000_x18_20260907,3751,69,3,unknown_or_exit,2,0,154.4,382.69,,,34.705
h11_canon0905_lcd1000_x18_20260907,3751,69,4,unknown_or_exit,3,0,207.25,676.11,,,38.98
h11_canon0905_lcd1000_x18_20260907,3901,69,1,ramp_R_F_W,54,54,1343.28,1733.6,1343.280029296875,1733.5999755859375,0.0
h11_canon0905_lcd1000_x18_20260907,3901,69,1,signal_or_other,14,11,69.24,1739.81,1355.3599853515625,1739.81005859375,9.024285
h11_canon0905_lcd1000_x18_20260907,3901,69,1,unknown_or_exit,59,46,203.07,1337.46,1033.1400146484375,1337.4599609375,7.3069496
h11_canon0905_lcd1000_x18_20260907,3901,69,2,ramp_R_F_W,2,0,133.94,1191.16,,,26.439999
h11_canon0905_lcd1000_x18_20260907,3901,69,2,signal_or_other,4,0,204.89,1205.01,,,37.735
h11_canon0905_lcd1000_x18_20260907,3901,69,2,unknown_or_exit,3,0,227.58,776.73,,,39.166668
h11_canon0905_lcd1000_x18_20260907,3901,69,3,signal_or_other,3,0,219.97,1656.54,,,43.123333
h11_canon0905_lcd1000_x18_20260907,3901,69,3,unknown_or_exit,2,0,132.78,484.49,,,33.77
h11_canon0905_lcd1000_x18_20260907,3901,69,4,ramp_R_F_W,3,0,197.3,600.98,,,42.936665
h11_canon0905_lcd1000_x18_20260907,3901,69,4,signal_or_other,2,0,83.77,1735.68,,,43.21
h11_canon0905_lcd1000_x18_20260907,3901,69,4,unknown_or_exit,2,0,27.63,758.02,,,40.575
h11_canon0905_lcd1000_x18_20260907,4051,69,1,ramp_R_F_W,54,54,1343.28,1733.6,1343.280029296875,1733.5999755859375,0.0
h11_canon0905_lcd1000_x18_20260907,4051,69,1,signal_or_other,12,11,181.29,1739.81,1355.3599853515625,1739.81005859375,3.6766665
h11_canon0905_lcd1000_x18_20260907,4051,69,1,unknown_or_exit,74,71,36.57,1337.46,862.0900268554688,1337.4599609375,1.729054
h11_canon0905_lcd1000_x18_20260907,4051,69,2,ramp_R_F_W,6,0,1111.51,1731.07,,,14.6449995
h11_canon0905_lcd1000_x18_20260907,4051,69,2,signal_or_other,10,0,1160.73,1706.07,,,13.726001
h11_canon0905_lcd1000_x18_20260907,4051,69,2,unknown_or_exit,3,0,131.4,578.64,,,44.73
h11_canon0905_lcd1000_x18_20260907,4051,69,3,signal_or_other,1,0,761.51,761.51,,,42.66
h11_canon0905_lcd1000_x18_20260907,4051,69,3,unknown_or_exit,2,0,151.64,499.54,,,41.440002
h11_canon0905_lcd1000_x18_20260907,4051,69,4,ramp_R_F_W,1,0,299.29,299.29,,,44.93
h11_canon0905_lcd1000_x18_20260907,4051,69,4,signal_or_other,1,0,577.42,577.42,,,44.12
h11_canon0905_lcd1000_x18_20260907,4051,69,4,unknown_or_exit,1,0,56.49,56.49,,,42.16
h11_canon0905_lcd1000_x18_20260907,4201,69,1,ramp_R_F_W,25,10,1358.28,1721.53,1522.7900390625,1697.6700439453125,11.777599
h11_canon0905_lcd1000_x18_20260907,4201,69,1,signal_or_other,7,4,1390.1,1738.73,1517.18994140625,1738.72998046875,11.815715
h11_canon0905_lcd1000_x18_20260907,4201,69,1,unknown_or_exit,87,82,3.37,1342.44,791.4500122070312,1331.8599853515625,1.9485058
h11_canon0905_lcd1000_x18_20260907,4201,69,2,ramp_R_F_W,3,0,459.93,1308.67,,,24.513334
h11_canon0905_lcd1000_x18_20260907,4201,69,2,signal_or_other,7,0,70.78,1685.56,,,27.597143
h11_canon0905_lcd1000_x18_20260907,4201,69,2,unknown_or_exit,12,0,710.43,1250.43,,,17.919167
h11_canon0905_lcd1000_x18_20260907,4201,69,3,ramp_R_F_W,3,0,147.97,626.12,,,44.056667
h11_canon0905_lcd1000_x18_20260907,4201,69,3,signal_or_other,1,0,1183.13,1183.13,,,45.36
h11_canon0905_lcd1000_x18_20260907,4201,69,4,signal_or_other,3,0,532.76,1561.32,,,40.873333
h11_canon0905_lcd1000_x18_20260907,4201,69,4,unknown_or_exit,2,0,68.42,317.39,,,42.765
h11_canon0905_lcd1000_x18_20260907,4351,69,1,ramp_R_F_W,20,20,1586.54,1735.57,1586.5400390625,1735.5699462890625,0.0
h11_canon0905_lcd1000_x18_20260907,4351,69,1,signal_or_other,6,6,1598.62,1741.16,1598.6199951171875,1741.1600341796875,0.0
h11_canon0905_lcd1000_x18_20260907,4351,69,1,unknown_or_exit,106,86,103.94,1580.7,755.8800048828125,1580.699951171875,5.213585
h11_canon0905_lcd1000_x18_20260907,4351,69,2,ramp_R_F_W,10,1,601.09,1729.14,1729.1400146484375,1729.1400146484375,22.152
h11_canon0905_lcd1000_x18_20260907,4351,69,2,signal_or_other,6,2,826.21,1723.47,1711.6600341796875,1723.469970703125,11.485001
h11_canon0905_lcd1000_x18_20260907,4351,69,2,unknown_or_exit,15,1,21.81,1735.48,1735.47998046875,1735.47998046875,27.205334
h11_canon0905_lcd1000_x18_20260907,4351,69,3,signal_or_other,2,0,726.34,1132.63,,,36.184998
h11_canon0905_lcd1000_x18_20260907,4351,69,3,unknown_or_exit,5,0,112.0,623.69,,,42.478004
h11_canon0905_lcd1000_x18_20260907,4351,69,4,signal_or_other,5,0,138.35,1210.55,,,35.466
h11_canon0905_lcd1000_x18_20260907,4351,69,4,unknown_or_exit,1,0,427.31,427.31,,,40.65
h11_canon0905_lcd1000_x18_20260907,4501,69,1,ramp_R_F_W,17,17,1612.28,1736.04,1612.280029296875,1736.0400390625,0.02
h11_canon0905_lcd1000_x18_20260907,4501,69,1,signal_or_other,5,4,121.29,1698.53,1624.3299560546875,1698.530029296875,8.514
h11_canon0905_lcd1000_x18_20260907,4501,69,1,unknown_or_exit,124,113,229.87,1606.44,799.1599731445312,1606.43994140625,1.8884679
h11_canon0905_lcd1000_x18_20260907,4501,69,2,ramp_R_F_W,9,8,1630.57,1723.64,1652.699951171875,1723.6400146484375,2.1933334
h11_canon0905_lcd1000_x18_20260907,4501,69,2,signal_or_other,11,1,373.71,1700.65,1700.6500244140625,1700.6500244140625,18.854546
h11_canon0905_lcd1000_x18_20260907,4501,69,2,unknown_or_exit,24,1,116.5,1735.48,1735.47998046875,1735.47998046875,20.471666
h11_canon0905_lcd1000_x18_20260907,4501,69,3,signal_or_other,2,0,77.21,659.83,,,37.575
h11_canon0905_lcd1000_x18_20260907,4501,69,3,unknown_or_exit,3,0,224.85,788.54,,,41.506668
h11_canon0905_lcd1000_x18_20260907,4501,69,4,signal_or_other,3,0,271.24,1503.58,,,39.250004
h11_canon0905_lcd1000_x18_20260907,4501,69,4,unknown_or_exit,3,0,30.16,657.53,,,44.716663
h11_canon0905_lcd1000_x18_20260907,4651,69,1,ramp_R_F_W,6,6,1697.81,1738.99,1697.81005859375,1738.989990234375,0.123333335
h11_canon0905_lcd1000_x18_20260907,4651,69,1,signal_or_other,3,3,1709.91,1744.2,1709.9100341796875,1744.199951171875,0.0
h11_canon0905_lcd1000_x18_20260907,4651,69,1,unknown_or_exit,133,118,122.44,1691.99,774.52001953125,1691.989990234375,1.6946615
h11_canon0905_lcd1000_x18_20260907,4651,69,2,ramp_R_F_W,3,2,1717.66,1730.9,1717.6600341796875,1723.27001953125,3.4666665
h11_canon0905_lcd1000_x18_20260907,4651,69,2,signal_or_other,10,5,1333.67,1705.54,1608.56005859375,1705.5400390625,11.798
h11_canon0905_lcd1000_x18_20260907,4651,69,2,unknown_or_exit,40,12,34.69,1711.65,1597.010009765625,1711.6500244140625,13.0375
h11_canon0905_lcd1000_x18_20260907,4651,69,3,signal_or_other,2,0,889.91,1409.45,,,37.945
h11_canon0905_lcd1000_x18_20260907,4651,69,3,unknown_or_exit,2,0,455.54,771.4,,,39.67
h11_canon0905_lcd1000_x18_20260907,4651,69,4,signal_or_other,1,0,1559.4,1559.4,,,42.31
h11_canon0905_lcd1000_x18_20260907,4801,69,1,unknown_or_exit,144,131,224.08,1742.68,785.3599853515625,1742.6800537109375,1.4961805
h11_canon0905_lcd1000_x18_20260907,4801,69,2,signal_or_other,8,5,372.19,1722.77,1630.6500244140625,1722.77001953125,8.853749
h11_canon0905_lcd1000_x18_20260907,4801,69,2,unknown_or_exit,49,30,720.68,1735.48,1461.0,1735.47998046875,8.237143
h11_canon0905_lcd1000_x18_20260907,4801,69,3,unknown_or_exit,2,0,356.97,638.34,,,43.145
h11_canon0905_lcd1000_x18_20260907,4801,69,4,signal_or_other,2,0,1393.36,1604.46,,,43.995
h11_canon0905_lcd1000_x18_20260907,4801,69,4,unknown_or_exit,2,0,175.71,538.72,,,42.835
h11_canon0905_lcd1000_x18_20260907,4951,69,1,signal_or_other,1,0,186.24,186.24,,,42.98
h11_canon0905_lcd1000_x18_20260907,4951,69,1,unknown_or_exit,149,144,340.53,1742.68,796.5999755859375,1742.6800537109375,0.7775167
h11_canon0905_lcd1000_x18_20260907,4951,69,2,signal_or_other,6,6,1648.29,1718.74,1648.2900390625,1718.739990234375,0.0
h11_canon0905_lcd1000_x18_20260907,4951,69,2,unknown_or_exit,61,45,203.51,1735.48,1373.3399658203125,1735.47998046875,5.493442
h11_canon0905_lcd1000_x18_20260907,4951,69,3,signal_or_other,2,0,109.53,1519.09,,,41.785
h11_canon0905_lcd1000_x18_20260907,4951,69,3,unknown_or_exit,2,0,334.26,547.41,,,40.545
h11_canon0905_lcd1000_x18_20260907,4951,69,4,unknown_or_exit,3,0,19.24,509.56,,,40.176666
h11_canon0905_lcd1000_x18_20260907,5101,69,1,unknown_or_exit,155,153,232.64,1742.68,782.4299926757812,1742.6800537109375,0.48825806
h11_canon0905_lcd1000_x18_20260907,5101,69,2,signal_or_other,5,5,1671.5,1725.14,1671.5,1725.1400146484375,0.0
h11_canon0905_lcd1000_x18_20260907,5101,69,2,unknown_or_exit,75,55,150.92,1735.48,1333.25,1735.47998046875,4.6036
h11_canon0905_lcd1000_x18_20260907,5101,69,3,signal_or_other,1,0,1169.37,1169.37,,,42.42
h11_canon0905_lcd1000_x18_20260907,5101,69,3,unknown_or_exit,3,0,77.88,809.08,,,39.35667
h11_canon0905_lcd1000_x18_20260907,5101,69,4,signal_or_other,1,0,1751.43,1751.43,,,41.35
h11_canon0905_lcd1000_x18_20260907,5251,69,1,unknown_or_exit,158,155,170.78,1742.68,770.4299926757812,1742.6800537109375,0.8075949
h11_canon0905_lcd1000_x18_20260907,5251,69,2,signal_or_other,5,4,363.09,1723.62,1693.6400146484375,1723.6199951171875,7.528
h11_canon0905_lcd1000_x18_20260907,5251,69,2,unknown_or_exit,91,74,162.25,1735.48,930.989990234375,1735.47998046875,4.2814283
h11_canon0905_lcd1000_x18_20260907,5251,69,3,signal_or_other,1,0,187.99,187.99,,,41.23
h11_canon0905_lcd1000_x18_20260907,5251,69,3,unknown_or_exit,3,0,47.71,621.4,,,36.77667
h11_canon0905_lcd1000_x18_20260907,5251,69,4,unknown_or_exit,4,0,160.83,678.71,,,41.255
h11_canon0905_lcd1000_x18_20260907,1051,70,1,ramp_R_F_E,1,0,148.46,148.46,,,34.27
h11_canon0905_lcd1000_x18_20260907,1051,70,1,signal_or_other,2,0,69.07,174.78,,,32.940002
h11_canon0905_lcd1000_x18_20260907,1051,70,2,signal_or_other,4,0,93.55,150.61,,,42.5725
h11_canon0905_lcd1000_x18_20260907,1201,70,1,ramp_R_F_E,1,0,76.75,76.75,,,41.26
h11_canon0905_lcd1000_x18_20260907,1201,70,1,signal_or_other,2,0,150.83,293.55,,,69.54
h11_canon0905_lcd1000_x18_20260907,1201,70,2,signal_or_other,3,0,42.36,129.23,,,43.466663
h11_canon0905_lcd1000_x18_20260907,1351,70,1,ramp_R_F_E,2,0,74.01,125.27,,,38.945
h11_canon0905_lcd1000_x18_20260907,1351,70,1,signal_or_other,3,0,83.99,187.34,,,38.430004
h11_canon0905_lcd1000_x18_20260907,1351,70,2,signal_or_other,8,0,106.92,311.79,,,41.43375
h11_canon0905_lcd1000_x18_20260907,1501,70,1,ramp_R_F_E,1,0,37.36,37.36,,,41.8
h11_canon0905_lcd1000_x18_20260907,1501,70,1,signal_or_other,1,0,263.95,263.95,,,40.98
h11_canon0905_lcd1000_x18_20260907,1501,70,2,signal_or_other,2,0,41.77,125.21,,,43.33
h11_canon0905_lcd1000_x18_20260907,1651,70,1,ramp_R_F_E,2,0,25.45,100.58,,,37.565002
h11_canon0905_lcd1000_x18_20260907,1651,70,1,signal_or_other,4,0,124.1,305.26,,,67.29
h11_canon0905_lcd1000_x18_20260907,1651,70,2,signal_or_other,3,0,144.09,257.61,,,47.559998
h11_canon0905_lcd1000_x18_20260907,1801,70,1,signal_or_other,4,0,117.34,323.35,,,43.4375
h11_canon0905_lcd1000_x18_20260907,1801,70,2,signal_or_other,4,0,94.19,325.6,,,56.8325
h11_canon0905_lcd1000_x18_20260907,1951,70,1,ramp_R_F_E,1,0,42.24,42.24,,,39.4
h11_canon0905_lcd1000_x18_20260907,1951,70,1,signal_or_other,2,0,81.35,209.85,,,42.775
h11_canon0905_lcd1000_x18_20260907,1951,70,2,signal_or_other,5,0,104.53,328.95,,,42.218
h11_canon0905_lcd1000_x18_20260907,2101,70,1,ramp_R_F_E,2,0,38.32,103.27,,,43.93
h11_canon0905_lcd1000_x18_20260907,2101,70,1,signal_or_other,1,0,152.16,152.16,,,44.16
h11_canon0905_lcd1000_x18_20260907,2101,70,2,signal_or_other,1,0,254.33,254.33,,,42.45
h11_canon0905_lcd1000_x18_20260907,2251,70,1,ramp_R_F_E,1,0,144.72,144.72,,,41.69
h11_canon0905_lcd1000_x18_20260907,2251,70,1,signal_or_other,1,0,92.79,92.79,,,74.88
h11_canon0905_lcd1000_x18_20260907,2251,70,2,signal_or_other,1,0,243.91,243.91,,,100.14
h11_canon0905_lcd1000_x18_20260907,2401,70,1,signal_or_other,7,0,58.6,328.64,,,40.080006
h11_canon0905_lcd1000_x18_20260907,2401,70,2,signal_or_other,6,0,88.02,230.22,,,40.718334
h11_canon0905_lcd1000_x18_20260907,2551,70,1,ramp_R_F_E,1,0,93.47,93.47,,,25.52
h11_canon0905_lcd1000_x18_20260907,2551,70,1,signal_or_other,7,0,46.34,321.36,,,48.49143
h11_canon0905_lcd1000_x18_20260907,2551,70,2,signal_or_other,8,0,137.36,270.21,,,36.7625
h11_canon0905_lcd1000_x18_20260907,2701,70,1,ramp_R_F_E,6,6,132.28,172.89,132.27999877929688,172.88999938964844,0.20833333
h11_canon0905_lcd1000_x18_20260907,2701,70,1,signal_or_other,2,2,149.62,161.26,149.6199951171875,161.25999450683594,0.0
h11_canon0905_lcd1000_x18_20260907,2701,70,2,signal_or_other,3,0,49.79,187.61,,,63.44
h11_canon0905_lcd1000_x18_20260907,2851,70,1,ramp_R_F_E,9,7,32.15,176.05,65.5199966430664,176.0500030517578,5.386667
h11_canon0905_lcd1000_x18_20260907,2851,70,1,signal_or_other,9,7,83.95,204.22,109.41999816894531,164.16000366210938,5.803333
h11_canon0905_lcd1000_x18_20260907,2851,70,2,signal_or_other,4,0,76.68,165.17,,,16.5125
h11_canon0905_lcd1000_x18_20260907,3001,70,1,ramp_R_F_E,13,13,63.81,179.61,63.810001373291016,179.61000061035156,0.0
h11_canon0905_lcd1000_x18_20260907,3001,70,1,signal_or_other,8,7,58.34,272.27,58.34000015258789,167.4600067138672,7.38125
h11_canon0905_lcd1000_x18_20260907,3001,70,2,signal_or_other,10,1,47.6,307.89,47.599998474121094,47.599998474121094,32.077
h11_canon0905_lcd1000_x18_20260907,3151,70,1,ramp_R_F_E,19,17,4.84,179.61,58.470001220703125,179.61000061035156,2.7389472
h11_canon0905_lcd1000_x18_20260907,3151,70,1,signal_or_other,5,4,88.08,317.8,88.08000183105469,167.4600067138672,9.483999
h11_canon0905_lcd1000_x18_20260907,3151,70,2,signal_or_other,9,0,50.44,331.41,,,21.625557
h11_canon0905_lcd1000_x18_20260907,3301,70,1,ramp_R_F_E,22,22,29.78,179.61,29.780000686645508,179.61000061035156,0.0
h11_canon0905_lcd1000_x18_20260907,3301,70,1,signal_or_other,4,4,88.08,167.46,88.08000183105469,167.4600067138672,0.0
h11_canon0905_lcd1000_x18_20260907,3301,70,1,unknown_or_exit,2,2,11.98,18.77,11.979999542236328,18.770000457763672,0.0
h11_canon0905_lcd1000_x18_20260907,3301,70,2,signal_or_other,12,0,56.05,301.35,,,20.257502
h11_canon0905_lcd1000_x18_20260907,3451,70,1,ramp_R_F_E,22,22,29.78,179.61,29.780000686645508,179.61000061035156,0.0
h11_canon0905_lcd1000_x18_20260907,3451,70,1,signal_or_other,5,4,88.08,254.09,88.08000183105469,167.4600067138672,8.682
h11_canon0905_lcd1000_x18_20260907,3451,70,1,unknown_or_exit,2,2,11.98,18.77,11.979999542236328,18.770000457763672,0.0
h11_canon0905_lcd1000_x18_20260907,3451,70,2,signal_or_other,13,0,48.12,330.25,,,23.025387
h11_canon0905_lcd1000_x18_20260907,3601,70,1,ramp_R_F_E,22,22,29.78,179.61,29.780000686645508,179.61000061035156,0.0
h11_canon0905_lcd1000_x18_20260907,3601,70,1,signal_or_other,5,4,88.08,300.64,88.08000183105469,167.4600067138672,6.354
h11_canon0905_lcd1000_x18_20260907,3601,70,1,unknown_or_exit,2,2,11.98,18.77,11.979999542236328,18.770000457763672,0.0
h11_canon0905_lcd1000_x18_20260907,3601,70,2,signal_or_other,12,0,53.75,273.82,,,18.885002
h11_canon0905_lcd1000_x18_20260907,3751,70,1,ramp_R_F_E,22,22,29.78,179.61,29.780000686645508,179.61000061035156,0.0
h11_canon0905_lcd1000_x18_20260907,3751,70,1,signal_or_other,5,4,88.08,223.07,88.08000183105469,167.4600067138672,10.674
h11_canon0905_lcd1000_x18_20260907,3751,70,1,unknown_or_exit,2,2,11.98,18.77,11.979999542236328,18.770000457763672,0.0
h11_canon0905_lcd1000_x18_20260907,3751,70,2,signal_or_other,9,0,64.49,194.45,,,19.335554
h11_canon0905_lcd1000_x18_20260907,3901,70,1,ramp_R_F_E,22,22,29.78,179.61,29.780000686645508,179.61000061035156,0.0
h11_canon0905_lcd1000_x18_20260907,3901,70,1,signal_or_other,5,4,88.08,241.62,88.08000183105469,167.4600067138672,10.952
h11_canon0905_lcd1000_x18_20260907,3901,70,1,unknown_or_exit,2,2,11.98,18.77,11.979999542236328,18.770000457763672,0.0
h11_canon0905_lcd1000_x18_20260907,3901,70,2,signal_or_other,11,0,46.43,223.97,,,18.502728
h11_canon0905_lcd1000_x18_20260907,4051,70,1,ramp_R_F_E,19,16,40.79,179.73,40.790000915527344,179.72999572753906,1.8342104
h11_canon0905_lcd1000_x18_20260907,4051,70,1,signal_or_other,4,3,110.79,199.72,110.79000091552734,140.1199951171875,8.6275
h11_canon0905_lcd1000_x18_20260907,4051,70,1,unknown_or_exit,4,4,3.6,29.86,3.5999999046325684,29.860000610351562,0.0
h11_canon0905_lcd1000_x18_20260907,4051,70,2,signal_or_other,7,0,68.26,186.12,,,20.155714
h11_canon0905_lcd1000_x18_20260907,4201,70,1,ramp_R_F_E,14,14,83.0,175.58,83.0,175.5800018310547,0.0
h11_canon0905_lcd1000_x18_20260907,4201,70,1,signal_or_other,4,4,41.28,170.2,41.279998779296875,170.1999969482422,0.2025
h11_canon0905_lcd1000_x18_20260907,4201,70,1,unknown_or_exit,10,10,5.01,72.08,5.010000228881836,72.08000183105469,0.28
h11_canon0905_lcd1000_x18_20260907,4201,70,2,ramp_R_F_E,1,0,39.14,39.14,,,10.23
h11_canon0905_lcd1000_x18_20260907,4201,70,2,signal_or_other,15,11,43.06,169.18,68.7699966430664,169.17999267578125,4.482667
h11_canon0905_lcd1000_x18_20260907,4201,70,2,unknown_or_exit,4,3,25.4,175.14,104.91000366210938,175.13999938964844,2.6275
h11_canon0905_lcd1000_x18_20260907,4351,70,1,ramp_R_F_E,12,11,104.89,176.65,104.88999938964844,168.4600067138672,0.79416674
h11_canon0905_lcd1000_x18_20260907,4351,70,1,signal_or_other,2,2,46.29,163.02,46.290000915527344,163.02000427246094,0.0
h11_canon0905_lcd1000_x18_20260907,4351,70,1,unknown_or_exit,10,7,6.46,93.87,6.460000038146973,93.87000274658203,3.942
h11_canon0905_lcd1000_x18_20260907,4351,70,2,ramp_R_F_E,3,3,96.14,138.16,96.13999938964844,138.16000366210938,0.0
h11_canon0905_lcd1000_x18_20260907,4351,70,2,signal_or_other,16,16,43.71,169.33,43.709999084472656,169.3300018310547,0.0
h11_canon0905_lcd1000_x18_20260907,4351,70,2,unknown_or_exit,4,4,65.62,175.14,65.62000274658203,175.13999938964844,0.0
h11_canon0905_lcd1000_x18_20260907,4501,70,1,ramp_R_F_E,6,5,143.73,179.45,152.55999755859375,179.4499969482422,2.0666666
h11_canon0905_lcd1000_x18_20260907,4501,70,1,signal_or_other,2,2,49.52,61.45,49.52000045776367,61.45000076293945,0.0
h11_canon0905_lcd1000_x18_20260907,4501,70,1,unknown_or_exit,15,13,7.06,128.2,25.06999969482422,128.1999969482422,1.608
h11_canon0905_lcd1000_x18_20260907,4501,70,2,ramp_R_F_E,1,1,163.61,163.61,163.61000061035156,163.61000061035156,0.0
h11_canon0905_lcd1000_x18_20260907,4501,70,2,signal_or_other,17,15,46.28,169.35,52.15999984741211,169.35000610351562,1.1364706
h11_canon0905_lcd1000_x18_20260907,4501,70,2,unknown_or_exit,5,5,27.47,175.14,27.469999313354492,175.13999938964844,0.73
h11_canon0905_lcd1000_x18_20260907,4651,70,1,unknown_or_exit,26,26,5.09,174.07,5.090000152587891,174.07000732421875,0.12384616
h11_canon0905_lcd1000_x18_20260907,4651,70,2,signal_or_other,17,17,48.51,163.69,48.5099983215332,163.69000244140625,0.1517647
h11_canon0905_lcd1000_x18_20260907,4651,70,2,unknown_or_exit,4,4,65.7,175.14,65.69999694824219,175.13999938964844,0.0
h11_canon0905_lcd1000_x18_20260907,4801,70,1,signal_or_other,1,0,274.97,274.97,,,44.01
h11_canon0905_lcd1000_x18_20260907,4801,70,1,unknown_or_exit,26,26,5.98,174.07,5.980000019073486,174.07000732421875,0.0
h11_canon0905_lcd1000_x18_20260907,4801,70,2,signal_or_other,12,3,41.07,244.73,41.06999969482422,78.83999633789062,12.8725
h11_canon0905_lcd1000_x18_20260907,4801,70,2,unknown_or_exit,2,0,49.19,151.2,,,15.83
h11_canon0905_lcd1000_x18_20260907,4951,70,1,unknown_or_exit,26,26,5.98,174.07,5.980000019073486,174.07000732421875,0.0
h11_canon0905_lcd1000_x18_20260907,4951,70,2,signal_or_other,15,8,45.64,163.55,45.63999938964844,163.5500030517578,4.273333
h11_canon0905_lcd1000_x18_20260907,4951,70,2,unknown_or_exit,1,1,175.14,175.14,175.13999938964844,175.13999938964844,0.0
h11_canon0905_lcd1000_x18_20260907,5101,70,1,signal_or_other,2,0,265.09,328.01,,,77.645004
h11_canon0905_lcd1000_x18_20260907,5101,70,1,unknown_or_exit,26,26,5.98,174.07,5.980000019073486,174.07000732421875,0.0
h11_canon0905_lcd1000_x18_20260907,5101,70,2,signal_or_other,7,0,56.71,298.43,,,42.97571
h11_canon0905_lcd1000_x18_20260907,5251,70,1,signal_or_other,1,0,209.22,209.22,,,43.18
h11_canon0905_lcd1000_x18_20260907,5251,70,1,unknown_or_exit,26,26,5.98,174.07,5.980000019073486,174.07000732421875,0.0
h11_canon0905_lcd1000_x18_20260907,5251,70,2,signal_or_other,10,0,41.04,190.18,,,20.277
h11_canon0905_lcd1000_x18_20260907,5251,70,2,unknown_or_exit,1,0,94.91,94.91,,,18.66
b0_rl_b0_lcd1000_x18_20260907,901,32,1,ramp_R_D_E,4,0,303.64,999.32,,,43.11
b0_rl_b0_lcd1000_x18_20260907,901,32,1,ramp_R_D_W,7,0,167.62,1023.79,,,41.638573
b0_rl_b0_lcd1000_x18_20260907,901,32,1,signal_or_other,50,28,1377.77,1953.97,1545.5,1953.969970703125,10.919399
b0_rl_b0_lcd1000_x18_20260907,901,32,2,ramp_R_D_W,8,0,129.47,914.81,,,42.75375
b0_rl_b0_lcd1000_x18_20260907,901,32,2,signal_or_other,38,20,721.95,1954.13,1543.72998046875,1954.1300048828125,9.999738
b0_rl_b0_lcd1000_x18_20260907,901,32,2,unknown_or_exit,1,0,1482.83,1482.83,,,59.74
b0_rl_b0_lcd1000_x18_20260907,901,32,3,signal_or_other,53,41,1016.32,1954.14,1549.3599853515625,1954.1400146484375,5.5290565
b0_rl_b0_lcd1000_x18_20260907,1051,32,1,ramp_R_D_E,10,0,426.94,1300.09,,,40.132004
b0_rl_b0_lcd1000_x18_20260907,1051,32,1,ramp_R_D_W,11,0,124.08,1005.57,,,42.061817
b0_rl_b0_lcd1000_x18_20260907,1051,32,1,signal_or_other,54,40,314.2,1954.38,1501.1199951171875,1954.3800048828125,6.270371
b0_rl_b0_lcd1000_x18_20260907,1051,32,2,ramp_R_D_E,2,0,154.6,423.78,,,38.55
b0_rl_b0_lcd1000_x18_20260907,1051,32,2,ramp_R_D_W,13,0,212.35,1018.16,,,40.830772
b0_rl_b0_lcd1000_x18_20260907,1051,32,2,signal_or_other,46,28,122.11,1953.92,1500.9000244140625,1953.9200439453125,8.431956
b0_rl_b0_lcd1000_x18_20260907,1051,32,3,ramp_R_D_E,2,0,126.23,171.14,,,36.8
b0_rl_b0_lcd1000_x18_20260907,1051,32,3,ramp_R_D_W,2,0,24.9,310.1,,,35.940002
b0_rl_b0_lcd1000_x18_20260907,1051,32,3,signal_or_other,46,21,238.67,1955.28,1511.9100341796875,1774.8499755859375,12.230652
b0_rl_b0_lcd1000_x18_20260907,1051,32,3,unknown_or_exit,1,1,1740.38,1740.38,1740.3800048828125,1740.3800048828125,0.0
b0_rl_b0_lcd1000_x18_20260907,1201,32,1,ramp_R_D_E,11,0,300.36,1080.63,,,35.555454
b0_rl_b0_lcd1000_x18_20260907,1201,32,1,ramp_R_D_W,10,0,14.35,936.01,,,37.578995
b0_rl_b0_lcd1000_x18_20260907,1201,32,1,signal_or_other,53,35,777.57,1954.12,1500.47998046875,1954.1199951171875,8.124529
b0_rl_b0_lcd1000_x18_20260907,1201,32,2,ramp_R_D_E,2,1,752.94,1505.49,1505.489990234375,1505.489990234375,21.385
b0_rl_b0_lcd1000_x18_20260907,1201,32,2,ramp_R_D_W,18,0,61.62,974.01,,,41.33111
b0_rl_b0_lcd1000_x18_20260907,1201,32,2,signal_or_other,46,26,1345.52,1953.98,1511.8299560546875,1953.97998046875,7.764348
b0_rl_b0_lcd1000_x18_20260907,1201,32,2,unknown_or_exit,2,0,1382.54,1623.54,,,29.895
b0_rl_b0_lcd1000_x18_20260907,1201,32,3,ramp_R_D_E,3,1,69.63,1613.56,1613.56005859375,1613.56005859375,30.43
b0_rl_b0_lcd1000_x18_20260907,1201,32,3,signal_or_other,50,24,135.59,1951.86,1504.530029296875,1845.6300048828125,13.4897995
b0_rl_b0_lcd1000_x18_20260907,1201,32,3,unknown_or_exit,1,1,1510.87,1510.87,1510.8699951171875,1510.8699951171875,0.0
b0_rl_b0_lcd1000_x18_20260907,1351,32,1,ramp_R_D_E,10,0,242.38,1330.48,,,41.879997
b0_rl_b0_lcd1000_x18_20260907,1351,32,1,ramp_R_D_W,8,0,104.43,985.79,,,42.29625
b0_rl_b0_lcd1000_x18_20260907,1351,32,1,signal_or_other,54,37,783.95,1954.38,1483.22998046875,1954.3800048828125,9.1038885
b0_rl_b0_lcd1000_x18_20260907,1351,32,1,unknown_or_exit,1,1,1513.48,1513.48,1513.47998046875,1513.47998046875,0.0
b0_rl_b0_lcd1000_x18_20260907,1351,32,2,ramp_R_D_E,3,2,30.1,1863.07,1664.5,1863.0699462890625,15.156666
b0_rl_b0_lcd1000_x18_20260907,1351,32,2,ramp_R_D_W,9,0,258.11,1027.34,,,42.733334
b0_rl_b0_lcd1000_x18_20260907,1351,32,2,signal_or_other,58,45,114.81,1954.35,1485.68994140625,1954.3499755859375,5.371724
b0_rl_b0_lcd1000_x18_20260907,1351,32,2,unknown_or_exit,1,0,1844.22,1844.22,,,21.85
b0_rl_b0_lcd1000_x18_20260907,1351,32,3,ramp_R_D_E,2,0,65.57,148.55,,,34.315
b0_rl_b0_lcd1000_x18_20260907,1351,32,3,signal_or_other,40,19,262.96,1946.47,1486.6199951171875,1638.6700439453125,14.869
b0_rl_b0_lcd1000_x18_20260907,1351,32,3,unknown_or_exit,2,1,1646.19,1727.82,1646.18994140625,1646.18994140625,15.085
b0_rl_b0_lcd1000_x18_20260907,1501,32,1,ramp_R_D_E,10,0,240.45,1294.23,,,40.582
b0_rl_b0_lcd1000_x18_20260907,1501,32,1,ramp_R_D_W,9,0,159.26,1011.48,,,39.471115
b0_rl_b0_lcd1000_x18_20260907,1501,32,1,signal_or_other,60,48,499.97,1954.95,1469.8800048828125,1954.949951171875,5.4925003
b0_rl_b0_lcd1000_x18_20260907,1501,32,1,unknown_or_exit,1,1,1695.12,1695.12,1695.1199951171875,1695.1199951171875,4.22
b0_rl_b0_lcd1000_x18_20260907,1501,32,2,ramp_R_D_E,2,1,149.54,1890.24,1890.239990234375,1890.239990234375,16.595
b0_rl_b0_lcd1000_x18_20260907,1501,32,2,ramp_R_D_W,12,0,84.01,1018.69,,,37.600834
b0_rl_b0_lcd1000_x18_20260907,1501,32,2,signal_or_other,56,36,1348.86,1953.94,1472.1099853515625,1953.93994140625,5.8762503
b0_rl_b0_lcd1000_x18_20260907,1501,32,3,ramp_R_D_E,2,1,188.96,1521.86,1521.8599853515625,1521.8599853515625,20.815
b0_rl_b0_lcd1000_x18_20260907,1501,32,3,ramp_R_D_W,1,0,11.0,11.0,,,43.32
b0_rl_b0_lcd1000_x18_20260907,1501,32,3,signal_or_other,46,20,439.7,1944.94,1489.6600341796875,1609.8900146484375,12.109565
b0_rl_b0_lcd1000_x18_20260907,1651,32,1,ramp_R_D_E,10,0,544.04,1286.13,,,31.972
b0_rl_b0_lcd1000_x18_20260907,1651,32,1,ramp_R_D_W,8,0,82.86,995.99,,,42.05
b0_rl_b0_lcd1000_x18_20260907,1651,32,1,signal_or_other,65,52,565.53,1954.12,1451.68994140625,1954.1199951171875,4.3923078
b0_rl_b0_lcd1000_x18_20260907,1651,32,1,unknown_or_exit,1,1,1806.86,1806.86,1806.8599853515625,1806.8599853515625,0.0
b0_rl_b0_lcd1000_x18_20260907,1651,32,2,ramp_R_D_E,1,0,31.59,31.59,,,42.82
b0_rl_b0_lcd1000_x18_20260907,1651,32,2,ramp_R_D_W,11,0,107.34,943.63,,,40.340908
b0_rl_b0_lcd1000_x18_20260907,1651,32,2,signal_or_other,53,32,85.19,1954.16,1467.72998046875,1954.1600341796875,9.0450945
b0_rl_b0_lcd1000_x18_20260907,1651,32,3,ramp_R_D_E,1,0,1769.1,1769.1,,,32.68
b0_rl_b0_lcd1000_x18_20260907,1651,32,3,ramp_R_D_W,1,0,33.23,33.23,,,32.22
b0_rl_b0_lcd1000_x18_20260907,1651,32,3,signal_or_other,53,34,1386.17,1944.31,1477.1199951171875,1939.25,8.104716
b0_rl_b0_lcd1000_x18_20260907,1801,32,1,ramp_R_D_E,11,0,122.84,1329.38,,,39.91727
b0_rl_b0_lcd1000_x18_20260907,1801,32,1,ramp_R_D_W,8,0,31.64,757.87,,,40.03625
b0_rl_b0_lcd1000_x18_20260907,1801,32,1,signal_or_other,63,49,301.08,1954.41,1430.0400390625,1954.4100341796875,5.4096823
b0_rl_b0_lcd1000_x18_20260907,1801,32,1,unknown_or_exit,1,0,1929.49,1929.49,,,5.55
b0_rl_b0_lcd1000_x18_20260907,1801,32,2,ramp_R_D_E,1,0,366.24,366.24,,,38.43
b0_rl_b0_lcd1000_x18_20260907,1801,32,2,ramp_R_D_W,11,0,42.33,908.4,,,38.580906
b0_rl_b0_lcd1000_x18_20260907,1801,32,2,signal_or_other,56,34,1418.64,1954.31,1441.56005859375,1954.31005859375,6.447143
b0_rl_b0_lcd1000_x18_20260907,1801,32,2,unknown_or_exit,2,2,1526.06,1531.8,1526.06005859375,1531.800048828125,0.0
b0_rl_b0_lcd1000_x18_20260907,1801,32,3,ramp_R_D_E,2,0,77.16,159.42,,,43.559998
b0_rl_b0_lcd1000_x18_20260907,1801,32,3,ramp_R_D_W,1,0,44.02,44.02,,,44.55
b0_rl_b0_lcd1000_x18_20260907,1801,32,3,signal_or_other,57,35,1397.41,1953.85,1432.0,1953.8499755859375,7.8152637
b0_rl_b0_lcd1000_x18_20260907,1801,32,3,unknown_or_exit,1,1,1587.07,1587.07,1587.0699462890625,1587.0699462890625,0.0
b0_rl_b0_lcd1000_x18_20260907,1951,32,1,ramp_R_D_E,10,0,95.33,1284.03,,,38.703
b0_rl_b0_lcd1000_x18_20260907,1951,32,1,ramp_R_D_W,4,0,75.74,862.57,,,37.2125
b0_rl_b0_lcd1000_x18_20260907,1951,32,1,signal_or_other,68,59,119.72,1954.01,1430.3199462890625,1954.010009765625,2.4452944
b0_rl_b0_lcd1000_x18_20260907,1951,32,1,unknown_or_exit,1,1,1488.85,1488.85,1488.8499755859375,1488.8499755859375,0.0
b0_rl_b0_lcd1000_x18_20260907,1951,32,2,ramp_R_D_W,13,0,19.39,1005.12,,,41.420773
b0_rl_b0_lcd1000_x18_20260907,1951,32,2,signal_or_other,70,59,902.14,1954.1,1435.6600341796875,1954.0999755859375,3.1481428
b0_rl_b0_lcd1000_x18_20260907,1951,32,2,unknown_or_exit,3,2,1656.71,1685.15,1656.7099609375,1667.780029296875,2.8633335
b0_rl_b0_lcd1000_x18_20260907,1951,32,3,ramp_R_D_E,1,0,184.14,184.14,,,39.23
b0_rl_b0_lcd1000_x18_20260907,1951,32,3,ramp_R_D_W,1,0,93.69,93.69,,,39.0
b0_rl_b0_lcd1000_x18_20260907,1951,32,3,signal_or_other,61,44,1428.75,1945.11,1428.75,1860.4599609375,5.653934
b0_rl_b0_lcd1000_x18_20260907,2101,32,1,ramp_R_D_E,8,0,318.99,1209.63,,,41.1
b0_rl_b0_lcd1000_x18_20260907,2101,32,1,ramp_R_D_W,12,0,66.56,998.43,,,38.455837
b0_rl_b0_lcd1000_x18_20260907,2101,32,1,signal_or_other,74,60,35.12,1954.29,1347.8599853515625,1954.2900390625,5.2729726
b0_rl_b0_lcd1000_x18_20260907,2101,32,1,unknown_or_exit,1,1,1528.9,1528.9,1528.9000244140625,1528.9000244140625,0.0
b0_rl_b0_lcd1000_x18_20260907,2101,32,2,ramp_R_D_W,15,0,61.43,1010.69,,,39.845337
b0_rl_b0_lcd1000_x18_20260907,2101,32,2,signal_or_other,76,53,18.87,1954.08,1401.0799560546875,1954.0799560546875,7.1888156
b0_rl_b0_lcd1000_x18_20260907,2101,32,2,unknown_or_exit,2,0,1899.83,1910.54,,,12.969999
b0_rl_b0_lcd1000_x18_20260907,2101,32,3,ramp_R_D_E,1,0,289.95,289.95,,,45.36
b0_rl_b0_lcd1000_x18_20260907,2101,32,3,ramp_R_D_W,2,0,49.13,67.32,,,40.405
b0_rl_b0_lcd1000_x18_20260907,2101,32,3,signal_or_other,62,42,1371.36,1952.83,1371.3599853515625,1952.8299560546875,6.240968
b0_rl_b0_lcd1000_x18_20260907,2101,32,3,unknown_or_exit,1,0,1909.3,1909.3,,,10.84
b0_rl_b0_lcd1000_x18_20260907,2251,32,1,ramp_R_D_E,14,5,89.16,981.36,951.989990234375,981.3599853515625,24.844284
b0_rl_b0_lcd1000_x18_20260907,2251,32,1,ramp_R_D_W,15,3,17.19,1005.14,993.2899780273438,1005.1400146484375,28.620668
b0_rl_b0_lcd1000_x18_20260907,2251,32,1,signal_or_other,77,64,332.59,1954.19,1011.239990234375,1954.18994140625,3.6615584
b0_rl_b0_lcd1000_x18_20260907,2251,32,2,ramp_R_D_E,2,0,45.41,646.06,,,42.54
b0_rl_b0_lcd1000_x18_20260907,2251,32,2,ramp_R_D_W,21,11,124.04,1025.99,961.72998046875,1025.989990234375,19.33524
b0_rl_b0_lcd1000_x18_20260907,2251,32,2,signal_or_other,78,62,140.38,1954.14,1360.8800048828125,1954.1400146484375,3.9502563
b0_rl_b0_lcd1000_x18_20260907,2251,32,2,unknown_or_exit,1,1,1647.62,1647.62,1647.6199951171875,1647.6199951171875,0.0
b0_rl_b0_lcd1000_x18_20260907,2251,32,3,ramp_R_D_W,1,0,51.09,51.09,,,44.23
b0_rl_b0_lcd1000_x18_20260907,2251,32,3,signal_or_other,71,48,740.91,1943.94,1379.81005859375,1706.3499755859375,7.461127
b0_rl_b0_lcd1000_x18_20260907,2401,32,1,ramp_R_D_E,28,9,523.04,1293.97,752.5599975585938,1008.8200073242188,19.296785
b0_rl_b0_lcd1000_x18_20260907,2401,32,1,ramp_R_D_W,15,8,288.14,989.25,746.010009765625,893.7899780273438,11.265333
b0_rl_b0_lcd1000_x18_20260907,2401,32,1,signal_or_other,80,67,66.43,1954.11,798.739990234375,1954.1099853515625,3.4653752
b0_rl_b0_lcd1000_x18_20260907,2401,32,1,unknown_or_exit,1,0,1308.97,1308.97,,,25.94
b0_rl_b0_lcd1000_x18_20260907,2401,32,2,ramp_R_D_E,1,0,302.7,302.7,,,38.98
b0_rl_b0_lcd1000_x18_20260907,2401,32,2,ramp_R_D_W,43,28,41.47,1026.34,774.1300048828125,1026.3399658203125,9.77093
b0_rl_b0_lcd1000_x18_20260907,2401,32,2,signal_or_other,75,58,1286.15,1954.22,1319.3499755859375,1954.219970703125,4.2342663
b0_rl_b0_lcd1000_x18_20260907,2401,32,2,unknown_or_exit,2,2,1412.5,1909.44,1412.5,1909.43994140625,1.525
b0_rl_b0_lcd1000_x18_20260907,2401,32,3,ramp_R_D_E,2,1,348.55,1412.71,1412.7099609375,1412.7099609375,19.145
b0_rl_b0_lcd1000_x18_20260907,2401,32,3,signal_or_other,76,55,116.08,1955.26,1314.22998046875,1865.56005859375,6.5247374
b0_rl_b0_lcd1000_x18_20260907,2401,32,3,unknown_or_exit,2,1,1315.54,1450.16,1450.1600341796875,1450.1600341796875,6.59
b0_rl_b0_lcd1000_x18_20260907,2551,32,1,ramp_R_D_E,23,14,216.83,1292.34,717.6500244140625,1009.0599975585938,8.622609
b0_rl_b0_lcd1000_x18_20260907,2551,32,1,ramp_R_D_W,26,10,14.51,995.91,712.3200073242188,995.9099731445312,16.68577
b0_rl_b0_lcd1000_x18_20260907,2551,32,1,signal_or_other,72,62,355.51,1954.11,898.2899780273438,1954.1099853515625,3.595139
b0_rl_b0_lcd1000_x18_20260907,2551,32,1,unknown_or_exit,1,1,1396.76,1396.76,1396.760009765625,1396.760009765625,0.0
b0_rl_b0_lcd1000_x18_20260907,2551,32,2,ramp_R_D_E,2,0,307.58,601.71,,,39.614998
b0_rl_b0_lcd1000_x18_20260907,2551,32,2,ramp_R_D_W,48,25,60.19,1024.89,714.3699951171875,1024.8900146484375,11.490833
b0_rl_b0_lcd1000_x18_20260907,2551,32,2,signal_or_other,75,60,80.49,1954.29,1393.7099609375,1954.2900390625,4.5006666
b0_rl_b0_lcd1000_x18_20260907,2551,32,2,unknown_or_exit,3,3,1405.56,1491.15,1405.56005859375,1491.1500244140625,0.0
b0_rl_b0_lcd1000_x18_20260907,2551,32,3,ramp_R_D_E,3,1,226.84,1553.3,1553.300048828125,1553.300048828125,23.710001
b0_rl_b0_lcd1000_x18_20260907,2551,32,3,signal_or_other,57,39,753.85,1936.43,1389.050048828125,1707.9100341796875,9.164386
b0_rl_b0_lcd1000_x18_20260907,2551,32,3,unknown_or_exit,4,3,1401.46,1583.91,1401.4599609375,1583.9100341796875,7.995
b0_rl_b0_lcd1000_x18_20260907,2701,32,1,ramp_R_D_E,17,5,537.64,1174.05,679.739990234375,922.1500244140625,16.497646
b0_rl_b0_lcd1000_x18_20260907,2701,32,1,ramp_R_D_W,25,7,42.94,996.52,692.8599853515625,984.1300048828125,16.7288
b0_rl_b0_lcd1000_x18_20260907,2701,32,1,signal_or_other,82,68,643.8,1954.29,685.6799926757812,1954.2900390625,3.6863415
b0_rl_b0_lcd1000_x18_20260907,2701,32,1,unknown_or_exit,1,1,1448.59,1448.59,1448.5899658203125,1448.5899658203125,0.0
b0_rl_b0_lcd1000_x18_20260907,2701,32,2,ramp_R_D_W,43,13,74.28,1021.41,673.72998046875,998.280029296875,14.067209
b0_rl_b0_lcd1000_x18_20260907,2701,32,2,signal_or_other,75,56,613.94,1953.89,1355.68994140625,1953.8900146484375,4.574267
b0_rl_b0_lcd1000_x18_20260907,2701,32,2,unknown_or_exit,3,3,1425.42,1607.96,1425.4200439453125,1607.9599609375,0.0
b0_rl_b0_lcd1000_x18_20260907,2701,32,3,ramp_R_D_E,1,1,1688.94,1688.94,1688.93994140625,1688.93994140625,0.0
b0_rl_b0_lcd1000_x18_20260907,2701,32,3,ramp_R_D_W,1,0,15.06,15.06,,,44.46
b0_rl_b0_lcd1000_x18_20260907,2701,32,3,signal_or_other,63,43,787.22,1951.09,1371.260009765625,1862.3399658203125,7.1661906
b0_rl_b0_lcd1000_x18_20260907,2701,32,3,unknown_or_exit,6,5,1504.04,1714.28,1551.8900146484375,1714.280029296875,0.84833336
b0_rl_b0_lcd1000_x18_20260907,2851,32,1,ramp_R_D_E,13,0,16.62,1321.73,,,36.02077
b0_rl_b0_lcd1000_x18_20260907,2851,32,1,ramp_R_D_W,8,0,158.92,885.21,,,39.23375
b0_rl_b0_lcd1000_x18_20260907,2851,32,1,signal_or_other,75,61,754.82,1953.84,1356.5899658203125,1953.8399658203125,4.0212
b0_rl_b0_lcd1000_x18_20260907,2851,32,1,unknown_or_exit,1,1,1502.98,1502.98,1502.97998046875,1502.97998046875,0.0
b0_rl_b0_lcd1000_x18_20260907,2851,32,2,ramp_R_D_E,1,0,377.22,377.22,,,41.9
b0_rl_b0_lcd1000_x18_20260907,2851,32,2,ramp_R_D_W,24,4,65.55,1010.84,941.1199951171875,959.2000122070312,28.981249
b0_rl_b0_lcd1000_x18_20260907,2851,32,2,signal_or_other,67,50,167.58,1954.25,1359.8399658203125,1954.25,5.418209
b0_rl_b0_lcd1000_x18_20260907,2851,32,2,unknown_or_exit,4,2,1501.71,1817.73,1501.7099609375,1584.75,15.4375
b0_rl_b0_lcd1000_x18_20260907,2851,32,3,ramp_R_D_E,1,0,1928.36,1928.36,,,31.3
b0_rl_b0_lcd1000_x18_20260907,2851,32,3,signal_or_other,74,58,195.59,1910.25,1368.239990234375,1901.31005859375,5.092703
b0_rl_b0_lcd1000_x18_20260907,2851,32,3,unknown_or_exit,5,3,1660.86,1945.04,1660.8599853515625,1851.18994140625,8.254
b0_rl_b0_lcd1000_x18_20260907,3001,32,1,ramp_R_D_E,9,2,254.51,1323.7,1316.6099853515625,1323.699951171875,28.35
b0_rl_b0_lcd1000_x18_20260907,3001,32,1,ramp_R_D_W,4,0,91.05,886.55,,,42.43
b0_rl_b0_lcd1000_x18_20260907,3001,32,1,signal_or_other,78,66,947.47,1953.92,1329.3800048828125,1953.9200439453125,3.1570513
b0_rl_b0_lcd1000_x18_20260907,3001,32,1,unknown_or_exit,1,1,1576.73,1576.73,1576.72998046875,1576.72998046875,0.0
b0_rl_b0_lcd1000_x18_20260907,3001,32,2,ramp_R_D_W,8,0,26.65,995.17,,,40.7675
b0_rl_b0_lcd1000_x18_20260907,3001,32,2,signal_or_other,82,67,168.5,1953.92,1273.4000244140625,1953.9200439453125,3.8640244
b0_rl_b0_lcd1000_x18_20260907,3001,32,2,unknown_or_exit,3,2,1576.58,1941.91,1576.5799560546875,1941.9100341796875,7.353333
b0_rl_b0_lcd1000_x18_20260907,3001,32,3,signal_or_other,72,53,227.72,1954.96,1327.699951171875,1904.6600341796875,5.8679166
b0_rl_b0_lcd1000_x18_20260907,3001,32,3,unknown_or_exit,3,1,1409.23,1932.11,1899.3499755859375,1899.3499755859375,21.466667
b0_rl_b0_lcd1000_x18_20260907,3151,32,1,ramp_R_D_E,5,0,420.01,1285.34,,,34.904
b0_rl_b0_lcd1000_x18_20260907,3151,32,1,ramp_R_D_W,11,0,6.8,1011.37,,,41.29
b0_rl_b0_lcd1000_x18_20260907,3151,32,1,signal_or_other,79,66,172.58,1954.1,1337.030029296875,1954.0999755859375,3.4372153
b0_rl_b0_lcd1000_x18_20260907,3151,32,1,unknown_or_exit,2,2,1778.0,1907.35,1778.0,1907.3499755859375,0.0
b0_rl_b0_lcd1000_x18_20260907,3151,32,2,ramp_R_D_W,13,0,2.05,872.2,,,42.00308
b0_rl_b0_lcd1000_x18_20260907,3151,32,2,signal_or_other,80,62,244.06,1954.07,1354.1199951171875,1954.0699462890625,4.6627502
b0_rl_b0_lcd1000_x18_20260907,3151,32,2,unknown_or_exit,1,1,1734.09,1734.09,1734.0899658203125,1734.0899658203125,0.63
b0_rl_b0_lcd1000_x18_20260907,3151,32,3,ramp_R_D_W,1,0,18.38,18.38,,,42.06
b0_rl_b0_lcd1000_x18_20260907,3151,32,3,signal_or_other,71,50,413.69,1952.98,1362.25,1952.97998046875,6.2559156
b0_rl_b0_lcd1000_x18_20260907,3151,32,3,unknown_or_exit,1,1,1579.87,1579.87,1579.8699951171875,1579.8699951171875,0.0
b0_rl_b0_lcd1000_x18_20260907,3301,32,1,ramp_R_D_E,11,0,446.6,1321.17,,,36.50363
b0_rl_b0_lcd1000_x18_20260907,3301,32,1,ramp_R_D_W,6,0,30.27,799.5,,,39.221664
b0_rl_b0_lcd1000_x18_20260907,3301,32,1,signal_or_other,80,71,349.39,1954.26,1344.3199462890625,1954.260009765625,3.0162501
b0_rl_b0_lcd1000_x18_20260907,3301,32,1,unknown_or_exit,3,2,659.32,1913.64,1882.8399658203125,1913.6400146484375,12.696667
b0_rl_b0_lcd1000_x18_20260907,3301,32,2,ramp_R_D_E,1,0,247.95,247.95,,,39.68
b0_rl_b0_lcd1000_x18_20260907,3301,32,2,ramp_R_D_W,13,0,75.56,948.44,,,42.365383
b0_rl_b0_lcd1000_x18_20260907,3301,32,2,signal_or_other,83,65,1284.69,1954.22,1290.4599609375,1954.219970703125,3.3157835
b0_rl_b0_lcd1000_x18_20260907,3301,32,2,unknown_or_exit,1,1,1380.15,1380.15,1380.1500244140625,1380.1500244140625,0.0
b0_rl_b0_lcd1000_x18_20260907,3301,32,3,ramp_R_D_E,2,0,145.39,243.48,,,34.415
b0_rl_b0_lcd1000_x18_20260907,3301,32,3,signal_or_other,70,48,61.0,1938.51,1339.7900390625,1709.780029296875,8.200572
b0_rl_b0_lcd1000_x18_20260907,3301,32,3,unknown_or_exit,2,2,1408.01,1689.39,1408.010009765625,1689.3900146484375,1.645
b0_rl_b0_lcd1000_x18_20260907,3451,32,1,ramp_R_D_E,4,0,199.63,1216.26,,,34.625
b0_rl_b0_lcd1000_x18_20260907,3451,32,1,ramp_R_D_W,11,0,41.78,932.53,,,42.671818
b0_rl_b0_lcd1000_x18_20260907,3451,32,1,signal_or_other,88,76,1235.58,1954.31,1345.949951171875,1954.31005859375,3.3004546
b0_rl_b0_lcd1000_x18_20260907,3451,32,2,ramp_R_D_W,12,0,84.59,1008.95,,,38.80167
b0_rl_b0_lcd1000_x18_20260907,3451,32,2,signal_or_other,72,59,1336.25,1953.73,1336.25,1953.72998046875,3.8244443
b0_rl_b0_lcd1000_x18_20260907,3451,32,2,unknown_or_exit,1,1,1472.34,1472.34,1472.3399658203125,1472.3399658203125,0.0
b0_rl_b0_lcd1000_x18_20260907,3451,32,3,ramp_R_D_E,1,0,184.8,184.8,,,45.73
b0_rl_b0_lcd1000_x18_20260907,3451,32,3,signal_or_other,66,50,297.24,1927.34,1341.75,1860.1099853515625,6.4286366
b0_rl_b0_lcd1000_x18_20260907,3451,32,3,unknown_or_exit,2,1,1376.7,1543.75,1543.75,1543.75,4.535
b0_rl_b0_lcd1000_x18_20260907,3601,32,1,ramp_R_D_E,13,3,187.05,1322.05,1309.9200439453125,1322.050048828125,28.528461
b0_rl_b0_lcd1000_x18_20260907,3601,32,1,ramp_R_D_W,11,0,76.48,993.52,,,40.332726
b0_rl_b0_lcd1000_x18_20260907,3601,32,1,signal_or_other,90,80,346.39,1954.4,1286.530029296875,1954.4000244140625,2.7735558
b0_rl_b0_lcd1000_x18_20260907,3601,32,2,ramp_R_D_W,20,0,35.36,870.12,,,37.758995
b0_rl_b0_lcd1000_x18_20260907,3601,32,2,signal_or_other,81,62,779.24,1953.73,1391.949951171875,1953.72998046875,4.518395
b0_rl_b0_lcd1000_x18_20260907,3601,32,2,unknown_or_exit,1,1,1543.75,1543.75,1543.75,1543.75,0.0
b0_rl_b0_lcd1000_x18_20260907,3601,32,3,ramp_R_D_E,1,0,192.04,192.04,,,41.75
b0_rl_b0_lcd1000_x18_20260907,3601,32,3,ramp_R_D_W,1,0,47.07,47.07,,,45.87
b0_rl_b0_lcd1000_x18_20260907,3601,32,3,signal_or_other,69,47,312.24,1953.22,1392.9000244140625,1953.219970703125,9.30855
b0_rl_b0_lcd1000_x18_20260907,3601,32,3,unknown_or_exit,2,1,1559.72,1694.37,1559.719970703125,1559.719970703125,5.855
b0_rl_b0_lcd1000_x18_20260907,3751,32,1,ramp_R_D_E,11,5,406.75,1324.51,1249.5400390625,1324.510009765625,14.34
b0_rl_b0_lcd1000_x18_20260907,3751,32,1,ramp_R_D_W,8,0,23.85,945.65,,,40.725
b0_rl_b0_lcd1000_x18_20260907,3751,32,1,signal_or_other,82,71,1330.68,1954.44,1330.6800537109375,1954.43994140625,3.065244
b0_rl_b0_lcd1000_x18_20260907,3751,32,2,ramp_R_D_E,1,0,93.55,93.55,,,42.24
b0_rl_b0_lcd1000_x18_20260907,3751,32,2,ramp_R_D_W,13,0,64.23,1008.69,,,39.89769
b0_rl_b0_lcd1000_x18_20260907,3751,32,2,signal_or_other,76,61,10.65,1954.25,1331.760009765625,1954.25,4.2273684
b0_rl_b0_lcd1000_x18_20260907,3751,32,2,unknown_or_exit,3,1,1366.45,1909.93,1366.449951171875,1366.449951171875,7.3366666
b0_rl_b0_lcd1000_x18_20260907,3751,32,3,signal_or_other,76,54,619.05,1928.44,1335.6600341796875,1884.6800537109375,5.172895
b0_rl_b0_lcd1000_x18_20260907,3751,32,3,unknown_or_exit,1,1,1663.15,1663.15,1663.1500244140625,1663.1500244140625,0.0
b0_rl_b0_lcd1000_x18_20260907,3901,32,1,ramp_R_D_E,4,0,279.26,1175.05,,,39.755
b0_rl_b0_lcd1000_x18_20260907,3901,32,1,ramp_R_D_W,4,0,198.06,641.19,,,41.765
b0_rl_b0_lcd1000_x18_20260907,3901,32,1,signal_or_other,83,69,126.74,1954.27,1328.469970703125,1954.27001953125,3.863735
b0_rl_b0_lcd1000_x18_20260907,3901,32,2,ramp_R_D_W,14,0,126.5,962.41,,,40.065712
b0_rl_b0_lcd1000_x18_20260907,3901,32,2,signal_or_other,75,57,1292.2,1954.08,1346.31005859375,1954.0799560546875,4.0417333
b0_rl_b0_lcd1000_x18_20260907,3901,32,2,unknown_or_exit,2,0,1459.45,1815.13,,,8.25
b0_rl_b0_lcd1000_x18_20260907,3901,32,3,ramp_R_D_E,1,0,197.61,197.61,,,42.5
b0_rl_b0_lcd1000_x18_20260907,3901,32,3,signal_or_other,76,59,434.52,1952.61,1372.1500244140625,1904.81005859375,4.421711
b0_rl_b0_lcd1000_x18_20260907,3901,32,3,unknown_or_exit,1,1,1911.69,1911.69,1911.68994140625,1911.68994140625,0.03
b0_rl_b0_lcd1000_x18_20260907,4051,32,1,ramp_R_D_E,5,0,426.96,1247.94,,,41.351997
b0_rl_b0_lcd1000_x18_20260907,4051,32,1,ramp_R_D_W,7,0,259.38,979.83,,,39.205715
b0_rl_b0_lcd1000_x18_20260907,4051,32,1,signal_or_other,82,69,1286.9,1954.35,1340.6700439453125,1954.3499755859375,2.7609756
b0_rl_b0_lcd1000_x18_20260907,4051,32,2,ramp_R_D_W,3,0,382.76,756.17,,,39.646667
b0_rl_b0_lcd1000_x18_20260907,4051,32,2,signal_or_other,74,55,274.02,1947.14,1328.18994140625,1947.1400146484375,5.318919
b0_rl_b0_lcd1000_x18_20260907,4051,32,2,unknown_or_exit,2,2,1513.32,1954.01,1513.3199462890625,1954.010009765625,0.0
b0_rl_b0_lcd1000_x18_20260907,4051,32,3,ramp_R_D_E,1,0,302.87,302.87,,,41.63
b0_rl_b0_lcd1000_x18_20260907,4051,32,3,signal_or_other,83,66,258.25,1953.43,1333.3599853515625,1953.4300537109375,3.7415664
b0_rl_b0_lcd1000_x18_20260907,4201,32,1,ramp_R_D_E,4,0,609.18,917.98,,,41.035
b0_rl_b0_lcd1000_x18_20260907,4201,32,1,ramp_R_D_W,4,0,591.11,1021.44,,,38.725002
b0_rl_b0_lcd1000_x18_20260907,4201,32,1,signal_or_other,85,71,175.89,1954.23,1338.4000244140625,1954.22998046875,4.2449417
b0_rl_b0_lcd1000_x18_20260907,4201,32,2,ramp_R_D_E,2,0,106.65,919.89,,,42.77
b0_rl_b0_lcd1000_x18_20260907,4201,32,2,ramp_R_D_W,6,0,346.41,895.61,,,42.481663
b0_rl_b0_lcd1000_x18_20260907,4201,32,2,signal_or_other,68,51,1333.98,1954.18,1333.97998046875,1954.1800537109375,4.9525
b0_rl_b0_lcd1000_x18_20260907,4201,32,2,unknown_or_exit,1,1,1616.18,1616.18,1616.1800537109375,1616.1800537109375,0.0
b0_rl_b0_lcd1000_x18_20260907,4201,32,3,ramp_R_D_E,1,0,159.84,159.84,,,45.22
b0_rl_b0_lcd1000_x18_20260907,4201,32,3,signal_or_other,79,59,1117.07,1953.24,1328.52001953125,1953.239990234375,4.520886
b0_rl_b0_lcd1000_x18_20260907,4351,32,1,ramp_R_D_E,9,1,389.97,1321.3,1321.300048828125,1321.300048828125,34.47111
b0_rl_b0_lcd1000_x18_20260907,4351,32,1,ramp_R_D_W,8,0,9.95,985.16,,,41.4625
b0_rl_b0_lcd1000_x18_20260907,4351,32,1,signal_or_other,81,71,1281.39,1954.43,1327.260009765625,1954.4300537109375,2.9409878
b0_rl_b0_lcd1000_x18_20260907,4351,32,2,ramp_R_D_W,5,0,297.77,947.09,,,38.926003
b0_rl_b0_lcd1000_x18_20260907,4351,32,2,signal_or_other,76,59,45.41,1954.04,1358.9200439453125,1954.0400390625,4.5711837
b0_rl_b0_lcd1000_x18_20260907,4351,32,2,unknown_or_exit,1,0,1881.9,1881.9,,,5.05
b0_rl_b0_lcd1000_x18_20260907,4351,32,3,ramp_R_D_W,2,0,9.43,49.42,,,44.1
b0_rl_b0_lcd1000_x18_20260907,4351,32,3,signal_or_other,70,47,451.02,1931.2,1348.3900146484375,1913.8599853515625,5.471
b0_rl_b0_lcd1000_x18_20260907,4501,32,1,ramp_R_D_E,4,1,834.34,1323.66,1323.6600341796875,1323.6600341796875,25.2425
b0_rl_b0_lcd1000_x18_20260907,4501,32,1,ramp_R_D_W,8,0,202.49,933.07,,,40.56125
b0_rl_b0_lcd1000_x18_20260907,4501,32,1,signal_or_other,81,71,1287.72,1954.28,1329.780029296875,1954.280029296875,2.4651852
b0_rl_b0_lcd1000_x18_20260907,4501,32,2,ramp_R_D_W,13,0,154.38,966.5,,,39.88077
b0_rl_b0_lcd1000_x18_20260907,4501,32,2,signal_or_other,75,57,945.94,1954.25,1363.3399658203125,1954.25,4.5269337
b0_rl_b0_lcd1000_x18_20260907,4501,32,3,signal_or_other,68,46,693.3,1951.67,1391.6800537109375,1771.1400146484375,6.0232353
b0_rl_b0_lcd1000_x18_20260907,4651,32,1,ramp_R_D_E,4,2,428.14,1320.39,1313.9599609375,1320.3900146484375,20.4875
b0_rl_b0_lcd1000_x18_20260907,4651,32,1,ramp_R_D_W,6,0,239.96,930.5,,,37.753338
b0_rl_b0_lcd1000_x18_20260907,4651,32,1,signal_or_other,74,65,1288.23,1954.24,1307.5999755859375,1954.239990234375,2.4255407
b0_rl_b0_lcd1000_x18_20260907,4651,32,1,unknown_or_exit,8,8,1349.64,1397.27,1349.6400146484375,1397.27001953125,0.0
b0_rl_b0_lcd1000_x18_20260907,4651,32,2,ramp_R_D_W,3,0,351.99,692.97,,,38.863335
b0_rl_b0_lcd1000_x18_20260907,4651,32,2,signal_or_other,75,59,1331.71,1954.02,1331.7099609375,1954.02001953125,3.3598666
b0_rl_b0_lcd1000_x18_20260907,4651,32,2,unknown_or_exit,2,1,196.19,1400.89,1400.8900146484375,1400.8900146484375,20.805
b0_rl_b0_lcd1000_x18_20260907,4651,32,3,signal_or_other,75,54,178.33,1944.5,1301.9000244140625,1816.3900146484375,6.5716
b0_rl_b0_lcd1000_x18_20260907,4651,32,3,unknown_or_exit,1,0,281.49,281.49,,,33.35
b0_rl_b0_lcd1000_x18_20260907,4801,32,1,ramp_R_D_E,5,0,704.06,1290.52,,,36.738
b0_rl_b0_lcd1000_x18_20260907,4801,32,1,ramp_R_D_W,3,0,7.61,838.3,,,41.156666
b0_rl_b0_lcd1000_x18_20260907,4801,32,1,signal_or_other,64,56,620.25,1954.23,1458.489990234375,1954.22998046875,2.72375
b0_rl_b0_lcd1000_x18_20260907,4801,32,1,unknown_or_exit,24,21,1271.05,1451.91,1271.050048828125,1451.9100341796875,1.2954167
b0_rl_b0_lcd1000_x18_20260907,4801,32,2,ramp_R_D_W,8,0,105.79,1019.27,,,41.93
b0_rl_b0_lcd1000_x18_20260907,4801,32,2,signal_or_other,69,51,1038.83,1954.01,1372.81005859375,1954.010009765625,5.1804347
b0_rl_b0_lcd1000_x18_20260907,4801,32,2,unknown_or_exit,10,9,1319.36,1478.14,1319.3599853515625,1478.1400146484375,1.5719999
b0_rl_b0_lcd1000_x18_20260907,4801,32,3,ramp_R_D_W,1,0,39.44,39.44,,,47.14
b0_rl_b0_lcd1000_x18_20260907,4801,32,3,signal_or_other,69,47,546.35,1951.89,1341.1300048828125,1875.06005859375,6.842754
b0_rl_b0_lcd1000_x18_20260907,4801,32,3,unknown_or_exit,1,0,1453.26,1453.26,,,15.97
b0_rl_b0_lcd1000_x18_20260907,4951,32,1,ramp_R_D_E,8,2,648.98,1314.0,1308.5,1314.0,26.8075
b0_rl_b0_lcd1000_x18_20260907,4951,32,1,ramp_R_D_W,6,0,82.19,958.35,,,36.12
b0_rl_b0_lcd1000_x18_20260907,4951,32,1,signal_or_other,49,41,1519.36,1954.17,1519.3599853515625,1954.1700439453125,4.632041
b0_rl_b0_lcd1000_x18_20260907,4951,32,1,unknown_or_exit,29,25,618.83,1512.98,1349.8499755859375,1512.97998046875,3.2403448
b0_rl_b0_lcd1000_x18_20260907,4951,32,2,ramp_R_D_E,1,0,379.36,379.36,,,41.3
b0_rl_b0_lcd1000_x18_20260907,4951,32,2,ramp_R_D_W,5,0,37.44,709.2,,,40.556
b0_rl_b0_lcd1000_x18_20260907,4951,32,2,signal_or_other,48,31,1333.64,1954.06,1333.6400146484375,1954.06005859375,7.8110423
b0_rl_b0_lcd1000_x18_20260907,4951,32,2,unknown_or_exit,19,15,1296.54,1529.29,1375.7099609375,1529.2900390625,3.369474
b0_rl_b0_lcd1000_x18_20260907,4951,32,3,ramp_R_D_W,1,0,27.41,27.41,,,43.12
b0_rl_b0_lcd1000_x18_20260907,4951,32,3,signal_or_other,67,45,1329.89,1944.86,1368.27001953125,1937.56005859375,5.9971642
b0_rl_b0_lcd1000_x18_20260907,4951,32,3,unknown_or_exit,4,2,103.51,1614.13,1520.06005859375,1614.1300048828125,14.36
b0_rl_b0_lcd1000_x18_20260907,5101,32,1,ramp_R_D_E,5,1,504.78,1313.97,1313.969970703125,1313.969970703125,29.604
b0_rl_b0_lcd1000_x18_20260907,5101,32,1,ramp_R_D_W,5,0,69.32,992.83,,,38.747997
b0_rl_b0_lcd1000_x18_20260907,5101,32,1,signal_or_other,34,30,1652.3,1954.64,1735.9000244140625,1954.6400146484375,2.2044117
b0_rl_b0_lcd1000_x18_20260907,5101,32,1,unknown_or_exit,46,38,1271.64,1710.77,1325.550048828125,1580.6099853515625,4.780435
b0_rl_b0_lcd1000_x18_20260907,5101,32,2,ramp_R_D_E,1,0,44.96,44.96,,,41.43
b0_rl_b0_lcd1000_x18_20260907,5101,32,2,ramp_R_D_W,8,0,13.71,694.42,,,41.9925
b0_rl_b0_lcd1000_x18_20260907,5101,32,2,signal_or_other,32,8,1554.66,1954.08,1554.6600341796875,1954.0799560546875,11.038437
b0_rl_b0_lcd1000_x18_20260907,5101,32,2,unknown_or_exit,36,31,776.92,1895.13,1338.52001953125,1895.1300048828125,2.9844446
b0_rl_b0_lcd1000_x18_20260907,5101,32,3,signal_or_other,41,27,1558.25,1953.15,1558.25,1953.1500244140625,6.898293
b0_rl_b0_lcd1000_x18_20260907,5101,32,3,unknown_or_exit,30,19,29.65,1674.66,1348.3699951171875,1674.6600341796875,7.5950003
b0_rl_b0_lcd1000_x18_20260907,5251,32,1,ramp_R_D_E,7,1,517.6,1327.64,1319.56005859375,1319.56005859375,28.555714
b0_rl_b0_lcd1000_x18_20260907,5251,32,1,ramp_R_D_W,2,0,493.61,676.6,,,41.445
b0_rl_b0_lcd1000_x18_20260907,5251,32,1,signal_or_other,20,20,1834.25,1954.08,1834.25,1954.0799560546875,0.0
b0_rl_b0_lcd1000_x18_20260907,5251,32,1,unknown_or_exit,61,51,246.3,1828.31,1340.6099853515625,1828.31005859375,4.701639
b0_rl_b0_lcd1000_x18_20260907,5251,32,2,ramp_R_D_E,1,0,177.61,177.61,,,46.87
b0_rl_b0_lcd1000_x18_20260907,5251,32,2,ramp_R_D_W,5,0,374.82,1013.04,,,43.696003
b0_rl_b0_lcd1000_x18_20260907,5251,32,2,signal_or_other,18,14,1804.83,1947.66,1813.699951171875,1947.6600341796875,3.4016666
b0_rl_b0_lcd1000_x18_20260907,5251,32,2,unknown_or_exit,69,58,1297.91,1954.23,1341.3399658203125,1954.22998046875,2.6856523
b0_rl_b0_lcd1000_x18_20260907,5251,32,3,ramp_R_D_E,1,0,312.41,312.41,,,42.15
b0_rl_b0_lcd1000_x18_20260907,5251,32,3,signal_or_other,19,3,1697.93,1945.49,1866.5799560546875,1887.449951171875,17.308422
b0_rl_b0_lcd1000_x18_20260907,5251,32,3,unknown_or_exit,54,44,4.89,1952.95,1336.3199462890625,1952.949951171875,4.557593
b0_rl_b0_lcd1000_x18_20260907,901,31,1,ramp_R_D_E,1,0,356.35,356.35,,,45.58
b0_rl_b0_lcd1000_x18_20260907,901,31,1,ramp_R_D_W,1,0,727.56,727.56,,,41.67
b0_rl_b0_lcd1000_x18_20260907,901,31,1,unknown_or_exit,8,0,902.04,1985.73,,,96.1725
b0_rl_b0_lcd1000_x18_20260907,901,31,2,unknown_or_exit,20,0,479.98,1846.81,,,55.9925
b0_rl_b0_lcd1000_x18_20260907,901,31,3,unknown_or_exit,12,0,451.4,1908.59,,,97.39001
b0_rl_b0_lcd1000_x18_20260907,1051,31,1,ramp_R_D_W,1,0,726.72,726.72,,,43.93
b0_rl_b0_lcd1000_x18_20260907,1051,31,1,unknown_or_exit,15,0,621.72,1976.92,,,91.41
b0_rl_b0_lcd1000_x18_20260907,1051,31,2,unknown_or_exit,12,0,657.96,1812.9,,,72.83584
b0_rl_b0_lcd1000_x18_20260907,1051,31,3,unknown_or_exit,10,0,846.9,1967.08,,,78.986
b0_rl_b0_lcd1000_x18_20260907,1201,31,1,ramp_R_D_W,1,0,26.66,26.66,,,40.04
b0_rl_b0_lcd1000_x18_20260907,1201,31,1,unknown_or_exit,12,0,856.74,1300.45,,,54.393337
b0_rl_b0_lcd1000_x18_20260907,1201,31,2,unknown_or_exit,18,0,384.95,1911.65,,,51.962227
b0_rl_b0_lcd1000_x18_20260907,1201,31,3,unknown_or_exit,12,0,819.41,1615.22,,,49.975002
b0_rl_b0_lcd1000_x18_20260907,1351,31,1,ramp_R_D_W,1,0,162.36,162.36,,,40.95
b0_rl_b0_lcd1000_x18_20260907,1351,31,1,unknown_or_exit,11,0,660.86,1938.17,,,101.49999
b0_rl_b0_lcd1000_x18_20260907,1351,31,2,unknown_or_exit,16,0,376.92,1929.42,,,55.8525
b0_rl_b0_lcd1000_x18_20260907,1351,31,3,unknown_or_exit,4,0,1298.41,1955.31,,,70.91
b0_rl_b0_lcd1000_x18_20260907,1501,31,1,unknown_or_exit,14,0,936.37,1962.22,,,95.58
b0_rl_b0_lcd1000_x18_20260907,1501,31,2,unknown_or_exit,13,0,942.54,1955.29,,,57.590767
b0_rl_b0_lcd1000_x18_20260907,1501,31,3,unknown_or_exit,7,0,983.46,1949.63,,,72.62144
b0_rl_b0_lcd1000_x18_20260907,1651,31,1,unknown_or_exit,12,0,872.63,1896.87,,,106.54251
b0_rl_b0_lcd1000_x18_20260907,1651,31,2,unknown_or_exit,15,0,1001.0,1782.19,,,42.418007
b0_rl_b0_lcd1000_x18_20260907,1651,31,3,unknown_or_exit,7,0,953.16,1353.89,,,60.811428
b0_rl_b0_lcd1000_x18_20260907,1801,31,1,ramp_R_D_E,1,0,362.88,362.88,,,41.1
b0_rl_b0_lcd1000_x18_20260907,1801,31,1,ramp_R_D_W,1,0,722.75,722.75,,,43.57
b0_rl_b0_lcd1000_x18_20260907,1801,31,1,unknown_or_exit,17,0,623.13,1569.72,,,70.15
b0_rl_b0_lcd1000_x18_20260907,1801,31,2,unknown_or_exit,18,0,475.92,1878.93,,,53.487778
b0_rl_b0_lcd1000_x18_20260907,1801,31,3,unknown_or_exit,14,0,823.52,1929.07,,,75.62357
b0_rl_b0_lcd1000_x18_20260907,1951,31,1,ramp_R_D_E,1,0,359.39,359.39,,,31.24
b0_rl_b0_lcd1000_x18_20260907,1951,31,1,ramp_R_D_W,3,0,148.99,680.85,,,43.506668
b0_rl_b0_lcd1000_x18_20260907,1951,31,1,unknown_or_exit,11,0,890.98,1895.59,,,73.994545
b0_rl_b0_lcd1000_x18_20260907,1951,31,2,unknown_or_exit,21,0,397.34,1961.84,,,55.452858
b0_rl_b0_lcd1000_x18_20260907,1951,31,3,unknown_or_exit,14,0,726.1,1950.03,,,71.935715
b0_rl_b0_lcd1000_x18_20260907,2101,31,1,ramp_R_D_W,1,0,599.04,599.04,,,40.83
b0_rl_b0_lcd1000_x18_20260907,2101,31,1,unknown_or_exit,10,0,696.12,1749.98,,,80.666
b0_rl_b0_lcd1000_x18_20260907,2101,31,2,unknown_or_exit,14,0,487.95,1676.98,,,48.801426
b0_rl_b0_lcd1000_x18_20260907,2101,31,3,unknown_or_exit,4,0,816.56,1377.79,,,60.4775
b0_rl_b0_lcd1000_x18_20260907,2251,31,1,ramp_R_D_W,4,4,715.1,731.88,715.0999755859375,731.8800048828125,0.0
b0_rl_b0_lcd1000_x18_20260907,2251,31,1,unknown_or_exit,16,0,127.32,1913.47,,,79.69063
b0_rl_b0_lcd1000_x18_20260907,2251,31,2,unknown_or_exit,19,0,492.05,1948.59,,,48.60105
b0_rl_b0_lcd1000_x18_20260907,2251,31,3,unknown_or_exit,4,0,877.34,1587.82,,,60.140003
b0_rl_b0_lcd1000_x18_20260907,2401,31,1,ramp_R_D_E,3,0,16.89,152.91,,,43.97
b0_rl_b0_lcd1000_x18_20260907,2401,31,1,ramp_R_D_W,3,0,691.12,726.66,,,23.786667
b0_rl_b0_lcd1000_x18_20260907,2401,31,1,unknown_or_exit,13,0,1011.97,1971.96,,,83.886154
b0_rl_b0_lcd1000_x18_20260907,2401,31,2,unknown_or_exit,10,0,689.85,1894.4,,,46.496998
b0_rl_b0_lcd1000_x18_20260907,2401,31,3,unknown_or_exit,4,0,899.95,1864.25,,,71.56
b0_rl_b0_lcd1000_x18_20260907,2551,31,1,ramp_R_D_E,2,0,213.83,378.62,,,36.79
b0_rl_b0_lcd1000_x18_20260907,2551,31,1,ramp_R_D_W,5,0,636.66,713.41,,,29.006
b0_rl_b0_lcd1000_x18_20260907,2551,31,1,unknown_or_exit,11,0,907.86,1950.15,,,84.48455
b0_rl_b0_lcd1000_x18_20260907,2551,31,2,ramp_R_D_W,1,0,1950.8,1950.8,,,32.47
b0_rl_b0_lcd1000_x18_20260907,2551,31,2,unknown_or_exit,12,0,398.04,1897.58,,,43.352497
b0_rl_b0_lcd1000_x18_20260907,2551,31,3,unknown_or_exit,5,0,1418.55,1945.81,,,92.159996
b0_rl_b0_lcd1000_x18_20260907,2701,31,1,ramp_R_D_W,2,0,170.67,685.45,,,39.86
b0_rl_b0_lcd1000_x18_20260907,2701,31,1,unknown_or_exit,7,0,887.53,1939.54,,,82.35429
b0_rl_b0_lcd1000_x18_20260907,2701,31,2,unknown_or_exit,10,0,442.57,1971.17,,,41.531
b0_rl_b0_lcd1000_x18_20260907,2701,31,3,unknown_or_exit,7,0,888.74,1843.71,,,60.37571
b0_rl_b0_lcd1000_x18_20260907,2851,31,1,ramp_R_D_W,2,0,547.14,730.19,,,43.395
b0_rl_b0_lcd1000_x18_20260907,2851,31,1,unknown_or_exit,9,0,1067.13,1981.34,,,90.251114
b0_rl_b0_lcd1000_x18_20260907,2851,31,2,unknown_or_exit,11,0,535.96,1961.12,,,58.361816
b0_rl_b0_lcd1000_x18_20260907,2851,31,3,unknown_or_exit,7,0,610.66,1845.26,,,75.67
b0_rl_b0_lcd1000_x18_20260907,3001,31,1,ramp_R_D_E,4,0,184.64,403.11,,,37.9575
b0_rl_b0_lcd1000_x18_20260907,3001,31,1,ramp_R_D_W,4,0,56.53,715.04,,,36.8775
b0_rl_b0_lcd1000_x18_20260907,3001,31,1,unknown_or_exit,14,0,875.75,1973.4,,,86.06213
b0_rl_b0_lcd1000_x18_20260907,3001,31,2,unknown_or_exit,15,0,419.89,1960.58,,,45.14467
b0_rl_b0_lcd1000_x18_20260907,3001,31,3,unknown_or_exit,4,0,946.09,1222.4,,,60.262505
b0_rl_b0_lcd1000_x18_20260907,3151,31,1,ramp_R_D_W,2,0,594.45,719.69,,,53.215
b0_rl_b0_lcd1000_x18_20260907,3151,31,1,unknown_or_exit,9,0,993.39,1804.23,,,85.013336
b0_rl_b0_lcd1000_x18_20260907,3151,31,2,unknown_or_exit,10,0,505.41,1928.68,,,39.701
b0_rl_b0_lcd1000_x18_20260907,3151,31,3,unknown_or_exit,7,0,561.81,1907.06,,,54.71143
b0_rl_b0_lcd1000_x18_20260907,3301,31,1,ramp_R_D_W,2,0,676.87,719.62,,,39.63
b0_rl_b0_lcd1000_x18_20260907,3301,31,1,unknown_or_exit,9,0,1037.56,1945.97,,,67.52778
b0_rl_b0_lcd1000_x18_20260907,3301,31,2,unknown_or_exit,13,0,661.92,1930.95,,,55.413082
b0_rl_b0_lcd1000_x18_20260907,3301,31,3,unknown_or_exit,14,0,979.4,1914.33,,,80.94572
b0_rl_b0_lcd1000_x18_20260907,3451,31,1,ramp_R_D_E,2,0,112.88,360.29,,,36.845
b0_rl_b0_lcd1000_x18_20260907,3451,31,1,ramp_R_D_W,4,0,668.64,716.98,,,31.712498
b0_rl_b0_lcd1000_x18_20260907,3451,31,1,unknown_or_exit,18,0,901.94,1802.47,,,76.00667
b0_rl_b0_lcd1000_x18_20260907,3451,31,2,unknown_or_exit,18,0,545.09,1853.98,,,57.999443
b0_rl_b0_lcd1000_x18_20260907,3451,31,3,unknown_or_exit,14,0,1215.36,1896.37,,,80.92643
b0_rl_b0_lcd1000_x18_20260907,3601,31,1,ramp_R_D_E,2,0,82.16,367.31,,,38.135002
b0_rl_b0_lcd1000_x18_20260907,3601,31,1,ramp_R_D_W,2,0,625.37,647.58,,,33.72
b0_rl_b0_lcd1000_x18_20260907,3601,31,1,unknown_or_exit,9,0,785.25,1488.69,,,66.62222
b0_rl_b0_lcd1000_x18_20260907,3601,31,2,unknown_or_exit,20,0,405.18,1870.66,,,42.397
b0_rl_b0_lcd1000_x18_20260907,3601,31,3,unknown_or_exit,2,0,1385.22,1422.71,,,72.75
b0_rl_b0_lcd1000_x18_20260907,3751,31,1,ramp_R_D_W,1,0,642.38,642.38,,,42.43
b0_rl_b0_lcd1000_x18_20260907,3751,31,1,unknown_or_exit,6,0,925.64,1974.1,,,75.965004
b0_rl_b0_lcd1000_x18_20260907,3751,31,2,unknown_or_exit,15,0,549.11,1883.47,,,51.280663
b0_rl_b0_lcd1000_x18_20260907,3751,31,3,unknown_or_exit,8,0,1344.97,1766.21,,,87.215
b0_rl_b0_lcd1000_x18_20260907,3901,31,1,ramp_R_D_E,1,0,336.92,336.92,,,40.72
b0_rl_b0_lcd1000_x18_20260907,3901,31,1,ramp_R_D_W,1,0,452.83,452.83,,,31.98
b0_rl_b0_lcd1000_x18_20260907,3901,31,1,unknown_or_exit,8,0,107.77,1522.84,,,79.20625
b0_rl_b0_lcd1000_x18_20260907,3901,31,2,unknown_or_exit,11,0,444.79,1852.12,,,68.72181
b0_rl_b0_lcd1000_x18_20260907,3901,31,3,unknown_or_exit,6,0,732.39,1940.45,,,89.08666
b0_rl_b0_lcd1000_x18_20260907,4051,31,1,unknown_or_exit,7,0,1033.58,1875.58,,,73.00429
b0_rl_b0_lcd1000_x18_20260907,4051,31,2,unknown_or_exit,12,0,426.7,1949.98,,,52.135
b0_rl_b0_lcd1000_x18_20260907,4051,31,3,unknown_or_exit,14,0,717.93,1953.8,,,75.20857
b0_rl_b0_lcd1000_x18_20260907,4201,31,1,ramp_R_D_W,1,0,669.41,669.41,,,44.75
b0_rl_b0_lcd1000_x18_20260907,4201,31,1,unknown_or_exit,8,0,945.99,1715.18,,,83.00625
b0_rl_b0_lcd1000_x18_20260907,4201,31,2,unknown_or_exit,11,0,366.18,1633.8,,,58.98363
b0_rl_b0_lcd1000_x18_20260907,4201,31,3,unknown_or_exit,2,0,766.31,1941.74,,,109.375
b0_rl_b0_lcd1000_x18_20260907,4351,31,1,ramp_R_D_E,1,0,127.55,127.55,,,47.37
b0_rl_b0_lcd1000_x18_20260907,4351,31,1,unknown_or_exit,15,0,790.78,1979.38,,,82.184
b0_rl_b0_lcd1000_x18_20260907,4351,31,2,unknown_or_exit,8,0,793.5,1877.03,,,42.08
b0_rl_b0_lcd1000_x18_20260907,4351,31,3,unknown_or_exit,4,0,1346.83,1434.74,,,72.2725
b0_rl_b0_lcd1000_x18_20260907,4501,31,1,ramp_R_D_E,2,0,61.43,82.33,,,43.665
b0_rl_b0_lcd1000_x18_20260907,4501,31,1,ramp_R_D_W,1,1,731.79,731.79,731.7899780273438,731.7899780273438,0.0
b0_rl_b0_lcd1000_x18_20260907,4501,31,1,unknown_or_exit,9,0,930.28,1979.84,,,84.88222
b0_rl_b0_lcd1000_x18_20260907,4501,31,2,unknown_or_exit,7,0,564.37,1729.44,,,44.677147
b0_rl_b0_lcd1000_x18_20260907,4501,31,3,unknown_or_exit,5,0,1011.94,1984.55,,,67.13799
b0_rl_b0_lcd1000_x18_20260907,4651,31,1,ramp_R_D_W,2,0,210.01,698.23,,,38.17
b0_rl_b0_lcd1000_x18_20260907,4651,31,1,unknown_or_exit,3,0,1193.63,1681.51,,,92.63999
b0_rl_b0_lcd1000_x18_20260907,4651,31,2,unknown_or_exit,2,0,370.13,1319.01,,,64.375
b0_rl_b0_lcd1000_x18_20260907,4651,31,3,unknown_or_exit,3,0,1060.04,1576.72,,,54.789997
b0_rl_b0_lcd1000_x18_20260907,4801,31,1,ramp_R_D_W,6,5,179.62,731.17,708.1099853515625,731.1699829101562,6.84
b0_rl_b0_lcd1000_x18_20260907,4801,31,1,unknown_or_exit,11,0,902.75,1596.93,,,85.80455
b0_rl_b0_lcd1000_x18_20260907,4801,31,2,unknown_or_exit,11,0,1034.83,1826.09,,,42.774548
b0_rl_b0_lcd1000_x18_20260907,4801,31,3,unknown_or_exit,4,0,953.81,1578.19,,,70.862495
b0_rl_b0_lcd1000_x18_20260907,4951,31,1,ramp_R_D_W,1,0,236.97,236.97,,,40.31
b0_rl_b0_lcd1000_x18_20260907,4951,31,1,unknown_or_exit,13,0,671.44,1972.65,,,85.98847
b0_rl_b0_lcd1000_x18_20260907,4951,31,2,unknown_or_exit,10,0,354.57,1963.77,,,55.170998
b0_rl_b0_lcd1000_x18_20260907,4951,31,3,unknown_or_exit,5,0,1156.9,1698.6,,,62.456
b0_rl_b0_lcd1000_x18_20260907,5101,31,1,unknown_or_exit,12,0,1027.66,1972.2,,,85.89167
b0_rl_b0_lcd1000_x18_20260907,5101,31,2,unknown_or_exit,4,0,970.12,1825.51,,,55.392506
b0_rl_b0_lcd1000_x18_20260907,5101,31,3,unknown_or_exit,3,0,1128.25,1777.72,,,66.24333
b0_rl_b0_lcd1000_x18_20260907,5251,31,1,ramp_R_D_E,1,0,170.2,170.2,,,39.48
b0_rl_b0_lcd1000_x18_20260907,5251,31,1,ramp_R_D_W,2,0,530.11,641.37,,,36.864998
b0_rl_b0_lcd1000_x18_20260907,5251,31,1,unknown_or_exit,24,0,635.15,1670.5,,,59.824585
b0_rl_b0_lcd1000_x18_20260907,5251,31,2,unknown_or_exit,21,0,655.12,1876.28,,,48.263332
b0_rl_b0_lcd1000_x18_20260907,5251,31,3,unknown_or_exit,10,0,969.09,1611.31,,,52.865997
b0_rl_b0_lcd1000_x18_20260907,901,68,1,ramp_R_F_W,9,0,64.49,351.75,,,20.973333
b0_rl_b0_lcd1000_x18_20260907,901,68,1,unknown_or_exit,18,0,87.45,1980.58,,,102.22389
b0_rl_b0_lcd1000_x18_20260907,901,68,2,unknown_or_exit,8,0,271.85,1972.74,,,75.46125
b0_rl_b0_lcd1000_x18_20260907,901,68,3,unknown_or_exit,9,0,373.24,1968.35,,,77.405556
b0_rl_b0_lcd1000_x18_20260907,901,68,4,unknown_or_exit,6,0,529.18,2009.99,,,88.12333
b0_rl_b0_lcd1000_x18_20260907,1051,68,1,ramp_R_F_W,8,1,188.95,348.83,222.1699981689453,222.1699981689453,21.92
b0_rl_b0_lcd1000_x18_20260907,1051,68,1,unknown_or_exit,19,0,245.88,1922.55,,,109.41579
b0_rl_b0_lcd1000_x18_20260907,1051,68,2,unknown_or_exit,10,0,326.95,1845.69,,,90.380005
b0_rl_b0_lcd1000_x18_20260907,1051,68,3,unknown_or_exit,8,0,502.06,1762.28,,,109.84625
b0_rl_b0_lcd1000_x18_20260907,1051,68,4,unknown_or_exit,5,0,405.75,1746.07,,,70.828
b0_rl_b0_lcd1000_x18_20260907,1201,68,1,ramp_R_F_W,16,5,97.54,334.88,137.3699951171875,228.1300048828125,13.2143755
b0_rl_b0_lcd1000_x18_20260907,1201,68,1,unknown_or_exit,14,0,714.92,1928.39,,,111.742134
b0_rl_b0_lcd1000_x18_20260907,1201,68,2,unknown_or_exit,11,0,283.69,1792.86,,,100.77454
b0_rl_b0_lcd1000_x18_20260907,1201,68,3,unknown_or_exit,6,0,295.02,1705.89,,,71.835
b0_rl_b0_lcd1000_x18_20260907,1201,68,4,unknown_or_exit,5,0,499.57,2013.37,,,86.840004
b0_rl_b0_lcd1000_x18_20260907,1351,68,1,ramp_R_F_W,4,1,227.22,331.82,235.52000427246094,235.52000427246094,22.0275
b0_rl_b0_lcd1000_x18_20260907,1351,68,1,unknown_or_exit,9,0,17.01,1847.92,,,112.568886
b0_rl_b0_lcd1000_x18_20260907,1351,68,2,unknown_or_exit,8,0,243.61,1987.22,,,85.08375
b0_rl_b0_lcd1000_x18_20260907,1351,68,3,unknown_or_exit,7,0,379.01,1725.68,,,89.33571
b0_rl_b0_lcd1000_x18_20260907,1351,68,4,unknown_or_exit,8,0,462.76,1702.82,,,63.565002
b0_rl_b0_lcd1000_x18_20260907,1501,68,1,ramp_R_F_W,8,2,13.93,340.25,214.6300048828125,223.4199981689453,34.82125
b0_rl_b0_lcd1000_x18_20260907,1501,68,1,unknown_or_exit,13,1,244.79,1797.84,244.7899932861328,244.7899932861328,100.53308
b0_rl_b0_lcd1000_x18_20260907,1501,68,2,unknown_or_exit,9,0,314.38,1972.81,,,82.486664
b0_rl_b0_lcd1000_x18_20260907,1501,68,3,unknown_or_exit,13,0,263.53,1918.28,,,84.90385
b0_rl_b0_lcd1000_x18_20260907,1501,68,4,unknown_or_exit,8,0,794.8,1929.04,,,97.07
b0_rl_b0_lcd1000_x18_20260907,1651,68,1,ramp_R_F_W,19,1,29.82,264.13,241.1300048828125,241.1300048828125,13.11
b0_rl_b0_lcd1000_x18_20260907,1651,68,1,unknown_or_exit,10,0,244.8,1912.45,,,90.902
b0_rl_b0_lcd1000_x18_20260907,1651,68,2,unknown_or_exit,9,0,295.83,1976.94,,,93.013336
b0_rl_b0_lcd1000_x18_20260907,1651,68,3,unknown_or_exit,10,0,758.42,1963.45,,,93.302
b0_rl_b0_lcd1000_x18_20260907,1651,68,4,unknown_or_exit,10,0,367.19,1738.39,,,82.963
b0_rl_b0_lcd1000_x18_20260907,1801,68,1,ramp_R_F_W,18,3,78.34,322.63,85.83999633789062,98.5999984741211,13.579444
b0_rl_b0_lcd1000_x18_20260907,1801,68,1,unknown_or_exit,21,1,244.85,1852.29,244.85000610351562,244.85000610351562,78.92905
b0_rl_b0_lcd1000_x18_20260907,1801,68,2,unknown_or_exit,11,0,270.58,1805.51,,,72.25091
b0_rl_b0_lcd1000_x18_20260907,1801,68,3,ramp_R_F_E,1,0,945.75,945.75,,,98.3
b0_rl_b0_lcd1000_x18_20260907,1801,68,3,unknown_or_exit,6,0,438.47,1820.85,,,69.098335
b0_rl_b0_lcd1000_x18_20260907,1801,68,4,unknown_or_exit,10,0,338.59,1846.9,,,80.766
b0_rl_b0_lcd1000_x18_20260907,1951,68,1,ramp_R_F_W,17,10,12.23,305.36,146.24000549316406,228.32000732421875,13.204118
b0_rl_b0_lcd1000_x18_20260907,1951,68,1,unknown_or_exit,23,0,372.65,1826.25,,,83.653046
b0_rl_b0_lcd1000_x18_20260907,1951,68,2,unknown_or_exit,12,0,251.46,2009.18,,,84.300835
b0_rl_b0_lcd1000_x18_20260907,1951,68,3,unknown_or_exit,9,0,357.19,1628.28,,,63.07222
b0_rl_b0_lcd1000_x18_20260907,1951,68,4,unknown_or_exit,5,0,749.68,1568.92,,,71.812
b0_rl_b0_lcd1000_x18_20260907,2101,68,1,ramp_R_F_E,1,1,223.03,223.03,223.02999877929688,223.02999877929688,0.8
b0_rl_b0_lcd1000_x18_20260907,2101,68,1,ramp_R_F_W,16,3,71.13,293.9,77.5999984741211,231.63999938964844,14.046875
b0_rl_b0_lcd1000_x18_20260907,2101,68,1,unknown_or_exit,14,0,264.28,1968.63,,,77.40429
b0_rl_b0_lcd1000_x18_20260907,2101,68,2,unknown_or_exit,15,0,266.18,1968.59,,,73.061325
b0_rl_b0_lcd1000_x18_20260907,2101,68,3,unknown_or_exit,8,0,679.81,1647.59,,,86.455
b0_rl_b0_lcd1000_x18_20260907,2101,68,4,unknown_or_exit,5,0,996.04,1603.7,,,60.024
b0_rl_b0_lcd1000_x18_20260907,2251,68,1,ramp_R_F_W,15,3,109.54,301.63,109.54000091552734,220.60000610351562,16.057335
b0_rl_b0_lcd1000_x18_20260907,2251,68,1,unknown_or_exit,15,0,357.42,1956.8,,,80.59733
b0_rl_b0_lcd1000_x18_20260907,2251,68,2,unknown_or_exit,10,0,422.23,1988.13,,,86.169
b0_rl_b0_lcd1000_x18_20260907,2251,68,3,unknown_or_exit,10,0,442.73,1977.91,,,80.328
b0_rl_b0_lcd1000_x18_20260907,2251,68,4,unknown_or_exit,7,0,540.71,1992.19,,,87.90287
b0_rl_b0_lcd1000_x18_20260907,2401,68,1,ramp_R_F_W,19,7,68.22,769.18,68.22000122070312,233.66000366210938,15.102107
b0_rl_b0_lcd1000_x18_20260907,2401,68,1,unknown_or_exit,10,0,245.2,1839.7,,,77.496
b0_rl_b0_lcd1000_x18_20260907,2401,68,2,unknown_or_exit,7,0,273.96,1980.88,,,89.93
b0_rl_b0_lcd1000_x18_20260907,2401,68,3,unknown_or_exit,12,0,241.68,1774.22,,,78.285
b0_rl_b0_lcd1000_x18_20260907,2401,68,4,unknown_or_exit,6,0,361.22,1498.72,,,84.136665
b0_rl_b0_lcd1000_x18_20260907,2551,68,1,ramp_R_F_W,26,9,9.04,350.58,65.38999938964844,216.1199951171875,13.706539
b0_rl_b0_lcd1000_x18_20260907,2551,68,1,unknown_or_exit,16,0,242.15,1870.43,,,79.26624
b0_rl_b0_lcd1000_x18_20260907,2551,68,2,unknown_or_exit,14,0,263.79,1798.31,,,89.91428
b0_rl_b0_lcd1000_x18_20260907,2551,68,3,unknown_or_exit,11,0,363.46,1992.93,,,64.57
b0_rl_b0_lcd1000_x18_20260907,2551,68,4,unknown_or_exit,9,0,507.05,1959.67,,,83.93445
b0_rl_b0_lcd1000_x18_20260907,2701,68,1,ramp_R_F_W,22,1,4.64,342.66,204.1699981689453,204.1699981689453,17.015455
b0_rl_b0_lcd1000_x18_20260907,2701,68,1,unknown_or_exit,16,0,603.16,1995.22,,,83.683754
b0_rl_b0_lcd1000_x18_20260907,2701,68,2,ramp_R_F_E,1,0,91.26,91.26,,,42.31
b0_rl_b0_lcd1000_x18_20260907,2701,68,2,ramp_R_F_W,1,0,241.63,241.63,,,41.15
b0_rl_b0_lcd1000_x18_20260907,2701,68,2,unknown_or_exit,15,0,17.3,2003.0,,,86.756004
b0_rl_b0_lcd1000_x18_20260907,2701,68,3,unknown_or_exit,8,0,374.0,1823.76,,,95.3725
b0_rl_b0_lcd1000_x18_20260907,2701,68,4,unknown_or_exit,5,0,518.45,1793.74,,,73.632
b0_rl_b0_lcd1000_x18_20260907,2851,68,1,ramp_R_F_W,13,1,113.48,330.21,227.24000549316406,227.24000549316406,18.78
b0_rl_b0_lcd1000_x18_20260907,2851,68,1,unknown_or_exit,15,0,241.41,1877.04,,,80.03666
b0_rl_b0_lcd1000_x18_20260907,2851,68,2,ramp_R_F_W,1,0,1919.68,1919.68,,,36.97
b0_rl_b0_lcd1000_x18_20260907,2851,68,2,unknown_or_exit,9,0,472.72,1944.94,,,76.613335
b0_rl_b0_lcd1000_x18_20260907,2851,68,3,unknown_or_exit,10,0,293.76,1805.76,,,80.54399
b0_rl_b0_lcd1000_x18_20260907,2851,68,4,unknown_or_exit,7,0,489.98,1694.53,,,83.79857
b0_rl_b0_lcd1000_x18_20260907,3001,68,1,ramp_R_F_W,8,0,141.18,336.27,,,31.99125
b0_rl_b0_lcd1000_x18_20260907,3001,68,1,unknown_or_exit,27,0,240.07,1993.82,,,78.72963
b0_rl_b0_lcd1000_x18_20260907,3001,68,2,unknown_or_exit,15,0,239.68,1841.45,,,75.08733
b0_rl_b0_lcd1000_x18_20260907,3001,68,3,unknown_or_exit,14,0,383.71,1923.07,,,80.69786
b0_rl_b0_lcd1000_x18_20260907,3001,68,4,unknown_or_exit,14,0,538.83,1695.17,,,87.170715
b0_rl_b0_lcd1000_x18_20260907,3151,68,1,ramp_R_F_W,9,1,175.6,343.03,220.99000549316406,220.99000549316406,20.491112
b0_rl_b0_lcd1000_x18_20260907,3151,68,1,unknown_or_exit,16,1,238.77,1753.54,238.77000427246094,238.77000427246094,73.33937
b0_rl_b0_lcd1000_x18_20260907,3151,68,2,unknown_or_exit,14,0,304.25,1963.16,,,84.80286
b0_rl_b0_lcd1000_x18_20260907,3151,68,3,unknown_or_exit,11,0,315.14,1893.49,,,79.64727
b0_rl_b0_lcd1000_x18_20260907,3151,68,4,unknown_or_exit,6,0,660.19,1776.76,,,90.68667
b0_rl_b0_lcd1000_x18_20260907,3301,68,1,ramp_R_F_W,5,2,8.52,322.7,226.1199951171875,232.6999969482422,26.820002
b0_rl_b0_lcd1000_x18_20260907,3301,68,1,unknown_or_exit,18,0,273.07,1988.64,,,83.26667
b0_rl_b0_lcd1000_x18_20260907,3301,68,2,ramp_R_F_W,1,0,895.2,895.2,,,79.35
b0_rl_b0_lcd1000_x18_20260907,3301,68,2,unknown_or_exit,15,0,289.13,1899.88,,,73.91467
b0_rl_b0_lcd1000_x18_20260907,3301,68,3,unknown_or_exit,7,0,367.98,1885.51,,,70.42857
b0_rl_b0_lcd1000_x18_20260907,3301,68,4,unknown_or_exit,8,0,479.41,1962.35,,,92.417496
b0_rl_b0_lcd1000_x18_20260907,3451,68,1,ramp_R_F_W,5,0,231.47,1865.73,,,40.432
b0_rl_b0_lcd1000_x18_20260907,3451,68,1,unknown_or_exit,20,0,254.82,1947.41,,,79.888
b0_rl_b0_lcd1000_x18_20260907,3451,68,2,unknown_or_exit,10,0,345.7,1995.56,,,72.83
b0_rl_b0_lcd1000_x18_20260907,3451,68,3,unknown_or_exit,11,0,273.48,1900.4,,,90.880905
b0_rl_b0_lcd1000_x18_20260907,3451,68,4,unknown_or_exit,8,0,415.85,1799.48,,,84.231255
b0_rl_b0_lcd1000_x18_20260907,3601,68,1,ramp_R_F_W,10,3,158.52,298.44,186.6699981689453,241.69000244140625,15.378001
b0_rl_b0_lcd1000_x18_20260907,3601,68,1,unknown_or_exit,14,0,246.1,1947.18,,,79.752144
b0_rl_b0_lcd1000_x18_20260907,3601,68,2,unknown_or_exit,7,0,473.56,1956.12,,,117.37856
b0_rl_b0_lcd1000_x18_20260907,3601,68,3,unknown_or_exit,6,0,488.45,1909.3,,,92.99334
b0_rl_b0_lcd1000_x18_20260907,3601,68,4,unknown_or_exit,4,0,383.09,1812.93,,,111.96
b0_rl_b0_lcd1000_x18_20260907,3751,68,1,ramp_R_F_W,10,1,169.81,333.56,208.8000030517578,208.8000030517578,17.767002
b0_rl_b0_lcd1000_x18_20260907,3751,68,1,unknown_or_exit,22,0,263.59,1849.63,,,82.656364
b0_rl_b0_lcd1000_x18_20260907,3751,68,2,unknown_or_exit,10,0,240.49,1898.59,,,67.757
b0_rl_b0_lcd1000_x18_20260907,3751,68,3,unknown_or_exit,9,0,317.94,1909.42,,,93.25
b0_rl_b0_lcd1000_x18_20260907,3751,68,4,unknown_or_exit,11,0,531.25,1807.17,,,90.78999
b0_rl_b0_lcd1000_x18_20260907,3901,68,1,ramp_R_F_W,8,0,183.16,325.49,,,17.001251
b0_rl_b0_lcd1000_x18_20260907,3901,68,1,unknown_or_exit,17,0,597.96,1890.92,,,80.25117
b0_rl_b0_lcd1000_x18_20260907,3901,68,2,unknown_or_exit,13,0,273.19,1984.91,,,80.42077
b0_rl_b0_lcd1000_x18_20260907,3901,68,3,unknown_or_exit,10,0,936.07,1989.9,,,87.647
b0_rl_b0_lcd1000_x18_20260907,3901,68,4,unknown_or_exit,9,0,353.64,1997.73,,,75.346664
b0_rl_b0_lcd1000_x18_20260907,4051,68,1,ramp_R_F_W,3,0,186.09,326.71,,,46.22333
b0_rl_b0_lcd1000_x18_20260907,4051,68,1,unknown_or_exit,10,0,242.74,1991.56,,,75.93199
b0_rl_b0_lcd1000_x18_20260907,4051,68,2,unknown_or_exit,13,0,261.39,2003.62,,,82.96
b0_rl_b0_lcd1000_x18_20260907,4051,68,3,unknown_or_exit,10,0,327.69,1864.58,,,87.332
b0_rl_b0_lcd1000_x18_20260907,4051,68,4,unknown_or_exit,6,0,550.02,1595.68,,,67.54667
b0_rl_b0_lcd1000_x18_20260907,4201,68,1,ramp_R_F_W,8,1,176.63,331.54,240.14999389648438,240.14999389648438,18.69375
b0_rl_b0_lcd1000_x18_20260907,4201,68,1,unknown_or_exit,12,0,418.67,1754.49,,,79.32749
b0_rl_b0_lcd1000_x18_20260907,4201,68,2,unknown_or_exit,12,0,231.9,1817.57,,,79.07084
b0_rl_b0_lcd1000_x18_20260907,4201,68,3,unknown_or_exit,8,0,469.66,1996.04,,,84.9625
b0_rl_b0_lcd1000_x18_20260907,4201,68,4,unknown_or_exit,10,0,345.21,1987.95,,,94.256
b0_rl_b0_lcd1000_x18_20260907,4351,68,1,ramp_R_F_W,7,1,206.13,338.29,222.44000244140625,222.44000244140625,21.270002
b0_rl_b0_lcd1000_x18_20260907,4351,68,1,unknown_or_exit,14,0,239.62,1993.27,,,81.872856
b0_rl_b0_lcd1000_x18_20260907,4351,68,2,unknown_or_exit,7,0,253.45,1924.9,,,82.24428
b0_rl_b0_lcd1000_x18_20260907,4351,68,3,unknown_or_exit,6,0,312.98,1929.06,,,83.63
b0_rl_b0_lcd1000_x18_20260907,4351,68,4,unknown_or_exit,6,0,652.07,1914.74,,,87.59667
b0_rl_b0_lcd1000_x18_20260907,4501,68,1,ramp_R_F_W,4,0,217.43,294.34,,,34.03
b0_rl_b0_lcd1000_x18_20260907,4501,68,1,unknown_or_exit,10,1,244.02,1803.35,244.02000427246094,244.02000427246094,81.840996
b0_rl_b0_lcd1000_x18_20260907,4501,68,2,unknown_or_exit,9,0,254.17,2011.8,,,93.65444
b0_rl_b0_lcd1000_x18_20260907,4501,68,3,ramp_R_F_W,1,0,1751.52,1751.52,,,75.84
b0_rl_b0_lcd1000_x18_20260907,4501,68,3,unknown_or_exit,5,0,347.23,1725.48,,,85.588
b0_rl_b0_lcd1000_x18_20260907,4501,68,4,unknown_or_exit,4,0,816.23,1696.8,,,57.88
b0_rl_b0_lcd1000_x18_20260907,4651,68,1,ramp_R_F_W,1,0,70.05,70.05,,,40.09
b0_rl_b0_lcd1000_x18_20260907,4651,68,1,unknown_or_exit,16,0,347.03,1950.37,,,84.42313
b0_rl_b0_lcd1000_x18_20260907,4651,68,2,unknown_or_exit,11,0,300.78,1968.99,,,97.777275
b0_rl_b0_lcd1000_x18_20260907,4651,68,3,unknown_or_exit,10,0,409.7,1959.49,,,100.519
b0_rl_b0_lcd1000_x18_20260907,4651,68,4,unknown_or_exit,11,0,662.39,1778.42,,,104.48909
b0_rl_b0_lcd1000_x18_20260907,4801,68,1,ramp_R_F_E,1,0,1970.16,1970.16,,,106.9
b0_rl_b0_lcd1000_x18_20260907,4801,68,1,ramp_R_F_W,5,0,135.2,345.71,,,35.16
b0_rl_b0_lcd1000_x18_20260907,4801,68,1,unknown_or_exit,16,0,258.02,1891.57,,,84.203125
b0_rl_b0_lcd1000_x18_20260907,4801,68,2,unknown_or_exit,15,0,293.51,1982.8,,,94.748665
b0_rl_b0_lcd1000_x18_20260907,4801,68,3,unknown_or_exit,7,0,547.8,1918.12,,,70.97429
b0_rl_b0_lcd1000_x18_20260907,4801,68,4,unknown_or_exit,12,0,478.53,1930.48,,,80.81834
b0_rl_b0_lcd1000_x18_20260907,4951,68,1,ramp_R_F_W,1,0,300.91,300.91,,,53.09
b0_rl_b0_lcd1000_x18_20260907,4951,68,1,unknown_or_exit,14,0,241.49,1823.05,,,83.311424
b0_rl_b0_lcd1000_x18_20260907,4951,68,2,unknown_or_exit,10,0,279.96,1806.42,,,101.535995
b0_rl_b0_lcd1000_x18_20260907,4951,68,3,unknown_or_exit,9,0,689.02,1770.02,,,111.97666
b0_rl_b0_lcd1000_x18_20260907,4951,68,4,unknown_or_exit,10,0,732.95,1637.13,,,99.046
b0_rl_b0_lcd1000_x18_20260907,5101,68,1,ramp_R_F_W,2,0,5.22,316.68,,,46.39
b0_rl_b0_lcd1000_x18_20260907,5101,68,1,unknown_or_exit,15,0,255.94,1902.3,,,84.840675
b0_rl_b0_lcd1000_x18_20260907,5101,68,2,unknown_or_exit,12,0,271.03,1864.73,,,86.3675
b0_rl_b0_lcd1000_x18_20260907,5101,68,3,ramp_R_F_W,1,0,524.62,524.62,,,44.56
b0_rl_b0_lcd1000_x18_20260907,5101,68,3,unknown_or_exit,6,0,324.83,1840.16,,,80.64667
b0_rl_b0_lcd1000_x18_20260907,5101,68,4,unknown_or_exit,8,0,652.99,1865.92,,,86.87875
b0_rl_b0_lcd1000_x18_20260907,5251,68,1,ramp_R_F_W,4,0,246.28,327.52,,,39.32
b0_rl_b0_lcd1000_x18_20260907,5251,68,1,unknown_or_exit,13,0,637.15,2008.64,,,86.61539
b0_rl_b0_lcd1000_x18_20260907,5251,68,2,unknown_or_exit,8,0,420.54,1799.2,,,101.74126
b0_rl_b0_lcd1000_x18_20260907,5251,68,3,unknown_or_exit,10,0,377.27,1905.24,,,75.577
b0_rl_b0_lcd1000_x18_20260907,5251,68,4,unknown_or_exit,7,0,691.65,1761.62,,,88.17571
b0_rl_b0_lcd1000_x18_20260907,901,69,1,ramp_R_F_W,16,0,72.88,1598.08,,,37.92875
b0_rl_b0_lcd1000_x18_20260907,901,69,1,signal_or_other,3,0,1149.58,1573.91,,,39.300003
b0_rl_b0_lcd1000_x18_20260907,901,69,2,ramp_R_F_W,4,0,166.42,462.9,,,43.9525
b0_rl_b0_lcd1000_x18_20260907,901,69,2,signal_or_other,1,0,792.27,792.27,,,47.32
b0_rl_b0_lcd1000_x18_20260907,901,69,3,ramp_R_F_W,4,0,33.85,614.25,,,43.42
b0_rl_b0_lcd1000_x18_20260907,901,69,3,signal_or_other,1,0,296.63,296.63,,,44.26
b0_rl_b0_lcd1000_x18_20260907,901,69,4,ramp_R_F_W,2,0,60.24,302.88,,,43.28
b0_rl_b0_lcd1000_x18_20260907,901,69,4,signal_or_other,1,0,174.33,174.33,,,36.26
b0_rl_b0_lcd1000_x18_20260907,1051,69,1,ramp_R_F_W,32,0,211.93,1635.34,,,34.297188
b0_rl_b0_lcd1000_x18_20260907,1051,69,1,signal_or_other,8,0,97.7,1560.44,,,36.791252
b0_rl_b0_lcd1000_x18_20260907,1051,69,2,ramp_R_F_W,4,0,132.74,776.56,,,41.345
b0_rl_b0_lcd1000_x18_20260907,1051,69,2,signal_or_other,4,0,233.6,1056.39,,,43.0625
b0_rl_b0_lcd1000_x18_20260907,1051,69,3,ramp_R_F_W,6,0,81.15,807.46,,,43.016666
b0_rl_b0_lcd1000_x18_20260907,1051,69,3,signal_or_other,1,0,751.75,751.75,,,43.41
b0_rl_b0_lcd1000_x18_20260907,1051,69,4,ramp_R_F_W,5,0,286.96,706.51,,,38.528
b0_rl_b0_lcd1000_x18_20260907,1051,69,4,signal_or_other,1,0,200.47,200.47,,,46.37
b0_rl_b0_lcd1000_x18_20260907,1201,69,1,ramp_R_F_W,29,0,103.47,1647.41,,,37.07
b0_rl_b0_lcd1000_x18_20260907,1201,69,1,signal_or_other,8,0,215.58,1744.17,,,40.837498
b0_rl_b0_lcd1000_x18_20260907,1201,69,2,ramp_R_F_W,5,0,27.68,816.3,,,42.488
b0_rl_b0_lcd1000_x18_20260907,1201,69,2,signal_or_other,4,0,218.19,1161.27,,,41.1825
b0_rl_b0_lcd1000_x18_20260907,1201,69,3,ramp_R_F_W,7,0,27.52,767.31,,,39.237144
b0_rl_b0_lcd1000_x18_20260907,1201,69,3,signal_or_other,2,0,136.53,1228.71,,,42.725
b0_rl_b0_lcd1000_x18_20260907,1201,69,4,ramp_R_F_W,4,0,52.86,425.19,,,42.4
b0_rl_b0_lcd1000_x18_20260907,1201,69,4,signal_or_other,3,0,262.12,1388.91,,,39.670002
b0_rl_b0_lcd1000_x18_20260907,1351,69,1,ramp_R_F_W,43,0,111.54,1725.18,,,29.535114
b0_rl_b0_lcd1000_x18_20260907,1351,69,1,signal_or_other,9,0,312.95,1739.55,,,30.794443
b0_rl_b0_lcd1000_x18_20260907,1351,69,2,ramp_R_F_W,11,0,103.71,1497.75,,,42.066364
b0_rl_b0_lcd1000_x18_20260907,1351,69,2,signal_or_other,5,0,165.82,1598.22,,,40.073997
b0_rl_b0_lcd1000_x18_20260907,1351,69,3,ramp_R_F_W,6,0,133.29,888.86,,,40.498337
b0_rl_b0_lcd1000_x18_20260907,1351,69,3,signal_or_other,5,0,805.43,1633.08,,,41.416
b0_rl_b0_lcd1000_x18_20260907,1351,69,4,ramp_R_F_W,5,0,32.87,798.36,,,42.415997
b0_rl_b0_lcd1000_x18_20260907,1351,69,4,signal_or_other,3,0,257.29,456.06,,,42.62
b0_rl_b0_lcd1000_x18_20260907,1501,69,1,ramp_R_F_W,31,0,225.21,1739.55,,,34.15355
b0_rl_b0_lcd1000_x18_20260907,1501,69,1,signal_or_other,7,0,30.94,1665.34,,,39.447144
b0_rl_b0_lcd1000_x18_20260907,1501,69,2,ramp_R_F_W,7,0,11.0,790.96,,,43.15429
b0_rl_b0_lcd1000_x18_20260907,1501,69,2,signal_or_other,2,0,348.83,1453.54,,,41.425
b0_rl_b0_lcd1000_x18_20260907,1501,69,3,ramp_R_F_W,7,0,121.83,756.65,,,42.594288
b0_rl_b0_lcd1000_x18_20260907,1501,69,3,signal_or_other,2,0,21.23,488.97,,,40.739998
b0_rl_b0_lcd1000_x18_20260907,1501,69,4,ramp_R_F_W,6,0,45.49,690.16,,,39.84833
b0_rl_b0_lcd1000_x18_20260907,1501,69,4,signal_or_other,3,0,2.25,534.32,,,38.186665
b0_rl_b0_lcd1000_x18_20260907,1651,69,1,ramp_R_F_W,30,0,33.4,1736.59,,,36.045666
b0_rl_b0_lcd1000_x18_20260907,1651,69,1,signal_or_other,6,0,333.26,1693.77,,,39.268333
b0_rl_b0_lcd1000_x18_20260907,1651,69,2,ramp_R_F_W,1,0,530.05,530.05,,,40.06
b0_rl_b0_lcd1000_x18_20260907,1651,69,2,signal_or_other,5,0,263.04,968.88,,,40.418
b0_rl_b0_lcd1000_x18_20260907,1651,69,3,ramp_R_F_W,4,0,109.81,521.54,,,41.68
b0_rl_b0_lcd1000_x18_20260907,1651,69,3,signal_or_other,3,0,624.13,1610.06,,,42.789997
b0_rl_b0_lcd1000_x18_20260907,1651,69,4,ramp_R_F_W,4,0,260.39,716.52,,,40.0725
b0_rl_b0_lcd1000_x18_20260907,1651,69,4,signal_or_other,2,0,637.57,1556.97,,,38.17
b0_rl_b0_lcd1000_x18_20260907,1801,69,1,ramp_R_F_W,25,0,163.84,1739.25,,,35.422
b0_rl_b0_lcd1000_x18_20260907,1801,69,1,signal_or_other,12,0,4.99,1663.34,,,34.735836
b0_rl_b0_lcd1000_x18_20260907,1801,69,2,ramp_R_F_W,7,0,109.21,1314.63,,,39.728573
b0_rl_b0_lcd1000_x18_20260907,1801,69,2,signal_or_other,4,0,370.17,1254.36,,,42.420002
b0_rl_b0_lcd1000_x18_20260907,1801,69,3,ramp_R_F_W,3,0,55.55,386.68,,,41.59
b0_rl_b0_lcd1000_x18_20260907,1801,69,3,signal_or_other,4,0,290.25,1651.18,,,43.8475
b0_rl_b0_lcd1000_x18_20260907,1801,69,4,ramp_R_F_W,4,0,132.31,495.89,,,42.22
b0_rl_b0_lcd1000_x18_20260907,1801,69,4,signal_or_other,2,0,1.12,574.04,,,43.46
b0_rl_b0_lcd1000_x18_20260907,1951,69,1,ramp_R_F_W,32,0,129.1,1722.06,,,40.399998
b0_rl_b0_lcd1000_x18_20260907,1951,69,1,signal_or_other,10,0,36.66,1561.39,,,39.157
b0_rl_b0_lcd1000_x18_20260907,1951,69,2,ramp_R_F_W,5,0,150.97,1295.68,,,44.145996
b0_rl_b0_lcd1000_x18_20260907,1951,69,2,signal_or_other,6,0,39.62,1269.86,,,42.513332
b0_rl_b0_lcd1000_x18_20260907,1951,69,3,ramp_R_F_W,3,0,181.88,423.73,,,42.013332
b0_rl_b0_lcd1000_x18_20260907,1951,69,3,signal_or_other,8,0,75.36,1210.5,,,42.92375
b0_rl_b0_lcd1000_x18_20260907,1951,69,4,ramp_R_F_W,3,0,124.91,595.15,,,35.923332
b0_rl_b0_lcd1000_x18_20260907,1951,69,4,signal_or_other,4,0,238.32,909.81,,,35.697502
b0_rl_b0_lcd1000_x18_20260907,2101,69,1,ramp_R_F_W,39,0,172.91,1702.14,,,35.16051
b0_rl_b0_lcd1000_x18_20260907,2101,69,1,signal_or_other,7,0,401.18,1788.92,,,36.760002
b0_rl_b0_lcd1000_x18_20260907,2101,69,2,ramp_R_F_W,5,0,46.06,953.48,,,39.484
b0_rl_b0_lcd1000_x18_20260907,2101,69,2,signal_or_other,4,0,456.54,927.26,,,42.805
b0_rl_b0_lcd1000_x18_20260907,2101,69,3,ramp_R_F_W,5,0,143.34,711.58,,,40.407997
b0_rl_b0_lcd1000_x18_20260907,2101,69,3,signal_or_other,2,0,457.88,968.45,,,41.68
b0_rl_b0_lcd1000_x18_20260907,2101,69,4,ramp_R_F_W,3,0,136.67,686.9,,,36.26
b0_rl_b0_lcd1000_x18_20260907,2101,69,4,signal_or_other,3,0,294.34,1271.07,,,38.286667
b0_rl_b0_lcd1000_x18_20260907,2251,69,1,ramp_R_F_W,27,0,331.64,1720.72,,,38.427402
b0_rl_b0_lcd1000_x18_20260907,2251,69,1,signal_or_other,9,0,45.65,1609.8,,,41.06222
b0_rl_b0_lcd1000_x18_20260907,2251,69,2,ramp_R_F_W,8,0,115.61,995.72,,,39.0875
b0_rl_b0_lcd1000_x18_20260907,2251,69,2,signal_or_other,2,0,766.99,1059.96,,,40.77
b0_rl_b0_lcd1000_x18_20260907,2251,69,3,ramp_R_F_W,9,0,88.04,783.43,,,41.56555
b0_rl_b0_lcd1000_x18_20260907,2251,69,3,signal_or_other,3,0,166.85,1098.08,,,40.73
b0_rl_b0_lcd1000_x18_20260907,2251,69,4,ramp_R_F_W,1,0,126.69,126.69,,,29.08
b0_rl_b0_lcd1000_x18_20260907,2251,69,4,signal_or_other,3,0,45.23,458.87,,,35.523335
b0_rl_b0_lcd1000_x18_20260907,2401,69,1,ramp_R_F_W,26,0,76.14,1540.01,,,37.068844
b0_rl_b0_lcd1000_x18_20260907,2401,69,1,signal_or_other,10,0,177.37,1722.53,,,34.305
b0_rl_b0_lcd1000_x18_20260907,2401,69,2,ramp_R_F_W,5,0,266.73,818.03,,,38.28
b0_rl_b0_lcd1000_x18_20260907,2401,69,2,signal_or_other,5,0,65.95,1404.42,,,41.333996
b0_rl_b0_lcd1000_x18_20260907,2401,69,3,ramp_R_F_W,5,0,103.7,630.04,,,42.764
b0_rl_b0_lcd1000_x18_20260907,2401,69,3,signal_or_other,6,0,38.75,1509.45,,,39.673336
b0_rl_b0_lcd1000_x18_20260907,2401,69,4,ramp_R_F_W,5,0,62.36,756.07,,,39.733997
b0_rl_b0_lcd1000_x18_20260907,2401,69,4,signal_or_other,3,0,144.8,735.17,,,40.406666
b0_rl_b0_lcd1000_x18_20260907,2551,69,1,ramp_R_F_W,40,0,27.88,1737.28,,,35.622997
b0_rl_b0_lcd1000_x18_20260907,2551,69,1,signal_or_other,8,0,342.33,1683.34,,,40.00375
b0_rl_b0_lcd1000_x18_20260907,2551,69,2,ramp_R_F_W,9,0,122.7,1441.02,,,38.59778
b0_rl_b0_lcd1000_x18_20260907,2551,69,2,signal_or_other,4,0,186.25,1014.01,,,38.5825
b0_rl_b0_lcd1000_x18_20260907,2551,69,3,ramp_R_F_W,4,0,140.38,471.35,,,42.497498
b0_rl_b0_lcd1000_x18_20260907,2551,69,3,signal_or_other,6,0,344.49,1236.94,,,39.735
b0_rl_b0_lcd1000_x18_20260907,2551,69,4,ramp_R_F_W,5,0,169.69,519.35,,,37.924
b0_rl_b0_lcd1000_x18_20260907,2551,69,4,signal_or_other,1,0,357.66,357.66,,,40.9
b0_rl_b0_lcd1000_x18_20260907,2701,69,1,ramp_R_F_W,36,0,88.7,1734.71,,,37.50222
b0_rl_b0_lcd1000_x18_20260907,2701,69,1,signal_or_other,5,0,346.8,1580.7,,,34.582
b0_rl_b0_lcd1000_x18_20260907,2701,69,2,ramp_R_F_W,7,0,137.72,922.58,,,41.647144
b0_rl_b0_lcd1000_x18_20260907,2701,69,2,signal_or_other,3,0,8.45,725.87,,,38.3
b0_rl_b0_lcd1000_x18_20260907,2701,69,3,ramp_R_F_W,6,0,67.57,661.01,,,42.508335
b0_rl_b0_lcd1000_x18_20260907,2701,69,3,signal_or_other,6,0,167.8,1715.26,,,42.875
b0_rl_b0_lcd1000_x18_20260907,2701,69,4,ramp_R_F_W,3,0,110.2,736.72,,,38.213333
b0_rl_b0_lcd1000_x18_20260907,2701,69,4,signal_or_other,2,0,290.41,328.43,,,34.18
b0_rl_b0_lcd1000_x18_20260907,2851,69,1,ramp_R_F_W,35,0,63.95,1731.69,,,39.270855
b0_rl_b0_lcd1000_x18_20260907,2851,69,1,signal_or_other,1,0,1601.05,1601.05,,,41.93
b0_rl_b0_lcd1000_x18_20260907,2851,69,2,ramp_R_F_W,8,0,109.94,1077.92,,,39.85125
b0_rl_b0_lcd1000_x18_20260907,2851,69,2,signal_or_other,5,0,1026.47,1672.9,,,35.838
b0_rl_b0_lcd1000_x18_20260907,2851,69,3,ramp_R_F_W,6,0,259.91,754.45,,,40.013332
b0_rl_b0_lcd1000_x18_20260907,2851,69,3,signal_or_other,4,0,141.81,1708.73,,,40.665
b0_rl_b0_lcd1000_x18_20260907,2851,69,4,ramp_R_F_W,5,0,158.05,762.94,,,37.982
b0_rl_b0_lcd1000_x18_20260907,2851,69,4,signal_or_other,3,0,16.26,1587.69,,,36.056667
b0_rl_b0_lcd1000_x18_20260907,3001,69,1,ramp_R_F_W,25,0,46.29,1664.34,,,36.6944
b0_rl_b0_lcd1000_x18_20260907,3001,69,1,signal_or_other,6,0,139.25,1732.66,,,38.075
b0_rl_b0_lcd1000_x18_20260907,3001,69,2,ramp_R_F_W,7,0,61.07,789.33,,,40.205715
b0_rl_b0_lcd1000_x18_20260907,3001,69,2,signal_or_other,3,0,23.95,1164.75,,,40.643337
b0_rl_b0_lcd1000_x18_20260907,3001,69,3,ramp_R_F_W,7,0,1.27,698.78,,,42.71571
b0_rl_b0_lcd1000_x18_20260907,3001,69,3,signal_or_other,2,0,169.36,856.28,,,40.265
b0_rl_b0_lcd1000_x18_20260907,3001,69,4,ramp_R_F_W,6,0,135.85,736.46,,,38.97167
b0_rl_b0_lcd1000_x18_20260907,3001,69,4,signal_or_other,3,0,32.28,1399.35,,,39.11667
b0_rl_b0_lcd1000_x18_20260907,3151,69,1,ramp_R_F_W,32,0,101.71,1586.94,,,32.36656
b0_rl_b0_lcd1000_x18_20260907,3151,69,1,signal_or_other,5,0,1123.24,1669.9,,,32.016
b0_rl_b0_lcd1000_x18_20260907,3151,69,2,ramp_R_F_W,5,0,17.42,881.05,,,43.348
b0_rl_b0_lcd1000_x18_20260907,3151,69,2,signal_or_other,5,0,565.69,1312.26,,,35.468
b0_rl_b0_lcd1000_x18_20260907,3151,69,3,ramp_R_F_W,3,0,0.92,739.79,,,39.563335
b0_rl_b0_lcd1000_x18_20260907,3151,69,3,signal_or_other,1,0,546.84,546.84,,,41.27
b0_rl_b0_lcd1000_x18_20260907,3151,69,4,ramp_R_F_W,3,0,63.77,737.06,,,40.88
b0_rl_b0_lcd1000_x18_20260907,3151,69,4,signal_or_other,3,0,304.01,1089.41,,,37.41
b0_rl_b0_lcd1000_x18_20260907,3301,69,1,ramp_R_F_W,24,0,240.82,1725.86,,,29.317917
b0_rl_b0_lcd1000_x18_20260907,3301,69,1,signal_or_other,10,0,88.89,1563.87,,,33.601
b0_rl_b0_lcd1000_x18_20260907,3301,69,2,ramp_R_F_W,5,0,326.77,789.09,,,39.904
b0_rl_b0_lcd1000_x18_20260907,3301,69,2,signal_or_other,3,0,140.3,1507.65,,,41.190002
b0_rl_b0_lcd1000_x18_20260907,3301,69,3,ramp_R_F_W,3,0,311.64,559.68,,,43.55
b0_rl_b0_lcd1000_x18_20260907,3301,69,3,signal_or_other,2,0,118.26,982.46,,,42.615
b0_rl_b0_lcd1000_x18_20260907,3301,69,4,ramp_R_F_W,4,0,26.73,674.44,,,44.0375
b0_rl_b0_lcd1000_x18_20260907,3301,69,4,signal_or_other,1,0,424.89,424.89,,,45.98
b0_rl_b0_lcd1000_x18_20260907,3451,69,1,ramp_R_F_W,26,3,41.52,1738.05,1726.3900146484375,1738.050048828125,35.108078
b0_rl_b0_lcd1000_x18_20260907,3451,69,1,signal_or_other,5,1,194.3,1743.51,1743.510009765625,1743.510009765625,23.424002
b0_rl_b0_lcd1000_x18_20260907,3451,69,2,ramp_R_F_W,6,0,135.41,691.31,,,42.101665
b0_rl_b0_lcd1000_x18_20260907,3451,69,2,signal_or_other,2,0,904.58,1186.71,,,43.77
b0_rl_b0_lcd1000_x18_20260907,3451,69,3,ramp_R_F_W,8,0,152.75,784.86,,,39.97625
b0_rl_b0_lcd1000_x18_20260907,3451,69,3,signal_or_other,3,0,1177.47,1710.84,,,42.193333
b0_rl_b0_lcd1000_x18_20260907,3451,69,4,ramp_R_F_W,6,0,233.02,709.71,,,41.763332
b0_rl_b0_lcd1000_x18_20260907,3451,69,4,signal_or_other,1,0,131.73,131.73,,,41.31
b0_rl_b0_lcd1000_x18_20260907,3601,69,1,ramp_R_F_W,66,47,164.6,1737.88,1433.8800048828125,1737.8800048828125,11.110304
b0_rl_b0_lcd1000_x18_20260907,3601,69,1,signal_or_other,7,3,87.06,1743.39,1479.469970703125,1743.3900146484375,23.731428
b0_rl_b0_lcd1000_x18_20260907,3601,69,2,ramp_R_F_W,4,0,80.51,559.79,,,42.219997
b0_rl_b0_lcd1000_x18_20260907,3601,69,2,signal_or_other,3,0,171.01,1555.61,,,32.583332
b0_rl_b0_lcd1000_x18_20260907,3601,69,2,unknown_or_exit,1,0,1386.62,1386.62,,,44.08
b0_rl_b0_lcd1000_x18_20260907,3601,69,3,ramp_R_F_W,4,0,124.05,548.42,,,43.655
b0_rl_b0_lcd1000_x18_20260907,3601,69,3,signal_or_other,2,0,876.19,1769.18,,,41.68
b0_rl_b0_lcd1000_x18_20260907,3601,69,4,ramp_R_F_W,2,0,120.3,720.35,,,38.324997
b0_rl_b0_lcd1000_x18_20260907,3601,69,4,signal_or_other,2,0,241.75,386.1,,,42.7
b0_rl_b0_lcd1000_x18_20260907,3751,69,1,ramp_R_F_W,76,76,1207.48,1737.88,1207.47998046875,1737.8800048828125,0.0
b0_rl_b0_lcd1000_x18_20260907,3751,69,1,signal_or_other,11,11,1213.04,1743.39,1213.0400390625,1743.3900146484375,0.0
b0_rl_b0_lcd1000_x18_20260907,3751,69,1,unknown_or_exit,20,9,140.92,1195.81,1148.1600341796875,1195.81005859375,18.5105
b0_rl_b0_lcd1000_x18_20260907,3751,69,2,signal_or_other,2,0,1328.66,1571.94,,,9.11
b0_rl_b0_lcd1000_x18_20260907,3751,69,2,unknown_or_exit,4,0,57.09,693.52,,,40.4375
b0_rl_b0_lcd1000_x18_20260907,3751,69,3,unknown_or_exit,2,0,154.4,382.69,,,34.705
b0_rl_b0_lcd1000_x18_20260907,3751,69,4,ramp_R_F_W,1,0,378.31,378.31,,,41.4
b0_rl_b0_lcd1000_x18_20260907,3751,69,4,signal_or_other,2,0,207.25,676.11,,,37.77
b0_rl_b0_lcd1000_x18_20260907,3901,69,1,ramp_R_F_W,76,76,1207.48,1737.88,1207.47998046875,1737.8800048828125,0.0
b0_rl_b0_lcd1000_x18_20260907,3901,69,1,signal_or_other,14,11,69.24,1743.39,1213.0400390625,1743.3900146484375,8.950714
b0_rl_b0_lcd1000_x18_20260907,3901,69,1,unknown_or_exit,51,43,203.07,1195.81,915.010009765625,1195.81005859375,6.3403926
b0_rl_b0_lcd1000_x18_20260907,3901,69,2,ramp_R_F_W,5,0,133.94,1429.6,,,21.452
b0_rl_b0_lcd1000_x18_20260907,3901,69,2,signal_or_other,6,0,204.89,1470.69,,,28.465002
b0_rl_b0_lcd1000_x18_20260907,3901,69,2,unknown_or_exit,3,0,227.58,776.73,,,39.166668
b0_rl_b0_lcd1000_x18_20260907,3901,69,3,signal_or_other,3,0,219.97,1656.54,,,43.123333
b0_rl_b0_lcd1000_x18_20260907,3901,69,3,unknown_or_exit,2,0,132.78,484.49,,,33.77
b0_rl_b0_lcd1000_x18_20260907,3901,69,4,ramp_R_F_W,5,0,27.63,758.02,,,41.991997
b0_rl_b0_lcd1000_x18_20260907,3901,69,4,signal_or_other,2,0,83.77,1735.68,,,43.21
b0_rl_b0_lcd1000_x18_20260907,4051,69,1,ramp_R_F_W,45,30,1207.48,1730.77,1207.47998046875,1531.1700439453125,8.468445
b0_rl_b0_lcd1000_x18_20260907,4051,69,1,signal_or_other,11,7,181.29,1613.11,1213.0400390625,1472.8599853515625,11.013636
b0_rl_b0_lcd1000_x18_20260907,4051,69,1,unknown_or_exit,64,61,36.57,1195.81,789.8599853515625,1195.81005859375,2.0132813
b0_rl_b0_lcd1000_x18_20260907,4051,69,2,ramp_R_F_W,6,0,1074.93,1442.36,,,17.09
b0_rl_b0_lcd1000_x18_20260907,4051,69,2,signal_or_other,9,0,1118.01,1501.52,,,17.581112
b0_rl_b0_lcd1000_x18_20260907,4051,69,2,unknown_or_exit,3,0,131.4,578.64,,,44.73
b0_rl_b0_lcd1000_x18_20260907,4051,69,3,signal_or_other,1,0,761.51,761.51,,,42.66
b0_rl_b0_lcd1000_x18_20260907,4051,69,3,unknown_or_exit,2,0,151.64,499.54,,,41.440002
b0_rl_b0_lcd1000_x18_20260907,4051,69,4,signal_or_other,1,0,577.42,577.42,,,44.12
b0_rl_b0_lcd1000_x18_20260907,4051,69,4,unknown_or_exit,2,0,56.49,299.29,,,43.545
b0_rl_b0_lcd1000_x18_20260907,4201,69,1,ramp_R_F_W,20,20,1556.17,1736.14,1556.1700439453125,1736.1400146484375,0.0
b0_rl_b0_lcd1000_x18_20260907,4201,69,1,signal_or_other,11,11,1561.77,1723.73,1561.77001953125,1723.72998046875,0.0
b0_rl_b0_lcd1000_x18_20260907,4201,69,1,unknown_or_exit,76,37,3.37,1544.54,755.2100219726562,1544.5400390625,10.958026
b0_rl_b0_lcd1000_x18_20260907,4201,69,2,signal_or_other,7,0,70.78,1419.97,,,31.48
b0_rl_b0_lcd1000_x18_20260907,4201,69,2,unknown_or_exit,15,0,459.93,1592.84,,,26.695997
b0_rl_b0_lcd1000_x18_20260907,4201,69,3,signal_or_other,1,0,1182.02,1182.02,,,40.24
b0_rl_b0_lcd1000_x18_20260907,4201,69,3,unknown_or_exit,3,0,147.97,626.12,,,44.056667
b0_rl_b0_lcd1000_x18_20260907,4201,69,4,signal_or_other,4,0,317.39,1561.32,,,41.394997
b0_rl_b0_lcd1000_x18_20260907,4201,69,4,unknown_or_exit,1,0,68.42,68.42,,,42.57
b0_rl_b0_lcd1000_x18_20260907,4351,69,1,ramp_R_F_W,20,20,1556.17,1736.14,1556.1700439453125,1736.1400146484375,0.0
b0_rl_b0_lcd1000_x18_20260907,4351,69,1,signal_or_other,13,11,617.97,1723.73,1561.77001953125,1723.72998046875,5.8638463
b0_rl_b0_lcd1000_x18_20260907,4351,69,1,unknown_or_exit,101,94,103.94,1544.54,941.989990234375,1544.5400390625,2.9155443
b0_rl_b0_lcd1000_x18_20260907,4351,69,2,signal_or_other,9,4,983.05,1729.0,1675.760009765625,1729.0,11.665555
b0_rl_b0_lcd1000_x18_20260907,4351,69,2,unknown_or_exit,16,4,21.81,1735.48,1712.030029296875,1735.47998046875,20.218124
b0_rl_b0_lcd1000_x18_20260907,4351,69,3,ramp_R_F_W,1,0,112.0,112.0,,,44.21
b0_rl_b0_lcd1000_x18_20260907,4351,69,3,signal_or_other,2,0,726.34,1142.99,,,35.795
b0_rl_b0_lcd1000_x18_20260907,4351,69,3,unknown_or_exit,4,0,231.95,623.69,,,42.045002
b0_rl_b0_lcd1000_x18_20260907,4351,69,4,signal_or_other,5,0,138.35,1210.55,,,35.466
b0_rl_b0_lcd1000_x18_20260907,4351,69,4,unknown_or_exit,1,0,427.31,427.31,,,40.65
b0_rl_b0_lcd1000_x18_20260907,4501,69,1,ramp_R_F_W,20,20,1556.17,1736.14,1556.1700439453125,1736.1400146484375,0.0
b0_rl_b0_lcd1000_x18_20260907,4501,69,1,signal_or_other,12,11,121.29,1723.73,1561.77001953125,1723.72998046875,3.405
b0_rl_b0_lcd1000_x18_20260907,4501,69,1,unknown_or_exit,123,119,229.87,1544.54,797.8200073242188,1544.5400390625,1.1808943
b0_rl_b0_lcd1000_x18_20260907,4501,69,2,ramp_R_F_W,2,0,694.35,1198.26,,,29.33
b0_rl_b0_lcd1000_x18_20260907,4501,69,2,signal_or_other,19,8,373.71,1729.33,1635.8900146484375,1729.3299560546875,11.905789
b0_rl_b0_lcd1000_x18_20260907,4501,69,2,unknown_or_exit,17,6,116.5,1735.48,1657.97998046875,1735.47998046875,13.885882
b0_rl_b0_lcd1000_x18_20260907,4501,69,3,signal_or_other,2,0,77.21,659.83,,,37.575
b0_rl_b0_lcd1000_x18_20260907,4501,69,3,unknown_or_exit,3,0,224.85,788.54,,,41.51
b0_rl_b0_lcd1000_x18_20260907,4501,69,4,ramp_R_F_W,1,0,657.53,657.53,,,47.61
b0_rl_b0_lcd1000_x18_20260907,4501,69,4,signal_or_other,3,0,271.24,1503.58,,,39.250004
b0_rl_b0_lcd1000_x18_20260907,4501,69,4,unknown_or_exit,2,0,30.16,213.74,,,43.269997
b0_rl_b0_lcd1000_x18_20260907,4651,69,1,ramp_R_F_W,20,20,1556.17,1736.14,1556.1700439453125,1736.1400146484375,0.0
b0_rl_b0_lcd1000_x18_20260907,4651,69,1,signal_or_other,11,11,1561.77,1723.73,1561.77001953125,1723.72998046875,0.0
b0_rl_b0_lcd1000_x18_20260907,4651,69,1,unknown_or_exit,126,124,122.44,1544.54,763.5599975585938,1544.5400390625,0.6585714
b0_rl_b0_lcd1000_x18_20260907,4651,69,2,ramp_R_F_W,3,1,1347.56,1624.62,1624.6199951171875,1624.6199951171875,12.593333
b0_rl_b0_lcd1000_x18_20260907,4651,69,2,signal_or_other,18,13,1299.46,1706.42,1590.780029296875,1706.4200439453125,3.9305556
b0_rl_b0_lcd1000_x18_20260907,4651,69,2,unknown_or_exit,37,6,34.69,1735.48,1584.7900390625,1735.47998046875,13.342973
b0_rl_b0_lcd1000_x18_20260907,4651,69,3,signal_or_other,2,0,889.58,1409.45,,,37.864998
b0_rl_b0_lcd1000_x18_20260907,4651,69,3,unknown_or_exit,2,0,455.54,771.4,,,39.67
b0_rl_b0_lcd1000_x18_20260907,4651,69,4,signal_or_other,1,0,1560.19,1560.19,,,42.31
b0_rl_b0_lcd1000_x18_20260907,4801,69,1,ramp_R_F_W,15,14,1592.04,1735.27,1592.0400390625,1735.27001953125,1.7026668
b0_rl_b0_lcd1000_x18_20260907,4801,69,1,signal_or_other,8,7,1597.52,1741.63,1597.52001953125,1741.6300048828125,1.9
b0_rl_b0_lcd1000_x18_20260907,4801,69,1,unknown_or_exit,127,121,224.08,1580.37,758.0900268554688,1580.3699951171875,1.1628346
b0_rl_b0_lcd1000_x18_20260907,4801,69,2,ramp_R_F_W,3,2,1543.41,1649.57,1551.4599609375,1649.5699462890625,3.5833333
b0_rl_b0_lcd1000_x18_20260907,4801,69,2,signal_or_other,18,14,372.19,1727.48,1521.72998046875,1711.0999755859375,3.7994444
b0_rl_b0_lcd1000_x18_20260907,4801,69,2,unknown_or_exit,54,33,719.2,1735.48,1358.780029296875,1735.47998046875,6.460556
b0_rl_b0_lcd1000_x18_20260907,4801,69,3,unknown_or_exit,3,0,356.97,895.33,,,37.126667
b0_rl_b0_lcd1000_x18_20260907,4801,69,4,signal_or_other,2,0,1393.36,1657.27,,,44.85
b0_rl_b0_lcd1000_x18_20260907,4801,69,4,unknown_or_exit,2,0,175.71,538.72,,,42.835
b0_rl_b0_lcd1000_x18_20260907,4951,69,1,ramp_R_F_W,9,9,1635.95,1729.12,1635.949951171875,1729.1199951171875,0.0
b0_rl_b0_lcd1000_x18_20260907,4951,69,1,signal_or_other,10,9,186.24,1741.07,1641.47998046875,1741.0699462890625,4.298
b0_rl_b0_lcd1000_x18_20260907,4951,69,1,unknown_or_exit,129,116,340.53,1624.23,751.9000244140625,1624.22998046875,1.692713
b0_rl_b0_lcd1000_x18_20260907,4951,69,2,ramp_R_F_W,2,1,1659.33,1666.55,1666.550048828125,1666.550048828125,5.54
b0_rl_b0_lcd1000_x18_20260907,4951,69,2,signal_or_other,6,6,1637.81,1729.91,1637.81005859375,1729.9100341796875,0.22000001
b0_rl_b0_lcd1000_x18_20260907,4951,69,2,unknown_or_exit,71,44,203.51,1735.48,1240.68994140625,1735.47998046875,6.6774645
b0_rl_b0_lcd1000_x18_20260907,4951,69,3,signal_or_other,2,0,109.53,1543.67,,,42.145
b0_rl_b0_lcd1000_x18_20260907,4951,69,3,unknown_or_exit,2,0,334.26,547.41,,,40.545
b0_rl_b0_lcd1000_x18_20260907,4951,69,4,unknown_or_exit,3,0,19.24,509.56,,,40.176666
b0_rl_b0_lcd1000_x18_20260907,5101,69,1,ramp_R_F_W,9,9,1635.95,1729.12,1635.949951171875,1729.1199951171875,0.0
b0_rl_b0_lcd1000_x18_20260907,5101,69,1,signal_or_other,9,9,1641.48,1741.07,1641.47998046875,1741.0699462890625,0.0
b0_rl_b0_lcd1000_x18_20260907,5101,69,1,unknown_or_exit,136,131,232.64,1624.23,770.8900146484375,1624.22998046875,0.71816176
b0_rl_b0_lcd1000_x18_20260907,5101,69,2,ramp_R_F_W,2,2,1683.47,1689.12,1683.469970703125,1689.1199951171875,0.0
b0_rl_b0_lcd1000_x18_20260907,5101,69,2,signal_or_other,5,5,1665.45,1724.06,1665.449951171875,1724.06005859375,0.0
b0_rl_b0_lcd1000_x18_20260907,5101,69,2,unknown_or_exit,84,68,150.92,1735.48,1087.5,1735.47998046875,3.8363094
b0_rl_b0_lcd1000_x18_20260907,5101,69,3,signal_or_other,1,0,1169.37,1169.37,,,42.42
b0_rl_b0_lcd1000_x18_20260907,5101,69,3,unknown_or_exit,3,0,77.88,808.79,,,40.050003
b0_rl_b0_lcd1000_x18_20260907,5101,69,4,signal_or_other,1,0,1752.51,1752.51,,,40.47
b0_rl_b0_lcd1000_x18_20260907,5251,69,1,ramp_R_F_W,9,9,1635.95,1729.12,1635.949951171875,1729.1199951171875,0.0
b0_rl_b0_lcd1000_x18_20260907,5251,69,1,signal_or_other,9,9,1641.48,1741.07,1641.47998046875,1741.0699462890625,0.0
b0_rl_b0_lcd1000_x18_20260907,5251,69,1,unknown_or_exit,139,136,170.78,1624.23,769.2000122070312,1624.22998046875,0.91798556
b0_rl_b0_lcd1000_x18_20260907,5251,69,2,ramp_R_F_W,2,2,1707.15,1712.32,1707.1500244140625,1712.3199462890625,0.0
b0_rl_b0_lcd1000_x18_20260907,5251,69,2,signal_or_other,5,4,363.09,1718.81,1689.18994140625,1718.81005859375,7.528
b0_rl_b0_lcd1000_x18_20260907,5251,69,2,unknown_or_exit,100,80,162.25,1735.48,1119.3599853515625,1735.47998046875,3.6266
b0_rl_b0_lcd1000_x18_20260907,5251,69,3,signal_or_other,1,0,187.99,187.99,,,41.23
b0_rl_b0_lcd1000_x18_20260907,5251,69,3,unknown_or_exit,3,0,47.71,621.4,,,36.77667
b0_rl_b0_lcd1000_x18_20260907,5251,69,4,unknown_or_exit,4,0,160.83,678.71,,,41.255
b0_rl_b0_lcd1000_x18_20260907,1051,70,1,ramp_R_F_E,1,0,123.81,123.81,,,39.3
b0_rl_b0_lcd1000_x18_20260907,1051,70,1,signal_or_other,3,0,163.94,259.6,,,35.696667
b0_rl_b0_lcd1000_x18_20260907,1051,70,2,signal_or_other,8,0,45.51,268.98,,,37.72375
b0_rl_b0_lcd1000_x18_20260907,1201,70,1,ramp_R_F_E,1,0,66.9,66.9,,,32.02
b0_rl_b0_lcd1000_x18_20260907,1201,70,1,signal_or_other,5,0,74.51,251.87,,,42.188
b0_rl_b0_lcd1000_x18_20260907,1201,70,2,signal_or_other,5,0,77.88,237.1,,,41.844
b0_rl_b0_lcd1000_x18_20260907,1351,70,1,ramp_R_F_E,2,0,48.26,125.27,,,34.62
b0_rl_b0_lcd1000_x18_20260907,1351,70,1,signal_or_other,1,0,98.07,98.07,,,41.34
b0_rl_b0_lcd1000_x18_20260907,1351,70,2,signal_or_other,6,0,75.93,258.3,,,40.965
b0_rl_b0_lcd1000_x18_20260907,1501,70,1,ramp_R_F_E,1,0,39.17,39.17,,,41.8
b0_rl_b0_lcd1000_x18_20260907,1501,70,1,signal_or_other,2,0,47.57,245.56,,,70.975
b0_rl_b0_lcd1000_x18_20260907,1501,70,2,signal_or_other,2,0,44.65,80.54,,,44.09
b0_rl_b0_lcd1000_x18_20260907,1651,70,1,ramp_R_F_E,2,0,10.06,107.07,,,41.205
b0_rl_b0_lcd1000_x18_20260907,1651,70,2,signal_or_other,1,0,266.46,266.46,,,40.19
b0_rl_b0_lcd1000_x18_20260907,1801,70,1,signal_or_other,6,0,54.29,324.48,,,43.343334
b0_rl_b0_lcd1000_x18_20260907,1801,70,2,signal_or_other,8,0,51.87,330.19,,,41.388752
b0_rl_b0_lcd1000_x18_20260907,1951,70,1,ramp_R_F_E,1,0,42.24,42.24,,,39.4
b0_rl_b0_lcd1000_x18_20260907,1951,70,1,signal_or_other,4,0,84.32,264.91,,,46.4075
b0_rl_b0_lcd1000_x18_20260907,1951,70,2,signal_or_other,5,0,69.0,262.17,,,43.256
b0_rl_b0_lcd1000_x18_20260907,2101,70,1,ramp_R_F_E,2,0,38.32,103.27,,,43.93
b0_rl_b0_lcd1000_x18_20260907,2101,70,1,signal_or_other,2,0,252.39,277.65,,,46.345
b0_rl_b0_lcd1000_x18_20260907,2101,70,2,signal_or_other,4,0,267.46,318.62,,,40.54
b0_rl_b0_lcd1000_x18_20260907,2251,70,1,ramp_R_F_E,1,0,137.64,137.64,,,41.69
b0_rl_b0_lcd1000_x18_20260907,2251,70,1,signal_or_other,2,0,68.3,157.56,,,49.89
b0_rl_b0_lcd1000_x18_20260907,2251,70,2,signal_or_other,4,0,50.81,324.71,,,43.5325
b0_rl_b0_lcd1000_x18_20260907,2401,70,1,signal_or_other,2,0,139.79,161.03,,,40.190002
b0_rl_b0_lcd1000_x18_20260907,2401,70,2,signal_or_other,2,0,55.7,144.82,,,62.660004
b0_rl_b0_lcd1000_x18_20260907,2551,70,1,ramp_R_F_E,1,0,93.53,93.53,,,30.1
b0_rl_b0_lcd1000_x18_20260907,2551,70,1,signal_or_other,5,0,177.22,322.37,,,42.188
b0_rl_b0_lcd1000_x18_20260907,2551,70,2,signal_or_other,7,0,49.59,313.22,,,37.21857
b0_rl_b0_lcd1000_x18_20260907,2701,70,1,ramp_R_F_E,1,0,156.96,156.96,,,41.81
b0_rl_b0_lcd1000_x18_20260907,2701,70,1,signal_or_other,5,0,78.36,290.43,,,47.088
b0_rl_b0_lcd1000_x18_20260907,2701,70,2,signal_or_other,7,0,104.89,286.49,,,38.295715
b0_rl_b0_lcd1000_x18_20260907,2851,70,1,ramp_R_F_E,1,0,34.6,34.6,,,40.75
b0_rl_b0_lcd1000_x18_20260907,2851,70,1,signal_or_other,2,0,220.94,313.37,,,58.095
b0_rl_b0_lcd1000_x18_20260907,2851,70,2,signal_or_other,4,0,172.5,319.02,,,43.505
b0_rl_b0_lcd1000_x18_20260907,3001,70,1,ramp_R_F_E,9,9,95.13,176.48,95.12999725341797,176.47999572753906,0.0
b0_rl_b0_lcd1000_x18_20260907,3001,70,1,signal_or_other,8,7,88.78,265.1,88.77999877929688,147.10000610351562,6.04
b0_rl_b0_lcd1000_x18_20260907,3001,70,2,signal_or_other,8,0,80.35,261.66,,,40.651253
b0_rl_b0_lcd1000_x18_20260907,3151,70,1,ramp_R_F_E,15,14,5.57,176.48,36.2400016784668,176.47999572753906,2.9493334
b0_rl_b0_lcd1000_x18_20260907,3151,70,1,signal_or_other,11,11,43.78,147.1,43.779998779296875,147.10000610351562,0.0
b0_rl_b0_lcd1000_x18_20260907,3151,70,2,signal_or_other,10,0,46.88,320.6,,,21.925
b0_rl_b0_lcd1000_x18_20260907,3301,70,1,ramp_R_F_E,19,19,2.14,176.48,2.140000104904175,176.47999572753906,0.0
b0_rl_b0_lcd1000_x18_20260907,3301,70,1,signal_or_other,11,11,43.78,147.1,43.779998779296875,147.10000610351562,0.0
b0_rl_b0_lcd1000_x18_20260907,3301,70,2,signal_or_other,13,0,41.92,320.39,,,21.038462
b0_rl_b0_lcd1000_x18_20260907,3451,70,1,ramp_R_F_E,20,20,9.55,176.48,9.550000190734863,176.47999572753906,0.0
b0_rl_b0_lcd1000_x18_20260907,3451,70,1,signal_or_other,10,8,78.08,327.91,78.08000183105469,147.10000610351562,8.494
b0_rl_b0_lcd1000_x18_20260907,3451,70,2,signal_or_other,11,0,48.93,268.6,,,18.541819
b0_rl_b0_lcd1000_x18_20260907,3601,70,1,ramp_R_F_E,20,20,9.55,176.48,9.550000190734863,176.47999572753906,0.0
b0_rl_b0_lcd1000_x18_20260907,3601,70,1,signal_or_other,9,8,78.08,200.74,78.08000183105469,147.10000610351562,3.6077778
b0_rl_b0_lcd1000_x18_20260907,3601,70,2,signal_or_other,10,1,54.54,317.81,148.64999389648438,148.64999389648438,18.525
b0_rl_b0_lcd1000_x18_20260907,3751,70,1,ramp_R_F_E,20,20,9.55,176.48,9.550000190734863,176.47999572753906,0.0
b0_rl_b0_lcd1000_x18_20260907,3751,70,1,signal_or_other,8,8,78.08,147.1,78.08000183105469,147.10000610351562,0.0
b0_rl_b0_lcd1000_x18_20260907,3751,70,2,signal_or_other,13,1,44.66,295.55,55.34000015258789,55.34000015258789,30.455383
b0_rl_b0_lcd1000_x18_20260907,3751,70,2,unknown_or_exit,1,0,75.12,75.12,,,14.57
b0_rl_b0_lcd1000_x18_20260907,3901,70,1,ramp_R_F_E,16,15,2.9,170.12,2.9000000953674316,170.1199951171875,0.83687496
b0_rl_b0_lcd1000_x18_20260907,3901,70,1,signal_or_other,10,7,42.61,315.38,42.61000061035156,175.64999389648438,9.921
b0_rl_b0_lcd1000_x18_20260907,3901,70,2,ramp_R_F_E,1,0,42.89,42.89,,,21.8
b0_rl_b0_lcd1000_x18_20260907,3901,70,2,signal_or_other,11,0,57.98,281.78,,,26.739092
b0_rl_b0_lcd1000_x18_20260907,4051,70,1,ramp_R_F_E,18,18,6.85,175.62,6.849999904632568,175.6199951171875,0.0
b0_rl_b0_lcd1000_x18_20260907,4051,70,1,signal_or_other,9,9,48.36,141.69,48.36000061035156,141.69000244140625,0.0
b0_rl_b0_lcd1000_x18_20260907,4051,70,2,signal_or_other,11,0,46.45,277.73,,,21.041819
b0_rl_b0_lcd1000_x18_20260907,4051,70,2,unknown_or_exit,2,0,33.42,85.62,,,9.535
b0_rl_b0_lcd1000_x18_20260907,4201,70,1,ramp_R_F_E,18,18,6.85,175.62,6.849999904632568,175.6199951171875,0.0
b0_rl_b0_lcd1000_x18_20260907,4201,70,1,signal_or_other,11,9,48.36,312.83,48.36000061035156,141.69000244140625,7.6627274
b0_rl_b0_lcd1000_x18_20260907,4201,70,2,signal_or_other,17,10,48.03,207.29,48.029998779296875,126.66000366210938,9.21647
b0_rl_b0_lcd1000_x18_20260907,4201,70,2,unknown_or_exit,2,2,38.86,53.57,38.86000061035156,53.56999969482422,0.0
b0_rl_b0_lcd1000_x18_20260907,4351,70,1,ramp_R_F_E,18,18,6.85,175.62,6.849999904632568,175.6199951171875,0.0
b0_rl_b0_lcd1000_x18_20260907,4351,70,1,signal_or_other,9,9,48.36,141.69,48.36000061035156,141.69000244140625,0.0
b0_rl_b0_lcd1000_x18_20260907,4351,70,2,signal_or_other,20,20,48.87,169.91,48.869998931884766,169.91000366210938,0.0
b0_rl_b0_lcd1000_x18_20260907,4351,70,2,unknown_or_exit,3,3,56.11,175.14,56.11000061035156,175.13999938964844,0.0
b0_rl_b0_lcd1000_x18_20260907,4501,70,1,ramp_R_F_E,18,18,6.85,175.62,6.849999904632568,175.6199951171875,0.0
b0_rl_b0_lcd1000_x18_20260907,4501,70,1,signal_or_other,9,9,48.36,141.69,48.36000061035156,141.69000244140625,0.0
b0_rl_b0_lcd1000_x18_20260907,4501,70,2,signal_or_other,18,15,40.71,168.37,79.4000015258789,168.3699951171875,2.9022222
b0_rl_b0_lcd1000_x18_20260907,4501,70,2,unknown_or_exit,2,2,138.88,175.14,138.8800048828125,175.13999938964844,0.0
b0_rl_b0_lcd1000_x18_20260907,4651,70,1,ramp_R_F_E,15,14,8.36,174.24,8.359999656677246,174.24000549316406,1.02
b0_rl_b0_lcd1000_x18_20260907,4651,70,1,signal_or_other,11,10,42.75,290.94,42.75,161.5,4.3336363
b0_rl_b0_lcd1000_x18_20260907,4651,70,2,ramp_R_F_E,1,0,101.32,101.32,,,17.25
b0_rl_b0_lcd1000_x18_20260907,4651,70,2,signal_or_other,9,0,45.41,312.09,,,34.925552
b0_rl_b0_lcd1000_x18_20260907,4651,70,2,unknown_or_exit,2,0,60.83,134.47,,,12.2
b0_rl_b0_lcd1000_x18_20260907,4801,70,1,ramp_R_F_E,12,12,33.43,179.09,33.43000030517578,179.08999633789062,0.0
b0_rl_b0_lcd1000_x18_20260907,4801,70,1,signal_or_other,11,10,41.83,230.33,41.83000183105469,166.83999633789062,4.149091
b0_rl_b0_lcd1000_x18_20260907,4801,70,1,unknown_or_exit,4,4,5.86,21.95,5.860000133514404,21.950000762939453,0.0
b0_rl_b0_lcd1000_x18_20260907,4801,70,2,signal_or_other,16,8,45.76,312.15,45.7599983215332,87.4000015258789,12.344375
b0_rl_b0_lcd1000_x18_20260907,4951,70,1,ramp_R_F_E,12,12,33.43,179.09,33.43000030517578,179.08999633789062,0.0
b0_rl_b0_lcd1000_x18_20260907,4951,70,1,signal_or_other,10,10,41.83,166.84,41.83000183105469,166.83999633789062,0.0
b0_rl_b0_lcd1000_x18_20260907,4951,70,1,unknown_or_exit,4,4,5.86,21.95,5.860000133514404,21.950000762939453,0.0
b0_rl_b0_lcd1000_x18_20260907,4951,70,2,signal_or_other,11,3,50.89,186.23,50.88999938964844,89.7699966430664,8.844545
b0_rl_b0_lcd1000_x18_20260907,4951,70,2,unknown_or_exit,5,4,33.9,79.5,33.900001525878906,61.709999084472656,1.7739999
b0_rl_b0_lcd1000_x18_20260907,5101,70,1,ramp_R_F_E,12,12,33.43,179.09,33.43000030517578,179.08999633789062,0.0
b0_rl_b0_lcd1000_x18_20260907,5101,70,1,signal_or_other,10,10,41.83,166.84,41.83000183105469,166.83999633789062,0.0
b0_rl_b0_lcd1000_x18_20260907,5101,70,1,unknown_or_exit,4,4,5.86,21.95,5.860000133514404,21.950000762939453,0.0
b0_rl_b0_lcd1000_x18_20260907,5101,70,2,ramp_R_F_E,1,1,53.15,53.15,53.150001525878906,53.150001525878906,0.0
b0_rl_b0_lcd1000_x18_20260907,5101,70,2,signal_or_other,17,16,41.28,169.49,41.279998779296875,169.49000549316406,0.8829412
b0_rl_b0_lcd1000_x18_20260907,5101,70,2,unknown_or_exit,3,3,152.48,175.14,152.47999572753906,175.13999938964844,0.0
b0_rl_b0_lcd1000_x18_20260907,5251,70,1,ramp_R_F_E,9,7,65.54,173.54,65.54000091552734,165.9600067138672,2.4722223
b0_rl_b0_lcd1000_x18_20260907,5251,70,1,signal_or_other,8,5,52.6,254.69,52.599998474121094,154.6199951171875,13.5225
b0_rl_b0_lcd1000_x18_20260907,5251,70,1,unknown_or_exit,7,7,4.55,41.12,4.550000190734863,41.119998931884766,0.59999996
b0_rl_b0_lcd1000_x18_20260907,5251,70,2,ramp_R_F_E,1,1,45.03,45.03,45.029998779296875,45.029998779296875,0.0
b0_rl_b0_lcd1000_x18_20260907,5251,70,2,signal_or_other,16,8,51.15,267.97,51.150001525878906,111.80000305175781,8.068126
g1_base_x18_20260905,901,32,1,ramp_R_D_E,1,0,303.72,303.72,,,44.45
g1_base_x18_20260905,901,32,1,ramp_R_D_W,6,0,167.62,1023.79,,,43.396667
g1_base_x18_20260905,901,32,1,signal_or_other,52,35,721.95,1954.24,1535.8900146484375,1954.239990234375,10.909039
g1_base_x18_20260905,901,32,2,ramp_R_D_E,2,0,491.25,686.92,,,44.435
g1_base_x18_20260905,901,32,2,ramp_R_D_W,4,0,129.47,914.81,,,40.9925
g1_base_x18_20260905,901,32,2,signal_or_other,47,28,1016.32,1953.83,1544.219970703125,1953.8299560546875,11.509362
g1_base_x18_20260905,901,32,3,ramp_R_D_E,1,0,1007.88,1007.88,,,40.36
g1_base_x18_20260905,901,32,3,ramp_R_D_W,5,0,299.0,847.59,,,41.663998
g1_base_x18_20260905,901,32,3,signal_or_other,43,31,1530.29,1953.93,1558.010009765625,1953.9300537109375,7.435349
g1_base_x18_20260905,1051,32,1,ramp_R_D_E,2,0,154.6,461.76,,,40.79
g1_base_x18_20260905,1051,32,1,ramp_R_D_W,11,0,122.11,1015.16,,,41.325455
g1_base_x18_20260905,1051,32,1,signal_or_other,40,22,1156.57,1954.21,1498.9599609375,1954.2099609375,17.5825
g1_base_x18_20260905,1051,32,2,ramp_R_D_E,7,0,126.23,1169.93,,,41.604286
g1_base_x18_20260905,1051,32,2,ramp_R_D_W,10,0,24.9,1018.15,,,40.258003
g1_base_x18_20260905,1051,32,2,signal_or_other,44,25,278.88,1954.09,1501.280029296875,1954.0899658203125,13.322726
g1_base_x18_20260905,1051,32,3,ramp_R_D_E,3,0,193.92,1167.74,,,41.156666
g1_base_x18_20260905,1051,32,3,ramp_R_D_W,5,0,275.11,723.44,,,42.48
g1_base_x18_20260905,1051,32,3,signal_or_other,50,31,124.08,1947.33,1506.1300048828125,1812.030029296875,10.4126005
g1_base_x18_20260905,1201,32,1,ramp_R_D_E,8,0,69.63,1309.17,,,40.879997
g1_base_x18_20260905,1201,32,1,ramp_R_D_W,11,0,135.59,953.25,,,42.234547
g1_base_x18_20260905,1201,32,1,signal_or_other,38,21,200.09,1954.12,1504.3800048828125,1954.1199951171875,10.310527
g1_base_x18_20260905,1201,32,2,ramp_R_D_E,4,0,267.3,1141.33,,,38.885002
g1_base_x18_20260905,1201,32,2,ramp_R_D_W,10,0,61.62,981.36,,,38.331997
g1_base_x18_20260905,1201,32,2,signal_or_other,47,25,129.28,1954.14,1512.4100341796875,1954.1400146484375,12.415957
g1_base_x18_20260905,1201,32,2,unknown_or_exit,1,1,1542.23,1542.23,1542.22998046875,1542.22998046875,0.0
g1_base_x18_20260905,1201,32,3,ramp_R_D_E,4,0,300.12,922.88,,,42.515
g1_base_x18_20260905,1201,32,3,ramp_R_D_W,7,0,14.35,769.14,,,42.357143
g1_base_x18_20260905,1201,32,3,signal_or_other,41,23,349.37,1944.35,1510.8299560546875,1898.6800537109375,11.51
g1_base_x18_20260905,1351,32,1,ramp_R_D_E,7,0,65.57,1305.47,,,38.842857
g1_base_x18_20260905,1351,32,1,ramp_R_D_W,4,0,326.73,723.02,,,43.5325
g1_base_x18_20260905,1351,32,1,signal_or_other,42,23,391.94,1954.26,1493.6700439453125,1954.260009765625,11.827382
g1_base_x18_20260905,1351,32,1,unknown_or_exit,1,1,1919.19,1919.19,1919.18994140625,1919.18994140625,0.0
g1_base_x18_20260905,1351,32,2,ramp_R_D_E,4,1,643.31,1562.83,1562.8299560546875,1562.8299560546875,29.91
g1_base_x18_20260905,1351,32,2,ramp_R_D_W,10,0,104.43,996.58,,,42.200005
g1_base_x18_20260905,1351,32,2,signal_or_other,44,23,340.49,1953.96,1506.1400146484375,1953.9599609375,11.333637
g1_base_x18_20260905,1351,32,2,unknown_or_exit,1,1,1541.28,1541.28,1541.280029296875,1541.280029296875,0.0
g1_base_x18_20260905,1351,32,3,ramp_R_D_E,3,0,30.1,670.91,,,43.59667
g1_base_x18_20260905,1351,32,3,ramp_R_D_W,3,0,329.74,720.35,,,43.0
g1_base_x18_20260905,1351,32,3,signal_or_other,48,27,114.83,1955.17,1511.0799560546875,1678.8299560546875,8.299167
g1_base_x18_20260905,1501,32,1,ramp_R_D_E,4,0,188.96,1005.37,,,38.9575
g1_base_x18_20260905,1501,32,1,ramp_R_D_W,6,0,86.39,1019.34,,,38.620003
g1_base_x18_20260905,1501,32,1,signal_or_other,48,31,502.12,1954.28,1483.800048828125,1954.280029296875,11.990417
g1_base_x18_20260905,1501,32,1,unknown_or_exit,1,1,1903.48,1903.48,1903.47998046875,1903.47998046875,0.0
g1_base_x18_20260905,1501,32,2,ramp_R_D_E,5,1,149.54,1905.54,1565.27001953125,1565.27001953125,26.114002
g1_base_x18_20260905,1501,32,2,ramp_R_D_W,6,0,264.22,1021.12,,,35.84667
g1_base_x18_20260905,1501,32,2,signal_or_other,42,18,1354.21,1954.21,1489.489990234375,1954.2099609375,10.752381
g1_base_x18_20260905,1501,32,3,ramp_R_D_E,4,0,318.61,956.18,,,41.9025
g1_base_x18_20260905,1501,32,3,ramp_R_D_W,9,0,10.74,790.65,,,41.773335
g1_base_x18_20260905,1501,32,3,signal_or_other,47,28,437.03,1951.75,1500.72998046875,1933.280029296875,10.041277
g1_base_x18_20260905,1501,32,3,unknown_or_exit,1,0,1704.72,1704.72,,,20.58
g1_base_x18_20260905,1651,32,1,ramp_R_D_E,4,0,767.32,1291.65,,,37.809998
g1_base_x18_20260905,1651,32,1,ramp_R_D_W,6,0,83.45,958.9,,,41.21667
g1_base_x18_20260905,1651,32,1,signal_or_other,41,26,687.35,1954.07,1507.0699462890625,1954.0699462890625,12.703658
g1_base_x18_20260905,1651,32,2,ramp_R_D_E,4,1,31.59,1948.75,1948.75,1948.75,29.6125
g1_base_x18_20260905,1651,32,2,ramp_R_D_W,7,0,187.99,995.99,,,41.965717
g1_base_x18_20260905,1651,32,2,signal_or_other,45,22,84.19,1954.17,1498.4200439453125,1954.1700439453125,12.929334
g1_base_x18_20260905,1651,32,2,unknown_or_exit,3,2,1504.17,1915.33,1504.1700439453125,1915.3299560546875,3.9266665
g1_base_x18_20260905,1651,32,3,ramp_R_D_E,2,0,590.25,742.46,,,43.07
g1_base_x18_20260905,1651,32,3,ramp_R_D_W,7,0,33.23,710.4,,,41.657143
g1_base_x18_20260905,1651,32,3,signal_or_other,47,29,862.66,1952.25,1508.2900390625,1842.1500244140625,8.338937
g1_base_x18_20260905,1801,32,1,ramp_R_D_E,6,0,122.84,1309.56,,,41.578335
g1_base_x18_20260905,1801,32,1,ramp_R_D_W,7,0,31.64,856.42,,,40.788574
g1_base_x18_20260905,1801,32,1,signal_or_other,46,26,301.08,1954.2,1505.6199951171875,1954.199951171875,9.279348
g1_base_x18_20260905,1801,32,2,ramp_R_D_E,3,1,393.6,1540.15,1540.1500244140625,1540.1500244140625,23.800001
g1_base_x18_20260905,1801,32,2,ramp_R_D_W,8,0,42.33,919.88,,,38.3375
g1_base_x18_20260905,1801,32,2,signal_or_other,37,17,1517.67,1954.28,1517.6700439453125,1954.280029296875,11.376757
g1_base_x18_20260905,1801,32,3,ramp_R_D_E,6,0,77.16,1075.01,,,39.433334
g1_base_x18_20260905,1801,32,3,ramp_R_D_W,5,0,44.02,844.66,,,43.496
g1_base_x18_20260905,1801,32,3,signal_or_other,39,23,1505.29,1951.55,1515.5899658203125,1878.5999755859375,8.285896
g1_base_x18_20260905,1801,32,3,unknown_or_exit,1,1,1895.64,1895.64,1895.6400146484375,1895.6400146484375,4.48
g1_base_x18_20260905,1951,32,1,ramp_R_D_E,8,0,95.18,1330.07,,,40.98875
g1_base_x18_20260905,1951,32,1,ramp_R_D_W,6,0,19.39,1005.1,,,41.368336
g1_base_x18_20260905,1951,32,1,signal_or_other,45,26,1277.74,1954.42,1521.22998046875,1954.4200439453125,12.591556
g1_base_x18_20260905,1951,32,2,ramp_R_D_E,3,1,663.23,1544.75,1544.75,1544.75,24.166666
g1_base_x18_20260905,1951,32,2,ramp_R_D_W,5,0,96.21,862.57,,,40.218
g1_base_x18_20260905,1951,32,2,signal_or_other,41,18,121.37,1948.15,1520.969970703125,1948.1500244140625,12.825853
g1_base_x18_20260905,1951,32,2,unknown_or_exit,1,1,1954.05,1954.05,1954.050048828125,1954.050048828125,0.0
g1_base_x18_20260905,1951,32,3,ramp_R_D_E,3,0,336.34,1943.49,,,31.970001
g1_base_x18_20260905,1951,32,3,ramp_R_D_W,7,0,76.51,838.21,,,41.53
g1_base_x18_20260905,1951,32,3,signal_or_other,38,24,1513.45,1935.36,1529.300048828125,1816.47998046875,9.766315
g1_base_x18_20260905,1951,32,3,unknown_or_exit,1,0,1663.01,1663.01,,,14.5
g1_base_x18_20260905,2101,32,1,ramp_R_D_E,10,2,289.95,1909.18,1536.989990234375,1909.1800537109375,31.159998
g1_base_x18_20260905,2101,32,1,ramp_R_D_W,12,0,50.5,1013.55,,,42.12417
g1_base_x18_20260905,2101,32,1,signal_or_other,42,21,437.75,1954.33,1513.56005859375,1954.3299560546875,11.700714
g1_base_x18_20260905,2101,32,2,ramp_R_D_E,3,1,319.47,1528.35,1528.3499755859375,1528.3499755859375,24.173334
g1_base_x18_20260905,2101,32,2,ramp_R_D_W,8,0,66.56,938.47,,,39.69375
g1_base_x18_20260905,2101,32,2,signal_or_other,44,25,35.12,1954.16,1516.8199462890625,1954.1600341796875,14.040908
g1_base_x18_20260905,2101,32,3,ramp_R_D_W,9,0,61.96,604.34,,,39.04445
g1_base_x18_20260905,2101,32,3,signal_or_other,41,25,18.87,1945.72,1525.9300537109375,1812.6300048828125,11.087805
g1_base_x18_20260905,2101,32,3,unknown_or_exit,1,1,1579.5,1579.5,1579.5,1579.5,0.0
g1_base_x18_20260905,2251,32,1,ramp_R_D_E,6,1,89.16,1915.06,1915.06005859375,1915.06005859375,35.98833
g1_base_x18_20260905,2251,32,1,ramp_R_D_W,6,0,17.19,674.65,,,38.808334
g1_base_x18_20260905,2251,32,1,signal_or_other,45,23,265.71,1954.47,1517.9200439453125,1954.469970703125,13.366001
g1_base_x18_20260905,2251,32,2,ramp_R_D_E,6,1,51.06,1871.57,1871.5699462890625,1871.5699462890625,36.325
g1_base_x18_20260905,2251,32,2,ramp_R_D_W,7,0,188.16,999.07,,,40.948574
g1_base_x18_20260905,2251,32,2,signal_or_other,41,23,150.69,1954.4,1530.3699951171875,1954.4000244140625,13.615123
g1_base_x18_20260905,2251,32,3,ramp_R_D_E,4,0,340.96,1080.47,,,38.13
g1_base_x18_20260905,2251,32,3,ramp_R_D_W,11,0,45.46,687.28,,,39.724545
g1_base_x18_20260905,2251,32,3,signal_or_other,39,27,1526.58,1945.59,1526.5799560546875,1789.489990234375,9.97564
g1_base_x18_20260905,2251,32,3,unknown_or_exit,1,0,1842.53,1842.53,,,34.77
g1_base_x18_20260905,2401,32,1,ramp_R_D_E,4,0,348.55,874.66,,,37.86
g1_base_x18_20260905,2401,32,1,ramp_R_D_W,2,0,655.61,915.25,,,32.58
g1_base_x18_20260905,2401,32,1,signal_or_other,43,20,61.81,1954.39,1512.0899658203125,1954.3900146484375,13.599303
g1_base_x18_20260905,2401,32,2,ramp_R_D_E,2,0,302.83,529.55,,,39.985
g1_base_x18_20260905,2401,32,2,ramp_R_D_W,8,0,41.47,980.97,,,38.90875
g1_base_x18_20260905,2401,32,2,signal_or_other,49,26,1335.39,1954.01,1512.8800048828125,1954.010009765625,13.077347
g1_base_x18_20260905,2401,32,3,ramp_R_D_E,5,0,671.59,937.91,,,41.974
g1_base_x18_20260905,2401,32,3,ramp_R_D_W,9,0,66.43,823.91,,,40.579998
g1_base_x18_20260905,2401,32,3,signal_or_other,45,28,1005.18,1948.01,1510.8399658203125,1810.5,10.1553335
g1_base_x18_20260905,2551,32,1,ramp_R_D_E,4,0,220.17,1312.82,,,42.5725
g1_base_x18_20260905,2551,32,1,ramp_R_D_W,8,0,60.19,1027.91,,,36.57
g1_base_x18_20260905,2551,32,1,signal_or_other,42,16,814.47,1954.31,1517.18994140625,1954.31005859375,19.324287
g1_base_x18_20260905,2551,32,2,ramp_R_D_E,3,0,226.84,706.46,,,36.98
g1_base_x18_20260905,2551,32,2,ramp_R_D_W,15,0,84.36,1023.34,,,37.559334
g1_base_x18_20260905,2551,32,2,signal_or_other,40,25,1488.38,1953.88,1519.6700439453125,1953.8800048828125,9.52975
g1_base_x18_20260905,2551,32,2,unknown_or_exit,3,2,1393.62,1557.31,1512.219970703125,1557.31005859375,15.946667
g1_base_x18_20260905,2551,32,3,ramp_R_D_E,4,1,289.16,1586.61,1586.6099853515625,1586.6099853515625,29.9825
g1_base_x18_20260905,2551,32,3,ramp_R_D_W,8,0,14.51,828.43,,,38.903748
g1_base_x18_20260905,2551,32,3,signal_or_other,48,30,88.8,1942.5,1516.1099853515625,1936.1600341796875,9.463333
g1_base_x18_20260905,2551,32,3,unknown_or_exit,1,1,1545.06,1545.06,1545.06005859375,1545.06005859375,0.0
g1_base_x18_20260905,2701,32,1,ramp_R_D_E,4,2,851.43,1311.0,984.1500244140625,1026.0999755859375,20.1625
g1_base_x18_20260905,2701,32,1,ramp_R_D_W,13,3,75.56,1020.38,997.719970703125,1020.3800048828125,23.12846
g1_base_x18_20260905,2701,32,1,signal_or_other,51,26,586.33,1953.97,1009.3400268554688,1953.969970703125,13.222156
g1_base_x18_20260905,2701,32,1,unknown_or_exit,2,1,1690.04,1895.17,1895.1700439453125,1895.1700439453125,9.93
g1_base_x18_20260905,2701,32,2,ramp_R_D_E,1,0,772.36,772.36,,,41.29
g1_base_x18_20260905,2701,32,2,ramp_R_D_W,15,9,43.58,1014.77,963.8699951171875,1014.77001953125,16.348
g1_base_x18_20260905,2701,32,2,signal_or_other,39,17,752.47,1954.3,1508.0999755859375,1954.300048828125,10.464359
g1_base_x18_20260905,2701,32,2,unknown_or_exit,2,0,1459.13,1643.23,,,33.91
g1_base_x18_20260905,2701,32,3,ramp_R_D_E,3,0,546.04,1010.99,,,30.6
g1_base_x18_20260905,2701,32,3,ramp_R_D_W,8,0,15.06,871.4,,,41.792503
g1_base_x18_20260905,2701,32,3,signal_or_other,40,29,1518.44,1952.69,1518.43994140625,1952.68994140625,6.6659994
g1_base_x18_20260905,2701,32,3,unknown_or_exit,4,1,1026.59,1841.74,1657.93994140625,1657.93994140625,19.054998
g1_base_x18_20260905,2851,32,1,ramp_R_D_E,6,0,377.22,1272.31,,,33.76167
g1_base_x18_20260905,2851,32,1,ramp_R_D_W,9,2,130.27,989.35,950.4400024414062,989.3499755859375,29.707777
g1_base_x18_20260905,2851,32,1,signal_or_other,42,20,195.59,1954.32,996.1199951171875,1954.3199462890625,12.648809
g1_base_x18_20260905,2851,32,2,ramp_R_D_E,4,0,16.95,1326.75,,,41.34
g1_base_x18_20260905,2851,32,2,ramp_R_D_W,14,5,160.95,1022.13,970.1699829101562,1009.719970703125,20.609285
g1_base_x18_20260905,2851,32,2,signal_or_other,36,16,1509.23,1948.74,1526.8299560546875,1948.739990234375,11.471946
g1_base_x18_20260905,2851,32,2,unknown_or_exit,3,1,1678.65,1954.34,1954.3399658203125,1954.3399658203125,12.696667
g1_base_x18_20260905,2851,32,3,ramp_R_D_E,2,0,996.96,1094.25,,,44.88
g1_base_x18_20260905,2851,32,3,ramp_R_D_W,7,0,60.92,817.81,,,42.41571
g1_base_x18_20260905,2851,32,3,signal_or_other,45,26,167.58,1943.94,1522.06005859375,1937.949951171875,9.958445
g1_base_x18_20260905,2851,32,3,unknown_or_exit,1,0,1308.17,1308.17,,,37.9
g1_base_x18_20260905,3001,32,1,ramp_R_D_E,5,1,1199.58,1847.49,1847.489990234375,1847.489990234375,30.960001
g1_base_x18_20260905,3001,32,1,ramp_R_D_W,3,0,100.84,916.57,,,41.383335
g1_base_x18_20260905,3001,32,1,signal_or_other,43,23,227.72,1954.15,1517.6199951171875,1954.1500244140625,12.473721
g1_base_x18_20260905,3001,32,2,ramp_R_D_E,2,0,254.51,542.11,,,41.4
g1_base_x18_20260905,3001,32,2,ramp_R_D_W,5,0,26.65,973.58,,,39.156
g1_base_x18_20260905,3001,32,2,signal_or_other,48,29,1372.18,1954.19,1530.469970703125,1954.18994140625,8.994792
g1_base_x18_20260905,3001,32,2,unknown_or_exit,1,0,1294.04,1294.04,,,36.64
g1_base_x18_20260905,3001,32,3,ramp_R_D_E,2,1,1001.91,1541.69,1541.68994140625,1541.68994140625,20.12
g1_base_x18_20260905,3001,32,3,ramp_R_D_W,4,0,91.14,850.84,,,44.1175
g1_base_x18_20260905,3001,32,3,signal_or_other,35,20,168.5,1946.21,1529.969970703125,1676.9000244140625,12.488857
g1_base_x18_20260905,3001,32,3,unknown_or_exit,1,0,1733.91,1733.91,,,20.2
g1_base_x18_20260905,3151,32,1,ramp_R_D_E,2,0,420.01,1132.8,,,38.71
g1_base_x18_20260905,3151,32,1,ramp_R_D_W,10,0,18.06,1011.37,,,41.165
g1_base_x18_20260905,3151,32,1,signal_or_other,39,16,1287.24,1954.27,1533.25,1954.27001953125,16.696667
g1_base_x18_20260905,3151,32,1,unknown_or_exit,1,0,1783.34,1783.34,,,11.47
g1_base_x18_20260905,3151,32,2,ramp_R_D_W,9,0,2.07,843.88,,,43.539997
g1_base_x18_20260905,3151,32,2,signal_or_other,41,22,188.53,1954.08,1537.6300048828125,1954.0799560546875,12.712438
g1_base_x18_20260905,3151,32,2,unknown_or_exit,1,0,1310.87,1310.87,,,53.97
g1_base_x18_20260905,3151,32,3,ramp_R_D_E,3,0,483.99,1817.89,,,34.13
g1_base_x18_20260905,3151,32,3,ramp_R_D_W,6,0,7.07,803.28,,,41.10667
g1_base_x18_20260905,3151,32,3,signal_or_other,43,22,244.5,1939.89,1538.8399658203125,1666.1800537109375,13.683489
g1_base_x18_20260905,3301,32,1,ramp_R_D_E,4,0,570.23,1305.07,,,41.7125
g1_base_x18_20260905,3301,32,1,ramp_R_D_W,10,0,30.27,974.35,,,43.162
g1_base_x18_20260905,3301,32,1,signal_or_other,37,18,357.76,1954.03,1519.5400390625,1954.030029296875,14.327028
g1_base_x18_20260905,3301,32,2,ramp_R_D_E,3,0,249.68,829.59,,,38.273335
g1_base_x18_20260905,3301,32,2,ramp_R_D_W,7,0,74.9,1006.1,,,38.44
g1_base_x18_20260905,3301,32,2,signal_or_other,42,17,663.01,1953.87,1527.050048828125,1953.8699951171875,13.304523
g1_base_x18_20260905,3301,32,3,ramp_R_D_E,4,0,145.39,644.43,,,39.68
g1_base_x18_20260905,3301,32,3,ramp_R_D_W,3,0,467.0,745.42,,,43.043335
g1_base_x18_20260905,3301,32,3,signal_or_other,50,26,61.0,1953.74,1534.6600341796875,1953.739990234375,10.2468
g1_base_x18_20260905,3301,32,3,unknown_or_exit,1,1,1731.31,1731.31,1731.31005859375,1731.31005859375,0.0
g1_base_x18_20260905,3451,32,1,ramp_R_D_E,2,0,199.59,1279.74,,,38.33
g1_base_x18_20260905,3451,32,1,ramp_R_D_W,8,0,41.78,931.78,,,42.096252
g1_base_x18_20260905,3451,32,1,signal_or_other,42,23,1238.55,1954.27,1524.949951171875,1954.27001953125,19.254047
g1_base_x18_20260905,3451,32,2,ramp_R_D_E,3,1,172.81,1535.43,1535.4300537109375,1535.4300537109375,28.173334
g1_base_x18_20260905,3451,32,2,ramp_R_D_W,10,0,90.18,911.22,,,40.329
g1_base_x18_20260905,3451,32,2,signal_or_other,38,18,1411.14,1954.14,1542.969970703125,1954.1400146484375,9.823421
g1_base_x18_20260905,3451,32,2,unknown_or_exit,1,0,1781.3,1781.3,,,26.02
g1_base_x18_20260905,3451,32,3,ramp_R_D_E,1,0,626.74,626.74,,,40.49
g1_base_x18_20260905,3451,32,3,ramp_R_D_W,4,0,77.95,470.83,,,42.6175
g1_base_x18_20260905,3451,32,3,signal_or_other,43,21,297.24,1947.8,1525.6300048828125,1779.5799560546875,10.413721
g1_base_x18_20260905,3601,32,1,ramp_R_D_E,3,0,465.27,1104.91,,,41.396667
g1_base_x18_20260905,3601,32,1,ramp_R_D_W,14,0,38.52,993.52,,,40.737854
g1_base_x18_20260905,3601,32,1,signal_or_other,66,53,789.72,1954.35,1516.47998046875,1954.3499755859375,7.409848
g1_base_x18_20260905,3601,32,2,ramp_R_D_E,5,1,187.05,1713.36,1713.3599853515625,1713.3599853515625,29.936
g1_base_x18_20260905,3601,32,2,ramp_R_D_W,8,0,106.82,996.06,,,39.54
g1_base_x18_20260905,3601,32,2,signal_or_other,57,49,346.54,1954.29,1536.949951171875,1954.2900390625,2.935614
g1_base_x18_20260905,3601,32,2,unknown_or_exit,2,2,1701.5,1908.83,1701.5,1908.8299560546875,0.0
g1_base_x18_20260905,3601,32,3,ramp_R_D_E,4,1,192.04,1699.45,1699.449951171875,1699.449951171875,30.4225
g1_base_x18_20260905,3601,32,3,ramp_R_D_W,9,0,24.78,733.03,,,40.307777
g1_base_x18_20260905,3601,32,3,signal_or_other,55,45,312.24,1952.73,1546.7900390625,1952.72998046875,4.7110906
g1_base_x18_20260905,3751,32,1,ramp_R_D_E,3,1,982.51,1954.14,1954.1400146484375,1954.1400146484375,24.029999
g1_base_x18_20260905,3751,32,1,ramp_R_D_W,9,0,23.85,1008.69,,,38.449997
g1_base_x18_20260905,3751,32,1,signal_or_other,55,35,618.4,1947.97,1464.72998046875,1947.969970703125,12.449092
g1_base_x18_20260905,3751,32,2,ramp_R_D_E,2,0,404.84,969.66,,,37.555
g1_base_x18_20260905,3751,32,2,ramp_R_D_W,6,0,64.23,849.37,,,42.568333
g1_base_x18_20260905,3751,32,2,signal_or_other,52,36,1408.15,1953.99,1474.02001953125,1953.989990234375,7.104615
g1_base_x18_20260905,3751,32,3,ramp_R_D_E,4,1,93.55,1870.2,1510.9100341796875,1510.9100341796875,26.965
g1_base_x18_20260905,3751,32,3,ramp_R_D_W,6,0,258.96,963.55,,,40.141666
g1_base_x18_20260905,3751,32,3,signal_or_other,45,29,10.65,1950.02,1486.3800048828125,1844.260009765625,7.8399997
g1_base_x18_20260905,3751,32,3,unknown_or_exit,1,0,1914.54,1914.54,,,42.81
g1_base_x18_20260905,3901,32,1,ramp_R_D_E,1,0,1180.14,1180.14,,,42.68
g1_base_x18_20260905,3901,32,1,ramp_R_D_W,8,0,126.5,962.41,,,39.93125
g1_base_x18_20260905,3901,32,1,signal_or_other,49,25,1226.71,1954.24,1473.6500244140625,1954.239990234375,14.624694
g1_base_x18_20260905,3901,32,2,ramp_R_D_E,3,0,197.61,1016.87,,,40.12
g1_base_x18_20260905,3901,32,2,ramp_R_D_W,6,0,553.93,1000.48,,,39.98
g1_base_x18_20260905,3901,32,2,signal_or_other,48,29,434.69,1954.24,1494.239990234375,1954.239990234375,11.600625
g1_base_x18_20260905,3901,32,3,ramp_R_D_E,2,0,791.85,1818.45,,,34.89
g1_base_x18_20260905,3901,32,3,ramp_R_D_W,5,0,198.06,635.84,,,42.21
g1_base_x18_20260905,3901,32,3,signal_or_other,39,24,126.74,1926.35,1495.1300048828125,1648.780029296875,11.119487
g1_base_x18_20260905,4051,32,1,ramp_R_D_E,1,0,1245.2,1245.2,,,35.17
g1_base_x18_20260905,4051,32,1,ramp_R_D_W,6,0,265.06,980.11,,,38.946667
g1_base_x18_20260905,4051,32,1,signal_or_other,42,19,1451.62,1954.36,1501.8299560546875,1954.3599853515625,12.878096
g1_base_x18_20260905,4051,32,2,ramp_R_D_E,4,0,437.35,971.48,,,43.480003
g1_base_x18_20260905,4051,32,2,ramp_R_D_W,2,0,385.48,781.47,,,42.605
g1_base_x18_20260905,4051,32,2,signal_or_other,42,22,274.02,1954.31,1504.800048828125,1954.31005859375,9.215715
g1_base_x18_20260905,4051,32,3,ramp_R_D_E,1,0,301.27,301.27,,,39.73
g1_base_x18_20260905,4051,32,3,ramp_R_D_W,2,0,426.96,756.17,,,38.504997
g1_base_x18_20260905,4051,32,3,signal_or_other,39,18,258.63,1945.81,1514.9100341796875,1623.3800048828125,14.911795
g1_base_x18_20260905,4201,32,1,ramp_R_D_E,2,0,648.7,917.98,,,39.879997
g1_base_x18_20260905,4201,32,1,ramp_R_D_W,3,0,733.92,1021.44,,,37.463333
g1_base_x18_20260905,4201,32,1,signal_or_other,44,27,175.89,1954.34,1518.699951171875,1954.3399658203125,9.466137
g1_base_x18_20260905,4201,32,2,ramp_R_D_E,3,0,106.65,909.75,,,41.333332
g1_base_x18_20260905,4201,32,2,ramp_R_D_W,5,0,346.41,927.48,,,42.022
g1_base_x18_20260905,4201,32,2,signal_or_other,36,14,1104.87,1954.36,1525.5699462890625,1954.3599853515625,13.325
g1_base_x18_20260905,4201,32,2,unknown_or_exit,1,0,1603.98,1603.98,,,28.57
g1_base_x18_20260905,4201,32,3,ramp_R_D_E,3,1,159.84,1617.15,1617.1500244140625,1617.1500244140625,27.873335
g1_base_x18_20260905,4201,32,3,ramp_R_D_W,2,0,478.64,715.95,,,40.339996
g1_base_x18_20260905,4201,32,3,signal_or_other,49,30,1360.27,1953.59,1514.699951171875,1953.5899658203125,7.7993875
g1_base_x18_20260905,4351,32,1,ramp_R_D_E,2,0,1053.08,1197.78,,,44.52
g1_base_x18_20260905,4351,32,1,ramp_R_D_W,4,0,305.56,1004.03,,,40.614998
g1_base_x18_20260905,4351,32,1,signal_or_other,38,17,45.41,1954.49,1536.25,1954.489990234375,15.63316
g1_base_x18_20260905,4351,32,2,ramp_R_D_E,2,1,674.91,1887.93,1887.9300537109375,1887.9300537109375,20.27
g1_base_x18_20260905,4351,32,2,ramp_R_D_W,7,0,9.43,1001.26,,,42.324287
g1_base_x18_20260905,4351,32,2,signal_or_other,38,15,1325.78,1954.17,1519.9000244140625,1954.1700439453125,12.749737
g1_base_x18_20260905,4351,32,3,ramp_R_D_E,4,0,389.97,1036.17,,,41.97
g1_base_x18_20260905,4351,32,3,ramp_R_D_W,4,0,9.95,750.12,,,38.864998
g1_base_x18_20260905,4351,32,3,signal_or_other,40,23,1404.21,1953.94,1531.8900146484375,1953.93994140625,9.655251
g1_base_x18_20260905,4501,32,1,ramp_R_D_E,2,0,1246.51,1313.56,,,39.64
g1_base_x18_20260905,4501,32,1,ramp_R_D_W,10,0,202.49,967.19,,,38.370003
g1_base_x18_20260905,4501,32,1,signal_or_other,65,54,1294.49,1954.07,1511.8900146484375,1954.0699462890625,5.4387693
g1_base_x18_20260905,4501,32,2,ramp_R_D_E,1,0,842.36,842.36,,,44.4
g1_base_x18_20260905,4501,32,2,ramp_R_D_W,6,0,154.38,949.31,,,38.739998
g1_base_x18_20260905,4501,32,2,signal_or_other,58,50,693.3,1954.2,1518.93994140625,1954.199951171875,3.665517
g1_base_x18_20260905,4501,32,3,ramp_R_D_W,7,0,236.98,957.58,,,43.059998
g1_base_x18_20260905,4501,32,3,signal_or_other,57,50,1521.99,1951.87,1521.989990234375,1848.1099853515625,2.913509
g1_base_x18_20260905,4501,32,3,unknown_or_exit,1,1,1612.0,1612.0,1612.0,1612.0,0.0
g1_base_x18_20260905,4651,32,1,ramp_R_D_W,6,1,239.96,1024.91,1024.9100341796875,1024.9100341796875,31.476667
g1_base_x18_20260905,4651,32,1,signal_or_other,55,38,1433.7,1954.11,1433.699951171875,1954.1099853515625,6.905273
g1_base_x18_20260905,4651,32,2,ramp_R_D_E,1,0,927.4,927.4,,,42.85
g1_base_x18_20260905,4651,32,2,ramp_R_D_W,6,3,351.99,1026.65,1015.760009765625,1026.6500244140625,19.431667
g1_base_x18_20260905,4651,32,2,signal_or_other,54,37,196.19,1954.74,1444.1400146484375,1954.739990234375,6.8038898
g1_base_x18_20260905,4651,32,3,ramp_R_D_E,1,0,429.0,429.0,,,41.92
g1_base_x18_20260905,4651,32,3,ramp_R_D_W,1,0,733.1,733.1,,,43.79
g1_base_x18_20260905,4651,32,3,signal_or_other,51,33,178.33,1946.97,1459.1600341796875,1786.4300537109375,8.77451
g1_base_x18_20260905,4651,32,3,unknown_or_exit,1,0,1730.7,1730.7,,,28.83
g1_base_x18_20260905,4801,32,1,ramp_R_D_E,3,0,703.89,1206.42,,,41.576668
g1_base_x18_20260905,4801,32,1,ramp_R_D_W,16,12,7.61,1024.91,943.9500122070312,1024.9100341796875,8.339375
g1_base_x18_20260905,4801,32,1,signal_or_other,46,32,1323.42,1954.15,1463.1400146484375,1954.1500244140625,10.160218
g1_base_x18_20260905,4801,32,1,unknown_or_exit,1,0,620.25,620.25,,,45.5
g1_base_x18_20260905,4801,32,2,ramp_R_D_E,1,0,781.97,781.97,,,41.78
g1_base_x18_20260905,4801,32,2,ramp_R_D_W,19,15,105.79,1026.65,941.0,1026.6500244140625,8.946317
g1_base_x18_20260905,4801,32,2,signal_or_other,47,28,1357.79,1947.94,1479.550048828125,1947.93994140625,9.247447
g1_base_x18_20260905,4801,32,2,unknown_or_exit,1,1,1953.86,1953.86,1953.8599853515625,1953.8599853515625,0.0
g1_base_x18_20260905,4801,32,3,ramp_R_D_W,1,0,39.44,39.44,,,47.14
g1_base_x18_20260905,4801,32,3,signal_or_other,51,29,546.35,1949.54,1493.050048828125,1791.7099609375,9.821372
g1_base_x18_20260905,4801,32,3,unknown_or_exit,2,0,780.78,834.85,,,40.71
g1_base_x18_20260905,4951,32,1,ramp_R_D_E,5,3,917.35,1312.82,928.3800048828125,953.77001953125,11.818001
g1_base_x18_20260905,4951,32,1,ramp_R_D_W,11,8,908.04,1028.07,908.0399780273438,1028.0699462890625,2.9254541
g1_base_x18_20260905,4951,32,1,signal_or_other,61,54,1502.07,1954.25,1502.0699462890625,1954.25,2.1844263
g1_base_x18_20260905,4951,32,1,unknown_or_exit,8,2,27.41,941.5,901.7000122070312,941.5,27.654999
g1_base_x18_20260905,4951,32,2,ramp_R_D_E,1,0,644.06,644.06,,,42.39
g1_base_x18_20260905,4951,32,2,ramp_R_D_W,18,13,900.97,1027.61,910.719970703125,1027.6099853515625,3.4688888
g1_base_x18_20260905,4951,32,2,signal_or_other,61,54,1235.09,1954.22,1504.469970703125,1954.219970703125,3.862295
g1_base_x18_20260905,4951,32,2,unknown_or_exit,5,0,82.16,890.08,,,33.542
g1_base_x18_20260905,4951,32,3,ramp_R_D_E,4,0,373.13,1147.05,,,38.945
g1_base_x18_20260905,4951,32,3,signal_or_other,60,51,1211.66,1945.19,1509.27001953125,1831.1800537109375,3.8593335
g1_base_x18_20260905,4951,32,3,unknown_or_exit,4,0,37.45,827.49,,,41.9625
g1_base_x18_20260905,5101,32,1,ramp_R_D_E,2,2,1017.81,1023.03,1017.8099975585938,1023.030029296875,0.0
g1_base_x18_20260905,5101,32,1,ramp_R_D_W,1,1,1011.23,1011.23,1011.22998046875,1011.22998046875,0.0
g1_base_x18_20260905,5101,32,1,signal_or_other,50,36,1454.6,1954.07,1454.5999755859375,1954.0699462890625,6.7158003
g1_base_x18_20260905,5101,32,1,unknown_or_exit,21,15,69.32,1448.4,917.739990234375,1448.4000244140625,11.370001
g1_base_x18_20260905,5101,32,2,ramp_R_D_E,2,0,44.96,791.45,,,43.1
g1_base_x18_20260905,5101,32,2,ramp_R_D_W,8,8,985.51,1025.31,985.510009765625,1025.31005859375,0.0
g1_base_x18_20260905,5101,32,2,signal_or_other,47,30,1364.28,1954.29,1460.760009765625,1954.2900390625,9.424042
g1_base_x18_20260905,5101,32,2,unknown_or_exit,23,14,13.71,1583.25,901.5700073242188,1455.93994140625,15.981305
g1_base_x18_20260905,5101,32,3,ramp_R_D_E,2,0,504.78,1067.32,,,36.795
g1_base_x18_20260905,5101,32,3,signal_or_other,46,28,1444.79,1952.59,1470.6199951171875,1797.3299560546875,10.261304
g1_base_x18_20260905,5101,32,3,unknown_or_exit,4,1,29.65,1477.57,1477.5699462890625,1477.5699462890625,32.645
g1_base_x18_20260905,5251,32,1,ramp_R_D_E,2,2,1017.81,1023.03,1017.8099975585938,1023.030029296875,0.0
g1_base_x18_20260905,5251,32,1,ramp_R_D_W,1,1,1011.23,1011.23,1011.22998046875,1011.22998046875,0.0
g1_base_x18_20260905,5251,32,1,signal_or_other,31,11,1555.68,1954.26,1883.9599609375,1954.260009765625,14.537097
g1_base_x18_20260905,5251,32,1,unknown_or_exit,41,32,4.89,1593.8,846.5599975585938,1548.530029296875,10.280244
g1_base_x18_20260905,5251,32,2,ramp_R_D_W,8,8,985.51,1025.31,985.510009765625,1025.31005859375,0.0
g1_base_x18_20260905,5251,32,2,signal_or_other,31,16,1600.21,1948.23,1857.9599609375,1948.22998046875,12.032581
g1_base_x18_20260905,5251,32,2,unknown_or_exit,41,34,177.61,1954.11,849.5800170898438,1954.1099853515625,5.53317
g1_base_x18_20260905,5251,32,3,ramp_R_D_E,2,0,1012.11,1027.07,,,19.95
g1_base_x18_20260905,5251,32,3,ramp_R_D_W,1,0,935.61,935.61,,,10.12
g1_base_x18_20260905,5251,32,3,signal_or_other,22,8,1630.01,1947.4,1630.010009765625,1832.1600341796875,15.285
g1_base_x18_20260905,5251,32,3,unknown_or_exit,28,23,246.3,1722.85,998.3800048828125,1722.8499755859375,6.8825
g1_base_x18_20260905,901,31,1,ramp_R_D_E,1,0,356.35,356.35,,,45.58
g1_base_x18_20260905,901,31,1,unknown_or_exit,17,0,745.12,1881.19,,,100.06471
g1_base_x18_20260905,901,31,2,unknown_or_exit,20,0,360.44,1894.59,,,57.209496
g1_base_x18_20260905,901,31,3,ramp_R_D_W,1,0,1212.28,1212.28,,,75.2
g1_base_x18_20260905,901,31,3,unknown_or_exit,10,0,402.55,1928.64,,,97.090004
g1_base_x18_20260905,1051,31,1,ramp_R_D_E,1,0,133.11,133.11,,,40.16
g1_base_x18_20260905,1051,31,1,ramp_R_D_W,2,0,108.93,719.36,,,36.05
g1_base_x18_20260905,1051,31,1,unknown_or_exit,14,0,622.65,1889.29,,,72.780716
g1_base_x18_20260905,1051,31,2,unknown_or_exit,11,0,722.17,1943.69,,,58.597275
g1_base_x18_20260905,1051,31,3,unknown_or_exit,11,0,695.01,1875.54,,,74.170006
g1_base_x18_20260905,1201,31,1,ramp_R_D_E,1,0,26.66,26.66,,,40.04
g1_base_x18_20260905,1201,31,1,ramp_R_D_W,1,0,713.0,713.0,,,32.22
g1_base_x18_20260905,1201,31,1,unknown_or_exit,11,0,652.97,1783.57,,,75.25181
g1_base_x18_20260905,1201,31,2,unknown_or_exit,13,0,376.09,1845.27,,,75.02231
g1_base_x18_20260905,1201,31,3,unknown_or_exit,13,0,668.7,1750.6,,,59.5977
g1_base_x18_20260905,1351,31,1,ramp_R_D_W,1,0,650.5,650.5,,,39.44
g1_base_x18_20260905,1351,31,1,unknown_or_exit,11,0,162.36,1620.37,,,72.72364
g1_base_x18_20260905,1351,31,2,unknown_or_exit,12,0,376.92,1929.42,,,53.830837
g1_base_x18_20260905,1351,31,3,unknown_or_exit,5,0,717.96,1957.43,,,73.270004
g1_base_x18_20260905,1501,31,1,ramp_R_D_E,1,0,274.39,274.39,,,41.3
g1_base_x18_20260905,1501,31,1,ramp_R_D_W,2,0,303.61,661.77,,,36.059998
g1_base_x18_20260905,1501,31,1,unknown_or_exit,12,0,620.44,1971.32,,,67.442505
g1_base_x18_20260905,1501,31,2,ramp_R_D_W,1,0,293.49,293.49,,,39.91
g1_base_x18_20260905,1501,31,2,unknown_or_exit,15,0,179.63,1885.21,,,65.889336
g1_base_x18_20260905,1501,31,3,unknown_or_exit,9,0,714.38,1944.29,,,73.21334
g1_base_x18_20260905,1651,31,1,ramp_R_D_W,1,0,623.62,623.62,,,31.25
g1_base_x18_20260905,1651,31,1,unknown_or_exit,16,0,910.62,1774.13,,,78.695625
g1_base_x18_20260905,1651,31,2,unknown_or_exit,16,0,1019.51,1888.0,,,49.15188
g1_base_x18_20260905,1651,31,3,unknown_or_exit,14,0,1105.12,1984.68,,,80.597855
g1_base_x18_20260905,1801,31,1,ramp_R_D_E,1,0,362.88,362.88,,,41.1
g1_base_x18_20260905,1801,31,1,ramp_R_D_W,2,0,306.36,324.29,,,39.9
g1_base_x18_20260905,1801,31,1,unknown_or_exit,12,0,693.85,1614.43,,,84.8625
g1_base_x18_20260905,1801,31,2,unknown_or_exit,12,0,410.35,1730.95,,,68.854164
g1_base_x18_20260905,1801,31,3,unknown_or_exit,9,0,851.45,1891.85,,,83.37556
g1_base_x18_20260905,1951,31,1,ramp_R_D_E,2,0,148.99,359.39,,,37.79
g1_base_x18_20260905,1951,31,1,unknown_or_exit,11,0,900.5,1976.22,,,103.01182
g1_base_x18_20260905,1951,31,2,unknown_or_exit,18,0,397.34,1968.95,,,57.538887
g1_base_x18_20260905,1951,31,3,unknown_or_exit,10,0,1096.9,1981.61,,,60.836
g1_base_x18_20260905,2101,31,1,ramp_R_D_W,1,0,628.76,628.76,,,42.45
g1_base_x18_20260905,2101,31,1,unknown_or_exit,6,0,871.18,1660.03,,,101.435
g1_base_x18_20260905,2101,31,2,unknown_or_exit,13,0,488.11,1890.35,,,56.180767
g1_base_x18_20260905,2101,31,3,unknown_or_exit,5,0,891.73,1393.2,,,54.086
g1_base_x18_20260905,2251,31,1,ramp_R_D_E,2,0,138.77,185.62,,,40.47
g1_base_x18_20260905,2251,31,1,ramp_R_D_W,1,0,206.52,206.52,,,42.94
g1_base_x18_20260905,2251,31,1,unknown_or_exit,15,0,791.35,1911.83,,,74.85734
g1_base_x18_20260905,2251,31,2,ramp_R_D_E,1,0,186.89,186.89,,,44.33
g1_base_x18_20260905,2251,31,2,unknown_or_exit,20,0,492.05,1955.52,,,45.2
g1_base_x18_20260905,2251,31,3,unknown_or_exit,10,0,957.53,1673.43,,,51.934998
g1_base_x18_20260905,2401,31,1,ramp_R_D_E,3,0,47.48,279.26,,,42.796665
g1_base_x18_20260905,2401,31,1,ramp_R_D_W,1,0,17.51,17.51,,,43.59
g1_base_x18_20260905,2401,31,1,unknown_or_exit,8,0,823.87,1843.46,,,83.67125
g1_base_x18_20260905,2401,31,2,unknown_or_exit,10,0,918.92,1952.12,,,65.988
g1_base_x18_20260905,2401,31,3,unknown_or_exit,10,0,1093.21,1969.83,,,80.033005
g1_base_x18_20260905,2551,31,1,ramp_R_D_E,2,0,205.88,378.62,,,39.620003
g1_base_x18_20260905,2551,31,1,ramp_R_D_W,1,0,240.65,240.65,,,46.75
g1_base_x18_20260905,2551,31,1,unknown_or_exit,14,0,877.14,1920.15,,,80.068565
g1_base_x18_20260905,2551,31,2,ramp_R_D_W,1,0,1204.09,1204.09,,,41.28
g1_base_x18_20260905,2551,31,2,unknown_or_exit,15,0,398.04,1833.25,,,46.589336
g1_base_x18_20260905,2551,31,3,unknown_or_exit,9,0,943.61,1993.22,,,85.28666
g1_base_x18_20260905,2701,31,1,ramp_R_D_E,1,0,170.67,170.67,,,39.18
g1_base_x18_20260905,2701,31,1,ramp_R_D_W,1,0,731.06,731.06,,,42.77
g1_base_x18_20260905,2701,31,1,unknown_or_exit,16,0,662.35,1963.96,,,83.84875
g1_base_x18_20260905,2701,31,2,unknown_or_exit,14,0,364.75,1774.43,,,61.164288
g1_base_x18_20260905,2701,31,3,unknown_or_exit,7,0,753.57,1398.51,,,48.35
g1_base_x18_20260905,2851,31,1,ramp_R_D_W,1,0,715.43,715.43,,,43.35
g1_base_x18_20260905,2851,31,1,unknown_or_exit,13,0,639.81,1771.4,,,83.97922
g1_base_x18_20260905,2851,31,2,ramp_R_D_W,1,0,942.85,942.85,,,43.4
g1_base_x18_20260905,2851,31,2,unknown_or_exit,13,0,737.73,1903.38,,,55.47308
g1_base_x18_20260905,2851,31,3,unknown_or_exit,7,0,687.17,1717.47,,,73.935715
g1_base_x18_20260905,3001,31,1,ramp_R_D_E,5,0,56.39,403.11,,,38.376
g1_base_x18_20260905,3001,31,1,ramp_R_D_W,1,0,206.44,206.44,,,41.59
g1_base_x18_20260905,3001,31,1,unknown_or_exit,17,0,624.79,1958.53,,,81.74353
g1_base_x18_20260905,3001,31,2,ramp_R_D_W,1,0,162.61,162.61,,,44.74
g1_base_x18_20260905,3001,31,2,unknown_or_exit,15,0,419.89,1863.74,,,59.40334
g1_base_x18_20260905,3001,31,3,unknown_or_exit,13,0,736.06,1880.41,,,50.490765
g1_base_x18_20260905,3151,31,1,unknown_or_exit,14,0,910.47,1939.36,,,78.065
g1_base_x18_20260905,3151,31,2,unknown_or_exit,13,0,708.21,1945.82,,,54.462307
g1_base_x18_20260905,3151,31,3,unknown_or_exit,3,0,799.86,1683.94,,,56.323334
g1_base_x18_20260905,3301,31,1,ramp_R_D_W,1,0,665.19,665.19,,,32.0
g1_base_x18_20260905,3301,31,1,unknown_or_exit,13,0,198.33,1754.7,,,55.285385
g1_base_x18_20260905,3301,31,2,unknown_or_exit,12,0,183.77,1957.17,,,56.880005
g1_base_x18_20260905,3301,31,3,unknown_or_exit,11,0,1101.36,1916.12,,,65.67
g1_base_x18_20260905,3451,31,1,ramp_R_D_E,3,0,156.93,360.29,,,39.153336
g1_base_x18_20260905,3451,31,1,ramp_R_D_W,1,0,75.68,75.68,,,43.57
g1_base_x18_20260905,3451,31,1,unknown_or_exit,17,0,889.89,1931.44,,,67.229996
g1_base_x18_20260905,3451,31,2,ramp_R_D_W,1,0,1542.47,1542.47,,,44.6
g1_base_x18_20260905,3451,31,2,unknown_or_exit,13,0,545.09,1958.27,,,54.00846
g1_base_x18_20260905,3451,31,3,unknown_or_exit,12,0,893.77,1954.73,,,67.82916
g1_base_x18_20260905,3601,31,1,ramp_R_D_E,4,0,237.71,396.36,,,39.5425
g1_base_x18_20260905,3601,31,1,unknown_or_exit,9,0,82.16,1877.62,,,79.46666
g1_base_x18_20260905,3601,31,2,unknown_or_exit,12,0,409.05,1816.15,,,45.188335
g1_base_x18_20260905,3601,31,3,unknown_or_exit,8,0,559.44,1945.42,,,57.574997
g1_base_x18_20260905,3751,31,1,unknown_or_exit,15,0,931.42,1895.76,,,79.02666
g1_base_x18_20260905,3751,31,2,unknown_or_exit,12,0,550.54,1927.7,,,56.7025
g1_base_x18_20260905,3751,31,3,unknown_or_exit,7,0,778.43,1978.87,,,63.118572
g1_base_x18_20260905,3901,31,1,ramp_R_D_E,1,0,174.2,174.2,,,41.87
g1_base_x18_20260905,3901,31,1,unknown_or_exit,12,0,967.95,1520.31,,,51.296665
g1_base_x18_20260905,3901,31,2,unknown_or_exit,21,0,584.25,1966.31,,,66.51666
g1_base_x18_20260905,3901,31,3,unknown_or_exit,13,0,916.07,1651.66,,,59.17846
g1_base_x18_20260905,4051,31,1,ramp_R_D_E,2,0,104.63,370.98,,,55.34
g1_base_x18_20260905,4051,31,1,unknown_or_exit,15,0,639.98,1961.71,,,87.857994
g1_base_x18_20260905,4051,31,2,unknown_or_exit,10,0,425.8,1924.25,,,63.717
g1_base_x18_20260905,4051,31,3,unknown_or_exit,5,0,1191.09,1946.96,,,80.276
g1_base_x18_20260905,4201,31,1,ramp_R_D_W,1,0,704.29,704.29,,,40.18
g1_base_x18_20260905,4201,31,1,unknown_or_exit,17,0,621.68,1971.09,,,78.23705
g1_base_x18_20260905,4201,31,2,unknown_or_exit,11,0,498.49,1754.49,,,44.800907
g1_base_x18_20260905,4201,31,3,unknown_or_exit,4,0,743.51,963.62,,,87.74
g1_base_x18_20260905,4351,31,1,ramp_R_D_E,1,0,124.23,124.23,,,40.54
g1_base_x18_20260905,4351,31,1,ramp_R_D_W,7,6,636.4,734.49,698.8800048828125,734.489990234375,4.792857
g1_base_x18_20260905,4351,31,1,unknown_or_exit,15,0,956.05,1854.88,,,86.39001
g1_base_x18_20260905,4351,31,2,ramp_R_D_E,1,0,115.57,115.57,,,45.36
g1_base_x18_20260905,4351,31,2,unknown_or_exit,14,0,662.67,1908.21,,,55.089996
g1_base_x18_20260905,4351,31,3,unknown_or_exit,5,0,1071.01,1909.17,,,97.138
g1_base_x18_20260905,4501,31,1,ramp_R_D_E,1,0,383.96,383.96,,,41.68
g1_base_x18_20260905,4501,31,1,ramp_R_D_W,12,9,29.6,734.49,675.989990234375,734.489990234375,11.507501
g1_base_x18_20260905,4501,31,1,unknown_or_exit,12,0,620.23,1978.35,,,84.05666
g1_base_x18_20260905,4501,31,2,ramp_R_D_W,1,0,230.86,230.86,,,31.02
g1_base_x18_20260905,4501,31,2,unknown_or_exit,12,2,565.89,1910.43,723.989990234375,729.9299926757812,53.515
g1_base_x18_20260905,4501,31,3,ramp_R_D_W,1,0,512.6,512.6,,,41.58
g1_base_x18_20260905,4501,31,3,unknown_or_exit,5,0,714.42,1831.69,,,58.323997
g1_base_x18_20260905,4651,31,1,ramp_R_D_W,20,19,210.01,734.49,606.52001953125,734.489990234375,2.041
g1_base_x18_20260905,4651,31,1,unknown_or_exit,17,0,901.06,1935.48,,,83.821175
g1_base_x18_20260905,4651,31,2,unknown_or_exit,12,0,510.73,1866.62,,,71.28167
g1_base_x18_20260905,4651,31,3,unknown_or_exit,2,0,1054.4,1791.28,,,44.86
g1_base_x18_20260905,4801,31,1,ramp_R_D_W,21,21,593.89,734.49,593.8900146484375,734.489990234375,0.0
g1_base_x18_20260905,4801,31,1,unknown_or_exit,14,3,193.21,1864.98,575.969970703125,587.3599853515625,64.91215
g1_base_x18_20260905,4801,31,2,unknown_or_exit,6,2,181.5,1756.35,724.52001953125,729.9299926757812,49.14333
g1_base_x18_20260905,4801,31,3,unknown_or_exit,12,0,896.58,1790.26,,,45.3325
g1_base_x18_20260905,4951,31,1,ramp_R_D_W,13,12,645.88,733.04,645.8800048828125,733.0399780273438,1.2123077
g1_base_x18_20260905,4951,31,1,unknown_or_exit,18,5,352.42,1953.67,616.239990234375,639.3800048828125,49.13833
g1_base_x18_20260905,4951,31,2,ramp_R_D_W,1,1,729.93,729.93,729.9299926757812,729.9299926757812,0.0
g1_base_x18_20260905,4951,31,2,unknown_or_exit,8,0,373.24,1437.36,,,81.5325
g1_base_x18_20260905,4951,31,3,unknown_or_exit,9,0,481.65,1952.44,,,40.506668
g1_base_x18_20260905,5101,31,1,ramp_R_D_W,11,11,666.35,734.62,666.3499755859375,734.6199951171875,0.0
g1_base_x18_20260905,5101,31,1,unknown_or_exit,31,14,585.06,1973.03,585.0599975585938,659.8400268554688,44.538387
g1_base_x18_20260905,5101,31,2,unknown_or_exit,5,1,729.92,1841.33,729.9199829101562,729.9199829101562,30.889996
g1_base_x18_20260905,5101,31,3,unknown_or_exit,2,0,912.44,1330.26,,,41.345
g1_base_x18_20260905,5251,31,1,ramp_R_D_E,2,0,88.2,284.19,,,42.52
g1_base_x18_20260905,5251,31,1,ramp_R_D_W,11,11,666.35,734.62,666.3499755859375,734.6199951171875,0.0
g1_base_x18_20260905,5251,31,1,unknown_or_exit,26,16,573.88,1966.12,573.8800048828125,659.8400268554688,42.555767
g1_base_x18_20260905,5251,31,2,unknown_or_exit,11,2,724.07,1880.66,724.0700073242188,729.9299926757812,46.873634
g1_base_x18_20260905,5251,31,3,unknown_or_exit,6,0,771.47,1747.06,,,57.798336
g1_base_x18_20260905,901,68,1,ramp_R_F_E,1,0,82.31,82.31,,,28.43
g1_base_x18_20260905,901,68,1,ramp_R_F_W,3,0,213.83,339.91,,,23.186666
g1_base_x18_20260905,901,68,1,unknown_or_exit,14,0,250.5,1719.35,,,77.590004
g1_base_x18_20260905,901,68,2,ramp_R_F_W,3,1,90.81,348.66,327.3599853515625,327.3599853515625,28.673332
g1_base_x18_20260905,901,68,2,unknown_or_exit,10,2,296.22,2000.13,334.05999755859375,341.3299865722656,87.219
g1_base_x18_20260905,901,68,3,ramp_R_F_W,1,1,339.5,339.5,339.5,339.5,0.0
g1_base_x18_20260905,901,68,3,unknown_or_exit,3,0,1285.75,1753.91,,,105.21334
g1_base_x18_20260905,901,68,4,unknown_or_exit,4,0,334.73,1413.75,,,78.85
g1_base_x18_20260905,1051,68,1,ramp_R_F_W,1,0,328.92,328.92,,,40.06
g1_base_x18_20260905,1051,68,1,unknown_or_exit,12,0,699.39,1830.11,,,107.68917
g1_base_x18_20260905,1051,68,2,unknown_or_exit,13,0,271.01,1796.53,,,94.17
g1_base_x18_20260905,1051,68,3,unknown_or_exit,12,0,316.74,2015.31,,,79.06916
g1_base_x18_20260905,1051,68,4,unknown_or_exit,10,0,595.33,1628.25,,,62.945995
g1_base_x18_20260905,1201,68,1,ramp_R_F_W,5,2,135.69,349.32,311.3299865722656,317.1099853515625,20.202
g1_base_x18_20260905,1201,68,1,unknown_or_exit,19,1,245.16,2012.56,323.4200134277344,323.4200134277344,69.313156
g1_base_x18_20260905,1201,68,2,ramp_R_F_W,4,1,313.51,343.75,323.94000244140625,323.94000244140625,9.88
g1_base_x18_20260905,1201,68,2,unknown_or_exit,15,0,630.14,1969.2,,,101.04399
g1_base_x18_20260905,1201,68,3,unknown_or_exit,12,0,284.32,1989.36,,,78.745834
g1_base_x18_20260905,1201,68,4,unknown_or_exit,13,0,353.06,1676.44,,,62.177692
g1_base_x18_20260905,1351,68,1,ramp_R_F_E,1,0,68.15,68.15,,,70.04
g1_base_x18_20260905,1351,68,1,ramp_R_F_W,2,0,249.64,309.36,,,29.134998
g1_base_x18_20260905,1351,68,1,unknown_or_exit,17,0,241.95,1944.47,,,96.274704
g1_base_x18_20260905,1351,68,2,ramp_R_F_W,1,0,258.66,258.66,,,40.27
g1_base_x18_20260905,1351,68,2,unknown_or_exit,16,0,233.31,1999.27,,,97.944374
g1_base_x18_20260905,1351,68,3,unknown_or_exit,10,0,504.67,1882.22,,,92.748
g1_base_x18_20260905,1351,68,4,unknown_or_exit,12,0,929.21,1929.03,,,86.222496
g1_base_x18_20260905,1501,68,1,ramp_R_F_W,2,1,319.36,351.59,351.5899963378906,351.5899963378906,7.48
g1_base_x18_20260905,1501,68,1,unknown_or_exit,14,0,246.22,1578.89,,,76.33929
g1_base_x18_20260905,1501,68,2,ramp_R_F_W,1,0,324.02,324.02,,,22.77
g1_base_x18_20260905,1501,68,2,unknown_or_exit,13,0,262.79,1912.72,,,89.23847
g1_base_x18_20260905,1501,68,3,unknown_or_exit,13,0,298.84,1964.34,,,84.78846
g1_base_x18_20260905,1501,68,4,unknown_or_exit,9,0,390.22,1965.18,,,83.88555
g1_base_x18_20260905,1651,68,1,ramp_R_F_W,8,2,229.3,342.65,270.5899963378906,282.510009765625,11.59625
g1_base_x18_20260905,1651,68,1,unknown_or_exit,11,1,276.04,1847.97,276.0400085449219,276.0400085449219,91.88909
g1_base_x18_20260905,1651,68,2,ramp_R_F_W,5,2,123.29,346.74,337.3800048828125,346.739990234375,23.702
g1_base_x18_20260905,1651,68,2,unknown_or_exit,9,0,245.29,1928.51,,,103.67555
g1_base_x18_20260905,1651,68,3,unknown_or_exit,8,0,295.26,1943.94,,,66.81875
g1_base_x18_20260905,1651,68,4,unknown_or_exit,7,0,388.19,1816.67,,,101.57572
g1_base_x18_20260905,1801,68,1,ramp_R_F_W,6,0,264.66,348.38,,,15.743333
g1_base_x18_20260905,1801,68,1,unknown_or_exit,13,0,240.79,1987.86,,,84.090775
g1_base_x18_20260905,1801,68,2,ramp_R_F_W,1,0,274.01,274.01,,,82.66
g1_base_x18_20260905,1801,68,2,unknown_or_exit,13,0,253.12,1881.29,,,96.38538
g1_base_x18_20260905,1801,68,3,unknown_or_exit,11,0,309.62,1977.71,,,88.36091
g1_base_x18_20260905,1801,68,4,unknown_or_exit,10,0,452.36,2015.39,,,85.645004
g1_base_x18_20260905,1951,68,1,ramp_R_F_W,3,0,270.58,338.87,,,36.38
g1_base_x18_20260905,1951,68,1,unknown_or_exit,17,0,246.09,1675.32,,,74.60117
g1_base_x18_20260905,1951,68,2,unknown_or_exit,18,0,182.42,1668.93,,,78.35166
g1_base_x18_20260905,1951,68,3,ramp_R_F_W,2,0,238.43,306.08,,,64.275
g1_base_x18_20260905,1951,68,3,unknown_or_exit,12,0,436.33,1649.65,,,78.87
g1_base_x18_20260905,1951,68,4,unknown_or_exit,15,0,498.73,1957.34,,,86.116
g1_base_x18_20260905,2101,68,1,ramp_R_F_W,11,1,84.52,647.75,338.6099853515625,338.6099853515625,31.836365
g1_base_x18_20260905,2101,68,1,unknown_or_exit,10,1,239.01,2021.04,239.00999450683594,239.00999450683594,92.95799
g1_base_x18_20260905,2101,68,2,ramp_R_F_E,1,0,143.72,143.72,,,84.93
g1_base_x18_20260905,2101,68,2,ramp_R_F_W,4,2,171.63,346.14,337.54998779296875,346.1400146484375,25.045
g1_base_x18_20260905,2101,68,2,unknown_or_exit,13,0,120.63,1727.98,,,87.074615
g1_base_x18_20260905,2101,68,3,unknown_or_exit,9,0,322.76,1631.53,,,68.13555
g1_base_x18_20260905,2101,68,4,unknown_or_exit,10,0,390.71,1604.73,,,47.790997
g1_base_x18_20260905,2251,68,1,ramp_R_F_W,4,0,234.47,340.17,,,14.4025
g1_base_x18_20260905,2251,68,1,unknown_or_exit,16,0,203.85,1882.42,,,66.340004
g1_base_x18_20260905,2251,68,2,ramp_R_F_W,1,0,343.99,343.99,,,8.53
g1_base_x18_20260905,2251,68,2,unknown_or_exit,11,3,273.94,1981.98,323.19000244140625,335.20001220703125,56.444546
g1_base_x18_20260905,2251,68,3,ramp_R_F_W,1,0,335.58,335.58,,,9.66
g1_base_x18_20260905,2251,68,3,unknown_or_exit,10,0,303.91,1886.99,,,81.967
g1_base_x18_20260905,2251,68,4,unknown_or_exit,5,0,334.35,1664.86,,,68.25801
g1_base_x18_20260905,2401,68,1,ramp_R_F_W,7,1,266.93,336.58,318.7699890136719,318.7699890136719,11.940001
g1_base_x18_20260905,2401,68,1,unknown_or_exit,13,0,251.25,1966.25,,,71.05999
g1_base_x18_20260905,2401,68,2,unknown_or_exit,12,0,275.09,1916.96,,,89.34083
g1_base_x18_20260905,2401,68,3,unknown_or_exit,10,0,446.3,1884.95,,,63.841003
g1_base_x18_20260905,2401,68,4,unknown_or_exit,13,0,306.34,1895.27,,,70.136925
g1_base_x18_20260905,2551,68,1,ramp_R_F_W,6,0,224.23,341.49,,,19.696667
g1_base_x18_20260905,2551,68,1,unknown_or_exit,19,0,320.21,1938.75,,,75.20526
g1_base_x18_20260905,2551,68,2,ramp_R_F_W,6,5,217.1,341.9,318.3399963378906,341.8999938964844,6.0466666
g1_base_x18_20260905,2551,68,2,unknown_or_exit,10,0,265.12,1890.52,,,95.69699
g1_base_x18_20260905,2551,68,3,ramp_R_F_E,1,1,339.5,339.5,339.5,339.5,0.0
g1_base_x18_20260905,2551,68,3,unknown_or_exit,7,0,693.42,1802.25,,,90.975716
g1_base_x18_20260905,2551,68,4,unknown_or_exit,10,0,296.96,1706.58,,,57.864002
g1_base_x18_20260905,2701,68,1,ramp_R_F_W,2,0,306.13,329.72,,,38.88
g1_base_x18_20260905,2701,68,1,unknown_or_exit,22,0,243.94,2009.98,,,81.44046
g1_base_x18_20260905,2701,68,2,ramp_R_F_W,4,4,319.95,346.43,319.95001220703125,346.42999267578125,0.7475
g1_base_x18_20260905,2701,68,2,unknown_or_exit,13,1,289.32,1656.51,337.30999755859375,337.30999755859375,84.15385
g1_base_x18_20260905,2701,68,3,ramp_R_F_E,1,0,1355.65,1355.65,,,109.97
g1_base_x18_20260905,2701,68,3,ramp_R_F_W,1,1,339.5,339.5,339.5,339.5,0.0
g1_base_x18_20260905,2701,68,3,unknown_or_exit,11,0,314.16,2003.15,,,85.163635
g1_base_x18_20260905,2701,68,4,ramp_R_F_W,1,0,865.61,865.61,,,41.4
g1_base_x18_20260905,2701,68,4,unknown_or_exit,11,0,334.37,2001.25,,,62.061817
g1_base_x18_20260905,2851,68,1,ramp_R_F_E,1,0,96.27,96.27,,,40.41
g1_base_x18_20260905,2851,68,1,ramp_R_F_W,3,1,244.77,342.1,321.1099853515625,321.1099853515625,8.196667
g1_base_x18_20260905,2851,68,1,unknown_or_exit,14,0,256.87,1823.76,,,67.23
g1_base_x18_20260905,2851,68,2,ramp_R_F_W,2,0,329.6,340.9,,,12.67
g1_base_x18_20260905,2851,68,2,unknown_or_exit,10,0,305.55,1821.09,,,68.866
g1_base_x18_20260905,2851,68,3,ramp_R_F_W,1,0,896.08,896.08,,,72.07
g1_base_x18_20260905,2851,68,3,unknown_or_exit,12,0,286.28,1953.72,,,80.355835
g1_base_x18_20260905,2851,68,4,ramp_R_F_W,1,0,1247.69,1247.69,,,75.74
g1_base_x18_20260905,2851,68,4,unknown_or_exit,9,0,492.54,1925.46,,,69.90667
g1_base_x18_20260905,3001,68,1,unknown_or_exit,20,0,249.94,1953.6,,,73.51601
g1_base_x18_20260905,3001,68,2,ramp_R_F_W,2,2,335.98,346.5,335.9800109863281,346.5,2.385
g1_base_x18_20260905,3001,68,2,unknown_or_exit,15,0,391.9,1968.89,,,88.648
g1_base_x18_20260905,3001,68,3,unknown_or_exit,14,0,327.01,1965.04,,,79.96571
g1_base_x18_20260905,3001,68,4,unknown_or_exit,11,0,442.35,1909.68,,,72.4891
g1_base_x18_20260905,3151,68,1,ramp_R_F_W,1,0,350.83,350.83,,,44.76
g1_base_x18_20260905,3151,68,1,unknown_or_exit,14,0,248.0,1860.49,,,83.49285
g1_base_x18_20260905,3151,68,2,unknown_or_exit,12,0,298.72,1735.14,,,88.74334
g1_base_x18_20260905,3151,68,3,unknown_or_exit,11,0,353.73,1964.4,,,89.61818
g1_base_x18_20260905,3151,68,4,unknown_or_exit,7,0,485.95,1789.92,,,93.35286
g1_base_x18_20260905,3301,68,1,ramp_R_F_W,1,0,301.62,301.62,,,46.09
g1_base_x18_20260905,3301,68,1,unknown_or_exit,16,0,251.22,1890.85,,,75.537506
g1_base_x18_20260905,3301,68,2,unknown_or_exit,12,0,279.38,1879.62,,,91.511665
g1_base_x18_20260905,3301,68,3,unknown_or_exit,13,0,335.4,1995.38,,,89.07846
g1_base_x18_20260905,3301,68,4,ramp_R_F_E,1,0,1619.21,1619.21,,,112.34
g1_base_x18_20260905,3301,68,4,unknown_or_exit,5,0,593.88,1692.93,,,94.09999
g1_base_x18_20260905,3451,68,1,ramp_R_F_W,6,1,244.2,1016.95,244.1999969482422,244.1999969482422,24.400002
g1_base_x18_20260905,3451,68,1,unknown_or_exit,17,0,251.1,1819.22,,,72.49352
g1_base_x18_20260905,3451,68,2,unknown_or_exit,14,0,220.81,1873.91,,,85.335014
g1_base_x18_20260905,3451,68,3,unknown_or_exit,11,0,484.1,2004.62,,,71.18728
g1_base_x18_20260905,3451,68,4,unknown_or_exit,7,0,359.9,1394.77,,,70.211426
g1_base_x18_20260905,3601,68,1,ramp_R_F_W,4,1,298.58,347.97,323.3900146484375,323.3900146484375,15.6925
g1_base_x18_20260905,3601,68,1,unknown_or_exit,18,0,244.14,1995.75,,,75.289444
g1_base_x18_20260905,3601,68,2,ramp_R_F_W,2,2,341.15,347.0,341.1499938964844,347.0,1.045
g1_base_x18_20260905,3601,68,2,unknown_or_exit,8,0,965.03,1999.4,,,80.3375
g1_base_x18_20260905,3601,68,3,unknown_or_exit,13,0,285.96,1922.79,,,76.996925
g1_base_x18_20260905,3601,68,4,unknown_or_exit,12,0,426.62,1964.03,,,92.46833
g1_base_x18_20260905,3751,68,1,ramp_R_F_E,1,0,1730.36,1730.36,,,94.51
g1_base_x18_20260905,3751,68,1,ramp_R_F_W,4,0,235.99,340.59,,,30.3025
g1_base_x18_20260905,3751,68,1,unknown_or_exit,19,0,575.42,1991.59,,,78.92527
g1_base_x18_20260905,3751,68,2,unknown_or_exit,21,0,253.03,1873.72,,,81.42524
g1_base_x18_20260905,3751,68,3,unknown_or_exit,14,0,322.51,1980.34,,,69.10714
g1_base_x18_20260905,3751,68,4,unknown_or_exit,12,0,540.59,2013.44,,,76.19583
g1_base_x18_20260905,3901,68,1,unknown_or_exit,23,0,122.34,1891.56,,,70.55521
g1_base_x18_20260905,3901,68,2,ramp_R_F_W,2,0,336.61,342.6,,,11.215
g1_base_x18_20260905,3901,68,2,unknown_or_exit,17,0,289.06,1904.8,,,74.68471
g1_base_x18_20260905,3901,68,3,unknown_or_exit,10,0,324.49,2010.58,,,77.098
g1_base_x18_20260905,3901,68,4,ramp_R_F_E,1,0,1574.49,1574.49,,,45.01
g1_base_x18_20260905,3901,68,4,unknown_or_exit,9,0,377.25,1601.79,,,64.80334
g1_base_x18_20260905,4051,68,1,ramp_R_F_W,3,0,277.52,333.5,,,36.073334
g1_base_x18_20260905,4051,68,1,unknown_or_exit,8,0,252.21,1816.96,,,78.22125
g1_base_x18_20260905,4051,68,2,unknown_or_exit,11,0,254.66,1834.15,,,73.47363
g1_base_x18_20260905,4051,68,3,unknown_or_exit,14,0,500.21,1849.43,,,87.09571
g1_base_x18_20260905,4051,68,4,unknown_or_exit,12,0,361.29,1905.68,,,89.84417
g1_base_x18_20260905,4201,68,1,ramp_R_F_W,3,0,128.02,266.12,,,42.7
g1_base_x18_20260905,4201,68,1,unknown_or_exit,14,0,243.37,1803.26,,,79.138565
g1_base_x18_20260905,4201,68,2,ramp_R_F_W,1,0,176.57,176.57,,,45.95
g1_base_x18_20260905,4201,68,2,unknown_or_exit,7,0,648.49,1954.21,,,84.60286
g1_base_x18_20260905,4201,68,3,unknown_or_exit,8,0,308.91,1887.35,,,99.18626
g1_base_x18_20260905,4201,68,4,unknown_or_exit,9,0,486.61,1879.43,,,99.35222
g1_base_x18_20260905,4351,68,1,ramp_R_F_E,1,0,104.53,104.53,,,38.21
g1_base_x18_20260905,4351,68,1,ramp_R_F_W,1,0,229.41,229.41,,,41.08
g1_base_x18_20260905,4351,68,1,unknown_or_exit,18,0,252.64,1838.06,,,84.37778
g1_base_x18_20260905,4351,68,2,unknown_or_exit,8,0,299.21,1721.9,,,88.975
g1_base_x18_20260905,4351,68,3,ramp_R_F_W,1,0,1071.06,1071.06,,,78.43
g1_base_x18_20260905,4351,68,3,unknown_or_exit,12,0,387.95,1931.6,,,99.4275
g1_base_x18_20260905,4351,68,4,unknown_or_exit,8,0,516.16,1918.06,,,81.67375
g1_base_x18_20260905,4501,68,1,ramp_R_F_W,5,0,84.15,340.52,,,31.406
g1_base_x18_20260905,4501,68,1,unknown_or_exit,18,0,159.34,1926.39,,,71.613335
g1_base_x18_20260905,4501,68,2,ramp_R_F_W,3,2,332.59,347.29,332.5899963378906,347.2900085449219,3.2233334
g1_base_x18_20260905,4501,68,2,unknown_or_exit,8,0,259.77,2013.11,,,85.067505
g1_base_x18_20260905,4501,68,3,unknown_or_exit,16,0,305.45,1997.92,,,74.02125
g1_base_x18_20260905,4501,68,4,unknown_or_exit,9,0,339.54,1873.14,,,82.079994
g1_base_x18_20260905,4651,68,1,unknown_or_exit,15,0,247.39,2000.65,,,79.59599
g1_base_x18_20260905,4651,68,2,unknown_or_exit,10,0,267.92,1870.31,,,83.97101
g1_base_x18_20260905,4651,68,3,unknown_or_exit,13,0,415.79,1990.46,,,81.50307
g1_base_x18_20260905,4651,68,4,unknown_or_exit,9,0,496.64,2016.24,,,88.03
g1_base_x18_20260905,4801,68,1,ramp_R_F_W,2,0,201.04,243.09,,,35.75
g1_base_x18_20260905,4801,68,1,unknown_or_exit,13,0,260.92,1959.25,,,80.066925
g1_base_x18_20260905,4801,68,2,unknown_or_exit,10,0,284.4,1941.37,,,94.211
g1_base_x18_20260905,4801,68,3,unknown_or_exit,8,0,349.61,1817.07,,,94.23
g1_base_x18_20260905,4801,68,4,unknown_or_exit,6,0,454.66,1807.74,,,79.89834
g1_base_x18_20260905,4951,68,1,ramp_R_F_W,2,0,107.41,348.92,,,60.525
g1_base_x18_20260905,4951,68,1,unknown_or_exit,15,0,245.24,1868.14,,,78.46134
g1_base_x18_20260905,4951,68,2,ramp_R_F_E,1,0,1423.04,1423.04,,,95.9
g1_base_x18_20260905,4951,68,2,unknown_or_exit,9,0,594.29,1999.56,,,96.34667
g1_base_x18_20260905,4951,68,3,ramp_R_F_E,1,0,635.33,635.33,,,104.68
g1_base_x18_20260905,4951,68,3,unknown_or_exit,13,0,222.5,1851.34,,,89.99615
g1_base_x18_20260905,4951,68,4,unknown_or_exit,9,0,423.25,1737.87,,,87.727776
g1_base_x18_20260905,5101,68,1,ramp_R_F_W,2,0,207.37,292.76,,,33.05
g1_base_x18_20260905,5101,68,1,unknown_or_exit,19,0,253.86,1969.28,,,74.13422
g1_base_x18_20260905,5101,68,2,unknown_or_exit,16,0,305.06,1947.03,,,91.14375
g1_base_x18_20260905,5101,68,3,unknown_or_exit,12,0,342.91,1886.69,,,99.91418
g1_base_x18_20260905,5101,68,4,unknown_or_exit,11,0,520.52,1927.86,,,102.37182
g1_base_x18_20260905,5251,68,1,ramp_R_F_W,1,0,182.39,182.39,,,29.86
g1_base_x18_20260905,5251,68,1,unknown_or_exit,16,0,245.52,1894.97,,,104.18
g1_base_x18_20260905,5251,68,2,unknown_or_exit,10,0,290.5,1797.52,,,96.553
g1_base_x18_20260905,5251,68,3,unknown_or_exit,11,0,499.47,1938.25,,,96.90909
g1_base_x18_20260905,5251,68,4,unknown_or_exit,7,0,475.0,1835.48,,,96.49572
g1_base_x18_20260905,901,69,1,ramp_R_F_W,9,0,72.88,1598.08,,,41.035557
g1_base_x18_20260905,901,69,2,ramp_R_F_W,6,0,166.42,1555.49,,,42.155003
g1_base_x18_20260905,901,69,2,signal_or_other,4,0,792.17,1634.32,,,44.412502
g1_base_x18_20260905,901,69,3,ramp_R_F_W,8,0,33.85,1337.47,,,41.36875
g1_base_x18_20260905,901,69,3,signal_or_other,1,0,296.63,296.63,,,44.26
g1_base_x18_20260905,901,69,4,ramp_R_F_W,3,0,60.24,842.34,,,43.296665
g1_base_x18_20260905,901,69,4,signal_or_other,1,0,174.33,174.33,,,36.26
g1_base_x18_20260905,1051,69,1,ramp_R_F_W,12,0,211.93,1688.2,,,39.139164
g1_base_x18_20260905,1051,69,1,signal_or_other,3,0,97.7,1233.04,,,42.423336
g1_base_x18_20260905,1051,69,2,ramp_R_F_W,9,0,132.74,1663.76,,,39.54889
g1_base_x18_20260905,1051,69,2,signal_or_other,9,0,233.6,1581.8,,,39.81
g1_base_x18_20260905,1051,69,3,ramp_R_F_W,13,0,81.15,1586.6,,,40.181538
g1_base_x18_20260905,1051,69,3,signal_or_other,1,0,749.4,749.4,,,40.38
g1_base_x18_20260905,1051,69,4,ramp_R_F_W,12,0,286.96,1561.29,,,40.342503
g1_base_x18_20260905,1051,69,4,signal_or_other,1,0,200.47,200.47,,,46.37
g1_base_x18_20260905,1201,69,1,ramp_R_F_W,14,0,103.47,1699.07,,,40.953575
g1_base_x18_20260905,1201,69,1,signal_or_other,5,0,215.58,1192.42,,,38.989998
g1_base_x18_20260905,1201,69,2,ramp_R_F_W,8,0,27.68,1186.26,,,39.68125
g1_base_x18_20260905,1201,69,2,signal_or_other,6,0,218.19,1413.05,,,40.991665
g1_base_x18_20260905,1201,69,3,ramp_R_F_W,14,0,27.52,1454.39,,,40.729286
g1_base_x18_20260905,1201,69,3,signal_or_other,2,0,136.53,1228.1,,,42.97
g1_base_x18_20260905,1201,69,4,ramp_R_F_W,9,0,52.86,1523.52,,,41.135555
g1_base_x18_20260905,1201,69,4,signal_or_other,3,0,262.12,1388.38,,,40.966667
g1_base_x18_20260905,1351,69,1,ramp_R_F_W,17,0,111.54,1735.92,,,35.094116
g1_base_x18_20260905,1351,69,1,signal_or_other,6,0,312.95,1651.17,,,38.986668
g1_base_x18_20260905,1351,69,2,ramp_R_F_W,11,0,103.71,1560.81,,,40.83455
g1_base_x18_20260905,1351,69,2,signal_or_other,6,0,165.82,1629.83,,,40.126667
g1_base_x18_20260905,1351,69,3,ramp_R_F_W,16,0,133.29,1652.13,,,39.966873
g1_base_x18_20260905,1351,69,3,signal_or_other,6,0,802.22,1633.08,,,41.09667
g1_base_x18_20260905,1351,69,4,ramp_R_F_W,13,0,32.87,1243.63,,,39.950005
g1_base_x18_20260905,1351,69,4,signal_or_other,3,0,257.29,456.06,,,42.62
g1_base_x18_20260905,1501,69,1,ramp_R_F_W,13,0,225.21,1737.39,,,38.93692
g1_base_x18_20260905,1501,69,1,signal_or_other,5,0,30.94,1599.34,,,40.428
g1_base_x18_20260905,1501,69,2,ramp_R_F_W,11,0,11.0,1293.5,,,43.36546
g1_base_x18_20260905,1501,69,2,signal_or_other,3,0,348.83,1669.53,,,42.85667
g1_base_x18_20260905,1501,69,3,ramp_R_F_W,12,0,121.83,1599.72,,,42.4975
g1_base_x18_20260905,1501,69,3,signal_or_other,2,0,21.23,488.97,,,40.739998
g1_base_x18_20260905,1501,69,4,ramp_R_F_W,8,0,45.49,1410.97,,,41.041252
g1_base_x18_20260905,1501,69,4,signal_or_other,3,0,2.25,534.32,,,38.186665
g1_base_x18_20260905,1651,69,1,ramp_R_F_W,14,0,33.4,1719.87,,,41.451435
g1_base_x18_20260905,1651,69,1,signal_or_other,2,0,333.26,1473.19,,,38.525
g1_base_x18_20260905,1651,69,2,ramp_R_F_W,4,0,530.05,1581.97,,,38.6475
g1_base_x18_20260905,1651,69,2,signal_or_other,8,0,263.04,1684.18,,,40.275
g1_base_x18_20260905,1651,69,3,ramp_R_F_W,12,0,109.81,1562.62,,,41.885002
g1_base_x18_20260905,1651,69,3,signal_or_other,3,0,624.13,1620.72,,,42.056667
g1_base_x18_20260905,1651,69,4,ramp_R_F_W,7,0,260.39,1505.32,,,37.32
g1_base_x18_20260905,1651,69,4,signal_or_other,2,0,637.57,1556.97,,,38.17
g1_base_x18_20260905,1801,69,1,ramp_R_F_W,10,0,163.84,1734.68,,,39.239002
g1_base_x18_20260905,1801,69,1,signal_or_other,8,0,4.99,1663.08,,,40.655
g1_base_x18_20260905,1801,69,2,ramp_R_F_W,8,0,109.21,1326.25,,,41.2
g1_base_x18_20260905,1801,69,2,signal_or_other,8,0,370.17,1515.08,,,40.1375
g1_base_x18_20260905,1801,69,3,ramp_R_F_W,11,0,55.55,1582.13,,,39.62182
g1_base_x18_20260905,1801,69,3,signal_or_other,4,0,290.25,1651.18,,,43.8475
g1_base_x18_20260905,1801,69,4,ramp_R_F_W,9,0,132.31,1531.9,,,41.03
g1_base_x18_20260905,1801,69,4,signal_or_other,2,0,1.12,574.04,,,43.46
g1_base_x18_20260905,1951,69,1,ramp_R_F_W,16,0,129.1,1639.0,,,40.50875
g1_base_x18_20260905,1951,69,1,signal_or_other,8,0,36.66,1432.72,,,42.1375
g1_base_x18_20260905,1951,69,2,ramp_R_F_W,10,0,150.97,1562.13,,,42.239998
g1_base_x18_20260905,1951,69,2,signal_or_other,8,0,39.62,1593.11,,,38.675
g1_base_x18_20260905,1951,69,3,ramp_R_F_W,7,0,181.88,1138.05,,,41.764282
g1_base_x18_20260905,1951,69,3,signal_or_other,8,0,75.36,1210.5,,,42.325
g1_base_x18_20260905,1951,69,4,ramp_R_F_W,9,0,124.91,1562.22,,,39.87444
g1_base_x18_20260905,1951,69,4,signal_or_other,4,0,238.32,909.81,,,35.697502
g1_base_x18_20260905,2101,69,1,ramp_R_F_W,14,0,172.91,1714.01,,,34.322853
g1_base_x18_20260905,2101,69,1,signal_or_other,4,0,401.18,1789.13,,,35.73
g1_base_x18_20260905,2101,69,2,ramp_R_F_W,9,1,46.06,1735.48,1735.47998046875,1735.47998046875,32.03889
g1_base_x18_20260905,2101,69,2,signal_or_other,7,0,456.54,1725.56,,,34.487144
g1_base_x18_20260905,2101,69,3,ramp_R_F_W,18,0,143.34,1491.21,,,41.785557
g1_base_x18_20260905,2101,69,3,signal_or_other,2,0,457.88,968.45,,,41.68
g1_base_x18_20260905,2101,69,4,ramp_R_F_W,8,0,136.67,1510.51,,,40.51125
g1_base_x18_20260905,2101,69,4,signal_or_other,3,0,294.34,1271.07,,,38.286667
g1_base_x18_20260905,2251,69,1,ramp_R_F_W,13,0,331.64,1715.87,,,42.252304
g1_base_x18_20260905,2251,69,1,signal_or_other,4,0,45.65,1410.86,,,41.1375
g1_base_x18_20260905,2251,69,2,ramp_R_F_W,9,0,115.61,1405.27,,,40.85222
g1_base_x18_20260905,2251,69,2,signal_or_other,8,0,766.99,1724.91,,,40.735
g1_base_x18_20260905,2251,69,3,ramp_R_F_W,10,0,88.04,1512.0,,,41.533
g1_base_x18_20260905,2251,69,3,signal_or_other,2,0,166.85,1106.37,,,41.045
g1_base_x18_20260905,2251,69,4,ramp_R_F_W,8,0,126.69,1531.36,,,40.0975
g1_base_x18_20260905,2251,69,4,signal_or_other,3,0,45.23,458.87,,,35.523335
g1_base_x18_20260905,2401,69,1,ramp_R_F_W,12,0,76.14,1736.59,,,39.236668
g1_base_x18_20260905,2401,69,1,signal_or_other,4,0,177.37,1680.35,,,41.512497
g1_base_x18_20260905,2401,69,2,ramp_R_F_W,10,0,266.73,1538.76,,,39.215996
g1_base_x18_20260905,2401,69,2,signal_or_other,8,0,65.95,1736.62,,,39.375
g1_base_x18_20260905,2401,69,3,ramp_R_F_W,9,0,103.7,1511.51,,,40.713333
g1_base_x18_20260905,2401,69,3,signal_or_other,5,0,38.75,722.06,,,38.546
g1_base_x18_20260905,2401,69,4,ramp_R_F_W,10,0,62.36,1436.05,,,40.28
g1_base_x18_20260905,2401,69,4,signal_or_other,4,0,144.8,1541.23,,,41.3625
g1_base_x18_20260905,2551,69,1,ramp_R_F_W,22,1,27.88,1739.37,1699.969970703125,1699.969970703125,35.135906
g1_base_x18_20260905,2551,69,1,signal_or_other,6,1,342.33,1692.38,1692.3800048828125,1692.3800048828125,36.37
g1_base_x18_20260905,2551,69,2,ramp_R_F_W,7,0,122.7,1707.99,,,36.74857
g1_base_x18_20260905,2551,69,2,signal_or_other,6,0,186.25,1782.72,,,38.52667
g1_base_x18_20260905,2551,69,3,ramp_R_F_W,12,0,140.38,1565.41,,,40.985004
g1_base_x18_20260905,2551,69,3,signal_or_other,5,0,344.49,1236.94,,,39.961998
g1_base_x18_20260905,2551,69,4,ramp_R_F_W,15,0,169.69,1545.84,,,39.342
g1_base_x18_20260905,2551,69,4,signal_or_other,2,0,357.66,1042.78,,,39.800003
g1_base_x18_20260905,2701,69,1,ramp_R_F_W,14,0,88.7,1735.95,,,39.195
g1_base_x18_20260905,2701,69,1,signal_or_other,3,0,346.8,1580.7,,,36.166668
g1_base_x18_20260905,2701,69,2,ramp_R_F_W,11,0,137.72,1611.33,,,41.51818
g1_base_x18_20260905,2701,69,2,signal_or_other,5,0,8.45,1369.3,,,37.396
g1_base_x18_20260905,2701,69,3,ramp_R_F_W,14,0,67.57,1470.65,,,41.548565
g1_base_x18_20260905,2701,69,3,signal_or_other,6,0,167.8,1714.66,,,42.468334
g1_base_x18_20260905,2701,69,4,ramp_R_F_W,10,0,110.2,1552.05,,,41.503
g1_base_x18_20260905,2701,69,4,signal_or_other,2,0,290.41,328.43,,,34.18
g1_base_x18_20260905,2851,69,1,ramp_R_F_W,15,0,63.95,1646.96,,,40.653336
g1_base_x18_20260905,2851,69,2,ramp_R_F_W,13,0,109.94,1475.65,,,41.477695
g1_base_x18_20260905,2851,69,2,signal_or_other,6,0,1084.57,1672.9,,,36.57833
g1_base_x18_20260905,2851,69,3,ramp_R_F_W,13,0,259.91,1527.44,,,40.83
g1_base_x18_20260905,2851,69,3,signal_or_other,4,0,141.81,1708.73,,,41.13
g1_base_x18_20260905,2851,69,4,ramp_R_F_W,8,0,158.05,1217.63,,,38.510002
g1_base_x18_20260905,2851,69,4,signal_or_other,3,0,16.26,1587.69,,,36.056667
g1_base_x18_20260905,3001,69,1,ramp_R_F_W,11,0,46.29,1680.01,,,40.37
g1_base_x18_20260905,3001,69,1,signal_or_other,3,0,139.25,574.02,,,42.623337
g1_base_x18_20260905,3001,69,2,ramp_R_F_W,9,0,61.07,1676.83,,,40.366665
g1_base_x18_20260905,3001,69,2,signal_or_other,4,0,23.95,1414.06,,,42.015003
g1_base_x18_20260905,3001,69,3,ramp_R_F_W,12,0,1.27,1674.21,,,42.245
g1_base_x18_20260905,3001,69,3,signal_or_other,2,0,169.36,856.28,,,40.265
g1_base_x18_20260905,3001,69,4,ramp_R_F_W,7,0,135.85,1319.33,,,39.68572
g1_base_x18_20260905,3001,69,4,signal_or_other,3,0,32.28,1399.35,,,39.11667
g1_base_x18_20260905,3151,69,1,ramp_R_F_W,15,0,101.71,1726.06,,,39.79933
g1_base_x18_20260905,3151,69,1,signal_or_other,5,0,1117.07,1469.01,,,39.952
g1_base_x18_20260905,3151,69,2,ramp_R_F_W,9,0,17.42,1556.01,,,39.325554
g1_base_x18_20260905,3151,69,2,signal_or_other,4,0,565.69,1410.67,,,34.3575
g1_base_x18_20260905,3151,69,3,ramp_R_F_W,8,0,0.92,1584.37,,,39.872498
g1_base_x18_20260905,3151,69,3,signal_or_other,1,0,546.84,546.84,,,41.27
g1_base_x18_20260905,3151,69,4,ramp_R_F_W,9,0,63.77,1518.09,,,42.523335
g1_base_x18_20260905,3151,69,4,signal_or_other,3,0,304.01,1088.81,,,37.24
g1_base_x18_20260905,3301,69,1,ramp_R_F_W,12,0,240.82,1733.24,,,39.388336
g1_base_x18_20260905,3301,69,1,signal_or_other,6,0,88.89,1596.99,,,44.828335
g1_base_x18_20260905,3301,69,2,ramp_R_F_W,8,0,326.77,1580.46,,,39.025
g1_base_x18_20260905,3301,69,2,signal_or_other,7,0,140.3,1563.67,,,37.81429
g1_base_x18_20260905,3301,69,3,ramp_R_F_W,9,0,311.64,1555.77,,,41.926662
g1_base_x18_20260905,3301,69,3,signal_or_other,2,0,118.26,983.08,,,42.1
g1_base_x18_20260905,3301,69,4,ramp_R_F_W,6,0,26.73,986.16,,,42.438335
g1_base_x18_20260905,3301,69,4,signal_or_other,1,0,424.89,424.89,,,45.98
g1_base_x18_20260905,3451,69,1,ramp_R_F_W,12,0,41.52,1710.72,,,39.741665
g1_base_x18_20260905,3451,69,1,signal_or_other,3,0,194.3,1736.86,,,42.806667
g1_base_x18_20260905,3451,69,2,ramp_R_F_W,10,0,135.41,1699.92,,,41.911
g1_base_x18_20260905,3451,69,2,signal_or_other,1,0,1185.81,1185.81,,,44.18
g1_base_x18_20260905,3451,69,3,ramp_R_F_W,9,0,152.75,1199.84,,,38.424446
g1_base_x18_20260905,3451,69,3,signal_or_other,3,0,907.93,1705.19,,,39.186665
g1_base_x18_20260905,3451,69,4,ramp_R_F_W,12,0,233.02,1454.64,,,40.907497
g1_base_x18_20260905,3451,69,4,signal_or_other,2,0,131.73,1725.8,,,41.605003
g1_base_x18_20260905,3601,69,1,ramp_R_F_W,13,0,164.6,1738.92,,,41.014614
g1_base_x18_20260905,3601,69,1,signal_or_other,2,0,87.06,714.23,,,45.79
g1_base_x18_20260905,3601,69,2,ramp_R_F_W,9,0,80.51,1587.73,,,40.97778
g1_base_x18_20260905,3601,69,2,signal_or_other,5,0,171.01,1632.56,,,41.528004
g1_base_x18_20260905,3601,69,3,ramp_R_F_W,9,0,124.05,1524.92,,,42.508892
g1_base_x18_20260905,3601,69,3,signal_or_other,2,0,876.19,1769.97,,,41.625
g1_base_x18_20260905,3601,69,4,ramp_R_F_W,6,0,120.3,1424.65,,,40.954998
g1_base_x18_20260905,3601,69,4,signal_or_other,2,0,241.75,386.1,,,42.7
g1_base_x18_20260905,3751,69,1,ramp_R_F_W,10,0,140.92,1556.64,,,40.795998
g1_base_x18_20260905,3751,69,1,signal_or_other,2,0,1136.63,1618.18,,,42.86
g1_base_x18_20260905,3751,69,2,ramp_R_F_W,6,0,57.09,1618.89,,,40.048336
g1_base_x18_20260905,3751,69,2,signal_or_other,3,0,1189.22,1519.98,,,40.986668
g1_base_x18_20260905,3751,69,3,ramp_R_F_W,5,0,154.4,1207.05,,,39.59
g1_base_x18_20260905,3751,69,4,ramp_R_F_W,4,0,378.31,1447.42,,,37.8825
g1_base_x18_20260905,3751,69,4,signal_or_other,2,0,207.25,676.11,,,37.77
g1_base_x18_20260905,3901,69,1,ramp_R_F_W,10,0,203.07,1718.05,,,37.799004
g1_base_x18_20260905,3901,69,1,signal_or_other,3,0,69.24,658.64,,,42.11333
g1_base_x18_20260905,3901,69,2,ramp_R_F_W,12,0,133.94,1502.65,,,40.814167
g1_base_x18_20260905,3901,69,2,signal_or_other,4,0,204.89,1432.24,,,43.11
g1_base_x18_20260905,3901,69,3,ramp_R_F_W,7,0,132.78,1596.83,,,35.685715
g1_base_x18_20260905,3901,69,3,signal_or_other,2,0,219.97,597.18,,,44.335
g1_base_x18_20260905,3901,69,4,ramp_R_F_W,13,0,27.63,1539.32,,,42.421543
g1_base_x18_20260905,3901,69,4,signal_or_other,3,0,83.77,1735.68,,,42.663334
g1_base_x18_20260905,4051,69,1,ramp_R_F_W,6,0,36.57,1611.58,,,42.138336
g1_base_x18_20260905,4051,69,1,signal_or_other,1,0,181.29,181.29,,,44.12
g1_base_x18_20260905,4051,69,2,ramp_R_F_W,5,0,131.4,1174.36,,,44.016
g1_base_x18_20260905,4051,69,2,signal_or_other,2,0,1533.21,1551.73,,,38.1
g1_base_x18_20260905,4051,69,3,ramp_R_F_W,3,0,151.64,1414.72,,,38.663334
g1_base_x18_20260905,4051,69,3,signal_or_other,1,0,761.51,761.51,,,42.66
g1_base_x18_20260905,4051,69,4,ramp_R_F_W,3,0,56.49,1449.82,,,42.336666
g1_base_x18_20260905,4051,69,4,signal_or_other,1,0,577.42,577.42,,,44.12
g1_base_x18_20260905,4201,69,1,ramp_R_F_W,8,0,3.37,1666.96,,,40.065002
g1_base_x18_20260905,4201,69,1,signal_or_other,2,0,1093.56,1235.69,,,39.795
g1_base_x18_20260905,4201,69,2,ramp_R_F_W,6,0,459.93,1347.91,,,40.98833
g1_base_x18_20260905,4201,69,2,signal_or_other,3,0,70.78,1060.52,,,43.423336
g1_base_x18_20260905,4201,69,3,ramp_R_F_W,5,0,147.97,1497.67,,,43.874
g1_base_x18_20260905,4201,69,3,signal_or_other,1,0,1183.13,1183.13,,,45.36
g1_base_x18_20260905,4201,69,4,ramp_R_F_W,3,0,68.42,983.98,,,43.11333
g1_base_x18_20260905,4201,69,4,signal_or_other,4,0,317.39,1561.32,,,41.394997
g1_base_x18_20260905,4351,69,1,ramp_R_F_W,13,0,103.94,1722.29,,,40.543846
g1_base_x18_20260905,4351,69,1,signal_or_other,2,0,617.97,868.19,,,38.565002
g1_base_x18_20260905,4351,69,2,ramp_R_F_W,8,0,21.81,1389.43,,,41.73625
g1_base_x18_20260905,4351,69,2,signal_or_other,2,0,981.61,1575.07,,,42.91
g1_base_x18_20260905,4351,69,3,ramp_R_F_W,6,0,112.0,1351.26,,,43.08
g1_base_x18_20260905,4351,69,3,signal_or_other,2,0,726.34,1142.99,,,35.795
g1_base_x18_20260905,4351,69,4,ramp_R_F_W,4,0,427.31,1114.57,,,41.395
g1_base_x18_20260905,4351,69,4,signal_or_other,5,0,138.35,1210.55,,,35.466
g1_base_x18_20260905,4501,69,1,ramp_R_F_W,7,0,628.91,1739.09,,,41.548573
g1_base_x18_20260905,4501,69,1,signal_or_other,7,0,121.29,1495.07,,,43.59571
g1_base_x18_20260905,4501,69,2,ramp_R_F_W,7,0,116.5,1394.52,,,40.78
g1_base_x18_20260905,4501,69,2,signal_or_other,2,0,373.71,1424.91,,,36.114998
g1_base_x18_20260905,4501,69,3,ramp_R_F_W,7,0,224.85,1414.38,,,42.549995
g1_base_x18_20260905,4501,69,3,signal_or_other,2,0,77.21,659.83,,,37.575
g1_base_x18_20260905,4501,69,4,ramp_R_F_W,6,0,30.16,1400.95,,,41.163334
g1_base_x18_20260905,4501,69,4,signal_or_other,3,0,271.24,1503.58,,,39.250004
g1_base_x18_20260905,4651,69,1,ramp_R_F_W,3,0,1385.06,1699.6,,,43.726665
g1_base_x18_20260905,4651,69,1,signal_or_other,5,0,122.44,1219.67,,,42.234
g1_base_x18_20260905,4651,69,2,ramp_R_F_W,5,0,34.69,1491.45,,,41.140003
g1_base_x18_20260905,4651,69,2,signal_or_other,3,0,1005.71,1347.72,,,37.583332
g1_base_x18_20260905,4651,69,3,ramp_R_F_W,5,0,455.54,1596.44,,,42.25
g1_base_x18_20260905,4651,69,3,signal_or_other,2,0,889.58,1409.45,,,37.864998
g1_base_x18_20260905,4651,69,4,ramp_R_F_W,2,0,771.4,1035.11,,,34.955
g1_base_x18_20260905,4651,69,4,signal_or_other,1,0,1553.8,1553.8,,,43.06
g1_base_x18_20260905,4801,69,1,ramp_R_F_W,9,0,224.08,1735.49,,,41.978886
g1_base_x18_20260905,4801,69,1,signal_or_other,1,0,509.59,509.59,,,44.1
g1_base_x18_20260905,4801,69,2,ramp_R_F_W,2,0,1264.71,1626.9,,,41.07
g1_base_x18_20260905,4801,69,2,signal_or_other,6,0,372.19,1477.27,,,42.408337
g1_base_x18_20260905,4801,69,3,ramp_R_F_W,4,0,356.97,1250.72,,,42.370003
g1_base_x18_20260905,4801,69,3,signal_or_other,1,0,1696.19,1696.19,,,43.42
g1_base_x18_20260905,4801,69,4,ramp_R_F_W,2,0,175.71,908.67,,,43.575
g1_base_x18_20260905,4801,69,4,signal_or_other,2,0,538.72,1393.36,,,44.73
g1_base_x18_20260905,4951,69,1,ramp_R_F_W,5,0,340.53,1645.99,,,42.458
g1_base_x18_20260905,4951,69,1,signal_or_other,1,0,186.24,186.24,,,42.98
g1_base_x18_20260905,4951,69,2,ramp_R_F_W,3,0,203.51,1133.31,,,44.846664
g1_base_x18_20260905,4951,69,2,signal_or_other,4,0,708.75,1702.09,,,43.932503
g1_base_x18_20260905,4951,69,3,ramp_R_F_W,3,0,547.41,1522.22,,,42.786667
g1_base_x18_20260905,4951,69,3,signal_or_other,3,0,109.53,1601.4,,,41.56667
g1_base_x18_20260905,4951,69,4,ramp_R_F_W,4,0,19.24,1598.28,,,40.03
g1_base_x18_20260905,5101,69,1,ramp_R_F_W,6,0,949.92,1638.64,,,39.598335
g1_base_x18_20260905,5101,69,1,signal_or_other,3,0,232.64,1417.22,,,40.166668
g1_base_x18_20260905,5101,69,2,ramp_R_F_W,3,0,150.92,1061.43,,,42.443333
g1_base_x18_20260905,5101,69,2,signal_or_other,2,0,444.53,1230.31,,,37.0
g1_base_x18_20260905,5101,69,3,ramp_R_F_W,3,0,842.82,1232.63,,,44.996662
g1_base_x18_20260905,5101,69,3,signal_or_other,3,0,77.88,1170.42,,,43.083332
g1_base_x18_20260905,5101,69,4,ramp_R_F_W,3,0,809.83,1518.3,,,38.743332
g1_base_x18_20260905,5251,69,1,ramp_R_F_W,6,0,170.78,1726.37,,,42.593334
g1_base_x18_20260905,5251,69,1,signal_or_other,3,0,836.87,1677.83,,,39.40333
g1_base_x18_20260905,5251,69,2,ramp_R_F_W,5,0,162.25,1501.11,,,41.894
g1_base_x18_20260905,5251,69,2,signal_or_other,3,0,363.09,1245.57,,,39.743332
g1_base_x18_20260905,5251,69,3,ramp_R_F_W,3,0,464.66,1454.27,,,40.34
g1_base_x18_20260905,5251,69,3,signal_or_other,2,0,187.99,621.4,,,40.095
g1_base_x18_20260905,5251,69,3,unknown_or_exit,1,0,47.71,47.71,,,31.25
g1_base_x18_20260905,5251,69,4,ramp_R_F_W,6,0,160.83,1431.0,,,40.865
g1_base_x18_20260905,901,70,1,ramp_R_F_E,1,0,23.86,23.86,,,40.42
g1_base_x18_20260905,1051,70,1,ramp_R_F_E,1,0,117.26,117.26,,,25.42
g1_base_x18_20260905,1051,70,1,signal_or_other,5,0,43.97,239.09,,,35.606
g1_base_x18_20260905,1051,70,2,signal_or_other,8,0,105.11,305.88,,,33.51625
g1_base_x18_20260905,1201,70,2,signal_or_other,1,0,142.9,142.9,,,68.53
g1_base_x18_20260905,1351,70,1,ramp_R_F_E,3,0,15.78,80.42,,,41.709995
g1_base_x18_20260905,1351,70,1,signal_or_other,2,0,260.01,289.5,,,48.96
g1_base_x18_20260905,1351,70,2,signal_or_other,3,0,268.06,332.76,,,34.62
g1_base_x18_20260905,1501,70,1,ramp_R_F_E,2,0,81.5,97.99,,,30.235
g1_base_x18_20260905,1501,70,1,signal_or_other,5,0,115.6,309.28,,,45.68
g1_base_x18_20260905,1501,70,2,signal_or_other,4,0,94.54,317.3,,,72.4675
g1_base_x18_20260905,1651,70,1,ramp_R_F_E,2,0,6.77,159.2,,,35.865
g1_base_x18_20260905,1651,70,1,signal_or_other,5,0,45.85,268.3,,,42.07
g1_base_x18_20260905,1651,70,2,signal_or_other,7,0,48.26,301.74,,,46.75572
g1_base_x18_20260905,1801,70,1,signal_or_other,3,0,82.22,245.85,,,72.89667
g1_base_x18_20260905,1801,70,2,signal_or_other,6,3,113.47,331.51,316.1499938964844,331.510009765625,24.543335
g1_base_x18_20260905,1951,70,1,ramp_R_F_E,1,0,38.72,38.72,,,42.1
g1_base_x18_20260905,1951,70,1,signal_or_other,6,0,67.45,316.43,,,42.468334
g1_base_x18_20260905,1951,70,2,signal_or_other,4,0,233.18,333.81,,,40.7975
g1_base_x18_20260905,2101,70,1,ramp_R_F_E,1,0,164.38,164.38,,,41.62
g1_base_x18_20260905,2101,70,1,signal_or_other,4,0,89.13,313.93,,,63.495
g1_base_x18_20260905,2101,70,2,signal_or_other,5,0,48.15,327.17,,,51.413994
g1_base_x18_20260905,2251,70,1,ramp_R_F_E,2,0,15.06,168.16,,,37.71
g1_base_x18_20260905,2251,70,1,signal_or_other,2,0,142.93,270.41,,,42.715
g1_base_x18_20260905,2251,70,2,signal_or_other,2,0,123.18,161.95,,,49.905
g1_base_x18_20260905,2401,70,1,ramp_R_F_E,1,0,11.36,11.36,,,40.02
g1_base_x18_20260905,2401,70,1,signal_or_other,7,0,102.78,327.24,,,39.23
g1_base_x18_20260905,2401,70,2,signal_or_other,7,0,70.24,299.83,,,42.944283
g1_base_x18_20260905,2551,70,1,ramp_R_F_E,1,0,95.53,95.53,,,28.34
g1_base_x18_20260905,2551,70,1,signal_or_other,1,0,266.27,266.27,,,68.6
g1_base_x18_20260905,2551,70,2,signal_or_other,5,3,89.13,330.32,320.6099853515625,330.32000732421875,17.926
g1_base_x18_20260905,2701,70,1,ramp_R_F_E,1,0,124.66,124.66,,,41.67
g1_base_x18_20260905,2701,70,1,signal_or_other,4,0,103.07,213.78,,,48.777496
g1_base_x18_20260905,2701,70,2,signal_or_other,11,2,59.61,332.14,326.3500061035156,332.1400146484375,29.525454
g1_base_x18_20260905,2851,70,1,ramp_R_F_E,3,0,17.61,165.34,,,39.11
g1_base_x18_20260905,2851,70,1,signal_or_other,5,0,50.56,282.2,,,52.076
g1_base_x18_20260905,2851,70,2,signal_or_other,9,0,53.63,329.15,,,52.86
g1_base_x18_20260905,3001,70,1,signal_or_other,5,0,42.86,255.24,,,59.438
g1_base_x18_20260905,3001,70,2,signal_or_other,10,5,47.05,330.3,307.0899963378906,330.29998779296875,28.25
g1_base_x18_20260905,3151,70,1,signal_or_other,3,0,63.94,134.17,,,42.63
g1_base_x18_20260905,3151,70,2,ramp_R_F_E,1,1,327.69,327.69,327.69000244140625,327.69000244140625,0.0
g1_base_x18_20260905,3151,70,2,signal_or_other,8,3,49.69,333.42,316.489990234375,333.4200134277344,19.91375
g1_base_x18_20260905,3301,70,1,signal_or_other,2,0,245.31,278.58,,,46.725
g1_base_x18_20260905,3301,70,2,ramp_R_F_E,1,0,330.44,330.44,,,8.11
g1_base_x18_20260905,3301,70,2,signal_or_other,17,12,45.21,320.34,209.9199981689453,312.510009765625,12.034706
g1_base_x18_20260905,3451,70,1,ramp_R_F_E,1,0,56.38,56.38,,,42.98
g1_base_x18_20260905,3451,70,1,signal_or_other,2,0,51.15,144.17,,,29.45
g1_base_x18_20260905,3451,70,2,signal_or_other,26,18,47.1,329.91,176.13999938964844,329.9100036621094,7.728846
g1_base_x18_20260905,3601,70,1,ramp_R_F_E,1,0,32.26,32.26,,,42.32
g1_base_x18_20260905,3601,70,1,signal_or_other,12,1,58.74,326.04,314.3900146484375,314.3900146484375,26.413332
g1_base_x18_20260905,3601,70,2,signal_or_other,19,7,150.17,331.77,193.63999938964844,331.05999755859375,10.086316
g1_base_x18_20260905,3751,70,1,ramp_R_F_E,2,0,141.29,167.88,,,34.48
g1_base_x18_20260905,3751,70,1,signal_or_other,3,0,191.44,284.12,,,47.603333
g1_base_x18_20260905,3751,70,2,signal_or_other,27,17,128.24,329.75,167.42999267578125,329.75,4.001111
g1_base_x18_20260905,3901,70,1,ramp_R_F_E,2,0,55.38,102.21,,,36.65
g1_base_x18_20260905,3901,70,1,signal_or_other,2,0,278.06,323.67,,,48.9
g1_base_x18_20260905,3901,70,2,signal_or_other,15,8,201.65,328.26,217.25999450683594,328.260009765625,5.6653333
g1_base_x18_20260905,4051,70,1,ramp_R_F_E,2,0,18.37,200.31,,,40.77
g1_base_x18_20260905,4051,70,1,signal_or_other,5,0,76.33,315.89,,,44.322
g1_base_x18_20260905,4051,70,2,ramp_R_F_E,1,0,18.95,18.95,,,46.08
g1_base_x18_20260905,4051,70,2,signal_or_other,21,15,46.88,333.82,252.8800048828125,333.82000732421875,13.993811
g1_base_x18_20260905,4201,70,1,ramp_R_F_E,1,0,65.18,65.18,,,43.35
g1_base_x18_20260905,4201,70,1,signal_or_other,3,0,246.09,297.75,,,27.57
g1_base_x18_20260905,4201,70,2,signal_or_other,12,6,173.63,332.66,279.70001220703125,332.6600036621094,10.75
g1_base_x18_20260905,4351,70,1,ramp_R_F_E,1,0,140.47,140.47,,,38.67
g1_base_x18_20260905,4351,70,1,signal_or_other,3,0,266.15,333.04,,,45.656666
g1_base_x18_20260905,4351,70,2,signal_or_other,16,11,95.61,332.33,260.0400085449219,332.3299865722656,10.945625
g1_base_x18_20260905,4501,70,1,signal_or_other,5,0,96.05,254.03,,,42.384003
g1_base_x18_20260905,4501,70,2,signal_or_other,13,6,108.04,327.38,232.19000244140625,327.3800048828125,14.1776905
g1_base_x18_20260905,4651,70,1,ramp_R_F_E,2,0,45.32,122.8,,,42.055
g1_base_x18_20260905,4651,70,1,signal_or_other,1,0,88.03,88.03,,,41.61
g1_base_x18_20260905,4651,70,2,signal_or_other,14,12,155.83,333.53,272.70001220703125,333.5299987792969,4.3749995
g1_base_x18_20260905,4801,70,1,signal_or_other,5,0,112.92,320.03,,,34.728004
g1_base_x18_20260905,4801,70,2,signal_or_other,18,7,104.79,333.54,253.39999389648438,325.739990234375,11.307776
g1_base_x18_20260905,4951,70,1,signal_or_other,8,0,80.13,321.36,,,29.11125
g1_base_x18_20260905,4951,70,2,signal_or_other,18,9,53.03,334.0,246.4199981689453,320.92999267578125,21.312223
g1_base_x18_20260905,5101,70,1,ramp_R_F_E,1,0,105.33,105.33,,,32.44
g1_base_x18_20260905,5101,70,1,signal_or_other,2,0,125.37,257.8,,,41.690002
g1_base_x18_20260905,5101,70,2,signal_or_other,6,3,104.2,326.66,298.5400085449219,317.1000061035156,16.16
g1_base_x18_20260905,5251,70,1,signal_or_other,4,0,48.28,284.48,,,43.485
g1_base_x18_20260905,5251,70,2,signal_or_other,6,1,73.13,332.64,332.6400146484375,332.6400146484375,43.385
h0_nocontrol_lcd1000_x18_20260906,901,32,1,ramp_R_D_E,4,0,303.64,999.32,,,43.11
h0_nocontrol_lcd1000_x18_20260906,901,32,1,ramp_R_D_W,7,0,167.62,1023.79,,,41.638573
h0_nocontrol_lcd1000_x18_20260906,901,32,1,signal_or_other,50,28,1377.77,1953.97,1545.5,1953.969970703125,10.919399
h0_nocontrol_lcd1000_x18_20260906,901,32,2,ramp_R_D_W,8,0,129.47,914.81,,,42.75375
h0_nocontrol_lcd1000_x18_20260906,901,32,2,signal_or_other,38,20,721.95,1954.13,1543.72998046875,1954.1300048828125,9.999738
h0_nocontrol_lcd1000_x18_20260906,901,32,2,unknown_or_exit,1,0,1482.83,1482.83,,,59.74
h0_nocontrol_lcd1000_x18_20260906,901,32,3,signal_or_other,53,41,1016.32,1954.14,1549.3599853515625,1954.1400146484375,5.5290565
h0_nocontrol_lcd1000_x18_20260906,1051,32,1,ramp_R_D_E,10,0,426.94,1295.74,,,39.869003
h0_nocontrol_lcd1000_x18_20260906,1051,32,1,ramp_R_D_W,11,0,124.08,1005.57,,,42.061817
h0_nocontrol_lcd1000_x18_20260906,1051,32,1,signal_or_other,54,41,314.2,1954.38,1494.6500244140625,1954.3800048828125,5.772037
h0_nocontrol_lcd1000_x18_20260906,1051,32,2,ramp_R_D_E,2,0,154.6,423.78,,,38.55
h0_nocontrol_lcd1000_x18_20260906,1051,32,2,ramp_R_D_W,13,0,212.35,1018.16,,,40.830772
h0_nocontrol_lcd1000_x18_20260906,1051,32,2,signal_or_other,51,36,122.11,1953.92,1499.699951171875,1953.9200439453125,6.586078
h0_nocontrol_lcd1000_x18_20260906,1051,32,3,ramp_R_D_E,2,0,126.23,171.14,,,36.8
h0_nocontrol_lcd1000_x18_20260906,1051,32,3,ramp_R_D_W,2,0,24.9,310.1,,,35.940002
h0_nocontrol_lcd1000_x18_20260906,1051,32,3,signal_or_other,54,36,238.67,1948.12,1507.3800048828125,1937.93994140625,7.761296
h0_nocontrol_lcd1000_x18_20260906,1051,32,3,unknown_or_exit,1,1,1658.83,1658.83,1658.8299560546875,1658.8299560546875,0.0
h0_nocontrol_lcd1000_x18_20260906,1201,32,1,ramp_R_D_E,11,0,300.36,1080.63,,,35.555454
h0_nocontrol_lcd1000_x18_20260906,1201,32,1,ramp_R_D_W,10,0,14.35,936.01,,,37.578995
h0_nocontrol_lcd1000_x18_20260906,1201,32,1,signal_or_other,57,42,777.57,1954.21,1479.2900390625,1954.2099609375,7.69193
h0_nocontrol_lcd1000_x18_20260906,1201,32,2,ramp_R_D_E,1,0,752.94,752.94,,,42.77
h0_nocontrol_lcd1000_x18_20260906,1201,32,2,ramp_R_D_W,18,0,61.62,974.01,,,41.33111
h0_nocontrol_lcd1000_x18_20260906,1201,32,2,signal_or_other,56,41,1357.31,1953.96,1494.469970703125,1953.9599609375,7.115714
h0_nocontrol_lcd1000_x18_20260906,1201,32,3,ramp_R_D_E,2,0,69.63,295.19,,,45.645
h0_nocontrol_lcd1000_x18_20260906,1201,32,3,signal_or_other,58,40,135.59,1950.38,1502.7099609375,1894.4200439453125,8.635517
h0_nocontrol_lcd1000_x18_20260906,1201,32,3,unknown_or_exit,1,0,1938.12,1938.12,,,23.52
h0_nocontrol_lcd1000_x18_20260906,1351,32,1,ramp_R_D_E,9,0,242.38,1213.48,,,41.744442
h0_nocontrol_lcd1000_x18_20260906,1351,32,1,ramp_R_D_W,8,0,104.43,985.79,,,42.29625
h0_nocontrol_lcd1000_x18_20260906,1351,32,1,signal_or_other,59,41,783.95,1954.24,1441.2099609375,1954.239990234375,10.698645
h0_nocontrol_lcd1000_x18_20260906,1351,32,2,ramp_R_D_E,2,1,30.1,1532.76,1532.760009765625,1532.760009765625,22.525
h0_nocontrol_lcd1000_x18_20260906,1351,32,2,ramp_R_D_W,9,0,258.11,1027.34,,,42.733334
h0_nocontrol_lcd1000_x18_20260906,1351,32,2,signal_or_other,65,48,114.81,1954.44,1432.6800537109375,1954.43994140625,6.435231
h0_nocontrol_lcd1000_x18_20260906,1351,32,3,ramp_R_D_E,3,1,65.57,1552.34,1552.3399658203125,1552.3399658203125,22.876665
h0_nocontrol_lcd1000_x18_20260906,1351,32,3,signal_or_other,64,48,262.96,1952.61,1442.06005859375,1952.6099853515625,6.275
h0_nocontrol_lcd1000_x18_20260906,1351,32,3,unknown_or_exit,4,3,1414.52,1557.59,1541.4100341796875,1557.5899658203125,9.33
h0_nocontrol_lcd1000_x18_20260906,1501,32,1,ramp_R_D_E,11,1,240.45,1619.36,1619.3599853515625,1619.3599853515625,37.053635
h0_nocontrol_lcd1000_x18_20260906,1501,32,1,ramp_R_D_W,9,0,159.26,1011.48,,,39.471115
h0_nocontrol_lcd1000_x18_20260906,1501,32,1,signal_or_other,65,51,499.97,1954.24,1384.0400390625,1954.239990234375,6.2890773
h0_nocontrol_lcd1000_x18_20260906,1501,32,2,ramp_R_D_E,2,0,149.54,1673.58,,,20.734999
h0_nocontrol_lcd1000_x18_20260906,1501,32,2,ramp_R_D_W,12,0,84.01,1018.69,,,37.600834
h0_nocontrol_lcd1000_x18_20260906,1501,32,2,signal_or_other,71,55,1304.06,1954.1,1420.8900146484375,1954.0999755859375,5.163662
h0_nocontrol_lcd1000_x18_20260906,1501,32,3,ramp_R_D_E,1,0,188.96,188.96,,,41.63
h0_nocontrol_lcd1000_x18_20260906,1501,32,3,ramp_R_D_W,1,0,11.0,11.0,,,43.32
h0_nocontrol_lcd1000_x18_20260906,1501,32,3,signal_or_other,66,49,439.7,1947.37,1380.3499755859375,1836.469970703125,5.130606
h0_nocontrol_lcd1000_x18_20260906,1501,32,3,unknown_or_exit,4,4,1553.7,1688.22,1553.699951171875,1688.219970703125,0.0
h0_nocontrol_lcd1000_x18_20260906,1651,32,1,ramp_R_D_E,11,1,544.04,1884.13,1884.1300048828125,1884.1300048828125,32.330906
h0_nocontrol_lcd1000_x18_20260906,1651,32,1,ramp_R_D_W,8,0,82.86,995.99,,,42.05
h0_nocontrol_lcd1000_x18_20260906,1651,32,1,signal_or_other,67,52,565.53,1954.0,1350.5699462890625,1954.0,5.6171637
h0_nocontrol_lcd1000_x18_20260906,1651,32,2,ramp_R_D_E,2,0,31.59,1930.18,,,27.32
h0_nocontrol_lcd1000_x18_20260906,1651,32,2,ramp_R_D_W,11,0,107.34,943.63,,,40.340908
h0_nocontrol_lcd1000_x18_20260906,1651,32,2,signal_or_other,75,55,85.19,1954.04,1374.010009765625,1954.0400390625,5.456933
h0_nocontrol_lcd1000_x18_20260906,1651,32,3,ramp_R_D_W,1,0,33.23,33.23,,,32.22
h0_nocontrol_lcd1000_x18_20260906,1651,32,3,signal_or_other,71,55,1338.72,1953.75,1372.8499755859375,1953.75,4.7707043
h0_nocontrol_lcd1000_x18_20260906,1651,32,3,unknown_or_exit,4,4,1663.92,1900.4,1663.9200439453125,1900.4000244140625,1.4324999
h0_nocontrol_lcd1000_x18_20260906,1801,32,1,ramp_R_D_E,11,1,122.84,1324.2,1324.199951171875,1324.199951171875,33.72273
h0_nocontrol_lcd1000_x18_20260906,1801,32,1,ramp_R_D_W,8,0,31.64,757.87,,,40.03625
h0_nocontrol_lcd1000_x18_20260906,1801,32,1,signal_or_other,73,58,301.08,1954.63,1317.8800048828125,1954.6300048828125,5.1756167
h0_nocontrol_lcd1000_x18_20260906,1801,32,2,ramp_R_D_E,1,0,366.24,366.24,,,38.43
h0_nocontrol_lcd1000_x18_20260906,1801,32,2,ramp_R_D_W,11,0,42.33,908.4,,,38.580906
h0_nocontrol_lcd1000_x18_20260906,1801,32,2,signal_or_other,78,58,1311.17,1954.37,1337.3299560546875,1954.3699951171875,4.087564
h0_nocontrol_lcd1000_x18_20260906,1801,32,3,ramp_R_D_E,3,1,77.16,1410.53,1410.530029296875,1410.530029296875,29.356667
h0_nocontrol_lcd1000_x18_20260906,1801,32,3,ramp_R_D_W,1,0,44.02,44.02,,,44.55
h0_nocontrol_lcd1000_x18_20260906,1801,32,3,signal_or_other,69,49,1314.78,1943.61,1352.6700439453125,1931.1300048828125,6.0111604
h0_nocontrol_lcd1000_x18_20260906,1801,32,3,unknown_or_exit,3,1,1347.06,1894.41,1422.5,1422.5,8.243333
h0_nocontrol_lcd1000_x18_20260906,1951,32,1,ramp_R_D_E,11,0,95.33,1297.41,,,37.20818
h0_nocontrol_lcd1000_x18_20260906,1951,32,1,ramp_R_D_W,4,0,75.74,862.57,,,37.2125
h0_nocontrol_lcd1000_x18_20260906,1951,32,1,signal_or_other,69,52,119.72,1954.24,1366.9200439453125,1954.239990234375,5.263768
h0_nocontrol_lcd1000_x18_20260906,1951,32,1,unknown_or_exit,2,2,1378.59,1383.95,1378.5899658203125,1383.949951171875,0.0
h0_nocontrol_lcd1000_x18_20260906,1951,32,2,ramp_R_D_E,1,0,1442.62,1442.62,,,9.25
h0_nocontrol_lcd1000_x18_20260906,1951,32,2,ramp_R_D_W,13,0,19.39,1005.12,,,41.420773
h0_nocontrol_lcd1000_x18_20260906,1951,32,2,signal_or_other,68,56,902.14,1947.46,1372.010009765625,1947.4599609375,4.8914704
h0_nocontrol_lcd1000_x18_20260906,1951,32,2,unknown_or_exit,2,2,1402.14,1954.14,1402.1400146484375,1954.1400146484375,0.0
h0_nocontrol_lcd1000_x18_20260906,1951,32,3,ramp_R_D_E,2,1,184.14,1542.78,1542.780029296875,1542.780029296875,19.615
h0_nocontrol_lcd1000_x18_20260906,1951,32,3,ramp_R_D_W,1,0,93.69,93.69,,,39.0
h0_nocontrol_lcd1000_x18_20260906,1951,32,3,signal_or_other,69,60,1384.53,1953.66,1384.530029296875,1953.6600341796875,2.6228986
h0_nocontrol_lcd1000_x18_20260906,1951,32,3,unknown_or_exit,4,2,1347.32,1554.57,1414.8699951171875,1554.5699462890625,14.9575
h0_nocontrol_lcd1000_x18_20260906,2101,32,1,ramp_R_D_E,9,1,318.99,1326.2,1326.199951171875,1326.199951171875,36.533333
h0_nocontrol_lcd1000_x18_20260906,2101,32,1,ramp_R_D_W,12,0,66.56,997.02,,,38.239166
h0_nocontrol_lcd1000_x18_20260906,2101,32,1,signal_or_other,76,57,35.12,1954.27,1337.949951171875,1954.27001953125,6.3732896
h0_nocontrol_lcd1000_x18_20260906,2101,32,1,unknown_or_exit,2,2,1443.84,1449.2,1443.8399658203125,1449.199951171875,0.0
h0_nocontrol_lcd1000_x18_20260906,2101,32,2,ramp_R_D_E,1,1,1520.35,1520.35,1520.3499755859375,1520.3499755859375,0.0
h0_nocontrol_lcd1000_x18_20260906,2101,32,2,ramp_R_D_W,15,0,61.43,1013.55,,,40.050667
h0_nocontrol_lcd1000_x18_20260906,2101,32,2,signal_or_other,76,58,18.87,1954.3,1386.9000244140625,1954.300048828125,5.0472364
h0_nocontrol_lcd1000_x18_20260906,2101,32,3,ramp_R_D_E,2,1,289.95,1688.78,1688.780029296875,1688.780029296875,22.68
h0_nocontrol_lcd1000_x18_20260906,2101,32,3,ramp_R_D_W,2,0,49.13,67.32,,,40.405
h0_nocontrol_lcd1000_x18_20260906,2101,32,3,signal_or_other,64,45,1355.47,1950.38,1365.9000244140625,1739.5799560546875,5.622031
h0_nocontrol_lcd1000_x18_20260906,2101,32,3,unknown_or_exit,5,5,1502.81,1700.62,1502.81005859375,1700.6199951171875,0.0
h0_nocontrol_lcd1000_x18_20260906,2251,32,1,ramp_R_D_E,14,0,89.16,1178.36,,,39.106426
h0_nocontrol_lcd1000_x18_20260906,2251,32,1,ramp_R_D_W,12,0,17.19,940.83,,,36.73917
h0_nocontrol_lcd1000_x18_20260906,2251,32,1,signal_or_other,72,58,332.59,1954.22,1340.550048828125,1954.219970703125,6.182083
h0_nocontrol_lcd1000_x18_20260906,2251,32,1,unknown_or_exit,2,2,1514.62,1519.91,1514.6199951171875,1519.9100341796875,0.0
h0_nocontrol_lcd1000_x18_20260906,2251,32,2,ramp_R_D_E,3,1,45.41,1616.67,1616.6700439453125,1616.6700439453125,28.36
h0_nocontrol_lcd1000_x18_20260906,2251,32,2,ramp_R_D_W,11,0,124.04,993.25,,,40.743637
h0_nocontrol_lcd1000_x18_20260906,2251,32,2,signal_or_other,74,59,140.38,1954.14,1354.4000244140625,1954.1400146484375,3.4082434
h0_nocontrol_lcd1000_x18_20260906,2251,32,2,unknown_or_exit,1,0,1811.57,1811.57,,,27.32
h0_nocontrol_lcd1000_x18_20260906,2251,32,3,ramp_R_D_E,1,0,1873.21,1873.21,,,24.37
h0_nocontrol_lcd1000_x18_20260906,2251,32,3,ramp_R_D_W,1,0,51.09,51.09,,,44.23
h0_nocontrol_lcd1000_x18_20260906,2251,32,3,signal_or_other,71,56,740.91,1953.69,1366.7900390625,1953.68994140625,4.1712675
h0_nocontrol_lcd1000_x18_20260906,2251,32,3,unknown_or_exit,4,3,1635.3,1898.24,1635.300048828125,1683.469970703125,8.2675
h0_nocontrol_lcd1000_x18_20260906,2401,32,1,ramp_R_D_E,12,0,523.09,1318.57,,,34.21
h0_nocontrol_lcd1000_x18_20260906,2401,32,1,ramp_R_D_W,6,0,288.14,980.71,,,39.570004
h0_nocontrol_lcd1000_x18_20260906,2401,32,1,signal_or_other,73,61,66.43,1954.32,1346.9300537109375,1954.3199462890625,4.8369865
h0_nocontrol_lcd1000_x18_20260906,2401,32,1,unknown_or_exit,2,2,1628.02,1639.99,1628.02001953125,1639.989990234375,0.0
h0_nocontrol_lcd1000_x18_20260906,2401,32,2,ramp_R_D_E,1,0,302.7,302.7,,,38.98
h0_nocontrol_lcd1000_x18_20260906,2401,32,2,ramp_R_D_W,13,0,41.47,967.91,,,41.356148
h0_nocontrol_lcd1000_x18_20260906,2401,32,2,signal_or_other,76,60,1273.8,1954.0,1369.8399658203125,1954.0,4.4032893
h0_nocontrol_lcd1000_x18_20260906,2401,32,2,unknown_or_exit,1,1,1924.51,1924.51,1924.510009765625,1924.510009765625,0.0
h0_nocontrol_lcd1000_x18_20260906,2401,32,3,ramp_R_D_E,2,1,348.55,1819.75,1819.75,1819.75,18.165
h0_nocontrol_lcd1000_x18_20260906,2401,32,3,signal_or_other,68,50,116.08,1950.35,1381.4599609375,1835.3499755859375,5.8595586
h0_nocontrol_lcd1000_x18_20260906,2401,32,3,unknown_or_exit,3,1,1724.5,1936.54,1724.5,1724.5,19.413334
h0_nocontrol_lcd1000_x18_20260906,2551,32,1,ramp_R_D_E,11,2,216.83,1329.3,1256.219970703125,1292.6400146484375,25.438183
h0_nocontrol_lcd1000_x18_20260906,2551,32,1,ramp_R_D_W,10,0,14.51,828.43,,,37.240997
h0_nocontrol_lcd1000_x18_20260906,2551,32,1,signal_or_other,73,62,355.51,1954.36,1270.3499755859375,1954.3599853515625,3.3116438
h0_nocontrol_lcd1000_x18_20260906,2551,32,1,unknown_or_exit,2,2,1879.17,1890.99,1879.1700439453125,1890.989990234375,0.0
h0_nocontrol_lcd1000_x18_20260906,2551,32,2,ramp_R_D_E,2,0,307.58,601.72,,,39.765
h0_nocontrol_lcd1000_x18_20260906,2551,32,2,ramp_R_D_W,19,0,60.19,992.4,,,39.776844
h0_nocontrol_lcd1000_x18_20260906,2551,32,2,signal_or_other,76,56,80.49,1954.1,1374.6199951171875,1954.0999755859375,5.567895
h0_nocontrol_lcd1000_x18_20260906,2551,32,3,ramp_R_D_E,2,0,226.84,321.82,,,35.565002
h0_nocontrol_lcd1000_x18_20260906,2551,32,3,signal_or_other,72,54,1206.15,1949.76,1388.530029296875,1754.219970703125,6.5347223
h0_nocontrol_lcd1000_x18_20260906,2701,32,1,ramp_R_D_E,7,0,538.48,1197.24,,,39.61143
h0_nocontrol_lcd1000_x18_20260906,2701,32,1,ramp_R_D_W,12,0,42.94,992.05,,,39.713337
h0_nocontrol_lcd1000_x18_20260906,2701,32,1,signal_or_other,73,53,636.62,1954.2,1361.3599853515625,1954.199951171875,7.240959
h0_nocontrol_lcd1000_x18_20260906,2701,32,2,ramp_R_D_W,11,0,74.28,991.05,,,38.94182
h0_nocontrol_lcd1000_x18_20260906,2701,32,2,signal_or_other,75,59,614.33,1954.03,1383.3299560546875,1954.030029296875,4.403333
h0_nocontrol_lcd1000_x18_20260906,2701,32,3,ramp_R_D_W,1,0,15.06,15.06,,,44.46
h0_nocontrol_lcd1000_x18_20260906,2701,32,3,signal_or_other,71,50,787.22,1953.62,1395.949951171875,1953.6199951171875,6.0763383
h0_nocontrol_lcd1000_x18_20260906,2851,32,1,ramp_R_D_E,11,0,16.62,1322.47,,,31.986364
h0_nocontrol_lcd1000_x18_20260906,2851,32,1,ramp_R_D_W,10,0,158.92,1020.13,,,39.448997
h0_nocontrol_lcd1000_x18_20260906,2851,32,1,signal_or_other,81,66,763.98,1954.27,1347.27001953125,1954.27001953125,3.9890122
h0_nocontrol_lcd1000_x18_20260906,2851,32,2,ramp_R_D_E,1,0,377.22,377.22,,,41.9
h0_nocontrol_lcd1000_x18_20260906,2851,32,2,ramp_R_D_W,11,0,65.55,880.49,,,41.569096
h0_nocontrol_lcd1000_x18_20260906,2851,32,2,signal_or_other,75,58,167.58,1954.19,1357.9000244140625,1954.18994140625,4.3084
h0_nocontrol_lcd1000_x18_20260906,2851,32,3,signal_or_other,70,50,195.59,1952.93,1373.780029296875,1952.9300537109375,6.8768573
h0_nocontrol_lcd1000_x18_20260906,3001,32,1,ramp_R_D_E,9,1,254.51,1320.15,1320.1500244140625,1320.1500244140625,28.35111
h0_nocontrol_lcd1000_x18_20260906,3001,32,1,ramp_R_D_W,4,0,91.05,886.55,,,42.43
h0_nocontrol_lcd1000_x18_20260906,3001,32,1,signal_or_other,81,67,947.47,1954.05,1331.8599853515625,1954.050048828125,3.464568
h0_nocontrol_lcd1000_x18_20260906,3001,32,2,ramp_R_D_W,8,0,26.65,995.17,,,40.7675
h0_nocontrol_lcd1000_x18_20260906,3001,32,2,signal_or_other,76,57,168.5,1953.99,1349.7900390625,1953.989990234375,4.973158
h0_nocontrol_lcd1000_x18_20260906,3001,32,3,signal_or_other,76,56,227.72,1951.05,1365.0699462890625,1765.530029296875,6.8121057
h0_nocontrol_lcd1000_x18_20260906,3151,32,1,ramp_R_D_E,5,0,420.01,1326.33,,,39.038002
h0_nocontrol_lcd1000_x18_20260906,3151,32,1,ramp_R_D_W,11,0,6.8,1011.37,,,41.29
h0_nocontrol_lcd1000_x18_20260906,3151,32,1,signal_or_other,80,66,172.58,1954.11,1340.93994140625,1954.1099853515625,4.202375
h0_nocontrol_lcd1000_x18_20260906,3151,32,2,ramp_R_D_W,13,0,2.05,872.2,,,42.00308
h0_nocontrol_lcd1000_x18_20260906,3151,32,2,signal_or_other,79,60,244.06,1954.13,1357.25,1954.1300048828125,5.317468
h0_nocontrol_lcd1000_x18_20260906,3151,32,3,ramp_R_D_W,1,0,18.38,18.38,,,42.06
h0_nocontrol_lcd1000_x18_20260906,3151,32,3,signal_or_other,78,60,413.69,1952.67,1392.1199951171875,1825.4200439453125,5.0049996
h0_nocontrol_lcd1000_x18_20260906,3301,32,1,ramp_R_D_E,12,3,446.6,1328.6,1309.699951171875,1328.5999755859375,30.792498
h0_nocontrol_lcd1000_x18_20260906,3301,32,1,ramp_R_D_W,6,0,30.27,799.5,,,39.221664
h0_nocontrol_lcd1000_x18_20260906,3301,32,1,signal_or_other,80,67,349.39,1954.35,1334.6700439453125,1954.3499755859375,4.3235
h0_nocontrol_lcd1000_x18_20260906,3301,32,2,ramp_R_D_E,1,0,247.95,247.95,,,39.68
h0_nocontrol_lcd1000_x18_20260906,3301,32,2,ramp_R_D_W,13,0,75.56,948.44,,,42.365383
h0_nocontrol_lcd1000_x18_20260906,3301,32,2,signal_or_other,82,61,1310.12,1954.04,1310.1199951171875,1954.0400390625,4.2258544
h0_nocontrol_lcd1000_x18_20260906,3301,32,3,ramp_R_D_E,2,0,145.39,243.48,,,34.415
h0_nocontrol_lcd1000_x18_20260906,3301,32,3,signal_or_other,77,55,61.0,1952.17,1395.7900390625,1749.449951171875,6.4758434
h0_nocontrol_lcd1000_x18_20260906,3451,32,1,ramp_R_D_E,6,1,199.63,1320.76,1269.8199462890625,1269.8199462890625,27.896667
h0_nocontrol_lcd1000_x18_20260906,3451,32,1,ramp_R_D_W,11,0,41.78,932.53,,,42.671818
h0_nocontrol_lcd1000_x18_20260906,3451,32,1,signal_or_other,68,57,1237.88,1954.26,1364.510009765625,1954.260009765625,4.4075
h0_nocontrol_lcd1000_x18_20260906,3451,32,1,unknown_or_exit,1,1,1376.46,1376.46,1376.4599609375,1376.4599609375,0.0
h0_nocontrol_lcd1000_x18_20260906,3451,32,2,ramp_R_D_W,12,0,84.59,1008.95,,,38.80167
h0_nocontrol_lcd1000_x18_20260906,3451,32,2,signal_or_other,70,52,1297.06,1953.93,1364.4300537109375,1953.9300537109375,5.1132855
h0_nocontrol_lcd1000_x18_20260906,3451,32,3,ramp_R_D_E,1,0,184.8,184.8,,,45.73
h0_nocontrol_lcd1000_x18_20260906,3451,32,3,signal_or_other,79,62,297.24,1942.64,1371.43994140625,1936.9200439453125,3.6459494
h0_nocontrol_lcd1000_x18_20260906,3601,32,1,ramp_R_D_E,11,1,187.05,1316.85,1302.530029296875,1302.530029296875,33.033634
h0_nocontrol_lcd1000_x18_20260906,3601,32,1,ramp_R_D_W,11,0,76.48,993.52,,,40.332726
h0_nocontrol_lcd1000_x18_20260906,3601,32,1,signal_or_other,79,64,346.39,1954.19,1296.81005859375,1954.18994140625,4.381266
h0_nocontrol_lcd1000_x18_20260906,3601,32,1,unknown_or_exit,1,1,1448.29,1448.29,1448.2900390625,1448.2900390625,0.0
h0_nocontrol_lcd1000_x18_20260906,3601,32,2,ramp_R_D_W,20,0,35.36,870.12,,,37.758995
h0_nocontrol_lcd1000_x18_20260906,3601,32,2,signal_or_other,79,57,779.24,1954.17,1288.27001953125,1954.1700439453125,5.1040506
h0_nocontrol_lcd1000_x18_20260906,3601,32,3,ramp_R_D_E,1,0,192.04,192.04,,,41.75
h0_nocontrol_lcd1000_x18_20260906,3601,32,3,ramp_R_D_W,1,0,47.07,47.07,,,45.87
h0_nocontrol_lcd1000_x18_20260906,3601,32,3,signal_or_other,79,54,312.24,1947.13,1378.739990234375,1723.43994140625,6.3650637
h0_nocontrol_lcd1000_x18_20260906,3751,32,1,ramp_R_D_E,5,0,406.75,1301.5,,,30.372
h0_nocontrol_lcd1000_x18_20260906,3751,32,1,ramp_R_D_W,8,0,23.85,945.65,,,40.725
h0_nocontrol_lcd1000_x18_20260906,3751,32,1,signal_or_other,72,60,1328.24,1954.21,1357.22998046875,1954.2099609375,3.3354166
h0_nocontrol_lcd1000_x18_20260906,3751,32,1,unknown_or_exit,1,1,1538.3,1538.3,1538.300048828125,1538.300048828125,0.0
h0_nocontrol_lcd1000_x18_20260906,3751,32,2,ramp_R_D_E,1,0,93.55,93.55,,,42.24
h0_nocontrol_lcd1000_x18_20260906,3751,32,2,ramp_R_D_W,13,0,64.23,1008.69,,,39.89769
h0_nocontrol_lcd1000_x18_20260906,3751,32,2,signal_or_other,78,61,10.65,1954.01,1370.7900390625,1954.010009765625,4.9347434
h0_nocontrol_lcd1000_x18_20260906,3751,32,2,unknown_or_exit,1,1,1397.16,1397.16,1397.1600341796875,1397.1600341796875,2.17
h0_nocontrol_lcd1000_x18_20260906,3751,32,3,signal_or_other,75,54,619.05,1948.42,1314.2900390625,1723.3599853515625,6.4125333
h0_nocontrol_lcd1000_x18_20260906,3751,32,3,unknown_or_exit,2,2,1382.66,1388.71,1382.6600341796875,1388.7099609375,1.295
h0_nocontrol_lcd1000_x18_20260906,3901,32,1,ramp_R_D_E,4,0,279.26,1175.05,,,39.755
h0_nocontrol_lcd1000_x18_20260906,3901,32,1,ramp_R_D_W,4,0,198.06,641.19,,,41.765
h0_nocontrol_lcd1000_x18_20260906,3901,32,1,signal_or_other,83,67,126.74,1954.32,1328.47998046875,1954.3199462890625,3.9777107
h0_nocontrol_lcd1000_x18_20260906,3901,32,2,ramp_R_D_W,14,0,126.5,962.41,,,40.065712
h0_nocontrol_lcd1000_x18_20260906,3901,32,2,signal_or_other,76,62,1309.58,1954.09,1338.8199462890625,1954.0899658203125,4.2886844
h0_nocontrol_lcd1000_x18_20260906,3901,32,2,unknown_or_exit,1,0,1730.9,1730.9,,,36.11
h0_nocontrol_lcd1000_x18_20260906,3901,32,3,ramp_R_D_E,1,0,197.61,197.61,,,42.5
h0_nocontrol_lcd1000_x18_20260906,3901,32,3,signal_or_other,67,46,434.52,1945.92,1423.010009765625,1744.219970703125,8.5050745
h0_nocontrol_lcd1000_x18_20260906,3901,32,3,unknown_or_exit,3,3,1506.5,1517.68,1506.5,1517.6800537109375,0.72333336
h0_nocontrol_lcd1000_x18_20260906,4051,32,1,ramp_R_D_E,5,0,426.96,1250.05,,,41.598
h0_nocontrol_lcd1000_x18_20260906,4051,32,1,ramp_R_D_W,7,0,259.38,979.83,,,39.205715
h0_nocontrol_lcd1000_x18_20260906,4051,32,1,signal_or_other,71,59,1288.92,1954.35,1342.969970703125,1954.3499755859375,4.0198593
h0_nocontrol_lcd1000_x18_20260906,4051,32,2,ramp_R_D_W,3,0,382.76,756.17,,,39.646667
h0_nocontrol_lcd1000_x18_20260906,4051,32,2,signal_or_other,80,65,274.02,1954.1,1343.6500244140625,1954.0999755859375,4.41325
h0_nocontrol_lcd1000_x18_20260906,4051,32,3,ramp_R_D_E,1,0,302.87,302.87,,,41.63
h0_nocontrol_lcd1000_x18_20260906,4051,32,3,signal_or_other,72,54,258.25,1937.08,1390.4000244140625,1840.6300048828125,6.0415277
h0_nocontrol_lcd1000_x18_20260906,4051,32,3,unknown_or_exit,4,3,1625.62,1950.33,1625.6199951171875,1636.93994140625,3.385
h0_nocontrol_lcd1000_x18_20260906,4201,32,1,ramp_R_D_E,4,0,609.18,917.98,,,41.035
h0_nocontrol_lcd1000_x18_20260906,4201,32,1,ramp_R_D_W,4,0,591.11,1020.68,,,38.725002
h0_nocontrol_lcd1000_x18_20260906,4201,32,1,signal_or_other,78,62,175.89,1954.49,1305.219970703125,1954.489990234375,4.3239746
h0_nocontrol_lcd1000_x18_20260906,4201,32,1,unknown_or_exit,1,0,1833.18,1833.18,,,28.66
h0_nocontrol_lcd1000_x18_20260906,4201,32,2,ramp_R_D_E,2,0,106.65,919.89,,,42.77
h0_nocontrol_lcd1000_x18_20260906,4201,32,2,ramp_R_D_W,6,0,346.41,895.61,,,42.481663
h0_nocontrol_lcd1000_x18_20260906,4201,32,2,signal_or_other,75,54,1313.42,1954.11,1372.6500244140625,1954.1099853515625,4.1885333
h0_nocontrol_lcd1000_x18_20260906,4201,32,3,ramp_R_D_E,1,0,159.84,159.84,,,45.22
h0_nocontrol_lcd1000_x18_20260906,4201,32,3,signal_or_other,82,61,1116.05,1954.16,1353.5999755859375,1954.1600341796875,4.0203657
h0_nocontrol_lcd1000_x18_20260906,4201,32,3,unknown_or_exit,2,1,1765.69,1775.75,1775.75,1775.75,4.85
h0_nocontrol_lcd1000_x18_20260906,4351,32,1,ramp_R_D_E,9,0,389.97,1329.53,,,41.01889
h0_nocontrol_lcd1000_x18_20260906,4351,32,1,ramp_R_D_W,8,0,9.95,985.01,,,41.33
h0_nocontrol_lcd1000_x18_20260906,4351,32,1,signal_or_other,75,60,1274.17,1954.35,1337.9000244140625,1954.3499755859375,4.398267
h0_nocontrol_lcd1000_x18_20260906,4351,32,2,ramp_R_D_W,5,0,297.77,947.09,,,38.926003
h0_nocontrol_lcd1000_x18_20260906,4351,32,2,signal_or_other,76,61,45.41,1954.03,1361.5899658203125,1954.030029296875,4.4738154
h0_nocontrol_lcd1000_x18_20260906,4351,32,3,ramp_R_D_W,2,0,9.43,49.42,,,44.1
h0_nocontrol_lcd1000_x18_20260906,4351,32,3,signal_or_other,75,55,451.02,1952.99,1332.5899658203125,1952.989990234375,5.475066
h0_nocontrol_lcd1000_x18_20260906,4501,32,1,ramp_R_D_E,4,1,834.68,1317.66,1317.6600341796875,1317.6600341796875,28.314999
h0_nocontrol_lcd1000_x18_20260906,4501,32,1,ramp_R_D_W,8,0,202.49,933.89,,,40.645
h0_nocontrol_lcd1000_x18_20260906,4501,32,1,signal_or_other,73,57,1283.27,1954.26,1325.4300537109375,1954.260009765625,4.738904
h0_nocontrol_lcd1000_x18_20260906,4501,32,2,ramp_R_D_W,13,0,154.38,963.65,,,39.503075
h0_nocontrol_lcd1000_x18_20260906,4501,32,2,signal_or_other,76,58,940.92,1954.29,1352.6300048828125,1954.2900390625,4.926052
h0_nocontrol_lcd1000_x18_20260906,4501,32,2,unknown_or_exit,2,2,1387.53,1635.27,1387.530029296875,1635.27001953125,1.79
h0_nocontrol_lcd1000_x18_20260906,4501,32,3,signal_or_other,73,56,693.3,1951.95,1359.6099853515625,1730.06005859375,5.2078085
h0_nocontrol_lcd1000_x18_20260906,4651,32,1,ramp_R_D_E,2,0,428.14,914.07,,,40.975
h0_nocontrol_lcd1000_x18_20260906,4651,32,1,ramp_R_D_W,6,0,239.96,930.5,,,37.753338
h0_nocontrol_lcd1000_x18_20260906,4651,32,1,signal_or_other,72,62,1275.58,1954.28,1333.31005859375,1954.280029296875,3.4395835
h0_nocontrol_lcd1000_x18_20260906,4651,32,1,unknown_or_exit,3,3,1326.66,1350.68,1326.6600341796875,1350.6800537109375,0.84666663
h0_nocontrol_lcd1000_x18_20260906,4651,32,2,ramp_R_D_W,3,0,351.99,692.97,,,38.863335
h0_nocontrol_lcd1000_x18_20260906,4651,32,2,signal_or_other,75,62,196.19,1954.18,1366.97998046875,1954.1800537109375,3.3732002
h0_nocontrol_lcd1000_x18_20260906,4651,32,2,unknown_or_exit,2,1,1479.37,1836.72,1479.3699951171875,1479.3699951171875,13.295
h0_nocontrol_lcd1000_x18_20260906,4651,32,3,signal_or_other,74,55,906.78,1947.93,1379.1700439453125,1937.0699462890625,5.489865
h0_nocontrol_lcd1000_x18_20260906,4651,32,3,unknown_or_exit,2,0,178.33,281.49,,,36.769997
h0_nocontrol_lcd1000_x18_20260906,4801,32,1,ramp_R_D_E,5,0,704.06,1282.61,,,35.952
h0_nocontrol_lcd1000_x18_20260906,4801,32,1,ramp_R_D_W,3,0,7.61,838.3,,,41.156666
h0_nocontrol_lcd1000_x18_20260906,4801,32,1,signal_or_other,66,50,1270.83,1954.2,1423.6700439453125,1954.199951171875,3.9921215
h0_nocontrol_lcd1000_x18_20260906,4801,32,1,unknown_or_exit,19,17,620.25,1417.4,1313.25,1417.4000244140625,3.4247367
h0_nocontrol_lcd1000_x18_20260906,4801,32,2,ramp_R_D_W,8,0,105.79,1017.42,,,41.809998
h0_nocontrol_lcd1000_x18_20260906,4801,32,2,signal_or_other,67,51,1326.43,1954.0,1358.97998046875,1954.0,4.901642
h0_nocontrol_lcd1000_x18_20260906,4801,32,2,unknown_or_exit,9,5,1036.78,1584.51,1366.510009765625,1584.510009765625,10.820001
h0_nocontrol_lcd1000_x18_20260906,4801,32,3,ramp_R_D_W,1,0,39.44,39.44,,,47.14
h0_nocontrol_lcd1000_x18_20260906,4801,32,3,signal_or_other,71,53,1364.75,1953.53,1378.3499755859375,1953.530029296875,3.4742253
h0_nocontrol_lcd1000_x18_20260906,4801,32,3,unknown_or_exit,4,1,546.35,1456.47,1456.469970703125,1456.469970703125,20.0475
h0_nocontrol_lcd1000_x18_20260906,4951,32,1,ramp_R_D_E,8,0,648.98,1316.4,,,31.93
h0_nocontrol_lcd1000_x18_20260906,4951,32,1,ramp_R_D_W,6,0,82.19,962.23,,,35.765
h0_nocontrol_lcd1000_x18_20260906,4951,32,1,signal_or_other,53,45,1496.47,1954.17,1496.469970703125,1954.1700439453125,3.7160378
h0_nocontrol_lcd1000_x18_20260906,4951,32,1,unknown_or_exit,23,20,618.83,1490.22,1342.06005859375,1490.219970703125,3.1843476
h0_nocontrol_lcd1000_x18_20260906,4951,32,2,ramp_R_D_E,1,0,379.36,379.36,,,41.3
h0_nocontrol_lcd1000_x18_20260906,4951,32,2,ramp_R_D_W,5,0,37.44,709.2,,,40.556
h0_nocontrol_lcd1000_x18_20260906,4951,32,2,signal_or_other,54,43,1463.62,1953.98,1463.6199951171875,1953.97998046875,3.8568518
h0_nocontrol_lcd1000_x18_20260906,4951,32,2,unknown_or_exit,24,17,1280.79,1750.03,1371.6600341796875,1750.030029296875,4.0733333
h0_nocontrol_lcd1000_x18_20260906,4951,32,3,ramp_R_D_W,1,0,27.41,27.41,,,43.12
h0_nocontrol_lcd1000_x18_20260906,4951,32,3,signal_or_other,51,37,1448.26,1950.39,1484.6099853515625,1729.489990234375,4.8962746
h0_nocontrol_lcd1000_x18_20260906,4951,32,3,unknown_or_exit,18,13,103.51,1585.0,1337.8299560546875,1585.0,5.633889
h0_nocontrol_lcd1000_x18_20260906,5101,32,1,ramp_R_D_E,4,0,504.78,1055.96,,,36.735
h0_nocontrol_lcd1000_x18_20260906,5101,32,1,ramp_R_D_W,5,0,69.32,992.83,,,38.747997
h0_nocontrol_lcd1000_x18_20260906,5101,32,1,signal_or_other,39,29,1575.66,1954.03,1575.6600341796875,1954.030029296875,6.619744
h0_nocontrol_lcd1000_x18_20260906,5101,32,1,unknown_or_exit,35,33,1296.31,1947.87,1361.760009765625,1947.8699951171875,2.2665715
h0_nocontrol_lcd1000_x18_20260906,5101,32,2,ramp_R_D_E,1,0,44.96,44.96,,,41.43
h0_nocontrol_lcd1000_x18_20260906,5101,32,2,ramp_R_D_W,8,0,13.71,694.42,,,41.9925
h0_nocontrol_lcd1000_x18_20260906,5101,32,2,signal_or_other,38,26,1546.96,1954.19,1546.9599609375,1954.18994140625,7.394211
h0_nocontrol_lcd1000_x18_20260906,5101,32,2,unknown_or_exit,35,32,776.92,1617.93,1362.8399658203125,1617.9300537109375,3.0359998
h0_nocontrol_lcd1000_x18_20260906,5101,32,3,signal_or_other,38,31,1558.52,1949.89,1558.52001953125,1913.1600341796875,5.1323686
h0_nocontrol_lcd1000_x18_20260906,5101,32,3,unknown_or_exit,37,34,29.65,1715.06,1388.2900390625,1715.06005859375,2.9667566
h0_nocontrol_lcd1000_x18_20260906,5251,32,1,ramp_R_D_E,4,0,517.6,825.89,,,41.545
h0_nocontrol_lcd1000_x18_20260906,5251,32,1,ramp_R_D_W,2,0,493.61,676.6,,,41.445
h0_nocontrol_lcd1000_x18_20260906,5251,32,1,signal_or_other,20,15,1756.12,1953.87,1850.9300537109375,1953.8699951171875,7.5255
h0_nocontrol_lcd1000_x18_20260906,5251,32,1,unknown_or_exit,52,45,246.3,1728.04,1345.3900146484375,1652.31005859375,4.0773077
h0_nocontrol_lcd1000_x18_20260906,5251,32,2,ramp_R_D_E,1,0,177.61,177.61,,,46.87
h0_nocontrol_lcd1000_x18_20260906,5251,32,2,ramp_R_D_W,5,0,374.82,1013.7,,,44.108
h0_nocontrol_lcd1000_x18_20260906,5251,32,2,signal_or_other,21,14,1759.49,1954.13,1849.81005859375,1954.1300048828125,7.1366663
h0_nocontrol_lcd1000_x18_20260906,5251,32,2,unknown_or_exit,55,45,1335.78,1751.51,1361.4300537109375,1676.5699462890625,2.7396362
h0_nocontrol_lcd1000_x18_20260906,5251,32,3,ramp_R_D_E,1,0,312.41,312.41,,,42.15
h0_nocontrol_lcd1000_x18_20260906,5251,32,3,signal_or_other,16,7,1680.65,1953.75,1680.6500244140625,1953.75,12.713749
h0_nocontrol_lcd1000_x18_20260906,5251,32,3,unknown_or_exit,60,51,4.89,1777.85,1378.9599609375,1715.760009765625,3.363
h0_nocontrol_lcd1000_x18_20260906,901,31,1,ramp_R_D_E,1,0,356.35,356.35,,,45.58
h0_nocontrol_lcd1000_x18_20260906,901,31,1,ramp_R_D_W,1,0,727.56,727.56,,,41.67
h0_nocontrol_lcd1000_x18_20260906,901,31,1,unknown_or_exit,8,0,902.04,1985.73,,,96.1725
h0_nocontrol_lcd1000_x18_20260906,901,31,2,unknown_or_exit,20,0,479.98,1846.81,,,55.9925
h0_nocontrol_lcd1000_x18_20260906,901,31,3,unknown_or_exit,12,0,451.4,1908.59,,,97.39001
h0_nocontrol_lcd1000_x18_20260906,1051,31,1,ramp_R_D_E,1,0,114.67,114.67,,,40.72
h0_nocontrol_lcd1000_x18_20260906,1051,31,1,ramp_R_D_W,4,0,273.51,732.62,,,36.1025
h0_nocontrol_lcd1000_x18_20260906,1051,31,1,unknown_or_exit,15,0,653.81,1840.53,,,83.69067
h0_nocontrol_lcd1000_x18_20260906,1051,31,2,unknown_or_exit,11,0,648.19,1812.9,,,60.212723
h0_nocontrol_lcd1000_x18_20260906,1051,31,3,unknown_or_exit,12,0,680.47,1975.12,,,71.190834
h0_nocontrol_lcd1000_x18_20260906,1201,31,1,ramp_R_D_E,1,0,26.66,26.66,,,40.04
h0_nocontrol_lcd1000_x18_20260906,1201,31,1,ramp_R_D_W,1,0,684.25,684.25,,,50.1
h0_nocontrol_lcd1000_x18_20260906,1201,31,1,unknown_or_exit,16,0,643.37,1719.63,,,61.825623
h0_nocontrol_lcd1000_x18_20260906,1201,31,2,ramp_R_D_W,1,0,773.43,773.43,,,45.17
h0_nocontrol_lcd1000_x18_20260906,1201,31,2,unknown_or_exit,19,0,589.12,1911.65,,,45.977894
h0_nocontrol_lcd1000_x18_20260906,1201,31,3,unknown_or_exit,10,0,606.01,1655.08,,,76.838
h0_nocontrol_lcd1000_x18_20260906,1351,31,1,ramp_R_D_E,1,0,162.36,162.36,,,40.95
h0_nocontrol_lcd1000_x18_20260906,1351,31,1,ramp_R_D_W,2,0,656.64,679.04,,,41.53
h0_nocontrol_lcd1000_x18_20260906,1351,31,1,unknown_or_exit,14,0,625.54,1780.3,,,82.53857
h0_nocontrol_lcd1000_x18_20260906,1351,31,2,unknown_or_exit,15,0,376.92,1958.82,,,51.851334
h0_nocontrol_lcd1000_x18_20260906,1351,31,3,unknown_or_exit,4,0,935.99,1763.23,,,72.97
h0_nocontrol_lcd1000_x18_20260906,1501,31,1,ramp_R_D_E,1,0,350.65,350.65,,,41.95
h0_nocontrol_lcd1000_x18_20260906,1501,31,1,ramp_R_D_W,4,0,621.05,704.03,,,33.125
h0_nocontrol_lcd1000_x18_20260906,1501,31,1,unknown_or_exit,6,0,637.45,1886.21,,,69.424995
h0_nocontrol_lcd1000_x18_20260906,1501,31,2,unknown_or_exit,11,0,141.51,1762.61,,,66.72
h0_nocontrol_lcd1000_x18_20260906,1501,31,3,unknown_or_exit,6,0,1114.69,1960.39,,,120.33834
h0_nocontrol_lcd1000_x18_20260906,1651,31,1,ramp_R_D_W,5,0,610.49,729.11,,,37.228
h0_nocontrol_lcd1000_x18_20260906,1651,31,1,unknown_or_exit,12,0,898.22,1850.79,,,97.20416
h0_nocontrol_lcd1000_x18_20260906,1651,31,2,unknown_or_exit,20,0,456.57,1903.28,,,61.617004
h0_nocontrol_lcd1000_x18_20260906,1651,31,3,unknown_or_exit,9,0,948.82,1755.85,,,87.53888
h0_nocontrol_lcd1000_x18_20260906,1801,31,1,ramp_R_D_E,2,0,349.48,362.88,,,42.775
h0_nocontrol_lcd1000_x18_20260906,1801,31,1,ramp_R_D_W,2,0,435.7,717.44,,,41.36
h0_nocontrol_lcd1000_x18_20260906,1801,31,1,unknown_or_exit,14,0,640.63,1902.57,,,81.152145
h0_nocontrol_lcd1000_x18_20260906,1801,31,2,unknown_or_exit,16,0,500.17,1972.24,,,69.35562
h0_nocontrol_lcd1000_x18_20260906,1801,31,3,unknown_or_exit,9,0,1122.45,1686.69,,,85.77555
h0_nocontrol_lcd1000_x18_20260906,1951,31,1,ramp_R_D_E,3,0,148.99,359.39,,,38.59
h0_nocontrol_lcd1000_x18_20260906,1951,31,1,ramp_R_D_W,6,0,411.63,699.46,,,34.608334
h0_nocontrol_lcd1000_x18_20260906,1951,31,1,unknown_or_exit,10,0,619.92,1722.57,,,53.822002
h0_nocontrol_lcd1000_x18_20260906,1951,31,2,unknown_or_exit,17,0,397.34,1810.24,,,49.019413
h0_nocontrol_lcd1000_x18_20260906,1951,31,3,unknown_or_exit,9,0,1077.06,1884.61,,,90.12778
h0_nocontrol_lcd1000_x18_20260906,2101,31,1,unknown_or_exit,8,0,1095.45,1950.06,,,117.905
h0_nocontrol_lcd1000_x18_20260906,2101,31,2,unknown_or_exit,11,0,488.11,1972.05,,,48.64818
h0_nocontrol_lcd1000_x18_20260906,2101,31,3,unknown_or_exit,4,0,950.86,1963.15,,,67.2475
h0_nocontrol_lcd1000_x18_20260906,2251,31,1,ramp_R_D_E,3,0,13.69,375.35,,,55.58667
h0_nocontrol_lcd1000_x18_20260906,2251,31,1,unknown_or_exit,12,0,915.3,1960.12,,,104.87167
h0_nocontrol_lcd1000_x18_20260906,2251,31,2,unknown_or_exit,19,0,376.83,1956.85,,,45.643158
h0_nocontrol_lcd1000_x18_20260906,2251,31,3,unknown_or_exit,9,0,905.27,1792.29,,,83.13222
h0_nocontrol_lcd1000_x18_20260906,2401,31,1,ramp_R_D_E,2,0,17.95,58.64,,,43.79
h0_nocontrol_lcd1000_x18_20260906,2401,31,1,ramp_R_D_W,4,0,655.77,717.15,,,34.190002
h0_nocontrol_lcd1000_x18_20260906,2401,31,1,unknown_or_exit,5,0,896.76,1752.6,,,91.164
h0_nocontrol_lcd1000_x18_20260906,2401,31,2,unknown_or_exit,8,0,355.24,1929.64,,,74.7125
h0_nocontrol_lcd1000_x18_20260906,2401,31,3,unknown_or_exit,6,0,517.97,1905.3,,,68.06167
h0_nocontrol_lcd1000_x18_20260906,2551,31,1,ramp_R_D_E,3,0,151.78,378.62,,,35.91
h0_nocontrol_lcd1000_x18_20260906,2551,31,1,ramp_R_D_W,1,0,462.91,462.91,,,43.04
h0_nocontrol_lcd1000_x18_20260906,2551,31,1,unknown_or_exit,6,0,892.76,1746.7,,,92.165
h0_nocontrol_lcd1000_x18_20260906,2551,31,2,unknown_or_exit,9,0,398.04,1763.55,,,58.29889
h0_nocontrol_lcd1000_x18_20260906,2551,31,3,unknown_or_exit,3,0,1273.8,1586.83,,,115.83667
h0_nocontrol_lcd1000_x18_20260906,2701,31,1,unknown_or_exit,4,0,1333.69,1739.64,,,97.752495
h0_nocontrol_lcd1000_x18_20260906,2701,31,2,unknown_or_exit,12,0,406.5,1971.17,,,42.35167
h0_nocontrol_lcd1000_x18_20260906,2701,31,3,unknown_or_exit,6,0,990.25,1620.45,,,99.61499
h0_nocontrol_lcd1000_x18_20260906,2851,31,1,ramp_R_D_E,2,0,14.05,354.96,,,40.2
h0_nocontrol_lcd1000_x18_20260906,2851,31,1,ramp_R_D_W,2,0,372.69,700.37,,,38.425
h0_nocontrol_lcd1000_x18_20260906,2851,31,1,unknown_or_exit,3,0,997.48,1639.7,,,70.07333
h0_nocontrol_lcd1000_x18_20260906,2851,31,2,unknown_or_exit,11,0,975.23,1941.17,,,49.026367
h0_nocontrol_lcd1000_x18_20260906,2851,31,3,unknown_or_exit,8,0,861.63,1226.55,,,63.841248
h0_nocontrol_lcd1000_x18_20260906,3001,31,1,ramp_R_D_E,3,0,59.72,405.9,,,33.413334
h0_nocontrol_lcd1000_x18_20260906,3001,31,1,ramp_R_D_W,4,0,198.86,507.74,,,37.079998
h0_nocontrol_lcd1000_x18_20260906,3001,31,1,unknown_or_exit,10,0,358.02,1883.69,,,99.952
h0_nocontrol_lcd1000_x18_20260906,3001,31,2,unknown_or_exit,16,0,356.16,1855.87,,,46.208122
h0_nocontrol_lcd1000_x18_20260906,3001,31,3,unknown_or_exit,6,0,507.24,1478.65,,,65.674995
h0_nocontrol_lcd1000_x18_20260906,3151,31,1,ramp_R_D_E,2,0,132.15,403.85,,,39.235
h0_nocontrol_lcd1000_x18_20260906,3151,31,1,ramp_R_D_W,4,0,158.22,717.51,,,36.49
h0_nocontrol_lcd1000_x18_20260906,3151,31,1,unknown_or_exit,11,0,919.53,1321.61,,,57.46182
h0_nocontrol_lcd1000_x18_20260906,3151,31,2,unknown_or_exit,12,0,589.92,1703.89,,,56.805004
h0_nocontrol_lcd1000_x18_20260906,3151,31,3,unknown_or_exit,11,0,574.85,1851.86,,,66.2009
h0_nocontrol_lcd1000_x18_20260906,3301,31,1,ramp_R_D_W,3,0,94.16,617.23,,,54.8
h0_nocontrol_lcd1000_x18_20260906,3301,31,1,unknown_or_exit,12,0,780.23,1844.52,,,84.84251
h0_nocontrol_lcd1000_x18_20260906,3301,31,2,unknown_or_exit,11,0,400.22,1901.5,,,54.594547
h0_nocontrol_lcd1000_x18_20260906,3301,31,3,unknown_or_exit,10,0,819.63,1478.58,,,50.341
h0_nocontrol_lcd1000_x18_20260906,3451,31,1,ramp_R_D_E,3,0,112.88,393.82,,,37.843334
h0_nocontrol_lcd1000_x18_20260906,3451,31,1,unknown_or_exit,12,0,876.98,1846.55,,,99.3425
h0_nocontrol_lcd1000_x18_20260906,3451,31,2,unknown_or_exit,11,0,545.09,1913.21,,,78.21091
h0_nocontrol_lcd1000_x18_20260906,3451,31,3,unknown_or_exit,6,0,992.84,1894.6,,,80.625
h0_nocontrol_lcd1000_x18_20260906,3601,31,1,ramp_R_D_E,2,0,367.31,387.17,,,36.89
h0_nocontrol_lcd1000_x18_20260906,3601,31,1,ramp_R_D_W,1,0,712.03,712.03,,,45.11
h0_nocontrol_lcd1000_x18_20260906,3601,31,1,unknown_or_exit,16,0,690.14,1985.31,,,71.09125
h0_nocontrol_lcd1000_x18_20260906,3601,31,2,unknown_or_exit,24,0,365.65,1856.39,,,46.423748
h0_nocontrol_lcd1000_x18_20260906,3601,31,3,unknown_or_exit,16,0,784.09,1932.78,,,85.89751
h0_nocontrol_lcd1000_x18_20260906,3751,31,1,ramp_R_D_W,1,0,730.59,730.59,,,40.3
h0_nocontrol_lcd1000_x18_20260906,3751,31,1,unknown_or_exit,9,0,754.79,1457.35,,,63.808884
h0_nocontrol_lcd1000_x18_20260906,3751,31,2,ramp_R_D_W,1,0,374.97,374.97,,,103.61
h0_nocontrol_lcd1000_x18_20260906,3751,31,2,unknown_or_exit,11,0,550.54,1953.3,,,51.69364
h0_nocontrol_lcd1000_x18_20260906,3751,31,3,unknown_or_exit,11,0,442.96,1935.19,,,71.82909
h0_nocontrol_lcd1000_x18_20260906,3901,31,1,ramp_R_D_W,3,0,399.4,653.19,,,40.993332
h0_nocontrol_lcd1000_x18_20260906,3901,31,1,unknown_or_exit,8,0,854.05,1729.71,,,103.04875
h0_nocontrol_lcd1000_x18_20260906,3901,31,2,unknown_or_exit,11,0,584.25,1866.65,,,73.060005
h0_nocontrol_lcd1000_x18_20260906,3901,31,3,unknown_or_exit,5,0,966.52,1904.95,,,69.836
h0_nocontrol_lcd1000_x18_20260906,4051,31,1,ramp_R_D_E,2,0,104.63,374.57,,,54.975002
h0_nocontrol_lcd1000_x18_20260906,4051,31,1,ramp_R_D_W,2,0,631.26,685.26,,,29.5
h0_nocontrol_lcd1000_x18_20260906,4051,31,1,unknown_or_exit,10,0,220.79,1828.99,,,84.301994
h0_nocontrol_lcd1000_x18_20260906,4051,31,2,unknown_or_exit,12,0,425.8,1774.63,,,55.308334
h0_nocontrol_lcd1000_x18_20260906,4051,31,3,unknown_or_exit,8,0,694.13,1793.84,,,83.636246
h0_nocontrol_lcd1000_x18_20260906,4201,31,1,ramp_R_D_E,1,0,251.02,251.02,,,43.76
h0_nocontrol_lcd1000_x18_20260906,4201,31,1,unknown_or_exit,13,0,737.79,1924.47,,,75.07462
h0_nocontrol_lcd1000_x18_20260906,4201,31,2,unknown_or_exit,13,0,498.49,1855.95,,,47.457687
h0_nocontrol_lcd1000_x18_20260906,4201,31,3,unknown_or_exit,10,0,430.35,1977.33,,,83.075005
h0_nocontrol_lcd1000_x18_20260906,4351,31,1,ramp_R_D_E,1,0,51.7,51.7,,,41.54
h0_nocontrol_lcd1000_x18_20260906,4351,31,1,ramp_R_D_W,1,0,733.34,733.34,,,48.17
h0_nocontrol_lcd1000_x18_20260906,4351,31,1,unknown_or_exit,9,0,802.91,1663.52,,,84.994446
h0_nocontrol_lcd1000_x18_20260906,4351,31,2,ramp_R_D_W,1,0,459.65,459.65,,,134.14
h0_nocontrol_lcd1000_x18_20260906,4351,31,2,unknown_or_exit,8,0,708.64,1700.93,,,62.46875
h0_nocontrol_lcd1000_x18_20260906,4351,31,3,unknown_or_exit,7,0,633.61,1411.92,,,48.665718
h0_nocontrol_lcd1000_x18_20260906,4501,31,1,ramp_R_D_E,2,0,86.22,341.95,,,41.77
h0_nocontrol_lcd1000_x18_20260906,4501,31,1,ramp_R_D_W,6,0,13.68,661.67,,,41.86667
h0_nocontrol_lcd1000_x18_20260906,4501,31,1,unknown_or_exit,8,0,728.16,1960.97,,,109.92125
h0_nocontrol_lcd1000_x18_20260906,4501,31,2,unknown_or_exit,14,0,562.63,1837.56,,,65.77071
h0_nocontrol_lcd1000_x18_20260906,4501,31,3,unknown_or_exit,6,0,458.52,1949.21,,,65.63
h0_nocontrol_lcd1000_x18_20260906,4651,31,1,ramp_R_D_E,1,0,163.9,163.9,,,43.47
h0_nocontrol_lcd1000_x18_20260906,4651,31,1,unknown_or_exit,12,0,192.31,1830.75,,,72.645836
h0_nocontrol_lcd1000_x18_20260906,4651,31,2,unknown_or_exit,12,0,404.61,1835.05,,,57.898335
h0_nocontrol_lcd1000_x18_20260906,4651,31,3,unknown_or_exit,12,0,1088.83,1929.2,,,86.628334
h0_nocontrol_lcd1000_x18_20260906,4801,31,1,ramp_R_D_W,6,0,260.84,656.35,,,41.045
h0_nocontrol_lcd1000_x18_20260906,4801,31,1,unknown_or_exit,10,0,1105.7,1922.57,,,102.764
h0_nocontrol_lcd1000_x18_20260906,4801,31,2,unknown_or_exit,13,0,618.54,1810.37,,,45.829998
h0_nocontrol_lcd1000_x18_20260906,4801,31,3,unknown_or_exit,7,0,1033.96,1986.19,,,107.10999
h0_nocontrol_lcd1000_x18_20260906,4951,31,1,ramp_R_D_E,1,0,283.92,283.92,,,40.7
h0_nocontrol_lcd1000_x18_20260906,4951,31,1,unknown_or_exit,7,0,694.51,1973.49,,,83.141426
h0_nocontrol_lcd1000_x18_20260906,4951,31,2,unknown_or_exit,9,0,364.37,1967.52,,,77.447784
h0_nocontrol_lcd1000_x18_20260906,4951,31,3,unknown_or_exit,10,0,1001.86,1957.59,,,104.352005
h0_nocontrol_lcd1000_x18_20260906,5101,31,1,ramp_R_D_W,1,0,556.83,556.83,,,66.33
h0_nocontrol_lcd1000_x18_20260906,5101,31,1,unknown_or_exit,11,0,874.55,1750.08,,,90.18454
h0_nocontrol_lcd1000_x18_20260906,5101,31,2,unknown_or_exit,8,0,976.54,1865.43,,,60.45
h0_nocontrol_lcd1000_x18_20260906,5101,31,3,unknown_or_exit,4,0,884.4,1704.46,,,85.66499
h0_nocontrol_lcd1000_x18_20260906,5251,31,1,unknown_or_exit,10,0,170.2,1942.64,,,99.621994
h0_nocontrol_lcd1000_x18_20260906,5251,31,2,unknown_or_exit,12,0,590.16,1876.29,,,42.498333
h0_nocontrol_lcd1000_x18_20260906,5251,31,3,unknown_or_exit,3,0,664.66,1995.92,,,98.62667
h0_nocontrol_lcd1000_x18_20260906,901,68,1,ramp_R_F_W,9,0,64.49,351.75,,,20.973333
h0_nocontrol_lcd1000_x18_20260906,901,68,1,unknown_or_exit,18,0,87.45,1980.58,,,102.22389
h0_nocontrol_lcd1000_x18_20260906,901,68,2,unknown_or_exit,8,0,271.85,1972.74,,,75.46125
h0_nocontrol_lcd1000_x18_20260906,901,68,3,unknown_or_exit,9,0,373.24,1968.35,,,77.405556
h0_nocontrol_lcd1000_x18_20260906,901,68,4,unknown_or_exit,6,0,529.18,2009.99,,,88.12333
h0_nocontrol_lcd1000_x18_20260906,1051,68,1,ramp_R_F_W,11,1,162.38,320.28,189.6300048828125,189.6300048828125,20.837273
h0_nocontrol_lcd1000_x18_20260906,1051,68,1,unknown_or_exit,15,0,240.73,1922.55,,,108.66933
h0_nocontrol_lcd1000_x18_20260906,1051,68,2,unknown_or_exit,8,0,400.67,1590.76,,,67.05125
h0_nocontrol_lcd1000_x18_20260906,1051,68,3,unknown_or_exit,10,0,278.62,1676.16,,,85.045
h0_nocontrol_lcd1000_x18_20260906,1051,68,4,unknown_or_exit,9,0,421.18,1875.46,,,89.10667
h0_nocontrol_lcd1000_x18_20260906,1201,68,1,ramp_R_F_W,20,3,12.29,289.31,177.82000732421875,232.66000366210938,12.594
h0_nocontrol_lcd1000_x18_20260906,1201,68,1,unknown_or_exit,13,0,481.17,1913.6,,,113.83461
h0_nocontrol_lcd1000_x18_20260906,1201,68,2,unknown_or_exit,12,0,33.78,1982.49,,,79.15584
h0_nocontrol_lcd1000_x18_20260906,1201,68,3,unknown_or_exit,9,0,348.25,1933.69,,,78.90889
h0_nocontrol_lcd1000_x18_20260906,1201,68,4,unknown_or_exit,7,0,404.96,1877.66,,,91.29286
h0_nocontrol_lcd1000_x18_20260906,1351,68,1,ramp_R_F_W,14,2,138.35,318.72,174.57000732421875,180.75,19.562857
h0_nocontrol_lcd1000_x18_20260906,1351,68,1,unknown_or_exit,9,0,409.26,1827.34,,,103.91889
h0_nocontrol_lcd1000_x18_20260906,1351,68,2,unknown_or_exit,6,0,461.33,1936.38,,,69.145
h0_nocontrol_lcd1000_x18_20260906,1351,68,3,unknown_or_exit,9,0,230.84,1958.53,,,75.85889
h0_nocontrol_lcd1000_x18_20260906,1351,68,4,unknown_or_exit,8,0,447.33,1561.52,,,84.20375
h0_nocontrol_lcd1000_x18_20260906,1501,68,1,ramp_R_F_W,12,0,125.19,342.01,,,16.8225
h0_nocontrol_lcd1000_x18_20260906,1501,68,1,unknown_or_exit,15,0,244.18,1965.55,,,111.49867
h0_nocontrol_lcd1000_x18_20260906,1501,68,2,ramp_R_F_W,1,0,1295.18,1295.18,,,112.84
h0_nocontrol_lcd1000_x18_20260906,1501,68,2,unknown_or_exit,5,0,427.34,1872.52,,,92.91799
h0_nocontrol_lcd1000_x18_20260906,1501,68,3,unknown_or_exit,10,0,317.3,1900.44,,,96.854004
h0_nocontrol_lcd1000_x18_20260906,1501,68,4,unknown_or_exit,6,0,408.18,1915.76,,,91.04833
h0_nocontrol_lcd1000_x18_20260906,1651,68,1,ramp_R_F_E,2,1,194.66,238.7,194.66000366210938,194.66000366210938,5.875
h0_nocontrol_lcd1000_x18_20260906,1651,68,1,ramp_R_F_W,22,5,12.73,727.22,105.30999755859375,228.6699981689453,17.817726
h0_nocontrol_lcd1000_x18_20260906,1651,68,1,unknown_or_exit,15,0,244.98,1946.88,,,101.423996
h0_nocontrol_lcd1000_x18_20260906,1651,68,2,ramp_R_F_W,1,0,244.32,244.32,,,14.95
h0_nocontrol_lcd1000_x18_20260906,1651,68,2,unknown_or_exit,8,0,261.72,1923.39,,,80.55625
h0_nocontrol_lcd1000_x18_20260906,1651,68,3,unknown_or_exit,8,0,370.93,1547.27,,,72.0975
h0_nocontrol_lcd1000_x18_20260906,1651,68,4,unknown_or_exit,11,0,682.39,1953.49,,,106.44817
h0_nocontrol_lcd1000_x18_20260906,1801,68,1,ramp_R_F_W,25,6,21.1,342.63,116.68000030517578,208.05999755859375,13.8728
h0_nocontrol_lcd1000_x18_20260906,1801,68,1,unknown_or_exit,7,0,257.08,1990.17,,,98.34572
h0_nocontrol_lcd1000_x18_20260906,1801,68,2,unknown_or_exit,10,0,276.68,1686.64,,,105.52999
h0_nocontrol_lcd1000_x18_20260906,1801,68,3,unknown_or_exit,8,0,726.5,1599.33,,,79.03
h0_nocontrol_lcd1000_x18_20260906,1801,68,4,unknown_or_exit,8,0,377.97,1551.29,,,85.9375
h0_nocontrol_lcd1000_x18_20260906,1951,68,1,ramp_R_F_W,12,2,120.77,306.15,200.38999938964844,245.32000732421875,13.964999
h0_nocontrol_lcd1000_x18_20260906,1951,68,1,unknown_or_exit,18,0,262.76,1887.04,,,111.80333
h0_nocontrol_lcd1000_x18_20260906,1951,68,2,unknown_or_exit,15,0,340.76,1973.2,,,111.21334
h0_nocontrol_lcd1000_x18_20260906,1951,68,3,unknown_or_exit,10,0,276.89,1811.3,,,60.866997
h0_nocontrol_lcd1000_x18_20260906,1951,68,4,unknown_or_exit,8,0,554.45,1975.29,,,82.412506
h0_nocontrol_lcd1000_x18_20260906,2101,68,1,ramp_R_F_E,1,0,149.63,149.63,,,14.04
h0_nocontrol_lcd1000_x18_20260906,2101,68,1,ramp_R_F_W,17,2,54.16,351.21,67.69000244140625,90.25,16.343529
h0_nocontrol_lcd1000_x18_20260906,2101,68,1,unknown_or_exit,16,0,474.31,1857.97,,,110.030624
h0_nocontrol_lcd1000_x18_20260906,2101,68,2,ramp_R_F_W,1,0,224.86,224.86,,,25.74
h0_nocontrol_lcd1000_x18_20260906,2101,68,2,unknown_or_exit,10,0,243.78,1843.25,,,76.533
h0_nocontrol_lcd1000_x18_20260906,2101,68,3,ramp_R_F_W,1,0,1113.96,1113.96,,,72.88
h0_nocontrol_lcd1000_x18_20260906,2101,68,3,unknown_or_exit,7,0,289.77,1865.72,,,68.55143
h0_nocontrol_lcd1000_x18_20260906,2101,68,4,unknown_or_exit,12,0,366.64,1903.02,,,71.027504
h0_nocontrol_lcd1000_x18_20260906,2251,68,1,ramp_R_F_W,20,7,58.74,339.55,58.7400016784668,200.07000732421875,12.933001
h0_nocontrol_lcd1000_x18_20260906,2251,68,1,unknown_or_exit,12,0,585.47,2002.45,,,116.100006
h0_nocontrol_lcd1000_x18_20260906,2251,68,2,ramp_R_F_W,1,0,1957.93,1957.93,,,124.7
h0_nocontrol_lcd1000_x18_20260906,2251,68,2,unknown_or_exit,9,0,239.87,1882.24,,,98.248886
h0_nocontrol_lcd1000_x18_20260906,2251,68,3,unknown_or_exit,9,0,636.06,1810.71,,,63.075554
h0_nocontrol_lcd1000_x18_20260906,2251,68,4,unknown_or_exit,7,0,400.99,1120.2,,,63.444283
h0_nocontrol_lcd1000_x18_20260906,2401,68,1,ramp_R_F_W,20,6,7.36,276.5,130.7100067138672,183.30999755859375,15.45
h0_nocontrol_lcd1000_x18_20260906,2401,68,1,unknown_or_exit,11,1,241.39,1993.4,241.38999938964844,241.38999938964844,98.24909
h0_nocontrol_lcd1000_x18_20260906,2401,68,2,unknown_or_exit,11,0,286.25,1955.7,,,101.58091
h0_nocontrol_lcd1000_x18_20260906,2401,68,3,unknown_or_exit,9,0,730.28,1961.56,,,89.00223
h0_nocontrol_lcd1000_x18_20260906,2401,68,4,unknown_or_exit,5,0,375.68,966.41,,,71.258
h0_nocontrol_lcd1000_x18_20260906,2551,68,1,ramp_R_F_W,19,1,59.78,326.19,195.52999877929688,195.52999877929688,15.2142105
h0_nocontrol_lcd1000_x18_20260906,2551,68,1,unknown_or_exit,13,0,257.77,1873.26,,,100.51769
h0_nocontrol_lcd1000_x18_20260906,2551,68,2,ramp_R_F_W,2,0,291.02,730.05,,,42.545
h0_nocontrol_lcd1000_x18_20260906,2551,68,2,unknown_or_exit,10,0,393.43,1732.11,,,117.508995
h0_nocontrol_lcd1000_x18_20260906,2551,68,3,unknown_or_exit,8,0,482.14,1964.79,,,91.37375
h0_nocontrol_lcd1000_x18_20260906,2551,68,4,unknown_or_exit,6,0,702.89,1855.63,,,97.835
h0_nocontrol_lcd1000_x18_20260906,2701,68,1,ramp_R_F_W,17,3,62.01,345.5,214.6199951171875,231.72000122070312,13.716471
h0_nocontrol_lcd1000_x18_20260906,2701,68,1,unknown_or_exit,14,0,602.21,1983.88,,,115.46001
h0_nocontrol_lcd1000_x18_20260906,2701,68,2,unknown_or_exit,6,0,264.83,1584.99,,,77.128334
h0_nocontrol_lcd1000_x18_20260906,2701,68,3,unknown_or_exit,11,0,343.61,1995.84,,,72.84637
h0_nocontrol_lcd1000_x18_20260906,2701,68,4,unknown_or_exit,9,0,440.37,1963.79,,,77.54666
h0_nocontrol_lcd1000_x18_20260906,2851,68,1,ramp_R_F_W,13,3,102.52,303.28,137.52999877929688,244.44000244140625,12.639231
h0_nocontrol_lcd1000_x18_20260906,2851,68,1,unknown_or_exit,14,0,250.16,1959.1,,,95.37571
h0_nocontrol_lcd1000_x18_20260906,2851,68,2,unknown_or_exit,9,0,261.13,2026.18,,,76.63222
h0_nocontrol_lcd1000_x18_20260906,2851,68,3,unknown_or_exit,13,0,338.64,1965.56,,,80.153076
h0_nocontrol_lcd1000_x18_20260906,2851,68,4,unknown_or_exit,5,0,406.75,1452.38,,,91.827995
h0_nocontrol_lcd1000_x18_20260906,3001,68,1,ramp_R_F_W,16,6,115.62,335.56,115.62000274658203,244.17999267578125,12.41375
h0_nocontrol_lcd1000_x18_20260906,3001,68,1,unknown_or_exit,13,0,260.56,1951.31,,,111.69462
h0_nocontrol_lcd1000_x18_20260906,3001,68,2,unknown_or_exit,13,0,302.94,1849.82,,,102.93307
h0_nocontrol_lcd1000_x18_20260906,3001,68,3,unknown_or_exit,10,0,609.75,1811.58,,,88.889
h0_nocontrol_lcd1000_x18_20260906,3001,68,4,unknown_or_exit,9,0,449.38,1814.54,,,66.11444
h0_nocontrol_lcd1000_x18_20260906,3151,68,1,ramp_R_F_W,22,5,24.42,304.07,132.97999572753906,159.1300048828125,17.419092
h0_nocontrol_lcd1000_x18_20260906,3151,68,1,unknown_or_exit,12,0,241.12,1881.91,,,98.184166
h0_nocontrol_lcd1000_x18_20260906,3151,68,2,ramp_R_F_W,1,0,230.45,230.45,,,26.23
h0_nocontrol_lcd1000_x18_20260906,3151,68,2,unknown_or_exit,6,0,285.05,1793.73,,,97.30332
h0_nocontrol_lcd1000_x18_20260906,3151,68,3,unknown_or_exit,10,0,207.6,1692.45,,,74.86
h0_nocontrol_lcd1000_x18_20260906,3151,68,4,unknown_or_exit,7,0,378.57,1948.25,,,91.97001
h0_nocontrol_lcd1000_x18_20260906,3301,68,1,ramp_R_F_W,23,1,3.37,336.43,23.700000762939453,23.700000762939453,15.432176
h0_nocontrol_lcd1000_x18_20260906,3301,68,1,unknown_or_exit,9,0,561.9,1704.99,,,109.75888
h0_nocontrol_lcd1000_x18_20260906,3301,68,2,ramp_R_F_W,1,0,193.63,193.63,,,21.18
h0_nocontrol_lcd1000_x18_20260906,3301,68,2,unknown_or_exit,11,0,13.36,1957.86,,,83.67728
h0_nocontrol_lcd1000_x18_20260906,3301,68,3,unknown_or_exit,8,0,509.3,1714.46,,,57.5725
h0_nocontrol_lcd1000_x18_20260906,3301,68,4,unknown_or_exit,7,0,461.65,1988.91,,,63.04429
h0_nocontrol_lcd1000_x18_20260906,3451,68,1,ramp_R_F_E,1,0,78.99,78.99,,,23.3
h0_nocontrol_lcd1000_x18_20260906,3451,68,1,ramp_R_F_W,19,8,26.69,287.57,94.44000244140625,219.47000122070312,12.406842
h0_nocontrol_lcd1000_x18_20260906,3451,68,1,unknown_or_exit,14,0,514.64,1965.36,,,112.78358
h0_nocontrol_lcd1000_x18_20260906,3451,68,2,unknown_or_exit,13,0,112.82,1733.98,,,87.60768
h0_nocontrol_lcd1000_x18_20260906,3451,68,3,unknown_or_exit,10,0,495.72,1816.14,,,75.076004
h0_nocontrol_lcd1000_x18_20260906,3451,68,4,unknown_or_exit,11,0,642.6,1961.96,,,83.69545
h0_nocontrol_lcd1000_x18_20260906,3601,68,1,ramp_R_F_W,17,4,91.69,325.94,91.69000244140625,111.26000213623047,15.361177
h0_nocontrol_lcd1000_x18_20260906,3601,68,1,unknown_or_exit,9,1,247.71,1893.04,247.7100067138672,247.7100067138672,93.30111
h0_nocontrol_lcd1000_x18_20260906,3601,68,2,unknown_or_exit,6,0,622.77,1854.22,,,101.72333
h0_nocontrol_lcd1000_x18_20260906,3601,68,3,unknown_or_exit,7,0,263.45,2014.44,,,90.112854
h0_nocontrol_lcd1000_x18_20260906,3601,68,4,unknown_or_exit,5,0,481.03,1877.19,,,102.69
h0_nocontrol_lcd1000_x18_20260906,3751,68,1,ramp_R_F_E,1,0,139.51,139.51,,,15.29
h0_nocontrol_lcd1000_x18_20260906,3751,68,1,ramp_R_F_W,15,1,94.96,334.87,186.22999572753906,186.22999572753906,18.581333
h0_nocontrol_lcd1000_x18_20260906,3751,68,1,unknown_or_exit,13,1,247.71,1891.81,247.7100067138672,247.7100067138672,75.74769
h0_nocontrol_lcd1000_x18_20260906,3751,68,2,unknown_or_exit,14,0,336.31,1574.21,,,86.527855
h0_nocontrol_lcd1000_x18_20260906,3751,68,3,unknown_or_exit,13,0,264.89,1756.76,,,83.24539
h0_nocontrol_lcd1000_x18_20260906,3751,68,4,unknown_or_exit,4,0,637.73,1575.99,,,78.205
h0_nocontrol_lcd1000_x18_20260906,3901,68,1,ramp_R_F_E,1,0,183.3,183.3,,,13.22
h0_nocontrol_lcd1000_x18_20260906,3901,68,1,ramp_R_F_W,14,4,98.98,344.16,123.83999633789062,144.8699951171875,19.63857
h0_nocontrol_lcd1000_x18_20260906,3901,68,1,unknown_or_exit,13,0,238.02,1973.5,,,103.60384
h0_nocontrol_lcd1000_x18_20260906,3901,68,2,unknown_or_exit,11,0,249.84,1757.01,,,100.22454
h0_nocontrol_lcd1000_x18_20260906,3901,68,3,unknown_or_exit,6,0,454.59,1295.76,,,79.25167
h0_nocontrol_lcd1000_x18_20260906,3901,68,4,unknown_or_exit,8,0,404.64,1941.74,,,45.1
h0_nocontrol_lcd1000_x18_20260906,4051,68,1,ramp_R_F_W,15,3,103.98,303.4,116.63999938964844,228.92999267578125,12.387999
h0_nocontrol_lcd1000_x18_20260906,4051,68,1,unknown_or_exit,14,0,238.09,2012.76,,,96.5993
h0_nocontrol_lcd1000_x18_20260906,4051,68,2,unknown_or_exit,11,0,306.46,1977.12,,,94.604546
h0_nocontrol_lcd1000_x18_20260906,4051,68,3,unknown_or_exit,4,0,563.22,2024.26,,,86.30499
h0_nocontrol_lcd1000_x18_20260906,4051,68,4,unknown_or_exit,7,0,437.13,1516.09,,,66.62
h0_nocontrol_lcd1000_x18_20260906,4201,68,1,ramp_R_F_W,18,8,92.48,339.5,117.22000122070312,237.42999267578125,10.98
h0_nocontrol_lcd1000_x18_20260906,4201,68,1,unknown_or_exit,10,0,243.77,1902.46,,,102.660995
h0_nocontrol_lcd1000_x18_20260906,4201,68,2,unknown_or_exit,11,0,308.8,1904.23,,,86.19909
h0_nocontrol_lcd1000_x18_20260906,4201,68,3,unknown_or_exit,11,0,363.67,1972.17,,,85.321815
h0_nocontrol_lcd1000_x18_20260906,4201,68,4,unknown_or_exit,11,0,649.17,1982.51,,,102.15909
h0_nocontrol_lcd1000_x18_20260906,4351,68,1,ramp_R_F_W,16,3,100.47,282.17,169.2100067138672,213.80999755859375,12.0356245
h0_nocontrol_lcd1000_x18_20260906,4351,68,1,unknown_or_exit,14,0,598.65,1970.06,,,109.33714
h0_nocontrol_lcd1000_x18_20260906,4351,68,2,ramp_R_F_E,1,0,1835.01,1835.01,,,111.54
h0_nocontrol_lcd1000_x18_20260906,4351,68,2,unknown_or_exit,10,0,259.85,1961.54,,,100.032
h0_nocontrol_lcd1000_x18_20260906,4351,68,3,unknown_or_exit,9,0,319.61,1952.59,,,75.39223
h0_nocontrol_lcd1000_x18_20260906,4351,68,4,unknown_or_exit,6,0,427.96,1852.42,,,73.81333
h0_nocontrol_lcd1000_x18_20260906,4501,68,1,ramp_R_F_W,19,6,85.92,318.39,96.47000122070312,150.92999267578125,12.508421
h0_nocontrol_lcd1000_x18_20260906,4501,68,1,unknown_or_exit,12,0,594.99,1840.25,,,111.75834
h0_nocontrol_lcd1000_x18_20260906,4501,68,2,unknown_or_exit,9,0,244.13,1902.59,,,101.46222
h0_nocontrol_lcd1000_x18_20260906,4501,68,3,unknown_or_exit,6,0,549.18,1937.63,,,66.185
h0_nocontrol_lcd1000_x18_20260906,4501,68,4,unknown_or_exit,5,0,399.41,1960.55,,,60.047997
h0_nocontrol_lcd1000_x18_20260906,4651,68,1,ramp_R_F_E,1,0,128.22,128.22,,,21.59
h0_nocontrol_lcd1000_x18_20260906,4651,68,1,ramp_R_F_W,11,1,143.46,320.68,220.13999938964844,220.13999938964844,17.81182
h0_nocontrol_lcd1000_x18_20260906,4651,68,1,unknown_or_exit,15,0,452.47,1822.74,,,107.908
h0_nocontrol_lcd1000_x18_20260906,4651,68,2,unknown_or_exit,13,0,244.52,1967.99,,,94.770004
h0_nocontrol_lcd1000_x18_20260906,4651,68,3,unknown_or_exit,11,0,339.4,1838.94,,,62.781815
h0_nocontrol_lcd1000_x18_20260906,4651,68,4,unknown_or_exit,5,0,404.63,1959.36,,,69.714005
h0_nocontrol_lcd1000_x18_20260906,4801,68,1,ramp_R_F_W,1,0,283.17,283.17,,,43.92
h0_nocontrol_lcd1000_x18_20260906,4801,68,1,unknown_or_exit,15,0,358.47,1986.21,,,98.301994
h0_nocontrol_lcd1000_x18_20260906,4801,68,2,ramp_R_F_W,1,0,958.85,958.85,,,76.0
h0_nocontrol_lcd1000_x18_20260906,4801,68,2,unknown_or_exit,9,0,255.39,1968.88,,,84.27
h0_nocontrol_lcd1000_x18_20260906,4801,68,3,unknown_or_exit,9,0,314.55,1897.12,,,58.577774
h0_nocontrol_lcd1000_x18_20260906,4801,68,4,unknown_or_exit,6,0,667.13,1931.53,,,72.20333
h0_nocontrol_lcd1000_x18_20260906,4951,68,1,ramp_R_F_W,13,4,131.76,310.13,131.75999450683594,216.6699981689453,17.555386
h0_nocontrol_lcd1000_x18_20260906,4951,68,1,unknown_or_exit,15,1,239.65,1757.77,239.64999389648438,239.64999389648438,99.36933
h0_nocontrol_lcd1000_x18_20260906,4951,68,2,unknown_or_exit,11,0,261.12,1793.87,,,103.429085
h0_nocontrol_lcd1000_x18_20260906,4951,68,3,unknown_or_exit,8,0,524.47,1928.13,,,87.98125
h0_nocontrol_lcd1000_x18_20260906,4951,68,4,unknown_or_exit,5,0,331.99,1546.87,,,69.85
h0_nocontrol_lcd1000_x18_20260906,5101,68,1,ramp_R_F_W,18,1,66.29,351.87,208.24000549316406,208.24000549316406,19.232222
h0_nocontrol_lcd1000_x18_20260906,5101,68,1,unknown_or_exit,11,0,238.35,1868.37,,,108.26819
h0_nocontrol_lcd1000_x18_20260906,5101,68,2,unknown_or_exit,6,0,273.84,1880.07,,,104.130005
h0_nocontrol_lcd1000_x18_20260906,5101,68,3,ramp_R_F_W,1,0,1272.69,1272.69,,,70.16
h0_nocontrol_lcd1000_x18_20260906,5101,68,3,unknown_or_exit,5,0,904.59,2005.62,,,101.84599
h0_nocontrol_lcd1000_x18_20260906,5101,68,4,unknown_or_exit,4,0,502.45,940.98,,,73.3125
h0_nocontrol_lcd1000_x18_20260906,5251,68,1,ramp_R_F_W,18,4,76.75,1934.71,113.8499984741211,222.07000732421875,17.199999
h0_nocontrol_lcd1000_x18_20260906,5251,68,1,unknown_or_exit,13,0,314.89,2012.42,,,103.59386
h0_nocontrol_lcd1000_x18_20260906,5251,68,2,unknown_or_exit,13,0,320.66,1971.05,,,93.19616
h0_nocontrol_lcd1000_x18_20260906,5251,68,3,unknown_or_exit,10,0,470.78,1947.22,,,81.994
h0_nocontrol_lcd1000_x18_20260906,5251,68,4,unknown_or_exit,6,0,541.93,1531.65,,,72.08
h0_nocontrol_lcd1000_x18_20260906,901,69,1,ramp_R_F_W,16,0,72.88,1598.08,,,37.92875
h0_nocontrol_lcd1000_x18_20260906,901,69,1,signal_or_other,3,0,1149.58,1573.91,,,39.300003
h0_nocontrol_lcd1000_x18_20260906,901,69,2,ramp_R_F_W,4,0,166.42,462.9,,,43.9525
h0_nocontrol_lcd1000_x18_20260906,901,69,2,signal_or_other,1,0,792.27,792.27,,,47.32
h0_nocontrol_lcd1000_x18_20260906,901,69,3,ramp_R_F_W,4,0,33.85,614.25,,,43.42
h0_nocontrol_lcd1000_x18_20260906,901,69,3,signal_or_other,1,0,296.63,296.63,,,44.26
h0_nocontrol_lcd1000_x18_20260906,901,69,4,ramp_R_F_W,2,0,60.24,302.88,,,43.28
h0_nocontrol_lcd1000_x18_20260906,901,69,4,signal_or_other,1,0,174.33,174.33,,,36.26
h0_nocontrol_lcd1000_x18_20260906,1051,69,1,ramp_R_F_W,32,0,211.93,1635.34,,,34.297188
h0_nocontrol_lcd1000_x18_20260906,1051,69,1,signal_or_other,8,0,97.7,1560.44,,,36.791252
h0_nocontrol_lcd1000_x18_20260906,1051,69,2,ramp_R_F_W,4,0,132.74,776.56,,,41.345
h0_nocontrol_lcd1000_x18_20260906,1051,69,2,signal_or_other,4,0,233.6,1056.39,,,43.0625
h0_nocontrol_lcd1000_x18_20260906,1051,69,3,ramp_R_F_W,6,0,81.15,807.46,,,43.016666
h0_nocontrol_lcd1000_x18_20260906,1051,69,3,signal_or_other,1,0,751.75,751.75,,,43.41
h0_nocontrol_lcd1000_x18_20260906,1051,69,4,ramp_R_F_W,5,0,286.96,706.51,,,38.528
h0_nocontrol_lcd1000_x18_20260906,1051,69,4,signal_or_other,1,0,200.47,200.47,,,46.37
h0_nocontrol_lcd1000_x18_20260906,1201,69,1,ramp_R_F_W,29,0,103.47,1647.41,,,37.07
h0_nocontrol_lcd1000_x18_20260906,1201,69,1,signal_or_other,8,0,215.58,1744.17,,,40.837498
h0_nocontrol_lcd1000_x18_20260906,1201,69,2,ramp_R_F_W,5,0,27.68,816.3,,,42.488
h0_nocontrol_lcd1000_x18_20260906,1201,69,2,signal_or_other,4,0,218.19,1161.27,,,41.1825
h0_nocontrol_lcd1000_x18_20260906,1201,69,3,ramp_R_F_W,7,0,27.52,767.31,,,39.237144
h0_nocontrol_lcd1000_x18_20260906,1201,69,3,signal_or_other,2,0,136.53,1228.71,,,42.725
h0_nocontrol_lcd1000_x18_20260906,1201,69,4,ramp_R_F_W,4,0,52.86,425.19,,,42.4
h0_nocontrol_lcd1000_x18_20260906,1201,69,4,signal_or_other,3,0,262.12,1388.91,,,39.670002
h0_nocontrol_lcd1000_x18_20260906,1351,69,1,ramp_R_F_W,43,0,111.54,1725.18,,,29.535114
h0_nocontrol_lcd1000_x18_20260906,1351,69,1,signal_or_other,9,0,312.95,1739.55,,,30.794443
h0_nocontrol_lcd1000_x18_20260906,1351,69,2,ramp_R_F_W,11,0,103.71,1497.75,,,42.066364
h0_nocontrol_lcd1000_x18_20260906,1351,69,2,signal_or_other,5,0,165.82,1598.22,,,40.073997
h0_nocontrol_lcd1000_x18_20260906,1351,69,3,ramp_R_F_W,6,0,133.29,888.86,,,40.498337
h0_nocontrol_lcd1000_x18_20260906,1351,69,3,signal_or_other,5,0,805.43,1633.08,,,41.416
h0_nocontrol_lcd1000_x18_20260906,1351,69,4,ramp_R_F_W,5,0,32.87,798.36,,,42.415997
h0_nocontrol_lcd1000_x18_20260906,1351,69,4,signal_or_other,3,0,257.29,456.06,,,42.62
h0_nocontrol_lcd1000_x18_20260906,1501,69,1,ramp_R_F_W,31,0,225.21,1739.55,,,34.15355
h0_nocontrol_lcd1000_x18_20260906,1501,69,1,signal_or_other,7,0,30.94,1665.34,,,39.447144
h0_nocontrol_lcd1000_x18_20260906,1501,69,2,ramp_R_F_W,7,0,11.0,790.96,,,43.15429
h0_nocontrol_lcd1000_x18_20260906,1501,69,2,signal_or_other,2,0,348.83,1453.54,,,41.425
h0_nocontrol_lcd1000_x18_20260906,1501,69,3,ramp_R_F_W,7,0,121.83,756.65,,,42.594288
h0_nocontrol_lcd1000_x18_20260906,1501,69,3,signal_or_other,2,0,21.23,488.97,,,40.739998
h0_nocontrol_lcd1000_x18_20260906,1501,69,4,ramp_R_F_W,6,0,45.49,690.16,,,39.84833
h0_nocontrol_lcd1000_x18_20260906,1501,69,4,signal_or_other,3,0,2.25,534.32,,,38.186665
h0_nocontrol_lcd1000_x18_20260906,1651,69,1,ramp_R_F_W,30,0,33.4,1736.59,,,36.045666
h0_nocontrol_lcd1000_x18_20260906,1651,69,1,signal_or_other,6,0,333.26,1693.77,,,39.268333
h0_nocontrol_lcd1000_x18_20260906,1651,69,2,ramp_R_F_W,1,0,530.05,530.05,,,40.06
h0_nocontrol_lcd1000_x18_20260906,1651,69,2,signal_or_other,5,0,263.04,968.88,,,40.418
h0_nocontrol_lcd1000_x18_20260906,1651,69,3,ramp_R_F_W,4,0,109.81,521.54,,,41.68
h0_nocontrol_lcd1000_x18_20260906,1651,69,3,signal_or_other,3,0,624.13,1610.06,,,42.789997
h0_nocontrol_lcd1000_x18_20260906,1651,69,4,ramp_R_F_W,4,0,260.39,716.52,,,40.0725
h0_nocontrol_lcd1000_x18_20260906,1651,69,4,signal_or_other,2,0,637.57,1556.97,,,38.17
h0_nocontrol_lcd1000_x18_20260906,1801,69,1,ramp_R_F_W,25,0,163.84,1739.25,,,35.422
h0_nocontrol_lcd1000_x18_20260906,1801,69,1,signal_or_other,12,0,4.99,1663.34,,,34.735836
h0_nocontrol_lcd1000_x18_20260906,1801,69,2,ramp_R_F_W,7,0,109.21,1314.63,,,39.728573
h0_nocontrol_lcd1000_x18_20260906,1801,69,2,signal_or_other,4,0,370.17,1254.36,,,42.420002
h0_nocontrol_lcd1000_x18_20260906,1801,69,3,ramp_R_F_W,3,0,55.55,386.68,,,41.59
h0_nocontrol_lcd1000_x18_20260906,1801,69,3,signal_or_other,4,0,290.25,1651.18,,,43.8475
h0_nocontrol_lcd1000_x18_20260906,1801,69,4,ramp_R_F_W,4,0,132.31,495.89,,,42.22
h0_nocontrol_lcd1000_x18_20260906,1801,69,4,signal_or_other,2,0,1.12,574.04,,,43.46
h0_nocontrol_lcd1000_x18_20260906,1951,69,1,ramp_R_F_W,32,0,129.1,1722.06,,,40.399998
h0_nocontrol_lcd1000_x18_20260906,1951,69,1,signal_or_other,10,0,36.66,1561.39,,,39.157
h0_nocontrol_lcd1000_x18_20260906,1951,69,2,ramp_R_F_W,5,0,150.97,1295.68,,,44.145996
h0_nocontrol_lcd1000_x18_20260906,1951,69,2,signal_or_other,6,0,39.62,1269.86,,,42.513332
h0_nocontrol_lcd1000_x18_20260906,1951,69,3,ramp_R_F_W,3,0,181.88,423.73,,,42.013332
h0_nocontrol_lcd1000_x18_20260906,1951,69,3,signal_or_other,8,0,75.36,1210.5,,,42.92375
h0_nocontrol_lcd1000_x18_20260906,1951,69,4,ramp_R_F_W,3,0,124.91,595.15,,,35.923332
h0_nocontrol_lcd1000_x18_20260906,1951,69,4,signal_or_other,4,0,238.32,909.81,,,35.697502
h0_nocontrol_lcd1000_x18_20260906,2101,69,1,ramp_R_F_W,39,0,172.91,1702.14,,,35.16051
h0_nocontrol_lcd1000_x18_20260906,2101,69,1,signal_or_other,7,0,401.18,1788.92,,,36.760002
h0_nocontrol_lcd1000_x18_20260906,2101,69,2,ramp_R_F_W,5,0,46.06,953.48,,,39.484
h0_nocontrol_lcd1000_x18_20260906,2101,69,2,signal_or_other,4,0,456.54,927.26,,,42.805
h0_nocontrol_lcd1000_x18_20260906,2101,69,3,ramp_R_F_W,5,0,143.34,711.58,,,40.407997
h0_nocontrol_lcd1000_x18_20260906,2101,69,3,signal_or_other,2,0,457.88,968.45,,,41.68
h0_nocontrol_lcd1000_x18_20260906,2101,69,4,ramp_R_F_W,3,0,136.67,686.9,,,36.26
h0_nocontrol_lcd1000_x18_20260906,2101,69,4,signal_or_other,3,0,294.34,1271.07,,,38.286667
h0_nocontrol_lcd1000_x18_20260906,2251,69,1,ramp_R_F_W,27,0,331.64,1720.72,,,38.427402
h0_nocontrol_lcd1000_x18_20260906,2251,69,1,signal_or_other,9,0,45.65,1609.8,,,41.06222
h0_nocontrol_lcd1000_x18_20260906,2251,69,2,ramp_R_F_W,8,0,115.61,995.72,,,39.0875
h0_nocontrol_lcd1000_x18_20260906,2251,69,2,signal_or_other,2,0,766.99,1059.96,,,40.77
h0_nocontrol_lcd1000_x18_20260906,2251,69,3,ramp_R_F_W,9,0,88.04,783.43,,,41.56555
h0_nocontrol_lcd1000_x18_20260906,2251,69,3,signal_or_other,3,0,166.85,1098.08,,,40.73
h0_nocontrol_lcd1000_x18_20260906,2251,69,4,ramp_R_F_W,1,0,126.69,126.69,,,29.08
h0_nocontrol_lcd1000_x18_20260906,2251,69,4,signal_or_other,3,0,45.23,458.87,,,35.523335
h0_nocontrol_lcd1000_x18_20260906,2401,69,1,ramp_R_F_W,26,0,76.14,1540.01,,,37.068844
h0_nocontrol_lcd1000_x18_20260906,2401,69,1,signal_or_other,10,0,177.37,1722.53,,,34.305
h0_nocontrol_lcd1000_x18_20260906,2401,69,2,ramp_R_F_W,5,0,266.73,818.03,,,38.28
h0_nocontrol_lcd1000_x18_20260906,2401,69,2,signal_or_other,5,0,65.95,1404.42,,,41.333996
h0_nocontrol_lcd1000_x18_20260906,2401,69,3,ramp_R_F_W,5,0,103.7,630.04,,,42.764
h0_nocontrol_lcd1000_x18_20260906,2401,69,3,signal_or_other,6,0,38.75,1509.45,,,39.673336
h0_nocontrol_lcd1000_x18_20260906,2401,69,4,ramp_R_F_W,5,0,62.36,756.07,,,39.733997
h0_nocontrol_lcd1000_x18_20260906,2401,69,4,signal_or_other,3,0,144.8,735.17,,,40.406666
h0_nocontrol_lcd1000_x18_20260906,2551,69,1,ramp_R_F_W,40,0,27.88,1737.28,,,35.622997
h0_nocontrol_lcd1000_x18_20260906,2551,69,1,signal_or_other,8,0,342.33,1683.34,,,40.00375
h0_nocontrol_lcd1000_x18_20260906,2551,69,2,ramp_R_F_W,9,0,122.7,1441.02,,,38.59778
h0_nocontrol_lcd1000_x18_20260906,2551,69,2,signal_or_other,4,0,186.25,1014.01,,,38.5825
h0_nocontrol_lcd1000_x18_20260906,2551,69,3,ramp_R_F_W,4,0,140.38,471.35,,,42.497498
h0_nocontrol_lcd1000_x18_20260906,2551,69,3,signal_or_other,6,0,344.49,1236.94,,,39.735
h0_nocontrol_lcd1000_x18_20260906,2551,69,4,ramp_R_F_W,5,0,169.69,519.35,,,37.924
h0_nocontrol_lcd1000_x18_20260906,2551,69,4,signal_or_other,1,0,357.66,357.66,,,40.9
h0_nocontrol_lcd1000_x18_20260906,2701,69,1,ramp_R_F_W,36,0,88.7,1734.71,,,37.50222
h0_nocontrol_lcd1000_x18_20260906,2701,69,1,signal_or_other,5,0,346.8,1580.7,,,34.582
h0_nocontrol_lcd1000_x18_20260906,2701,69,2,ramp_R_F_W,7,0,137.72,922.58,,,41.647144
h0_nocontrol_lcd1000_x18_20260906,2701,69,2,signal_or_other,3,0,8.45,725.87,,,38.3
h0_nocontrol_lcd1000_x18_20260906,2701,69,3,ramp_R_F_W,6,0,67.57,661.01,,,42.508335
h0_nocontrol_lcd1000_x18_20260906,2701,69,3,signal_or_other,6,0,167.8,1715.26,,,42.875
h0_nocontrol_lcd1000_x18_20260906,2701,69,4,ramp_R_F_W,3,0,110.2,736.72,,,38.213333
h0_nocontrol_lcd1000_x18_20260906,2701,69,4,signal_or_other,2,0,290.41,328.43,,,34.18
h0_nocontrol_lcd1000_x18_20260906,2851,69,1,ramp_R_F_W,35,0,63.95,1731.69,,,39.270855
h0_nocontrol_lcd1000_x18_20260906,2851,69,1,signal_or_other,1,0,1601.05,1601.05,,,41.93
h0_nocontrol_lcd1000_x18_20260906,2851,69,2,ramp_R_F_W,8,0,109.94,1077.92,,,39.85125
h0_nocontrol_lcd1000_x18_20260906,2851,69,2,signal_or_other,5,0,1026.47,1672.9,,,35.838
h0_nocontrol_lcd1000_x18_20260906,2851,69,3,ramp_R_F_W,6,0,259.91,754.45,,,40.013332
h0_nocontrol_lcd1000_x18_20260906,2851,69,3,signal_or_other,4,0,141.81,1708.73,,,40.665
h0_nocontrol_lcd1000_x18_20260906,2851,69,4,ramp_R_F_W,5,0,158.05,762.94,,,37.982
h0_nocontrol_lcd1000_x18_20260906,2851,69,4,signal_or_other,3,0,16.26,1587.69,,,36.056667
h0_nocontrol_lcd1000_x18_20260906,3001,69,1,ramp_R_F_W,25,0,46.29,1664.34,,,36.6944
h0_nocontrol_lcd1000_x18_20260906,3001,69,1,signal_or_other,6,0,139.25,1732.66,,,38.075
h0_nocontrol_lcd1000_x18_20260906,3001,69,2,ramp_R_F_W,7,0,61.07,789.33,,,40.205715
h0_nocontrol_lcd1000_x18_20260906,3001,69,2,signal_or_other,3,0,23.95,1164.75,,,40.643337
h0_nocontrol_lcd1000_x18_20260906,3001,69,3,ramp_R_F_W,7,0,1.27,698.78,,,42.71571
h0_nocontrol_lcd1000_x18_20260906,3001,69,3,signal_or_other,2,0,169.36,856.28,,,40.265
h0_nocontrol_lcd1000_x18_20260906,3001,69,4,ramp_R_F_W,6,0,135.85,736.46,,,38.97167
h0_nocontrol_lcd1000_x18_20260906,3001,69,4,signal_or_other,3,0,32.28,1399.35,,,39.11667
h0_nocontrol_lcd1000_x18_20260906,3151,69,1,ramp_R_F_W,32,0,101.71,1586.94,,,32.36656
h0_nocontrol_lcd1000_x18_20260906,3151,69,1,signal_or_other,5,0,1123.24,1669.9,,,32.016
h0_nocontrol_lcd1000_x18_20260906,3151,69,2,ramp_R_F_W,5,0,17.42,881.05,,,43.348
h0_nocontrol_lcd1000_x18_20260906,3151,69,2,signal_or_other,5,0,565.69,1312.26,,,35.468
h0_nocontrol_lcd1000_x18_20260906,3151,69,3,ramp_R_F_W,3,0,0.92,739.79,,,39.563335
h0_nocontrol_lcd1000_x18_20260906,3151,69,3,signal_or_other,1,0,546.84,546.84,,,41.27
h0_nocontrol_lcd1000_x18_20260906,3151,69,4,ramp_R_F_W,3,0,63.77,737.06,,,40.88
h0_nocontrol_lcd1000_x18_20260906,3151,69,4,signal_or_other,3,0,304.01,1089.41,,,37.41
h0_nocontrol_lcd1000_x18_20260906,3301,69,1,ramp_R_F_W,24,0,240.82,1725.86,,,29.317917
h0_nocontrol_lcd1000_x18_20260906,3301,69,1,signal_or_other,10,0,88.89,1563.87,,,33.601
h0_nocontrol_lcd1000_x18_20260906,3301,69,2,ramp_R_F_W,5,0,326.77,789.09,,,39.904
h0_nocontrol_lcd1000_x18_20260906,3301,69,2,signal_or_other,3,0,140.3,1507.65,,,41.190002
h0_nocontrol_lcd1000_x18_20260906,3301,69,3,ramp_R_F_W,3,0,311.64,559.68,,,43.55
h0_nocontrol_lcd1000_x18_20260906,3301,69,3,signal_or_other,2,0,118.26,982.46,,,42.615
h0_nocontrol_lcd1000_x18_20260906,3301,69,4,ramp_R_F_W,4,0,26.73,674.44,,,44.0375
h0_nocontrol_lcd1000_x18_20260906,3301,69,4,signal_or_other,1,0,424.89,424.89,,,45.98
h0_nocontrol_lcd1000_x18_20260906,3451,69,1,ramp_R_F_W,23,0,41.52,1691.85,,,40.029125
h0_nocontrol_lcd1000_x18_20260906,3451,69,1,signal_or_other,4,0,194.3,1729.07,,,42.36
h0_nocontrol_lcd1000_x18_20260906,3451,69,2,ramp_R_F_W,6,0,135.41,691.31,,,42.101665
h0_nocontrol_lcd1000_x18_20260906,3451,69,2,signal_or_other,2,0,904.58,1186.71,,,43.77
h0_nocontrol_lcd1000_x18_20260906,3451,69,3,ramp_R_F_W,8,0,152.75,784.86,,,39.97625
h0_nocontrol_lcd1000_x18_20260906,3451,69,3,signal_or_other,3,0,1177.47,1710.84,,,42.193333
h0_nocontrol_lcd1000_x18_20260906,3451,69,4,ramp_R_F_W,6,0,233.02,709.71,,,41.763332
h0_nocontrol_lcd1000_x18_20260906,3451,69,4,signal_or_other,1,0,131.73,131.73,,,41.31
h0_nocontrol_lcd1000_x18_20260906,3601,69,1,ramp_R_F_W,26,0,164.6,1586.54,,,37.040382
h0_nocontrol_lcd1000_x18_20260906,3601,69,1,signal_or_other,6,0,87.06,1726.59,,,39.80833
h0_nocontrol_lcd1000_x18_20260906,3601,69,2,ramp_R_F_W,4,0,80.51,559.79,,,42.219997
h0_nocontrol_lcd1000_x18_20260906,3601,69,2,signal_or_other,2,0,171.01,1079.49,,,38.21
h0_nocontrol_lcd1000_x18_20260906,3601,69,3,ramp_R_F_W,4,0,124.05,548.42,,,43.655
h0_nocontrol_lcd1000_x18_20260906,3601,69,3,signal_or_other,2,0,876.19,1769.18,,,41.68
h0_nocontrol_lcd1000_x18_20260906,3601,69,4,ramp_R_F_W,2,0,120.3,720.35,,,38.324997
h0_nocontrol_lcd1000_x18_20260906,3601,69,4,signal_or_other,2,0,241.75,386.1,,,42.7
h0_nocontrol_lcd1000_x18_20260906,3751,69,1,ramp_R_F_W,18,0,140.92,1447.42,,,37.129444
h0_nocontrol_lcd1000_x18_20260906,3751,69,1,signal_or_other,5,0,1129.15,1618.18,,,39.402
h0_nocontrol_lcd1000_x18_20260906,3751,69,2,ramp_R_F_W,4,0,57.09,693.52,,,40.4375
h0_nocontrol_lcd1000_x18_20260906,3751,69,3,ramp_R_F_W,2,0,154.4,382.69,,,34.705
h0_nocontrol_lcd1000_x18_20260906,3751,69,4,ramp_R_F_W,1,0,378.31,378.31,,,41.4
h0_nocontrol_lcd1000_x18_20260906,3751,69,4,signal_or_other,2,0,207.25,676.11,,,37.77
h0_nocontrol_lcd1000_x18_20260906,3901,69,1,ramp_R_F_W,30,0,203.07,1653.49,,,35.351334
h0_nocontrol_lcd1000_x18_20260906,3901,69,1,signal_or_other,4,0,69.24,1418.81,,,40.055
h0_nocontrol_lcd1000_x18_20260906,3901,69,2,ramp_R_F_W,4,0,133.94,776.73,,,40.025
h0_nocontrol_lcd1000_x18_20260906,3901,69,2,signal_or_other,3,0,204.89,992.22,,,44.210003
h0_nocontrol_lcd1000_x18_20260906,3901,69,3,ramp_R_F_W,2,0,132.78,484.49,,,33.77
h0_nocontrol_lcd1000_x18_20260906,3901,69,3,signal_or_other,3,0,219.97,1656.54,,,43.123333
h0_nocontrol_lcd1000_x18_20260906,3901,69,4,ramp_R_F_W,5,0,27.63,758.02,,,41.991997
h0_nocontrol_lcd1000_x18_20260906,3901,69,4,signal_or_other,2,0,83.77,1735.68,,,43.21
h0_nocontrol_lcd1000_x18_20260906,4051,69,1,ramp_R_F_W,10,0,36.57,1414.72,,,39.321
h0_nocontrol_lcd1000_x18_20260906,4051,69,1,signal_or_other,3,0,181.29,1551.28,,,43.03
h0_nocontrol_lcd1000_x18_20260906,4051,69,2,ramp_R_F_W,3,0,131.4,578.64,,,44.73
h0_nocontrol_lcd1000_x18_20260906,4051,69,3,ramp_R_F_W,2,0,151.64,499.54,,,41.440002
h0_nocontrol_lcd1000_x18_20260906,4051,69,3,signal_or_other,1,0,761.51,761.51,,,42.66
h0_nocontrol_lcd1000_x18_20260906,4051,69,4,ramp_R_F_W,2,0,56.49,299.29,,,43.545
h0_nocontrol_lcd1000_x18_20260906,4051,69,4,signal_or_other,1,0,577.42,577.42,,,44.12
h0_nocontrol_lcd1000_x18_20260906,4201,69,1,ramp_R_F_W,17,0,3.37,1728.56,,,39.378822
h0_nocontrol_lcd1000_x18_20260906,4201,69,1,signal_or_other,2,0,1089.63,1235.69,,,37.29
h0_nocontrol_lcd1000_x18_20260906,4201,69,2,ramp_R_F_W,3,0,459.93,744.6,,,38.97333
h0_nocontrol_lcd1000_x18_20260906,4201,69,2,signal_or_other,3,0,70.78,1060.52,,,43.423336
h0_nocontrol_lcd1000_x18_20260906,4201,69,3,ramp_R_F_W,3,0,147.97,626.12,,,44.056667
h0_nocontrol_lcd1000_x18_20260906,4201,69,3,signal_or_other,1,0,1183.13,1183.13,,,45.36
h0_nocontrol_lcd1000_x18_20260906,4201,69,4,ramp_R_F_W,1,0,68.42,68.42,,,42.57
h0_nocontrol_lcd1000_x18_20260906,4201,69,4,signal_or_other,4,0,317.39,1561.32,,,41.394997
h0_nocontrol_lcd1000_x18_20260906,4351,69,1,ramp_R_F_W,20,0,103.94,1722.29,,,40.763496
h0_nocontrol_lcd1000_x18_20260906,4351,69,1,signal_or_other,3,0,617.97,1570.56,,,38.843334
h0_nocontrol_lcd1000_x18_20260906,4351,69,2,ramp_R_F_W,5,0,21.81,601.09,,,41.754
h0_nocontrol_lcd1000_x18_20260906,4351,69,2,signal_or_other,1,0,983.38,983.38,,,45.31
h0_nocontrol_lcd1000_x18_20260906,4351,69,3,ramp_R_F_W,5,0,112.0,623.69,,,42.478004
h0_nocontrol_lcd1000_x18_20260906,4351,69,3,signal_or_other,2,0,726.34,1142.99,,,35.795
h0_nocontrol_lcd1000_x18_20260906,4351,69,4,ramp_R_F_W,1,0,427.31,427.31,,,40.65
h0_nocontrol_lcd1000_x18_20260906,4351,69,4,signal_or_other,5,0,138.35,1210.55,,,35.466
h0_nocontrol_lcd1000_x18_20260906,4501,69,1,ramp_R_F_W,17,0,628.91,1721.01,,,41.31
h0_nocontrol_lcd1000_x18_20260906,4501,69,1,signal_or_other,6,0,121.29,1495.07,,,42.503334
h0_nocontrol_lcd1000_x18_20260906,4501,69,2,ramp_R_F_W,4,0,116.5,836.55,,,38.78
h0_nocontrol_lcd1000_x18_20260906,4501,69,2,signal_or_other,3,0,373.71,1424.91,,,36.52
h0_nocontrol_lcd1000_x18_20260906,4501,69,3,ramp_R_F_W,3,0,224.85,789.72,,,42.180004
h0_nocontrol_lcd1000_x18_20260906,4501,69,3,signal_or_other,2,0,77.21,659.83,,,37.575
h0_nocontrol_lcd1000_x18_20260906,4501,69,4,ramp_R_F_W,3,0,30.16,657.53,,,44.716663
h0_nocontrol_lcd1000_x18_20260906,4501,69,4,signal_or_other,3,0,271.24,1503.58,,,39.250004
h0_nocontrol_lcd1000_x18_20260906,4651,69,1,ramp_R_F_W,11,0,925.21,1699.6,,,39.91091
h0_nocontrol_lcd1000_x18_20260906,4651,69,1,signal_or_other,6,0,122.44,1324.89,,,39.183334
h0_nocontrol_lcd1000_x18_20260906,4651,69,2,ramp_R_F_W,2,0,34.69,495.31,,,39.239998
h0_nocontrol_lcd1000_x18_20260906,4651,69,2,signal_or_other,2,0,1005.71,1159.58,,,36.295
h0_nocontrol_lcd1000_x18_20260906,4651,69,3,ramp_R_F_W,2,0,455.54,771.4,,,39.67
h0_nocontrol_lcd1000_x18_20260906,4651,69,3,signal_or_other,2,0,889.58,1409.45,,,37.864998
h0_nocontrol_lcd1000_x18_20260906,4651,69,4,signal_or_other,1,0,1562.73,1562.73,,,45.69
h0_nocontrol_lcd1000_x18_20260906,4801,69,1,ramp_R_F_W,14,0,224.08,1704.45,,,42.049286
h0_nocontrol_lcd1000_x18_20260906,4801,69,1,signal_or_other,3,0,509.59,1477.27,,,42.796665
h0_nocontrol_lcd1000_x18_20260906,4801,69,2,signal_or_other,4,0,372.19,1093.04,,,43.1075
h0_nocontrol_lcd1000_x18_20260906,4801,69,3,ramp_R_F_W,2,0,356.97,638.34,,,43.145
h0_nocontrol_lcd1000_x18_20260906,4801,69,3,signal_or_other,1,0,1711.16,1711.16,,,43.42
h0_nocontrol_lcd1000_x18_20260906,4801,69,4,ramp_R_F_W,1,0,175.71,175.71,,,41.49
h0_nocontrol_lcd1000_x18_20260906,4801,69,4,signal_or_other,2,0,538.72,1393.36,,,44.73
h0_nocontrol_lcd1000_x18_20260906,4951,69,1,ramp_R_F_W,9,0,340.53,1613.39,,,42.126663
h0_nocontrol_lcd1000_x18_20260906,4951,69,1,signal_or_other,4,0,186.24,1702.09,,,42.5775
h0_nocontrol_lcd1000_x18_20260906,4951,69,2,ramp_R_F_W,2,0,203.51,502.67,,,46.12
h0_nocontrol_lcd1000_x18_20260906,4951,69,2,signal_or_other,1,0,708.75,708.75,,,43.38
h0_nocontrol_lcd1000_x18_20260906,4951,69,3,ramp_R_F_W,1,0,547.41,547.41,,,42.02
h0_nocontrol_lcd1000_x18_20260906,4951,69,3,signal_or_other,3,0,109.53,1601.4,,,41.56667
h0_nocontrol_lcd1000_x18_20260906,4951,69,4,ramp_R_F_W,3,0,19.24,509.56,,,40.176666
h0_nocontrol_lcd1000_x18_20260906,5101,69,1,ramp_R_F_W,14,0,814.98,1618.17,,,38.09786
h0_nocontrol_lcd1000_x18_20260906,5101,69,1,signal_or_other,4,0,232.64,1417.22,,,37.9225
h0_nocontrol_lcd1000_x18_20260906,5101,69,2,ramp_R_F_W,2,0,150.92,809.83,,,37.795
h0_nocontrol_lcd1000_x18_20260906,5101,69,2,signal_or_other,1,0,444.53,444.53,,,42.81
h0_nocontrol_lcd1000_x18_20260906,5101,69,3,signal_or_other,3,0,77.88,1169.37,,,42.933334
h0_nocontrol_lcd1000_x18_20260906,5251,69,1,ramp_R_F_W,13,0,170.78,1657.42,,,40.41846
h0_nocontrol_lcd1000_x18_20260906,5251,69,1,signal_or_other,4,0,836.87,1677.83,,,39.335
h0_nocontrol_lcd1000_x18_20260906,5251,69,2,ramp_R_F_W,2,0,162.25,704.36,,,42.68
h0_nocontrol_lcd1000_x18_20260906,5251,69,2,signal_or_other,2,0,363.09,583.72,,,40.05
h0_nocontrol_lcd1000_x18_20260906,5251,69,3,ramp_R_F_W,1,0,464.66,464.66,,,40.12
h0_nocontrol_lcd1000_x18_20260906,5251,69,3,signal_or_other,2,0,187.99,621.4,,,40.095
h0_nocontrol_lcd1000_x18_20260906,5251,69,3,unknown_or_exit,1,0,47.71,47.71,,,31.25
h0_nocontrol_lcd1000_x18_20260906,5251,69,4,ramp_R_F_W,4,0,160.83,678.71,,,41.255
h0_nocontrol_lcd1000_x18_20260906,1051,70,1,ramp_R_F_E,1,0,160.27,160.27,,,41.26
h0_nocontrol_lcd1000_x18_20260906,1051,70,2,signal_or_other,1,0,187.97,187.97,,,32.3
h0_nocontrol_lcd1000_x18_20260906,1201,70,1,ramp_R_F_E,1,0,76.75,76.75,,,41.26
h0_nocontrol_lcd1000_x18_20260906,1201,70,2,signal_or_other,1,0,108.22,108.22,,,46.3
h0_nocontrol_lcd1000_x18_20260906,1351,70,1,ramp_R_F_E,2,0,74.02,125.27,,,39.12
h0_nocontrol_lcd1000_x18_20260906,1351,70,1,signal_or_other,5,0,194.52,318.92,,,50.306
h0_nocontrol_lcd1000_x18_20260906,1351,70,2,signal_or_other,5,0,89.45,296.3,,,49.256
h0_nocontrol_lcd1000_x18_20260906,1501,70,1,ramp_R_F_E,1,0,39.17,39.17,,,41.8
h0_nocontrol_lcd1000_x18_20260906,1651,70,1,ramp_R_F_E,2,0,10.06,107.07,,,41.205
h0_nocontrol_lcd1000_x18_20260906,1651,70,1,signal_or_other,2,0,43.52,220.9,,,77.835
h0_nocontrol_lcd1000_x18_20260906,1651,70,2,signal_or_other,1,0,241.34,241.34,,,112.22
h0_nocontrol_lcd1000_x18_20260906,1801,70,1,signal_or_other,1,0,272.33,272.33,,,42.54
h0_nocontrol_lcd1000_x18_20260906,1801,70,2,signal_or_other,1,0,232.61,232.61,,,42.96
h0_nocontrol_lcd1000_x18_20260906,1951,70,1,ramp_R_F_E,2,0,41.93,161.59,,,40.095
h0_nocontrol_lcd1000_x18_20260906,1951,70,1,signal_or_other,5,0,67.33,317.14,,,60.958
h0_nocontrol_lcd1000_x18_20260906,1951,70,2,signal_or_other,4,0,97.76,330.09,,,55.784996
h0_nocontrol_lcd1000_x18_20260906,2101,70,1,ramp_R_F_E,2,0,38.32,103.27,,,43.93
h0_nocontrol_lcd1000_x18_20260906,2101,70,1,signal_or_other,1,0,48.02,48.02,,,42.62
h0_nocontrol_lcd1000_x18_20260906,2251,70,1,ramp_R_F_E,1,0,142.68,142.68,,,42.56
h0_nocontrol_lcd1000_x18_20260906,2251,70,2,signal_or_other,3,0,52.6,300.54,,,74.67667
h0_nocontrol_lcd1000_x18_20260906,2401,70,1,signal_or_other,3,0,184.0,265.95,,,43.059998
h0_nocontrol_lcd1000_x18_20260906,2401,70,2,signal_or_other,1,0,59.75,59.75,,,44.59
h0_nocontrol_lcd1000_x18_20260906,2551,70,1,ramp_R_F_E,1,0,95.53,95.53,,,28.34
h0_nocontrol_lcd1000_x18_20260906,2551,70,2,signal_or_other,2,0,95.32,307.74,,,48.89
h0_nocontrol_lcd1000_x18_20260906,2701,70,1,ramp_R_F_E,1,0,166.87,166.87,,,43.0
h0_nocontrol_lcd1000_x18_20260906,2701,70,1,signal_or_other,3,0,224.16,305.17,,,48.476665
h0_nocontrol_lcd1000_x18_20260906,2701,70,2,signal_or_other,3,0,98.22,281.03,,,43.02
h0_nocontrol_lcd1000_x18_20260906,2851,70,1,ramp_R_F_E,1,0,33.26,33.26,,,38.84
h0_nocontrol_lcd1000_x18_20260906,2851,70,1,signal_or_other,2,0,124.42,161.55,,,36.465
h0_nocontrol_lcd1000_x18_20260906,2851,70,2,signal_or_other,2,0,126.32,147.0,,,31.58
h0_nocontrol_lcd1000_x18_20260906,3001,70,1,signal_or_other,2,0,316.97,333.01,,,20.810001
h0_nocontrol_lcd1000_x18_20260906,3001,70,2,signal_or_other,4,4,317.12,332.96,317.1199951171875,332.9599914550781,0.835
h0_nocontrol_lcd1000_x18_20260906,3151,70,1,ramp_R_F_E,1,0,7.01,7.01,,,42.21
h0_nocontrol_lcd1000_x18_20260906,3151,70,2,signal_or_other,1,0,58.85,58.85,,,44.19
h0_nocontrol_lcd1000_x18_20260906,3301,70,1,ramp_R_F_E,1,0,163.1,163.1,,,32.58
h0_nocontrol_lcd1000_x18_20260906,3301,70,1,signal_or_other,3,0,91.12,296.52,,,41.96
h0_nocontrol_lcd1000_x18_20260906,3301,70,2,signal_or_other,1,0,109.21,109.21,,,38.77
h0_nocontrol_lcd1000_x18_20260906,3451,70,1,ramp_R_F_E,2,0,2.13,155.34,,,44.565002
h0_nocontrol_lcd1000_x18_20260906,3451,70,1,signal_or_other,4,0,44.01,318.89,,,47.6875
h0_nocontrol_lcd1000_x18_20260906,3451,70,2,signal_or_other,6,0,51.53,331.55,,,42.548332
h0_nocontrol_lcd1000_x18_20260906,3601,70,1,signal_or_other,7,0,89.12,317.18,,,41.41
h0_nocontrol_lcd1000_x18_20260906,3601,70,2,signal_or_other,3,0,204.02,247.18,,,30.233332
h0_nocontrol_lcd1000_x18_20260906,3751,70,1,ramp_R_F_E,1,0,175.54,175.54,,,44.22
h0_nocontrol_lcd1000_x18_20260906,3751,70,1,signal_or_other,1,0,263.81,263.81,,,93.23
h0_nocontrol_lcd1000_x18_20260906,3751,70,2,signal_or_other,1,0,231.76,231.76,,,86.12
h0_nocontrol_lcd1000_x18_20260906,3901,70,1,ramp_R_F_E,1,0,54.63,54.63,,,31.31
h0_nocontrol_lcd1000_x18_20260906,3901,70,2,signal_or_other,1,0,189.98,189.98,,,106.4
h0_nocontrol_lcd1000_x18_20260906,4051,70,1,ramp_R_F_E,1,0,49.74,49.74,,,39.85
h0_nocontrol_lcd1000_x18_20260906,4051,70,1,signal_or_other,2,0,61.9,294.49,,,41.11
h0_nocontrol_lcd1000_x18_20260906,4051,70,2,signal_or_other,3,0,270.31,321.57,,,35.67
h0_nocontrol_lcd1000_x18_20260906,4201,70,1,ramp_R_F_E,1,0,62.65,62.65,,,40.92
h0_nocontrol_lcd1000_x18_20260906,4201,70,1,signal_or_other,1,0,84.75,84.75,,,44.09
h0_nocontrol_lcd1000_x18_20260906,4351,70,1,ramp_R_F_E,1,0,139.91,139.91,,,40.68
h0_nocontrol_lcd1000_x18_20260906,4351,70,1,signal_or_other,4,0,66.49,333.35,,,47.3425
h0_nocontrol_lcd1000_x18_20260906,4351,70,2,signal_or_other,3,0,52.71,99.38,,,41.336666
h0_nocontrol_lcd1000_x18_20260906,4651,70,1,ramp_R_F_E,2,0,21.59,134.0,,,42.230003
h0_nocontrol_lcd1000_x18_20260906,4651,70,1,signal_or_other,1,0,51.73,51.73,,,41.3
h0_nocontrol_lcd1000_x18_20260906,4651,70,2,signal_or_other,2,0,204.7,272.31,,,51.455
h0_nocontrol_lcd1000_x18_20260906,4801,70,1,signal_or_other,1,0,44.6,44.6,,,42.42
h0_nocontrol_lcd1000_x18_20260906,4801,70,2,signal_or_other,1,0,267.42,267.42,,,104.49
h0_nocontrol_lcd1000_x18_20260906,4951,70,1,signal_or_other,1,0,48.32,48.32,,,44.39
h0_nocontrol_lcd1000_x18_20260906,4951,70,2,signal_or_other,1,0,273.13,273.13,,,115.77
h0_nocontrol_lcd1000_x18_20260906,5101,70,1,ramp_R_F_E,1,0,98.49,98.49,,,39.37
h0_nocontrol_lcd1000_x18_20260906,5101,70,1,signal_or_other,1,0,120.58,120.58,,,45.13
h0_nocontrol_lcd1000_x18_20260906,5251,70,1,signal_or_other,1,0,75.59,75.59,,,46.17
h0_nocontrol_lcd1000_x18_20260906,5251,70,2,signal_or_other,1,0,141.06,141.06,,,121.94
