link,h11,b0,h0,g1,h11-h0,b0-h0
1,1.336111111111111,1.4166666666666667,1.3125,1.3277777777777777,0.023611111111111027,0.10416666666666674
2,969.0805555555555,1032.2722222222221,1060.7444444444445,684.8166666666667,-91.663888888889,-28.4722222222224
3,0.9944444444444445,0.9944444444444445,0.9944444444444445,0.9944444444444445,0.0,0.0
4,0.20694444444444443,0.2,0.19583333333333333,0.2,0.0111111111111111,0.00416666666666668
5,0.3194444444444444,0.3194444444444444,0.3194444444444444,0.3194444444444444,0.0,0.0
6,0.2569444444444444,0.2569444444444444,0.2569444444444444,0.2569444444444444,0.0,0.0
7,0.11527777777777778,0.12083333333333333,0.12361111111111112,0.12777777777777777,-0.008333333333333331,-0.002777777777777782
8,0.08888888888888889,0.0875,0.08194444444444444,0.09305555555555556,0.0069444444444444475,0.00555555555555555
12,0.2861111111111111,0.28194444444444444,0.2777777777777778,0.2722222222222222,0.008333333333333304,0.004166666666666652
13,1.511111111111111,1.511111111111111,1.511111111111111,1.511111111111111,0.0,0.0
14,0.5125,0.5291666666666667,0.5305555555555556,0.5541666666666667,-0.018055555555555602,-0.001388888888888884
17,0.018055555555555554,0.022222222222222223,0.0125,0.011111111111111112,0.005555555555555553,0.009722222222222222
18,0.002777777777777778,0.001388888888888889,0.004166666666666667,0.0,-0.0013888888888888887,-0.0027777777777777775
19,0.004166666666666667,0.008333333333333333,0.011111111111111112,0.009722222222222222,-0.006944444444444445,-0.0027777777777777783
20,0.5222222222222223,0.5472222222222223,0.5666666666666667,0.5888888888888889,-0.0444444444444444,-0.019444444444444375
21,8.215277777777779,7.348611111111111,4.513888888888889,7.498611111111111,3.7013888888888893,2.834722222222222
22,0.38333333333333336,0.38472222222222224,0.38055555555555554,0.38472222222222224,0.0027777777777778234,0.004166666666666707
23,0.41944444444444445,0.4166666666666667,0.4083333333333333,0.41944444444444445,0.011111111111111127,0.00833333333333336
24,95.25972222222222,99.14444444444445,104.05416666666666,118.62638888888888,-8.794444444444437,-4.909722222222214
25,4.959722222222222,4.958333333333333,4.959722222222222,4.958333333333333,0.0,-0.001388888888889106
26,1267.2777777777778,1437.1805555555557,1415.0166666666667,1336.6319444444443,-147.73888888888882,22.163888888889005
27,0.05694444444444444,0.05694444444444444,0.05694444444444444,0.05694444444444444,0.0,0.0
28,5.211111111111111,5.218055555555556,5.215277777777778,5.201388888888889,-0.00416666666666643,0.002777777777778212
29,6.022222222222222,6.633333333333334,6.283333333333333,5.658333333333333,-0.26111111111111107,0.35000000000000053
30,58.56666666666667,16.730555555555554,23.220833333333335,51.452777777777776,35.34583333333333,-6.490277777777781
31,76.44722222222222,56.143055555555556,53.78333333333333,64.24166666666666,22.66388888888889,2.3597222222222243
32,449.5625,350.4527777777778,352.2611111111111,255.59722222222223,97.30138888888888,-1.8083333333333371
33,1.8319444444444444,1.8263888888888888,1.825,1.825,0.00694444444444442,0.001388888888888884
34,1.2583333333333333,1.261111111111111,1.2513888888888889,1.2541666666666667,0.00694444444444442,0.009722222222222188
35,1.6902777777777778,1.6902777777777778,1.6902777777777778,1.6902777777777778,0.0,0.0
36,2.013888888888889,2.013888888888889,2.013888888888889,2.013888888888889,0.0,0.0
37,12.147222222222222,10.404166666666667,8.955555555555556,12.452777777777778,3.1916666666666664,1.448611111111111
38,6.529166666666667,13.744444444444444,7.545833333333333,7.138888888888889,-1.0166666666666666,6.19861111111111
39,13.561111111111112,13.38888888888889,14.204166666666667,13.627777777777778,-0.6430555555555557,-0.8152777777777782
40,84.24722222222222,89.82638888888889,62.7875,93.825,21.45972222222222,27.038888888888884
41,1.5555555555555556,1.5555555555555556,1.5555555555555556,1.5555555555555556,0.0,0.0
42,3.3097222222222222,3.3097222222222222,3.3097222222222222,3.3097222222222222,0.0,0.0
44,1.1083333333333334,1.1055555555555556,1.1055555555555556,1.1069444444444445,0.002777777777777768,0.0
45,1.6125,1.6097222222222223,1.6083333333333334,1.6097222222222223,0.004166666666666652,0.001388888888888884
46,7.333333333333333,7.413888888888889,9.626388888888888,7.629166666666666,-2.293055555555555,-2.2124999999999995
47,14.661111111111111,15.827777777777778,16.319444444444443,16.02638888888889,-1.6583333333333314,-0.49166666666666536
49,0.5666666666666667,0.5763888888888888,0.5652777777777778,0.5736111111111111,0.001388888888888884,0.011111111111111072
51,0.009722222222222222,0.009722222222222222,0.0125,0.009722222222222222,-0.0027777777777777783,-0.0027777777777777783
52,22.127777777777776,21.420833333333334,40.65416666666667,20.90972222222222,-18.526388888888892,-19.233333333333334
53,4.008333333333334,2.6055555555555556,2.6972222222222224,2.6527777777777777,1.3111111111111113,-0.09166666666666679
54,3.4583333333333335,2.2180555555555554,2.2291666666666665,2.2333333333333334,1.229166666666667,-0.011111111111111072
55,25.897222222222222,24.143055555555556,24.127777777777776,24.15,1.7694444444444457,0.015277777777779278
56,6.9125,7.3875,7.980555555555555,8.481944444444444,-1.0680555555555555,-0.593055555555555
57,3.2180555555555554,3.4,4.058333333333334,3.5625,-0.8402777777777781,-0.6583333333333337
58,6.451388888888889,6.676388888888889,6.6402777777777775,6.9625,-0.18888888888888822,0.03611111111111143
59,0.7347222222222223,0.7361111111111112,0.7361111111111112,0.7361111111111112,-0.001388888888888884,0.0
60,5.118055555555555,5.118055555555555,5.118055555555555,5.118055555555555,0.0,0.0
61,9.172222222222222,8.802777777777777,9.047222222222222,8.713888888888889,0.125,-0.24444444444444535
62,3.2055555555555557,3.2930555555555556,3.2041666666666666,3.379166666666667,0.001388888888889106,0.08888888888888902
65,0.1361111111111111,0.12638888888888888,0.13055555555555556,0.13333333333333333,0.005555555555555536,-0.00416666666666668
66,276.73055555555555,281.34305555555557,287.8875,277.4902777777778,-11.156944444444434,-6.544444444444423
67,26.968055555555555,28.569444444444443,31.593055555555555,35.10138888888889,-4.625,-3.023611111111112
68,75.46666666666667,77.49861111111112,76.1625,86.41666666666667,-0.6958333333333258,1.3361111111111228
69,150.1375,154.27916666666667,73.11944444444444,69.70138888888889,77.01805555555555,81.15972222222223
70,34.209722222222226,33.91111111111111,10.084722222222222,19.698611111111113,24.125000000000004,23.82638888888889
71,17.290277777777778,17.09722222222222,21.043055555555554,25.131944444444443,-3.7527777777777764,-3.945833333333333
72,11.916666666666666,12.277777777777779,10.429166666666667,11.708333333333334,1.487499999999999,1.8486111111111114
73,23.540277777777778,22.91111111111111,22.744444444444444,25.45138888888889,0.7958333333333343,0.16666666666666785
74,1116.1555555555556,1097.3625,1101.0513888888888,885.1625,15.104166666666742,-3.6888888888888687
75,0.7847222222222222,0.7847222222222222,0.7833333333333333,0.7833333333333333,0.001388888888888884,0.001388888888888884
76,18.0125,18.0125,18.0125,18.0125,0.0,0.0
77,3.629166666666667,3.863888888888889,3.6708333333333334,3.623611111111111,-0.04166666666666652,0.19305555555555554
78,9.583333333333334,9.944444444444445,9.572222222222223,9.541666666666666,0.011111111111111072,0.3722222222222218
80,90.81944444444444,90.81944444444444,90.81944444444444,90.81944444444444,0.0,0.0
81,4.454166666666667,4.8180555555555555,4.536111111111111,4.526388888888889,-0.08194444444444482,0.2819444444444441
82,1.0569444444444445,1.0569444444444445,1.0569444444444445,1.0569444444444445,0.0,0.0
83,5.463888888888889,5.463888888888889,5.463888888888889,5.463888888888889,0.0,0.0
84,5.525,6.745833333333334,5.645833333333333,5.711111111111111,-0.12083333333333268,1.1000000000000005
85,2.4,2.9611111111111112,2.452777777777778,2.463888888888889,-0.052777777777778034,0.5083333333333333
86,1.8722222222222222,2.2180555555555554,1.9555555555555555,1.8916666666666666,-0.08333333333333326,0.26249999999999996
87,6.251388888888889,8.536111111111111,6.531944444444444,5.9625,-0.280555555555555,2.0041666666666673
88,6.541666666666667,6.413888888888889,6.293055555555555,6.2375,0.24861111111111178,0.12083333333333357
89,4.861111111111111,5.805555555555555,4.909722222222222,4.973611111111111,-0.048611111111111605,0.895833333333333
90,5.076388888888889,5.073611111111111,5.0777777777777775,5.075,-0.0013888888888882178,-0.00416666666666643
93,1.4736111111111112,1.5013888888888889,1.4083333333333334,1.4805555555555556,0.06527777777777777,0.09305555555555545
94,9.068055555555556,9.284722222222221,9.694444444444445,9.329166666666667,-0.6263888888888882,-0.4097222222222232
95,4.980555555555555,5.175,5.034722222222222,4.9875,-0.05416666666666714,0.1402777777777775
96,0.5958333333333333,0.5708333333333333,0.5708333333333333,0.5416666666666666,0.025000000000000022,0.0
99,112.31388888888888,111.26388888888889,113.29305555555555,111.25416666666666,-0.9791666666666714,-2.0291666666666686
100,7.969444444444444,7.972222222222222,7.968055555555556,7.970833333333333,0.0013888888888882178,0.00416666666666643
101,1.8708333333333333,1.7958333333333334,1.8527777777777779,1.8736111111111111,0.01805555555555549,-0.056944444444444464
102,13.208333333333334,12.694444444444445,12.8875,13.516666666666667,0.32083333333333464,-0.19305555555555465
103,5.793055555555555,6.384722222222222,5.783333333333333,5.944444444444445,0.009722222222221966,0.6013888888888888
104,4.534722222222222,4.998611111111111,5.004166666666666,5.1875,-0.4694444444444441,-0.005555555555555536
107,11.695833333333333,11.613888888888889,10.290277777777778,10.948611111111111,1.405555555555555,1.323611111111111
108,20.219444444444445,19.641666666666666,20.5875,21.069444444444443,-0.3680555555555536,-0.9458333333333329
109,7.179166666666666,7.213888888888889,7.104166666666667,7.3277777777777775,0.07499999999999929,0.10972222222222161
112,2.1486111111111112,2.147222222222222,2.1486111111111112,2.1486111111111112,0.0,-0.001388888888889106
113,6.145833333333333,6.022222222222222,6.216666666666667,6.151388888888889,-0.07083333333333375,-0.19444444444444464
114,0.8805555555555555,0.8805555555555555,0.9236111111111112,0.8638888888888889,-0.043055555555555625,-0.043055555555555625
115,9.193055555555556,9.277777777777779,9.313888888888888,9.302777777777777,-0.1208333333333318,-0.03611111111110965
116,1.0055555555555555,1.0027777777777778,0.9472222222222222,1.0805555555555555,0.05833333333333335,0.05555555555555558
117,40.09166666666667,43.55,42.334722222222226,38.87777777777778,-2.243055555555557,1.2152777777777715
118,6.330555555555556,6.684722222222222,5.729166666666667,6.027777777777778,0.6013888888888888,0.9555555555555548
122,4.3125,4.041666666666667,4.541666666666667,4.163888888888889,-0.22916666666666696,-0.5
128,4.201388888888889,3.7819444444444446,4.408333333333333,4.3875,-0.20694444444444393,-0.6263888888888887
136,0.4041666666666667,0.39305555555555555,0.3638888888888889,0.35694444444444445,0.0402777777777778,0.029166666666666674
138,1.636111111111111,1.773611111111111,1.6736111111111112,1.6472222222222221,-0.03750000000000009,0.09999999999999987
142,0.001388888888888889,0.001388888888888889,0.0,0.0,0.001388888888888889,0.001388888888888889
164,0.32916666666666666,0.3277777777777778,0.31805555555555554,0.325,0.011111111111111127,0.009722222222222243
165,0.20833333333333334,0.21944444444444444,0.23472222222222222,0.20833333333333334,-0.02638888888888888,-0.015277777777777779
167,0.1125,0.10694444444444444,0.12916666666666668,0.12222222222222222,-0.016666666666666677,-0.02222222222222224
168,0.6805555555555556,0.7583333333333333,0.8902777777777777,0.8347222222222223,-0.20972222222222214,-0.13194444444444442
170,0.030555555555555555,0.034722222222222224,0.03611111111111111,0.03888888888888889,-0.005555555555555553,-0.001388888888888884
172,0.015277777777777777,0.013888888888888888,0.005555555555555556,0.008333333333333333,0.009722222222222222,0.008333333333333331
173,7.030555555555556,6.643055555555556,7.502777777777778,7.8597222222222225,-0.4722222222222223,-0.8597222222222225
174,15.915277777777778,15.955555555555556,15.27361111111111,16.533333333333335,0.6416666666666675,0.6819444444444454
176,13.420833333333333,12.947222222222223,5.102777777777778,12.11111111111111,8.318055555555555,7.844444444444445
178,14.394444444444444,12.98611111111111,4.9319444444444445,14.32638888888889,9.462499999999999,8.054166666666667
182,8.222222222222221,8.293055555555556,7.563888888888889,8.113888888888889,0.6583333333333323,0.729166666666667
183,12.030555555555555,12.666666666666666,5.331944444444445,9.740277777777777,6.69861111111111,7.334722222222221
190,0.42916666666666664,0.41388888888888886,0.42083333333333334,0.44166666666666665,0.008333333333333304,-0.006944444444444475
194,0.22777777777777777,0.23055555555555557,0.23055555555555557,0.23194444444444445,-0.0027777777777777957,0.0
196,0.16527777777777777,0.1625,0.20833333333333334,0.1486111111111111,-0.04305555555555557,-0.04583333333333334
199,0.6125,0.6138888888888889,0.6472222222222223,0.6263888888888889,-0.03472222222222221,-0.033333333333333326
200,0.4513888888888889,0.45694444444444443,0.5791666666666667,0.4388888888888889,-0.12777777777777782,-0.12222222222222229
201,0.04722222222222222,0.04861111111111111,0.04861111111111111,0.04722222222222222,-0.001388888888888891,0.0
210,0.12916666666666668,0.12777777777777777,0.11944444444444445,0.1375,0.00972222222222223,0.008333333333333318
213,1.2194444444444446,1.0944444444444446,1.0222222222222221,1.1833333333333333,0.1972222222222224,0.07222222222222241
217,0.8222222222222222,0.8222222222222222,0.8222222222222222,0.8222222222222222,0.0,0.0
225,0.05138888888888889,0.05138888888888889,0.05138888888888889,0.05138888888888889,0.0,0.0
236,0.26944444444444443,0.2777777777777778,0.30972222222222223,0.2763888888888889,-0.0402777777777778,-0.03194444444444444
245,0.525,0.5138888888888888,0.31805555555555554,0.5097222222222222,0.2069444444444445,0.1958333333333333
254,0.16527777777777777,0.14166666666666666,0.1625,0.1736111111111111,0.002777777777777768,-0.020833333333333343
255,0.08472222222222223,0.08611111111111111,0.07361111111111111,0.0875,0.011111111111111113,0.012499999999999997
256,1.5361111111111112,1.5347222222222223,1.5361111111111112,1.5361111111111112,0.0,-0.001388888888888884
259,0.7763888888888889,0.7805555555555556,0.34305555555555556,0.8125,0.43333333333333335,0.4375
260,0.175,0.19583333333333333,0.19027777777777777,0.18194444444444444,-0.015277777777777779,0.005555555555555564
265,0.2638888888888889,0.24027777777777778,0.30416666666666664,0.2972222222222222,-0.040277777777777746,-0.06388888888888886
268,1.113888888888889,1.1027777777777779,1.0694444444444444,1.0972222222222223,0.04444444444444451,0.03333333333333344
269,0.9916666666666667,1.0277777777777777,0.9833333333333333,0.9666666666666667,0.008333333333333415,0.0444444444444444
270,3.0069444444444446,3.0388888888888888,3.0430555555555556,2.995833333333333,-0.03611111111111098,-0.004166666666666874
271,2.8430555555555554,2.7916666666666665,3.311111111111111,2.7125,-0.46805555555555545,-0.5194444444444444
274,0.9138888888888889,0.8944444444444445,1.0625,0.8236111111111111,-0.14861111111111114,-0.1680555555555555
275,2.9402777777777778,2.95,2.915277777777778,3.013888888888889,0.02499999999999991,0.03472222222222232
276,1.3597222222222223,1.3347222222222221,1.3333333333333333,1.3597222222222223,0.026388888888889017,0.001388888888888884
277,5.105555555555555,5.134722222222222,5.180555555555555,5.1097222222222225,-0.07500000000000018,-0.04583333333333339
278,2.951388888888889,2.7111111111111112,2.7555555555555555,2.725,0.1958333333333333,-0.04444444444444429
279,2.4541666666666666,2.3958333333333335,2.3916666666666666,2.448611111111111,0.0625,0.004166666666666874
280,0.7444444444444445,0.7583333333333333,0.7361111111111112,0.7597222222222222,0.008333333333333304,0.022222222222222143
281,2.151388888888889,2.3722222222222222,2.2333333333333334,2.5972222222222223,-0.08194444444444438,0.13888888888888884
282,1.3722222222222222,1.4847222222222223,1.5958333333333334,1.6611111111111112,-0.2236111111111112,-0.11111111111111116
289,0.22361111111111112,0.20833333333333334,0.21666666666666667,0.22083333333333333,0.0069444444444444475,-0.008333333333333331
290,0.9069444444444444,0.8847222222222222,0.8888888888888888,0.8638888888888889,0.018055555555555602,-0.004166666666666652
291,2.1013888888888888,2.1041666666666665,2.102777777777778,2.1055555555555556,-0.001388888888889106,0.001388888888888662
292,5.009722222222222,5.055555555555555,4.963888888888889,5.120833333333334,0.04583333333333339,0.09166666666666679
293,2.290277777777778,2.290277777777778,2.290277777777778,2.290277777777778,0.0,0.0
294,0.5263888888888889,0.5263888888888889,0.5291666666666667,0.5291666666666667,-0.002777777777777768,-0.002777777777777768
295,2.3333333333333335,2.345833333333333,2.3041666666666667,2.1930555555555555,0.029166666666666785,0.04166666666666652
296,1.6236111111111111,1.6236111111111111,1.648611111111111,1.5916666666666666,-0.02499999999999991,-0.02499999999999991
297,2.9652777777777777,2.9763888888888888,2.922222222222222,3.011111111111111,0.043055555555555625,0.054166666666666696
298,10.270833333333334,10.0,10.055555555555555,10.122222222222222,0.21527777777777857,-0.05555555555555536
308,0.8305555555555556,0.8305555555555556,0.8013888888888889,0.8277777777777777,0.029166666666666674,0.029166666666666674
309,8.7875,8.808333333333334,8.7375,8.783333333333333,0.049999999999998934,0.07083333333333286
310,37.81944444444444,41.94583333333333,40.24583333333333,43.30972222222222,-2.426388888888887,1.7000000000000028
314,3.8375,2.977777777777778,1.7861111111111112,2.966666666666667,2.051388888888889,1.1916666666666667
316,0.06944444444444445,0.05555555555555555,0.05694444444444444,0.05138888888888889,0.012500000000000004,-0.001388888888888891
317,23.805555555555557,21.85,21.045833333333334,26.73611111111111,2.759722222222223,0.8041666666666671
319,0.175,0.15555555555555556,0.13333333333333333,0.14166666666666666,0.04166666666666666,0.022222222222222227
321,62.71527777777778,60.13194444444444,63.50416666666667,64.00555555555556,-0.7888888888888914,-3.372222222222227
322,81.275,77.4263888888889,81.83611111111111,81.0111111111111,-0.5611111111111029,-4.409722222222214
324,1.2180555555555554,1.0638888888888889,1.1458333333333333,1.2833333333333334,0.07222222222222219,-0.08194444444444438
325,71.41388888888889,67.70694444444445,71.97361111111111,71.55,-0.55972222222222,-4.266666666666666
326,104.2875,99.23055555555555,105.1986111111111,104.14861111111111,-0.9111111111111114,-5.9680555555555515
327,1.0375,0.9194444444444444,1.0013888888888889,1.1583333333333334,0.036111111111111205,-0.08194444444444449
328,1.4430555555555555,1.2569444444444444,1.3416666666666666,1.5805555555555555,0.10138888888888897,-0.08472222222222214
329,73.27361111111111,71.34722222222223,74.01944444444445,74.85,-0.7458333333333371,-2.672222222222217
332,0.08055555555555556,0.07916666666666666,0.07083333333333333,0.09166666666666666,0.00972222222222223,0.008333333333333331
336,0.07916666666666666,0.07083333333333333,0.07916666666666666,0.07361111111111111,0.0,-0.008333333333333331
337,6.620833333333334,6.690277777777778,6.752777777777778,6.634722222222222,-0.13194444444444464,-0.0625
341,5.266666666666667,5.275,5.320833333333334,5.270833333333333,-0.05416666666666714,-0.04583333333333339
343,6.065277777777778,6.038888888888889,6.088888888888889,5.963888888888889,-0.02361111111111036,-0.04999999999999982
353,1.5722222222222222,1.5763888888888888,1.575,1.5138888888888888,-0.002777777777777768,0.001388888888888884
354,1.8625,1.8027777777777778,3.4125,1.8666666666666667,-1.55,-1.6097222222222223
358,1.726388888888889,1.625,1.5402777777777779,1.9388888888888889,0.18611111111111112,0.08472222222222214
359,2.0625,2.084722222222222,2.154166666666667,2.0097222222222224,-0.09166666666666679,-0.06944444444444464
364,1.7625,1.761111111111111,1.761111111111111,1.7625,0.001388888888888884,0.0
365,0.3125,0.30694444444444446,0.30833333333333335,0.30277777777777776,0.004166666666666652,-0.001388888888888884
367,1.7347222222222223,1.7138888888888888,1.3583333333333334,1.6375,0.3763888888888889,0.3555555555555554
374,0.016666666666666666,0.015277777777777777,0.015277777777777777,0.0125,0.0013888888888888892,0.0
378,0.7888888888888889,0.7888888888888889,0.8847222222222222,0.7930555555555555,-0.09583333333333333,-0.09583333333333333
379,7.243055555555555,7.243055555555555,7.243055555555555,7.243055555555555,0.0,0.0
380,2.426388888888889,2.216666666666667,2.466666666666667,2.3958333333333335,-0.04027777777777786,-0.25
381,0.8777777777777778,0.8847222222222222,0.8194444444444444,0.8069444444444445,0.05833333333333335,0.06527777777777777
382,2.058333333333333,2.165277777777778,3.9805555555555556,2.013888888888889,-1.9222222222222225,-1.8152777777777778
383,0.22916666666666666,0.22916666666666666,0.2263888888888889,0.22916666666666666,0.002777777777777768,0.002777777777777768
385,0.025,0.013888888888888888,0.008333333333333333,0.020833333333333332,0.01666666666666667,0.005555555555555555
387,6.906944444444444,6.9944444444444445,7.252777777777778,7.4375,-0.3458333333333341,-0.25833333333333375
403,41.576388888888886,18.975,27.77777777777778,75.24305555555556,13.798611111111107,-8.802777777777777
404,2.5069444444444446,2.563888888888889,2.558333333333333,2.5388888888888888,-0.051388888888888484,0.00555555555555598
407,2.4819444444444443,2.515277777777778,2.5180555555555557,2.5180555555555557,-0.03611111111111143,-0.002777777777777768
408,7.784722222222222,7.920833333333333,7.669444444444444,8.718055555555555,0.11527777777777803,0.2513888888888891
409,2.2444444444444445,2.2430555555555554,2.186111111111111,6.477777777777778,0.05833333333333357,0.056944444444444464
410,1.6847222222222222,1.7083333333333333,1.613888888888889,1.7861111111111112,0.0708333333333333,0.09444444444444433
411,1.4736111111111112,1.5277777777777777,1.5027777777777778,1.5055555555555555,-0.029166666666666563,0.02499999999999991
412,4.376388888888889,4.315277777777778,4.231944444444444,4.695833333333334,0.14444444444444482,0.08333333333333393
413,0.42916666666666664,0.4583333333333333,0.44583333333333336,0.45,-0.01666666666666672,0.012499999999999956
416,7.877777777777778,8.359722222222222,9.081944444444444,7.691666666666666,-1.2041666666666657,-0.7222222222222214
417,1.198611111111111,1.2305555555555556,1.2347222222222223,1.2597222222222222,-0.036111111111111205,-0.004166666666666652
420,232.13472222222222,32.980555555555554,31.166666666666668,216.1638888888889,200.96805555555557,1.8138888888888864
421,1.238888888888889,1.2791666666666666,1.2361111111111112,1.3027777777777778,0.002777777777777768,0.0430555555555554
422,0.12638888888888888,0.09722222222222222,0.10972222222222222,0.1111111111111111,0.016666666666666663,-0.012499999999999997
423,2.1847222222222222,2.2444444444444445,1.9472222222222222,2.298611111111111,0.23750000000000004,0.2972222222222223
424,0.20277777777777778,0.2222222222222222,0.19027777777777777,0.20833333333333334,0.012500000000000011,0.03194444444444444
425,4.7555555555555555,4.481944444444444,6.427777777777778,4.348611111111111,-1.6722222222222225,-1.9458333333333337
426,3.486111111111111,3.4972222222222222,3.0875,3.5694444444444446,0.39861111111111125,0.4097222222222223
427,18.89027777777778,16.170833333333334,14.7,21.647222222222222,4.19027777777778,1.470833333333335
10000,0.09722222222222222,0.09722222222222222,0.09722222222222222,0.09722222222222222,0.0,0.0
10001,0.1111111111111111,0.12083333333333333,0.11944444444444445,0.12083333333333333,-0.008333333333333345,0.001388888888888884
10002,0.06805555555555555,0.06805555555555555,0.06805555555555555,0.06805555555555555,0.0,0.0
10003,0.02361111111111111,0.02361111111111111,0.025,0.025,-0.001388888888888891,-0.001388888888888891
10005,0.4125,0.4125,0.4125,0.4125,0.0,0.0
10010,0.13472222222222222,0.14305555555555555,0.14166666666666666,0.1486111111111111,-0.0069444444444444475,0.001388888888888884
10017,0.2777777777777778,0.2777777777777778,0.2777777777777778,0.2777777777777778,0.0,0.0
10018,0.08055555555555556,0.08888888888888889,0.08888888888888889,0.08888888888888889,-0.008333333333333331,0.0
10022,0.041666666666666664,0.05555555555555555,0.17222222222222222,0.05,-0.13055555555555556,-0.11666666666666667
10023,0.9722222222222222,0.9625,1.0333333333333334,1.0597222222222222,-0.06111111111111123,-0.07083333333333341
10024,0.22361111111111112,0.24166666666666667,0.22361111111111112,0.2222222222222222,0.0,0.018055555555555547
10025,1.6722222222222223,1.7319444444444445,1.7180555555555554,1.7166666666666666,-0.04583333333333317,0.013888888888889062
10026,0.06111111111111111,0.05694444444444444,0.07916666666666666,0.059722222222222225,-0.018055555555555554,-0.02222222222222222
10029,0.12361111111111112,0.11388888888888889,0.10972222222222222,0.12083333333333333,0.013888888888888895,0.004166666666666666
10032,5.991666666666666,1.75,1.7347222222222223,5.0569444444444445,4.256944444444444,0.015277777777777724
10034,0.14722222222222223,0.14583333333333334,0.14027777777777778,0.14166666666666666,0.0069444444444444475,0.005555555555555564
10035,0.35833333333333334,0.3638888888888889,0.3625,0.3638888888888889,-0.004166666666666652,0.001388888888888884
10036,0.09861111111111111,0.10277777777777777,0.09722222222222222,0.10277777777777777,0.001388888888888884,0.00555555555555555
10037,0.0375,0.0375,0.0375,0.0375,0.0,0.0
10038,0.05694444444444444,0.05694444444444444,0.05694444444444444,0.05694444444444444,0.0,0.0
10039,0.5638888888888889,0.5611111111111111,0.5666666666666667,0.5638888888888889,-0.002777777777777768,-0.005555555555555536
10040,0.37222222222222223,0.3736111111111111,0.375,0.3736111111111111,-0.002777777777777768,-0.001388888888888884
10041,0.40555555555555556,0.4013888888888889,0.4027777777777778,0.4,0.002777777777777768,-0.001388888888888884
10043,0.34444444444444444,0.34444444444444444,0.34444444444444444,0.34444444444444444,0.0,0.0
10044,0.3486111111111111,0.35555555555555557,0.3527777777777778,0.3625,-0.004166666666666707,0.002777777777777768
10046,0.25277777777777777,0.25277777777777777,0.25277777777777777,0.25277777777777777,0.0,0.0
10047,0.03333333333333333,0.03333333333333333,0.03333333333333333,0.03333333333333333,0.0,0.0
10048,0.1597222222222222,0.16666666666666666,0.16111111111111112,0.1638888888888889,-0.0013888888888889117,0.005555555555555536
10049,0.1527777777777778,0.1527777777777778,0.15416666666666667,0.15416666666666667,-0.001388888888888884,-0.001388888888888884
10050,0.08888888888888889,0.09305555555555556,0.07916666666666666,0.08055555555555556,0.00972222222222223,0.013888888888888895
10051,0.6569444444444444,0.6527777777777778,0.6541666666666667,0.6513888888888889,0.002777777777777768,-0.001388888888888884
10052,0.006944444444444444,0.006944444444444444,0.008333333333333333,0.006944444444444444,-0.0013888888888888892,-0.0013888888888888892
10053,0.2111111111111111,0.2125,0.2111111111111111,0.2125,0.0,0.001388888888888884
10054,0.8777777777777778,0.8777777777777778,0.8777777777777778,0.8777777777777778,0.0,0.0
10055,0.1125,0.1125,0.1125,0.1125,0.0,0.0
10056,0.04861111111111111,0.04861111111111111,0.04861111111111111,0.04861111111111111,0.0,0.0
10057,0.24583333333333332,0.24583333333333332,0.24583333333333332,0.24583333333333332,0.0,0.0
10058,0.12083333333333333,0.12083333333333333,0.12083333333333333,0.12083333333333333,0.0,0.0
10059,0.06666666666666667,0.07083333333333333,0.06805555555555555,0.07777777777777778,-0.001388888888888884,0.002777777777777782
10060,0.0875,0.08888888888888889,0.09583333333333334,0.0875,-0.008333333333333345,-0.0069444444444444475
10061,0.020833333333333332,0.027777777777777776,0.025,0.02638888888888889,-0.004166666666666669,0.002777777777777775
10062,0.3680555555555556,0.375,0.36944444444444446,0.37083333333333335,-0.001388888888888884,0.005555555555555536
10063,0.16666666666666666,0.16527777777777777,0.15138888888888888,0.14444444444444443,0.015277777777777779,0.013888888888888895
10064,0.31666666666666665,0.2916666666666667,0.2986111111111111,0.3013888888888889,0.018055555555555547,-0.00694444444444442
10065,0.25,0.24166666666666667,0.2388888888888889,0.24722222222222223,0.0111111111111111,0.002777777777777768
10066,0.5430555555555555,0.5430555555555555,0.5430555555555555,0.5430555555555555,0.0,0.0
10068,0.8069444444444445,0.8069444444444445,0.8041666666666667,0.8069444444444445,0.002777777777777768,0.002777777777777768
10069,0.001388888888888889,0.001388888888888889,0.002777777777777778,0.001388888888888889,-0.001388888888888889,-0.001388888888888889
10070,0.21388888888888888,0.20555555555555555,0.20694444444444443,0.2111111111111111,0.0069444444444444475,-0.001388888888888884
10071,1.2319444444444445,1.2319444444444445,1.2319444444444445,1.2319444444444445,0.0,0.0
10080,2.8625,1.7944444444444445,1.8083333333333333,1.8152777777777778,1.0541666666666665,-0.01388888888888884
10081,0.9805555555555555,0.6472222222222223,0.6416666666666667,0.6444444444444445,0.3388888888888888,0.005555555555555536
10082,2.4125,1.6708333333333334,1.6958333333333333,1.7125,0.7166666666666668,-0.02499999999999991
10085,0.24305555555555555,0.24305555555555555,0.24305555555555555,0.24305555555555555,0.0,0.0
10086,0.2972222222222222,0.29583333333333334,0.29583333333333334,0.29583333333333334,0.001388888888888884,0.0
10089,0.1111111111111111,0.10694444444444444,0.10694444444444444,0.1111111111111111,0.004166666666666666,0.0
10092,0.13333333333333333,0.12638888888888888,0.12916666666666668,0.12222222222222222,0.004166666666666652,-0.0027777777777777957
10093,0.2708333333333333,0.27361111111111114,0.27361111111111114,0.2777777777777778,-0.0027777777777778234,0.0
10094,0.29444444444444445,0.30277777777777776,0.29305555555555557,0.29305555555555557,0.001388888888888884,0.009722222222222188
10095,0.6513888888888889,0.6625,0.6791666666666667,0.6777777777777778,-0.02777777777777779,-0.01666666666666672
10096,0.31805555555555554,0.2986111111111111,0.3013888888888889,0.30277777777777776,0.016666666666666663,-0.002777777777777768
10097,0.5625,0.5708333333333333,0.5527777777777778,0.575,0.009722222222222188,0.01805555555555549
10098,0.1527777777777778,0.16666666666666666,0.1625,0.15694444444444444,-0.009722222222222215,0.004166666666666652
10100,0.41388888888888886,0.4097222222222222,0.4041666666666667,0.4166666666666667,0.009722222222222188,0.005555555555555536
10102,1.0361111111111112,0.9611111111111111,1.0347222222222223,1.0319444444444446,0.001388888888888884,-0.07361111111111118
10103,0.22777777777777777,0.225,0.23333333333333334,0.22916666666666666,-0.005555555555555564,-0.008333333333333331
10104,0.001388888888888889,0.001388888888888889,0.002777777777777778,0.002777777777777778,-0.001388888888888889,-0.001388888888888889
10105,0.011111111111111112,0.011111111111111112,0.001388888888888889,0.009722222222222222,0.009722222222222222,0.009722222222222222
10107,0.013888888888888888,0.015277777777777777,0.015277777777777777,0.016666666666666666,-0.0013888888888888892,0.0
10108,0.001388888888888889,0.004166666666666667,0.001388888888888889,0.0,0.0,0.0027777777777777775
10109,0.019444444444444445,0.0125,0.002777777777777778,0.009722222222222222,0.016666666666666666,0.009722222222222222
10110,0.02638888888888889,0.02638888888888889,0.027777777777777776,0.025,-0.0013888888888888874,-0.0013888888888888874
10111,0.25,0.25833333333333336,0.2611111111111111,0.2708333333333333,-0.011111111111111127,-0.002777777777777768
10112,0.7,0.6902777777777778,0.5597222222222222,0.775,0.14027777777777772,0.13055555555555554
10113,0.14444444444444443,0.14722222222222223,0.15,0.1375,-0.005555555555555564,-0.002777777777777768
10115,0.030555555555555555,0.018055555555555554,0.022222222222222223,0.02361111111111111,0.008333333333333331,-0.004166666666666669
10116,0.22777777777777777,0.24722222222222223,0.23333333333333334,0.2375,-0.005555555555555564,0.013888888888888895
10117,0.1625,0.16527777777777777,0.13055555555555556,0.15694444444444444,0.03194444444444444,0.03472222222222221
10118,5.366666666666666,3.186111111111111,4.0375,5.811111111111111,1.3291666666666666,-0.8513888888888888
10119,0.4666666666666667,0.4513888888888889,0.4444444444444444,0.46111111111111114,0.022222222222222254,0.006944444444444475
10121,0.30416666666666664,0.31527777777777777,0.3055555555555556,0.30694444444444446,-0.0013888888888889395,0.009722222222222188
10122,0.29305555555555557,0.325,0.2916666666666667,0.2722222222222222,0.001388888888888884,0.033333333333333326
10124,0.5138888888888888,0.5208333333333334,0.4722222222222222,0.5111111111111111,0.04166666666666663,0.04861111111111116
10125,3.698611111111111,2.8125,2.8069444444444445,2.8055555555555554,0.8916666666666666,0.005555555555555536
10128,0.9777777777777777,0.9777777777777777,0.9722222222222222,0.9777777777777777,0.005555555555555536,0.005555555555555536
10129,4.675,3.651388888888889,2.102777777777778,2.5347222222222223,2.572222222222222,1.5486111111111112
10131,0.4263888888888889,0.38333333333333336,0.42916666666666664,0.4125,-0.002777777777777768,-0.04583333333333328
10133,2.691666666666667,2.026388888888889,1.9402777777777778,2.0180555555555557,0.7513888888888891,0.08611111111111125
10135,4.434722222222222,1.7333333333333334,1.6625,1.6875,2.7722222222222217,0.0708333333333333
10136,0.7472222222222222,0.7222222222222222,0.7180555555555556,0.7416666666666667,0.029166666666666674,0.004166666666666652
10141,0.18611111111111112,0.1986111111111111,0.225,0.225,-0.03888888888888889,-0.026388888888888906
10142,0.20277777777777778,0.2,0.1736111111111111,0.1986111111111111,0.029166666666666674,0.026388888888888906
10143,0.11527777777777778,0.09027777777777778,0.10694444444444444,0.09444444444444444,0.008333333333333345,-0.016666666666666663
10144,0.32083333333333336,0.30833333333333335,0.3125,0.2875,0.00833333333333336,-0.004166666666666652
10146,1.0625,1.0666666666666667,1.125,1.0611111111111111,-0.0625,-0.05833333333333335
10150,0.35,0.3597222222222222,0.37222222222222223,0.38055555555555554,-0.022222222222222254,-0.012500000000000011
10151,0.1625,0.16527777777777777,0.16666666666666666,0.14583333333333334,-0.004166666666666652,-0.001388888888888884
10152,1.7777777777777777,1.8263888888888888,1.8583333333333334,1.8847222222222222,-0.08055555555555571,-0.03194444444444455
10153,0.5680555555555555,0.5680555555555555,0.5597222222222222,0.5722222222222222,0.008333333333333304,0.008333333333333304
10158,0.2625,0.24583333333333332,0.2513888888888889,0.24722222222222223,0.011111111111111127,-0.005555555555555564
10159,0.35555555555555557,0.35138888888888886,0.325,0.3402777777777778,0.030555555555555558,0.02638888888888885
10163,0.23194444444444445,0.25416666666666665,0.22777777777777777,0.27361111111111114,0.00416666666666668,0.02638888888888888
10165,0.2625,0.29305555555555557,0.2611111111111111,0.26805555555555555,0.001388888888888884,0.03194444444444444
10166,0.2388888888888889,0.31666666666666665,0.20277777777777778,0.30416666666666664,0.03611111111111112,0.11388888888888887
10167,0.6736111111111112,0.6736111111111112,0.6777777777777778,0.6708333333333333,-0.004166666666666652,-0.004166666666666652
10168,0.1111111111111111,0.10694444444444444,0.10555555555555556,0.12083333333333333,0.00555555555555555,0.001388888888888884
10169,0.31666666666666665,0.3138888888888889,0.3125,0.31527777777777777,0.004166666666666652,0.001388888888888884
10170,0.03611111111111111,0.0375,0.030555555555555555,0.03888888888888889,0.005555555555555553,0.006944444444444444
10171,0.12638888888888888,0.12638888888888888,0.125,0.12083333333333333,0.001388888888888884,0.001388888888888884
10173,0.34305555555555556,0.35555555555555557,0.36666666666666664,0.3736111111111111,-0.023611111111111083,-0.011111111111111072
10174,0.26805555555555555,0.2638888888888889,0.25972222222222224,0.2791666666666667,0.008333333333333304,0.004166666666666652
10179,1.4027777777777777,1.4986111111111111,1.2333333333333334,1.136111111111111,0.1694444444444443,0.2652777777777777
10181,0.175,0.1763888888888889,0.1638888888888889,0.19305555555555556,0.0111111111111111,0.012500000000000011
10182,0.05138888888888889,0.04861111111111111,0.06111111111111111,0.06388888888888888,-0.009722222222222222,-0.012499999999999997
10183,0.4513888888888889,0.40694444444444444,0.39305555555555555,0.3888888888888889,0.05833333333333335,0.013888888888888895
10184,0.19027777777777777,0.18194444444444444,0.22083333333333333,0.2,-0.030555555555555558,-0.03888888888888889
10186,0.275,0.2722222222222222,0.2611111111111111,0.24166666666666667,0.013888888888888895,0.011111111111111072
10187,0.9263888888888889,0.5222222222222223,0.4986111111111111,0.5347222222222222,0.4277777777777778,0.023611111111111138
10189,0.6263888888888889,0.6527777777777778,0.6888888888888889,0.6541666666666667,-0.0625,-0.036111111111111094
10190,1.0652777777777778,1.0875,1.0819444444444444,1.0694444444444444,-0.016666666666666607,0.005555555555555536
10191,2.3375,1.3888888888888888,1.4083333333333334,1.375,0.9291666666666665,-0.019444444444444597
10192,0.7277777777777777,0.6444444444444445,0.7263888888888889,0.7083333333333334,0.001388888888888884,-0.08194444444444438
10193,1.1694444444444445,0.4152777777777778,0.4388888888888889,0.4111111111111111,0.7305555555555556,-0.023611111111111083
10194,0.20555555555555555,0.2125,0.07361111111111111,0.07222222222222222,0.13194444444444442,0.1388888888888889
10195,0.20972222222222223,0.22083333333333333,0.2791666666666667,0.24861111111111112,-0.06944444444444445,-0.05833333333333335
10197,0.7583333333333333,0.7180555555555556,0.7486111111111111,0.7708333333333334,0.009722222222222188,-0.030555555555555558
10198,0.2013888888888889,0.18333333333333332,0.19305555555555556,0.20416666666666666,0.008333333333333331,-0.009722222222222243
10199,0.03194444444444444,0.034722222222222224,0.03333333333333333,0.034722222222222224,-0.001388888888888891,0.001388888888888891
10200,1.6222222222222222,1.6305555555555555,1.5972222222222223,1.6875,0.02499999999999991,0.033333333333333215
10201,0.125,0.1361111111111111,0.13472222222222222,0.13472222222222222,-0.009722222222222215,0.001388888888888884
10202,0.4791666666666667,0.4861111111111111,0.49166666666666664,0.48194444444444445,-0.012499999999999956,-0.005555555555555536
10203,0.13333333333333333,0.13472222222222222,0.12083333333333333,0.12361111111111112,0.012499999999999997,0.013888888888888881
10204,0.1125,0.10416666666666667,0.11805555555555555,0.12361111111111112,-0.00555555555555555,-0.013888888888888881
10205,1.2222222222222223,1.2166666666666666,1.2125,1.198611111111111,0.00972222222222241,0.004166666666666652
10206,0.22361111111111112,0.24444444444444444,0.24722222222222223,0.23472222222222222,-0.02361111111111111,-0.0027777777777777957
10207,0.07361111111111111,0.06944444444444445,0.06111111111111111,0.075,0.012500000000000004,0.008333333333333338
10208,0.21666666666666667,0.20694444444444443,0.2222222222222222,0.2111111111111111,-0.005555555555555536,-0.015277777777777779
10209,0.475,0.4888888888888889,0.49444444444444446,0.4777777777777778,-0.019444444444444486,-0.005555555555555591
10210,0.10694444444444444,0.1125,0.10277777777777777,0.10972222222222222,0.004166666666666666,0.00972222222222223
10211,0.5138888888888888,0.41944444444444445,0.40555555555555556,0.4027777777777778,0.10833333333333328,0.013888888888888895
10212,0.3902777777777778,0.39444444444444443,0.4361111111111111,0.4041666666666667,-0.04583333333333334,-0.041666666666666685
10214,0.008333333333333333,0.006944444444444444,0.011111111111111112,0.0,-0.0027777777777777783,-0.0041666666666666675
10215,0.4222222222222222,0.43333333333333335,0.47638888888888886,0.39861111111111114,-0.05416666666666664,-0.043055555555555514
10216,0.7888888888888889,0.7708333333333334,0.8111111111111111,0.7680555555555556,-0.022222222222222254,-0.040277777777777746
10218,0.33055555555555555,0.3333333333333333,0.33055555555555555,0.3402777777777778,0.0,0.002777777777777768
10222,0.001388888888888889,0.001388888888888889,0.0,0.0,0.001388888888888889,0.001388888888888889
10223,0.22083333333333333,0.16111111111111112,0.19027777777777777,0.14722222222222223,0.030555555555555558,-0.029166666666666646
10224,0.019444444444444445,0.009722222222222222,0.0125,0.009722222222222222,0.006944444444444444,-0.0027777777777777783
10225,0.17083333333333334,0.16944444444444445,0.17083333333333334,0.16805555555555557,0.0,-0.001388888888888884
10226,0.08472222222222223,0.0875,0.08333333333333333,0.08888888888888889,0.0013888888888888978,0.004166666666666666
10227,0.02638888888888889,0.027777777777777776,0.025,0.030555555555555555,0.0013888888888888874,0.002777777777777775
10228,0.03888888888888889,0.041666666666666664,0.03194444444444444,0.03888888888888889,0.0069444444444444475,0.009722222222222222
10229,0.03888888888888889,0.03888888888888889,0.0375,0.03888888888888889,0.001388888888888891,0.001388888888888891
10230,0.041666666666666664,0.041666666666666664,0.041666666666666664,0.041666666666666664,0.0,0.0
10231,0.19583333333333333,0.1986111111111111,0.19166666666666668,0.20277777777777778,0.004166666666666652,0.00694444444444442
10232,0.0125,0.004166666666666667,0.009722222222222222,0.016666666666666666,0.0027777777777777783,-0.005555555555555556
10233,0.17083333333333334,0.15694444444444444,0.19444444444444445,0.17222222222222222,-0.02361111111111111,-0.037500000000000006
10234,0.001388888888888889,0.0,0.0,0.0,0.001388888888888889,0.0
10235,0.3819444444444444,0.3875,0.3125,0.3875,0.06944444444444442,0.07500000000000001
10236,0.02361111111111111,0.02638888888888889,0.018055555555555554,0.022222222222222223,0.005555555555555557,0.008333333333333335
10237,0.07222222222222222,0.06805555555555555,0.06944444444444445,0.07777777777777778,0.002777777777777768,-0.0013888888888888978
10238,0.18333333333333332,0.18472222222222223,0.1736111111111111,0.18472222222222223,0.009722222222222215,0.011111111111111127
10239,0.09583333333333334,0.08472222222222223,0.08611111111111111,0.09166666666666666,0.00972222222222223,-0.001388888888888884
10240,0.04722222222222222,0.041666666666666664,0.05,0.04583333333333333,-0.002777777777777782,-0.008333333333333338
10241,0.16527777777777777,0.1625,0.1486111111111111,0.15694444444444444,0.016666666666666663,0.013888888888888895
10242,0.1625,0.17222222222222222,0.13333333333333333,0.1597222222222222,0.029166666666666674,0.03888888888888889
10243,0.0763888888888889,0.06944444444444445,0.075,0.07916666666666666,0.0013888888888888978,-0.00555555555555555
10244,0.625,0.5986111111111111,0.5861111111111111,0.6375,0.03888888888888886,0.012499999999999956
10245,0.0375,0.0375,0.04027777777777778,0.03888888888888889,-0.002777777777777782,-0.002777777777777782
10246,0.0125,0.015277777777777777,0.009722222222222222,0.0125,0.0027777777777777783,0.005555555555555555
10247,0.14027777777777778,0.12777777777777777,0.12916666666666668,0.12083333333333333,0.0111111111111111,-0.0013888888888889117
10248,0.3611111111111111,0.3819444444444444,0.4305555555555556,0.4097222222222222,-0.06944444444444448,-0.04861111111111116
10249,0.4513888888888889,0.46111111111111114,0.41388888888888886,0.4444444444444444,0.03750000000000003,0.047222222222222276
10250,0.0763888888888889,0.03333333333333333,0.013888888888888888,0.029166666666666667,0.0625,0.019444444444444445
10251,0.002777777777777778,0.002777777777777778,0.015277777777777777,0.008333333333333333,-0.012499999999999999,-0.012499999999999999
10252,0.0,0.0,0.001388888888888889,0.001388888888888889,-0.001388888888888889,-0.001388888888888889
10253,0.009722222222222222,0.006944444444444444,0.006944444444444444,0.008333333333333333,0.0027777777777777783,0.0
10254,0.008333333333333333,0.005555555555555556,0.011111111111111112,0.005555555555555556,-0.0027777777777777783,-0.005555555555555556
10255,0.03611111111111111,0.03194444444444444,0.04027777777777778,0.02638888888888889,-0.004166666666666673,-0.008333333333333338
10256,0.06388888888888888,0.06666666666666667,0.12083333333333333,0.07083333333333333,-0.05694444444444445,-0.05416666666666667
10257,0.041666666666666664,0.04583333333333333,0.044444444444444446,0.04722222222222222,-0.002777777777777782,0.001388888888888884
10258,0.020833333333333332,0.019444444444444445,0.029166666666666667,0.020833333333333332,-0.008333333333333335,-0.009722222222222222
10259,0.05694444444444444,0.05138888888888889,0.058333333333333334,0.05138888888888889,-0.001388888888888891,-0.0069444444444444475
10260,0.1375,0.16527777777777777,0.15,0.14305555555555555,-0.012499999999999983,0.015277777777777779
10263,0.11527777777777778,0.08888888888888889,0.09305555555555556,0.10138888888888889,0.022222222222222227,-0.004166666666666666
10265,0.15694444444444444,0.175,0.19166666666666668,0.16527777777777777,-0.03472222222222224,-0.01666666666666669
10266,0.13472222222222222,0.12638888888888888,0.14305555555555555,0.2,-0.008333333333333331,-0.016666666666666663
10267,0.0875,0.10833333333333334,0.10138888888888889,0.09305555555555556,-0.013888888888888895,0.0069444444444444475
10269,0.04722222222222222,0.05416666666666667,0.05138888888888889,0.04583333333333333,-0.004166666666666666,0.002777777777777782
10270,0.08333333333333333,0.10833333333333334,0.09166666666666666,0.11666666666666667,-0.008333333333333331,0.016666666666666677
10271,0.011111111111111112,0.013888888888888888,0.006944444444444444,0.006944444444444444,0.0041666666666666675,0.006944444444444444
10272,0.10416666666666667,0.09166666666666666,0.10833333333333334,0.12083333333333333,-0.004166666666666666,-0.016666666666666677
10273,0.016666666666666666,0.0125,0.009722222222222222,0.006944444444444444,0.006944444444444444,0.0027777777777777783
10274,0.005555555555555556,0.008333333333333333,0.016666666666666666,0.008333333333333333,-0.01111111111111111,-0.008333333333333333
10275,0.03611111111111111,0.0375,0.02638888888888889,0.0375,0.009722222222222219,0.01111111111111111
10277,0.1527777777777778,0.11388888888888889,0.1375,0.1361111111111111,0.015277777777777779,-0.023611111111111124
10278,0.0125,0.011111111111111112,0.009722222222222222,0.011111111111111112,0.0027777777777777783,0.0013888888888888892
10280,1.1208333333333333,0.7916666666666666,0.7638888888888888,1.086111111111111,0.3569444444444445,0.02777777777777779
10281,0.4152777777777778,0.4388888888888889,0.18194444444444444,0.37222222222222223,0.23333333333333336,0.2569444444444444
10282,0.5972222222222222,0.6361111111111111,0.5777777777777777,0.6402777777777777,0.019444444444444486,0.05833333333333335
10283,0.125,0.13333333333333333,0.16944444444444445,0.1388888888888889,-0.04444444444444445,-0.03611111111111112
10284,0.019444444444444445,0.030555555555555555,0.02361111111111111,0.020833333333333332,-0.004166666666666666,0.006944444444444444
10285,0.5333333333333333,0.5069444444444444,0.5277777777777778,0.5555555555555556,0.005555555555555536,-0.02083333333333337
10286,0.15416666666666667,0.1625,0.1875,0.15555555555555556,-0.033333333333333326,-0.024999999999999994
10287,0.29583333333333334,0.2777777777777778,0.08194444444444444,0.14444444444444443,0.2138888888888889,0.19583333333333336
10288,0.03888888888888889,0.030555555555555555,0.03333333333333333,0.027777777777777776,0.005555555555555557,-0.0027777777777777783
10289,0.1638888888888889,0.17777777777777778,0.18194444444444444,0.15416666666666667,-0.018055555555555547,-0.004166666666666652
10290,0.0,0.002777777777777778,0.005555555555555556,0.005555555555555556,-0.005555555555555556,-0.002777777777777778
10291,0.15138888888888888,0.15555555555555556,0.14722222222222223,0.1388888888888889,0.004166666666666652,0.008333333333333331
10292,0.7791666666666667,0.7652777777777777,0.6736111111111112,0.7888888888888889,0.10555555555555551,0.09166666666666656
10293,0.8111111111111111,0.7944444444444444,0.8166666666666667,0.8138888888888889,-0.005555555555555536,-0.022222222222222254
10294,0.018055555555555554,0.015277777777777777,0.02361111111111111,0.015277777777777777,-0.005555555555555557,-0.008333333333333333
10295,0.019444444444444445,0.016666666666666666,0.009722222222222222,0.009722222222222222,0.009722222222222222,0.006944444444444444
10296,0.025,0.04722222222222222,0.025,0.04027777777777778,0.0,0.02222222222222222
10297,0.058333333333333334,0.06388888888888888,0.0625,0.06111111111111111,-0.004166666666666666,0.001388888888888884
10298,0.3638888888888889,0.3736111111111111,0.3763888888888889,0.38055555555555554,-0.012500000000000011,-0.002777777777777768
10299,0.008333333333333333,0.008333333333333333,0.008333333333333333,0.008333333333333333,0.0,0.0
10300,0.025,0.043055555555555555,0.1125,0.011111111111111112,-0.0875,-0.06944444444444445
10301,0.12638888888888888,0.14027777777777778,0.16944444444444445,0.14583333333333334,-0.04305555555555557,-0.029166666666666674
10302,1.3736111111111111,1.4236111111111112,1.2555555555555555,1.3916666666666666,0.11805555555555558,0.16805555555555562
10303,0.0,0.001388888888888889,0.002777777777777778,0.004166666666666667,-0.002777777777777778,-0.001388888888888889
10304,0.1375,0.12916666666666668,0.13472222222222222,0.12777777777777777,0.0027777777777777957,-0.005555555555555536
10305,0.24722222222222223,0.2375,0.24166666666666667,0.2125,0.005555555555555564,-0.00416666666666668
10313,0.12638888888888888,0.15833333333333333,0.12638888888888888,0.1361111111111111,0.0,0.03194444444444444
10314,0.020833333333333332,0.015277777777777777,0.02638888888888889,0.018055555555555554,-0.005555555555555557,-0.011111111111111112
10315,0.002777777777777778,0.011111111111111112,0.011111111111111112,0.009722222222222222,-0.008333333333333333,0.0
10316,0.020833333333333332,0.020833333333333332,0.016666666666666666,0.019444444444444445,0.004166666666666666,0.004166666666666666
10317,0.03611111111111111,0.029166666666666667,0.05,0.03333333333333333,-0.013888888888888895,-0.020833333333333336
10318,0.018055555555555554,0.016666666666666666,0.018055555555555554,0.018055555555555554,0.0,-0.0013888888888888874
10319,0.011111111111111112,0.011111111111111112,0.0125,0.0125,-0.0013888888888888892,-0.0013888888888888892
10322,0.022222222222222223,0.019444444444444445,0.029166666666666667,0.027777777777777776,-0.006944444444444444,-0.009722222222222222
10323,0.020833333333333332,0.02361111111111111,0.030555555555555555,0.027777777777777776,-0.009722222222222222,-0.006944444444444444
10328,0.12361111111111112,0.11805555555555555,0.12638888888888888,0.11527777777777778,-0.002777777777777768,-0.008333333333333331
10329,0.29444444444444445,0.2972222222222222,0.23055555555555557,0.3472222222222222,0.06388888888888888,0.06666666666666665
10330,0.0,0.0,0.022222222222222223,0.001388888888888889,-0.022222222222222223,-0.022222222222222223
10331,0.02638888888888889,0.03333333333333333,0.030555555555555555,0.03333333333333333,-0.004166666666666666,0.0027777777777777783
10332,0.016666666666666666,0.005555555555555556,0.0125,0.008333333333333333,0.004166666666666666,-0.006944444444444445
10333,0.059722222222222225,0.06111111111111111,0.05416666666666667,0.04861111111111111,0.005555555555555557,0.006944444444444441
10334,0.2013888888888889,0.1875,0.17083333333333334,0.19444444444444445,0.030555555555555558,0.016666666666666663
10335,2.5930555555555554,2.3694444444444445,0.12638888888888888,3.5541666666666667,2.466666666666667,2.2430555555555554
10336,0.9569444444444445,0.9444444444444444,0.07083333333333333,1.051388888888889,0.8861111111111112,0.8736111111111111
10337,0.23055555555555557,0.25277777777777777,0.20972222222222223,0.24722222222222223,0.020833333333333343,0.04305555555555554
10341,0.018055555555555554,0.013888888888888888,0.011111111111111112,0.0125,0.006944444444444442,0.0027777777777777766
10342,0.041666666666666664,0.041666666666666664,0.043055555555555555,0.041666666666666664,-0.001388888888888891,-0.001388888888888891
10343,1.0527777777777778,0.8291666666666667,0.8194444444444444,1.1041666666666667,0.2333333333333334,0.009722222222222299
10344,0.09583333333333334,0.09444444444444444,0.09861111111111111,0.09722222222222222,-0.002777777777777768,-0.004166666666666666
10345,0.11666666666666667,0.10833333333333334,0.10833333333333334,0.11805555555555555,0.008333333333333331,0.0
10346,0.25277777777777777,0.24305555555555555,0.24722222222222223,0.22916666666666666,0.005555555555555536,-0.00416666666666668
10347,0.07916666666666666,0.07083333333333333,0.0763888888888889,0.07083333333333333,0.002777777777777768,-0.005555555555555564
10348,0.08611111111111111,0.10138888888888889,0.0763888888888889,0.1,0.009722222222222215,0.024999999999999994
10350,0.058333333333333334,0.058333333333333334,0.058333333333333334,0.058333333333333334,0.0,0.0
10357,0.09722222222222222,0.08472222222222223,0.09583333333333334,0.08888888888888889,0.001388888888888884,-0.011111111111111113
10358,0.1,0.10138888888888889,0.09722222222222222,0.1,0.002777777777777782,0.004166666666666666
10359,0.009722222222222222,0.011111111111111112,0.011111111111111112,0.009722222222222222,-0.0013888888888888892,0.0
10365,0.13333333333333333,0.14722222222222223,0.125,0.12777777777777777,0.008333333333333331,0.022222222222222227
10366,0.034722222222222224,0.03194444444444444,0.030555555555555555,0.03888888888888889,0.004166666666666669,0.0013888888888888874
10367,0.1736111111111111,0.18333333333333332,0.1763888888888889,0.17222222222222222,-0.0027777777777777957,0.00694444444444442
10368,0.0,0.0,0.0,0.001388888888888889,0.0,0.0
10369,0.06111111111111111,0.06666666666666667,0.075,0.059722222222222225,-0.013888888888888888,-0.008333333333333331
10370,0.1486111111111111,0.14444444444444443,0.11944444444444445,0.13194444444444445,0.02916666666666666,0.02499999999999998
10371,0.05,0.05,0.04722222222222222,0.05277777777777778,0.002777777777777782,0.002777777777777782
10372,0.15555555555555556,0.15138888888888888,0.1388888888888889,0.14444444444444443,0.016666666666666663,0.012499999999999983
10373,0.12222222222222222,0.13194444444444445,0.12083333333333333,0.13194444444444445,0.001388888888888884,0.011111111111111113
10374,0.15555555555555556,0.15,0.1361111111111111,0.1486111111111111,0.01944444444444446,0.013888888888888895
10375,0.03194444444444444,0.025,0.029166666666666667,0.029166666666666667,0.002777777777777775,-0.004166666666666666
10376,0.23055555555555557,0.23472222222222222,0.2,0.22361111111111112,0.030555555555555558,0.03472222222222221
10377,0.04027777777777778,0.05,0.05138888888888889,0.05555555555555555,-0.011111111111111106,-0.001388888888888884
10378,0.027777777777777776,0.0375,0.03888888888888889,0.030555555555555555,-0.011111111111111113,-0.001388888888888891
10379,0.3875,0.3902777777777778,0.33611111111111114,0.3527777777777778,0.05138888888888887,0.05416666666666664
10380,0.41805555555555557,0.4041666666666667,0.20833333333333334,0.44027777777777777,0.20972222222222223,0.19583333333333333
10381,0.10277777777777777,0.10833333333333334,0.17777777777777778,0.1125,-0.07500000000000001,-0.06944444444444445
10385,0.5916666666666667,0.5972222222222222,0.5944444444444444,0.5916666666666667,-0.002777777777777768,0.002777777777777768
10388,0.3375,0.31805555555555554,0.28888888888888886,0.30416666666666664,0.04861111111111116,0.029166666666666674
10395,0.18611111111111112,0.1625,0.18611111111111112,0.1736111111111111,0.0,-0.02361111111111111
10396,0.39166666666666666,0.32916666666666666,0.29444444444444445,0.29305555555555557,0.09722222222222221,0.03472222222222221
10401,0.14722222222222223,0.15833333333333333,0.14444444444444443,0.12638888888888888,0.0027777777777777957,0.013888888888888895
10402,0.19027777777777777,0.2111111111111111,0.19583333333333333,0.19305555555555556,-0.005555555555555564,0.015277777777777779
10403,0.24861111111111112,0.28194444444444444,0.275,0.26805555555555555,-0.026388888888888906,0.00694444444444442
10408,0.18611111111111112,0.17222222222222222,0.17916666666666667,0.16944444444444445,0.0069444444444444475,-0.0069444444444444475
10409,0.2875,0.3388888888888889,0.09861111111111111,0.3125,0.18888888888888888,0.2402777777777778
10410,0.0375,0.05,0.05416666666666667,0.04722222222222222,-0.01666666666666667,-0.004166666666666666
10411,0.11944444444444445,0.13472222222222222,0.12916666666666668,0.1375,-0.00972222222222223,0.005555555555555536
10414,0.18888888888888888,0.225,0.22361111111111112,0.20694444444444443,-0.03472222222222224,0.001388888888888884
10415,0.058333333333333334,0.06111111111111111,0.06111111111111111,0.06111111111111111,-0.002777777777777775,0.0
10416,0.07777777777777778,0.06666666666666667,0.10138888888888889,0.10555555555555556,-0.02361111111111111,-0.034722222222222224
10417,0.013888888888888888,0.020833333333333332,0.016666666666666666,0.009722222222222222,-0.0027777777777777783,0.004166666666666666
10418,0.44722222222222224,0.4375,0.40694444444444444,0.45,0.0402777777777778,0.030555555555555558
10419,1.4805555555555556,0.1486111111111111,0.13472222222222222,1.2986111111111112,1.3458333333333334,0.013888888888888895
10420,0.1597222222222222,0.175,0.1875,0.1763888888888889,-0.02777777777777779,-0.012500000000000011
10421,0.5597222222222222,0.5861111111111111,0.6152777777777778,0.5541666666666667,-0.05555555555555558,-0.029166666666666674
10422,0.23333333333333334,0.23333333333333334,0.24027777777777778,0.2375,-0.0069444444444444475,-0.0069444444444444475
10423,1.7666666666666666,0.4722222222222222,0.37222222222222223,2.073611111111111,1.3944444444444444,0.09999999999999998
10424,0.6694444444444444,0.5777777777777777,0.6916666666666667,0.6833333333333333,-0.022222222222222254,-0.11388888888888893
10425,0.12361111111111112,0.1,0.11527777777777778,0.12222222222222222,0.008333333333333331,-0.015277777777777779
10426,0.02361111111111111,0.029166666666666667,0.030555555555555555,0.03888888888888889,-0.006944444444444444,-0.0013888888888888874
10428,0.09166666666666666,0.10138888888888889,0.09305555555555556,0.09583333333333334,-0.0013888888888888978,0.008333333333333331
10429,0.22777777777777777,0.25416666666666665,0.2388888888888889,0.24305555555555555,-0.011111111111111127,0.015277777777777751
10430,0.23333333333333334,0.25416666666666665,0.225,0.23194444444444445,0.008333333333333331,0.029166666666666646
10431,0.17083333333333334,0.1736111111111111,0.19444444444444445,0.16805555555555557,-0.02361111111111111,-0.020833333333333343
10432,0.11527777777777778,0.1388888888888889,0.12638888888888888,0.125,-0.0111111111111111,0.012500000000000011
10433,0.06944444444444445,0.07361111111111111,0.08055555555555556,0.08611111111111111,-0.011111111111111113,-0.0069444444444444475
10434,0.2,0.20416666666666666,0.19722222222222222,0.19166666666666668,0.0027777777777777957,0.0069444444444444475
10436,0.21666666666666667,0.21388888888888888,0.20694444444444443,0.23472222222222222,0.009722222222222243,0.0069444444444444475
10437,0.15694444444444444,0.12222222222222222,0.09444444444444444,0.15138888888888888,0.0625,0.027777777777777776
10438,0.10694444444444444,0.11666666666666667,0.11944444444444445,0.11805555555555555,-0.012500000000000011,-0.002777777777777782
10439,0.32083333333333336,0.33055555555555555,0.3138888888888889,0.32222222222222224,0.006944444444444475,0.016666666666666663
10441,0.7805555555555556,0.7722222222222223,0.7625,0.7833333333333333,0.018055555555555602,0.009722222222222299
10443,0.6444444444444445,0.6472222222222223,0.6388888888888888,0.6652777777777777,0.005555555555555647,0.008333333333333415
10444,0.26944444444444443,0.25416666666666665,0.26805555555555555,0.27361111111111114,0.001388888888888884,-0.013888888888888895
10445,0.24861111111111112,0.24861111111111112,0.25,0.24722222222222223,-0.001388888888888884,-0.001388888888888884
10446,0.10277777777777777,0.10833333333333334,0.10972222222222222,0.09444444444444444,-0.0069444444444444475,-0.001388888888888884
10447,0.3472222222222222,0.3875,0.37083333333333335,0.4125,-0.023611111111111138,0.016666666666666663
10448,0.85,0.975,0.9930555555555556,1.1069444444444445,-0.1430555555555556,-0.018055555555555602
10449,0.1527777777777778,0.15416666666666667,0.1625,0.17916666666666667,-0.009722222222222215,-0.008333333333333331
10451,1.3416666666666666,1.05,1.0541666666666667,1.2194444444444446,0.28749999999999987,-0.004166666666666652
10452,0.2875,0.2652777777777778,0.2569444444444444,0.31527777777777777,0.030555555555555558,0.00833333333333336
10453,0.7041666666666667,0.7430555555555556,0.7166666666666667,0.7444444444444445,-0.012499999999999956,0.026388888888888906
10454,0.11388888888888889,0.09583333333333334,0.09166666666666666,0.08611111111111111,0.022222222222222227,0.00416666666666668
10456,0.5305555555555556,0.5277777777777778,0.5361111111111111,0.5111111111111111,-0.005555555555555536,-0.008333333333333304
10457,0.31666666666666665,0.3388888888888889,0.325,0.3527777777777778,-0.00833333333333336,0.013888888888888895
10458,0.2611111111111111,0.2652777777777778,0.2791666666666667,0.25555555555555554,-0.018055555555555547,-0.013888888888888895
10460,0.25416666666666665,0.2361111111111111,0.2569444444444444,0.24583333333333332,-0.002777777777777768,-0.020833333333333315
10462,0.16527777777777777,0.17083333333333334,0.1638888888888889,0.1527777777777778,0.001388888888888884,0.0069444444444444475
10467,0.2625,0.2611111111111111,0.2625,0.2638888888888889,0.0,-0.001388888888888884
10468,0.1125,0.10416666666666667,0.1125,0.11388888888888889,0.0,-0.008333333333333331
10469,0.4263888888888889,0.41388888888888886,0.4166666666666667,0.41805555555555557,0.009722222222222188,-0.0027777777777778234
10470,0.22083333333333333,0.2388888888888889,0.24027777777777778,0.2375,-0.01944444444444446,-0.001388888888888884
10471,0.1375,0.1361111111111111,0.13472222222222222,0.13472222222222222,0.0027777777777777957,0.001388888888888884
10472,0.3680555555555556,0.37083333333333335,0.36944444444444446,0.3680555555555556,-0.001388888888888884,0.001388888888888884
10474,0.17222222222222222,0.17777777777777778,0.1638888888888889,0.16666666666666666,0.008333333333333331,0.013888888888888895
10475,0.23055555555555557,0.20555555555555555,0.2361111111111111,0.2361111111111111,-0.005555555555555536,-0.030555555555555558
10477,0.6152777777777778,0.6027777777777777,0.6097222222222223,0.6083333333333333,0.005555555555555536,-0.006944444444444531
10478,0.6930555555555555,0.7194444444444444,0.6902777777777778,0.7194444444444444,0.002777777777777768,0.029166666666666674
10479,4.447222222222222,4.408333333333333,4.127777777777778,4.541666666666667,0.31944444444444375,0.280555555555555
10480,23.191666666666666,11.5,1.1777777777777778,11.79861111111111,22.01388888888889,10.322222222222223
10481,15.984722222222222,136.65972222222223,138.175,60.359722222222224,-122.1902777777778,-1.5152777777777828
10482,117.72777777777777,54.21944444444444,9.988888888888889,62.0125,107.73888888888888,44.230555555555554
10483,21.669444444444444,3.1930555555555555,3.363888888888889,13.5625,18.305555555555557,-0.1708333333333334
10484,9.194444444444445,9.784722222222221,7.975,9.904166666666667,1.219444444444445,1.8097222222222218
10485,0.11944444444444445,0.13472222222222222,0.11666666666666667,0.12083333333333333,0.002777777777777782,0.018055555555555547
10487,1.9319444444444445,3.727777777777778,3.511111111111111,3.7291666666666665,-1.5791666666666666,0.21666666666666679
10490,8.541666666666666,2.9277777777777776,2.798611111111111,4.2875,5.743055555555555,0.12916666666666643
10491,7.295833333333333,21.144444444444446,23.920833333333334,8.854166666666666,-16.625,-2.7763888888888886
10492,0.1763888888888889,0.175,0.17777777777777778,0.16805555555555557,-0.001388888888888884,-0.0027777777777777957
10493,0.3416666666666667,0.35694444444444445,0.2388888888888889,0.3638888888888889,0.10277777777777777,0.11805555555555555
10494,0.2777777777777778,0.25972222222222224,0.2902777777777778,0.2847222222222222,-0.012500000000000011,-0.030555555555555558
10495,0.11944444444444445,0.12638888888888888,0.14583333333333334,0.13055555555555556,-0.026388888888888892,-0.01944444444444446
10496,0.30833333333333335,0.31527777777777777,0.22777777777777777,0.2902777777777778,0.08055555555555557,0.0875
10497,0.25972222222222224,0.25,0.25277777777777777,0.2861111111111111,0.006944444444444475,-0.002777777777777768
10498,0.38055555555555554,0.37222222222222223,0.4041666666666667,0.39861111111111114,-0.023611111111111138,-0.03194444444444444
10499,0.44305555555555554,0.45416666666666666,0.4486111111111111,0.41944444444444445,-0.005555555555555591,0.005555555555555536
10500,0.4388888888888889,0.44027777777777777,0.41388888888888886,0.43472222222222223,0.025000000000000022,0.026388888888888906
10501,7.8375,7.777777777777778,7.772222222222222,7.834722222222222,0.06527777777777821,0.005555555555555536
10502,0.8069444444444445,0.8027777777777778,0.37777777777777777,0.7958333333333333,0.4291666666666667,0.42500000000000004
10503,1.413888888888889,1.2319444444444445,0.39444444444444443,0.8805555555555555,1.0194444444444446,0.8375000000000001
10504,0.018055555555555554,0.015277777777777777,0.013888888888888888,0.015277777777777777,0.004166666666666666,0.0013888888888888892
10505,0.2388888888888889,0.22916666666666666,0.225,0.24583333333333332,0.013888888888888895,0.004166666666666652
10506,0.03333333333333333,0.044444444444444446,0.0375,0.03611111111111111,-0.004166666666666666,0.0069444444444444475
10507,0.06111111111111111,0.07083333333333333,0.05277777777777778,0.06111111111111111,0.008333333333333331,0.018055555555555554
10508,12.827777777777778,12.376388888888888,11.640277777777778,14.32638888888889,1.1875,0.7361111111111107
10509,0.25,0.2916666666666667,0.2625,0.2652777777777778,-0.012500000000000011,0.029166666666666674
10510,0.07777777777777778,0.08333333333333333,0.08055555555555556,0.06527777777777778,-0.002777777777777782,0.002777777777777768
10511,0.09444444444444444,0.07777777777777778,0.06527777777777778,0.07083333333333333,0.02916666666666666,0.012499999999999997
10512,0.20416666666666666,0.06805555555555555,0.11388888888888889,0.1986111111111111,0.09027777777777778,-0.04583333333333334
10513,5.176388888888889,4.793055555555555,5.448611111111111,5.454166666666667,-0.27222222222222214,-0.6555555555555559
10514,9.801388888888889,9.415277777777778,10.22638888888889,9.944444444444445,-0.4250000000000007,-0.8111111111111118
10515,0.15416666666666667,0.13194444444444445,0.125,0.18333333333333332,0.029166666666666674,0.0069444444444444475
10516,0.008333333333333333,0.004166666666666667,0.004166666666666667,0.011111111111111112,0.004166666666666667,0.0
10517,13.134722222222223,12.605555555555556,13.463888888888889,13.345833333333333,-0.3291666666666657,-0.8583333333333325
10519,0.2777777777777778,0.28055555555555556,0.2638888888888889,0.31805555555555554,0.013888888888888895,0.016666666666666663
10520,20.866666666666667,20.108333333333334,21.266666666666666,20.9,-0.3999999999999986,-1.1583333333333314
10521,0.09722222222222222,0.06111111111111111,0.06805555555555555,0.09027777777777778,0.029166666666666674,-0.006944444444444441
10523,8.727777777777778,8.23611111111111,8.675,8.71111111111111,0.052777777777777146,-0.43888888888889
10524,0.059722222222222225,0.07083333333333333,0.06527777777777778,0.07361111111111111,-0.005555555555555557,0.00555555555555555
10525,0.12083333333333333,0.08888888888888889,0.12222222222222222,0.1111111111111111,-0.001388888888888884,-0.033333333333333326
10526,3.0319444444444446,2.1791666666666667,2.6194444444444445,3.688888888888889,0.4125000000000001,-0.44027777777777777
10527,0.043055555555555555,0.04861111111111111,0.03611111111111111,0.041666666666666664,0.0069444444444444475,0.012500000000000004
10528,0.07777777777777778,0.0763888888888889,0.09305555555555556,0.08611111111111111,-0.015277777777777779,-0.016666666666666663
10529,0.06944444444444445,0.0625,0.08888888888888889,0.07916666666666666,-0.019444444444444445,-0.026388888888888892
10530,0.016666666666666666,0.004166666666666667,0.004166666666666667,0.008333333333333333,0.0125,0.0
10531,0.08888888888888889,0.08888888888888889,0.08333333333333333,0.10138888888888889,0.005555555555555564,0.005555555555555564
10532,0.2263888888888889,0.19583333333333333,0.15833333333333333,0.2652777777777778,0.06805555555555556,0.037500000000000006
10533,0.03888888888888889,0.027777777777777776,0.03611111111111111,0.041666666666666664,0.002777777777777782,-0.008333333333333331
10534,10.043055555555556,9.783333333333333,10.48611111111111,12.190277777777778,-0.44305555555555465,-0.7027777777777775
10535,0.2013888888888889,0.21388888888888888,0.21944444444444444,0.2125,-0.018055555555555547,-0.005555555555555564
10536,0.5944444444444444,0.5791666666666667,0.6277777777777778,0.5833333333333334,-0.033333333333333326,-0.04861111111111105
10537,0.13333333333333333,0.125,0.07777777777777778,0.1361111111111111,0.05555555555555555,0.04722222222222222
10538,1.0694444444444444,1.0916666666666666,0.9986111111111111,1.0944444444444446,0.0708333333333333,0.09305555555555545
10539,5.331944444444445,4.661111111111111,5.7625,5.383333333333334,-0.43055555555555536,-1.1013888888888888
10540,0.6388888888888888,0.5930555555555556,0.8236111111111111,0.6625,-0.18472222222222223,-0.2305555555555555
10542,0.3402777777777778,0.37777777777777777,0.3597222222222222,0.31666666666666665,-0.01944444444444443,0.018055555555555547
10544,1.3055555555555556,0.4736111111111111,0.5152777777777777,0.5333333333333333,0.7902777777777779,-0.04166666666666663
10545,1.0625,0.6069444444444444,0.9652777777777778,1.0138888888888888,0.09722222222222221,-0.3583333333333334
10547,0.5222222222222223,0.5166666666666667,0.525,0.5222222222222223,-0.002777777777777768,-0.008333333333333304
10550,1.7444444444444445,1.3763888888888889,1.4152777777777779,1.3430555555555554,0.3291666666666666,-0.03888888888888897
10553,0.47638888888888886,0.1527777777777778,0.21944444444444444,0.1527777777777778,0.2569444444444444,-0.06666666666666665
10554,0.04722222222222222,0.05,0.044444444444444446,0.05138888888888889,0.002777777777777775,0.005555555555555557
10555,0.14027777777777778,0.13333333333333333,0.1361111111111111,0.1388888888888889,0.00416666666666668,-0.002777777777777768
10556,0.030555555555555555,0.03333333333333333,0.03888888888888889,0.03888888888888889,-0.008333333333333335,-0.005555555555555557
10557,0.4652777777777778,0.4847222222222222,0.48194444444444445,0.4777777777777778,-0.016666666666666663,0.002777777777777768
10558,0.06388888888888888,0.06388888888888888,0.05694444444444444,0.0625,0.006944444444444441,0.006944444444444441
10559,2.1444444444444444,2.0569444444444445,1.988888888888889,2.1708333333333334,0.15555555555555545,0.06805555555555554
10561,0.35694444444444445,0.35555555555555557,0.3625,0.3472222222222222,-0.005555555555555536,-0.00694444444444442
10562,0.12083333333333333,0.1111111111111111,0.12638888888888888,0.11666666666666667,-0.00555555555555555,-0.015277777777777779
10563,0.075,0.07916666666666666,0.06111111111111111,0.07777777777777778,0.013888888888888888,0.018055555555555554
10564,0.30416666666666664,0.30277777777777776,0.30694444444444446,0.3111111111111111,-0.0027777777777778234,-0.004166666666666707
10565,0.4625,0.44722222222222224,0.4722222222222222,0.4875,-0.009722222222222188,-0.024999999999999967
10566,0.33055555555555555,0.3402777777777778,0.3333333333333333,0.3236111111111111,-0.002777777777777768,0.006944444444444475
10567,1.1,1.0958333333333334,1.1555555555555554,1.1055555555555556,-0.05555555555555536,-0.05972222222222201
10568,0.08888888888888889,0.10555555555555556,0.06388888888888888,0.09305555555555556,0.02500000000000001,0.04166666666666667
10569,0.13055555555555556,0.1388888888888889,0.125,0.12777777777777777,0.005555555555555564,0.013888888888888895
10570,0.9986111111111111,0.9277777777777778,0.95,0.9402777777777778,0.04861111111111116,-0.022222222222222143
10571,0.04027777777777778,0.044444444444444446,0.03611111111111111,0.0375,0.004166666666666673,0.008333333333333338
10572,0.10833333333333334,0.11388888888888889,0.10972222222222222,0.11527777777777778,-0.001388888888888884,0.004166666666666666
10573,0.13472222222222222,0.15694444444444444,0.14444444444444443,0.14027777777777778,-0.009722222222222215,0.012500000000000011
10574,0.12638888888888888,0.16111111111111112,0.13055555555555556,0.12777777777777777,-0.00416666666666668,0.030555555555555558
10578,0.19444444444444445,0.2222222222222222,0.20972222222222223,0.22083333333333333,-0.015277777777777779,0.012499999999999983
10579,0.19722222222222222,0.1763888888888889,0.2111111111111111,0.19722222222222222,-0.013888888888888895,-0.03472222222222221
10584,0.03611111111111111,0.03611111111111111,0.0375,0.03611111111111111,-0.001388888888888891,-0.001388888888888891
10585,0.0763888888888889,0.08472222222222223,0.0763888888888889,0.08472222222222223,0.0,0.008333333333333331
10586,0.30972222222222223,0.3236111111111111,0.3277777777777778,0.325,-0.018055555555555547,-0.004166666666666652
10587,0.10416666666666667,0.09305555555555556,0.11805555555555555,0.09583333333333334,-0.013888888888888881,-0.024999999999999994
10588,0.35833333333333334,0.33194444444444443,0.3263888888888889,0.33055555555555555,0.03194444444444444,0.005555555555555536
10589,0.08611111111111111,0.0875,0.09166666666666666,0.09444444444444444,-0.00555555555555555,-0.004166666666666666
10590,0.7513888888888889,0.6888888888888889,0.6569444444444444,0.7097222222222223,0.09444444444444444,0.03194444444444444
10592,0.006944444444444444,0.009722222222222222,0.011111111111111112,0.009722222222222222,-0.0041666666666666675,-0.0013888888888888892
10593,0.3472222222222222,0.3125,0.3055555555555556,0.35555555555555557,0.04166666666666663,0.00694444444444442
10594,1.225,1.2152777777777777,1.2527777777777778,1.2583333333333333,-0.02777777777777768,-0.03750000000000009
10595,1.9638888888888888,1.9638888888888888,1.9638888888888888,1.9638888888888888,0.0,0.0
10596,0.16111111111111112,0.1638888888888889,0.16944444444444445,0.16805555555555557,-0.008333333333333331,-0.005555555555555564
10597,1.113888888888889,1.1069444444444445,1.1,1.0930555555555554,0.01388888888888884,0.00694444444444442
10598,0.8263888888888888,0.8208333333333333,0.8277777777777777,0.825,-0.001388888888888884,-0.00694444444444442
10599,0.016666666666666666,0.013888888888888888,0.018055555555555554,0.016666666666666666,-0.0013888888888888874,-0.004166666666666666
10600,0.005555555555555556,0.0125,0.005555555555555556,0.011111111111111112,0.0,0.006944444444444445
10601,0.002777777777777778,0.0,0.0,0.0,0.002777777777777778,0.0
10602,0.001388888888888889,0.001388888888888889,0.004166666666666667,0.005555555555555556,-0.0027777777777777775,-0.0027777777777777775
10603,0.37916666666666665,0.39166666666666666,0.4027777777777778,0.4444444444444444,-0.023611111111111138,-0.011111111111111127
10605,0.5013888888888889,0.5013888888888889,0.49444444444444446,0.4986111111111111,0.00694444444444442,0.00694444444444442
10606,0.015277777777777777,0.011111111111111112,0.009722222222222222,0.009722222222222222,0.005555555555555555,0.0013888888888888892
10607,0.2388888888888889,0.23055555555555557,0.2013888888888889,0.19027777777777777,0.037500000000000006,0.029166666666666674
10608,0.15138888888888888,0.15138888888888888,0.15,0.15138888888888888,0.001388888888888884,0.001388888888888884
10609,0.25833333333333336,0.2513888888888889,0.6097222222222223,0.24305555555555555,-0.3513888888888889,-0.3583333333333334
10610,0.009722222222222222,0.015277777777777777,0.02361111111111111,0.013888888888888888,-0.013888888888888888,-0.008333333333333333
10611,0.013888888888888888,0.0125,0.019444444444444445,0.019444444444444445,-0.005555555555555557,-0.006944444444444444
10614,0.33055555555555555,0.3277777777777778,0.3472222222222222,0.3736111111111111,-0.016666666666666663,-0.01944444444444443
10615,0.1375,0.15,0.14722222222222223,0.12222222222222222,-0.009722222222222215,0.002777777777777768
10616,0.13333333333333333,0.14166666666666666,0.12777777777777777,0.11666666666666667,0.005555555555555564,0.013888888888888895
10617,0.0375,0.043055555555555555,0.05277777777777778,0.05138888888888889,-0.015277777777777779,-0.009722222222222222
10618,0.30416666666666664,0.30277777777777776,0.2986111111111111,0.30694444444444446,0.005555555555555536,0.004166666666666652
10619,0.6930555555555555,0.6666666666666666,0.5055555555555555,0.6569444444444444,0.1875,0.1611111111111111
10620,0.17083333333333334,0.18055555555555555,0.24305555555555555,0.1986111111111111,-0.07222222222222222,-0.0625
10621,12.218055555555555,12.7875,13.940277777777778,14.641666666666667,-1.7222222222222232,-1.1527777777777786
10623,0.11944444444444445,0.12222222222222222,0.125,0.15,-0.00555555555555555,-0.002777777777777782
10624,0.09583333333333334,0.09027777777777778,0.08611111111111111,0.10694444444444444,0.00972222222222223,0.004166666666666666
10625,0.23055555555555557,0.2388888888888889,0.38055555555555554,0.20972222222222223,-0.14999999999999997,-0.14166666666666664
10626,0.059722222222222225,0.05555555555555555,0.05277777777777778,0.06527777777777778,0.0069444444444444475,0.002777777777777775
10627,0.05138888888888889,0.05138888888888889,0.1125,0.07916666666666666,-0.061111111111111116,-0.061111111111111116
10628,0.16666666666666666,0.19166666666666668,0.1763888888888889,0.19027777777777777,-0.009722222222222243,0.015277777777777779
10629,2.3694444444444445,2.2222222222222223,2.725,1.8569444444444445,-0.3555555555555556,-0.5027777777777778
10630,0.14305555555555555,0.15,0.15,0.15833333333333333,-0.0069444444444444475,0.0
10631,0.16111111111111112,0.1625,0.14305555555555555,0.1597222222222222,0.018055555555555575,0.01944444444444446
10632,0.12916666666666668,0.12916666666666668,0.12638888888888888,0.12777777777777777,0.0027777777777777957,0.0027777777777777957
10633,0.6291666666666667,0.6138888888888889,0.6444444444444445,0.6208333333333333,-0.015277777777777835,-0.030555555555555558
10634,0.8902777777777777,0.9319444444444445,0.9958333333333333,1.136111111111111,-0.10555555555555562,-0.06388888888888888
10635,0.7902777777777777,0.7902777777777777,0.8861111111111111,0.9194444444444444,-0.09583333333333333,-0.09583333333333333
10636,0.23194444444444445,0.23333333333333334,0.23333333333333334,0.2375,-0.001388888888888884,0.0
10637,14.143055555555556,13.54861111111111,1.0777777777777777,1.0694444444444444,13.065277777777778,12.470833333333333
10638,31.47222222222222,34.923611111111114,7.344444444444444,7.626388888888889,24.127777777777776,27.57916666666667
10639,44.666666666666664,42.40833333333333,4.419444444444444,4.301388888888889,40.24722222222222,37.98888888888889
10640,0.34444444444444444,0.3416666666666667,0.36527777777777776,0.3680555555555556,-0.020833333333333315,-0.023611111111111083
10641,1.8930555555555555,2.1944444444444446,2.9652777777777777,5.930555555555555,-1.0722222222222222,-0.770833333333333
10642,0.7222222222222222,0.7902777777777777,0.8833333333333333,1.0833333333333333,-0.1611111111111111,-0.09305555555555556
10643,2.620833333333333,2.7888888888888888,2.7555555555555555,12.598611111111111,-0.1347222222222224,0.033333333333333215
10644,28.243055555555557,22.102777777777778,23.9625,23.9875,4.2805555555555586,-1.8597222222222207
10645,4.819444444444445,5.626388888888889,4.723611111111111,5.690277777777778,0.09583333333333321,0.9027777777777777
10646,16.866666666666667,11.805555555555555,7.594444444444444,11.02361111111111,9.272222222222222,4.211111111111111
10647,0.5347222222222222,0.5083333333333333,0.5458333333333333,0.6888888888888889,-0.011111111111111072,-0.03749999999999998
10649,1.2347222222222223,1.3027777777777778,1.2138888888888888,5.301388888888889,0.02083333333333348,0.08888888888888902
10650,0.2833333333333333,0.2986111111111111,0.3125,0.32916666666666666,-0.029166666666666674,-0.013888888888888895
10651,0.3486111111111111,0.3375,0.3736111111111111,0.3763888888888889,-0.025000000000000022,-0.036111111111111094
10653,0.18055555555555555,0.19583333333333333,0.1986111111111111,0.18611111111111112,-0.018055555555555547,-0.002777777777777768
10654,0.7472222222222222,0.7416666666666667,0.7263888888888889,0.7861111111111111,0.02083333333333337,0.015277777777777835
10655,0.43194444444444446,0.37777777777777777,0.4027777777777778,0.45,0.029166666666666674,-0.025000000000000022
10656,0.08333333333333333,0.06944444444444445,0.09166666666666666,0.08055555555555556,-0.008333333333333331,-0.022222222222222213
10657,0.04583333333333333,0.05277777777777778,0.059722222222222225,0.05277777777777778,-0.013888888888888895,-0.0069444444444444475
10658,0.0125,0.008333333333333333,0.0125,0.0125,0.0,-0.0041666666666666675
10659,3.236111111111111,1.1236111111111111,0.9819444444444444,3.0597222222222222,2.254166666666667,0.14166666666666672
10660,0.45416666666666666,0.15416666666666667,0.6833333333333333,0.4375,-0.22916666666666669,-0.5291666666666667
10661,1.4861111111111112,1.4055555555555554,1.4208333333333334,1.6319444444444444,0.06527777777777777,-0.015277777777777946
10662,0.3194444444444444,0.3236111111111111,0.33611111111111114,0.3333333333333333,-0.01666666666666672,-0.012500000000000011
10663,0.08472222222222223,0.08611111111111111,0.09027777777777778,0.09722222222222222,-0.00555555555555555,-0.004166666666666666
10664,0.2986111111111111,0.33611111111111114,0.2847222222222222,0.3263888888888889,0.013888888888888895,0.05138888888888893
10665,0.058333333333333334,0.05138888888888889,0.05138888888888889,0.058333333333333334,0.0069444444444444475,0.0
10666,0.08888888888888889,0.075,0.06805555555555555,0.09027777777777778,0.020833333333333343,0.0069444444444444475
10667,0.1388888888888889,0.14027777777777778,0.13055555555555556,0.14444444444444443,0.008333333333333331,0.009722222222222215
10668,0.15,0.14444444444444443,0.12916666666666668,0.13333333333333333,0.020833333333333315,0.015277777777777751
10669,0.08055555555555556,0.0875,0.08333333333333333,0.08194444444444444,-0.002777777777777768,0.004166666666666666
10670,0.1375,0.13472222222222222,0.13472222222222222,0.13472222222222222,0.0027777777777777957,0.0
10671,0.10555555555555556,0.09444444444444444,0.07083333333333333,0.10277777777777777,0.034722222222222224,0.02361111111111111
10672,0.24166666666666667,0.2569444444444444,0.1875,0.2513888888888889,0.05416666666666667,0.06944444444444442
10673,0.05138888888888889,0.06111111111111111,0.05277777777777778,0.05,-0.001388888888888891,0.008333333333333331
10674,0.1388888888888889,0.12916666666666668,0.15138888888888888,0.1486111111111111,-0.012499999999999983,-0.0222222222222222
10675,0.2638888888888889,0.2375,0.20277777777777778,0.24861111111111112,0.061111111111111116,0.03472222222222221
10676,0.09166666666666666,0.08472222222222223,0.08888888888888889,0.09027777777777778,0.002777777777777768,-0.004166666666666666
10677,0.1388888888888889,0.1597222222222222,0.14305555555555555,0.1625,-0.004166666666666652,0.016666666666666663
10678,0.22777777777777777,0.25277777777777777,0.20972222222222223,0.24722222222222223,0.018055555555555547,0.04305555555555554
10679,0.26666666666666666,0.30694444444444446,0.3013888888888889,0.2847222222222222,-0.03472222222222221,0.005555555555555591
10681,32.30694444444445,35.96111111111111,2.1305555555555555,3.8722222222222222,30.17638888888889,33.830555555555556
10682,25.691666666666666,23.3375,24.775,18.82638888888889,0.9166666666666679,-1.4375
10683,1.1847222222222222,0.7027777777777777,0.6888888888888889,1.0847222222222221,0.49583333333333335,0.01388888888888884
10684,0.08055555555555556,0.08888888888888889,0.075,0.07222222222222222,0.005555555555555564,0.013888888888888895
10685,0.37222222222222223,0.2763888888888889,0.3875,0.44305555555555554,-0.015277777777777779,-0.1111111111111111
10686,2.411111111111111,0.7069444444444445,0.9333333333333333,2.223611111111111,1.4777777777777776,-0.22638888888888886
10687,0.09861111111111111,0.10138888888888889,0.10138888888888889,0.09444444444444444,-0.002777777777777782,0.0
10688,0.06388888888888888,0.05694444444444444,0.059722222222222225,0.05138888888888889,0.004166666666666659,-0.002777777777777782
10689,0.8722222222222222,0.8847222222222222,0.8583333333333333,0.925,0.01388888888888895,0.026388888888888906
10690,0.14166666666666666,0.1527777777777778,0.175,0.15,-0.033333333333333326,-0.0222222222222222
10691,0.2263888888888889,0.2152777777777778,0.23472222222222222,0.19166666666666668,-0.008333333333333331,-0.01944444444444443
10692,0.11388888888888889,0.1125,0.12222222222222222,0.11388888888888889,-0.008333333333333331,-0.009722222222222215
10693,0.5347222222222222,0.7055555555555556,0.5916666666666667,0.5361111111111111,-0.056944444444444464,0.11388888888888893
10694,0.35833333333333334,0.2263888888888889,0.2638888888888889,0.3888888888888889,0.09444444444444444,-0.037500000000000006
10695,0.5041666666666667,1.038888888888889,0.6125,0.5277777777777778,-0.10833333333333339,0.42638888888888893
10696,0.09722222222222222,0.0763888888888889,0.10972222222222222,0.07777777777777778,-0.012499999999999997,-0.033333333333333326
10697,0.17083333333333334,0.16666666666666666,0.1763888888888889,0.175,-0.005555555555555564,-0.009722222222222243
10698,0.7111111111111111,0.7125,0.7902777777777777,0.7208333333333333,-0.07916666666666661,-0.07777777777777772
10699,14.265277777777778,14.155555555555555,14.193055555555556,11.230555555555556,0.07222222222222108,-0.03750000000000142
10701,0.9875,0.9861111111111112,0.9861111111111112,0.9916666666666667,0.001388888888888884,0.0
10702,0.015277777777777777,0.016666666666666666,0.022222222222222223,0.022222222222222223,-0.006944444444444446,-0.005555555555555557
10703,0.6986111111111111,0.7125,0.6986111111111111,0.6986111111111111,0.0,0.01388888888888895
10705,0.2722222222222222,0.2722222222222222,0.2722222222222222,0.2722222222222222,0.0,0.0
10707,0.2388888888888889,0.33194444444444443,0.25555555555555554,0.22916666666666666,-0.016666666666666635,0.0763888888888889
10709,0.18333333333333332,0.22916666666666666,0.20416666666666666,0.20277777777777778,-0.020833333333333343,0.024999999999999994
10711,0.3194444444444444,0.34444444444444444,0.3055555555555556,0.31527777777777777,0.01388888888888884,0.03888888888888886
10713,0.39444444444444443,0.38055555555555554,0.3902777777777778,0.3541666666666667,0.004166666666666652,-0.009722222222222243
10715,0.3236111111111111,0.3888888888888889,0.3416666666666667,0.34444444444444444,-0.018055555555555547,0.04722222222222222
10720,0.13333333333333333,0.18333333333333332,0.14444444444444443,0.15,-0.0111111111111111,0.03888888888888889
10721,0.30416666666666664,0.30416666666666664,0.30416666666666664,0.30416666666666664,0.0,0.0
10722,0.2902777777777778,0.2902777777777778,0.2902777777777778,0.2902777777777778,0.0,0.0
10723,0.19166666666666668,0.19166666666666668,0.19166666666666668,0.19166666666666668,0.0,0.0
10724,0.2625,0.2625,0.2625,0.2625,0.0,0.0
10725,0.09583333333333334,0.11944444444444445,0.09722222222222222,0.09305555555555556,-0.001388888888888884,0.022222222222222227
10726,0.17777777777777778,0.22361111111111112,0.175,0.18472222222222223,0.0027777777777777957,0.04861111111111113
10727,0.18055555555555555,0.18055555555555555,0.18055555555555555,0.18055555555555555,0.0,0.0
10728,0.3013888888888889,0.3013888888888889,0.3013888888888889,0.3013888888888889,0.0,0.0
10729,0.28194444444444444,0.28194444444444444,0.28194444444444444,0.28194444444444444,0.0,0.0
10730,0.1375,0.30277777777777776,0.15138888888888888,0.15138888888888888,-0.013888888888888867,0.15138888888888888
10731,0.10416666666666667,0.10972222222222222,0.10555555555555556,0.10694444444444444,-0.001388888888888884,0.004166666666666666
10732,0.36527777777777776,0.37777777777777777,0.3736111111111111,0.3902777777777778,-0.00833333333333336,0.004166666666666652
10733,0.34444444444444444,0.3486111111111111,0.33194444444444443,0.34444444444444444,0.012500000000000011,0.016666666666666663
10734,0.12083333333333333,0.11666666666666667,0.12638888888888888,0.12777777777777777,-0.00555555555555555,-0.009722222222222215
10735,0.059722222222222225,0.059722222222222225,0.059722222222222225,0.059722222222222225,0.0,0.0
10736,0.12361111111111112,0.12361111111111112,0.12361111111111112,0.12361111111111112,0.0,0.0
10737,0.15833333333333333,0.15833333333333333,0.15833333333333333,0.15833333333333333,0.0,0.0
10738,0.2722222222222222,0.2722222222222222,0.2722222222222222,0.2722222222222222,0.0,0.0
10739,0.10416666666666667,0.19027777777777777,0.11666666666666667,0.13333333333333333,-0.012499999999999997,0.0736111111111111
10740,0.23333333333333334,0.30277777777777776,0.2611111111111111,0.2375,-0.02777777777777779,0.04166666666666663
10741,0.2847222222222222,0.26944444444444443,0.24305555555555555,0.28888888888888886,0.04166666666666666,0.02638888888888888
10742,0.34305555555555556,0.37222222222222223,0.30416666666666664,0.3194444444444444,0.03888888888888892,0.06805555555555559
10743,0.4722222222222222,0.5013888888888889,0.45694444444444443,0.4986111111111111,0.015277777777777779,0.04444444444444445
10744,0.2638888888888889,0.3347222222222222,0.2763888888888889,0.25277777777777777,-0.012500000000000011,0.05833333333333329
10745,0.2361111111111111,0.20972222222222223,0.24444444444444444,0.24305555555555555,-0.008333333333333331,-0.03472222222222221
10746,0.275,0.29305555555555557,0.2791666666666667,0.2847222222222222,-0.004166666666666652,0.013888888888888895
10747,0.08888888888888889,0.10277777777777777,0.09027777777777778,0.09166666666666666,-0.001388888888888884,0.012499999999999997
10748,0.23194444444444445,0.2611111111111111,0.24027777777777778,0.24861111111111112,-0.008333333333333331,0.020833333333333343
10749,0.43333333333333335,0.41805555555555557,0.3819444444444444,0.44583333333333336,0.05138888888888893,0.03611111111111115
10750,0.3277777777777778,0.3125,0.3194444444444444,0.3347222222222222,0.00833333333333336,-0.00694444444444442
10751,0.19722222222222222,0.175,0.18472222222222223,0.19166666666666668,0.012499999999999983,-0.009722222222222243
10752,0.48194444444444445,0.46805555555555556,0.49027777777777776,0.48194444444444445,-0.008333333333333304,-0.0222222222222222
10753,0.3972222222222222,0.39444444444444443,0.3902777777777778,0.3958333333333333,0.00694444444444442,0.004166666666666652
10754,0.2361111111111111,0.22916666666666666,0.2263888888888889,0.2361111111111111,0.009722222222222215,0.002777777777777768
10755,0.058333333333333334,0.058333333333333334,0.058333333333333334,0.058333333333333334,0.0,0.0
10756,0.044444444444444446,0.044444444444444446,0.044444444444444446,0.044444444444444446,0.0,0.0
10757,0.019444444444444445,0.019444444444444445,0.019444444444444445,0.019444444444444445,0.0,0.0
10758,0.9055555555555556,0.9208333333333333,0.9416666666666667,0.9277777777777778,-0.036111111111111094,-0.02083333333333337
10759,0.45555555555555555,0.46111111111111114,0.46805555555555556,0.46944444444444444,-0.012500000000000011,-0.00694444444444442
10760,0.6902777777777778,0.65,0.6694444444444444,0.6638888888888889,0.02083333333333337,-0.019444444444444375
10761,0.41944444444444445,0.4111111111111111,0.39166666666666666,0.41805555555555557,0.02777777777777779,0.01944444444444443
10762,0.25416666666666665,0.25,0.24444444444444444,0.2569444444444444,0.009722222222222215,0.005555555555555564
10763,0.3388888888888889,0.3402777777777778,0.3375,0.3347222222222222,0.001388888888888884,0.002777777777777768
10764,0.43333333333333335,0.4388888888888889,0.43333333333333335,0.43333333333333335,0.0,0.005555555555555536
10765,0.42777777777777776,0.4111111111111111,0.40555555555555556,0.4236111111111111,0.0222222222222222,0.005555555555555536
10766,0.22361111111111112,0.225,0.23194444444444445,0.22361111111111112,-0.008333333333333331,-0.0069444444444444475
10767,0.3138888888888889,0.30694444444444446,0.30694444444444446,0.31805555555555554,0.00694444444444442,0.0
10768,0.14444444444444443,0.1527777777777778,0.15416666666666667,0.16666666666666666,-0.009722222222222243,-0.001388888888888884
10769,0.24166666666666667,0.22916666666666666,0.23055555555555557,0.24166666666666667,0.0111111111111111,-0.0013888888888889117
10770,0.20416666666666666,0.3472222222222222,0.225,0.19583333333333333,-0.020833333333333343,0.1222222222222222
121008402,10.720833333333333,6.618055555555555,7.127777777777778,6.736111111111111,3.593055555555555,-0.5097222222222229
1210006903,12.641666666666667,12.33611111111111,12.2875,12.477777777777778,0.35416666666666785,0.048611111111110716
1210008202,0.7472222222222222,0.6652777777777777,0.7333333333333333,0.6416666666666667,0.01388888888888895,-0.06805555555555554
1210008203,3.15,3.379166666666667,4.218055555555556,3.2,-1.068055555555556,-0.838888888888889
1210008303,10.922222222222222,9.981944444444444,8.370833333333334,9.7,2.551388888888889,1.6111111111111107
1210008401,18.594444444444445,18.197222222222223,20.583333333333332,17.670833333333334,-1.9888888888888872,-2.3861111111111093
1210008402,4.093055555555556,4.144444444444445,4.102777777777778,4.165277777777778,-0.009722222222221966,0.04166666666666696
1210008501,7.566666666666666,7.111111111111111,8.294444444444444,7.491666666666666,-0.7277777777777779,-1.1833333333333336
1210008603,4.320833333333334,4.531944444444444,1.8041666666666667,4.847222222222222,2.516666666666667,2.7277777777777774
1210008703,3.6375,2.8041666666666667,2.623611111111111,3.5694444444444446,1.0138888888888893,0.1805555555555558
1210009402,2.4652777777777777,2.7555555555555555,3.738888888888889,2.448611111111111,-1.2736111111111112,-0.9833333333333334
1210009403,2.3305555555555557,2.348611111111111,4.301388888888889,2.4055555555555554,-1.9708333333333332,-1.952777777777778
1210009502,0.6041666666666666,0.44583333333333336,0.2763888888888889,0.5236111111111111,0.3277777777777777,0.16944444444444445
1210009503,7.976388888888889,6.851388888888889,4.280555555555556,6.395833333333333,3.695833333333333,2.570833333333333
1210009600,1.2944444444444445,1.5180555555555555,1.6097222222222223,1.5791666666666666,-0.31527777777777777,-0.09166666666666679
1210009700,1.8111111111111111,2.026388888888889,3.484722222222222,1.825,-1.673611111111111,-1.458333333333333
1210012001,0.6958333333333333,0.5458333333333333,0.6013888888888889,0.6458333333333334,0.09444444444444444,-0.05555555555555558
1210012101,3.154166666666667,3.1222222222222222,3.4277777777777776,2.9472222222222224,-0.2736111111111108,-0.30555555555555536
1210012103,1.1583333333333334,1.0958333333333334,1.0333333333333334,1.0986111111111112,0.125,0.0625
1210012600,8.323611111111111,5.330555555555556,4.779166666666667,5.543055555555555,3.5444444444444443,0.5513888888888889
1210012700,14.25,11.290277777777778,6.588888888888889,9.990277777777777,7.661111111111111,4.701388888888889
1210014303,5.366666666666666,4.977777777777778,6.6194444444444445,6.825,-1.2527777777777782,-1.6416666666666666
1210015600,1.9458333333333333,1.9333333333333333,1.9194444444444445,1.925,0.026388888888888795,0.01388888888888884
1210015700,3.251388888888889,3.2527777777777778,2.834722222222222,3.2111111111111112,0.41666666666666696,0.4180555555555556
1210018202,1.7791666666666666,1.761111111111111,1.773611111111111,1.8347222222222221,0.005555555555555536,-0.012499999999999956
1210018302,23.095833333333335,23.84861111111111,25.647222222222222,22.434722222222224,-2.551388888888887,-1.7986111111111107
1210018401,7.4527777777777775,3.673611111111111,3.209722222222222,3.2819444444444446,4.243055555555555,0.463888888888889
1210018504,1.1513888888888888,1.0777777777777777,1.2013888888888888,1.1444444444444444,-0.050000000000000044,-0.12361111111111112
1210019201,4.766666666666667,4.786111111111111,4.888888888888889,4.836111111111111,-0.12222222222222268,-0.10277777777777786
1210021204,25.586111111111112,20.17361111111111,19.945833333333333,19.870833333333334,5.640277777777779,0.22777777777777786
1210021304,16.083333333333332,15.115277777777777,15.693055555555556,15.802777777777777,0.3902777777777757,-0.5777777777777793
1210021904,21.426388888888887,21.559722222222224,19.565277777777776,21.32638888888889,1.8611111111111107,1.9944444444444471
1220000102,5.4222222222222225,5.433333333333334,5.319444444444445,5.466666666666667,0.10277777777777786,0.11388888888888893
1220000201,11.0125,10.502777777777778,6.8277777777777775,12.184722222222222,4.184722222222222,3.6750000000000007
1220000300,0.45416666666666666,0.4722222222222222,0.4013888888888889,0.4388888888888889,0.05277777777777776,0.0708333333333333
1220000402,9.833333333333334,10.097222222222221,10.847222222222221,10.504166666666666,-1.0138888888888875,-0.75
1220000502,9.341666666666667,9.379166666666666,9.343055555555555,9.372222222222222,-0.0013888888888882178,0.03611111111111143
1220000600,0.26805555555555555,0.28194444444444444,0.2833333333333333,0.29305555555555557,-0.015277777777777779,-0.001388888888888884
1220000704,12.786111111111111,12.797222222222222,13.2625,12.706944444444444,-0.47638888888888786,-0.4652777777777768
1220000803,10.015277777777778,10.275,10.668055555555556,10.3875,-0.6527777777777786,-0.3930555555555557
1220001100,1.2805555555555554,1.2819444444444446,1.2791666666666666,1.2875,0.001388888888888884,0.00277777777777799
1220001200,10.929166666666667,10.929166666666667,10.929166666666667,10.929166666666667,0.0,0.0
1220001501,17.975,17.979166666666668,17.980555555555554,17.980555555555554,-0.005555555555552871,-0.0013888888888864415
1220001602,2.988888888888889,2.9819444444444443,2.9791666666666665,2.9819444444444443,0.00972222222222241,0.002777777777777768
1220001900,3.248611111111111,3.248611111111111,3.248611111111111,3.248611111111111,0.0,0.0
1220002001,7.001388888888889,7.051388888888889,6.980555555555555,7.1,0.020833333333333925,0.07083333333333375
1220002202,11.866666666666667,11.9,11.908333333333333,11.9,-0.041666666666666075,-0.00833333333333286
1220002302,2.202777777777778,2.2111111111111112,2.201388888888889,2.201388888888889,0.001388888888889106,0.00972222222222241
1220006403,5.677777777777778,5.458333333333333,5.469444444444444,6.025,0.20833333333333393,-0.011111111111111072
1220006503,7.0680555555555555,6.9625,6.154166666666667,7.3875,0.9138888888888888,0.8083333333333336
1220006801,5.35,5.351388888888889,5.5875,5.5055555555555555,-0.2375000000000007,-0.2361111111111116
1220006803,12.988888888888889,13.011111111111111,13.454166666666667,13.295833333333333,-0.46527777777777857,-0.4430555555555564
1220006903,28.66111111111111,27.377777777777776,23.647222222222222,27.569444444444443,5.013888888888889,3.7305555555555543
1220007001,10.705555555555556,12.088888888888889,9.016666666666667,10.805555555555555,1.6888888888888882,3.072222222222221
1220007004,4.3694444444444445,4.470833333333333,4.527777777777778,4.475,-0.15833333333333321,-0.056944444444444464
1220007101,8.105555555555556,7.5055555555555555,7.231944444444444,7.930555555555555,0.8736111111111118,0.27361111111111125
1220007104,14.008333333333333,14.6625,5.545833333333333,12.386111111111111,8.462499999999999,9.116666666666667
1220007200,42.30416666666667,26.595833333333335,31.997222222222224,41.393055555555556,10.306944444444444,-5.401388888888889
1220007300,4.594444444444444,4.7625,4.570833333333334,4.752777777777778,0.02361111111111036,0.19166666666666643
1220007401,4.220833333333333,3.8930555555555557,5.805555555555555,4.019444444444445,-1.5847222222222221,-1.9124999999999996
1220007402,2.341666666666667,2.558333333333333,2.1430555555555557,2.533333333333333,0.19861111111111107,0.4152777777777774
1220007501,7.881944444444445,7.786111111111111,7.9125,7.825,-0.030555555555555003,-0.12638888888888822
1220007502,7.8125,8.216666666666667,3.922222222222222,7.902777777777778,3.890277777777778,4.294444444444444
1220008201,13.734722222222222,15.081944444444444,6.697222222222222,12.218055555555555,7.0375000000000005,8.384722222222223
1220008202,2.9291666666666667,2.986111111111111,3.0069444444444446,2.9875,-0.07777777777777795,-0.02083333333333348
1220008203,0.8555555555555555,0.8236111111111111,0.7958333333333333,0.8152777777777778,0.05972222222222223,0.02777777777777779
1220008301,1.4347222222222222,1.5694444444444444,1.261111111111111,1.4902777777777778,0.17361111111111116,0.30833333333333335
1220008302,2.783333333333333,2.9694444444444446,2.551388888888889,2.8069444444444445,0.2319444444444443,0.4180555555555556
1220008303,0.6097222222222223,0.6263888888888889,0.5208333333333334,0.6152777777777778,0.0888888888888889,0.10555555555555551
1220008401,1.538888888888889,1.5069444444444444,1.5722222222222222,1.5958333333333334,-0.033333333333333215,-0.06527777777777777
1220008402,4.970833333333333,4.481944444444444,4.923611111111111,5.283333333333333,0.0472222222222225,-0.44166666666666643
1220008501,7.159722222222222,7.043055555555555,6.455555555555556,7.152777777777778,0.7041666666666666,0.5874999999999995
1220008502,41.4375,23.01388888888889,34.43472222222222,33.01111111111111,7.00277777777778,-11.42083333333333
1220008601,8.080555555555556,6.343055555555556,0.8722222222222222,8.193055555555556,7.208333333333334,5.470833333333333
1220008602,23.301388888888887,22.87361111111111,1.4819444444444445,23.768055555555556,21.819444444444443,21.391666666666666
1220008603,0.07361111111111111,0.06666666666666667,0.08333333333333333,0.07777777777777778,-0.009722222222222215,-0.016666666666666663
1220008701,0.6861111111111111,0.7708333333333334,0.46944444444444444,0.8736111111111111,0.21666666666666667,0.30138888888888893
1220008702,3.313888888888889,3.8680555555555554,2.4208333333333334,3.9055555555555554,0.8930555555555557,1.447222222222222
1220008703,5.879166666666666,4.793055555555555,3.084722222222222,6.6,2.7944444444444443,1.708333333333333
1220009402,0.45416666666666666,0.4666666666666667,0.5194444444444445,0.4777777777777778,-0.06527777777777782,-0.05277777777777781
1220009403,1.2277777777777779,1.3152777777777778,1.4652777777777777,1.3444444444444446,-0.23749999999999982,-0.1499999999999999
1220009502,0.6763888888888889,0.6736111111111112,0.7166666666666667,0.7152777777777778,-0.040277777777777746,-0.043055555555555514
1220009503,1.5152777777777777,1.5041666666666667,1.5291666666666666,1.5361111111111112,-0.01388888888888884,-0.02499999999999991
1220009600,0.25972222222222224,0.25,0.25555555555555554,0.24861111111111112,0.004166666666666707,-0.005555555555555536
1220009700,0.22083333333333333,0.21944444444444444,0.28194444444444444,0.20833333333333334,-0.061111111111111116,-0.0625
1220011001,11.256944444444445,11.780555555555555,9.677777777777777,12.406944444444445,1.5791666666666675,2.102777777777778
1220011003,1.5847222222222221,1.5722222222222222,1.5708333333333333,1.5680555555555555,0.01388888888888884,0.001388888888888884
1220011101,5.754166666666666,5.7555555555555555,6.179166666666666,5.763888888888889,-0.4249999999999998,-0.4236111111111107
1220011103,2.3222222222222224,2.3208333333333333,2.3208333333333333,2.308333333333333,0.001388888888889106,0.0
1220011200,2.3777777777777778,2.736111111111111,3.8041666666666667,3.0055555555555555,-1.426388888888889,-1.0680555555555555
1220011300,0.6541666666666667,0.37083333333333335,0.25,0.3263888888888889,0.4041666666666667,0.12083333333333335
1220011403,0.5555555555555556,0.5680555555555555,0.5791666666666667,0.5375,-0.023611111111111138,-0.011111111111111183
1220011503,98.2625,77.49583333333334,76.27777777777777,79.75277777777778,21.98472222222223,1.2180555555555657
1220012001,6.126388888888889,5.836111111111111,5.263888888888889,5.073611111111111,0.8624999999999998,0.572222222222222
1220012002,0.43194444444444446,0.5583333333333333,0.3541666666666667,0.5472222222222223,0.07777777777777778,0.20416666666666666
1220012003,0.5333333333333333,0.5305555555555556,0.5263888888888889,0.5347222222222222,0.00694444444444442,0.004166666666666652
1220012101,0.10138888888888889,0.11527777777777778,0.10694444444444444,0.11666666666666667,-0.00555555555555555,0.008333333333333345
1220012102,1.0097222222222222,1.1458333333333333,1.6902777777777778,1.1722222222222223,-0.6805555555555556,-0.5444444444444445
1220012103,5.727777777777778,4.784722222222222,5.884722222222222,5.9527777777777775,-0.1569444444444441,-1.0999999999999996
1220012402,6.95,6.644444444444445,7.970833333333333,7.788888888888889,-1.020833333333333,-1.3263888888888884
1220012502,5.736111111111111,4.541666666666667,3.0388888888888888,6.230555555555555,2.697222222222222,1.5027777777777782
1220012600,2.0277777777777777,2.0,2.1,2.011111111111111,-0.07222222222222241,-0.10000000000000009
1220012700,2.3944444444444444,2.3694444444444445,2.5055555555555555,2.376388888888889,-0.11111111111111116,-0.13611111111111107
1220013000,0.1638888888888889,0.17083333333333334,0.16805555555555557,0.1736111111111111,-0.00416666666666668,0.002777777777777768
1220013100,1.461111111111111,1.461111111111111,1.4416666666666667,1.461111111111111,0.019444444444444375,0.019444444444444375
1220013600,4.4,4.415277777777778,5.176388888888889,4.733333333333333,-0.7763888888888886,-0.7611111111111111
1220013700,1.6055555555555556,1.7041666666666666,1.5125,1.7430555555555556,0.09305555555555567,0.19166666666666665
1220014000,2.5597222222222222,2.55,1.6041666666666667,2.5416666666666665,0.9555555555555555,0.9458333333333331
1220014100,14.411111111111111,14.280555555555555,10.588888888888889,13.902777777777779,3.822222222222223,3.6916666666666664
1220014201,79.72361111111111,83.70833333333333,87.2875,96.4875,-7.563888888888883,-3.5791666666666657
1220014203,55.422222222222224,32.018055555555556,23.868055555555557,60.75972222222222,31.554166666666667,8.149999999999999
1220014303,8.209722222222222,6.4125,6.804166666666666,8.573611111111111,1.405555555555556,-0.3916666666666666
1220015000,7.0625,7.566666666666666,6.0680555555555555,7.2347222222222225,0.9944444444444445,1.498611111111111
1220015100,4.536111111111111,4.472222222222222,4.477777777777778,4.4625,0.05833333333333357,-0.005555555555555536
1220015600,1.1208333333333333,1.1208333333333333,1.1208333333333333,1.1208333333333333,0.0,0.0
1220015700,0.5680555555555555,0.5736111111111111,0.5569444444444445,0.5736111111111111,0.011111111111111072,0.016666666666666607
1220016001,3.325,3.2291666666666665,1.8597222222222223,2.8958333333333335,1.465277777777778,1.3694444444444442
1220016101,25.341666666666665,40.479166666666664,39.4125,36.18333333333333,-14.070833333333336,1.0666666666666629
1220017202,5.305555555555555,5.305555555555555,5.305555555555555,5.305555555555555,0.0,0.0
1220017300,1.2180555555555554,1.2194444444444446,1.2013888888888888,1.2194444444444446,0.016666666666666607,0.018055555555555713
1220018201,3.415277777777778,3.297222222222222,3.451388888888889,3.376388888888889,-0.03611111111111098,-0.15416666666666679
1220018202,1.7027777777777777,1.6861111111111111,1.7319444444444445,1.7208333333333334,-0.029166666666666785,-0.04583333333333339
1220018301,3.861111111111111,3.401388888888889,3.7958333333333334,3.6194444444444445,0.06527777777777777,-0.3944444444444444
1220018302,3.0,2.9166666666666665,2.8583333333333334,2.790277777777778,0.1416666666666666,0.058333333333333126
1220018401,62.86944444444445,38.147222222222226,32.56111111111111,38.19444444444444,30.308333333333337,5.586111111111116
1220018402,0.7458333333333333,0.5527777777777778,0.5833333333333334,0.5791666666666667,0.16249999999999998,-0.030555555555555558
1220018403,6.408333333333333,6.3597222222222225,6.2555555555555555,6.319444444444445,0.15277777777777768,0.10416666666666696
1220018404,7.777777777777778,7.865277777777778,6.841666666666667,6.947222222222222,0.9361111111111109,1.0236111111111112
1220018501,3.6902777777777778,3.522222222222222,3.9625,3.7888888888888888,-0.27222222222222214,-0.44027777777777777
1220018502,1.9361111111111111,1.886111111111111,2.0708333333333333,2.022222222222222,-0.1347222222222222,-0.18472222222222223
1220018503,0.18333333333333332,0.15694444444444444,0.20694444444444443,0.18194444444444444,-0.02361111111111111,-0.04999999999999999
1220018504,14.551388888888889,14.41388888888889,12.544444444444444,15.852777777777778,2.0069444444444446,1.8694444444444454
1220019201,19.709722222222222,15.508333333333333,17.658333333333335,20.698611111111113,2.051388888888887,-2.150000000000002
1220019301,4.8180555555555555,4.627777777777778,5.301388888888889,4.690277777777778,-0.4833333333333334,-0.6736111111111107
1220019303,8.069444444444445,7.811111111111111,5.838888888888889,8.03888888888889,2.230555555555556,1.9722222222222223
1220020804,2.263888888888889,2.279166666666667,2.275,2.2569444444444446,-0.011111111111111072,0.004166666666666874
1220020904,21.165277777777778,20.481944444444444,19.352777777777778,20.772222222222222,1.8125,1.1291666666666664
1220021201,33.17916666666667,30.316666666666666,18.994444444444444,25.190277777777776,14.184722222222224,11.322222222222223
1220021203,48.044444444444444,19.665277777777778,14.82638888888889,16.269444444444446,33.21805555555555,4.838888888888889
1220021204,17.3,11.6125,11.323611111111111,11.623611111111112,5.97638888888889,0.28888888888888964
1220021301,2.779166666666667,2.673611111111111,2.8555555555555556,2.838888888888889,-0.07638888888888884,-0.18194444444444446
1220021303,6.502777777777778,5.495833333333334,6.751388888888889,6.525,-0.2486111111111109,-1.2555555555555555
1220021304,2.3125,2.1875,2.2958333333333334,2.2472222222222222,0.016666666666666607,-0.10833333333333339
1220021801,7.475,7.343055555555556,9.151388888888889,7.363888888888889,-1.676388888888889,-1.8083333333333327
1220021802,2.0861111111111112,2.0819444444444444,2.0375,2.1625,0.04861111111111116,0.04444444444444429
1220021803,3.701388888888889,3.7111111111111112,3.720833333333333,3.688888888888889,-0.019444444444444375,-0.009722222222221966
1220021902,0.6930555555555555,0.7041666666666667,0.7291666666666666,0.6736111111111112,-0.036111111111111094,-0.02499999999999991
1220021903,6.559722222222222,6.570833333333334,6.466666666666667,6.4625,0.093055555555555,0.10416666666666696
1220021904,0.8875,0.8930555555555556,0.9430555555555555,0.9138888888888889,-0.05555555555555558,-0.04999999999999993
1220022501,13.8,13.891666666666667,14.268055555555556,14.515277777777778,-0.468055555555555,-0.3763888888888882
1220022504,2.3944444444444444,2.4180555555555556,2.4277777777777776,2.4097222222222223,-0.033333333333333215,-0.009722222222221966
1220022601,1.7513888888888889,1.7319444444444445,1.6958333333333333,1.7458333333333333,0.05555555555555558,0.036111111111111205
1220022604,14.681944444444444,15.034722222222221,14.180555555555555,14.659722222222221,0.5013888888888882,0.8541666666666661
1220023101,12.295833333333333,12.2625,12.286111111111111,12.277777777777779,0.009722222222221077,-0.023611111111112137
1220023201,2.5791666666666666,2.55,2.5694444444444446,2.558333333333333,0.009722222222221966,-0.01944444444444482
1220024301,3.8652777777777776,3.834722222222222,3.8180555555555555,3.8722222222222222,0.047222222222222054,0.016666666666666607
1220024801,24.2,24.17361111111111,23.8875,23.84027777777778,0.3125,0.2861111111111114
1220024901,3.345833333333333,3.338888888888889,3.4291666666666667,3.388888888888889,-0.08333333333333348,-0.09027777777777768
1220042200,23.665277777777778,23.518055555555556,24.240277777777777,24.29861111111111,-0.5749999999999993,-0.7222222222222214
1220042300,34.53611111111111,34.53611111111111,34.53611111111111,34.53611111111111,0.0,0.0
1220043200,1.0888888888888888,1.0458333333333334,1.1611111111111112,1.0805555555555555,-0.07222222222222241,-0.11527777777777781
1220043300,0.12638888888888888,0.11666666666666667,0.12083333333333333,0.11527777777777778,0.00555555555555555,-0.004166666666666666
1220044400,5.573611111111111,5.719444444444444,5.833333333333333,5.752777777777778,-0.25972222222222197,-0.11388888888888893
1220044500,28.391666666666666,29.78611111111111,131.6,29.344444444444445,-103.20833333333333,-101.81388888888888
1220061100,19.495833333333334,18.877777777777776,19.845833333333335,19.593055555555555,-0.3500000000000014,-0.9680555555555586
1220061200,34.05,31.445833333333333,31.59722222222222,31.41111111111111,2.4527777777777757,-0.15138888888888857
