sim_sec,source,interval_sec,network_vehicles,inside_vehicles,outside_vehicles,ttt_veh_h_cumulative,observed_exit_events,terminal_exit_inferred_events,unresolved_inside_disappearances,observed_entry_events,appeared_inside_events,reappeared_inside_events,ttd_observed_plus_terminal_cumulative,stock_closure_residual_veh
5.1,fzp,5.1,45,28,17,0.01983333333333333,0,0,0,0,28,0,0,0
10.1,fzp,5.0,86,61,25,0.08163888888888889,0,0,0,0,33,0,0,0
15.1,fzp,5.0,121,83,38,0.1816388888888889,0,0,0,0,22,0,0,0
20.1,fzp,5.000000000000002,166,112,54,0.31705555555555565,0,0,0,0,29,0,0,0
25.1,fzp,5.0,209,147,62,0.4969166666666668,0,0,0,1,34,0,0,0
30.1,fzp,5.0,241,174,67,0.7198333333333334,0,0,0,1,26,0,0,0
35.1,fzp,5.0,276,199,77,0.9788611111111112,0,0,0,1,24,0,0,0
40.1,fzp,5.0,319,223,96,1.2719166666666668,0,0,0,0,24,0,0,0
45.1,fzp,5.0,352,245,107,1.5969166666666668,0,0,0,2,20,0,0,0
50.1,fzp,5.0,395,276,119,1.9587222222222223,0,0,0,1,30,0,0,0
55.1,fzp,5.0,428,303,125,2.3608055555555554,0,0,0,1,26,0,0,0
60.1,fzp,5.0,478,335,143,2.803861111111111,0,0,0,0,32,0,0,0
65.1,fzp,4.999999999999993,527,369,158,3.292749999999999,0,0,0,0,34,0,0,0
70.1,fzp,5.0,568,397,171,3.8246944444444435,2,0,0,0,30,0,2,0
75.1,fzp,5.0,606,424,182,4.394833333333333,2,0,0,0,29,0,4,0
80.1,fzp,5.0,657,458,199,5.0073333333333325,0,0,0,2,32,0,4,0
85.1,fzp,5.0,696,486,210,5.662888888888888,0,0,0,7,21,0,4,0
90.1,fzp,5.0,740,515,225,6.358027777777777,2,0,0,2,29,0,6,0
95.1,fzp,5.0,776,538,238,7.089277777777777,0,0,0,1,22,0,6,0
100.1,fzp,5.0,821,567,254,7.856638888888888,4,0,0,2,31,0,10,0
105.1,fzp,5.0,847,590,257,8.66011111111111,3,0,0,2,24,0,13,0
110.1,fzp,5.0,886,619,267,9.499694444444444,2,0,0,1,30,0,15,0
115.1,fzp,5.0,920,646,274,10.378166666666665,5,0,0,8,24,0,20,0
120.1,fzp,5.0,954,670,284,11.292055555555555,8,0,0,8,24,0,28,0
125.1,fzp,5.0,997,701,296,12.244138888888887,1,0,0,2,30,0,29,0
130.1,fzp,5.0,1029,726,303,13.23511111111111,2,0,1,4,24,0,31,0
135.1,fzp,5.0,1070,754,316,14.262888888888888,1,0,1,3,27,0,32,0
140.1,fzp,5.0,1113,781,332,15.32886111111111,4,0,2,3,30,0,36,0
145.1,fzp,5.0,1151,812,339,16.43511111111111,0,0,0,3,28,0,36,0
150.1,fzp,5.0,1187,846,341,17.586499999999997,2,0,0,5,31,0,38,0
155.1,fzp,5.0,1216,876,340,18.78233333333333,1,0,0,9,22,0,39,0
160.1,fzp,5.0,1249,913,336,20.024694444444442,3,0,0,13,27,0,42,0
165.1,fzp,5.0,1284,943,341,21.31358333333333,3,0,0,9,24,0,45,0
170.1,fzp,5.0,1323,972,351,22.64344444444444,5,0,1,9,26,0,50,0
175.1,fzp,5.0,1352,995,357,24.009416666666663,6,0,0,5,24,0,56,0
180.1,fzp,5.0,1370,1016,354,25.40594444444444,3,0,0,6,18,0,59,0
185.1,fzp,5.0,1413,1048,365,26.839277777777774,2,0,1,3,32,0,61,0
190.1,fzp,5.0,1456,1075,381,28.31358333333333,5,0,0,4,28,0,66,0
195.1,fzp,5.0,1493,1101,392,29.82469444444444,4,0,1,3,28,0,70,0
200.1,fzp,5.0,1522,1124,398,31.36983333333333,5,0,0,3,25,0,75,0
205.1,fzp,5.0,1556,1153,403,32.95108333333333,7,0,0,0,36,0,82,0
210.1,fzp,5.0,1597,1185,412,34.57469444444444,4,0,0,6,30,0,86,0
215.1,fzp,5.0,1634,1219,415,36.244138888888884,3,0,0,4,33,0,89,0
220.1,fzp,5.0,1670,1240,430,37.95177777777777,5,0,0,2,24,0,94,0
225.1,fzp,5.0,1707,1262,445,39.68927777777777,10,0,0,1,31,0,104,0
230.1,fzp,5.0,1744,1284,460,41.457333333333324,12,0,0,4,30,0,116,0
235.1,fzp,5.0,1772,1312,460,43.2601111111111,10,0,0,13,25,0,126,0
240.1,fzp,5.0,1806,1336,470,45.09899999999999,8,1,0,6,27,0,135,0
245.1,fzp,5.0,1829,1359,470,46.97052777777777,8,1,0,7,25,0,144,0
250.1,fzp,5.0,1869,1394,475,48.88233333333332,4,1,0,7,33,0,149,0
255.1,fzp,5.0,1907,1416,491,50.83372222222221,10,0,0,1,31,0,159,0
260.1,fzp,5.000000000000028,1940,1436,504,52.814277777777775,15,0,0,4,31,0,174,0
265.1,fzp,5.0,1972,1455,517,54.82191666666667,9,0,0,7,21,0,183,0
270.1,fzp,5.0,2007,1486,521,56.86427777777778,12,1,0,14,30,0,196,0
275.1,fzp,5.0,2038,1510,528,58.944833333333335,7,0,0,4,27,0,203,0
280.1,fzp,5.0,2060,1534,526,61.05872222222222,5,0,0,4,25,0,208,0
285.1,fzp,5.0,2095,1557,538,63.20525,6,2,0,3,28,0,216,0
290.1,fzp,5.0,2118,1573,545,65.3788611111111,10,2,1,4,25,0,228,0
295.1,fzp,5.0,2150,1597,553,67.58024999999999,9,0,0,2,31,0,237,0
300.1,fzp,5.0,2164,1613,551,69.80941666666666,7,1,1,0,25,0,245,0
305.1,fzp,5.0,2183,1639,544,72.06775,6,3,0,10,25,0,254,0
310.1,fzp,5.0,2198,1668,530,74.36427777777779,6,1,0,14,22,0,261,0
315.1,fzp,5.0,2221,1696,525,76.7003888888889,11,2,0,17,24,0,274,0
320.1,fzp,5.0,2244,1719,525,79.07191666666667,14,2,0,11,28,0,290,0
325.1,fzp,5.0,2269,1746,523,81.47816666666667,8,3,0,7,31,0,301,0
330.1,fzp,5.0,2304,1771,533,83.92052777777778,15,5,0,11,34,0,321,0
335.1,fzp,5.0,2329,1794,535,86.39622222222222,6,8,0,6,31,0,335,0
340.1,fzp,5.0,2338,1810,528,88.899,4,6,0,3,23,0,345,0
345.1,fzp,5.0,2361,1824,537,91.42261111111111,14,2,0,3,27,0,361,0
350.1,fzp,5.0,2381,1842,539,93.96844444444444,10,3,0,6,25,0,374,0
355.1,fzp,5.0,2394,1853,541,96.53441666666667,13,9,0,4,29,0,396,0
360.1,fzp,5.0,2411,1862,549,99.11427777777779,14,8,0,6,25,0,418,0
365.1,fzp,5.0,2450,1876,574,101.71011111111112,18,4,0,7,29,0,440,0
370.1,fzp,5.0,2479,1904,575,104.33511111111112,11,4,1,12,32,0,455,0
375.1,fzp,5.0,2490,1910,580,106.98372222222223,21,7,0,7,27,0,483,0
380.1,fzp,5.0,2519,1928,591,109.649,23,9,0,11,39,0,515,0
385.1,fzp,5.0,2545,1947,598,112.33997222222223,12,8,0,7,32,0,535,0
390.1,fzp,5.0,2573,1959,614,115.05247222222224,22,8,0,7,35,0,565,0
395.1,fzp,5.0,2597,1966,631,117.77816666666668,17,8,0,5,27,0,590,0
400.1,fzp,5.0,2620,1982,638,120.51983333333334,11,6,0,8,25,0,607,0
405.1,fzp,5.0,2630,1987,643,123.27608333333333,11,14,0,3,27,0,632,0
410.1,fzp,5.0,2632,1988,644,126.0365,12,13,1,1,26,0,657,0
415.1,fzp,5.0,2647,1996,651,128.80316666666667,16,18,0,13,29,0,691,0
420.1,fzp,5.0,2651,2000,651,131.57816666666668,17,11,0,12,20,0,719,0
425.1,fzp,5.0,2669,2005,664,134.35941666666668,18,14,0,8,29,0,751,0
430.1,fzp,5.0,2688,2016,672,137.1517777777778,14,8,0,4,29,0,773,0
435.1,fzp,5.0,2707,2035,672,139.96497222222223,11,6,1,9,28,0,790,0
440.1,fzp,5.0,2739,2052,687,142.80316666666667,14,7,0,7,31,0,811,0
445.1,fzp,5.0,2749,2054,695,145.65455555555556,20,9,0,2,29,0,840,0
450.1,fzp,5.0,2747,2058,689,148.51011111111112,14,5,0,0,23,0,859,0
455.1,fzp,5.0,2758,2069,689,151.37608333333333,16,13,0,8,32,0,888,0
460.1,fzp,5.0,2760,2074,686,154.25316666666666,15,19,0,14,25,0,922,0
465.1,fzp,5.0,2770,2085,685,157.1413611111111,16,25,0,20,32,0,963,0
470.1,fzp,5.0,2771,2101,670,160.04830555555554,12,17,1,14,32,0,992,0
475.1,fzp,5.0,2784,2104,680,162.96844444444443,21,9,0,12,21,0,1022,0
480.1,fzp,5.0,2775,2111,664,165.89552777777777,11,13,0,9,22,0,1046,0
485.1,fzp,5.0,2781,2132,649,168.84205555555556,9,8,0,11,27,0,1063,0
490.1,fzp,5.0,2776,2149,627,171.81497222222222,6,14,0,5,32,0,1083,0
495.1,fzp,5.0,2781,2154,627,174.80316666666667,9,9,0,3,20,0,1101,0
500.1,fzp,5.0,2774,2146,628,177.78927777777778,18,13,0,6,17,0,1132,0
505.1,fzp,5.0,2778,2134,644,180.7615,25,7,2,5,17,0,1164,0
510.1,fzp,5.0,2771,2123,648,183.71775000000002,23,14,0,5,21,0,1201,0
515.1,fzp,5.0,2759,2116,643,186.66150000000002,11,19,2,6,19,0,1231,0
520.1,fzp,5.0,2759,2118,641,189.60177777777778,15,19,0,14,22,0,1265,0
525.1,fzp,5.0,2767,2117,650,192.54275,17,17,0,3,30,0,1299,0
530.1,fzp,5.0,2785,2123,662,195.48719444444447,17,13,0,5,31,0,1329,0
535.1,fzp,5.0,2804,2125,679,198.43719444444446,22,7,0,8,23,0,1358,0
540.1,fzp,5.0,2822,2125,697,201.38858333333334,22,14,0,7,29,0,1394,0
545.1,fzp,5.0,2851,2130,721,204.34344444444446,24,8,0,5,32,0,1426,0
550.1,fzp,5.0,2861,2140,721,207.30872222222223,12,17,0,10,29,0,1455,0
555.1,fzp,5.0,2880,2150,730,210.2878888888889,18,6,0,5,29,0,1479,0
560.1,fzp,5.0,2884,2152,732,213.2753888888889,9,14,0,4,21,0,1502,0
565.1,fzp,5.0,2885,2158,727,216.26844444444444,9,22,0,13,24,0,1533,0
570.1,fzp,5.0,2887,2167,720,219.27191666666667,18,11,0,19,19,0,1562,0
575.1,fzp,5.0,2899,2180,719,222.29066666666668,14,11,0,7,31,0,1587,0
580.1,fzp,5.0,2909,2176,733,225.3156666666667,21,15,0,3,29,0,1623,0
585.1,fzp,5.0,2918,2179,739,228.33997222222223,17,15,0,4,31,0,1655,0
590.1,fzp,5.0,2921,2166,755,231.35733333333334,27,13,1,6,22,0,1695,0
595.1,fzp,5.0,2928,2156,772,234.35872222222224,27,10,0,5,22,0,1732,0
600.1,fzp,5.0,2924,2162,762,237.35733333333334,14,9,1,6,24,0,1755,0
605.1,fzp,5.0,2935,2182,753,240.37400000000002,14,12,0,17,29,0,1781,0
610.1,fzp,5.0,2957,2199,758,243.41636111111114,20,9,0,11,35,0,1810,0
615.1,fzp,5.0,2966,2228,738,246.4906666666667,13,4,0,17,29,0,1827,0
620.1,fzp,5.0,2981,2245,736,249.5969166666667,16,13,0,13,33,0,1856,0
625.1,fzp,5.0,2993,2251,742,252.71913888888892,17,15,1,9,30,0,1888,0
630.1,fzp,5.0,2994,2261,733,255.85247222222225,16,12,1,12,27,0,1916,0
635.1,fzp,5.0,3003,2280,723,259.0059444444445,14,9,0,15,27,0,1939,0
640.1,fzp,5.0,3018,2288,730,262.1781666666667,21,8,0,8,29,0,1968,0
645.1,fzp,5.0,3019,2304,715,265.36705555555557,15,12,0,12,31,0,1995,0
650.1,fzp,5.0,2998,2301,697,268.56497222222225,20,23,0,13,27,0,2038,0
655.1,fzp,5.0,2984,2297,687,271.7580277777778,15,25,2,10,28,0,2078,0
660.1,fzp,5.0,2970,2294,676,274.9462222222222,17,14,0,6,22,0,2109,0
665.1,fzp,5.0,2984,2307,677,278.1413611111111,17,7,0,8,29,0,2133,0
670.1,fzp,5.0,2992,2306,686,281.3448333333333,25,8,1,11,22,0,2166,0
675.1,fzp,5.0,2989,2297,692,284.5413611111111,27,15,0,7,26,0,2208,0
680.1,fzp,5.0,2996,2284,712,287.72261111111106,24,19,0,5,25,0,2251,0
685.1,fzp,5.0,3004,2274,730,290.8878888888888,25,25,0,9,31,0,2301,0
690.1,fzp,5.0,3023,2280,743,294.05038888888885,17,12,0,4,31,0,2330,0
695.1,fzp,5.0,3053,2291,762,297.2246944444444,15,9,0,5,30,0,2354,0
700.1,fzp,5.0,3065,2295,770,300.40941666666663,14,18,0,7,29,0,2386,0
705.1,fzp,5.0,3059,2292,767,303.59483333333327,14,19,0,8,22,0,2419,0
710.1,fzp,5.0,3088,2297,791,306.78163888888884,19,7,0,6,25,0,2445,0
715.1,fzp,5.0,3085,2292,793,309.9684444444444,21,15,0,13,18,0,2481,0
720.1,fzp,5.0,3090,2301,789,313.15802777777776,17,16,0,18,24,0,2514,0
725.1,fzp,5.0,3094,2292,802,316.3476111111111,20,13,0,10,14,0,2547,0
730.1,fzp,5.0,3092,2291,801,319.53025,20,16,0,8,27,0,2583,0
735.1,fzp,5.0,3108,2290,818,322.7115,25,10,3,7,30,0,2618,0
740.1,fzp,5.0,3116,2289,827,325.8913611111111,25,5,2,4,27,0,2648,0
745.1,fzp,5.0,3129,2270,859,329.0573333333333,38,6,2,1,26,0,2692,0
750.1,fzp,5.0,3130,2279,851,332.2163611111111,22,12,1,3,41,0,2726,0
755.1,fzp,5.0,3141,2290,851,335.38927777777775,15,14,0,12,28,0,2755,0
760.1,fzp,5.0,3147,2293,854,338.57191666666665,18,17,0,11,27,0,2790,0
765.1,fzp,5.0,3149,2293,856,341.75663888888886,19,17,0,11,25,0,2826,0
770.1,fzp,5.0,3157,2301,856,344.94691666666665,24,9,0,12,29,0,2859,0
775.1,fzp,5.0,3153,2299,854,348.1413611111111,16,16,0,6,24,0,2891,0
780.1,fzp,5.0,3173,2317,856,351.3469166666667,16,6,0,11,29,0,2913,0
785.1,fzp,5.0,3183,2317,866,354.56497222222225,18,15,0,6,27,0,2946,0
790.1,fzp,5.0,3183,2327,856,357.7899722222223,13,12,0,9,26,0,2971,0
795.1,fzp,5.0,3174,2345,829,361.03441666666674,9,14,0,15,26,0,2994,0
800.1,fzp,5.0,3163,2362,801,364.30316666666675,12,16,0,20,25,0,3022,0
805.1,fzp,5.0,3149,2356,793,367.57955555555566,18,16,0,7,21,0,3056,0
810.1,fzp,5.0,3143,2349,794,370.84691666666674,23,19,0,6,29,0,3098,0
815.1,fzp,5.0,3138,2351,787,374.11080555555566,11,16,0,6,23,0,3125,0
820.1,fzp,5.0,3138,2346,792,377.3726111111112,23,17,0,12,23,0,3165,0
825.1,fzp,5.0,3138,2337,801,380.6246944444446,25,13,0,9,20,0,3203,0
830.1,fzp,5.0,3139,2338,801,383.87122222222234,13,12,0,4,22,0,3228,0
835.1,fzp,5.0,3141,2333,808,387.1149722222223,23,11,0,4,25,0,3262,0
840.1,fzp,5.0,3147,2333,814,390.3552500000001,22,15,0,6,31,0,3299,0
845.1,fzp,5.0,3155,2329,826,393.59275000000014,30,7,0,8,25,0,3336,0
850.1,fzp,5.0,3168,2330,838,396.8281666666668,23,15,0,10,29,0,3374,0
855.1,fzp,5.0,3183,2330,853,400.0642777777779,19,10,1,7,23,0,3403,0
860.1,fzp,5.0,3189,2333,856,403.3024722222223,11,12,0,4,22,0,3426,0
865.1,fzp,5.0,3191,2333,858,406.5427500000001,16,13,1,8,22,0,3455,0
870.1,fzp,5.0,3208,2335,873,409.7844166666668,20,12,0,10,24,0,3487,0
875.1,fzp,5.0,3212,2334,878,413.0267777777779,17,16,0,8,24,0,3520,0
880.1,fzp,5.0,3203,2317,886,416.25663888888903,24,18,0,5,20,0,3562,0
885.1,fzp,5.0,3194,2295,899,419.4594166666668,33,18,1,6,24,0,3613,0
890.1,fzp,5.0,3193,2287,906,422.6413611111113,23,15,1,10,21,0,3651,0
895.1,fzp,5.0,3184,2270,914,425.8059444444446,23,15,3,5,19,0,3689,0
900.1,fzp,5.0,3187,2272,915,428.96011111111125,17,9,1,1,28,0,3715,0
905.1,fzp,5.0,3196,2288,908,432.12677777777793,16,15,0,14,33,0,3746,0
910.1,fzp,5.0,3209,2308,901,435.3184444444446,13,7,0,12,28,0,3766,0
915.1,fzp,5.0,3220,2319,901,438.53163888888906,19,17,0,17,30,0,3802,0
920.1,fzp,5.0,3233,2322,911,441.7545555555557,23,12,1,12,27,0,3837,0
925.1,fzp,5.0,3244,2338,906,444.9906666666668,12,16,0,12,32,0,3865,0
930.1,fzp,5.0,3251,2353,898,448.2483055555557,14,12,0,8,33,0,3891,0
935.1,fzp,5.0,3245,2361,884,451.5219166666668,14,14,0,4,32,0,3919,0
940.1,fzp,5.0,3251,2385,866,454.81775000000016,9,13,0,9,37,0,3941,0
945.1,fzp,5.0,3261,2407,854,458.14552777777794,10,6,0,4,34,0,3957,0
950.1,fzp,5.0,3264,2414,850,461.4934444444446,16,15,0,9,29,0,3988,0
955.1,fzp,5.0,3282,2435,847,464.8608055555557,12,12,0,11,34,0,4012,0
960.1,fzp,5.0,3291,2440,851,468.2462222222224,15,14,0,6,28,0,4041,0
965.1,fzp,5.0,3306,2450,856,471.6420555555557,20,14,0,9,35,0,4075,0
970.1,fzp,5.0,3321,2465,856,475.05525000000017,24,11,0,19,31,0,4110,0
975.1,fzp,5.0,3336,2478,858,478.4878888888891,20,4,0,8,29,0,4134,0
980.1,fzp,5.0,3363,2493,870,481.9399722222224,16,9,0,8,32,0,4159,0
985.1,fzp,5.0,3374,2493,881,485.4024722222224,21,12,0,7,26,0,4192,0
990.1,fzp,5.0,3405,2504,901,488.87261111111127,22,11,0,16,28,0,4225,0
995.1,fzp,5.0,3409,2492,917,492.3420555555557,28,11,0,7,20,0,4264,0
1000.1,fzp,5.0,3425,2488,937,495.800388888889,22,17,0,9,26,0,4303,0
1005.1,fzp,5.0,3432,2478,954,499.24900000000014,17,19,0,5,21,0,4339,0
1010.1,fzp,5.0,3449,2482,967,502.6934444444446,24,16,1,8,37,0,4379,0
1015.1,fzp,5.0,3468,2491,977,506.1469166666668,22,12,0,15,28,0,4413,0
1020.1,fzp,5.0,3495,2508,987,509.6184444444446,20,10,0,14,33,0,4443,0
1025.1,fzp,4.999999999999886,3517,2519,998,513.1094166666668,27,13,0,12,39,0,4483,0
1030.1,fzp,5.0,3535,2529,1006,516.6149722222224,20,12,0,13,29,0,4515,0
1035.1,fzp,5.0,3556,2550,1006,520.1420555555557,13,8,0,11,31,0,4536,0
1040.1,fzp,5.0,3558,2551,1007,523.6844166666667,20,12,1,5,29,0,4568,0
1045.1,fzp,5.0,3597,2571,1026,527.2413611111111,23,5,2,13,37,0,4596,0
1050.1,fzp,5.0,3608,2587,1021,530.8233055555555,12,11,2,6,35,0,4619,0
1055.1,fzp,5.0,3604,2595,1009,534.4219166666667,18,17,0,14,29,0,4654,0
1060.1,fzp,5.0,3612,2602,1010,538.0309444444445,19,12,0,15,23,0,4685,0
1065.1,fzp,5.0,3628,2621,1007,541.6580277777778,16,14,0,13,36,0,4715,0
1070.1,fzp,5.0,3631,2628,1003,545.3031666666667,19,18,0,13,31,0,4752,0
1075.1,fzp,5.0,3639,2636,1003,548.9587222222223,18,18,1,11,34,0,4788,0
1080.1,fzp,5.0,3651,2656,995,552.6337222222222,14,15,0,10,39,0,4817,0
1085.1,fzp,5.0,3677,2673,1004,556.3344166666667,14,8,0,3,36,0,4839,0
1090.1,fzp,5.0,3702,2683,1019,560.0538611111111,15,14,0,2,37,0,4868,0
1095.1,fzp,5.0,3702,2693,1009,563.7871944444445,17,17,0,8,36,0,4902,0
1100.1,fzp,5.0,3697,2688,1009,567.524,23,18,1,10,27,0,4943,0
1105.1,fzp,5.0,3700,2681,1019,571.2524722222222,23,18,1,6,29,0,4984,0
1110.1,fzp,5.0,3716,2683,1033,574.9774722222222,20,14,0,6,30,0,5018,0
1115.1,fzp,5.0,3727,2693,1034,578.7108055555556,15,10,0,13,22,0,5043,0
1120.1,fzp,5.0,3733,2704,1029,582.4587222222223,11,12,0,9,25,0,5066,0
1125.1,fzp,5.0,3741,2709,1032,586.21775,16,12,1,12,22,0,5094,0
1130.1,fzp,5.0,3744,2715,1029,589.9844166666667,20,9,0,8,27,0,5123,0
1135.1,fzp,5.0,3750,2723,1027,593.7608055555555,20,10,0,14,24,0,5153,0
1140.1,fzp,5.0,3754,2713,1041,597.5358055555555,24,18,0,11,21,0,5195,0
1145.1,fzp,5.0,3760,2710,1050,601.3017777777777,26,18,0,8,33,0,5239,0
1150.1,fzp,5.0,3773,2707,1066,605.0635833333333,27,12,0,9,27,0,5278,0
1155.1,fzp,5.0,3793,2711,1082,608.8260833333334,20,8,0,5,27,0,5306,0
1160.1,fzp,5.0,3799,2715,1084,612.5941388888889,18,15,0,7,30,0,5339,0
1165.1,fzp,5.0,3819,2725,1094,616.3719166666667,17,18,0,14,31,0,5374,0
1170.1,fzp,5.0,3823,2720,1103,620.1531666666667,25,19,1,15,25,0,5418,0
1175.1,fzp,5.0,3842,2738,1104,623.9434444444445,17,13,0,12,36,0,5448,0
1180.1,fzp,5.0,3871,2759,1112,627.7608055555556,12,10,0,12,31,0,5470,0
1185.1,fzp,5.0,3897,2772,1125,631.6017777777779,20,10,0,13,30,0,5500,0
1190.1,fzp,5.0,3909,2761,1148,635.444138888889,36,11,2,12,26,0,5547,0
1195.1,fzp,5.0,3919,2776,1143,639.2892777777779,28,12,0,19,36,0,5587,0
1200.1,fzp,5.0,3937,2789,1148,643.1538611111113,17,13,1,10,34,0,5617,0
1205.1,fzp,5.0,3956,2807,1149,647.0399722222223,27,5,1,17,34,0,5649,0
1210.1,fzp,5.0,3978,2843,1135,650.9635833333334,16,0,0,15,37,0,5665,0
1215.1,fzp,5.0,3987,2856,1131,654.9212222222224,16,8,1,11,27,0,5689,0
1220.1,fzp,5.0,3979,2858,1121,658.8892777777779,23,12,1,15,23,0,5724,0
1225.1,fzp,5.0,3998,2863,1135,662.8621944444446,25,12,0,10,32,0,5761,0
1230.1,fzp,5.0,4000,2868,1132,666.8420555555557,13,17,1,10,26,0,5791,0
1235.1,fzp,5.0,4008,2877,1131,670.8316388888891,21,12,1,8,35,0,5824,0
1240.1,fzp,5.0,4017,2902,1115,674.8448333333336,13,5,0,10,33,0,5842,0
1245.1,fzp,5.0,4018,2902,1116,678.8753888888891,17,13,0,7,23,0,5872,0
1250.1,fzp,5.0,4022,2911,1111,682.9121944444447,19,15,1,11,33,0,5906,0
1255.1,fzp,5.0,4020,2906,1114,686.951777777778,29,14,0,13,25,0,5949,0
1260.1,fzp,5.0,4034,2910,1124,690.9906666666669,16,13,0,9,24,0,5978,0
1265.1,fzp,5.0,4043,2922,1121,695.0406666666669,16,10,0,8,30,0,6004,0
1270.1,fzp,5.0,4056,2933,1123,699.106638888889,19,11,0,13,28,0,6034,0
1275.1,fzp,5.0,4085,2946,1139,703.189277777778,23,16,0,14,38,0,6073,0
1280.1,fzp,5.0,4095,2953,1142,707.2858055555557,21,9,1,13,25,0,6103,0
1285.1,fzp,5.0,4107,2981,1126,711.406638888889,14,5,0,13,34,0,6122,0
1290.1,fzp,5.0,4124,2993,1131,715.5552500000001,28,4,0,11,33,0,6154,0
1295.1,fzp,5.0,4134,2993,1141,719.7121944444445,28,12,0,9,31,0,6194,0
1300.1,fzp,5.0,4164,3018,1146,723.8865000000001,19,6,0,11,39,0,6219,0
1305.1,fzp,5.0,4190,3021,1169,728.0802500000001,25,13,0,8,33,0,6257,0
1310.1,fzp,5.0,4201,3018,1183,732.2740000000001,25,13,1,8,28,0,6295,0
1315.1,fzp,5.0,4205,3023,1182,736.469138888889,18,18,1,11,31,0,6331,0
1320.1,fzp,5.0,4235,3035,1200,740.6760833333334,21,11,0,14,30,0,6363,0
1325.1,fzp,5.0,4243,3046,1197,744.8990000000001,21,11,0,11,32,0,6395,0
1330.1,fzp,5.0,4254,3055,1199,749.1358055555556,23,8,0,11,29,0,6426,0
1335.1,fzp,5.0,4278,3064,1214,753.3851111111112,27,6,2,12,32,0,6459,0
1340.1,fzp,5.0,4292,3068,1224,757.6434444444445,24,5,1,10,24,0,6488,0
1345.1,fzp,5.0,4300,3060,1240,761.8990000000001,32,16,4,12,32,0,6536,0
1350.1,fzp,5.0,4306,3065,1241,766.1524722222223,26,11,1,13,30,0,6573,0
1355.1,fzp,5.0,4311,3079,1232,770.4191388888889,24,8,0,16,30,0,6605,0
1360.1,fzp,5.0,4313,3082,1231,774.6976111111112,26,15,0,16,28,0,6646,0
1365.1,fzp,5.0,4306,3092,1214,778.9851111111112,20,7,0,14,23,0,6673,0
1370.1,fzp,5.0,4320,3099,1221,783.2844166666667,15,13,0,9,26,0,6701,0
1375.1,fzp,5.0,4320,3120,1200,787.6031666666668,13,12,0,11,35,0,6726,0
1380.1,fzp,5.0,4326,3136,1190,791.9476111111112,16,13,0,11,34,0,6755,0
1385.1,fzp,5.0,4346,3150,1196,796.312888888889,14,12,0,5,35,0,6781,0
1390.1,fzp,5.0,4361,3154,1207,800.6906666666667,21,14,0,7,32,0,6816,0
1395.1,fzp,5.0,4357,3167,1190,805.0802500000001,17,14,0,13,31,0,6847,0
1400.1,fzp,5.0,4378,3186,1192,809.4920555555557,18,4,0,14,27,0,6869,0
1405.1,fzp,5.0,4375,3182,1193,813.9142777777779,27,11,0,11,23,0,6907,0
1410.1,fzp,5.0,4370,3178,1192,818.3309444444445,21,16,0,7,26,0,6944,0
1415.1,fzp,5.0,4381,3201,1180,822.7608055555556,16,10,1,17,33,0,6970,0
1420.1,fzp,5.0,4391,3221,1170,827.2205277777779,17,10,0,16,31,0,6997,0
1425.1,fzp,5.0,4403,3230,1173,831.7003888888889,25,22,0,19,37,0,7044,0
1430.1,fzp,5.0,4423,3230,1193,836.1865,29,16,0,13,32,0,7089,0
1435.1,fzp,5.0,4431,3225,1206,840.6691388888889,26,24,0,13,32,0,7139,0
1440.1,fzp,5.0,4436,3223,1213,845.1469166666667,22,20,1,8,33,0,7181,0
1445.1,fzp,5.0,4444,3219,1225,849.6205277777779,31,12,0,12,27,0,7224,0
1450.1,fzp,5.0,4461,3224,1237,854.0948333333334,22,12,0,9,30,0,7258,0
1455.1,fzp,5.0,4473,3224,1249,858.5726111111112,21,18,0,7,32,0,7297,0
1460.1,fzp,5.0,4481,3219,1262,863.0469166666668,25,11,0,3,28,0,7333,0
1465.1,fzp,5.0,4483,3225,1258,867.5219166666668,23,7,1,14,23,0,7363,0
1470.1,fzp,5.0,4485,3240,1245,872.0115000000002,23,12,0,16,34,0,7398,0
1475.1,fzp,5.0,4489,3249,1240,876.5177500000002,21,11,0,15,26,0,7430,0
1480.1,fzp,5.0,4508,3258,1250,881.0365000000002,24,11,0,11,33,0,7465,0
1485.1,fzp,5.0,4507,3258,1249,885.5615000000001,22,10,1,9,24,0,7497,0
1490.1,fzp,5.0,4505,3261,1244,890.0885833333334,24,12,0,8,31,0,7533,0
1495.1,fzp,5.0,4510,3264,1246,894.6198333333334,28,11,2,16,28,0,7572,0
1500.1,fzp,5.0,4505,3272,1233,899.1587222222223,18,19,1,12,34,0,7609,0
1505.1,fzp,5.0,4511,3289,1222,903.7149722222223,24,15,1,22,35,0,7648,0
1510.1,fzp,5.0,4527,3312,1215,908.2990000000001,17,12,0,16,36,0,7677,0
1515.1,fzp,5.0,4530,3317,1213,912.9024722222223,27,20,0,16,36,0,7724,0
1520.1,fzp,5.0,4531,3317,1214,917.5094166666668,20,17,0,13,24,0,7761,0
1525.1,fzp,5.0,4550,3328,1222,922.1240000000001,21,11,0,14,29,0,7793,0
1530.1,fzp,5.0,4570,3343,1227,926.756638888889,13,17,0,12,33,0,7823,0
1535.1,fzp,5.0,4590,3365,1225,931.4149722222223,19,6,0,15,32,0,7848,0
1540.1,fzp,5.0,4594,3378,1216,936.0976111111112,22,12,0,11,36,0,7882,0
1545.1,fzp,5.0,4592,3388,1204,940.7962222222222,13,19,0,10,32,0,7914,0
1550.1,fzp,5.0,4613,3410,1203,945.5170555555555,18,15,1,18,38,0,7947,0
1555.1,fzp,5.0,4610,3414,1196,950.2559444444445,26,16,0,15,31,0,7989,0
1560.1,fzp,5.0,4610,3424,1186,955.0045555555556,17,15,0,11,31,0,8021,0
1565.1,fzp,5.0,4609,3423,1186,959.7594166666668,19,14,0,7,25,0,8054,0
1570.1,fzp,5.0,4623,3434,1189,964.5212222222224,18,16,0,16,29,0,8088,0
1575.1,fzp,5.0,4612,3423,1189,969.283027777778,32,17,0,14,24,0,8137,0
1580.1,fzp,5.0,4618,3412,1206,974.0295555555558,27,13,2,7,24,0,8177,0
1585.1,fzp,5.0,4636,3410,1226,978.7670555555558,30,12,0,12,28,0,8219,0
1590.1,fzp,5.0,4657,3400,1257,983.4962222222224,35,16,0,12,29,0,8270,0
1595.1,fzp,5.0,4665,3395,1270,988.2149722222224,31,17,0,13,30,0,8318,0
1600.1,fzp,5.0,4671,3388,1283,992.9253888888891,27,20,0,12,28,0,8365,0
1605.1,fzp,5.0,4682,3390,1292,997.6323333333335,24,16,0,10,32,0,8405,0
1610.1,fzp,5.0,4689,3388,1301,1002.3392777777779,30,13,1,6,36,0,8448,0
1615.1,fzp,5.0,4704,3397,1307,1007.0510833333334,29,11,1,16,34,0,8488,0
1620.1,fzp,5.0,4724,3409,1315,1011.7774722222223,28,12,2,15,39,0,8528,0
1625.1,fzp,5.0,4732,3414,1318,1016.5156666666667,20,17,1,12,31,0,8565,0
1630.1,fzp,5.0,4733,3416,1317,1021.2587222222222,25,14,0,9,32,0,8604,0
1635.1,fzp,5.0,4736,3401,1335,1025.99275,32,22,1,8,32,0,8658,0
1640.1,fzp,5.0,4745,3402,1343,1030.7170555555554,25,19,1,12,34,0,8702,0
1645.1,fzp,5.0,4761,3403,1358,1035.4427499999997,38,10,2,16,35,0,8750,0
1650.1,fzp,5.0,4762,3404,1358,1040.1698333333331,33,10,2,15,31,0,8793,0
1655.1,fzp,5.0,4769,3433,1336,1044.9177499999998,20,3,1,23,30,0,8816,0
1660.1,fzp,5.0,4783,3463,1320,1049.7066388888886,24,10,2,31,35,0,8850,0
1665.1,fzp,5.0,4792,3491,1301,1054.5358055555553,20,16,0,24,40,0,8886,0
1670.1,fzp,5.0,4798,3498,1300,1059.3892777777776,22,23,1,18,35,0,8931,0
1675.1,fzp,5.0,4804,3511,1293,1064.2566388888888,18,18,0,18,31,0,8967,0
1680.1,fzp,5.0,4812,3518,1294,1069.1378888888887,25,14,0,17,29,0,9006,0
1685.1,fzp,5.0,4822,3526,1296,1074.0295555555554,14,19,2,4,39,0,9039,0
1690.1,fzp,5.0,4814,3523,1291,1078.9246944444442,19,26,1,8,35,0,9084,0
1695.1,fzp,5.0,4813,3521,1292,1083.8163611111108,18,13,1,5,25,0,9115,0
1700.1,fzp,5.0,4822,3537,1285,1088.7177499999998,26,10,1,18,35,0,9151,0
1705.1,fzp,5.0,4811,3524,1287,1093.621222222222,32,17,3,12,27,0,9200,0
1710.1,fzp,5.0,4822,3527,1295,1098.5177499999998,24,19,0,13,33,0,9243,0
1715.1,fzp,5.0,4828,3522,1306,1103.4128888888886,23,19,1,9,29,0,9285,0
1720.1,fzp,5.0,4843,3539,1304,1108.3163611111108,23,8,0,16,32,0,9316,0
1725.1,fzp,5.0,4848,3536,1312,1113.2295555555552,25,14,0,12,24,0,9355,0
1730.1,fzp,5.0,4838,3527,1311,1118.1344166666663,29,17,0,9,28,0,9401,0
1735.1,fzp,5.0,4852,3528,1324,1123.033722222222,26,14,0,14,27,0,9441,0
1740.1,fzp,5.0,4874,3526,1348,1127.9323333333332,31,14,0,13,30,0,9486,0
1745.1,fzp,5.0,4882,3518,1364,1132.8239999999998,28,15,0,10,25,0,9529,0
1750.1,fzp,5.0,4886,3515,1371,1137.7080277777777,30,16,0,13,30,0,9575,0
1755.1,fzp,5.0,4883,3527,1356,1142.5983055555555,18,11,0,12,29,0,9604,0
1760.1,fzp,5.0,4881,3520,1361,1147.4920555555555,25,17,0,7,28,0,9646,0
1765.1,fzp,5.0,4872,3522,1350,1152.3823333333332,17,19,0,10,28,0,9682,0
1770.1,fzp,5.0,4877,3528,1349,1157.2781666666665,27,16,0,22,27,0,9725,0
1775.1,fzp,5.0,4881,3532,1349,1162.1809444444443,28,12,0,13,31,0,9765,0
1780.1,fzp,5.0,4879,3542,1337,1167.0934444444442,19,15,0,12,32,0,9799,0
1785.1,fzp,5.0,4886,3541,1345,1172.0121944444443,20,22,0,10,31,0,9841,0
1790.1,fzp,5.0,4896,3541,1355,1176.93025,26,11,1,13,25,0,9878,0
1795.1,fzp,5.0,4905,3547,1358,1181.852472222222,26,11,2,19,26,0,9915,0
1800.1,fzp,5.0,4906,3558,1348,1186.7865,23,13,1,16,32,0,9951,0
1805.1,fzp,5.0,4902,3555,1347,1191.7260833333332,37,17,0,22,29,0,10005,0
1810.1,fzp,5.0,4907,3580,1327,1196.6809444444443,20,16,1,27,35,0,10041,0
1815.1,fzp,5.0,4911,3591,1320,1201.6608055555555,26,10,1,16,32,0,10077,0
1820.1,fzp,5.0,4915,3608,1307,1206.660111111111,17,15,3,18,34,0,10109,0
1825.1,fzp,5.0,4928,3606,1322,1211.6698333333334,32,15,0,10,35,0,10156,0
1830.1,fzp,5.0,4936,3621,1315,1216.6885833333333,21,15,1,11,41,0,10192,0
1835.1,fzp,5.0,4952,3629,1323,1221.7233055555555,18,15,1,7,35,0,10225,0
1840.1,fzp,5.0,4959,3644,1315,1226.774,16,14,0,10,35,0,10255,0
1845.1,fzp,5.0,4955,3656,1299,1231.8434444444442,15,20,0,14,33,0,10290,0
1850.1,fzp,5.0,4943,3660,1283,1236.9239999999998,27,14,0,23,22,0,10331,0
1855.1,fzp,5.0,4944,3656,1288,1242.0045555555553,32,20,0,18,30,0,10383,0
1860.1,fzp,5.0,4933,3639,1294,1247.0705277777774,29,22,0,12,22,0,10434,0
1865.1,fzp,5.0,4941,3645,1296,1252.1288611111108,16,13,0,11,24,0,10463,0
1870.1,fzp,5.0,4934,3642,1292,1257.1892777777775,22,18,2,16,23,0,10503,0
1875.1,fzp,5.0,4952,3640,1312,1262.246222222222,32,12,0,14,28,0,10547,0
1880.1,fzp,5.0,4964,3640,1324,1267.3017777777777,27,15,0,10,32,0,10589,0
1885.1,fzp,5.0,4965,3637,1328,1272.3552499999998,31,8,0,13,23,0,10628,0
1890.1,fzp,5.0,4992,3648,1344,1277.4142777777777,29,11,0,10,41,0,10668,0
1895.1,fzp,5.0,5007,3633,1374,1282.4705277777778,40,18,0,8,35,0,10726,0
1900.1,fzp,5.0,5021,3634,1387,1287.5170555555555,27,10,0,9,29,0,10763,0
1905.1,fzp,5.0,5046,3645,1401,1292.5719166666668,21,6,0,7,31,0,10790,0
1910.1,fzp,5.0,5050,3641,1409,1297.631638888889,22,18,0,7,29,0,10830,0
1915.1,fzp,5.0,5034,3645,1389,1302.6913611111113,23,15,0,15,27,0,10868,0
1920.1,fzp,5.0,5042,3652,1390,1307.7587222222223,28,19,1,23,32,0,10915,0
1925.1,fzp,5.0,5047,3653,1394,1312.831638888889,27,14,0,14,28,0,10956,0
1930.1,fzp,5.0,5037,3646,1391,1317.900388888889,26,17,1,13,24,0,10999,0
1935.1,fzp,5.0,5034,3634,1400,1322.9559444444446,30,17,1,11,25,0,11046,0
1940.1,fzp,5.0,5050,3644,1406,1328.0101111111112,24,16,1,17,34,0,11086,0
1945.1,fzp,5.0,5046,3645,1401,1333.0719166666668,26,17,2,19,27,0,11129,0
1950.1,fzp,5.0,5029,3636,1393,1338.1281666666669,16,25,3,10,25,0,11170,0
1955.1,fzp,5.0,5018,3636,1382,1343.1781666666668,33,20,0,24,29,0,11223,0
1960.1,fzp,5.0,5029,3654,1375,1348.2406666666668,28,12,0,22,36,0,11263,0
1965.1,fzp,5.0,5045,3664,1381,1353.3226111111112,28,10,0,14,34,0,11301,0
1970.1,fzp,5.0,5048,3669,1379,1358.4149722222223,34,9,0,14,34,0,11344,0
1975.1,fzp,5.0,5053,3686,1367,1363.5226111111112,21,7,0,9,36,0,11372,0
1980.1,fzp,5.0,5074,3703,1371,1368.6538611111112,24,10,0,10,41,0,11406,0
1985.1,fzp,5.0,5088,3703,1385,1373.7969166666667,26,7,0,1,32,0,11439,0
1990.1,fzp,5.0,5101,3716,1385,1378.949,20,5,0,6,32,0,11464,0
1995.1,fzp,5.0,5097,3719,1378,1384.1121944444444,24,10,1,7,31,0,11498,0
2000.1,fzp,5.0,5108,3726,1382,1389.2823333333333,29,10,1,13,34,0,11537,0
2005.1,fzp,5.0,5101,3725,1376,1394.4566388888888,30,16,0,17,28,0,11583,0
2010.1,fzp,5.0,5106,3719,1387,1399.6260833333333,26,21,1,14,28,0,11630,0
2015.1,fzp,5.0,5105,3720,1385,1404.7920555555556,22,19,2,11,33,0,11671,0
2020.1,fzp,5.0,5103,3726,1377,1409.962888888889,26,17,0,18,31,0,11714,0
2025.1,fzp,5.0,5113,3719,1394,1415.133027777778,32,15,0,14,26,0,11761,0
2030.1,fzp,5.0,5122,3710,1412,1420.2920555555556,31,16,0,12,26,0,11808,0
2035.1,fzp,5.0,5129,3707,1422,1425.4427500000002,27,14,0,11,27,0,11849,0
2040.1,fzp,5.0,5134,3700,1434,1430.5865000000001,31,18,0,12,30,0,11898,0
2045.1,fzp,5.0,5143,3696,1447,1435.7226111111113,28,16,0,9,31,0,11942,0
2050.1,fzp,5.0,5156,3704,1452,1440.8615000000002,19,16,0,11,32,0,11977,0
2055.1,fzp,5.0,5170,3698,1472,1446.001777777778,30,13,1,6,32,0,12020,0
2060.1,fzp,5.0,5173,3688,1485,1451.1309444444446,29,19,0,4,34,0,12068,0
2065.1,fzp,5.0,5173,3683,1490,1456.2496944444447,26,19,0,13,27,0,12113,0
2070.1,fzp,5.0,5171,3687,1484,1461.3677500000003,29,16,0,26,23,0,12158,0
2075.1,fzp,5.0,5180,3682,1498,1466.4851111111116,31,16,1,12,31,0,12205,0
2080.1,fzp,5.0,5182,3672,1510,1471.592055555556,34,17,1,9,33,0,12256,0
2085.1,fzp,5.0,5175,3664,1511,1476.6865000000005,30,15,1,10,28,0,12301,0
2090.1,fzp,5.0,5154,3646,1508,1481.7628888888894,27,27,0,11,25,0,12355,0
2095.1,fzp,5.0,5145,3636,1509,1486.819833333334,30,16,5,17,24,0,12401,0
2100.1,fzp,5.0,5136,3645,1491,1491.876083333334,20,15,2,13,33,0,12436,0
2105.1,fzp,5.0,5131,3658,1473,1496.9476111111119,26,10,2,18,33,0,12472,0
2110.1,fzp,5.0,5141,3689,1452,1502.0496944444453,16,11,0,22,36,0,12499,0
2115.1,fzp,5.0,5142,3704,1438,1507.1837222222232,22,15,2,18,36,0,12536,0
2120.1,fzp,5.0,5157,3713,1444,1512.3344166666677,30,16,0,20,35,0,12582,0
2125.1,fzp,5.0,5164,3705,1459,1517.4858055555567,30,19,0,11,30,0,12631,0
2130.1,fzp,5.0,5183,3716,1467,1522.639277777779,29,14,1,17,38,0,12674,0
2135.1,fzp,5.0,5184,3725,1459,1527.8066388888901,21,14,0,7,37,0,12709,0
2140.1,fzp,5.0,5198,3728,1470,1532.9823333333345,22,15,0,8,32,0,12746,0
2145.1,fzp,5.0,5195,3730,1465,1538.161500000001,27,15,0,9,35,0,12788,0
2150.1,fzp,5.0,5205,3748,1457,1543.3545555555565,24,12,0,18,36,0,12824,0
2155.1,fzp,5.0,5223,3746,1477,1548.5587222222232,33,11,0,14,28,0,12868,0
2160.1,fzp,5.0,5227,3735,1492,1553.753861111112,27,14,1,8,23,0,12909,0
2165.1,fzp,5.0,5229,3733,1496,1558.939972222223,21,18,0,13,24,0,12948,0
2170.1,fzp,5.0,5246,3742,1504,1564.1309444444453,24,10,0,11,32,0,12982,0
2175.1,fzp,5.0,5255,3744,1511,1569.3295555555565,29,11,0,14,28,0,13022,0
2180.1,fzp,5.0,5261,3732,1529,1574.521222222223,30,19,1,7,31,0,13071,0
2185.1,fzp,5.0,5239,3729,1510,1579.7024722222232,22,20,0,13,26,0,13113,0
2190.1,fzp,5.0,5256,3718,1538,1584.874000000001,33,17,0,12,27,0,13163,0
2195.1,fzp,5.0,5269,3717,1552,1590.0371944444453,37,10,0,15,31,0,13210,0
2200.1,fzp,5.0,5288,3716,1572,1595.1990000000008,31,17,0,15,32,0,13258,0
2205.1,fzp,5.0,5287,3715,1572,1600.3594166666674,22,18,0,11,28,0,13298,0
2210.1,fzp,5.0,5292,3712,1580,1605.5170555555562,25,21,0,11,32,0,13344,0
2215.1,fzp,5.0,5284,3716,1568,1610.6753888888895,23,19,1,14,33,0,13386,0
2220.1,fzp,5.0,5293,3725,1568,1615.8427500000007,24,15,1,16,33,0,13425,0
2225.1,fzp,5.0,5299,3721,1578,1621.013583333334,30,10,1,10,27,0,13465,0
2230.1,fzp,5.0,5302,3712,1590,1626.1753888888895,33,17,0,11,30,0,13515,0
2235.1,fzp,5.0,5309,3724,1585,1631.3392777777783,24,12,2,14,36,0,13551,0
2240.1,fzp,5.0,5312,3732,1580,1636.517055555556,25,15,3,17,34,0,13591,0
2245.1,fzp,5.0,5300,3724,1576,1641.6948333333337,35,15,3,14,31,0,13641,0
2250.1,fzp,5.0,5266,3726,1540,1646.8684444444448,23,17,3,12,33,0,13681,0
2255.1,fzp,5.0,5265,3742,1523,1652.054555555556,30,4,1,21,30,0,13715,0
2260.1,fzp,5.0,5263,3751,1512,1657.2580277777781,32,11,1,24,29,0,13758,0
2265.1,fzp,5.0,5262,3762,1500,1662.4753888888893,23,11,0,16,29,0,13792,0
2270.1,fzp,5.0,5265,3772,1493,1667.7073333333337,26,5,0,17,24,0,13823,0
2275.1,fzp,5.0,5248,3770,1478,1672.9448333333337,26,14,0,19,19,0,13863,0
2280.1,fzp,5.0,5252,3760,1492,1678.1740000000004,35,23,1,18,31,0,13921,0
2285.1,fzp,5.0,5252,3753,1499,1683.3913611111116,27,16,1,7,30,0,13964,0
2290.1,fzp,5.0,5249,3749,1500,1688.6010833333337,29,13,1,4,35,0,14006,0
2295.1,fzp,5.0,5241,3758,1483,1693.8142777777782,17,17,0,7,36,0,14040,0
2300.1,fzp,5.0,5242,3768,1474,1699.040666666667,26,17,0,21,32,0,14083,0
2305.1,fzp,5.0,5250,3774,1476,1704.278166666667,33,14,0,16,37,0,14130,0
2310.1,fzp,5.0,5251,3775,1476,1709.5205277777782,27,17,0,13,32,0,14174,0
2315.1,fzp,5.0,5263,3777,1486,1714.7649722222227,24,9,1,7,29,0,14207,0
2320.1,fzp,5.0,5271,3780,1491,1720.0128888888894,27,18,1,16,33,0,14252,0
2325.1,fzp,5.0,5295,3785,1510,1725.2663611111116,34,10,0,13,36,0,14296,0
2330.1,fzp,5.0,5309,3773,1536,1730.5149722222227,29,17,0,7,27,0,14342,0
2335.1,fzp,5.0,5323,3774,1549,1735.7559444444448,23,21,0,11,34,0,14386,0
2340.1,fzp,5.0,5319,3763,1556,1740.9899722222226,30,19,0,11,27,0,14435,0
2345.1,fzp,5.0,5326,3745,1581,1746.2038611111116,36,19,0,9,28,0,14490,0
2350.1,fzp,5.0,5341,3749,1592,1751.4080277777782,24,5,1,9,25,0,14519,0
2355.1,fzp,5.0,5350,3756,1594,1756.6198333333339,19,10,0,7,29,0,14548,0
2360.1,fzp,5.0,5365,3754,1611,1761.8351111111117,20,11,0,6,23,0,14579,0
2365.1,fzp,5.0,5367,3755,1612,1767.049694444445,25,15,0,15,26,0,14619,0
2370.1,fzp,5.0,5370,3756,1614,1772.2656666666674,27,17,1,21,25,0,14663,0
2375.1,fzp,5.0,5375,3756,1619,1777.482333333334,31,11,0,11,31,0,14705,0
2380.1,fzp,5.0,5385,3765,1620,1782.7052500000007,29,14,0,15,37,0,14748,0
2385.1,fzp,5.0,5387,3766,1621,1787.9351111111118,32,11,0,15,29,0,14791,0
2390.1,fzp,5.0,5377,3762,1615,1793.1628888888897,30,17,2,13,32,0,14838,0
2395.1,fzp,5.0,5360,3747,1613,1798.377472222223,37,16,2,13,27,0,14891,0
2400.1,fzp,5.0,5340,3741,1599,1803.5774722222232,30,15,2,11,30,0,14936,0
2405.1,fzp,5.0,5312,3744,1568,1808.77538888889,28,17,1,24,25,0,14981,0
2410.1,fzp,5.0,5309,3759,1550,1813.9858055555565,20,14,1,21,29,0,15015,0
2415.1,fzp,5.0,5281,3767,1514,1819.2121944444452,32,15,1,25,31,0,15062,0
2420.1,fzp,5.0,5258,3767,1491,1824.4441388888897,32,18,2,20,32,0,15112,0
2425.1,fzp,5.0,5255,3770,1485,1829.6781666666675,27,14,1,13,32,0,15153,0
2430.1,fzp,5.0,5243,3784,1459,1834.924000000001,18,15,1,17,31,0,15186,0
2435.1,fzp,5.0,5256,3792,1464,1840.185111111112,31,7,1,15,32,0,15224,0
2440.1,fzp,5.0,5240,3795,1445,1845.453861111112,23,15,1,13,29,0,15262,0
2445.1,fzp,5.0,5225,3787,1438,1850.7191388888898,24,23,1,10,30,0,15309,0
2450.1,fzp,5.0,5215,3790,1425,1855.9809444444454,24,27,0,19,35,0,15360,0
2455.1,fzp,5.0,5206,3781,1425,1861.2385833333342,29,16,0,8,28,0,15405,0
2460.1,fzp,5.0,5211,3776,1435,1866.486500000001,23,18,0,9,27,0,15446,0
2465.1,fzp,5.0,5233,3776,1457,1871.7309444444454,20,16,0,9,27,0,15482,0
2470.1,fzp,5.0,5248,3781,1467,1876.978861111112,25,16,1,11,36,0,15523,0
2475.1,fzp,5.0,5267,3786,1481,1882.2337222222232,29,14,0,12,36,0,15566,0
2480.1,fzp,5.0,5290,3787,1503,1887.492750000001,33,13,0,14,33,0,15612,0
2485.1,fzp,5.0,5307,3783,1524,1892.7496944444454,29,21,0,13,33,0,15662,0
2490.1,fzp,5.0,5322,3773,1549,1897.9969166666676,34,13,0,7,30,0,15709,0
2495.1,fzp,5.0,5334,3760,1574,1903.2281666666677,34,19,0,8,32,0,15762,0
2500.1,fzp,5.0,5352,3765,1587,1908.453861111112,22,18,0,10,35,0,15802,0
2505.1,fzp,5.0,5371,3759,1612,1913.678861111112,29,15,0,7,31,0,15846,0
2510.1,fzp,5.0,5373,3754,1619,1918.896222222223,28,15,0,7,31,0,15889,0
2515.1,fzp,5.0,5375,3748,1627,1924.1059444444452,24,25,1,17,27,0,15938,0
2520.1,fzp,5.0,5392,3752,1640,1929.3142777777784,23,20,0,17,30,0,15981,0
2525.1,fzp,5.0,5400,3752,1648,1934.5253888888897,31,18,0,15,34,0,16030,0
2530.1,fzp,5.0,5391,3741,1650,1939.7288611111119,29,14,1,12,21,0,16073,0
2535.1,fzp,5.0,5381,3748,1633,1944.9295555555564,29,15,1,20,32,0,16117,0
2540.1,fzp,5.0,5367,3741,1626,1950.1302500000008,22,16,0,13,18,0,16155,0
2545.1,fzp,5.0,5338,3710,1628,1955.3045555555564,39,17,4,10,19,0,16211,0
2550.1,fzp,5.0,5318,3710,1608,1960.4573333333342,25,14,3,12,30,0,16250,0
2555.1,fzp,5.0,5293,3710,1583,1965.610111111112,21,17,3,17,24,0,16288,0
2560.1,fzp,5.0,5292,3729,1563,1970.7760833333343,22,16,1,27,31,0,16326,0
2565.1,fzp,5.0,5286,3748,1538,1975.9684444444454,18,11,1,23,26,0,16355,0
2570.1,fzp,5.0,5286,3768,1518,1981.1878888888898,20,8,0,25,23,0,16383,0
2575.1,fzp,5.0,5301,3786,1515,1986.4337222222232,20,8,0,14,32,0,16411,0
2580.1,fzp,5.0,5285,3780,1505,1991.6878888888898,30,12,1,11,26,0,16453,0
2585.1,fzp,5.0,5284,3788,1496,1996.9434444444453,17,13,0,10,28,0,16483,0
2590.1,fzp,5.0,5266,3787,1479,2002.203861111112,23,15,0,12,25,0,16521,0
2595.1,fzp,5.0,5253,3787,1466,2007.4635833333343,27,15,2,9,35,0,16563,0
2600.1,fzp,5.0,5267,3789,1478,2012.7246944444455,34,16,0,15,37,0,16613,0
2605.1,fzp,5.0,5270,3789,1481,2017.9871944444455,30,11,0,5,36,0,16654,0
2610.1,fzp,5.0,5268,3796,1472,2023.2545555555566,20,17,2,14,32,0,16691,0
2615.1,fzp,5.0,5264,3805,1459,2028.533027777779,15,20,0,12,32,0,16726,0
2620.1,fzp,5.0,5274,3817,1457,2033.8260833333345,22,17,1,18,34,0,16765,0
2625.1,fzp,5.0,5303,3836,1467,2039.1406666666678,24,11,1,17,38,0,16800,0
2630.1,fzp,5.0,5318,3844,1474,2044.474000000001,22,16,0,11,35,0,16838,0
2635.1,fzp,5.0,5336,3864,1472,2049.8267777777787,20,11,0,15,36,0,16869,0
2640.1,fzp,5.0,5345,3864,1481,2055.1934444444455,28,13,0,9,32,0,16910,0
2645.1,fzp,5.0,5356,3852,1504,2060.5517777777786,34,13,0,8,27,0,16957,0
2650.1,fzp,5.0,5359,3845,1514,2065.8969166666675,23,17,0,10,23,0,16997,0
2655.1,fzp,5.0,5364,3836,1528,2071.2309444444454,25,13,1,11,19,0,17035,0
2660.1,fzp,5.0,5374,3813,1561,2076.542750000001,34,19,0,9,21,0,17088,0
2665.1,fzp,5.0,5368,3807,1561,2081.8344166666675,25,18,1,13,25,0,17131,0
2670.1,fzp,5.0,5387,3812,1575,2087.1253888888896,26,14,1,19,27,0,17171,0
2675.1,fzp,5.0,5384,3801,1583,2092.412194444445,33,18,1,14,27,0,17222,0
2680.1,fzp,5.0,5398,3784,1614,2097.6795555555564,36,17,0,11,25,0,17275,0
2685.1,fzp,5.0,5408,3779,1629,2102.9316388888897,28,20,1,14,30,0,17323,0
2690.1,fzp,5.0,5411,3779,1632,2108.180250000001,26,14,0,13,27,0,17363,0
2695.1,fzp,5.0,5412,3766,1646,2113.4198333333343,37,11,3,9,29,0,17411,0
2700.1,fzp,5.0,5399,3748,1651,2118.63788888889,32,18,2,3,31,0,17461,0
2705.1,fzp,5.0,5404,3741,1663,2123.838583333334,42,15,0,14,36,0,17518,0
2710.1,fzp,5.0,5410,3754,1656,2129.0434444444454,23,18,0,23,31,0,17559,0
2715.1,fzp,5.0,5405,3779,1626,2134.2746944444452,22,4,1,20,32,0,17585,0
2720.1,fzp,5.0,5393,3808,1585,2139.5434444444454,14,8,1,20,32,0,17607,0
2725.1,fzp,5.0,5383,3827,1556,2144.845527777779,19,7,0,17,28,0,17633,0
2730.1,fzp,5.0,5378,3857,1521,2150.18163888889,13,14,0,25,32,0,17660,0
2735.1,fzp,5.0,5368,3869,1499,2155.546916666668,13,18,0,16,27,0,17691,0
2740.1,fzp,5.0,5359,3864,1495,2160.917055555557,18,23,0,12,24,0,17732,0
2745.1,fzp,5.0,5341,3870,1471,2166.2878888888904,16,18,0,14,26,0,17766,0
2750.1,fzp,5.0,5321,3874,1447,2171.665666666668,24,14,0,16,26,0,17804,0
2755.1,fzp,5.0,5308,3862,1446,2177.0378888888904,32,12,1,9,24,0,17848,0
2760.1,fzp,5.0,5296,3864,1432,2182.4031666666683,23,17,0,17,25,0,17888,0
2765.1,fzp,5.0,5299,3864,1435,2187.769833333335,20,18,0,7,31,0,17926,0
2770.1,fzp,5.0,5303,3864,1439,2193.136500000002,23,20,0,12,31,0,17969,0
2775.1,fzp,5.0,5312,3865,1447,2198.503861111113,30,16,0,16,31,0,18015,0
2780.1,fzp,5.0,5328,3870,1458,2203.875388888891,27,19,0,16,35,0,18061,0
2785.1,fzp,5.0,5345,3866,1479,2209.247611111113,31,15,0,10,32,0,18107,0
2790.1,fzp,5.0,5351,3858,1493,2214.6115000000023,28,26,0,10,36,0,18161,0
2795.1,fzp,5.0,5373,3845,1528,2219.9608055555577,41,14,0,7,35,0,18216,0
2800.1,fzp,5.0,5371,3833,1538,2225.2927500000023,31,14,1,8,26,0,18261,0
2805.1,fzp,5.0,5374,3830,1544,2230.61427777778,23,18,1,10,29,0,18302,0
2810.1,fzp,5.0,5381,3826,1555,2235.9309444444466,27,16,1,10,30,0,18345,0
2815.1,fzp,5.0,5384,3827,1557,2241.24552777778,23,20,0,18,26,0,18388,0
2820.1,fzp,5.0,5390,3837,1553,2246.567750000002,30,15,0,21,34,0,18433,0
2825.1,fzp,5.0,5389,3834,1555,2251.894833333335,29,16,0,11,31,0,18478,0
2830.1,fzp,5.0,5390,3843,1547,2257.2260833333353,23,12,1,12,33,0,18513,0
2835.1,fzp,5.0,5389,3843,1546,2262.5635833333354,27,13,1,11,30,0,18553,0
2840.1,fzp,5.0,5381,3842,1539,2267.900388888891,14,17,1,10,21,0,18584,0
2845.1,fzp,5.0,5372,3815,1557,2273.217750000002,41,14,3,6,25,0,18639,0
2850.1,fzp,5.0,5353,3801,1552,2278.506638888891,28,16,0,5,25,0,18683,0
2855.1,fzp,5.0,5342,3796,1546,2283.7823333333354,29,17,3,14,30,0,18729,0
2860.1,fzp,5.0,5343,3811,1532,2289.0649722222242,22,14,1,20,32,0,18765,0
2865.1,fzp,5.0,5348,3820,1528,2294.36427777778,20,14,1,12,32,0,18799,0
2870.1,fzp,5.0,5352,3849,1503,2299.6899722222242,14,7,0,21,29,0,18820,0
2875.1,fzp,5.0,5359,3880,1479,2305.0573333333355,15,7,0,21,32,0,18842,0
2880.1,fzp,5.0,5340,3877,1463,2310.444138888891,28,15,0,18,22,0,18885,0
2885.1,fzp,5.0,5315,3886,1429,2315.8351111111133,25,22,1,24,33,0,18932,0
2890.1,fzp,5.0,5302,3890,1412,2321.2351111111134,22,13,0,14,25,0,18967,0
2895.1,fzp,5.0,5296,3900,1396,2326.6448333333356,19,14,0,13,30,0,19000,0
2900.1,fzp,5.0,5276,3904,1372,2332.06427777778,16,17,2,17,22,0,19033,0
2905.1,fzp,5.0,5267,3914,1353,2337.4934444444466,22,14,0,18,28,0,19069,0
2910.1,fzp,5.0,5261,3924,1337,2342.936500000002,16,10,0,15,21,0,19095,0
2915.1,fzp,5.0,5264,3931,1333,2348.3913611111134,25,15,0,11,36,0,19135,0
2920.1,fzp,5.0,5274,3938,1336,2353.855944444447,21,16,0,9,35,0,19172,0
2925.1,fzp,5.0,5298,3936,1362,2359.3240000000023,30,15,0,9,34,0,19217,0
2930.1,fzp,5.0,5306,3939,1367,2364.7927500000023,25,12,0,12,28,0,19254,0
2935.1,fzp,5.0,5311,3936,1375,2370.2615000000023,27,16,0,12,28,0,19297,0
2940.1,fzp,5.0,5320,3938,1382,2375.729555555558,30,9,0,11,30,0,19336,0
2945.1,fzp,5.0,5315,3919,1396,2381.185805555558,37,25,1,12,32,0,19398,0
2950.1,fzp,5.0,5326,3906,1420,2386.619833333336,37,22,0,15,31,0,19457,0
2955.1,fzp,5.0,5340,3891,1449,2392.034416666669,32,21,1,11,28,0,19510,0
2960.1,fzp,5.0,5355,3884,1471,2397.433722222225,30,14,0,6,31,0,19554,0
2965.1,fzp,5.0,5352,3882,1470,2402.8267777777805,26,14,0,13,25,0,19594,0
2970.1,fzp,5.0,5370,3884,1486,2408.2198333333363,26,18,0,17,29,0,19638,0
2975.1,fzp,5.0,5363,3877,1486,2413.6094166666694,23,20,0,10,26,0,19681,0
2980.1,fzp,5.0,5353,3880,1473,2418.996222222225,25,15,0,10,33,0,19721,0
2985.1,fzp,5.0,5361,3881,1480,2424.385805555558,25,17,1,9,35,0,19763,0
2990.1,fzp,5.0,5359,3869,1490,2429.7677500000023,28,22,3,10,31,0,19813,0
2995.1,fzp,5.0,5352,3858,1494,2435.1337222222246,27,11,3,6,24,0,19851,0
3000.1,fzp,5.0,5332,3839,1493,2440.4788611111135,26,18,4,6,23,0,19895,0
3005.1,fzp,5.0,5323,3837,1486,2445.809416666669,31,14,2,17,28,0,19940,0
3010.1,fzp,5.0,5291,3839,1452,2451.139972222225,22,18,2,24,20,0,19980,0
3015.1,fzp,5.0,5266,3830,1436,2456.465666666669,26,20,2,14,25,0,20026,0
3020.1,fzp,5.0,5243,3817,1426,2461.776083333336,30,20,0,12,25,0,20076,0
3025.1,fzp,5.0,5224,3808,1416,2467.0712222222246,26,18,1,13,23,0,20120,0
3030.1,fzp,5.0,5220,3799,1421,2472.3538611111135,25,16,1,10,23,0,20161,0
3035.1,fzp,5.0,5223,3803,1420,2477.63302777778,19,15,1,15,24,0,20195,0
3040.1,fzp,5.0,5223,3817,1406,2482.9246944444467,19,14,0,17,30,0,20228,0
3045.1,fzp,5.0,5198,3821,1377,2488.2288611111135,19,16,0,10,29,0,20263,0
3050.1,fzp,5.0,5185,3829,1356,2493.5413611111135,27,12,1,16,32,0,20302,0
3055.1,fzp,5.0,5166,3823,1343,2498.8552500000023,29,19,0,11,31,0,20350,0
3060.1,fzp,5.0,5183,3838,1345,2504.175388888891,23,9,0,11,36,0,20382,0
3065.1,fzp,5.0,5190,3848,1342,2509.512888888891,21,11,0,7,35,0,20414,0
3070.1,fzp,5.0,5192,3847,1345,2514.856638888891,25,18,1,7,36,0,20457,0
3075.1,fzp,5.0,5197,3846,1351,2520.1990000000023,25,15,0,9,30,0,20497,0
3080.1,fzp,5.0,5207,3859,1348,2525.5496944444467,24,8,0,10,35,0,20529,0
3085.1,fzp,5.0,5223,3874,1349,2530.9198333333356,22,8,0,11,34,0,20559,0
3090.1,fzp,5.0,5236,3867,1369,2536.29552777778,31,11,0,8,27,0,20601,0
3095.1,fzp,5.0,5256,3852,1404,2541.655944444447,39,12,0,6,30,0,20652,0
3100.1,fzp,5.0,5259,3844,1415,2547.0003888888914,29,19,0,11,29,0,20700,0
3105.1,fzp,5.0,5273,3845,1428,2552.339972222225,22,13,0,8,28,0,20735,0
3110.1,fzp,5.0,5281,3853,1428,2557.685805555558,17,18,0,12,31,0,20770,0
3115.1,fzp,5.0,5290,3860,1430,2563.042055555558,24,13,0,13,31,0,20807,0
3120.1,fzp,5.0,5288,3857,1431,2568.4010833333355,17,24,0,12,26,0,20848,0
3125.1,fzp,5.0,5285,3840,1445,2573.7462222222243,30,27,0,10,30,0,20905,0
3130.1,fzp,5.0,5282,3833,1449,2579.074694444447,20,19,0,7,25,0,20944,0
3135.1,fzp,5.0,5280,3830,1450,2584.3962222222244,24,14,2,13,24,0,20982,0
3140.1,fzp,5.0,5287,3823,1464,2589.7108055555577,31,14,0,13,25,0,21027,0
3145.1,fzp,5.0,5279,3812,1467,2595.012888888891,36,9,4,16,22,0,21072,0
3150.1,fzp,5.0,5269,3790,1479,2600.292055555558,32,17,4,9,22,0,21121,0
3155.1,fzp,5.0,5269,3789,1480,2605.555250000002,25,18,2,14,30,0,21164,0
3160.1,fzp,5.0,5268,3794,1474,2610.8212222222246,23,11,1,10,30,0,21198,0
3165.1,fzp,5.0,5266,3803,1463,2616.096916666669,26,5,0,12,28,0,21229,0
3170.1,fzp,5.0,5266,3815,1451,2621.387194444447,25,10,0,17,30,0,21264,0
3175.1,fzp,5.0,5269,3830,1439,2626.6962222222246,17,13,1,15,31,0,21294,0
3180.1,fzp,5.0,5262,3832,1430,2632.017055555558,20,15,1,12,26,0,21329,0
3185.1,fzp,5.0,5272,3842,1430,2637.3462222222247,22,5,0,8,29,0,21356,0
3190.1,fzp,5.0,5281,3852,1429,2642.6892777777803,22,7,1,11,29,0,21385,0
3195.1,fzp,5.0,5254,3850,1404,2648.0378888888913,24,11,1,13,21,0,21420,0
3200.1,fzp,5.0,5240,3848,1392,2653.3837222222246,28,16,1,14,29,0,21464,0
3205.1,fzp,5.0,5222,3847,1375,2658.7274722222246,22,14,0,10,25,0,21500,0
3210.1,fzp,5.0,5195,3840,1355,2664.065666666669,21,20,0,9,25,0,21541,0
3215.1,fzp,5.0,5180,3841,1339,2669.399694444447,17,16,1,8,27,0,21574,0
3220.1,fzp,5.0,5179,3834,1345,2674.7295555555584,27,19,0,12,27,0,21620,0
3225.1,fzp,5.0,5196,3835,1361,2680.0552500000026,23,17,0,9,32,0,21660,0
3230.1,fzp,5.0,5187,3834,1353,2685.380944444447,26,17,0,11,31,0,21703,0
3235.1,fzp,5.0,5168,3817,1351,2690.6941388888913,25,25,0,9,24,0,21753,0
3240.1,fzp,5.0,5171,3809,1362,2695.9899722222244,27,18,0,4,33,0,21798,0
3245.1,fzp,5.0,5184,3806,1378,2701.2781666666688,33,17,0,10,37,0,21848,0
3250.1,fzp,5.0,5193,3809,1384,2706.566361111113,17,20,0,10,30,0,21885,0
3255.1,fzp,5.0,5210,3798,1412,2711.849000000002,34,19,0,9,33,0,21938,0
3260.1,fzp,5.0,5226,3786,1440,2717.115666666669,32,16,0,8,28,0,21986,0
3265.1,fzp,5.0,5242,3779,1463,2722.369138888891,29,18,0,10,30,0,22033,0
3270.1,fzp,5.0,5246,3777,1469,2727.6163611111133,30,17,0,20,25,0,22080,0
3275.1,fzp,5.0,5256,3775,1481,2732.860805555558,30,12,0,13,27,0,22122,0
3280.1,fzp,5.0,5271,3772,1499,2738.10177777778,22,11,0,8,22,0,22155,0
3285.1,fzp,5.0,5275,3773,1502,2743.3413611111137,20,14,1,11,25,0,22189,0
3290.1,fzp,5.0,5262,3763,1499,2748.574694444447,27,17,1,9,26,0,22233,0
3295.1,fzp,5.0,5266,3756,1510,2753.7962222222245,32,12,3,11,29,0,22277,0
3300.1,fzp,5.0,5260,3740,1520,2759.0017777777803,25,15,0,5,19,0,22317,0
3305.1,fzp,5.0,5253,3741,1512,2764.196916666669,23,19,0,15,28,0,22359,0
3310.1,fzp,5.0,5234,3742,1492,2769.3934444444467,19,14,0,12,22,0,22392,0
3315.1,fzp,5.0,5229,3758,1471,2774.60177777778,18,8,0,13,29,0,22418,0
3320.1,fzp,5.0,5225,3764,1461,2779.825388888891,23,11,0,9,31,0,22452,0
3325.1,fzp,5.0,5230,3768,1462,2785.0559444444466,23,11,1,6,33,0,22486,0
3330.1,fzp,5.0,5219,3782,1437,2790.2990000000023,12,18,0,9,35,0,22516,0
3335.1,fzp,5.0,5222,3791,1431,2795.55802777778,21,16,0,10,36,0,22553,0
3340.1,fzp,5.0,5233,3804,1429,2800.8323333333356,20,13,0,12,34,0,22586,0
3345.1,fzp,5.0,5236,3809,1427,2806.119138888891,22,13,1,12,29,0,22621,0
3350.1,fzp,5.0,5241,3815,1426,2811.4135833333353,27,9,0,12,30,0,22657,0
3355.1,fzp,5.0,5238,3826,1412,2816.7198333333354,19,16,0,16,30,0,22692,0
3360.1,fzp,5.0,5231,3829,1402,2822.0358055555575,24,20,0,16,31,0,22736,0
3365.1,fzp,5.0,5232,3831,1401,2827.355250000002,25,14,0,14,27,0,22775,0
3370.1,fzp,5.0,5224,3839,1385,2832.6816388888906,21,14,0,19,24,0,22810,0
3375.1,fzp,5.0,5241,3852,1389,2838.022611111113,25,10,0,16,32,0,22845,0
3380.1,fzp,5.0,5244,3850,1394,2843.371222222224,27,16,0,12,29,0,22888,0
3385.1,fzp,5.0,5245,3851,1394,2848.7191388888905,25,13,0,7,32,0,22926,0
3390.1,fzp,5.0,5248,3846,1402,2854.0642777777794,32,14,0,9,32,0,22972,0
3395.1,fzp,5.0,5249,3826,1423,2859.392055555557,40,15,0,10,25,0,23027,0
3400.1,fzp,5.0,5244,3823,1421,2864.7038611111125,26,17,1,11,30,0,23070,0
3405.1,fzp,5.0,5241,3809,1432,2870.0038611111127,30,22,0,6,32,0,23122,0
3410.1,fzp,5.0,5269,3806,1463,2875.292055555557,28,11,0,6,30,0,23161,0
3415.1,fzp,5.0,5288,3817,1471,2880.585805555557,25,8,0,11,33,0,23194,0
3420.1,fzp,5.0,5295,3821,1474,2885.8899722222236,26,13,1,17,27,0,23233,0
3425.1,fzp,5.0,5300,3822,1478,2891.1976111111126,26,13,1,12,29,0,23272,0
3430.1,fzp,5.0,5311,3827,1484,2896.509416666668,22,15,0,11,31,0,23309,0
3435.1,fzp,5.0,5329,3824,1505,2901.8226111111126,32,8,1,6,32,0,23349,0
3440.1,fzp,5.0,5330,3827,1503,2907.135805555557,30,6,1,10,30,0,23385,0
3445.1,fzp,5.0,5318,3809,1509,2912.438583333335,35,15,3,14,21,0,23435,0
3450.1,fzp,5.0,5326,3819,1507,2917.7358055555574,26,7,1,13,31,0,23468,0
3455.1,fzp,5.0,5330,3831,1499,2923.0483055555574,19,16,1,17,31,0,23503,0
3460.1,fzp,5.0,5334,3838,1496,2928.3740000000016,19,16,0,15,27,0,23538,0
3465.1,fzp,5.0,5324,3847,1477,2933.7108055555573,21,16,0,19,27,0,23575,0
3470.1,fzp,5.0,5328,3849,1479,2939.0552500000017,19,17,0,16,22,0,23611,0
3475.1,fzp,5.0,5319,3852,1467,2944.4031666666683,24,17,0,18,26,0,23652,0
3480.1,fzp,5.0,5317,3861,1456,2949.759416666668,18,14,0,15,26,0,23684,0
3485.1,fzp,5.0,5308,3861,1447,2955.1219166666683,20,13,0,5,28,0,23717,0
3490.1,fzp,5.0,5290,3860,1430,2960.483722222224,16,16,2,10,23,0,23749,0
3495.1,fzp,5.0,5273,3862,1411,2965.8462222222242,14,18,0,9,25,0,23781,0
3500.1,fzp,5.0,5260,3856,1404,2971.2059444444467,26,16,0,14,22,0,23823,0
3505.1,fzp,5.0,5253,3858,1395,2976.562888888891,29,6,0,14,23,0,23858,0
3510.1,fzp,5.0,5258,3876,1382,2981.9337222222243,21,9,0,18,30,0,23888,0
3515.1,fzp,5.0,5254,3891,1363,2987.3274722222245,16,18,0,18,31,0,23922,0
3520.1,fzp,5.0,5249,3889,1360,2992.7302500000023,26,23,0,17,30,0,23971,0
3525.1,fzp,5.0,5243,3885,1358,2998.1288611111136,25,19,1,15,26,0,24015,0
3530.1,fzp,5.0,5238,3895,1343,3003.5316388888914,19,18,0,10,37,0,24052,0
3535.1,fzp,5.0,5227,3905,1322,3008.948305555558,16,17,0,10,33,0,24085,0
3540.1,fzp,5.0,5237,3906,1331,3014.3726111111137,24,18,0,8,35,0,24127,0
3545.1,fzp,5.0,5240,3904,1336,3019.796222222225,26,14,0,7,31,0,24167,0
3550.1,fzp,5.0,5247,3904,1343,3025.2184444444474,23,14,1,8,30,0,24204,0
3555.1,fzp,5.0,5252,3897,1355,3030.6358055555584,29,14,1,7,30,0,24247,0
3560.1,fzp,5.0,5258,3881,1377,3036.0371944444473,31,20,0,6,29,0,24298,0
3565.1,fzp,5.0,5267,3892,1375,3041.435111111114,22,14,1,13,35,0,24334,0
3570.1,fzp,5.0,5275,3905,1370,3046.8496944444473,21,18,0,20,32,0,24373,0
3575.1,fzp,5.0,5285,3894,1391,3052.2656666666694,32,15,0,7,29,0,24420,0
3580.1,fzp,5.0,5301,3884,1417,3057.6670555555584,31,18,0,8,31,0,24469,0
3585.1,fzp,5.0,5309,3879,1430,3063.058027777781,26,16,2,11,28,0,24511,0
3590.1,fzp,5.0,5314,3873,1441,3068.441361111114,29,17,0,13,27,0,24557,0
3595.1,fzp,5.0,5323,3874,1449,3073.821222222225,30,16,3,19,31,0,24603,0
3600.1,fzp,5.0,5328,3869,1459,3079.1983055555584,31,13,2,17,24,0,24647,0
3605.1,fzp,5.0,5331,3879,1452,3084.578861111114,33,12,1,17,39,0,24692,0
3610.1,fzp,5.0,5339,3885,1454,3089.9705277777807,28,3,2,11,28,0,24723,0
3615.1,fzp,5.0,5344,3892,1452,3095.3712222222252,23,11,0,13,28,0,24757,0
3620.1,fzp,5.0,5338,3894,1444,3100.7781666666697,27,15,0,14,30,0,24799,0
3625.1,fzp,5.0,5324,3895,1429,3106.1871944444474,31,10,1,13,30,0,24840,0
3630.1,fzp,5.0,5315,3904,1411,3111.6031666666695,22,9,0,12,28,0,24871,0
3635.1,fzp,5.0,5310,3899,1411,3117.0219166666693,18,15,1,7,22,0,24904,0
3640.1,fzp,5.0,5296,3905,1391,3122.4413611111136,15,16,0,6,31,0,24935,0
3645.1,fzp,5.0,5272,3899,1373,3127.860805555558,15,23,0,12,20,0,24973,0
3650.1,fzp,5.0,5269,3907,1362,3133.281638888891,28,8,0,19,25,0,25009,0
3655.1,fzp,5.0,5248,3900,1348,3138.7031666666685,29,14,0,13,23,0,25052,0
3660.1,fzp,5.0,5231,3903,1328,3144.1219166666683,15,17,0,7,28,0,25084,0
3665.1,fzp,5.0,5230,3908,1322,3149.546222222224,18,15,0,11,27,0,25117,0
3670.1,fzp,5.0,5224,3906,1318,3154.972611111113,25,14,0,13,24,0,25156,0
3675.1,fzp,5.0,5227,3908,1319,3160.399000000002,25,13,0,10,30,0,25194,0
3680.1,fzp,5.0,5220,3905,1315,3165.824694444447,23,17,0,7,30,0,25234,0
3685.1,fzp,5.0,5207,3900,1307,3171.2448333333355,24,11,0,7,23,0,25269,0
3690.1,fzp,5.0,5217,3889,1328,3176.653861111113,36,15,0,10,30,0,25320,0
3695.1,fzp,5.0,5214,3872,1342,3182.0434444444463,36,17,0,6,30,0,25373,0
3700.1,fzp,5.0,5211,3865,1346,3187.416361111113,31,14,0,13,25,0,25418,0
3705.1,fzp,5.0,5194,3853,1341,3192.7760833333355,23,14,0,6,19,0,25455,0
3710.1,fzp,5.0,5197,3841,1356,3198.119138888891,27,13,0,5,23,0,25495,0
3715.1,fzp,5.0,5194,3842,1352,3203.454555555558,22,10,1,13,21,0,25527,0
3720.1,fzp,5.0,5201,3850,1351,3208.7962222222245,26,10,1,20,25,0,25563,0
3725.1,fzp,5.0,5216,3856,1360,3214.1476111111133,22,10,0,12,26,0,25595,0
3730.1,fzp,5.0,5218,3853,1365,3219.5010833333354,23,17,1,7,31,0,25635,0
3735.1,fzp,5.0,5229,3846,1383,3224.847611111113,30,19,2,8,36,0,25684,0
3740.1,fzp,5.0,5228,3838,1390,3230.1837222222243,30,19,1,9,33,0,25733,0
3745.1,fzp,5.0,5219,3832,1387,3235.510111111113,33,14,3,12,32,0,25780,0
3750.1,fzp,5.0,5226,3827,1399,3240.828861111113,33,14,3,14,31,0,25827,0
3755.1,fzp,5.0,5217,3840,1377,3246.1531666666683,20,16,1,21,29,0,25863,0
3760.1,fzp,5.0,5227,3860,1367,3251.5003888888905,25,10,0,18,37,0,25898,0
3765.1,fzp,5.0,5222,3880,1342,3256.8753888888905,19,8,0,16,31,0,25925,0
3770.1,fzp,5.0,5234,3899,1335,3262.277472222224,22,8,2,17,34,0,25955,0
3775.1,fzp,5.0,5227,3901,1326,3267.6941388888904,25,13,1,15,26,0,25993,0
3780.1,fzp,5.0,5223,3909,1314,3273.1177500000017,17,14,0,9,30,0,26024,0
3785.1,fzp,5.0,5222,3905,1317,3278.5441388888908,23,15,0,10,24,0,26062,0
3790.1,fzp,5.0,5209,3902,1307,3283.9656666666683,30,15,0,13,29,0,26107,0
3795.1,fzp,5.0,5199,3921,1278,3289.3983055555573,12,7,0,12,26,0,26126,0
3800.1,fzp,5.0,5190,3932,1258,3294.8517777777797,21,8,1,16,25,0,26155,0
3805.1,fzp,5.0,5176,3923,1253,3300.306638888891,35,16,0,17,25,0,26206,0
3810.1,fzp,5.0,5162,3928,1234,3305.758722222224,23,14,0,14,28,0,26243,0
3815.1,fzp,5.0,5147,3930,1217,3311.2156666666688,17,17,0,11,25,0,26277,0
3820.1,fzp,5.0,5126,3924,1202,3316.6698333333356,23,17,0,11,23,0,26317,0
3825.1,fzp,5.0,5118,3924,1194,3322.1198333333355,24,19,0,9,34,0,26360,0
3830.1,fzp,5.0,5110,3912,1198,3327.561500000002,24,18,0,9,21,0,26402,0
3835.1,fzp,5.0,5099,3896,1203,3332.9837222222245,26,23,0,9,24,0,26451,0
3840.1,fzp,5.0,5101,3878,1223,3338.3823333333357,32,21,0,5,30,0,26504,0
3845.1,fzp,5.0,5091,3868,1223,3343.7615000000023,30,17,0,8,29,0,26551,0
3850.1,fzp,5.0,5088,3869,1219,3349.134416666669,23,14,2,11,29,0,26588,0
3855.1,fzp,5.0,5091,3861,1230,3354.5024722222247,22,14,2,5,25,0,26624,0
3860.1,fzp,5.0,5081,3847,1234,3359.8552500000023,25,20,1,3,29,0,26669,0
3865.1,fzp,5.0,5070,3838,1232,3365.192055555558,28,17,1,9,28,0,26714,0
3870.1,fzp,5.0,5075,3840,1235,3370.5240000000026,21,16,1,13,27,0,26751,0
3875.1,fzp,5.0,5071,3830,1241,3375.8503888888913,25,14,1,8,22,0,26790,0
3880.1,fzp,5.0,5065,3820,1245,3381.1628888888913,28,14,0,9,23,0,26832,0
3885.1,fzp,5.0,5088,3833,1255,3386.4774722222246,23,8,0,12,32,0,26863,0
3890.1,fzp,5.0,5084,3821,1263,3391.7927500000023,36,12,1,13,24,0,26911,0
3895.1,fzp,5.0,5081,3813,1268,3397.0941388888914,33,13,2,12,28,0,26957,0
3900.1,fzp,5.0,5070,3808,1262,3402.3865000000023,26,16,2,12,27,0,26999,0
3905.1,fzp,5.0,5066,3808,1258,3407.675388888891,23,15,1,13,26,0,27037,0
3910.1,fzp,5.0,5055,3816,1239,3412.9698333333354,17,13,1,15,24,0,27067,0
3915.1,fzp,5.0,5055,3816,1239,3418.2698333333356,20,13,0,8,25,0,27100,0
3920.1,fzp,5.0,5040,3810,1230,3423.5656666666687,23,16,0,12,21,0,27139,0
3925.1,fzp,5.0,5035,3806,1229,3428.8545555555575,18,16,0,7,23,0,27173,0
3930.1,fzp,5.0,5040,3818,1222,3434.1490000000017,13,8,0,7,26,0,27194,0
3935.1,fzp,5.0,5039,3807,1232,3439.4441388888904,25,16,0,5,25,0,27235,0
3940.1,fzp,5.0,5032,3808,1224,3444.7323333333347,10,21,0,4,28,0,27266,0
3945.1,fzp,5.0,5033,3817,1216,3450.0274722222234,17,9,0,8,27,0,27292,0
3950.1,fzp,5.0,5040,3834,1206,3455.340666666668,19,13,0,20,29,0,27324,0
3955.1,fzp,5.0,5023,3834,1189,3460.6656666666677,25,14,0,16,23,0,27363,0
3960.1,fzp,5.0,5035,3859,1176,3466.008027777779,16,14,0,13,42,0,27393,0
3965.1,fzp,5.0,5029,3852,1177,3471.3628888888898,16,21,1,6,25,0,27430,0
3970.1,fzp,5.0,5023,3858,1165,3476.7170555555563,19,16,1,9,33,0,27465,0
3975.1,fzp,5.0,5016,3856,1160,3482.0740000000005,19,15,1,12,21,0,27499,0
3980.1,fzp,5.0,5012,3857,1155,3487.4302500000003,19,14,0,13,21,0,27532,0
3985.1,fzp,5.0,5008,3851,1157,3492.783027777778,23,11,0,7,21,0,27566,0
3990.1,fzp,5.0,5009,3844,1165,3498.126777777778,28,19,0,7,33,0,27613,0
3995.1,fzp,5.0,5016,3829,1187,3503.4552500000004,38,16,0,7,32,0,27667,0
4000.1,fzp,5.0,5025,3828,1197,3508.7726111111115,19,17,0,6,29,0,27703,0
4005.1,fzp,5.0,5037,3830,1207,3514.090666666667,22,11,0,3,32,0,27736,0
4010.1,fzp,5.0,5045,3831,1214,3519.4108055555557,19,11,1,5,27,0,27766,0
4015.1,fzp,5.0,5043,3818,1225,3524.7226111111113,29,15,0,7,24,0,27810,0
4020.1,fzp,5.0,5034,3818,1216,3530.025388888889,27,19,1,23,24,0,27856,0
4025.1,fzp,5.0,5039,3814,1225,3535.3253888888894,26,19,1,12,30,0,27901,0
4030.1,fzp,5.0,5032,3816,1216,3540.6240000000007,19,17,0,11,27,0,27937,0
4035.1,fzp,5.0,5047,3824,1223,3545.9295555555564,16,19,2,13,32,0,27972,0
4040.1,fzp,5.0,5070,3836,1234,3551.2490000000007,20,12,1,13,32,0,28004,0
4045.1,fzp,5.0,5062,3829,1233,3556.571916666667,26,15,5,10,29,0,28045,0
4050.1,fzp,5.0,5068,3830,1238,3561.890666666667,21,14,2,6,32,0,28080,0
4055.1,fzp,5.0,5061,3825,1236,3567.2066388888893,22,23,1,12,29,0,28125,0
4060.1,fzp,5.0,5051,3833,1218,3572.524694444445,17,16,2,14,29,0,28158,0
4065.1,fzp,5.0,5048,3828,1220,3577.8448333333336,20,15,0,9,21,0,28193,0
4070.1,fzp,5.0,5045,3825,1220,3583.159416666667,24,11,1,10,23,0,28228,0
4075.1,fzp,5.0,5028,3816,1212,3588.465666666667,12,26,0,10,19,0,28266,0
4080.1,fzp,5.0,5037,3817,1220,3593.7663611111116,15,14,0,8,22,0,28295,0
4085.1,fzp,5.0,5053,3820,1233,3599.069833333334,17,12,0,3,29,0,28324,0
4090.1,fzp,5.0,5053,3821,1232,3604.376083333334,14,13,0,5,23,0,28351,0
4095.1,fzp,5.0,5046,3819,1227,3609.6816388888897,16,17,2,10,23,0,28384,0
4100.1,fzp,5.000000000000455,5029,3817,1212,3614.984416666668,20,16,0,16,18,0,28420,0
4105.1,fzp,5.0,5037,3815,1222,3620.284416666668,24,13,0,7,28,0,28457,0
4110.1,fzp,5.0,5030,3814,1216,3625.582333333335,25,16,0,10,30,0,28498,0
4115.1,fzp,5.0,5021,3818,1203,3630.8823333333353,18,18,0,10,30,0,28534,0
4120.1,fzp,5.0,5031,3825,1206,3636.1899722222242,17,17,1,7,35,0,28568,0
4125.1,fzp,5.0,5034,3825,1209,3641.5024722222242,26,13,0,11,28,0,28607,0
4130.1,fzp,5.0,5034,3826,1208,3646.8156666666687,20,16,0,10,27,0,28643,0
4135.1,fzp,5.0,5040,3838,1202,3652.1378888888908,19,14,0,14,31,0,28676,0
4140.1,fzp,5.0,5049,3834,1215,3657.4656666666683,27,11,0,5,29,0,28714,0
4145.1,fzp,5.0,5059,3819,1240,3662.7802500000016,33,15,1,3,31,0,28762,0
4150.1,fzp,5.0,5074,3810,1264,3668.0781666666685,24,17,1,7,26,0,28803,0
4155.1,fzp,5.0,5086,3799,1287,3673.3621944444462,23,15,1,4,24,0,28841,0
4160.1,fzp,5.0,5094,3792,1302,3678.633722222224,22,14,0,5,24,0,28877,0
4165.1,fzp,5.0,5087,3796,1291,3683.9031666666688,18,16,0,11,27,0,28911,0
4170.1,fzp,5.0,5076,3794,1282,3689.1740000000023,22,18,0,13,25,0,28951,0
4175.1,fzp,5.0,5081,3802,1279,3694.4490000000023,26,8,0,13,29,0,28985,0
4180.1,fzp,5.0,5084,3800,1284,3699.728166666669,30,10,0,14,24,0,29025,0
4185.1,fzp,5.0,5082,3795,1287,3705.0024722222247,29,12,1,11,26,0,29066,0
4190.1,fzp,5.0,5078,3788,1290,3710.268444444447,26,14,2,10,25,0,29106,0
4195.1,fzp,5.0,5068,3787,1281,3715.5288611111137,21,12,2,12,22,0,29139,0
4200.1,fzp,5.0,5063,3774,1289,3720.779555555558,25,23,3,9,29,0,29187,0
4205.1,fzp,5.0,5067,3775,1292,3726.0219166666693,30,13,2,16,30,0,29230,0
4210.1,fzp,5.0,5066,3788,1278,3731.2740000000026,16,18,1,19,29,0,29264,0
4215.1,fzp,5.0,5053,3786,1267,3736.5337222222247,25,15,0,10,28,0,29304,0
4220.1,fzp,5.0,5043,3791,1252,3741.79552777778,25,15,1,17,29,0,29344,0
4225.1,fzp,5.0,5052,3804,1248,3747.0698333333357,24,6,0,12,31,0,29374,0
4230.1,fzp,5.0,5053,3810,1243,3752.3573333333356,24,7,0,12,25,0,29405,0
4235.1,fzp,5.0,5041,3808,1233,3757.6476111111133,20,17,0,7,28,0,29442,0
4240.1,fzp,5.0,5040,3798,1242,3762.9295555555577,25,17,1,5,28,0,29484,0
4245.1,fzp,5.0,5027,3789,1238,3768.198305555558,17,21,1,8,22,0,29522,0
4250.1,fzp,5.0,5019,3793,1226,3773.4635833333355,20,15,0,13,26,0,29557,0
4255.1,fzp,5.0,5014,3799,1215,3778.735805555558,21,14,0,18,23,0,29592,0
4260.1,fzp,5.0,5017,3801,1216,3784.0135833333356,18,15,0,7,28,0,29625,0
4265.1,fzp,5.0,5019,3810,1209,3789.2990000000023,15,16,0,6,34,0,29656,0
4270.1,fzp,5.0,5024,3809,1215,3794.5899722222243,26,11,1,8,29,0,29693,0
4275.1,fzp,5.0,5037,3824,1213,3799.890666666669,19,13,0,11,36,0,29725,0
4280.1,fzp,5.0,5050,3818,1232,3805.1976111111135,28,12,0,7,27,0,29765,0
4285.1,fzp,5.0,5066,3820,1246,3810.5017777777803,23,15,0,7,33,0,29803,0
4290.1,fzp,5.0,5077,3815,1262,3815.8038611111137,27,16,1,12,27,0,29846,0
4295.1,fzp,5.0,5079,3804,1275,3821.094833333336,22,16,0,8,19,0,29884,0
4300.1,fzp,5.0,5086,3807,1279,3826.3802500000024,23,11,0,13,24,0,29918,0
4305.1,fzp,5.0,5088,3801,1287,3831.6635833333357,21,22,1,7,31,0,29961,0
4310.1,fzp,5.0,5107,3805,1302,3836.94552777778,26,5,0,1,34,0,29992,0
4315.1,fzp,5.0,5116,3814,1302,3842.2365000000023,19,8,0,12,24,0,30019,0
4320.1,fzp,5.0,5124,3808,1316,3847.5295555555576,28,12,0,10,24,0,30059,0
4325.1,fzp,5.0,5116,3797,1319,3852.8108055555576,28,21,0,8,30,0,30108,0
4330.1,fzp,5.0,5116,3795,1321,3858.08302777778,20,17,0,6,29,0,30145,0
4335.1,fzp,5.0,5109,3787,1322,3863.3483055555575,24,14,0,7,23,0,30183,0
4340.1,fzp,5.0,5107,3779,1328,3868.602472222224,29,13,2,9,27,0,30225,0
4345.1,fzp,5.0,5088,3774,1314,3873.847611111113,25,12,2,13,21,0,30262,0
4350.1,fzp,5.0,5064,3768,1296,3879.0851111111133,22,14,1,12,19,0,30298,0
4355.1,fzp,5.0,5054,3758,1296,3884.311500000002,25,18,0,11,22,0,30341,0
4360.1,fzp,5.0,5068,3761,1307,3889.53302777778,19,17,1,14,26,0,30377,0
4365.1,fzp,5.0,5054,3746,1308,3894.7462222222243,30,22,1,10,28,0,30429,0
4370.1,fzp,5.0,5063,3755,1308,3899.9552500000023,16,15,0,9,31,0,30460,0
4375.1,fzp,5.0,5072,3771,1301,3905.181638888891,14,13,0,10,33,0,30487,0
4380.1,fzp,5.0,5088,3786,1302,3910.4295555555577,16,10,0,9,32,0,30513,0
4385.1,fzp,5.0,5092,3790,1302,3915.6906666666687,15,13,0,5,27,0,30541,0
4390.1,fzp,5.0,5082,3786,1296,3920.9517777777796,18,18,0,7,25,0,30577,0
4395.1,fzp,5.0,5078,3795,1283,3926.2163611111127,18,7,0,7,27,0,30602,0
4400.1,fzp,5.0,5051,3792,1259,3931.485111111113,26,14,1,22,16,0,30642,0
4405.1,fzp,5.0,5031,3801,1230,3936.7580277777797,18,13,0,16,24,0,30673,0
4410.1,fzp,5.0,5015,3803,1212,3942.0385833333353,22,11,0,16,19,0,30706,0
4415.1,fzp,5.0,5002,3793,1209,3947.3135833333354,22,14,0,8,18,0,30742,0
4420.1,fzp,5.0,4997,3788,1209,3952.5781666666685,21,18,0,14,20,0,30781,0
4425.1,fzp,5.0,4991,3790,1201,3957.8406666666683,24,14,1,17,24,0,30819,0
4430.1,fzp,5.0,5010,3789,1221,3963.1038611111126,24,5,0,7,21,0,30848,0
4435.1,fzp,5.0,5013,3772,1241,3968.354555555557,25,26,0,7,27,0,30899,0
4440.1,fzp,5.0,5018,3750,1268,3973.578166666668,34,18,0,7,23,0,30951,0
4445.1,fzp,5.0,5018,3725,1293,3978.76913888889,37,17,0,8,21,0,31005,0
4450.1,fzp,5.0,5029,3723,1306,3983.9413611111127,25,10,0,8,25,0,31040,0
4455.1,fzp,5.0,5014,3711,1303,3989.1038611111126,21,12,0,1,20,0,31073,0
4460.1,fzp,5.0,5013,3698,1315,3994.2490000000016,22,14,0,5,18,0,31109,0
4465.1,fzp,5.0,5017,3693,1324,3999.3816388888904,25,16,1,11,26,0,31150,0
4470.1,fzp,5.0,4999,3693,1306,4004.510805555557,20,18,1,17,22,0,31188,0
4475.1,fzp,5.0,5008,3697,1311,4009.6427500000013,19,12,0,10,25,0,31219,0
4480.1,fzp,5.0,5007,3684,1323,4014.768444444446,30,16,0,10,23,0,31265,0
4485.1,fzp,5.0,4998,3677,1321,4019.8802500000015,22,19,0,9,25,0,31306,0
4490.1,fzp,5.0,4986,3669,1317,4024.9816388888903,24,16,1,7,26,0,31346,0
4495.1,fzp,5.0,4979,3665,1314,4030.074694444446,29,16,2,13,30,0,31391,0
4500.1,fzp,5.0,4953,3671,1282,4035.1691388888903,19,15,1,14,27,0,31425,0
4505.1,fzp,5.0,4937,3676,1261,4040.2712222222235,23,15,0,16,27,0,31463,0
4510.1,fzp,5.0,4931,3695,1236,4045.3899722222236,16,12,1,16,32,0,31491,0
4515.1,fzp,5.0,4917,3707,1210,4050.530250000001,25,8,1,15,31,0,31524,0
4520.1,fzp,5.0,4896,3699,1197,4055.673305555557,27,14,0,10,23,0,31565,0
4525.1,fzp,5.0,4887,3693,1194,4060.80663888889,21,17,1,10,23,0,31603,0
4530.1,fzp,5.0,4873,3680,1193,4065.926777777779,18,21,0,9,17,0,31642,0
4535.1,fzp,5.0,4866,3686,1180,4071.042055555557,15,4,0,8,17,0,31661,0
4540.1,fzp,5.0,4859,3689,1170,4076.163583333335,10,12,0,6,19,0,31683,0
4545.1,fzp,5.0,4847,3685,1162,4081.284416666668,15,17,0,8,20,0,31715,0
4550.1,fzp,5.0,4826,3683,1143,4086.401083333335,18,18,0,17,17,0,31751,0
4555.1,fzp,5.0,4814,3672,1142,4091.5087222222237,24,9,0,11,11,0,31784,0
4560.1,fzp,5.0,4807,3672,1135,4096.608722222224,19,9,1,10,19,0,31812,0
4565.1,fzp,5.0,4799,3667,1132,4101.705250000002,21,14,0,7,23,0,31847,0
4570.1,fzp,5.0,4793,3658,1135,4106.792055555557,22,13,0,8,18,0,31882,0
4575.1,fzp,5.0,4802,3657,1145,4111.871916666669,19,13,1,10,22,0,31914,0
4580.1,fzp,5.0,4805,3650,1155,4116.946222222225,24,13,1,5,26,0,31951,0
4585.1,fzp,5.0,4806,3635,1171,4122.005250000002,21,19,0,5,20,0,31991,0
4590.1,fzp,5.0,4807,3623,1184,4127.04552777778,25,20,0,6,27,0,32036,0
4595.1,fzp,5.0,4802,3599,1203,4132.060805555558,30,18,0,3,21,0,32084,0
4600.1,fzp,5.0,4815,3589,1226,4137.052472222224,26,10,0,3,23,0,32120,0
4605.1,fzp,5.0,4816,3578,1238,4142.029555555558,22,11,1,0,23,0,32153,0
4610.1,fzp,5.0,4807,3560,1247,4146.986500000002,23,16,1,0,22,0,32192,0
4615.1,fzp,5.0,4800,3561,1239,4151.931638888891,19,13,0,10,23,0,32224,0
4620.1,fzp,5.0,4792,3551,1241,4156.87052777778,26,15,1,10,22,0,32265,0
4625.1,fzp,5.0,4788,3546,1242,4161.799000000002,28,14,0,11,26,0,32307,0
4630.1,fzp,5.0,4783,3553,1230,4166.728861111113,14,10,0,6,25,0,32331,0
4635.1,fzp,5.0,4768,3543,1225,4171.6566388888905,22,17,1,8,22,0,32370,0
4640.1,fzp,5.0,4753,3545,1208,4176.578861111113,23,14,0,10,29,0,32407,0
4645.1,fzp,5.0,4726,3544,1182,4181.501777777779,19,14,4,10,26,0,32440,0
4650.1,fzp,5.0,4704,3546,1158,4186.425388888891,11,16,2,4,27,0,32467,0
4655.1,fzp,5.0,4691,3546,1145,4191.350388888891,25,12,0,14,23,0,32504,0
4660.1,fzp,5.0,4700,3561,1139,4196.285805555557,18,5,0,15,23,0,32527,0
4665.1,fzp,5.0,4681,3563,1118,4201.233027777779,23,12,1,14,24,0,32562,0
4670.1,fzp,5.0,4672,3564,1108,4206.182333333335,19,10,0,11,19,0,32591,0
4675.1,fzp,5.0,4666,3568,1098,4211.135111111113,16,7,0,6,21,0,32614,0
4680.1,fzp,5.0,4661,3566,1095,4216.089277777779,16,12,0,7,19,0,32642,0
4685.1,fzp,5.0,4642,3546,1096,4221.028166666668,20,21,1,2,20,0,32683,0
4690.1,fzp,5.0,4628,3532,1096,4225.943444444446,20,17,0,3,20,0,32720,0
4695.1,fzp,5.0,4614,3520,1094,4230.840666666668,19,19,0,9,17,0,32758,0
4700.1,fzp,5.0,4592,3518,1074,4235.728166666668,22,15,0,11,24,0,32795,0
4705.1,fzp,5.0,4579,3499,1080,4240.601083333334,23,18,1,3,20,0,32836,0
4710.1,fzp,5.0,4568,3487,1081,4245.452472222223,22,16,0,6,20,0,32874,0
4715.1,fzp,5.0,4557,3490,1067,4250.297611111112,10,21,0,12,22,0,32905,0
4720.1,fzp,5.0,4568,3490,1078,4255.144833333335,20,13,0,14,19,0,32938,0
4725.1,fzp,5.0,4577,3488,1089,4259.990666666668,20,13,0,10,21,0,32971,0
4730.1,fzp,5.0,4571,3473,1098,4264.824694444446,18,16,0,3,16,0,33005,0
4735.1,fzp,5.0,4572,3470,1102,4269.646222222224,20,12,0,8,21,0,33037,0
4740.1,fzp,5.0,4580,3462,1118,4274.460111111113,25,13,0,7,23,0,33075,0
4745.1,fzp,5.0,4583,3437,1146,4279.251083333335,35,13,1,1,23,0,33123,0
4750.1,fzp,5.0,4600,3423,1177,4284.014972222224,36,11,2,7,28,0,33170,0
4755.1,fzp,5.0,4581,3400,1181,4288.753166666668,22,21,2,4,18,0,33213,0
4760.1,fzp,5.0,4571,3386,1185,4293.465666666668,21,19,0,4,22,0,33253,0
4765.1,fzp,5.0,4545,3376,1169,4298.161500000001,20,15,1,8,18,0,33288,0
4770.1,fzp,5.0,4547,3379,1168,4302.852472222224,21,11,0,9,26,0,33320,0
4775.1,fzp,5.0,4543,3381,1162,4307.546916666668,19,8,0,9,20,0,33347,0
4780.1,fzp,5.0,4559,3378,1181,4312.240666666668,25,11,0,8,25,0,33383,0
4785.1,fzp,5.0,4546,3363,1183,4316.921916666668,29,15,1,9,21,0,33427,0
4790.1,fzp,5.0,4549,3354,1195,4321.586500000001,28,15,0,8,26,0,33470,0
4795.1,fzp,5.0,4542,3347,1195,4326.2399722222235,24,9,1,8,19,0,33503,0
4800.1,fzp,5.0,4513,3338,1175,4330.882333333335,15,21,1,8,20,0,33539,0
4805.1,fzp,5.0,4486,3331,1155,4335.513583333335,20,18,1,10,22,0,33577,0
4810.1,fzp,5.0,4467,3323,1144,4340.134416666669,18,25,0,11,24,0,33620,0
4815.1,fzp,5.0,4436,3310,1126,4344.740666666668,24,22,0,10,23,0,33666,0
4820.1,fzp,5.0,4424,3305,1119,4349.334416666668,20,13,1,11,18,0,33699,0
4825.1,fzp,5.0,4416,3289,1127,4353.913583333335,31,14,0,7,22,0,33744,0
4830.1,fzp,5.0,4402,3293,1109,4358.484416666668,15,15,1,12,23,0,33774,0
4835.1,fzp,5.0,4399,3292,1107,4363.057333333335,15,16,0,8,22,0,33805,0
4840.1,fzp,5.0,4404,3292,1112,4367.629555555557,13,16,1,6,24,0,33834,0
4845.1,fzp,5.0,4405,3296,1109,4372.204555555557,10,11,1,5,21,0,33855,0
4850.1,fzp,5.0,4402,3295,1107,4376.7816388888905,25,11,0,12,23,0,33891,0
4855.1,fzp,5.0,4370,3281,1089,4381.348305555557,24,17,0,7,20,0,33932,0
4860.1,fzp,5.0,4372,3288,1084,4385.910111111112,15,5,0,6,21,0,33952,0
4865.1,fzp,5.0,4382,3294,1088,4390.480944444445,18,6,0,9,21,0,33976,0
4870.1,fzp,5.0,4369,3288,1081,4395.051777777779,17,18,3,9,23,0,34011,0
4875.1,fzp,5.0,4381,3308,1073,4399.632333333334,15,5,1,12,29,0,34031,0
4880.1,fzp,5.0,4390,3312,1078,4404.2295555555565,18,10,0,10,22,0,34059,0
4885.1,fzp,5.0,4388,3309,1079,4408.827472222223,17,18,1,8,25,0,34094,0
4890.1,fzp,5.0,4403,3299,1104,4413.416361111112,30,14,1,5,30,0,34138,0
4895.1,fzp,5.0,4414,3290,1124,4417.992055555556,33,8,0,6,26,0,34179,0
4900.1,fzp,5.0,4438,3286,1152,4422.558722222223,23,9,0,1,27,0,34211,0
4905.1,fzp,5.0,4428,3263,1165,4427.106638888889,20,27,0,2,22,0,34258,0
4910.1,fzp,5.0,4415,3249,1166,4431.628861111111,19,17,0,3,19,0,34294,0
4915.1,fzp,5.0,4413,3250,1163,4436.142055555556,18,16,0,12,23,0,34328,0
4920.1,fzp,5.0,4412,3245,1167,4440.652472222223,32,11,0,16,22,0,34371,0
4925.1,fzp,5.0,4395,3224,1171,4445.144833333334,22,19,1,5,16,0,34412,0
4930.1,fzp,5.0,4381,3213,1168,4449.614972222223,19,16,1,7,18,0,34447,0
4935.1,fzp,5.0,4364,3206,1158,4454.072611111112,16,12,2,5,18,0,34475,0
4940.1,fzp,5.0,4360,3191,1169,4458.514972222223,23,15,2,4,21,0,34513,0
4945.1,fzp,5.0,4334,3163,1171,4462.9274722222235,28,15,3,3,15,0,34556,0
4950.1,fzp,5.0,4321,3153,1168,4467.3135833333345,22,13,2,5,22,0,34591,0
4955.1,fzp,5.0,4323,3176,1147,4471.7087222222235,16,6,0,21,24,0,34613,0
4960.1,fzp,5.0,4311,3179,1132,4476.121916666668,15,16,0,16,18,0,34644,0
4965.1,fzp,5.0,4296,3185,1111,4480.541361111113,20,9,0,12,23,0,34673,0
4970.1,fzp,5.0,4278,3188,1090,4484.967055555557,17,12,0,11,21,0,34702,0
4975.1,fzp,5.0,4273,3184,1089,4489.392055555557,21,10,0,7,20,0,34733,0
4980.1,fzp,5.0,4248,3179,1069,4493.810805555557,13,19,2,9,20,0,34765,0
4985.1,fzp,5.0,4242,3181,1061,4498.227472222224,15,9,0,6,20,0,34789,0
4990.1,fzp,5.0,4234,3170,1064,4502.63788888889,13,16,0,1,17,0,34818,0
4995.1,fzp,5.0,4236,3182,1054,4507.049000000002,13,8,0,8,25,0,34839,0
5000.1,fzp,5.0,4236,3190,1046,4511.474000000002,17,5,0,6,24,0,34861,0
5005.1,fzp,5.0,4242,3186,1056,4515.90177777778,27,14,0,6,31,0,34902,0
5010.1,fzp,5.0,4244,3197,1047,4520.334416666668,16,3,0,8,22,0,34921,0
5015.1,fzp,5.0,4243,3202,1041,4524.778166666669,10,10,0,6,19,0,34941,0
5020.1,fzp,5.0,4255,3215,1040,4529.234416666669,16,12,1,13,29,0,34969,0
5025.1,fzp,5.0,4268,3219,1049,4533.702472222224,23,5,0,11,21,0,34997,0
5030.1,fzp,5.0,4272,3213,1059,4538.16913888889,22,12,1,9,20,0,35031,0
5035.1,fzp,5.0,4278,3216,1062,4542.633722222224,21,10,0,11,23,0,35062,0
5040.1,fzp,5.0,4281,3194,1087,4547.085111111112,29,16,0,4,19,0,35107,0
5045.1,fzp,5.0,4287,3185,1102,4551.514972222223,22,14,0,5,22,0,35143,0
5050.1,fzp,5.0,4267,3166,1101,4555.92538888889,23,15,0,4,15,0,35181,0
5055.1,fzp,5.0,4275,3157,1118,4560.316361111112,20,15,1,4,23,0,35216,0
5060.1,fzp,5.0,4284,3153,1131,4564.6983055555565,22,7,0,3,22,0,35245,0
5065.1,fzp,5.0,4291,3156,1135,4569.079555555557,22,12,0,10,27,0,35279,0
5070.1,fzp,5.0,4300,3156,1144,4573.46288888889,22,11,0,10,23,0,35312,0
5075.1,fzp,5.0,4299,3159,1140,4577.848305555557,22,9,1,13,22,0,35343,0
5080.1,fzp,5.0,4306,3176,1130,4582.247611111113,14,4,1,9,27,0,35361,0
5085.1,fzp,5.0,4304,3184,1120,4586.66427777778,18,5,0,6,25,0,35384,0
5090.1,fzp,5.0,4301,3182,1119,4591.085111111113,19,11,1,4,25,0,35414,0
5095.1,fzp,5.0,4299,3170,1129,4595.496222222225,27,12,3,4,26,0,35453,0
5100.1,fzp,5.0,4294,3172,1122,4599.900388888891,15,4,5,3,23,0,35472,0
5105.1,fzp,5.0,4294,3180,1114,4604.3115000000025,17,10,0,12,23,0,35499,0
5110.1,fzp,5.0,4281,3186,1095,4608.732333333336,19,17,0,19,23,0,35535,0
5115.1,fzp,5.0,4257,3183,1074,4613.1552500000025,21,15,1,11,23,0,35571,0
5120.1,fzp,5.0,4239,3178,1061,4617.5726111111135,16,11,2,9,15,0,35598,0
5125.1,fzp,5.0,4229,3194,1035,4621.997611111114,15,9,0,18,22,0,35622,0
5130.1,fzp,5.0,4215,3194,1021,4626.433722222225,19,11,0,14,16,0,35652,0
5135.1,fzp,5.0,4211,3207,1004,4630.878861111114,12,10,0,11,24,0,35674,0
5140.1,fzp,5.0,4192,3202,990,4635.329555555559,18,10,0,4,19,0,35702,0
5145.1,fzp,5.0,4184,3207,977,4639.780250000003,16,14,0,9,26,0,35732,0
5150.1,fzp,5.0,4173,3201,972,4644.230250000003,23,8,0,11,14,0,35763,0
5155.1,fzp,5.0,4172,3202,970,4648.676777777781,20,6,2,7,22,0,35789,0
5160.1,fzp,5.0,4175,3206,969,4653.126777777781,19,9,0,9,23,0,35817,0
5165.1,fzp,5.0,4188,3225,963,4657.592750000003,11,1,0,7,24,0,35829,0
5170.1,fzp,5.0,4193,3226,967,4662.072611111114,15,12,0,8,20,0,35856,0
5175.1,fzp,5.0,4189,3215,974,4666.545527777781,19,17,0,4,21,0,35892,0
5180.1,fzp,5.0,4201,3213,988,4671.0094166666695,26,14,0,7,31,0,35932,0
5185.1,fzp,5.0,4200,3220,980,4675.476777777781,13,14,0,6,28,0,35959,0
5190.1,fzp,5.0,4196,3216,980,4679.9462222222255,21,15,0,7,25,0,35995,0
5195.1,fzp,5.0,4214,3206,1008,4684.405944444447,26,12,0,3,25,0,36033,0
5200.1,fzp,5.0,4233,3206,1027,4688.858722222225,25,4,0,4,25,0,36062,0
5205.1,fzp,5.0,4238,3197,1041,4693.305250000003,19,11,0,0,21,0,36092,0
5210.1,fzp,5.0,4238,3192,1046,4697.742055555558,20,9,0,1,23,0,36121,0
5215.1,fzp,5.0,4236,3196,1040,4702.178166666669,17,13,0,9,25,0,36151,0
5220.1,fzp,5.0,4228,3185,1043,4706.609416666669,25,15,0,11,18,0,36191,0
5225.1,fzp,5.0,4226,3184,1042,4711.032333333335,22,12,0,9,24,0,36225,0
5230.1,fzp,5.0,4216,3170,1046,4715.444833333336,22,22,0,11,19,0,36269,0
5235.1,fzp,5.0,4209,3162,1047,4719.842055555558,20,17,1,6,24,0,36306,0
5240.1,fzp,5.0,4220,3162,1058,4724.233722222224,23,8,0,6,25,0,36337,0
5245.1,fzp,5.0,4216,3159,1057,4728.623305555558,29,6,1,6,27,0,36372,0
5250.1,fzp,5.0,4192,3158,1034,4733.0101111111135,11,10,1,2,19,0,36393,0
5255.1,fzp,5.0,4195,3173,1022,4737.406638888891,17,5,0,13,24,0,36415,0
5260.1,fzp,5.0,4196,3178,1018,4741.817055555558,21,10,0,10,26,0,36446,0
5265.1,fzp,5.0,4179,3179,1000,4746.231638888891,19,9,0,11,18,0,36474,0
5270.1,fzp,5.0,4166,3181,985,4750.648305555558,19,14,0,15,20,0,36507,0
5275.1,fzp,5.0,4157,3194,963,4755.075388888891,7,14,0,15,19,0,36528,0
5280.1,fzp,5.0,4150,3197,953,4759.513583333336,8,13,0,9,15,0,36549,0
5285.1,fzp,5.0,4131,3192,939,4763.950388888891,16,12,0,7,16,0,36577,0
5290.1,fzp,5.0,4104,3187,917,4768.380250000002,13,14,0,5,17,0,36604,0
5295.1,fzp,5.0,4090,3180,910,4772.8017777777795,21,11,0,6,19,0,36636,0
5300.1,fzp,5.0,4081,3176,905,4777.215666666669,24,11,0,8,23,0,36671,0
5305.1,fzp,5.0,4061,3166,895,4781.619833333335,30,14,0,11,23,0,36715,0
5310.1,fzp,5.0,4049,3169,880,4786.019138888891,17,12,0,9,23,0,36744,0
5315.1,fzp,5.0,4055,3173,882,4790.423305555557,12,15,0,4,27,0,36771,0
5320.1,fzp,5.0,4072,3180,892,4794.835111111112,17,8,0,7,25,0,36796,0
5325.1,fzp,5.0,4084,3189,895,4799.258027777779,19,10,0,7,31,0,36825,0
5330.1,fzp,5.0,4092,3193,899,4803.689972222223,20,16,0,10,30,0,36861,0
5335.1,fzp,5.0,4098,3193,905,4808.124694444446,22,14,0,10,26,0,36897,0
5340.1,fzp,5.0,4109,3183,926,4812.5524722222235,28,13,0,6,25,0,36938,0
5345.1,fzp,5.0,4099,3167,932,4816.962194444446,26,15,0,4,21,0,36979,0
5350.1,fzp,5.0,4110,3164,946,4821.358722222224,21,12,0,5,25,0,37012,0
5355.1,fzp,5.0,4102,3153,949,4825.74552777778,15,18,0,3,19,0,37045,0
5360.1,fzp,5.0,4093,3147,946,4830.12052777778,16,10,1,1,20,0,37071,0
5365.1,fzp,5.0,4089,3141,948,4834.487194444447,15,12,0,7,14,0,37098,0
5370.1,fzp,5.0,4081,3122,959,4838.836500000002,23,20,0,7,17,0,37141,0
5375.1,fzp,5.0,4079,3112,967,4843.165666666669,25,18,0,5,28,0,37184,0
5380.1,fzp,5.0,4077,3107,970,4847.484416666669,16,12,0,3,20,0,37212,0
5385.1,fzp,5.0,4069,3103,966,4851.796916666669,15,15,2,5,23,0,37242,0
5390.1,fzp,5.0,4063,3103,960,4856.106638888891,20,8,1,5,24,0,37270,0
5395.1,fzp,5.0,4051,3082,969,4860.40177777778,25,13,3,2,18,0,37308,0
5400.1,fzp,5.0,4042,3074,968,4864.6767777777795,21,12,1,4,22,0,37341,0
5405.1,fzp,5.0,4053,3082,971,4868.951777777779,21,12,0,13,28,0,37374,0
5410.1,fzp,5.0,4052,3086,966,4873.235111111113,17,10,0,11,20,0,37401,0
5415.1,fzp,5.0,4033,3082,951,4877.518444444447,21,8,1,11,15,0,37430,0
5420.1,fzp,5.0,4032,3092,940,4881.805944444447,18,6,0,9,25,0,37454,0
5425.1,fzp,5.0,4041,3094,947,4886.101777777781,22,6,0,7,23,0,37482,0
5430.1,fzp,5.0,4030,3100,930,4890.40316666667,14,11,1,15,17,0,37507,0
5435.1,fzp,5.0,4014,3105,909,4894.712194444447,12,16,0,13,20,0,37535,0
5440.1,fzp,5.0,3996,3096,900,4899.018444444447,14,14,0,6,13,0,37563,0
5445.1,fzp,5.0,3988,3094,894,4903.317055555558,15,14,0,7,20,0,37592,0
5450.1,fzp,5.0,3978,3095,883,4907.614972222224,18,14,0,11,22,0,37624,0
5455.1,fzp,5.0,3966,3090,876,4911.910111111113,25,9,0,7,22,0,37658,0
5460.1,fzp,5.0,3944,3089,855,4916.201083333335,12,15,0,6,20,0,37685,0
5465.1,fzp,5.0,3947,3097,850,4920.496916666669,9,14,0,8,23,0,37708,0
5470.1,fzp,5.0,3945,3104,841,4924.803166666668,10,18,0,9,26,0,37736,0
5475.1,fzp,5.0,3941,3099,842,4929.110805555557,15,19,0,8,21,0,37770,0
5480.1,fzp,5.0,3947,3091,856,4933.409416666668,20,17,1,6,24,0,37807,0
5485.1,fzp,5.0,3945,3090,855,4937.701777777779,22,13,0,12,22,0,37842,0
5490.1,fzp,5.0,3958,3093,865,4941.995527777779,19,10,0,5,27,0,37871,0
5495.1,fzp,5.0,3962,3081,881,4946.283027777779,22,13,0,0,23,0,37906,0
5500.1,fzp,5.0,3972,3081,891,4950.562194444446,16,13,0,1,28,0,37935,0
5505.1,fzp,5.0,3986,3085,901,4954.8441388888905,15,10,0,1,28,0,37960,0
5510.1,fzp,5.0,3984,3068,916,4959.117055555557,28,14,0,4,21,0,38002,0
5515.1,fzp,5.0,3990,3079,911,4963.385805555557,16,7,0,9,25,0,38025,0
5520.1,fzp,5.0,3988,3080,908,4967.662888888891,20,9,0,13,17,0,38054,0
5525.1,fzp,5.0,3991,3073,918,4971.935805555558,23,12,0,7,21,0,38089,0
5530.1,fzp,5.0,3982,3053,929,4976.189972222224,28,15,0,6,17,0,38132,0
5535.1,fzp,5.0,3963,3039,924,4980.42052777778,21,15,2,7,17,0,38168,0
5540.1,fzp,5.0,3956,3034,922,4984.637888888891,17,17,0,5,24,0,38202,0
5545.1,fzp,5.0,3938,3021,917,4988.8427500000025,25,13,3,7,21,0,38240,0
5550.1,fzp,5.0,3922,3019,903,4993.037194444447,13,15,0,6,20,0,38268,0
5555.1,fzp,5.0,3902,3014,888,4997.226777777781,15,27,1,12,26,0,38310,0
5560.1,fzp,5.0,3889,3012,877,5001.411500000003,16,18,0,10,22,0,38344,0
5565.1,fzp,5.0,3876,3018,858,5005.599000000003,17,14,0,13,24,0,38375,0
5570.1,fzp,5.0,3865,3010,855,5009.785111111114,18,15,0,7,18,0,38408,0
5575.1,fzp,5.0,3845,3011,834,5013.966361111114,14,16,1,8,24,0,38438,0
5580.1,fzp,5.0,3828,2998,830,5018.13927777778,16,12,0,1,14,0,38466,0
5585.1,fzp,5.0,3837,3002,835,5022.305944444447,14,6,0,5,19,0,38486,0
5590.1,fzp,5.0,3832,3008,824,5026.479555555558,12,7,0,8,17,0,38505,0
5595.1,fzp,5.0,3839,3017,822,5030.663583333336,10,9,0,8,20,0,38524,0
5600.1,fzp,5.0,3827,3015,812,5034.852472222225,19,14,0,7,24,0,38557,0
5605.1,fzp,5.0,3818,3001,817,5039.0302500000025,22,17,0,4,21,0,38596,0
5610.1,fzp,5.0,3800,2996,804,5043.194833333336,20,14,1,11,19,0,38630,0
5615.1,fzp,5.0,3801,2992,809,5047.3531666666695,18,5,0,6,13,0,38653,0
5620.1,fzp,5.0,3798,3001,797,5051.514972222225,12,7,0,8,20,0,38672,0
5625.1,fzp,5.0,3814,3002,812,5055.683722222225,19,6,0,7,19,0,38697,0
5630.1,fzp,5.0,3827,3011,816,5059.859416666669,12,10,0,7,24,0,38719,0
5635.1,fzp,5.0,3828,3008,820,5064.03927777778,17,15,0,9,20,0,38751,0
5640.1,fzp,5.0,3835,3001,834,5068.212194444446,22,13,0,2,26,0,38786,0
5645.1,fzp,5.0,3839,2998,841,5072.378166666668,18,16,0,3,28,0,38820,0
5650.1,fzp,5.0,3842,3000,842,5076.543444444446,7,20,0,6,23,0,38847,0
5655.1,fzp,5.0,3831,2988,843,5080.70177777778,10,29,0,6,21,0,38886,0
5660.1,fzp,5.0,3813,2967,846,5084.837194444447,20,18,1,1,17,0,38924,0
5665.1,fzp,5.0,3804,2961,843,5088.953861111114,19,21,1,11,24,0,38964,0
5670.1,fzp,5.0,3803,2955,848,5093.062194444447,22,16,1,9,24,0,39002,0
5675.1,fzp,5.0,3786,2952,834,5097.164277777781,15,19,0,10,21,0,39036,0
5680.1,fzp,5.0,3778,2956,822,5101.267055555559,16,11,0,6,25,0,39063,0
5685.1,fzp,5.0,3776,2943,833,5105.3635833333365,26,13,0,2,24,0,39102,0
5690.1,fzp,5.0,3783,2939,844,5109.448305555558,27,11,0,8,26,0,39140,0
5695.1,fzp,5.0,3781,2931,850,5113.524694444447,26,15,2,9,26,0,39181,0
5700.1,fzp,5.0,3767,2924,843,5117.59066666667,13,18,0,0,24,0,39212,0
5705.1,fzp,5.0,3756,2932,824,5121.657333333336,14,13,0,15,20,0,39239,0
5710.1,fzp,5.0,3739,2923,816,5125.723305555559,19,20,0,16,14,0,39278,0
5715.1,fzp,5.0,3731,2916,815,5129.77816666667,20,19,0,8,24,0,39317,0
5720.1,fzp,5.0,3717,2919,798,5133.830250000003,13,10,0,8,18,0,39340,0
5725.1,fzp,5.0,3709,2931,778,5137.892750000003,4,9,0,5,20,0,39353,0
5730.1,fzp,5.0,3703,2938,765,5141.968444444447,10,11,0,8,20,0,39374,0
5735.1,fzp,5.0,3708,2935,773,5146.04691666667,13,15,0,4,21,0,39402,0
5740.1,fzp,5.0,3711,2938,773,5150.125388888892,17,14,0,9,25,0,39433,0
5745.1,fzp,5.0,3713,2934,779,5154.20316666667,15,22,0,5,28,0,39470,0
5750.1,fzp,5.0,3714,2930,784,5158.275388888892,22,14,0,9,23,0,39506,0
5755.1,fzp,5.0,3714,2923,791,5162.339972222226,24,11,0,8,20,0,39541,0
5760.1,fzp,5.0,3714,2927,787,5166.402472222226,12,10,0,4,22,0,39563,0
5765.1,fzp,5.0,3701,2927,774,5170.467750000003,12,16,1,8,21,0,39591,0
5770.1,fzp,5.0,3684,2924,760,5174.530944444448,14,18,0,8,21,0,39623,0
5775.1,fzp,5.0,3682,2929,753,5178.595527777782,17,13,0,9,26,0,39653,0
5780.1,fzp,5.0,3687,2932,755,5182.665666666671,20,8,0,10,21,0,39681,0
5785.1,fzp,5.0,3706,2932,774,5186.737888888893,22,7,0,4,25,0,39710,0
5790.1,fzp,5.0,3715,2926,789,5190.805944444449,26,15,0,4,31,0,39751,0
5795.1,fzp,5.0,3714,2909,805,5194.858027777782,26,15,0,2,22,0,39792,0
5800.1,fzp,5.0,3719,2904,815,5198.894833333337,15,11,1,2,20,0,39818,0
5805.1,fzp,5.0,3725,2910,815,5202.932333333338,12,12,0,5,25,0,39842,0
5810.1,fzp,5.0,3739,2914,825,5206.976777777782,13,8,0,1,24,0,39863,0
5815.1,fzp,5.0,3744,2911,833,5211.021916666671,22,12,3,6,28,0,39897,0
5820.1,fzp,5.0,3756,2901,855,5215.058027777783,29,15,0,9,25,0,39941,0
5825.1,fzp,5.0,3759,2889,870,5219.078861111116,25,14,0,6,21,0,39980,0
5830.1,fzp,5.0,3771,2891,880,5223.092750000004,17,6,0,3,22,0,40003,0
5835.1,fzp,5.0,3752,2874,878,5227.096222222227,24,15,0,7,15,0,40042,0
5840.1,fzp,5.0,3741,2869,872,5231.084416666671,17,10,0,5,17,0,40069,0
5845.1,fzp,5.0,3730,2860,870,5235.062888888893,26,12,2,11,20,0,40107,0
5850.1,fzp,5.0,3706,2840,866,5239.021222222226,25,14,4,4,19,0,40146,0
5855.1,fzp,5.0,3704,2863,841,5242.981638888893,11,4,0,13,25,0,40161,0
5860.1,fzp,5.0,3695,2879,816,5246.969138888893,14,8,0,13,25,0,40183,0
5865.1,fzp,5.0,3682,2876,806,5250.965666666671,20,16,0,11,22,0,40219,0
5870.1,fzp,5.0,3693,2886,807,5254.967055555559,18,8,0,8,28,0,40245,0
5875.1,fzp,5.0,3705,2901,804,5258.98580555556,13,6,0,7,27,0,40264,0
5880.1,fzp,5.0,3704,2903,801,5263.016361111115,13,15,0,6,24,0,40292,0
5885.1,fzp,5.0,3694,2903,791,5267.04830555556,10,18,1,4,25,0,40320,0
5890.1,fzp,5.0,3688,2908,780,5271.083722222226,10,17,0,4,28,0,40347,0
5895.1,fzp,5.0,3678,2904,774,5275.119833333338,15,19,0,6,24,0,40381,0
5900.1,fzp,5.0,3671,2901,770,5279.151083333338,21,12,0,7,23,0,40414,0
5905.1,fzp,5.0,3672,2902,770,5283.180944444449,18,9,0,3,25,0,40441,0
5910.1,fzp,5.0,3668,2905,763,5287.213583333338,12,13,2,9,21,0,40466,0
5915.1,fzp,5.0,3660,2907,753,5291.249694444449,9,18,1,8,22,0,40493,0
5920.1,fzp,5.0,3659,2912,747,5295.290666666671,11,9,0,5,20,0,40513,0
5925.1,fzp,5.0,3659,2916,743,5299.337888888894,16,9,0,9,20,0,40538,0
5930.1,fzp,5.0,3674,2923,751,5303.3927500000045,18,5,0,6,24,0,40561,0
5935.1,fzp,5.0,3683,2927,756,5307.4552500000045,17,11,0,11,21,0,40589,0
5940.1,fzp,5.0,3678,2906,772,5311.505944444449,27,14,0,6,14,0,40630,0
5945.1,fzp,5.0,3675,2891,784,5315.531638888893,25,11,0,7,14,0,40666,0
5950.1,fzp,5.0,3659,2880,779,5319.539277777782,16,14,0,7,12,0,40696,0
5955.1,fzp,5.0,3649,2870,779,5323.532333333338,15,11,1,2,15,0,40722,0
5960.1,fzp,5.0,3662,2868,794,5327.517055555561,19,7,0,2,22,0,40748,0
5965.1,fzp,5.0,3680,2869,811,5331.501083333338,20,9,0,8,22,0,40777,0
5970.1,fzp,5.0,3681,2873,808,5335.488583333338,18,13,0,13,22,0,40808,0
5975.1,fzp,5.0,3687,2864,823,5339.472611111116,21,8,0,4,16,0,40837,0
5980.1,fzp,5.0,3683,2852,831,5343.442055555561,21,13,1,1,22,0,40871,0
5985.1,fzp,5.0,3690,2852,838,5347.4031666666715,23,6,0,3,26,0,40900,0
5990.1,fzp,5.0,3698,2856,842,5351.36705555556,21,4,1,8,22,0,40925,0
5995.1,fzp,5.0,3687,2857,830,5355.334416666671,28,10,2,13,28,0,40963,0
6000.1,fzp,5.0,3677,2857,820,5359.302472222226,17,12,0,1,28,0,40992,0
6005.1,fzp,5.0,3676,2859,817,5363.271916666671,19,9,0,10,20,0,41020,0
6010.1,fzp,5.0,3664,2860,804,5367.243444444449,13,17,0,11,20,0,41050,0
6015.1,fzp,5.0,3650,2855,795,5371.212194444449,15,18,1,8,21,0,41083,0
6020.1,fzp,5.0,3635,2855,780,5375.177472222226,8,18,0,6,20,0,41109,0
6025.1,fzp,5.0,3615,2843,772,5379.13441666667,13,16,0,4,13,0,41138,0
6030.1,fzp,5.0,3603,2826,777,5383.0712222222255,26,17,1,8,19,0,41181,0
6035.1,fzp,5.0,3598,2824,774,5386.994833333337,14,10,0,6,16,0,41205,0
6040.1,fzp,5.0,3597,2823,774,5390.916361111114,16,17,0,9,23,0,41238,0
6045.1,fzp,5.0,3585,2823,762,5394.837194444448,14,13,0,8,19,0,41265,0
6050.1,fzp,5.0,3575,2823,752,5398.7580277777815,14,12,0,6,20,0,41291,0
6055.1,fzp,5.0,3556,2831,725,5402.684416666671,9,17,0,14,20,0,41317,0
6060.1,fzp,5.0,3556,2832,724,5406.617055555559,12,12,0,6,19,0,41341,0
6065.1,fzp,5.0,3561,2832,729,5410.5503888888925,13,16,0,6,23,0,41370,0
6070.1,fzp,5.0,3564,2834,730,5414.485111111115,16,12,1,9,22,0,41398,0
6075.1,fzp,5.0,3570,2846,724,5418.429555555559,14,12,1,13,26,0,41424,0
6080.1,fzp,5.0,3567,2844,723,5422.380944444448,20,14,0,9,23,0,41458,0
6085.1,fzp,5.0,3574,2846,728,5426.3323333333365,21,9,0,8,24,0,41488,0
6090.1,fzp,5.0,3575,2833,742,5430.276083333337,22,14,0,4,19,0,41524,0
6095.1,fzp,5.0,3581,2826,755,5434.205944444448,23,11,0,2,25,0,41558,0
6100.1,fzp,5.0,3594,2829,765,5438.133027777781,23,4,0,5,25,0,41585,0
6105.1,fzp,5.0,3602,2830,772,5442.062888888891,9,13,0,4,19,0,41607,0
6110.1,fzp,5.0,3608,2832,776,5445.994833333336,9,10,0,3,18,0,41626,0
6115.1,fzp,5.0,3584,2818,766,5449.918444444447,15,24,0,10,15,0,41665,0
6120.1,fzp,5.0,3590,2822,768,5453.835111111114,23,13,0,10,30,0,41701,0
6125.1,fzp,5.0,3596,2825,771,5457.756638888892,23,6,0,9,23,0,41730,0
6130.1,fzp,5.0,3599,2830,769,5461.683722222225,17,7,0,6,23,0,41754,0
6135.1,fzp,5.0,3595,2826,769,5465.611500000003,18,10,1,5,20,0,41782,0
6140.1,fzp,5.0,3591,2824,767,5469.535111111114,19,13,2,11,21,0,41814,0
6145.1,fzp,5.0,3588,2822,766,5473.455944444448,23,10,2,10,23,0,41847,0
6150.1,fzp,5.0,3581,2819,762,5477.3733055555585,12,12,0,1,20,0,41871,0
6155.1,fzp,5.0,3579,2823,756,5481.291361111114,21,7,1,11,22,0,41899,0
6160.1,fzp,5.0,3585,2823,762,5485.212194444448,28,9,0,11,26,0,41936,0
6165.1,fzp,5.0,3588,2831,757,5489.138583333337,19,10,0,12,25,0,41965,0
6170.1,fzp,5.0,3588,2838,750,5493.075388888892,14,4,0,9,16,0,41983,0
6175.1,fzp,5.0,3600,2851,749,5497.026083333337,16,1,0,8,22,0,42000,0
6180.1,fzp,5.0,3593,2855,738,5500.9885833333365,9,12,0,4,21,0,42021,0
6185.1,fzp,5.0,3607,2861,746,5504.958027777781,10,14,1,3,28,0,42045,0
6190.1,fzp,5.0,3618,2866,752,5508.935111111115,15,11,0,2,29,0,42071,0
6195.1,fzp,5.0,3635,2872,763,5512.919833333337,15,16,0,7,30,0,42102,0
6200.1,fzp,5.0,3644,2884,760,5516.917055555559,13,8,0,7,26,0,42123,0
6205.1,fzp,5.0,3639,2872,767,5520.9142777777815,26,16,0,8,22,0,42165,0
6210.1,fzp,5.0,3645,2875,770,5524.905250000003,13,13,1,5,25,0,42191,0
6215.1,fzp,5.0,3637,2876,761,5528.899000000003,10,24,0,9,26,0,42225,0
6220.1,fzp,5.0,3629,2880,749,5532.896222222225,8,15,0,6,21,0,42248,0
6225.1,fzp,5.0,3626,2868,758,5536.887888888892,26,15,0,7,22,0,42289,0
6230.1,fzp,5.0,3622,2855,767,5540.862194444448,23,15,0,7,18,0,42327,0
6235.1,fzp,5.0,3632,2853,779,5544.826083333336,22,11,0,6,25,0,42360,0
6240.1,fzp,5.0,3619,2848,771,5548.785111111114,23,11,0,7,22,0,42394,0
6245.1,fzp,5.0,3610,2849,761,5552.741361111114,15,13,0,5,24,0,42422,0
6250.1,fzp,5.0,3606,2857,749,5556.703861111114,10,13,0,2,29,0,42445,0
6255.1,fzp,5.0,3602,2854,748,5560.669833333336,13,15,1,3,23,0,42473,0
6260.1,fzp,5.0,3607,2853,754,5564.633027777781,13,13,0,1,24,0,42499,0
6265.1,fzp,5.0,3613,2857,756,5568.598305555558,16,14,0,9,25,0,42529,0
6270.1,fzp,5.0,3609,2875,734,5572.578861111114,10,12,0,20,20,0,42551,0
6275.1,fzp,5.0,3619,2870,749,5576.568444444447,20,14,0,6,23,0,42585,0
6280.1,fzp,5.0,3628,2886,742,5580.565666666669,12,8,0,11,25,0,42605,0
6285.1,fzp,5.0,3617,2883,734,5584.5719166666695,15,7,1,7,13,0,42627,0
6290.1,fzp,5.0,3623,2884,739,5588.576777777781,20,8,0,8,21,0,42655,0
6295.1,fzp,5.0,3624,2878,746,5592.57816666667,24,6,3,10,17,0,42685,0
6300.1,fzp,5.0,3614,2869,745,5596.569138888892,13,13,1,2,16,0,42711,0
6305.1,fzp,5.0,3615,2869,746,5600.553861111114,18,17,0,12,23,0,42746,0
6310.1,fzp,5.0,3621,2871,750,5604.5399722222255,22,13,0,11,26,0,42781,0
6315.1,fzp,5.0,3621,2865,756,5608.523305555559,23,14,1,11,21,0,42818,0
6320.1,fzp,5.0,3625,2860,765,5612.499000000003,23,17,0,10,25,0,42858,0
6325.1,fzp,5.0,3618,2868,750,5616.4767777777815,14,15,0,5,32,0,42887,0
6330.1,fzp,5.0,3622,2883,739,5620.470527777781,12,11,0,11,27,0,42910,0
6335.1,fzp,5.0,3629,2890,739,5624.479555555559,13,14,0,7,27,0,42937,0
6340.1,fzp,5.0,3635,2898,737,5628.499000000003,16,7,0,9,22,0,42960,0
6345.1,fzp,5.0,3638,2903,735,5632.527472222226,18,12,0,7,28,0,42990,0
6350.1,fzp,5.0,3637,2912,725,5636.56566666667,20,14,0,17,26,0,43024,0
6355.1,fzp,5.0,3637,2884,753,5640.59066666667,29,23,0,4,20,0,43076,0
6360.1,fzp,5.0,3621,2867,754,5644.584416666669,19,26,0,8,20,0,43121,0
6365.1,fzp,5.0,3636,2872,764,5648.569833333336,11,13,0,6,23,0,43145,0
6370.1,fzp,5.0,3629,2873,756,5652.559416666669,8,16,2,7,20,0,43169,0
6375.1,fzp,5.0,3614,2874,740,5656.550388888891,13,13,0,11,16,0,43195,0
6380.1,fzp,5.0,3600,2864,736,5660.535111111113,17,15,0,9,13,0,43227,0
6385.1,fzp,5.0,3593,2862,731,5664.511500000002,16,16,0,15,15,0,43259,0
6390.1,fzp,5.0,3607,2862,745,5668.486500000003,26,8,0,7,27,0,43293,0
6395.1,fzp,5.0,3615,2856,759,5672.4573333333365,21,7,0,2,20,0,43321,0
6400.1,fzp,5.0,3617,2869,748,5676.433027777781,14,7,0,5,29,0,43342,0
6405.1,fzp,5.0,3622,2868,754,5680.417055555558,20,8,0,3,24,0,43370,0
6410.1,fzp,5.0,3629,2866,763,5684.399000000003,17,12,1,1,27,0,43399,0
6415.1,fzp,5.0,3618,2865,753,5688.378861111114,18,18,0,9,26,0,43435,0
6420.1,fzp,5.0,3625,2869,756,5692.360805555559,26,11,0,17,24,0,43472,0
6425.1,fzp,5.0,3626,2862,764,5696.34066666667,20,16,0,7,22,0,43508,0
6430.1,fzp,5.0,3621,2852,769,5700.308722222225,16,20,1,4,23,0,43544,0
6435.1,fzp,5.0,3614,2841,773,5704.262194444447,23,13,1,6,20,0,43580,0
6440.1,fzp,5.0,3623,2834,789,5708.20316666667,27,7,0,4,23,0,43614,0
6445.1,fzp,5.0,3623,2836,787,5712.14066666667,22,11,0,9,26,0,43647,0
6450.1,fzp,5.0,3619,2836,783,5716.079555555559,15,8,0,2,21,0,43670,0
6455.1,fzp,5.0,3620,2837,783,5720.0191388888925,19,16,0,11,25,0,43705,0
6460.1,fzp,5.0,3613,2827,786,5723.952472222226,23,20,0,8,25,0,43748,0
6465.1,fzp,5.0,3605,2828,777,5727.879555555559,17,17,0,9,26,0,43782,0
6470.1,fzp,5.0,3600,2838,762,5731.814277777781,10,15,1,9,27,0,43807,0
6475.1,fzp,5.0,3599,2832,767,5735.751777777781,20,13,0,4,23,0,43840,0
6480.1,fzp,5.0,3599,2840,759,5739.69066666667,12,8,0,8,20,0,43860,0
6485.1,fzp,5.0,3595,2839,756,5743.63441666667,12,12,0,2,21,0,43884,0
6490.1,fzp,5.0,3582,2830,752,5747.5712222222255,13,16,0,3,17,0,43913,0
6495.1,fzp,5.0,3570,2821,749,5751.495527777781,18,14,1,4,20,0,43945,0
6500.1,fzp,5.0,3567,2830,737,5755.419833333336,15,14,0,14,24,0,43974,0
6505.1,fzp,5.0,3563,2833,730,5759.352472222225,17,11,0,10,21,0,44002,0
6510.1,fzp,5.0,3566,2828,738,5763.283722222224,22,11,0,4,24,0,44035,0
6515.1,fzp,5.0,3559,2827,732,5767.210805555557,12,11,0,4,18,0,44058,0
6520.1,fzp,5.0,3579,2848,731,5771.15177777778,12,6,0,9,30,0,44076,0
6525.1,fzp,5.0,3573,2844,729,5775.104555555557,19,12,0,7,20,0,44107,0
6530.1,fzp,5.0,3570,2847,723,5779.056638888891,19,14,0,10,26,0,44140,0
6535.1,fzp,5.0,3578,2855,723,5783.016361111113,17,11,0,8,28,0,44168,0
6540.1,fzp,5.0,3593,2867,726,5786.989972222224,14,3,0,4,25,0,44185,0
6545.1,fzp,5.0,3598,2860,738,5790.967055555558,22,6,0,1,20,0,44213,0
6550.1,fzp,5.0,3611,2858,753,5794.937888888891,16,7,0,3,18,0,44236,0
6555.1,fzp,5.0,3625,2866,759,5798.912888888892,15,3,1,1,26,0,44254,0
6560.1,fzp,5.0,3627,2872,755,5802.897611111114,14,4,0,1,23,0,44272,0
6565.1,fzp,5.0,3624,2869,755,5806.8844166666695,20,9,0,4,22,0,44301,0
6570.1,fzp,5.0,3622,2872,750,5810.871222222225,20,9,0,10,22,0,44330,0
6575.1,fzp,5.0,3623,2877,746,5814.863583333336,18,10,0,10,23,0,44358,0
6580.1,fzp,5.0,3617,2865,752,5818.851083333336,18,16,0,7,15,0,44392,0
6585.1,fzp,5.0,3615,2863,752,5822.828861111114,13,19,0,6,24,0,44424,0
6590.1,fzp,5.0,3618,2853,765,5826.798305555559,27,10,0,5,22,0,44461,0
6595.1,fzp,5.0,3594,2842,752,5830.75316666667,23,17,2,11,20,0,44501,0
6600.1,fzp,5.0,3588,2828,760,5834.69066666667,27,8,3,4,20,0,44536,0
6605.1,fzp,5.0,3591,2833,758,5838.62191666667,15,15,0,11,24,0,44566,0
6610.1,fzp,5.0,3587,2827,760,5842.552472222225,20,15,0,9,20,0,44601,0
6615.1,fzp,5.0,3572,2818,754,5846.472611111114,20,22,0,10,23,0,44643,0
6620.1,fzp,5.0,3572,2820,752,5850.387888888892,18,16,0,11,25,0,44677,0
6625.1,fzp,5.0,3575,2823,752,5854.306638888892,14,15,0,5,27,0,44706,0
6630.1,fzp,5.0,3578,2813,765,5858.220527777781,20,14,1,3,22,0,44740,0
6635.1,fzp,5.0,3580,2813,767,5862.127472222226,18,13,0,3,28,0,44771,0
6640.1,fzp,5.0,3588,2822,766,5866.04066666667,15,2,0,6,20,0,44788,0
6645.1,fzp,5.0,3587,2839,748,5869.97191666667,13,6,0,11,25,0,44807,0
6650.1,fzp,5.0,3587,2842,745,5873.917055555559,17,17,0,9,28,0,44841,0
6655.1,fzp,5.0,3580,2824,756,5877.8517777777815,29,15,0,9,17,0,44885,0
6660.1,fzp,5.0,3562,2795,767,5881.753861111115,28,18,1,8,10,0,44931,0
6665.1,fzp,5.0,3547,2787,760,5885.630250000004,21,15,0,7,21,0,44967,0
6670.1,fzp,5.0,3540,2782,758,5889.497611111115,20,14,0,9,20,0,45001,0
6675.1,fzp,5.0,3527,2762,765,5893.347611111115,22,20,0,6,16,0,45043,0
6680.1,fzp,5.0,3527,2753,774,5897.177472222226,23,13,0,7,20,0,45079,0
6685.1,fzp,5.0,3524,2755,769,5901.002472222226,15,14,0,8,23,0,45108,0
6690.1,fzp,5.0,3523,2745,778,5904.82191666667,22,17,0,6,23,0,45147,0
6695.1,fzp,5.0,3520,2728,792,5908.622611111115,23,19,0,4,21,0,45189,0
6700.1,fzp,5.0,3510,2730,780,5912.412888888893,9,17,0,5,23,0,45215,0
6705.1,fzp,5.0,3519,2732,787,5916.2059444444485,12,13,0,4,23,0,45240,0
6710.1,fzp,5.0,3524,2736,788,5920.003166666671,11,10,1,3,23,0,45261,0
6715.1,fzp,5.0,3512,2737,775,5923.803861111115,12,12,0,9,16,0,45285,0
6720.1,fzp,5.0,3502,2735,767,5927.603861111115,15,20,0,10,23,0,45320,0
6725.1,fzp,5.0,3484,2731,753,5931.399694444449,16,14,0,10,16,0,45350,0
6730.1,fzp,5.0,3473,2719,754,5935.1844166666715,22,18,2,8,22,0,45390,0
6735.1,fzp,5.0,3456,2710,746,5938.954555555561,16,21,0,10,18,0,45427,0
6740.1,fzp,5.0,3459,2721,738,5942.7260833333385,11,7,2,10,21,0,45445,0
6745.1,fzp,5.0,3436,2724,712,5946.5073333333385,15,10,3,10,21,0,45470,0
6750.1,fzp,5.0,3433,2735,698,5950.298305555561,13,8,0,8,24,0,45491,0
6755.1,fzp,5.0,3427,2737,690,5954.098305555561,16,17,0,10,25,0,45524,0
6760.1,fzp,5.0,3427,2741,686,5957.9024722222275,20,16,0,8,32,0,45560,0
6765.1,fzp,5.0,3421,2747,674,5961.713583333339,14,12,0,8,24,0,45586,0
6770.1,fzp,5.0,3408,2744,664,5965.5267777777835,17,16,0,3,27,0,45619,0
6775.1,fzp,5.0,3408,2742,666,5969.336500000006,12,15,0,2,23,0,45646,0
6780.1,fzp,5.0,3414,2730,684,5973.136500000006,21,15,0,1,23,0,45682,0
6785.1,fzp,5.0,3405,2721,684,5976.921916666673,16,16,1,4,20,0,45714,0
6790.1,fzp,5.0,3398,2716,682,5980.697611111117,17,16,0,4,24,0,45747,0
6795.1,fzp,5.0,3402,2722,680,5984.474000000006,14,4,0,8,16,0,45765,0
6800.1,fzp,5.0,3397,2717,680,5988.251083333339,19,12,0,5,21,0,45796,0
6805.1,fzp,5.0,3404,2724,680,5992.029555555561,17,8,0,7,25,0,45821,0
6810.1,fzp,5.0,3401,2722,679,5995.811500000006,16,10,1,5,20,0,45847,0
6815.1,fzp,5.0,3405,2723,682,5999.592750000006,14,11,1,6,21,0,45872,0
6820.1,fzp,5.0,3417,2732,685,6003.3809444444505,17,10,0,8,28,0,45899,0
6825.1,fzp,5.0,3438,2733,705,6007.176083333339,23,7,0,9,22,0,45929,0
6830.1,fzp,5.0,3438,2728,710,6010.96844444445,16,20,0,6,25,0,45965,0
6835.1,fzp,5.0,3437,2717,720,6014.74969444445,23,16,0,4,24,0,46004,0
6840.1,fzp,5.0,3436,2706,730,6018.515666666673,20,16,0,6,19,0,46040,0
6845.1,fzp,5.0,3428,2696,732,6022.2670555555615,17,22,0,7,22,0,46079,0
6850.1,fzp,5.0,3423,2690,733,6026.007333333339,11,16,0,1,20,0,46106,0
6855.1,fzp,5.0,3402,2676,726,6029.733722222229,13,21,1,3,18,0,46140,0
6860.1,fzp,5.0,3393,2659,734,6033.43858333334,20,16,0,0,19,0,46176,0
6865.1,fzp,5.0,3396,2657,739,6037.1302500000065,17,15,0,9,21,0,46208,0
6870.1,fzp,5.0,3394,2658,736,6040.821222222229,22,10,0,11,22,0,46240,0
6875.1,fzp,5.0,3408,2659,749,6044.513583333341,21,12,0,7,27,0,46273,0
6880.1,fzp,5.0,3400,2648,752,6048.199000000007,20,22,0,6,25,0,46315,0
6885.1,fzp,5.0,3397,2650,747,6051.878166666674,14,21,0,5,32,0,46350,0
6890.1,fzp,5.0,3387,2647,740,6055.556638888896,18,17,0,10,22,0,46385,0
6895.1,fzp,5.0,3379,2658,721,6059.240666666673,15,18,3,14,33,0,46418,0
6900.1,fzp,5.0,3373,2665,708,6062.937194444451,10,9,1,5,22,0,46437,0
6905.1,fzp,5.0,3371,2668,703,6066.6406666666735,17,13,0,11,22,0,46467,0
6910.1,fzp,5.0,3375,2682,693,6070.355944444451,5,9,0,4,24,0,46481,0
6915.1,fzp,5.0,3363,2684,679,6074.08233333334,16,11,0,10,19,0,46508,0
6920.1,fzp,5.0,3350,2667,683,6077.798305555562,24,23,0,7,23,0,46555,0
6925.1,fzp,5.0,3348,2673,675,6081.506638888895,10,16,0,3,29,0,46581,0
6930.1,fzp,5.0,3341,2675,666,6085.220527777784,13,11,0,5,21,0,46605,0
6935.1,fzp,5.0,3338,2677,661,6088.93719444445,12,14,0,5,23,0,46631,0
6940.1,fzp,5.0,3331,2672,659,6092.6517777777835,16,14,0,6,19,0,46661,0
6945.1,fzp,5.0,3313,2658,655,6096.353166666672,15,15,1,4,13,0,46691,0
6950.1,fzp,5.0,3300,2645,655,6100.035805555561,18,21,0,7,19,0,46730,0
6955.1,fzp,5.0,3297,2643,654,6103.708027777783,14,17,0,6,23,0,46761,0
6960.1,fzp,5.0,3280,2637,643,6107.37469444445,17,17,0,6,22,0,46795,0
6965.1,fzp,5.0,3270,2622,648,6111.0267777777835,21,20,0,8,18,0,46836,0
6970.1,fzp,5.0,3272,2626,646,6114.671222222228,14,6,0,10,14,0,46856,0
6975.1,fzp,5.0,3279,2628,651,6118.3198333333385,15,7,0,8,16,0,46878,0
6980.1,fzp,5.0,3276,2626,650,6121.968444444449,17,7,0,10,12,0,46902,0
6985.1,fzp,5.0,3286,2630,656,6125.618444444449,22,4,0,7,23,0,46928,0
6990.1,fzp,5.0,3294,2633,661,6129.27330555556,16,7,0,6,20,0,46951,0
6995.1,fzp,5.0,3289,2619,670,6132.920527777782,17,19,0,1,21,0,46987,0
7000.1,fzp,5.0,3287,2613,674,6136.553861111115,11,14,1,1,19,0,47012,0
7005.1,fzp,5.0,3279,2594,685,6140.169833333337,21,20,1,4,19,0,47053,0
7010.1,fzp,5.0,3268,2571,697,6143.756638888893,24,17,1,4,15,0,47094,0
7015.1,fzp,5.0,3262,2575,687,6147.330250000004,9,9,1,7,16,0,47112,0
7020.1,fzp,5.0,3262,2565,697,6150.899694444448,23,11,0,8,16,0,47146,0
7025.1,fzp,5.0,3285,2569,716,6154.464972222226,22,8,0,10,24,0,47176,0
7030.1,fzp,5.0,3289,2571,718,6158.03441666667,19,8,0,5,24,0,47203,0
7035.1,fzp,5.0,3309,2580,729,6161.611500000004,14,9,0,4,28,0,47226,0
7040.1,fzp,5.0,3293,2578,715,6165.193444444448,13,16,0,10,17,0,47255,0
7045.1,fzp,5.0,3288,2584,704,6168.77816666667,21,6,4,12,25,0,47282,0
7050.1,fzp,5.0,3272,2587,685,6172.369138888892,12,7,1,3,20,0,47301,0
7055.1,fzp,5.0,3265,2592,673,6175.96566666667,22,3,1,9,22,0,47326,0
7060.1,fzp,5.0,3270,2591,679,6179.564972222225,21,7,0,6,21,0,47354,0
7065.1,fzp,5.0,3249,2585,664,6183.15941666667,14,11,1,6,14,0,47379,0
7070.1,fzp,5.0,3234,2587,647,6186.751083333336,13,13,0,7,21,0,47405,0
7075.1,fzp,5.0,3222,2585,637,6190.3427500000025,13,13,0,8,16,0,47431,0
7080.1,fzp,5.0,3228,2587,641,6193.934416666669,15,12,0,5,24,0,47458,0
7085.1,fzp,5.0,3234,2588,646,6197.528166666669,11,15,0,4,23,0,47484,0
7090.1,fzp,5.0,3231,2590,641,6201.1240000000025,13,10,0,5,20,0,47507,0
7095.1,fzp,5.0,3221,2588,633,6204.719833333336,15,13,0,6,20,0,47535,0
7100.1,fzp,5.0,3213,2582,631,6208.310111111114,15,16,0,7,18,0,47566,0
7105.1,fzp,5.0,3201,2566,635,6211.8851111111135,23,13,1,7,14,0,47602,0
7110.1,fzp,5.0,3204,2564,640,6215.4476111111135,12,14,0,2,22,0,47628,0
7115.1,fzp,5.0,3201,2562,639,6219.007333333336,7,12,0,4,13,0,47647,0
7120.1,fzp,5.0,3203,2556,647,6222.5615000000025,16,17,0,10,17,0,47680,0
7125.1,fzp,5.0,3200,2549,651,6226.106638888891,13,18,0,6,18,0,47711,0
7130.1,fzp,5.0,3194,2544,650,6229.643444444447,21,14,0,7,23,0,47746,0
7135.1,fzp,5.0,3204,2536,668,6233.171222222224,23,12,0,6,21,0,47781,0
7140.1,fzp,5.0,3197,2510,687,6236.675388888891,28,16,0,3,15,0,47825,0
7145.1,fzp,5.0,3185,2502,683,6240.1559444444465,14,12,0,9,9,0,47851,0
7150.1,fzp,5.0,3182,2499,683,6243.628861111113,15,14,0,4,22,0,47880,0
7155.1,fzp,5.0,3171,2478,693,6247.085111111113,19,17,1,4,12,0,47916,0
7160.1,fzp,5.0,3164,2457,707,6250.512194444446,20,16,0,0,15,0,47952,0
7165.1,fzp,5.0,3160,2466,694,6253.930944444446,8,6,0,9,14,0,47966,0
7170.1,fzp,5.0,3171,2479,692,6257.3649722222235,20,3,0,12,24,0,47989,0
7175.1,fzp,5.0,3172,2473,699,6260.803861111112,21,15,0,9,21,0,48025,0
7180.1,fzp,5.0,3160,2460,700,6264.2295555555565,15,16,1,5,14,0,48056,0
7185.1,fzp,5.0,3147,2455,692,6267.642750000001,13,13,0,3,18,0,48082,0
7190.1,fzp,5.0,3146,2449,697,6271.048305555556,21,11,1,5,22,0,48114,0
7195.1,fzp,5.0,3138,2443,695,6274.445527777778,21,15,0,12,18,0,48150,0
7200.1,fzp,5.0,3115,2429,686,6277.828861111111,14,16,0,1,15,0,48180,0
7205.1,fzp,5.0,3099,2435,664,6281.206638888889,10,14,1,12,19,0,48204,0
7210.1,fzp,5.0,3087,2423,664,6284.58025,20,18,0,9,17,0,48242,0
7215.1,fzp,5.0,3069,2411,658,6287.937194444445,18,12,1,5,14,0,48272,0
7220.1,fzp,5.0,3070,2411,659,6291.285805555556,13,11,1,3,22,0,48296,0
7225.1,fzp,5.0,3064,2413,651,6294.6358055555565,10,4,0,2,14,0,48310,0
7230.1,fzp,5.0,3055,2410,645,6297.985111111112,19,11,0,5,22,0,48340,0
7235.1,fzp,5.0,3029,2396,633,6301.322611111112,16,17,0,3,16,0,48373,0
7240.1,fzp,5.0,3018,2392,626,6304.6476111111115,10,13,0,3,16,0,48396,0
7245.1,fzp,5.0,3008,2396,612,6307.972611111111,6,11,0,7,14,0,48413,0
7250.1,fzp,5.0,3010,2392,618,6311.297611111111,18,8,1,7,16,0,48439,0
7255.1,fzp,5.0,3015,2387,628,6314.6163611111115,18,16,0,7,22,0,48473,0
7260.1,fzp,5.0,3013,2381,632,6317.927472222223,13,14,0,5,16,0,48500,0
7265.1,fzp,5.0,3012,2374,638,6321.229555555556,13,19,0,5,20,0,48532,0
7270.1,fzp,5.0,3003,2362,641,6324.518444444445,19,13,1,9,12,0,48564,0
7275.1,fzp,5.0,3005,2363,642,6327.799694444445,19,13,0,10,23,0,48596,0
7280.1,fzp,5.0,3008,2356,652,6331.076777777778,21,16,0,9,21,0,48633,0
7285.1,fzp,5.0,3009,2346,663,6334.342055555556,20,14,0,8,16,0,48667,0
7290.1,fzp,5.0,3016,2348,668,6337.601777777778,21,5,0,6,22,0,48693,0
7295.1,fzp,5.0,3008,2346,662,6340.8615,20,10,0,7,21,0,48723,0
7300.1,fzp,5.0,3002,2335,667,6344.112194444445,18,13,0,3,17,0,48754,0
7305.1,fzp,5.0,3004,2328,676,6347.350388888889,17,16,0,2,24,0,48787,0
7310.1,fzp,5.0,3015,2326,689,6350.582333333334,14,9,0,2,19,0,48810,0
7315.1,fzp,5.0,3028,2341,687,6353.823305555556,13,10,0,11,27,0,48833,0
7320.1,fzp,5.0,3036,2338,698,6357.072611111111,22,11,0,11,19,0,48866,0
7325.1,fzp,5.0,3039,2351,688,6360.328861111111,16,13,0,11,31,0,48895,0
7330.1,fzp,5.0,3037,2349,688,6363.59275,19,14,1,7,25,0,48928,0
7335.1,fzp,5.0,3020,2329,691,6366.841361111111,19,13,1,2,11,0,48960,0
7340.1,fzp,5.0,3010,2314,696,6370.065666666666,18,13,2,2,16,0,48991,0
7345.1,fzp,5.0,2995,2296,699,6373.267055555555,19,19,4,3,21,0,49029,0
7350.1,fzp,5.0,2970,2293,677,6376.45386111111,9,12,0,7,11,0,49050,0
7355.1,fzp,5.0,2975,2299,676,6379.642749999999,19,5,0,17,13,0,49074,0
7360.1,fzp,5.0,2965,2304,661,6382.839277777777,16,11,0,14,18,0,49101,0
7365.1,fzp,5.0,2946,2293,653,6386.031638888889,18,13,0,7,13,0,49132,0
7370.1,fzp,5.0,2939,2296,643,6389.218444444444,13,8,1,5,20,0,49153,0
7375.1,fzp,5.0,2935,2294,641,6392.405944444444,16,9,0,4,19,0,49178,0
7380.1,fzp,5.0,2924,2296,628,6395.593444444444,10,17,1,7,23,0,49205,0
7385.1,fzp,5.0,2922,2291,631,6398.77886111111,14,13,1,2,21,0,49232,0
7390.1,fzp,5.0,2917,2296,621,6401.964277777776,13,11,0,7,22,0,49256,0
7395.1,fzp,5.0,2903,2274,629,6405.137888888888,17,21,2,4,14,0,49294,0
7400.1,fzp,5.0,2893,2269,624,6408.292749999999,19,15,0,13,16,0,49328,0
7405.1,fzp,5.0,2887,2264,623,6411.4406666666655,19,6,0,7,13,0,49353,0
7410.1,fzp,5.0,2877,2268,609,6414.587888888887,10,9,0,7,16,0,49372,0
7415.1,fzp,5.0,2873,2267,606,6417.737194444443,8,17,0,5,19,0,49397,0
7420.1,fzp,5.0,2872,2275,597,6420.891361111109,8,8,0,10,14,0,49413,0
7425.1,fzp,5.0,2876,2279,597,6424.05386111111,13,6,0,7,16,0,49432,0
7430.1,fzp,5.0,2875,2271,604,6427.213583333332,21,14,0,7,20,0,49467,0
7435.1,fzp,5.0,2866,2259,607,6430.359416666665,18,12,1,6,13,0,49497,0
7440.1,fzp,5.0,2858,2247,611,6433.488583333332,19,12,0,4,15,0,49528,0
7445.1,fzp,5.0,2857,2242,615,6436.605944444443,14,9,0,3,15,0,49551,0
7450.1,fzp,5.0,2855,2245,610,6439.721916666665,13,9,2,5,22,0,49573,0
7455.1,fzp,5.0,2852,2240,612,6442.836499999998,9,17,0,2,19,0,49599,0
7460.1,fzp,5.0,2848,2230,618,6445.940666666665,13,20,1,1,23,0,49632,0
7465.1,fzp,5.0,2860,2250,610,6449.051777777776,10,6,0,10,26,0,49648,0
7470.1,fzp,5.0,2865,2248,617,6452.175388888887,27,7,0,12,20,0,49682,0
7475.1,fzp,5.0,2864,2241,623,6455.292749999998,21,13,0,6,21,0,49716,0
7480.1,fzp,5.0,2871,2230,641,6458.397611111109,23,6,0,1,17,0,49745,0
7485.1,fzp,5.0,2879,2228,651,6461.4934444444425,18,6,0,2,20,0,49769,0
7490.1,fzp,5.0,2862,2215,647,6464.578861111109,16,11,0,2,12,0,49796,0
7495.1,fzp,5.0,2844,2200,644,6467.644833333332,24,11,2,0,22,0,49831,0
7500.1,fzp,5.0,2827,2194,633,6470.696222222221,13,13,1,2,19,0,49857,0
7505.1,fzp,5.0,2827,2192,635,6473.7420555555545,20,16,1,8,27,0,49893,0
7510.1,fzp,5.0,2834,2200,634,6476.792055555555,16,11,0,14,21,0,49920,0
7515.1,fzp,5.0,2829,2187,642,6479.838583333332,23,18,0,9,19,0,49961,0
7520.1,fzp,5.0,2814,2192,622,6482.879555555554,10,18,0,13,20,0,49989,0
7525.1,fzp,5.0,2803,2197,606,6485.927472222221,12,12,0,4,25,0,50013,0
7530.1,fzp,5.0,2799,2199,600,6488.980249999999,13,15,0,7,23,0,50041,0
7535.1,fzp,5.0,2808,2211,597,6492.042749999999,8,10,0,2,28,0,50059,0
7540.1,fzp,5.0,2812,2214,598,6495.115666666666,11,15,0,2,27,0,50085,0
7545.1,fzp,5.0,2798,2215,583,6498.19136111111,10,16,0,8,19,0,50111,0
7550.1,fzp,5.0,2788,2218,570,6501.269833333333,15,16,2,10,26,0,50142,0
7555.1,fzp,5.0,2785,2211,574,6504.3455277777775,26,18,0,10,27,0,50186,0
7560.1,fzp,5.0,2790,2209,581,6507.414972222222,11,17,0,6,20,0,50214,0
7565.1,fzp,5.0,2786,2199,587,6510.476083333333,13,20,1,7,17,0,50247,0
7570.1,fzp,5.0,2782,2194,588,6513.526777777777,9,18,0,7,15,0,50274,0
7575.1,fzp,5.0,2781,2191,590,6516.571916666666,12,15,0,8,16,0,50301,0
7580.1,fzp,5.0,2788,2187,601,6519.612194444444,13,17,1,9,18,0,50331,0
7585.1,fzp,5.0,2796,2178,618,6522.643444444444,23,13,0,6,21,0,50367,0
7590.1,fzp,5.0,2803,2174,629,6525.665666666666,21,12,0,6,23,0,50400,0
7595.1,fzp,5.0,2795,2157,638,6528.673305555555,20,18,0,5,16,0,50438,0
7600.1,fzp,5.0,2805,2164,641,6531.674,9,12,0,4,24,0,50459,0
7605.1,fzp,5.0,2799,2153,646,6534.671916666666,16,14,1,2,18,0,50489,0
7610.1,fzp,5.0,2794,2152,642,6537.661499999999,13,13,0,3,22,0,50515,0
7615.1,fzp,5.0,2797,2152,645,6540.650388888888,12,12,1,8,17,0,50539,0
7620.1,fzp,5.0,2789,2148,641,6543.6365,20,14,1,12,19,0,50573,0
7625.1,fzp,5.0,2786,2142,644,6546.615666666667,13,16,1,2,22,0,50602,0
7630.1,fzp,5.0,2788,2147,641,6549.594138888889,15,7,0,5,22,0,50624,0
7635.1,fzp,5.0,2775,2133,642,6552.566361111111,22,10,2,4,16,0,50656,0
7640.1,fzp,5.0,2791,2126,665,6555.524,23,6,0,4,18,0,50685,0
7645.1,fzp,5.0,2794,2112,682,6558.467055555556,26,16,0,5,23,0,50727,0
7650.1,fzp,5.0,2790,2116,674,6561.403166666667,13,10,0,5,22,0,50750,0
7655.1,fzp,5.0,2782,2126,656,6564.349,10,9,1,10,20,0,50769,0
7660.1,fzp,5.0,2770,2121,649,6567.298305555556,19,16,0,11,19,0,50804,0
7665.1,fzp,5.0,2768,2120,648,6570.243444444445,18,10,0,8,19,0,50832,0
7670.1,fzp,5.0,2780,2134,646,6573.197611111112,14,9,0,13,24,0,50855,0
7675.1,fzp,5.0,2778,2141,637,6576.166361111112,13,11,0,12,19,0,50879,0
7680.1,fzp,5.0,2748,2119,629,6579.124694444445,19,16,0,6,7,0,50914,0
7685.1,fzp,5.0,2739,2116,623,6582.065666666667,15,9,0,3,18,0,50938,0
7690.1,fzp,5.0,2725,2119,606,6585.00663888889,14,14,0,9,22,0,50966,0
7695.1,fzp,5.0,2718,2128,590,6587.955944444446,6,11,0,7,19,0,50983,0
7700.1,fzp,5.0,2716,2129,587,6590.912194444446,14,10,0,8,17,0,51007,0
7705.1,fzp,5.0,2726,2129,597,6593.86913888889,22,7,1,4,26,0,51036,0
7710.1,fzp,5.0,2719,2139,580,6596.833027777779,10,8,0,8,20,0,51054,0
7715.1,fzp,5.0,2726,2142,584,6599.805944444445,12,12,0,4,23,0,51078,0
7720.1,fzp,5.0,2739,2159,580,6602.7927500000005,10,12,0,8,31,0,51100,0
7725.1,fzp,5.0,2742,2164,578,6605.794833333334,16,11,0,7,25,0,51127,0
7730.1,fzp,5.0,2736,2160,576,6608.797611111112,17,13,0,6,20,0,51157,0
7735.1,fzp,5.0,2736,2159,577,6611.796916666667,10,14,0,5,18,0,51181,0
7740.1,fzp,5.0,2749,2163,586,6614.798305555556,18,12,0,11,23,0,51211,0
7745.1,fzp,5.0,2752,2162,590,6617.801777777779,18,12,0,8,21,0,51241,0
7750.1,fzp,5.0,2753,2156,597,6620.80038888889,13,16,0,7,16,0,51270,0
7755.1,fzp,5.0,2750,2147,603,6623.788583333334,16,11,0,2,16,0,51297,0
7760.1,fzp,5.0,2756,2152,604,6626.774,12,2,0,5,14,0,51311,0
7765.1,fzp,5.0,2754,2158,596,6629.767055555556,12,11,0,11,18,0,51334,0
7770.1,fzp,5.0,2759,2165,594,6632.76913888889,19,10,0,17,19,0,51363,0
7775.1,fzp,5.0,2775,2177,598,6635.784416666667,9,6,0,3,24,0,51378,0
7780.1,fzp,5.0,2786,2185,601,6638.813583333334,13,3,0,4,20,0,51394,0
7785.1,fzp,5.0,2785,2169,616,6641.837194444444,23,10,3,4,16,0,51427,0
7790.1,fzp,5.0,2794,2174,620,6644.853166666667,16,10,2,5,28,0,51453,0
7795.1,fzp,5.0,2794,2155,639,6647.859416666667,29,12,1,2,21,0,51494,0
7800.1,fzp,5.0,2785,2138,647,6650.840666666667,18,19,0,0,20,0,51531,0
7805.1,fzp,5.0,2778,2142,636,6653.81288888889,15,16,0,15,20,0,51562,0
7810.1,fzp,5.0,2783,2141,642,6656.787194444445,21,11,0,9,22,0,51594,0
7815.1,fzp,5.0,2780,2143,637,6659.762194444445,23,9,1,10,25,0,51626,0
7820.1,fzp,5.0,2778,2140,638,6662.736500000001,16,9,0,3,19,0,51651,0
7825.1,fzp,5.0,2778,2134,644,6665.704555555556,19,10,1,3,21,0,51680,0
7830.1,fzp,5.0,2770,2131,639,6668.666361111112,17,8,0,6,16,0,51705,0
7835.1,fzp,5.0,2765,2136,629,6671.629555555556,9,14,0,12,16,0,51728,0
7840.1,fzp,5.0,2763,2142,621,6674.60038888889,9,7,0,4,18,0,51744,0
7845.1,fzp,5.0,2744,2137,607,6677.571916666668,16,8,0,5,14,0,51768,0
7850.1,fzp,5.0,2729,2134,595,6680.53788888889,18,10,0,10,15,0,51796,0
7855.1,fzp,5.0,2738,2140,598,6683.505944444445,19,3,0,4,24,0,51818,0
7860.1,fzp,5.0,2733,2141,592,6686.478861111112,14,8,0,4,19,0,51840,0
7865.1,fzp,5.0,2737,2141,596,6689.452472222223,16,14,0,4,26,0,51870,0
7870.1,fzp,5.0,2731,2146,585,6692.429555555556,18,13,0,11,25,0,51901,0
7875.1,fzp,5.0,2734,2155,579,6695.416361111112,19,5,0,9,24,0,51925,0
7880.1,fzp,5.0,2746,2162,584,6698.414277777778,19,8,0,9,25,0,51952,0
7885.1,fzp,5.0,2742,2153,589,6701.410805555555,19,11,0,7,14,0,51982,0
7890.1,fzp,5.0,2751,2150,601,6704.398999999999,18,13,0,3,25,0,52013,0
7895.1,fzp,5.0,2753,2146,607,6707.382333333333,15,14,0,7,18,0,52042,0
7900.1,fzp,5.0,2750,2142,608,6710.360111111111,11,17,0,9,15,0,52070,0
7905.1,fzp,5.0,2748,2135,613,6713.33025,9,14,0,5,11,0,52093,0
7910.1,fzp,5.0,2747,2124,623,6716.287888888889,15,10,0,3,11,0,52118,0
7915.1,fzp,5.0,2747,2128,619,6719.240666666667,18,9,0,11,20,0,52145,0
7920.1,fzp,5.0,2748,2117,631,6722.188583333334,25,17,0,11,20,0,52187,0
7925.1,fzp,5.0,2733,2108,625,6725.122611111111,17,17,0,8,17,0,52221,0
7930.1,fzp,5.0,2746,2110,636,6728.051777777778,13,3,1,2,17,0,52237,0
7935.1,fzp,5.0,2743,2116,627,6730.9865,12,7,0,4,21,0,52256,0
7940.1,fzp,5.0,2748,2114,634,6733.924,17,8,2,2,23,0,52281,0
7945.1,fzp,5.0,2754,2100,654,6736.850388888889,29,6,4,3,22,0,52316,0
7950.1,fzp,5.0,2743,2090,653,6739.760111111112,22,9,0,1,20,0,52347,0
7955.1,fzp,5.0,2735,2096,639,6742.6670555555565,15,11,0,13,19,0,52373,0
7960.1,fzp,5.0,2739,2091,648,6745.574694444445,22,10,0,11,16,0,52405,0
7965.1,fzp,5.0,2733,2085,648,6748.474694444445,18,11,0,6,17,0,52434,0
7970.1,fzp,5.0,2724,2089,635,6751.373305555556,21,8,0,7,26,0,52463,0
7975.1,fzp,5.0,2703,2078,625,6754.267055555556,15,15,0,5,14,0,52493,0
7980.1,fzp,5.0,2696,2073,623,6757.149694444445,12,12,1,5,15,0,52517,0
7985.1,fzp,5.0,2694,2070,624,6760.026777777779,13,8,0,2,16,0,52538,0
7990.1,fzp,5.0,2677,2058,619,6762.893444444446,14,14,0,7,9,0,52566,0
7995.1,fzp,5.0,2674,2056,618,6765.7503888888905,15,15,0,8,20,0,52596,0
8000.1,fzp,5.0,2657,2051,606,6768.602472222224,16,15,0,12,14,0,52627,0
8005.1,fzp,5.0,2662,2052,610,6771.451777777779,15,12,0,4,24,0,52654,0
8010.1,fzp,5.0,2661,2058,603,6774.305944444446,12,9,0,6,21,0,52675,0
8015.1,fzp,5.0,2662,2065,597,6777.16913888889,11,11,0,5,24,0,52697,0
8020.1,fzp,5.0,2659,2067,592,6780.038583333335,17,13,1,10,23,0,52727,0
8025.1,fzp,5.0,2655,2067,588,6782.909416666668,14,12,0,8,18,0,52753,0
8030.1,fzp,5.0,2650,2063,587,6785.777472222224,16,9,0,3,18,0,52778,0
8035.1,fzp,5.0,2653,2056,597,6788.63788888889,24,11,0,7,21,0,52813,0
8040.1,fzp,5.0,2661,2046,615,6791.486500000002,18,19,0,4,23,0,52850,0
8045.1,fzp,5.0,2664,2054,610,6794.333722222224,9,6,1,6,18,0,52865,0
8050.1,fzp,5.0,2680,2065,615,6797.194138888891,6,4,0,4,17,0,52875,0
8055.1,fzp,5.0,2681,2066,615,6800.0628888888905,9,6,0,2,14,0,52890,0
8060.1,fzp,5.0,2682,2066,616,6802.932333333335,12,10,0,9,13,0,52912,0
8065.1,fzp,5.0,2683,2071,612,6805.805250000001,11,10,1,11,16,0,52933,0
8070.1,fzp,5.0,2683,2066,617,6808.6781666666675,17,14,0,10,16,0,52964,0
8075.1,fzp,5.0,2678,2057,621,6811.541361111112,21,12,0,5,19,0,52997,0
8080.1,fzp,5.0,2671,2048,623,6814.392055555556,20,14,0,5,20,0,53031,0
8085.1,fzp,5.0,2677,2044,633,6817.233722222222,17,13,0,4,22,0,53061,0
8090.1,fzp,5.0,2685,2046,639,6820.074,17,9,0,7,21,0,53087,0
8095.1,fzp,5.0,2686,2034,652,6822.907333333333,23,9,1,4,17,0,53119,0
8100.1,fzp,5.0,2684,2034,650,6825.7323333333325,15,8,0,3,20,0,53142,0
8105.1,fzp,5.0,2684,2041,643,6828.562194444444,8,10,0,10,15,0,53160,0
8110.1,fzp,5.0,2689,2045,644,6831.399694444443,14,4,1,5,18,0,53178,0
8115.1,fzp,5.0,2695,2057,638,6834.248305555555,16,3,0,8,23,0,53197,0
8120.1,fzp,5.0,2691,2047,644,6837.098305555555,19,9,0,4,14,0,53225,0
8125.1,fzp,5.0,2691,2046,645,6839.940666666666,16,7,0,5,17,0,53248,0
8130.1,fzp,5.0,2682,2047,635,6842.7830277777775,9,8,0,2,16,0,53265,0
8135.1,fzp,5.0,2686,2052,634,6845.629555555555,11,4,0,5,15,0,53280,0
8140.1,fzp,5.0,2682,2048,634,6848.476777777778,13,13,0,6,16,0,53306,0
8145.1,fzp,5.0,2666,2044,622,6851.318444444444,8,14,0,6,12,0,53328,0
8150.1,fzp,5.0,2654,2047,607,6854.159416666666,15,11,2,10,21,0,53354,0
8155.1,fzp,5.0,2647,2034,613,6856.993444444444,18,11,0,4,12,0,53383,0
8160.1,fzp,5.0,2638,2037,601,6859.820527777778,13,10,0,9,17,0,53406,0
8165.1,fzp,5.0,2631,2043,588,6862.653861111111,5,13,0,8,16,0,53424,0
8170.1,fzp,5.0,2631,2049,582,6865.495527777777,10,15,0,11,20,0,53449,0
8175.1,fzp,5.0,2624,2044,580,6868.337888888888,13,18,1,5,22,0,53480,0
8180.1,fzp,5.0,2610,2035,575,6871.170527777777,10,22,0,7,16,0,53512,0
8185.1,fzp,5.0,2613,2034,579,6873.996222222222,16,7,0,5,17,0,53535,0
8190.1,fzp,5.0,2620,2025,595,6876.814972222222,21,9,0,5,16,0,53565,0
8195.1,fzp,5.0,2625,2024,601,6879.6267777777775,18,6,0,3,20,0,53589,0
8200.1,fzp,5.0,2638,2023,615,6882.437194444444,18,9,0,3,23,0,53616,0
8205.1,fzp,5.0,2652,2023,629,6885.246916666666,19,6,1,1,25,0,53641,0
8210.1,fzp,5.0,2659,2027,632,6888.059416666666,5,14,0,4,19,0,53660,0
8215.1,fzp,5.0,2660,2029,631,6890.876083333333,11,12,0,6,19,0,53683,0
8220.1,fzp,5.0,2668,2028,640,6893.693444444444,12,13,0,8,16,0,53708,0
8225.1,fzp,5.0,2676,2020,656,6896.504555555555,21,12,1,6,20,0,53741,0
8230.1,fzp,5.0,2677,2013,664,6899.305249999999,19,12,0,7,17,0,53772,0
8235.1,fzp,5.0,2667,2007,660,6902.096916666666,14,14,1,7,16,0,53800,0
8240.1,fzp,5.0,2671,2002,669,6904.880944444444,22,10,1,7,21,0,53832,0
8245.1,fzp,5.0,2656,1983,673,6907.648305555555,24,16,1,6,16,0,53872,0
8250.1,fzp,5.0,2649,1979,670,6910.399694444444,13,7,0,1,15,0,53892,0
8255.1,fzp,5.0,2658,1992,666,6913.157333333334,13,8,0,13,21,0,53913,0
8260.1,fzp,5.0,2660,1997,663,6915.927472222223,18,14,0,9,28,0,53945,0
8265.1,fzp,5.0,2659,2004,655,6918.705944444445,12,6,0,8,17,0,53963,0
8270.1,fzp,5.0,2653,2014,639,6921.496222222223,12,11,0,11,22,0,53986,0
8275.1,fzp,5.0,2652,2017,635,6924.295527777778,14,6,0,6,17,0,54006,0
8280.1,fzp,5.0,2655,2018,637,6927.097611111111,16,4,0,7,14,0,54026,0
8285.1,fzp,5.0,2648,2013,635,6929.896916666667,15,10,0,0,20,0,54051,0
8290.1,fzp,5.0,2649,2014,635,6932.693444444444,14,14,0,3,26,0,54079,0
8295.1,fzp,5.0,2632,2013,619,6935.489972222222,7,16,0,6,16,0,54102,0
8300.1,fzp,5.0,2619,2014,605,6938.286499999999,12,14,0,9,18,0,54128,0
8305.1,fzp,5.0,2615,2025,590,6941.09136111111,11,6,1,8,21,0,54145,0
8310.1,fzp,5.0,2615,2030,585,6943.907333333333,12,7,0,6,18,0,54164,0
8315.1,fzp,5.0,2610,2022,588,6946.7212222222215,13,12,0,3,14,0,54189,0
8320.1,fzp,5.0,2608,2026,582,6949.532333333333,12,13,0,8,21,0,54214,0
8325.1,fzp,5.0,2599,2016,583,6952.339277777777,13,16,0,8,11,0,54243,0
8330.1,fzp,5.0,2599,2021,578,6955.142749999999,17,5,0,9,18,0,54265,0
8335.1,fzp,5.0,2614,2034,580,6957.958722222222,15,4,0,7,25,0,54284,0
8340.1,fzp,5.0,2616,2022,594,6960.775388888888,21,11,0,4,16,0,54316,0
8345.1,fzp,5.0,2600,2004,596,6963.571222222222,25,14,0,2,19,0,54355,0
8350.1,fzp,5.0,2600,1994,606,6966.34761111111,21,11,1,2,21,0,54387,0
8355.1,fzp,5.0,2609,1986,623,6969.111499999999,22,11,1,1,25,0,54420,0
8360.1,fzp,5.0,2612,1997,615,6971.8774722222215,9,12,0,5,27,0,54441,0
8365.1,fzp,5.0,2622,2010,612,6974.66011111111,10,7,0,9,21,0,54458,0
8370.1,fzp,5.0,2627,2012,615,6977.453166666666,18,7,0,8,19,0,54483,0
8375.1,fzp,5.0,2634,2004,630,6980.242055555555,21,9,0,2,20,0,54513,0
8380.1,fzp,5.0,2637,2004,633,6983.025388888889,11,15,0,4,22,0,54539,0
8385.1,fzp,5.0,2634,1985,649,6985.795527777778,19,18,0,4,14,0,54576,0
8390.1,fzp,5.0,2635,1973,662,6988.544138888889,22,13,1,7,17,0,54611,0
8395.1,fzp,5.0,2626,1964,662,6991.278166666667,21,9,2,11,12,0,54641,0
8400.1,fzp,5.0,2628,1964,664,6994.005944444445,9,10,0,5,14,0,54660,0
8405.1,fzp,5.0,2614,1965,649,6996.734416666667,9,12,1,14,9,0,54681,0
8410.1,fzp,5.0,2639,1978,661,6999.472611111111,17,2,0,13,19,0,54700,0
8415.1,fzp,5.0,2641,1986,655,7002.225388888889,12,8,1,10,19,0,54720,0
8420.1,fzp,5.0,2646,1990,656,7004.9865,13,6,0,5,18,0,54739,0
8425.1,fzp,5.0,2646,1997,649,7007.75525,10,10,1,4,24,0,54759,0
8430.1,fzp,5.0,2640,2005,635,7010.534416666666,9,11,1,6,23,0,54779,0
8435.1,fzp,5.0,2631,2004,627,7013.318444444444,11,17,0,4,23,0,54807,0
8440.1,fzp,5.0,2617,2004,613,7016.101777777778,6,15,0,2,19,0,54828,0
8445.1,fzp,5.0,2613,2015,598,7018.89275,8,11,0,7,23,0,54847,0
8450.1,fzp,5.0,2604,2032,572,7021.703166666666,10,11,0,13,25,0,54868,0
8455.1,fzp,5.0,2585,2025,560,7024.520527777778,15,13,0,10,11,0,54896,0
8460.1,fzp,5.0,2578,2029,549,7027.335805555555,10,9,0,7,16,0,54915,0
8465.1,fzp,5.0,2578,2018,560,7030.146222222222,18,14,1,4,18,0,54947,0
8470.1,fzp,5.0,2576,2018,558,7032.949,13,13,0,9,17,0,54973,0
8475.1,fzp,5.0,2587,2026,561,7035.757333333333,17,8,0,9,24,0,54998,0
8480.1,fzp,5.0,2592,2031,561,7038.5746944444445,15,5,0,7,18,0,55018,0
8485.1,fzp,5.0,2594,2029,565,7041.394138888889,17,12,0,8,19,0,55047,0
8490.1,fzp,5.0,2599,2025,574,7044.209416666667,18,11,0,3,22,0,55076,0
8495.1,fzp,5.0,2590,2014,576,7047.014277777777,18,12,0,5,14,0,55106,0
8500.1,fzp,5.0,2599,1999,600,7049.801083333333,24,9,0,1,17,0,55139,0
8505.1,fzp,5.0,2616,1997,619,7052.5760833333325,19,7,0,1,23,0,55165,0
8510.1,fzp,5.0,2614,1995,619,7055.348305555554,12,9,0,3,16,0,55186,0
8515.1,fzp,5.0,2622,2009,613,7058.1288611111095,9,4,0,5,22,0,55199,0
8520.1,fzp,5.0,2629,2006,623,7060.917055555554,19,15,0,9,22,0,55233,0
8525.1,fzp,5.0,2625,2001,624,7063.699694444443,16,15,1,7,20,0,55264,0
8530.1,fzp,5.0,2625,1997,628,7066.476083333331,14,9,0,6,13,0,55287,0
8535.1,fzp,5.0,2631,2010,621,7069.25872222222,11,9,1,6,28,0,55307,0
8540.1,fzp,5.0,2640,2017,623,7072.055249999998,17,5,0,5,24,0,55329,0
8545.1,fzp,5.0,2628,2013,615,7074.853861111109,14,17,0,11,16,0,55360,0
8550.1,fzp,5.0,2614,2013,601,7077.6496944444425,8,11,0,2,17,0,55379,0
8555.1,fzp,5.0,2624,2021,603,7080.451083333332,18,4,1,10,21,0,55401,0
8560.1,fzp,5.0,2632,2024,608,7083.260111111109,16,6,0,4,21,0,55423,0
8565.1,fzp,5.0,2632,2033,599,7086.07747222222,13,15,0,7,30,0,55451,0
8570.1,fzp,5.0,2634,2040,594,7088.905944444443,12,10,0,4,25,0,55473,0
8575.1,fzp,5.0,2627,2036,591,7091.736499999998,14,13,0,4,19,0,55500,0
8580.1,fzp,5.0,2621,2038,583,7094.565666666665,11,5,0,4,14,0,55516,0
8585.1,fzp,5.0,2618,2041,577,7097.398305555554,10,9,0,5,17,0,55535,0
8590.1,fzp,5.0,2616,2032,584,7100.226777777776,20,10,0,5,16,0,55565,0
8595.1,fzp,5.0,2602,2035,567,7103.051083333332,13,7,0,7,16,0,55585,0
8600.1,fzp,5.0,2596,2023,573,7105.869138888887,16,14,0,10,8,0,55615,0
8605.1,fzp,5.0,2583,1998,585,7108.661499999998,22,21,1,5,14,0,55658,0
8610.1,fzp,5.0,2583,2003,580,7111.439972222221,11,3,0,6,13,0,55672,0
8615.1,fzp,5.0,2587,2015,572,7114.230249999999,6,5,0,8,15,0,55683,0
8620.1,fzp,5.0,2603,2026,577,7117.036499999998,8,2,1,5,17,0,55693,0
8625.1,fzp,5.0,2614,2032,582,7119.854555555554,17,2,0,7,18,0,55712,0
8630.1,fzp,5.0,2629,2032,597,7122.676777777776,21,10,0,7,24,0,55743,0
8635.1,fzp,5.0,2642,2037,605,7125.502472222221,14,8,0,6,21,0,55765,0
8640.1,fzp,5.0,2643,2032,611,7128.328166666665,16,11,0,5,17,0,55792,0
8645.1,fzp,5.0,2647,2027,620,7131.146916666666,22,7,0,4,20,0,55821,0
8650.1,fzp,5.0,2636,2021,615,7133.958027777777,12,9,0,5,10,0,55842,0
8655.1,fzp,5.0,2634,2015,619,7136.760805555555,16,12,1,2,21,0,55870,0
8660.1,fzp,5.0,2630,2007,623,7139.553861111111,12,15,1,4,16,0,55897,0
8665.1,fzp,5.0,2617,1989,628,7142.32886111111,20,21,0,7,16,0,55938,0
8670.1,fzp,5.0,2614,1987,627,7145.089972222221,16,13,1,10,18,0,55967,0
8675.1,fzp,5.0,2608,1994,614,7147.854555555555,7,11,0,10,15,0,55985,0
8680.1,fzp,5.0,2612,2002,610,7150.629555555554,11,5,0,8,16,0,56001,0
8685.1,fzp,5.0,2619,1993,626,7153.40386111111,25,9,1,5,21,0,56035,0
8690.1,fzp,5.0,2628,1989,639,7156.169138888888,21,7,1,7,18,0,56063,0
8695.1,fzp,5.0,2622,1986,636,7158.9295555555545,19,17,2,12,23,0,56099,0
8700.1,fzp,5.0,2614,1979,635,7161.683027777777,12,12,1,2,16,0,56123,0
8705.1,fzp,5.0,2608,1979,629,7164.431638888888,6,18,0,10,14,0,56147,0
8710.1,fzp,5.0,2614,1982,632,7167.182333333333,10,8,1,7,15,0,56165,0
8715.1,fzp,5.0,2615,1984,631,7169.9365,11,6,0,3,16,0,56182,0
8720.1,fzp,5.0,2606,1981,625,7172.689972222222,17,8,0,7,15,0,56207,0
8725.1,fzp,5.0,2607,1967,640,7175.431638888889,20,14,0,5,15,0,56241,0
8730.1,fzp,5.0,2600,1954,646,7178.154555555556,17,11,2,5,12,0,56269,0
8735.1,fzp,5.0,2597,1948,649,7180.864277777778,10,16,0,3,17,0,56295,0
8740.1,fzp,5.0,2590,1940,650,7183.5642777777775,12,13,0,4,13,0,56320,0
8745.1,fzp,5.0,2580,1945,635,7186.2621944444445,13,6,0,6,18,0,56339,0
8750.1,fzp,5.0,2573,1950,623,7188.967055555556,13,10,0,10,18,0,56362,0
8755.1,fzp,5.0,2576,1957,619,7191.68025,13,9,1,8,22,0,56384,0
8760.1,fzp,5.0,2580,1967,613,7194.405250000001,8,11,0,5,24,0,56403,0
8765.1,fzp,5.0,2578,1982,596,7197.1476111111115,8,9,0,13,19,0,56420,0
8770.1,fzp,5.0,2572,1984,588,7199.901777777778,10,18,0,8,22,0,56448,0
8775.1,fzp,5.0,2577,1992,585,7202.662888888889,18,3,0,10,19,0,56469,0
8780.1,fzp,5.0,2575,1984,591,7205.424,16,10,0,6,12,0,56495,0
8785.1,fzp,5.0,2582,1972,610,7208.171222222222,25,10,0,4,19,0,56530,0
8790.1,fzp,5.0,2593,1985,608,7210.9191388888885,13,10,0,9,27,0,56553,0
8795.1,fzp,5.0,2598,1987,611,7213.677472222222,17,10,0,5,24,0,56580,0
8800.1,fzp,5.0,2595,1972,623,7216.426777777777,23,16,1,8,17,0,56619,0
8805.1,fzp,5.0,2597,1966,631,7219.161499999999,21,5,0,4,16,0,56645,0
8810.1,fzp,5.0,2593,1961,632,7221.8885833333325,16,14,2,3,24,0,56675,0
8815.1,fzp,5.0,2587,1954,633,7224.6073333333325,14,11,1,7,12,0,56700,0
8820.1,fzp,5.0,2592,1952,640,7227.319833333332,26,6,1,13,18,0,56732,0
8825.1,fzp,5.0,2595,1942,653,7230.0239999999985,20,4,0,3,11,0,56756,0
8830.1,fzp,5.0,2588,1943,645,7232.7219166666655,12,7,1,9,12,0,56775,0
8835.1,fzp,5.0,2584,1945,639,7235.421916666665,9,5,0,6,10,0,56789,0
8840.1,fzp,5.0,2576,1935,641,7238.11636111111,18,14,0,8,14,0,56821,0
8845.1,fzp,5.0,2588,1945,643,7240.810805555554,21,10,0,14,27,0,56852,0
8850.1,fzp,5.0,2591,1967,624,7243.52747222222,6,3,0,6,25,0,56861,0
8855.1,fzp,5.0,2594,1976,618,7246.265666666664,17,7,1,12,22,0,56885,0
8860.1,fzp,5.0,2601,1980,621,7249.012888888887,17,11,0,12,20,0,56913,0
8865.1,fzp,5.0,2592,1976,616,7251.760111111109,13,13,0,8,14,0,56939,0
8870.1,fzp,5.0,2585,1979,606,7254.506638888886,15,7,0,6,19,0,56961,0
8875.1,fzp,5.0,2587,1986,601,7257.260111111109,8,10,0,3,22,0,56979,0
8880.1,fzp,5.0,2595,1990,605,7260.02122222222,14,8,0,5,21,0,57001,0
8885.1,fzp,5.0,2582,1988,594,7262.78372222222,13,13,0,6,18,0,57027,0
8890.1,fzp,5.0,2576,1982,594,7265.540666666664,16,12,0,3,19,0,57055,0
8895.1,fzp,5.0,2579,1995,584,7268.30247222222,9,6,0,10,18,0,57070,0
8900.1,fzp,5.0,2587,2003,584,7271.078861111108,12,7,0,6,21,0,57089,0
8905.1,fzp,5.0,2588,2001,587,7273.8594166666635,20,9,0,7,20,0,57118,0
8910.1,fzp,5.0,2584,1983,601,7276.62608333333,24,14,0,4,16,0,57156,0
8915.1,fzp,5.0,2580,1989,591,7279.384416666663,7,8,0,7,14,0,57171,0
8920.1,fzp,5.0,2578,1989,589,7282.146916666663,10,13,0,6,17,0,57194,0
8925.1,fzp,5.0,2586,1988,598,7284.908722222219,17,10,0,7,19,0,57221,0
8930.1,fzp,5.0,2574,1980,594,7287.664277777774,14,14,0,6,14,0,57249,0
8935.1,fzp,5.0,2573,1983,590,7290.416361111108,16,8,0,9,18,0,57273,0
8940.1,fzp,5.0,2566,1975,591,7293.164972222219,19,6,0,5,12,0,57298,0
8945.1,fzp,5.0,2566,1964,602,7295.900388888886,18,7,0,5,9,0,57323,0
8950.1,fzp,5.0,2576,1957,619,7298.623305555552,21,7,1,6,16,0,57351,0
8955.1,fzp,5.0,2579,1951,628,7301.337194444441,9,8,1,0,12,0,57368,0
8960.1,fzp,5.0,2583,1956,627,7304.050388888885,8,7,0,3,17,0,57383,0
8965.1,fzp,5.0,2581,1961,620,7306.770527777774,15,8,0,7,21,0,57406,0
8970.1,fzp,5.0,2583,1979,604,7309.506638888885,10,19,0,17,30,0,57435,0
8975.1,fzp,5.0,2587,1989,598,7312.262194444441,8,8,0,7,19,0,57451,0
8980.1,fzp,5.0,2598,1994,604,7315.028166666663,12,8,0,6,19,0,57471,0
8985.1,fzp,5.0,2601,1992,609,7317.796222222219,15,10,0,7,16,0,57496,0
8990.1,fzp,5.0,2609,1993,616,7320.56358333333,22,7,1,7,24,0,57525,0
8995.1,fzp,5.0,2603,1984,619,7323.325388888886,20,16,0,8,19,0,57561,0
9000.0,censored_hold_extrapolation,4.899999999999636,2603,1984,619,7326.02583333333,0,0,0,0,0,0,57561,0
