window_start_s,window_end_s,id,kind,road,connector,from_cell,to_cell,crossings,flow_vph,cumulative_crossings,snapshot_n_veh,excluded_connector_skip,source_first_appearances,source_reappearances,interval_inferred_crossings
0,30.1,RM_C10480,ramp,FW_W,10480,,8,0,0.0,0,0,0,0,0,0
0,30.1,RM_C10482,ramp,FW_W,10482,,10,0,0.0,0,0,0,0,0,0
0,30.1,RM_C10646,ramp,FW_W,10646,,18,0,0.0,0,0,0,0,0,0
0,30.1,RM_C10644,ramp,FW_W,10644,,22,0,0.0,0,0,0,0,0,0
0,30.1,RM_C10639,ramp,FW_E,10639,,10,0,0.0,0,0,0,0,0,0
0,30.1,RM_C10681,ramp,FW_E,10681,,12,0,0.0,0,0,0,0,0,0
0,30.1,RM_C10490,ramp,FW_E,10490,,21,0,0.0,0,0,0,0,0,0
0,30.1,RM_C10484,ramp,FW_E,10484,,23,0,0.0,0,0,0,0,0,0
0,30.1,OR_D_E_signal,offramp,FW_E,10481,18,,0,0.0,0,0,0,0,0,0
0,30.1,OR_D_E_direct,offramp,FW_E,10483,20,,0,0.0,0,0,0,0,0,0
0,30.1,OR_D_W_signal,offramp,FW_W,10491,9,,0,0.0,0,0,0,0,0,0
0,30.1,OR_D_W_direct,offramp,FW_W,10479,7,,0,0.0,0,0,0,0,0,0
0,30.1,OR_F_E_signal,offramp,FW_E,10643,9,,0,0.0,0,0,0,0,0,0
0,30.1,OR_F_E_direct,offramp,FW_E,10682,11,,0,0.0,0,0,0,0,0,0
0,30.1,OR_F_W_signal,offramp,FW_W,10638,19,,0,0.0,0,0,0,0,0,0
0,30.1,OR_F_W_direct,offramp,FW_W,10645,16,,0,0.0,0,0,0,0,0,0
0,30.1,source_1098,source,FW_E,,,0,45,5400.0,45,,0,45,0,0
0,30.1,source_1099,source,FW_W,,,0,59,7080.0,59,,0,59,0,0
30.1,60.1,RM_C10480,ramp,FW_W,10480,,8,0,0.0,0,0,0,0,0,0
30.1,60.1,RM_C10482,ramp,FW_W,10482,,10,0,0.0,0,0,0,0,0,0
30.1,60.1,RM_C10646,ramp,FW_W,10646,,18,0,0.0,0,0,0,0,0,0
30.1,60.1,RM_C10644,ramp,FW_W,10644,,22,0,0.0,0,0,0,0,0,0
30.1,60.1,RM_C10639,ramp,FW_E,10639,,10,0,0.0,0,0,0,0,0,0
30.1,60.1,RM_C10681,ramp,FW_E,10681,,12,0,0.0,0,0,0,0,0,0
30.1,60.1,RM_C10490,ramp,FW_E,10490,,21,0,0.0,0,0,0,0,0,0
30.1,60.1,RM_C10484,ramp,FW_E,10484,,23,0,0.0,0,0,0,0,0,0
30.1,60.1,OR_D_E_signal,offramp,FW_E,10481,18,,0,0.0,0,0,0,0,0,0
30.1,60.1,OR_D_E_direct,offramp,FW_E,10483,20,,0,0.0,0,0,0,0,0,0
30.1,60.1,OR_D_W_signal,offramp,FW_W,10491,9,,0,0.0,0,0,0,0,0,0
30.1,60.1,OR_D_W_direct,offramp,FW_W,10479,7,,0,0.0,0,0,0,0,0,0
30.1,60.1,OR_F_E_signal,offramp,FW_E,10643,9,,0,0.0,0,0,0,0,0,0
30.1,60.1,OR_F_E_direct,offramp,FW_E,10682,11,,0,0.0,0,0,0,0,0,0
30.1,60.1,OR_F_W_signal,offramp,FW_W,10638,19,,0,0.0,0,0,0,0,0,0
30.1,60.1,OR_F_W_direct,offramp,FW_W,10645,16,,0,0.0,0,0,0,0,0,0
30.1,60.1,source_1098,source,FW_E,,,0,40,4800.0,85,,0,40,0,0
30.1,60.1,source_1099,source,FW_W,,,0,57,6840.0,116,,0,57,0,0
60.099999999999994,90.1,RM_C10480,ramp,FW_W,10480,,8,0,0.0,0,0,0,0,0,0
60.099999999999994,90.1,RM_C10482,ramp,FW_W,10482,,10,0,0.0,0,2,0,0,0,0
60.099999999999994,90.1,RM_C10646,ramp,FW_W,10646,,18,0,0.0,0,0,0,0,0,0
60.099999999999994,90.1,RM_C10644,ramp,FW_W,10644,,22,0,0.0,0,0,0,0,0,0
60.099999999999994,90.1,RM_C10639,ramp,FW_E,10639,,10,0,0.0,0,0,0,0,0,0
60.099999999999994,90.1,RM_C10681,ramp,FW_E,10681,,12,0,0.0,0,0,0,0,0,0
60.099999999999994,90.1,RM_C10490,ramp,FW_E,10490,,21,0,0.0,0,0,0,0,0,0
60.099999999999994,90.1,RM_C10484,ramp,FW_E,10484,,23,0,0.0,0,0,0,0,0,0
60.099999999999994,90.1,OR_D_E_signal,offramp,FW_E,10481,18,,0,0.0,0,0,0,0,0,0
60.099999999999994,90.1,OR_D_E_direct,offramp,FW_E,10483,20,,0,0.0,0,0,0,0,0,0
60.099999999999994,90.1,OR_D_W_signal,offramp,FW_W,10491,9,,0,0.0,0,0,0,0,0,0
60.099999999999994,90.1,OR_D_W_direct,offramp,FW_W,10479,7,,0,0.0,0,0,0,0,0,0
60.099999999999994,90.1,OR_F_E_signal,offramp,FW_E,10643,9,,0,0.0,0,0,0,0,0,0
60.099999999999994,90.1,OR_F_E_direct,offramp,FW_E,10682,11,,0,0.0,0,0,0,0,0,0
60.099999999999994,90.1,OR_F_W_signal,offramp,FW_W,10638,19,,0,0.0,0,0,0,0,0,0
60.099999999999994,90.1,OR_F_W_direct,offramp,FW_W,10645,16,,0,0.0,0,0,0,0,0,0
60.099999999999994,90.1,source_1098,source,FW_E,,,0,67,8040.0,152,,0,67,0,0
60.099999999999994,90.1,source_1099,source,FW_W,,,0,51,6120.0,167,,0,51,0,0
90.1,120.1,RM_C10480,ramp,FW_W,10480,,8,0,0.0,0,0,0,0,0,0
90.1,120.1,RM_C10482,ramp,FW_W,10482,,10,0,0.0,0,10,0,0,0,0
90.1,120.1,RM_C10646,ramp,FW_W,10646,,18,0,0.0,0,0,0,0,0,0
90.1,120.1,RM_C10644,ramp,FW_W,10644,,22,0,0.0,0,0,0,0,0,0
90.1,120.1,RM_C10639,ramp,FW_E,10639,,10,0,0.0,0,0,0,0,0,0
90.1,120.1,RM_C10681,ramp,FW_E,10681,,12,0,0.0,0,0,0,0,0,0
90.1,120.1,RM_C10490,ramp,FW_E,10490,,21,0,0.0,0,0,0,0,0,0
90.1,120.1,RM_C10484,ramp,FW_E,10484,,23,0,0.0,0,1,0,0,0,0
90.1,120.1,OR_D_E_signal,offramp,FW_E,10481,18,,0,0.0,0,0,0,0,0,0
90.1,120.1,OR_D_E_direct,offramp,FW_E,10483,20,,0,0.0,0,0,0,0,0,0
90.1,120.1,OR_D_W_signal,offramp,FW_W,10491,9,,0,0.0,0,0,0,0,0,0
90.1,120.1,OR_D_W_direct,offramp,FW_W,10479,7,,2,240.0,2,2,0,0,0,0
90.1,120.1,OR_F_E_signal,offramp,FW_E,10643,9,,0,0.0,0,0,0,0,0,0
90.1,120.1,OR_F_E_direct,offramp,FW_E,10682,11,,0,0.0,0,0,0,0,0,0
90.1,120.1,OR_F_W_signal,offramp,FW_W,10638,19,,0,0.0,0,0,0,0,0,0
90.1,120.1,OR_F_W_direct,offramp,FW_W,10645,16,,0,0.0,0,0,0,0,0,0
90.1,120.1,source_1098,source,FW_E,,,0,63,7560.0,215,,0,63,0,0
90.1,120.1,source_1099,source,FW_W,,,0,47,5640.0,214,,0,47,0,0
120.1,150.1,RM_C10480,ramp,FW_W,10480,,8,0,0.0,0,0,0,0,0,0
120.1,150.1,RM_C10482,ramp,FW_W,10482,,10,8,960.0,8,10,0,0,0,0
120.1,150.1,RM_C10646,ramp,FW_W,10646,,18,0,0.0,0,0,0,0,0,0
120.1,150.1,RM_C10644,ramp,FW_W,10644,,22,0,0.0,0,0,0,0,0,0
120.1,150.1,RM_C10639,ramp,FW_E,10639,,10,0,0.0,0,0,0,0,0,0
120.1,150.1,RM_C10681,ramp,FW_E,10681,,12,0,0.0,0,0,0,0,0,0
120.1,150.1,RM_C10490,ramp,FW_E,10490,,21,1,120.0,1,5,0,0,0,0
120.1,150.1,RM_C10484,ramp,FW_E,10484,,23,1,120.0,1,0,0,0,0,0
120.1,150.1,OR_D_E_signal,offramp,FW_E,10481,18,,0,0.0,0,0,0,0,0,0
120.1,150.1,OR_D_E_direct,offramp,FW_E,10483,20,,0,0.0,0,0,0,0,0,0
120.1,150.1,OR_D_W_signal,offramp,FW_W,10491,9,,3,360.0,3,2,0,0,0,0
120.1,150.1,OR_D_W_direct,offramp,FW_W,10479,7,,7,840.0,9,2,0,0,0,0
120.1,150.1,OR_F_E_signal,offramp,FW_E,10643,9,,2,240.0,2,1,0,0,0,0
120.1,150.1,OR_F_E_direct,offramp,FW_E,10682,11,,2,240.0,2,2,0,0,0,0
120.1,150.1,OR_F_W_signal,offramp,FW_W,10638,19,,0,0.0,0,0,0,0,0,0
120.1,150.1,OR_F_W_direct,offramp,FW_W,10645,16,,0,0.0,0,0,0,0,0,0
120.1,150.1,source_1098,source,FW_E,,,0,54,6480.0,269,,0,54,0,0
120.1,150.1,source_1099,source,FW_W,,,0,55,6600.0,269,,0,55,0,0
150.1,180.1,RM_C10480,ramp,FW_W,10480,,8,0,0.0,0,0,0,0,0,0
150.1,180.1,RM_C10482,ramp,FW_W,10482,,10,6,720.0,14,18,0,0,0,0
150.1,180.1,RM_C10646,ramp,FW_W,10646,,18,0,0.0,0,0,0,0,0,0
150.1,180.1,RM_C10644,ramp,FW_W,10644,,22,0,0.0,0,0,0,0,0,0
150.1,180.1,RM_C10639,ramp,FW_E,10639,,10,0,0.0,0,1,0,0,0,0
150.1,180.1,RM_C10681,ramp,FW_E,10681,,12,0,0.0,0,0,0,0,0,0
150.1,180.1,RM_C10490,ramp,FW_E,10490,,21,5,600.0,6,2,0,0,0,0
150.1,180.1,RM_C10484,ramp,FW_E,10484,,23,0,0.0,1,0,0,0,0,0
150.1,180.1,OR_D_E_signal,offramp,FW_E,10481,18,,0,0.0,0,0,0,0,0,0
150.1,180.1,OR_D_E_direct,offramp,FW_E,10483,20,,0,0.0,0,0,0,0,0,0
150.1,180.1,OR_D_W_signal,offramp,FW_W,10491,9,,4,480.0,7,1,0,0,0,0
150.1,180.1,OR_D_W_direct,offramp,FW_W,10479,7,,2,240.0,11,1,0,0,0,0
150.1,180.1,OR_F_E_signal,offramp,FW_E,10643,9,,0,0.0,2,0,0,0,0,0
150.1,180.1,OR_F_E_direct,offramp,FW_E,10682,11,,1,120.0,3,0,0,0,0,0
150.1,180.1,OR_F_W_signal,offramp,FW_W,10638,19,,0,0.0,0,0,0,0,0,0
150.1,180.1,OR_F_W_direct,offramp,FW_W,10645,16,,0,0.0,0,0,0,0,0,0
150.1,180.1,source_1098,source,FW_E,,,0,49,5880.0,318,,0,49,0,0
150.1,180.1,source_1099,source,FW_W,,,0,35,4200.0,304,,0,35,0,0
180.1,210.1,RM_C10480,ramp,FW_W,10480,,8,0,0.0,0,0,0,0,0,0
180.1,210.1,RM_C10482,ramp,FW_W,10482,,10,9,1080.0,23,35,0,0,0,0
180.1,210.1,RM_C10646,ramp,FW_W,10646,,18,0,0.0,0,0,0,0,0,0
180.1,210.1,RM_C10644,ramp,FW_W,10644,,22,0,0.0,0,1,0,0,0,0
180.1,210.1,RM_C10639,ramp,FW_E,10639,,10,1,120.0,1,0,0,0,0,0
180.1,210.1,RM_C10681,ramp,FW_E,10681,,12,0,0.0,0,0,0,0,0,0
180.1,210.1,RM_C10490,ramp,FW_E,10490,,21,0,0.0,6,5,0,0,0,0
180.1,210.1,RM_C10484,ramp,FW_E,10484,,23,0,0.0,1,5,0,0,0,0
180.1,210.1,OR_D_E_signal,offramp,FW_E,10481,18,,0,0.0,0,0,0,0,0,0
180.1,210.1,OR_D_E_direct,offramp,FW_E,10483,20,,0,0.0,0,0,0,0,0,0
180.1,210.1,OR_D_W_signal,offramp,FW_W,10491,9,,7,840.0,14,3,0,0,0,0
180.1,210.1,OR_D_W_direct,offramp,FW_W,10479,7,,9,1080.0,20,4,0,0,0,0
180.1,210.1,OR_F_E_signal,offramp,FW_E,10643,9,,4,480.0,6,2,0,0,0,0
180.1,210.1,OR_F_E_direct,offramp,FW_E,10682,11,,0,0.0,3,0,0,0,0,0
180.1,210.1,OR_F_W_signal,offramp,FW_W,10638,19,,0,0.0,0,0,0,0,0,0
180.1,210.1,OR_F_W_direct,offramp,FW_W,10645,16,,5,600.0,5,2,0,0,0,0
180.1,210.1,source_1098,source,FW_E,,,0,61,7320.0,379,,0,61,0,0
180.1,210.1,source_1099,source,FW_W,,,0,39,4680.0,343,,0,39,0,0
210.1,240.1,RM_C10480,ramp,FW_W,10480,,8,0,0.0,0,0,0,0,0,0
210.1,240.1,RM_C10482,ramp,FW_W,10482,,10,22,2640.0,45,26,0,0,0,0
210.1,240.1,RM_C10646,ramp,FW_W,10646,,18,0,0.0,0,0,0,0,0,0
210.1,240.1,RM_C10644,ramp,FW_W,10644,,22,0,0.0,0,2,0,0,0,0
210.1,240.1,RM_C10639,ramp,FW_E,10639,,10,0,0.0,1,5,0,0,0,0
210.1,240.1,RM_C10681,ramp,FW_E,10681,,12,0,0.0,0,0,0,0,0,0
210.1,240.1,RM_C10490,ramp,FW_E,10490,,21,5,600.0,11,3,0,0,0,0
210.1,240.1,RM_C10484,ramp,FW_E,10484,,23,2,240.0,3,5,0,0,0,0
210.1,240.1,OR_D_E_signal,offramp,FW_E,10481,18,,3,360.0,3,1,0,0,0,0
210.1,240.1,OR_D_E_direct,offramp,FW_E,10483,20,,0,0.0,0,0,0,0,0,0
210.1,240.1,OR_D_W_signal,offramp,FW_W,10491,9,,8,960.0,22,3,0,0,0,0
210.1,240.1,OR_D_W_direct,offramp,FW_W,10479,7,,3,360.0,23,0,0,0,0,0
210.1,240.1,OR_F_E_signal,offramp,FW_E,10643,9,,5,600.0,11,4,0,0,0,0
210.1,240.1,OR_F_E_direct,offramp,FW_E,10682,11,,9,1080.0,12,2,0,0,0,0
210.1,240.1,OR_F_W_signal,offramp,FW_W,10638,19,,1,120.0,1,0,0,0,0,0
210.1,240.1,OR_F_W_direct,offramp,FW_W,10645,16,,1,120.0,6,0,0,0,0,0
210.1,240.1,source_1098,source,FW_E,,,0,73,8760.0,452,,0,73,0,0
210.1,240.1,source_1099,source,FW_W,,,0,43,5160.0,386,,0,43,0,0
240.10000000000002,270.1,RM_C10480,ramp,FW_W,10480,,8,0,0.0,0,1,0,0,0,0
240.10000000000002,270.1,RM_C10482,ramp,FW_W,10482,,10,21,2520.0,66,18,0,0,0,0
240.10000000000002,270.1,RM_C10646,ramp,FW_W,10646,,18,1,120.0,1,1,0,0,0,0
240.10000000000002,270.1,RM_C10644,ramp,FW_W,10644,,22,1,120.0,1,3,0,0,0,0
240.10000000000002,270.1,RM_C10639,ramp,FW_E,10639,,10,5,600.0,6,4,0,0,0,0
240.10000000000002,270.1,RM_C10681,ramp,FW_E,10681,,12,2,240.0,2,0,0,0,0,0
240.10000000000002,270.1,RM_C10490,ramp,FW_E,10490,,21,4,480.0,15,5,0,0,0,0
240.10000000000002,270.1,RM_C10484,ramp,FW_E,10484,,23,5,600.0,8,0,0,0,0,0
240.10000000000002,270.1,OR_D_E_signal,offramp,FW_E,10481,18,,2,240.0,5,0,0,0,0,0
240.10000000000002,270.1,OR_D_E_direct,offramp,FW_E,10483,20,,0,0.0,0,0,0,0,0,0
240.10000000000002,270.1,OR_D_W_signal,offramp,FW_W,10491,9,,13,1560.0,35,4,0,0,0,0
240.10000000000002,270.1,OR_D_W_direct,offramp,FW_W,10479,7,,5,600.0,28,1,0,0,0,0
240.10000000000002,270.1,OR_F_E_signal,offramp,FW_E,10643,9,,10,1200.0,21,3,0,0,0,0
240.10000000000002,270.1,OR_F_E_direct,offramp,FW_E,10682,11,,9,1080.0,21,4,0,0,0,0
240.10000000000002,270.1,OR_F_W_signal,offramp,FW_W,10638,19,,2,240.0,3,0,0,0,0,0
240.10000000000002,270.1,OR_F_W_direct,offramp,FW_W,10645,16,,6,720.0,12,1,0,0,0,0
240.10000000000002,270.1,source_1098,source,FW_E,,,0,51,6120.0,503,,0,51,0,0
240.10000000000002,270.1,source_1099,source,FW_W,,,0,45,5400.0,431,,0,45,0,0
270.1,300.1,RM_C10480,ramp,FW_W,10480,,8,1,120.0,1,0,0,0,0,0
270.1,300.1,RM_C10482,ramp,FW_W,10482,,10,13,1560.0,79,16,0,0,0,0
270.1,300.1,RM_C10646,ramp,FW_W,10646,,18,0,0.0,1,1,0,0,0,0
270.1,300.1,RM_C10644,ramp,FW_W,10644,,22,0,0.0,1,4,0,0,0,0
270.1,300.1,RM_C10639,ramp,FW_E,10639,,10,4,480.0,10,2,0,0,0,0
270.1,300.1,RM_C10681,ramp,FW_E,10681,,12,0,0.0,2,0,0,0,0,0
270.1,300.1,RM_C10490,ramp,FW_E,10490,,21,5,600.0,20,4,0,0,0,0
270.1,300.1,RM_C10484,ramp,FW_E,10484,,23,0,0.0,8,3,0,0,0,0
270.1,300.1,OR_D_E_signal,offramp,FW_E,10481,18,,0,0.0,5,0,0,0,0,0
270.1,300.1,OR_D_E_direct,offramp,FW_E,10483,20,,5,600.0,5,5,0,0,0,0
270.1,300.1,OR_D_W_signal,offramp,FW_W,10491,9,,5,600.0,40,1,0,0,0,0
270.1,300.1,OR_D_W_direct,offramp,FW_W,10479,7,,5,600.0,33,2,0,0,0,0
270.1,300.1,OR_F_E_signal,offramp,FW_E,10643,9,,3,360.0,24,3,0,0,0,0
270.1,300.1,OR_F_E_direct,offramp,FW_E,10682,11,,0,0.0,21,0,0,0,0,0
270.1,300.1,OR_F_W_signal,offramp,FW_W,10638,19,,2,240.0,5,0,0,0,0,0
270.1,300.1,OR_F_W_direct,offramp,FW_W,10645,16,,5,600.0,17,2,0,0,0,0
270.1,300.1,source_1098,source,FW_E,,,0,54,6480.0,557,,0,54,0,0
270.1,300.1,source_1099,source,FW_W,,,0,55,6600.0,486,,0,55,0,0
300.1,330.1,RM_C10480,ramp,FW_W,10480,,8,0,0.0,1,0,0,0,0,0
300.1,330.1,RM_C10482,ramp,FW_W,10482,,10,12,1440.0,91,26,0,0,0,0
300.1,330.1,RM_C10646,ramp,FW_W,10646,,18,0,0.0,1,0,0,0,0,0
300.1,330.1,RM_C10644,ramp,FW_W,10644,,22,1,120.0,2,8,0,0,0,0
300.1,330.1,RM_C10639,ramp,FW_E,10639,,10,2,240.0,12,0,0,0,0,0
300.1,330.1,RM_C10681,ramp,FW_E,10681,,12,0,0.0,2,0,0,0,0,0
300.1,330.1,RM_C10490,ramp,FW_E,10490,,21,4,480.0,24,2,0,0,0,0
300.1,330.1,RM_C10484,ramp,FW_E,10484,,23,2,240.0,10,1,0,0,0,0
300.1,330.1,OR_D_E_signal,offramp,FW_E,10481,18,,3,360.0,8,2,0,0,0,0
300.1,330.1,OR_D_E_direct,offramp,FW_E,10483,20,,4,480.0,9,4,0,0,0,0
300.1,330.1,OR_D_W_signal,offramp,FW_W,10491,9,,4,480.0,44,0,0,0,0,0
300.1,330.1,OR_D_W_direct,offramp,FW_W,10479,7,,1,120.0,34,0,0,0,0,0
300.1,330.1,OR_F_E_signal,offramp,FW_E,10643,9,,2,240.0,26,0,0,0,0,0
300.1,330.1,OR_F_E_direct,offramp,FW_E,10682,11,,13,1560.0,34,0,0,0,0,0
300.1,330.1,OR_F_W_signal,offramp,FW_W,10638,19,,5,600.0,10,2,0,0,0,0
300.1,330.1,OR_F_W_direct,offramp,FW_W,10645,16,,14,1680.0,31,4,0,0,0,0
300.1,330.1,source_1098,source,FW_E,,,0,53,6360.0,610,,0,53,0,0
300.1,330.1,source_1099,source,FW_W,,,0,45,5400.0,531,,0,45,0,0
330.1,360.1,RM_C10480,ramp,FW_W,10480,,8,0,0.0,1,0,0,0,0,0
330.1,360.1,RM_C10482,ramp,FW_W,10482,,10,14,1680.0,105,20,0,0,0,0
330.1,360.1,RM_C10646,ramp,FW_W,10646,,18,0,0.0,1,0,0,0,0,0
330.1,360.1,RM_C10644,ramp,FW_W,10644,,22,2,240.0,4,12,0,0,0,0
330.1,360.1,RM_C10639,ramp,FW_E,10639,,10,0,0.0,12,4,0,0,0,0
330.1,360.1,RM_C10681,ramp,FW_E,10681,,12,0,0.0,2,0,0,0,0,0
330.1,360.1,RM_C10490,ramp,FW_E,10490,,21,2,240.0,26,9,0,0,0,0
330.1,360.1,RM_C10484,ramp,FW_E,10484,,23,1,120.0,11,3,0,0,0,0
330.1,360.1,OR_D_E_signal,offramp,FW_E,10481,18,,0,0.0,8,0,0,0,0,0
330.1,360.1,OR_D_E_direct,offramp,FW_E,10483,20,,9,1080.0,18,5,0,0,0,0
330.1,360.1,OR_D_W_signal,offramp,FW_W,10491,9,,8,960.0,52,4,0,0,0,0
330.1,360.1,OR_D_W_direct,offramp,FW_W,10479,7,,7,840.0,41,2,0,0,0,0
330.1,360.1,OR_F_E_signal,offramp,FW_E,10643,9,,5,600.0,31,0,0,0,0,0
330.1,360.1,OR_F_E_direct,offramp,FW_E,10682,11,,9,1080.0,43,3,0,0,0,0
330.1,360.1,OR_F_W_signal,offramp,FW_W,10638,19,,4,480.0,14,2,0,0,0,0
330.1,360.1,OR_F_W_direct,offramp,FW_W,10645,16,,7,840.0,38,1,0,0,0,0
330.1,360.1,source_1098,source,FW_E,,,0,61,7320.0,671,,0,61,0,0
330.1,360.1,source_1099,source,FW_W,,,0,46,5520.0,577,,0,46,0,0
360.1,390.1,RM_C10480,ramp,FW_W,10480,,8,0,0.0,1,0,0,0,0,0
360.1,390.1,RM_C10482,ramp,FW_W,10482,,10,18,2160.0,123,27,0,0,0,0
360.1,390.1,RM_C10646,ramp,FW_W,10646,,18,0,0.0,1,1,0,0,0,0
360.1,390.1,RM_C10644,ramp,FW_W,10644,,22,0,0.0,4,16,0,0,0,0
360.1,390.1,RM_C10639,ramp,FW_E,10639,,10,4,480.0,16,4,0,0,0,0
360.1,390.1,RM_C10681,ramp,FW_E,10681,,12,0,0.0,2,9,0,0,0,0
360.1,390.1,RM_C10490,ramp,FW_E,10490,,21,9,1080.0,35,6,0,0,0,0
360.1,390.1,RM_C10484,ramp,FW_E,10484,,23,1,120.0,12,8,0,0,0,0
360.1,390.1,OR_D_E_signal,offramp,FW_E,10481,18,,1,120.0,9,0,0,0,0,0
360.1,390.1,OR_D_E_direct,offramp,FW_E,10483,20,,7,840.0,25,5,0,0,0,0
360.1,390.1,OR_D_W_signal,offramp,FW_W,10491,9,,5,600.0,57,3,0,0,0,0
360.1,390.1,OR_D_W_direct,offramp,FW_W,10479,7,,11,1320.0,52,5,0,0,0,0
360.1,390.1,OR_F_E_signal,offramp,FW_E,10643,9,,5,600.0,36,2,0,0,0,0
360.1,390.1,OR_F_E_direct,offramp,FW_E,10682,11,,18,2160.0,61,8,0,0,0,0
360.1,390.1,OR_F_W_signal,offramp,FW_W,10638,19,,0,0.0,14,0,0,0,0,0
360.1,390.1,OR_F_W_direct,offramp,FW_W,10645,16,,11,1320.0,49,4,0,0,0,0
360.1,390.1,source_1098,source,FW_E,,,0,75,9000.0,746,,0,75,0,0
360.1,390.1,source_1099,source,FW_W,,,0,42,5040.0,619,,0,42,0,0
390.1,420.1,RM_C10480,ramp,FW_W,10480,,8,0,0.0,1,2,0,0,0,0
390.1,420.1,RM_C10482,ramp,FW_W,10482,,10,10,1200.0,133,37,0,0,0,0
390.1,420.1,RM_C10646,ramp,FW_W,10646,,18,0,0.0,1,10,0,0,0,0
390.1,420.1,RM_C10644,ramp,FW_W,10644,,22,6,720.0,10,11,0,0,0,0
390.1,420.1,RM_C10639,ramp,FW_E,10639,,10,4,480.0,20,4,0,0,0,0
390.1,420.1,RM_C10681,ramp,FW_E,10681,,12,9,1080.0,11,10,0,0,0,0
390.1,420.1,RM_C10490,ramp,FW_E,10490,,21,6,720.0,41,4,0,0,0,0
390.1,420.1,RM_C10484,ramp,FW_E,10484,,23,6,720.0,18,2,0,0,0,0
390.1,420.1,OR_D_E_signal,offramp,FW_E,10481,18,,0,0.0,9,0,0,0,0,0
390.1,420.1,OR_D_E_direct,offramp,FW_E,10483,20,,4,480.0,29,1,0,0,0,0
390.1,420.1,OR_D_W_signal,offramp,FW_W,10491,9,,6,720.0,63,4,0,0,0,0
390.1,420.1,OR_D_W_direct,offramp,FW_W,10479,7,,3,360.0,55,1,0,0,0,0
390.1,420.1,OR_F_E_signal,offramp,FW_E,10643,9,,2,240.0,38,1,0,0,0,0
390.1,420.1,OR_F_E_direct,offramp,FW_E,10682,11,,12,1440.0,73,7,0,0,0,0
390.1,420.1,OR_F_W_signal,offramp,FW_W,10638,19,,2,240.0,16,0,0,0,0,0
390.1,420.1,OR_F_W_direct,offramp,FW_W,10645,16,,1,120.0,50,1,0,0,0,0
390.1,420.1,source_1098,source,FW_E,,,0,50,6000.0,796,,0,50,0,0
390.1,420.1,source_1099,source,FW_W,,,0,42,5040.0,661,,0,42,0,0
420.1,450.1,RM_C10480,ramp,FW_W,10480,,8,1,120.0,2,0,0,0,0,0
420.1,450.1,RM_C10482,ramp,FW_W,10482,,10,30,3600.0,163,19,0,0,0,0
420.1,450.1,RM_C10646,ramp,FW_W,10646,,18,6,720.0,7,0,0,0,0,0
420.1,450.1,RM_C10644,ramp,FW_W,10644,,22,7,840.0,17,6,0,0,0,0
420.1,450.1,RM_C10639,ramp,FW_E,10639,,10,4,480.0,24,1,0,0,0,0
420.1,450.1,RM_C10681,ramp,FW_E,10681,,12,9,1080.0,20,3,0,0,0,0
420.1,450.1,RM_C10490,ramp,FW_E,10490,,21,4,480.0,45,6,0,0,0,0
420.1,450.1,RM_C10484,ramp,FW_E,10484,,23,2,240.0,20,3,0,0,0,0
420.1,450.1,OR_D_E_signal,offramp,FW_E,10481,18,,0,0.0,9,0,0,0,0,0
420.1,450.1,OR_D_E_direct,offramp,FW_E,10483,20,,10,1200.0,39,4,0,0,0,0
420.1,450.1,OR_D_W_signal,offramp,FW_W,10491,9,,3,360.0,66,1,0,0,0,0
420.1,450.1,OR_D_W_direct,offramp,FW_W,10479,7,,7,840.0,62,2,0,0,0,0
420.1,450.1,OR_F_E_signal,offramp,FW_E,10643,9,,6,720.0,44,2,0,0,0,0
420.1,450.1,OR_F_E_direct,offramp,FW_E,10682,11,,14,1680.0,87,7,0,0,0,0
420.1,450.1,OR_F_W_signal,offramp,FW_W,10638,19,,7,840.0,23,7,0,0,0,0
420.1,450.1,OR_F_W_direct,offramp,FW_W,10645,16,,5,600.0,55,0,0,0,0,0
420.1,450.1,source_1098,source,FW_E,,,0,48,5760.0,844,,0,48,0,0
420.1,450.1,source_1099,source,FW_W,,,0,55,6600.0,716,,0,55,0,0
450.1,480.1,RM_C10480,ramp,FW_W,10480,,8,0,0.0,2,0,0,0,0,0
450.1,480.1,RM_C10482,ramp,FW_W,10482,,10,14,1680.0,177,19,0,0,0,0
450.1,480.1,RM_C10646,ramp,FW_W,10646,,18,0,0.0,7,0,0,0,0,0
450.1,480.1,RM_C10644,ramp,FW_W,10644,,22,3,360.0,20,5,0,0,0,0
450.1,480.1,RM_C10639,ramp,FW_E,10639,,10,0,0.0,24,9,0,0,0,0
450.1,480.1,RM_C10681,ramp,FW_E,10681,,12,3,360.0,23,0,0,0,0,0
450.1,480.1,RM_C10490,ramp,FW_E,10490,,21,6,720.0,51,5,0,0,0,0
450.1,480.1,RM_C10484,ramp,FW_E,10484,,23,2,240.0,22,3,0,0,0,0
450.1,480.1,OR_D_E_signal,offramp,FW_E,10481,18,,0,0.0,9,0,0,0,0,0
450.1,480.1,OR_D_E_direct,offramp,FW_E,10483,20,,8,960.0,47,1,0,0,0,0
450.1,480.1,OR_D_W_signal,offramp,FW_W,10491,9,,3,360.0,69,1,0,0,0,0
450.1,480.1,OR_D_W_direct,offramp,FW_W,10479,7,,8,960.0,70,2,0,0,0,0
450.1,480.1,OR_F_E_signal,offramp,FW_E,10643,9,,4,480.0,48,1,0,0,0,0
450.1,480.1,OR_F_E_direct,offramp,FW_E,10682,11,,1,120.0,88,0,0,0,0,0
450.1,480.1,OR_F_W_signal,offramp,FW_W,10638,19,,2,240.0,25,0,0,0,0,0
450.1,480.1,OR_F_W_direct,offramp,FW_W,10645,16,,21,2520.0,76,7,0,0,0,0
450.1,480.1,source_1098,source,FW_E,,,0,52,6240.0,896,,0,52,0,0
450.1,480.1,source_1099,source,FW_W,,,0,51,6120.0,767,,0,51,0,0
480.1,510.1,RM_C10480,ramp,FW_W,10480,,8,0,0.0,2,0,0,0,0,0
480.1,510.1,RM_C10482,ramp,FW_W,10482,,10,13,1560.0,190,17,0,0,0,0
480.1,510.1,RM_C10646,ramp,FW_W,10646,,18,0,0.0,7,0,0,0,0,0
480.1,510.1,RM_C10644,ramp,FW_W,10644,,22,1,120.0,21,5,0,0,0,0
480.1,510.1,RM_C10639,ramp,FW_E,10639,,10,9,1080.0,33,6,0,0,0,0
480.1,510.1,RM_C10681,ramp,FW_E,10681,,12,0,0.0,23,0,0,0,0,0
480.1,510.1,RM_C10490,ramp,FW_E,10490,,21,5,600.0,56,3,0,0,0,0
480.1,510.1,RM_C10484,ramp,FW_E,10484,,23,2,240.0,24,4,0,0,0,0
480.1,510.1,OR_D_E_signal,offramp,FW_E,10481,18,,0,0.0,9,0,0,0,0,0
480.1,510.1,OR_D_E_direct,offramp,FW_E,10483,20,,6,720.0,53,0,0,0,0,0
480.1,510.1,OR_D_W_signal,offramp,FW_W,10491,9,,7,840.0,76,3,0,0,0,0
480.1,510.1,OR_D_W_direct,offramp,FW_W,10479,7,,6,720.0,76,1,0,0,0,0
480.1,510.1,OR_F_E_signal,offramp,FW_E,10643,9,,3,360.0,51,1,0,0,0,0
480.1,510.1,OR_F_E_direct,offramp,FW_E,10682,11,,21,2520.0,109,6,0,0,0,0
480.1,510.1,OR_F_W_signal,offramp,FW_W,10638,19,,7,840.0,32,3,0,0,0,0
480.1,510.1,OR_F_W_direct,offramp,FW_W,10645,16,,12,1440.0,88,9,0,0,0,0
480.1,510.1,source_1098,source,FW_E,,,0,57,6840.0,953,,0,57,0,0
480.1,510.1,source_1099,source,FW_W,,,0,28,3360.0,795,,0,28,0,0
510.1,540.1,RM_C10480,ramp,FW_W,10480,,8,0,0.0,2,0,0,0,0,0
510.1,540.1,RM_C10482,ramp,FW_W,10482,,10,12,1440.0,202,25,0,0,0,0
510.1,540.1,RM_C10646,ramp,FW_W,10646,,18,0,0.0,7,2,0,0,0,0
510.1,540.1,RM_C10644,ramp,FW_W,10644,,22,4,480.0,25,10,0,0,0,0
510.1,540.1,RM_C10639,ramp,FW_E,10639,,10,6,720.0,39,0,0,0,0,0
510.1,540.1,RM_C10681,ramp,FW_E,10681,,12,0,0.0,23,8,0,0,0,0
510.1,540.1,RM_C10490,ramp,FW_E,10490,,21,3,360.0,59,3,0,0,0,0
510.1,540.1,RM_C10484,ramp,FW_E,10484,,23,1,120.0,25,8,0,0,0,0
510.1,540.1,OR_D_E_signal,offramp,FW_E,10481,18,,2,240.0,11,0,0,0,0,0
510.1,540.1,OR_D_E_direct,offramp,FW_E,10483,20,,2,240.0,55,0,0,0,0,0
510.1,540.1,OR_D_W_signal,offramp,FW_W,10491,9,,11,1320.0,87,2,0,0,0,0
510.1,540.1,OR_D_W_direct,offramp,FW_W,10479,7,,5,600.0,81,1,0,0,0,0
510.1,540.1,OR_F_E_signal,offramp,FW_E,10643,9,,7,840.0,58,1,0,0,0,0
510.1,540.1,OR_F_E_direct,offramp,FW_E,10682,11,,9,1080.0,118,2,0,0,0,0
510.1,540.1,OR_F_W_signal,offramp,FW_W,10638,19,,2,240.0,34,0,0,0,0,0
510.1,540.1,OR_F_W_direct,offramp,FW_W,10645,16,,14,1680.0,102,8,0,0,0,0
510.1,540.1,source_1098,source,FW_E,,,0,58,6960.0,1011,,0,58,0,0
510.1,540.1,source_1099,source,FW_W,,,0,32,3840.0,827,,0,32,0,0
540.1,570.1,RM_C10480,ramp,FW_W,10480,,8,0,0.0,2,0,0,0,0,0
540.1,570.1,RM_C10482,ramp,FW_W,10482,,10,13,1560.0,215,27,0,0,0,0
540.1,570.1,RM_C10646,ramp,FW_W,10646,,18,2,240.0,9,4,0,0,0,0
540.1,570.1,RM_C10644,ramp,FW_W,10644,,22,0,0.0,25,15,0,0,0,0
540.1,570.1,RM_C10639,ramp,FW_E,10639,,10,0,0.0,39,6,0,0,0,0
540.1,570.1,RM_C10681,ramp,FW_E,10681,,12,10,1200.0,33,15,0,0,0,0
540.1,570.1,RM_C10490,ramp,FW_E,10490,,21,3,360.0,62,4,0,0,0,0
540.1,570.1,RM_C10484,ramp,FW_E,10484,,23,7,840.0,32,1,0,0,0,0
540.1,570.1,OR_D_E_signal,offramp,FW_E,10481,18,,2,240.0,13,1,0,0,0,0
540.1,570.1,OR_D_E_direct,offramp,FW_E,10483,20,,3,360.0,58,2,0,0,0,0
540.1,570.1,OR_D_W_signal,offramp,FW_W,10491,9,,8,960.0,95,2,0,0,0,0
540.1,570.1,OR_D_W_direct,offramp,FW_W,10479,7,,5,600.0,86,1,0,0,0,0
540.1,570.1,OR_F_E_signal,offramp,FW_E,10643,9,,3,360.0,61,2,0,0,0,0
540.1,570.1,OR_F_E_direct,offramp,FW_E,10682,11,,7,840.0,125,5,0,0,0,0
540.1,570.1,OR_F_W_signal,offramp,FW_W,10638,19,,4,480.0,38,3,0,0,0,0
540.1,570.1,OR_F_W_direct,offramp,FW_W,10645,16,,5,600.0,107,1,0,0,0,0
540.1,570.1,source_1098,source,FW_E,,,0,52,6240.0,1063,,0,52,0,0
540.1,570.1,source_1099,source,FW_W,,,0,40,4800.0,867,,0,40,0,0
570.1,600.1,RM_C10480,ramp,FW_W,10480,,8,0,0.0,2,0,0,0,0,0
570.1,600.1,RM_C10482,ramp,FW_W,10482,,10,21,2520.0,236,12,0,0,0,0
570.1,600.1,RM_C10646,ramp,FW_W,10646,,18,2,240.0,11,5,0,0,0,0
570.1,600.1,RM_C10644,ramp,FW_W,10644,,22,0,0.0,25,18,0,0,0,0
570.1,600.1,RM_C10639,ramp,FW_E,10639,,10,1,120.0,40,8,0,0,0,0
570.1,600.1,RM_C10681,ramp,FW_E,10681,,12,6,720.0,39,10,0,0,0,0
570.1,600.1,RM_C10490,ramp,FW_E,10490,,21,4,480.0,66,4,0,0,0,0
570.1,600.1,RM_C10484,ramp,FW_E,10484,,23,1,120.0,33,1,0,0,0,0
570.1,600.1,OR_D_E_signal,offramp,FW_E,10481,18,,3,360.0,16,0,0,0,0,0
570.1,600.1,OR_D_E_direct,offramp,FW_E,10483,20,,10,1200.0,68,0,0,0,0,0
570.1,600.1,OR_D_W_signal,offramp,FW_W,10491,9,,5,600.0,100,2,0,0,0,0
570.1,600.1,OR_D_W_direct,offramp,FW_W,10479,7,,6,720.0,92,4,0,0,0,0
570.1,600.1,OR_F_E_signal,offramp,FW_E,10643,9,,8,960.0,69,1,0,0,0,0
570.1,600.1,OR_F_E_direct,offramp,FW_E,10682,11,,9,1080.0,134,3,0,0,0,0
570.1,600.1,OR_F_W_signal,offramp,FW_W,10638,19,,4,480.0,42,1,0,0,0,0
570.1,600.1,OR_F_W_direct,offramp,FW_W,10645,16,,6,720.0,113,1,0,0,0,0
570.1,600.1,source_1098,source,FW_E,,,0,66,7920.0,1129,,0,66,0,0
570.1,600.1,source_1099,source,FW_W,,,0,38,4560.0,905,,0,38,0,0
600.1,630.1,RM_C10480,ramp,FW_W,10480,,8,1,120.0,3,0,0,0,0,0
600.1,630.1,RM_C10482,ramp,FW_W,10482,,10,11,1320.0,247,18,0,0,0,0
600.1,630.1,RM_C10646,ramp,FW_W,10646,,18,3,360.0,14,0,0,0,0,0
600.1,630.1,RM_C10644,ramp,FW_W,10644,,22,14,1680.0,39,9,0,0,0,0
600.1,630.1,RM_C10639,ramp,FW_E,10639,,10,8,960.0,48,5,0,0,0,0
600.1,630.1,RM_C10681,ramp,FW_E,10681,,12,7,840.0,46,4,0,0,0,0
600.1,630.1,RM_C10490,ramp,FW_E,10490,,21,3,360.0,69,4,0,0,0,0
600.1,630.1,RM_C10484,ramp,FW_E,10484,,23,1,120.0,34,2,0,0,0,0
600.1,630.1,OR_D_E_signal,offramp,FW_E,10481,18,,2,240.0,18,0,0,0,0,0
600.1,630.1,OR_D_E_direct,offramp,FW_E,10483,20,,9,1080.0,77,1,0,0,0,0
600.1,630.1,OR_D_W_signal,offramp,FW_W,10491,9,,9,1080.0,109,6,0,0,0,0
600.1,630.1,OR_D_W_direct,offramp,FW_W,10479,7,,4,480.0,96,0,0,0,0,0
600.1,630.1,OR_F_E_signal,offramp,FW_E,10643,9,,3,360.0,72,1,0,0,0,0
600.1,630.1,OR_F_E_direct,offramp,FW_E,10682,11,,10,1200.0,144,6,0,0,0,0
600.1,630.1,OR_F_W_signal,offramp,FW_W,10638,19,,5,600.0,47,0,0,0,0,0
600.1,630.1,OR_F_W_direct,offramp,FW_W,10645,16,,12,1440.0,125,5,0,0,0,0
600.1,630.1,source_1098,source,FW_E,,,0,71,8520.0,1200,,0,71,0,0
600.1,630.1,source_1099,source,FW_W,,,0,38,4560.0,943,,0,38,0,0
630.1,660.1,RM_C10480,ramp,FW_W,10480,,8,0,0.0,3,0,0,0,0,0
630.1,660.1,RM_C10482,ramp,FW_W,10482,,10,8,960.0,255,23,0,0,0,0
630.1,660.1,RM_C10646,ramp,FW_W,10646,,18,0,0.0,14,0,0,0,0,0
630.1,660.1,RM_C10644,ramp,FW_W,10644,,22,2,240.0,41,9,0,0,0,0
630.1,660.1,RM_C10639,ramp,FW_E,10639,,10,5,600.0,53,2,0,0,0,0
630.1,660.1,RM_C10681,ramp,FW_E,10681,,12,4,480.0,50,0,0,0,0,0
630.1,660.1,RM_C10490,ramp,FW_E,10490,,21,5,600.0,74,3,0,0,0,0
630.1,660.1,RM_C10484,ramp,FW_E,10484,,23,2,240.0,36,6,0,0,0,0
630.1,660.1,OR_D_E_signal,offramp,FW_E,10481,18,,2,240.0,20,2,0,0,0,0
630.1,660.1,OR_D_E_direct,offramp,FW_E,10483,20,,7,840.0,84,5,0,0,0,0
630.1,660.1,OR_D_W_signal,offramp,FW_W,10491,9,,12,1440.0,121,5,0,0,0,0
630.1,660.1,OR_D_W_direct,offramp,FW_W,10479,7,,9,1080.0,105,2,0,0,0,0
630.1,660.1,OR_F_E_signal,offramp,FW_E,10643,9,,3,360.0,75,2,0,0,0,0
630.1,660.1,OR_F_E_direct,offramp,FW_E,10682,11,,7,840.0,151,1,0,0,0,0
630.1,660.1,OR_F_W_signal,offramp,FW_W,10638,19,,1,120.0,48,0,0,0,0,0
630.1,660.1,OR_F_W_direct,offramp,FW_W,10645,16,,13,1560.0,138,3,0,0,0,0
630.1,660.1,source_1098,source,FW_E,,,0,57,6840.0,1257,,0,57,0,0
630.1,660.1,source_1099,source,FW_W,,,0,48,5760.0,991,,0,48,0,0
660.1,690.1,RM_C10480,ramp,FW_W,10480,,8,0,0.0,3,0,0,0,0,0
660.1,690.1,RM_C10482,ramp,FW_W,10482,,10,19,2280.0,274,18,0,0,0,0
660.1,690.1,RM_C10646,ramp,FW_W,10646,,18,0,0.0,14,0,0,0,0,0
660.1,690.1,RM_C10644,ramp,FW_W,10644,,22,3,360.0,44,7,0,0,0,0
660.1,690.1,RM_C10639,ramp,FW_E,10639,,10,2,240.0,55,2,0,0,0,0
660.1,690.1,RM_C10681,ramp,FW_E,10681,,12,0,0.0,50,11,0,0,0,0
660.1,690.1,RM_C10490,ramp,FW_E,10490,,21,3,360.0,77,4,0,0,0,0
660.1,690.1,RM_C10484,ramp,FW_E,10484,,23,4,480.0,40,7,0,0,0,0
660.1,690.1,OR_D_E_signal,offramp,FW_E,10481,18,,1,120.0,21,1,0,0,0,0
660.1,690.1,OR_D_E_direct,offramp,FW_E,10483,20,,8,960.0,92,1,0,0,0,0
660.1,690.1,OR_D_W_signal,offramp,FW_W,10491,9,,4,480.0,125,0,0,0,0,0
660.1,690.1,OR_D_W_direct,offramp,FW_W,10479,7,,8,960.0,113,2,0,0,0,0
660.1,690.1,OR_F_E_signal,offramp,FW_E,10643,9,,7,840.0,82,3,0,0,0,0
660.1,690.1,OR_F_E_direct,offramp,FW_E,10682,11,,6,720.0,157,1,0,0,0,0
660.1,690.1,OR_F_W_signal,offramp,FW_W,10638,19,,4,480.0,52,1,0,0,0,0
660.1,690.1,OR_F_W_direct,offramp,FW_W,10645,16,,11,1320.0,149,4,0,0,0,0
660.1,690.1,source_1098,source,FW_E,,,0,63,7560.0,1320,,0,63,0,0
660.1,690.1,source_1099,source,FW_W,,,0,30,3600.0,1021,,0,30,0,0
690.1,720.1,RM_C10480,ramp,FW_W,10480,,8,0,0.0,3,0,0,0,0,0
690.1,720.1,RM_C10482,ramp,FW_W,10482,,10,15,1800.0,289,17,0,0,0,0
690.1,720.1,RM_C10646,ramp,FW_W,10646,,18,0,0.0,14,1,0,0,0,0
690.1,720.1,RM_C10644,ramp,FW_W,10644,,22,4,480.0,48,4,0,0,0,0
690.1,720.1,RM_C10639,ramp,FW_E,10639,,10,2,240.0,57,4,0,0,0,0
690.1,720.1,RM_C10681,ramp,FW_E,10681,,12,11,1320.0,61,18,0,0,0,0
690.1,720.1,RM_C10490,ramp,FW_E,10490,,21,4,480.0,81,5,0,0,0,0
690.1,720.1,RM_C10484,ramp,FW_E,10484,,23,5,600.0,45,10,0,0,0,0
690.1,720.1,OR_D_E_signal,offramp,FW_E,10481,18,,3,360.0,24,2,0,0,0,0
690.1,720.1,OR_D_E_direct,offramp,FW_E,10483,20,,14,1680.0,106,4,0,0,0,0
690.1,720.1,OR_D_W_signal,offramp,FW_W,10491,9,,5,600.0,130,2,0,0,0,0
690.1,720.1,OR_D_W_direct,offramp,FW_W,10479,7,,10,1200.0,123,3,0,0,0,0
690.1,720.1,OR_F_E_signal,offramp,FW_E,10643,9,,5,600.0,87,2,0,0,0,0
690.1,720.1,OR_F_E_direct,offramp,FW_E,10682,11,,9,1080.0,166,3,0,0,0,0
690.1,720.1,OR_F_W_signal,offramp,FW_W,10638,19,,2,240.0,54,0,0,0,0,0
690.1,720.1,OR_F_W_direct,offramp,FW_W,10645,16,,2,240.0,151,0,0,0,0,0
690.1,720.1,source_1098,source,FW_E,,,0,52,6240.0,1372,,0,52,0,0
690.1,720.1,source_1099,source,FW_W,,,0,41,4920.0,1062,,0,41,0,0
720.1,750.1,RM_C10480,ramp,FW_W,10480,,8,0,0.0,3,2,0,0,0,0
720.1,750.1,RM_C10482,ramp,FW_W,10482,,10,8,960.0,297,25,0,0,0,0
720.1,750.1,RM_C10646,ramp,FW_W,10646,,18,1,120.0,15,7,0,0,0,0
720.1,750.1,RM_C10644,ramp,FW_W,10644,,22,2,240.0,50,4,0,0,0,0
720.1,750.1,RM_C10639,ramp,FW_E,10639,,10,3,360.0,60,9,0,0,0,0
720.1,750.1,RM_C10681,ramp,FW_E,10681,,12,12,1440.0,73,8,0,0,0,0
720.1,750.1,RM_C10490,ramp,FW_E,10490,,21,5,600.0,86,10,0,0,0,0
720.1,750.1,RM_C10484,ramp,FW_E,10484,,23,3,360.0,48,10,0,0,0,0
720.1,750.1,OR_D_E_signal,offramp,FW_E,10481,18,,1,120.0,25,1,0,0,0,0
720.1,750.1,OR_D_E_direct,offramp,FW_E,10483,20,,17,2040.0,123,9,0,0,0,0
720.1,750.1,OR_D_W_signal,offramp,FW_W,10491,9,,5,600.0,135,3,0,0,0,0
720.1,750.1,OR_D_W_direct,offramp,FW_W,10479,7,,9,1080.0,132,3,0,0,0,0
720.1,750.1,OR_F_E_signal,offramp,FW_E,10643,9,,1,120.0,88,1,0,0,0,0
720.1,750.1,OR_F_E_direct,offramp,FW_E,10682,11,,8,960.0,174,0,0,0,0,0
720.1,750.1,OR_F_W_signal,offramp,FW_W,10638,19,,1,120.0,55,1,0,0,0,0
720.1,750.1,OR_F_W_direct,offramp,FW_W,10645,16,,7,840.0,158,6,0,0,0,0
720.1,750.1,source_1098,source,FW_E,,,0,63,7560.0,1435,,0,63,0,0
720.1,750.1,source_1099,source,FW_W,,,0,44,5280.0,1106,,0,44,0,0
750.1,780.1,RM_C10480,ramp,FW_W,10480,,8,2,240.0,5,0,0,0,0,0
750.1,780.1,RM_C10482,ramp,FW_W,10482,,10,19,2280.0,316,15,0,0,0,0
750.1,780.1,RM_C10646,ramp,FW_W,10646,,18,5,600.0,20,0,0,0,0,0
750.1,780.1,RM_C10644,ramp,FW_W,10644,,22,1,120.0,51,5,0,0,0,0
750.1,780.1,RM_C10639,ramp,FW_E,10639,,10,9,1080.0,69,1,0,0,0,0
750.1,780.1,RM_C10681,ramp,FW_E,10681,,12,8,960.0,81,0,0,0,0,0
750.1,780.1,RM_C10490,ramp,FW_E,10490,,21,10,1200.0,96,5,0,0,0,0
750.1,780.1,RM_C10484,ramp,FW_E,10484,,23,10,1200.0,58,1,0,0,0,0
750.1,780.1,OR_D_E_signal,offramp,FW_E,10481,18,,3,360.0,28,1,0,0,0,0
750.1,780.1,OR_D_E_direct,offramp,FW_E,10483,20,,8,960.0,131,0,0,0,0,0
750.1,780.1,OR_D_W_signal,offramp,FW_W,10491,9,,9,1080.0,144,3,0,0,0,0
750.1,780.1,OR_D_W_direct,offramp,FW_W,10479,7,,8,960.0,140,3,0,0,0,0
750.1,780.1,OR_F_E_signal,offramp,FW_E,10643,9,,8,960.0,96,4,0,0,0,0
750.1,780.1,OR_F_E_direct,offramp,FW_E,10682,11,,12,1440.0,186,1,0,0,0,0
750.1,780.1,OR_F_W_signal,offramp,FW_W,10638,19,,8,960.0,63,4,0,0,0,0
750.1,780.1,OR_F_W_direct,offramp,FW_W,10645,16,,11,1320.0,169,5,0,0,0,0
750.1,780.1,source_1098,source,FW_E,,,0,50,6000.0,1485,,0,50,0,0
750.1,780.1,source_1099,source,FW_W,,,0,50,6000.0,1156,,0,50,0,0
780.1,810.1,RM_C10480,ramp,FW_W,10480,,8,0,0.0,5,0,0,0,0,0
780.1,810.1,RM_C10482,ramp,FW_W,10482,,10,12,1440.0,328,11,0,0,0,0
780.1,810.1,RM_C10646,ramp,FW_W,10646,,18,0,0.0,20,0,0,0,0,0
780.1,810.1,RM_C10644,ramp,FW_W,10644,,22,2,240.0,53,4,0,0,0,0
780.1,810.1,RM_C10639,ramp,FW_E,10639,,10,1,120.0,70,8,0,0,0,0
780.1,810.1,RM_C10681,ramp,FW_E,10681,,12,0,0.0,81,0,0,0,0,0
780.1,810.1,RM_C10490,ramp,FW_E,10490,,21,6,720.0,102,5,0,0,0,0
780.1,810.1,RM_C10484,ramp,FW_E,10484,,23,1,120.0,59,1,0,0,0,0
780.1,810.1,OR_D_E_signal,offramp,FW_E,10481,18,,0,0.0,28,0,0,0,0,0
780.1,810.1,OR_D_E_direct,offramp,FW_E,10483,20,,13,1560.0,144,4,0,0,0,0
780.1,810.1,OR_D_W_signal,offramp,FW_W,10491,9,,9,1080.0,153,4,0,0,0,0
780.1,810.1,OR_D_W_direct,offramp,FW_W,10479,7,,6,720.0,146,2,0,0,0,0
780.1,810.1,OR_F_E_signal,offramp,FW_E,10643,9,,6,720.0,102,1,0,0,0,0
780.1,810.1,OR_F_E_direct,offramp,FW_E,10682,11,,5,600.0,191,3,0,0,0,0
780.1,810.1,OR_F_W_signal,offramp,FW_W,10638,19,,3,360.0,66,0,0,0,0,0
780.1,810.1,OR_F_W_direct,offramp,FW_W,10645,16,,8,960.0,177,3,0,0,0,0
780.1,810.1,source_1098,source,FW_E,,,0,71,8520.0,1556,,0,71,0,0
780.1,810.1,source_1099,source,FW_W,,,0,19,2280.0,1175,,0,19,0,0
810.1,840.1,RM_C10480,ramp,FW_W,10480,,8,0,0.0,5,0,0,0,0,0
810.1,840.1,RM_C10482,ramp,FW_W,10482,,10,6,720.0,334,17,0,0,0,0
810.1,840.1,RM_C10646,ramp,FW_W,10646,,18,0,0.0,20,1,0,0,0,0
810.1,840.1,RM_C10644,ramp,FW_W,10644,,22,2,240.0,55,4,0,0,0,0
810.1,840.1,RM_C10639,ramp,FW_E,10639,,10,7,840.0,77,5,0,0,0,0
810.1,840.1,RM_C10681,ramp,FW_E,10681,,12,0,0.0,81,5,0,0,0,0
810.1,840.1,RM_C10490,ramp,FW_E,10490,,21,5,600.0,107,3,0,0,0,0
810.1,840.1,RM_C10484,ramp,FW_E,10484,,23,0,0.0,59,3,0,0,0,0
810.1,840.1,OR_D_E_signal,offramp,FW_E,10481,18,,0,0.0,28,0,0,0,0,0
810.1,840.1,OR_D_E_direct,offramp,FW_E,10483,20,,3,360.0,147,0,0,0,0,0
810.1,840.1,OR_D_W_signal,offramp,FW_W,10491,9,,6,720.0,159,1,0,0,0,0
810.1,840.1,OR_D_W_direct,offramp,FW_W,10479,7,,9,1080.0,155,3,0,0,0,0
810.1,840.1,OR_F_E_signal,offramp,FW_E,10643,9,,2,240.0,104,2,0,0,0,0
810.1,840.1,OR_F_E_direct,offramp,FW_E,10682,11,,15,1800.0,206,4,0,0,0,0
810.1,840.1,OR_F_W_signal,offramp,FW_W,10638,19,,4,480.0,70,2,0,0,0,0
810.1,840.1,OR_F_W_direct,offramp,FW_W,10645,16,,8,960.0,185,1,0,0,0,0
810.1,840.1,source_1098,source,FW_E,,,0,50,6000.0,1606,,0,50,0,0
810.1,840.1,source_1099,source,FW_W,,,0,38,4560.0,1213,,0,38,0,0
840.1,870.1,RM_C10480,ramp,FW_W,10480,,8,0,0.0,5,0,0,0,0,0
840.1,870.1,RM_C10482,ramp,FW_W,10482,,10,13,1560.0,347,16,0,0,0,0
840.1,870.1,RM_C10646,ramp,FW_W,10646,,18,0,0.0,20,4,0,0,0,0
840.1,870.1,RM_C10644,ramp,FW_W,10644,,22,1,120.0,56,6,0,0,0,0
840.1,870.1,RM_C10639,ramp,FW_E,10639,,10,5,600.0,82,0,0,0,0,0
840.1,870.1,RM_C10681,ramp,FW_E,10681,,12,6,720.0,87,18,0,0,0,0
840.1,870.1,RM_C10490,ramp,FW_E,10490,,21,3,360.0,110,6,0,0,0,0
840.1,870.1,RM_C10484,ramp,FW_E,10484,,23,3,360.0,62,5,0,0,0,0
840.1,870.1,OR_D_E_signal,offramp,FW_E,10481,18,,5,600.0,33,1,0,0,0,0
840.1,870.1,OR_D_E_direct,offramp,FW_E,10483,20,,13,1560.0,160,10,0,0,0,0
840.1,870.1,OR_D_W_signal,offramp,FW_W,10491,9,,6,720.0,165,2,0,0,0,0
840.1,870.1,OR_D_W_direct,offramp,FW_W,10479,7,,8,960.0,163,4,0,0,0,0
840.1,870.1,OR_F_E_signal,offramp,FW_E,10643,9,,7,840.0,111,2,0,0,0,0
840.1,870.1,OR_F_E_direct,offramp,FW_E,10682,11,,6,720.0,212,3,0,0,0,0
840.1,870.1,OR_F_W_signal,offramp,FW_W,10638,19,,2,240.0,72,2,0,0,0,0
840.1,870.1,OR_F_W_direct,offramp,FW_W,10645,16,,4,480.0,189,0,0,0,0,0
840.1,870.1,source_1098,source,FW_E,,,0,57,6840.0,1663,,0,57,0,0
840.1,870.1,source_1099,source,FW_W,,,0,36,4320.0,1249,,0,36,0,0
870.1,900.1,RM_C10480,ramp,FW_W,10480,,8,2,240.0,7,2,0,0,0,0
870.1,900.1,RM_C10482,ramp,FW_W,10482,,10,15,1800.0,362,20,0,0,0,0
870.1,900.1,RM_C10646,ramp,FW_W,10646,,18,2,240.0,22,3,0,0,0,0
870.1,900.1,RM_C10644,ramp,FW_W,10644,,22,3,360.0,59,7,0,0,0,0
870.1,900.1,RM_C10639,ramp,FW_E,10639,,10,0,0.0,82,6,0,0,0,0
870.1,900.1,RM_C10681,ramp,FW_E,10681,,12,10,1200.0,97,18,0,0,0,0
870.1,900.1,RM_C10490,ramp,FW_E,10490,,21,6,720.0,116,1,0,0,0,0
870.1,900.1,RM_C10484,ramp,FW_E,10484,,23,3,360.0,65,10,0,0,0,0
870.1,900.1,OR_D_E_signal,offramp,FW_E,10481,18,,3,360.0,36,2,0,0,0,0
870.1,900.1,OR_D_E_direct,offramp,FW_E,10483,20,,11,1320.0,171,1,0,0,0,0
870.1,900.1,OR_D_W_signal,offramp,FW_W,10491,9,,9,1080.0,174,4,0,0,0,0
870.1,900.1,OR_D_W_direct,offramp,FW_W,10479,7,,11,1320.0,174,3,0,0,0,0
870.1,900.1,OR_F_E_signal,offramp,FW_E,10643,9,,1,120.0,112,1,0,0,0,0
870.1,900.1,OR_F_E_direct,offramp,FW_E,10682,11,,5,600.0,217,3,0,0,0,0
870.1,900.1,OR_F_W_signal,offramp,FW_W,10638,19,,3,360.0,75,1,0,0,0,0
870.1,900.1,OR_F_W_direct,offramp,FW_W,10645,16,,9,1080.0,198,1,0,0,0,0
870.1,900.1,source_1098,source,FW_E,,,0,42,5040.0,1705,,0,42,0,0
870.1,900.1,source_1099,source,FW_W,,,0,42,5040.0,1291,,0,42,0,0
900.1,930.1,RM_C10480,ramp,FW_W,10480,,8,1,120.0,8,0,0,0,0,0
900.1,930.1,RM_C10482,ramp,FW_W,10482,,10,14,1680.0,376,13,0,0,0,0
900.1,930.1,RM_C10646,ramp,FW_W,10646,,18,2,240.0,24,0,0,0,0,0
900.1,930.1,RM_C10644,ramp,FW_W,10644,,22,1,120.0,60,8,0,0,0,0
900.1,930.1,RM_C10639,ramp,FW_E,10639,,10,1,120.0,83,8,0,0,0,0
900.1,930.1,RM_C10681,ramp,FW_E,10681,,12,9,1080.0,106,11,0,0,0,0
900.1,930.1,RM_C10490,ramp,FW_E,10490,,21,1,120.0,117,5,0,0,0,0
900.1,930.1,RM_C10484,ramp,FW_E,10484,,23,7,840.0,72,4,0,0,0,0
900.1,930.1,OR_D_E_signal,offramp,FW_E,10481,18,,6,720.0,42,3,0,0,0,0
900.1,930.1,OR_D_E_direct,offramp,FW_E,10483,20,,1,120.0,172,0,0,0,0,0
900.1,930.1,OR_D_W_signal,offramp,FW_W,10491,9,,6,720.0,180,3,0,0,0,0
900.1,930.1,OR_D_W_direct,offramp,FW_W,10479,7,,5,600.0,179,3,0,0,0,0
900.1,930.1,OR_F_E_signal,offramp,FW_E,10643,9,,3,360.0,115,0,0,0,0,0
900.1,930.1,OR_F_E_direct,offramp,FW_E,10682,11,,11,1320.0,228,0,0,0,0,0
900.1,930.1,OR_F_W_signal,offramp,FW_W,10638,19,,6,720.0,81,1,0,0,0,0
900.1,930.1,OR_F_W_direct,offramp,FW_W,10645,16,,3,360.0,201,0,0,0,0,0
900.1,930.1,source_1098,source,FW_E,,,0,76,9120.0,1781,,0,76,0,0
900.1,930.1,source_1099,source,FW_W,,,0,27,3240.0,1318,,0,27,0,0
930.1,960.1,RM_C10480,ramp,FW_W,10480,,8,0,0.0,8,1,0,0,0,0
930.1,960.1,RM_C10482,ramp,FW_W,10482,,10,10,1200.0,386,16,0,0,0,0
930.1,960.1,RM_C10646,ramp,FW_W,10646,,18,0,0.0,24,0,0,0,0,0
930.1,960.1,RM_C10644,ramp,FW_W,10644,,22,4,480.0,64,6,0,0,0,0
930.1,960.1,RM_C10639,ramp,FW_E,10639,,10,8,960.0,91,2,0,0,0,0
930.1,960.1,RM_C10681,ramp,FW_E,10681,,12,7,840.0,113,4,0,0,0,0
930.1,960.1,RM_C10490,ramp,FW_E,10490,,21,4,480.0,121,10,0,0,0,0
930.1,960.1,RM_C10484,ramp,FW_E,10484,,23,3,360.0,75,2,0,0,0,0
930.1,960.1,OR_D_E_signal,offramp,FW_E,10481,18,,3,360.0,45,2,0,0,0,0
930.1,960.1,OR_D_E_direct,offramp,FW_E,10483,20,,12,1440.0,184,8,0,0,0,0
930.1,960.1,OR_D_W_signal,offramp,FW_W,10491,9,,7,840.0,187,1,0,0,0,0
930.1,960.1,OR_D_W_direct,offramp,FW_W,10479,7,,5,600.0,184,0,0,0,0,0
930.1,960.1,OR_F_E_signal,offramp,FW_E,10643,9,,3,360.0,118,0,0,0,0,0
930.1,960.1,OR_F_E_direct,offramp,FW_E,10682,11,,8,960.0,236,6,0,0,0,0
930.1,960.1,OR_F_W_signal,offramp,FW_W,10638,19,,1,120.0,82,1,0,0,0,0
930.1,960.1,OR_F_W_direct,offramp,FW_W,10645,16,,3,360.0,204,1,0,0,0,0
930.1,960.1,source_1098,source,FW_E,,,0,73,8760.0,1854,,0,73,0,0
930.1,960.1,source_1099,source,FW_W,,,0,48,5760.0,1366,,0,48,0,0
960.1,990.1,RM_C10480,ramp,FW_W,10480,,8,0,0.0,8,0,0,0,0,0
960.1,990.1,RM_C10482,ramp,FW_W,10482,,10,9,1080.0,395,14,0,0,0,0
960.1,990.1,RM_C10646,ramp,FW_W,10646,,18,0,0.0,24,1,0,0,0,0
960.1,990.1,RM_C10644,ramp,FW_W,10644,,22,4,480.0,68,4,0,0,0,0
960.1,990.1,RM_C10639,ramp,FW_E,10639,,10,2,240.0,93,0,0,0,0,0
960.1,990.1,RM_C10681,ramp,FW_E,10681,,12,4,480.0,117,9,0,0,0,0
960.1,990.1,RM_C10490,ramp,FW_E,10490,,21,8,960.0,129,4,0,0,0,0
960.1,990.1,RM_C10484,ramp,FW_E,10484,,23,1,120.0,76,4,0,0,0,0
960.1,990.1,OR_D_E_signal,offramp,FW_E,10481,18,,2,240.0,47,1,0,0,0,0
960.1,990.1,OR_D_E_direct,offramp,FW_E,10483,20,,7,840.0,191,2,0,0,0,0
960.1,990.1,OR_D_W_signal,offramp,FW_W,10491,9,,12,1440.0,199,4,0,0,0,0
960.1,990.1,OR_D_W_direct,offramp,FW_W,10479,7,,7,840.0,191,3,0,0,0,0
960.1,990.1,OR_F_E_signal,offramp,FW_E,10643,9,,4,480.0,122,2,0,0,0,0
960.1,990.1,OR_F_E_direct,offramp,FW_E,10682,11,,12,1440.0,248,5,0,0,0,0
960.1,990.1,OR_F_W_signal,offramp,FW_W,10638,19,,2,240.0,84,1,0,0,0,0
960.1,990.1,OR_F_W_direct,offramp,FW_W,10645,16,,12,1440.0,216,2,0,0,0,0
960.1,990.1,source_1098,source,FW_E,,,0,65,7800.0,1919,,0,65,0,0
960.1,990.1,source_1099,source,FW_W,,,0,33,3960.0,1399,,0,33,0,0
990.1,1020.1,RM_C10480,ramp,FW_W,10480,,8,0,0.0,8,0,0,0,0,0
990.1,1020.1,RM_C10482,ramp,FW_W,10482,,10,13,1560.0,408,24,0,0,0,0
990.1,1020.1,RM_C10646,ramp,FW_W,10646,,18,1,120.0,25,4,0,0,0,0
990.1,1020.1,RM_C10644,ramp,FW_W,10644,,22,0,0.0,68,7,0,0,0,0
990.1,1020.1,RM_C10639,ramp,FW_E,10639,,10,0,0.0,93,1,0,0,0,0
990.1,1020.1,RM_C10681,ramp,FW_E,10681,,12,7,840.0,124,18,0,0,0,0
990.1,1020.1,RM_C10490,ramp,FW_E,10490,,21,4,480.0,133,0,0,0,0,0
990.1,1020.1,RM_C10484,ramp,FW_E,10484,,23,3,360.0,79,9,0,0,0,0
990.1,1020.1,OR_D_E_signal,offramp,FW_E,10481,18,,1,120.0,48,0,0,0,0,0
990.1,1020.1,OR_D_E_direct,offramp,FW_E,10483,20,,4,480.0,195,0,0,0,0,0
990.1,1020.1,OR_D_W_signal,offramp,FW_W,10491,9,,6,720.0,205,1,0,0,0,0
990.1,1020.1,OR_D_W_direct,offramp,FW_W,10479,7,,10,1200.0,201,2,0,0,0,0
990.1,1020.1,OR_F_E_signal,offramp,FW_E,10643,9,,12,1440.0,134,3,0,0,0,0
990.1,1020.1,OR_F_E_direct,offramp,FW_E,10682,11,,7,840.0,255,0,0,0,0,0
990.1,1020.1,OR_F_W_signal,offramp,FW_W,10638,19,,2,240.0,86,0,0,0,0,0
990.1,1020.1,OR_F_W_direct,offramp,FW_W,10645,16,,12,1440.0,228,7,0,0,0,0
990.1,1020.1,source_1098,source,FW_E,,,0,65,7800.0,1984,,0,65,0,0
990.1,1020.1,source_1099,source,FW_W,,,0,33,3960.0,1432,,0,33,0,0
1020.0999999999999,1050.1,RM_C10480,ramp,FW_W,10480,,8,0,0.0,8,1,0,0,0,0
1020.0999999999999,1050.1,RM_C10482,ramp,FW_W,10482,,10,8,960.0,416,22,0,0,0,0
1020.0999999999999,1050.1,RM_C10646,ramp,FW_W,10646,,18,4,480.0,29,9,0,0,0,0
1020.0999999999999,1050.1,RM_C10644,ramp,FW_W,10644,,22,2,240.0,70,11,0,0,0,0
1020.0999999999999,1050.1,RM_C10639,ramp,FW_E,10639,,10,1,120.0,94,3,0,0,0,0
1020.0999999999999,1050.1,RM_C10681,ramp,FW_E,10681,,12,7,840.0,131,16,0,0,0,0
1020.0999999999999,1050.1,RM_C10490,ramp,FW_E,10490,,21,0,0.0,133,4,0,0,0,0
1020.0999999999999,1050.1,RM_C10484,ramp,FW_E,10484,,23,9,1080.0,88,7,0,0,0,0
1020.0999999999999,1050.1,OR_D_E_signal,offramp,FW_E,10481,18,,5,600.0,53,4,0,0,0,0
1020.0999999999999,1050.1,OR_D_E_direct,offramp,FW_E,10483,20,,7,840.0,202,4,0,0,0,0
1020.0999999999999,1050.1,OR_D_W_signal,offramp,FW_W,10491,9,,8,960.0,213,0,0,0,0,0
1020.0999999999999,1050.1,OR_D_W_direct,offramp,FW_W,10479,7,,7,840.0,208,1,0,0,0,0
1020.0999999999999,1050.1,OR_F_E_signal,offramp,FW_E,10643,9,,6,720.0,140,2,0,0,0,0
1020.0999999999999,1050.1,OR_F_E_direct,offramp,FW_E,10682,11,,6,720.0,261,0,0,0,0,0
1020.0999999999999,1050.1,OR_F_W_signal,offramp,FW_W,10638,19,,3,360.0,89,1,0,0,0,0
1020.0999999999999,1050.1,OR_F_W_direct,offramp,FW_W,10645,16,,6,720.0,234,2,0,0,0,0
1020.0999999999999,1050.1,source_1098,source,FW_E,,,0,65,7800.0,2049,,0,65,0,0
1020.0999999999999,1050.1,source_1099,source,FW_W,,,0,42,5040.0,1474,,0,42,0,0
1050.1,1080.1,RM_C10480,ramp,FW_W,10480,,8,0,0.0,8,0,0,0,0,0
1050.1,1080.1,RM_C10482,ramp,FW_W,10482,,10,21,2520.0,437,22,0,0,0,0
1050.1,1080.1,RM_C10646,ramp,FW_W,10646,,18,5,600.0,34,0,0,0,0,0
1050.1,1080.1,RM_C10644,ramp,FW_W,10644,,22,4,480.0,74,8,0,0,0,0
1050.1,1080.1,RM_C10639,ramp,FW_E,10639,,10,3,360.0,97,6,0,0,0,0
1050.1,1080.1,RM_C10681,ramp,FW_E,10681,,12,10,1200.0,141,6,0,0,0,0
1050.1,1080.1,RM_C10490,ramp,FW_E,10490,,21,4,480.0,137,5,0,0,0,0
1050.1,1080.1,RM_C10484,ramp,FW_E,10484,,23,5,600.0,93,4,0,0,0,0
1050.1,1080.1,OR_D_E_signal,offramp,FW_E,10481,18,,4,480.0,57,2,0,0,0,0
1050.1,1080.1,OR_D_E_direct,offramp,FW_E,10483,20,,9,1080.0,211,5,0,0,0,0
1050.1,1080.1,OR_D_W_signal,offramp,FW_W,10491,9,,8,960.0,221,3,0,0,0,0
1050.1,1080.1,OR_D_W_direct,offramp,FW_W,10479,7,,7,840.0,215,2,0,0,0,0
1050.1,1080.1,OR_F_E_signal,offramp,FW_E,10643,9,,4,480.0,144,1,0,0,0,0
1050.1,1080.1,OR_F_E_direct,offramp,FW_E,10682,11,,10,1200.0,271,3,0,0,0,0
1050.1,1080.1,OR_F_W_signal,offramp,FW_W,10638,19,,8,960.0,97,6,0,0,0,0
1050.1,1080.1,OR_F_W_direct,offramp,FW_W,10645,16,,2,240.0,236,1,0,0,0,0
1050.1,1080.1,source_1098,source,FW_E,,,0,64,7680.0,2113,,0,64,0,0
1050.1,1080.1,source_1099,source,FW_W,,,0,35,4200.0,1509,,0,35,0,0
1080.1,1110.1,RM_C10480,ramp,FW_W,10480,,8,0,0.0,8,0,0,0,0,0
1080.1,1110.1,RM_C10482,ramp,FW_W,10482,,10,3,360.0,440,33,0,0,0,0
1080.1,1110.1,RM_C10646,ramp,FW_W,10646,,18,0,0.0,34,0,0,0,0,0
1080.1,1110.1,RM_C10644,ramp,FW_W,10644,,22,0,0.0,74,12,0,0,0,0
1080.1,1110.1,RM_C10639,ramp,FW_E,10639,,10,6,720.0,103,0,0,0,0,0
1080.1,1110.1,RM_C10681,ramp,FW_E,10681,,12,6,720.0,147,0,0,0,0,0
1080.1,1110.1,RM_C10490,ramp,FW_E,10490,,21,2,240.0,139,11,0,0,0,0
1080.1,1110.1,RM_C10484,ramp,FW_E,10484,,23,3,360.0,96,1,0,0,0,0
1080.1,1110.1,OR_D_E_signal,offramp,FW_E,10481,18,,1,120.0,58,0,0,0,0,0
1080.1,1110.1,OR_D_E_direct,offramp,FW_E,10483,20,,12,1440.0,223,3,0,0,0,0
1080.1,1110.1,OR_D_W_signal,offramp,FW_W,10491,9,,4,480.0,225,1,0,0,0,0
1080.1,1110.1,OR_D_W_direct,offramp,FW_W,10479,7,,8,960.0,223,3,0,0,0,0
1080.1,1110.1,OR_F_E_signal,offramp,FW_E,10643,9,,8,960.0,152,5,0,0,0,0
1080.1,1110.1,OR_F_E_direct,offramp,FW_E,10682,11,,6,720.0,277,5,0,0,0,0
1080.1,1110.1,OR_F_W_signal,offramp,FW_W,10638,19,,2,240.0,99,1,0,0,0,0
1080.1,1110.1,OR_F_W_direct,offramp,FW_W,10645,16,,12,1440.0,248,3,0,0,0,0
1080.1,1110.1,source_1098,source,FW_E,,,0,67,8040.0,2180,,0,67,0,0
1080.1,1110.1,source_1099,source,FW_W,,,0,38,4560.0,1547,,0,38,0,0
1110.1,1140.1,RM_C10480,ramp,FW_W,10480,,8,0,0.0,8,0,0,0,0,0
1110.1,1140.1,RM_C10482,ramp,FW_W,10482,,10,30,3600.0,470,18,0,0,0,0
1110.1,1140.1,RM_C10646,ramp,FW_W,10646,,18,0,0.0,34,0,0,0,0,0
1110.1,1140.1,RM_C10644,ramp,FW_W,10644,,22,7,840.0,81,8,0,0,0,0
1110.1,1140.1,RM_C10639,ramp,FW_E,10639,,10,0,0.0,103,8,0,0,0,0
1110.1,1140.1,RM_C10681,ramp,FW_E,10681,,12,0,0.0,147,7,0,0,0,0
1110.1,1140.1,RM_C10490,ramp,FW_E,10490,,21,11,1320.0,150,4,0,0,0,0
1110.1,1140.1,RM_C10484,ramp,FW_E,10484,,23,1,120.0,97,2,0,0,0,0
1110.1,1140.1,OR_D_E_signal,offramp,FW_E,10481,18,,2,240.0,60,1,0,0,0,0
1110.1,1140.1,OR_D_E_direct,offramp,FW_E,10483,20,,7,840.0,230,3,0,0,0,0
1110.1,1140.1,OR_D_W_signal,offramp,FW_W,10491,9,,8,960.0,233,3,0,0,0,0
1110.1,1140.1,OR_D_W_direct,offramp,FW_W,10479,7,,5,600.0,228,3,0,0,0,0
1110.1,1140.1,OR_F_E_signal,offramp,FW_E,10643,9,,0,0.0,152,0,0,0,0,0
1110.1,1140.1,OR_F_E_direct,offramp,FW_E,10682,11,,5,600.0,282,0,0,0,0,0
1110.1,1140.1,OR_F_W_signal,offramp,FW_W,10638,19,,4,480.0,103,1,0,0,0,0
1110.1,1140.1,OR_F_W_direct,offramp,FW_W,10645,16,,9,1080.0,257,8,0,0,0,0
1110.1,1140.1,source_1098,source,FW_E,,,0,71,8520.0,2251,,0,71,0,0
1110.1,1140.1,source_1099,source,FW_W,,,0,42,5040.0,1589,,0,42,0,0
1140.1,1170.1,RM_C10480,ramp,FW_W,10480,,8,0,0.0,8,4,0,0,0,0
1140.1,1170.1,RM_C10482,ramp,FW_W,10482,,10,15,1800.0,485,23,0,0,0,0
1140.1,1170.1,RM_C10646,ramp,FW_W,10646,,18,0,0.0,34,3,0,0,0,0
1140.1,1170.1,RM_C10644,ramp,FW_W,10644,,22,0,0.0,81,10,0,0,0,0
1140.1,1170.1,RM_C10639,ramp,FW_E,10639,,10,8,960.0,111,4,0,0,0,0
1140.1,1170.1,RM_C10681,ramp,FW_E,10681,,12,4,480.0,151,23,0,0,0,0
1140.1,1170.1,RM_C10490,ramp,FW_E,10490,,21,2,240.0,152,9,0,0,0,0
1140.1,1170.1,RM_C10484,ramp,FW_E,10484,,23,0,0.0,97,8,0,0,0,0
1140.1,1170.1,OR_D_E_signal,offramp,FW_E,10481,18,,2,240.0,62,1,0,0,0,0
1140.1,1170.1,OR_D_E_direct,offramp,FW_E,10483,20,,8,960.0,238,5,0,0,0,0
1140.1,1170.1,OR_D_W_signal,offramp,FW_W,10491,9,,4,480.0,237,1,0,0,0,0
1140.1,1170.1,OR_D_W_direct,offramp,FW_W,10479,7,,5,600.0,233,1,0,0,0,0
1140.1,1170.1,OR_F_E_signal,offramp,FW_E,10643,9,,4,480.0,156,2,0,0,0,0
1140.1,1170.1,OR_F_E_direct,offramp,FW_E,10682,11,,14,1680.0,296,8,0,0,0,0
1140.1,1170.1,OR_F_W_signal,offramp,FW_W,10638,19,,1,120.0,104,0,0,0,0,0
1140.1,1170.1,OR_F_W_direct,offramp,FW_W,10645,16,,11,1320.0,268,1,0,0,0,0
1140.1,1170.1,source_1098,source,FW_E,,,0,57,6840.0,2308,,0,57,0,0
1140.1,1170.1,source_1099,source,FW_W,,,0,29,3480.0,1618,,0,29,0,0
1170.1,1200.1,RM_C10480,ramp,FW_W,10480,,8,1,120.0,9,0,0,0,0,0
1170.1,1200.1,RM_C10482,ramp,FW_W,10482,,10,7,840.0,492,36,0,0,0,0
1170.1,1200.1,RM_C10646,ramp,FW_W,10646,,18,3,360.0,37,8,0,0,0,0
1170.1,1200.1,RM_C10644,ramp,FW_W,10644,,22,7,840.0,88,7,0,0,0,0
1170.1,1200.1,RM_C10639,ramp,FW_E,10639,,10,3,360.0,114,1,0,0,0,0
1170.1,1200.1,RM_C10681,ramp,FW_E,10681,,12,10,1200.0,161,29,0,0,0,0
1170.1,1200.1,RM_C10490,ramp,FW_E,10490,,21,9,1080.0,161,8,0,0,0,0
1170.1,1200.1,RM_C10484,ramp,FW_E,10484,,23,3,360.0,100,10,0,0,0,0
1170.1,1200.1,OR_D_E_signal,offramp,FW_E,10481,18,,1,120.0,63,1,0,0,0,0
1170.1,1200.1,OR_D_E_direct,offramp,FW_E,10483,20,,10,1200.0,248,6,0,0,0,0
1170.1,1200.1,OR_D_W_signal,offramp,FW_W,10491,9,,8,960.0,245,5,0,0,0,0
1170.1,1200.1,OR_D_W_direct,offramp,FW_W,10479,7,,5,600.0,238,3,0,0,0,0
1170.1,1200.1,OR_F_E_signal,offramp,FW_E,10643,9,,6,720.0,162,2,0,0,0,0
1170.1,1200.1,OR_F_E_direct,offramp,FW_E,10682,11,,9,1080.0,305,6,0,0,0,0
1170.1,1200.1,OR_F_W_signal,offramp,FW_W,10638,19,,5,600.0,109,3,0,0,0,0
1170.1,1200.1,OR_F_W_direct,offramp,FW_W,10645,16,,5,600.0,273,2,0,0,0,0
1170.1,1200.1,source_1098,source,FW_E,,,0,63,7560.0,2371,,0,63,0,0
1170.1,1200.1,source_1099,source,FW_W,,,0,44,5280.0,1662,,0,44,0,0
1200.1,1230.1,RM_C10480,ramp,FW_W,10480,,8,0,0.0,9,3,0,0,0,0
1200.1,1230.1,RM_C10482,ramp,FW_W,10482,,10,27,3240.0,519,32,0,0,0,0
1200.1,1230.1,RM_C10646,ramp,FW_W,10646,,18,5,600.0,42,0,0,0,0,0
1200.1,1230.1,RM_C10644,ramp,FW_W,10644,,22,1,120.0,89,10,0,0,0,0
1200.1,1230.1,RM_C10639,ramp,FW_E,10639,,10,1,120.0,115,6,0,0,0,0
1200.1,1230.1,RM_C10681,ramp,FW_E,10681,,12,9,1080.0,170,22,0,0,0,0
1200.1,1230.1,RM_C10490,ramp,FW_E,10490,,21,9,1080.0,170,7,0,0,0,0
1200.1,1230.1,RM_C10484,ramp,FW_E,10484,,23,10,1200.0,110,3,0,0,0,0
1200.1,1230.1,OR_D_E_signal,offramp,FW_E,10481,18,,1,120.0,64,0,0,0,0,0
1200.1,1230.1,OR_D_E_direct,offramp,FW_E,10483,20,,10,1200.0,258,5,0,0,0,0
1200.1,1230.1,OR_D_W_signal,offramp,FW_W,10491,9,,9,1080.0,254,2,0,0,0,0
1200.1,1230.1,OR_D_W_direct,offramp,FW_W,10479,7,,12,1440.0,250,6,0,0,0,0
1200.1,1230.1,OR_F_E_signal,offramp,FW_E,10643,9,,6,720.0,168,1,0,0,0,0
1200.1,1230.1,OR_F_E_direct,offramp,FW_E,10682,11,,18,2160.0,323,10,0,0,0,0
1200.1,1230.1,OR_F_W_signal,offramp,FW_W,10638,19,,12,1440.0,121,4,0,0,0,0
1200.1,1230.1,OR_F_W_direct,offramp,FW_W,10645,16,,12,1440.0,285,1,0,0,0,0
1200.1,1230.1,source_1098,source,FW_E,,,0,73,8760.0,2444,,0,73,0,0
1200.1,1230.1,source_1099,source,FW_W,,,0,37,4440.0,1699,,0,37,0,0
1230.1,1260.1,RM_C10480,ramp,FW_W,10480,,8,1,120.0,10,0,0,0,0,0
1230.1,1260.1,RM_C10482,ramp,FW_W,10482,,10,26,3120.0,545,22,0,0,0,0
1230.1,1260.1,RM_C10646,ramp,FW_W,10646,,18,0,0.0,42,0,0,0,0,0
1230.1,1260.1,RM_C10644,ramp,FW_W,10644,,22,1,120.0,90,13,0,0,0,0
1230.1,1260.1,RM_C10639,ramp,FW_E,10639,,10,5,600.0,120,8,0,0,0,0
1230.1,1260.1,RM_C10681,ramp,FW_E,10681,,12,9,1080.0,179,13,0,0,0,0
1230.1,1260.1,RM_C10490,ramp,FW_E,10490,,21,8,960.0,178,5,0,0,0,0
1230.1,1260.1,RM_C10484,ramp,FW_E,10484,,23,1,120.0,111,4,0,0,0,0
1230.1,1260.1,OR_D_E_signal,offramp,FW_E,10481,18,,2,240.0,66,1,0,0,0,0
1230.1,1260.1,OR_D_E_direct,offramp,FW_E,10483,20,,10,1200.0,268,7,0,0,0,0
1230.1,1260.1,OR_D_W_signal,offramp,FW_W,10491,9,,6,720.0,260,4,0,0,0,0
1230.1,1260.1,OR_D_W_direct,offramp,FW_W,10479,7,,6,720.0,256,2,0,0,0,0
1230.1,1260.1,OR_F_E_signal,offramp,FW_E,10643,9,,8,960.0,176,5,0,0,0,0
1230.1,1260.1,OR_F_E_direct,offramp,FW_E,10682,11,,13,1560.0,336,8,0,0,0,0
1230.1,1260.1,OR_F_W_signal,offramp,FW_W,10638,19,,3,360.0,124,1,0,0,0,0
1230.1,1260.1,OR_F_W_direct,offramp,FW_W,10645,16,,11,1320.0,296,0,0,0,0,0
1230.1,1260.1,source_1098,source,FW_E,,,0,63,7560.0,2507,,0,63,0,0
1230.1,1260.1,source_1099,source,FW_W,,,0,37,4440.0,1736,,0,37,0,0
1260.1,1290.1,RM_C10480,ramp,FW_W,10480,,8,0,0.0,10,0,0,0,0,0
1260.1,1290.1,RM_C10482,ramp,FW_W,10482,,10,16,1920.0,561,21,0,0,0,0
1260.1,1290.1,RM_C10646,ramp,FW_W,10646,,18,0,0.0,42,0,0,0,0,0
1260.1,1290.1,RM_C10644,ramp,FW_W,10644,,22,3,360.0,93,11,0,0,0,0
1260.1,1290.1,RM_C10639,ramp,FW_E,10639,,10,8,960.0,128,11,0,0,0,0
1260.1,1290.1,RM_C10681,ramp,FW_E,10681,,12,7,840.0,186,16,0,0,0,0
1260.1,1290.1,RM_C10490,ramp,FW_E,10490,,21,6,720.0,184,7,0,0,0,0
1260.1,1290.1,RM_C10484,ramp,FW_E,10484,,23,4,480.0,115,4,0,0,0,0
1260.1,1290.1,OR_D_E_signal,offramp,FW_E,10481,18,,4,480.0,70,1,0,0,0,0
1260.1,1290.1,OR_D_E_direct,offramp,FW_E,10483,20,,7,840.0,275,4,0,0,0,0
1260.1,1290.1,OR_D_W_signal,offramp,FW_W,10491,9,,15,1800.0,275,3,0,0,0,0
1260.1,1290.1,OR_D_W_direct,offramp,FW_W,10479,7,,4,480.0,260,1,0,0,0,0
1260.1,1290.1,OR_F_E_signal,offramp,FW_E,10643,9,,3,360.0,179,2,0,0,0,0
1260.1,1290.1,OR_F_E_direct,offramp,FW_E,10682,11,,7,840.0,343,2,0,0,0,0
1260.1,1290.1,OR_F_W_signal,offramp,FW_W,10638,19,,3,360.0,127,1,0,0,0,0
1260.1,1290.1,OR_F_W_direct,offramp,FW_W,10645,16,,9,1080.0,305,5,0,0,0,0
1260.1,1290.1,source_1098,source,FW_E,,,0,53,6360.0,2560,,0,53,0,0
1260.1,1290.1,source_1099,source,FW_W,,,0,34,4080.0,1770,,0,34,0,0
1290.1,1320.1,RM_C10480,ramp,FW_W,10480,,8,2,240.0,12,1,0,0,0,0
1290.1,1320.1,RM_C10482,ramp,FW_W,10482,,10,16,1920.0,577,15,0,0,0,0
1290.1,1320.1,RM_C10646,ramp,FW_W,10646,,18,0,0.0,42,5,0,0,0,0
1290.1,1320.1,RM_C10644,ramp,FW_W,10644,,22,8,960.0,101,8,0,0,0,0
1290.1,1320.1,RM_C10639,ramp,FW_E,10639,,10,10,1200.0,138,3,0,0,0,0
1290.1,1320.1,RM_C10681,ramp,FW_E,10681,,12,7,840.0,193,27,0,0,0,0
1290.1,1320.1,RM_C10490,ramp,FW_E,10490,,21,7,840.0,191,4,0,0,0,0
1290.1,1320.1,RM_C10484,ramp,FW_E,10484,,23,1,120.0,116,9,0,0,0,0
1290.1,1320.1,OR_D_E_signal,offramp,FW_E,10481,18,,2,240.0,72,1,0,0,0,0
1290.1,1320.1,OR_D_E_direct,offramp,FW_E,10483,20,,6,720.0,281,4,0,0,0,0
1290.1,1320.1,OR_D_W_signal,offramp,FW_W,10491,9,,9,1080.0,284,9,0,0,0,0
1290.1,1320.1,OR_D_W_direct,offramp,FW_W,10479,7,,9,1080.0,269,4,0,0,0,0
1290.1,1320.1,OR_F_E_signal,offramp,FW_E,10643,9,,7,840.0,186,5,0,0,0,0
1290.1,1320.1,OR_F_E_direct,offramp,FW_E,10682,11,,12,1440.0,355,4,0,0,0,0
1290.1,1320.1,OR_F_W_signal,offramp,FW_W,10638,19,,3,360.0,130,1,0,0,0,0
1290.1,1320.1,OR_F_W_direct,offramp,FW_W,10645,16,,13,1560.0,318,10,0,0,0,0
1290.1,1320.1,source_1098,source,FW_E,,,0,69,8280.0,2629,,0,69,0,0
1290.1,1320.1,source_1099,source,FW_W,,,0,54,6480.0,1824,,0,54,0,0
1320.1,1350.1,RM_C10480,ramp,FW_W,10480,,8,0,0.0,12,4,0,0,0,0
1320.1,1350.1,RM_C10482,ramp,FW_W,10482,,10,7,840.0,584,32,0,0,0,0
1320.1,1350.1,RM_C10646,ramp,FW_W,10646,,18,3,360.0,45,8,0,0,0,0
1320.1,1350.1,RM_C10644,ramp,FW_W,10644,,22,2,240.0,103,9,0,0,0,0
1320.1,1350.1,RM_C10639,ramp,FW_E,10639,,10,3,360.0,141,8,0,0,0,0
1320.1,1350.1,RM_C10681,ramp,FW_E,10681,,12,8,960.0,201,34,0,0,0,0
1320.1,1350.1,RM_C10490,ramp,FW_E,10490,,21,6,720.0,197,6,0,0,0,0
1320.1,1350.1,RM_C10484,ramp,FW_E,10484,,23,7,840.0,123,7,0,0,0,0
1320.1,1350.1,OR_D_E_signal,offramp,FW_E,10481,18,,5,600.0,77,1,0,0,0,0
1320.1,1350.1,OR_D_E_direct,offramp,FW_E,10483,20,,7,840.0,288,1,0,0,0,0
1320.1,1350.1,OR_D_W_signal,offramp,FW_W,10491,9,,7,840.0,291,3,0,0,0,0
1320.1,1350.1,OR_D_W_direct,offramp,FW_W,10479,7,,9,1080.0,278,5,0,0,0,0
1320.1,1350.1,OR_F_E_signal,offramp,FW_E,10643,9,,9,1080.0,195,4,0,0,0,0
1320.1,1350.1,OR_F_E_direct,offramp,FW_E,10682,11,,10,1200.0,365,3,0,0,0,0
1320.1,1350.1,OR_F_W_signal,offramp,FW_W,10638,19,,4,480.0,134,4,0,0,0,0
1320.1,1350.1,OR_F_W_direct,offramp,FW_W,10645,16,,5,600.0,323,3,0,0,0,0
1320.1,1350.1,source_1098,source,FW_E,,,0,57,6840.0,2686,,0,57,0,0
1320.1,1350.1,source_1099,source,FW_W,,,0,45,5400.0,1869,,0,45,0,0
1350.1,1380.1,RM_C10480,ramp,FW_W,10480,,8,3,360.0,15,0,0,0,0,0
1350.1,1380.1,RM_C10482,ramp,FW_W,10482,,10,22,2640.0,606,26,0,0,0,0
1350.1,1380.1,RM_C10646,ramp,FW_W,10646,,18,4,480.0,49,1,0,0,0,0
1350.1,1380.1,RM_C10644,ramp,FW_W,10644,,22,0,0.0,103,14,0,0,0,0
1350.1,1380.1,RM_C10639,ramp,FW_E,10639,,10,7,840.0,148,5,0,0,0,0
1350.1,1380.1,RM_C10681,ramp,FW_E,10681,,12,8,960.0,209,27,0,0,0,0
1350.1,1380.1,RM_C10490,ramp,FW_E,10490,,21,7,840.0,204,9,0,0,0,0
1350.1,1380.1,RM_C10484,ramp,FW_E,10484,,23,4,480.0,127,5,0,0,0,0
1350.1,1380.1,OR_D_E_signal,offramp,FW_E,10481,18,,1,120.0,78,1,0,0,0,0
1350.1,1380.1,OR_D_E_direct,offramp,FW_E,10483,20,,7,840.0,295,7,0,0,0,0
1350.1,1380.1,OR_D_W_signal,offramp,FW_W,10491,9,,11,1320.0,302,7,0,0,0,0
1350.1,1380.1,OR_D_W_direct,offramp,FW_W,10479,7,,10,1200.0,288,6,0,0,0,0
1350.1,1380.1,OR_F_E_signal,offramp,FW_E,10643,9,,2,240.0,197,1,0,0,0,0
1350.1,1380.1,OR_F_E_direct,offramp,FW_E,10682,11,,14,1680.0,379,6,0,0,0,0
1350.1,1380.1,OR_F_W_signal,offramp,FW_W,10638,19,,5,600.0,139,6,0,0,0,0
1350.1,1380.1,OR_F_W_direct,offramp,FW_W,10645,16,,9,1080.0,332,1,0,0,0,0
1350.1,1380.1,source_1098,source,FW_E,,,0,67,8040.0,2753,,0,67,0,0
1350.1,1380.1,source_1099,source,FW_W,,,0,25,3000.0,1894,,0,25,0,0
1380.1,1410.1,RM_C10480,ramp,FW_W,10480,,8,0,0.0,15,0,0,0,0,0
1380.1,1410.1,RM_C10482,ramp,FW_W,10482,,10,16,1920.0,622,22,0,0,0,0
1380.1,1410.1,RM_C10646,ramp,FW_W,10646,,18,0,0.0,49,0,0,0,0,0
1380.1,1410.1,RM_C10644,ramp,FW_W,10644,,22,7,840.0,110,12,0,0,0,0
1380.1,1410.1,RM_C10639,ramp,FW_E,10639,,10,5,600.0,153,0,0,0,0,0
1380.1,1410.1,RM_C10681,ramp,FW_E,10681,,12,9,1080.0,218,18,0,0,0,0
1380.1,1410.1,RM_C10490,ramp,FW_E,10490,,21,4,480.0,208,11,0,0,0,0
1380.1,1410.1,RM_C10484,ramp,FW_E,10484,,23,4,480.0,131,5,0,0,0,0
1380.1,1410.1,OR_D_E_signal,offramp,FW_E,10481,18,,4,480.0,82,2,0,0,0,0
1380.1,1410.1,OR_D_E_direct,offramp,FW_E,10483,20,,4,480.0,299,0,0,0,0,0
1380.1,1410.1,OR_D_W_signal,offramp,FW_W,10491,9,,6,720.0,308,3,0,0,0,0
1380.1,1410.1,OR_D_W_direct,offramp,FW_W,10479,7,,9,1080.0,297,6,0,0,0,0
1380.1,1410.1,OR_F_E_signal,offramp,FW_E,10643,9,,6,720.0,203,1,0,0,0,0
1380.1,1410.1,OR_F_E_direct,offramp,FW_E,10682,11,,7,840.0,386,0,0,0,0,0
1380.1,1410.1,OR_F_W_signal,offramp,FW_W,10638,19,,3,360.0,142,2,0,0,0,0
1380.1,1410.1,OR_F_W_direct,offramp,FW_W,10645,16,,6,720.0,338,1,0,0,0,0
1380.1,1410.1,source_1098,source,FW_E,,,0,63,7560.0,2816,,0,63,0,0
1380.1,1410.1,source_1099,source,FW_W,,,0,47,5640.0,1941,,0,47,0,0
1410.1,1440.1,RM_C10480,ramp,FW_W,10480,,8,0,0.0,15,0,0,0,0,0
1410.1,1440.1,RM_C10482,ramp,FW_W,10482,,10,13,1560.0,635,27,0,0,0,0
1410.1,1440.1,RM_C10646,ramp,FW_W,10646,,18,0,0.0,49,0,0,0,0,0
1410.1,1440.1,RM_C10644,ramp,FW_W,10644,,22,2,240.0,112,16,0,0,0,0
1410.1,1440.1,RM_C10639,ramp,FW_E,10639,,10,0,0.0,153,5,0,0,0,0
1410.1,1440.1,RM_C10681,ramp,FW_E,10681,,12,6,720.0,224,23,0,0,0,0
1410.1,1440.1,RM_C10490,ramp,FW_E,10490,,21,9,1080.0,217,7,0,0,0,0
1410.1,1440.1,RM_C10484,ramp,FW_E,10484,,23,3,360.0,134,9,0,0,0,0
1410.1,1440.1,OR_D_E_signal,offramp,FW_E,10481,18,,5,600.0,87,5,0,0,0,0
1410.1,1440.1,OR_D_E_direct,offramp,FW_E,10483,20,,7,840.0,306,0,0,0,0,0
1410.1,1440.1,OR_D_W_signal,offramp,FW_W,10491,9,,7,840.0,315,1,0,0,0,0
1410.1,1440.1,OR_D_W_direct,offramp,FW_W,10479,7,,6,720.0,303,0,0,0,0,0
1410.1,1440.1,OR_F_E_signal,offramp,FW_E,10643,9,,8,960.0,211,4,0,0,0,0
1410.1,1440.1,OR_F_E_direct,offramp,FW_E,10682,11,,11,1320.0,397,3,0,0,0,0
1410.1,1440.1,OR_F_W_signal,offramp,FW_W,10638,19,,2,240.0,144,0,0,0,0,0
1410.1,1440.1,OR_F_W_direct,offramp,FW_W,10645,16,,6,720.0,344,0,0,0,0,0
1410.1,1440.1,source_1098,source,FW_E,,,0,64,7680.0,2880,,0,64,0,0
1410.1,1440.1,source_1099,source,FW_W,,,0,40,4800.0,1981,,0,40,0,0
1440.1,1470.1,RM_C10480,ramp,FW_W,10480,,8,0,0.0,15,1,0,0,0,0
1440.1,1470.1,RM_C10482,ramp,FW_W,10482,,10,21,2520.0,656,24,0,0,0,0
1440.1,1470.1,RM_C10646,ramp,FW_W,10646,,18,0,0.0,49,2,0,0,0,0
1440.1,1470.1,RM_C10644,ramp,FW_W,10644,,22,0,0.0,112,21,0,0,0,0
1440.1,1470.1,RM_C10639,ramp,FW_E,10639,,10,3,360.0,156,10,0,0,0,0
1440.1,1470.1,RM_C10681,ramp,FW_E,10681,,12,10,1200.0,234,30,0,0,0,0
1440.1,1470.1,RM_C10490,ramp,FW_E,10490,,21,7,840.0,224,9,0,0,0,0
1440.1,1470.1,RM_C10484,ramp,FW_E,10484,,23,6,720.0,140,9,0,0,0,0
1440.1,1470.1,OR_D_E_signal,offramp,FW_E,10481,18,,3,360.0,90,3,0,0,0,0
1440.1,1470.1,OR_D_E_direct,offramp,FW_E,10483,20,,5,600.0,311,0,0,0,0,0
1440.1,1470.1,OR_D_W_signal,offramp,FW_W,10491,9,,7,840.0,322,4,0,0,0,0
1440.1,1470.1,OR_D_W_direct,offramp,FW_W,10479,7,,8,960.0,311,1,0,0,0,0
1440.1,1470.1,OR_F_E_signal,offramp,FW_E,10643,9,,3,360.0,214,4,0,0,0,0
1440.1,1470.1,OR_F_E_direct,offramp,FW_E,10682,11,,2,240.0,399,0,0,0,0,0
1440.1,1470.1,OR_F_W_signal,offramp,FW_W,10638,19,,3,360.0,147,1,0,0,0,0
1440.1,1470.1,OR_F_W_direct,offramp,FW_W,10645,16,,3,360.0,347,1,0,0,0,0
1440.1,1470.1,source_1098,source,FW_E,,,0,68,8160.0,2948,,0,68,0,0
1440.1,1470.1,source_1099,source,FW_W,,,0,45,5400.0,2026,,0,45,0,0
1470.1,1500.1,RM_C10480,ramp,FW_W,10480,,8,1,120.0,16,2,0,0,0,0
1470.1,1500.1,RM_C10482,ramp,FW_W,10482,,10,16,1920.0,672,24,0,0,0,0
1470.1,1500.1,RM_C10646,ramp,FW_W,10646,,18,0,0.0,49,9,0,0,0,0
1470.1,1500.1,RM_C10644,ramp,FW_W,10644,,22,8,960.0,120,21,0,0,0,0
1470.1,1500.1,RM_C10639,ramp,FW_E,10639,,10,8,960.0,164,12,0,0,0,0
1470.1,1500.1,RM_C10681,ramp,FW_E,10681,,12,6,720.0,240,34,0,0,0,0
1470.1,1500.1,RM_C10490,ramp,FW_E,10490,,21,6,720.0,230,10,0,0,0,0
1470.1,1500.1,RM_C10484,ramp,FW_E,10484,,23,7,840.0,147,8,0,0,0,0
1470.1,1500.1,OR_D_E_signal,offramp,FW_E,10481,18,,8,960.0,98,6,0,0,0,0
1470.1,1500.1,OR_D_E_direct,offramp,FW_E,10483,20,,16,1920.0,327,6,0,0,0,0
1470.1,1500.1,OR_D_W_signal,offramp,FW_W,10491,9,,6,720.0,328,1,0,0,0,0
1470.1,1500.1,OR_D_W_direct,offramp,FW_W,10479,7,,7,840.0,318,1,0,0,0,0
1470.1,1500.1,OR_F_E_signal,offramp,FW_E,10643,9,,7,840.0,221,6,0,0,0,0
1470.1,1500.1,OR_F_E_direct,offramp,FW_E,10682,11,,14,1680.0,413,6,0,0,0,0
1470.1,1500.1,OR_F_W_signal,offramp,FW_W,10638,19,,4,480.0,151,2,0,0,0,0
1470.1,1500.1,OR_F_W_direct,offramp,FW_W,10645,16,,14,1680.0,361,2,0,0,0,0
1470.1,1500.1,source_1098,source,FW_E,,,0,59,7080.0,3007,,0,59,0,0
1470.1,1500.1,source_1099,source,FW_W,,,0,37,4440.0,2063,,0,37,0,0
1500.1,1530.1,RM_C10480,ramp,FW_W,10480,,8,1,120.0,17,0,0,0,0,0
1500.1,1530.1,RM_C10482,ramp,FW_W,10482,,10,18,2160.0,690,30,0,0,0,0
1500.1,1530.1,RM_C10646,ramp,FW_W,10646,,18,5,600.0,54,5,0,0,0,0
1500.1,1530.1,RM_C10644,ramp,FW_W,10644,,22,6,720.0,126,19,0,0,0,0
1500.1,1530.1,RM_C10639,ramp,FW_E,10639,,10,5,600.0,169,14,0,0,0,0
1500.1,1530.1,RM_C10681,ramp,FW_E,10681,,12,9,1080.0,249,25,0,0,0,0
1500.1,1530.1,RM_C10490,ramp,FW_E,10490,,21,11,1320.0,241,6,0,0,0,0
1500.1,1530.1,RM_C10484,ramp,FW_E,10484,,23,4,480.0,151,8,0,0,0,0
1500.1,1530.1,OR_D_E_signal,offramp,FW_E,10481,18,,0,0.0,98,0,0,0,0,0
1500.1,1530.1,OR_D_E_direct,offramp,FW_E,10483,20,,13,1560.0,340,3,0,0,0,0
1500.1,1530.1,OR_D_W_signal,offramp,FW_W,10491,9,,7,840.0,335,5,0,0,0,0
1500.1,1530.1,OR_D_W_direct,offramp,FW_W,10479,7,,7,840.0,325,3,0,0,0,0
1500.1,1530.1,OR_F_E_signal,offramp,FW_E,10643,9,,7,840.0,228,8,0,0,0,0
1500.1,1530.1,OR_F_E_direct,offramp,FW_E,10682,11,,12,1440.0,425,7,0,0,0,0
1500.1,1530.1,OR_F_W_signal,offramp,FW_W,10638,19,,4,480.0,155,4,0,0,0,0
1500.1,1530.1,OR_F_W_direct,offramp,FW_W,10645,16,,5,600.0,366,2,0,0,0,0
1500.1,1530.1,source_1098,source,FW_E,,,0,63,7560.0,3070,,0,63,0,0
1500.1,1530.1,source_1099,source,FW_W,,,0,55,6600.0,2118,,0,55,0,0
1530.1,1560.1,RM_C10480,ramp,FW_W,10480,,8,0,0.0,17,1,0,0,0,0
1530.1,1560.1,RM_C10482,ramp,FW_W,10482,,10,17,2040.0,707,36,0,0,0,0
1530.1,1560.1,RM_C10646,ramp,FW_W,10646,,18,3,360.0,57,1,0,0,0,0
1530.1,1560.1,RM_C10644,ramp,FW_W,10644,,22,9,1080.0,135,10,0,0,0,0
1530.1,1560.1,RM_C10639,ramp,FW_E,10639,,10,8,960.0,177,11,0,0,0,0
1530.1,1560.1,RM_C10681,ramp,FW_E,10681,,12,7,840.0,256,18,0,0,0,0
1530.1,1560.1,RM_C10490,ramp,FW_E,10490,,21,4,480.0,245,8,0,0,0,0
1530.1,1560.1,RM_C10484,ramp,FW_E,10484,,23,5,600.0,156,5,0,0,0,0
1530.1,1560.1,OR_D_E_signal,offramp,FW_E,10481,18,,2,240.0,100,0,0,0,0,0
1530.1,1560.1,OR_D_E_direct,offramp,FW_E,10483,20,,9,1080.0,349,7,0,0,0,0
1530.1,1560.1,OR_D_W_signal,offramp,FW_W,10491,9,,7,840.0,342,3,0,0,0,0
1530.1,1560.1,OR_D_W_direct,offramp,FW_W,10479,7,,5,600.0,330,1,0,0,0,0
1530.1,1560.1,OR_F_E_signal,offramp,FW_E,10643,9,,7,840.0,235,10,0,0,0,0
1530.1,1560.1,OR_F_E_direct,offramp,FW_E,10682,11,,8,960.0,433,4,0,0,0,0
1530.1,1560.1,OR_F_W_signal,offramp,FW_W,10638,19,,11,1320.0,166,1,0,0,0,0
1530.1,1560.1,OR_F_W_direct,offramp,FW_W,10645,16,,9,1080.0,375,0,0,0,0,0
1530.1,1560.1,source_1098,source,FW_E,,,0,57,6840.0,3127,,0,57,0,0
1530.1,1560.1,source_1099,source,FW_W,,,0,53,6360.0,2171,,0,53,0,0
1560.1,1590.1,RM_C10480,ramp,FW_W,10480,,8,0,0.0,17,0,0,0,0,0
1560.1,1590.1,RM_C10482,ramp,FW_W,10482,,10,27,3240.0,734,29,0,0,0,0
1560.1,1590.1,RM_C10646,ramp,FW_W,10646,,18,1,120.0,58,0,0,0,0,0
1560.1,1590.1,RM_C10644,ramp,FW_W,10644,,22,8,960.0,143,2,0,0,0,0
1560.1,1590.1,RM_C10639,ramp,FW_E,10639,,10,8,960.0,185,5,0,0,0,0
1560.1,1590.1,RM_C10681,ramp,FW_E,10681,,12,6,720.0,262,20,0,0,0,0
1560.1,1590.1,RM_C10490,ramp,FW_E,10490,,21,8,960.0,253,2,0,0,0,0
1560.1,1590.1,RM_C10484,ramp,FW_E,10484,,23,4,480.0,160,4,0,0,0,0
1560.1,1590.1,OR_D_E_signal,offramp,FW_E,10481,18,,5,600.0,105,4,0,0,0,0
1560.1,1590.1,OR_D_E_direct,offramp,FW_E,10483,20,,8,960.0,357,0,0,0,0,0
1560.1,1590.1,OR_D_W_signal,offramp,FW_W,10491,9,,6,720.0,348,2,0,0,0,0
1560.1,1590.1,OR_D_W_direct,offramp,FW_W,10479,7,,8,960.0,338,3,0,0,0,0
1560.1,1590.1,OR_F_E_signal,offramp,FW_E,10643,9,,4,480.0,239,14,0,0,0,0
1560.1,1590.1,OR_F_E_direct,offramp,FW_E,10682,11,,10,1200.0,443,5,0,0,0,0
1560.1,1590.1,OR_F_W_signal,offramp,FW_W,10638,19,,2,240.0,168,0,0,0,0,0
1560.1,1590.1,OR_F_W_direct,offramp,FW_W,10645,16,,11,1320.0,386,1,0,0,0,0
1560.1,1590.1,source_1098,source,FW_E,,,0,57,6840.0,3184,,0,57,0,0
1560.1,1590.1,source_1099,source,FW_W,,,0,39,4680.0,2210,,0,39,0,0
1590.1,1620.1,RM_C10480,ramp,FW_W,10480,,8,0,0.0,17,0,0,0,0,0
1590.1,1620.1,RM_C10482,ramp,FW_W,10482,,10,18,2160.0,752,32,0,0,0,0
1590.1,1620.1,RM_C10646,ramp,FW_W,10646,,18,0,0.0,58,5,0,0,0,0
1590.1,1620.1,RM_C10644,ramp,FW_W,10644,,22,2,240.0,145,8,0,0,0,0
1590.1,1620.1,RM_C10639,ramp,FW_E,10639,,10,5,600.0,190,0,0,0,0,0
1590.1,1620.1,RM_C10681,ramp,FW_E,10681,,12,8,960.0,270,26,0,0,0,0
1590.1,1620.1,RM_C10490,ramp,FW_E,10490,,21,2,240.0,255,4,0,0,0,0
1590.1,1620.1,RM_C10484,ramp,FW_E,10484,,23,3,360.0,163,10,0,0,0,0
1590.1,1620.1,OR_D_E_signal,offramp,FW_E,10481,18,,0,0.0,105,0,0,0,0,0
1590.1,1620.1,OR_D_E_direct,offramp,FW_E,10483,20,,13,1560.0,370,5,0,0,0,0
1590.1,1620.1,OR_D_W_signal,offramp,FW_W,10491,9,,7,840.0,355,2,0,0,0,0
1590.1,1620.1,OR_D_W_direct,offramp,FW_W,10479,7,,9,1080.0,347,2,0,0,0,0
1590.1,1620.1,OR_F_E_signal,offramp,FW_E,10643,9,,7,840.0,246,17,0,0,0,0
1590.1,1620.1,OR_F_E_direct,offramp,FW_E,10682,11,,9,1080.0,452,4,0,0,0,0
1590.1,1620.1,OR_F_W_signal,offramp,FW_W,10638,19,,0,0.0,168,0,0,0,0,0
1590.1,1620.1,OR_F_W_direct,offramp,FW_W,10645,16,,6,720.0,392,5,0,0,0,0
1590.1,1620.1,source_1098,source,FW_E,,,0,69,8280.0,3253,,0,69,0,0
1590.1,1620.1,source_1099,source,FW_W,,,0,27,3240.0,2237,,0,27,0,0
1620.1,1650.1,RM_C10480,ramp,FW_W,10480,,8,0,0.0,17,5,0,0,0,0
1620.1,1650.1,RM_C10482,ramp,FW_W,10482,,10,28,3360.0,780,19,0,0,0,0
1620.1,1650.1,RM_C10646,ramp,FW_W,10646,,18,3,360.0,61,9,0,0,0,0
1620.1,1650.1,RM_C10644,ramp,FW_W,10644,,22,0,0.0,145,14,0,0,0,0
1620.1,1650.1,RM_C10639,ramp,FW_E,10639,,10,0,0.0,190,5,0,0,0,0
1620.1,1650.1,RM_C10681,ramp,FW_E,10681,,12,6,720.0,276,34,0,0,0,0
1620.1,1650.1,RM_C10490,ramp,FW_E,10490,,21,4,480.0,259,2,0,0,0,0
1620.1,1650.1,RM_C10484,ramp,FW_E,10484,,23,9,1080.0,172,8,0,0,0,0
1620.1,1650.1,OR_D_E_signal,offramp,FW_E,10481,18,,3,360.0,108,2,0,0,0,0
1620.1,1650.1,OR_D_E_direct,offramp,FW_E,10483,20,,12,1440.0,382,7,0,0,0,0
1620.1,1650.1,OR_D_W_signal,offramp,FW_W,10491,9,,7,840.0,362,4,0,0,0,0
1620.1,1650.1,OR_D_W_direct,offramp,FW_W,10479,7,,7,840.0,354,3,0,0,0,0
1620.1,1650.1,OR_F_E_signal,offramp,FW_E,10643,9,,6,720.0,252,20,0,0,0,0
1620.1,1650.1,OR_F_E_direct,offramp,FW_E,10682,11,,17,2040.0,469,9,0,0,0,0
1620.1,1650.1,OR_F_W_signal,offramp,FW_W,10638,19,,9,1080.0,177,3,0,0,0,0
1620.1,1650.1,OR_F_W_direct,offramp,FW_W,10645,16,,17,2040.0,409,4,0,0,0,0
1620.1,1650.1,source_1098,source,FW_E,,,0,70,8400.0,3323,,0,70,0,0
1620.1,1650.1,source_1099,source,FW_W,,,0,47,5640.0,2284,,0,47,0,0
1650.1,1680.1,RM_C10480,ramp,FW_W,10480,,8,4,480.0,21,1,0,0,0,0
1650.1,1680.1,RM_C10482,ramp,FW_W,10482,,10,13,1560.0,793,19,0,0,0,0
1650.1,1680.1,RM_C10646,ramp,FW_W,10646,,18,7,840.0,68,1,0,0,0,0
1650.1,1680.1,RM_C10644,ramp,FW_W,10644,,22,4,480.0,149,14,0,0,0,0
1650.1,1680.1,RM_C10639,ramp,FW_E,10639,,10,0,0.0,190,10,0,0,0,0
1650.1,1680.1,RM_C10681,ramp,FW_E,10681,,12,7,840.0,283,31,0,0,0,0
1650.1,1680.1,RM_C10490,ramp,FW_E,10490,,21,2,240.0,261,7,0,0,0,0
1650.1,1680.1,RM_C10484,ramp,FW_E,10484,,23,5,600.0,177,7,0,0,0,0
1650.1,1680.1,OR_D_E_signal,offramp,FW_E,10481,18,,2,240.0,110,0,0,0,0,0
1650.1,1680.1,OR_D_E_direct,offramp,FW_E,10483,20,,4,480.0,386,1,0,0,0,0
1650.1,1680.1,OR_D_W_signal,offramp,FW_W,10491,9,,10,1200.0,372,8,0,0,0,0
1650.1,1680.1,OR_D_W_direct,offramp,FW_W,10479,7,,8,960.0,362,2,0,0,0,0
1650.1,1680.1,OR_F_E_signal,offramp,FW_E,10643,9,,6,720.0,258,17,0,0,0,0
1650.1,1680.1,OR_F_E_direct,offramp,FW_E,10682,11,,13,1560.0,482,6,0,0,0,0
1650.1,1680.1,OR_F_W_signal,offramp,FW_W,10638,19,,7,840.0,184,7,0,0,0,0
1650.1,1680.1,OR_F_W_direct,offramp,FW_W,10645,16,,17,2040.0,426,7,0,0,0,0
1650.1,1680.1,source_1098,source,FW_E,,,0,73,8760.0,3396,,0,73,0,0
1650.1,1680.1,source_1099,source,FW_W,,,0,24,2880.0,2308,,0,24,0,0
1680.1,1710.1,RM_C10480,ramp,FW_W,10480,,8,0,0.0,21,0,0,0,0,0
1680.1,1710.1,RM_C10482,ramp,FW_W,10482,,10,13,1560.0,806,29,0,0,0,0
1680.1,1710.1,RM_C10646,ramp,FW_W,10646,,18,0,0.0,68,0,0,0,0,0
1680.1,1710.1,RM_C10644,ramp,FW_W,10644,,22,7,840.0,156,13,0,0,0,0
1680.1,1710.1,RM_C10639,ramp,FW_E,10639,,10,5,600.0,195,15,0,0,0,0
1680.1,1710.1,RM_C10681,ramp,FW_E,10681,,12,8,960.0,291,23,0,0,0,0
1680.1,1710.1,RM_C10490,ramp,FW_E,10490,,21,5,600.0,266,9,0,0,0,0
1680.1,1710.1,RM_C10484,ramp,FW_E,10484,,23,3,360.0,180,6,0,0,0,0
1680.1,1710.1,OR_D_E_signal,offramp,FW_E,10481,18,,2,240.0,112,0,0,0,0,0
1680.1,1710.1,OR_D_E_direct,offramp,FW_E,10483,20,,14,1680.0,400,4,0,0,0,0
1680.1,1710.1,OR_D_W_signal,offramp,FW_W,10491,9,,8,960.0,380,8,0,0,0,0
1680.1,1710.1,OR_D_W_direct,offramp,FW_W,10479,7,,8,960.0,370,2,0,0,0,0
1680.1,1710.1,OR_F_E_signal,offramp,FW_E,10643,9,,4,480.0,262,16,0,0,0,0
1680.1,1710.1,OR_F_E_direct,offramp,FW_E,10682,11,,14,1680.0,496,4,0,0,0,0
1680.1,1710.1,OR_F_W_signal,offramp,FW_W,10638,19,,6,720.0,190,0,0,0,0,0
1680.1,1710.1,OR_F_W_direct,offramp,FW_W,10645,16,,8,960.0,434,5,0,0,0,0
1680.1,1710.1,source_1098,source,FW_E,,,0,72,8640.0,3468,,0,72,0,0
1680.1,1710.1,source_1099,source,FW_W,,,0,26,3120.0,2334,,0,26,0,0
1710.1,1740.1,RM_C10480,ramp,FW_W,10480,,8,0,0.0,21,0,0,0,0,0
1710.1,1740.1,RM_C10482,ramp,FW_W,10482,,10,17,2040.0,823,24,0,0,0,0
1710.1,1740.1,RM_C10646,ramp,FW_W,10646,,18,0,0.0,68,0,0,0,0,0
1710.1,1740.1,RM_C10644,ramp,FW_W,10644,,22,3,360.0,159,19,0,0,0,0
1710.1,1740.1,RM_C10639,ramp,FW_E,10639,,10,7,840.0,202,10,0,0,0,0
1710.1,1740.1,RM_C10681,ramp,FW_E,10681,,12,6,720.0,297,29,0,0,0,0
1710.1,1740.1,RM_C10490,ramp,FW_E,10490,,21,9,1080.0,275,8,0,0,0,0
1710.1,1740.1,RM_C10484,ramp,FW_E,10484,,23,5,600.0,185,5,0,0,0,0
1710.1,1740.1,OR_D_E_signal,offramp,FW_E,10481,18,,3,360.0,115,2,0,0,0,0
1710.1,1740.1,OR_D_E_direct,offramp,FW_E,10483,20,,4,480.0,404,2,0,0,0,0
1710.1,1740.1,OR_D_W_signal,offramp,FW_W,10491,9,,7,840.0,387,5,0,0,0,0
1710.1,1740.1,OR_D_W_direct,offramp,FW_W,10479,7,,7,840.0,377,2,0,0,0,0
1710.1,1740.1,OR_F_E_signal,offramp,FW_E,10643,9,,5,600.0,267,18,0,0,0,0
1710.1,1740.1,OR_F_E_direct,offramp,FW_E,10682,11,,11,1320.0,507,3,0,0,0,0
1710.1,1740.1,OR_F_W_signal,offramp,FW_W,10638,19,,4,480.0,194,2,0,0,0,0
1710.1,1740.1,OR_F_W_direct,offramp,FW_W,10645,16,,9,1080.0,443,6,0,0,0,0
1710.1,1740.1,source_1098,source,FW_E,,,0,64,7680.0,3532,,0,64,0,0
1710.1,1740.1,source_1099,source,FW_W,,,0,49,5880.0,2383,,0,49,0,0
1740.1,1770.1,RM_C10480,ramp,FW_W,10480,,8,0,0.0,21,0,0,0,0,0
1740.1,1770.1,RM_C10482,ramp,FW_W,10482,,10,21,2520.0,844,21,0,0,0,0
1740.1,1770.1,RM_C10646,ramp,FW_W,10646,,18,0,0.0,68,2,0,0,0,0
1740.1,1770.1,RM_C10644,ramp,FW_W,10644,,22,7,840.0,166,17,0,0,0,0
1740.1,1770.1,RM_C10639,ramp,FW_E,10639,,10,8,960.0,210,6,0,0,0,0
1740.1,1770.1,RM_C10681,ramp,FW_E,10681,,12,8,960.0,305,38,0,0,0,0
1740.1,1770.1,RM_C10490,ramp,FW_E,10490,,21,8,960.0,283,6,0,0,0,0
1740.1,1770.1,RM_C10484,ramp,FW_E,10484,,23,5,600.0,190,6,0,0,0,0
1740.1,1770.1,OR_D_E_signal,offramp,FW_E,10481,18,,1,120.0,116,1,0,0,0,0
1740.1,1770.1,OR_D_E_direct,offramp,FW_E,10483,20,,13,1560.0,417,4,0,0,0,0
1740.1,1770.1,OR_D_W_signal,offramp,FW_W,10491,9,,10,1200.0,397,5,0,0,0,0
1740.1,1770.1,OR_D_W_direct,offramp,FW_W,10479,7,,5,600.0,382,2,0,0,0,0
1740.1,1770.1,OR_F_E_signal,offramp,FW_E,10643,9,,5,600.0,272,17,0,0,0,0
1740.1,1770.1,OR_F_E_direct,offramp,FW_E,10682,11,,9,1080.0,516,5,0,0,0,0
1740.1,1770.1,OR_F_W_signal,offramp,FW_W,10638,19,,3,360.0,197,0,0,0,0,0
1740.1,1770.1,OR_F_W_direct,offramp,FW_W,10645,16,,12,1440.0,455,5,0,0,0,0
1740.1,1770.1,source_1098,source,FW_E,,,0,56,6720.0,3588,,0,56,0,0
1740.1,1770.1,source_1099,source,FW_W,,,0,38,4560.0,2421,,0,38,0,0
1770.1,1800.1,RM_C10480,ramp,FW_W,10480,,8,2,240.0,23,1,0,0,0,0
1770.1,1800.1,RM_C10482,ramp,FW_W,10482,,10,9,1080.0,853,31,0,0,0,0
1770.1,1800.1,RM_C10646,ramp,FW_W,10646,,18,1,120.0,69,4,0,0,0,0
1770.1,1800.1,RM_C10644,ramp,FW_W,10644,,22,4,480.0,170,14,0,0,0,0
1770.1,1800.1,RM_C10639,ramp,FW_E,10639,,10,6,720.0,216,3,0,0,0,0
1770.1,1800.1,RM_C10681,ramp,FW_E,10681,,12,10,1200.0,315,46,0,0,0,0
1770.1,1800.1,RM_C10490,ramp,FW_E,10490,,21,2,240.0,285,9,0,0,0,0
1770.1,1800.1,RM_C10484,ramp,FW_E,10484,,23,5,600.0,195,8,0,0,0,0
1770.1,1800.1,OR_D_E_signal,offramp,FW_E,10481,18,,4,480.0,120,1,0,0,0,0
1770.1,1800.1,OR_D_E_direct,offramp,FW_E,10483,20,,7,840.0,424,5,0,0,0,0
1770.1,1800.1,OR_D_W_signal,offramp,FW_W,10491,9,,12,1440.0,409,4,0,0,0,0
1770.1,1800.1,OR_D_W_direct,offramp,FW_W,10479,7,,3,360.0,385,1,0,0,0,0
1770.1,1800.1,OR_F_E_signal,offramp,FW_E,10643,9,,1,120.0,273,10,0,0,0,0
1770.1,1800.1,OR_F_E_direct,offramp,FW_E,10682,11,,12,1440.0,528,5,0,0,0,0
1770.1,1800.1,OR_F_W_signal,offramp,FW_W,10638,19,,4,480.0,201,1,0,0,0,0
1770.1,1800.1,OR_F_W_direct,offramp,FW_W,10645,16,,0,0.0,455,0,0,0,0,0
1770.1,1800.1,source_1098,source,FW_E,,,0,59,7080.0,3647,,0,59,0,0
1770.1,1800.1,source_1099,source,FW_W,,,0,55,6600.0,2476,,0,55,0,0
1800.1,1830.1,RM_C10480,ramp,FW_W,10480,,8,1,120.0,24,1,0,0,0,0
1800.1,1830.1,RM_C10482,ramp,FW_W,10482,,10,18,2160.0,871,30,0,0,0,0
1800.1,1830.1,RM_C10646,ramp,FW_W,10646,,18,5,600.0,74,4,0,0,0,0
1800.1,1830.1,RM_C10644,ramp,FW_W,10644,,22,9,1080.0,179,9,0,0,0,0
1800.1,1830.1,RM_C10639,ramp,FW_E,10639,,10,3,360.0,219,0,0,0,0,0
1800.1,1830.1,RM_C10681,ramp,FW_E,10681,,12,7,840.0,322,46,0,0,0,0
1800.1,1830.1,RM_C10490,ramp,FW_E,10490,,21,9,1080.0,294,5,0,0,0,0
1800.1,1830.1,RM_C10484,ramp,FW_E,10484,,23,6,720.0,201,5,0,0,0,0
1800.1,1830.1,OR_D_E_signal,offramp,FW_E,10481,18,,4,480.0,124,3,0,0,0,0
1800.1,1830.1,OR_D_E_direct,offramp,FW_E,10483,20,,9,1080.0,433,3,0,0,0,0
1800.1,1830.1,OR_D_W_signal,offramp,FW_W,10491,9,,10,1200.0,419,5,0,0,0,0
1800.1,1830.1,OR_D_W_direct,offramp,FW_W,10479,7,,10,1200.0,395,3,0,0,0,0
1800.1,1830.1,OR_F_E_signal,offramp,FW_E,10643,9,,9,1080.0,282,13,0,0,0,0
1800.1,1830.1,OR_F_E_direct,offramp,FW_E,10682,11,,9,1080.0,537,1,0,0,0,0
1800.1,1830.1,OR_F_W_signal,offramp,FW_W,10638,19,,5,600.0,206,2,0,0,0,0
1800.1,1830.1,OR_F_W_direct,offramp,FW_W,10645,16,,8,960.0,463,2,0,0,0,0
1800.1,1830.1,source_1098,source,FW_E,,,0,58,6960.0,3705,,0,58,0,0
1800.1,1830.1,source_1099,source,FW_W,,,0,32,3840.0,2508,,0,32,0,0
1830.1,1860.1,RM_C10480,ramp,FW_W,10480,,8,0,0.0,24,0,0,0,0,0
1830.1,1860.1,RM_C10482,ramp,FW_W,10482,,10,19,2280.0,890,32,0,0,0,0
1830.1,1860.1,RM_C10646,ramp,FW_W,10646,,18,3,360.0,77,2,0,0,0,0
1830.1,1860.1,RM_C10644,ramp,FW_W,10644,,22,4,480.0,183,8,0,0,0,0
1830.1,1860.1,RM_C10639,ramp,FW_E,10639,,10,0,0.0,219,8,0,0,0,0
1830.1,1860.1,RM_C10681,ramp,FW_E,10681,,12,9,1080.0,331,37,0,0,0,0
1830.1,1860.1,RM_C10490,ramp,FW_E,10490,,21,4,480.0,298,8,0,0,0,0
1830.1,1860.1,RM_C10484,ramp,FW_E,10484,,23,5,600.0,206,2,0,0,0,0
1830.1,1860.1,OR_D_E_signal,offramp,FW_E,10481,18,,4,480.0,128,3,0,0,0,0
1830.1,1860.1,OR_D_E_direct,offramp,FW_E,10483,20,,10,1200.0,443,5,0,0,0,0
1830.1,1860.1,OR_D_W_signal,offramp,FW_W,10491,9,,10,1200.0,429,3,0,0,0,0
1830.1,1860.1,OR_D_W_direct,offramp,FW_W,10479,7,,7,840.0,402,3,0,0,0,0
1830.1,1860.1,OR_F_E_signal,offramp,FW_E,10643,9,,4,480.0,286,16,0,0,0,0
1830.1,1860.1,OR_F_E_direct,offramp,FW_E,10682,11,,15,1800.0,552,7,0,0,0,0
1830.1,1860.1,OR_F_W_signal,offramp,FW_W,10638,19,,6,720.0,212,2,0,0,0,0
1830.1,1860.1,OR_F_W_direct,offramp,FW_W,10645,16,,9,1080.0,472,2,0,0,0,0
1830.1,1860.1,source_1098,source,FW_E,,,0,56,6720.0,3761,,0,56,0,0
1830.1,1860.1,source_1099,source,FW_W,,,0,34,4080.0,2542,,0,34,0,0
1860.1,1890.1,RM_C10480,ramp,FW_W,10480,,8,0,0.0,24,0,0,0,0,0
1860.1,1890.1,RM_C10482,ramp,FW_W,10482,,10,25,3000.0,915,25,0,0,0,0
1860.1,1890.1,RM_C10646,ramp,FW_W,10646,,18,0,0.0,77,0,0,0,0,0
1860.1,1890.1,RM_C10644,ramp,FW_W,10644,,22,3,360.0,186,9,0,0,0,0
1860.1,1890.1,RM_C10639,ramp,FW_E,10639,,10,7,840.0,226,8,0,0,0,0
1860.1,1890.1,RM_C10681,ramp,FW_E,10681,,12,11,1320.0,342,34,0,0,0,0
1860.1,1890.1,RM_C10490,ramp,FW_E,10490,,21,7,840.0,305,9,0,0,0,0
1860.1,1890.1,RM_C10484,ramp,FW_E,10484,,23,0,0.0,206,10,0,0,0,0
1860.1,1890.1,OR_D_E_signal,offramp,FW_E,10481,18,,3,360.0,131,0,0,0,0,0
1860.1,1890.1,OR_D_E_direct,offramp,FW_E,10483,20,,13,1560.0,456,4,0,0,0,0
1860.1,1890.1,OR_D_W_signal,offramp,FW_W,10491,9,,4,480.0,433,1,0,0,0,0
1860.1,1890.1,OR_D_W_direct,offramp,FW_W,10479,7,,10,1200.0,412,2,0,0,0,0
1860.1,1890.1,OR_F_E_signal,offramp,FW_E,10643,9,,6,720.0,292,17,0,0,0,0
1860.1,1890.1,OR_F_E_direct,offramp,FW_E,10682,11,,7,840.0,559,0,0,0,0,0
1860.1,1890.1,OR_F_W_signal,offramp,FW_W,10638,19,,5,600.0,217,3,0,0,0,0
1860.1,1890.1,OR_F_W_direct,offramp,FW_W,10645,16,,15,1800.0,487,8,0,0,0,0
1860.1,1890.1,source_1098,source,FW_E,,,0,68,8160.0,3829,,0,68,0,0
1860.1,1890.1,source_1099,source,FW_W,,,0,45,5400.0,2587,,0,45,0,0
1890.1,1920.1,RM_C10480,ramp,FW_W,10480,,8,0,0.0,24,0,0,0,0,0
1890.1,1920.1,RM_C10482,ramp,FW_W,10482,,10,19,2280.0,934,22,0,0,0,0
1890.1,1920.1,RM_C10646,ramp,FW_W,10646,,18,0,0.0,77,0,0,0,0,0
1890.1,1920.1,RM_C10644,ramp,FW_W,10644,,22,2,240.0,188,8,0,0,0,0
1890.1,1920.1,RM_C10639,ramp,FW_E,10639,,10,4,480.0,230,7,0,0,0,0
1890.1,1920.1,RM_C10681,ramp,FW_E,10681,,12,6,720.0,348,42,0,0,0,0
1890.1,1920.1,RM_C10490,ramp,FW_E,10490,,21,8,960.0,313,8,0,0,0,0
1890.1,1920.1,RM_C10484,ramp,FW_E,10484,,23,4,480.0,210,12,0,0,0,0
1890.1,1920.1,OR_D_E_signal,offramp,FW_E,10481,18,,1,120.0,132,0,0,0,0,0
1890.1,1920.1,OR_D_E_direct,offramp,FW_E,10483,20,,9,1080.0,465,8,0,0,0,0
1890.1,1920.1,OR_D_W_signal,offramp,FW_W,10491,9,,4,480.0,437,1,0,0,0,0
1890.1,1920.1,OR_D_W_direct,offramp,FW_W,10479,7,,7,840.0,419,5,0,0,0,0
1890.1,1920.1,OR_F_E_signal,offramp,FW_E,10643,9,,7,840.0,299,16,0,0,0,0
1890.1,1920.1,OR_F_E_direct,offramp,FW_E,10682,11,,10,1200.0,569,5,0,0,0,0
1890.1,1920.1,OR_F_W_signal,offramp,FW_W,10638,19,,0,0.0,217,0,0,0,0,0
1890.1,1920.1,OR_F_W_direct,offramp,FW_W,10645,16,,11,1320.0,498,6,0,0,0,0
1890.1,1920.1,source_1098,source,FW_E,,,0,65,7800.0,3894,,0,65,0,0
1890.1,1920.1,source_1099,source,FW_W,,,0,29,3480.0,2616,,0,29,0,0
1920.1,1950.1,RM_C10480,ramp,FW_W,10480,,8,0,0.0,24,0,0,0,0,0
1920.1,1950.1,RM_C10482,ramp,FW_W,10482,,10,13,1560.0,947,32,0,0,0,0
1920.1,1950.1,RM_C10646,ramp,FW_W,10646,,18,0,0.0,77,8,0,0,0,0
1920.1,1950.1,RM_C10644,ramp,FW_W,10644,,22,5,600.0,193,3,0,0,0,0
1920.1,1950.1,RM_C10639,ramp,FW_E,10639,,10,6,720.0,236,2,0,0,0,0
1920.1,1950.1,RM_C10681,ramp,FW_E,10681,,12,7,840.0,355,51,0,0,0,0
1920.1,1950.1,RM_C10490,ramp,FW_E,10490,,21,9,1080.0,322,4,0,0,0,0
1920.1,1950.1,RM_C10484,ramp,FW_E,10484,,23,7,840.0,217,13,0,0,0,0
1920.1,1950.1,OR_D_E_signal,offramp,FW_E,10481,18,,3,360.0,135,0,0,0,0,0
1920.1,1950.1,OR_D_E_direct,offramp,FW_E,10483,20,,3,360.0,468,3,0,0,0,0
1920.1,1950.1,OR_D_W_signal,offramp,FW_W,10491,9,,5,600.0,442,3,0,0,0,0
1920.1,1950.1,OR_D_W_direct,offramp,FW_W,10479,7,,10,1200.0,429,3,0,0,0,0
1920.1,1950.1,OR_F_E_signal,offramp,FW_E,10643,9,,3,360.0,302,15,0,0,0,0
1920.1,1950.1,OR_F_E_direct,offramp,FW_E,10682,11,,7,840.0,576,3,0,0,0,0
1920.1,1950.1,OR_F_W_signal,offramp,FW_W,10638,19,,4,480.0,221,1,0,0,0,0
1920.1,1950.1,OR_F_W_direct,offramp,FW_W,10645,16,,4,480.0,502,1,0,0,0,0
1920.1,1950.1,source_1098,source,FW_E,,,0,67,8040.0,3961,,0,67,0,0
1920.1,1950.1,source_1099,source,FW_W,,,0,37,4440.0,2653,,0,37,0,0
1950.1,1980.1,RM_C10480,ramp,FW_W,10480,,8,0,0.0,24,6,0,0,0,0
1950.1,1980.1,RM_C10482,ramp,FW_W,10482,,10,14,1680.0,961,38,0,0,0,0
1950.1,1980.1,RM_C10646,ramp,FW_W,10646,,18,6,720.0,83,6,0,0,0,0
1950.1,1980.1,RM_C10644,ramp,FW_W,10644,,22,2,240.0,195,1,0,0,0,0
1950.1,1980.1,RM_C10639,ramp,FW_E,10639,,10,2,240.0,238,0,0,0,0,0
1950.1,1980.1,RM_C10681,ramp,FW_E,10681,,12,8,960.0,363,48,0,0,0,0
1950.1,1980.1,RM_C10490,ramp,FW_E,10490,,21,4,480.0,326,7,0,0,0,0
1950.1,1980.1,RM_C10484,ramp,FW_E,10484,,23,6,720.0,223,11,0,0,0,0
1950.1,1980.1,OR_D_E_signal,offramp,FW_E,10481,18,,1,120.0,136,1,0,0,0,0
1950.1,1980.1,OR_D_E_direct,offramp,FW_E,10483,20,,10,1200.0,478,3,0,0,0,0
1950.1,1980.1,OR_D_W_signal,offramp,FW_W,10491,9,,6,720.0,448,0,0,0,0,0
1950.1,1980.1,OR_D_W_direct,offramp,FW_W,10479,7,,6,720.0,435,1,0,0,0,0
1950.1,1980.1,OR_F_E_signal,offramp,FW_E,10643,9,,7,840.0,309,13,0,0,0,0
1950.1,1980.1,OR_F_E_direct,offramp,FW_E,10682,11,,13,1560.0,589,7,0,0,0,0
1950.1,1980.1,OR_F_W_signal,offramp,FW_W,10638,19,,9,1080.0,230,7,0,0,0,0
1950.1,1980.1,OR_F_W_direct,offramp,FW_W,10645,16,,9,1080.0,511,2,0,0,0,0
1950.1,1980.1,source_1098,source,FW_E,,,0,67,8040.0,4028,,0,67,0,0
1950.1,1980.1,source_1099,source,FW_W,,,0,39,4680.0,2692,,0,39,0,0
1980.1,2010.1,RM_C10480,ramp,FW_W,10480,,8,4,480.0,28,1,0,0,0,0
1980.1,2010.1,RM_C10482,ramp,FW_W,10482,,10,32,3840.0,993,25,0,0,0,0
1980.1,2010.1,RM_C10646,ramp,FW_W,10646,,18,3,360.0,86,3,0,0,0,0
1980.1,2010.1,RM_C10644,ramp,FW_W,10644,,22,1,120.0,196,4,0,0,0,0
1980.1,2010.1,RM_C10639,ramp,FW_E,10639,,10,0,0.0,238,0,0,0,0,0
1980.1,2010.1,RM_C10681,ramp,FW_E,10681,,12,9,1080.0,372,39,0,0,0,0
1980.1,2010.1,RM_C10490,ramp,FW_E,10490,,21,7,840.0,333,3,0,0,0,0
1980.1,2010.1,RM_C10484,ramp,FW_E,10484,,23,7,840.0,230,5,0,0,0,0
1980.1,2010.1,OR_D_E_signal,offramp,FW_E,10481,18,,2,240.0,138,0,0,0,0,0
1980.1,2010.1,OR_D_E_direct,offramp,FW_E,10483,20,,5,600.0,483,0,0,0,0,0
1980.1,2010.1,OR_D_W_signal,offramp,FW_W,10491,9,,8,960.0,456,3,0,0,0,0
1980.1,2010.1,OR_D_W_direct,offramp,FW_W,10479,7,,8,960.0,443,0,0,0,0,0
1980.1,2010.1,OR_F_E_signal,offramp,FW_E,10643,9,,10,1200.0,319,8,0,0,0,0
1980.1,2010.1,OR_F_E_direct,offramp,FW_E,10682,11,,16,1920.0,605,9,0,0,0,0
1980.1,2010.1,OR_F_W_signal,offramp,FW_W,10638,19,,12,1440.0,242,1,0,0,0,0
1980.1,2010.1,OR_F_W_direct,offramp,FW_W,10645,16,,14,1680.0,525,6,0,0,0,0
1980.1,2010.1,source_1098,source,FW_E,,,0,50,6000.0,4078,,0,50,0,0
1980.1,2010.1,source_1099,source,FW_W,,,0,32,3840.0,2724,,0,32,0,0
2010.1,2040.1,RM_C10480,ramp,FW_W,10480,,8,0,0.0,28,0,0,0,0,0
2010.1,2040.1,RM_C10482,ramp,FW_W,10482,,10,20,2400.0,1013,29,0,0,0,0
2010.1,2040.1,RM_C10646,ramp,FW_W,10646,,18,1,120.0,87,3,0,0,0,0
2010.1,2040.1,RM_C10644,ramp,FW_W,10644,,22,0,0.0,196,9,0,0,0,0
2010.1,2040.1,RM_C10639,ramp,FW_E,10639,,10,0,0.0,238,5,0,0,0,0
2010.1,2040.1,RM_C10681,ramp,FW_E,10681,,12,9,1080.0,381,38,0,0,0,0
2010.1,2040.1,RM_C10490,ramp,FW_E,10490,,21,3,360.0,336,10,0,0,0,0
2010.1,2040.1,RM_C10484,ramp,FW_E,10484,,23,4,480.0,234,3,0,0,0,0
2010.1,2040.1,OR_D_E_signal,offramp,FW_E,10481,18,,3,360.0,141,2,0,0,0,0
2010.1,2040.1,OR_D_E_direct,offramp,FW_E,10483,20,,12,1440.0,495,4,0,0,0,0
2010.1,2040.1,OR_D_W_signal,offramp,FW_W,10491,9,,7,840.0,463,4,0,0,0,0
2010.1,2040.1,OR_D_W_direct,offramp,FW_W,10479,7,,5,600.0,448,1,0,0,0,0
2010.1,2040.1,OR_F_E_signal,offramp,FW_E,10643,9,,5,600.0,324,6,0,0,0,0
2010.1,2040.1,OR_F_E_direct,offramp,FW_E,10682,11,,16,1920.0,621,8,0,0,0,0
2010.1,2040.1,OR_F_W_signal,offramp,FW_W,10638,19,,2,240.0,244,0,0,0,0,0
2010.1,2040.1,OR_F_W_direct,offramp,FW_W,10645,16,,7,840.0,532,2,0,0,0,0
2010.1,2040.1,source_1098,source,FW_E,,,0,59,7080.0,4137,,0,59,0,0
2010.1,2040.1,source_1099,source,FW_W,,,0,33,3960.0,2757,,0,33,0,0
2040.1,2070.1,RM_C10480,ramp,FW_W,10480,,8,0,0.0,28,0,0,0,0,0
2040.1,2070.1,RM_C10482,ramp,FW_W,10482,,10,17,2040.0,1030,31,0,0,0,0
2040.1,2070.1,RM_C10646,ramp,FW_W,10646,,18,0,0.0,87,5,0,0,0,0
2040.1,2070.1,RM_C10644,ramp,FW_W,10644,,22,0,0.0,196,11,0,0,0,0
2040.1,2070.1,RM_C10639,ramp,FW_E,10639,,10,1,120.0,239,8,0,0,0,0
2040.1,2070.1,RM_C10681,ramp,FW_E,10681,,12,6,720.0,387,48,0,0,0,0
2040.1,2070.1,RM_C10490,ramp,FW_E,10490,,21,11,1320.0,347,3,0,0,0,0
2040.1,2070.1,RM_C10484,ramp,FW_E,10484,,23,3,360.0,237,6,0,0,0,0
2040.1,2070.1,OR_D_E_signal,offramp,FW_E,10481,18,,2,240.0,143,2,0,0,0,0
2040.1,2070.1,OR_D_E_direct,offramp,FW_E,10483,20,,14,1680.0,509,3,0,0,0,0
2040.1,2070.1,OR_D_W_signal,offramp,FW_W,10491,9,,5,600.0,468,0,0,0,0,0
2040.1,2070.1,OR_D_W_direct,offramp,FW_W,10479,7,,3,360.0,451,2,0,0,0,0
2040.1,2070.1,OR_F_E_signal,offramp,FW_E,10643,9,,1,120.0,325,4,0,0,0,0
2040.1,2070.1,OR_F_E_direct,offramp,FW_E,10682,11,,6,720.0,627,0,0,0,0,0
2040.1,2070.1,OR_F_W_signal,offramp,FW_W,10638,19,,6,720.0,250,1,0,0,0,0
2040.1,2070.1,OR_F_W_direct,offramp,FW_W,10645,16,,8,960.0,540,6,0,0,0,0
2040.1,2070.1,source_1098,source,FW_E,,,0,56,6720.0,4193,,0,56,0,0
2040.1,2070.1,source_1099,source,FW_W,,,0,37,4440.0,2794,,0,37,0,0
2070.1,2100.1,RM_C10480,ramp,FW_W,10480,,8,1,120.0,29,4,0,0,0,0
2070.1,2100.1,RM_C10482,ramp,FW_W,10482,,10,20,2400.0,1050,27,0,0,0,0
2070.1,2100.1,RM_C10646,ramp,FW_W,10646,,18,4,480.0,91,7,0,0,0,0
2070.1,2100.1,RM_C10644,ramp,FW_W,10644,,22,4,480.0,200,11,0,0,0,0
2070.1,2100.1,RM_C10639,ramp,FW_E,10639,,10,6,720.0,245,8,0,0,0,0
2070.1,2100.1,RM_C10681,ramp,FW_E,10681,,12,6,720.0,393,54,0,0,0,0
2070.1,2100.1,RM_C10490,ramp,FW_E,10490,,21,3,360.0,350,7,0,0,0,0
2070.1,2100.1,RM_C10484,ramp,FW_E,10484,,23,3,360.0,240,9,0,0,0,0
2070.1,2100.1,OR_D_E_signal,offramp,FW_E,10481,18,,8,960.0,151,2,0,0,0,0
2070.1,2100.1,OR_D_E_direct,offramp,FW_E,10483,20,,7,840.0,516,2,0,0,0,0
2070.1,2100.1,OR_D_W_signal,offramp,FW_W,10491,9,,5,600.0,473,2,0,0,0,0
2070.1,2100.1,OR_D_W_direct,offramp,FW_W,10479,7,,6,720.0,457,3,0,0,0,0
2070.1,2100.1,OR_F_E_signal,offramp,FW_E,10643,9,,6,720.0,331,9,0,0,0,0
2070.1,2100.1,OR_F_E_direct,offramp,FW_E,10682,11,,8,960.0,635,4,0,0,0,0
2070.1,2100.1,OR_F_W_signal,offramp,FW_W,10638,19,,6,720.0,256,3,0,0,0,0
2070.1,2100.1,OR_F_W_direct,offramp,FW_W,10645,16,,3,360.0,543,0,0,0,0,0
2070.1,2100.1,source_1098,source,FW_E,,,0,69,8280.0,4262,,0,69,0,0
2070.1,2100.1,source_1099,source,FW_W,,,0,28,3360.0,2822,,0,28,0,0
2100.1,2130.1,RM_C10480,ramp,FW_W,10480,,8,1,120.0,30,2,0,0,0,0
2100.1,2130.1,RM_C10482,ramp,FW_W,10482,,10,19,2280.0,1069,31,0,0,0,0
2100.1,2130.1,RM_C10646,ramp,FW_W,10646,,18,7,840.0,98,4,0,0,0,0
2100.1,2130.1,RM_C10644,ramp,FW_W,10644,,22,0,0.0,200,19,0,0,0,0
2100.1,2130.1,RM_C10639,ramp,FW_E,10639,,10,8,960.0,253,3,0,0,0,0
2100.1,2130.1,RM_C10681,ramp,FW_E,10681,,12,6,720.0,399,59,0,0,0,0
2100.1,2130.1,RM_C10490,ramp,FW_E,10490,,21,7,840.0,357,6,0,0,0,0
2100.1,2130.1,RM_C10484,ramp,FW_E,10484,,23,5,600.0,245,6,0,0,0,0
2100.1,2130.1,OR_D_E_signal,offramp,FW_E,10481,18,,4,480.0,155,3,0,0,0,0
2100.1,2130.1,OR_D_E_direct,offramp,FW_E,10483,20,,13,1560.0,529,4,0,0,0,0
2100.1,2130.1,OR_D_W_signal,offramp,FW_W,10491,9,,6,720.0,479,8,0,0,0,0
2100.1,2130.1,OR_D_W_direct,offramp,FW_W,10479,7,,5,600.0,462,2,0,0,0,0
2100.1,2130.1,OR_F_E_signal,offramp,FW_E,10643,9,,5,600.0,336,7,0,0,0,0
2100.1,2130.1,OR_F_E_direct,offramp,FW_E,10682,11,,11,1320.0,646,4,0,0,0,0
2100.1,2130.1,OR_F_W_signal,offramp,FW_W,10638,19,,6,720.0,262,4,0,0,0,0
2100.1,2130.1,OR_F_W_direct,offramp,FW_W,10645,16,,21,2520.0,564,10,0,0,0,0
2100.1,2130.1,source_1098,source,FW_E,,,0,54,6480.0,4316,,0,54,0,0
2100.1,2130.1,source_1099,source,FW_W,,,0,43,5160.0,2865,,0,43,0,0
2130.1,2160.1,RM_C10480,ramp,FW_W,10480,,8,0,0.0,30,0,0,0,0,0
2130.1,2160.1,RM_C10482,ramp,FW_W,10482,,10,21,2520.0,1090,34,0,0,0,0
2130.1,2160.1,RM_C10646,ramp,FW_W,10646,,18,3,360.0,101,4,0,0,0,0
2130.1,2160.1,RM_C10644,ramp,FW_W,10644,,22,7,840.0,207,16,0,0,0,0
2130.1,2160.1,RM_C10639,ramp,FW_E,10639,,10,3,360.0,256,4,0,0,0,0
2130.1,2160.1,RM_C10681,ramp,FW_E,10681,,12,13,1560.0,412,54,0,0,0,0
2130.1,2160.1,RM_C10490,ramp,FW_E,10490,,21,6,720.0,363,4,0,0,0,0
2130.1,2160.1,RM_C10484,ramp,FW_E,10484,,23,4,480.0,249,8,0,0,0,0
2130.1,2160.1,OR_D_E_signal,offramp,FW_E,10481,18,,2,240.0,157,2,0,0,0,0
2130.1,2160.1,OR_D_E_direct,offramp,FW_E,10483,20,,6,720.0,535,4,0,0,0,0
2130.1,2160.1,OR_D_W_signal,offramp,FW_W,10491,9,,7,840.0,486,1,0,0,0,0
2130.1,2160.1,OR_D_W_direct,offramp,FW_W,10479,7,,8,960.0,470,4,0,0,0,0
2130.1,2160.1,OR_F_E_signal,offramp,FW_E,10643,9,,15,1800.0,351,16,0,0,0,0
2130.1,2160.1,OR_F_E_direct,offramp,FW_E,10682,11,,15,1800.0,661,5,0,0,0,0
2130.1,2160.1,OR_F_W_signal,offramp,FW_W,10638,19,,9,1080.0,271,5,0,0,0,0
2130.1,2160.1,OR_F_W_direct,offramp,FW_W,10645,16,,11,1320.0,575,6,0,0,0,0
2130.1,2160.1,source_1098,source,FW_E,,,0,64,7680.0,4380,,0,64,0,0
2130.1,2160.1,source_1099,source,FW_W,,,0,36,4320.0,2901,,0,36,0,0
2160.1,2190.1,RM_C10480,ramp,FW_W,10480,,8,0,0.0,30,0,0,0,0,0
2160.1,2190.1,RM_C10482,ramp,FW_W,10482,,10,21,2520.0,1111,27,0,0,0,0
2160.1,2190.1,RM_C10646,ramp,FW_W,10646,,18,2,240.0,103,0,0,0,0,0
2160.1,2190.1,RM_C10644,ramp,FW_W,10644,,22,6,720.0,213,17,0,0,0,0
2160.1,2190.1,RM_C10639,ramp,FW_E,10639,,10,4,480.0,260,5,0,0,0,0
2160.1,2190.1,RM_C10681,ramp,FW_E,10681,,12,12,1440.0,424,52,0,0,0,0
2160.1,2190.1,RM_C10490,ramp,FW_E,10490,,21,4,480.0,367,9,0,0,0,0
2160.1,2190.1,RM_C10484,ramp,FW_E,10484,,23,4,480.0,253,7,0,0,0,0
2160.1,2190.1,OR_D_E_signal,offramp,FW_E,10481,18,,0,0.0,157,0,0,0,0,0
2160.1,2190.1,OR_D_E_direct,offramp,FW_E,10483,20,,9,1080.0,544,3,0,0,0,0
2160.1,2190.1,OR_D_W_signal,offramp,FW_W,10491,9,,10,1200.0,496,5,0,0,0,0
2160.1,2190.1,OR_D_W_direct,offramp,FW_W,10479,7,,7,840.0,477,1,0,0,0,0
2160.1,2190.1,OR_F_E_signal,offramp,FW_E,10643,9,,2,240.0,353,15,0,0,0,0
2160.1,2190.1,OR_F_E_direct,offramp,FW_E,10682,11,,4,480.0,665,0,0,0,0,0
2160.1,2190.1,OR_F_W_signal,offramp,FW_W,10638,19,,9,1080.0,280,3,0,0,0,0
2160.1,2190.1,OR_F_W_direct,offramp,FW_W,10645,16,,8,960.0,583,1,0,0,0,0
2160.1,2190.1,source_1098,source,FW_E,,,0,57,6840.0,4437,,0,57,0,0
2160.1,2190.1,source_1099,source,FW_W,,,0,37,4440.0,2938,,0,37,0,0
2190.1,2220.1,RM_C10480,ramp,FW_W,10480,,8,0,0.0,30,2,0,0,0,0
2190.1,2220.1,RM_C10482,ramp,FW_W,10482,,10,20,2400.0,1131,32,0,0,0,0
2190.1,2220.1,RM_C10646,ramp,FW_W,10646,,18,0,0.0,103,4,0,0,0,0
2190.1,2220.1,RM_C10644,ramp,FW_W,10644,,22,6,720.0,219,16,0,0,0,0
2190.1,2220.1,RM_C10639,ramp,FW_E,10639,,10,0,0.0,260,14,0,0,0,0
2190.1,2220.1,RM_C10681,ramp,FW_E,10681,,12,8,960.0,432,48,0,0,0,0
2190.1,2220.1,RM_C10490,ramp,FW_E,10490,,21,9,1080.0,376,4,0,0,0,0
2190.1,2220.1,RM_C10484,ramp,FW_E,10484,,23,6,720.0,259,8,0,0,0,0
2190.1,2220.1,OR_D_E_signal,offramp,FW_E,10481,18,,3,360.0,160,3,0,0,0,0
2190.1,2220.1,OR_D_E_direct,offramp,FW_E,10483,20,,8,960.0,552,3,0,0,0,0
2190.1,2220.1,OR_D_W_signal,offramp,FW_W,10491,9,,5,600.0,501,1,0,0,0,0
2190.1,2220.1,OR_D_W_direct,offramp,FW_W,10479,7,,7,840.0,484,5,0,0,0,0
2190.1,2220.1,OR_F_E_signal,offramp,FW_E,10643,9,,6,720.0,359,16,0,0,0,0
2190.1,2220.1,OR_F_E_direct,offramp,FW_E,10682,11,,8,960.0,673,2,0,0,0,0
2190.1,2220.1,OR_F_W_signal,offramp,FW_W,10638,19,,6,720.0,286,1,0,0,0,0
2190.1,2220.1,OR_F_W_direct,offramp,FW_W,10645,16,,16,1920.0,599,10,0,0,0,0
2190.1,2220.1,source_1098,source,FW_E,,,0,68,8160.0,4505,,0,68,0,0
2190.1,2220.1,source_1099,source,FW_W,,,0,29,3480.0,2967,,0,29,0,0
2220.1,2250.1,RM_C10480,ramp,FW_W,10480,,8,2,240.0,32,1,0,0,0,0
2220.1,2250.1,RM_C10482,ramp,FW_W,10482,,10,20,2400.0,1151,34,0,0,0,0
2220.1,2250.1,RM_C10646,ramp,FW_W,10646,,18,3,360.0,106,8,0,0,0,0
2220.1,2250.1,RM_C10644,ramp,FW_W,10644,,22,3,360.0,222,22,0,0,0,0
2220.1,2250.1,RM_C10639,ramp,FW_E,10639,,10,10,1200.0,270,7,0,0,0,0
2220.1,2250.1,RM_C10681,ramp,FW_E,10681,,12,9,1080.0,441,52,0,0,0,0
2220.1,2250.1,RM_C10490,ramp,FW_E,10490,,21,4,480.0,380,8,0,0,0,0
2220.1,2250.1,RM_C10484,ramp,FW_E,10484,,23,4,480.0,263,15,0,0,0,0
2220.1,2250.1,OR_D_E_signal,offramp,FW_E,10481,18,,8,960.0,168,2,0,0,0,0
2220.1,2250.1,OR_D_E_direct,offramp,FW_E,10483,20,,11,1320.0,563,3,0,0,0,0
2220.1,2250.1,OR_D_W_signal,offramp,FW_W,10491,9,,4,480.0,505,4,0,0,0,0
2220.1,2250.1,OR_D_W_direct,offramp,FW_W,10479,7,,2,240.0,486,1,0,0,0,0
2220.1,2250.1,OR_F_E_signal,offramp,FW_E,10643,9,,5,600.0,364,11,0,0,0,0
2220.1,2250.1,OR_F_E_direct,offramp,FW_E,10682,11,,10,1200.0,683,2,0,0,0,0
2220.1,2250.1,OR_F_W_signal,offramp,FW_W,10638,19,,6,720.0,292,4,0,0,0,0
2220.1,2250.1,OR_F_W_direct,offramp,FW_W,10645,16,,9,1080.0,608,5,0,0,0,0
2220.1,2250.1,source_1098,source,FW_E,,,0,73,8760.0,4578,,0,73,0,0
2220.1,2250.1,source_1099,source,FW_W,,,0,39,4680.0,3006,,0,39,0,0
2250.1,2280.1,RM_C10480,ramp,FW_W,10480,,8,2,240.0,34,1,0,0,0,0
2250.1,2280.1,RM_C10482,ramp,FW_W,10482,,10,25,3000.0,1176,31,0,0,0,0
2250.1,2280.1,RM_C10646,ramp,FW_W,10646,,18,6,720.0,112,0,0,0,0,0
2250.1,2280.1,RM_C10644,ramp,FW_W,10644,,22,9,1080.0,231,23,0,0,0,0
2250.1,2280.1,RM_C10639,ramp,FW_E,10639,,10,5,600.0,275,6,0,0,0,0
2250.1,2280.1,RM_C10681,ramp,FW_E,10681,,12,5,600.0,446,59,0,0,0,0
2250.1,2280.1,RM_C10490,ramp,FW_E,10490,,21,8,960.0,388,8,0,0,0,0
2250.1,2280.1,RM_C10484,ramp,FW_E,10484,,23,7,840.0,270,9,0,0,0,0
2250.1,2280.1,OR_D_E_signal,offramp,FW_E,10481,18,,1,120.0,169,0,0,0,0,0
2250.1,2280.1,OR_D_E_direct,offramp,FW_E,10483,20,,10,1200.0,573,3,0,0,0,0
2250.1,2280.1,OR_D_W_signal,offramp,FW_W,10491,9,,10,1200.0,515,3,0,0,0,0
2250.1,2280.1,OR_D_W_direct,offramp,FW_W,10479,7,,5,600.0,491,2,0,0,0,0
2250.1,2280.1,OR_F_E_signal,offramp,FW_E,10643,9,,5,600.0,369,9,0,0,0,0
2250.1,2280.1,OR_F_E_direct,offramp,FW_E,10682,11,,11,1320.0,694,6,0,0,0,0
2250.1,2280.1,OR_F_W_signal,offramp,FW_W,10638,19,,7,840.0,299,6,0,0,0,0
2250.1,2280.1,OR_F_W_direct,offramp,FW_W,10645,16,,8,960.0,616,2,0,0,0,0
2250.1,2280.1,source_1098,source,FW_E,,,0,66,7920.0,4644,,0,66,0,0
2250.1,2280.1,source_1099,source,FW_W,,,0,44,5280.0,3050,,0,44,0,0
2280.1,2310.1,RM_C10480,ramp,FW_W,10480,,8,0,0.0,34,0,0,0,0,0
2280.1,2310.1,RM_C10482,ramp,FW_W,10482,,10,22,2640.0,1198,25,0,0,0,0
2280.1,2310.1,RM_C10646,ramp,FW_W,10646,,18,0,0.0,112,1,0,0,0,0
2280.1,2310.1,RM_C10644,ramp,FW_W,10644,,22,2,240.0,233,29,0,0,0,0
2280.1,2310.1,RM_C10639,ramp,FW_E,10639,,10,6,720.0,281,4,0,0,0,0
2280.1,2310.1,RM_C10681,ramp,FW_E,10681,,12,12,1440.0,458,52,0,0,0,0
2280.1,2310.1,RM_C10490,ramp,FW_E,10490,,21,6,720.0,394,8,0,0,0,0
2280.1,2310.1,RM_C10484,ramp,FW_E,10484,,23,8,960.0,278,3,0,0,0,0
2280.1,2310.1,OR_D_E_signal,offramp,FW_E,10481,18,,3,360.0,172,0,0,0,0,0
2280.1,2310.1,OR_D_E_direct,offramp,FW_E,10483,20,,6,720.0,579,2,0,0,0,0
2280.1,2310.1,OR_D_W_signal,offramp,FW_W,10491,9,,8,960.0,523,1,0,0,0,0
2280.1,2310.1,OR_D_W_direct,offramp,FW_W,10479,7,,6,720.0,497,2,0,0,0,0
2280.1,2310.1,OR_F_E_signal,offramp,FW_E,10643,9,,9,1080.0,378,17,0,0,0,0
2280.1,2310.1,OR_F_E_direct,offramp,FW_E,10682,11,,10,1200.0,704,2,0,0,0,0
2280.1,2310.1,OR_F_W_signal,offramp,FW_W,10638,19,,4,480.0,303,0,0,0,0,0
2280.1,2310.1,OR_F_W_direct,offramp,FW_W,10645,16,,10,1200.0,626,4,0,0,0,0
2280.1,2310.1,source_1098,source,FW_E,,,0,58,6960.0,4702,,0,58,0,0
2280.1,2310.1,source_1099,source,FW_W,,,0,26,3120.0,3076,,0,26,0,0
2310.1,2340.1,RM_C10480,ramp,FW_W,10480,,8,0,0.0,34,0,0,0,0,0
2310.1,2340.1,RM_C10482,ramp,FW_W,10482,,10,13,1560.0,1211,24,0,0,0,0
2310.1,2340.1,RM_C10646,ramp,FW_W,10646,,18,0,0.0,112,1,0,0,0,0
2310.1,2340.1,RM_C10644,ramp,FW_W,10644,,22,15,1800.0,248,17,0,0,0,0
2310.1,2340.1,RM_C10639,ramp,FW_E,10639,,10,4,480.0,285,4,0,0,0,0
2310.1,2340.1,RM_C10681,ramp,FW_E,10681,,12,12,1440.0,470,48,0,0,0,0
2310.1,2340.1,RM_C10490,ramp,FW_E,10490,,21,8,960.0,402,5,0,0,0,0
2310.1,2340.1,RM_C10484,ramp,FW_E,10484,,23,1,120.0,279,7,0,0,0,0
2310.1,2340.1,OR_D_E_signal,offramp,FW_E,10481,18,,0,0.0,172,0,0,0,0,0
2310.1,2340.1,OR_D_E_direct,offramp,FW_E,10483,20,,7,840.0,586,7,0,0,0,0
2310.1,2340.1,OR_D_W_signal,offramp,FW_W,10491,9,,7,840.0,530,2,0,0,0,0
2310.1,2340.1,OR_D_W_direct,offramp,FW_W,10479,7,,9,1080.0,506,2,0,0,0,0
2310.1,2340.1,OR_F_E_signal,offramp,FW_E,10643,9,,6,720.0,384,19,0,0,0,0
2310.1,2340.1,OR_F_E_direct,offramp,FW_E,10682,11,,21,2520.0,725,7,0,0,0,0
2310.1,2340.1,OR_F_W_signal,offramp,FW_W,10638,19,,3,360.0,306,2,0,0,0,0
2310.1,2340.1,OR_F_W_direct,offramp,FW_W,10645,16,,14,1680.0,640,5,0,0,0,0
2310.1,2340.1,source_1098,source,FW_E,,,0,59,7080.0,4761,,0,59,0,0
2310.1,2340.1,source_1099,source,FW_W,,,0,57,6840.0,3133,,0,57,0,0
2340.1,2370.1,RM_C10480,ramp,FW_W,10480,,8,1,120.0,35,0,0,0,0,0
2340.1,2370.1,RM_C10482,ramp,FW_W,10482,,10,15,1800.0,1226,25,0,0,0,0
2340.1,2370.1,RM_C10646,ramp,FW_W,10646,,18,1,120.0,113,5,0,0,0,0
2340.1,2370.1,RM_C10644,ramp,FW_W,10644,,22,7,840.0,255,15,0,0,0,0
2340.1,2370.1,RM_C10639,ramp,FW_E,10639,,10,3,360.0,288,1,0,0,0,0
2340.1,2370.1,RM_C10681,ramp,FW_E,10681,,12,7,840.0,477,57,0,0,0,0
2340.1,2370.1,RM_C10490,ramp,FW_E,10490,,21,5,600.0,407,6,0,0,0,0
2340.1,2370.1,RM_C10484,ramp,FW_E,10484,,23,6,720.0,285,6,0,0,0,0
2340.1,2370.1,OR_D_E_signal,offramp,FW_E,10481,18,,2,240.0,174,2,0,0,0,0
2340.1,2370.1,OR_D_E_direct,offramp,FW_E,10483,20,,12,1440.0,598,8,0,0,0,0
2340.1,2370.1,OR_D_W_signal,offramp,FW_W,10491,9,,9,1080.0,539,5,0,0,0,0
2340.1,2370.1,OR_D_W_direct,offramp,FW_W,10479,7,,7,840.0,513,2,0,0,0,0
2340.1,2370.1,OR_F_E_signal,offramp,FW_E,10643,9,,7,840.0,391,20,0,0,0,0
2340.1,2370.1,OR_F_E_direct,offramp,FW_E,10682,11,,12,1440.0,737,6,0,0,0,0
2340.1,2370.1,OR_F_W_signal,offramp,FW_W,10638,19,,6,720.0,312,1,0,0,0,0
2340.1,2370.1,OR_F_W_direct,offramp,FW_W,10645,16,,17,2040.0,657,8,0,0,0,0
2340.1,2370.1,source_1098,source,FW_E,,,0,69,8280.0,4830,,0,69,0,0
2340.1,2370.1,source_1099,source,FW_W,,,0,44,5280.0,3177,,0,44,0,0
2370.1,2400.1,RM_C10480,ramp,FW_W,10480,,8,1,120.0,36,1,0,0,0,0
2370.1,2400.1,RM_C10482,ramp,FW_W,10482,,10,21,2520.0,1247,30,0,0,0,0
2370.1,2400.1,RM_C10646,ramp,FW_W,10646,,18,2,240.0,115,8,0,0,0,0
2370.1,2400.1,RM_C10644,ramp,FW_W,10644,,22,8,960.0,263,14,0,0,0,0
2370.1,2400.1,RM_C10639,ramp,FW_E,10639,,10,1,120.0,289,6,0,0,0,0
2370.1,2400.1,RM_C10681,ramp,FW_E,10681,,12,6,720.0,483,62,0,0,0,0
2370.1,2400.1,RM_C10490,ramp,FW_E,10490,,21,4,480.0,411,10,0,0,0,0
2370.1,2400.1,RM_C10484,ramp,FW_E,10484,,23,5,600.0,290,11,0,0,0,0
2370.1,2400.1,OR_D_E_signal,offramp,FW_E,10481,18,,0,0.0,174,0,0,0,0,0
2370.1,2400.1,OR_D_E_direct,offramp,FW_E,10483,20,,12,1440.0,610,6,0,0,0,0
2370.1,2400.1,OR_D_W_signal,offramp,FW_W,10491,9,,4,480.0,543,2,0,0,0,0
2370.1,2400.1,OR_D_W_direct,offramp,FW_W,10479,7,,8,960.0,521,1,0,0,0,0
2370.1,2400.1,OR_F_E_signal,offramp,FW_E,10643,9,,5,600.0,396,19,0,0,0,0
2370.1,2400.1,OR_F_E_direct,offramp,FW_E,10682,11,,17,2040.0,754,7,0,0,0,0
2370.1,2400.1,OR_F_W_signal,offramp,FW_W,10638,19,,7,840.0,319,6,0,0,0,0
2370.1,2400.1,OR_F_W_direct,offramp,FW_W,10645,16,,11,1320.0,668,3,0,0,0,0
2370.1,2400.1,source_1098,source,FW_E,,,0,64,7680.0,4894,,0,64,0,0
2370.1,2400.1,source_1099,source,FW_W,,,0,30,3600.0,3207,,0,30,0,0
2400.1,2430.1,RM_C10480,ramp,FW_W,10480,,8,2,240.0,38,0,0,0,0,0
2400.1,2430.1,RM_C10482,ramp,FW_W,10482,,10,20,2400.0,1267,26,0,0,0,0
2400.1,2430.1,RM_C10646,ramp,FW_W,10646,,18,2,240.0,117,4,0,0,0,0
2400.1,2430.1,RM_C10644,ramp,FW_W,10644,,22,3,360.0,266,11,0,0,0,0
2400.1,2430.1,RM_C10639,ramp,FW_E,10639,,10,4,480.0,293,6,0,0,0,0
2400.1,2430.1,RM_C10681,ramp,FW_E,10681,,12,11,1320.0,494,59,0,0,0,0
2400.1,2430.1,RM_C10490,ramp,FW_E,10490,,21,8,960.0,419,8,0,0,0,0
2400.1,2430.1,RM_C10484,ramp,FW_E,10484,,23,5,600.0,295,9,0,0,0,0
2400.1,2430.1,OR_D_E_signal,offramp,FW_E,10481,18,,8,960.0,182,1,0,0,0,0
2400.1,2430.1,OR_D_E_direct,offramp,FW_E,10483,20,,1,120.0,611,1,0,0,0,0
2400.1,2430.1,OR_D_W_signal,offramp,FW_W,10491,9,,11,1320.0,554,7,0,0,0,0
2400.1,2430.1,OR_D_W_direct,offramp,FW_W,10479,7,,7,840.0,528,1,0,0,0,0
2400.1,2430.1,OR_F_E_signal,offramp,FW_E,10643,9,,4,480.0,400,18,0,0,0,0
2400.1,2430.1,OR_F_E_direct,offramp,FW_E,10682,11,,21,2520.0,775,12,0,0,0,0
2400.1,2430.1,OR_F_W_signal,offramp,FW_W,10638,19,,3,360.0,322,5,0,0,0,0
2400.1,2430.1,OR_F_W_direct,offramp,FW_W,10645,16,,0,0.0,668,0,0,0,0,0
2400.1,2430.1,source_1098,source,FW_E,,,0,59,7080.0,4953,,0,59,0,0
2400.1,2430.1,source_1099,source,FW_W,,,0,23,2760.0,3230,,0,23,0,0
2430.1,2460.1,RM_C10480,ramp,FW_W,10480,,8,1,120.0,39,1,0,0,0,0
2430.1,2460.1,RM_C10482,ramp,FW_W,10482,,10,14,1680.0,1281,33,0,0,0,0
2430.1,2460.1,RM_C10646,ramp,FW_W,10646,,18,2,240.0,119,3,0,0,0,0
2430.1,2460.1,RM_C10644,ramp,FW_W,10644,,22,2,240.0,268,12,0,0,0,0
2430.1,2460.1,RM_C10639,ramp,FW_E,10639,,10,5,600.0,298,3,0,0,0,0
2430.1,2460.1,RM_C10681,ramp,FW_E,10681,,12,9,1080.0,503,53,0,0,0,0
2430.1,2460.1,RM_C10490,ramp,FW_E,10490,,21,7,840.0,426,8,0,0,0,0
2430.1,2460.1,RM_C10484,ramp,FW_E,10484,,23,6,720.0,301,6,0,0,0,0
2430.1,2460.1,OR_D_E_signal,offramp,FW_E,10481,18,,1,120.0,183,1,0,0,0,0
2430.1,2460.1,OR_D_E_direct,offramp,FW_E,10483,20,,17,2040.0,628,12,0,0,0,0
2430.1,2460.1,OR_D_W_signal,offramp,FW_W,10491,9,,11,1320.0,565,4,0,0,0,0
2430.1,2460.1,OR_D_W_direct,offramp,FW_W,10479,7,,6,720.0,534,0,0,0,0,0
2430.1,2460.1,OR_F_E_signal,offramp,FW_E,10643,9,,6,720.0,406,16,0,0,0,0
2430.1,2460.1,OR_F_E_direct,offramp,FW_E,10682,11,,10,1200.0,785,7,0,0,0,0
2430.1,2460.1,OR_F_W_signal,offramp,FW_W,10638,19,,3,360.0,325,0,0,0,0,0
2430.1,2460.1,OR_F_W_direct,offramp,FW_W,10645,16,,13,1560.0,681,1,0,0,0,0
2430.1,2460.1,source_1098,source,FW_E,,,0,66,7920.0,5019,,0,66,0,0
2430.1,2460.1,source_1099,source,FW_W,,,0,48,5760.0,3278,,0,48,0,0
2460.1,2490.1,RM_C10480,ramp,FW_W,10480,,8,0,0.0,39,1,0,0,0,0
2460.1,2490.1,RM_C10482,ramp,FW_W,10482,,10,21,2520.0,1302,31,0,0,0,0
2460.1,2490.1,RM_C10646,ramp,FW_W,10646,,18,1,120.0,120,1,0,0,0,0
2460.1,2490.1,RM_C10644,ramp,FW_W,10644,,22,9,1080.0,277,13,0,0,0,0
2460.1,2490.1,RM_C10639,ramp,FW_E,10639,,10,3,360.0,301,1,0,0,0,0
2460.1,2490.1,RM_C10681,ramp,FW_E,10681,,12,11,1320.0,514,54,0,0,0,0
2460.1,2490.1,RM_C10490,ramp,FW_E,10490,,21,7,840.0,433,6,0,0,0,0
2460.1,2490.1,RM_C10484,ramp,FW_E,10484,,23,4,480.0,305,7,0,0,0,0
2460.1,2490.1,OR_D_E_signal,offramp,FW_E,10481,18,,2,240.0,185,1,0,0,0,0
2460.1,2490.1,OR_D_E_direct,offramp,FW_E,10483,20,,8,960.0,636,6,0,0,0,0
2460.1,2490.1,OR_D_W_signal,offramp,FW_W,10491,9,,8,960.0,573,1,0,0,0,0
2460.1,2490.1,OR_D_W_direct,offramp,FW_W,10479,7,,4,480.0,538,2,0,0,0,0
2460.1,2490.1,OR_F_E_signal,offramp,FW_E,10643,9,,5,600.0,411,17,0,0,0,0
2460.1,2490.1,OR_F_E_direct,offramp,FW_E,10682,11,,9,1080.0,794,3,0,0,0,0
2460.1,2490.1,OR_F_W_signal,offramp,FW_W,10638,19,,6,720.0,331,1,0,0,0,0
2460.1,2490.1,OR_F_W_direct,offramp,FW_W,10645,16,,12,1440.0,693,2,0,0,0,0
2460.1,2490.1,source_1098,source,FW_E,,,0,72,8640.0,5091,,0,72,0,0
2460.1,2490.1,source_1099,source,FW_W,,,0,39,4680.0,3317,,0,39,0,0
2490.1,2520.1,RM_C10480,ramp,FW_W,10480,,8,3,360.0,42,0,0,0,0,0
2490.1,2520.1,RM_C10482,ramp,FW_W,10482,,10,24,2880.0,1326,27,0,0,0,0
2490.1,2520.1,RM_C10646,ramp,FW_W,10646,,18,0,0.0,120,3,0,0,0,0
2490.1,2520.1,RM_C10644,ramp,FW_W,10644,,22,0,0.0,277,17,0,0,0,0
2490.1,2520.1,RM_C10639,ramp,FW_E,10639,,10,1,120.0,302,5,0,0,0,0
2490.1,2520.1,RM_C10681,ramp,FW_E,10681,,12,9,1080.0,523,58,0,0,0,0
2490.1,2520.1,RM_C10490,ramp,FW_E,10490,,21,7,840.0,440,7,0,0,0,0
2490.1,2520.1,RM_C10484,ramp,FW_E,10484,,23,5,600.0,310,7,0,0,0,0
2490.1,2520.1,OR_D_E_signal,offramp,FW_E,10481,18,,3,360.0,188,0,0,0,0,0
2490.1,2520.1,OR_D_E_direct,offramp,FW_E,10483,20,,7,840.0,643,2,0,0,0,0
2490.1,2520.1,OR_D_W_signal,offramp,FW_W,10491,9,,14,1680.0,587,8,0,0,0,0
2490.1,2520.1,OR_D_W_direct,offramp,FW_W,10479,7,,6,720.0,544,1,0,0,0,0
2490.1,2520.1,OR_F_E_signal,offramp,FW_E,10643,9,,4,480.0,415,19,0,0,0,0
2490.1,2520.1,OR_F_E_direct,offramp,FW_E,10682,11,,5,600.0,799,5,0,0,0,0
2490.1,2520.1,OR_F_W_signal,offramp,FW_W,10638,19,,3,360.0,334,2,0,0,0,0
2490.1,2520.1,OR_F_W_direct,offramp,FW_W,10645,16,,5,600.0,698,0,0,0,0,0
2490.1,2520.1,source_1098,source,FW_E,,,0,67,8040.0,5158,,0,67,0,0
2490.1,2520.1,source_1099,source,FW_W,,,0,42,5040.0,3359,,0,42,0,0
2520.1,2550.1,RM_C10480,ramp,FW_W,10480,,8,0,0.0,42,1,0,0,0,0
2520.1,2550.1,RM_C10482,ramp,FW_W,10482,,10,16,1920.0,1342,30,0,0,0,0
2520.1,2550.1,RM_C10646,ramp,FW_W,10646,,18,0,0.0,120,5,0,0,0,0
2520.1,2550.1,RM_C10644,ramp,FW_W,10644,,22,3,360.0,280,18,0,0,0,0
2520.1,2550.1,RM_C10639,ramp,FW_E,10639,,10,0,0.0,302,9,0,0,0,0
2520.1,2550.1,RM_C10681,ramp,FW_E,10681,,12,8,960.0,531,61,0,0,0,0
2520.1,2550.1,RM_C10490,ramp,FW_E,10490,,21,7,840.0,447,8,0,0,0,0
2520.1,2550.1,RM_C10484,ramp,FW_E,10484,,23,4,480.0,314,8,0,0,0,0
2520.1,2550.1,OR_D_E_signal,offramp,FW_E,10481,18,,2,240.0,190,2,0,0,0,0
2520.1,2550.1,OR_D_E_direct,offramp,FW_E,10483,20,,13,1560.0,656,2,0,0,0,0
2520.1,2550.1,OR_D_W_signal,offramp,FW_W,10491,9,,6,720.0,593,4,0,0,0,0
2520.1,2550.1,OR_D_W_direct,offramp,FW_W,10479,7,,8,960.0,552,3,0,0,0,0
2520.1,2550.1,OR_F_E_signal,offramp,FW_E,10643,9,,8,960.0,423,23,0,0,0,0
2520.1,2550.1,OR_F_E_direct,offramp,FW_E,10682,11,,18,2160.0,817,6,0,0,0,0
2520.1,2550.1,OR_F_W_signal,offramp,FW_W,10638,19,,0,0.0,334,0,0,0,0,0
2520.1,2550.1,OR_F_W_direct,offramp,FW_W,10645,16,,5,600.0,703,0,0,0,0,0
2520.1,2550.1,source_1098,source,FW_E,,,0,62,7440.0,5220,,0,62,0,0
2520.1,2550.1,source_1099,source,FW_W,,,0,31,3720.0,3390,,0,31,0,0
2550.1,2580.1,RM_C10480,ramp,FW_W,10480,,8,2,240.0,44,2,0,0,0,0
2550.1,2580.1,RM_C10482,ramp,FW_W,10482,,10,23,2760.0,1365,31,0,0,0,0
2550.1,2580.1,RM_C10646,ramp,FW_W,10646,,18,2,240.0,122,1,0,0,0,0
2550.1,2580.1,RM_C10644,ramp,FW_W,10644,,22,9,1080.0,289,15,0,0,0,0
2550.1,2580.1,RM_C10639,ramp,FW_E,10639,,10,9,1080.0,311,8,0,0,0,0
2550.1,2580.1,RM_C10681,ramp,FW_E,10681,,12,12,1440.0,543,58,0,0,0,0
2550.1,2580.1,RM_C10490,ramp,FW_E,10490,,21,8,960.0,455,7,0,0,0,0
2550.1,2580.1,RM_C10484,ramp,FW_E,10484,,23,6,720.0,320,6,0,0,0,0
2550.1,2580.1,OR_D_E_signal,offramp,FW_E,10481,18,,7,840.0,197,8,0,0,0,0
2550.1,2580.1,OR_D_E_direct,offramp,FW_E,10483,20,,10,1200.0,666,5,0,0,0,0
2550.1,2580.1,OR_D_W_signal,offramp,FW_W,10491,9,,8,960.0,601,5,0,0,0,0
2550.1,2580.1,OR_D_W_direct,offramp,FW_W,10479,7,,7,840.0,559,3,0,0,0,0
2550.1,2580.1,OR_F_E_signal,offramp,FW_E,10643,9,,4,480.0,427,23,0,0,0,0
2550.1,2580.1,OR_F_E_direct,offramp,FW_E,10682,11,,13,1560.0,830,6,0,0,0,0
2550.1,2580.1,OR_F_W_signal,offramp,FW_W,10638,19,,6,720.0,340,1,0,0,0,0
2550.1,2580.1,OR_F_W_direct,offramp,FW_W,10645,16,,10,1200.0,713,2,0,0,0,0
2550.1,2580.1,source_1098,source,FW_E,,,0,69,8280.0,5289,,0,69,0,0
2550.1,2580.1,source_1099,source,FW_W,,,0,33,3960.0,3423,,0,33,0,0
2580.1,2610.1,RM_C10480,ramp,FW_W,10480,,8,5,600.0,49,2,0,0,0,0
2580.1,2610.1,RM_C10482,ramp,FW_W,10482,,10,20,2400.0,1385,29,0,0,0,0
2580.1,2610.1,RM_C10646,ramp,FW_W,10646,,18,1,120.0,123,4,0,0,0,0
2580.1,2610.1,RM_C10644,ramp,FW_W,10644,,22,6,720.0,295,9,0,0,0,0
2580.1,2610.1,RM_C10639,ramp,FW_E,10639,,10,4,480.0,315,11,0,0,0,0
2580.1,2610.1,RM_C10681,ramp,FW_E,10681,,12,15,1800.0,558,52,0,0,0,0
2580.1,2610.1,RM_C10490,ramp,FW_E,10490,,21,7,840.0,462,4,0,0,0,0
2580.1,2610.1,RM_C10484,ramp,FW_E,10484,,23,4,480.0,324,9,0,0,0,0
2580.1,2610.1,OR_D_E_signal,offramp,FW_E,10481,18,,7,840.0,204,8,0,0,0,0
2580.1,2610.1,OR_D_E_direct,offramp,FW_E,10483,20,,16,1920.0,682,8,0,0,0,0
2580.1,2610.1,OR_D_W_signal,offramp,FW_W,10491,9,,7,840.0,608,4,0,0,0,0
2580.1,2610.1,OR_D_W_direct,offramp,FW_W,10479,7,,8,960.0,567,2,0,0,0,0
2580.1,2610.1,OR_F_E_signal,offramp,FW_E,10643,9,,6,720.0,433,21,0,0,0,0
2580.1,2610.1,OR_F_E_direct,offramp,FW_E,10682,11,,7,840.0,837,0,0,0,0,0
2580.1,2610.1,OR_F_W_signal,offramp,FW_W,10638,19,,5,600.0,345,2,0,0,0,0
2580.1,2610.1,OR_F_W_direct,offramp,FW_W,10645,16,,16,1920.0,729,7,0,0,0,0
2580.1,2610.1,source_1098,source,FW_E,,,0,53,6360.0,5342,,0,53,0,0
2580.1,2610.1,source_1099,source,FW_W,,,0,26,3120.0,3449,,0,26,0,0
2610.1,2640.1,RM_C10480,ramp,FW_W,10480,,8,1,120.0,50,0,0,0,0,0
2610.1,2640.1,RM_C10482,ramp,FW_W,10482,,10,21,2520.0,1406,27,0,0,0,0
2610.1,2640.1,RM_C10646,ramp,FW_W,10646,,18,3,360.0,126,1,0,0,0,0
2610.1,2640.1,RM_C10644,ramp,FW_W,10644,,22,4,480.0,299,7,0,0,0,0
2610.1,2640.1,RM_C10639,ramp,FW_E,10639,,10,10,1200.0,325,1,0,0,0,0
2610.1,2640.1,RM_C10681,ramp,FW_E,10681,,12,11,1320.0,569,47,0,0,0,0
2610.1,2640.1,RM_C10490,ramp,FW_E,10490,,21,5,600.0,467,5,0,0,0,0
2610.1,2640.1,RM_C10484,ramp,FW_E,10484,,23,6,720.0,330,7,0,0,0,0
2610.1,2640.1,OR_D_E_signal,offramp,FW_E,10481,18,,0,0.0,204,0,0,0,0,0
2610.1,2640.1,OR_D_E_direct,offramp,FW_E,10483,20,,8,960.0,690,1,0,0,0,0
2610.1,2640.1,OR_D_W_signal,offramp,FW_W,10491,9,,7,840.0,615,2,0,0,0,0
2610.1,2640.1,OR_D_W_direct,offramp,FW_W,10479,7,,1,120.0,568,1,0,0,0,0
2610.1,2640.1,OR_F_E_signal,offramp,FW_E,10643,9,,3,360.0,436,21,0,0,0,0
2610.1,2640.1,OR_F_E_direct,offramp,FW_E,10682,11,,5,600.0,842,5,0,0,0,0
2610.1,2640.1,OR_F_W_signal,offramp,FW_W,10638,19,,9,1080.0,354,4,0,0,0,0
2610.1,2640.1,OR_F_W_direct,offramp,FW_W,10645,16,,12,1440.0,741,7,0,0,0,0
2610.1,2640.1,source_1098,source,FW_E,,,0,63,7560.0,5405,,0,63,0,0
2610.1,2640.1,source_1099,source,FW_W,,,0,51,6120.0,3500,,0,51,0,0
2640.1,2670.1,RM_C10480,ramp,FW_W,10480,,8,0,0.0,50,1,0,0,0,0
2640.1,2670.1,RM_C10482,ramp,FW_W,10482,,10,20,2400.0,1426,29,0,0,0,0
2640.1,2670.1,RM_C10646,ramp,FW_W,10646,,18,0,0.0,126,4,0,0,0,0
2640.1,2670.1,RM_C10644,ramp,FW_W,10644,,22,5,600.0,304,5,0,0,0,0
2640.1,2670.1,RM_C10639,ramp,FW_E,10639,,10,1,120.0,326,6,0,0,0,0
2640.1,2670.1,RM_C10681,ramp,FW_E,10681,,12,9,1080.0,578,48,0,0,0,0
2640.1,2670.1,RM_C10490,ramp,FW_E,10490,,21,5,600.0,472,7,0,0,0,0
2640.1,2670.1,RM_C10484,ramp,FW_E,10484,,23,4,480.0,334,12,0,0,0,0
2640.1,2670.1,OR_D_E_signal,offramp,FW_E,10481,18,,3,360.0,207,3,0,0,0,0
2640.1,2670.1,OR_D_E_direct,offramp,FW_E,10483,20,,8,960.0,698,7,0,0,0,0
2640.1,2670.1,OR_D_W_signal,offramp,FW_W,10491,9,,7,840.0,622,2,0,0,0,0
2640.1,2670.1,OR_D_W_direct,offramp,FW_W,10479,7,,9,1080.0,577,5,0,0,0,0
2640.1,2670.1,OR_F_E_signal,offramp,FW_E,10643,9,,2,240.0,438,22,0,0,0,0
2640.1,2670.1,OR_F_E_direct,offramp,FW_E,10682,11,,7,840.0,849,0,0,0,0,0
2640.1,2670.1,OR_F_W_signal,offramp,FW_W,10638,19,,3,360.0,357,1,0,0,0,0
2640.1,2670.1,OR_F_W_direct,offramp,FW_W,10645,16,,9,1080.0,750,2,0,0,0,0
2640.1,2670.1,source_1098,source,FW_E,,,0,54,6480.0,5459,,0,54,0,0
2640.1,2670.1,source_1099,source,FW_W,,,0,32,3840.0,3532,,0,32,0,0
2670.1,2700.1,RM_C10480,ramp,FW_W,10480,,8,1,120.0,51,2,0,0,0,0
2670.1,2700.1,RM_C10482,ramp,FW_W,10482,,10,23,2760.0,1449,22,0,0,0,0
2670.1,2700.1,RM_C10646,ramp,FW_W,10646,,18,3,360.0,129,2,0,0,0,0
2670.1,2700.1,RM_C10644,ramp,FW_W,10644,,22,2,240.0,306,13,0,0,0,0
2670.1,2700.1,RM_C10639,ramp,FW_E,10639,,10,6,720.0,332,0,0,0,0,0
2670.1,2700.1,RM_C10681,ramp,FW_E,10681,,12,6,720.0,584,57,0,0,0,0
2670.1,2700.1,RM_C10490,ramp,FW_E,10490,,21,7,840.0,479,8,0,0,0,0
2670.1,2700.1,RM_C10484,ramp,FW_E,10484,,23,8,960.0,342,10,0,0,0,0
2670.1,2700.1,OR_D_E_signal,offramp,FW_E,10481,18,,0,0.0,207,2,0,0,0,0
2670.1,2700.1,OR_D_E_direct,offramp,FW_E,10483,20,,6,720.0,704,3,0,0,0,0
2670.1,2700.1,OR_D_W_signal,offramp,FW_W,10491,9,,4,480.0,626,2,0,0,0,0
2670.1,2700.1,OR_D_W_direct,offramp,FW_W,10479,7,,7,840.0,584,2,0,0,0,0
2670.1,2700.1,OR_F_E_signal,offramp,FW_E,10643,9,,4,480.0,442,10,0,0,0,0
2670.1,2700.1,OR_F_E_direct,offramp,FW_E,10682,11,,16,1920.0,865,6,0,0,0,0
2670.1,2700.1,OR_F_W_signal,offramp,FW_W,10638,19,,5,600.0,362,0,0,0,0,0
2670.1,2700.1,OR_F_W_direct,offramp,FW_W,10645,16,,3,360.0,753,0,0,0,0,0
2670.1,2700.1,source_1098,source,FW_E,,,0,63,7560.0,5522,,0,63,0,0
2670.1,2700.1,source_1099,source,FW_W,,,0,24,2880.0,3556,,0,24,0,0
2700.1,2730.1,RM_C10480,ramp,FW_W,10480,,8,3,360.0,54,1,0,0,0,0
2700.1,2730.1,RM_C10482,ramp,FW_W,10482,,10,18,2160.0,1467,26,0,0,0,0
2700.1,2730.1,RM_C10646,ramp,FW_W,10646,,18,1,120.0,130,3,0,0,0,0
2700.1,2730.1,RM_C10644,ramp,FW_W,10644,,22,0,0.0,306,21,0,0,0,0
2700.1,2730.1,RM_C10639,ramp,FW_E,10639,,10,0,0.0,332,9,0,0,0,0
2700.1,2730.1,RM_C10681,ramp,FW_E,10681,,12,7,840.0,591,59,0,0,0,0
2700.1,2730.1,RM_C10490,ramp,FW_E,10490,,21,8,960.0,487,4,0,0,0,0
2700.1,2730.1,RM_C10484,ramp,FW_E,10484,,23,8,960.0,350,3,0,0,0,0
2700.1,2730.1,OR_D_E_signal,offramp,FW_E,10481,18,,2,240.0,209,4,0,0,0,0
2700.1,2730.1,OR_D_E_direct,offramp,FW_E,10483,20,,10,1200.0,714,1,0,0,0,0
2700.1,2730.1,OR_D_W_signal,offramp,FW_W,10491,9,,8,960.0,634,3,0,0,0,0
2700.1,2730.1,OR_D_W_direct,offramp,FW_W,10479,7,,9,1080.0,593,5,0,0,0,0
2700.1,2730.1,OR_F_E_signal,offramp,FW_E,10643,9,,3,360.0,445,4,0,0,0,0
2700.1,2730.1,OR_F_E_direct,offramp,FW_E,10682,11,,8,960.0,873,1,0,0,0,0
2700.1,2730.1,OR_F_W_signal,offramp,FW_W,10638,19,,10,1200.0,372,2,0,0,0,0
2700.1,2730.1,OR_F_W_direct,offramp,FW_W,10645,16,,2,240.0,755,0,0,0,0,0
2700.1,2730.1,source_1098,source,FW_E,,,0,66,7920.0,5588,,0,66,0,0
2700.1,2730.1,source_1099,source,FW_W,,,0,33,3960.0,3589,,0,33,0,0
2730.1,2760.1,RM_C10480,ramp,FW_W,10480,,8,0,0.0,54,1,0,0,0,0
2730.1,2760.1,RM_C10482,ramp,FW_W,10482,,10,18,2160.0,1485,26,0,0,0,0
2730.1,2760.1,RM_C10646,ramp,FW_W,10646,,18,1,120.0,131,1,0,0,0,0
2730.1,2760.1,RM_C10644,ramp,FW_W,10644,,22,3,360.0,309,24,0,0,0,0
2730.1,2760.1,RM_C10639,ramp,FW_E,10639,,10,7,840.0,339,7,0,0,0,0
2730.1,2760.1,RM_C10681,ramp,FW_E,10681,,12,9,1080.0,600,54,0,0,0,0
2730.1,2760.1,RM_C10490,ramp,FW_E,10490,,21,4,480.0,491,4,0,0,0,0
2730.1,2760.1,RM_C10484,ramp,FW_E,10484,,23,3,360.0,353,5,0,0,0,0
2730.1,2760.1,OR_D_E_signal,offramp,FW_E,10481,18,,3,360.0,212,1,0,0,0,0
2730.1,2760.1,OR_D_E_direct,offramp,FW_E,10483,20,,12,1440.0,726,8,0,0,0,0
2730.1,2760.1,OR_D_W_signal,offramp,FW_W,10491,9,,7,840.0,641,1,0,0,0,0
2730.1,2760.1,OR_D_W_direct,offramp,FW_W,10479,7,,5,600.0,598,3,0,0,0,0
2730.1,2760.1,OR_F_E_signal,offramp,FW_E,10643,9,,7,840.0,452,3,0,0,0,0
2730.1,2760.1,OR_F_E_direct,offramp,FW_E,10682,11,,11,1320.0,884,2,0,0,0,0
2730.1,2760.1,OR_F_W_signal,offramp,FW_W,10638,19,,2,240.0,374,2,0,0,0,0
2730.1,2760.1,OR_F_W_direct,offramp,FW_W,10645,16,,23,2760.0,778,10,0,0,0,0
2730.1,2760.1,source_1098,source,FW_E,,,0,61,7320.0,5649,,0,61,0,0
2730.1,2760.1,source_1099,source,FW_W,,,0,35,4200.0,3624,,0,35,0,0
2760.1,2790.1,RM_C10480,ramp,FW_W,10480,,8,1,120.0,55,3,0,0,0,0
2760.1,2790.1,RM_C10482,ramp,FW_W,10482,,10,20,2400.0,1505,21,0,0,0,0
2760.1,2790.1,RM_C10646,ramp,FW_W,10646,,18,0,0.0,131,0,0,0,0,0
2760.1,2790.1,RM_C10644,ramp,FW_W,10644,,22,11,1320.0,320,19,0,0,0,0
2760.1,2790.1,RM_C10639,ramp,FW_E,10639,,10,6,720.0,345,4,0,0,0,0
2760.1,2790.1,RM_C10681,ramp,FW_E,10681,,12,11,1320.0,611,52,0,0,0,0
2760.1,2790.1,RM_C10490,ramp,FW_E,10490,,21,2,240.0,493,9,0,0,0,0
2760.1,2790.1,RM_C10484,ramp,FW_E,10484,,23,3,360.0,356,5,0,0,0,0
2760.1,2790.1,OR_D_E_signal,offramp,FW_E,10481,18,,1,120.0,213,1,0,0,0,0
2760.1,2790.1,OR_D_E_direct,offramp,FW_E,10483,20,,4,480.0,730,1,0,0,0,0
2760.1,2790.1,OR_D_W_signal,offramp,FW_W,10491,9,,9,1080.0,650,6,0,0,0,0
2760.1,2790.1,OR_D_W_direct,offramp,FW_W,10479,7,,3,360.0,601,0,0,0,0,0
2760.1,2790.1,OR_F_E_signal,offramp,FW_E,10643,9,,12,1440.0,464,8,0,0,0,0
2760.1,2790.1,OR_F_E_direct,offramp,FW_E,10682,11,,9,1080.0,893,5,0,0,0,0
2760.1,2790.1,OR_F_W_signal,offramp,FW_W,10638,19,,5,600.0,379,1,0,0,0,0
2760.1,2790.1,OR_F_W_direct,offramp,FW_W,10645,16,,18,2160.0,796,4,0,0,0,0
2760.1,2790.1,source_1098,source,FW_E,,,0,56,6720.0,5705,,0,56,0,0
2760.1,2790.1,source_1099,source,FW_W,,,0,32,3840.0,3656,,0,32,0,0
2790.1,2820.1,RM_C10480,ramp,FW_W,10480,,8,1,120.0,56,0,0,0,0,0
2790.1,2820.1,RM_C10482,ramp,FW_W,10482,,10,14,1680.0,1519,27,0,0,0,0
2790.1,2820.1,RM_C10646,ramp,FW_W,10646,,18,0,0.0,131,4,0,0,0,0
2790.1,2820.1,RM_C10644,ramp,FW_W,10644,,22,7,840.0,327,21,0,0,0,0
2790.1,2820.1,RM_C10639,ramp,FW_E,10639,,10,4,480.0,349,6,0,0,0,0
2790.1,2820.1,RM_C10681,ramp,FW_E,10681,,12,9,1080.0,620,52,0,0,0,0
2790.1,2820.1,RM_C10490,ramp,FW_E,10490,,21,8,960.0,501,10,0,0,0,0
2790.1,2820.1,RM_C10484,ramp,FW_E,10484,,23,5,600.0,361,6,0,0,0,0
2790.1,2820.1,OR_D_E_signal,offramp,FW_E,10481,18,,6,720.0,219,6,0,0,0,0
2790.1,2820.1,OR_D_E_direct,offramp,FW_E,10483,20,,6,720.0,736,0,0,0,0,0
2790.1,2820.1,OR_D_W_signal,offramp,FW_W,10491,9,,8,960.0,658,9,0,0,0,0
2790.1,2820.1,OR_D_W_direct,offramp,FW_W,10479,7,,8,960.0,609,2,0,0,0,0
2790.1,2820.1,OR_F_E_signal,offramp,FW_E,10643,9,,2,240.0,466,4,0,0,0,0
2790.1,2820.1,OR_F_E_direct,offramp,FW_E,10682,11,,11,1320.0,904,4,0,0,0,0
2790.1,2820.1,OR_F_W_signal,offramp,FW_W,10638,19,,2,240.0,381,1,0,0,0,0
2790.1,2820.1,OR_F_W_direct,offramp,FW_W,10645,16,,8,960.0,804,6,0,0,0,0
2790.1,2820.1,source_1098,source,FW_E,,,0,71,8520.0,5776,,0,71,0,0
2790.1,2820.1,source_1099,source,FW_W,,,0,45,5400.0,3701,,0,45,0,0
2820.1,2850.1,RM_C10480,ramp,FW_W,10480,,8,0,0.0,56,3,0,0,0,0
2820.1,2850.1,RM_C10482,ramp,FW_W,10482,,10,18,2160.0,1537,32,0,0,0,0
2820.1,2850.1,RM_C10646,ramp,FW_W,10646,,18,2,240.0,133,2,0,0,0,0
2820.1,2850.1,RM_C10644,ramp,FW_W,10644,,22,6,720.0,333,23,0,0,0,0
2820.1,2850.1,RM_C10639,ramp,FW_E,10639,,10,1,120.0,350,10,0,0,0,0
2820.1,2850.1,RM_C10681,ramp,FW_E,10681,,12,6,720.0,626,60,0,0,0,0
2820.1,2850.1,RM_C10490,ramp,FW_E,10490,,21,7,840.0,508,10,0,0,0,0
2820.1,2850.1,RM_C10484,ramp,FW_E,10484,,23,2,240.0,363,9,0,0,0,0
2820.1,2850.1,OR_D_E_signal,offramp,FW_E,10481,18,,2,240.0,221,2,0,0,0,0
2820.1,2850.1,OR_D_E_direct,offramp,FW_E,10483,20,,4,480.0,740,2,0,0,0,0
2820.1,2850.1,OR_D_W_signal,offramp,FW_W,10491,9,,4,480.0,662,5,0,0,0,0
2820.1,2850.1,OR_D_W_direct,offramp,FW_W,10479,7,,10,1200.0,619,3,0,0,0,0
2820.1,2850.1,OR_F_E_signal,offramp,FW_E,10643,9,,3,360.0,469,3,0,0,0,0
2820.1,2850.1,OR_F_E_direct,offramp,FW_E,10682,11,,16,1920.0,920,8,0,0,0,0
2820.1,2850.1,OR_F_W_signal,offramp,FW_W,10638,19,,5,600.0,386,2,0,0,0,0
2820.1,2850.1,OR_F_W_direct,offramp,FW_W,10645,16,,10,1200.0,814,2,0,0,0,0
2820.1,2850.1,source_1098,source,FW_E,,,0,61,7320.0,5837,,0,61,0,0
2820.1,2850.1,source_1099,source,FW_W,,,0,32,3840.0,3733,,0,32,0,0
2850.1,2880.1,RM_C10480,ramp,FW_W,10480,,8,2,240.0,58,1,0,0,0,0
2850.1,2880.1,RM_C10482,ramp,FW_W,10482,,10,22,2640.0,1559,28,0,0,0,0
2850.1,2880.1,RM_C10646,ramp,FW_W,10646,,18,1,120.0,134,3,0,0,0,0
2850.1,2880.1,RM_C10644,ramp,FW_W,10644,,22,4,480.0,337,25,0,0,0,0
2850.1,2880.1,RM_C10639,ramp,FW_E,10639,,10,10,1200.0,360,4,0,0,0,0
2850.1,2880.1,RM_C10681,ramp,FW_E,10681,,12,10,1200.0,636,63,0,0,0,0
2850.1,2880.1,RM_C10490,ramp,FW_E,10490,,21,8,960.0,516,7,0,0,0,0
2850.1,2880.1,RM_C10484,ramp,FW_E,10484,,23,7,840.0,370,5,0,0,0,0
2850.1,2880.1,OR_D_E_signal,offramp,FW_E,10481,18,,3,360.0,224,5,0,0,0,0
2850.1,2880.1,OR_D_E_direct,offramp,FW_E,10483,20,,7,840.0,747,1,0,0,0,0
2850.1,2880.1,OR_D_W_signal,offramp,FW_W,10491,9,,8,960.0,670,6,0,0,0,0
2850.1,2880.1,OR_D_W_direct,offramp,FW_W,10479,7,,8,960.0,627,3,0,0,0,0
2850.1,2880.1,OR_F_E_signal,offramp,FW_E,10643,9,,5,600.0,474,5,0,0,0,0
2850.1,2880.1,OR_F_E_direct,offramp,FW_E,10682,11,,6,720.0,926,5,0,0,0,0
2850.1,2880.1,OR_F_W_signal,offramp,FW_W,10638,19,,4,480.0,390,3,0,0,0,0
2850.1,2880.1,OR_F_W_direct,offramp,FW_W,10645,16,,12,1440.0,826,4,0,0,0,0
2850.1,2880.1,source_1098,source,FW_E,,,0,60,7200.0,5897,,0,60,0,0
2850.1,2880.1,source_1099,source,FW_W,,,0,23,2760.0,3756,,0,23,0,0
2880.1,2910.1,RM_C10480,ramp,FW_W,10480,,8,0,0.0,58,1,0,0,0,0
2880.1,2910.1,RM_C10482,ramp,FW_W,10482,,10,19,2280.0,1578,27,0,0,0,0
2880.1,2910.1,RM_C10646,ramp,FW_W,10646,,18,2,240.0,136,3,0,0,0,0
2880.1,2910.1,RM_C10644,ramp,FW_W,10644,,22,10,1200.0,347,17,0,0,0,0
2880.1,2910.1,RM_C10639,ramp,FW_E,10639,,10,0,0.0,360,6,0,0,0,0
2880.1,2910.1,RM_C10681,ramp,FW_E,10681,,12,13,1560.0,649,58,0,0,0,0
2880.1,2910.1,RM_C10490,ramp,FW_E,10490,,21,7,840.0,523,7,0,0,0,0
2880.1,2910.1,RM_C10484,ramp,FW_E,10484,,23,3,360.0,373,9,0,0,0,0
2880.1,2910.1,OR_D_E_signal,offramp,FW_E,10481,18,,2,240.0,226,2,0,0,0,0
2880.1,2910.1,OR_D_E_direct,offramp,FW_E,10483,20,,9,1080.0,756,9,0,0,0,0
2880.1,2910.1,OR_D_W_signal,offramp,FW_W,10491,9,,10,1200.0,680,2,0,0,0,0
2880.1,2910.1,OR_D_W_direct,offramp,FW_W,10479,7,,1,120.0,628,0,0,0,0,0
2880.1,2910.1,OR_F_E_signal,offramp,FW_E,10643,9,,4,480.0,478,2,0,0,0,0
2880.1,2910.1,OR_F_E_direct,offramp,FW_E,10682,11,,19,2280.0,945,5,0,0,0,0
2880.1,2910.1,OR_F_W_signal,offramp,FW_W,10638,19,,7,840.0,397,5,0,0,0,0
2880.1,2910.1,OR_F_W_direct,offramp,FW_W,10645,16,,9,1080.0,835,2,0,0,0,0
2880.1,2910.1,source_1098,source,FW_E,,,0,59,7080.0,5956,,0,59,0,0
2880.1,2910.1,source_1099,source,FW_W,,,0,52,6240.0,3808,,0,52,0,0
2910.1,2940.1,RM_C10480,ramp,FW_W,10480,,8,2,240.0,60,0,0,0,0,0
2910.1,2940.1,RM_C10482,ramp,FW_W,10482,,10,18,2160.0,1596,30,0,0,0,0
2910.1,2940.1,RM_C10646,ramp,FW_W,10646,,18,1,120.0,137,1,0,0,0,0
2910.1,2940.1,RM_C10644,ramp,FW_W,10644,,22,3,360.0,350,17,0,0,0,0
2910.1,2940.1,RM_C10639,ramp,FW_E,10639,,10,6,720.0,366,3,0,0,0,0
2910.1,2940.1,RM_C10681,ramp,FW_E,10681,,12,11,1320.0,660,57,0,0,0,0
2910.1,2940.1,RM_C10490,ramp,FW_E,10490,,21,8,960.0,531,2,0,0,0,0
2910.1,2940.1,RM_C10484,ramp,FW_E,10484,,23,5,600.0,378,12,0,0,0,0
2910.1,2940.1,OR_D_E_signal,offramp,FW_E,10481,18,,2,240.0,228,0,0,0,0,0
2910.1,2940.1,OR_D_E_direct,offramp,FW_E,10483,20,,5,600.0,761,2,0,0,0,0
2910.1,2940.1,OR_D_W_signal,offramp,FW_W,10491,9,,8,960.0,688,3,0,0,0,0
2910.1,2940.1,OR_D_W_direct,offramp,FW_W,10479,7,,5,600.0,633,1,0,0,0,0
2910.1,2940.1,OR_F_E_signal,offramp,FW_E,10643,9,,3,360.0,481,4,0,0,0,0
2910.1,2940.1,OR_F_E_direct,offramp,FW_E,10682,11,,13,1560.0,958,10,0,0,0,0
2910.1,2940.1,OR_F_W_signal,offramp,FW_W,10638,19,,7,840.0,404,2,0,0,0,0
2910.1,2940.1,OR_F_W_direct,offramp,FW_W,10645,16,,4,480.0,839,0,0,0,0,0
2910.1,2940.1,source_1098,source,FW_E,,,0,58,6960.0,6014,,0,58,0,0
2910.1,2940.1,source_1099,source,FW_W,,,0,28,3360.0,3836,,0,28,0,0
2940.1,2970.1,RM_C10480,ramp,FW_W,10480,,8,0,0.0,60,0,0,0,0,0
2940.1,2970.1,RM_C10482,ramp,FW_W,10482,,10,21,2520.0,1617,29,0,0,0,0
2940.1,2970.1,RM_C10646,ramp,FW_W,10646,,18,0,0.0,137,2,0,0,0,0
2940.1,2970.1,RM_C10644,ramp,FW_W,10644,,22,14,1680.0,364,5,0,0,0,0
2940.1,2970.1,RM_C10639,ramp,FW_E,10639,,10,3,360.0,369,0,0,0,0,0
2940.1,2970.1,RM_C10681,ramp,FW_E,10681,,12,13,1560.0,673,56,0,0,0,0
2940.1,2970.1,RM_C10490,ramp,FW_E,10490,,21,2,240.0,533,5,0,0,0,0
2940.1,2970.1,RM_C10484,ramp,FW_E,10484,,23,6,720.0,384,12,0,0,0,0
2940.1,2970.1,OR_D_E_signal,offramp,FW_E,10481,18,,1,120.0,229,1,0,0,0,0
2940.1,2970.1,OR_D_E_direct,offramp,FW_E,10483,20,,9,1080.0,770,9,0,0,0,0
2940.1,2970.1,OR_D_W_signal,offramp,FW_W,10491,9,,12,1440.0,700,4,0,0,0,0
2940.1,2970.1,OR_D_W_direct,offramp,FW_W,10479,7,,5,600.0,638,2,0,0,0,0
2940.1,2970.1,OR_F_E_signal,offramp,FW_E,10643,9,,4,480.0,485,4,0,0,0,0
2940.1,2970.1,OR_F_E_direct,offramp,FW_E,10682,11,,7,840.0,965,0,0,0,0,0
2940.1,2970.1,OR_F_W_signal,offramp,FW_W,10638,19,,3,360.0,407,1,0,0,0,0
2940.1,2970.1,OR_F_W_direct,offramp,FW_W,10645,16,,13,1560.0,852,5,0,0,0,0
2940.1,2970.1,source_1098,source,FW_E,,,0,67,8040.0,6081,,0,67,0,0
2940.1,2970.1,source_1099,source,FW_W,,,0,24,2880.0,3860,,0,24,0,0
2970.1,3000.1,RM_C10480,ramp,FW_W,10480,,8,1,120.0,61,3,0,0,0,0
2970.1,3000.1,RM_C10482,ramp,FW_W,10482,,10,19,2280.0,1636,31,0,0,0,0
2970.1,3000.1,RM_C10646,ramp,FW_W,10646,,18,0,0.0,137,7,0,0,0,0
2970.1,3000.1,RM_C10644,ramp,FW_W,10644,,22,0,0.0,364,8,0,0,0,0
2970.1,3000.1,RM_C10639,ramp,FW_E,10639,,10,0,0.0,369,6,0,0,0,0
2970.1,3000.1,RM_C10681,ramp,FW_E,10681,,12,8,960.0,681,58,0,0,0,0
2970.1,3000.1,RM_C10490,ramp,FW_E,10490,,21,5,600.0,538,7,0,0,0,0
2970.1,3000.1,RM_C10484,ramp,FW_E,10484,,23,8,960.0,392,9,0,0,0,0
2970.1,3000.1,OR_D_E_signal,offramp,FW_E,10481,18,,5,600.0,234,6,0,0,0,0
2970.1,3000.1,OR_D_E_direct,offramp,FW_E,10483,20,,14,1680.0,784,7,0,0,0,0
2970.1,3000.1,OR_D_W_signal,offramp,FW_W,10491,9,,9,1080.0,709,8,0,0,0,0
2970.1,3000.1,OR_D_W_direct,offramp,FW_W,10479,7,,4,480.0,642,1,0,0,0,0
2970.1,3000.1,OR_F_E_signal,offramp,FW_E,10643,9,,10,1200.0,495,4,0,0,0,0
2970.1,3000.1,OR_F_E_direct,offramp,FW_E,10682,11,,15,1800.0,980,3,0,0,0,0
2970.1,3000.1,OR_F_W_signal,offramp,FW_W,10638,19,,1,120.0,408,0,0,0,0,0
2970.1,3000.1,OR_F_W_direct,offramp,FW_W,10645,16,,13,1560.0,865,3,0,0,0,0
2970.1,3000.1,source_1098,source,FW_E,,,0,69,8280.0,6150,,0,69,0,0
2970.1,3000.1,source_1099,source,FW_W,,,0,34,4080.0,3894,,0,34,0,0
3000.1,3030.1,RM_C10480,ramp,FW_W,10480,,8,1,120.0,62,1,0,0,0,0
3000.1,3030.1,RM_C10482,ramp,FW_W,10482,,10,22,2640.0,1658,27,0,0,0,0
3000.1,3030.1,RM_C10646,ramp,FW_W,10646,,18,3,360.0,140,3,0,0,0,0
3000.1,3030.1,RM_C10644,ramp,FW_W,10644,,22,3,360.0,367,13,0,0,0,0
3000.1,3030.1,RM_C10639,ramp,FW_E,10639,,10,5,600.0,374,4,0,0,0,0
3000.1,3030.1,RM_C10681,ramp,FW_E,10681,,12,10,1200.0,691,58,0,0,0,0
3000.1,3030.1,RM_C10490,ramp,FW_E,10490,,21,3,360.0,541,9,0,0,0,0
3000.1,3030.1,RM_C10484,ramp,FW_E,10484,,23,6,720.0,398,4,0,0,0,0
3000.1,3030.1,OR_D_E_signal,offramp,FW_E,10481,18,,0,0.0,234,6,0,0,0,0
3000.1,3030.1,OR_D_E_direct,offramp,FW_E,10483,20,,9,1080.0,793,9,0,0,0,0
3000.1,3030.1,OR_D_W_signal,offramp,FW_W,10491,9,,6,720.0,715,0,0,0,0,0
3000.1,3030.1,OR_D_W_direct,offramp,FW_W,10479,7,,4,480.0,646,2,0,0,0,0
3000.1,3030.1,OR_F_E_signal,offramp,FW_E,10643,9,,1,120.0,496,0,0,0,0,0
3000.1,3030.1,OR_F_E_direct,offramp,FW_E,10682,11,,10,1200.0,990,2,0,0,0,0
3000.1,3030.1,OR_F_W_signal,offramp,FW_W,10638,19,,9,1080.0,417,2,0,0,0,0
3000.1,3030.1,OR_F_W_direct,offramp,FW_W,10645,16,,14,1680.0,879,3,0,0,0,0
3000.1,3030.1,source_1098,source,FW_E,,,0,58,6960.0,6208,,0,58,0,0
3000.1,3030.1,source_1099,source,FW_W,,,0,49,5880.0,3943,,0,49,0,0
3030.1,3060.1,RM_C10480,ramp,FW_W,10480,,8,0,0.0,62,5,0,0,0,0
3030.1,3060.1,RM_C10482,ramp,FW_W,10482,,10,15,1800.0,1673,31,0,0,0,0
3030.1,3060.1,RM_C10646,ramp,FW_W,10646,,18,1,120.0,141,7,0,0,0,0
3030.1,3060.1,RM_C10644,ramp,FW_W,10644,,22,2,240.0,369,15,0,0,0,0
3030.1,3060.1,RM_C10639,ramp,FW_E,10639,,10,3,360.0,377,3,0,0,0,0
3030.1,3060.1,RM_C10681,ramp,FW_E,10681,,12,11,1320.0,702,58,0,0,0,0
3030.1,3060.1,RM_C10490,ramp,FW_E,10490,,21,10,1200.0,551,6,0,0,0,0
3030.1,3060.1,RM_C10484,ramp,FW_E,10484,,23,4,480.0,402,6,0,0,0,0
3030.1,3060.1,OR_D_E_signal,offramp,FW_E,10481,18,,2,240.0,236,1,0,0,0,0
3030.1,3060.1,OR_D_E_direct,offramp,FW_E,10483,20,,10,1200.0,803,0,0,0,0,0
3030.1,3060.1,OR_D_W_signal,offramp,FW_W,10491,9,,7,840.0,722,3,0,0,0,0
3030.1,3060.1,OR_D_W_direct,offramp,FW_W,10479,7,,4,480.0,650,1,0,0,0,0
3030.1,3060.1,OR_F_E_signal,offramp,FW_E,10643,9,,3,360.0,499,3,0,0,0,0
3030.1,3060.1,OR_F_E_direct,offramp,FW_E,10682,11,,8,960.0,998,4,0,0,0,0
3030.1,3060.1,OR_F_W_signal,offramp,FW_W,10638,19,,2,240.0,419,1,0,0,0,0
3030.1,3060.1,OR_F_W_direct,offramp,FW_W,10645,16,,10,1200.0,889,2,0,0,0,0
3030.1,3060.1,source_1098,source,FW_E,,,0,74,8880.0,6282,,0,74,0,0
3030.1,3060.1,source_1099,source,FW_W,,,0,38,4560.0,3981,,0,38,0,0
3060.1,3090.1,RM_C10480,ramp,FW_W,10480,,8,3,360.0,65,1,0,0,0,0
3060.1,3090.1,RM_C10482,ramp,FW_W,10482,,10,17,2040.0,1690,35,0,0,0,0
3060.1,3090.1,RM_C10646,ramp,FW_W,10646,,18,5,600.0,146,2,0,0,0,0
3060.1,3090.1,RM_C10644,ramp,FW_W,10644,,22,0,0.0,369,20,0,0,0,0
3060.1,3090.1,RM_C10639,ramp,FW_E,10639,,10,2,240.0,379,4,0,0,0,0
3060.1,3090.1,RM_C10681,ramp,FW_E,10681,,12,10,1200.0,712,54,0,0,0,0
3060.1,3090.1,RM_C10490,ramp,FW_E,10490,,21,6,720.0,557,6,0,0,0,0
3060.1,3090.1,RM_C10484,ramp,FW_E,10484,,23,4,480.0,406,7,0,0,0,0
3060.1,3090.1,OR_D_E_signal,offramp,FW_E,10481,18,,4,480.0,240,2,0,0,0,0
3060.1,3090.1,OR_D_E_direct,offramp,FW_E,10483,20,,14,1680.0,817,10,0,0,0,0
3060.1,3090.1,OR_D_W_signal,offramp,FW_W,10491,9,,7,840.0,729,1,0,0,0,0
3060.1,3090.1,OR_D_W_direct,offramp,FW_W,10479,7,,7,840.0,657,3,0,0,0,0
3060.1,3090.1,OR_F_E_signal,offramp,FW_E,10643,9,,2,240.0,501,1,0,0,0,0
3060.1,3090.1,OR_F_E_direct,offramp,FW_E,10682,11,,12,1440.0,1010,5,0,0,0,0
3060.1,3090.1,OR_F_W_signal,offramp,FW_W,10638,19,,10,1200.0,429,4,0,0,0,0
3060.1,3090.1,OR_F_W_direct,offramp,FW_W,10645,16,,1,120.0,890,0,0,0,0,0
3060.1,3090.1,source_1098,source,FW_E,,,0,74,8880.0,6356,,0,74,0,0
3060.1,3090.1,source_1099,source,FW_W,,,0,28,3360.0,4009,,0,28,0,0
3090.1,3120.1,RM_C10480,ramp,FW_W,10480,,8,1,120.0,66,2,0,0,0,0
3090.1,3120.1,RM_C10482,ramp,FW_W,10482,,10,21,2520.0,1711,29,0,0,0,0
3090.1,3120.1,RM_C10646,ramp,FW_W,10646,,18,2,240.0,148,3,0,0,0,0
3090.1,3120.1,RM_C10644,ramp,FW_W,10644,,22,7,840.0,376,15,0,0,0,0
3090.1,3120.1,RM_C10639,ramp,FW_E,10639,,10,4,480.0,383,3,0,0,0,0
3090.1,3120.1,RM_C10681,ramp,FW_E,10681,,12,14,1680.0,726,48,0,0,0,0
3090.1,3120.1,RM_C10490,ramp,FW_E,10490,,21,6,720.0,563,4,0,0,0,0
3090.1,3120.1,RM_C10484,ramp,FW_E,10484,,23,6,720.0,412,9,0,0,0,0
3090.1,3120.1,OR_D_E_signal,offramp,FW_E,10481,18,,1,120.0,241,2,0,0,0,0
3090.1,3120.1,OR_D_E_direct,offramp,FW_E,10483,20,,4,480.0,821,0,0,0,0,0
3090.1,3120.1,OR_D_W_signal,offramp,FW_W,10491,9,,10,1200.0,739,5,0,0,0,0
3090.1,3120.1,OR_D_W_direct,offramp,FW_W,10479,7,,8,960.0,665,2,0,0,0,0
3090.1,3120.1,OR_F_E_signal,offramp,FW_E,10643,9,,1,120.0,502,1,0,0,0,0
3090.1,3120.1,OR_F_E_direct,offramp,FW_E,10682,11,,12,1440.0,1022,5,0,0,0,0
3090.1,3120.1,OR_F_W_signal,offramp,FW_W,10638,19,,4,480.0,433,2,0,0,0,0
3090.1,3120.1,OR_F_W_direct,offramp,FW_W,10645,16,,15,1800.0,905,6,0,0,0,0
3090.1,3120.1,source_1098,source,FW_E,,,0,65,7800.0,6421,,0,65,0,0
3090.1,3120.1,source_1099,source,FW_W,,,0,37,4440.0,4046,,0,37,0,0
3120.1,3150.1,RM_C10480,ramp,FW_W,10480,,8,0,0.0,66,3,0,0,0,0
3120.1,3150.1,RM_C10482,ramp,FW_W,10482,,10,27,3240.0,1738,27,0,0,0,0
3120.1,3150.1,RM_C10646,ramp,FW_W,10646,,18,0,0.0,148,7,0,0,0,0
3120.1,3150.1,RM_C10644,ramp,FW_W,10644,,22,7,840.0,383,13,0,0,0,0
3120.1,3150.1,RM_C10639,ramp,FW_E,10639,,10,0,0.0,383,7,0,0,0,0
3120.1,3150.1,RM_C10681,ramp,FW_E,10681,,12,10,1200.0,736,52,0,0,0,0
3120.1,3150.1,RM_C10490,ramp,FW_E,10490,,21,4,480.0,567,7,0,0,0,0
3120.1,3150.1,RM_C10484,ramp,FW_E,10484,,23,2,240.0,414,13,0,0,0,0
3120.1,3150.1,OR_D_E_signal,offramp,FW_E,10481,18,,1,120.0,242,3,0,0,0,0
3120.1,3150.1,OR_D_E_direct,offramp,FW_E,10483,20,,5,600.0,826,1,0,0,0,0
3120.1,3150.1,OR_D_W_signal,offramp,FW_W,10491,9,,9,1080.0,748,5,0,0,0,0
3120.1,3150.1,OR_D_W_direct,offramp,FW_W,10479,7,,7,840.0,672,3,0,0,0,0
3120.1,3150.1,OR_F_E_signal,offramp,FW_E,10643,9,,3,360.0,505,1,0,0,0,0
3120.1,3150.1,OR_F_E_direct,offramp,FW_E,10682,11,,10,1200.0,1032,5,0,0,0,0
3120.1,3150.1,OR_F_W_signal,offramp,FW_W,10638,19,,7,840.0,440,1,0,0,0,0
3120.1,3150.1,OR_F_W_direct,offramp,FW_W,10645,16,,17,2040.0,922,9,0,0,0,0
3120.1,3150.1,source_1098,source,FW_E,,,0,55,6600.0,6476,,0,55,0,0
3120.1,3150.1,source_1099,source,FW_W,,,0,28,3360.0,4074,,0,28,0,0
3150.1,3180.1,RM_C10480,ramp,FW_W,10480,,8,1,120.0,67,1,0,0,0,0
3150.1,3180.1,RM_C10482,ramp,FW_W,10482,,10,18,2160.0,1756,26,0,0,0,0
3150.1,3180.1,RM_C10646,ramp,FW_W,10646,,18,4,480.0,152,3,0,0,0,0
3150.1,3180.1,RM_C10644,ramp,FW_W,10644,,22,5,600.0,388,13,0,0,0,0
3150.1,3180.1,RM_C10639,ramp,FW_E,10639,,10,7,840.0,390,3,0,0,0,0
3150.1,3180.1,RM_C10681,ramp,FW_E,10681,,12,7,840.0,743,57,0,0,0,0
3150.1,3180.1,RM_C10490,ramp,FW_E,10490,,21,6,720.0,573,9,0,0,0,0
3150.1,3180.1,RM_C10484,ramp,FW_E,10484,,23,8,960.0,422,9,0,0,0,0
3150.1,3180.1,OR_D_E_signal,offramp,FW_E,10481,18,,7,840.0,249,10,0,0,0,0
3150.1,3180.1,OR_D_E_direct,offramp,FW_E,10483,20,,15,1800.0,841,10,0,0,0,0
3150.1,3180.1,OR_D_W_signal,offramp,FW_W,10491,9,,9,1080.0,757,5,0,0,0,0
3150.1,3180.1,OR_D_W_direct,offramp,FW_W,10479,7,,7,840.0,679,2,0,0,0,0
3150.1,3180.1,OR_F_E_signal,offramp,FW_E,10643,9,,2,240.0,507,1,0,0,0,0
3150.1,3180.1,OR_F_E_direct,offramp,FW_E,10682,11,,12,1440.0,1044,4,0,0,0,0
3150.1,3180.1,OR_F_W_signal,offramp,FW_W,10638,19,,6,720.0,446,3,0,0,0,0
3150.1,3180.1,OR_F_W_direct,offramp,FW_W,10645,16,,19,2280.0,941,6,0,0,0,0
3150.1,3180.1,source_1098,source,FW_E,,,0,67,8040.0,6543,,0,67,0,0
3150.1,3180.1,source_1099,source,FW_W,,,0,24,2880.0,4098,,0,24,0,0
3180.1,3210.1,RM_C10480,ramp,FW_W,10480,,8,1,120.0,68,0,0,0,0,0
3180.1,3210.1,RM_C10482,ramp,FW_W,10482,,10,17,2040.0,1773,32,0,0,0,0
3180.1,3210.1,RM_C10646,ramp,FW_W,10646,,18,1,120.0,153,3,0,0,0,0
3180.1,3210.1,RM_C10644,ramp,FW_W,10644,,22,2,240.0,390,14,0,0,0,0
3180.1,3210.1,RM_C10639,ramp,FW_E,10639,,10,3,360.0,393,4,0,0,0,0
3180.1,3210.1,RM_C10681,ramp,FW_E,10681,,12,15,1800.0,758,52,0,0,0,0
3180.1,3210.1,RM_C10490,ramp,FW_E,10490,,21,9,1080.0,582,9,0,0,0,0
3180.1,3210.1,RM_C10484,ramp,FW_E,10484,,23,7,840.0,429,4,0,0,0,0
3180.1,3210.1,OR_D_E_signal,offramp,FW_E,10481,18,,1,120.0,250,5,0,0,0,0
3180.1,3210.1,OR_D_E_direct,offramp,FW_E,10483,20,,3,360.0,844,3,0,0,0,0
3180.1,3210.1,OR_D_W_signal,offramp,FW_W,10491,9,,7,840.0,764,1,0,0,0,0
3180.1,3210.1,OR_D_W_direct,offramp,FW_W,10479,7,,6,720.0,685,2,0,0,0,0
3180.1,3210.1,OR_F_E_signal,offramp,FW_E,10643,9,,2,240.0,509,1,0,0,0,0
3180.1,3210.1,OR_F_E_direct,offramp,FW_E,10682,11,,12,1440.0,1056,6,0,0,0,0
3180.1,3210.1,OR_F_W_signal,offramp,FW_W,10638,19,,4,480.0,450,2,0,0,0,0
3180.1,3210.1,OR_F_W_direct,offramp,FW_W,10645,16,,6,720.0,947,2,0,0,0,0
3180.1,3210.1,source_1098,source,FW_E,,,0,63,7560.0,6606,,0,63,0,0
3180.1,3210.1,source_1099,source,FW_W,,,0,43,5160.0,4141,,0,43,0,0
3210.1,3240.1,RM_C10480,ramp,FW_W,10480,,8,0,0.0,68,0,0,0,0,0
3210.1,3240.1,RM_C10482,ramp,FW_W,10482,,10,23,2760.0,1796,28,0,0,0,0
3210.1,3240.1,RM_C10646,ramp,FW_W,10646,,18,3,360.0,156,1,0,0,0,0
3210.1,3240.1,RM_C10644,ramp,FW_W,10644,,22,7,840.0,397,7,0,0,0,0
3210.1,3240.1,RM_C10639,ramp,FW_E,10639,,10,0,0.0,393,8,0,0,0,0
3210.1,3240.1,RM_C10681,ramp,FW_E,10681,,12,7,840.0,765,54,0,0,0,0
3210.1,3240.1,RM_C10490,ramp,FW_E,10490,,21,9,1080.0,591,4,0,0,0,0
3210.1,3240.1,RM_C10484,ramp,FW_E,10484,,23,2,240.0,431,8,0,0,0,0
3210.1,3240.1,OR_D_E_signal,offramp,FW_E,10481,18,,0,0.0,250,0,0,0,0,0
3210.1,3240.1,OR_D_E_direct,offramp,FW_E,10483,20,,13,1560.0,857,11,0,0,0,0
3210.1,3240.1,OR_D_W_signal,offramp,FW_W,10491,9,,8,960.0,772,3,0,0,0,0
3210.1,3240.1,OR_D_W_direct,offramp,FW_W,10479,7,,10,1200.0,695,4,0,0,0,0
3210.1,3240.1,OR_F_E_signal,offramp,FW_E,10643,9,,5,600.0,514,3,0,0,0,0
3210.1,3240.1,OR_F_E_direct,offramp,FW_E,10682,11,,14,1680.0,1070,1,0,0,0,0
3210.1,3240.1,OR_F_W_signal,offramp,FW_W,10638,19,,10,1200.0,460,4,0,0,0,0
3210.1,3240.1,OR_F_W_direct,offramp,FW_W,10645,16,,16,1920.0,963,1,0,0,0,0
3210.1,3240.1,source_1098,source,FW_E,,,0,62,7440.0,6668,,0,62,0,0
3210.1,3240.1,source_1099,source,FW_W,,,0,23,2760.0,4164,,0,23,0,0
3240.1,3270.1,RM_C10480,ramp,FW_W,10480,,8,0,0.0,68,1,0,0,0,0
3240.1,3270.1,RM_C10482,ramp,FW_W,10482,,10,22,2640.0,1818,22,0,0,0,0
3240.1,3270.1,RM_C10646,ramp,FW_W,10646,,18,0,0.0,156,7,0,0,0,0
3240.1,3270.1,RM_C10644,ramp,FW_W,10644,,22,7,840.0,404,4,0,0,0,0
3240.1,3270.1,RM_C10639,ramp,FW_E,10639,,10,8,960.0,401,0,0,0,0,0
3240.1,3270.1,RM_C10681,ramp,FW_E,10681,,12,12,1440.0,777,55,0,0,0,0
3240.1,3270.1,RM_C10490,ramp,FW_E,10490,,21,4,480.0,595,4,0,0,0,0
3240.1,3270.1,RM_C10484,ramp,FW_E,10484,,23,3,360.0,434,11,0,0,0,0
3240.1,3270.1,OR_D_E_signal,offramp,FW_E,10481,18,,5,600.0,255,5,0,0,0,0
3240.1,3270.1,OR_D_E_direct,offramp,FW_E,10483,20,,13,1560.0,870,12,0,0,0,0
3240.1,3270.1,OR_D_W_signal,offramp,FW_W,10491,9,,7,840.0,779,2,0,0,0,0
3240.1,3270.1,OR_D_W_direct,offramp,FW_W,10479,7,,7,840.0,702,2,0,0,0,0
3240.1,3270.1,OR_F_E_signal,offramp,FW_E,10643,9,,5,600.0,519,2,0,0,0,0
3240.1,3270.1,OR_F_E_direct,offramp,FW_E,10682,11,,6,720.0,1076,5,0,0,0,0
3240.1,3270.1,OR_F_W_signal,offramp,FW_W,10638,19,,3,360.0,463,1,0,0,0,0
3240.1,3270.1,OR_F_W_direct,offramp,FW_W,10645,16,,13,1560.0,976,2,0,0,0,0
3240.1,3270.1,source_1098,source,FW_E,,,0,54,6480.0,6722,,0,54,0,0
3240.1,3270.1,source_1099,source,FW_W,,,0,32,3840.0,4196,,0,32,0,0
3270.1,3300.1,RM_C10480,ramp,FW_W,10480,,8,1,120.0,69,1,0,0,0,0
3270.1,3300.1,RM_C10482,ramp,FW_W,10482,,10,13,1560.0,1831,34,0,0,0,0
3270.1,3300.1,RM_C10646,ramp,FW_W,10646,,18,3,360.0,159,1,0,0,0,0
3270.1,3300.1,RM_C10644,ramp,FW_W,10644,,22,0,0.0,404,5,0,0,0,0
3270.1,3300.1,RM_C10639,ramp,FW_E,10639,,10,0,0.0,401,9,0,0,0,0
3270.1,3300.1,RM_C10681,ramp,FW_E,10681,,12,6,720.0,783,60,0,0,0,0
3270.1,3300.1,RM_C10490,ramp,FW_E,10490,,21,4,480.0,599,3,0,0,0,0
3270.1,3300.1,RM_C10484,ramp,FW_E,10484,,23,6,720.0,440,12,0,0,0,0
3270.1,3300.1,OR_D_E_signal,offramp,FW_E,10481,18,,3,360.0,258,8,0,0,0,0
3270.1,3300.1,OR_D_E_direct,offramp,FW_E,10483,20,,14,1680.0,884,11,0,0,0,0
3270.1,3300.1,OR_D_W_signal,offramp,FW_W,10491,9,,7,840.0,786,4,0,0,0,0
3270.1,3300.1,OR_D_W_direct,offramp,FW_W,10479,7,,5,600.0,707,1,0,0,0,0
3270.1,3300.1,OR_F_E_signal,offramp,FW_E,10643,9,,3,360.0,522,2,0,0,0,0
3270.1,3300.1,OR_F_E_direct,offramp,FW_E,10682,11,,9,1080.0,1085,1,0,0,0,0
3270.1,3300.1,OR_F_W_signal,offramp,FW_W,10638,19,,7,840.0,470,4,0,0,0,0
3270.1,3300.1,OR_F_W_direct,offramp,FW_W,10645,16,,11,1320.0,987,4,0,0,0,0
3270.1,3300.1,source_1098,source,FW_E,,,0,70,8400.0,6792,,0,70,0,0
3270.1,3300.1,source_1099,source,FW_W,,,0,54,6480.0,4250,,0,54,0,0
3300.1,3330.1,RM_C10480,ramp,FW_W,10480,,8,1,120.0,70,6,0,0,0,0
3300.1,3330.1,RM_C10482,ramp,FW_W,10482,,10,19,2280.0,1850,36,0,0,0,0
3300.1,3330.1,RM_C10646,ramp,FW_W,10646,,18,0,0.0,159,3,0,0,0,0
3300.1,3330.1,RM_C10644,ramp,FW_W,10644,,22,3,360.0,407,9,0,0,0,0
3300.1,3330.1,RM_C10639,ramp,FW_E,10639,,10,3,360.0,404,6,0,0,0,0
3300.1,3330.1,RM_C10681,ramp,FW_E,10681,,12,9,1080.0,792,60,0,0,0,0
3300.1,3330.1,RM_C10490,ramp,FW_E,10490,,21,1,120.0,600,8,0,0,0,0
3300.1,3330.1,RM_C10484,ramp,FW_E,10484,,23,6,720.0,446,11,0,0,0,0
3300.1,3330.1,OR_D_E_signal,offramp,FW_E,10481,18,,2,240.0,260,10,0,0,0,0
3300.1,3330.1,OR_D_E_direct,offramp,FW_E,10483,20,,13,1560.0,897,11,0,0,0,0
3300.1,3330.1,OR_D_W_signal,offramp,FW_W,10491,9,,3,360.0,789,1,0,0,0,0
3300.1,3330.1,OR_D_W_direct,offramp,FW_W,10479,7,,9,1080.0,716,2,0,0,0,0
3300.1,3330.1,OR_F_E_signal,offramp,FW_E,10643,9,,7,840.0,529,3,0,0,0,0
3300.1,3330.1,OR_F_E_direct,offramp,FW_E,10682,11,,14,1680.0,1099,7,0,0,0,0
3300.1,3330.1,OR_F_W_signal,offramp,FW_W,10638,19,,4,480.0,474,2,0,0,0,0
3300.1,3330.1,OR_F_W_direct,offramp,FW_W,10645,16,,5,600.0,992,1,0,0,0,0
3300.1,3330.1,source_1098,source,FW_E,,,0,63,7560.0,6855,,0,63,0,0
3300.1,3330.1,source_1099,source,FW_W,,,0,51,6120.0,4301,,0,51,0,0
3330.1,3360.1,RM_C10480,ramp,FW_W,10480,,8,5,600.0,75,0,0,0,0,0
3330.1,3360.1,RM_C10482,ramp,FW_W,10482,,10,29,3480.0,1879,25,0,0,0,0
3330.1,3360.1,RM_C10646,ramp,FW_W,10646,,18,3,360.0,162,2,0,0,0,0
3330.1,3360.1,RM_C10644,ramp,FW_W,10644,,22,1,120.0,408,14,0,0,0,0
3330.1,3360.1,RM_C10639,ramp,FW_E,10639,,10,6,720.0,410,3,0,0,0,0
3330.1,3360.1,RM_C10681,ramp,FW_E,10681,,12,12,1440.0,804,55,0,0,0,0
3330.1,3360.1,RM_C10490,ramp,FW_E,10490,,21,7,840.0,607,9,0,0,0,0
3330.1,3360.1,RM_C10484,ramp,FW_E,10484,,23,6,720.0,452,8,0,0,0,0
3330.1,3360.1,OR_D_E_signal,offramp,FW_E,10481,18,,1,120.0,261,2,0,0,0,0
3330.1,3360.1,OR_D_E_direct,offramp,FW_E,10483,20,,7,840.0,904,3,0,0,0,0
3330.1,3360.1,OR_D_W_signal,offramp,FW_W,10491,9,,10,1200.0,799,4,0,0,0,0
3330.1,3360.1,OR_D_W_direct,offramp,FW_W,10479,7,,12,1440.0,728,4,0,0,0,0
3330.1,3360.1,OR_F_E_signal,offramp,FW_E,10643,9,,4,480.0,533,3,0,0,0,0
3330.1,3360.1,OR_F_E_direct,offramp,FW_E,10682,11,,6,720.0,1105,3,0,0,0,0
3330.1,3360.1,OR_F_W_signal,offramp,FW_W,10638,19,,6,720.0,480,1,0,0,0,0
3330.1,3360.1,OR_F_W_direct,offramp,FW_W,10645,16,,9,1080.0,1001,1,0,0,0,0
3330.1,3360.1,source_1098,source,FW_E,,,0,57,6840.0,6912,,0,57,0,0
3330.1,3360.1,source_1099,source,FW_W,,,0,22,2640.0,4323,,0,22,0,0
3360.1,3390.1,RM_C10480,ramp,FW_W,10480,,8,0,0.0,75,0,0,0,0,0
3360.1,3390.1,RM_C10482,ramp,FW_W,10482,,10,20,2400.0,1899,23,0,0,0,0
3360.1,3390.1,RM_C10646,ramp,FW_W,10646,,18,1,120.0,163,1,0,0,0,0
3360.1,3390.1,RM_C10644,ramp,FW_W,10644,,22,0,0.0,408,15,0,0,0,0
3360.1,3390.1,RM_C10639,ramp,FW_E,10639,,10,2,240.0,412,4,0,0,0,0
3360.1,3390.1,RM_C10681,ramp,FW_E,10681,,12,11,1320.0,815,51,0,0,0,0
3360.1,3390.1,RM_C10490,ramp,FW_E,10490,,21,6,720.0,613,11,0,0,0,0
3360.1,3390.1,RM_C10484,ramp,FW_E,10484,,23,6,720.0,458,6,0,0,0,0
3360.1,3390.1,OR_D_E_signal,offramp,FW_E,10481,18,,10,1200.0,271,10,0,0,0,0
3360.1,3390.1,OR_D_E_direct,offramp,FW_E,10483,20,,8,960.0,912,8,0,0,0,0
3360.1,3390.1,OR_D_W_signal,offramp,FW_W,10491,9,,8,960.0,807,3,0,0,0,0
3360.1,3390.1,OR_D_W_direct,offramp,FW_W,10479,7,,5,600.0,733,2,0,0,0,0
3360.1,3390.1,OR_F_E_signal,offramp,FW_E,10643,9,,14,1680.0,547,5,0,0,0,0
3360.1,3390.1,OR_F_E_direct,offramp,FW_E,10682,11,,15,1800.0,1120,7,0,0,0,0
3360.1,3390.1,OR_F_W_signal,offramp,FW_W,10638,19,,7,840.0,487,2,0,0,0,0
3360.1,3390.1,OR_F_W_direct,offramp,FW_W,10645,16,,14,1680.0,1015,2,0,0,0,0
3360.1,3390.1,source_1098,source,FW_E,,,0,68,8160.0,6980,,0,68,0,0
3360.1,3390.1,source_1099,source,FW_W,,,0,36,4320.0,4359,,0,36,0,0
3390.1,3420.1,RM_C10480,ramp,FW_W,10480,,8,0,0.0,75,2,0,0,0,0
3390.1,3420.1,RM_C10482,ramp,FW_W,10482,,10,18,2160.0,1917,25,0,0,0,0
3390.1,3420.1,RM_C10646,ramp,FW_W,10646,,18,1,120.0,164,3,0,0,0,0
3390.1,3420.1,RM_C10644,ramp,FW_W,10644,,22,7,840.0,415,9,0,0,0,0
3390.1,3420.1,RM_C10639,ramp,FW_E,10639,,10,4,480.0,416,6,0,0,0,0
3390.1,3420.1,RM_C10681,ramp,FW_E,10681,,12,9,1080.0,824,52,0,0,0,0
3390.1,3420.1,RM_C10490,ramp,FW_E,10490,,21,7,840.0,620,8,0,0,0,0
3390.1,3420.1,RM_C10484,ramp,FW_E,10484,,23,3,360.0,461,10,0,0,0,0
3390.1,3420.1,OR_D_E_signal,offramp,FW_E,10481,18,,0,0.0,271,8,0,0,0,0
3390.1,3420.1,OR_D_E_direct,offramp,FW_E,10483,20,,5,600.0,917,3,0,0,0,0
3390.1,3420.1,OR_D_W_signal,offramp,FW_W,10491,9,,3,360.0,810,1,0,0,0,0
3390.1,3420.1,OR_D_W_direct,offramp,FW_W,10479,7,,8,960.0,741,2,0,0,0,0
3390.1,3420.1,OR_F_E_signal,offramp,FW_E,10643,9,,1,120.0,548,0,0,0,0,0
3390.1,3420.1,OR_F_E_direct,offramp,FW_E,10682,11,,9,1080.0,1129,4,0,0,0,0
3390.1,3420.1,OR_F_W_signal,offramp,FW_W,10638,19,,7,840.0,494,2,0,0,0,0
3390.1,3420.1,OR_F_W_direct,offramp,FW_W,10645,16,,14,1680.0,1029,4,0,0,0,0
3390.1,3420.1,source_1098,source,FW_E,,,0,59,7080.0,7039,,0,59,0,0
3390.1,3420.1,source_1099,source,FW_W,,,0,35,4200.0,4394,,0,35,0,0
3420.1,3450.1,RM_C10480,ramp,FW_W,10480,,8,1,120.0,76,4,0,0,0,0
3420.1,3450.1,RM_C10482,ramp,FW_W,10482,,10,19,2280.0,1936,28,0,0,0,0
3420.1,3450.1,RM_C10646,ramp,FW_W,10646,,18,1,120.0,165,5,0,0,0,0
3420.1,3450.1,RM_C10644,ramp,FW_W,10644,,22,7,840.0,422,2,0,0,0,0
3420.1,3450.1,RM_C10639,ramp,FW_E,10639,,10,6,720.0,422,8,0,0,0,0
3420.1,3450.1,RM_C10681,ramp,FW_E,10681,,12,6,720.0,830,54,0,0,0,0
3420.1,3450.1,RM_C10490,ramp,FW_E,10490,,21,8,960.0,628,8,0,0,0,0
3420.1,3450.1,RM_C10484,ramp,FW_E,10484,,23,6,720.0,467,13,0,0,0,0
3420.1,3450.1,OR_D_E_signal,offramp,FW_E,10481,18,,4,480.0,275,12,0,0,0,0
3420.1,3450.1,OR_D_E_direct,offramp,FW_E,10483,20,,6,720.0,923,6,0,0,0,0
3420.1,3450.1,OR_D_W_signal,offramp,FW_W,10491,9,,5,600.0,815,5,0,0,0,0
3420.1,3450.1,OR_D_W_direct,offramp,FW_W,10479,7,,3,360.0,744,0,0,0,0,0
3420.1,3450.1,OR_F_E_signal,offramp,FW_E,10643,9,,2,240.0,550,2,0,0,0,0
3420.1,3450.1,OR_F_E_direct,offramp,FW_E,10682,11,,14,1680.0,1143,5,0,0,0,0
3420.1,3450.1,OR_F_W_signal,offramp,FW_W,10638,19,,3,360.0,497,3,0,0,0,0
3420.1,3450.1,OR_F_W_direct,offramp,FW_W,10645,16,,9,1080.0,1038,3,0,0,0,0
3420.1,3450.1,source_1098,source,FW_E,,,0,56,6720.0,7095,,0,56,0,0
3420.1,3450.1,source_1099,source,FW_W,,,0,52,6240.0,4446,,0,52,0,0
3450.1,3480.1,RM_C10480,ramp,FW_W,10480,,8,4,480.0,80,1,0,0,0,0
3450.1,3480.1,RM_C10482,ramp,FW_W,10482,,10,20,2400.0,1956,27,0,0,0,0
3450.1,3480.1,RM_C10646,ramp,FW_W,10646,,18,3,360.0,168,5,0,0,0,0
3450.1,3480.1,RM_C10644,ramp,FW_W,10644,,22,1,120.0,423,4,0,0,0,0
3450.1,3480.1,RM_C10639,ramp,FW_E,10639,,10,6,720.0,428,9,0,0,0,0
3450.1,3480.1,RM_C10681,ramp,FW_E,10681,,12,9,1080.0,839,61,0,0,0,0
3450.1,3480.1,RM_C10490,ramp,FW_E,10490,,21,5,600.0,633,15,0,0,0,0
3450.1,3480.1,RM_C10484,ramp,FW_E,10484,,23,7,840.0,474,7,0,0,0,0
3450.1,3480.1,OR_D_E_signal,offramp,FW_E,10481,18,,4,480.0,279,16,0,0,0,0
3450.1,3480.1,OR_D_E_direct,offramp,FW_E,10483,20,,3,360.0,926,0,0,0,0,0
3450.1,3480.1,OR_D_W_signal,offramp,FW_W,10491,9,,9,1080.0,824,5,0,0,0,0
3450.1,3480.1,OR_D_W_direct,offramp,FW_W,10479,7,,12,1440.0,756,6,0,0,0,0
3450.1,3480.1,OR_F_E_signal,offramp,FW_E,10643,9,,9,1080.0,559,3,0,0,0,0
3450.1,3480.1,OR_F_E_direct,offramp,FW_E,10682,11,,8,960.0,1151,2,0,0,0,0
3450.1,3480.1,OR_F_W_signal,offramp,FW_W,10638,19,,7,840.0,504,2,0,0,0,0
3450.1,3480.1,OR_F_W_direct,offramp,FW_W,10645,16,,15,1800.0,1053,6,0,0,0,0
3450.1,3480.1,source_1098,source,FW_E,,,0,68,8160.0,7163,,0,68,0,0
3450.1,3480.1,source_1099,source,FW_W,,,0,28,3360.0,4474,,0,28,0,0
3480.1,3510.1,RM_C10480,ramp,FW_W,10480,,8,0,0.0,80,0,0,0,0,0
3480.1,3510.1,RM_C10482,ramp,FW_W,10482,,10,22,2640.0,1978,17,0,0,0,0
3480.1,3510.1,RM_C10646,ramp,FW_W,10646,,18,4,480.0,172,1,0,0,0,0
3480.1,3510.1,RM_C10644,ramp,FW_W,10644,,22,1,120.0,424,4,0,0,0,0
3480.1,3510.1,RM_C10639,ramp,FW_E,10639,,10,6,720.0,434,7,0,0,0,0
3480.1,3510.1,RM_C10681,ramp,FW_E,10681,,12,9,1080.0,848,61,0,0,0,0
3480.1,3510.1,RM_C10490,ramp,FW_E,10490,,21,10,1200.0,643,13,0,0,0,0
3480.1,3510.1,RM_C10484,ramp,FW_E,10484,,23,6,720.0,480,9,0,0,0,0
3480.1,3510.1,OR_D_E_signal,offramp,FW_E,10481,18,,0,0.0,279,10,0,0,0,0
3480.1,3510.1,OR_D_E_direct,offramp,FW_E,10483,20,,6,720.0,932,4,0,0,0,0
3480.1,3510.1,OR_D_W_signal,offramp,FW_W,10491,9,,5,600.0,829,5,0,0,0,0
3480.1,3510.1,OR_D_W_direct,offramp,FW_W,10479,7,,6,720.0,762,3,0,0,0,0
3480.1,3510.1,OR_F_E_signal,offramp,FW_E,10643,9,,4,480.0,563,4,0,0,0,0
3480.1,3510.1,OR_F_E_direct,offramp,FW_E,10682,11,,7,840.0,1158,3,0,0,0,0
3480.1,3510.1,OR_F_W_signal,offramp,FW_W,10638,19,,8,960.0,512,9,0,0,0,0
3480.1,3510.1,OR_F_W_direct,offramp,FW_W,10645,16,,6,720.0,1059,6,0,0,0,0
3480.1,3510.1,source_1098,source,FW_E,,,0,63,7560.0,7226,,0,63,0,0
3480.1,3510.1,source_1099,source,FW_W,,,0,18,2160.0,4492,,0,18,0,0
3510.1,3540.1,RM_C10480,ramp,FW_W,10480,,8,0,0.0,80,0,0,0,0,0
3510.1,3540.1,RM_C10482,ramp,FW_W,10482,,10,15,1800.0,1993,25,0,0,0,0
3510.1,3540.1,RM_C10646,ramp,FW_W,10646,,18,1,120.0,173,2,0,0,0,0
3510.1,3540.1,RM_C10644,ramp,FW_W,10644,,22,0,0.0,424,7,0,0,0,0
3510.1,3540.1,RM_C10639,ramp,FW_E,10639,,10,4,480.0,438,4,0,0,0,0
3510.1,3540.1,RM_C10681,ramp,FW_E,10681,,12,10,1200.0,858,58,0,0,0,0
3510.1,3540.1,RM_C10490,ramp,FW_E,10490,,21,9,1080.0,652,12,0,0,0,0
3510.1,3540.1,RM_C10484,ramp,FW_E,10484,,23,5,600.0,485,6,0,0,0,0
3510.1,3540.1,OR_D_E_signal,offramp,FW_E,10481,18,,5,600.0,284,3,0,0,0,0
3510.1,3540.1,OR_D_E_direct,offramp,FW_E,10483,20,,6,720.0,938,3,0,0,0,0
3510.1,3540.1,OR_D_W_signal,offramp,FW_W,10491,9,,6,720.0,835,3,0,0,0,0
3510.1,3540.1,OR_D_W_direct,offramp,FW_W,10479,7,,6,720.0,768,4,0,0,0,0
3510.1,3540.1,OR_F_E_signal,offramp,FW_E,10643,9,,6,720.0,569,3,0,0,0,0
3510.1,3540.1,OR_F_E_direct,offramp,FW_E,10682,11,,10,1200.0,1168,4,0,0,0,0
3510.1,3540.1,OR_F_W_signal,offramp,FW_W,10638,19,,7,840.0,519,3,0,0,0,0
3510.1,3540.1,OR_F_W_direct,offramp,FW_W,10645,16,,16,1920.0,1075,5,0,0,0,0
3510.1,3540.1,source_1098,source,FW_E,,,0,64,7680.0,7290,,0,64,0,0
3510.1,3540.1,source_1099,source,FW_W,,,0,30,3600.0,4522,,0,30,0,0
3540.1,3570.1,RM_C10480,ramp,FW_W,10480,,8,0,0.0,80,1,0,0,0,0
3540.1,3570.1,RM_C10482,ramp,FW_W,10482,,10,13,1560.0,2006,36,0,0,0,0
3540.1,3570.1,RM_C10646,ramp,FW_W,10646,,18,1,120.0,174,3,0,0,0,0
3540.1,3570.1,RM_C10644,ramp,FW_W,10644,,22,3,360.0,427,10,0,0,0,0
3540.1,3570.1,RM_C10639,ramp,FW_E,10639,,10,4,480.0,442,5,0,0,0,0
3540.1,3570.1,RM_C10681,ramp,FW_E,10681,,12,11,1320.0,869,58,0,0,0,0
3540.1,3570.1,RM_C10490,ramp,FW_E,10490,,21,8,960.0,660,11,0,0,0,0
3540.1,3570.1,RM_C10484,ramp,FW_E,10484,,23,5,600.0,490,8,0,0,0,0
3540.1,3570.1,OR_D_E_signal,offramp,FW_E,10481,18,,2,240.0,286,3,0,0,0,0
3540.1,3570.1,OR_D_E_direct,offramp,FW_E,10483,20,,3,360.0,941,2,0,0,0,0
3540.1,3570.1,OR_D_W_signal,offramp,FW_W,10491,9,,7,840.0,842,4,0,0,0,0
3540.1,3570.1,OR_D_W_direct,offramp,FW_W,10479,7,,8,960.0,776,1,0,0,0,0
3540.1,3570.1,OR_F_E_signal,offramp,FW_E,10643,9,,4,480.0,573,1,0,0,0,0
3540.1,3570.1,OR_F_E_direct,offramp,FW_E,10682,11,,10,1200.0,1178,5,0,0,0,0
3540.1,3570.1,OR_F_W_signal,offramp,FW_W,10638,19,,3,360.0,522,1,0,0,0,0
3540.1,3570.1,OR_F_W_direct,offramp,FW_W,10645,16,,9,1080.0,1084,4,0,0,0,0
3540.1,3570.1,source_1098,source,FW_E,,,0,73,8760.0,7363,,0,73,0,0
3540.1,3570.1,source_1099,source,FW_W,,,0,51,6120.0,4573,,0,51,0,0
3570.1,3600.1,RM_C10480,ramp,FW_W,10480,,8,1,120.0,81,2,0,0,0,0
3570.1,3600.1,RM_C10482,ramp,FW_W,10482,,10,28,3360.0,2034,24,0,0,0,0
3570.1,3600.1,RM_C10646,ramp,FW_W,10646,,18,2,240.0,176,2,0,0,0,0
3570.1,3600.1,RM_C10644,ramp,FW_W,10644,,22,3,360.0,430,15,0,0,0,0
3570.1,3600.1,RM_C10639,ramp,FW_E,10639,,10,4,480.0,446,6,0,0,0,0
3570.1,3600.1,RM_C10681,ramp,FW_E,10681,,12,10,1200.0,879,60,0,0,0,0
3570.1,3600.1,RM_C10490,ramp,FW_E,10490,,21,11,1320.0,671,6,0,0,0,0
3570.1,3600.1,RM_C10484,ramp,FW_E,10484,,23,5,600.0,495,4,0,0,0,0
3570.1,3600.1,OR_D_E_signal,offramp,FW_E,10481,18,,3,360.0,289,6,0,0,0,0
3570.1,3600.1,OR_D_E_direct,offramp,FW_E,10483,20,,10,1200.0,951,7,0,0,0,0
3570.1,3600.1,OR_D_W_signal,offramp,FW_W,10491,9,,7,840.0,849,5,0,0,0,0
3570.1,3600.1,OR_D_W_direct,offramp,FW_W,10479,7,,6,720.0,782,0,0,0,0,0
3570.1,3600.1,OR_F_E_signal,offramp,FW_E,10643,9,,9,1080.0,582,5,0,0,0,0
3570.1,3600.1,OR_F_E_direct,offramp,FW_E,10682,11,,15,1800.0,1193,8,0,0,0,0
3570.1,3600.1,OR_F_W_signal,offramp,FW_W,10638,19,,6,720.0,528,5,0,0,0,0
3570.1,3600.1,OR_F_W_direct,offramp,FW_W,10645,16,,2,240.0,1086,0,0,0,0,0
3570.1,3600.1,source_1098,source,FW_E,,,0,71,8520.0,7434,,0,71,0,0
3570.1,3600.1,source_1099,source,FW_W,,,0,28,3360.0,4601,,0,28,0,0
3600.1,3630.1,RM_C10480,ramp,FW_W,10480,,8,0,0.0,81,1,0,0,0,0
3600.1,3630.1,RM_C10482,ramp,FW_W,10482,,10,18,2160.0,2052,27,0,0,0,0
3600.1,3630.1,RM_C10646,ramp,FW_W,10646,,18,1,120.0,177,5,0,0,0,0
3600.1,3630.1,RM_C10644,ramp,FW_W,10644,,22,6,720.0,436,20,0,0,0,0
3600.1,3630.1,RM_C10639,ramp,FW_E,10639,,10,6,720.0,452,2,0,0,0,0
3600.1,3630.1,RM_C10681,ramp,FW_E,10681,,12,11,1320.0,890,62,0,0,0,0
3600.1,3630.1,RM_C10490,ramp,FW_E,10490,,21,4,480.0,675,7,0,0,0,0
3600.1,3630.1,RM_C10484,ramp,FW_E,10484,,23,3,360.0,498,5,0,0,0,0
3600.1,3630.1,OR_D_E_signal,offramp,FW_E,10481,18,,0,0.0,289,6,0,0,0,0
3600.1,3630.1,OR_D_E_direct,offramp,FW_E,10483,20,,17,2040.0,968,14,0,0,0,0
3600.1,3630.1,OR_D_W_signal,offramp,FW_W,10491,9,,6,720.0,855,5,0,0,0,0
3600.1,3630.1,OR_D_W_direct,offramp,FW_W,10479,7,,4,480.0,786,0,0,0,0,0
3600.1,3630.1,OR_F_E_signal,offramp,FW_E,10643,9,,4,480.0,586,2,0,0,0,0
3600.1,3630.1,OR_F_E_direct,offramp,FW_E,10682,11,,9,1080.0,1202,2,0,0,0,0
3600.1,3630.1,OR_F_W_signal,offramp,FW_W,10638,19,,3,360.0,531,0,0,0,0,0
3600.1,3630.1,OR_F_W_direct,offramp,FW_W,10645,16,,12,1440.0,1098,1,0,0,0,0
3600.1,3630.1,source_1098,source,FW_E,,,0,68,8160.0,7502,,0,68,0,0
3600.1,3630.1,source_1099,source,FW_W,,,0,22,2640.0,4623,,0,22,0,0
3630.1,3660.1,RM_C10480,ramp,FW_W,10480,,8,1,120.0,82,0,0,0,0,0
3630.1,3660.1,RM_C10482,ramp,FW_W,10482,,10,19,2280.0,2071,23,0,0,0,0
3630.1,3660.1,RM_C10646,ramp,FW_W,10646,,18,3,360.0,180,3,0,0,0,0
3630.1,3660.1,RM_C10644,ramp,FW_W,10644,,22,1,120.0,437,20,0,0,0,0
3630.1,3660.1,RM_C10639,ramp,FW_E,10639,,10,2,240.0,454,4,0,0,0,0
3630.1,3660.1,RM_C10681,ramp,FW_E,10681,,12,13,1560.0,903,58,0,0,0,0
3630.1,3660.1,RM_C10490,ramp,FW_E,10490,,21,5,600.0,680,12,0,0,0,0
3630.1,3660.1,RM_C10484,ramp,FW_E,10484,,23,4,480.0,502,4,0,0,0,0
3630.1,3660.1,OR_D_E_signal,offramp,FW_E,10481,18,,0,0.0,289,0,0,0,0,0
3630.1,3660.1,OR_D_E_direct,offramp,FW_E,10483,20,,4,480.0,972,2,0,0,0,0
3630.1,3660.1,OR_D_W_signal,offramp,FW_W,10491,9,,12,1440.0,867,6,0,0,0,0
3630.1,3660.1,OR_D_W_direct,offramp,FW_W,10479,7,,3,360.0,789,1,0,0,0,0
3630.1,3660.1,OR_F_E_signal,offramp,FW_E,10643,9,,5,600.0,591,2,0,0,0,0
3630.1,3660.1,OR_F_E_direct,offramp,FW_E,10682,11,,11,1320.0,1213,4,0,0,0,0
3630.1,3660.1,OR_F_W_signal,offramp,FW_W,10638,19,,3,360.0,534,3,0,0,0,0
3630.1,3660.1,OR_F_W_direct,offramp,FW_W,10645,16,,10,1200.0,1108,5,0,0,0,0
3630.1,3660.1,source_1098,source,FW_E,,,0,56,6720.0,7558,,0,56,0,0
3630.1,3660.1,source_1099,source,FW_W,,,0,45,5400.0,4668,,0,45,0,0
3660.1,3690.1,RM_C10480,ramp,FW_W,10480,,8,0,0.0,82,0,0,0,0,0
3660.1,3690.1,RM_C10482,ramp,FW_W,10482,,10,14,1680.0,2085,32,0,0,0,0
3660.1,3690.1,RM_C10646,ramp,FW_W,10646,,18,2,240.0,182,2,0,0,0,0
3660.1,3690.1,RM_C10644,ramp,FW_W,10644,,22,7,840.0,444,17,0,0,0,0
3660.1,3690.1,RM_C10639,ramp,FW_E,10639,,10,2,240.0,456,5,0,0,0,0
3660.1,3690.1,RM_C10681,ramp,FW_E,10681,,12,10,1200.0,913,56,0,0,0,0
3660.1,3690.1,RM_C10490,ramp,FW_E,10490,,21,9,1080.0,689,8,0,0,0,0
3660.1,3690.1,RM_C10484,ramp,FW_E,10484,,23,2,240.0,504,7,0,0,0,0
3660.1,3690.1,OR_D_E_signal,offramp,FW_E,10481,18,,5,600.0,294,4,0,0,0,0
3660.1,3690.1,OR_D_E_direct,offramp,FW_E,10483,20,,9,1080.0,981,4,0,0,0,0
3660.1,3690.1,OR_D_W_signal,offramp,FW_W,10491,9,,8,960.0,875,2,0,0,0,0
3660.1,3690.1,OR_D_W_direct,offramp,FW_W,10479,7,,6,720.0,795,2,0,0,0,0
3660.1,3690.1,OR_F_E_signal,offramp,FW_E,10643,9,,7,840.0,598,5,0,0,0,0
3660.1,3690.1,OR_F_E_direct,offramp,FW_E,10682,11,,15,1800.0,1228,8,0,0,0,0
3660.1,3690.1,OR_F_W_signal,offramp,FW_W,10638,19,,6,720.0,540,1,0,0,0,0
3660.1,3690.1,OR_F_W_direct,offramp,FW_W,10645,16,,12,1440.0,1120,12,0,0,0,0
3660.1,3690.1,source_1098,source,FW_E,,,0,69,8280.0,7627,,0,69,0,0
3660.1,3690.1,source_1099,source,FW_W,,,0,20,2400.0,4688,,0,20,0,0
3690.1,3720.1,RM_C10480,ramp,FW_W,10480,,8,0,0.0,82,0,0,0,0,0
3690.1,3720.1,RM_C10482,ramp,FW_W,10482,,10,19,2280.0,2104,31,0,0,0,0
3690.1,3720.1,RM_C10646,ramp,FW_W,10646,,18,2,240.0,184,5,0,0,0,0
3690.1,3720.1,RM_C10644,ramp,FW_W,10644,,22,13,1560.0,457,8,0,0,0,0
3690.1,3720.1,RM_C10639,ramp,FW_E,10639,,10,5,600.0,461,0,0,0,0,0
3690.1,3720.1,RM_C10681,ramp,FW_E,10681,,12,12,1440.0,925,58,0,0,0,0
3690.1,3720.1,RM_C10490,ramp,FW_E,10490,,21,8,960.0,697,5,0,0,0,0
3690.1,3720.1,RM_C10484,ramp,FW_E,10484,,23,4,480.0,508,6,0,0,0,0
3690.1,3720.1,OR_D_E_signal,offramp,FW_E,10481,18,,1,120.0,295,5,0,0,0,0
3690.1,3720.1,OR_D_E_direct,offramp,FW_E,10483,20,,9,1080.0,990,6,0,0,0,0
3690.1,3720.1,OR_D_W_signal,offramp,FW_W,10491,9,,3,360.0,878,1,0,0,0,0
3690.1,3720.1,OR_D_W_direct,offramp,FW_W,10479,7,,7,840.0,802,0,0,0,0,0
3690.1,3720.1,OR_F_E_signal,offramp,FW_E,10643,9,,7,840.0,605,2,0,0,0,0
3690.1,3720.1,OR_F_E_direct,offramp,FW_E,10682,11,,15,1800.0,1243,11,0,0,0,0
3690.1,3720.1,OR_F_W_signal,offramp,FW_W,10638,19,,4,480.0,544,0,0,0,0,0
3690.1,3720.1,OR_F_W_direct,offramp,FW_W,10645,16,,8,960.0,1128,0,0,0,0,0
3690.1,3720.1,source_1098,source,FW_E,,,0,62,7440.0,7689,,0,62,0,0
3690.1,3720.1,source_1099,source,FW_W,,,0,30,3600.0,4718,,0,30,0,0
3720.1,3750.1,RM_C10480,ramp,FW_W,10480,,8,1,120.0,83,3,0,0,0,0
3720.1,3750.1,RM_C10482,ramp,FW_W,10482,,10,16,1920.0,2120,32,0,0,0,0
3720.1,3750.1,RM_C10646,ramp,FW_W,10646,,18,4,480.0,188,6,0,0,0,0
3720.1,3750.1,RM_C10644,ramp,FW_W,10644,,22,0,0.0,457,14,0,0,0,0
3720.1,3750.1,RM_C10639,ramp,FW_E,10639,,10,0,0.0,461,1,0,0,0,0
3720.1,3750.1,RM_C10681,ramp,FW_E,10681,,12,10,1200.0,935,57,0,0,0,0
3720.1,3750.1,RM_C10490,ramp,FW_E,10490,,21,5,600.0,702,7,0,0,0,0
3720.1,3750.1,RM_C10484,ramp,FW_E,10484,,23,3,360.0,511,9,0,0,0,0
3720.1,3750.1,OR_D_E_signal,offramp,FW_E,10481,18,,1,120.0,296,6,0,0,0,0
3720.1,3750.1,OR_D_E_direct,offramp,FW_E,10483,20,,10,1200.0,1000,3,0,0,0,0
3720.1,3750.1,OR_D_W_signal,offramp,FW_W,10491,9,,5,600.0,883,5,0,0,0,0
3720.1,3750.1,OR_D_W_direct,offramp,FW_W,10479,7,,4,480.0,806,2,0,0,0,0
3720.1,3750.1,OR_F_E_signal,offramp,FW_E,10643,9,,6,720.0,611,0,0,0,0,0
3720.1,3750.1,OR_F_E_direct,offramp,FW_E,10682,11,,11,1320.0,1254,9,0,0,0,0
3720.1,3750.1,OR_F_W_signal,offramp,FW_W,10638,19,,6,720.0,550,1,0,0,0,0
3720.1,3750.1,OR_F_W_direct,offramp,FW_W,10645,16,,11,1320.0,1139,1,0,0,0,0
3720.1,3750.1,source_1098,source,FW_E,,,0,60,7200.0,7749,,0,60,0,0
3720.1,3750.1,source_1099,source,FW_W,,,0,44,5280.0,4762,,0,44,0,0
3750.1,3780.1,RM_C10480,ramp,FW_W,10480,,8,1,120.0,84,4,0,0,0,0
3750.1,3780.1,RM_C10482,ramp,FW_W,10482,,10,25,3000.0,2145,29,0,0,0,0
3750.1,3780.1,RM_C10646,ramp,FW_W,10646,,18,4,480.0,192,2,0,0,0,0
3750.1,3780.1,RM_C10644,ramp,FW_W,10644,,22,0,0.0,457,21,0,0,0,0
3750.1,3780.1,RM_C10639,ramp,FW_E,10639,,10,1,120.0,462,4,0,0,0,0
3750.1,3780.1,RM_C10681,ramp,FW_E,10681,,12,8,960.0,943,60,0,0,0,0
3750.1,3780.1,RM_C10490,ramp,FW_E,10490,,21,6,720.0,708,8,0,0,0,0
3750.1,3780.1,RM_C10484,ramp,FW_E,10484,,23,3,360.0,514,9,0,0,0,0
3750.1,3780.1,OR_D_E_signal,offramp,FW_E,10481,18,,1,120.0,297,6,0,0,0,0
3750.1,3780.1,OR_D_E_direct,offramp,FW_E,10483,20,,17,2040.0,1017,12,0,0,0,0
3750.1,3780.1,OR_D_W_signal,offramp,FW_W,10491,9,,9,1080.0,892,1,0,0,0,0
3750.1,3780.1,OR_D_W_direct,offramp,FW_W,10479,7,,8,960.0,814,4,0,0,0,0
3750.1,3780.1,OR_F_E_signal,offramp,FW_E,10643,9,,5,600.0,616,2,0,0,0,0
3750.1,3780.1,OR_F_E_direct,offramp,FW_E,10682,11,,2,240.0,1256,2,0,0,0,0
3750.1,3780.1,OR_F_W_signal,offramp,FW_W,10638,19,,8,960.0,558,5,0,0,0,0
3750.1,3780.1,OR_F_W_direct,offramp,FW_W,10645,16,,13,1560.0,1152,8,0,0,0,0
3750.1,3780.1,source_1098,source,FW_E,,,0,54,6480.0,7803,,0,54,0,0
3750.1,3780.1,source_1099,source,FW_W,,,0,29,3480.0,4791,,0,29,0,0
3780.1,3810.1,RM_C10480,ramp,FW_W,10480,,8,2,240.0,86,0,0,0,0,0
3780.1,3810.1,RM_C10482,ramp,FW_W,10482,,10,17,2040.0,2162,36,0,0,0,0
3780.1,3810.1,RM_C10646,ramp,FW_W,10646,,18,0,0.0,192,3,0,0,0,0
3780.1,3810.1,RM_C10644,ramp,FW_W,10644,,22,7,840.0,464,16,0,0,0,0
3780.1,3810.1,RM_C10639,ramp,FW_E,10639,,10,4,480.0,466,3,0,0,0,0
3780.1,3810.1,RM_C10681,ramp,FW_E,10681,,12,11,1320.0,954,56,0,0,0,0
3780.1,3810.1,RM_C10490,ramp,FW_E,10490,,21,8,960.0,716,3,0,0,0,0
3780.1,3810.1,RM_C10484,ramp,FW_E,10484,,23,6,720.0,520,5,0,0,0,0
3780.1,3810.1,OR_D_E_signal,offramp,FW_E,10481,18,,4,480.0,301,4,0,0,0,0
3780.1,3810.1,OR_D_E_direct,offramp,FW_E,10483,20,,13,1560.0,1030,9,0,0,0,0
3780.1,3810.1,OR_D_W_signal,offramp,FW_W,10491,9,,9,1080.0,901,4,0,0,0,0
3780.1,3810.1,OR_D_W_direct,offramp,FW_W,10479,7,,7,840.0,821,2,0,0,0,0
3780.1,3810.1,OR_F_E_signal,offramp,FW_E,10643,9,,7,840.0,623,5,0,0,0,0
3780.1,3810.1,OR_F_E_direct,offramp,FW_E,10682,11,,20,2400.0,1276,8,0,0,0,0
3780.1,3810.1,OR_F_W_signal,offramp,FW_W,10638,19,,6,720.0,564,0,0,0,0,0
3780.1,3810.1,OR_F_W_direct,offramp,FW_W,10645,16,,11,1320.0,1163,3,0,0,0,0
3780.1,3810.1,source_1098,source,FW_E,,,0,61,7320.0,7864,,0,61,0,0
3780.1,3810.1,source_1099,source,FW_W,,,0,43,5160.0,4834,,0,43,0,0
3810.1,3840.1,RM_C10480,ramp,FW_W,10480,,8,0,0.0,86,0,0,0,0,0
3810.1,3840.1,RM_C10482,ramp,FW_W,10482,,10,26,3120.0,2188,29,0,0,0,0
3810.1,3840.1,RM_C10646,ramp,FW_W,10646,,18,2,240.0,194,3,0,0,0,0
3810.1,3840.1,RM_C10644,ramp,FW_W,10644,,22,5,600.0,469,18,0,0,0,0
3810.1,3840.1,RM_C10639,ramp,FW_E,10639,,10,2,240.0,468,8,0,0,0,0
3810.1,3840.1,RM_C10681,ramp,FW_E,10681,,12,10,1200.0,964,58,0,0,0,0
3810.1,3840.1,RM_C10490,ramp,FW_E,10490,,21,3,360.0,719,4,0,0,0,0
3810.1,3840.1,RM_C10484,ramp,FW_E,10484,,23,3,360.0,523,7,0,0,0,0
3810.1,3840.1,OR_D_E_signal,offramp,FW_E,10481,18,,0,0.0,301,0,0,0,0,0
3810.1,3840.1,OR_D_E_direct,offramp,FW_E,10483,20,,12,1440.0,1042,9,0,0,0,0
3810.1,3840.1,OR_D_W_signal,offramp,FW_W,10491,9,,7,840.0,908,3,0,0,0,0
3810.1,3840.1,OR_D_W_direct,offramp,FW_W,10479,7,,11,1320.0,832,4,0,0,0,0
3810.1,3840.1,OR_F_E_signal,offramp,FW_E,10643,9,,3,360.0,626,4,0,0,0,0
3810.1,3840.1,OR_F_E_direct,offramp,FW_E,10682,11,,5,600.0,1281,0,0,0,0,0
3810.1,3840.1,OR_F_W_signal,offramp,FW_W,10638,19,,4,480.0,568,0,0,0,0,0
3810.1,3840.1,OR_F_W_direct,offramp,FW_W,10645,16,,12,1440.0,1175,11,0,0,0,0
3810.1,3840.1,source_1098,source,FW_E,,,0,64,7680.0,7928,,0,64,0,0
3810.1,3840.1,source_1099,source,FW_W,,,0,33,3960.0,4867,,0,33,0,0
3840.1,3870.1,RM_C10480,ramp,FW_W,10480,,8,1,120.0,87,4,0,0,0,0
3840.1,3870.1,RM_C10482,ramp,FW_W,10482,,10,20,2400.0,2208,23,0,0,0,0
3840.1,3870.1,RM_C10646,ramp,FW_W,10646,,18,0,0.0,194,0,0,0,0,0
3840.1,3870.1,RM_C10644,ramp,FW_W,10644,,22,6,720.0,475,19,0,0,0,0
3840.1,3870.1,RM_C10639,ramp,FW_E,10639,,10,3,360.0,471,6,0,0,0,0
3840.1,3870.1,RM_C10681,ramp,FW_E,10681,,12,8,960.0,972,57,0,0,0,0
3840.1,3870.1,RM_C10490,ramp,FW_E,10490,,21,4,480.0,723,9,0,0,0,0
3840.1,3870.1,RM_C10484,ramp,FW_E,10484,,23,3,360.0,526,8,0,0,0,0
3840.1,3870.1,OR_D_E_signal,offramp,FW_E,10481,18,,2,240.0,303,2,0,0,0,0
3840.1,3870.1,OR_D_E_direct,offramp,FW_E,10483,20,,12,1440.0,1054,8,0,0,0,0
3840.1,3870.1,OR_D_W_signal,offramp,FW_W,10491,9,,4,480.0,912,3,0,0,0,0
3840.1,3870.1,OR_D_W_direct,offramp,FW_W,10479,7,,11,1320.0,843,4,0,0,0,0
3840.1,3870.1,OR_F_E_signal,offramp,FW_E,10643,9,,4,480.0,630,1,0,0,0,0
3840.1,3870.1,OR_F_E_direct,offramp,FW_E,10682,11,,10,1200.0,1291,2,0,0,0,0
3840.1,3870.1,OR_F_W_signal,offramp,FW_W,10638,19,,6,720.0,574,3,0,0,0,0
3840.1,3870.1,OR_F_W_direct,offramp,FW_W,10645,16,,7,840.0,1182,0,0,0,0,0
3840.1,3870.1,source_1098,source,FW_E,,,0,74,8880.0,8002,,0,74,0,0
3840.1,3870.1,source_1099,source,FW_W,,,0,31,3720.0,4898,,0,31,0,0
3870.1,3900.1,RM_C10480,ramp,FW_W,10480,,8,0,0.0,87,2,0,0,0,0
3870.1,3900.1,RM_C10482,ramp,FW_W,10482,,10,16,1920.0,2224,24,0,0,0,0
3870.1,3900.1,RM_C10646,ramp,FW_W,10646,,18,0,0.0,194,4,0,0,0,0
3870.1,3900.1,RM_C10644,ramp,FW_W,10644,,22,5,600.0,480,16,0,0,0,0
3870.1,3900.1,RM_C10639,ramp,FW_E,10639,,10,5,600.0,476,6,0,0,0,0
3870.1,3900.1,RM_C10681,ramp,FW_E,10681,,12,9,1080.0,981,58,0,0,0,0
3870.1,3900.1,RM_C10490,ramp,FW_E,10490,,21,9,1080.0,732,5,0,0,0,0
3870.1,3900.1,RM_C10484,ramp,FW_E,10484,,23,5,600.0,531,8,0,0,0,0
3870.1,3900.1,OR_D_E_signal,offramp,FW_E,10481,18,,1,120.0,304,3,0,0,0,0
3870.1,3900.1,OR_D_E_direct,offramp,FW_E,10483,20,,9,1080.0,1063,3,0,0,0,0
3870.1,3900.1,OR_D_W_signal,offramp,FW_W,10491,9,,4,480.0,916,6,0,0,0,0
3870.1,3900.1,OR_D_W_direct,offramp,FW_W,10479,7,,7,840.0,850,3,0,0,0,0
3870.1,3900.1,OR_F_E_signal,offramp,FW_E,10643,9,,3,360.0,633,1,0,0,0,0
3870.1,3900.1,OR_F_E_direct,offramp,FW_E,10682,11,,7,840.0,1298,4,0,0,0,0
3870.1,3900.1,OR_F_W_signal,offramp,FW_W,10638,19,,9,1080.0,583,3,0,0,0,0
3870.1,3900.1,OR_F_W_direct,offramp,FW_W,10645,16,,6,720.0,1188,6,0,0,0,0
3870.1,3900.1,source_1098,source,FW_E,,,0,56,6720.0,8058,,0,56,0,0
3870.1,3900.1,source_1099,source,FW_W,,,0,39,4680.0,4937,,0,39,0,0
3900.1,3930.1,RM_C10480,ramp,FW_W,10480,,8,2,240.0,89,1,0,0,0,0
3900.1,3930.1,RM_C10482,ramp,FW_W,10482,,10,18,2160.0,2242,25,0,0,0,0
3900.1,3930.1,RM_C10646,ramp,FW_W,10646,,18,5,600.0,199,3,0,0,0,0
3900.1,3930.1,RM_C10644,ramp,FW_W,10644,,22,3,360.0,483,16,0,0,0,0
3900.1,3930.1,RM_C10639,ramp,FW_E,10639,,10,6,720.0,482,2,0,0,0,0
3900.1,3930.1,RM_C10681,ramp,FW_E,10681,,12,8,960.0,989,63,0,0,0,0
3900.1,3930.1,RM_C10490,ramp,FW_E,10490,,21,4,480.0,736,10,0,0,0,0
3900.1,3930.1,RM_C10484,ramp,FW_E,10484,,23,5,600.0,536,6,0,0,0,0
3900.1,3930.1,OR_D_E_signal,offramp,FW_E,10481,18,,8,960.0,312,11,0,0,0,0
3900.1,3930.1,OR_D_E_direct,offramp,FW_E,10483,20,,17,2040.0,1080,12,0,0,0,0
3900.1,3930.1,OR_D_W_signal,offramp,FW_W,10491,9,,7,840.0,923,7,0,0,0,0
3900.1,3930.1,OR_D_W_direct,offramp,FW_W,10479,7,,2,240.0,852,1,0,0,0,0
3900.1,3930.1,OR_F_E_signal,offramp,FW_E,10643,9,,6,720.0,639,4,0,0,0,0
3900.1,3930.1,OR_F_E_direct,offramp,FW_E,10682,11,,8,960.0,1306,0,0,0,0,0
3900.1,3930.1,OR_F_W_signal,offramp,FW_W,10638,19,,4,480.0,587,3,0,0,0,0
3900.1,3930.1,OR_F_W_direct,offramp,FW_W,10645,16,,13,1560.0,1201,8,0,0,0,0
3900.1,3930.1,source_1098,source,FW_E,,,0,66,7920.0,8124,,0,66,0,0
3900.1,3930.1,source_1099,source,FW_W,,,0,34,4080.0,4971,,0,34,0,0
3930.1,3960.1,RM_C10480,ramp,FW_W,10480,,8,0,0.0,89,0,0,0,0,0
3930.1,3960.1,RM_C10482,ramp,FW_W,10482,,10,20,2400.0,2262,22,0,0,0,0
3930.1,3960.1,RM_C10646,ramp,FW_W,10646,,18,3,360.0,202,2,0,0,0,0
3930.1,3960.1,RM_C10644,ramp,FW_W,10644,,22,11,1320.0,494,5,0,0,0,0
3930.1,3960.1,RM_C10639,ramp,FW_E,10639,,10,1,120.0,483,1,0,0,0,0
3930.1,3960.1,RM_C10681,ramp,FW_E,10681,,12,9,1080.0,998,67,0,0,0,0
3930.1,3960.1,RM_C10490,ramp,FW_E,10490,,21,8,960.0,744,9,0,0,0,0
3930.1,3960.1,RM_C10484,ramp,FW_E,10484,,23,5,600.0,541,7,0,0,0,0
3930.1,3960.1,OR_D_E_signal,offramp,FW_E,10481,18,,0,0.0,312,3,0,0,0,0
3930.1,3960.1,OR_D_E_direct,offramp,FW_E,10483,20,,3,360.0,1083,3,0,0,0,0
3930.1,3960.1,OR_D_W_signal,offramp,FW_W,10491,9,,9,1080.0,932,4,0,0,0,0
3930.1,3960.1,OR_D_W_direct,offramp,FW_W,10479,7,,6,720.0,858,4,0,0,0,0
3930.1,3960.1,OR_F_E_signal,offramp,FW_E,10643,9,,5,600.0,644,1,0,0,0,0
3930.1,3960.1,OR_F_E_direct,offramp,FW_E,10682,11,,17,2040.0,1323,8,0,0,0,0
3930.1,3960.1,OR_F_W_signal,offramp,FW_W,10638,19,,8,960.0,595,4,0,0,0,0
3930.1,3960.1,OR_F_W_direct,offramp,FW_W,10645,16,,13,1560.0,1214,5,0,0,0,0
3930.1,3960.1,source_1098,source,FW_E,,,0,70,8400.0,8194,,0,70,0,0
3930.1,3960.1,source_1099,source,FW_W,,,0,49,5880.0,5020,,0,49,0,0
3960.1,3990.1,RM_C10480,ramp,FW_W,10480,,8,0,0.0,89,0,0,0,0,0
3960.1,3990.1,RM_C10482,ramp,FW_W,10482,,10,18,2160.0,2280,25,0,0,0,0
3960.1,3990.1,RM_C10646,ramp,FW_W,10646,,18,2,240.0,204,0,0,0,0,0
3960.1,3990.1,RM_C10644,ramp,FW_W,10644,,22,2,240.0,496,5,0,0,0,0
3960.1,3990.1,RM_C10639,ramp,FW_E,10639,,10,1,120.0,484,0,0,0,0,0
3960.1,3990.1,RM_C10681,ramp,FW_E,10681,,12,12,1440.0,1010,60,0,0,0,0
3960.1,3990.1,RM_C10490,ramp,FW_E,10490,,21,8,960.0,752,11,0,0,0,0
3960.1,3990.1,RM_C10484,ramp,FW_E,10484,,23,5,600.0,546,4,0,0,0,0
3960.1,3990.1,OR_D_E_signal,offramp,FW_E,10481,18,,3,360.0,315,3,0,0,0,0
3960.1,3990.1,OR_D_E_direct,offramp,FW_E,10483,20,,10,1200.0,1093,5,0,0,0,0
3960.1,3990.1,OR_D_W_signal,offramp,FW_W,10491,9,,5,600.0,937,2,0,0,0,0
3960.1,3990.1,OR_D_W_direct,offramp,FW_W,10479,7,,4,480.0,862,3,0,0,0,0
3960.1,3990.1,OR_F_E_signal,offramp,FW_E,10643,9,,2,240.0,646,2,0,0,0,0
3960.1,3990.1,OR_F_E_direct,offramp,FW_E,10682,11,,15,1800.0,1338,5,0,0,0,0
3960.1,3990.1,OR_F_W_signal,offramp,FW_W,10638,19,,4,480.0,599,4,0,0,0,0
3960.1,3990.1,OR_F_W_direct,offramp,FW_W,10645,16,,8,960.0,1222,2,0,0,0,0
3960.1,3990.1,source_1098,source,FW_E,,,0,65,7800.0,8259,,0,65,0,0
3960.1,3990.1,source_1099,source,FW_W,,,0,22,2640.0,5042,,0,22,0,0
3990.1,4020.1,RM_C10480,ramp,FW_W,10480,,8,0,0.0,89,2,0,0,0,0
3990.1,4020.1,RM_C10482,ramp,FW_W,10482,,10,16,1920.0,2296,26,0,0,0,0
3990.1,4020.1,RM_C10646,ramp,FW_W,10646,,18,0,0.0,204,1,0,0,0,0
3990.1,4020.1,RM_C10644,ramp,FW_W,10644,,22,3,360.0,499,6,0,0,0,0
3990.1,4020.1,RM_C10639,ramp,FW_E,10639,,10,0,0.0,484,5,0,0,0,0
3990.1,4020.1,RM_C10681,ramp,FW_E,10681,,12,14,1680.0,1024,57,0,0,0,0
3990.1,4020.1,RM_C10490,ramp,FW_E,10490,,21,10,1200.0,762,9,0,0,0,0
3990.1,4020.1,RM_C10484,ramp,FW_E,10484,,23,3,360.0,549,8,0,0,0,0
3990.1,4020.1,OR_D_E_signal,offramp,FW_E,10481,18,,0,0.0,315,2,0,0,0,0
3990.1,4020.1,OR_D_E_direct,offramp,FW_E,10483,20,,10,1200.0,1103,4,0,0,0,0
3990.1,4020.1,OR_D_W_signal,offramp,FW_W,10491,9,,7,840.0,944,2,0,0,0,0
3990.1,4020.1,OR_D_W_direct,offramp,FW_W,10479,7,,7,840.0,869,3,0,0,0,0
3990.1,4020.1,OR_F_E_signal,offramp,FW_E,10643,9,,10,1200.0,656,7,0,0,0,0
3990.1,4020.1,OR_F_E_direct,offramp,FW_E,10682,11,,8,960.0,1346,8,0,0,0,0
3990.1,4020.1,OR_F_W_signal,offramp,FW_W,10638,19,,9,1080.0,608,3,0,0,0,0
3990.1,4020.1,OR_F_W_direct,offramp,FW_W,10645,16,,10,1200.0,1232,6,0,0,0,0
3990.1,4020.1,source_1098,source,FW_E,,,0,56,6720.0,8315,,0,56,0,0
3990.1,4020.1,source_1099,source,FW_W,,,0,42,5040.0,5084,,0,42,0,0
4020.1,4050.1,RM_C10480,ramp,FW_W,10480,,8,1,120.0,90,0,0,0,0,0
4020.1,4050.1,RM_C10482,ramp,FW_W,10482,,10,18,2160.0,2314,28,0,0,0,0
4020.1,4050.1,RM_C10646,ramp,FW_W,10646,,18,1,120.0,205,2,0,0,0,0
4020.1,4050.1,RM_C10644,ramp,FW_W,10644,,22,2,240.0,501,12,0,0,0,0
4020.1,4050.1,RM_C10639,ramp,FW_E,10639,,10,5,600.0,489,1,0,0,0,0
4020.1,4050.1,RM_C10681,ramp,FW_E,10681,,12,13,1560.0,1037,51,0,0,0,0
4020.1,4050.1,RM_C10490,ramp,FW_E,10490,,21,9,1080.0,771,3,0,0,0,0
4020.1,4050.1,RM_C10484,ramp,FW_E,10484,,23,5,600.0,554,9,0,0,0,0
4020.1,4050.1,OR_D_E_signal,offramp,FW_E,10481,18,,0,0.0,315,2,0,0,0,0
4020.1,4050.1,OR_D_E_direct,offramp,FW_E,10483,20,,8,960.0,1111,7,0,0,0,0
4020.1,4050.1,OR_D_W_signal,offramp,FW_W,10491,9,,5,600.0,949,3,0,0,0,0
4020.1,4050.1,OR_D_W_direct,offramp,FW_W,10479,7,,7,840.0,876,0,0,0,0,0
4020.1,4050.1,OR_F_E_signal,offramp,FW_E,10643,9,,7,840.0,663,3,0,0,0,0
4020.1,4050.1,OR_F_E_direct,offramp,FW_E,10682,11,,11,1320.0,1357,5,0,0,0,0
4020.1,4050.1,OR_F_W_signal,offramp,FW_W,10638,19,,5,600.0,613,4,0,0,0,0
4020.1,4050.1,OR_F_W_direct,offramp,FW_W,10645,16,,14,1680.0,1246,0,0,0,0,0
4020.1,4050.1,source_1098,source,FW_E,,,0,58,6960.0,8373,,0,58,0,0
4020.1,4050.1,source_1099,source,FW_W,,,0,32,3840.0,5116,,0,32,0,0
4050.1,4080.1,RM_C10480,ramp,FW_W,10480,,8,0,0.0,90,1,0,0,0,0
4050.1,4080.1,RM_C10482,ramp,FW_W,10482,,10,20,2400.0,2334,28,0,0,0,0
4050.1,4080.1,RM_C10646,ramp,FW_W,10646,,18,1,120.0,206,7,0,0,0,0
4050.1,4080.1,RM_C10644,ramp,FW_W,10644,,22,0,0.0,501,18,0,0,0,0
4050.1,4080.1,RM_C10639,ramp,FW_E,10639,,10,1,120.0,490,5,0,0,0,0
4050.1,4080.1,RM_C10681,ramp,FW_E,10681,,12,10,1200.0,1047,54,0,0,0,0
4050.1,4080.1,RM_C10490,ramp,FW_E,10490,,21,3,360.0,774,8,0,0,0,0
4050.1,4080.1,RM_C10484,ramp,FW_E,10484,,23,6,720.0,560,4,0,0,0,0
4050.1,4080.1,OR_D_E_signal,offramp,FW_E,10481,18,,4,480.0,319,6,0,0,0,0
4050.1,4080.1,OR_D_E_direct,offramp,FW_E,10483,20,,12,1440.0,1123,6,0,0,0,0
4050.1,4080.1,OR_D_W_signal,offramp,FW_W,10491,9,,5,600.0,954,3,0,0,0,0
4050.1,4080.1,OR_D_W_direct,offramp,FW_W,10479,7,,6,720.0,882,2,0,0,0,0
4050.1,4080.1,OR_F_E_signal,offramp,FW_E,10643,9,,4,480.0,667,3,0,0,0,0
4050.1,4080.1,OR_F_E_direct,offramp,FW_E,10682,11,,7,840.0,1364,1,0,0,0,0
4050.1,4080.1,OR_F_W_signal,offramp,FW_W,10638,19,,6,720.0,619,1,0,0,0,0
4050.1,4080.1,OR_F_W_direct,offramp,FW_W,10645,16,,8,960.0,1254,6,0,0,0,0
4050.1,4080.1,source_1098,source,FW_E,,,0,65,7800.0,8438,,0,65,0,0
4050.1,4080.1,source_1099,source,FW_W,,,0,26,3120.0,5142,,0,26,0,0
4080.1000000000004,4110.1,RM_C10480,ramp,FW_W,10480,,8,0,0.0,90,0,0,0,0,0
4080.1000000000004,4110.1,RM_C10482,ramp,FW_W,10482,,10,16,1920.0,2350,31,0,0,0,0
4080.1000000000004,4110.1,RM_C10646,ramp,FW_W,10646,,18,3,360.0,209,6,0,0,0,0
4080.1000000000004,4110.1,RM_C10644,ramp,FW_W,10644,,22,2,240.0,503,20,0,0,0,0
4080.1000000000004,4110.1,RM_C10639,ramp,FW_E,10639,,10,0,0.0,490,11,0,0,0,0
4080.1000000000004,4110.1,RM_C10681,ramp,FW_E,10681,,12,9,1080.0,1056,56,0,0,0,0
4080.1000000000004,4110.1,RM_C10490,ramp,FW_E,10490,,21,8,960.0,782,2,0,0,0,0
4080.1000000000004,4110.1,RM_C10484,ramp,FW_E,10484,,23,4,480.0,564,9,0,0,0,0
4080.1000000000004,4110.1,OR_D_E_signal,offramp,FW_E,10481,18,,8,960.0,327,6,0,0,0,0
4080.1000000000004,4110.1,OR_D_E_direct,offramp,FW_E,10483,20,,6,720.0,1129,6,0,0,0,0
4080.1000000000004,4110.1,OR_D_W_signal,offramp,FW_W,10491,9,,5,600.0,959,3,0,0,0,0
4080.1000000000004,4110.1,OR_D_W_direct,offramp,FW_W,10479,7,,9,1080.0,891,2,0,0,0,0
4080.1000000000004,4110.1,OR_F_E_signal,offramp,FW_E,10643,9,,10,1200.0,677,4,0,0,0,0
4080.1000000000004,4110.1,OR_F_E_direct,offramp,FW_E,10682,11,,16,1920.0,1380,5,0,0,0,0
4080.1000000000004,4110.1,OR_F_W_signal,offramp,FW_W,10638,19,,5,600.0,624,4,0,0,0,0
4080.1000000000004,4110.1,OR_F_W_direct,offramp,FW_W,10645,16,,20,2400.0,1274,5,0,0,0,0
4080.1000000000004,4110.1,source_1098,source,FW_E,,,0,66,7920.0,8504,,0,66,0,0
4080.1000000000004,4110.1,source_1099,source,FW_W,,,0,34,4080.0,5176,,0,34,0,0
4110.1,4140.1,RM_C10480,ramp,FW_W,10480,,8,0,0.0,90,1,0,0,0,0
4110.1,4140.1,RM_C10482,ramp,FW_W,10482,,10,21,2520.0,2371,27,0,0,0,0
4110.1,4140.1,RM_C10646,ramp,FW_W,10646,,18,4,480.0,213,0,0,0,0,0
4110.1,4140.1,RM_C10644,ramp,FW_W,10644,,22,13,1560.0,516,7,0,0,0,0
4110.1,4140.1,RM_C10639,ramp,FW_E,10639,,10,9,1080.0,499,4,0,0,0,0
4110.1,4140.1,RM_C10681,ramp,FW_E,10681,,12,11,1320.0,1067,57,0,0,0,0
4110.1,4140.1,RM_C10490,ramp,FW_E,10490,,21,2,240.0,784,7,0,0,0,0
4110.1,4140.1,RM_C10484,ramp,FW_E,10484,,23,5,600.0,569,6,0,0,0,0
4110.1,4140.1,OR_D_E_signal,offramp,FW_E,10481,18,,1,120.0,328,0,0,0,0,0
4110.1,4140.1,OR_D_E_direct,offramp,FW_E,10483,20,,2,240.0,1131,1,0,0,0,0
4110.1,4140.1,OR_D_W_signal,offramp,FW_W,10491,9,,5,600.0,964,1,0,0,0,0
4110.1,4140.1,OR_D_W_direct,offramp,FW_W,10479,7,,11,1320.0,902,5,0,0,0,0
4110.1,4140.1,OR_F_E_signal,offramp,FW_E,10643,9,,7,840.0,684,4,0,0,0,0
4110.1,4140.1,OR_F_E_direct,offramp,FW_E,10682,11,,2,240.0,1382,2,0,0,0,0
4110.1,4140.1,OR_F_W_signal,offramp,FW_W,10638,19,,10,1200.0,634,0,0,0,0,0
4110.1,4140.1,OR_F_W_direct,offramp,FW_W,10645,16,,2,240.0,1276,0,0,0,0,0
4110.1,4140.1,source_1098,source,FW_E,,,0,62,7440.0,8566,,0,62,0,0
4110.1,4140.1,source_1099,source,FW_W,,,0,31,3720.0,5207,,0,31,0,0
4140.1,4170.1,RM_C10480,ramp,FW_W,10480,,8,0,0.0,90,0,0,0,0,0
4140.1,4170.1,RM_C10482,ramp,FW_W,10482,,10,17,2040.0,2388,29,0,0,0,0
4140.1,4170.1,RM_C10646,ramp,FW_W,10646,,18,0,0.0,213,3,0,0,0,0
4140.1,4170.1,RM_C10644,ramp,FW_W,10644,,22,5,600.0,521,2,0,0,0,0
4140.1,4170.1,RM_C10639,ramp,FW_E,10639,,10,4,480.0,503,4,0,0,0,0
4140.1,4170.1,RM_C10681,ramp,FW_E,10681,,12,13,1560.0,1080,53,0,0,0,0
4140.1,4170.1,RM_C10490,ramp,FW_E,10490,,21,7,840.0,791,4,0,0,0,0
4140.1,4170.1,RM_C10484,ramp,FW_E,10484,,23,6,720.0,575,7,0,0,0,0
4140.1,4170.1,OR_D_E_signal,offramp,FW_E,10481,18,,3,360.0,331,3,0,0,0,0
4140.1,4170.1,OR_D_E_direct,offramp,FW_E,10483,20,,12,1440.0,1143,4,0,0,0,0
4140.1,4170.1,OR_D_W_signal,offramp,FW_W,10491,9,,5,600.0,969,3,0,0,0,0
4140.1,4170.1,OR_D_W_direct,offramp,FW_W,10479,7,,11,1320.0,913,5,0,0,0,0
4140.1,4170.1,OR_F_E_signal,offramp,FW_E,10643,9,,5,600.0,689,3,0,0,0,0
4140.1,4170.1,OR_F_E_direct,offramp,FW_E,10682,11,,12,1440.0,1394,6,0,0,0,0
4140.1,4170.1,OR_F_W_signal,offramp,FW_W,10638,19,,4,480.0,638,3,0,0,0,0
4140.1,4170.1,OR_F_W_direct,offramp,FW_W,10645,16,,15,1800.0,1291,10,0,0,0,0
4140.1,4170.1,source_1098,source,FW_E,,,0,63,7560.0,8629,,0,63,0,0
4140.1,4170.1,source_1099,source,FW_W,,,0,44,5280.0,5251,,0,44,0,0
4170.1,4200.1,RM_C10480,ramp,FW_W,10480,,8,1,120.0,91,5,0,0,0,0
4170.1,4200.1,RM_C10482,ramp,FW_W,10482,,10,18,2160.0,2406,32,0,0,0,0
4170.1,4200.1,RM_C10646,ramp,FW_W,10646,,18,2,240.0,215,6,0,0,0,0
4170.1,4200.1,RM_C10644,ramp,FW_W,10644,,22,2,240.0,523,1,0,0,0,0
4170.1,4200.1,RM_C10639,ramp,FW_E,10639,,10,4,480.0,507,0,0,0,0,0
4170.1,4200.1,RM_C10681,ramp,FW_E,10681,,12,6,720.0,1086,58,0,0,0,0
4170.1,4200.1,RM_C10490,ramp,FW_E,10490,,21,3,360.0,794,8,0,0,0,0
4170.1,4200.1,RM_C10484,ramp,FW_E,10484,,23,3,360.0,578,7,0,0,0,0
4170.1,4200.1,OR_D_E_signal,offramp,FW_E,10481,18,,2,240.0,333,5,0,0,0,0
4170.1,4200.1,OR_D_E_direct,offramp,FW_E,10483,20,,5,600.0,1148,3,0,0,0,0
4170.1,4200.1,OR_D_W_signal,offramp,FW_W,10491,9,,3,360.0,972,2,0,0,0,0
4170.1,4200.1,OR_D_W_direct,offramp,FW_W,10479,7,,7,840.0,920,1,0,0,0,0
4170.1,4200.1,OR_F_E_signal,offramp,FW_E,10643,9,,6,720.0,695,5,0,0,0,0
4170.1,4200.1,OR_F_E_direct,offramp,FW_E,10682,11,,9,1080.0,1403,2,0,0,0,0
4170.1,4200.1,OR_F_W_signal,offramp,FW_W,10638,19,,6,720.0,644,2,0,0,0,0
4170.1,4200.1,OR_F_W_direct,offramp,FW_W,10645,16,,22,2640.0,1313,8,0,0,0,0
4170.1,4200.1,source_1098,source,FW_E,,,0,67,8040.0,8696,,0,67,0,0
4170.1,4200.1,source_1099,source,FW_W,,,0,44,5280.0,5295,,0,44,0,0
4200.1,4230.1,RM_C10480,ramp,FW_W,10480,,8,3,360.0,94,2,0,0,0,0
4200.1,4230.1,RM_C10482,ramp,FW_W,10482,,10,22,2640.0,2428,30,0,0,0,0
4200.1,4230.1,RM_C10646,ramp,FW_W,10646,,18,3,360.0,218,1,0,0,0,0
4200.1,4230.1,RM_C10644,ramp,FW_W,10644,,22,0,0.0,523,4,0,0,0,0
4200.1,4230.1,RM_C10639,ramp,FW_E,10639,,10,0,0.0,507,6,0,0,0,0
4200.1,4230.1,RM_C10681,ramp,FW_E,10681,,12,9,1080.0,1095,60,0,0,0,0
4200.1,4230.1,RM_C10490,ramp,FW_E,10490,,21,8,960.0,802,4,0,0,0,0
4200.1,4230.1,RM_C10484,ramp,FW_E,10484,,23,6,720.0,584,4,0,0,0,0
4200.1,4230.1,OR_D_E_signal,offramp,FW_E,10481,18,,2,240.0,335,7,0,0,0,0
4200.1,4230.1,OR_D_E_direct,offramp,FW_E,10483,20,,9,1080.0,1157,4,0,0,0,0
4200.1,4230.1,OR_D_W_signal,offramp,FW_W,10491,9,,2,240.0,974,0,0,0,0,0
4200.1,4230.1,OR_D_W_direct,offramp,FW_W,10479,7,,7,840.0,927,2,0,0,0,0
4200.1,4230.1,OR_F_E_signal,offramp,FW_E,10643,9,,2,240.0,697,4,0,0,0,0
4200.1,4230.1,OR_F_E_direct,offramp,FW_E,10682,11,,18,2160.0,1421,8,0,0,0,0
4200.1,4230.1,OR_F_W_signal,offramp,FW_W,10638,19,,6,720.0,650,5,0,0,0,0
4200.1,4230.1,OR_F_W_direct,offramp,FW_W,10645,16,,7,840.0,1320,1,0,0,0,0
4200.1,4230.1,source_1098,source,FW_E,,,0,61,7320.0,8757,,0,61,0,0
4200.1,4230.1,source_1099,source,FW_W,,,0,37,4440.0,5332,,0,37,0,0
4230.1,4260.1,RM_C10480,ramp,FW_W,10480,,8,1,120.0,95,0,0,0,0,0
4230.1,4260.1,RM_C10482,ramp,FW_W,10482,,10,21,2520.0,2449,29,0,0,0,0
4230.1,4260.1,RM_C10646,ramp,FW_W,10646,,18,1,120.0,219,2,0,0,0,0
4230.1,4260.1,RM_C10644,ramp,FW_W,10644,,22,1,120.0,524,7,0,0,0,0
4230.1,4260.1,RM_C10639,ramp,FW_E,10639,,10,0,0.0,507,15,0,0,0,0
4230.1,4260.1,RM_C10681,ramp,FW_E,10681,,12,11,1320.0,1106,58,0,0,0,0
4230.1,4260.1,RM_C10490,ramp,FW_E,10490,,21,1,120.0,803,7,0,0,0,0
4230.1,4260.1,RM_C10484,ramp,FW_E,10484,,23,3,360.0,587,5,0,0,0,0
4230.1,4260.1,OR_D_E_signal,offramp,FW_E,10481,18,,0,0.0,335,2,0,0,0,0
4230.1,4260.1,OR_D_E_direct,offramp,FW_E,10483,20,,12,1440.0,1169,6,0,0,0,0
4230.1,4260.1,OR_D_W_signal,offramp,FW_W,10491,9,,5,600.0,979,6,0,0,0,0
4230.1,4260.1,OR_D_W_direct,offramp,FW_W,10479,7,,4,480.0,931,1,0,0,0,0
4230.1,4260.1,OR_F_E_signal,offramp,FW_E,10643,9,,7,840.0,704,6,0,0,0,0
4230.1,4260.1,OR_F_E_direct,offramp,FW_E,10682,11,,10,1200.0,1431,3,0,0,0,0
4230.1,4260.1,OR_F_W_signal,offramp,FW_W,10638,19,,3,360.0,653,1,0,0,0,0
4230.1,4260.1,OR_F_W_direct,offramp,FW_W,10645,16,,7,840.0,1327,7,0,0,0,0
4230.1,4260.1,source_1098,source,FW_E,,,0,64,7680.0,8821,,0,64,0,0
4230.1,4260.1,source_1099,source,FW_W,,,0,52,6240.0,5384,,0,52,0,0
4260.1,4290.1,RM_C10480,ramp,FW_W,10480,,8,0,0.0,95,0,0,0,0,0
4260.1,4290.1,RM_C10482,ramp,FW_W,10482,,10,20,2400.0,2469,27,0,0,0,0
4260.1,4290.1,RM_C10646,ramp,FW_W,10646,,18,1,120.0,220,0,0,0,0,0
4260.1,4290.1,RM_C10644,ramp,FW_W,10644,,22,3,360.0,527,7,0,0,0,0
4260.1,4290.1,RM_C10639,ramp,FW_E,10639,,10,10,1200.0,517,6,0,0,0,0
4260.1,4290.1,RM_C10681,ramp,FW_E,10681,,12,13,1560.0,1119,50,0,0,0,0
4260.1,4290.1,RM_C10490,ramp,FW_E,10490,,21,4,480.0,807,11,0,0,0,0
4260.1,4290.1,RM_C10484,ramp,FW_E,10484,,23,3,360.0,590,9,0,0,0,0
4260.1,4290.1,OR_D_E_signal,offramp,FW_E,10481,18,,2,240.0,337,0,0,0,0,0
4260.1,4290.1,OR_D_E_direct,offramp,FW_E,10483,20,,5,600.0,1174,5,0,0,0,0
4260.1,4290.1,OR_D_W_signal,offramp,FW_W,10491,9,,9,1080.0,988,2,0,0,0,0
4260.1,4290.1,OR_D_W_direct,offramp,FW_W,10479,7,,7,840.0,938,3,0,0,0,0
4260.1,4290.1,OR_F_E_signal,offramp,FW_E,10643,9,,9,1080.0,713,11,0,0,0,0
4260.1,4290.1,OR_F_E_direct,offramp,FW_E,10682,11,,6,720.0,1437,2,0,0,0,0
4260.1,4290.1,OR_F_W_signal,offramp,FW_W,10638,19,,5,600.0,658,1,0,0,0,0
4260.1,4290.1,OR_F_W_direct,offramp,FW_W,10645,16,,9,1080.0,1336,1,0,0,0,0
4260.1,4290.1,source_1098,source,FW_E,,,0,63,7560.0,8884,,0,63,0,0
4260.1,4290.1,source_1099,source,FW_W,,,0,16,1920.0,5400,,0,16,0,0
4290.1,4320.1,RM_C10480,ramp,FW_W,10480,,8,0,0.0,95,0,0,0,0,0
4290.1,4320.1,RM_C10482,ramp,FW_W,10482,,10,21,2520.0,2490,21,0,0,0,0
4290.1,4320.1,RM_C10646,ramp,FW_W,10646,,18,0,0.0,220,2,0,0,0,0
4290.1,4320.1,RM_C10644,ramp,FW_W,10644,,22,0,0.0,527,9,0,0,0,0
4290.1,4320.1,RM_C10639,ramp,FW_E,10639,,10,5,600.0,522,6,0,0,0,0
4290.1,4320.1,RM_C10681,ramp,FW_E,10681,,12,9,1080.0,1128,50,0,0,0,0
4290.1,4320.1,RM_C10490,ramp,FW_E,10490,,21,11,1320.0,818,8,0,0,0,0
4290.1,4320.1,RM_C10484,ramp,FW_E,10484,,23,7,840.0,597,7,0,0,0,0
4290.1,4320.1,OR_D_E_signal,offramp,FW_E,10481,18,,3,360.0,340,3,0,0,0,0
4290.1,4320.1,OR_D_E_direct,offramp,FW_E,10483,20,,9,1080.0,1183,6,0,0,0,0
4290.1,4320.1,OR_D_W_signal,offramp,FW_W,10491,9,,3,360.0,991,3,0,0,0,0
4290.1,4320.1,OR_D_W_direct,offramp,FW_W,10479,7,,5,600.0,943,1,0,0,0,0
4290.1,4320.1,OR_F_E_signal,offramp,FW_E,10643,9,,4,480.0,717,10,0,0,0,0
4290.1,4320.1,OR_F_E_direct,offramp,FW_E,10682,11,,7,840.0,1444,3,0,0,0,0
4290.1,4320.1,OR_F_W_signal,offramp,FW_W,10638,19,,3,360.0,661,1,0,0,0,0
4290.1,4320.1,OR_F_W_direct,offramp,FW_W,10645,16,,7,840.0,1343,7,0,0,0,0
4290.1,4320.1,source_1098,source,FW_E,,,0,60,7200.0,8944,,0,60,0,0
4290.1,4320.1,source_1099,source,FW_W,,,0,29,3480.0,5429,,0,29,0,0
4320.1,4350.1,RM_C10480,ramp,FW_W,10480,,8,0,0.0,95,3,0,0,0,0
4320.1,4350.1,RM_C10482,ramp,FW_W,10482,,10,13,1560.0,2503,31,0,0,0,0
4320.1,4350.1,RM_C10646,ramp,FW_W,10646,,18,0,0.0,220,5,0,0,0,0
4320.1,4350.1,RM_C10644,ramp,FW_W,10644,,22,0,0.0,527,14,0,0,0,0
4320.1,4350.1,RM_C10639,ramp,FW_E,10639,,10,2,240.0,524,6,0,0,0,0
4320.1,4350.1,RM_C10681,ramp,FW_E,10681,,12,7,840.0,1135,55,0,0,0,0
4320.1,4350.1,RM_C10490,ramp,FW_E,10490,,21,5,600.0,823,9,0,0,0,0
4320.1,4350.1,RM_C10484,ramp,FW_E,10484,,23,4,480.0,601,7,0,0,0,0
4320.1,4350.1,OR_D_E_signal,offramp,FW_E,10481,18,,3,360.0,343,6,0,0,0,0
4320.1,4350.1,OR_D_E_direct,offramp,FW_E,10483,20,,6,720.0,1189,1,0,0,0,0
4320.1,4350.1,OR_D_W_signal,offramp,FW_W,10491,9,,7,840.0,998,3,0,0,0,0
4320.1,4350.1,OR_D_W_direct,offramp,FW_W,10479,7,,4,480.0,947,3,0,0,0,0
4320.1,4350.1,OR_F_E_signal,offramp,FW_E,10643,9,,2,240.0,719,10,0,0,0,0
4320.1,4350.1,OR_F_E_direct,offramp,FW_E,10682,11,,10,1200.0,1454,4,0,0,0,0
4320.1,4350.1,OR_F_W_signal,offramp,FW_W,10638,19,,7,840.0,668,4,0,0,0,0
4320.1,4350.1,OR_F_W_direct,offramp,FW_W,10645,16,,20,2400.0,1363,9,0,0,0,0
4320.1,4350.1,source_1098,source,FW_E,,,0,54,6480.0,8998,,0,54,0,0
4320.1,4350.1,source_1099,source,FW_W,,,0,54,6480.0,5483,,0,54,0,0
4350.1,4380.1,RM_C10480,ramp,FW_W,10480,,8,2,240.0,97,0,0,0,0,0
4350.1,4380.1,RM_C10482,ramp,FW_W,10482,,10,23,2760.0,2526,22,0,0,0,0
4350.1,4380.1,RM_C10646,ramp,FW_W,10646,,18,6,720.0,226,2,0,0,0,0
4350.1,4380.1,RM_C10644,ramp,FW_W,10644,,22,7,840.0,534,8,0,0,0,0
4350.1,4380.1,RM_C10639,ramp,FW_E,10639,,10,5,600.0,529,6,0,0,0,0
4350.1,4380.1,RM_C10681,ramp,FW_E,10681,,12,8,960.0,1143,61,0,0,0,0
4350.1,4380.1,RM_C10490,ramp,FW_E,10490,,21,8,960.0,831,9,0,0,0,0
4350.1,4380.1,RM_C10484,ramp,FW_E,10484,,23,6,720.0,607,3,0,0,0,0
4350.1,4380.1,OR_D_E_signal,offramp,FW_E,10481,18,,0,0.0,343,6,0,0,0,0
4350.1,4380.1,OR_D_E_direct,offramp,FW_E,10483,20,,14,1680.0,1203,11,0,0,0,0
4350.1,4380.1,OR_D_W_signal,offramp,FW_W,10491,9,,12,1440.0,1010,3,0,0,0,0
4350.1,4380.1,OR_D_W_direct,offramp,FW_W,10479,7,,6,720.0,953,3,0,0,0,0
4350.1,4380.1,OR_F_E_signal,offramp,FW_E,10643,9,,6,720.0,725,11,0,0,0,0
4350.1,4380.1,OR_F_E_direct,offramp,FW_E,10682,11,,10,1200.0,1464,4,0,0,0,0
4350.1,4380.1,OR_F_W_signal,offramp,FW_W,10638,19,,4,480.0,672,7,0,0,0,0
4350.1,4380.1,OR_F_W_direct,offramp,FW_W,10645,16,,19,2280.0,1382,7,0,0,0,0
4350.1,4380.1,source_1098,source,FW_E,,,0,59,7080.0,9057,,0,59,0,0
4350.1,4380.1,source_1099,source,FW_W,,,0,41,4920.0,5524,,0,41,0,0
4380.1,4410.1,RM_C10480,ramp,FW_W,10480,,8,0,0.0,97,0,0,0,0,0
4380.1,4410.1,RM_C10482,ramp,FW_W,10482,,10,12,1440.0,2538,36,0,0,0,0
4380.1,4410.1,RM_C10646,ramp,FW_W,10646,,18,0,0.0,226,2,0,0,0,0
4380.1,4410.1,RM_C10644,ramp,FW_W,10644,,22,0,0.0,534,10,0,0,0,0
4380.1,4410.1,RM_C10639,ramp,FW_E,10639,,10,5,600.0,534,2,0,0,0,0
4380.1,4410.1,RM_C10681,ramp,FW_E,10681,,12,11,1320.0,1154,53,0,0,0,0
4380.1,4410.1,RM_C10490,ramp,FW_E,10490,,21,6,720.0,837,11,0,0,0,0
4380.1,4410.1,RM_C10484,ramp,FW_E,10484,,23,1,120.0,608,7,0,0,0,0
4380.1,4410.1,OR_D_E_signal,offramp,FW_E,10481,18,,3,360.0,346,1,0,0,0,0
4380.1,4410.1,OR_D_E_direct,offramp,FW_E,10483,20,,17,2040.0,1220,14,0,0,0,0
4380.1,4410.1,OR_D_W_signal,offramp,FW_W,10491,9,,10,1200.0,1020,4,0,0,0,0
4380.1,4410.1,OR_D_W_direct,offramp,FW_W,10479,7,,10,1200.0,963,5,0,0,0,0
4380.1,4410.1,OR_F_E_signal,offramp,FW_E,10643,9,,5,600.0,730,12,0,0,0,0
4380.1,4410.1,OR_F_E_direct,offramp,FW_E,10682,11,,8,960.0,1472,3,0,0,0,0
4380.1,4410.1,OR_F_W_signal,offramp,FW_W,10638,19,,7,840.0,679,3,0,0,0,0
4380.1,4410.1,OR_F_W_direct,offramp,FW_W,10645,16,,7,840.0,1389,5,0,0,0,0
4380.1,4410.1,source_1098,source,FW_E,,,0,68,8160.0,9125,,0,68,0,0
4380.1,4410.1,source_1099,source,FW_W,,,0,25,3000.0,5549,,0,25,0,0
4410.1,4440.1,RM_C10480,ramp,FW_W,10480,,8,0,0.0,97,0,0,0,0,0
4410.1,4440.1,RM_C10482,ramp,FW_W,10482,,10,25,3000.0,2563,27,0,0,0,0
4410.1,4440.1,RM_C10646,ramp,FW_W,10646,,18,2,240.0,228,0,0,0,0,0
4410.1,4440.1,RM_C10644,ramp,FW_W,10644,,22,8,960.0,542,6,0,0,0,0
4410.1,4440.1,RM_C10639,ramp,FW_E,10639,,10,2,240.0,536,0,0,0,0,0
4410.1,4440.1,RM_C10681,ramp,FW_E,10681,,12,13,1560.0,1167,51,0,0,0,0
4410.1,4440.1,RM_C10490,ramp,FW_E,10490,,21,11,1320.0,848,3,0,0,0,0
4410.1,4440.1,RM_C10484,ramp,FW_E,10484,,23,5,600.0,613,3,0,0,0,0
4410.1,4440.1,OR_D_E_signal,offramp,FW_E,10481,18,,0,0.0,346,0,0,0,0,0
4410.1,4440.1,OR_D_E_direct,offramp,FW_E,10483,20,,11,1320.0,1231,9,0,0,0,0
4410.1,4440.1,OR_D_W_signal,offramp,FW_W,10491,9,,4,480.0,1024,3,0,0,0,0
4410.1,4440.1,OR_D_W_direct,offramp,FW_W,10479,7,,3,360.0,966,0,0,0,0,0
4410.1,4440.1,OR_F_E_signal,offramp,FW_E,10643,9,,4,480.0,734,15,0,0,0,0
4410.1,4440.1,OR_F_E_direct,offramp,FW_E,10682,11,,11,1320.0,1483,3,0,0,0,0
4410.1,4440.1,OR_F_W_signal,offramp,FW_W,10638,19,,5,600.0,684,0,0,0,0,0
4410.1,4440.1,OR_F_W_direct,offramp,FW_W,10645,16,,10,1200.0,1399,2,0,0,0,0
4410.1,4440.1,source_1098,source,FW_E,,,0,68,8160.0,9193,,0,68,0,0
4410.1,4440.1,source_1099,source,FW_W,,,0,30,3600.0,5579,,0,30,0,0
4440.1,4470.1,RM_C10480,ramp,FW_W,10480,,8,0,0.0,97,1,0,0,0,0
4440.1,4470.1,RM_C10482,ramp,FW_W,10482,,10,18,2160.0,2581,12,0,0,0,0
4440.1,4470.1,RM_C10646,ramp,FW_W,10646,,18,0,0.0,228,1,0,0,0,0
4440.1,4470.1,RM_C10644,ramp,FW_W,10644,,22,0,0.0,542,8,0,0,0,0
4440.1,4470.1,RM_C10639,ramp,FW_E,10639,,10,0,0.0,536,8,0,0,0,0
4440.1,4470.1,RM_C10681,ramp,FW_E,10681,,12,9,1080.0,1176,51,0,0,0,0
4440.1,4470.1,RM_C10490,ramp,FW_E,10490,,21,3,360.0,851,6,0,0,0,0
4440.1,4470.1,RM_C10484,ramp,FW_E,10484,,23,3,360.0,616,5,0,0,0,0
4440.1,4470.1,OR_D_E_signal,offramp,FW_E,10481,18,,2,240.0,348,2,0,0,0,0
4440.1,4470.1,OR_D_E_direct,offramp,FW_E,10483,20,,8,960.0,1239,4,0,0,0,0
4440.1,4470.1,OR_D_W_signal,offramp,FW_W,10491,9,,7,840.0,1031,1,0,0,0,0
4440.1,4470.1,OR_D_W_direct,offramp,FW_W,10479,7,,4,480.0,970,2,0,0,0,0
4440.1,4470.1,OR_F_E_signal,offramp,FW_E,10643,9,,6,720.0,740,15,0,0,0,0
4440.1,4470.1,OR_F_E_direct,offramp,FW_E,10682,11,,16,1920.0,1499,6,0,0,0,0
4440.1,4470.1,OR_F_W_signal,offramp,FW_W,10638,19,,4,480.0,688,1,0,0,0,0
4440.1,4470.1,OR_F_W_direct,offramp,FW_W,10645,16,,16,1920.0,1415,5,0,0,0,0
4440.1,4470.1,source_1098,source,FW_E,,,0,68,8160.0,9261,,0,68,0,0
4440.1,4470.1,source_1099,source,FW_W,,,0,43,5160.0,5622,,0,43,0,0
4470.1,4500.1,RM_C10480,ramp,FW_W,10480,,8,1,120.0,98,5,0,0,0,0
4470.1,4500.1,RM_C10482,ramp,FW_W,10482,,10,10,1200.0,2591,13,0,0,0,0
4470.1,4500.1,RM_C10646,ramp,FW_W,10646,,18,1,120.0,229,2,0,0,0,0
4470.1,4500.1,RM_C10644,ramp,FW_W,10644,,22,0,0.0,542,9,0,0,0,0
4470.1,4500.1,RM_C10639,ramp,FW_E,10639,,10,4,480.0,540,7,0,0,0,0
4470.1,4500.1,RM_C10681,ramp,FW_E,10681,,12,6,720.0,1182,59,0,0,0,0
4470.1,4500.1,RM_C10490,ramp,FW_E,10490,,21,6,720.0,857,6,0,0,0,0
4470.1,4500.1,RM_C10484,ramp,FW_E,10484,,23,5,600.0,621,7,0,0,0,0
4470.1,4500.1,OR_D_E_signal,offramp,FW_E,10481,18,,1,120.0,349,3,0,0,0,0
4470.1,4500.1,OR_D_E_direct,offramp,FW_E,10483,20,,15,1800.0,1254,3,0,0,0,0
4470.1,4500.1,OR_D_W_signal,offramp,FW_W,10491,9,,7,840.0,1038,5,0,0,0,0
4470.1,4500.1,OR_D_W_direct,offramp,FW_W,10479,7,,8,960.0,978,1,0,0,0,0
4470.1,4500.1,OR_F_E_signal,offramp,FW_E,10643,9,,4,480.0,744,16,0,0,0,0
4470.1,4500.1,OR_F_E_direct,offramp,FW_E,10682,11,,12,1440.0,1511,3,0,0,0,0
4470.1,4500.1,OR_F_W_signal,offramp,FW_W,10638,19,,5,600.0,693,3,0,0,0,0
4470.1,4500.1,OR_F_W_direct,offramp,FW_W,10645,16,,3,360.0,1418,2,0,0,0,0
4470.1,4500.1,source_1098,source,FW_E,,,0,70,8400.0,9331,,0,70,0,0
4470.1,4500.1,source_1099,source,FW_W,,,0,42,5040.0,5664,,0,42,0,0
4500.1,4530.1,RM_C10480,ramp,FW_W,10480,,8,2,240.0,100,1,0,0,0,0
4500.1,4530.1,RM_C10482,ramp,FW_W,10482,,10,6,720.0,2597,14,0,0,0,0
4500.1,4530.1,RM_C10646,ramp,FW_W,10646,,18,1,120.0,230,4,0,0,0,0
4500.1,4530.1,RM_C10644,ramp,FW_W,10644,,22,8,960.0,550,6,0,0,0,0
4500.1,4530.1,RM_C10639,ramp,FW_E,10639,,10,6,720.0,546,2,0,0,0,0
4500.1,4530.1,RM_C10681,ramp,FW_E,10681,,12,8,960.0,1190,60,0,0,0,0
4500.1,4530.1,RM_C10490,ramp,FW_E,10490,,21,4,480.0,861,7,0,0,0,0
4500.1,4530.1,RM_C10484,ramp,FW_E,10484,,23,5,600.0,626,7,0,0,0,0
4500.1,4530.1,OR_D_E_signal,offramp,FW_E,10481,18,,0,0.0,349,3,0,0,0,0
4500.1,4530.1,OR_D_E_direct,offramp,FW_E,10483,20,,1,120.0,1255,1,0,0,0,0
4500.1,4530.1,OR_D_W_signal,offramp,FW_W,10491,9,,5,600.0,1043,2,0,0,0,0
4500.1,4530.1,OR_D_W_direct,offramp,FW_W,10479,7,,6,720.0,984,2,0,0,0,0
4500.1,4530.1,OR_F_E_signal,offramp,FW_E,10643,9,,4,480.0,748,16,0,0,0,0
4500.1,4530.1,OR_F_E_direct,offramp,FW_E,10682,11,,7,840.0,1518,3,0,0,0,0
4500.1,4530.1,OR_F_W_signal,offramp,FW_W,10638,19,,6,720.0,699,5,0,0,0,0
4500.1,4530.1,OR_F_W_direct,offramp,FW_W,10645,16,,19,2280.0,1437,9,0,0,0,0
4500.1,4530.1,source_1098,source,FW_E,,,0,67,8040.0,9398,,0,67,0,0
4500.1,4530.1,source_1099,source,FW_W,,,0,24,2880.0,5688,,0,24,0,0
4530.1,4560.1,RM_C10480,ramp,FW_W,10480,,8,0,0.0,100,0,0,0,0,0
4530.1,4560.1,RM_C10482,ramp,FW_W,10482,,10,12,1440.0,2609,16,0,0,0,0
4530.1,4560.1,RM_C10646,ramp,FW_W,10646,,18,1,120.0,231,3,0,0,0,0
4530.1,4560.1,RM_C10644,ramp,FW_W,10644,,22,0,0.0,550,12,0,0,0,0
4530.1,4560.1,RM_C10639,ramp,FW_E,10639,,10,2,240.0,548,2,0,0,0,0
4530.1,4560.1,RM_C10681,ramp,FW_E,10681,,12,13,1560.0,1203,54,0,0,0,0
4530.1,4560.1,RM_C10490,ramp,FW_E,10490,,21,7,840.0,868,5,0,0,0,0
4530.1,4560.1,RM_C10484,ramp,FW_E,10484,,23,4,480.0,630,6,0,0,0,0
4530.1,4560.1,OR_D_E_signal,offramp,FW_E,10481,18,,9,1080.0,358,7,0,0,0,0
4530.1,4560.1,OR_D_E_direct,offramp,FW_E,10483,20,,12,1440.0,1267,6,0,0,0,0
4530.1,4560.1,OR_D_W_signal,offramp,FW_W,10491,9,,9,1080.0,1052,3,0,0,0,0
4530.1,4560.1,OR_D_W_direct,offramp,FW_W,10479,7,,9,1080.0,993,2,0,0,0,0
4530.1,4560.1,OR_F_E_signal,offramp,FW_E,10643,9,,7,840.0,755,21,0,0,0,0
4530.1,4560.1,OR_F_E_direct,offramp,FW_E,10682,11,,11,1320.0,1529,5,0,0,0,0
4530.1,4560.1,OR_F_W_signal,offramp,FW_W,10638,19,,3,360.0,702,0,0,0,0,0
4530.1,4560.1,OR_F_W_direct,offramp,FW_W,10645,16,,5,600.0,1442,4,0,0,0,0
4530.1,4560.1,source_1098,source,FW_E,,,0,60,7200.0,9458,,0,60,0,0
4530.1,4560.1,source_1099,source,FW_W,,,0,45,5400.0,5733,,0,45,0,0
4560.1,4590.1,RM_C10480,ramp,FW_W,10480,,8,0,0.0,100,0,0,0,0,0
4560.1,4590.1,RM_C10482,ramp,FW_W,10482,,10,2,240.0,2611,35,0,0,0,0
4560.1,4590.1,RM_C10646,ramp,FW_W,10646,,18,2,240.0,233,0,0,0,0,0
4560.1,4590.1,RM_C10644,ramp,FW_W,10644,,22,2,240.0,552,12,0,0,0,0
4560.1,4590.1,RM_C10639,ramp,FW_E,10639,,10,0,0.0,548,7,0,0,0,0
4560.1,4590.1,RM_C10681,ramp,FW_E,10681,,12,10,1200.0,1213,48,0,0,0,0
4560.1,4590.1,RM_C10490,ramp,FW_E,10490,,21,3,360.0,871,11,0,0,0,0
4560.1,4590.1,RM_C10484,ramp,FW_E,10484,,23,4,480.0,634,5,0,0,0,0
4560.1,4590.1,OR_D_E_signal,offramp,FW_E,10481,18,,4,480.0,362,4,0,0,0,0
4560.1,4590.1,OR_D_E_direct,offramp,FW_E,10483,20,,11,1320.0,1278,9,0,0,0,0
4560.1,4590.1,OR_D_W_signal,offramp,FW_W,10491,9,,9,1080.0,1061,3,0,0,0,0
4560.1,4590.1,OR_D_W_direct,offramp,FW_W,10479,7,,7,840.0,1000,2,0,0,0,0
4560.1,4590.1,OR_F_E_signal,offramp,FW_E,10643,9,,7,840.0,762,26,0,0,0,0
4560.1,4590.1,OR_F_E_direct,offramp,FW_E,10682,11,,15,1800.0,1544,7,0,0,0,0
4560.1,4590.1,OR_F_W_signal,offramp,FW_W,10638,19,,6,720.0,708,0,0,0,0,0
4560.1,4590.1,OR_F_W_direct,offramp,FW_W,10645,16,,6,720.0,1448,2,0,0,0,0
4560.1,4590.1,source_1098,source,FW_E,,,0,62,7440.0,9520,,0,62,0,0
4560.1,4590.1,source_1099,source,FW_W,,,0,43,5160.0,5776,,0,43,0,0
4590.1,4620.1,RM_C10480,ramp,FW_W,10480,,8,0,0.0,100,0,0,0,0,0
4590.1,4620.1,RM_C10482,ramp,FW_W,10482,,10,23,2760.0,2634,21,0,0,0,0
4590.1,4620.1,RM_C10646,ramp,FW_W,10646,,18,0,0.0,233,2,0,0,0,0
4590.1,4620.1,RM_C10644,ramp,FW_W,10644,,22,1,120.0,553,13,0,0,0,0
4590.1,4620.1,RM_C10639,ramp,FW_E,10639,,10,4,480.0,552,4,0,0,0,0
4590.1,4620.1,RM_C10681,ramp,FW_E,10681,,12,6,720.0,1219,51,0,0,0,0
4590.1,4620.1,RM_C10490,ramp,FW_E,10490,,21,9,1080.0,880,4,0,0,0,0
4590.1,4620.1,RM_C10484,ramp,FW_E,10484,,23,5,600.0,639,5,0,0,0,0
4590.1,4620.1,OR_D_E_signal,offramp,FW_E,10481,18,,1,120.0,363,4,0,0,0,0
4590.1,4620.1,OR_D_E_direct,offramp,FW_E,10483,20,,15,1800.0,1293,13,0,0,0,0
4590.1,4620.1,OR_D_W_signal,offramp,FW_W,10491,9,,7,840.0,1068,4,0,0,0,0
4590.1,4620.1,OR_D_W_direct,offramp,FW_W,10479,7,,7,840.0,1007,3,0,0,0,0
4590.1,4620.1,OR_F_E_signal,offramp,FW_E,10643,9,,6,720.0,768,25,0,0,0,0
4590.1,4620.1,OR_F_E_direct,offramp,FW_E,10682,11,,11,1320.0,1555,5,0,0,0,0
4590.1,4620.1,OR_F_W_signal,offramp,FW_W,10638,19,,5,600.0,713,2,0,0,0,0
4590.1,4620.1,OR_F_W_direct,offramp,FW_W,10645,16,,4,480.0,1452,3,0,0,0,0
4590.1,4620.1,source_1098,source,FW_E,,,0,70,8400.0,9590,,0,70,0,0
4590.1,4620.1,source_1099,source,FW_W,,,0,25,3000.0,5801,,0,25,0,0
4620.1,4650.1,RM_C10480,ramp,FW_W,10480,,8,1,120.0,101,3,0,0,0,0
4620.1,4650.1,RM_C10482,ramp,FW_W,10482,,10,18,2160.0,2652,13,0,0,0,0
4620.1,4650.1,RM_C10646,ramp,FW_W,10646,,18,0,0.0,233,4,0,0,0,0
4620.1,4650.1,RM_C10644,ramp,FW_W,10644,,22,10,1200.0,563,3,0,0,0,0
4620.1,4650.1,RM_C10639,ramp,FW_E,10639,,10,4,480.0,556,1,0,0,0,0
4620.1,4650.1,RM_C10681,ramp,FW_E,10681,,12,7,840.0,1226,56,0,0,0,0
4620.1,4650.1,RM_C10490,ramp,FW_E,10490,,21,4,480.0,884,2,0,0,0,0
4620.1,4650.1,RM_C10484,ramp,FW_E,10484,,23,2,240.0,641,8,0,0,0,0
4620.1,4650.1,OR_D_E_signal,offramp,FW_E,10481,18,,0,0.0,363,4,0,0,0,0
4620.1,4650.1,OR_D_E_direct,offramp,FW_E,10483,20,,9,1080.0,1302,7,0,0,0,0
4620.1,4650.1,OR_D_W_signal,offramp,FW_W,10491,9,,8,960.0,1076,6,0,0,0,0
4620.1,4650.1,OR_D_W_direct,offramp,FW_W,10479,7,,8,960.0,1015,4,0,0,0,0
4620.1,4650.1,OR_F_E_signal,offramp,FW_E,10643,9,,5,600.0,773,21,0,0,0,0
4620.1,4650.1,OR_F_E_direct,offramp,FW_E,10682,11,,6,720.0,1561,2,0,0,0,0
4620.1,4650.1,OR_F_W_signal,offramp,FW_W,10638,19,,2,240.0,715,0,0,0,0,0
4620.1,4650.1,OR_F_W_direct,offramp,FW_W,10645,16,,7,840.0,1459,0,0,0,0,0
4620.1,4650.1,source_1098,source,FW_E,,,0,74,8880.0,9664,,0,74,0,0
4620.1,4650.1,source_1099,source,FW_W,,,0,40,4800.0,5841,,0,40,0,0
4650.1,4680.1,RM_C10480,ramp,FW_W,10480,,8,0,0.0,101,0,0,0,0,0
4650.1,4680.1,RM_C10482,ramp,FW_W,10482,,10,9,1080.0,2661,15,0,0,0,0
4650.1,4680.1,RM_C10646,ramp,FW_W,10646,,18,1,120.0,234,3,0,0,0,0
4650.1,4680.1,RM_C10644,ramp,FW_W,10644,,22,2,240.0,565,8,0,0,0,0
4650.1,4680.1,RM_C10639,ramp,FW_E,10639,,10,1,120.0,557,0,0,0,0,0
4650.1,4680.1,RM_C10681,ramp,FW_E,10681,,12,9,1080.0,1235,57,0,0,0,0
4650.1,4680.1,RM_C10490,ramp,FW_E,10490,,21,2,240.0,886,10,0,0,0,0
4650.1,4680.1,RM_C10484,ramp,FW_E,10484,,23,5,600.0,646,5,0,0,0,0
4650.1,4680.1,OR_D_E_signal,offramp,FW_E,10481,18,,1,120.0,364,5,0,0,0,0
4650.1,4680.1,OR_D_E_direct,offramp,FW_E,10483,20,,16,1920.0,1318,13,0,0,0,0
4650.1,4680.1,OR_D_W_signal,offramp,FW_W,10491,9,,5,600.0,1081,3,0,0,0,0
4650.1,4680.1,OR_D_W_direct,offramp,FW_W,10479,7,,6,720.0,1021,3,0,0,0,0
4650.1,4680.1,OR_F_E_signal,offramp,FW_E,10643,9,,6,720.0,779,20,0,0,0,0
4650.1,4680.1,OR_F_E_direct,offramp,FW_E,10682,11,,12,1440.0,1573,8,0,0,0,0
4650.1,4680.1,OR_F_W_signal,offramp,FW_W,10638,19,,3,360.0,718,4,0,0,0,0
4650.1,4680.1,OR_F_W_direct,offramp,FW_W,10645,16,,7,840.0,1466,3,0,0,0,0
4650.1,4680.1,source_1098,source,FW_E,,,0,72,8640.0,9736,,0,72,0,0
4650.1,4680.1,source_1099,source,FW_W,,,0,26,3120.0,5867,,0,26,0,0
4680.1,4710.1,RM_C10480,ramp,FW_W,10480,,8,1,120.0,102,3,0,0,0,0
4680.1,4710.1,RM_C10482,ramp,FW_W,10482,,10,11,1320.0,2672,12,0,0,0,0
4680.1,4710.1,RM_C10646,ramp,FW_W,10646,,18,2,240.0,236,5,0,0,0,0
4680.1,4710.1,RM_C10644,ramp,FW_W,10644,,22,1,120.0,566,14,0,0,0,0
4680.1,4710.1,RM_C10639,ramp,FW_E,10639,,10,0,0.0,557,2,0,0,0,0
4680.1,4710.1,RM_C10681,ramp,FW_E,10681,,12,8,960.0,1243,57,0,0,0,0
4680.1,4710.1,RM_C10490,ramp,FW_E,10490,,21,8,960.0,894,3,0,0,0,0
4680.1,4710.1,RM_C10484,ramp,FW_E,10484,,23,5,600.0,651,3,0,0,0,0
4680.1,4710.1,OR_D_E_signal,offramp,FW_E,10481,18,,5,600.0,369,4,0,0,0,0
4680.1,4710.1,OR_D_E_direct,offramp,FW_E,10483,20,,9,1080.0,1327,5,0,0,0,0
4680.1,4710.1,OR_D_W_signal,offramp,FW_W,10491,9,,10,1200.0,1091,1,0,0,0,0
4680.1,4710.1,OR_D_W_direct,offramp,FW_W,10479,7,,6,720.0,1027,3,0,0,0,0
4680.1,4710.1,OR_F_E_signal,offramp,FW_E,10643,9,,6,720.0,785,22,0,0,0,0
4680.1,4710.1,OR_F_E_direct,offramp,FW_E,10682,11,,9,1080.0,1582,2,0,0,0,0
4680.1,4710.1,OR_F_W_signal,offramp,FW_W,10638,19,,3,360.0,721,0,0,0,0,0
4680.1,4710.1,OR_F_W_direct,offramp,FW_W,10645,16,,7,840.0,1473,7,0,0,0,0
4680.1,4710.1,source_1098,source,FW_E,,,0,67,8040.0,9803,,0,67,0,0
4680.1,4710.1,source_1099,source,FW_W,,,0,27,3240.0,5894,,0,27,0,0
4710.1,4740.1,RM_C10480,ramp,FW_W,10480,,8,0,0.0,102,0,0,0,0,0
4710.1,4740.1,RM_C10482,ramp,FW_W,10482,,10,8,960.0,2680,12,0,0,0,0
4710.1,4740.1,RM_C10646,ramp,FW_W,10646,,18,3,360.0,239,0,0,0,0,0
4710.1,4740.1,RM_C10644,ramp,FW_W,10644,,22,3,360.0,569,16,0,0,0,0
4710.1,4740.1,RM_C10639,ramp,FW_E,10639,,10,0,0.0,557,6,0,0,0,0
4710.1,4740.1,RM_C10681,ramp,FW_E,10681,,12,10,1200.0,1253,52,0,0,0,0
4710.1,4740.1,RM_C10490,ramp,FW_E,10490,,21,4,480.0,898,4,0,0,0,0
4710.1,4740.1,RM_C10484,ramp,FW_E,10484,,23,0,0.0,651,5,0,0,0,0
4710.1,4740.1,OR_D_E_signal,offramp,FW_E,10481,18,,3,360.0,372,2,0,0,0,0
4710.1,4740.1,OR_D_E_direct,offramp,FW_E,10483,20,,7,840.0,1334,6,0,0,0,0
4710.1,4740.1,OR_D_W_signal,offramp,FW_W,10491,9,,7,840.0,1098,3,0,0,0,0
4710.1,4740.1,OR_D_W_direct,offramp,FW_W,10479,7,,7,840.0,1034,2,0,0,0,0
4710.1,4740.1,OR_F_E_signal,offramp,FW_E,10643,9,,14,1680.0,799,31,0,0,0,0
4710.1,4740.1,OR_F_E_direct,offramp,FW_E,10682,11,,20,2400.0,1602,3,0,0,0,0
4710.1,4740.1,OR_F_W_signal,offramp,FW_W,10638,19,,9,1080.0,730,1,0,0,0,0
4710.1,4740.1,OR_F_W_direct,offramp,FW_W,10645,16,,11,1320.0,1484,0,0,0,0,0
4710.1,4740.1,source_1098,source,FW_E,,,0,54,6480.0,9857,,0,54,0,0
4710.1,4740.1,source_1099,source,FW_W,,,0,49,5880.0,5943,,0,49,0,0
4740.1,4770.1,RM_C10480,ramp,FW_W,10480,,8,0,0.0,102,2,0,0,0,0
4740.1,4770.1,RM_C10482,ramp,FW_W,10482,,10,8,960.0,2688,11,0,0,0,0
4740.1,4770.1,RM_C10646,ramp,FW_W,10646,,18,0,0.0,239,2,0,0,0,0
4740.1,4770.1,RM_C10644,ramp,FW_W,10644,,22,2,240.0,571,14,0,0,0,0
4740.1,4770.1,RM_C10639,ramp,FW_E,10639,,10,6,720.0,563,3,0,0,0,0
4740.1,4770.1,RM_C10681,ramp,FW_E,10681,,12,13,1560.0,1266,50,0,0,0,0
4740.1,4770.1,RM_C10490,ramp,FW_E,10490,,21,5,600.0,903,0,0,0,0,0
4740.1,4770.1,RM_C10484,ramp,FW_E,10484,,23,4,480.0,655,10,0,0,0,0
4740.1,4770.1,OR_D_E_signal,offramp,FW_E,10481,18,,0,0.0,372,2,0,0,0,0
4740.1,4770.1,OR_D_E_direct,offramp,FW_E,10483,20,,9,1080.0,1343,2,0,0,0,0
4740.1,4770.1,OR_D_W_signal,offramp,FW_W,10491,9,,4,480.0,1102,3,0,0,0,0
4740.1,4770.1,OR_D_W_direct,offramp,FW_W,10479,7,,7,840.0,1041,2,0,0,0,0
4740.1,4770.1,OR_F_E_signal,offramp,FW_E,10643,9,,6,720.0,805,28,0,0,0,0
4740.1,4770.1,OR_F_E_direct,offramp,FW_E,10682,11,,6,720.0,1608,3,0,0,0,0
4740.1,4770.1,OR_F_W_signal,offramp,FW_W,10638,19,,3,360.0,733,1,0,0,0,0
4740.1,4770.1,OR_F_W_direct,offramp,FW_W,10645,16,,7,840.0,1491,0,0,0,0,0
4740.1,4770.1,source_1098,source,FW_E,,,0,60,7200.0,9917,,0,60,0,0
4740.1,4770.1,source_1099,source,FW_W,,,0,38,4560.0,5981,,0,38,0,0
4770.1,4800.1,RM_C10480,ramp,FW_W,10480,,8,1,120.0,103,2,0,0,0,0
4770.1,4800.1,RM_C10482,ramp,FW_W,10482,,10,10,1200.0,2698,8,0,0,0,0
4770.1,4800.1,RM_C10646,ramp,FW_W,10646,,18,1,120.0,240,5,0,0,0,0
4770.1,4800.1,RM_C10644,ramp,FW_W,10644,,22,10,1200.0,581,7,0,0,0,0
4770.1,4800.1,RM_C10639,ramp,FW_E,10639,,10,3,360.0,566,1,0,0,0,0
4770.1,4800.1,RM_C10681,ramp,FW_E,10681,,12,7,840.0,1273,54,0,0,0,0
4770.1,4800.1,RM_C10490,ramp,FW_E,10490,,21,0,0.0,903,2,0,0,0,0
4770.1,4800.1,RM_C10484,ramp,FW_E,10484,,23,9,1080.0,664,4,0,0,0,0
4770.1,4800.1,OR_D_E_signal,offramp,FW_E,10481,18,,3,360.0,375,5,0,0,0,0
4770.1,4800.1,OR_D_E_direct,offramp,FW_E,10483,20,,11,1320.0,1354,7,0,0,0,0
4770.1,4800.1,OR_D_W_signal,offramp,FW_W,10491,9,,6,720.0,1108,3,0,0,0,0
4770.1,4800.1,OR_D_W_direct,offramp,FW_W,10479,7,,4,480.0,1045,1,0,0,0,0
4770.1,4800.1,OR_F_E_signal,offramp,FW_E,10643,9,,7,840.0,812,26,0,0,0,0
4770.1,4800.1,OR_F_E_direct,offramp,FW_E,10682,11,,14,1680.0,1622,6,0,0,0,0
4770.1,4800.1,OR_F_W_signal,offramp,FW_W,10638,19,,3,360.0,736,0,0,0,0,0
4770.1,4800.1,OR_F_W_direct,offramp,FW_W,10645,16,,7,840.0,1498,1,0,0,0,0
4770.1,4800.1,source_1098,source,FW_E,,,0,62,7440.0,9979,,0,62,0,0
4770.1,4800.1,source_1099,source,FW_W,,,0,20,2400.0,6001,,0,20,0,0
4800.1,4830.1,RM_C10480,ramp,FW_W,10480,,8,3,360.0,106,2,0,0,0,0
4800.1,4830.1,RM_C10482,ramp,FW_W,10482,,10,5,600.0,2703,8,0,0,0,0
4800.1,4830.1,RM_C10646,ramp,FW_W,10646,,18,3,360.0,243,7,0,0,0,0
4800.1,4830.1,RM_C10644,ramp,FW_W,10644,,22,4,480.0,585,4,0,0,0,0
4800.1,4830.1,RM_C10639,ramp,FW_E,10639,,10,1,120.0,567,6,0,0,0,0
4800.1,4830.1,RM_C10681,ramp,FW_E,10681,,12,7,840.0,1280,57,0,0,0,0
4800.1,4830.1,RM_C10490,ramp,FW_E,10490,,21,2,240.0,905,1,0,0,0,0
4800.1,4830.1,RM_C10484,ramp,FW_E,10484,,23,3,360.0,667,5,0,0,0,0
4800.1,4830.1,OR_D_E_signal,offramp,FW_E,10481,18,,1,120.0,376,6,0,0,0,0
4800.1,4830.1,OR_D_E_direct,offramp,FW_E,10483,20,,5,600.0,1359,1,0,0,0,0
4800.1,4830.1,OR_D_W_signal,offramp,FW_W,10491,9,,10,1200.0,1118,5,0,0,0,0
4800.1,4830.1,OR_D_W_direct,offramp,FW_W,10479,7,,7,840.0,1052,2,0,0,0,0
4800.1,4830.1,OR_F_E_signal,offramp,FW_E,10643,9,,4,480.0,816,25,0,0,0,0
4800.1,4830.1,OR_F_E_direct,offramp,FW_E,10682,11,,8,960.0,1630,4,0,0,0,0
4800.1,4830.1,OR_F_W_signal,offramp,FW_W,10638,19,,6,720.0,742,5,0,0,0,0
4800.1,4830.1,OR_F_W_direct,offramp,FW_W,10645,16,,8,960.0,1506,2,0,0,0,0
4800.1,4830.1,source_1098,source,FW_E,,,0,59,7080.0,10038,,0,59,0,0
4800.1,4830.1,source_1099,source,FW_W,,,0,33,3960.0,6034,,0,33,0,0
4830.1,4860.1,RM_C10480,ramp,FW_W,10480,,8,0,0.0,106,0,0,0,0,0
4830.1,4860.1,RM_C10482,ramp,FW_W,10482,,10,7,840.0,2710,12,0,0,0,0
4830.1,4860.1,RM_C10646,ramp,FW_W,10646,,18,6,720.0,249,0,0,0,0,0
4830.1,4860.1,RM_C10644,ramp,FW_W,10644,,22,0,0.0,585,6,0,0,0,0
4830.1,4860.1,RM_C10639,ramp,FW_E,10639,,10,1,120.0,568,7,0,0,0,0
4830.1,4860.1,RM_C10681,ramp,FW_E,10681,,12,12,1440.0,1292,56,0,0,0,0
4830.1,4860.1,RM_C10490,ramp,FW_E,10490,,21,1,120.0,906,6,0,0,0,0
4830.1,4860.1,RM_C10484,ramp,FW_E,10484,,23,1,120.0,668,6,0,0,0,0
4830.1,4860.1,OR_D_E_signal,offramp,FW_E,10481,18,,0,0.0,376,0,0,0,0,0
4830.1,4860.1,OR_D_E_direct,offramp,FW_E,10483,20,,11,1320.0,1370,4,0,0,0,0
4830.1,4860.1,OR_D_W_signal,offramp,FW_W,10491,9,,8,960.0,1126,3,0,0,0,0
4830.1,4860.1,OR_D_W_direct,offramp,FW_W,10479,7,,9,1080.0,1061,2,0,0,0,0
4830.1,4860.1,OR_F_E_signal,offramp,FW_E,10643,9,,8,960.0,824,29,0,0,0,0
4830.1,4860.1,OR_F_E_direct,offramp,FW_E,10682,11,,13,1560.0,1643,1,0,0,0,0
4830.1,4860.1,OR_F_W_signal,offramp,FW_W,10638,19,,6,720.0,748,6,0,0,0,0
4830.1,4860.1,OR_F_W_direct,offramp,FW_W,10645,16,,9,1080.0,1515,4,0,0,0,0
4830.1,4860.1,source_1098,source,FW_E,,,0,56,6720.0,10094,,0,56,0,0
4830.1,4860.1,source_1099,source,FW_W,,,0,36,4320.0,6070,,0,36,0,0
4860.1,4890.1,RM_C10480,ramp,FW_W,10480,,8,0,0.0,106,0,0,0,0,0
4860.1,4890.1,RM_C10482,ramp,FW_W,10482,,10,4,480.0,2714,15,0,0,0,0
4860.1,4890.1,RM_C10646,ramp,FW_W,10646,,18,0,0.0,249,1,0,0,0,0
4860.1,4890.1,RM_C10644,ramp,FW_W,10644,,22,4,480.0,589,5,0,0,0,0
4860.1,4890.1,RM_C10639,ramp,FW_E,10639,,10,7,840.0,575,2,0,0,0,0
4860.1,4890.1,RM_C10681,ramp,FW_E,10681,,12,10,1200.0,1302,51,0,0,0,0
4860.1,4890.1,RM_C10490,ramp,FW_E,10490,,21,7,840.0,913,0,0,0,0,0
4860.1,4890.1,RM_C10484,ramp,FW_E,10484,,23,5,600.0,673,5,0,0,0,0
4860.1,4890.1,OR_D_E_signal,offramp,FW_E,10481,18,,2,240.0,378,0,0,0,0,0
4860.1,4890.1,OR_D_E_direct,offramp,FW_E,10483,20,,16,1920.0,1386,10,0,0,0,0
4860.1,4890.1,OR_D_W_signal,offramp,FW_W,10491,9,,7,840.0,1133,4,0,0,0,0
4860.1,4890.1,OR_D_W_direct,offramp,FW_W,10479,7,,5,600.0,1066,3,0,0,0,0
4860.1,4890.1,OR_F_E_signal,offramp,FW_E,10643,9,,0,0.0,824,23,0,0,0,0
4860.1,4890.1,OR_F_E_direct,offramp,FW_E,10682,11,,6,720.0,1649,4,0,0,0,0
4860.1,4890.1,OR_F_W_signal,offramp,FW_W,10638,19,,4,480.0,752,0,0,0,0,0
4860.1,4890.1,OR_F_W_direct,offramp,FW_W,10645,16,,6,720.0,1521,4,0,0,0,0
4860.1,4890.1,source_1098,source,FW_E,,,0,66,7920.0,10160,,0,66,0,0
4860.1,4890.1,source_1099,source,FW_W,,,0,35,4200.0,6105,,0,35,0,0
4890.1,4920.1,RM_C10480,ramp,FW_W,10480,,8,0,0.0,106,2,0,0,0,0
4890.1,4920.1,RM_C10482,ramp,FW_W,10482,,10,12,1440.0,2726,15,0,0,0,0
4890.1,4920.1,RM_C10646,ramp,FW_W,10646,,18,1,120.0,250,5,0,0,0,0
4890.1,4920.1,RM_C10644,ramp,FW_W,10644,,22,2,240.0,591,4,0,0,0,0
4890.1,4920.1,RM_C10639,ramp,FW_E,10639,,10,2,240.0,577,1,0,0,0,0
4890.1,4920.1,RM_C10681,ramp,FW_E,10681,,12,11,1320.0,1313,50,0,0,0,0
4890.1,4920.1,RM_C10490,ramp,FW_E,10490,,21,0,0.0,913,6,0,0,0,0
4890.1,4920.1,RM_C10484,ramp,FW_E,10484,,23,4,480.0,677,6,0,0,0,0
4890.1,4920.1,OR_D_E_signal,offramp,FW_E,10481,18,,1,120.0,379,1,0,0,0,0
4890.1,4920.1,OR_D_E_direct,offramp,FW_E,10483,20,,15,1800.0,1401,4,0,0,0,0
4890.1,4920.1,OR_D_W_signal,offramp,FW_W,10491,9,,2,240.0,1135,1,0,0,0,0
4890.1,4920.1,OR_D_W_direct,offramp,FW_W,10479,7,,6,720.0,1072,3,0,0,0,0
4890.1,4920.1,OR_F_E_signal,offramp,FW_E,10643,9,,6,720.0,830,27,0,0,0,0
4890.1,4920.1,OR_F_E_direct,offramp,FW_E,10682,11,,19,2280.0,1668,11,0,0,0,0
4890.1,4920.1,OR_F_W_signal,offramp,FW_W,10638,19,,3,360.0,755,1,0,0,0,0
4890.1,4920.1,OR_F_W_direct,offramp,FW_W,10645,16,,3,360.0,1524,0,0,0,0,0
4890.1,4920.1,source_1098,source,FW_E,,,0,55,6600.0,10215,,0,55,0,0
4890.1,4920.1,source_1099,source,FW_W,,,0,33,3960.0,6138,,0,33,0,0
4920.1,4950.1,RM_C10480,ramp,FW_W,10480,,8,1,120.0,107,4,0,0,0,0
4920.1,4950.1,RM_C10482,ramp,FW_W,10482,,10,3,360.0,2729,24,0,0,0,0
4920.1,4950.1,RM_C10646,ramp,FW_W,10646,,18,0,0.0,250,10,0,0,0,0
4920.1,4950.1,RM_C10644,ramp,FW_W,10644,,22,0,0.0,591,8,0,0,0,0
4920.1,4950.1,RM_C10639,ramp,FW_E,10639,,10,1,120.0,578,0,0,0,0,0
4920.1,4950.1,RM_C10681,ramp,FW_E,10681,,12,7,840.0,1320,56,0,0,0,0
4920.1,4950.1,RM_C10490,ramp,FW_E,10490,,21,7,840.0,920,4,0,0,0,0
4920.1,4950.1,RM_C10484,ramp,FW_E,10484,,23,6,720.0,683,3,0,0,0,0
4920.1,4950.1,OR_D_E_signal,offramp,FW_E,10481,18,,3,360.0,382,4,0,0,0,0
4920.1,4950.1,OR_D_E_direct,offramp,FW_E,10483,20,,12,1440.0,1413,6,0,0,0,0
4920.1,4950.1,OR_D_W_signal,offramp,FW_W,10491,9,,7,840.0,1142,2,0,0,0,0
4920.1,4950.1,OR_D_W_direct,offramp,FW_W,10479,7,,3,360.0,1075,1,0,0,0,0
4920.1,4950.1,OR_F_E_signal,offramp,FW_E,10643,9,,4,480.0,834,28,0,0,0,0
4920.1,4950.1,OR_F_E_direct,offramp,FW_E,10682,11,,7,840.0,1675,2,0,0,0,0
4920.1,4950.1,OR_F_W_signal,offramp,FW_W,10638,19,,2,240.0,757,0,0,0,0,0
4920.1,4950.1,OR_F_W_direct,offramp,FW_W,10645,16,,5,600.0,1529,2,0,0,0,0
4920.1,4950.1,source_1098,source,FW_E,,,0,61,7320.0,10276,,0,61,0,0
4920.1,4950.1,source_1099,source,FW_W,,,0,36,4320.0,6174,,0,36,0,0
4950.1,4980.1,RM_C10480,ramp,FW_W,10480,,8,0,0.0,107,1,0,0,0,0
4950.1,4980.1,RM_C10482,ramp,FW_W,10482,,10,21,2520.0,2750,12,0,0,0,0
4950.1,4980.1,RM_C10646,ramp,FW_W,10646,,18,6,720.0,256,2,0,0,0,0
4950.1,4980.1,RM_C10644,ramp,FW_W,10644,,22,4,480.0,595,5,0,0,0,0
4950.1,4980.1,RM_C10639,ramp,FW_E,10639,,10,0,0.0,578,5,0,0,0,0
4950.1,4980.1,RM_C10681,ramp,FW_E,10681,,12,9,1080.0,1329,59,0,0,0,0
4950.1,4980.1,RM_C10490,ramp,FW_E,10490,,21,4,480.0,924,8,0,0,0,0
4950.1,4980.1,RM_C10484,ramp,FW_E,10484,,23,2,240.0,685,3,0,0,0,0
4950.1,4980.1,OR_D_E_signal,offramp,FW_E,10481,18,,3,360.0,385,7,0,0,0,0
4950.1,4980.1,OR_D_E_direct,offramp,FW_E,10483,20,,16,1920.0,1429,10,0,0,0,0
4950.1,4980.1,OR_D_W_signal,offramp,FW_W,10491,9,,4,480.0,1146,2,0,0,0,0
4950.1,4980.1,OR_D_W_direct,offramp,FW_W,10479,7,,10,1200.0,1085,6,0,0,0,0
4950.1,4980.1,OR_F_E_signal,offramp,FW_E,10643,9,,4,480.0,838,28,0,0,0,0
4950.1,4980.1,OR_F_E_direct,offramp,FW_E,10682,11,,9,1080.0,1684,0,0,0,0,0
4950.1,4980.1,OR_F_W_signal,offramp,FW_W,10638,19,,6,720.0,763,2,0,0,0,0
4950.1,4980.1,OR_F_W_direct,offramp,FW_W,10645,16,,9,1080.0,1538,8,0,0,0,0
4950.1,4980.1,source_1098,source,FW_E,,,0,72,8640.0,10348,,0,72,0,0
4950.1,4980.1,source_1099,source,FW_W,,,0,24,2880.0,6198,,0,24,0,0
4980.1,5010.1,RM_C10480,ramp,FW_W,10480,,8,1,120.0,108,0,0,0,0,0
4980.1,5010.1,RM_C10482,ramp,FW_W,10482,,10,9,1080.0,2759,9,0,0,0,0
4980.1,5010.1,RM_C10646,ramp,FW_W,10646,,18,1,120.0,257,2,0,0,0,0
4980.1,5010.1,RM_C10644,ramp,FW_W,10644,,22,0,0.0,595,5,0,0,0,0
4980.1,5010.1,RM_C10639,ramp,FW_E,10639,,10,0,0.0,578,9,0,0,0,0
4980.1,5010.1,RM_C10681,ramp,FW_E,10681,,12,13,1560.0,1342,51,0,0,0,0
4980.1,5010.1,RM_C10490,ramp,FW_E,10490,,21,8,960.0,932,6,0,0,0,0
4980.1,5010.1,RM_C10484,ramp,FW_E,10484,,23,4,480.0,689,2,0,0,0,0
4980.1,5010.1,OR_D_E_signal,offramp,FW_E,10481,18,,2,240.0,387,2,0,0,0,0
4980.1,5010.1,OR_D_E_direct,offramp,FW_E,10483,20,,14,1680.0,1443,3,0,0,0,0
4980.1,5010.1,OR_D_W_signal,offramp,FW_W,10491,9,,5,600.0,1151,2,0,0,0,0
4980.1,5010.1,OR_D_W_direct,offramp,FW_W,10479,7,,7,840.0,1092,4,0,0,0,0
4980.1,5010.1,OR_F_E_signal,offramp,FW_E,10643,9,,2,240.0,840,29,0,0,0,0
4980.1,5010.1,OR_F_E_direct,offramp,FW_E,10682,11,,7,840.0,1691,2,0,0,0,0
4980.1,5010.1,OR_F_W_signal,offramp,FW_W,10638,19,,6,720.0,769,1,0,0,0,0
4980.1,5010.1,OR_F_W_direct,offramp,FW_W,10645,16,,9,1080.0,1547,0,0,0,0,0
4980.1,5010.1,source_1098,source,FW_E,,,0,66,7920.0,10414,,0,66,0,0
4980.1,5010.1,source_1099,source,FW_W,,,0,44,5280.0,6242,,0,44,0,0
5010.1,5040.1,RM_C10480,ramp,FW_W,10480,,8,0,0.0,108,0,0,0,0,0
5010.1,5040.1,RM_C10482,ramp,FW_W,10482,,10,7,840.0,2766,11,0,0,0,0
5010.1,5040.1,RM_C10646,ramp,FW_W,10646,,18,2,240.0,259,0,0,0,0,0
5010.1,5040.1,RM_C10644,ramp,FW_W,10644,,22,4,480.0,599,2,0,0,0,0
5010.1,5040.1,RM_C10639,ramp,FW_E,10639,,10,9,1080.0,587,0,0,0,0,0
5010.1,5040.1,RM_C10681,ramp,FW_E,10681,,12,11,1320.0,1353,48,0,0,0,0
5010.1,5040.1,RM_C10490,ramp,FW_E,10490,,21,6,720.0,938,7,0,0,0,0
5010.1,5040.1,RM_C10484,ramp,FW_E,10484,,23,1,120.0,690,1,0,0,0,0
5010.1,5040.1,OR_D_E_signal,offramp,FW_E,10481,18,,4,480.0,391,4,0,0,0,0
5010.1,5040.1,OR_D_E_direct,offramp,FW_E,10483,20,,10,1200.0,1453,7,0,0,0,0
5010.1,5040.1,OR_D_W_signal,offramp,FW_W,10491,9,,6,720.0,1157,2,0,0,0,0
5010.1,5040.1,OR_D_W_direct,offramp,FW_W,10479,7,,10,1200.0,1102,3,0,0,0,0
5010.1,5040.1,OR_F_E_signal,offramp,FW_E,10643,9,,4,480.0,844,31,0,0,0,0
5010.1,5040.1,OR_F_E_direct,offramp,FW_E,10682,11,,5,600.0,1696,4,0,0,0,0
5010.1,5040.1,OR_F_W_signal,offramp,FW_W,10638,19,,4,480.0,773,2,0,0,0,0
5010.1,5040.1,OR_F_W_direct,offramp,FW_W,10645,16,,6,720.0,1553,5,0,0,0,0
5010.1,5040.1,source_1098,source,FW_E,,,0,59,7080.0,10473,,0,59,0,0
5010.1,5040.1,source_1099,source,FW_W,,,0,23,2760.0,6265,,0,23,0,0
5040.1,5070.1,RM_C10480,ramp,FW_W,10480,,8,0,0.0,108,1,0,0,0,0
5040.1,5070.1,RM_C10482,ramp,FW_W,10482,,10,7,840.0,2773,10,0,0,0,0
5040.1,5070.1,RM_C10646,ramp,FW_W,10646,,18,0,0.0,259,5,0,0,0,0
5040.1,5070.1,RM_C10644,ramp,FW_W,10644,,22,1,120.0,600,1,0,0,0,0
5040.1,5070.1,RM_C10639,ramp,FW_E,10639,,10,0,0.0,587,6,0,0,0,0
5040.1,5070.1,RM_C10681,ramp,FW_E,10681,,12,6,720.0,1359,55,0,0,0,0
5040.1,5070.1,RM_C10490,ramp,FW_E,10490,,21,7,840.0,945,2,0,0,0,0
5040.1,5070.1,RM_C10484,ramp,FW_E,10484,,23,1,120.0,691,7,0,0,0,0
5040.1,5070.1,OR_D_E_signal,offramp,FW_E,10481,18,,2,240.0,393,3,0,0,0,0
5040.1,5070.1,OR_D_E_direct,offramp,FW_E,10483,20,,10,1200.0,1463,9,0,0,0,0
5040.1,5070.1,OR_D_W_signal,offramp,FW_W,10491,9,,8,960.0,1165,0,0,0,0,0
5040.1,5070.1,OR_D_W_direct,offramp,FW_W,10479,7,,4,480.0,1106,1,0,0,0,0
5040.1,5070.1,OR_F_E_signal,offramp,FW_E,10643,9,,8,960.0,852,30,0,0,0,0
5040.1,5070.1,OR_F_E_direct,offramp,FW_E,10682,11,,15,1800.0,1711,7,0,0,0,0
5040.1,5070.1,OR_F_W_signal,offramp,FW_W,10638,19,,5,600.0,778,2,0,0,0,0
5040.1,5070.1,OR_F_W_direct,offramp,FW_W,10645,16,,15,1800.0,1568,9,0,0,0,0
5040.1,5070.1,source_1098,source,FW_E,,,0,63,7560.0,10536,,0,63,0,0
5040.1,5070.1,source_1099,source,FW_W,,,0,39,4680.0,6304,,0,39,0,0
5070.1,5100.1,RM_C10480,ramp,FW_W,10480,,8,1,120.0,109,2,0,0,0,0
5070.1,5100.1,RM_C10482,ramp,FW_W,10482,,10,8,960.0,2781,18,0,0,0,0
5070.1,5100.1,RM_C10646,ramp,FW_W,10646,,18,5,600.0,264,0,0,0,0,0
5070.1,5100.1,RM_C10644,ramp,FW_W,10644,,22,1,120.0,601,2,0,0,0,0
5070.1,5100.1,RM_C10639,ramp,FW_E,10639,,10,0,0.0,587,6,0,0,0,0
5070.1,5100.1,RM_C10681,ramp,FW_E,10681,,12,5,600.0,1364,64,0,0,0,0
5070.1,5100.1,RM_C10490,ramp,FW_E,10490,,21,2,240.0,947,1,0,0,0,0
5070.1,5100.1,RM_C10484,ramp,FW_E,10484,,23,6,720.0,697,5,0,0,0,0
5070.1,5100.1,OR_D_E_signal,offramp,FW_E,10481,18,,3,360.0,396,6,0,0,0,0
5070.1,5100.1,OR_D_E_direct,offramp,FW_E,10483,20,,8,960.0,1471,4,0,0,0,0
5070.1,5100.1,OR_D_W_signal,offramp,FW_W,10491,9,,2,240.0,1167,3,0,0,0,0
5070.1,5100.1,OR_D_W_direct,offramp,FW_W,10479,7,,10,1200.0,1116,3,0,0,0,0
5070.1,5100.1,OR_F_E_signal,offramp,FW_E,10643,9,,8,960.0,860,34,0,0,0,0
5070.1,5100.1,OR_F_E_direct,offramp,FW_E,10682,11,,9,1080.0,1720,2,0,0,0,0
5070.1,5100.1,OR_F_W_signal,offramp,FW_W,10638,19,,11,1320.0,789,4,0,0,0,0
5070.1,5100.1,OR_F_W_direct,offramp,FW_W,10645,16,,7,840.0,1575,1,0,0,0,0
5070.1,5100.1,source_1098,source,FW_E,,,0,69,8280.0,10605,,0,69,0,0
5070.1,5100.1,source_1099,source,FW_W,,,0,33,3960.0,6337,,0,33,0,0
5100.1,5130.1,RM_C10480,ramp,FW_W,10480,,8,1,120.0,110,0,0,0,0,0
5100.1,5130.1,RM_C10482,ramp,FW_W,10482,,10,12,1440.0,2793,14,0,0,0,0
5100.1,5130.1,RM_C10646,ramp,FW_W,10646,,18,2,240.0,266,4,0,0,0,0
5100.1,5130.1,RM_C10644,ramp,FW_W,10644,,22,0,0.0,601,6,0,0,0,0
5100.1,5130.1,RM_C10639,ramp,FW_E,10639,,10,6,720.0,593,4,0,0,0,0
5100.1,5130.1,RM_C10681,ramp,FW_E,10681,,12,10,1200.0,1374,63,0,0,0,0
5100.1,5130.1,RM_C10490,ramp,FW_E,10490,,21,1,120.0,948,5,0,0,0,0
5100.1,5130.1,RM_C10484,ramp,FW_E,10484,,23,5,600.0,702,2,0,0,0,0
5100.1,5130.1,OR_D_E_signal,offramp,FW_E,10481,18,,0,0.0,396,5,0,0,0,0
5100.1,5130.1,OR_D_E_direct,offramp,FW_E,10483,20,,13,1560.0,1484,7,0,0,0,0
5100.1,5130.1,OR_D_W_signal,offramp,FW_W,10491,9,,9,1080.0,1176,4,0,0,0,0
5100.1,5130.1,OR_D_W_direct,offramp,FW_W,10479,7,,6,720.0,1122,2,0,0,0,0
5100.1,5130.1,OR_F_E_signal,offramp,FW_E,10643,9,,4,480.0,864,35,0,0,0,0
5100.1,5130.1,OR_F_E_direct,offramp,FW_E,10682,11,,7,840.0,1727,1,0,0,0,0
5100.1,5130.1,OR_F_W_signal,offramp,FW_W,10638,19,,0,0.0,789,0,0,0,0,0
5100.1,5130.1,OR_F_W_direct,offramp,FW_W,10645,16,,4,480.0,1579,2,0,0,0,0
5100.1,5130.1,source_1098,source,FW_E,,,0,67,8040.0,10672,,0,67,0,0
5100.1,5130.1,source_1099,source,FW_W,,,0,29,3480.0,6366,,0,29,0,0
5130.1,5160.1,RM_C10480,ramp,FW_W,10480,,8,0,0.0,110,0,0,0,0,0
5130.1,5160.1,RM_C10482,ramp,FW_W,10482,,10,11,1320.0,2804,14,0,0,0,0
5130.1,5160.1,RM_C10646,ramp,FW_W,10646,,18,2,240.0,268,0,0,0,0,0
5130.1,5160.1,RM_C10644,ramp,FW_W,10644,,22,0,0.0,601,7,0,0,0,0
5130.1,5160.1,RM_C10639,ramp,FW_E,10639,,10,4,480.0,597,4,0,0,0,0
5130.1,5160.1,RM_C10681,ramp,FW_E,10681,,12,15,1800.0,1389,55,0,0,0,0
5130.1,5160.1,RM_C10490,ramp,FW_E,10490,,21,5,600.0,953,0,0,0,0,0
5130.1,5160.1,RM_C10484,ramp,FW_E,10484,,23,2,240.0,704,8,0,0,0,0
5130.1,5160.1,OR_D_E_signal,offramp,FW_E,10481,18,,0,0.0,396,0,0,0,0,0
5130.1,5160.1,OR_D_E_direct,offramp,FW_E,10483,20,,14,1680.0,1498,10,0,0,0,0
5130.1,5160.1,OR_D_W_signal,offramp,FW_W,10491,9,,9,1080.0,1185,3,0,0,0,0
5130.1,5160.1,OR_D_W_direct,offramp,FW_W,10479,7,,5,600.0,1127,2,0,0,0,0
5130.1,5160.1,OR_F_E_signal,offramp,FW_E,10643,9,,3,360.0,867,35,0,0,0,0
5130.1,5160.1,OR_F_E_direct,offramp,FW_E,10682,11,,10,1200.0,1737,2,0,0,0,0
5130.1,5160.1,OR_F_W_signal,offramp,FW_W,10638,19,,6,720.0,795,5,0,0,0,0
5130.1,5160.1,OR_F_W_direct,offramp,FW_W,10645,16,,7,840.0,1586,5,0,0,0,0
5130.1,5160.1,source_1098,source,FW_E,,,0,58,6960.0,10730,,0,58,0,0
5130.1,5160.1,source_1099,source,FW_W,,,0,46,5520.0,6412,,0,46,0,0
5160.1,5190.1,RM_C10480,ramp,FW_W,10480,,8,0,0.0,110,0,0,0,0,0
5160.1,5190.1,RM_C10482,ramp,FW_W,10482,,10,11,1320.0,2815,19,0,0,0,0
5160.1,5190.1,RM_C10646,ramp,FW_W,10646,,18,0,0.0,268,0,0,0,0,0
5160.1,5190.1,RM_C10644,ramp,FW_W,10644,,22,0,0.0,601,10,0,0,0,0
5160.1,5190.1,RM_C10639,ramp,FW_E,10639,,10,4,480.0,601,3,0,0,0,0
5160.1,5190.1,RM_C10681,ramp,FW_E,10681,,12,9,1080.0,1398,52,0,0,0,0
5160.1,5190.1,RM_C10490,ramp,FW_E,10490,,21,0,0.0,953,5,0,0,0,0
5160.1,5190.1,RM_C10484,ramp,FW_E,10484,,23,8,960.0,712,3,0,0,0,0
5160.1,5190.1,OR_D_E_signal,offramp,FW_E,10481,18,,3,360.0,399,3,0,0,0,0
5160.1,5190.1,OR_D_E_direct,offramp,FW_E,10483,20,,12,1440.0,1510,7,0,0,0,0
5160.1,5190.1,OR_D_W_signal,offramp,FW_W,10491,9,,6,720.0,1191,1,0,0,0,0
5160.1,5190.1,OR_D_W_direct,offramp,FW_W,10479,7,,8,960.0,1135,1,0,0,0,0
5160.1,5190.1,OR_F_E_signal,offramp,FW_E,10643,9,,5,600.0,872,37,0,0,0,0
5160.1,5190.1,OR_F_E_direct,offramp,FW_E,10682,11,,13,1560.0,1750,5,0,0,0,0
5160.1,5190.1,OR_F_W_signal,offramp,FW_W,10638,19,,6,720.0,801,4,0,0,0,0
5160.1,5190.1,OR_F_W_direct,offramp,FW_W,10645,16,,10,1200.0,1596,3,0,0,0,0
5160.1,5190.1,source_1098,source,FW_E,,,0,71,8520.0,10801,,0,71,0,0
5160.1,5190.1,source_1099,source,FW_W,,,0,32,3840.0,6444,,0,32,0,0
5190.1,5220.1,RM_C10480,ramp,FW_W,10480,,8,0,0.0,110,1,0,0,0,0
5190.1,5220.1,RM_C10482,ramp,FW_W,10482,,10,12,1440.0,2827,12,0,0,0,0
5190.1,5220.1,RM_C10646,ramp,FW_W,10646,,18,0,0.0,268,1,0,0,0,0
5190.1,5220.1,RM_C10644,ramp,FW_W,10644,,22,7,840.0,608,7,0,0,0,0
5190.1,5220.1,RM_C10639,ramp,FW_E,10639,,10,3,360.0,604,0,0,0,0,0
5190.1,5220.1,RM_C10681,ramp,FW_E,10681,,12,11,1320.0,1409,54,0,0,0,0
5190.1,5220.1,RM_C10490,ramp,FW_E,10490,,21,5,600.0,958,6,0,0,0,0
5190.1,5220.1,RM_C10484,ramp,FW_E,10484,,23,1,120.0,713,9,0,0,0,0
5190.1,5220.1,OR_D_E_signal,offramp,FW_E,10481,18,,1,120.0,400,2,0,0,0,0
5190.1,5220.1,OR_D_E_direct,offramp,FW_E,10483,20,,9,1080.0,1519,4,0,0,0,0
5190.1,5220.1,OR_D_W_signal,offramp,FW_W,10491,9,,7,840.0,1198,2,0,0,0,0
5190.1,5220.1,OR_D_W_direct,offramp,FW_W,10479,7,,8,960.0,1143,4,0,0,0,0
5190.1,5220.1,OR_F_E_signal,offramp,FW_E,10643,9,,5,600.0,877,39,0,0,0,0
5190.1,5220.1,OR_F_E_direct,offramp,FW_E,10682,11,,13,1560.0,1763,5,0,0,0,0
5190.1,5220.1,OR_F_W_signal,offramp,FW_W,10638,19,,4,480.0,805,1,0,0,0,0
5190.1,5220.1,OR_F_W_direct,offramp,FW_W,10645,16,,5,600.0,1601,2,0,0,0,0
5190.1,5220.1,source_1098,source,FW_E,,,0,61,7320.0,10862,,0,61,0,0
5190.1,5220.1,source_1099,source,FW_W,,,0,38,4560.0,6482,,0,38,0,0
5220.1,5250.1,RM_C10480,ramp,FW_W,10480,,8,0,0.0,110,1,0,0,0,0
5220.1,5250.1,RM_C10482,ramp,FW_W,10482,,10,9,1080.0,2836,10,0,0,0,0
5220.1,5250.1,RM_C10646,ramp,FW_W,10646,,18,0,0.0,268,2,0,0,0,0
5220.1,5250.1,RM_C10644,ramp,FW_W,10644,,22,0,0.0,608,7,0,0,0,0
5220.1,5250.1,RM_C10639,ramp,FW_E,10639,,10,0,0.0,604,2,0,0,0,0
5220.1,5250.1,RM_C10681,ramp,FW_E,10681,,12,6,720.0,1415,57,0,0,0,0
5220.1,5250.1,RM_C10490,ramp,FW_E,10490,,21,6,720.0,964,3,0,0,0,0
5220.1,5250.1,RM_C10484,ramp,FW_E,10484,,23,8,960.0,721,9,0,0,0,0
5220.1,5250.1,OR_D_E_signal,offramp,FW_E,10481,18,,5,600.0,405,7,0,0,0,0
5220.1,5250.1,OR_D_E_direct,offramp,FW_E,10483,20,,4,480.0,1523,4,0,0,0,0
5220.1,5250.1,OR_D_W_signal,offramp,FW_W,10491,9,,5,600.0,1203,3,0,0,0,0
5220.1,5250.1,OR_D_W_direct,offramp,FW_W,10479,7,,7,840.0,1150,1,0,0,0,0
5220.1,5250.1,OR_F_E_signal,offramp,FW_E,10643,9,,8,960.0,885,42,0,0,0,0
5220.1,5250.1,OR_F_E_direct,offramp,FW_E,10682,11,,11,1320.0,1774,1,0,0,0,0
5220.1,5250.1,OR_F_W_signal,offramp,FW_W,10638,19,,4,480.0,809,1,0,0,0,0
5220.1,5250.1,OR_F_W_direct,offramp,FW_W,10645,16,,9,1080.0,1610,4,0,0,0,0
5220.1,5250.1,source_1098,source,FW_E,,,0,63,7560.0,10925,,0,63,0,0
5220.1,5250.1,source_1099,source,FW_W,,,0,32,3840.0,6514,,0,32,0,0
5250.1,5280.1,RM_C10480,ramp,FW_W,10480,,8,0,0.0,110,0,0,0,0,0
5250.1,5280.1,RM_C10482,ramp,FW_W,10482,,10,3,360.0,2839,23,0,0,0,0
5250.1,5280.1,RM_C10646,ramp,FW_W,10646,,18,2,240.0,270,3,0,0,0,0
5250.1,5280.1,RM_C10644,ramp,FW_W,10644,,22,3,360.0,611,9,0,0,0,0
5250.1,5280.1,RM_C10639,ramp,FW_E,10639,,10,2,240.0,606,2,0,0,0,0
5250.1,5280.1,RM_C10681,ramp,FW_E,10681,,12,9,1080.0,1424,61,0,0,0,0
5250.1,5280.1,RM_C10490,ramp,FW_E,10490,,21,4,480.0,968,4,0,0,0,0
5250.1,5280.1,RM_C10484,ramp,FW_E,10484,,23,4,480.0,725,6,0,0,0,0
5250.1,5280.1,OR_D_E_signal,offramp,FW_E,10481,18,,0,0.0,405,7,0,0,0,0
5250.1,5280.1,OR_D_E_direct,offramp,FW_E,10483,20,,15,1800.0,1538,4,0,0,0,0
5250.1,5280.1,OR_D_W_signal,offramp,FW_W,10491,9,,8,960.0,1211,6,0,0,0,0
5250.1,5280.1,OR_D_W_direct,offramp,FW_W,10479,7,,6,720.0,1156,4,0,0,0,0
5250.1,5280.1,OR_F_E_signal,offramp,FW_E,10643,9,,6,720.0,891,38,0,0,0,0
5250.1,5280.1,OR_F_E_direct,offramp,FW_E,10682,11,,10,1200.0,1784,6,0,0,0,0
5250.1,5280.1,OR_F_W_signal,offramp,FW_W,10638,19,,5,600.0,814,0,0,0,0,0
5250.1,5280.1,OR_F_W_direct,offramp,FW_W,10645,16,,3,360.0,1613,2,0,0,0,0
5250.1,5280.1,source_1098,source,FW_E,,,0,58,6960.0,10983,,0,58,0,0
5250.1,5280.1,source_1099,source,FW_W,,,0,49,5880.0,6563,,0,49,0,0
5280.1,5310.1,RM_C10480,ramp,FW_W,10480,,8,0,0.0,110,0,0,0,0,0
5280.1,5310.1,RM_C10482,ramp,FW_W,10482,,10,15,1800.0,2854,17,0,0,0,0
5280.1,5310.1,RM_C10646,ramp,FW_W,10646,,18,2,240.0,272,0,0,0,0,0
5280.1,5310.1,RM_C10644,ramp,FW_W,10644,,22,4,480.0,615,5,0,0,0,0
5280.1,5310.1,RM_C10639,ramp,FW_E,10639,,10,2,240.0,608,4,0,0,0,0
5280.1,5310.1,RM_C10681,ramp,FW_E,10681,,12,12,1440.0,1436,52,0,0,0,0
5280.1,5310.1,RM_C10490,ramp,FW_E,10490,,21,4,480.0,972,4,0,0,0,0
5280.1,5310.1,RM_C10484,ramp,FW_E,10484,,23,6,720.0,731,4,0,0,0,0
5280.1,5310.1,OR_D_E_signal,offramp,FW_E,10481,18,,2,240.0,407,2,0,0,0,0
5280.1,5310.1,OR_D_E_direct,offramp,FW_E,10483,20,,13,1560.0,1551,6,0,0,0,0
5280.1,5310.1,OR_D_W_signal,offramp,FW_W,10491,9,,4,480.0,1215,3,0,0,0,0
5280.1,5310.1,OR_D_W_direct,offramp,FW_W,10479,7,,9,1080.0,1165,2,0,0,0,0
5280.1,5310.1,OR_F_E_signal,offramp,FW_E,10643,9,,10,1200.0,901,47,0,0,0,0
5280.1,5310.1,OR_F_E_direct,offramp,FW_E,10682,11,,13,1560.0,1797,3,0,0,0,0
5280.1,5310.1,OR_F_W_signal,offramp,FW_W,10638,19,,5,600.0,819,3,0,0,0,0
5280.1,5310.1,OR_F_W_direct,offramp,FW_W,10645,16,,7,840.0,1620,4,0,0,0,0
5280.1,5310.1,source_1098,source,FW_E,,,0,62,7440.0,11045,,0,62,0,0
5280.1,5310.1,source_1099,source,FW_W,,,0,40,4800.0,6603,,0,40,0,0
5310.1,5340.1,RM_C10480,ramp,FW_W,10480,,8,0,0.0,110,0,0,0,0,0
5310.1,5340.1,RM_C10482,ramp,FW_W,10482,,10,14,1680.0,2868,12,0,0,0,0
5310.1,5340.1,RM_C10646,ramp,FW_W,10646,,18,0,0.0,272,0,0,0,0,0
5310.1,5340.1,RM_C10644,ramp,FW_W,10644,,22,0,0.0,615,8,0,0,0,0
5310.1,5340.1,RM_C10639,ramp,FW_E,10639,,10,4,480.0,612,2,0,0,0,0
5310.1,5340.1,RM_C10681,ramp,FW_E,10681,,12,13,1560.0,1449,46,0,0,0,0
5310.1,5340.1,RM_C10490,ramp,FW_E,10490,,21,4,480.0,976,3,0,0,0,0
5310.1,5340.1,RM_C10484,ramp,FW_E,10484,,23,4,480.0,735,4,0,0,0,0
5310.1,5340.1,OR_D_E_signal,offramp,FW_E,10481,18,,4,480.0,411,2,0,0,0,0
5310.1,5340.1,OR_D_E_direct,offramp,FW_E,10483,20,,7,840.0,1558,3,0,0,0,0
5310.1,5340.1,OR_D_W_signal,offramp,FW_W,10491,9,,8,960.0,1223,2,0,0,0,0
5310.1,5340.1,OR_D_W_direct,offramp,FW_W,10479,7,,7,840.0,1172,4,0,0,0,0
5310.1,5340.1,OR_F_E_signal,offramp,FW_E,10643,9,,9,1080.0,910,53,0,0,0,0
5310.1,5340.1,OR_F_E_direct,offramp,FW_E,10682,11,,10,1200.0,1807,0,0,0,0,0
5310.1,5340.1,OR_F_W_signal,offramp,FW_W,10638,19,,2,240.0,821,0,0,0,0,0
5310.1,5340.1,OR_F_W_direct,offramp,FW_W,10645,16,,3,360.0,1623,0,0,0,0,0
5310.1,5340.1,source_1098,source,FW_E,,,0,71,8520.0,11116,,0,71,0,0
5310.1,5340.1,source_1099,source,FW_W,,,0,24,2880.0,6627,,0,24,0,0
5340.1,5370.1,RM_C10480,ramp,FW_W,10480,,8,0,0.0,110,3,0,0,0,0
5340.1,5370.1,RM_C10482,ramp,FW_W,10482,,10,6,720.0,2874,18,0,0,0,0
5340.1,5370.1,RM_C10646,ramp,FW_W,10646,,18,0,0.0,272,3,0,0,0,0
5340.1,5370.1,RM_C10644,ramp,FW_W,10644,,22,5,600.0,620,6,0,0,0,0
5340.1,5370.1,RM_C10639,ramp,FW_E,10639,,10,2,240.0,614,0,0,0,0,0
5340.1,5370.1,RM_C10681,ramp,FW_E,10681,,12,8,960.0,1457,53,0,0,0,0
5340.1,5370.1,RM_C10490,ramp,FW_E,10490,,21,3,360.0,979,3,0,0,0,0
5340.1,5370.1,RM_C10484,ramp,FW_E,10484,,23,2,240.0,737,5,0,0,0,0
5340.1,5370.1,OR_D_E_signal,offramp,FW_E,10481,18,,2,240.0,413,0,0,0,0,0
5340.1,5370.1,OR_D_E_direct,offramp,FW_E,10483,20,,15,1800.0,1573,5,0,0,0,0
5340.1,5370.1,OR_D_W_signal,offramp,FW_W,10491,9,,6,720.0,1229,1,0,0,0,0
5340.1,5370.1,OR_D_W_direct,offramp,FW_W,10479,7,,7,840.0,1179,4,0,0,0,0
5340.1,5370.1,OR_F_E_signal,offramp,FW_E,10643,9,,1,120.0,911,43,0,0,0,0
5340.1,5370.1,OR_F_E_direct,offramp,FW_E,10682,11,,4,480.0,1811,1,0,0,0,0
5340.1,5370.1,OR_F_W_signal,offramp,FW_W,10638,19,,1,120.0,822,0,0,0,0,0
5340.1,5370.1,OR_F_W_direct,offramp,FW_W,10645,16,,8,960.0,1631,0,0,0,0,0
5340.1,5370.1,source_1098,source,FW_E,,,0,53,6360.0,11169,,0,53,0,0
5340.1,5370.1,source_1099,source,FW_W,,,0,45,5400.0,6672,,0,45,0,0
5370.1,5400.1,RM_C10480,ramp,FW_W,10480,,8,4,480.0,114,3,0,0,0,0
5370.1,5400.1,RM_C10482,ramp,FW_W,10482,,10,12,1440.0,2886,13,0,0,0,0
5370.1,5400.1,RM_C10646,ramp,FW_W,10646,,18,1,120.0,273,3,0,0,0,0
5370.1,5400.1,RM_C10644,ramp,FW_W,10644,,22,0,0.0,620,7,0,0,0,0
5370.1,5400.1,RM_C10639,ramp,FW_E,10639,,10,0,0.0,614,7,0,0,0,0
5370.1,5400.1,RM_C10681,ramp,FW_E,10681,,12,9,1080.0,1466,51,0,0,0,0
5370.1,5400.1,RM_C10490,ramp,FW_E,10490,,21,3,360.0,982,1,0,0,0,0
5370.1,5400.1,RM_C10484,ramp,FW_E,10484,,23,2,240.0,739,11,0,0,0,0
5370.1,5400.1,OR_D_E_signal,offramp,FW_E,10481,18,,8,960.0,421,8,0,0,0,0
5370.1,5400.1,OR_D_E_direct,offramp,FW_E,10483,20,,10,1200.0,1583,4,0,0,0,0
5370.1,5400.1,OR_D_W_signal,offramp,FW_W,10491,9,,8,960.0,1237,3,0,0,0,0
5370.1,5400.1,OR_D_W_direct,offramp,FW_W,10479,7,,9,1080.0,1188,5,0,0,0,0
5370.1,5400.1,OR_F_E_signal,offramp,FW_E,10643,9,,7,840.0,918,42,0,0,0,0
5370.1,5400.1,OR_F_E_direct,offramp,FW_E,10682,11,,19,2280.0,1830,7,0,0,0,0
5370.1,5400.1,OR_F_W_signal,offramp,FW_W,10638,19,,3,360.0,825,0,0,0,0,0
5370.1,5400.1,OR_F_W_direct,offramp,FW_W,10645,16,,2,240.0,1633,2,0,0,0,0
5370.1,5400.1,source_1098,source,FW_E,,,0,59,7080.0,11228,,0,59,0,0
5370.1,5400.1,source_1099,source,FW_W,,,0,41,4920.0,6713,,0,41,0,0
5400.1,5430.1,RM_C10480,ramp,FW_W,10480,,8,0,0.0,114,3,0,0,0,0
5400.1,5430.1,RM_C10482,ramp,FW_W,10482,,10,13,1560.0,2899,10,0,0,0,0
5400.1,5430.1,RM_C10646,ramp,FW_W,10646,,18,3,360.0,276,4,0,0,0,0
5400.1,5430.1,RM_C10644,ramp,FW_W,10644,,22,0,0.0,620,8,0,0,0,0
5400.1,5430.1,RM_C10639,ramp,FW_E,10639,,10,7,840.0,621,0,0,0,0,0
5400.1,5430.1,RM_C10681,ramp,FW_E,10681,,12,8,960.0,1474,55,0,0,0,0
5400.1,5430.1,RM_C10490,ramp,FW_E,10490,,21,1,120.0,983,4,0,0,0,0
5400.1,5430.1,RM_C10484,ramp,FW_E,10484,,23,8,960.0,747,4,0,0,0,0
5400.1,5430.1,OR_D_E_signal,offramp,FW_E,10481,18,,2,240.0,423,9,0,0,0,0
5400.1,5430.1,OR_D_E_direct,offramp,FW_E,10483,20,,8,960.0,1591,3,0,0,0,0
5400.1,5430.1,OR_D_W_signal,offramp,FW_W,10491,9,,5,600.0,1242,3,0,0,0,0
5400.1,5430.1,OR_D_W_direct,offramp,FW_W,10479,7,,11,1320.0,1199,3,0,0,0,0
5400.1,5430.1,OR_F_E_signal,offramp,FW_E,10643,9,,7,840.0,925,36,0,0,0,0
5400.1,5430.1,OR_F_E_direct,offramp,FW_E,10682,11,,12,1440.0,1842,12,0,0,0,0
5400.1,5430.1,OR_F_W_signal,offramp,FW_W,10638,19,,4,480.0,829,2,0,0,0,0
5400.1,5430.1,OR_F_W_direct,offramp,FW_W,10645,16,,16,1920.0,1649,2,0,0,0,0
5400.1,5430.1,source_1098,source,FW_E,,,0,69,8280.0,11297,,0,69,0,0
5400.1,5430.1,source_1099,source,FW_W,,,0,41,4920.0,6754,,0,41,0,0
5430.1,5460.1,RM_C10480,ramp,FW_W,10480,,8,2,240.0,116,0,0,0,0,0
5430.1,5460.1,RM_C10482,ramp,FW_W,10482,,10,8,960.0,2907,15,0,0,0,0
5430.1,5460.1,RM_C10646,ramp,FW_W,10646,,18,5,600.0,281,0,0,0,0,0
5430.1,5460.1,RM_C10644,ramp,FW_W,10644,,22,7,840.0,627,6,0,0,0,0
5430.1,5460.1,RM_C10639,ramp,FW_E,10639,,10,0,0.0,621,1,0,0,0,0
5430.1,5460.1,RM_C10681,ramp,FW_E,10681,,12,12,1440.0,1486,45,0,0,0,0
5430.1,5460.1,RM_C10490,ramp,FW_E,10490,,21,5,600.0,988,0,0,0,0,0
5430.1,5460.1,RM_C10484,ramp,FW_E,10484,,23,3,360.0,750,7,0,0,0,0
5430.1,5460.1,OR_D_E_signal,offramp,FW_E,10481,18,,3,360.0,426,3,0,0,0,0
5430.1,5460.1,OR_D_E_direct,offramp,FW_E,10483,20,,18,2160.0,1609,5,0,0,0,0
5430.1,5460.1,OR_D_W_signal,offramp,FW_W,10491,9,,10,1200.0,1252,3,0,0,0,0
5430.1,5460.1,OR_D_W_direct,offramp,FW_W,10479,7,,10,1200.0,1209,3,0,0,0,0
5430.1,5460.1,OR_F_E_signal,offramp,FW_E,10643,9,,7,840.0,932,32,0,0,0,0
5430.1,5460.1,OR_F_E_direct,offramp,FW_E,10682,11,,6,720.0,1848,1,0,0,0,0
5430.1,5460.1,OR_F_W_signal,offramp,FW_W,10638,19,,9,1080.0,838,8,0,0,0,0
5430.1,5460.1,OR_F_W_direct,offramp,FW_W,10645,16,,5,600.0,1654,4,0,0,0,0
5430.1,5460.1,source_1098,source,FW_E,,,0,66,7920.0,11363,,0,66,0,0
5430.1,5460.1,source_1099,source,FW_W,,,0,39,4680.0,6793,,0,39,0,0
5460.1,5490.1,RM_C10480,ramp,FW_W,10480,,8,0,0.0,116,0,0,0,0,0
5460.1,5490.1,RM_C10482,ramp,FW_W,10482,,10,8,960.0,2915,18,0,0,0,0
5460.1,5490.1,RM_C10646,ramp,FW_W,10646,,18,0,0.0,281,1,0,0,0,0
5460.1,5490.1,RM_C10644,ramp,FW_W,10644,,22,0,0.0,627,6,0,0,0,0
5460.1,5490.1,RM_C10639,ramp,FW_E,10639,,10,0,0.0,621,3,0,0,0,0
5460.1,5490.1,RM_C10681,ramp,FW_E,10681,,12,14,1680.0,1500,38,0,0,0,0
5460.1,5490.1,RM_C10490,ramp,FW_E,10490,,21,0,0.0,988,5,0,0,0,0
5460.1,5490.1,RM_C10484,ramp,FW_E,10484,,23,4,480.0,754,6,0,0,0,0
5460.1,5490.1,OR_D_E_signal,offramp,FW_E,10481,18,,0,0.0,426,0,0,0,0,0
5460.1,5490.1,OR_D_E_direct,offramp,FW_E,10483,20,,12,1440.0,1621,2,0,0,0,0
5460.1,5490.1,OR_D_W_signal,offramp,FW_W,10491,9,,4,480.0,1256,0,0,0,0,0
5460.1,5490.1,OR_D_W_direct,offramp,FW_W,10479,7,,7,840.0,1216,4,0,0,0,0
5460.1,5490.1,OR_F_E_signal,offramp,FW_E,10643,9,,6,720.0,938,37,0,0,0,0
5460.1,5490.1,OR_F_E_direct,offramp,FW_E,10682,11,,14,1680.0,1862,2,0,0,0,0
5460.1,5490.1,OR_F_W_signal,offramp,FW_W,10638,19,,2,240.0,840,1,0,0,0,0
5460.1,5490.1,OR_F_W_direct,offramp,FW_W,10645,16,,8,960.0,1662,0,0,0,0,0
5460.1,5490.1,source_1098,source,FW_E,,,0,68,8160.0,11431,,0,68,0,0
5460.1,5490.1,source_1099,source,FW_W,,,0,25,3000.0,6818,,0,25,0,0
5490.1,5520.1,RM_C10480,ramp,FW_W,10480,,8,1,120.0,117,1,0,0,0,0
5490.1,5520.1,RM_C10482,ramp,FW_W,10482,,10,15,1800.0,2930,17,0,0,0,0
5490.1,5520.1,RM_C10646,ramp,FW_W,10646,,18,0,0.0,281,3,0,0,0,0
5490.1,5520.1,RM_C10644,ramp,FW_W,10644,,22,2,240.0,629,4,0,0,0,0
5490.1,5520.1,RM_C10639,ramp,FW_E,10639,,10,1,120.0,622,7,0,0,0,0
5490.1,5520.1,RM_C10681,ramp,FW_E,10681,,12,7,840.0,1507,49,0,0,0,0
5490.1,5520.1,RM_C10490,ramp,FW_E,10490,,21,5,600.0,993,5,0,0,0,0
5490.1,5520.1,RM_C10484,ramp,FW_E,10484,,23,4,480.0,758,8,0,0,0,0
5490.1,5520.1,OR_D_E_signal,offramp,FW_E,10481,18,,0,0.0,426,0,0,0,0,0
5490.1,5520.1,OR_D_E_direct,offramp,FW_E,10483,20,,7,840.0,1628,1,0,0,0,0
5490.1,5520.1,OR_D_W_signal,offramp,FW_W,10491,9,,7,840.0,1263,2,0,0,0,0
5490.1,5520.1,OR_D_W_direct,offramp,FW_W,10479,7,,4,480.0,1220,1,0,0,0,0
5490.1,5520.1,OR_F_E_signal,offramp,FW_E,10643,9,,5,600.0,943,36,0,0,0,0
5490.1,5520.1,OR_F_E_direct,offramp,FW_E,10682,11,,2,240.0,1864,2,0,0,0,0
5490.1,5520.1,OR_F_W_signal,offramp,FW_W,10638,19,,6,720.0,846,3,0,0,0,0
5490.1,5520.1,OR_F_W_direct,offramp,FW_W,10645,16,,4,480.0,1666,1,0,0,0,0
5490.1,5520.1,source_1098,source,FW_E,,,0,49,5880.0,11480,,0,49,0,0
5490.1,5520.1,source_1099,source,FW_W,,,0,17,2040.0,6835,,0,17,0,0
5520.1,5550.1,RM_C10480,ramp,FW_W,10480,,8,1,120.0,118,2,0,0,0,0
5520.1,5550.1,RM_C10482,ramp,FW_W,10482,,10,13,1560.0,2943,10,0,0,0,0
5520.1,5550.1,RM_C10646,ramp,FW_W,10646,,18,2,240.0,283,6,0,0,0,0
5520.1,5550.1,RM_C10644,ramp,FW_W,10644,,22,4,480.0,633,3,0,0,0,0
5520.1,5550.1,RM_C10639,ramp,FW_E,10639,,10,7,840.0,629,2,0,0,0,0
5520.1,5550.1,RM_C10681,ramp,FW_E,10681,,12,8,960.0,1515,42,0,0,0,0
5520.1,5550.1,RM_C10490,ramp,FW_E,10490,,21,2,240.0,995,5,0,0,0,0
5520.1,5550.1,RM_C10484,ramp,FW_E,10484,,23,6,720.0,764,9,0,0,0,0
5520.1,5550.1,OR_D_E_signal,offramp,FW_E,10481,18,,6,720.0,432,3,0,0,0,0
5520.1,5550.1,OR_D_E_direct,offramp,FW_E,10483,20,,12,1440.0,1640,2,0,0,0,0
5520.1,5550.1,OR_D_W_signal,offramp,FW_W,10491,9,,6,720.0,1269,2,0,0,0,0
5520.1,5550.1,OR_D_W_direct,offramp,FW_W,10479,7,,7,840.0,1227,2,0,0,0,0
5520.1,5550.1,OR_F_E_signal,offramp,FW_E,10643,9,,3,360.0,946,31,0,0,0,0
5520.1,5550.1,OR_F_E_direct,offramp,FW_E,10682,11,,3,360.0,1867,3,0,0,0,0
5520.1,5550.1,OR_F_W_signal,offramp,FW_W,10638,19,,6,720.0,852,5,0,0,0,0
5520.1,5550.1,OR_F_W_direct,offramp,FW_W,10645,16,,4,480.0,1670,0,0,0,0,0
5520.1,5550.1,source_1098,source,FW_E,,,0,65,7800.0,11545,,0,65,0,0
5520.1,5550.1,source_1099,source,FW_W,,,0,46,5520.0,6881,,0,46,0,0
5550.1,5580.1,RM_C10480,ramp,FW_W,10480,,8,1,120.0,119,2,0,0,0,0
5550.1,5580.1,RM_C10482,ramp,FW_W,10482,,10,8,960.0,2951,9,0,0,0,0
5550.1,5580.1,RM_C10646,ramp,FW_W,10646,,18,2,240.0,285,0,0,0,0,0
5550.1,5580.1,RM_C10644,ramp,FW_W,10644,,22,0,0.0,633,3,0,0,0,0
5550.1,5580.1,RM_C10639,ramp,FW_E,10639,,10,2,240.0,631,1,0,0,0,0
5550.1,5580.1,RM_C10681,ramp,FW_E,10681,,12,9,1080.0,1524,34,0,0,0,0
5550.1,5580.1,RM_C10490,ramp,FW_E,10490,,21,6,720.0,1001,3,0,0,0,0
5550.1,5580.1,RM_C10484,ramp,FW_E,10484,,23,6,720.0,770,6,0,0,0,0
5550.1,5580.1,OR_D_E_signal,offramp,FW_E,10481,18,,0,0.0,432,3,0,0,0,0
5550.1,5580.1,OR_D_E_direct,offramp,FW_E,10483,20,,0,0.0,1640,0,0,0,0,0
5550.1,5580.1,OR_D_W_signal,offramp,FW_W,10491,9,,7,840.0,1276,4,0,0,0,0
5550.1,5580.1,OR_D_W_direct,offramp,FW_W,10479,7,,3,360.0,1230,2,0,0,0,0
5550.1,5580.1,OR_F_E_signal,offramp,FW_E,10643,9,,3,360.0,949,23,0,0,0,0
5550.1,5580.1,OR_F_E_direct,offramp,FW_E,10682,11,,14,1680.0,1881,6,0,0,0,0
5550.1,5580.1,OR_F_W_signal,offramp,FW_W,10638,19,,4,480.0,856,2,0,0,0,0
5550.1,5580.1,OR_F_W_direct,offramp,FW_W,10645,16,,10,1200.0,1680,2,0,0,0,0
5550.1,5580.1,source_1098,source,FW_E,,,0,69,8280.0,11614,,0,69,0,0
5550.1,5580.1,source_1099,source,FW_W,,,0,26,3120.0,6907,,0,26,0,0
5580.1,5610.1,RM_C10480,ramp,FW_W,10480,,8,1,120.0,120,0,0,0,0,0
5580.1,5610.1,RM_C10482,ramp,FW_W,10482,,10,8,960.0,2959,11,0,0,0,0
5580.1,5610.1,RM_C10646,ramp,FW_W,10646,,18,0,0.0,285,1,0,0,0,0
5580.1,5610.1,RM_C10644,ramp,FW_W,10644,,22,1,120.0,634,3,0,0,0,0
5580.1,5610.1,RM_C10639,ramp,FW_E,10639,,10,1,120.0,632,4,0,0,0,0
5580.1,5610.1,RM_C10681,ramp,FW_E,10681,,12,8,960.0,1532,26,0,0,0,0
5580.1,5610.1,RM_C10490,ramp,FW_E,10490,,21,0,0.0,1001,7,0,0,0,0
5580.1,5610.1,RM_C10484,ramp,FW_E,10484,,23,4,480.0,774,8,0,0,0,0
5580.1,5610.1,OR_D_E_signal,offramp,FW_E,10481,18,,2,240.0,434,2,0,0,0,0
5580.1,5610.1,OR_D_E_direct,offramp,FW_E,10483,20,,15,1800.0,1655,10,0,0,0,0
5580.1,5610.1,OR_D_W_signal,offramp,FW_W,10491,9,,9,1080.0,1285,4,0,0,0,0
5580.1,5610.1,OR_D_W_direct,offramp,FW_W,10479,7,,5,600.0,1235,3,0,0,0,0
5580.1,5610.1,OR_F_E_signal,offramp,FW_E,10643,9,,6,720.0,955,19,0,0,0,0
5580.1,5610.1,OR_F_E_direct,offramp,FW_E,10682,11,,10,1200.0,1891,2,0,0,0,0
5580.1,5610.1,OR_F_W_signal,offramp,FW_W,10638,19,,5,600.0,861,0,0,0,0,0
5580.1,5610.1,OR_F_W_direct,offramp,FW_W,10645,16,,6,720.0,1686,2,0,0,0,0
5580.1,5610.1,source_1098,source,FW_E,,,0,56,6720.0,11670,,0,56,0,0
5580.1,5610.1,source_1099,source,FW_W,,,0,44,5280.0,6951,,0,44,0,0
5610.1,5640.1,RM_C10480,ramp,FW_W,10480,,8,0,0.0,120,1,0,0,0,0
5610.1,5640.1,RM_C10482,ramp,FW_W,10482,,10,4,480.0,2963,11,0,0,0,0
5610.1,5640.1,RM_C10646,ramp,FW_W,10646,,18,0,0.0,285,0,0,0,0,0
5610.1,5640.1,RM_C10644,ramp,FW_W,10644,,22,2,240.0,636,6,0,0,0,0
5610.1,5640.1,RM_C10639,ramp,FW_E,10639,,10,4,480.0,636,0,0,0,0,0
5610.1,5640.1,RM_C10681,ramp,FW_E,10681,,12,6,720.0,1538,25,0,0,0,0
5610.1,5640.1,RM_C10490,ramp,FW_E,10490,,21,8,960.0,1009,3,0,0,0,0
5610.1,5640.1,RM_C10484,ramp,FW_E,10484,,23,6,720.0,780,3,0,0,0,0
5610.1,5640.1,OR_D_E_signal,offramp,FW_E,10481,18,,0,0.0,434,0,0,0,0,0
5610.1,5640.1,OR_D_E_direct,offramp,FW_E,10483,20,,11,1320.0,1666,6,0,0,0,0
5610.1,5640.1,OR_D_W_signal,offramp,FW_W,10491,9,,5,600.0,1290,1,0,0,0,0
5610.1,5640.1,OR_D_W_direct,offramp,FW_W,10479,7,,4,480.0,1239,2,0,0,0,0
5610.1,5640.1,OR_F_E_signal,offramp,FW_E,10643,9,,2,240.0,957,18,0,0,0,0
5610.1,5640.1,OR_F_E_direct,offramp,FW_E,10682,11,,10,1200.0,1901,1,0,0,0,0
5610.1,5640.1,OR_F_W_signal,offramp,FW_W,10638,19,,2,240.0,863,1,0,0,0,0
5610.1,5640.1,OR_F_W_direct,offramp,FW_W,10645,16,,19,2280.0,1705,9,0,0,0,0
5610.1,5640.1,source_1098,source,FW_E,,,0,61,7320.0,11731,,0,61,0,0
5610.1,5640.1,source_1099,source,FW_W,,,0,37,4440.0,6988,,0,37,0,0
5640.1,5670.1,RM_C10480,ramp,FW_W,10480,,8,0,0.0,120,1,0,0,0,0
5640.1,5670.1,RM_C10482,ramp,FW_W,10482,,10,11,1320.0,2974,13,0,0,0,0
5640.1,5670.1,RM_C10646,ramp,FW_W,10646,,18,0,0.0,285,9,0,0,0,0
5640.1,5670.1,RM_C10644,ramp,FW_W,10644,,22,0,0.0,636,9,0,0,0,0
5640.1,5670.1,RM_C10639,ramp,FW_E,10639,,10,0,0.0,636,2,0,0,0,0
5640.1,5670.1,RM_C10681,ramp,FW_E,10681,,12,7,840.0,1545,36,0,0,0,0
5640.1,5670.1,RM_C10490,ramp,FW_E,10490,,21,3,360.0,1012,7,0,0,0,0
5640.1,5670.1,RM_C10484,ramp,FW_E,10484,,23,3,360.0,783,8,0,0,0,0
5640.1,5670.1,OR_D_E_signal,offramp,FW_E,10481,18,,3,360.0,437,0,0,0,0,0
5640.1,5670.1,OR_D_E_direct,offramp,FW_E,10483,20,,9,1080.0,1675,4,0,0,0,0
5640.1,5670.1,OR_D_W_signal,offramp,FW_W,10491,9,,4,480.0,1294,2,0,0,0,0
5640.1,5670.1,OR_D_W_direct,offramp,FW_W,10479,7,,11,1320.0,1250,5,0,0,0,0
5640.1,5670.1,OR_F_E_signal,offramp,FW_E,10643,9,,6,720.0,963,22,0,0,0,0
5640.1,5670.1,OR_F_E_direct,offramp,FW_E,10682,11,,14,1680.0,1915,7,0,0,0,0
5640.1,5670.1,OR_F_W_signal,offramp,FW_W,10638,19,,3,360.0,866,0,0,0,0,0
5640.1,5670.1,OR_F_W_direct,offramp,FW_W,10645,16,,4,480.0,1709,1,0,0,0,0
5640.1,5670.1,source_1098,source,FW_E,,,0,58,6960.0,11789,,0,58,0,0
5640.1,5670.1,source_1099,source,FW_W,,,0,39,4680.0,7027,,0,39,0,0
5670.1,5700.1,RM_C10480,ramp,FW_W,10480,,8,1,120.0,121,1,0,0,0,0
5670.1,5700.1,RM_C10482,ramp,FW_W,10482,,10,12,1440.0,2986,6,0,0,0,0
5670.1,5700.1,RM_C10646,ramp,FW_W,10646,,18,6,720.0,291,7,0,0,0,0
5670.1,5700.1,RM_C10644,ramp,FW_W,10644,,22,0,0.0,636,14,0,0,0,0
5670.1,5700.1,RM_C10639,ramp,FW_E,10639,,10,0,0.0,636,3,0,0,0,0
5670.1,5700.1,RM_C10681,ramp,FW_E,10681,,12,7,840.0,1552,42,0,0,0,0
5670.1,5700.1,RM_C10490,ramp,FW_E,10490,,21,7,840.0,1019,6,0,0,0,0
5670.1,5700.1,RM_C10484,ramp,FW_E,10484,,23,4,480.0,787,8,0,0,0,0
5670.1,5700.1,OR_D_E_signal,offramp,FW_E,10481,18,,2,240.0,439,2,0,0,0,0
5670.1,5700.1,OR_D_E_direct,offramp,FW_E,10483,20,,9,1080.0,1684,5,0,0,0,0
5670.1,5700.1,OR_D_W_signal,offramp,FW_W,10491,9,,8,960.0,1302,3,0,0,0,0
5670.1,5700.1,OR_D_W_direct,offramp,FW_W,10479,7,,8,960.0,1258,3,0,0,0,0
5670.1,5700.1,OR_F_E_signal,offramp,FW_E,10643,9,,7,840.0,970,21,0,0,0,0
5670.1,5700.1,OR_F_E_direct,offramp,FW_E,10682,11,,4,480.0,1919,4,0,0,0,0
5670.1,5700.1,OR_F_W_signal,offramp,FW_W,10638,19,,8,960.0,874,7,0,0,0,0
5670.1,5700.1,OR_F_W_direct,offramp,FW_W,10645,16,,7,840.0,1716,1,0,0,0,0
5670.1,5700.1,source_1098,source,FW_E,,,0,74,8880.0,11863,,0,74,0,0
5670.1,5700.1,source_1099,source,FW_W,,,0,33,3960.0,7060,,0,33,0,0
5700.1,5730.1,RM_C10480,ramp,FW_W,10480,,8,2,240.0,123,0,0,0,0,0
5700.1,5730.1,RM_C10482,ramp,FW_W,10482,,10,4,480.0,2990,11,0,0,0,0
5700.1,5730.1,RM_C10646,ramp,FW_W,10646,,18,5,600.0,296,0,0,0,0,0
5700.1,5730.1,RM_C10644,ramp,FW_W,10644,,22,6,720.0,642,8,0,0,0,0
5700.1,5730.1,RM_C10639,ramp,FW_E,10639,,10,3,360.0,639,0,0,0,0,0
5700.1,5730.1,RM_C10681,ramp,FW_E,10681,,12,7,840.0,1559,38,0,0,0,0
5700.1,5730.1,RM_C10490,ramp,FW_E,10490,,21,7,840.0,1026,0,0,0,0,0
5700.1,5730.1,RM_C10484,ramp,FW_E,10484,,23,6,720.0,793,3,0,0,0,0
5700.1,5730.1,OR_D_E_signal,offramp,FW_E,10481,18,,2,240.0,441,0,0,0,0,0
5700.1,5730.1,OR_D_E_direct,offramp,FW_E,10483,20,,14,1680.0,1698,5,0,0,0,0
5700.1,5730.1,OR_D_W_signal,offramp,FW_W,10491,9,,4,480.0,1306,0,0,0,0,0
5700.1,5730.1,OR_D_W_direct,offramp,FW_W,10479,7,,4,480.0,1262,1,0,0,0,0
5700.1,5730.1,OR_F_E_signal,offramp,FW_E,10643,9,,1,120.0,971,11,0,0,0,0
5700.1,5730.1,OR_F_E_direct,offramp,FW_E,10682,11,,12,1440.0,1931,3,0,0,0,0
5700.1,5730.1,OR_F_W_signal,offramp,FW_W,10638,19,,5,600.0,879,5,0,0,0,0
5700.1,5730.1,OR_F_W_direct,offramp,FW_W,10645,16,,12,1440.0,1728,3,0,0,0,0
5700.1,5730.1,source_1098,source,FW_E,,,0,74,8880.0,11937,,0,74,0,0
5700.1,5730.1,source_1099,source,FW_W,,,0,26,3120.0,7086,,0,26,0,0
5730.1,5760.1,RM_C10480,ramp,FW_W,10480,,8,0,0.0,123,1,0,0,0,0
5730.1,5760.1,RM_C10482,ramp,FW_W,10482,,10,10,1200.0,3000,11,0,0,0,0
5730.1,5760.1,RM_C10646,ramp,FW_W,10646,,18,1,120.0,297,0,0,0,0,0
5730.1,5760.1,RM_C10644,ramp,FW_W,10644,,22,3,360.0,645,8,0,0,0,0
5730.1,5760.1,RM_C10639,ramp,FW_E,10639,,10,0,0.0,639,4,0,0,0,0
5730.1,5760.1,RM_C10681,ramp,FW_E,10681,,12,7,840.0,1566,31,0,0,0,0
5730.1,5760.1,RM_C10490,ramp,FW_E,10490,,21,0,0.0,1026,6,0,0,0,0
5730.1,5760.1,RM_C10484,ramp,FW_E,10484,,23,3,360.0,796,1,0,0,0,0
5730.1,5760.1,OR_D_E_signal,offramp,FW_E,10481,18,,5,600.0,446,2,0,0,0,0
5730.1,5760.1,OR_D_E_direct,offramp,FW_E,10483,20,,11,1320.0,1709,8,0,0,0,0
5730.1,5760.1,OR_D_W_signal,offramp,FW_W,10491,9,,5,600.0,1311,1,0,0,0,0
5730.1,5760.1,OR_D_W_direct,offramp,FW_W,10479,7,,10,1200.0,1272,5,0,0,0,0
5730.1,5760.1,OR_F_E_signal,offramp,FW_E,10643,9,,6,720.0,977,13,0,0,0,0
5730.1,5760.1,OR_F_E_direct,offramp,FW_E,10682,11,,20,2400.0,1951,6,0,0,0,0
5730.1,5760.1,OR_F_W_signal,offramp,FW_W,10638,19,,5,600.0,884,1,0,0,0,0
5730.1,5760.1,OR_F_W_direct,offramp,FW_W,10645,16,,6,720.0,1734,2,0,0,0,0
5730.1,5760.1,source_1098,source,FW_E,,,0,61,7320.0,11998,,0,61,0,0
5730.1,5760.1,source_1099,source,FW_W,,,0,40,4800.0,7126,,0,40,0,0
5760.1,5790.1,RM_C10480,ramp,FW_W,10480,,8,0,0.0,123,0,0,0,0,0
5760.1,5790.1,RM_C10482,ramp,FW_W,10482,,10,5,600.0,3005,20,0,0,0,0
5760.1,5790.1,RM_C10646,ramp,FW_W,10646,,18,0,0.0,297,1,0,0,0,0
5760.1,5790.1,RM_C10644,ramp,FW_W,10644,,22,5,600.0,650,5,0,0,0,0
5760.1,5790.1,RM_C10639,ramp,FW_E,10639,,10,4,480.0,643,1,0,0,0,0
5760.1,5790.1,RM_C10681,ramp,FW_E,10681,,12,8,960.0,1574,35,0,0,0,0
5760.1,5790.1,RM_C10490,ramp,FW_E,10490,,21,6,720.0,1032,3,0,0,0,0
5760.1,5790.1,RM_C10484,ramp,FW_E,10484,,23,0,0.0,796,7,0,0,0,0
5760.1,5790.1,OR_D_E_signal,offramp,FW_E,10481,18,,1,120.0,447,0,0,0,0,0
5760.1,5790.1,OR_D_E_direct,offramp,FW_E,10483,20,,11,1320.0,1720,4,0,0,0,0
5760.1,5790.1,OR_D_W_signal,offramp,FW_W,10491,9,,4,480.0,1315,0,0,0,0,0
5760.1,5790.1,OR_D_W_direct,offramp,FW_W,10479,7,,10,1200.0,1282,4,0,0,0,0
5760.1,5790.1,OR_F_E_signal,offramp,FW_E,10643,9,,9,1080.0,986,17,0,0,0,0
5760.1,5790.1,OR_F_E_direct,offramp,FW_E,10682,11,,13,1560.0,1964,2,0,0,0,0
5760.1,5790.1,OR_F_W_signal,offramp,FW_W,10638,19,,3,360.0,887,1,0,0,0,0
5760.1,5790.1,OR_F_W_direct,offramp,FW_W,10645,16,,2,240.0,1736,1,0,0,0,0
5760.1,5790.1,source_1098,source,FW_E,,,0,67,8040.0,12065,,0,67,0,0
5760.1,5790.1,source_1099,source,FW_W,,,0,28,3360.0,7154,,0,28,0,0
5790.1,5820.1,RM_C10480,ramp,FW_W,10480,,8,0,0.0,123,1,0,0,0,0
5790.1,5820.1,RM_C10482,ramp,FW_W,10482,,10,14,1680.0,3019,13,0,0,0,0
5790.1,5820.1,RM_C10646,ramp,FW_W,10646,,18,1,120.0,298,3,0,0,0,0
5790.1,5820.1,RM_C10644,ramp,FW_W,10644,,22,0,0.0,650,8,0,0,0,0
5790.1,5820.1,RM_C10639,ramp,FW_E,10639,,10,0,0.0,643,5,0,0,0,0
5790.1,5820.1,RM_C10681,ramp,FW_E,10681,,12,8,960.0,1582,47,0,0,0,0
5790.1,5820.1,RM_C10490,ramp,FW_E,10490,,21,3,360.0,1035,3,0,0,0,0
5790.1,5820.1,RM_C10484,ramp,FW_E,10484,,23,5,600.0,801,8,0,0,0,0
5790.1,5820.1,OR_D_E_signal,offramp,FW_E,10481,18,,0,0.0,447,0,0,0,0,0
5790.1,5820.1,OR_D_E_direct,offramp,FW_E,10483,20,,13,1560.0,1733,9,0,0,0,0
5790.1,5820.1,OR_D_W_signal,offramp,FW_W,10491,9,,5,600.0,1320,3,0,0,0,0
5790.1,5820.1,OR_D_W_direct,offramp,FW_W,10479,7,,9,1080.0,1291,3,0,0,0,0
5790.1,5820.1,OR_F_E_signal,offramp,FW_E,10643,9,,2,240.0,988,16,0,0,0,0
5790.1,5820.1,OR_F_E_direct,offramp,FW_E,10682,11,,9,1080.0,1973,2,0,0,0,0
5790.1,5820.1,OR_F_W_signal,offramp,FW_W,10638,19,,1,120.0,888,1,0,0,0,0
5790.1,5820.1,OR_F_W_direct,offramp,FW_W,10645,16,,9,1080.0,1745,2,0,0,0,0
5790.1,5820.1,source_1098,source,FW_E,,,0,58,6960.0,12123,,0,58,0,0
5790.1,5820.1,source_1099,source,FW_W,,,0,44,5280.0,7198,,0,44,0,0
5820.1,5850.1,RM_C10480,ramp,FW_W,10480,,8,2,240.0,125,1,0,0,0,0
5820.1,5850.1,RM_C10482,ramp,FW_W,10482,,10,8,960.0,3027,14,0,0,0,0
5820.1,5850.1,RM_C10646,ramp,FW_W,10646,,18,1,120.0,299,4,0,0,0,0
5820.1,5850.1,RM_C10644,ramp,FW_W,10644,,22,3,360.0,653,5,0,0,0,0
5820.1,5850.1,RM_C10639,ramp,FW_E,10639,,10,5,600.0,648,7,0,0,0,0
5820.1,5850.1,RM_C10681,ramp,FW_E,10681,,12,8,960.0,1590,50,0,0,0,0
5820.1,5850.1,RM_C10490,ramp,FW_E,10490,,21,3,360.0,1038,4,0,0,0,0
5820.1,5850.1,RM_C10484,ramp,FW_E,10484,,23,3,360.0,804,10,0,0,0,0
5820.1,5850.1,OR_D_E_signal,offramp,FW_E,10481,18,,1,120.0,448,1,0,0,0,0
5820.1,5850.1,OR_D_E_direct,offramp,FW_E,10483,20,,11,1320.0,1744,5,0,0,0,0
5820.1,5850.1,OR_D_W_signal,offramp,FW_W,10491,9,,7,840.0,1327,1,0,0,0,0
5820.1,5850.1,OR_D_W_direct,offramp,FW_W,10479,7,,9,1080.0,1300,5,0,0,0,0
5820.1,5850.1,OR_F_E_signal,offramp,FW_E,10643,9,,5,600.0,993,20,0,0,0,0
5820.1,5850.1,OR_F_E_direct,offramp,FW_E,10682,11,,3,360.0,1976,3,0,0,0,0
5820.1,5850.1,OR_F_W_signal,offramp,FW_W,10638,19,,5,600.0,893,1,0,0,0,0
5820.1,5850.1,OR_F_W_direct,offramp,FW_W,10645,16,,6,720.0,1751,2,0,0,0,0
5820.1,5850.1,source_1098,source,FW_E,,,0,56,6720.0,12179,,0,56,0,0
5820.1,5850.1,source_1099,source,FW_W,,,0,33,3960.0,7231,,0,33,0,0
5850.1,5880.1,RM_C10480,ramp,FW_W,10480,,8,0,0.0,125,1,0,0,0,0
5850.1,5880.1,RM_C10482,ramp,FW_W,10482,,10,12,1440.0,3039,11,0,0,0,0
5850.1,5880.1,RM_C10646,ramp,FW_W,10646,,18,1,120.0,300,1,0,0,0,0
5850.1,5880.1,RM_C10644,ramp,FW_W,10644,,22,3,360.0,656,4,0,0,0,0
5850.1,5880.1,RM_C10639,ramp,FW_E,10639,,10,7,840.0,655,0,0,0,0,0
5850.1,5880.1,RM_C10681,ramp,FW_E,10681,,12,10,1200.0,1600,41,0,0,0,0
5850.1,5880.1,RM_C10490,ramp,FW_E,10490,,21,3,360.0,1041,4,0,0,0,0
5850.1,5880.1,RM_C10484,ramp,FW_E,10484,,23,7,840.0,811,5,0,0,0,0
5850.1,5880.1,OR_D_E_signal,offramp,FW_E,10481,18,,0,0.0,448,0,0,0,0,0
5850.1,5880.1,OR_D_E_direct,offramp,FW_E,10483,20,,1,120.0,1745,0,0,0,0,0
5850.1,5880.1,OR_D_W_signal,offramp,FW_W,10491,9,,5,600.0,1332,0,0,0,0,0
5850.1,5880.1,OR_D_W_direct,offramp,FW_W,10479,7,,13,1560.0,1313,4,0,0,0,0
5850.1,5880.1,OR_F_E_signal,offramp,FW_E,10643,9,,3,360.0,996,14,0,0,0,0
5850.1,5880.1,OR_F_E_direct,offramp,FW_E,10682,11,,12,1440.0,1988,3,0,0,0,0
5850.1,5880.1,OR_F_W_signal,offramp,FW_W,10638,19,,3,360.0,896,1,0,0,0,0
5850.1,5880.1,OR_F_W_direct,offramp,FW_W,10645,16,,6,720.0,1757,1,0,0,0,0
5850.1,5880.1,source_1098,source,FW_E,,,0,69,8280.0,12248,,0,69,0,0
5850.1,5880.1,source_1099,source,FW_W,,,0,38,4560.0,7269,,0,38,0,0
5880.1,5910.1,RM_C10480,ramp,FW_W,10480,,8,0,0.0,125,0,0,0,0,0
5880.1,5910.1,RM_C10482,ramp,FW_W,10482,,10,5,600.0,3044,17,0,0,0,0
5880.1,5910.1,RM_C10646,ramp,FW_W,10646,,18,1,120.0,301,0,0,0,0,0
5880.1,5910.1,RM_C10644,ramp,FW_W,10644,,22,2,240.0,658,3,0,0,0,0
5880.1,5910.1,RM_C10639,ramp,FW_E,10639,,10,0,0.0,655,0,0,0,0,0
5880.1,5910.1,RM_C10681,ramp,FW_E,10681,,12,8,960.0,1608,33,0,0,0,0
5880.1,5910.1,RM_C10490,ramp,FW_E,10490,,21,5,600.0,1046,2,0,0,0,0
5880.1,5910.1,RM_C10484,ramp,FW_E,10484,,23,4,480.0,815,7,0,0,0,0
5880.1,5910.1,OR_D_E_signal,offramp,FW_E,10481,18,,6,720.0,454,4,0,0,0,0
5880.1,5910.1,OR_D_E_direct,offramp,FW_E,10483,20,,14,1680.0,1759,12,0,0,0,0
5880.1,5910.1,OR_D_W_signal,offramp,FW_W,10491,9,,7,840.0,1339,2,0,0,0,0
5880.1,5910.1,OR_D_W_direct,offramp,FW_W,10479,7,,6,720.0,1319,3,0,0,0,0
5880.1,5910.1,OR_F_E_signal,offramp,FW_E,10643,9,,5,600.0,1001,12,0,0,0,0
5880.1,5910.1,OR_F_E_direct,offramp,FW_E,10682,11,,13,1560.0,2001,3,0,0,0,0
5880.1,5910.1,OR_F_W_signal,offramp,FW_W,10638,19,,3,360.0,899,1,0,0,0,0
5880.1,5910.1,OR_F_W_direct,offramp,FW_W,10645,16,,13,1560.0,1770,9,0,0,0,0
5880.1,5910.1,source_1098,source,FW_E,,,0,72,8640.0,12320,,0,72,0,0
5880.1,5910.1,source_1099,source,FW_W,,,0,26,3120.0,7295,,0,26,0,0
5910.1,5940.1,RM_C10480,ramp,FW_W,10480,,8,0,0.0,125,0,0,0,0,0
5910.1,5940.1,RM_C10482,ramp,FW_W,10482,,10,13,1560.0,3057,13,0,0,0,0
5910.1,5940.1,RM_C10646,ramp,FW_W,10646,,18,0,0.0,301,1,0,0,0,0
5910.1,5940.1,RM_C10644,ramp,FW_W,10644,,22,0,0.0,658,3,0,0,0,0
5910.1,5940.1,RM_C10639,ramp,FW_E,10639,,10,0,0.0,655,5,0,0,0,0
5910.1,5940.1,RM_C10681,ramp,FW_E,10681,,12,6,720.0,1614,36,0,0,0,0
5910.1,5940.1,RM_C10490,ramp,FW_E,10490,,21,3,360.0,1049,3,0,0,0,0
5910.1,5940.1,RM_C10484,ramp,FW_E,10484,,23,5,600.0,820,5,0,0,0,0
5910.1,5940.1,OR_D_E_signal,offramp,FW_E,10481,18,,0,0.0,454,0,0,0,0,0
5910.1,5940.1,OR_D_E_direct,offramp,FW_E,10483,20,,14,1680.0,1773,11,0,0,0,0
5910.1,5940.1,OR_D_W_signal,offramp,FW_W,10491,9,,4,480.0,1343,1,0,0,0,0
5910.1,5940.1,OR_D_W_direct,offramp,FW_W,10479,7,,6,720.0,1325,2,0,0,0,0
5910.1,5940.1,OR_F_E_signal,offramp,FW_E,10643,9,,3,360.0,1004,10,0,0,0,0
5910.1,5940.1,OR_F_E_direct,offramp,FW_E,10682,11,,5,600.0,2006,0,0,0,0,0
5910.1,5940.1,OR_F_W_signal,offramp,FW_W,10638,19,,0,0.0,899,0,0,0,0,0
5910.1,5940.1,OR_F_W_direct,offramp,FW_W,10645,16,,2,240.0,1772,0,0,0,0,0
5910.1,5940.1,source_1098,source,FW_E,,,0,65,7800.0,12385,,0,65,0,0
5910.1,5940.1,source_1099,source,FW_W,,,0,33,3960.0,7328,,0,33,0,0
5940.1,5970.1,RM_C10480,ramp,FW_W,10480,,8,0,0.0,125,0,0,0,0,0
5940.1,5970.1,RM_C10482,ramp,FW_W,10482,,10,10,1200.0,3067,12,0,0,0,0
5940.1,5970.1,RM_C10646,ramp,FW_W,10646,,18,1,120.0,302,3,0,0,0,0
5940.1,5970.1,RM_C10644,ramp,FW_W,10644,,22,2,240.0,660,5,0,0,0,0
5940.1,5970.1,RM_C10639,ramp,FW_E,10639,,10,5,600.0,660,4,0,0,0,0
5940.1,5970.1,RM_C10681,ramp,FW_E,10681,,12,6,720.0,1620,48,0,0,0,0
5940.1,5970.1,RM_C10490,ramp,FW_E,10490,,21,3,360.0,1052,2,0,0,0,0
5940.1,5970.1,RM_C10484,ramp,FW_E,10484,,23,4,480.0,824,9,0,0,0,0
5940.1,5970.1,OR_D_E_signal,offramp,FW_E,10481,18,,3,360.0,457,0,0,0,0,0
5940.1,5970.1,OR_D_E_direct,offramp,FW_E,10483,20,,7,840.0,1780,4,0,0,0,0
5940.1,5970.1,OR_D_W_signal,offramp,FW_W,10491,9,,5,600.0,1348,3,0,0,0,0
5940.1,5970.1,OR_D_W_direct,offramp,FW_W,10479,7,,8,960.0,1333,1,0,0,0,0
5940.1,5970.1,OR_F_E_signal,offramp,FW_E,10643,9,,6,720.0,1010,16,0,0,0,0
5940.1,5970.1,OR_F_E_direct,offramp,FW_E,10682,11,,3,360.0,2009,3,0,0,0,0
5940.1,5970.1,OR_F_W_signal,offramp,FW_W,10638,19,,1,120.0,900,0,0,0,0,0
5940.1,5970.1,OR_F_W_direct,offramp,FW_W,10645,16,,12,1440.0,1784,7,0,0,0,0
5940.1,5970.1,source_1098,source,FW_E,,,0,64,7680.0,12449,,0,64,0,0
5940.1,5970.1,source_1099,source,FW_W,,,0,43,5160.0,7371,,0,43,0,0
5970.1,6000.1,RM_C10480,ramp,FW_W,10480,,8,0,0.0,125,1,0,0,0,0
5970.1,6000.1,RM_C10482,ramp,FW_W,10482,,10,10,1200.0,3077,9,0,0,0,0
5970.1,6000.1,RM_C10646,ramp,FW_W,10646,,18,2,240.0,304,2,0,0,0,0
5970.1,6000.1,RM_C10644,ramp,FW_W,10644,,22,1,120.0,661,6,0,0,0,0
5970.1,6000.1,RM_C10639,ramp,FW_E,10639,,10,2,240.0,662,3,0,0,0,0
5970.1,6000.1,RM_C10681,ramp,FW_E,10681,,12,7,840.0,1627,52,0,0,0,0
5970.1,6000.1,RM_C10490,ramp,FW_E,10490,,21,2,240.0,1054,2,0,0,0,0
5970.1,6000.1,RM_C10484,ramp,FW_E,10484,,23,3,360.0,827,8,0,0,0,0
5970.1,6000.1,OR_D_E_signal,offramp,FW_E,10481,18,,2,240.0,459,1,0,0,0,0
5970.1,6000.1,OR_D_E_direct,offramp,FW_E,10483,20,,10,1200.0,1790,8,0,0,0,0
5970.1,6000.1,OR_D_W_signal,offramp,FW_W,10491,9,,10,1200.0,1358,3,0,0,0,0
5970.1,6000.1,OR_D_W_direct,offramp,FW_W,10479,7,,5,600.0,1338,0,0,0,0,0
5970.1,6000.1,OR_F_E_signal,offramp,FW_E,10643,9,,4,480.0,1014,19,0,0,0,0
5970.1,6000.1,OR_F_E_direct,offramp,FW_E,10682,11,,11,1320.0,2020,5,0,0,0,0
5970.1,6000.1,OR_F_W_signal,offramp,FW_W,10638,19,,7,840.0,907,7,0,0,0,0
5970.1,6000.1,OR_F_W_direct,offramp,FW_W,10645,16,,11,1320.0,1795,3,0,0,0,0
5970.1,6000.1,source_1098,source,FW_E,,,0,65,7800.0,12514,,0,65,0,0
5970.1,6000.1,source_1099,source,FW_W,,,0,51,6120.0,7422,,0,51,0,0
6000.1,6030.1,RM_C10480,ramp,FW_W,10480,,8,2,240.0,127,1,0,0,0,0
6000.1,6030.1,RM_C10482,ramp,FW_W,10482,,10,5,600.0,3082,15,0,0,0,0
6000.1,6030.1,RM_C10646,ramp,FW_W,10646,,18,1,120.0,305,5,0,0,0,0
6000.1,6030.1,RM_C10644,ramp,FW_W,10644,,22,0,0.0,661,8,0,0,0,0
6000.1,6030.1,RM_C10639,ramp,FW_E,10639,,10,3,360.0,665,3,0,0,0,0
6000.1,6030.1,RM_C10681,ramp,FW_E,10681,,12,11,1320.0,1638,43,0,0,0,0
6000.1,6030.1,RM_C10490,ramp,FW_E,10490,,21,2,240.0,1056,5,0,0,0,0
6000.1,6030.1,RM_C10484,ramp,FW_E,10484,,23,9,1080.0,836,1,0,0,0,0
6000.1,6030.1,OR_D_E_signal,offramp,FW_E,10481,18,,0,0.0,459,0,0,0,0,0
6000.1,6030.1,OR_D_E_direct,offramp,FW_E,10483,20,,12,1440.0,1802,6,0,0,0,0
6000.1,6030.1,OR_D_W_signal,offramp,FW_W,10491,9,,6,720.0,1364,4,0,0,0,0
6000.1,6030.1,OR_D_W_direct,offramp,FW_W,10479,7,,4,480.0,1342,2,0,0,0,0
6000.1,6030.1,OR_F_E_signal,offramp,FW_E,10643,9,,3,360.0,1017,17,0,0,0,0
6000.1,6030.1,OR_F_E_direct,offramp,FW_E,10682,11,,12,1440.0,2032,8,0,0,0,0
6000.1,6030.1,OR_F_W_signal,offramp,FW_W,10638,19,,4,480.0,911,1,0,0,0,0
6000.1,6030.1,OR_F_W_direct,offramp,FW_W,10645,16,,8,960.0,1803,5,0,0,0,0
6000.1,6030.1,source_1098,source,FW_E,,,0,62,7440.0,12576,,0,62,0,0
6000.1,6030.1,source_1099,source,FW_W,,,0,33,3960.0,7455,,0,33,0,0
6030.1,6060.1,RM_C10480,ramp,FW_W,10480,,8,0,0.0,127,0,0,0,0,0
6030.1,6060.1,RM_C10482,ramp,FW_W,10482,,10,8,960.0,3090,15,0,0,0,0
6030.1,6060.1,RM_C10646,ramp,FW_W,10646,,18,4,480.0,309,0,0,0,0,0
6030.1,6060.1,RM_C10644,ramp,FW_W,10644,,22,0,0.0,661,10,0,0,0,0
6030.1,6060.1,RM_C10639,ramp,FW_E,10639,,10,3,360.0,668,1,0,0,0,0
6030.1,6060.1,RM_C10681,ramp,FW_E,10681,,12,8,960.0,1646,35,0,0,0,0
6030.1,6060.1,RM_C10490,ramp,FW_E,10490,,21,5,600.0,1061,4,0,0,0,0
6030.1,6060.1,RM_C10484,ramp,FW_E,10484,,23,1,120.0,837,0,0,0,0,0
6030.1,6060.1,OR_D_E_signal,offramp,FW_E,10481,18,,0,0.0,459,0,0,0,0,0
6030.1,6060.1,OR_D_E_direct,offramp,FW_E,10483,20,,11,1320.0,1813,6,0,0,0,0
6030.1,6060.1,OR_D_W_signal,offramp,FW_W,10491,9,,7,840.0,1371,3,0,0,0,0
6030.1,6060.1,OR_D_W_direct,offramp,FW_W,10479,7,,7,840.0,1349,2,0,0,0,0
6030.1,6060.1,OR_F_E_signal,offramp,FW_E,10643,9,,3,360.0,1020,14,0,0,0,0
6030.1,6060.1,OR_F_E_direct,offramp,FW_E,10682,11,,14,1680.0,2046,5,0,0,0,0
6030.1,6060.1,OR_F_W_signal,offramp,FW_W,10638,19,,7,840.0,918,6,0,0,0,0
6030.1,6060.1,OR_F_W_direct,offramp,FW_W,10645,16,,3,360.0,1806,2,0,0,0,0
6030.1,6060.1,source_1098,source,FW_E,,,0,62,7440.0,12638,,0,62,0,0
6030.1,6060.1,source_1099,source,FW_W,,,0,33,3960.0,7488,,0,33,0,0
6060.1,6090.1,RM_C10480,ramp,FW_W,10480,,8,0,0.0,127,1,0,0,0,0
6060.1,6090.1,RM_C10482,ramp,FW_W,10482,,10,11,1320.0,3101,12,0,0,0,0
6060.1,6090.1,RM_C10646,ramp,FW_W,10646,,18,0,0.0,309,2,0,0,0,0
6060.1,6090.1,RM_C10644,ramp,FW_W,10644,,22,8,960.0,669,5,0,0,0,0
6060.1,6090.1,RM_C10639,ramp,FW_E,10639,,10,1,120.0,669,0,0,0,0,0
6060.1,6090.1,RM_C10681,ramp,FW_E,10681,,12,7,840.0,1653,31,0,0,0,0
6060.1,6090.1,RM_C10490,ramp,FW_E,10490,,21,4,480.0,1065,1,0,0,0,0
6060.1,6090.1,RM_C10484,ramp,FW_E,10484,,23,0,0.0,837,5,0,0,0,0
6060.1,6090.1,OR_D_E_signal,offramp,FW_E,10481,18,,6,720.0,465,3,0,0,0,0
6060.1,6090.1,OR_D_E_direct,offramp,FW_E,10483,20,,7,840.0,1820,4,0,0,0,0
6060.1,6090.1,OR_D_W_signal,offramp,FW_W,10491,9,,10,1200.0,1381,4,0,0,0,0
6060.1,6090.1,OR_D_W_direct,offramp,FW_W,10479,7,,4,480.0,1353,1,0,0,0,0
6060.1,6090.1,OR_F_E_signal,offramp,FW_E,10643,9,,6,720.0,1026,17,0,0,0,0
6060.1,6090.1,OR_F_E_direct,offramp,FW_E,10682,11,,9,1080.0,2055,5,0,0,0,0
6060.1,6090.1,OR_F_W_signal,offramp,FW_W,10638,19,,3,360.0,921,0,0,0,0,0
6060.1,6090.1,OR_F_W_direct,offramp,FW_W,10645,16,,3,360.0,1809,1,0,0,0,0
6060.1,6090.1,source_1098,source,FW_E,,,0,65,7800.0,12703,,0,65,0,0
6060.1,6090.1,source_1099,source,FW_W,,,0,44,5280.0,7532,,0,44,0,0
6090.1,6120.1,RM_C10480,ramp,FW_W,10480,,8,0,0.0,127,1,0,0,0,0
6090.1,6120.1,RM_C10482,ramp,FW_W,10482,,10,8,960.0,3109,11,0,0,0,0
6090.1,6120.1,RM_C10646,ramp,FW_W,10646,,18,0,0.0,309,7,0,0,0,0
6090.1,6120.1,RM_C10644,ramp,FW_W,10644,,22,0,0.0,669,7,0,0,0,0
6090.1,6120.1,RM_C10639,ramp,FW_E,10639,,10,0,0.0,669,1,0,0,0,0
6090.1,6120.1,RM_C10681,ramp,FW_E,10681,,12,7,840.0,1660,42,0,0,0,0
6090.1,6120.1,RM_C10490,ramp,FW_E,10490,,21,1,120.0,1066,2,0,0,0,0
6090.1,6120.1,RM_C10484,ramp,FW_E,10484,,23,1,120.0,838,9,0,0,0,0
6090.1,6120.1,OR_D_E_signal,offramp,FW_E,10481,18,,1,120.0,466,0,0,0,0,0
6090.1,6120.1,OR_D_E_direct,offramp,FW_E,10483,20,,18,2160.0,1838,10,0,0,0,0
6090.1,6120.1,OR_D_W_signal,offramp,FW_W,10491,9,,7,840.0,1388,4,0,0,0,0
6090.1,6120.1,OR_D_W_direct,offramp,FW_W,10479,7,,6,720.0,1359,3,0,0,0,0
6090.1,6120.1,OR_F_E_signal,offramp,FW_E,10643,9,,7,840.0,1033,19,0,0,0,0
6090.1,6120.1,OR_F_E_direct,offramp,FW_E,10682,11,,12,1440.0,2067,4,0,0,0,0
6090.1,6120.1,OR_F_W_signal,offramp,FW_W,10638,19,,1,120.0,922,1,0,0,0,0
6090.1,6120.1,OR_F_W_direct,offramp,FW_W,10645,16,,14,1680.0,1823,4,0,0,0,0
6090.1,6120.1,source_1098,source,FW_E,,,0,59,7080.0,12762,,0,59,0,0
6090.1,6120.1,source_1099,source,FW_W,,,0,30,3600.0,7562,,0,30,0,0
6120.1,6150.1,RM_C10480,ramp,FW_W,10480,,8,0,0.0,127,0,0,0,0,0
6120.1,6150.1,RM_C10482,ramp,FW_W,10482,,10,9,1080.0,3118,8,0,0,0,0
6120.1,6150.1,RM_C10646,ramp,FW_W,10646,,18,3,360.0,312,4,0,0,0,0
6120.1,6150.1,RM_C10644,ramp,FW_W,10644,,22,0,0.0,669,8,0,0,0,0
6120.1,6150.1,RM_C10639,ramp,FW_E,10639,,10,1,120.0,670,6,0,0,0,0
6120.1,6150.1,RM_C10681,ramp,FW_E,10681,,12,6,720.0,1666,47,0,0,0,0
6120.1,6150.1,RM_C10490,ramp,FW_E,10490,,21,3,360.0,1069,0,0,0,0,0
6120.1,6150.1,RM_C10484,ramp,FW_E,10484,,23,9,1080.0,847,8,0,0,0,0
6120.1,6150.1,OR_D_E_signal,offramp,FW_E,10481,18,,5,600.0,471,4,0,0,0,0
6120.1,6150.1,OR_D_E_direct,offramp,FW_E,10483,20,,7,840.0,1845,5,0,0,0,0
6120.1,6150.1,OR_D_W_signal,offramp,FW_W,10491,9,,9,1080.0,1397,2,0,0,0,0
6120.1,6150.1,OR_D_W_direct,offramp,FW_W,10479,7,,5,600.0,1364,1,0,0,0,0
6120.1,6150.1,OR_F_E_signal,offramp,FW_E,10643,9,,3,360.0,1036,8,0,0,0,0
6120.1,6150.1,OR_F_E_direct,offramp,FW_E,10682,11,,11,1320.0,2078,3,0,0,0,0
6120.1,6150.1,OR_F_W_signal,offramp,FW_W,10638,19,,4,480.0,926,3,0,0,0,0
6120.1,6150.1,OR_F_W_direct,offramp,FW_W,10645,16,,7,840.0,1830,4,0,0,0,0
6120.1,6150.1,source_1098,source,FW_E,,,0,55,6600.0,12817,,0,55,0,0
6120.1,6150.1,source_1099,source,FW_W,,,0,34,4080.0,7596,,0,34,0,0
6150.1,6180.1,RM_C10480,ramp,FW_W,10480,,8,0,0.0,127,2,0,0,0,0
6150.1,6180.1,RM_C10482,ramp,FW_W,10482,,10,4,480.0,3122,11,0,0,0,0
6150.1,6180.1,RM_C10646,ramp,FW_W,10646,,18,2,240.0,314,0,0,0,0,0
6150.1,6180.1,RM_C10644,ramp,FW_W,10644,,22,5,600.0,674,4,0,0,0,0
6150.1,6180.1,RM_C10639,ramp,FW_E,10639,,10,6,720.0,676,2,0,0,0,0
6150.1,6180.1,RM_C10681,ramp,FW_E,10681,,12,7,840.0,1673,41,0,0,0,0
6150.1,6180.1,RM_C10490,ramp,FW_E,10490,,21,1,120.0,1070,6,0,0,0,0
6150.1,6180.1,RM_C10484,ramp,FW_E,10484,,23,5,600.0,852,5,0,0,0,0
6150.1,6180.1,OR_D_E_signal,offramp,FW_E,10481,18,,3,360.0,474,2,0,0,0,0
6150.1,6180.1,OR_D_E_direct,offramp,FW_E,10483,20,,7,840.0,1852,2,0,0,0,0
6150.1,6180.1,OR_D_W_signal,offramp,FW_W,10491,9,,7,840.0,1404,2,0,0,0,0
6150.1,6180.1,OR_D_W_direct,offramp,FW_W,10479,7,,9,1080.0,1373,6,0,0,0,0
6150.1,6180.1,OR_F_E_signal,offramp,FW_E,10643,9,,5,600.0,1041,2,0,0,0,0
6150.1,6180.1,OR_F_E_direct,offramp,FW_E,10682,11,,8,960.0,2086,4,0,0,0,0
6150.1,6180.1,OR_F_W_signal,offramp,FW_W,10638,19,,7,840.0,933,1,0,0,0,0
6150.1,6180.1,OR_F_W_direct,offramp,FW_W,10645,16,,9,1080.0,1839,9,0,0,0,0
6150.1,6180.1,source_1098,source,FW_E,,,0,65,7800.0,12882,,0,65,0,0
6150.1,6180.1,source_1099,source,FW_W,,,0,31,3720.0,7627,,0,31,0,0
6180.1,6210.1,RM_C10480,ramp,FW_W,10480,,8,0,0.0,127,0,0,0,0,0
6180.1,6210.1,RM_C10482,ramp,FW_W,10482,,10,7,840.0,3129,19,0,0,0,0
6180.1,6210.1,RM_C10646,ramp,FW_W,10646,,18,0,0.0,314,0,0,0,0,0
6180.1,6210.1,RM_C10644,ramp,FW_W,10644,,22,2,240.0,676,6,0,0,0,0
6180.1,6210.1,RM_C10639,ramp,FW_E,10639,,10,1,120.0,677,1,0,0,0,0
6180.1,6210.1,RM_C10681,ramp,FW_E,10681,,12,9,1080.0,1682,32,0,0,0,0
6180.1,6210.1,RM_C10490,ramp,FW_E,10490,,21,7,840.0,1077,1,0,0,0,0
6180.1,6210.1,RM_C10484,ramp,FW_E,10484,,23,4,480.0,856,4,0,0,0,0
6180.1,6210.1,OR_D_E_signal,offramp,FW_E,10481,18,,1,120.0,475,0,0,0,0,0
6180.1,6210.1,OR_D_E_direct,offramp,FW_E,10483,20,,13,1560.0,1865,6,0,0,0,0
6180.1,6210.1,OR_D_W_signal,offramp,FW_W,10491,9,,5,600.0,1409,2,0,0,0,0
6180.1,6210.1,OR_D_W_direct,offramp,FW_W,10479,7,,5,600.0,1378,1,0,0,0,0
6180.1,6210.1,OR_F_E_signal,offramp,FW_E,10643,9,,9,1080.0,1050,2,0,0,0,0
6180.1,6210.1,OR_F_E_direct,offramp,FW_E,10682,11,,9,1080.0,2095,6,0,0,0,0
6180.1,6210.1,OR_F_W_signal,offramp,FW_W,10638,19,,2,240.0,935,0,0,0,0,0
6180.1,6210.1,OR_F_W_direct,offramp,FW_W,10645,16,,3,360.0,1842,3,0,0,0,0
6180.1,6210.1,source_1098,source,FW_E,,,0,65,7800.0,12947,,0,65,0,0
6180.1,6210.1,source_1099,source,FW_W,,,0,37,4440.0,7664,,0,37,0,0
6210.1,6240.1,RM_C10480,ramp,FW_W,10480,,8,0,0.0,127,0,0,0,0,0
6210.1,6240.1,RM_C10482,ramp,FW_W,10482,,10,14,1680.0,3143,16,0,0,0,0
6210.1,6240.1,RM_C10646,ramp,FW_W,10646,,18,0,0.0,314,1,0,0,0,0
6210.1,6240.1,RM_C10644,ramp,FW_W,10644,,22,2,240.0,678,5,0,0,0,0
6210.1,6240.1,RM_C10639,ramp,FW_E,10639,,10,1,120.0,678,0,0,0,0,0
6210.1,6240.1,RM_C10681,ramp,FW_E,10681,,12,6,720.0,1688,34,0,0,0,0
6210.1,6240.1,RM_C10490,ramp,FW_E,10490,,21,1,120.0,1078,3,0,0,0,0
6210.1,6240.1,RM_C10484,ramp,FW_E,10484,,23,2,240.0,858,9,0,0,0,0
6210.1,6240.1,OR_D_E_signal,offramp,FW_E,10481,18,,6,720.0,481,3,0,0,0,0
6210.1,6240.1,OR_D_E_direct,offramp,FW_E,10483,20,,6,720.0,1871,5,0,0,0,0
6210.1,6240.1,OR_D_W_signal,offramp,FW_W,10491,9,,5,600.0,1414,1,0,0,0,0
6210.1,6240.1,OR_D_W_direct,offramp,FW_W,10479,7,,7,840.0,1385,3,0,0,0,0
6210.1,6240.1,OR_F_E_signal,offramp,FW_E,10643,9,,4,480.0,1054,4,0,0,0,0
6210.1,6240.1,OR_F_E_direct,offramp,FW_E,10682,11,,7,840.0,2102,4,0,0,0,0
6210.1,6240.1,OR_F_W_signal,offramp,FW_W,10638,19,,2,240.0,937,0,0,0,0,0
6210.1,6240.1,OR_F_W_direct,offramp,FW_W,10645,16,,11,1320.0,1853,0,0,0,0,0
6210.1,6240.1,source_1098,source,FW_E,,,0,74,8880.0,13021,,0,74,0,0
6210.1,6240.1,source_1099,source,FW_W,,,0,33,3960.0,7697,,0,33,0,0
6240.1,6270.1,RM_C10480,ramp,FW_W,10480,,8,0,0.0,127,0,0,0,0,0
6240.1,6270.1,RM_C10482,ramp,FW_W,10482,,10,12,1440.0,3155,11,0,0,0,0
6240.1,6270.1,RM_C10646,ramp,FW_W,10646,,18,0,0.0,314,8,0,0,0,0
6240.1,6270.1,RM_C10644,ramp,FW_W,10644,,22,2,240.0,680,5,0,0,0,0
6240.1,6270.1,RM_C10639,ramp,FW_E,10639,,10,0,0.0,678,2,0,0,0,0
6240.1,6270.1,RM_C10681,ramp,FW_E,10681,,12,7,840.0,1695,47,0,0,0,0
6240.1,6270.1,RM_C10490,ramp,FW_E,10490,,21,4,480.0,1082,2,0,0,0,0
6240.1,6270.1,RM_C10484,ramp,FW_E,10484,,23,7,840.0,865,12,0,0,0,0
6240.1,6270.1,OR_D_E_signal,offramp,FW_E,10481,18,,0,0.0,481,0,0,0,0,0
6240.1,6270.1,OR_D_E_direct,offramp,FW_E,10483,20,,8,960.0,1879,0,0,0,0,0
6240.1,6270.1,OR_D_W_signal,offramp,FW_W,10491,9,,4,480.0,1418,2,0,0,0,0
6240.1,6270.1,OR_D_W_direct,offramp,FW_W,10479,7,,11,1320.0,1396,5,0,0,0,0
6240.1,6270.1,OR_F_E_signal,offramp,FW_E,10643,9,,4,480.0,1058,3,0,0,0,0
6240.1,6270.1,OR_F_E_direct,offramp,FW_E,10682,11,,7,840.0,2109,0,0,0,0,0
6240.1,6270.1,OR_F_W_signal,offramp,FW_W,10638,19,,4,480.0,941,1,0,0,0,0
6240.1,6270.1,OR_F_W_direct,offramp,FW_W,10645,16,,6,720.0,1859,2,0,0,0,0
6240.1,6270.1,source_1098,source,FW_E,,,0,67,8040.0,13088,,0,67,0,0
6240.1,6270.1,source_1099,source,FW_W,,,0,47,5640.0,7744,,0,47,0,0
6270.1,6300.1,RM_C10480,ramp,FW_W,10480,,8,1,120.0,128,0,0,0,0,0
6270.1,6300.1,RM_C10482,ramp,FW_W,10482,,10,9,1080.0,3164,7,0,0,0,0
6270.1,6300.1,RM_C10646,ramp,FW_W,10646,,18,5,600.0,319,4,0,0,0,0
6270.1,6300.1,RM_C10644,ramp,FW_W,10644,,22,2,240.0,682,4,0,0,0,0
6270.1,6300.1,RM_C10639,ramp,FW_E,10639,,10,2,240.0,680,1,0,0,0,0
6270.1,6300.1,RM_C10681,ramp,FW_E,10681,,12,7,840.0,1702,41,0,0,0,0
6270.1,6300.1,RM_C10490,ramp,FW_E,10490,,21,2,240.0,1084,2,0,0,0,0
6270.1,6300.1,RM_C10484,ramp,FW_E,10484,,23,6,720.0,871,8,0,0,0,0
6270.1,6300.1,OR_D_E_signal,offramp,FW_E,10481,18,,2,240.0,483,2,0,0,0,0
6270.1,6300.1,OR_D_E_direct,offramp,FW_E,10483,20,,11,1320.0,1890,4,0,0,0,0
6270.1,6300.1,OR_D_W_signal,offramp,FW_W,10491,9,,8,960.0,1426,4,0,0,0,0
6270.1,6300.1,OR_D_W_direct,offramp,FW_W,10479,7,,5,600.0,1401,1,0,0,0,0
6270.1,6300.1,OR_F_E_signal,offramp,FW_E,10643,9,,7,840.0,1065,8,0,0,0,0
6270.1,6300.1,OR_F_E_direct,offramp,FW_E,10682,11,,3,360.0,2112,1,0,0,0,0
6270.1,6300.1,OR_F_W_signal,offramp,FW_W,10638,19,,8,960.0,949,6,0,0,0,0
6270.1,6300.1,OR_F_W_direct,offramp,FW_W,10645,16,,12,1440.0,1871,2,0,0,0,0
6270.1,6300.1,source_1098,source,FW_E,,,0,59,7080.0,13147,,0,59,0,0
6270.1,6300.1,source_1099,source,FW_W,,,0,22,2640.0,7766,,0,22,0,0
6300.1,6330.1,RM_C10480,ramp,FW_W,10480,,8,1,120.0,129,1,0,0,0,0
6300.1,6330.1,RM_C10482,ramp,FW_W,10482,,10,4,480.0,3168,22,0,0,0,0
6300.1,6330.1,RM_C10646,ramp,FW_W,10646,,18,2,240.0,321,1,0,0,0,0
6300.1,6330.1,RM_C10644,ramp,FW_W,10644,,22,1,120.0,683,7,0,0,0,0
6300.1,6330.1,RM_C10639,ramp,FW_E,10639,,10,1,120.0,681,0,0,0,0,0
6300.1,6330.1,RM_C10681,ramp,FW_E,10681,,12,7,840.0,1709,36,0,0,0,0
6300.1,6330.1,RM_C10490,ramp,FW_E,10490,,21,2,240.0,1086,3,0,0,0,0
6300.1,6330.1,RM_C10484,ramp,FW_E,10484,,23,8,960.0,879,2,0,0,0,0
6300.1,6330.1,OR_D_E_signal,offramp,FW_E,10481,18,,4,480.0,487,4,0,0,0,0
6300.1,6330.1,OR_D_E_direct,offramp,FW_E,10483,20,,7,840.0,1897,0,0,0,0,0
6300.1,6330.1,OR_D_W_signal,offramp,FW_W,10491,9,,1,120.0,1427,3,0,0,0,0
6300.1,6330.1,OR_D_W_direct,offramp,FW_W,10479,7,,10,1200.0,1411,3,0,0,0,0
6300.1,6330.1,OR_F_E_signal,offramp,FW_E,10643,9,,1,120.0,1066,0,0,0,0,0
6300.1,6330.1,OR_F_E_direct,offramp,FW_E,10682,11,,6,720.0,2118,0,0,0,0,0
6300.1,6330.1,OR_F_W_signal,offramp,FW_W,10638,19,,3,360.0,952,3,0,0,0,0
6300.1,6330.1,OR_F_W_direct,offramp,FW_W,10645,16,,14,1680.0,1885,2,0,0,0,0
6300.1,6330.1,source_1098,source,FW_E,,,0,62,7440.0,13209,,0,62,0,0
6300.1,6330.1,source_1099,source,FW_W,,,0,35,4200.0,7801,,0,35,0,0
6330.1,6360.1,RM_C10480,ramp,FW_W,10480,,8,0,0.0,129,0,0,0,0,0
6330.1,6360.1,RM_C10482,ramp,FW_W,10482,,10,14,1680.0,3182,17,0,0,0,0
6330.1,6360.1,RM_C10646,ramp,FW_W,10646,,18,0,0.0,321,0,0,0,0,0
6330.1,6360.1,RM_C10644,ramp,FW_W,10644,,22,2,240.0,685,6,0,0,0,0
6330.1,6360.1,RM_C10639,ramp,FW_E,10639,,10,0,0.0,681,3,0,0,0,0
6330.1,6360.1,RM_C10681,ramp,FW_E,10681,,12,8,960.0,1717,28,0,0,0,0
6330.1,6360.1,RM_C10490,ramp,FW_E,10490,,21,3,360.0,1089,3,0,0,0,0
6330.1,6360.1,RM_C10484,ramp,FW_E,10484,,23,1,120.0,880,5,0,0,0,0
6330.1,6360.1,OR_D_E_signal,offramp,FW_E,10481,18,,0,0.0,487,0,0,0,0,0
6330.1,6360.1,OR_D_E_direct,offramp,FW_E,10483,20,,10,1200.0,1907,3,0,0,0,0
6330.1,6360.1,OR_D_W_signal,offramp,FW_W,10491,9,,5,600.0,1432,1,0,0,0,0
6330.1,6360.1,OR_D_W_direct,offramp,FW_W,10479,7,,5,600.0,1416,2,0,0,0,0
6330.1,6360.1,OR_F_E_signal,offramp,FW_E,10643,9,,5,600.0,1071,0,0,0,0,0
6330.1,6360.1,OR_F_E_direct,offramp,FW_E,10682,11,,13,1560.0,2131,2,0,0,0,0
6330.1,6360.1,OR_F_W_signal,offramp,FW_W,10638,19,,5,600.0,957,3,0,0,0,0
6330.1,6360.1,OR_F_W_direct,offramp,FW_W,10645,16,,8,960.0,1893,2,0,0,0,0
6330.1,6360.1,source_1098,source,FW_E,,,0,65,7800.0,13274,,0,65,0,0
6330.1,6360.1,source_1099,source,FW_W,,,0,45,5400.0,7846,,0,45,0,0
6360.1,6390.1,RM_C10480,ramp,FW_W,10480,,8,0,0.0,129,1,0,0,0,0
6360.1,6390.1,RM_C10482,ramp,FW_W,10482,,10,14,1680.0,3196,10,0,0,0,0
6360.1,6390.1,RM_C10646,ramp,FW_W,10646,,18,0,0.0,321,1,0,0,0,0
6360.1,6390.1,RM_C10644,ramp,FW_W,10644,,22,0,0.0,685,8,0,0,0,0
6360.1,6390.1,RM_C10639,ramp,FW_E,10639,,10,3,360.0,684,1,0,0,0,0
6360.1,6390.1,RM_C10681,ramp,FW_E,10681,,12,8,960.0,1725,25,0,0,0,0
6360.1,6390.1,RM_C10490,ramp,FW_E,10490,,21,3,360.0,1092,2,0,0,0,0
6360.1,6390.1,RM_C10484,ramp,FW_E,10484,,23,2,240.0,882,4,0,0,0,0
6360.1,6390.1,OR_D_E_signal,offramp,FW_E,10481,18,,1,120.0,488,0,0,0,0,0
6360.1,6390.1,OR_D_E_direct,offramp,FW_E,10483,20,,15,1800.0,1922,2,0,0,0,0
6360.1,6390.1,OR_D_W_signal,offramp,FW_W,10491,9,,9,1080.0,1441,2,0,0,0,0
6360.1,6390.1,OR_D_W_direct,offramp,FW_W,10479,7,,2,240.0,1418,0,0,0,0,0
6360.1,6390.1,OR_F_E_signal,offramp,FW_E,10643,9,,5,600.0,1076,1,0,0,0,0
6360.1,6390.1,OR_F_E_direct,offramp,FW_E,10682,11,,12,1440.0,2143,5,0,0,0,0
6360.1,6390.1,OR_F_W_signal,offramp,FW_W,10638,19,,4,480.0,961,3,0,0,0,0
6360.1,6390.1,OR_F_W_direct,offramp,FW_W,10645,16,,3,360.0,1896,1,0,0,0,0
6360.1,6390.1,source_1098,source,FW_E,,,0,65,7800.0,13339,,0,65,0,0
6360.1,6390.1,source_1099,source,FW_W,,,0,50,6000.0,7896,,0,50,0,0
6390.1,6420.1,RM_C10480,ramp,FW_W,10480,,8,0,0.0,129,0,0,0,0,0
6390.1,6420.1,RM_C10482,ramp,FW_W,10482,,10,7,840.0,3203,9,0,0,0,0
6390.1,6420.1,RM_C10646,ramp,FW_W,10646,,18,1,120.0,322,5,0,0,0,0
6390.1,6420.1,RM_C10644,ramp,FW_W,10644,,22,5,600.0,690,12,0,0,0,0
6390.1,6420.1,RM_C10639,ramp,FW_E,10639,,10,0,0.0,684,5,0,0,0,0
6390.1,6420.1,RM_C10681,ramp,FW_E,10681,,12,5,600.0,1730,39,0,0,0,0
6390.1,6420.1,RM_C10490,ramp,FW_E,10490,,21,0,0.0,1092,8,0,0,0,0
6390.1,6420.1,RM_C10484,ramp,FW_E,10484,,23,4,480.0,886,7,0,0,0,0
6390.1,6420.1,OR_D_E_signal,offramp,FW_E,10481,18,,3,360.0,491,0,0,0,0,0
6390.1,6420.1,OR_D_E_direct,offramp,FW_E,10483,20,,9,1080.0,1931,1,0,0,0,0
6390.1,6420.1,OR_D_W_signal,offramp,FW_W,10491,9,,10,1200.0,1451,2,0,0,0,0
6390.1,6420.1,OR_D_W_direct,offramp,FW_W,10479,7,,6,720.0,1424,3,0,0,0,0
6390.1,6420.1,OR_F_E_signal,offramp,FW_E,10643,9,,5,600.0,1081,2,0,0,0,0
6390.1,6420.1,OR_F_E_direct,offramp,FW_E,10682,11,,11,1320.0,2154,3,0,0,0,0
6390.1,6420.1,OR_F_W_signal,offramp,FW_W,10638,19,,4,480.0,965,2,0,0,0,0
6390.1,6420.1,OR_F_W_direct,offramp,FW_W,10645,16,,8,960.0,1904,0,0,0,0,0
6390.1,6420.1,source_1098,source,FW_E,,,0,60,7200.0,13399,,0,60,0,0
6390.1,6420.1,source_1099,source,FW_W,,,0,24,2880.0,7920,,0,24,0,0
6420.1,6450.1,RM_C10480,ramp,FW_W,10480,,8,0,0.0,129,2,0,0,0,0
6420.1,6450.1,RM_C10482,ramp,FW_W,10482,,10,5,600.0,3208,14,0,0,0,0
6420.1,6450.1,RM_C10646,ramp,FW_W,10646,,18,3,360.0,325,5,0,0,0,0
6420.1,6450.1,RM_C10644,ramp,FW_W,10644,,22,1,120.0,691,14,0,0,0,0
6420.1,6450.1,RM_C10639,ramp,FW_E,10639,,10,3,360.0,687,8,0,0,0,0
6420.1,6450.1,RM_C10681,ramp,FW_E,10681,,12,7,840.0,1737,45,0,0,0,0
6420.1,6450.1,RM_C10490,ramp,FW_E,10490,,21,5,600.0,1097,6,0,0,0,0
6420.1,6450.1,RM_C10484,ramp,FW_E,10484,,23,4,480.0,890,10,0,0,0,0
6420.1,6450.1,OR_D_E_signal,offramp,FW_E,10481,18,,1,120.0,492,1,0,0,0,0
6420.1,6450.1,OR_D_E_direct,offramp,FW_E,10483,20,,5,600.0,1936,3,0,0,0,0
6420.1,6450.1,OR_D_W_signal,offramp,FW_W,10491,9,,7,840.0,1458,3,0,0,0,0
6420.1,6450.1,OR_D_W_direct,offramp,FW_W,10479,7,,8,960.0,1432,3,0,0,0,0
6420.1,6450.1,OR_F_E_signal,offramp,FW_E,10643,9,,8,960.0,1089,5,0,0,0,0
6420.1,6450.1,OR_F_E_direct,offramp,FW_E,10682,11,,5,600.0,2159,4,0,0,0,0
6420.1,6450.1,OR_F_W_signal,offramp,FW_W,10638,19,,6,720.0,971,3,0,0,0,0
6420.1,6450.1,OR_F_W_direct,offramp,FW_W,10645,16,,9,1080.0,1913,7,0,0,0,0
6420.1,6450.1,source_1098,source,FW_E,,,0,62,7440.0,13461,,0,62,0,0
6420.1,6450.1,source_1099,source,FW_W,,,0,43,5160.0,7963,,0,43,0,0
6450.1,6480.1,RM_C10480,ramp,FW_W,10480,,8,2,240.0,131,0,0,0,0,0
6450.1,6480.1,RM_C10482,ramp,FW_W,10482,,10,6,720.0,3214,22,0,0,0,0
6450.1,6480.1,RM_C10646,ramp,FW_W,10646,,18,4,480.0,329,7,0,0,0,0
6450.1,6480.1,RM_C10644,ramp,FW_W,10644,,22,5,600.0,696,10,0,0,0,0
6450.1,6480.1,RM_C10639,ramp,FW_E,10639,,10,4,480.0,691,8,0,0,0,0
6450.1,6480.1,RM_C10681,ramp,FW_E,10681,,12,12,1440.0,1749,36,0,0,0,0
6450.1,6480.1,RM_C10490,ramp,FW_E,10490,,21,6,720.0,1103,5,0,0,0,0
6450.1,6480.1,RM_C10484,ramp,FW_E,10484,,23,8,960.0,898,2,0,0,0,0
6450.1,6480.1,OR_D_E_signal,offramp,FW_E,10481,18,,2,240.0,494,2,0,0,0,0
6450.1,6480.1,OR_D_E_direct,offramp,FW_E,10483,20,,10,1200.0,1946,8,0,0,0,0
6450.1,6480.1,OR_D_W_signal,offramp,FW_W,10491,9,,8,960.0,1466,3,0,0,0,0
6450.1,6480.1,OR_D_W_direct,offramp,FW_W,10479,7,,8,960.0,1440,2,0,0,0,0
6450.1,6480.1,OR_F_E_signal,offramp,FW_E,10643,9,,9,1080.0,1098,5,0,0,0,0
6450.1,6480.1,OR_F_E_direct,offramp,FW_E,10682,11,,11,1320.0,2170,6,0,0,0,0
6450.1,6480.1,OR_F_W_signal,offramp,FW_W,10638,19,,6,720.0,977,5,0,0,0,0
6450.1,6480.1,OR_F_W_direct,offramp,FW_W,10645,16,,5,600.0,1918,4,0,0,0,0
6450.1,6480.1,source_1098,source,FW_E,,,0,59,7080.0,13520,,0,59,0,0
6450.1,6480.1,source_1099,source,FW_W,,,0,26,3120.0,7989,,0,26,0,0
6480.1,6510.1,RM_C10480,ramp,FW_W,10480,,8,0,0.0,131,0,0,0,0,0
6480.1,6510.1,RM_C10482,ramp,FW_W,10482,,10,18,2160.0,3232,13,0,0,0,0
6480.1,6510.1,RM_C10646,ramp,FW_W,10646,,18,4,480.0,333,0,0,0,0,0
6480.1,6510.1,RM_C10644,ramp,FW_W,10644,,22,7,840.0,703,10,0,0,0,0
6480.1,6510.1,RM_C10639,ramp,FW_E,10639,,10,7,840.0,698,3,0,0,0,0
6480.1,6510.1,RM_C10681,ramp,FW_E,10681,,12,5,600.0,1754,31,0,0,0,0
6480.1,6510.1,RM_C10490,ramp,FW_E,10490,,21,5,600.0,1108,2,0,0,0,0
6480.1,6510.1,RM_C10484,ramp,FW_E,10484,,23,2,240.0,900,1,0,0,0,0
6480.1,6510.1,OR_D_E_signal,offramp,FW_E,10481,18,,3,360.0,497,0,0,0,0,0
6480.1,6510.1,OR_D_E_direct,offramp,FW_E,10483,20,,12,1440.0,1958,2,0,0,0,0
6480.1,6510.1,OR_D_W_signal,offramp,FW_W,10491,9,,7,840.0,1473,4,0,0,0,0
6480.1,6510.1,OR_D_W_direct,offramp,FW_W,10479,7,,6,720.0,1446,1,0,0,0,0
6480.1,6510.1,OR_F_E_signal,offramp,FW_E,10643,9,,7,840.0,1105,4,0,0,0,0
6480.1,6510.1,OR_F_E_direct,offramp,FW_E,10682,11,,8,960.0,2178,4,0,0,0,0
6480.1,6510.1,OR_F_W_signal,offramp,FW_W,10638,19,,7,840.0,984,3,0,0,0,0
6480.1,6510.1,OR_F_W_direct,offramp,FW_W,10645,16,,5,600.0,1923,0,0,0,0,0
6480.1,6510.1,source_1098,source,FW_E,,,0,75,9000.0,13595,,0,75,0,0
6480.1,6510.1,source_1099,source,FW_W,,,0,30,3600.0,8019,,0,30,0,0
6510.1,6540.1,RM_C10480,ramp,FW_W,10480,,8,0,0.0,131,0,0,0,0,0
6510.1,6540.1,RM_C10482,ramp,FW_W,10482,,10,13,1560.0,3245,19,0,0,0,0
6510.1,6540.1,RM_C10646,ramp,FW_W,10646,,18,0,0.0,333,1,0,0,0,0
6510.1,6540.1,RM_C10644,ramp,FW_W,10644,,22,3,360.0,706,7,0,0,0,0
6510.1,6540.1,RM_C10639,ramp,FW_E,10639,,10,3,360.0,701,1,0,0,0,0
6510.1,6540.1,RM_C10681,ramp,FW_E,10681,,12,6,720.0,1760,34,0,0,0,0
6510.1,6540.1,RM_C10490,ramp,FW_E,10490,,21,2,240.0,1110,2,0,0,0,0
6510.1,6540.1,RM_C10484,ramp,FW_E,10484,,23,0,0.0,900,6,0,0,0,0
6510.1,6540.1,OR_D_E_signal,offramp,FW_E,10481,18,,3,360.0,500,0,0,0,0,0
6510.1,6540.1,OR_D_E_direct,offramp,FW_E,10483,20,,5,600.0,1963,5,0,0,0,0
6510.1,6540.1,OR_D_W_signal,offramp,FW_W,10491,9,,9,1080.0,1482,3,0,0,0,0
6510.1,6540.1,OR_D_W_direct,offramp,FW_W,10479,7,,7,840.0,1453,2,0,0,0,0
6510.1,6540.1,OR_F_E_signal,offramp,FW_E,10643,9,,3,360.0,1108,1,0,0,0,0
6510.1,6540.1,OR_F_E_direct,offramp,FW_E,10682,11,,7,840.0,2185,3,0,0,0,0
6510.1,6540.1,OR_F_W_signal,offramp,FW_W,10638,19,,4,480.0,988,0,0,0,0,0
6510.1,6540.1,OR_F_W_direct,offramp,FW_W,10645,16,,11,1320.0,1934,4,0,0,0,0
6510.1,6540.1,source_1098,source,FW_E,,,0,68,8160.0,13663,,0,68,0,0
6510.1,6540.1,source_1099,source,FW_W,,,0,39,4680.0,8058,,0,39,0,0
6540.1,6570.1,RM_C10480,ramp,FW_W,10480,,8,0,0.0,131,0,0,0,0,0
6540.1,6570.1,RM_C10482,ramp,FW_W,10482,,10,6,720.0,3251,26,0,0,0,0
6540.1,6570.1,RM_C10646,ramp,FW_W,10646,,18,1,120.0,334,5,0,0,0,0
6540.1,6570.1,RM_C10644,ramp,FW_W,10644,,22,0,0.0,706,9,0,0,0,0
6540.1,6570.1,RM_C10639,ramp,FW_E,10639,,10,0,0.0,701,1,0,0,0,0
6540.1,6570.1,RM_C10681,ramp,FW_E,10681,,12,7,840.0,1767,46,0,0,0,0
6540.1,6570.1,RM_C10490,ramp,FW_E,10490,,21,2,240.0,1112,3,0,0,0,0
6540.1,6570.1,RM_C10484,ramp,FW_E,10484,,23,3,360.0,903,8,0,0,0,0
6540.1,6570.1,OR_D_E_signal,offramp,FW_E,10481,18,,2,240.0,502,2,0,0,0,0
6540.1,6570.1,OR_D_E_direct,offramp,FW_E,10483,20,,8,960.0,1971,5,0,0,0,0
6540.1,6570.1,OR_D_W_signal,offramp,FW_W,10491,9,,5,600.0,1487,3,0,0,0,0
6540.1,6570.1,OR_D_W_direct,offramp,FW_W,10479,7,,7,840.0,1460,2,0,0,0,0
6540.1,6570.1,OR_F_E_signal,offramp,FW_E,10643,9,,3,360.0,1111,0,0,0,0,0
6540.1,6570.1,OR_F_E_direct,offramp,FW_E,10682,11,,9,1080.0,2194,6,0,0,0,0
6540.1,6570.1,OR_F_W_signal,offramp,FW_W,10638,19,,2,240.0,990,1,0,0,0,0
6540.1,6570.1,OR_F_W_direct,offramp,FW_W,10645,16,,7,840.0,1941,3,0,0,0,0
6540.1,6570.1,source_1098,source,FW_E,,,0,67,8040.0,13730,,0,67,0,0
6540.1,6570.1,source_1099,source,FW_W,,,0,27,3240.0,8085,,0,27,0,0
6570.1,6600.1,RM_C10480,ramp,FW_W,10480,,8,0,0.0,131,5,0,0,0,0
6570.1,6600.1,RM_C10482,ramp,FW_W,10482,,10,23,2760.0,3274,17,0,0,0,0
6570.1,6600.1,RM_C10646,ramp,FW_W,10646,,18,3,360.0,337,6,0,0,0,0
6570.1,6600.1,RM_C10644,ramp,FW_W,10644,,22,0,0.0,706,10,0,0,0,0
6570.1,6600.1,RM_C10639,ramp,FW_E,10639,,10,1,120.0,702,4,0,0,0,0
6570.1,6600.1,RM_C10681,ramp,FW_E,10681,,12,7,840.0,1774,51,0,0,0,0
6570.1,6600.1,RM_C10490,ramp,FW_E,10490,,21,3,360.0,1115,1,0,0,0,0
6570.1,6600.1,RM_C10484,ramp,FW_E,10484,,23,6,720.0,909,9,0,0,0,0
6570.1,6600.1,OR_D_E_signal,offramp,FW_E,10481,18,,0,0.0,502,0,0,0,0,0
6570.1,6600.1,OR_D_E_direct,offramp,FW_E,10483,20,,6,720.0,1977,4,0,0,0,0
6570.1,6600.1,OR_D_W_signal,offramp,FW_W,10491,9,,7,840.0,1494,3,0,0,0,0
6570.1,6600.1,OR_D_W_direct,offramp,FW_W,10479,7,,5,600.0,1465,1,0,0,0,0
6570.1,6600.1,OR_F_E_signal,offramp,FW_E,10643,9,,5,600.0,1116,5,0,0,0,0
6570.1,6600.1,OR_F_E_direct,offramp,FW_E,10682,11,,11,1320.0,2205,7,0,0,0,0
6570.1,6600.1,OR_F_W_signal,offramp,FW_W,10638,19,,7,840.0,997,3,0,0,0,0
6570.1,6600.1,OR_F_W_direct,offramp,FW_W,10645,16,,10,1200.0,1951,6,0,0,0,0
6570.1,6600.1,source_1098,source,FW_E,,,0,63,7560.0,13793,,0,63,0,0
6570.1,6600.1,source_1099,source,FW_W,,,0,40,4800.0,8125,,0,40,0,0
6600.1,6630.1,RM_C10480,ramp,FW_W,10480,,8,1,120.0,132,0,0,0,0,0
6600.1,6630.1,RM_C10482,ramp,FW_W,10482,,10,12,1440.0,3286,15,0,0,0,0
6600.1,6630.1,RM_C10646,ramp,FW_W,10646,,18,3,360.0,340,1,0,0,0,0
6600.1,6630.1,RM_C10644,ramp,FW_W,10644,,22,8,960.0,714,3,0,0,0,0
6600.1,6630.1,RM_C10639,ramp,FW_E,10639,,10,0,0.0,702,8,0,0,0,0
6600.1,6630.1,RM_C10681,ramp,FW_E,10681,,12,8,960.0,1782,43,0,0,0,0
6600.1,6630.1,RM_C10490,ramp,FW_E,10490,,21,1,120.0,1116,6,0,0,0,0
6600.1,6630.1,RM_C10484,ramp,FW_E,10484,,23,10,1200.0,919,2,0,0,0,0
6600.1,6630.1,OR_D_E_signal,offramp,FW_E,10481,18,,1,120.0,503,1,0,0,0,0
6600.1,6630.1,OR_D_E_direct,offramp,FW_E,10483,20,,13,1560.0,1990,3,0,0,0,0
6600.1,6630.1,OR_D_W_signal,offramp,FW_W,10491,9,,6,720.0,1500,4,0,0,0,0
6600.1,6630.1,OR_D_W_direct,offramp,FW_W,10479,7,,11,1320.0,1476,5,0,0,0,0
6600.1,6630.1,OR_F_E_signal,offramp,FW_E,10643,9,,1,120.0,1117,1,0,0,0,0
6600.1,6630.1,OR_F_E_direct,offramp,FW_E,10682,11,,15,1800.0,2220,6,0,0,0,0
6600.1,6630.1,OR_F_W_signal,offramp,FW_W,10638,19,,6,720.0,1003,1,0,0,0,0
6600.1,6630.1,OR_F_W_direct,offramp,FW_W,10645,16,,5,600.0,1956,3,0,0,0,0
6600.1,6630.1,source_1098,source,FW_E,,,0,62,7440.0,13855,,0,62,0,0
6600.1,6630.1,source_1099,source,FW_W,,,0,46,5520.0,8171,,0,46,0,0
6630.1,6660.1,RM_C10480,ramp,FW_W,10480,,8,0,0.0,132,0,0,0,0,0
6630.1,6660.1,RM_C10482,ramp,FW_W,10482,,10,10,1200.0,3296,13,0,0,0,0
6630.1,6660.1,RM_C10646,ramp,FW_W,10646,,18,0,0.0,340,0,0,0,0,0
6630.1,6660.1,RM_C10644,ramp,FW_W,10644,,22,2,240.0,716,1,0,0,0,0
6630.1,6660.1,RM_C10639,ramp,FW_E,10639,,10,8,960.0,710,2,0,0,0,0
6630.1,6660.1,RM_C10681,ramp,FW_E,10681,,12,7,840.0,1789,36,0,0,0,0
6630.1,6660.1,RM_C10490,ramp,FW_E,10490,,21,7,840.0,1123,4,0,0,0,0
6630.1,6660.1,RM_C10484,ramp,FW_E,10484,,23,2,240.0,921,1,0,0,0,0
6630.1,6660.1,OR_D_E_signal,offramp,FW_E,10481,18,,8,960.0,511,8,0,0,0,0
6630.1,6660.1,OR_D_E_direct,offramp,FW_E,10483,20,,9,1080.0,1999,4,0,0,0,0
6630.1,6660.1,OR_D_W_signal,offramp,FW_W,10491,9,,6,720.0,1506,2,0,0,0,0
6630.1,6660.1,OR_D_W_direct,offramp,FW_W,10479,7,,5,600.0,1481,1,0,0,0,0
6630.1,6660.1,OR_F_E_signal,offramp,FW_E,10643,9,,4,480.0,1121,2,0,0,0,0
6630.1,6660.1,OR_F_E_direct,offramp,FW_E,10682,11,,10,1200.0,2230,5,0,0,0,0
6630.1,6660.1,OR_F_W_signal,offramp,FW_W,10638,19,,2,240.0,1005,0,0,0,0,0
6630.1,6660.1,OR_F_W_direct,offramp,FW_W,10645,16,,11,1320.0,1967,4,0,0,0,0
6630.1,6660.1,source_1098,source,FW_E,,,0,64,7680.0,13919,,0,64,0,0
6630.1,6660.1,source_1099,source,FW_W,,,0,28,3360.0,8199,,0,28,0,0
6660.1,6690.1,RM_C10480,ramp,FW_W,10480,,8,0,0.0,132,0,0,0,0,0
6660.1,6690.1,RM_C10482,ramp,FW_W,10482,,10,9,1080.0,3305,12,0,0,0,0
6660.1,6690.1,RM_C10646,ramp,FW_W,10646,,18,0,0.0,340,0,0,0,0,0
6660.1,6690.1,RM_C10644,ramp,FW_W,10644,,22,1,120.0,717,1,0,0,0,0
6660.1,6690.1,RM_C10639,ramp,FW_E,10639,,10,2,240.0,712,0,0,0,0,0
6660.1,6690.1,RM_C10681,ramp,FW_E,10681,,12,7,840.0,1796,36,0,0,0,0
6660.1,6690.1,RM_C10490,ramp,FW_E,10490,,21,4,480.0,1127,5,0,0,0,0
6660.1,6690.1,RM_C10484,ramp,FW_E,10484,,23,1,120.0,922,5,0,0,0,0
6660.1,6690.1,OR_D_E_signal,offramp,FW_E,10481,18,,5,600.0,516,4,0,0,0,0
6660.1,6690.1,OR_D_E_direct,offramp,FW_E,10483,20,,13,1560.0,2012,9,0,0,0,0
6660.1,6690.1,OR_D_W_signal,offramp,FW_W,10491,9,,4,480.0,1510,1,0,0,0,0
6660.1,6690.1,OR_D_W_direct,offramp,FW_W,10479,7,,7,840.0,1488,3,0,0,0,0
6660.1,6690.1,OR_F_E_signal,offramp,FW_E,10643,9,,6,720.0,1127,3,0,0,0,0
6660.1,6690.1,OR_F_E_direct,offramp,FW_E,10682,11,,8,960.0,2238,6,0,0,0,0
6660.1,6690.1,OR_F_W_signal,offramp,FW_W,10638,19,,2,240.0,1007,0,0,0,0,0
6660.1,6690.1,OR_F_W_direct,offramp,FW_W,10645,16,,5,600.0,1972,2,0,0,0,0
6660.1,6690.1,source_1098,source,FW_E,,,0,61,7320.0,13980,,0,61,0,0
6660.1,6690.1,source_1099,source,FW_W,,,0,40,4800.0,8239,,0,40,0,0
6690.1,6720.1,RM_C10480,ramp,FW_W,10480,,8,0,0.0,132,1,0,0,0,0
6690.1,6720.1,RM_C10482,ramp,FW_W,10482,,10,9,1080.0,3314,10,0,0,0,0
6690.1,6720.1,RM_C10646,ramp,FW_W,10646,,18,0,0.0,340,3,0,0,0,0
6690.1,6720.1,RM_C10644,ramp,FW_W,10644,,22,0,0.0,717,6,0,0,0,0
6690.1,6720.1,RM_C10639,ramp,FW_E,10639,,10,0,0.0,712,4,0,0,0,0
6690.1,6720.1,RM_C10681,ramp,FW_E,10681,,12,8,960.0,1804,43,0,0,0,0
6690.1,6720.1,RM_C10490,ramp,FW_E,10490,,21,5,600.0,1132,7,0,0,0,0
6690.1,6720.1,RM_C10484,ramp,FW_E,10484,,23,1,120.0,923,9,0,0,0,0
6690.1,6720.1,OR_D_E_signal,offramp,FW_E,10481,18,,6,720.0,522,0,0,0,0,0
6690.1,6720.1,OR_D_E_direct,offramp,FW_E,10483,20,,10,1200.0,2022,6,0,0,0,0
6690.1,6720.1,OR_D_W_signal,offramp,FW_W,10491,9,,12,1440.0,1522,2,0,0,0,0
6690.1,6720.1,OR_D_W_direct,offramp,FW_W,10479,7,,5,600.0,1493,2,0,0,0,0
6690.1,6720.1,OR_F_E_signal,offramp,FW_E,10643,9,,5,600.0,1132,1,0,0,0,0
6690.1,6720.1,OR_F_E_direct,offramp,FW_E,10682,11,,17,2040.0,2255,8,0,0,0,0
6690.1,6720.1,OR_F_W_signal,offramp,FW_W,10638,19,,0,0.0,1007,0,0,0,0,0
6690.1,6720.1,OR_F_W_direct,offramp,FW_W,10645,16,,7,840.0,1979,2,0,0,0,0
6690.1,6720.1,source_1098,source,FW_E,,,0,64,7680.0,14044,,0,64,0,0
6690.1,6720.1,source_1099,source,FW_W,,,0,29,3480.0,8268,,0,29,0,0
6720.1,6750.1,RM_C10480,ramp,FW_W,10480,,8,1,120.0,133,0,0,0,0,0
6720.1,6750.1,RM_C10482,ramp,FW_W,10482,,10,8,960.0,3322,11,0,0,0,0
6720.1,6750.1,RM_C10646,ramp,FW_W,10646,,18,1,120.0,341,9,0,0,0,0
6720.1,6750.1,RM_C10644,ramp,FW_W,10644,,22,0,0.0,717,7,0,0,0,0
6720.1,6750.1,RM_C10639,ramp,FW_E,10639,,10,2,240.0,714,7,0,0,0,0
6720.1,6750.1,RM_C10681,ramp,FW_E,10681,,12,10,1200.0,1814,45,0,0,0,0
6720.1,6750.1,RM_C10490,ramp,FW_E,10490,,21,7,840.0,1139,2,0,0,0,0
6720.1,6750.1,RM_C10484,ramp,FW_E,10484,,23,5,600.0,928,9,0,0,0,0
6720.1,6750.1,OR_D_E_signal,offramp,FW_E,10481,18,,0,0.0,522,0,0,0,0,0
6720.1,6750.1,OR_D_E_direct,offramp,FW_E,10483,20,,3,360.0,2025,2,0,0,0,0
6720.1,6750.1,OR_D_W_signal,offramp,FW_W,10491,9,,5,600.0,1527,1,0,0,0,0
6720.1,6750.1,OR_D_W_direct,offramp,FW_W,10479,7,,6,720.0,1499,1,0,0,0,0
6720.1,6750.1,OR_F_E_signal,offramp,FW_E,10643,9,,8,960.0,1140,3,0,0,0,0
6720.1,6750.1,OR_F_E_direct,offramp,FW_E,10682,11,,3,360.0,2258,3,0,0,0,0
6720.1,6750.1,OR_F_W_signal,offramp,FW_W,10638,19,,3,360.0,1010,1,0,0,0,0
6720.1,6750.1,OR_F_W_direct,offramp,FW_W,10645,16,,12,1440.0,1991,4,0,0,0,0
6720.1,6750.1,source_1098,source,FW_E,,,0,51,6120.0,14095,,0,51,0,0
6720.1,6750.1,source_1099,source,FW_W,,,0,25,3000.0,8293,,0,25,0,0
6750.1,6780.1,RM_C10480,ramp,FW_W,10480,,8,0,0.0,133,0,0,0,0,0
6750.1,6780.1,RM_C10482,ramp,FW_W,10482,,10,9,1080.0,3331,12,0,0,0,0
6750.1,6780.1,RM_C10646,ramp,FW_W,10646,,18,5,600.0,346,3,0,0,0,0
6750.1,6780.1,RM_C10644,ramp,FW_W,10644,,22,1,120.0,718,6,0,0,0,0
6750.1,6780.1,RM_C10639,ramp,FW_E,10639,,10,4,480.0,718,5,0,0,0,0
6750.1,6780.1,RM_C10681,ramp,FW_E,10681,,12,9,1080.0,1823,36,0,0,0,0
6750.1,6780.1,RM_C10490,ramp,FW_E,10490,,21,4,480.0,1143,4,0,0,0,0
6750.1,6780.1,RM_C10484,ramp,FW_E,10484,,23,8,960.0,936,3,0,0,0,0
6750.1,6780.1,OR_D_E_signal,offramp,FW_E,10481,18,,3,360.0,525,2,0,0,0,0
6750.1,6780.1,OR_D_E_direct,offramp,FW_E,10483,20,,9,1080.0,2034,0,0,0,0,0
6750.1,6780.1,OR_D_W_signal,offramp,FW_W,10491,9,,7,840.0,1534,4,0,0,0,0
6750.1,6780.1,OR_D_W_direct,offramp,FW_W,10479,7,,7,840.0,1506,2,0,0,0,0
6750.1,6780.1,OR_F_E_signal,offramp,FW_E,10643,9,,5,600.0,1145,4,0,0,0,0
6750.1,6780.1,OR_F_E_direct,offramp,FW_E,10682,11,,7,840.0,2265,2,0,0,0,0
6750.1,6780.1,OR_F_W_signal,offramp,FW_W,10638,19,,7,840.0,1017,2,0,0,0,0
6750.1,6780.1,OR_F_W_direct,offramp,FW_W,10645,16,,12,1440.0,2003,4,0,0,0,0
6750.1,6780.1,source_1098,source,FW_E,,,0,39,4680.0,14134,,0,39,0,0
6750.1,6780.1,source_1099,source,FW_W,,,0,48,5760.0,8341,,0,48,0,0
6780.1,6810.1,RM_C10480,ramp,FW_W,10480,,8,0,0.0,133,0,0,0,0,0
6780.1,6810.1,RM_C10482,ramp,FW_W,10482,,10,10,1200.0,3341,12,0,0,0,0
6780.1,6810.1,RM_C10646,ramp,FW_W,10646,,18,1,120.0,347,0,0,0,0,0
6780.1,6810.1,RM_C10644,ramp,FW_W,10644,,22,6,720.0,724,2,0,0,0,0
6780.1,6810.1,RM_C10639,ramp,FW_E,10639,,10,5,600.0,723,0,0,0,0,0
6780.1,6810.1,RM_C10681,ramp,FW_E,10681,,12,7,840.0,1830,29,0,0,0,0
6780.1,6810.1,RM_C10490,ramp,FW_E,10490,,21,6,720.0,1149,1,0,0,0,0
6780.1,6810.1,RM_C10484,ramp,FW_E,10484,,23,3,360.0,939,2,0,0,0,0
6780.1,6810.1,OR_D_E_signal,offramp,FW_E,10481,18,,3,360.0,528,0,0,0,0,0
6780.1,6810.1,OR_D_E_direct,offramp,FW_E,10483,20,,15,1800.0,2049,3,0,0,0,0
6780.1,6810.1,OR_D_W_signal,offramp,FW_W,10491,9,,7,840.0,1541,1,0,0,0,0
6780.1,6810.1,OR_D_W_direct,offramp,FW_W,10479,7,,7,840.0,1513,2,0,0,0,0
6780.1,6810.1,OR_F_E_signal,offramp,FW_E,10643,9,,6,720.0,1151,1,0,0,0,0
6780.1,6810.1,OR_F_E_direct,offramp,FW_E,10682,11,,5,600.0,2270,2,0,0,0,0
6780.1,6810.1,OR_F_W_signal,offramp,FW_W,10638,19,,3,360.0,1020,0,0,0,0,0
6780.1,6810.1,OR_F_W_direct,offramp,FW_W,10645,16,,8,960.0,2011,4,0,0,0,0
6780.1,6810.1,source_1098,source,FW_E,,,0,46,5520.0,14180,,0,46,0,0
6780.1,6810.1,source_1099,source,FW_W,,,0,23,2760.0,8364,,0,23,0,0
6810.1,6840.1,RM_C10480,ramp,FW_W,10480,,8,0,0.0,133,0,0,0,0,0
6810.1,6840.1,RM_C10482,ramp,FW_W,10482,,10,7,840.0,3348,15,0,0,0,0
6810.1,6840.1,RM_C10646,ramp,FW_W,10646,,18,0,0.0,347,0,0,0,0,0
6810.1,6840.1,RM_C10644,ramp,FW_W,10644,,22,0,0.0,724,6,0,0,0,0
6810.1,6840.1,RM_C10639,ramp,FW_E,10639,,10,0,0.0,723,6,0,0,0,0
6810.1,6840.1,RM_C10681,ramp,FW_E,10681,,12,6,720.0,1836,35,0,0,0,0
6810.1,6840.1,RM_C10490,ramp,FW_E,10490,,21,1,120.0,1150,4,0,0,0,0
6810.1,6840.1,RM_C10484,ramp,FW_E,10484,,23,2,240.0,941,1,0,0,0,0
6810.1,6840.1,OR_D_E_signal,offramp,FW_E,10481,18,,1,120.0,529,1,0,0,0,0
6810.1,6840.1,OR_D_E_direct,offramp,FW_E,10483,20,,11,1320.0,2060,5,0,0,0,0
6810.1,6840.1,OR_D_W_signal,offramp,FW_W,10491,9,,6,720.0,1547,0,0,0,0,0
6810.1,6840.1,OR_D_W_direct,offramp,FW_W,10479,7,,8,960.0,1521,3,0,0,0,0
6810.1,6840.1,OR_F_E_signal,offramp,FW_E,10643,9,,2,240.0,1153,1,0,0,0,0
6810.1,6840.1,OR_F_E_direct,offramp,FW_E,10682,11,,17,2040.0,2287,7,0,0,0,0
6810.1,6840.1,OR_F_W_signal,offramp,FW_W,10638,19,,5,600.0,1025,2,0,0,0,0
6810.1,6840.1,OR_F_W_direct,offramp,FW_W,10645,16,,7,840.0,2018,1,0,0,0,0
6810.1,6840.1,source_1098,source,FW_E,,,0,39,4680.0,14219,,0,39,0,0
6810.1,6840.1,source_1099,source,FW_W,,,0,40,4800.0,8404,,0,40,0,0
6840.1,6870.1,RM_C10480,ramp,FW_W,10480,,8,0,0.0,133,0,0,0,0,0
6840.1,6870.1,RM_C10482,ramp,FW_W,10482,,10,11,1320.0,3359,9,0,0,0,0
6840.1,6870.1,RM_C10646,ramp,FW_W,10646,,18,0,0.0,347,2,0,0,0,0
6840.1,6870.1,RM_C10644,ramp,FW_W,10644,,22,1,120.0,725,8,0,0,0,0
6840.1,6870.1,RM_C10639,ramp,FW_E,10639,,10,6,720.0,729,2,0,0,0,0
6840.1,6870.1,RM_C10681,ramp,FW_E,10681,,12,7,840.0,1843,46,0,0,0,0
6840.1,6870.1,RM_C10490,ramp,FW_E,10490,,21,4,480.0,1154,5,0,0,0,0
6840.1,6870.1,RM_C10484,ramp,FW_E,10484,,23,1,120.0,942,6,0,0,0,0
6840.1,6870.1,OR_D_E_signal,offramp,FW_E,10481,18,,3,360.0,532,2,0,0,0,0
6840.1,6870.1,OR_D_E_direct,offramp,FW_E,10483,20,,10,1200.0,2070,0,0,0,0,0
6840.1,6870.1,OR_D_W_signal,offramp,FW_W,10491,9,,6,720.0,1553,0,0,0,0,0
6840.1,6870.1,OR_D_W_direct,offramp,FW_W,10479,7,,11,1320.0,1532,1,0,0,0,0
6840.1,6870.1,OR_F_E_signal,offramp,FW_E,10643,9,,3,360.0,1156,1,0,0,0,0
6840.1,6870.1,OR_F_E_direct,offramp,FW_E,10682,11,,19,2280.0,2306,11,0,0,0,0
6840.1,6870.1,OR_F_W_signal,offramp,FW_W,10638,19,,1,120.0,1026,0,0,0,0,0
6840.1,6870.1,OR_F_W_direct,offramp,FW_W,10645,16,,10,1200.0,2028,4,0,0,0,0
6840.1,6870.1,source_1098,source,FW_E,,,0,47,5640.0,14266,,0,47,0,0
6840.1,6870.1,source_1099,source,FW_W,,,0,29,3480.0,8433,,0,29,0,0
6870.1,6900.1,RM_C10480,ramp,FW_W,10480,,8,0,0.0,133,8,0,0,0,0
6870.1,6900.1,RM_C10482,ramp,FW_W,10482,,10,7,840.0,3366,11,0,0,0,0
6870.1,6900.1,RM_C10646,ramp,FW_W,10646,,18,1,120.0,348,7,0,0,0,0
6870.1,6900.1,RM_C10644,ramp,FW_W,10644,,22,1,120.0,726,7,0,0,0,0
6870.1,6900.1,RM_C10639,ramp,FW_E,10639,,10,2,240.0,731,1,0,0,0,0
6870.1,6900.1,RM_C10681,ramp,FW_E,10681,,12,7,840.0,1850,46,0,0,0,0
6870.1,6900.1,RM_C10490,ramp,FW_E,10490,,21,2,240.0,1156,3,0,0,0,0
6870.1,6900.1,RM_C10484,ramp,FW_E,10484,,23,2,240.0,944,7,0,0,0,0
6870.1,6900.1,OR_D_E_signal,offramp,FW_E,10481,18,,1,120.0,533,1,0,0,0,0
6870.1,6900.1,OR_D_E_direct,offramp,FW_E,10483,20,,9,1080.0,2079,8,0,0,0,0
6870.1,6900.1,OR_D_W_signal,offramp,FW_W,10491,9,,9,1080.0,1562,2,0,0,0,0
6870.1,6900.1,OR_D_W_direct,offramp,FW_W,10479,7,,4,480.0,1536,0,0,0,0,0
6870.1,6900.1,OR_F_E_signal,offramp,FW_E,10643,9,,6,720.0,1162,2,0,0,0,0
6870.1,6900.1,OR_F_E_direct,offramp,FW_E,10682,11,,2,240.0,2308,0,0,0,0,0
6870.1,6900.1,OR_F_W_signal,offramp,FW_W,10638,19,,4,480.0,1030,1,0,0,0,0
6870.1,6900.1,OR_F_W_direct,offramp,FW_W,10645,16,,9,1080.0,2037,3,0,0,0,0
6870.1,6900.1,source_1098,source,FW_E,,,0,59,7080.0,14325,,0,59,0,0
6870.1,6900.1,source_1099,source,FW_W,,,0,30,3600.0,8463,,0,30,0,0
6900.1,6930.1,RM_C10480,ramp,FW_W,10480,,8,7,840.0,140,1,0,0,0,0
6900.1,6930.1,RM_C10482,ramp,FW_W,10482,,10,8,960.0,3374,12,0,0,0,0
6900.1,6930.1,RM_C10646,ramp,FW_W,10646,,18,5,600.0,353,0,0,0,0,0
6900.1,6930.1,RM_C10644,ramp,FW_W,10644,,22,7,840.0,733,3,0,0,0,0
6900.1,6930.1,RM_C10639,ramp,FW_E,10639,,10,1,120.0,732,0,0,0,0,0
6900.1,6930.1,RM_C10681,ramp,FW_E,10681,,12,11,1320.0,1861,35,0,0,0,0
6900.1,6930.1,RM_C10490,ramp,FW_E,10490,,21,3,360.0,1159,2,0,0,0,0
6900.1,6930.1,RM_C10484,ramp,FW_E,10484,,23,6,720.0,950,3,0,0,0,0
6900.1,6930.1,OR_D_E_signal,offramp,FW_E,10481,18,,3,360.0,536,2,0,0,0,0
6900.1,6930.1,OR_D_E_direct,offramp,FW_E,10483,20,,14,1680.0,2093,6,0,0,0,0
6900.1,6930.1,OR_D_W_signal,offramp,FW_W,10491,9,,9,1080.0,1571,3,0,0,0,0
6900.1,6930.1,OR_D_W_direct,offramp,FW_W,10479,7,,6,720.0,1542,2,0,0,0,0
6900.1,6930.1,OR_F_E_signal,offramp,FW_E,10643,9,,8,960.0,1170,2,0,0,0,0
6900.1,6930.1,OR_F_E_direct,offramp,FW_E,10682,11,,8,960.0,2316,3,0,0,0,0
6900.1,6930.1,OR_F_W_signal,offramp,FW_W,10638,19,,5,600.0,1035,3,0,0,0,0
6900.1,6930.1,OR_F_W_direct,offramp,FW_W,10645,16,,3,360.0,2040,0,0,0,0,0
6900.1,6930.1,source_1098,source,FW_E,,,0,60,7200.0,14385,,0,60,0,0
6900.1,6930.1,source_1099,source,FW_W,,,0,40,4800.0,8503,,0,40,0,0
6930.1,6960.1,RM_C10480,ramp,FW_W,10480,,8,0,0.0,140,0,0,0,0,0
6930.1,6960.1,RM_C10482,ramp,FW_W,10482,,10,9,1080.0,3383,11,0,0,0,0
6930.1,6960.1,RM_C10646,ramp,FW_W,10646,,18,0,0.0,353,0,0,0,0,0
6930.1,6960.1,RM_C10644,ramp,FW_W,10644,,22,0,0.0,733,4,0,0,0,0
6930.1,6960.1,RM_C10639,ramp,FW_E,10639,,10,0,0.0,732,0,0,0,0,0
6930.1,6960.1,RM_C10681,ramp,FW_E,10681,,12,7,840.0,1868,28,0,0,0,0
6930.1,6960.1,RM_C10490,ramp,FW_E,10490,,21,2,240.0,1161,0,0,0,0,0
6930.1,6960.1,RM_C10484,ramp,FW_E,10484,,23,3,360.0,953,2,0,0,0,0
6930.1,6960.1,OR_D_E_signal,offramp,FW_E,10481,18,,0,0.0,536,0,0,0,0,0
6930.1,6960.1,OR_D_E_direct,offramp,FW_E,10483,20,,11,1320.0,2104,3,0,0,0,0
6930.1,6960.1,OR_D_W_signal,offramp,FW_W,10491,9,,10,1200.0,1581,2,0,0,0,0
6930.1,6960.1,OR_D_W_direct,offramp,FW_W,10479,7,,8,960.0,1550,1,0,0,0,0
6930.1,6960.1,OR_F_E_signal,offramp,FW_E,10643,9,,6,720.0,1176,3,0,0,0,0
6930.1,6960.1,OR_F_E_direct,offramp,FW_E,10682,11,,18,2160.0,2334,7,0,0,0,0
6930.1,6960.1,OR_F_W_signal,offramp,FW_W,10638,19,,2,240.0,1037,0,0,0,0,0
6930.1,6960.1,OR_F_W_direct,offramp,FW_W,10645,16,,9,1080.0,2049,4,0,0,0,0
6930.1,6960.1,source_1098,source,FW_E,,,0,42,5040.0,14427,,0,42,0,0
6930.1,6960.1,source_1099,source,FW_W,,,0,53,6360.0,8556,,0,53,0,0
6960.1,6990.1,RM_C10480,ramp,FW_W,10480,,8,0,0.0,140,0,0,0,0,0
6960.1,6990.1,RM_C10482,ramp,FW_W,10482,,10,8,960.0,3391,15,0,0,0,0
6960.1,6990.1,RM_C10646,ramp,FW_W,10646,,18,0,0.0,353,0,0,0,0,0
6960.1,6990.1,RM_C10644,ramp,FW_W,10644,,22,0,0.0,733,7,0,0,0,0
6960.1,6990.1,RM_C10639,ramp,FW_E,10639,,10,0,0.0,732,2,0,0,0,0
6960.1,6990.1,RM_C10681,ramp,FW_E,10681,,12,6,720.0,1874,28,0,0,0,0
6960.1,6990.1,RM_C10490,ramp,FW_E,10490,,21,0,0.0,1161,5,0,0,0,0
6960.1,6990.1,RM_C10484,ramp,FW_E,10484,,23,0,0.0,953,4,0,0,0,0
6960.1,6990.1,OR_D_E_signal,offramp,FW_E,10481,18,,2,240.0,538,2,0,0,0,0
6960.1,6990.1,OR_D_E_direct,offramp,FW_E,10483,20,,9,1080.0,2113,7,0,0,0,0
6960.1,6990.1,OR_D_W_signal,offramp,FW_W,10491,9,,8,960.0,1589,1,0,0,0,0
6960.1,6990.1,OR_D_W_direct,offramp,FW_W,10479,7,,6,720.0,1556,1,0,0,0,0
6960.1,6990.1,OR_F_E_signal,offramp,FW_E,10643,9,,4,480.0,1180,1,0,0,0,0
6960.1,6990.1,OR_F_E_direct,offramp,FW_E,10682,11,,11,1320.0,2345,3,0,0,0,0
6960.1,6990.1,OR_F_W_signal,offramp,FW_W,10638,19,,3,360.0,1040,1,0,0,0,0
6960.1,6990.1,OR_F_W_direct,offramp,FW_W,10645,16,,7,840.0,2056,3,0,0,0,0
6960.1,6990.1,source_1098,source,FW_E,,,0,45,5400.0,14472,,0,45,0,0
6960.1,6990.1,source_1099,source,FW_W,,,0,45,5400.0,8601,,0,45,0,0
6990.1,7020.1,RM_C10480,ramp,FW_W,10480,,8,0,0.0,140,0,0,0,0,0
6990.1,7020.1,RM_C10482,ramp,FW_W,10482,,10,10,1200.0,3401,15,0,0,0,0
6990.1,7020.1,RM_C10646,ramp,FW_W,10646,,18,0,0.0,353,4,0,0,0,0
6990.1,7020.1,RM_C10644,ramp,FW_W,10644,,22,3,360.0,736,6,0,0,0,0
6990.1,7020.1,RM_C10639,ramp,FW_E,10639,,10,2,240.0,734,0,0,0,0,0
6990.1,7020.1,RM_C10681,ramp,FW_E,10681,,12,7,840.0,1881,39,0,0,0,0
6990.1,7020.1,RM_C10490,ramp,FW_E,10490,,21,5,600.0,1166,4,0,0,0,0
6990.1,7020.1,RM_C10484,ramp,FW_E,10484,,23,3,360.0,956,4,0,0,0,0
6990.1,7020.1,OR_D_E_signal,offramp,FW_E,10481,18,,5,600.0,543,0,0,0,0,0
6990.1,7020.1,OR_D_E_direct,offramp,FW_E,10483,20,,9,1080.0,2122,6,0,0,0,0
6990.1,7020.1,OR_D_W_signal,offramp,FW_W,10491,9,,9,1080.0,1598,4,0,0,0,0
6990.1,7020.1,OR_D_W_direct,offramp,FW_W,10479,7,,4,480.0,1560,0,0,0,0,0
6990.1,7020.1,OR_F_E_signal,offramp,FW_E,10643,9,,2,240.0,1182,0,0,0,0,0
6990.1,7020.1,OR_F_E_direct,offramp,FW_E,10682,11,,5,600.0,2350,1,0,0,0,0
6990.1,7020.1,OR_F_W_signal,offramp,FW_W,10638,19,,2,240.0,1042,2,0,0,0,0
6990.1,7020.1,OR_F_W_direct,offramp,FW_W,10645,16,,8,960.0,2064,2,0,0,0,0
6990.1,7020.1,source_1098,source,FW_E,,,0,41,4920.0,14513,,0,41,0,0
6990.1,7020.1,source_1099,source,FW_W,,,0,24,2880.0,8625,,0,24,0,0
7020.1,7050.1,RM_C10480,ramp,FW_W,10480,,8,1,120.0,141,1,0,0,0,0
7020.1,7050.1,RM_C10482,ramp,FW_W,10482,,10,7,840.0,3408,18,0,0,0,0
7020.1,7050.1,RM_C10646,ramp,FW_W,10646,,18,1,120.0,354,7,0,0,0,0
7020.1,7050.1,RM_C10644,ramp,FW_W,10644,,22,3,360.0,739,7,0,0,0,0
7020.1,7050.1,RM_C10639,ramp,FW_E,10639,,10,0,0.0,734,1,0,0,0,0
7020.1,7050.1,RM_C10681,ramp,FW_E,10681,,12,11,1320.0,1892,34,0,0,0,0
7020.1,7050.1,RM_C10490,ramp,FW_E,10490,,21,4,480.0,1170,8,0,0,0,0
7020.1,7050.1,RM_C10484,ramp,FW_E,10484,,23,3,360.0,959,8,0,0,0,0
7020.1,7050.1,OR_D_E_signal,offramp,FW_E,10481,18,,9,1080.0,552,5,0,0,0,0
7020.1,7050.1,OR_D_E_direct,offramp,FW_E,10483,20,,10,1200.0,2132,7,0,0,0,0
7020.1,7050.1,OR_D_W_signal,offramp,FW_W,10491,9,,4,480.0,1602,1,0,0,0,0
7020.1,7050.1,OR_D_W_direct,offramp,FW_W,10479,7,,6,720.0,1566,0,0,0,0,0
7020.1,7050.1,OR_F_E_signal,offramp,FW_E,10643,9,,2,240.0,1184,2,0,0,0,0
7020.1,7050.1,OR_F_E_direct,offramp,FW_E,10682,11,,8,960.0,2358,3,0,0,0,0
7020.1,7050.1,OR_F_W_signal,offramp,FW_W,10638,19,,1,120.0,1043,1,0,0,0,0
7020.1,7050.1,OR_F_W_direct,offramp,FW_W,10645,16,,11,1320.0,2075,2,0,0,0,0
7020.1,7050.1,source_1098,source,FW_E,,,0,44,5280.0,14557,,0,44,0,0
7020.1,7050.1,source_1099,source,FW_W,,,0,37,4440.0,8662,,0,37,0,0
7050.1,7080.1,RM_C10480,ramp,FW_W,10480,,8,2,240.0,143,1,0,0,0,0
7050.1,7080.1,RM_C10482,ramp,FW_W,10482,,10,15,1800.0,3423,13,0,0,0,0
7050.1,7080.1,RM_C10646,ramp,FW_W,10646,,18,4,480.0,358,7,0,0,0,0
7050.1,7080.1,RM_C10644,ramp,FW_W,10644,,22,2,240.0,741,5,0,0,0,0
7050.1,7080.1,RM_C10639,ramp,FW_E,10639,,10,1,120.0,735,3,0,0,0,0
7050.1,7080.1,RM_C10681,ramp,FW_E,10681,,12,7,840.0,1899,28,0,0,0,0
7050.1,7080.1,RM_C10490,ramp,FW_E,10490,,21,8,960.0,1178,5,0,0,0,0
7050.1,7080.1,RM_C10484,ramp,FW_E,10484,,23,7,840.0,966,2,0,0,0,0
7050.1,7080.1,OR_D_E_signal,offramp,FW_E,10481,18,,0,0.0,552,0,0,0,0,0
7050.1,7080.1,OR_D_E_direct,offramp,FW_E,10483,20,,10,1200.0,2142,2,0,0,0,0
7050.1,7080.1,OR_D_W_signal,offramp,FW_W,10491,9,,7,840.0,1609,5,0,0,0,0
7050.1,7080.1,OR_D_W_direct,offramp,FW_W,10479,7,,5,600.0,1571,1,0,0,0,0
7050.1,7080.1,OR_F_E_signal,offramp,FW_E,10643,9,,8,960.0,1192,2,0,0,0,0
7050.1,7080.1,OR_F_E_direct,offramp,FW_E,10682,11,,7,840.0,2365,2,0,0,0,0
7050.1,7080.1,OR_F_W_signal,offramp,FW_W,10638,19,,7,840.0,1050,1,0,0,0,0
7050.1,7080.1,OR_F_W_direct,offramp,FW_W,10645,16,,9,1080.0,2084,4,0,0,0,0
7050.1,7080.1,source_1098,source,FW_E,,,0,30,3600.0,14587,,0,30,0,0
7050.1,7080.1,source_1099,source,FW_W,,,0,45,5400.0,8707,,0,45,0,0
7080.1,7110.1,RM_C10480,ramp,FW_W,10480,,8,1,120.0,144,0,0,0,0,0
7080.1,7110.1,RM_C10482,ramp,FW_W,10482,,10,7,840.0,3430,14,0,0,0,0
7080.1,7110.1,RM_C10646,ramp,FW_W,10646,,18,6,720.0,364,0,0,0,0,0
7080.1,7110.1,RM_C10644,ramp,FW_W,10644,,22,2,240.0,743,7,0,0,0,0
7080.1,7110.1,RM_C10639,ramp,FW_E,10639,,10,3,360.0,738,0,0,0,0,0
7080.1,7110.1,RM_C10681,ramp,FW_E,10681,,12,9,1080.0,1908,19,0,0,0,0
7080.1,7110.1,RM_C10490,ramp,FW_E,10490,,21,3,360.0,1181,9,0,0,0,0
7080.1,7110.1,RM_C10484,ramp,FW_E,10484,,23,2,240.0,968,1,0,0,0,0
7080.1,7110.1,OR_D_E_signal,offramp,FW_E,10481,18,,3,360.0,555,1,0,0,0,0
7080.1,7110.1,OR_D_E_direct,offramp,FW_E,10483,20,,2,240.0,2144,1,0,0,0,0
7080.1,7110.1,OR_D_W_signal,offramp,FW_W,10491,9,,9,1080.0,1618,3,0,0,0,0
7080.1,7110.1,OR_D_W_direct,offramp,FW_W,10479,7,,5,600.0,1576,2,0,0,0,0
7080.1,7110.1,OR_F_E_signal,offramp,FW_E,10643,9,,3,360.0,1195,0,0,0,0,0
7080.1,7110.1,OR_F_E_direct,offramp,FW_E,10682,11,,9,1080.0,2374,5,0,0,0,0
7080.1,7110.1,OR_F_W_signal,offramp,FW_W,10638,19,,8,960.0,1058,4,0,0,0,0
7080.1,7110.1,OR_F_W_direct,offramp,FW_W,10645,16,,1,120.0,2085,0,0,0,0,0
7080.1,7110.1,source_1098,source,FW_E,,,0,48,5760.0,14635,,0,48,0,0
7080.1,7110.1,source_1099,source,FW_W,,,0,38,4560.0,8745,,0,38,0,0
7110.1,7140.1,RM_C10480,ramp,FW_W,10480,,8,0,0.0,144,0,0,0,0,0
7110.1,7140.1,RM_C10482,ramp,FW_W,10482,,10,12,1440.0,3442,19,0,0,0,0
7110.1,7140.1,RM_C10646,ramp,FW_W,10646,,18,0,0.0,364,0,0,0,0,0
7110.1,7140.1,RM_C10644,ramp,FW_W,10644,,22,3,360.0,746,8,0,0,0,0
7110.1,7140.1,RM_C10639,ramp,FW_E,10639,,10,0,0.0,738,4,0,0,0,0
7110.1,7140.1,RM_C10681,ramp,FW_E,10681,,12,7,840.0,1915,20,0,0,0,0
7110.1,7140.1,RM_C10490,ramp,FW_E,10490,,21,9,1080.0,1190,3,0,0,0,0
7110.1,7140.1,RM_C10484,ramp,FW_E,10484,,23,1,120.0,969,0,0,0,0,0
7110.1,7140.1,OR_D_E_signal,offramp,FW_E,10481,18,,1,120.0,556,1,0,0,0,0
7110.1,7140.1,OR_D_E_direct,offramp,FW_E,10483,20,,19,2280.0,2163,11,0,0,0,0
7110.1,7140.1,OR_D_W_signal,offramp,FW_W,10491,9,,8,960.0,1626,2,0,0,0,0
7110.1,7140.1,OR_D_W_direct,offramp,FW_W,10479,7,,5,600.0,1581,4,0,0,0,0
7110.1,7140.1,OR_F_E_signal,offramp,FW_E,10643,9,,3,360.0,1198,3,0,0,0,0
7110.1,7140.1,OR_F_E_direct,offramp,FW_E,10682,11,,16,1920.0,2390,7,0,0,0,0
7110.1,7140.1,OR_F_W_signal,offramp,FW_W,10638,19,,5,600.0,1063,2,0,0,0,0
7110.1,7140.1,OR_F_W_direct,offramp,FW_W,10645,16,,13,1560.0,2098,2,0,0,0,0
7110.1,7140.1,source_1098,source,FW_E,,,0,35,4200.0,14670,,0,35,0,0
7110.1,7140.1,source_1099,source,FW_W,,,0,13,1560.0,8758,,0,13,0,0
7140.1,7170.1,RM_C10480,ramp,FW_W,10480,,8,0,0.0,144,0,0,0,0,0
7140.1,7170.1,RM_C10482,ramp,FW_W,10482,,10,9,1080.0,3451,21,0,0,0,0
7140.1,7170.1,RM_C10646,ramp,FW_W,10646,,18,0,0.0,364,3,0,0,0,0
7140.1,7170.1,RM_C10644,ramp,FW_W,10644,,22,0,0.0,746,9,0,0,0,0
7140.1,7170.1,RM_C10639,ramp,FW_E,10639,,10,2,240.0,740,6,0,0,0,0
7140.1,7170.1,RM_C10681,ramp,FW_E,10681,,12,8,960.0,1923,30,0,0,0,0
7140.1,7170.1,RM_C10490,ramp,FW_E,10490,,21,3,360.0,1193,1,0,0,0,0
7140.1,7170.1,RM_C10484,ramp,FW_E,10484,,23,0,0.0,969,6,0,0,0,0
7140.1,7170.1,OR_D_E_signal,offramp,FW_E,10481,18,,3,360.0,559,2,0,0,0,0
7140.1,7170.1,OR_D_E_direct,offramp,FW_E,10483,20,,8,960.0,2171,5,0,0,0,0
7140.1,7170.1,OR_D_W_signal,offramp,FW_W,10491,9,,6,720.0,1632,3,0,0,0,0
7140.1,7170.1,OR_D_W_direct,offramp,FW_W,10479,7,,5,600.0,1586,3,0,0,0,0
7140.1,7170.1,OR_F_E_signal,offramp,FW_E,10643,9,,4,480.0,1202,1,0,0,0,0
7140.1,7170.1,OR_F_E_direct,offramp,FW_E,10682,11,,7,840.0,2397,6,0,0,0,0
7140.1,7170.1,OR_F_W_signal,offramp,FW_W,10638,19,,2,240.0,1065,0,0,0,0,0
7140.1,7170.1,OR_F_W_direct,offramp,FW_W,10645,16,,14,1680.0,2112,3,0,0,0,0
7140.1,7170.1,source_1098,source,FW_E,,,0,34,4080.0,14704,,0,34,0,0
7140.1,7170.1,source_1099,source,FW_W,,,0,34,4080.0,8792,,0,34,0,0
7170.1,7200.1,RM_C10480,ramp,FW_W,10480,,8,0,0.0,144,9,0,0,0,0
7170.1,7200.1,RM_C10482,ramp,FW_W,10482,,10,19,2280.0,3470,12,0,0,0,0
7170.1,7200.1,RM_C10646,ramp,FW_W,10646,,18,3,360.0,367,5,0,0,0,0
7170.1,7200.1,RM_C10644,ramp,FW_W,10644,,22,3,360.0,749,7,0,0,0,0
7170.1,7200.1,RM_C10639,ramp,FW_E,10639,,10,6,720.0,746,2,0,0,0,0
7170.1,7200.1,RM_C10681,ramp,FW_E,10681,,12,8,960.0,1931,28,0,0,0,0
7170.1,7200.1,RM_C10490,ramp,FW_E,10490,,21,1,120.0,1194,1,0,0,0,0
7170.1,7200.1,RM_C10484,ramp,FW_E,10484,,23,6,720.0,975,4,0,0,0,0
7170.1,7200.1,OR_D_E_signal,offramp,FW_E,10481,18,,0,0.0,559,0,0,0,0,0
7170.1,7200.1,OR_D_E_direct,offramp,FW_E,10483,20,,12,1440.0,2183,7,0,0,0,0
7170.1,7200.1,OR_D_W_signal,offramp,FW_W,10491,9,,8,960.0,1640,3,0,0,0,0
7170.1,7200.1,OR_D_W_direct,offramp,FW_W,10479,7,,9,1080.0,1595,2,0,0,0,0
7170.1,7200.1,OR_F_E_signal,offramp,FW_E,10643,9,,7,840.0,1209,4,0,0,0,0
7170.1,7200.1,OR_F_E_direct,offramp,FW_E,10682,11,,3,360.0,2400,0,0,0,0,0
7170.1,7200.1,OR_F_W_signal,offramp,FW_W,10638,19,,5,600.0,1070,1,0,0,0,0
7170.1,7200.1,OR_F_W_direct,offramp,FW_W,10645,16,,3,360.0,2115,1,0,0,0,0
7170.1,7200.1,source_1098,source,FW_E,,,0,34,4080.0,14738,,0,34,0,0
7170.1,7200.1,source_1099,source,FW_W,,,0,35,4200.0,8827,,0,35,0,0
7200.1,7230.1,RM_C10480,ramp,FW_W,10480,,8,5,600.0,149,0,0,0,0,0
7200.1,7230.1,RM_C10482,ramp,FW_W,10482,,10,9,1080.0,3479,8,0,0,0,0
7200.1,7230.1,RM_C10646,ramp,FW_W,10646,,18,3,360.0,370,4,0,0,0,0
7200.1,7230.1,RM_C10644,ramp,FW_W,10644,,22,6,720.0,755,3,0,0,0,0
7200.1,7230.1,RM_C10639,ramp,FW_E,10639,,10,2,240.0,748,0,0,0,0,0
7200.1,7230.1,RM_C10681,ramp,FW_E,10681,,12,9,1080.0,1940,21,0,0,0,0
7200.1,7230.1,RM_C10490,ramp,FW_E,10490,,21,1,120.0,1195,5,0,0,0,0
7200.1,7230.1,RM_C10484,ramp,FW_E,10484,,23,5,600.0,980,0,0,0,0,0
7200.1,7230.1,OR_D_E_signal,offramp,FW_E,10481,18,,1,120.0,560,0,0,0,0,0
7200.1,7230.1,OR_D_E_direct,offramp,FW_E,10483,20,,9,1080.0,2192,1,0,0,0,0
7200.1,7230.1,OR_D_W_signal,offramp,FW_W,10491,9,,7,840.0,1647,4,0,0,0,0
7200.1,7230.1,OR_D_W_direct,offramp,FW_W,10479,7,,6,720.0,1601,3,0,0,0,0
7200.1,7230.1,OR_F_E_signal,offramp,FW_E,10643,9,,2,240.0,1211,2,0,0,0,0
7200.1,7230.1,OR_F_E_direct,offramp,FW_E,10682,11,,18,2160.0,2418,6,0,0,0,0
7200.1,7230.1,OR_F_W_signal,offramp,FW_W,10638,19,,7,840.0,1077,2,0,0,0,0
7200.1,7230.1,OR_F_W_direct,offramp,FW_W,10645,16,,7,840.0,2122,3,0,0,0,0
7200.1,7230.1,source_1098,source,FW_E,,,0,40,4800.0,14778,,0,40,0,0
7200.1,7230.1,source_1099,source,FW_W,,,0,26,3120.0,8853,,0,26,0,0
7230.1,7260.1,RM_C10480,ramp,FW_W,10480,,8,0,0.0,149,0,0,0,0,0
7230.1,7260.1,RM_C10482,ramp,FW_W,10482,,10,7,840.0,3486,14,0,0,0,0
7230.1,7260.1,RM_C10646,ramp,FW_W,10646,,18,2,240.0,372,0,0,0,0,0
7230.1,7260.1,RM_C10644,ramp,FW_W,10644,,22,0,0.0,755,7,0,0,0,0
7230.1,7260.1,RM_C10639,ramp,FW_E,10639,,10,0,0.0,748,4,0,0,0,0
7230.1,7260.1,RM_C10681,ramp,FW_E,10681,,12,7,840.0,1947,15,0,0,0,0
7230.1,7260.1,RM_C10490,ramp,FW_E,10490,,21,6,720.0,1201,0,0,0,0,0
7230.1,7260.1,RM_C10484,ramp,FW_E,10484,,23,0,0.0,980,3,0,0,0,0
7230.1,7260.1,OR_D_E_signal,offramp,FW_E,10481,18,,1,120.0,561,1,0,0,0,0
7230.1,7260.1,OR_D_E_direct,offramp,FW_E,10483,20,,9,1080.0,2201,8,0,0,0,0
7230.1,7260.1,OR_D_W_signal,offramp,FW_W,10491,9,,13,1560.0,1660,5,0,0,0,0
7230.1,7260.1,OR_D_W_direct,offramp,FW_W,10479,7,,8,960.0,1609,4,0,0,0,0
7230.1,7260.1,OR_F_E_signal,offramp,FW_E,10643,9,,2,240.0,1213,1,0,0,0,0
7230.1,7260.1,OR_F_E_direct,offramp,FW_E,10682,11,,3,360.0,2421,0,0,0,0,0
7230.1,7260.1,OR_F_W_signal,offramp,FW_W,10638,19,,5,600.0,1082,1,0,0,0,0
7230.1,7260.1,OR_F_W_direct,offramp,FW_W,10645,16,,13,1560.0,2135,4,0,0,0,0
7230.1,7260.1,source_1098,source,FW_E,,,0,33,3960.0,14811,,0,33,0,0
7230.1,7260.1,source_1099,source,FW_W,,,0,32,3840.0,8885,,0,32,0,0
7260.1,7290.1,RM_C10480,ramp,FW_W,10480,,8,0,0.0,149,0,0,0,0,0
7260.1,7290.1,RM_C10482,ramp,FW_W,10482,,10,2,240.0,3488,22,0,0,0,0
7260.1,7290.1,RM_C10646,ramp,FW_W,10646,,18,0,0.0,372,1,0,0,0,0
7260.1,7290.1,RM_C10644,ramp,FW_W,10644,,22,1,120.0,756,11,0,0,0,0
7260.1,7290.1,RM_C10639,ramp,FW_E,10639,,10,4,480.0,752,2,0,0,0,0
7260.1,7290.1,RM_C10681,ramp,FW_E,10681,,12,7,840.0,1954,19,0,0,0,0
7260.1,7290.1,RM_C10490,ramp,FW_E,10490,,21,0,0.0,1201,3,0,0,0,0
7260.1,7290.1,RM_C10484,ramp,FW_E,10484,,23,0,0.0,980,4,0,0,0,0
7260.1,7290.1,OR_D_E_signal,offramp,FW_E,10481,18,,3,360.0,564,2,0,0,0,0
7260.1,7290.1,OR_D_E_direct,offramp,FW_E,10483,20,,14,1680.0,2215,4,0,0,0,0
7260.1,7290.1,OR_D_W_signal,offramp,FW_W,10491,9,,7,840.0,1667,2,0,0,0,0
7260.1,7290.1,OR_D_W_direct,offramp,FW_W,10479,7,,4,480.0,1613,0,0,0,0,0
7260.1,7290.1,OR_F_E_signal,offramp,FW_E,10643,9,,4,480.0,1217,0,0,0,0,0
7260.1,7290.1,OR_F_E_direct,offramp,FW_E,10682,11,,9,1080.0,2430,2,0,0,0,0
7260.1,7290.1,OR_F_W_signal,offramp,FW_W,10638,19,,0,0.0,1082,0,0,0,0,0
7260.1,7290.1,OR_F_W_direct,offramp,FW_W,10645,16,,3,360.0,2138,0,0,0,0,0
7260.1,7290.1,source_1098,source,FW_E,,,0,36,4320.0,14847,,0,36,0,0
7260.1,7290.1,source_1099,source,FW_W,,,0,34,4080.0,8919,,0,34,0,0
7290.1,7320.1,RM_C10480,ramp,FW_W,10480,,8,1,120.0,150,2,0,0,0,0
7290.1,7320.1,RM_C10482,ramp,FW_W,10482,,10,19,2280.0,3507,8,0,0,0,0
7290.1,7320.1,RM_C10646,ramp,FW_W,10646,,18,1,120.0,373,3,0,0,0,0
7290.1,7320.1,RM_C10644,ramp,FW_W,10644,,22,1,120.0,757,10,0,0,0,0
7290.1,7320.1,RM_C10639,ramp,FW_E,10639,,10,2,240.0,754,7,0,0,0,0
7290.1,7320.1,RM_C10681,ramp,FW_E,10681,,12,8,960.0,1962,31,0,0,0,0
7290.1,7320.1,RM_C10490,ramp,FW_E,10490,,21,3,360.0,1204,4,0,0,0,0
7290.1,7320.1,RM_C10484,ramp,FW_E,10484,,23,3,360.0,983,8,0,0,0,0
7290.1,7320.1,OR_D_E_signal,offramp,FW_E,10481,18,,4,480.0,568,3,0,0,0,0
7290.1,7320.1,OR_D_E_direct,offramp,FW_E,10483,20,,12,1440.0,2227,6,0,0,0,0
7290.1,7320.1,OR_D_W_signal,offramp,FW_W,10491,9,,9,1080.0,1676,2,0,0,0,0
7290.1,7320.1,OR_D_W_direct,offramp,FW_W,10479,7,,7,840.0,1620,3,0,0,0,0
7290.1,7320.1,OR_F_E_signal,offramp,FW_E,10643,9,,5,600.0,1222,3,0,0,0,0
7290.1,7320.1,OR_F_E_direct,offramp,FW_E,10682,11,,7,840.0,2437,2,0,0,0,0
7290.1,7320.1,OR_F_W_signal,offramp,FW_W,10638,19,,4,480.0,1086,1,0,0,0,0
7290.1,7320.1,OR_F_W_direct,offramp,FW_W,10645,16,,9,1080.0,2147,1,0,0,0,0
7290.1,7320.1,source_1098,source,FW_E,,,0,52,6240.0,14899,,0,52,0,0
7290.1,7320.1,source_1099,source,FW_W,,,0,43,5160.0,8962,,0,43,0,0
7320.1,7350.1,RM_C10480,ramp,FW_W,10480,,8,0,0.0,150,0,0,0,0,0
7320.1,7350.1,RM_C10482,ramp,FW_W,10482,,10,6,720.0,3513,13,0,0,0,0
7320.1,7350.1,RM_C10646,ramp,FW_W,10646,,18,3,360.0,376,9,0,0,0,0
7320.1,7350.1,RM_C10644,ramp,FW_W,10644,,22,4,480.0,761,9,0,0,0,0
7320.1,7350.1,RM_C10639,ramp,FW_E,10639,,10,7,840.0,761,0,0,0,0,0
7320.1,7350.1,RM_C10681,ramp,FW_E,10681,,12,10,1200.0,1972,28,0,0,0,0
7320.1,7350.1,RM_C10490,ramp,FW_E,10490,,21,4,480.0,1208,2,0,0,0,0
7320.1,7350.1,RM_C10484,ramp,FW_E,10484,,23,8,960.0,991,6,0,0,0,0
7320.1,7350.1,OR_D_E_signal,offramp,FW_E,10481,18,,0,0.0,568,0,0,0,0,0
7320.1,7350.1,OR_D_E_direct,offramp,FW_E,10483,20,,9,1080.0,2236,3,0,0,0,0
7320.1,7350.1,OR_D_W_signal,offramp,FW_W,10491,9,,7,840.0,1683,4,0,0,0,0
7320.1,7350.1,OR_D_W_direct,offramp,FW_W,10479,7,,8,960.0,1628,5,0,0,0,0
7320.1,7350.1,OR_F_E_signal,offramp,FW_E,10643,9,,4,480.0,1226,2,0,0,0,0
7320.1,7350.1,OR_F_E_direct,offramp,FW_E,10682,11,,0,0.0,2437,0,0,0,0,0
7320.1,7350.1,OR_F_W_signal,offramp,FW_W,10638,19,,4,480.0,1090,2,0,0,0,0
7320.1,7350.1,OR_F_W_direct,offramp,FW_W,10645,16,,10,1200.0,2157,1,0,0,0,0
7320.1,7350.1,source_1098,source,FW_E,,,0,42,5040.0,14941,,0,42,0,0
7320.1,7350.1,source_1099,source,FW_W,,,0,29,3480.0,8991,,0,29,0,0
7350.1,7380.1,RM_C10480,ramp,FW_W,10480,,8,0,0.0,150,1,0,0,0,0
7350.1,7380.1,RM_C10482,ramp,FW_W,10482,,10,11,1320.0,3524,15,0,0,0,0
7350.1,7380.1,RM_C10646,ramp,FW_W,10646,,18,7,840.0,383,2,0,0,0,0
7350.1,7380.1,RM_C10644,ramp,FW_W,10644,,22,6,720.0,767,9,0,0,0,0
7350.1,7380.1,RM_C10639,ramp,FW_E,10639,,10,0,0.0,761,2,0,0,0,0
7350.1,7380.1,RM_C10681,ramp,FW_E,10681,,12,9,1080.0,1981,19,0,0,0,0
7350.1,7380.1,RM_C10490,ramp,FW_E,10490,,21,2,240.0,1210,10,0,0,0,0
7350.1,7380.1,RM_C10484,ramp,FW_E,10484,,23,3,360.0,994,3,0,0,0,0
7350.1,7380.1,OR_D_E_signal,offramp,FW_E,10481,18,,0,0.0,568,0,0,0,0,0
7350.1,7380.1,OR_D_E_direct,offramp,FW_E,10483,20,,11,1320.0,2247,2,0,0,0,0
7350.1,7380.1,OR_D_W_signal,offramp,FW_W,10491,9,,9,1080.0,1692,6,0,0,0,0
7350.1,7380.1,OR_D_W_direct,offramp,FW_W,10479,7,,7,840.0,1635,3,0,0,0,0
7350.1,7380.1,OR_F_E_signal,offramp,FW_E,10643,9,,0,0.0,1226,0,0,0,0,0
7350.1,7380.1,OR_F_E_direct,offramp,FW_E,10682,11,,6,720.0,2443,2,0,0,0,0
7350.1,7380.1,OR_F_W_signal,offramp,FW_W,10638,19,,10,1200.0,1100,3,0,0,0,0
7350.1,7380.1,OR_F_W_direct,offramp,FW_W,10645,16,,8,960.0,2165,6,0,0,0,0
7350.1,7380.1,source_1098,source,FW_E,,,0,44,5280.0,14985,,0,44,0,0
7350.1,7380.1,source_1099,source,FW_W,,,0,37,4440.0,9028,,0,37,0,0
7380.1,7410.1,RM_C10480,ramp,FW_W,10480,,8,0,0.0,150,0,0,0,0,0
7380.1,7410.1,RM_C10482,ramp,FW_W,10482,,10,9,1080.0,3533,16,0,0,0,0
7380.1,7410.1,RM_C10646,ramp,FW_W,10646,,18,1,120.0,384,0,0,0,0,0
7380.1,7410.1,RM_C10644,ramp,FW_W,10644,,22,1,120.0,768,12,0,0,0,0
7380.1,7410.1,RM_C10639,ramp,FW_E,10639,,10,0,0.0,761,5,0,0,0,0
7380.1,7410.1,RM_C10681,ramp,FW_E,10681,,12,10,1200.0,1991,9,0,0,0,0
7380.1,7410.1,RM_C10490,ramp,FW_E,10490,,21,10,1200.0,1220,6,0,0,0,0
7380.1,7410.1,RM_C10484,ramp,FW_E,10484,,23,3,360.0,997,3,0,0,0,0
7380.1,7410.1,OR_D_E_signal,offramp,FW_E,10481,18,,1,120.0,569,1,0,0,0,0
7380.1,7410.1,OR_D_E_direct,offramp,FW_E,10483,20,,15,1800.0,2262,10,0,0,0,0
7380.1,7410.1,OR_D_W_signal,offramp,FW_W,10491,9,,3,360.0,1695,2,0,0,0,0
7380.1,7410.1,OR_D_W_direct,offramp,FW_W,10479,7,,6,720.0,1641,0,0,0,0,0
7380.1,7410.1,OR_F_E_signal,offramp,FW_E,10643,9,,2,240.0,1228,0,0,0,0,0
7380.1,7410.1,OR_F_E_direct,offramp,FW_E,10682,11,,8,960.0,2451,8,0,0,0,0
7380.1,7410.1,OR_F_W_signal,offramp,FW_W,10638,19,,5,600.0,1105,0,0,0,0,0
7380.1,7410.1,OR_F_W_direct,offramp,FW_W,10645,16,,10,1200.0,2175,5,0,0,0,0
7380.1,7410.1,source_1098,source,FW_E,,,0,36,4320.0,15021,,0,36,0,0
7380.1,7410.1,source_1099,source,FW_W,,,0,33,3960.0,9061,,0,33,0,0
7410.1,7440.1,RM_C10480,ramp,FW_W,10480,,8,0,0.0,150,1,0,0,0,0
7410.1,7440.1,RM_C10482,ramp,FW_W,10482,,10,12,1440.0,3545,13,0,0,0,0
7410.1,7440.1,RM_C10646,ramp,FW_W,10646,,18,0,0.0,384,1,0,0,0,0
7410.1,7440.1,RM_C10644,ramp,FW_W,10644,,22,2,240.0,770,10,0,0,0,0
7410.1,7440.1,RM_C10639,ramp,FW_E,10639,,10,5,600.0,766,3,0,0,0,0
7410.1,7440.1,RM_C10681,ramp,FW_E,10681,,12,9,1080.0,2000,10,0,0,0,0
7410.1,7440.1,RM_C10490,ramp,FW_E,10490,,21,6,720.0,1226,1,0,0,0,0
7410.1,7440.1,RM_C10484,ramp,FW_E,10484,,23,1,120.0,998,8,0,0,0,0
7410.1,7440.1,OR_D_E_signal,offramp,FW_E,10481,18,,1,120.0,570,0,0,0,0,0
7410.1,7440.1,OR_D_E_direct,offramp,FW_E,10483,20,,14,1680.0,2276,4,0,0,0,0
7410.1,7440.1,OR_D_W_signal,offramp,FW_W,10491,9,,13,1560.0,1708,2,0,0,0,0
7410.1,7440.1,OR_D_W_direct,offramp,FW_W,10479,7,,7,840.0,1648,4,0,0,0,0
7410.1,7440.1,OR_F_E_signal,offramp,FW_E,10643,9,,3,360.0,1231,3,0,0,0,0
7410.1,7440.1,OR_F_E_direct,offramp,FW_E,10682,11,,3,360.0,2454,0,0,0,0,0
7410.1,7440.1,OR_F_W_signal,offramp,FW_W,10638,19,,3,360.0,1108,0,0,0,0,0
7410.1,7440.1,OR_F_W_direct,offramp,FW_W,10645,16,,4,480.0,2179,4,0,0,0,0
7410.1,7440.1,source_1098,source,FW_E,,,0,35,4200.0,15056,,0,35,0,0
7410.1,7440.1,source_1099,source,FW_W,,,0,30,3600.0,9091,,0,30,0,0
7440.1,7470.1,RM_C10480,ramp,FW_W,10480,,8,0,0.0,150,0,0,0,0,0
7440.1,7470.1,RM_C10482,ramp,FW_W,10482,,10,10,1200.0,3555,14,0,0,0,0
7440.1,7470.1,RM_C10646,ramp,FW_W,10646,,18,0,0.0,384,2,0,0,0,0
7440.1,7470.1,RM_C10644,ramp,FW_W,10644,,22,7,840.0,777,11,0,0,0,0
7440.1,7470.1,RM_C10639,ramp,FW_E,10639,,10,3,360.0,769,0,0,0,0,0
7440.1,7470.1,RM_C10681,ramp,FW_E,10681,,12,5,600.0,2005,25,0,0,0,0
7440.1,7470.1,RM_C10490,ramp,FW_E,10490,,21,2,240.0,1228,1,0,0,0,0
7440.1,7470.1,RM_C10484,ramp,FW_E,10484,,23,6,720.0,1004,7,0,0,0,0
7440.1,7470.1,OR_D_E_signal,offramp,FW_E,10481,18,,4,480.0,574,1,0,0,0,0
7440.1,7470.1,OR_D_E_direct,offramp,FW_E,10483,20,,8,960.0,2284,6,0,0,0,0
7440.1,7470.1,OR_D_W_signal,offramp,FW_W,10491,9,,6,720.0,1714,2,0,0,0,0
7440.1,7470.1,OR_D_W_direct,offramp,FW_W,10479,7,,8,960.0,1656,1,0,0,0,0
7440.1,7470.1,OR_F_E_signal,offramp,FW_E,10643,9,,4,480.0,1235,0,0,0,0,0
7440.1,7470.1,OR_F_E_direct,offramp,FW_E,10682,11,,3,360.0,2457,0,0,0,0,0
7440.1,7470.1,OR_F_W_signal,offramp,FW_W,10638,19,,2,240.0,1110,1,0,0,0,0
7440.1,7470.1,OR_F_W_direct,offramp,FW_W,10645,16,,7,840.0,2186,3,0,0,0,0
7440.1,7470.1,source_1098,source,FW_E,,,0,49,5880.0,15105,,0,49,0,0
7440.1,7470.1,source_1099,source,FW_W,,,0,44,5280.0,9135,,0,44,0,0
7470.1,7500.1,RM_C10480,ramp,FW_W,10480,,8,0,0.0,150,4,0,0,0,0
7470.1,7500.1,RM_C10482,ramp,FW_W,10482,,10,11,1320.0,3566,13,0,0,0,0
7470.1,7500.1,RM_C10646,ramp,FW_W,10646,,18,1,120.0,385,6,0,0,0,0
7470.1,7500.1,RM_C10644,ramp,FW_W,10644,,22,3,360.0,780,10,0,0,0,0
7470.1,7500.1,RM_C10639,ramp,FW_E,10639,,10,0,0.0,769,3,0,0,0,0
7470.1,7500.1,RM_C10681,ramp,FW_E,10681,,12,8,960.0,2013,30,0,0,0,0
7470.1,7500.1,RM_C10490,ramp,FW_E,10490,,21,1,120.0,1229,5,0,0,0,0
7470.1,7500.1,RM_C10484,ramp,FW_E,10484,,23,4,480.0,1008,8,0,0,0,0
7470.1,7500.1,OR_D_E_signal,offramp,FW_E,10481,18,,2,240.0,576,1,0,0,0,0
7470.1,7500.1,OR_D_E_direct,offramp,FW_E,10483,20,,13,1560.0,2297,4,0,0,0,0
7470.1,7500.1,OR_D_W_signal,offramp,FW_W,10491,9,,10,1200.0,1724,5,0,0,0,0
7470.1,7500.1,OR_D_W_direct,offramp,FW_W,10479,7,,6,720.0,1662,5,0,0,0,0
7470.1,7500.1,OR_F_E_signal,offramp,FW_E,10643,9,,2,240.0,1237,2,0,0,0,0
7470.1,7500.1,OR_F_E_direct,offramp,FW_E,10682,11,,9,1080.0,2466,9,0,0,0,0
7470.1,7500.1,OR_F_W_signal,offramp,FW_W,10638,19,,2,240.0,1112,0,0,0,0,0
7470.1,7500.1,OR_F_W_direct,offramp,FW_W,10645,16,,11,1320.0,2197,6,0,0,0,0
7470.1,7500.1,source_1098,source,FW_E,,,0,41,4920.0,15146,,0,41,0,0
7470.1,7500.1,source_1099,source,FW_W,,,0,31,3720.0,9166,,0,31,0,0
7500.1,7530.1,RM_C10480,ramp,FW_W,10480,,8,1,120.0,151,1,0,0,0,0
7500.1,7530.1,RM_C10482,ramp,FW_W,10482,,10,9,1080.0,3575,13,0,0,0,0
7500.1,7530.1,RM_C10646,ramp,FW_W,10646,,18,4,480.0,389,3,0,0,0,0
7500.1,7530.1,RM_C10644,ramp,FW_W,10644,,22,0,0.0,780,11,0,0,0,0
7500.1,7530.1,RM_C10639,ramp,FW_E,10639,,10,2,240.0,771,3,0,0,0,0
7500.1,7530.1,RM_C10681,ramp,FW_E,10681,,12,10,1200.0,2023,23,0,0,0,0
7500.1,7530.1,RM_C10490,ramp,FW_E,10490,,21,3,360.0,1232,3,0,0,0,0
7500.1,7530.1,RM_C10484,ramp,FW_E,10484,,23,7,840.0,1015,3,0,0,0,0
7500.1,7530.1,OR_D_E_signal,offramp,FW_E,10481,18,,3,360.0,579,1,0,0,0,0
7500.1,7530.1,OR_D_E_direct,offramp,FW_E,10483,20,,14,1680.0,2311,6,0,0,0,0
7500.1,7530.1,OR_D_W_signal,offramp,FW_W,10491,9,,7,840.0,1731,4,0,0,0,0
7500.1,7530.1,OR_D_W_direct,offramp,FW_W,10479,7,,4,480.0,1666,1,0,0,0,0
7500.1,7530.1,OR_F_E_signal,offramp,FW_E,10643,9,,1,120.0,1238,0,0,0,0,0
7500.1,7530.1,OR_F_E_direct,offramp,FW_E,10682,11,,17,2040.0,2483,9,0,0,0,0
7500.1,7530.1,OR_F_W_signal,offramp,FW_W,10638,19,,9,1080.0,1121,1,0,0,0,0
7500.1,7530.1,OR_F_W_direct,offramp,FW_W,10645,16,,8,960.0,2205,0,0,0,0,0
7500.1,7530.1,source_1098,source,FW_E,,,0,39,4680.0,15185,,0,39,0,0
7500.1,7530.1,source_1099,source,FW_W,,,0,44,5280.0,9210,,0,44,0,0
7530.1,7560.1,RM_C10480,ramp,FW_W,10480,,8,1,120.0,152,0,0,0,0,0
7530.1,7560.1,RM_C10482,ramp,FW_W,10482,,10,11,1320.0,3586,15,0,0,0,0
7530.1,7560.1,RM_C10646,ramp,FW_W,10646,,18,2,240.0,391,0,0,0,0,0
7530.1,7560.1,RM_C10644,ramp,FW_W,10644,,22,2,240.0,782,11,0,0,0,0
7530.1,7560.1,RM_C10639,ramp,FW_E,10639,,10,3,360.0,774,0,0,0,0,0
7530.1,7560.1,RM_C10681,ramp,FW_E,10681,,12,7,840.0,2030,18,0,0,0,0
7530.1,7560.1,RM_C10490,ramp,FW_E,10490,,21,3,360.0,1235,4,0,0,0,0
7530.1,7560.1,RM_C10484,ramp,FW_E,10484,,23,3,360.0,1018,3,0,0,0,0
7530.1,7560.1,OR_D_E_signal,offramp,FW_E,10481,18,,0,0.0,579,0,0,0,0,0
7530.1,7560.1,OR_D_E_direct,offramp,FW_E,10483,20,,17,2040.0,2328,5,0,0,0,0
7530.1,7560.1,OR_D_W_signal,offramp,FW_W,10491,9,,8,960.0,1739,3,0,0,0,0
7530.1,7560.1,OR_D_W_direct,offramp,FW_W,10479,7,,6,720.0,1672,1,0,0,0,0
7530.1,7560.1,OR_F_E_signal,offramp,FW_E,10643,9,,0,0.0,1238,0,0,0,0,0
7530.1,7560.1,OR_F_E_direct,offramp,FW_E,10682,11,,1,120.0,2484,0,0,0,0,0
7530.1,7560.1,OR_F_W_signal,offramp,FW_W,10638,19,,4,480.0,1125,1,0,0,0,0
7530.1,7560.1,OR_F_W_direct,offramp,FW_W,10645,16,,4,480.0,2209,1,0,0,0,0
7530.1,7560.1,source_1098,source,FW_E,,,0,61,7320.0,15246,,0,61,0,0
7530.1,7560.1,source_1099,source,FW_W,,,0,26,3120.0,9236,,0,26,0,0
7560.1,7590.1,RM_C10480,ramp,FW_W,10480,,8,0,0.0,152,0,0,0,0,0
7560.1,7590.1,RM_C10482,ramp,FW_W,10482,,10,9,1080.0,3595,15,0,0,0,0
7560.1,7590.1,RM_C10646,ramp,FW_W,10646,,18,0,0.0,391,1,0,0,0,0
7560.1,7590.1,RM_C10644,ramp,FW_W,10644,,22,8,960.0,790,6,0,0,0,0
7560.1,7590.1,RM_C10639,ramp,FW_E,10639,,10,0,0.0,774,4,0,0,0,0
7560.1,7590.1,RM_C10681,ramp,FW_E,10681,,12,8,960.0,2038,20,0,0,0,0
7560.1,7590.1,RM_C10490,ramp,FW_E,10490,,21,4,480.0,1239,4,0,0,0,0
7560.1,7590.1,RM_C10484,ramp,FW_E,10484,,23,1,120.0,1019,3,0,0,0,0
7560.1,7590.1,OR_D_E_signal,offramp,FW_E,10481,18,,3,360.0,582,0,0,0,0,0
7560.1,7590.1,OR_D_E_direct,offramp,FW_E,10483,20,,2,240.0,2330,0,0,0,0,0
7560.1,7590.1,OR_D_W_signal,offramp,FW_W,10491,9,,6,720.0,1745,0,0,0,0,0
7560.1,7590.1,OR_D_W_direct,offramp,FW_W,10479,7,,3,360.0,1675,1,0,0,0,0
7560.1,7590.1,OR_F_E_signal,offramp,FW_E,10643,9,,5,600.0,1243,0,0,0,0,0
7560.1,7590.1,OR_F_E_direct,offramp,FW_E,10682,11,,11,1320.0,2495,0,0,0,0,0
7560.1,7590.1,OR_F_W_signal,offramp,FW_W,10638,19,,3,360.0,1128,2,0,0,0,0
7560.1,7590.1,OR_F_W_direct,offramp,FW_W,10645,16,,4,480.0,2213,2,0,0,0,0
7560.1,7590.1,source_1098,source,FW_E,,,0,45,5400.0,15291,,0,45,0,0
7560.1,7590.1,source_1099,source,FW_W,,,0,34,4080.0,9270,,0,34,0,0
7590.1,7620.1,RM_C10480,ramp,FW_W,10480,,8,0,0.0,152,4,0,0,0,0
7590.1,7620.1,RM_C10482,ramp,FW_W,10482,,10,12,1440.0,3607,9,0,0,0,0
7590.1,7620.1,RM_C10646,ramp,FW_W,10646,,18,0,0.0,391,1,0,0,0,0
7590.1,7620.1,RM_C10644,ramp,FW_W,10644,,22,3,360.0,793,6,0,0,0,0
7590.1,7620.1,RM_C10639,ramp,FW_E,10639,,10,1,120.0,775,5,0,0,0,0
7590.1,7620.1,RM_C10681,ramp,FW_E,10681,,12,8,960.0,2046,30,0,0,0,0
7590.1,7620.1,RM_C10490,ramp,FW_E,10490,,21,5,600.0,1244,0,0,0,0,0
7590.1,7620.1,RM_C10484,ramp,FW_E,10484,,23,3,360.0,1022,6,0,0,0,0
7590.1,7620.1,OR_D_E_signal,offramp,FW_E,10481,18,,3,360.0,585,3,0,0,0,0
7590.1,7620.1,OR_D_E_direct,offramp,FW_E,10483,20,,11,1320.0,2341,6,0,0,0,0
7590.1,7620.1,OR_D_W_signal,offramp,FW_W,10491,9,,7,840.0,1752,1,0,0,0,0
7590.1,7620.1,OR_D_W_direct,offramp,FW_W,10479,7,,5,600.0,1680,1,0,0,0,0
7590.1,7620.1,OR_F_E_signal,offramp,FW_E,10643,9,,1,120.0,1244,0,0,0,0,0
7590.1,7620.1,OR_F_E_direct,offramp,FW_E,10682,11,,3,360.0,2498,3,0,0,0,0
7590.1,7620.1,OR_F_W_signal,offramp,FW_W,10638,19,,1,120.0,1129,1,0,0,0,0
7590.1,7620.1,OR_F_W_direct,offramp,FW_W,10645,16,,8,960.0,2221,3,0,0,0,0
7590.1,7620.1,source_1098,source,FW_E,,,0,44,5280.0,15335,,0,44,0,0
7590.1,7620.1,source_1099,source,FW_W,,,0,34,4080.0,9304,,0,34,0,0
7620.1,7650.1,RM_C10480,ramp,FW_W,10480,,8,2,240.0,154,0,0,0,0,0
7620.1,7650.1,RM_C10482,ramp,FW_W,10482,,10,6,720.0,3613,14,0,0,0,0
7620.1,7650.1,RM_C10646,ramp,FW_W,10646,,18,0,0.0,391,5,0,0,0,0
7620.1,7650.1,RM_C10644,ramp,FW_W,10644,,22,1,120.0,794,6,0,0,0,0
7620.1,7650.1,RM_C10639,ramp,FW_E,10639,,10,5,600.0,780,1,0,0,0,0
7620.1,7650.1,RM_C10681,ramp,FW_E,10681,,12,13,1560.0,2059,29,0,0,0,0
7620.1,7650.1,RM_C10490,ramp,FW_E,10490,,21,0,0.0,1244,4,0,0,0,0
7620.1,7650.1,RM_C10484,ramp,FW_E,10484,,23,3,360.0,1025,5,0,0,0,0
7620.1,7650.1,OR_D_E_signal,offramp,FW_E,10481,18,,5,600.0,590,4,0,0,0,0
7620.1,7650.1,OR_D_E_direct,offramp,FW_E,10483,20,,17,2040.0,2358,4,0,0,0,0
7620.1,7650.1,OR_D_W_signal,offramp,FW_W,10491,9,,10,1200.0,1762,2,0,0,0,0
7620.1,7650.1,OR_D_W_direct,offramp,FW_W,10479,7,,7,840.0,1687,1,0,0,0,0
7620.1,7650.1,OR_F_E_signal,offramp,FW_E,10643,9,,3,360.0,1247,1,0,0,0,0
7620.1,7650.1,OR_F_E_direct,offramp,FW_E,10682,11,,3,360.0,2501,0,0,0,0,0
7620.1,7650.1,OR_F_W_signal,offramp,FW_W,10638,19,,6,720.0,1135,3,0,0,0,0
7620.1,7650.1,OR_F_W_direct,offramp,FW_W,10645,16,,12,1440.0,2233,0,0,0,0,0
7620.1,7650.1,source_1098,source,FW_E,,,0,44,5280.0,15379,,0,44,0,0
7620.1,7650.1,source_1099,source,FW_W,,,0,55,6600.0,9359,,0,55,0,0
7650.1,7680.1,RM_C10480,ramp,FW_W,10480,,8,1,120.0,155,0,0,0,0,0
7650.1,7680.1,RM_C10482,ramp,FW_W,10482,,10,10,1200.0,3623,13,0,0,0,0
7650.1,7680.1,RM_C10646,ramp,FW_W,10646,,18,2,240.0,393,1,0,0,0,0
7650.1,7680.1,RM_C10644,ramp,FW_W,10644,,22,3,360.0,797,5,0,0,0,0
7650.1,7680.1,RM_C10639,ramp,FW_E,10639,,10,1,120.0,781,3,0,0,0,0
7650.1,7680.1,RM_C10681,ramp,FW_E,10681,,12,15,1800.0,2074,14,0,0,0,0
7650.1,7680.1,RM_C10490,ramp,FW_E,10490,,21,4,480.0,1248,8,0,0,0,0
7650.1,7680.1,RM_C10484,ramp,FW_E,10484,,23,4,480.0,1029,1,0,0,0,0
7650.1,7680.1,OR_D_E_signal,offramp,FW_E,10481,18,,0,0.0,590,0,0,0,0,0
7650.1,7680.1,OR_D_E_direct,offramp,FW_E,10483,20,,11,1320.0,2369,7,0,0,0,0
7650.1,7680.1,OR_D_W_signal,offramp,FW_W,10491,9,,8,960.0,1770,6,0,0,0,0
7650.1,7680.1,OR_D_W_direct,offramp,FW_W,10479,7,,7,840.0,1694,4,0,0,0,0
7650.1,7680.1,OR_F_E_signal,offramp,FW_E,10643,9,,4,480.0,1251,0,0,0,0,0
7650.1,7680.1,OR_F_E_direct,offramp,FW_E,10682,11,,17,2040.0,2518,2,0,0,0,0
7650.1,7680.1,OR_F_W_signal,offramp,FW_W,10638,19,,4,480.0,1139,3,0,0,0,0
7650.1,7680.1,OR_F_W_direct,offramp,FW_W,10645,16,,10,1200.0,2243,4,0,0,0,0
7650.1,7680.1,source_1098,source,FW_E,,,0,32,3840.0,15411,,0,32,0,0
7650.1,7680.1,source_1099,source,FW_W,,,0,37,4440.0,9396,,0,37,0,0
7680.1,7710.1,RM_C10480,ramp,FW_W,10480,,8,0,0.0,155,0,0,0,0,0
7680.1,7710.1,RM_C10482,ramp,FW_W,10482,,10,11,1320.0,3634,6,0,0,0,0
7680.1,7710.1,RM_C10646,ramp,FW_W,10646,,18,0,0.0,393,0,0,0,0,0
7680.1,7710.1,RM_C10644,ramp,FW_W,10644,,22,2,240.0,799,4,0,0,0,0
7680.1,7710.1,RM_C10639,ramp,FW_E,10639,,10,3,360.0,784,2,0,0,0,0
7680.1,7710.1,RM_C10681,ramp,FW_E,10681,,12,9,1080.0,2083,5,0,0,0,0
7680.1,7710.1,RM_C10490,ramp,FW_E,10490,,21,8,960.0,1256,8,0,0,0,0
7680.1,7710.1,RM_C10484,ramp,FW_E,10484,,23,1,120.0,1030,3,0,0,0,0
7680.1,7710.1,OR_D_E_signal,offramp,FW_E,10481,18,,3,360.0,593,2,0,0,0,0
7680.1,7710.1,OR_D_E_direct,offramp,FW_E,10483,20,,12,1440.0,2381,9,0,0,0,0
7680.1,7710.1,OR_D_W_signal,offramp,FW_W,10491,9,,7,840.0,1777,0,0,0,0,0
7680.1,7710.1,OR_D_W_direct,offramp,FW_W,10479,7,,7,840.0,1701,2,0,0,0,0
7680.1,7710.1,OR_F_E_signal,offramp,FW_E,10643,9,,6,720.0,1257,2,0,0,0,0
7680.1,7710.1,OR_F_E_direct,offramp,FW_E,10682,11,,11,1320.0,2529,2,0,0,0,0
7680.1,7710.1,OR_F_W_signal,offramp,FW_W,10638,19,,6,720.0,1145,0,0,0,0,0
7680.1,7710.1,OR_F_W_direct,offramp,FW_W,10645,16,,2,240.0,2245,1,0,0,0,0
7680.1,7710.1,source_1098,source,FW_E,,,0,55,6600.0,15466,,0,55,0,0
7680.1,7710.1,source_1099,source,FW_W,,,0,18,2160.0,9414,,0,18,0,0
7710.1,7740.1,RM_C10480,ramp,FW_W,10480,,8,0,0.0,155,1,0,0,0,0
7710.1,7740.1,RM_C10482,ramp,FW_W,10482,,10,4,480.0,3638,12,0,0,0,0
7710.1,7740.1,RM_C10646,ramp,FW_W,10646,,18,0,0.0,393,0,0,0,0,0
7710.1,7740.1,RM_C10644,ramp,FW_W,10644,,22,2,240.0,801,3,0,0,0,0
7710.1,7740.1,RM_C10639,ramp,FW_E,10639,,10,2,240.0,786,1,0,0,0,0
7710.1,7740.1,RM_C10681,ramp,FW_E,10681,,12,5,600.0,2088,8,0,0,0,0
7710.1,7740.1,RM_C10490,ramp,FW_E,10490,,21,5,600.0,1261,5,0,0,0,0
7710.1,7740.1,RM_C10484,ramp,FW_E,10484,,23,1,120.0,1031,5,0,0,0,0
7710.1,7740.1,OR_D_E_signal,offramp,FW_E,10481,18,,2,240.0,595,2,0,0,0,0
7710.1,7740.1,OR_D_E_direct,offramp,FW_E,10483,20,,12,1440.0,2393,5,0,0,0,0
7710.1,7740.1,OR_D_W_signal,offramp,FW_W,10491,9,,6,720.0,1783,3,0,0,0,0
7710.1,7740.1,OR_D_W_direct,offramp,FW_W,10479,7,,8,960.0,1709,1,0,0,0,0
7710.1,7740.1,OR_F_E_signal,offramp,FW_E,10643,9,,3,360.0,1260,0,0,0,0,0
7710.1,7740.1,OR_F_E_direct,offramp,FW_E,10682,11,,0,0.0,2529,0,0,0,0,0
7710.1,7740.1,OR_F_W_signal,offramp,FW_W,10638,19,,5,600.0,1150,1,0,0,0,0
7710.1,7740.1,OR_F_W_direct,offramp,FW_W,10645,16,,2,240.0,2247,1,0,0,0,0
7710.1,7740.1,source_1098,source,FW_E,,,0,40,4800.0,15506,,0,40,0,0
7710.1,7740.1,source_1099,source,FW_W,,,0,37,4440.0,9451,,0,37,0,0
7740.1,7770.1,RM_C10480,ramp,FW_W,10480,,8,1,120.0,156,2,0,0,0,0
7740.1,7770.1,RM_C10482,ramp,FW_W,10482,,10,10,1200.0,3648,8,0,0,0,0
7740.1,7770.1,RM_C10646,ramp,FW_W,10646,,18,0,0.0,393,3,0,0,0,0
7740.1,7770.1,RM_C10644,ramp,FW_W,10644,,22,1,120.0,802,2,0,0,0,0
7740.1,7770.1,RM_C10639,ramp,FW_E,10639,,10,1,120.0,787,3,0,0,0,0
7740.1,7770.1,RM_C10681,ramp,FW_E,10681,,12,6,720.0,2094,19,0,0,0,0
7740.1,7770.1,RM_C10490,ramp,FW_E,10490,,21,5,600.0,1266,4,0,0,0,0
7740.1,7770.1,RM_C10484,ramp,FW_E,10484,,23,5,600.0,1036,8,0,0,0,0
7740.1,7770.1,OR_D_E_signal,offramp,FW_E,10481,18,,1,120.0,596,1,0,0,0,0
7740.1,7770.1,OR_D_E_direct,offramp,FW_E,10483,20,,3,360.0,2396,0,0,0,0,0
7740.1,7770.1,OR_D_W_signal,offramp,FW_W,10491,9,,7,840.0,1790,4,0,0,0,0
7740.1,7770.1,OR_D_W_direct,offramp,FW_W,10479,7,,9,1080.0,1718,3,0,0,0,0
7740.1,7770.1,OR_F_E_signal,offramp,FW_E,10643,9,,7,840.0,1267,2,0,0,0,0
7740.1,7770.1,OR_F_E_direct,offramp,FW_E,10682,11,,8,960.0,2537,3,0,0,0,0
7740.1,7770.1,OR_F_W_signal,offramp,FW_W,10638,19,,1,120.0,1151,1,0,0,0,0
7740.1,7770.1,OR_F_W_direct,offramp,FW_W,10645,16,,13,1560.0,2260,2,0,0,0,0
7740.1,7770.1,source_1098,source,FW_E,,,0,40,4800.0,15546,,0,40,0,0
7740.1,7770.1,source_1099,source,FW_W,,,0,23,2760.0,9474,,0,23,0,0
7770.1,7800.1,RM_C10480,ramp,FW_W,10480,,8,0,0.0,156,0,0,0,0,0
7770.1,7800.1,RM_C10482,ramp,FW_W,10482,,10,5,600.0,3653,12,0,0,0,0
7770.1,7800.1,RM_C10646,ramp,FW_W,10646,,18,2,240.0,395,7,0,0,0,0
7770.1,7800.1,RM_C10644,ramp,FW_W,10644,,22,1,120.0,803,1,0,0,0,0
7770.1,7800.1,RM_C10639,ramp,FW_E,10639,,10,0,0.0,787,8,0,0,0,0
7770.1,7800.1,RM_C10681,ramp,FW_E,10681,,12,14,1680.0,2108,17,0,0,0,0
7770.1,7800.1,RM_C10490,ramp,FW_E,10490,,21,7,840.0,1273,2,0,0,0,0
7770.1,7800.1,RM_C10484,ramp,FW_E,10484,,23,5,600.0,1041,5,0,0,0,0
7770.1,7800.1,OR_D_E_signal,offramp,FW_E,10481,18,,0,0.0,596,0,0,0,0,0
7770.1,7800.1,OR_D_E_direct,offramp,FW_E,10483,20,,16,1920.0,2412,4,0,0,0,0
7770.1,7800.1,OR_D_W_signal,offramp,FW_W,10491,9,,8,960.0,1798,3,0,0,0,0
7770.1,7800.1,OR_D_W_direct,offramp,FW_W,10479,7,,9,1080.0,1727,2,0,0,0,0
7770.1,7800.1,OR_F_E_signal,offramp,FW_E,10643,9,,6,720.0,1273,0,0,0,0,0
7770.1,7800.1,OR_F_E_direct,offramp,FW_E,10682,11,,7,840.0,2544,1,0,0,0,0
7770.1,7800.1,OR_F_W_signal,offramp,FW_W,10638,19,,3,360.0,1154,1,0,0,0,0
7770.1,7800.1,OR_F_W_direct,offramp,FW_W,10645,16,,8,960.0,2268,4,0,0,0,0
7770.1,7800.1,source_1098,source,FW_E,,,0,48,5760.0,15594,,0,48,0,0
7770.1,7800.1,source_1099,source,FW_W,,,0,41,4920.0,9515,,0,41,0,0
7800.1,7830.1,RM_C10480,ramp,FW_W,10480,,8,1,120.0,157,0,0,0,0,0
7800.1,7830.1,RM_C10482,ramp,FW_W,10482,,10,8,960.0,3661,16,0,0,0,0
7800.1,7830.1,RM_C10646,ramp,FW_W,10646,,18,3,360.0,398,1,0,0,0,0
7800.1,7830.1,RM_C10644,ramp,FW_W,10644,,22,1,120.0,804,4,0,0,0,0
7800.1,7830.1,RM_C10639,ramp,FW_E,10639,,10,8,960.0,795,0,0,0,0,0
7800.1,7830.1,RM_C10681,ramp,FW_E,10681,,12,15,1800.0,2123,5,0,0,0,0
7800.1,7830.1,RM_C10490,ramp,FW_E,10490,,21,0,0.0,1273,8,0,0,0,0
7800.1,7830.1,RM_C10484,ramp,FW_E,10484,,23,5,600.0,1046,4,0,0,0,0
7800.1,7830.1,OR_D_E_signal,offramp,FW_E,10481,18,,2,240.0,598,1,0,0,0,0
7800.1,7830.1,OR_D_E_direct,offramp,FW_E,10483,20,,5,600.0,2417,5,0,0,0,0
7800.1,7830.1,OR_D_W_signal,offramp,FW_W,10491,9,,7,840.0,1805,4,0,0,0,0
7800.1,7830.1,OR_D_W_direct,offramp,FW_W,10479,7,,7,840.0,1734,2,0,0,0,0
7800.1,7830.1,OR_F_E_signal,offramp,FW_E,10643,9,,5,600.0,1278,2,0,0,0,0
7800.1,7830.1,OR_F_E_direct,offramp,FW_E,10682,11,,7,840.0,2551,4,0,0,0,0
7800.1,7830.1,OR_F_W_signal,offramp,FW_W,10638,19,,4,480.0,1158,0,0,0,0,0
7800.1,7830.1,OR_F_W_direct,offramp,FW_W,10645,16,,5,600.0,2273,3,0,0,0,0
7800.1,7830.1,source_1098,source,FW_E,,,0,37,4440.0,15631,,0,37,0,0
7800.1,7830.1,source_1099,source,FW_W,,,0,36,4320.0,9551,,0,36,0,0
7830.1,7860.1,RM_C10480,ramp,FW_W,10480,,8,0,0.0,157,0,0,0,0,0
7830.1,7860.1,RM_C10482,ramp,FW_W,10482,,10,15,1800.0,3676,6,0,0,0,0
7830.1,7860.1,RM_C10646,ramp,FW_W,10646,,18,0,0.0,398,0,0,0,0,0
7830.1,7860.1,RM_C10644,ramp,FW_W,10644,,22,0,0.0,804,8,0,0,0,0
7830.1,7860.1,RM_C10639,ramp,FW_E,10639,,10,0,0.0,795,6,0,0,0,0
7830.1,7860.1,RM_C10681,ramp,FW_E,10681,,12,5,600.0,2128,0,0,0,0,0
7830.1,7860.1,RM_C10490,ramp,FW_E,10490,,21,8,960.0,1281,2,0,0,0,0
7830.1,7860.1,RM_C10484,ramp,FW_E,10484,,23,3,360.0,1049,3,0,0,0,0
7830.1,7860.1,OR_D_E_signal,offramp,FW_E,10481,18,,3,360.0,601,0,0,0,0,0
7830.1,7860.1,OR_D_E_direct,offramp,FW_E,10483,20,,21,2520.0,2438,4,0,0,0,0
7830.1,7860.1,OR_D_W_signal,offramp,FW_W,10491,9,,3,360.0,1808,0,0,0,0,0
7830.1,7860.1,OR_D_W_direct,offramp,FW_W,10479,7,,6,720.0,1740,3,0,0,0,0
7830.1,7860.1,OR_F_E_signal,offramp,FW_E,10643,9,,5,600.0,1283,1,0,0,0,0
7830.1,7860.1,OR_F_E_direct,offramp,FW_E,10682,11,,16,1920.0,2567,4,0,0,0,0
7830.1,7860.1,OR_F_W_signal,offramp,FW_W,10638,19,,1,120.0,1159,0,0,0,0,0
7830.1,7860.1,OR_F_W_direct,offramp,FW_W,10645,16,,17,2040.0,2290,8,0,0,0,0
7830.1,7860.1,source_1098,source,FW_E,,,0,38,4560.0,15669,,0,38,0,0
7830.1,7860.1,source_1099,source,FW_W,,,0,51,6120.0,9602,,0,51,0,0
7860.1,7890.1,RM_C10480,ramp,FW_W,10480,,8,0,0.0,157,0,0,0,0,0
7860.1,7890.1,RM_C10482,ramp,FW_W,10482,,10,2,240.0,3678,18,0,0,0,0
7860.1,7890.1,RM_C10646,ramp,FW_W,10646,,18,0,0.0,398,0,0,0,0,0
7860.1,7890.1,RM_C10644,ramp,FW_W,10644,,22,0,0.0,804,10,0,0,0,0
7860.1,7890.1,RM_C10639,ramp,FW_E,10639,,10,5,600.0,800,1,0,0,0,0
7860.1,7890.1,RM_C10681,ramp,FW_E,10681,,12,0,0.0,2128,10,0,0,0,0
7860.1,7890.1,RM_C10490,ramp,FW_E,10490,,21,2,240.0,1283,6,0,0,0,0
7860.1,7890.1,RM_C10484,ramp,FW_E,10484,,23,1,120.0,1050,7,0,0,0,0
7860.1,7890.1,OR_D_E_signal,offramp,FW_E,10481,18,,0,0.0,601,0,0,0,0,0
7860.1,7890.1,OR_D_E_direct,offramp,FW_E,10483,20,,7,840.0,2445,2,0,0,0,0
7860.1,7890.1,OR_D_W_signal,offramp,FW_W,10491,9,,7,840.0,1815,2,0,0,0,0
7860.1,7890.1,OR_D_W_direct,offramp,FW_W,10479,7,,9,1080.0,1749,3,0,0,0,0
7860.1,7890.1,OR_F_E_signal,offramp,FW_E,10643,9,,1,120.0,1284,1,0,0,0,0
7860.1,7890.1,OR_F_E_direct,offramp,FW_E,10682,11,,0,0.0,2567,0,0,0,0,0
7860.1,7890.1,OR_F_W_signal,offramp,FW_W,10638,19,,2,240.0,1161,1,0,0,0,0
7860.1,7890.1,OR_F_W_direct,offramp,FW_W,10645,16,,11,1320.0,2301,5,0,0,0,0
7860.1,7890.1,source_1098,source,FW_E,,,0,54,6480.0,15723,,0,54,0,0
7860.1,7890.1,source_1099,source,FW_W,,,0,35,4200.0,9637,,0,35,0,0
7890.1,7920.1,RM_C10480,ramp,FW_W,10480,,8,0,0.0,157,0,0,0,0,0
7890.1,7920.1,RM_C10482,ramp,FW_W,10482,,10,5,600.0,3683,26,0,0,0,0
7890.1,7920.1,RM_C10646,ramp,FW_W,10646,,18,0,0.0,398,3,0,0,0,0
7890.1,7920.1,RM_C10644,ramp,FW_W,10644,,22,4,480.0,808,9,0,0,0,0
7890.1,7920.1,RM_C10639,ramp,FW_E,10639,,10,1,120.0,801,3,0,0,0,0
7890.1,7920.1,RM_C10681,ramp,FW_E,10681,,12,3,360.0,2131,27,0,0,0,0
7890.1,7920.1,RM_C10490,ramp,FW_E,10490,,21,6,720.0,1289,2,0,0,0,0
7890.1,7920.1,RM_C10484,ramp,FW_E,10484,,23,5,600.0,1055,7,0,0,0,0
7890.1,7920.1,OR_D_E_signal,offramp,FW_E,10481,18,,2,240.0,603,0,0,0,0,0
7890.1,7920.1,OR_D_E_direct,offramp,FW_E,10483,20,,10,1200.0,2455,3,0,0,0,0
7890.1,7920.1,OR_D_W_signal,offramp,FW_W,10491,9,,8,960.0,1823,2,0,0,0,0
7890.1,7920.1,OR_D_W_direct,offramp,FW_W,10479,7,,8,960.0,1757,4,0,0,0,0
7890.1,7920.1,OR_F_E_signal,offramp,FW_E,10643,9,,2,240.0,1286,1,0,0,0,0
7890.1,7920.1,OR_F_E_direct,offramp,FW_E,10682,11,,9,1080.0,2576,1,0,0,0,0
7890.1,7920.1,OR_F_W_signal,offramp,FW_W,10638,19,,4,480.0,1165,2,0,0,0,0
7890.1,7920.1,OR_F_W_direct,offramp,FW_W,10645,16,,7,840.0,2308,2,0,0,0,0
7890.1,7920.1,source_1098,source,FW_E,,,0,31,3720.0,15754,,0,31,0,0
7890.1,7920.1,source_1099,source,FW_W,,,0,17,2040.0,9654,,0,17,0,0
7920.1,7950.1,RM_C10480,ramp,FW_W,10480,,8,1,120.0,158,1,0,0,0,0
7920.1,7950.1,RM_C10482,ramp,FW_W,10482,,10,18,2160.0,3701,16,0,0,0,0
7920.1,7950.1,RM_C10646,ramp,FW_W,10646,,18,3,360.0,401,1,0,0,0,0
7920.1,7950.1,RM_C10644,ramp,FW_W,10644,,22,3,360.0,811,8,0,0,0,0
7920.1,7950.1,RM_C10639,ramp,FW_E,10639,,10,3,360.0,804,3,0,0,0,0
7920.1,7950.1,RM_C10681,ramp,FW_E,10681,,12,18,2160.0,2149,17,0,0,0,0
7920.1,7950.1,RM_C10490,ramp,FW_E,10490,,21,2,240.0,1291,6,0,0,0,0
7920.1,7950.1,RM_C10484,ramp,FW_E,10484,,23,5,600.0,1060,5,0,0,0,0
7920.1,7950.1,OR_D_E_signal,offramp,FW_E,10481,18,,1,120.0,604,1,0,0,0,0
7920.1,7950.1,OR_D_E_direct,offramp,FW_E,10483,20,,9,1080.0,2464,3,0,0,0,0
7920.1,7950.1,OR_D_W_signal,offramp,FW_W,10491,9,,10,1200.0,1833,7,0,0,0,0
7920.1,7950.1,OR_D_W_direct,offramp,FW_W,10479,7,,5,600.0,1762,1,0,0,0,0
7920.1,7950.1,OR_F_E_signal,offramp,FW_E,10643,9,,3,360.0,1289,0,0,0,0,0
7920.1,7950.1,OR_F_E_direct,offramp,FW_E,10682,11,,11,1320.0,2587,7,0,0,0,0
7920.1,7950.1,OR_F_W_signal,offramp,FW_W,10638,19,,6,720.0,1171,5,0,0,0,0
7920.1,7950.1,OR_F_W_direct,offramp,FW_W,10645,16,,7,840.0,2315,6,0,0,0,0
7920.1,7950.1,source_1098,source,FW_E,,,0,40,4800.0,15794,,0,40,0,0
7920.1,7950.1,source_1099,source,FW_W,,,0,49,5880.0,9703,,0,49,0,0
7950.1,7980.1,RM_C10480,ramp,FW_W,10480,,8,0,0.0,158,1,0,0,0,0
7950.1,7980.1,RM_C10482,ramp,FW_W,10482,,10,9,1080.0,3710,24,0,0,0,0
7950.1,7980.1,RM_C10646,ramp,FW_W,10646,,18,0,0.0,401,5,0,0,0,0
7950.1,7980.1,RM_C10644,ramp,FW_W,10644,,22,4,480.0,815,9,0,0,0,0
7950.1,7980.1,RM_C10639,ramp,FW_E,10639,,10,2,240.0,806,2,0,0,0,0
7950.1,7980.1,RM_C10681,ramp,FW_E,10681,,12,9,1080.0,2158,8,0,0,0,0
7950.1,7980.1,RM_C10490,ramp,FW_E,10490,,21,7,840.0,1298,0,0,0,0,0
7950.1,7980.1,RM_C10484,ramp,FW_E,10484,,23,5,600.0,1065,3,0,0,0,0
7950.1,7980.1,OR_D_E_signal,offramp,FW_E,10481,18,,1,120.0,605,0,0,0,0,0
7950.1,7980.1,OR_D_E_direct,offramp,FW_E,10483,20,,5,600.0,2469,0,0,0,0,0
7950.1,7980.1,OR_D_W_signal,offramp,FW_W,10491,9,,10,1200.0,1843,2,0,0,0,0
7950.1,7980.1,OR_D_W_direct,offramp,FW_W,10479,7,,4,480.0,1766,0,0,0,0,0
7950.1,7980.1,OR_F_E_signal,offramp,FW_E,10643,9,,4,480.0,1293,2,0,0,0,0
7950.1,7980.1,OR_F_E_direct,offramp,FW_E,10682,11,,6,720.0,2593,4,0,0,0,0
7950.1,7980.1,OR_F_W_signal,offramp,FW_W,10638,19,,5,600.0,1176,3,0,0,0,0
7950.1,7980.1,OR_F_W_direct,offramp,FW_W,10645,16,,3,360.0,2318,1,0,0,0,0
7950.1,7980.1,source_1098,source,FW_E,,,0,47,5640.0,15841,,0,47,0,0
7950.1,7980.1,source_1099,source,FW_W,,,0,27,3240.0,9730,,0,27,0,0
7980.1,8010.1,RM_C10480,ramp,FW_W,10480,,8,1,120.0,159,0,0,0,0,0
7980.1,8010.1,RM_C10482,ramp,FW_W,10482,,10,20,2400.0,3730,18,0,0,0,0
7980.1,8010.1,RM_C10646,ramp,FW_W,10646,,18,4,480.0,405,1,0,0,0,0
7980.1,8010.1,RM_C10644,ramp,FW_W,10644,,22,4,480.0,819,9,0,0,0,0
7980.1,8010.1,RM_C10639,ramp,FW_E,10639,,10,2,240.0,808,0,0,0,0,0
7980.1,8010.1,RM_C10681,ramp,FW_E,10681,,12,8,960.0,2166,0,0,0,0,0
7980.1,8010.1,RM_C10490,ramp,FW_E,10490,,21,1,120.0,1299,3,0,0,0,0
7980.1,8010.1,RM_C10484,ramp,FW_E,10484,,23,2,240.0,1067,7,0,0,0,0
7980.1,8010.1,OR_D_E_signal,offramp,FW_E,10481,18,,4,480.0,609,3,0,0,0,0
7980.1,8010.1,OR_D_E_direct,offramp,FW_E,10483,20,,8,960.0,2477,0,0,0,0,0
7980.1,8010.1,OR_D_W_signal,offramp,FW_W,10491,9,,7,840.0,1850,3,0,0,0,0
7980.1,8010.1,OR_D_W_direct,offramp,FW_W,10479,7,,7,840.0,1773,1,0,0,0,0
7980.1,8010.1,OR_F_E_signal,offramp,FW_E,10643,9,,1,120.0,1294,0,0,0,0,0
7980.1,8010.1,OR_F_E_direct,offramp,FW_E,10682,11,,6,720.0,2599,0,0,0,0,0
7980.1,8010.1,OR_F_W_signal,offramp,FW_W,10638,19,,5,600.0,1181,2,0,0,0,0
7980.1,8010.1,OR_F_W_direct,offramp,FW_W,10645,16,,6,720.0,2324,2,0,0,0,0
7980.1,8010.1,source_1098,source,FW_E,,,0,34,4080.0,15875,,0,34,0,0
7980.1,8010.1,source_1099,source,FW_W,,,0,31,3720.0,9761,,0,31,0,0
8010.1,8040.1,RM_C10480,ramp,FW_W,10480,,8,0,0.0,159,1,0,0,0,0
8010.1,8040.1,RM_C10482,ramp,FW_W,10482,,10,4,480.0,3734,22,0,0,0,0
8010.1,8040.1,RM_C10646,ramp,FW_W,10646,,18,0,0.0,405,0,0,0,0,0
8010.1,8040.1,RM_C10644,ramp,FW_W,10644,,22,0,0.0,819,9,0,0,0,0
8010.1,8040.1,RM_C10639,ramp,FW_E,10639,,10,0,0.0,808,2,0,0,0,0
8010.1,8040.1,RM_C10681,ramp,FW_E,10681,,12,0,0.0,2166,8,0,0,0,0
8010.1,8040.1,RM_C10490,ramp,FW_E,10490,,21,3,360.0,1302,2,0,0,0,0
8010.1,8040.1,RM_C10484,ramp,FW_E,10484,,23,1,120.0,1068,9,0,0,0,0
8010.1,8040.1,OR_D_E_signal,offramp,FW_E,10481,18,,1,120.0,610,0,0,0,0,0
8010.1,8040.1,OR_D_E_direct,offramp,FW_E,10483,20,,2,240.0,2479,2,0,0,0,0
8010.1,8040.1,OR_D_W_signal,offramp,FW_W,10491,9,,4,480.0,1854,0,0,0,0,0
8010.1,8040.1,OR_D_W_direct,offramp,FW_W,10479,7,,8,960.0,1781,1,0,0,0,0
8010.1,8040.1,OR_F_E_signal,offramp,FW_E,10643,9,,4,480.0,1298,1,0,0,0,0
8010.1,8040.1,OR_F_E_direct,offramp,FW_E,10682,11,,4,480.0,2603,1,0,0,0,0
8010.1,8040.1,OR_F_W_signal,offramp,FW_W,10638,19,,2,240.0,1183,2,0,0,0,0
8010.1,8040.1,OR_F_W_direct,offramp,FW_W,10645,16,,10,1200.0,2334,5,0,0,0,0
8010.1,8040.1,source_1098,source,FW_E,,,0,40,4800.0,15915,,0,40,0,0
8010.1,8040.1,source_1099,source,FW_W,,,0,36,4320.0,9797,,0,36,0,0
8040.1,8070.1,RM_C10480,ramp,FW_W,10480,,8,0,0.0,159,0,0,0,0,0
8040.1,8070.1,RM_C10482,ramp,FW_W,10482,,10,18,2160.0,3752,16,0,0,0,0
8040.1,8070.1,RM_C10646,ramp,FW_W,10646,,18,0,0.0,405,6,0,0,0,0
8040.1,8070.1,RM_C10644,ramp,FW_W,10644,,22,6,720.0,825,4,0,0,0,0
8040.1,8070.1,RM_C10639,ramp,FW_E,10639,,10,2,240.0,810,3,0,0,0,0
8040.1,8070.1,RM_C10681,ramp,FW_E,10681,,12,2,240.0,2168,23,0,0,0,0
8040.1,8070.1,RM_C10490,ramp,FW_E,10490,,21,2,240.0,1304,3,0,0,0,0
8040.1,8070.1,RM_C10484,ramp,FW_E,10484,,23,9,1080.0,1077,4,0,0,0,0
8040.1,8070.1,OR_D_E_signal,offramp,FW_E,10481,18,,1,120.0,611,0,0,0,0,0
8040.1,8070.1,OR_D_E_direct,offramp,FW_E,10483,20,,17,2040.0,2496,3,0,0,0,0
8040.1,8070.1,OR_D_W_signal,offramp,FW_W,10491,9,,7,840.0,1861,1,0,0,0,0
8040.1,8070.1,OR_D_W_direct,offramp,FW_W,10479,7,,2,240.0,1783,0,0,0,0,0
8040.1,8070.1,OR_F_E_signal,offramp,FW_E,10643,9,,4,480.0,1302,4,0,0,0,0
8040.1,8070.1,OR_F_E_direct,offramp,FW_E,10682,11,,6,720.0,2609,0,0,0,0,0
8040.1,8070.1,OR_F_W_signal,offramp,FW_W,10638,19,,2,240.0,1185,1,0,0,0,0
8040.1,8070.1,OR_F_W_direct,offramp,FW_W,10645,16,,7,840.0,2341,5,0,0,0,0
8040.1,8070.1,source_1098,source,FW_E,,,0,45,5400.0,15960,,0,45,0,0
8040.1,8070.1,source_1099,source,FW_W,,,0,32,3840.0,9829,,0,32,0,0
8070.1,8100.1,RM_C10480,ramp,FW_W,10480,,8,3,360.0,162,3,0,0,0,0
8070.1,8100.1,RM_C10482,ramp,FW_W,10482,,10,6,720.0,3758,21,0,0,0,0
8070.1,8100.1,RM_C10646,ramp,FW_W,10646,,18,4,480.0,409,6,0,0,0,0
8070.1,8100.1,RM_C10644,ramp,FW_W,10644,,22,3,360.0,828,2,0,0,0,0
8070.1,8100.1,RM_C10639,ramp,FW_E,10639,,10,3,360.0,813,4,0,0,0,0
8070.1,8100.1,RM_C10681,ramp,FW_E,10681,,12,19,2280.0,2187,19,0,0,0,0
8070.1,8100.1,RM_C10490,ramp,FW_E,10490,,21,3,360.0,1307,2,0,0,0,0
8070.1,8100.1,RM_C10484,ramp,FW_E,10484,,23,3,360.0,1080,6,0,0,0,0
8070.1,8100.1,OR_D_E_signal,offramp,FW_E,10481,18,,0,0.0,611,0,0,0,0,0
8070.1,8100.1,OR_D_E_direct,offramp,FW_E,10483,20,,8,960.0,2504,2,0,0,0,0
8070.1,8100.1,OR_D_W_signal,offramp,FW_W,10491,9,,13,1560.0,1874,5,0,0,0,0
8070.1,8100.1,OR_D_W_direct,offramp,FW_W,10479,7,,6,720.0,1789,3,0,0,0,0
8070.1,8100.1,OR_F_E_signal,offramp,FW_E,10643,9,,4,480.0,1306,1,0,0,0,0
8070.1,8100.1,OR_F_E_direct,offramp,FW_E,10682,11,,7,840.0,2616,3,0,0,0,0
8070.1,8100.1,OR_F_W_signal,offramp,FW_W,10638,19,,3,360.0,1188,1,0,0,0,0
8070.1,8100.1,OR_F_W_direct,offramp,FW_W,10645,16,,8,960.0,2349,6,0,0,0,0
8070.1,8100.1,source_1098,source,FW_E,,,0,49,5880.0,16009,,0,49,0,0
8070.1,8100.1,source_1099,source,FW_W,,,0,23,2760.0,9852,,0,23,0,0
8100.1,8130.1,RM_C10480,ramp,FW_W,10480,,8,2,240.0,164,1,0,0,0,0
8100.1,8130.1,RM_C10482,ramp,FW_W,10482,,10,19,2280.0,3777,15,0,0,0,0
8100.1,8130.1,RM_C10646,ramp,FW_W,10646,,18,2,240.0,411,1,0,0,0,0
8100.1,8130.1,RM_C10644,ramp,FW_W,10644,,22,0,0.0,828,2,0,0,0,0
8100.1,8130.1,RM_C10639,ramp,FW_E,10639,,10,4,480.0,817,1,0,0,0,0
8100.1,8130.1,RM_C10681,ramp,FW_E,10681,,12,13,1560.0,2200,6,0,0,0,0
8100.1,8130.1,RM_C10490,ramp,FW_E,10490,,21,3,360.0,1310,6,0,0,0,0
8100.1,8130.1,RM_C10484,ramp,FW_E,10484,,23,2,240.0,1082,5,0,0,0,0
8100.1,8130.1,OR_D_E_signal,offramp,FW_E,10481,18,,1,120.0,612,0,0,0,0,0
8100.1,8130.1,OR_D_E_direct,offramp,FW_E,10483,20,,10,1200.0,2514,4,0,0,0,0
8100.1,8130.1,OR_D_W_signal,offramp,FW_W,10491,9,,9,1080.0,1883,2,0,0,0,0
8100.1,8130.1,OR_D_W_direct,offramp,FW_W,10479,7,,6,720.0,1795,0,0,0,0,0
8100.1,8130.1,OR_F_E_signal,offramp,FW_E,10643,9,,5,600.0,1311,5,0,0,0,0
8100.1,8130.1,OR_F_E_direct,offramp,FW_E,10682,11,,2,240.0,2618,0,0,0,0,0
8100.1,8130.1,OR_F_W_signal,offramp,FW_W,10638,19,,9,1080.0,1197,7,0,0,0,0
8100.1,8130.1,OR_F_W_direct,offramp,FW_W,10645,16,,6,720.0,2355,6,0,0,0,0
8100.1,8130.1,source_1098,source,FW_E,,,0,34,4080.0,16043,,0,34,0,0
8100.1,8130.1,source_1099,source,FW_W,,,0,28,3360.0,9880,,0,28,0,0
8130.1,8160.1,RM_C10480,ramp,FW_W,10480,,8,0,0.0,164,0,0,0,0,0
8130.1,8160.1,RM_C10482,ramp,FW_W,10482,,10,11,1320.0,3788,11,0,0,0,0
8130.1,8160.1,RM_C10646,ramp,FW_W,10646,,18,0,0.0,411,1,0,0,0,0
8130.1,8160.1,RM_C10644,ramp,FW_W,10644,,22,1,120.0,829,5,0,0,0,0
8130.1,8160.1,RM_C10639,ramp,FW_E,10639,,10,1,120.0,818,0,0,0,0,0
8130.1,8160.1,RM_C10681,ramp,FW_E,10681,,12,6,720.0,2206,0,0,0,0,0
8130.1,8160.1,RM_C10490,ramp,FW_E,10490,,21,4,480.0,1314,8,0,0,0,0
8130.1,8160.1,RM_C10484,ramp,FW_E,10484,,23,4,480.0,1086,2,0,0,0,0
8130.1,8160.1,OR_D_E_signal,offramp,FW_E,10481,18,,1,120.0,613,1,0,0,0,0
8130.1,8160.1,OR_D_E_direct,offramp,FW_E,10483,20,,3,360.0,2517,3,0,0,0,0
8130.1,8160.1,OR_D_W_signal,offramp,FW_W,10491,9,,5,600.0,1888,1,0,0,0,0
8130.1,8160.1,OR_D_W_direct,offramp,FW_W,10479,7,,5,600.0,1800,4,0,0,0,0
8130.1,8160.1,OR_F_E_signal,offramp,FW_E,10643,9,,5,600.0,1316,0,0,0,0,0
8130.1,8160.1,OR_F_E_direct,offramp,FW_E,10682,11,,8,960.0,2626,1,0,0,0,0
8130.1,8160.1,OR_F_W_signal,offramp,FW_W,10638,19,,5,600.0,1202,2,0,0,0,0
8130.1,8160.1,OR_F_W_direct,offramp,FW_W,10645,16,,14,1680.0,2369,1,0,0,0,0
8130.1,8160.1,source_1098,source,FW_E,,,0,31,3720.0,16074,,0,31,0,0
8130.1,8160.1,source_1099,source,FW_W,,,0,40,4800.0,9920,,0,40,0,0
8160.1,8190.1,RM_C10480,ramp,FW_W,10480,,8,0,0.0,164,0,0,0,0,0
8160.1,8190.1,RM_C10482,ramp,FW_W,10482,,10,10,1200.0,3798,6,0,0,0,0
8160.1,8190.1,RM_C10646,ramp,FW_W,10646,,18,0,0.0,411,2,0,0,0,0
8160.1,8190.1,RM_C10644,ramp,FW_W,10644,,22,1,120.0,830,4,0,0,0,0
8160.1,8190.1,RM_C10639,ramp,FW_E,10639,,10,0,0.0,818,3,0,0,0,0
8160.1,8190.1,RM_C10681,ramp,FW_E,10681,,12,0,0.0,2206,11,0,0,0,0
8160.1,8190.1,RM_C10490,ramp,FW_E,10490,,21,9,1080.0,1323,3,0,0,0,0
8160.1,8190.1,RM_C10484,ramp,FW_E,10484,,23,1,120.0,1087,3,0,0,0,0
8160.1,8190.1,OR_D_E_signal,offramp,FW_E,10481,18,,2,240.0,615,0,0,0,0,0
8160.1,8190.1,OR_D_E_direct,offramp,FW_E,10483,20,,5,600.0,2522,0,0,0,0,0
8160.1,8190.1,OR_D_W_signal,offramp,FW_W,10491,9,,3,360.0,1891,2,0,0,0,0
8160.1,8190.1,OR_D_W_direct,offramp,FW_W,10479,7,,7,840.0,1807,2,0,0,0,0
8160.1,8190.1,OR_F_E_signal,offramp,FW_E,10643,9,,2,240.0,1318,2,0,0,0,0
8160.1,8190.1,OR_F_E_direct,offramp,FW_E,10682,11,,3,360.0,2629,0,0,0,0,0
8160.1,8190.1,OR_F_W_signal,offramp,FW_W,10638,19,,1,120.0,1203,1,0,0,0,0
8160.1,8190.1,OR_F_W_direct,offramp,FW_W,10645,16,,1,120.0,2370,1,0,0,0,0
8160.1,8190.1,source_1098,source,FW_E,,,0,35,4200.0,16109,,0,35,0,0
8160.1,8190.1,source_1099,source,FW_W,,,0,50,6000.0,9970,,0,50,0,0
8190.1,8220.1,RM_C10480,ramp,FW_W,10480,,8,0,0.0,164,2,0,0,0,0
8190.1,8220.1,RM_C10482,ramp,FW_W,10482,,10,5,600.0,3803,5,0,0,0,0
8190.1,8220.1,RM_C10646,ramp,FW_W,10646,,18,1,120.0,412,4,0,0,0,0
8190.1,8220.1,RM_C10644,ramp,FW_W,10644,,22,3,360.0,833,6,0,0,0,0
8190.1,8220.1,RM_C10639,ramp,FW_E,10639,,10,3,360.0,821,0,0,0,0,0
8190.1,8220.1,RM_C10681,ramp,FW_E,10681,,12,10,1200.0,2216,22,0,0,0,0
8190.1,8220.1,RM_C10490,ramp,FW_E,10490,,21,3,360.0,1326,1,0,0,0,0
8190.1,8220.1,RM_C10484,ramp,FW_E,10484,,23,1,120.0,1088,6,0,0,0,0
8190.1,8220.1,OR_D_E_signal,offramp,FW_E,10481,18,,1,120.0,616,0,0,0,0,0
8190.1,8220.1,OR_D_E_direct,offramp,FW_E,10483,20,,7,840.0,2529,6,0,0,0,0
8190.1,8220.1,OR_D_W_signal,offramp,FW_W,10491,9,,9,1080.0,1900,3,0,0,0,0
8190.1,8220.1,OR_D_W_direct,offramp,FW_W,10479,7,,8,960.0,1815,3,0,0,0,0
8190.1,8220.1,OR_F_E_signal,offramp,FW_E,10643,9,,7,840.0,1325,2,0,0,0,0
8190.1,8220.1,OR_F_E_direct,offramp,FW_E,10682,11,,6,720.0,2635,1,0,0,0,0
8190.1,8220.1,OR_F_W_signal,offramp,FW_W,10638,19,,2,240.0,1205,1,0,0,0,0
8190.1,8220.1,OR_F_W_direct,offramp,FW_W,10645,16,,16,1920.0,2386,4,0,0,0,0
8190.1,8220.1,source_1098,source,FW_E,,,0,32,3840.0,16141,,0,32,0,0
8190.1,8220.1,source_1099,source,FW_W,,,0,31,3720.0,10001,,0,31,0,0
8220.1,8250.1,RM_C10480,ramp,FW_W,10480,,8,1,120.0,165,3,0,0,0,0
8220.1,8250.1,RM_C10482,ramp,FW_W,10482,,10,5,600.0,3808,10,0,0,0,0
8220.1,8250.1,RM_C10646,ramp,FW_W,10646,,18,2,240.0,414,5,0,0,0,0
8220.1,8250.1,RM_C10644,ramp,FW_W,10644,,22,1,120.0,834,8,0,0,0,0
8220.1,8250.1,RM_C10639,ramp,FW_E,10639,,10,0,0.0,821,1,0,0,0,0
8220.1,8250.1,RM_C10681,ramp,FW_E,10681,,12,15,1800.0,2231,14,0,0,0,0
8220.1,8250.1,RM_C10490,ramp,FW_E,10490,,21,2,240.0,1328,0,0,0,0,0
8220.1,8250.1,RM_C10484,ramp,FW_E,10484,,23,5,600.0,1093,7,0,0,0,0
8220.1,8250.1,OR_D_E_signal,offramp,FW_E,10481,18,,2,240.0,618,1,0,0,0,0
8220.1,8250.1,OR_D_E_direct,offramp,FW_E,10483,20,,9,1080.0,2538,0,0,0,0,0
8220.1,8250.1,OR_D_W_signal,offramp,FW_W,10491,9,,7,840.0,1907,4,0,0,0,0
8220.1,8250.1,OR_D_W_direct,offramp,FW_W,10479,7,,5,600.0,1820,3,0,0,0,0
8220.1,8250.1,OR_F_E_signal,offramp,FW_E,10643,9,,2,240.0,1327,2,0,0,0,0
8220.1,8250.1,OR_F_E_direct,offramp,FW_E,10682,11,,8,960.0,2643,1,0,0,0,0
8220.1,8250.1,OR_F_W_signal,offramp,FW_W,10638,19,,8,960.0,1213,1,0,0,0,0
8220.1,8250.1,OR_F_W_direct,offramp,FW_W,10645,16,,12,1440.0,2398,2,0,0,0,0
8220.1,8250.1,source_1098,source,FW_E,,,0,43,5160.0,16184,,0,43,0,0
8220.1,8250.1,source_1099,source,FW_W,,,0,32,3840.0,10033,,0,32,0,0
8250.1,8280.1,RM_C10480,ramp,FW_W,10480,,8,1,120.0,166,0,0,0,0,0
8250.1,8280.1,RM_C10482,ramp,FW_W,10482,,10,3,360.0,3811,15,0,0,0,0
8250.1,8280.1,RM_C10646,ramp,FW_W,10646,,18,5,600.0,419,1,0,0,0,0
8250.1,8280.1,RM_C10644,ramp,FW_W,10644,,22,0,0.0,834,10,0,0,0,0
8250.1,8280.1,RM_C10639,ramp,FW_E,10639,,10,1,120.0,822,5,0,0,0,0
8250.1,8280.1,RM_C10681,ramp,FW_E,10681,,12,14,1680.0,2245,0,0,0,0,0
8250.1,8280.1,RM_C10490,ramp,FW_E,10490,,21,1,120.0,1329,3,0,0,0,0
8250.1,8280.1,RM_C10484,ramp,FW_E,10484,,23,4,480.0,1097,4,0,0,0,0
8250.1,8280.1,OR_D_E_signal,offramp,FW_E,10481,18,,3,360.0,621,1,0,0,0,0
8250.1,8280.1,OR_D_E_direct,offramp,FW_E,10483,20,,0,0.0,2538,0,0,0,0,0
8250.1,8280.1,OR_D_W_signal,offramp,FW_W,10491,9,,10,1200.0,1917,3,0,0,0,0
8250.1,8280.1,OR_D_W_direct,offramp,FW_W,10479,7,,6,720.0,1826,2,0,0,0,0
8250.1,8280.1,OR_F_E_signal,offramp,FW_E,10643,9,,6,720.0,1333,2,0,0,0,0
8250.1,8280.1,OR_F_E_direct,offramp,FW_E,10682,11,,13,1560.0,2656,0,0,0,0,0
8250.1,8280.1,OR_F_W_signal,offramp,FW_W,10638,19,,6,720.0,1219,3,0,0,0,0
8250.1,8280.1,OR_F_W_direct,offramp,FW_W,10645,16,,8,960.0,2406,2,0,0,0,0
8250.1,8280.1,source_1098,source,FW_E,,,0,41,4920.0,16225,,0,41,0,0
8250.1,8280.1,source_1099,source,FW_W,,,0,30,3600.0,10063,,0,30,0,0
8280.1,8310.1,RM_C10480,ramp,FW_W,10480,,8,0,0.0,166,0,0,0,0,0
8280.1,8310.1,RM_C10482,ramp,FW_W,10482,,10,14,1680.0,3825,11,0,0,0,0
8280.1,8310.1,RM_C10646,ramp,FW_W,10646,,18,0,0.0,419,0,0,0,0,0
8280.1,8310.1,RM_C10644,ramp,FW_W,10644,,22,0,0.0,834,12,0,0,0,0
8280.1,8310.1,RM_C10639,ramp,FW_E,10639,,10,5,600.0,827,0,0,0,0,0
8280.1,8310.1,RM_C10681,ramp,FW_E,10681,,12,0,0.0,2245,0,0,0,0,0
8280.1,8310.1,RM_C10490,ramp,FW_E,10490,,21,3,360.0,1332,2,0,0,0,0
8280.1,8310.1,RM_C10484,ramp,FW_E,10484,,23,4,480.0,1101,2,0,0,0,0
8280.1,8310.1,OR_D_E_signal,offramp,FW_E,10481,18,,1,120.0,622,1,0,0,0,0
8280.1,8310.1,OR_D_E_direct,offramp,FW_E,10483,20,,2,240.0,2540,0,0,0,0,0
8280.1,8310.1,OR_D_W_signal,offramp,FW_W,10491,9,,8,960.0,1925,3,0,0,0,0
8280.1,8310.1,OR_D_W_direct,offramp,FW_W,10479,7,,4,480.0,1830,2,0,0,0,0
8280.1,8310.1,OR_F_E_signal,offramp,FW_E,10643,9,,0,0.0,1333,0,0,0,0,0
8280.1,8310.1,OR_F_E_direct,offramp,FW_E,10682,11,,6,720.0,2662,0,0,0,0,0
8280.1,8310.1,OR_F_W_signal,offramp,FW_W,10638,19,,0,0.0,1219,0,0,0,0,0
8280.1,8310.1,OR_F_W_direct,offramp,FW_W,10645,16,,6,720.0,2412,0,0,0,0,0
8280.1,8310.1,source_1098,source,FW_E,,,0,48,5760.0,16273,,0,48,0,0
8280.1,8310.1,source_1099,source,FW_W,,,0,42,5040.0,10105,,0,42,0,0
8310.1,8340.1,RM_C10480,ramp,FW_W,10480,,8,0,0.0,166,1,0,0,0,0
8310.1,8340.1,RM_C10482,ramp,FW_W,10482,,10,8,960.0,3833,10,0,0,0,0
8310.1,8340.1,RM_C10646,ramp,FW_W,10646,,18,0,0.0,419,2,0,0,0,0
8310.1,8340.1,RM_C10644,ramp,FW_W,10644,,22,8,960.0,842,7,0,0,0,0
8310.1,8340.1,RM_C10639,ramp,FW_E,10639,,10,0,0.0,827,4,0,0,0,0
8310.1,8340.1,RM_C10681,ramp,FW_E,10681,,12,0,0.0,2245,8,0,0,0,0
8310.1,8340.1,RM_C10490,ramp,FW_E,10490,,21,3,360.0,1335,1,0,0,0,0
8310.1,8340.1,RM_C10484,ramp,FW_E,10484,,23,2,240.0,1103,2,0,0,0,0
8310.1,8340.1,OR_D_E_signal,offramp,FW_E,10481,18,,1,120.0,623,1,0,0,0,0
8310.1,8340.1,OR_D_E_direct,offramp,FW_E,10483,20,,8,960.0,2548,1,0,0,0,0
8310.1,8340.1,OR_D_W_signal,offramp,FW_W,10491,9,,2,240.0,1927,1,0,0,0,0
8310.1,8340.1,OR_D_W_direct,offramp,FW_W,10479,7,,7,840.0,1837,2,0,0,0,0
8310.1,8340.1,OR_F_E_signal,offramp,FW_E,10643,9,,3,360.0,1336,0,0,0,0,0
8310.1,8340.1,OR_F_E_direct,offramp,FW_E,10682,11,,1,120.0,2663,0,0,0,0,0
8310.1,8340.1,OR_F_W_signal,offramp,FW_W,10638,19,,5,600.0,1224,2,0,0,0,0
8310.1,8340.1,OR_F_W_direct,offramp,FW_W,10645,16,,3,360.0,2415,0,0,0,0,0
8310.1,8340.1,source_1098,source,FW_E,,,0,32,3840.0,16305,,0,32,0,0
8310.1,8340.1,source_1099,source,FW_W,,,0,26,3120.0,10131,,0,26,0,0
8340.1,8370.1,RM_C10480,ramp,FW_W,10480,,8,0,0.0,166,0,0,0,0,0
8340.1,8370.1,RM_C10482,ramp,FW_W,10482,,10,7,840.0,3840,13,0,0,0,0
8340.1,8370.1,RM_C10646,ramp,FW_W,10646,,18,1,120.0,420,2,0,0,0,0
8340.1,8370.1,RM_C10644,ramp,FW_W,10644,,22,0,0.0,842,10,0,0,0,0
8340.1,8370.1,RM_C10639,ramp,FW_E,10639,,10,1,120.0,828,4,0,0,0,0
8340.1,8370.1,RM_C10681,ramp,FW_E,10681,,12,4,480.0,2249,24,0,0,0,0
8340.1,8370.1,RM_C10490,ramp,FW_E,10490,,21,1,120.0,1336,5,0,0,0,0
8340.1,8370.1,RM_C10484,ramp,FW_E,10484,,23,2,240.0,1105,5,0,0,0,0
8340.1,8370.1,OR_D_E_signal,offramp,FW_E,10481,18,,2,240.0,625,2,0,0,0,0
8340.1,8370.1,OR_D_E_direct,offramp,FW_E,10483,20,,3,360.0,2551,3,0,0,0,0
8340.1,8370.1,OR_D_W_signal,offramp,FW_W,10491,9,,7,840.0,1934,5,0,0,0,0
8340.1,8370.1,OR_D_W_direct,offramp,FW_W,10479,7,,1,120.0,1838,1,0,0,0,0
8340.1,8370.1,OR_F_E_signal,offramp,FW_E,10643,9,,3,360.0,1339,2,0,0,0,0
8340.1,8370.1,OR_F_E_direct,offramp,FW_E,10682,11,,10,1200.0,2673,0,0,0,0,0
8340.1,8370.1,OR_F_W_signal,offramp,FW_W,10638,19,,4,480.0,1228,0,0,0,0,0
8340.1,8370.1,OR_F_W_direct,offramp,FW_W,10645,16,,2,240.0,2417,1,0,0,0,0
8340.1,8370.1,source_1098,source,FW_E,,,0,49,5880.0,16354,,0,49,0,0
8340.1,8370.1,source_1099,source,FW_W,,,0,38,4560.0,10169,,0,38,0,0
8370.1,8400.1,RM_C10480,ramp,FW_W,10480,,8,0,0.0,166,3,0,0,0,0
8370.1,8400.1,RM_C10482,ramp,FW_W,10482,,10,10,1200.0,3850,13,0,0,0,0
8370.1,8400.1,RM_C10646,ramp,FW_W,10646,,18,1,120.0,421,3,0,0,0,0
8370.1,8400.1,RM_C10644,ramp,FW_W,10644,,22,4,480.0,846,7,0,0,0,0
8370.1,8400.1,RM_C10639,ramp,FW_E,10639,,10,3,360.0,831,9,0,0,0,0
8370.1,8400.1,RM_C10681,ramp,FW_E,10681,,12,14,1680.0,2263,17,0,0,0,0
8370.1,8400.1,RM_C10490,ramp,FW_E,10490,,21,5,600.0,1341,4,0,0,0,0
8370.1,8400.1,RM_C10484,ramp,FW_E,10484,,23,5,600.0,1110,3,0,0,0,0
8370.1,8400.1,OR_D_E_signal,offramp,FW_E,10481,18,,1,120.0,626,0,0,0,0,0
8370.1,8400.1,OR_D_E_direct,offramp,FW_E,10483,20,,19,2280.0,2570,8,0,0,0,0
8370.1,8400.1,OR_D_W_signal,offramp,FW_W,10491,9,,10,1200.0,1944,3,0,0,0,0
8370.1,8400.1,OR_D_W_direct,offramp,FW_W,10479,7,,6,720.0,1844,3,0,0,0,0
8370.1,8400.1,OR_F_E_signal,offramp,FW_E,10643,9,,3,360.0,1342,0,0,0,0,0
8370.1,8400.1,OR_F_E_direct,offramp,FW_E,10682,11,,9,1080.0,2682,4,0,0,0,0
8370.1,8400.1,OR_F_W_signal,offramp,FW_W,10638,19,,3,360.0,1231,2,0,0,0,0
8370.1,8400.1,OR_F_W_direct,offramp,FW_W,10645,16,,20,2400.0,2437,7,0,0,0,0
8370.1,8400.1,source_1098,source,FW_E,,,0,36,4320.0,16390,,0,36,0,0
8370.1,8400.1,source_1099,source,FW_W,,,0,43,5160.0,10212,,0,43,0,0
8400.1,8430.1,RM_C10480,ramp,FW_W,10480,,8,0,0.0,166,1,0,0,0,0
8400.1,8430.1,RM_C10482,ramp,FW_W,10482,,10,4,480.0,3854,18,0,0,0,0
8400.1,8430.1,RM_C10646,ramp,FW_W,10646,,18,0,0.0,421,0,0,0,0,0
8400.1,8430.1,RM_C10644,ramp,FW_W,10644,,22,0,0.0,846,9,0,0,0,0
8400.1,8430.1,RM_C10639,ramp,FW_E,10639,,10,9,1080.0,840,0,0,0,0,0
8400.1,8430.1,RM_C10681,ramp,FW_E,10681,,12,14,1680.0,2277,3,0,0,0,0
8400.1,8430.1,RM_C10490,ramp,FW_E,10490,,21,4,480.0,1345,3,0,0,0,0
8400.1,8430.1,RM_C10484,ramp,FW_E,10484,,23,2,240.0,1112,2,0,0,0,0
8400.1,8430.1,OR_D_E_signal,offramp,FW_E,10481,18,,0,0.0,626,0,0,0,0,0
8400.1,8430.1,OR_D_E_direct,offramp,FW_E,10483,20,,4,480.0,2574,1,0,0,0,0
8400.1,8430.1,OR_D_W_signal,offramp,FW_W,10491,9,,11,1320.0,1955,5,0,0,0,0
8400.1,8430.1,OR_D_W_direct,offramp,FW_W,10479,7,,6,720.0,1850,0,0,0,0,0
8400.1,8430.1,OR_F_E_signal,offramp,FW_E,10643,9,,2,240.0,1344,1,0,0,0,0
8400.1,8430.1,OR_F_E_direct,offramp,FW_E,10682,11,,0,0.0,2682,0,0,0,0,0
8400.1,8430.1,OR_F_W_signal,offramp,FW_W,10638,19,,6,720.0,1237,2,0,0,0,0
8400.1,8430.1,OR_F_W_direct,offramp,FW_W,10645,16,,7,840.0,2444,3,0,0,0,0
8400.1,8430.1,source_1098,source,FW_E,,,0,42,5040.0,16432,,0,42,0,0
8400.1,8430.1,source_1099,source,FW_W,,,0,48,5760.0,10260,,0,48,0,0
8430.1,8460.1,RM_C10480,ramp,FW_W,10480,,8,2,240.0,168,0,0,0,0,0
8430.1,8460.1,RM_C10482,ramp,FW_W,10482,,10,15,1800.0,3869,16,0,0,0,0
8430.1,8460.1,RM_C10646,ramp,FW_W,10646,,18,0,0.0,421,2,0,0,0,0
8430.1,8460.1,RM_C10644,ramp,FW_W,10644,,22,6,720.0,852,4,0,0,0,0
8430.1,8460.1,RM_C10639,ramp,FW_E,10639,,10,0,0.0,840,0,0,0,0,0
8430.1,8460.1,RM_C10681,ramp,FW_E,10681,,12,3,360.0,2280,0,0,0,0,0
8430.1,8460.1,RM_C10490,ramp,FW_E,10490,,21,3,360.0,1348,3,0,0,0,0
8430.1,8460.1,RM_C10484,ramp,FW_E,10484,,23,2,240.0,1114,3,0,0,0,0
8430.1,8460.1,OR_D_E_signal,offramp,FW_E,10481,18,,2,240.0,628,0,0,0,0,0
8430.1,8460.1,OR_D_E_direct,offramp,FW_E,10483,20,,0,0.0,2574,0,0,0,0,0
8430.1,8460.1,OR_D_W_signal,offramp,FW_W,10491,9,,11,1320.0,1966,3,0,0,0,0
8430.1,8460.1,OR_D_W_direct,offramp,FW_W,10479,7,,10,1200.0,1860,2,0,0,0,0
8430.1,8460.1,OR_F_E_signal,offramp,FW_E,10643,9,,2,240.0,1346,0,0,0,0,0
8430.1,8460.1,OR_F_E_direct,offramp,FW_E,10682,11,,10,1200.0,2692,2,0,0,0,0
8430.1,8460.1,OR_F_W_signal,offramp,FW_W,10638,19,,3,360.0,1240,1,0,0,0,0
8430.1,8460.1,OR_F_W_direct,offramp,FW_W,10645,16,,4,480.0,2448,3,0,0,0,0
8430.1,8460.1,source_1098,source,FW_E,,,0,46,5520.0,16478,,0,46,0,0
8430.1,8460.1,source_1099,source,FW_W,,,0,27,3240.0,10287,,0,27,0,0
8460.1,8490.1,RM_C10480,ramp,FW_W,10480,,8,0,0.0,168,0,0,0,0,0
8460.1,8490.1,RM_C10482,ramp,FW_W,10482,,10,5,600.0,3874,26,0,0,0,0
8460.1,8490.1,RM_C10646,ramp,FW_W,10646,,18,1,120.0,422,2,0,0,0,0
8460.1,8490.1,RM_C10644,ramp,FW_W,10644,,22,0,0.0,852,6,0,0,0,0
8460.1,8490.1,RM_C10639,ramp,FW_E,10639,,10,0,0.0,840,9,0,0,0,0
8460.1,8490.1,RM_C10681,ramp,FW_E,10681,,12,0,0.0,2280,8,0,0,0,0
8460.1,8490.1,RM_C10490,ramp,FW_E,10490,,21,4,480.0,1352,2,0,0,0,0
8460.1,8490.1,RM_C10484,ramp,FW_E,10484,,23,0,0.0,1114,5,0,0,0,0
8460.1,8490.1,OR_D_E_signal,offramp,FW_E,10481,18,,0,0.0,628,0,0,0,0,0
8460.1,8490.1,OR_D_E_direct,offramp,FW_E,10483,20,,9,1080.0,2583,9,0,0,0,0
8460.1,8490.1,OR_D_W_signal,offramp,FW_W,10491,9,,7,840.0,1973,1,0,0,0,0
8460.1,8490.1,OR_D_W_direct,offramp,FW_W,10479,7,,8,960.0,1868,1,0,0,0,0
8460.1,8490.1,OR_F_E_signal,offramp,FW_E,10643,9,,5,600.0,1351,0,0,0,0,0
8460.1,8490.1,OR_F_E_direct,offramp,FW_E,10682,11,,3,360.0,2695,0,0,0,0,0
8460.1,8490.1,OR_F_W_signal,offramp,FW_W,10638,19,,1,120.0,1241,0,0,0,0,0
8460.1,8490.1,OR_F_W_direct,offramp,FW_W,10645,16,,9,1080.0,2457,2,0,0,0,0
8460.1,8490.1,source_1098,source,FW_E,,,0,41,4920.0,16519,,0,41,0,0
8460.1,8490.1,source_1099,source,FW_W,,,0,41,4920.0,10328,,0,41,0,0
8490.1,8520.1,RM_C10480,ramp,FW_W,10480,,8,0,0.0,168,1,0,0,0,0
8490.1,8520.1,RM_C10482,ramp,FW_W,10482,,10,24,2880.0,3898,9,0,0,0,0
8490.1,8520.1,RM_C10646,ramp,FW_W,10646,,18,0,0.0,422,3,0,0,0,0
8490.1,8520.1,RM_C10644,ramp,FW_W,10644,,22,3,360.0,855,4,0,0,0,0
8490.1,8520.1,RM_C10639,ramp,FW_E,10639,,10,8,960.0,848,2,0,0,0,0
8490.1,8520.1,RM_C10681,ramp,FW_E,10681,,12,4,480.0,2284,19,0,0,0,0
8490.1,8520.1,RM_C10490,ramp,FW_E,10490,,21,3,360.0,1355,1,0,0,0,0
8490.1,8520.1,RM_C10484,ramp,FW_E,10484,,23,5,600.0,1119,3,0,0,0,0
8490.1,8520.1,OR_D_E_signal,offramp,FW_E,10481,18,,2,240.0,630,0,0,0,0,0
8490.1,8520.1,OR_D_E_direct,offramp,FW_E,10483,20,,1,120.0,2584,0,0,0,0,0
8490.1,8520.1,OR_D_W_signal,offramp,FW_W,10491,9,,6,720.0,1979,4,0,0,0,0
8490.1,8520.1,OR_D_W_direct,offramp,FW_W,10479,7,,5,600.0,1873,3,0,0,0,0
8490.1,8520.1,OR_F_E_signal,offramp,FW_E,10643,9,,4,480.0,1355,2,0,0,0,0
8490.1,8520.1,OR_F_E_direct,offramp,FW_E,10682,11,,4,480.0,2699,3,0,0,0,0
8490.1,8520.1,OR_F_W_signal,offramp,FW_W,10638,19,,1,120.0,1242,0,0,0,0,0
8490.1,8520.1,OR_F_W_direct,offramp,FW_W,10645,16,,6,720.0,2463,0,0,0,0,0
8490.1,8520.1,source_1098,source,FW_E,,,0,47,5640.0,16566,,0,47,0,0
8490.1,8520.1,source_1099,source,FW_W,,,0,30,3600.0,10358,,0,30,0,0
8520.1,8550.1,RM_C10480,ramp,FW_W,10480,,8,0,0.0,168,2,0,0,0,0
8520.1,8550.1,RM_C10482,ramp,FW_W,10482,,10,6,720.0,3904,11,0,0,0,0
8520.1,8550.1,RM_C10646,ramp,FW_W,10646,,18,2,240.0,424,8,0,0,0,0
8520.1,8550.1,RM_C10644,ramp,FW_W,10644,,22,2,240.0,857,4,0,0,0,0
8520.1,8550.1,RM_C10639,ramp,FW_E,10639,,10,2,240.0,850,1,0,0,0,0
8520.1,8550.1,RM_C10681,ramp,FW_E,10681,,12,11,1320.0,2295,20,0,0,0,0
8520.1,8550.1,RM_C10490,ramp,FW_E,10490,,21,1,120.0,1356,7,0,0,0,0
8520.1,8550.1,RM_C10484,ramp,FW_E,10484,,23,0,0.0,1119,10,0,0,0,0
8520.1,8550.1,OR_D_E_signal,offramp,FW_E,10481,18,,2,240.0,632,2,0,0,0,0
8520.1,8550.1,OR_D_E_direct,offramp,FW_E,10483,20,,17,2040.0,2601,7,0,0,0,0
8520.1,8550.1,OR_D_W_signal,offramp,FW_W,10491,9,,8,960.0,1987,3,0,0,0,0
8520.1,8550.1,OR_D_W_direct,offramp,FW_W,10479,7,,10,1200.0,1883,1,0,0,0,0
8520.1,8550.1,OR_F_E_signal,offramp,FW_E,10643,9,,5,600.0,1360,2,0,0,0,0
8520.1,8550.1,OR_F_E_direct,offramp,FW_E,10682,11,,7,840.0,2706,1,0,0,0,0
8520.1,8550.1,OR_F_W_signal,offramp,FW_W,10638,19,,3,360.0,1245,0,0,0,0,0
8520.1,8550.1,OR_F_W_direct,offramp,FW_W,10645,16,,5,600.0,2468,3,0,0,0,0
8520.1,8550.1,source_1098,source,FW_E,,,0,46,5520.0,16612,,0,46,0,0
8520.1,8550.1,source_1099,source,FW_W,,,0,23,2760.0,10381,,0,23,0,0
8550.1,8580.1,RM_C10480,ramp,FW_W,10480,,8,1,120.0,169,1,0,0,0,0
8550.1,8580.1,RM_C10482,ramp,FW_W,10482,,10,6,720.0,3910,11,0,0,0,0
8550.1,8580.1,RM_C10646,ramp,FW_W,10646,,18,5,600.0,429,4,0,0,0,0
8550.1,8580.1,RM_C10644,ramp,FW_W,10644,,22,2,240.0,859,3,0,0,0,0
8550.1,8580.1,RM_C10639,ramp,FW_E,10639,,10,1,120.0,851,2,0,0,0,0
8550.1,8580.1,RM_C10681,ramp,FW_E,10681,,12,11,1320.0,2306,11,0,0,0,0
8550.1,8580.1,RM_C10490,ramp,FW_E,10490,,21,7,840.0,1363,5,0,0,0,0
8550.1,8580.1,RM_C10484,ramp,FW_E,10484,,23,6,720.0,1125,5,0,0,0,0
8550.1,8580.1,OR_D_E_signal,offramp,FW_E,10481,18,,0,0.0,632,0,0,0,0,0
8550.1,8580.1,OR_D_E_direct,offramp,FW_E,10483,20,,12,1440.0,2613,5,0,0,0,0
8550.1,8580.1,OR_D_W_signal,offramp,FW_W,10491,9,,9,1080.0,1996,4,0,0,0,0
8550.1,8580.1,OR_D_W_direct,offramp,FW_W,10479,7,,4,480.0,1887,1,0,0,0,0
8550.1,8580.1,OR_F_E_signal,offramp,FW_E,10643,9,,0,0.0,1360,0,0,0,0,0
8550.1,8580.1,OR_F_E_direct,offramp,FW_E,10682,11,,1,120.0,2707,0,0,0,0,0
8550.1,8580.1,OR_F_W_signal,offramp,FW_W,10638,19,,7,840.0,1252,4,0,0,0,0
8550.1,8580.1,OR_F_W_direct,offramp,FW_W,10645,16,,2,240.0,2470,0,0,0,0,0
8550.1,8580.1,source_1098,source,FW_E,,,0,46,5520.0,16658,,0,46,0,0
8550.1,8580.1,source_1099,source,FW_W,,,0,47,5640.0,10428,,0,47,0,0
8580.1,8610.1,RM_C10480,ramp,FW_W,10480,,8,0,0.0,169,1,0,0,0,0
8580.1,8610.1,RM_C10482,ramp,FW_W,10482,,10,11,1320.0,3921,7,0,0,0,0
8580.1,8610.1,RM_C10646,ramp,FW_W,10646,,18,0,0.0,429,3,0,0,0,0
8580.1,8610.1,RM_C10644,ramp,FW_W,10644,,22,0,0.0,859,5,0,0,0,0
8580.1,8610.1,RM_C10639,ramp,FW_E,10639,,10,2,240.0,853,2,0,0,0,0
8580.1,8610.1,RM_C10681,ramp,FW_E,10681,,12,11,1320.0,2317,0,0,0,0,0
8580.1,8610.1,RM_C10490,ramp,FW_E,10490,,21,6,720.0,1369,5,0,0,0,0
8580.1,8610.1,RM_C10484,ramp,FW_E,10484,,23,5,600.0,1130,1,0,0,0,0
8580.1,8610.1,OR_D_E_signal,offramp,FW_E,10481,18,,3,360.0,635,0,0,0,0,0
8580.1,8610.1,OR_D_E_direct,offramp,FW_E,10483,20,,1,120.0,2614,1,0,0,0,0
8580.1,8610.1,OR_D_W_signal,offramp,FW_W,10491,9,,8,960.0,2004,3,0,0,0,0
8580.1,8610.1,OR_D_W_direct,offramp,FW_W,10479,7,,9,1080.0,1896,3,0,0,0,0
8580.1,8610.1,OR_F_E_signal,offramp,FW_E,10643,9,,2,240.0,1362,2,0,0,0,0
8580.1,8610.1,OR_F_E_direct,offramp,FW_E,10682,11,,4,480.0,2711,0,0,0,0,0
8580.1,8610.1,OR_F_W_signal,offramp,FW_W,10638,19,,6,720.0,1258,0,0,0,0,0
8580.1,8610.1,OR_F_W_direct,offramp,FW_W,10645,16,,14,1680.0,2484,2,0,0,0,0
8580.1,8610.1,source_1098,source,FW_E,,,0,36,4320.0,16694,,0,36,0,0
8580.1,8610.1,source_1099,source,FW_W,,,0,33,3960.0,10461,,0,33,0,0
8610.1,8640.1,RM_C10480,ramp,FW_W,10480,,8,0,0.0,169,1,0,0,0,0
8610.1,8640.1,RM_C10482,ramp,FW_W,10482,,10,2,240.0,3923,14,0,0,0,0
8610.1,8640.1,RM_C10646,ramp,FW_W,10646,,18,2,240.0,431,1,0,0,0,0
8610.1,8640.1,RM_C10644,ramp,FW_W,10644,,22,3,360.0,862,2,0,0,0,0
8610.1,8640.1,RM_C10639,ramp,FW_E,10639,,10,2,240.0,855,3,0,0,0,0
8610.1,8640.1,RM_C10681,ramp,FW_E,10681,,12,0,0.0,2317,7,0,0,0,0
8610.1,8640.1,RM_C10490,ramp,FW_E,10490,,21,5,600.0,1374,3,0,0,0,0
8610.1,8640.1,RM_C10484,ramp,FW_E,10484,,23,0,0.0,1130,2,0,0,0,0
8610.1,8640.1,OR_D_E_signal,offramp,FW_E,10481,18,,0,0.0,635,0,0,0,0,0
8610.1,8640.1,OR_D_E_direct,offramp,FW_E,10483,20,,9,1080.0,2623,2,0,0,0,0
8610.1,8640.1,OR_D_W_signal,offramp,FW_W,10491,9,,8,960.0,2012,2,0,0,0,0
8610.1,8640.1,OR_D_W_direct,offramp,FW_W,10479,7,,6,720.0,1902,3,0,0,0,0
8610.1,8640.1,OR_F_E_signal,offramp,FW_E,10643,9,,4,480.0,1366,1,0,0,0,0
8610.1,8640.1,OR_F_E_direct,offramp,FW_E,10682,11,,1,120.0,2712,0,0,0,0,0
8610.1,8640.1,OR_F_W_signal,offramp,FW_W,10638,19,,4,480.0,1262,2,0,0,0,0
8610.1,8640.1,OR_F_W_direct,offramp,FW_W,10645,16,,9,1080.0,2493,6,0,0,0,0
8610.1,8640.1,source_1098,source,FW_E,,,0,39,4680.0,16733,,0,39,0,0
8610.1,8640.1,source_1099,source,FW_W,,,0,46,5520.0,10507,,0,46,0,0
8640.1,8670.1,RM_C10480,ramp,FW_W,10480,,8,0,0.0,169,1,0,0,0,0
8640.1,8670.1,RM_C10482,ramp,FW_W,10482,,10,11,1320.0,3934,15,0,0,0,0
8640.1,8670.1,RM_C10646,ramp,FW_W,10646,,18,1,120.0,432,2,0,0,0,0
8640.1,8670.1,RM_C10644,ramp,FW_W,10644,,22,0,0.0,862,6,0,0,0,0
8640.1,8670.1,RM_C10639,ramp,FW_E,10639,,10,3,360.0,858,1,0,0,0,0
8640.1,8670.1,RM_C10681,ramp,FW_E,10681,,12,6,720.0,2323,17,0,0,0,0
8640.1,8670.1,RM_C10490,ramp,FW_E,10490,,21,1,120.0,1375,3,0,0,0,0
8640.1,8670.1,RM_C10484,ramp,FW_E,10484,,23,1,120.0,1131,8,0,0,0,0
8640.1,8670.1,OR_D_E_signal,offramp,FW_E,10481,18,,1,120.0,636,0,0,0,0,0
8640.1,8670.1,OR_D_E_direct,offramp,FW_E,10483,20,,5,600.0,2628,4,0,0,0,0
8640.1,8670.1,OR_D_W_signal,offramp,FW_W,10491,9,,7,840.0,2019,2,0,0,0,0
8640.1,8670.1,OR_D_W_direct,offramp,FW_W,10479,7,,9,1080.0,1911,2,0,0,0,0
8640.1,8670.1,OR_F_E_signal,offramp,FW_E,10643,9,,4,480.0,1370,2,0,0,0,0
8640.1,8670.1,OR_F_E_direct,offramp,FW_E,10682,11,,15,1800.0,2727,2,0,0,0,0
8640.1,8670.1,OR_F_W_signal,offramp,FW_W,10638,19,,3,360.0,1265,1,0,0,0,0
8640.1,8670.1,OR_F_W_direct,offramp,FW_W,10645,16,,9,1080.0,2502,3,0,0,0,0
8640.1,8670.1,source_1098,source,FW_E,,,0,29,3480.0,16762,,0,29,0,0
8640.1,8670.1,source_1099,source,FW_W,,,0,23,2760.0,10530,,0,23,0,0
8670.1,8700.1,RM_C10480,ramp,FW_W,10480,,8,0,0.0,169,5,0,0,0,0
8670.1,8700.1,RM_C10482,ramp,FW_W,10482,,10,9,1080.0,3943,17,0,0,0,0
8670.1,8700.1,RM_C10646,ramp,FW_W,10646,,18,1,120.0,433,3,0,0,0,0
8670.1,8700.1,RM_C10644,ramp,FW_W,10644,,22,2,240.0,864,4,0,0,0,0
8670.1,8700.1,RM_C10639,ramp,FW_E,10639,,10,1,120.0,859,1,0,0,0,0
8670.1,8700.1,RM_C10681,ramp,FW_E,10681,,12,16,1920.0,2339,9,0,0,0,0
8670.1,8700.1,RM_C10490,ramp,FW_E,10490,,21,3,360.0,1378,5,0,0,0,0
8670.1,8700.1,RM_C10484,ramp,FW_E,10484,,23,6,720.0,1137,4,0,0,0,0
8670.1,8700.1,OR_D_E_signal,offramp,FW_E,10481,18,,4,480.0,640,3,0,0,0,0
8670.1,8700.1,OR_D_E_direct,offramp,FW_E,10483,20,,10,1200.0,2638,2,0,0,0,0
8670.1,8700.1,OR_D_W_signal,offramp,FW_W,10491,9,,3,360.0,2022,2,0,0,0,0
8670.1,8700.1,OR_D_W_direct,offramp,FW_W,10479,7,,3,360.0,1914,2,0,0,0,0
8670.1,8700.1,OR_F_E_signal,offramp,FW_E,10643,9,,5,600.0,1375,0,0,0,0,0
8670.1,8700.1,OR_F_E_direct,offramp,FW_E,10682,11,,9,1080.0,2736,0,0,0,0,0
8670.1,8700.1,OR_F_W_signal,offramp,FW_W,10638,19,,3,360.0,1268,3,0,0,0,0
8670.1,8700.1,OR_F_W_direct,offramp,FW_W,10645,16,,4,480.0,2506,1,0,0,0,0
8670.1,8700.1,source_1098,source,FW_E,,,0,44,5280.0,16806,,0,44,0,0
8670.1,8700.1,source_1099,source,FW_W,,,0,48,5760.0,10578,,0,48,0,0
8700.1,8730.1,RM_C10480,ramp,FW_W,10480,,8,3,360.0,172,0,0,0,0,0
8700.1,8730.1,RM_C10482,ramp,FW_W,10482,,10,12,1440.0,3955,10,0,0,0,0
8700.1,8730.1,RM_C10646,ramp,FW_W,10646,,18,1,120.0,434,2,0,0,0,0
8700.1,8730.1,RM_C10644,ramp,FW_W,10644,,22,0,0.0,864,5,0,0,0,0
8700.1,8730.1,RM_C10639,ramp,FW_E,10639,,10,0,0.0,859,3,0,0,0,0
8700.1,8730.1,RM_C10681,ramp,FW_E,10681,,12,9,1080.0,2348,0,0,0,0,0
8700.1,8730.1,RM_C10490,ramp,FW_E,10490,,21,5,600.0,1383,6,0,0,0,0
8700.1,8730.1,RM_C10484,ramp,FW_E,10484,,23,4,480.0,1141,1,0,0,0,0
8700.1,8730.1,OR_D_E_signal,offramp,FW_E,10481,18,,1,120.0,641,1,0,0,0,0
8700.1,8730.1,OR_D_E_direct,offramp,FW_E,10483,20,,10,1200.0,2648,2,0,0,0,0
8700.1,8730.1,OR_D_W_signal,offramp,FW_W,10491,9,,11,1320.0,2033,1,0,0,0,0
8700.1,8730.1,OR_D_W_direct,offramp,FW_W,10479,7,,7,840.0,1921,3,0,0,0,0
8700.1,8730.1,OR_F_E_signal,offramp,FW_E,10643,9,,3,360.0,1378,1,0,0,0,0
8700.1,8730.1,OR_F_E_direct,offramp,FW_E,10682,11,,5,600.0,2741,5,0,0,0,0
8700.1,8730.1,OR_F_W_signal,offramp,FW_W,10638,19,,2,240.0,1270,2,0,0,0,0
8700.1,8730.1,OR_F_W_direct,offramp,FW_W,10645,16,,10,1200.0,2516,5,0,0,0,0
8700.1,8730.1,source_1098,source,FW_E,,,0,43,5160.0,16849,,0,43,0,0
8700.1,8730.1,source_1099,source,FW_W,,,0,43,5160.0,10621,,0,43,0,0
8730.1,8760.1,RM_C10480,ramp,FW_W,10480,,8,0,0.0,172,0,0,0,0,0
8730.1,8760.1,RM_C10482,ramp,FW_W,10482,,10,7,840.0,3962,10,0,0,0,0
8730.1,8760.1,RM_C10646,ramp,FW_W,10646,,18,1,120.0,435,0,0,0,0,0
8730.1,8760.1,RM_C10644,ramp,FW_W,10644,,22,1,120.0,865,4,0,0,0,0
8730.1,8760.1,RM_C10639,ramp,FW_E,10639,,10,3,360.0,862,3,0,0,0,0
8730.1,8760.1,RM_C10681,ramp,FW_E,10681,,12,0,0.0,2348,0,0,0,0,0
8730.1,8760.1,RM_C10490,ramp,FW_E,10490,,21,6,720.0,1389,3,0,0,0,0
8730.1,8760.1,RM_C10484,ramp,FW_E,10484,,23,1,120.0,1142,4,0,0,0,0
8730.1,8760.1,OR_D_E_signal,offramp,FW_E,10481,18,,8,960.0,649,6,0,0,0,0
8730.1,8760.1,OR_D_E_direct,offramp,FW_E,10483,20,,2,240.0,2650,1,0,0,0,0
8730.1,8760.1,OR_D_W_signal,offramp,FW_W,10491,9,,8,960.0,2041,2,0,0,0,0
8730.1,8760.1,OR_D_W_direct,offramp,FW_W,10479,7,,7,840.0,1928,2,0,0,0,0
8730.1,8760.1,OR_F_E_signal,offramp,FW_E,10643,9,,3,360.0,1381,1,0,0,0,0
8730.1,8760.1,OR_F_E_direct,offramp,FW_E,10682,11,,13,1560.0,2754,2,0,0,0,0
8730.1,8760.1,OR_F_W_signal,offramp,FW_W,10638,19,,3,360.0,1273,1,0,0,0,0
8730.1,8760.1,OR_F_W_direct,offramp,FW_W,10645,16,,13,1560.0,2529,4,0,0,0,0
8730.1,8760.1,source_1098,source,FW_E,,,0,32,3840.0,16881,,0,32,0,0
8730.1,8760.1,source_1099,source,FW_W,,,0,33,3960.0,10654,,0,33,0,0
8760.1,8790.1,RM_C10480,ramp,FW_W,10480,,8,0,0.0,172,0,0,0,0,0
8760.1,8790.1,RM_C10482,ramp,FW_W,10482,,10,8,960.0,3970,14,0,0,0,0
8760.1,8790.1,RM_C10646,ramp,FW_W,10646,,18,0,0.0,435,0,0,0,0,0
8760.1,8790.1,RM_C10644,ramp,FW_W,10644,,22,4,480.0,869,5,0,0,0,0
8760.1,8790.1,RM_C10639,ramp,FW_E,10639,,10,3,360.0,865,0,0,0,0,0
8760.1,8790.1,RM_C10681,ramp,FW_E,10681,,12,0,0.0,2348,7,0,0,0,0
8760.1,8790.1,RM_C10490,ramp,FW_E,10490,,21,3,360.0,1392,0,0,0,0,0
8760.1,8790.1,RM_C10484,ramp,FW_E,10484,,23,3,360.0,1145,3,0,0,0,0
8760.1,8790.1,OR_D_E_signal,offramp,FW_E,10481,18,,0,0.0,649,0,0,0,0,0
8760.1,8790.1,OR_D_E_direct,offramp,FW_E,10483,20,,4,480.0,2654,3,0,0,0,0
8760.1,8790.1,OR_D_W_signal,offramp,FW_W,10491,9,,7,840.0,2048,0,0,0,0,0
8760.1,8790.1,OR_D_W_direct,offramp,FW_W,10479,7,,5,600.0,1933,3,0,0,0,0
8760.1,8790.1,OR_F_E_signal,offramp,FW_E,10643,9,,0,0.0,1381,0,0,0,0,0
8760.1,8790.1,OR_F_E_direct,offramp,FW_E,10682,11,,9,1080.0,2763,1,0,0,0,0
8760.1,8790.1,OR_F_W_signal,offramp,FW_W,10638,19,,3,360.0,1276,0,0,0,0,0
8760.1,8790.1,OR_F_W_direct,offramp,FW_W,10645,16,,8,960.0,2537,8,0,0,0,0
8760.1,8790.1,source_1098,source,FW_E,,,0,42,5040.0,16923,,0,42,0,0
8760.1,8790.1,source_1099,source,FW_W,,,0,29,3480.0,10683,,0,29,0,0
8790.1,8820.1,RM_C10480,ramp,FW_W,10480,,8,0,0.0,172,0,0,0,0,0
8790.1,8820.1,RM_C10482,ramp,FW_W,10482,,10,8,960.0,3978,15,0,0,0,0
8790.1,8820.1,RM_C10646,ramp,FW_W,10646,,18,0,0.0,435,5,0,0,0,0
8790.1,8820.1,RM_C10644,ramp,FW_W,10644,,22,0,0.0,869,6,0,0,0,0
8790.1,8820.1,RM_C10639,ramp,FW_E,10639,,10,0,0.0,865,7,0,0,0,0
8790.1,8820.1,RM_C10681,ramp,FW_E,10681,,12,7,840.0,2355,18,0,0,0,0
8790.1,8820.1,RM_C10490,ramp,FW_E,10490,,21,0,0.0,1392,3,0,0,0,0
8790.1,8820.1,RM_C10484,ramp,FW_E,10484,,23,2,240.0,1147,8,0,0,0,0
8790.1,8820.1,OR_D_E_signal,offramp,FW_E,10481,18,,3,360.0,652,0,0,0,0,0
8790.1,8820.1,OR_D_E_direct,offramp,FW_E,10483,20,,11,1320.0,2665,0,0,0,0,0
8790.1,8820.1,OR_D_W_signal,offramp,FW_W,10491,9,,6,720.0,2054,1,0,0,0,0
8790.1,8820.1,OR_D_W_direct,offramp,FW_W,10479,7,,2,240.0,1935,0,0,0,0,0
8790.1,8820.1,OR_F_E_signal,offramp,FW_E,10643,9,,7,840.0,1388,4,0,0,0,0
8790.1,8820.1,OR_F_E_direct,offramp,FW_E,10682,11,,4,480.0,2767,4,0,0,0,0
8790.1,8820.1,OR_F_W_signal,offramp,FW_W,10638,19,,3,360.0,1279,0,0,0,0,0
8790.1,8820.1,OR_F_W_direct,offramp,FW_W,10645,16,,7,840.0,2544,3,0,0,0,0
8790.1,8820.1,source_1098,source,FW_E,,,0,46,5520.0,16969,,0,46,0,0
8790.1,8820.1,source_1099,source,FW_W,,,0,53,6360.0,10736,,0,53,0,0
8820.1,8850.1,RM_C10480,ramp,FW_W,10480,,8,0,0.0,172,1,0,0,0,0
8820.1,8850.1,RM_C10482,ramp,FW_W,10482,,10,9,1080.0,3987,16,0,0,0,0
8820.1,8850.1,RM_C10646,ramp,FW_W,10646,,18,4,480.0,439,0,0,0,0,0
8820.1,8850.1,RM_C10644,ramp,FW_W,10644,,22,3,360.0,872,4,0,0,0,0
8820.1,8850.1,RM_C10639,ramp,FW_E,10639,,10,1,120.0,866,9,0,0,0,0
8820.1,8850.1,RM_C10681,ramp,FW_E,10681,,12,16,1920.0,2371,4,0,0,0,0
8820.1,8850.1,RM_C10490,ramp,FW_E,10490,,21,3,360.0,1395,4,0,0,0,0
8820.1,8850.1,RM_C10484,ramp,FW_E,10484,,23,6,720.0,1153,8,0,0,0,0
8820.1,8850.1,OR_D_E_signal,offramp,FW_E,10481,18,,1,120.0,653,1,0,0,0,0
8820.1,8850.1,OR_D_E_direct,offramp,FW_E,10483,20,,10,1200.0,2675,1,0,0,0,0
8820.1,8850.1,OR_D_W_signal,offramp,FW_W,10491,9,,10,1200.0,2064,2,0,0,0,0
8820.1,8850.1,OR_D_W_direct,offramp,FW_W,10479,7,,5,600.0,1940,2,0,0,0,0
8820.1,8850.1,OR_F_E_signal,offramp,FW_E,10643,9,,6,720.0,1394,3,0,0,0,0
8820.1,8850.1,OR_F_E_direct,offramp,FW_E,10682,11,,7,840.0,2774,2,0,0,0,0
8820.1,8850.1,OR_F_W_signal,offramp,FW_W,10638,19,,7,840.0,1286,7,0,0,0,0
8820.1,8850.1,OR_F_W_direct,offramp,FW_W,10645,16,,6,720.0,2550,3,0,0,0,0
8820.1,8850.1,source_1098,source,FW_E,,,0,40,4800.0,17009,,0,40,0,0
8820.1,8850.1,source_1099,source,FW_W,,,0,29,3480.0,10765,,0,29,0,0
8850.1,8880.1,RM_C10480,ramp,FW_W,10480,,8,0,0.0,172,1,0,0,0,0
8850.1,8880.1,RM_C10482,ramp,FW_W,10482,,10,13,1560.0,4000,5,0,0,0,0
8850.1,8880.1,RM_C10646,ramp,FW_W,10646,,18,0,0.0,439,0,0,0,0,0
8850.1,8880.1,RM_C10644,ramp,FW_W,10644,,22,3,360.0,875,3,0,0,0,0
8850.1,8880.1,RM_C10639,ramp,FW_E,10639,,10,9,1080.0,875,2,0,0,0,0
8850.1,8880.1,RM_C10681,ramp,FW_E,10681,,12,4,480.0,2375,0,0,0,0,0
8850.1,8880.1,RM_C10490,ramp,FW_E,10490,,21,4,480.0,1399,4,0,0,0,0
8850.1,8880.1,RM_C10484,ramp,FW_E,10484,,23,7,840.0,1160,3,0,0,0,0
8850.1,8880.1,OR_D_E_signal,offramp,FW_E,10481,18,,2,240.0,655,1,0,0,0,0
8850.1,8880.1,OR_D_E_direct,offramp,FW_E,10483,20,,7,840.0,2682,4,0,0,0,0
8850.1,8880.1,OR_D_W_signal,offramp,FW_W,10491,9,,1,120.0,2065,1,0,0,0,0
8850.1,8880.1,OR_D_W_direct,offramp,FW_W,10479,7,,8,960.0,1948,2,0,0,0,0
8850.1,8880.1,OR_F_E_signal,offramp,FW_E,10643,9,,4,480.0,1398,1,0,0,0,0
8850.1,8880.1,OR_F_E_direct,offramp,FW_E,10682,11,,5,600.0,2779,0,0,0,0,0
8850.1,8880.1,OR_F_W_signal,offramp,FW_W,10638,19,,4,480.0,1290,0,0,0,0,0
8850.1,8880.1,OR_F_W_direct,offramp,FW_W,10645,16,,6,720.0,2556,4,0,0,0,0
8850.1,8880.1,source_1098,source,FW_E,,,0,38,4560.0,17047,,0,38,0,0
8850.1,8880.1,source_1099,source,FW_W,,,0,29,3480.0,10794,,0,29,0,0
8880.1,8910.1,RM_C10480,ramp,FW_W,10480,,8,1,120.0,173,0,0,0,0,0
8880.1,8910.1,RM_C10482,ramp,FW_W,10482,,10,4,480.0,4004,18,0,0,0,0
8880.1,8910.1,RM_C10646,ramp,FW_W,10646,,18,0,0.0,439,0,0,0,0,0
8880.1,8910.1,RM_C10644,ramp,FW_W,10644,,22,1,120.0,876,3,0,0,0,0
8880.1,8910.1,RM_C10639,ramp,FW_E,10639,,10,0,0.0,875,5,0,0,0,0
8880.1,8910.1,RM_C10681,ramp,FW_E,10681,,12,0,0.0,2375,0,0,0,0,0
8880.1,8910.1,RM_C10490,ramp,FW_E,10490,,21,4,480.0,1403,0,0,0,0,0
8880.1,8910.1,RM_C10484,ramp,FW_E,10484,,23,3,360.0,1163,3,0,0,0,0
8880.1,8910.1,OR_D_E_signal,offramp,FW_E,10481,18,,1,120.0,656,0,0,0,0,0
8880.1,8910.1,OR_D_E_direct,offramp,FW_E,10483,20,,3,360.0,2685,3,0,0,0,0
8880.1,8910.1,OR_D_W_signal,offramp,FW_W,10491,9,,8,960.0,2073,5,0,0,0,0
8880.1,8910.1,OR_D_W_direct,offramp,FW_W,10479,7,,5,600.0,1953,4,0,0,0,0
8880.1,8910.1,OR_F_E_signal,offramp,FW_E,10643,9,,3,360.0,1401,1,0,0,0,0
8880.1,8910.1,OR_F_E_direct,offramp,FW_E,10682,11,,8,960.0,2787,4,0,0,0,0
8880.1,8910.1,OR_F_W_signal,offramp,FW_W,10638,19,,3,360.0,1293,0,0,0,0,0
8880.1,8910.1,OR_F_W_direct,offramp,FW_W,10645,16,,5,600.0,2561,5,0,0,0,0
8880.1,8910.1,source_1098,source,FW_E,,,0,42,5040.0,17089,,0,42,0,0
8880.1,8910.1,source_1099,source,FW_W,,,0,46,5520.0,10840,,0,46,0,0
8910.1,8940.1,RM_C10480,ramp,FW_W,10480,,8,0,0.0,173,1,0,0,0,0
8910.1,8940.1,RM_C10482,ramp,FW_W,10482,,10,2,240.0,4006,26,0,0,0,0
8910.1,8940.1,RM_C10646,ramp,FW_W,10646,,18,0,0.0,439,0,0,0,0,0
8910.1,8940.1,RM_C10644,ramp,FW_W,10644,,22,0,0.0,876,4,0,0,0,0
8910.1,8940.1,RM_C10639,ramp,FW_E,10639,,10,3,360.0,878,8,0,0,0,0
8910.1,8940.1,RM_C10681,ramp,FW_E,10681,,12,0,0.0,2375,9,0,0,0,0
8910.1,8940.1,RM_C10490,ramp,FW_E,10490,,21,0,0.0,1403,4,0,0,0,0
8910.1,8940.1,RM_C10484,ramp,FW_E,10484,,23,1,120.0,1164,5,0,0,0,0
8910.1,8940.1,OR_D_E_signal,offramp,FW_E,10481,18,,2,240.0,658,1,0,0,0,0
8910.1,8940.1,OR_D_E_direct,offramp,FW_E,10483,20,,8,960.0,2693,4,0,0,0,0
8910.1,8940.1,OR_D_W_signal,offramp,FW_W,10491,9,,8,960.0,2081,1,0,0,0,0
8910.1,8940.1,OR_D_W_direct,offramp,FW_W,10479,7,,5,600.0,1958,3,0,0,0,0
8910.1,8940.1,OR_F_E_signal,offramp,FW_E,10643,9,,4,480.0,1405,2,0,0,0,0
8910.1,8940.1,OR_F_E_direct,offramp,FW_E,10682,11,,14,1680.0,2801,5,0,0,0,0
8910.1,8940.1,OR_F_W_signal,offramp,FW_W,10638,19,,5,600.0,1298,1,0,0,0,0
8910.1,8940.1,OR_F_W_direct,offramp,FW_W,10645,16,,3,360.0,2564,0,0,0,0,0
8910.1,8940.1,source_1098,source,FW_E,,,0,37,4440.0,17126,,0,37,0,0
8910.1,8940.1,source_1099,source,FW_W,,,0,47,5640.0,10887,,0,47,0,0
8940.1,8970.1,RM_C10480,ramp,FW_W,10480,,8,0,0.0,173,0,0,0,0,0
8940.1,8970.1,RM_C10482,ramp,FW_W,10482,,10,21,2520.0,4027,12,0,0,0,0
8940.1,8970.1,RM_C10646,ramp,FW_W,10646,,18,0,0.0,439,2,0,0,0,0
8940.1,8970.1,RM_C10644,ramp,FW_W,10644,,22,2,240.0,878,4,0,0,0,0
8940.1,8970.1,RM_C10639,ramp,FW_E,10639,,10,8,960.0,886,0,0,0,0,0
8940.1,8970.1,RM_C10681,ramp,FW_E,10681,,12,4,480.0,2379,24,0,0,0,0
8940.1,8970.1,RM_C10490,ramp,FW_E,10490,,21,5,600.0,1408,3,0,0,0,0
8940.1,8970.1,RM_C10484,ramp,FW_E,10484,,23,5,600.0,1169,5,0,0,0,0
8940.1,8970.1,OR_D_E_signal,offramp,FW_E,10481,18,,3,360.0,661,1,0,0,0,0
8940.1,8970.1,OR_D_E_direct,offramp,FW_E,10483,20,,6,720.0,2699,5,0,0,0,0
8940.1,8970.1,OR_D_W_signal,offramp,FW_W,10491,9,,7,840.0,2088,3,0,0,0,0
8940.1,8970.1,OR_D_W_direct,offramp,FW_W,10479,7,,5,600.0,1963,1,0,0,0,0
8940.1,8970.1,OR_F_E_signal,offramp,FW_E,10643,9,,1,120.0,1406,0,0,0,0,0
8940.1,8970.1,OR_F_E_direct,offramp,FW_E,10682,11,,6,720.0,2807,1,0,0,0,0
8940.1,8970.1,OR_F_W_signal,offramp,FW_W,10638,19,,4,480.0,1302,3,0,0,0,0
8940.1,8970.1,OR_F_W_direct,offramp,FW_W,10645,16,,15,1800.0,2579,7,0,0,0,0
8940.1,8970.1,source_1098,source,FW_E,,,0,37,4440.0,17163,,0,37,0,0
8940.1,8970.1,source_1099,source,FW_W,,,0,29,3480.0,10916,,0,29,0,0
