window_start_s,window_end_s,id,kind,road,connector,from_cell,to_cell,crossings,flow_vph,cumulative_crossings,snapshot_n_veh,excluded_connector_skip,source_first_appearances,source_reappearances,interval_inferred_crossings
0,30.1,RM_C10480,ramp,FW_W,10480,,8,0,0.0,0,0,0,0,0,0
0,30.1,RM_C10482,ramp,FW_W,10482,,10,0,0.0,0,0,0,0,0,0
0,30.1,RM_C10646,ramp,FW_W,10646,,18,0,0.0,0,0,0,0,0,0
0,30.1,RM_C10644,ramp,FW_W,10644,,22,0,0.0,0,0,0,0,0,0
0,30.1,RM_C10639,ramp,FW_E,10639,,10,0,0.0,0,0,0,0,0,0
0,30.1,RM_C10681,ramp,FW_E,10681,,12,0,0.0,0,0,0,0,0,0
0,30.1,RM_C10490,ramp,FW_E,10490,,21,0,0.0,0,0,0,0,0,0
0,30.1,RM_C10484,ramp,FW_E,10484,,23,0,0.0,0,0,0,0,0,0
0,30.1,OR_D_E_signal,offramp,FW_E,10481,18,,0,0.0,0,0,0,0,0,0
0,30.1,OR_D_E_direct,offramp,FW_E,10483,20,,0,0.0,0,0,0,0,0,0
0,30.1,OR_D_W_signal,offramp,FW_W,10491,9,,0,0.0,0,0,0,0,0,0
0,30.1,OR_D_W_direct,offramp,FW_W,10479,7,,0,0.0,0,0,0,0,0,0
0,30.1,OR_F_E_signal,offramp,FW_E,10643,9,,0,0.0,0,0,0,0,0,0
0,30.1,OR_F_E_direct,offramp,FW_E,10682,11,,0,0.0,0,0,0,0,0,0
0,30.1,OR_F_W_signal,offramp,FW_W,10638,19,,0,0.0,0,0,0,0,0,0
0,30.1,OR_F_W_direct,offramp,FW_W,10645,16,,0,0.0,0,0,0,0,0,0
0,30.1,source_1098,source,FW_E,,,0,53,6360.0,53,,0,53,0,0
0,30.1,source_1099,source,FW_W,,,0,40,4800.0,40,,0,40,0,0
30.1,60.1,RM_C10480,ramp,FW_W,10480,,8,0,0.0,0,0,0,0,0,0
30.1,60.1,RM_C10482,ramp,FW_W,10482,,10,0,0.0,0,0,0,0,0,0
30.1,60.1,RM_C10646,ramp,FW_W,10646,,18,0,0.0,0,0,0,0,0,0
30.1,60.1,RM_C10644,ramp,FW_W,10644,,22,0,0.0,0,0,0,0,0,0
30.1,60.1,RM_C10639,ramp,FW_E,10639,,10,0,0.0,0,0,0,0,0,0
30.1,60.1,RM_C10681,ramp,FW_E,10681,,12,0,0.0,0,0,0,0,0,0
30.1,60.1,RM_C10490,ramp,FW_E,10490,,21,0,0.0,0,0,0,0,0,0
30.1,60.1,RM_C10484,ramp,FW_E,10484,,23,0,0.0,0,0,0,0,0,0
30.1,60.1,OR_D_E_signal,offramp,FW_E,10481,18,,0,0.0,0,0,0,0,0,0
30.1,60.1,OR_D_E_direct,offramp,FW_E,10483,20,,0,0.0,0,0,0,0,0,0
30.1,60.1,OR_D_W_signal,offramp,FW_W,10491,9,,0,0.0,0,0,0,0,0,0
30.1,60.1,OR_D_W_direct,offramp,FW_W,10479,7,,0,0.0,0,0,0,0,0,0
30.1,60.1,OR_F_E_signal,offramp,FW_E,10643,9,,0,0.0,0,0,0,0,0,0
30.1,60.1,OR_F_E_direct,offramp,FW_E,10682,11,,0,0.0,0,0,0,0,0,0
30.1,60.1,OR_F_W_signal,offramp,FW_W,10638,19,,0,0.0,0,0,0,0,0,0
30.1,60.1,OR_F_W_direct,offramp,FW_W,10645,16,,0,0.0,0,0,0,0,0,0
30.1,60.1,source_1098,source,FW_E,,,0,57,6840.0,110,,0,57,0,0
30.1,60.1,source_1099,source,FW_W,,,0,34,4080.0,74,,0,34,0,0
60.099999999999994,90.1,RM_C10480,ramp,FW_W,10480,,8,0,0.0,0,0,0,0,0,0
60.099999999999994,90.1,RM_C10482,ramp,FW_W,10482,,10,0,0.0,0,1,0,0,0,0
60.099999999999994,90.1,RM_C10646,ramp,FW_W,10646,,18,0,0.0,0,0,0,0,0,0
60.099999999999994,90.1,RM_C10644,ramp,FW_W,10644,,22,0,0.0,0,0,0,0,0,0
60.099999999999994,90.1,RM_C10639,ramp,FW_E,10639,,10,0,0.0,0,0,0,0,0,0
60.099999999999994,90.1,RM_C10681,ramp,FW_E,10681,,12,0,0.0,0,0,0,0,0,0
60.099999999999994,90.1,RM_C10490,ramp,FW_E,10490,,21,0,0.0,0,0,0,0,0,0
60.099999999999994,90.1,RM_C10484,ramp,FW_E,10484,,23,0,0.0,0,0,0,0,0,0
60.099999999999994,90.1,OR_D_E_signal,offramp,FW_E,10481,18,,0,0.0,0,0,0,0,0,0
60.099999999999994,90.1,OR_D_E_direct,offramp,FW_E,10483,20,,0,0.0,0,0,0,0,0,0
60.099999999999994,90.1,OR_D_W_signal,offramp,FW_W,10491,9,,0,0.0,0,0,0,0,0,0
60.099999999999994,90.1,OR_D_W_direct,offramp,FW_W,10479,7,,0,0.0,0,0,0,0,0,0
60.099999999999994,90.1,OR_F_E_signal,offramp,FW_E,10643,9,,0,0.0,0,0,0,0,0,0
60.099999999999994,90.1,OR_F_E_direct,offramp,FW_E,10682,11,,0,0.0,0,0,0,0,0,0
60.099999999999994,90.1,OR_F_W_signal,offramp,FW_W,10638,19,,0,0.0,0,0,0,0,0,0
60.099999999999994,90.1,OR_F_W_direct,offramp,FW_W,10645,16,,0,0.0,0,0,0,0,0,0
60.099999999999994,90.1,source_1098,source,FW_E,,,0,62,7440.0,172,,0,62,0,0
60.099999999999994,90.1,source_1099,source,FW_W,,,0,33,3960.0,107,,0,33,0,0
90.1,120.1,RM_C10480,ramp,FW_W,10480,,8,0,0.0,0,0,0,0,0,0
90.1,120.1,RM_C10482,ramp,FW_W,10482,,10,0,0.0,0,11,0,0,0,0
90.1,120.1,RM_C10646,ramp,FW_W,10646,,18,0,0.0,0,0,0,0,0,0
90.1,120.1,RM_C10644,ramp,FW_W,10644,,22,0,0.0,0,0,0,0,0,0
90.1,120.1,RM_C10639,ramp,FW_E,10639,,10,0,0.0,0,0,0,0,0,0
90.1,120.1,RM_C10681,ramp,FW_E,10681,,12,0,0.0,0,0,0,0,0,0
90.1,120.1,RM_C10490,ramp,FW_E,10490,,21,0,0.0,0,0,0,0,0,0
90.1,120.1,RM_C10484,ramp,FW_E,10484,,23,0,0.0,0,2,0,0,0,0
90.1,120.1,OR_D_E_signal,offramp,FW_E,10481,18,,0,0.0,0,0,0,0,0,0
90.1,120.1,OR_D_E_direct,offramp,FW_E,10483,20,,0,0.0,0,0,0,0,0,0
90.1,120.1,OR_D_W_signal,offramp,FW_W,10491,9,,0,0.0,0,0,0,0,0,0
90.1,120.1,OR_D_W_direct,offramp,FW_W,10479,7,,1,120.0,1,1,0,0,0,0
90.1,120.1,OR_F_E_signal,offramp,FW_E,10643,9,,0,0.0,0,0,0,0,0,0
90.1,120.1,OR_F_E_direct,offramp,FW_E,10682,11,,0,0.0,0,0,0,0,0,0
90.1,120.1,OR_F_W_signal,offramp,FW_W,10638,19,,0,0.0,0,0,0,0,0,0
90.1,120.1,OR_F_W_direct,offramp,FW_W,10645,16,,0,0.0,0,0,0,0,0,0
90.1,120.1,source_1098,source,FW_E,,,0,59,7080.0,231,,0,59,0,0
90.1,120.1,source_1099,source,FW_W,,,0,34,4080.0,141,,0,34,0,0
120.1,150.1,RM_C10480,ramp,FW_W,10480,,8,0,0.0,0,0,0,0,0,0
120.1,150.1,RM_C10482,ramp,FW_W,10482,,10,6,720.0,6,19,0,0,0,0
120.1,150.1,RM_C10646,ramp,FW_W,10646,,18,0,0.0,0,0,0,0,0,0
120.1,150.1,RM_C10644,ramp,FW_W,10644,,22,0,0.0,0,1,0,0,0,0
120.1,150.1,RM_C10639,ramp,FW_E,10639,,10,0,0.0,0,0,0,0,0,0
120.1,150.1,RM_C10681,ramp,FW_E,10681,,12,0,0.0,0,0,0,0,0,0
120.1,150.1,RM_C10490,ramp,FW_E,10490,,21,0,0.0,0,4,0,0,0,0
120.1,150.1,RM_C10484,ramp,FW_E,10484,,23,2,240.0,2,0,0,0,0,0
120.1,150.1,OR_D_E_signal,offramp,FW_E,10481,18,,0,0.0,0,0,0,0,0,0
120.1,150.1,OR_D_E_direct,offramp,FW_E,10483,20,,0,0.0,0,0,0,0,0,0
120.1,150.1,OR_D_W_signal,offramp,FW_W,10491,9,,2,240.0,2,0,0,0,0,0
120.1,150.1,OR_D_W_direct,offramp,FW_W,10479,7,,6,720.0,7,3,0,0,0,0
120.1,150.1,OR_F_E_signal,offramp,FW_E,10643,9,,1,120.0,1,1,0,0,0,0
120.1,150.1,OR_F_E_direct,offramp,FW_E,10682,11,,1,120.0,1,0,0,0,0,0
120.1,150.1,OR_F_W_signal,offramp,FW_W,10638,19,,0,0.0,0,0,0,0,0,0
120.1,150.1,OR_F_W_direct,offramp,FW_W,10645,16,,0,0.0,0,0,0,0,0,0
120.1,150.1,source_1098,source,FW_E,,,0,54,6480.0,285,,0,54,0,0
120.1,150.1,source_1099,source,FW_W,,,0,30,3600.0,171,,0,30,0,0
150.1,180.1,RM_C10480,ramp,FW_W,10480,,8,0,0.0,0,0,0,0,0,0
150.1,180.1,RM_C10482,ramp,FW_W,10482,,10,11,1320.0,17,15,0,0,0,0
150.1,180.1,RM_C10646,ramp,FW_W,10646,,18,0,0.0,0,0,0,0,0,0
150.1,180.1,RM_C10644,ramp,FW_W,10644,,22,0,0.0,0,1,0,0,0,0
150.1,180.1,RM_C10639,ramp,FW_E,10639,,10,0,0.0,0,1,0,0,0,0
150.1,180.1,RM_C10681,ramp,FW_E,10681,,12,0,0.0,0,0,0,0,0,0
150.1,180.1,RM_C10490,ramp,FW_E,10490,,21,4,480.0,4,6,0,0,0,0
150.1,180.1,RM_C10484,ramp,FW_E,10484,,23,0,0.0,2,2,0,0,0,0
150.1,180.1,OR_D_E_signal,offramp,FW_E,10481,18,,0,0.0,0,0,0,0,0,0
150.1,180.1,OR_D_E_direct,offramp,FW_E,10483,20,,0,0.0,0,0,0,0,0,0
150.1,180.1,OR_D_W_signal,offramp,FW_W,10491,9,,4,480.0,6,3,0,0,0,0
150.1,180.1,OR_D_W_direct,offramp,FW_W,10479,7,,3,360.0,10,0,0,0,0,0
150.1,180.1,OR_F_E_signal,offramp,FW_E,10643,9,,4,480.0,5,2,0,0,0,0
150.1,180.1,OR_F_E_direct,offramp,FW_E,10682,11,,5,600.0,6,3,0,0,0,0
150.1,180.1,OR_F_W_signal,offramp,FW_W,10638,19,,0,0.0,0,0,0,0,0,0
150.1,180.1,OR_F_W_direct,offramp,FW_W,10645,16,,0,0.0,0,0,0,0,0,0
150.1,180.1,source_1098,source,FW_E,,,0,54,6480.0,339,,0,54,0,0
150.1,180.1,source_1099,source,FW_W,,,0,40,4800.0,211,,0,40,0,0
180.1,210.1,RM_C10480,ramp,FW_W,10480,,8,0,0.0,0,0,0,0,0,0
180.1,210.1,RM_C10482,ramp,FW_W,10482,,10,11,1320.0,28,19,0,0,0,0
180.1,210.1,RM_C10646,ramp,FW_W,10646,,18,0,0.0,0,0,0,0,0,0
180.1,210.1,RM_C10644,ramp,FW_W,10644,,22,0,0.0,0,7,0,0,0,0
180.1,210.1,RM_C10639,ramp,FW_E,10639,,10,1,120.0,1,0,0,0,0,0
180.1,210.1,RM_C10681,ramp,FW_E,10681,,12,0,0.0,0,0,0,0,0,0
180.1,210.1,RM_C10490,ramp,FW_E,10490,,21,6,720.0,10,5,0,0,0,0
180.1,210.1,RM_C10484,ramp,FW_E,10484,,23,0,0.0,2,6,0,0,0,0
180.1,210.1,OR_D_E_signal,offramp,FW_E,10481,18,,0,0.0,0,0,0,0,0,0
180.1,210.1,OR_D_E_direct,offramp,FW_E,10483,20,,0,0.0,0,0,0,0,0,0
180.1,210.1,OR_D_W_signal,offramp,FW_W,10491,9,,4,480.0,10,2,0,0,0,0
180.1,210.1,OR_D_W_direct,offramp,FW_W,10479,7,,6,720.0,16,2,0,0,0,0
180.1,210.1,OR_F_E_signal,offramp,FW_E,10643,9,,1,120.0,6,0,0,0,0,0
180.1,210.1,OR_F_E_direct,offramp,FW_E,10682,11,,5,600.0,11,1,0,0,0,0
180.1,210.1,OR_F_W_signal,offramp,FW_W,10638,19,,0,0.0,0,0,0,0,0,0
180.1,210.1,OR_F_W_direct,offramp,FW_W,10645,16,,3,360.0,3,1,0,0,0,0
180.1,210.1,source_1098,source,FW_E,,,0,38,4560.0,377,,0,38,0,0
180.1,210.1,source_1099,source,FW_W,,,0,30,3600.0,241,,0,30,0,0
210.1,240.1,RM_C10480,ramp,FW_W,10480,,8,0,0.0,0,0,0,0,0,0
210.1,240.1,RM_C10482,ramp,FW_W,10482,,10,11,1320.0,39,18,0,0,0,0
210.1,240.1,RM_C10646,ramp,FW_W,10646,,18,0,0.0,0,0,0,0,0,0
210.1,240.1,RM_C10644,ramp,FW_W,10644,,22,1,120.0,1,8,0,0,0,0
210.1,240.1,RM_C10639,ramp,FW_E,10639,,10,0,0.0,1,3,0,0,0,0
210.1,240.1,RM_C10681,ramp,FW_E,10681,,12,0,0.0,0,0,0,0,0,0
210.1,240.1,RM_C10490,ramp,FW_E,10490,,21,5,600.0,15,2,0,0,0,0
210.1,240.1,RM_C10484,ramp,FW_E,10484,,23,3,360.0,5,6,0,0,0,0
210.1,240.1,OR_D_E_signal,offramp,FW_E,10481,18,,0,0.0,0,0,0,0,0,0
210.1,240.1,OR_D_E_direct,offramp,FW_E,10483,20,,0,0.0,0,0,0,0,0,0
210.1,240.1,OR_D_W_signal,offramp,FW_W,10491,9,,4,480.0,14,0,0,0,0,0
210.1,240.1,OR_D_W_direct,offramp,FW_W,10479,7,,6,720.0,22,1,0,0,0,0
210.1,240.1,OR_F_E_signal,offramp,FW_E,10643,9,,6,720.0,12,1,0,0,0,0
210.1,240.1,OR_F_E_direct,offramp,FW_E,10682,11,,10,1200.0,21,2,0,0,0,0
210.1,240.1,OR_F_W_signal,offramp,FW_W,10638,19,,2,240.0,2,1,0,0,0,0
210.1,240.1,OR_F_W_direct,offramp,FW_W,10645,16,,6,720.0,9,4,0,0,0,0
210.1,240.1,source_1098,source,FW_E,,,0,65,7800.0,442,,0,65,0,0
210.1,240.1,source_1099,source,FW_W,,,0,45,5400.0,286,,0,45,0,0
240.10000000000002,270.1,RM_C10480,ramp,FW_W,10480,,8,0,0.0,0,1,0,0,0,0
240.10000000000002,270.1,RM_C10482,ramp,FW_W,10482,,10,8,960.0,47,25,0,0,0,0
240.10000000000002,270.1,RM_C10646,ramp,FW_W,10646,,18,0,0.0,0,1,0,0,0,0
240.10000000000002,270.1,RM_C10644,ramp,FW_W,10644,,22,0,0.0,1,12,0,0,0,0
240.10000000000002,270.1,RM_C10639,ramp,FW_E,10639,,10,0,0.0,1,9,0,0,0,0
240.10000000000002,270.1,RM_C10681,ramp,FW_E,10681,,12,0,0.0,0,0,0,0,0,0
240.10000000000002,270.1,RM_C10490,ramp,FW_E,10490,,21,2,240.0,17,3,0,0,0,0
240.10000000000002,270.1,RM_C10484,ramp,FW_E,10484,,23,5,600.0,10,1,0,0,0,0
240.10000000000002,270.1,OR_D_E_signal,offramp,FW_E,10481,18,,3,360.0,3,2,0,0,0,0
240.10000000000002,270.1,OR_D_E_direct,offramp,FW_E,10483,20,,6,720.0,6,2,0,0,0,0
240.10000000000002,270.1,OR_D_W_signal,offramp,FW_W,10491,9,,8,960.0,22,0,0,0,0,0
240.10000000000002,270.1,OR_D_W_direct,offramp,FW_W,10479,7,,4,480.0,26,1,0,0,0,0
240.10000000000002,270.1,OR_F_E_signal,offramp,FW_E,10643,9,,5,600.0,17,1,0,0,0,0
240.10000000000002,270.1,OR_F_E_direct,offramp,FW_E,10682,11,,4,480.0,25,0,0,0,0,0
240.10000000000002,270.1,OR_F_W_signal,offramp,FW_W,10638,19,,3,360.0,5,1,0,0,0,0
240.10000000000002,270.1,OR_F_W_direct,offramp,FW_W,10645,16,,13,1560.0,22,7,0,0,0,0
240.10000000000002,270.1,source_1098,source,FW_E,,,0,54,6480.0,496,,0,54,0,0
240.10000000000002,270.1,source_1099,source,FW_W,,,0,29,3480.0,315,,0,29,0,0
270.1,300.1,RM_C10480,ramp,FW_W,10480,,8,1,120.0,1,0,0,0,0,1
270.1,300.1,RM_C10482,ramp,FW_W,10482,,10,16,1920.0,63,27,0,0,0,0
270.1,300.1,RM_C10646,ramp,FW_W,10646,,18,1,120.0,1,0,0,0,0,1
270.1,300.1,RM_C10644,ramp,FW_W,10644,,22,6,720.0,7,7,0,0,0,0
270.1,300.1,RM_C10639,ramp,FW_E,10639,,10,9,1080.0,10,6,0,0,0,0
270.1,300.1,RM_C10681,ramp,FW_E,10681,,12,2,240.0,2,1,0,0,0,0
270.1,300.1,RM_C10490,ramp,FW_E,10490,,21,3,360.0,20,3,0,0,0,0
270.1,300.1,RM_C10484,ramp,FW_E,10484,,23,1,120.0,11,3,0,0,0,0
270.1,300.1,OR_D_E_signal,offramp,FW_E,10481,18,,2,240.0,5,0,0,0,0,0
270.1,300.1,OR_D_E_direct,offramp,FW_E,10483,20,,4,480.0,10,2,0,0,0,0
270.1,300.1,OR_D_W_signal,offramp,FW_W,10491,9,,6,720.0,28,1,0,0,0,1
270.1,300.1,OR_D_W_direct,offramp,FW_W,10479,7,,6,720.0,32,2,0,0,0,0
270.1,300.1,OR_F_E_signal,offramp,FW_E,10643,9,,12,1440.0,29,2,0,0,0,0
270.1,300.1,OR_F_E_direct,offramp,FW_E,10682,11,,11,1320.0,36,3,0,0,0,0
270.1,300.1,OR_F_W_signal,offramp,FW_W,10638,19,,3,360.0,8,2,0,0,0,1
270.1,300.1,OR_F_W_direct,offramp,FW_W,10645,16,,0,0.0,22,0,0,0,0,0
270.1,300.1,source_1098,source,FW_E,,,0,62,7440.0,558,,0,62,0,0
270.1,300.1,source_1099,source,FW_W,,,0,36,4320.0,351,,0,36,0,0
300.1,330.1,RM_C10480,ramp,FW_W,10480,,8,0,0.0,1,0,0,0,0,0
300.1,330.1,RM_C10482,ramp,FW_W,10482,,10,25,3000.0,88,13,0,0,0,0
300.1,330.1,RM_C10646,ramp,FW_W,10646,,18,0,0.0,1,0,0,0,0,0
300.1,330.1,RM_C10644,ramp,FW_W,10644,,22,5,600.0,12,5,0,0,0,0
300.1,330.1,RM_C10639,ramp,FW_E,10639,,10,5,600.0,15,2,0,0,0,0
300.1,330.1,RM_C10681,ramp,FW_E,10681,,12,1,120.0,3,0,0,0,0,0
300.1,330.1,RM_C10490,ramp,FW_E,10490,,21,3,360.0,23,5,0,0,0,0
300.1,330.1,RM_C10484,ramp,FW_E,10484,,23,1,120.0,12,4,0,0,0,0
300.1,330.1,OR_D_E_signal,offramp,FW_E,10481,18,,0,0.0,5,0,0,0,0,0
300.1,330.1,OR_D_E_direct,offramp,FW_E,10483,20,,1,120.0,11,0,0,0,0,0
300.1,330.1,OR_D_W_signal,offramp,FW_W,10491,9,,5,600.0,33,0,0,0,0,0
300.1,330.1,OR_D_W_direct,offramp,FW_W,10479,7,,5,600.0,37,1,0,0,0,0
300.1,330.1,OR_F_E_signal,offramp,FW_E,10643,9,,3,360.0,32,3,0,0,0,0
300.1,330.1,OR_F_E_direct,offramp,FW_E,10682,11,,13,1560.0,49,4,0,0,0,0
300.1,330.1,OR_F_W_signal,offramp,FW_W,10638,19,,3,360.0,11,0,0,0,0,0
300.1,330.1,OR_F_W_direct,offramp,FW_W,10645,16,,13,1560.0,35,4,0,0,0,0
300.1,330.1,source_1098,source,FW_E,,,0,52,6240.0,610,,0,52,0,0
300.1,330.1,source_1099,source,FW_W,,,0,30,3600.0,381,,0,30,0,0
330.1,360.1,RM_C10480,ramp,FW_W,10480,,8,0,0.0,1,1,0,0,0,0
330.1,360.1,RM_C10482,ramp,FW_W,10482,,10,9,1080.0,97,20,0,0,0,0
330.1,360.1,RM_C10646,ramp,FW_W,10646,,18,0,0.0,1,0,0,0,0,0
330.1,360.1,RM_C10644,ramp,FW_W,10644,,22,2,240.0,14,5,0,0,0,0
330.1,360.1,RM_C10639,ramp,FW_E,10639,,10,1,120.0,16,5,0,0,0,0
330.1,360.1,RM_C10681,ramp,FW_E,10681,,12,0,0.0,3,0,0,0,0,0
330.1,360.1,RM_C10490,ramp,FW_E,10490,,21,5,600.0,28,3,0,0,0,0
330.1,360.1,RM_C10484,ramp,FW_E,10484,,23,3,360.0,15,5,0,0,0,0
330.1,360.1,OR_D_E_signal,offramp,FW_E,10481,18,,1,120.0,6,1,0,0,0,0
330.1,360.1,OR_D_E_direct,offramp,FW_E,10483,20,,16,1920.0,27,4,0,0,0,0
330.1,360.1,OR_D_W_signal,offramp,FW_W,10491,9,,5,600.0,38,1,0,0,0,0
330.1,360.1,OR_D_W_direct,offramp,FW_W,10479,7,,9,1080.0,46,3,0,0,0,0
330.1,360.1,OR_F_E_signal,offramp,FW_E,10643,9,,7,840.0,39,1,0,0,0,0
330.1,360.1,OR_F_E_direct,offramp,FW_E,10682,11,,5,600.0,54,1,0,0,0,0
330.1,360.1,OR_F_W_signal,offramp,FW_W,10638,19,,2,240.0,13,1,0,0,0,0
330.1,360.1,OR_F_W_direct,offramp,FW_W,10645,16,,4,480.0,39,4,0,0,0,0
330.1,360.1,source_1098,source,FW_E,,,0,69,8280.0,679,,0,69,0,0
330.1,360.1,source_1099,source,FW_W,,,0,34,4080.0,415,,0,34,0,0
360.1,390.1,RM_C10480,ramp,FW_W,10480,,8,1,120.0,2,1,0,0,0,1
360.1,390.1,RM_C10482,ramp,FW_W,10482,,10,13,1560.0,110,15,0,0,0,0
360.1,390.1,RM_C10646,ramp,FW_W,10646,,18,0,0.0,1,1,0,0,0,0
360.1,390.1,RM_C10644,ramp,FW_W,10644,,22,1,120.0,15,9,0,0,0,0
360.1,390.1,RM_C10639,ramp,FW_E,10639,,10,5,600.0,21,2,0,0,0,0
360.1,390.1,RM_C10681,ramp,FW_E,10681,,12,0,0.0,3,8,0,0,0,0
360.1,390.1,RM_C10490,ramp,FW_E,10490,,21,3,360.0,31,4,0,0,0,0
360.1,390.1,RM_C10484,ramp,FW_E,10484,,23,3,360.0,18,6,0,0,0,0
360.1,390.1,OR_D_E_signal,offramp,FW_E,10481,18,,2,240.0,8,2,0,0,0,0
360.1,390.1,OR_D_E_direct,offramp,FW_E,10483,20,,6,720.0,33,4,0,0,0,0
360.1,390.1,OR_D_W_signal,offramp,FW_W,10491,9,,5,600.0,43,2,0,0,0,1
360.1,390.1,OR_D_W_direct,offramp,FW_W,10479,7,,5,600.0,51,4,0,0,0,0
360.1,390.1,OR_F_E_signal,offramp,FW_E,10643,9,,4,480.0,43,2,0,0,0,0
360.1,390.1,OR_F_E_direct,offramp,FW_E,10682,11,,5,600.0,59,1,0,0,0,0
360.1,390.1,OR_F_W_signal,offramp,FW_W,10638,19,,3,360.0,16,0,0,0,0,0
360.1,390.1,OR_F_W_direct,offramp,FW_W,10645,16,,5,600.0,44,1,0,0,0,0
360.1,390.1,source_1098,source,FW_E,,,0,58,6960.0,737,,0,58,0,0
360.1,390.1,source_1099,source,FW_W,,,0,40,4800.0,455,,0,40,0,0
390.1,420.1,RM_C10480,ramp,FW_W,10480,,8,1,120.0,3,1,0,0,0,1
390.1,420.1,RM_C10482,ramp,FW_W,10482,,10,12,1440.0,122,15,0,0,0,0
390.1,420.1,RM_C10646,ramp,FW_W,10646,,18,1,120.0,2,1,0,0,0,0
390.1,420.1,RM_C10644,ramp,FW_W,10644,,22,3,360.0,18,6,0,0,0,0
390.1,420.1,RM_C10639,ramp,FW_E,10639,,10,2,240.0,23,0,0,0,0,0
390.1,420.1,RM_C10681,ramp,FW_E,10681,,12,11,1320.0,14,4,0,0,0,0
390.1,420.1,RM_C10490,ramp,FW_E,10490,,21,5,600.0,36,1,0,0,0,0
390.1,420.1,RM_C10484,ramp,FW_E,10484,,23,5,600.0,23,4,0,0,0,0
390.1,420.1,OR_D_E_signal,offramp,FW_E,10481,18,,4,480.0,12,3,0,0,0,0
390.1,420.1,OR_D_E_direct,offramp,FW_E,10483,20,,3,360.0,36,2,0,0,0,0
390.1,420.1,OR_D_W_signal,offramp,FW_W,10491,9,,7,840.0,50,2,0,0,0,1
390.1,420.1,OR_D_W_direct,offramp,FW_W,10479,7,,15,1800.0,66,5,0,0,0,0
390.1,420.1,OR_F_E_signal,offramp,FW_E,10643,9,,1,120.0,44,0,0,0,0,0
390.1,420.1,OR_F_E_direct,offramp,FW_E,10682,11,,4,480.0,63,0,0,0,0,0
390.1,420.1,OR_F_W_signal,offramp,FW_W,10638,19,,3,360.0,19,0,0,0,0,0
390.1,420.1,OR_F_W_direct,offramp,FW_W,10645,16,,8,960.0,52,0,0,0,0,0
390.1,420.1,source_1098,source,FW_E,,,0,58,6960.0,795,,0,58,0,0
390.1,420.1,source_1099,source,FW_W,,,0,42,5040.0,497,,0,42,0,0
420.1,450.1,RM_C10480,ramp,FW_W,10480,,8,1,120.0,4,1,0,0,0,0
420.1,450.1,RM_C10482,ramp,FW_W,10482,,10,14,1680.0,136,12,0,0,0,0
420.1,450.1,RM_C10646,ramp,FW_W,10646,,18,2,240.0,4,0,0,0,0,1
420.1,450.1,RM_C10644,ramp,FW_W,10644,,22,2,240.0,20,11,0,0,0,0
420.1,450.1,RM_C10639,ramp,FW_E,10639,,10,0,0.0,23,0,0,0,0,0
420.1,450.1,RM_C10681,ramp,FW_E,10681,,12,4,480.0,18,2,0,0,0,0
420.1,450.1,RM_C10490,ramp,FW_E,10490,,21,0,0.0,36,7,0,0,0,0
420.1,450.1,RM_C10484,ramp,FW_E,10484,,23,2,240.0,25,4,0,0,0,0
420.1,450.1,OR_D_E_signal,offramp,FW_E,10481,18,,0,0.0,12,0,0,0,0,0
420.1,450.1,OR_D_E_direct,offramp,FW_E,10483,20,,8,960.0,44,4,0,0,0,0
420.1,450.1,OR_D_W_signal,offramp,FW_W,10491,9,,11,1320.0,61,3,0,0,0,0
420.1,450.1,OR_D_W_direct,offramp,FW_W,10479,7,,11,1320.0,77,4,0,0,0,0
420.1,450.1,OR_F_E_signal,offramp,FW_E,10643,9,,7,840.0,51,2,0,0,0,0
420.1,450.1,OR_F_E_direct,offramp,FW_E,10682,11,,9,1080.0,72,5,0,0,0,0
420.1,450.1,OR_F_W_signal,offramp,FW_W,10638,19,,4,480.0,23,1,0,0,0,1
420.1,450.1,OR_F_W_direct,offramp,FW_W,10645,16,,7,840.0,59,2,0,0,0,0
420.1,450.1,source_1098,source,FW_E,,,0,62,7440.0,857,,0,62,0,0
420.1,450.1,source_1099,source,FW_W,,,0,37,4440.0,534,,0,37,0,0
450.1,480.1,RM_C10480,ramp,FW_W,10480,,8,1,120.0,5,0,0,0,0,1
450.1,480.1,RM_C10482,ramp,FW_W,10482,,10,6,720.0,142,15,0,0,0,0
450.1,480.1,RM_C10646,ramp,FW_W,10646,,18,0,0.0,4,0,0,0,0,0
450.1,480.1,RM_C10644,ramp,FW_W,10644,,22,4,480.0,24,11,0,0,0,0
450.1,480.1,RM_C10639,ramp,FW_E,10639,,10,0,0.0,23,2,0,0,0,0
450.1,480.1,RM_C10681,ramp,FW_E,10681,,12,2,240.0,20,0,0,0,0,0
450.1,480.1,RM_C10490,ramp,FW_E,10490,,21,7,840.0,43,6,0,0,0,0
450.1,480.1,RM_C10484,ramp,FW_E,10484,,23,4,480.0,29,0,0,0,0,0
450.1,480.1,OR_D_E_signal,offramp,FW_E,10481,18,,1,120.0,13,0,0,0,0,0
450.1,480.1,OR_D_E_direct,offramp,FW_E,10483,20,,12,1440.0,56,6,0,0,0,0
450.1,480.1,OR_D_W_signal,offramp,FW_W,10491,9,,7,840.0,68,3,0,0,0,1
450.1,480.1,OR_D_W_direct,offramp,FW_W,10479,7,,6,720.0,83,2,0,0,0,0
450.1,480.1,OR_F_E_signal,offramp,FW_E,10643,9,,6,720.0,57,2,0,0,0,0
450.1,480.1,OR_F_E_direct,offramp,FW_E,10682,11,,5,600.0,77,3,0,0,0,0
450.1,480.1,OR_F_W_signal,offramp,FW_W,10638,19,,3,360.0,26,1,0,0,0,0
450.1,480.1,OR_F_W_direct,offramp,FW_W,10645,16,,13,1560.0,72,9,0,0,0,0
450.1,480.1,source_1098,source,FW_E,,,0,58,6960.0,915,,0,58,0,0
450.1,480.1,source_1099,source,FW_W,,,0,32,3840.0,566,,0,32,0,0
480.1,510.1,RM_C10480,ramp,FW_W,10480,,8,0,0.0,5,0,0,0,0,0
480.1,510.1,RM_C10482,ramp,FW_W,10482,,10,8,960.0,150,23,0,0,0,0
480.1,510.1,RM_C10646,ramp,FW_W,10646,,18,0,0.0,4,0,0,0,0,0
480.1,510.1,RM_C10644,ramp,FW_W,10644,,22,0,0.0,24,14,0,0,0,0
480.1,510.1,RM_C10639,ramp,FW_E,10639,,10,1,120.0,24,4,0,0,0,0
480.1,510.1,RM_C10681,ramp,FW_E,10681,,12,0,0.0,20,0,0,0,0,0
480.1,510.1,RM_C10490,ramp,FW_E,10490,,21,4,480.0,47,10,0,0,0,0
480.1,510.1,RM_C10484,ramp,FW_E,10484,,23,0,0.0,29,2,0,0,0,0
480.1,510.1,OR_D_E_signal,offramp,FW_E,10481,18,,2,240.0,15,2,0,0,0,0
480.1,510.1,OR_D_E_direct,offramp,FW_E,10483,20,,10,1200.0,66,4,0,0,0,0
480.1,510.1,OR_D_W_signal,offramp,FW_W,10491,9,,9,1080.0,77,2,0,0,0,0
480.1,510.1,OR_D_W_direct,offramp,FW_W,10479,7,,7,840.0,90,3,0,0,0,0
480.1,510.1,OR_F_E_signal,offramp,FW_E,10643,9,,6,720.0,63,3,0,0,0,0
480.1,510.1,OR_F_E_direct,offramp,FW_E,10682,11,,12,1440.0,89,6,0,0,0,0
480.1,510.1,OR_F_W_signal,offramp,FW_W,10638,19,,0,0.0,26,0,0,0,0,0
480.1,510.1,OR_F_W_direct,offramp,FW_W,10645,16,,4,480.0,76,3,0,0,0,0
480.1,510.1,source_1098,source,FW_E,,,0,64,7680.0,979,,0,64,0,0
480.1,510.1,source_1099,source,FW_W,,,0,49,5880.0,615,,0,49,0,0
510.1,540.1,RM_C10480,ramp,FW_W,10480,,8,0,0.0,5,0,0,0,0,0
510.1,540.1,RM_C10482,ramp,FW_W,10482,,10,15,1800.0,165,23,0,0,0,0
510.1,540.1,RM_C10646,ramp,FW_W,10646,,18,0,0.0,4,0,0,0,0,0
510.1,540.1,RM_C10644,ramp,FW_W,10644,,22,1,120.0,25,16,0,0,0,0
510.1,540.1,RM_C10639,ramp,FW_E,10639,,10,4,480.0,28,2,0,0,0,0
510.1,540.1,RM_C10681,ramp,FW_E,10681,,12,0,0.0,20,11,0,0,0,0
510.1,540.1,RM_C10490,ramp,FW_E,10490,,21,10,1200.0,57,5,0,0,0,0
510.1,540.1,RM_C10484,ramp,FW_E,10484,,23,1,120.0,30,2,0,0,0,0
510.1,540.1,OR_D_E_signal,offramp,FW_E,10481,18,,2,240.0,17,2,0,0,0,0
510.1,540.1,OR_D_E_direct,offramp,FW_E,10483,20,,9,1080.0,75,8,0,0,0,0
510.1,540.1,OR_D_W_signal,offramp,FW_W,10491,9,,7,840.0,84,3,0,0,0,0
510.1,540.1,OR_D_W_direct,offramp,FW_W,10479,7,,7,840.0,97,3,0,0,0,0
510.1,540.1,OR_F_E_signal,offramp,FW_E,10643,9,,7,840.0,70,3,0,0,0,0
510.1,540.1,OR_F_E_direct,offramp,FW_E,10682,11,,6,720.0,95,3,0,0,0,0
510.1,540.1,OR_F_W_signal,offramp,FW_W,10638,19,,1,120.0,27,0,0,0,0,0
510.1,540.1,OR_F_W_direct,offramp,FW_W,10645,16,,3,360.0,79,0,0,0,0,0
510.1,540.1,source_1098,source,FW_E,,,0,44,5280.0,1023,,0,44,0,0
510.1,540.1,source_1099,source,FW_W,,,0,31,3720.0,646,,0,31,0,0
540.1,570.1,RM_C10480,ramp,FW_W,10480,,8,0,0.0,5,0,0,0,0,0
540.1,570.1,RM_C10482,ramp,FW_W,10482,,10,21,2520.0,186,14,0,0,0,0
540.1,570.1,RM_C10646,ramp,FW_W,10646,,18,0,0.0,4,5,0,0,0,0
540.1,570.1,RM_C10644,ramp,FW_W,10644,,22,10,1200.0,35,9,0,0,0,0
540.1,570.1,RM_C10639,ramp,FW_E,10639,,10,2,240.0,30,0,0,0,0,0
540.1,570.1,RM_C10681,ramp,FW_E,10681,,12,10,1200.0,30,17,0,0,0,0
540.1,570.1,RM_C10490,ramp,FW_E,10490,,21,5,600.0,62,5,0,0,0,0
540.1,570.1,RM_C10484,ramp,FW_E,10484,,23,1,120.0,31,2,0,0,0,0
540.1,570.1,OR_D_E_signal,offramp,FW_E,10481,18,,1,120.0,18,1,0,0,0,0
540.1,570.1,OR_D_E_direct,offramp,FW_E,10483,20,,6,720.0,81,0,0,0,0,0
540.1,570.1,OR_D_W_signal,offramp,FW_W,10491,9,,8,960.0,92,2,0,0,0,0
540.1,570.1,OR_D_W_direct,offramp,FW_W,10479,7,,6,720.0,103,2,0,0,0,0
540.1,570.1,OR_F_E_signal,offramp,FW_E,10643,9,,6,720.0,76,3,0,0,0,0
540.1,570.1,OR_F_E_direct,offramp,FW_E,10682,11,,7,840.0,102,5,0,0,0,0
540.1,570.1,OR_F_W_signal,offramp,FW_W,10638,19,,4,480.0,31,1,0,0,0,0
540.1,570.1,OR_F_W_direct,offramp,FW_W,10645,16,,6,720.0,85,6,0,0,0,0
540.1,570.1,source_1098,source,FW_E,,,0,62,7440.0,1085,,0,62,0,0
540.1,570.1,source_1099,source,FW_W,,,0,30,3600.0,676,,0,30,0,0
570.1,600.1,RM_C10480,ramp,FW_W,10480,,8,0,0.0,5,0,0,0,0,0
570.1,600.1,RM_C10482,ramp,FW_W,10482,,10,11,1320.0,197,10,0,0,0,0
570.1,600.1,RM_C10646,ramp,FW_W,10646,,18,5,600.0,9,1,0,0,0,2
570.1,600.1,RM_C10644,ramp,FW_W,10644,,22,4,480.0,39,6,0,0,0,0
570.1,600.1,RM_C10639,ramp,FW_E,10639,,10,0,0.0,30,3,0,0,0,0
570.1,600.1,RM_C10681,ramp,FW_E,10681,,12,17,2040.0,47,1,0,0,0,0
570.1,600.1,RM_C10490,ramp,FW_E,10490,,21,5,600.0,67,2,0,0,0,0
570.1,600.1,RM_C10484,ramp,FW_E,10484,,23,2,240.0,33,3,0,0,0,0
570.1,600.1,OR_D_E_signal,offramp,FW_E,10481,18,,1,120.0,19,1,0,0,0,0
570.1,600.1,OR_D_E_direct,offramp,FW_E,10483,20,,6,720.0,87,2,0,0,0,0
570.1,600.1,OR_D_W_signal,offramp,FW_W,10491,9,,4,480.0,96,1,0,0,0,0
570.1,600.1,OR_D_W_direct,offramp,FW_W,10479,7,,9,1080.0,112,4,0,0,0,0
570.1,600.1,OR_F_E_signal,offramp,FW_E,10643,9,,2,240.0,78,0,0,0,0,0
570.1,600.1,OR_F_E_direct,offramp,FW_E,10682,11,,14,1680.0,116,4,0,0,0,0
570.1,600.1,OR_F_W_signal,offramp,FW_W,10638,19,,7,840.0,38,2,0,0,0,2
570.1,600.1,OR_F_W_direct,offramp,FW_W,10645,16,,14,1680.0,99,10,0,0,0,0
570.1,600.1,source_1098,source,FW_E,,,0,71,8520.0,1156,,0,71,0,0
570.1,600.1,source_1099,source,FW_W,,,0,34,4080.0,710,,0,34,0,0
600.1,630.1,RM_C10480,ramp,FW_W,10480,,8,0,0.0,5,0,0,0,0,0
600.1,630.1,RM_C10482,ramp,FW_W,10482,,10,9,1080.0,206,6,0,0,0,0
600.1,630.1,RM_C10646,ramp,FW_W,10646,,18,1,120.0,10,0,0,0,0,0
600.1,630.1,RM_C10644,ramp,FW_W,10644,,22,3,360.0,42,4,0,0,0,0
600.1,630.1,RM_C10639,ramp,FW_E,10639,,10,3,360.0,33,1,0,0,0,0
600.1,630.1,RM_C10681,ramp,FW_E,10681,,12,1,120.0,48,1,0,0,0,0
600.1,630.1,RM_C10490,ramp,FW_E,10490,,21,2,240.0,69,7,0,0,0,0
600.1,630.1,RM_C10484,ramp,FW_E,10484,,23,2,240.0,35,2,0,0,0,0
600.1,630.1,OR_D_E_signal,offramp,FW_E,10481,18,,3,360.0,22,2,0,0,0,0
600.1,630.1,OR_D_E_direct,offramp,FW_E,10483,20,,6,720.0,93,5,0,0,0,0
600.1,630.1,OR_D_W_signal,offramp,FW_W,10491,9,,7,840.0,103,1,0,0,0,0
600.1,630.1,OR_D_W_direct,offramp,FW_W,10479,7,,8,960.0,120,1,0,0,0,0
600.1,630.1,OR_F_E_signal,offramp,FW_E,10643,9,,6,720.0,84,4,0,0,0,0
600.1,630.1,OR_F_E_direct,offramp,FW_E,10682,11,,4,480.0,120,0,0,0,0,0
600.1,630.1,OR_F_W_signal,offramp,FW_W,10638,19,,5,600.0,43,0,0,0,0,0
600.1,630.1,OR_F_W_direct,offramp,FW_W,10645,16,,11,1320.0,110,4,0,0,0,0
600.1,630.1,source_1098,source,FW_E,,,0,67,8040.0,1223,,0,67,0,0
600.1,630.1,source_1099,source,FW_W,,,0,45,5400.0,755,,0,45,0,0
630.1,660.1,RM_C10480,ramp,FW_W,10480,,8,0,0.0,5,0,0,0,0,0
630.1,660.1,RM_C10482,ramp,FW_W,10482,,10,5,600.0,211,14,0,0,0,0
630.1,660.1,RM_C10646,ramp,FW_W,10646,,18,0,0.0,10,0,0,0,0,0
630.1,660.1,RM_C10644,ramp,FW_W,10644,,22,2,240.0,44,6,0,0,0,0
630.1,660.1,RM_C10639,ramp,FW_E,10639,,10,1,120.0,34,0,0,0,0,0
630.1,660.1,RM_C10681,ramp,FW_E,10681,,12,1,120.0,49,0,0,0,0,0
630.1,660.1,RM_C10490,ramp,FW_E,10490,,21,7,840.0,76,6,0,0,0,0
630.1,660.1,RM_C10484,ramp,FW_E,10484,,23,2,240.0,37,2,0,0,0,0
630.1,660.1,OR_D_E_signal,offramp,FW_E,10481,18,,5,600.0,27,2,0,0,0,0
630.1,660.1,OR_D_E_direct,offramp,FW_E,10483,20,,13,1560.0,106,10,0,0,0,0
630.1,660.1,OR_D_W_signal,offramp,FW_W,10491,9,,5,600.0,108,2,0,0,0,0
630.1,660.1,OR_D_W_direct,offramp,FW_W,10479,7,,5,600.0,125,0,0,0,0,0
630.1,660.1,OR_F_E_signal,offramp,FW_E,10643,9,,7,840.0,91,3,0,0,0,0
630.1,660.1,OR_F_E_direct,offramp,FW_E,10682,11,,11,1320.0,131,1,0,0,0,0
630.1,660.1,OR_F_W_signal,offramp,FW_W,10638,19,,2,240.0,45,0,0,0,0,0
630.1,660.1,OR_F_W_direct,offramp,FW_W,10645,16,,13,1560.0,123,5,0,0,0,0
630.1,660.1,source_1098,source,FW_E,,,0,68,8160.0,1291,,0,68,0,0
630.1,660.1,source_1099,source,FW_W,,,0,43,5160.0,798,,0,43,0,0
660.1,690.1,RM_C10480,ramp,FW_W,10480,,8,0,0.0,5,0,0,0,0,0
660.1,690.1,RM_C10482,ramp,FW_W,10482,,10,8,960.0,219,16,0,0,0,0
660.1,690.1,RM_C10646,ramp,FW_W,10646,,18,0,0.0,10,1,0,0,0,0
660.1,690.1,RM_C10644,ramp,FW_W,10644,,22,1,120.0,45,7,0,0,0,0
660.1,690.1,RM_C10639,ramp,FW_E,10639,,10,0,0.0,34,6,0,0,0,0
660.1,690.1,RM_C10681,ramp,FW_E,10681,,12,0,0.0,49,7,0,0,0,0
660.1,690.1,RM_C10490,ramp,FW_E,10490,,21,3,360.0,79,12,0,0,0,0
660.1,690.1,RM_C10484,ramp,FW_E,10484,,23,1,120.0,38,6,0,0,0,0
660.1,690.1,OR_D_E_signal,offramp,FW_E,10481,18,,2,240.0,29,1,0,0,0,0
660.1,690.1,OR_D_E_direct,offramp,FW_E,10483,20,,7,840.0,113,5,0,0,0,0
660.1,690.1,OR_D_W_signal,offramp,FW_W,10491,9,,4,480.0,112,1,0,0,0,0
660.1,690.1,OR_D_W_direct,offramp,FW_W,10479,7,,5,600.0,130,2,0,0,0,0
660.1,690.1,OR_F_E_signal,offramp,FW_E,10643,9,,5,600.0,96,2,0,0,0,0
660.1,690.1,OR_F_E_direct,offramp,FW_E,10682,11,,7,840.0,138,4,0,0,0,0
660.1,690.1,OR_F_W_signal,offramp,FW_W,10638,19,,3,360.0,48,0,0,0,0,0
660.1,690.1,OR_F_W_direct,offramp,FW_W,10645,16,,1,120.0,124,0,0,0,0,0
660.1,690.1,source_1098,source,FW_E,,,0,67,8040.0,1358,,0,67,0,0
660.1,690.1,source_1099,source,FW_W,,,0,33,3960.0,831,,0,33,0,0
690.1,720.1,RM_C10480,ramp,FW_W,10480,,8,0,0.0,5,0,0,0,0,0
690.1,720.1,RM_C10482,ramp,FW_W,10482,,10,11,1320.0,230,12,0,0,0,0
690.1,720.1,RM_C10646,ramp,FW_W,10646,,18,0,0.0,10,2,0,0,0,0
690.1,720.1,RM_C10644,ramp,FW_W,10644,,22,3,360.0,48,6,0,0,0,0
690.1,720.1,RM_C10639,ramp,FW_E,10639,,10,4,480.0,38,6,0,0,0,0
690.1,720.1,RM_C10681,ramp,FW_E,10681,,12,7,840.0,56,19,0,0,0,0
690.1,720.1,RM_C10490,ramp,FW_E,10490,,21,12,1440.0,91,4,0,0,0,0
690.1,720.1,RM_C10484,ramp,FW_E,10484,,23,5,600.0,43,6,0,0,0,0
690.1,720.1,OR_D_E_signal,offramp,FW_E,10481,18,,1,120.0,30,1,0,0,0,0
690.1,720.1,OR_D_E_direct,offramp,FW_E,10483,20,,8,960.0,121,2,0,0,0,0
690.1,720.1,OR_D_W_signal,offramp,FW_W,10491,9,,4,480.0,116,1,0,0,0,0
690.1,720.1,OR_D_W_direct,offramp,FW_W,10479,7,,4,480.0,134,2,0,0,0,0
690.1,720.1,OR_F_E_signal,offramp,FW_E,10643,9,,6,720.0,102,2,0,0,0,0
690.1,720.1,OR_F_E_direct,offramp,FW_E,10682,11,,14,1680.0,152,7,0,0,0,0
690.1,720.1,OR_F_W_signal,offramp,FW_W,10638,19,,2,240.0,50,1,0,0,0,0
690.1,720.1,OR_F_W_direct,offramp,FW_W,10645,16,,8,960.0,132,1,0,0,0,0
690.1,720.1,source_1098,source,FW_E,,,0,68,8160.0,1426,,0,68,0,0
690.1,720.1,source_1099,source,FW_W,,,0,36,4320.0,867,,0,36,0,0
720.1,750.1,RM_C10480,ramp,FW_W,10480,,8,0,0.0,5,5,0,0,0,0
720.1,750.1,RM_C10482,ramp,FW_W,10482,,10,9,1080.0,239,8,0,0,0,0
720.1,750.1,RM_C10646,ramp,FW_W,10646,,18,4,480.0,14,4,0,0,0,3
720.1,750.1,RM_C10644,ramp,FW_W,10644,,22,3,360.0,51,6,0,0,0,0
720.1,750.1,RM_C10639,ramp,FW_E,10639,,10,6,720.0,44,3,0,0,0,0
720.1,750.1,RM_C10681,ramp,FW_E,10681,,12,12,1440.0,68,10,0,0,0,0
720.1,750.1,RM_C10490,ramp,FW_E,10490,,21,4,480.0,95,1,0,0,0,0
720.1,750.1,RM_C10484,ramp,FW_E,10484,,23,5,600.0,48,5,0,0,0,0
720.1,750.1,OR_D_E_signal,offramp,FW_E,10481,18,,4,480.0,34,3,0,0,0,0
720.1,750.1,OR_D_E_direct,offramp,FW_E,10483,20,,13,1560.0,134,8,0,0,0,0
720.1,750.1,OR_D_W_signal,offramp,FW_W,10491,9,,11,1320.0,127,4,0,0,0,0
720.1,750.1,OR_D_W_direct,offramp,FW_W,10479,7,,4,480.0,138,0,0,0,0,0
720.1,750.1,OR_F_E_signal,offramp,FW_E,10643,9,,10,1200.0,112,1,0,0,0,0
720.1,750.1,OR_F_E_direct,offramp,FW_E,10682,11,,6,720.0,158,2,0,0,0,0
720.1,750.1,OR_F_W_signal,offramp,FW_W,10638,19,,8,960.0,58,2,0,0,0,3
720.1,750.1,OR_F_W_direct,offramp,FW_W,10645,16,,8,960.0,140,4,0,0,0,0
720.1,750.1,source_1098,source,FW_E,,,0,54,6480.0,1480,,0,54,0,0
720.1,750.1,source_1099,source,FW_W,,,0,29,3480.0,896,,0,29,0,0
750.1,780.1,RM_C10480,ramp,FW_W,10480,,8,5,600.0,10,0,0,0,0,4
750.1,780.1,RM_C10482,ramp,FW_W,10482,,10,4,480.0,243,27,0,0,0,0
750.1,780.1,RM_C10646,ramp,FW_W,10646,,18,4,480.0,18,0,0,0,0,2
750.1,780.1,RM_C10644,ramp,FW_W,10644,,22,1,120.0,52,6,0,0,0,0
750.1,780.1,RM_C10639,ramp,FW_E,10639,,10,2,240.0,46,4,0,0,0,0
750.1,780.1,RM_C10681,ramp,FW_E,10681,,12,9,1080.0,77,2,0,0,0,0
750.1,780.1,RM_C10490,ramp,FW_E,10490,,21,2,240.0,97,13,0,0,0,0
750.1,780.1,RM_C10484,ramp,FW_E,10484,,23,3,360.0,51,3,0,0,0,0
750.1,780.1,OR_D_E_signal,offramp,FW_E,10481,18,,4,480.0,38,1,0,0,0,0
750.1,780.1,OR_D_E_direct,offramp,FW_E,10483,20,,7,840.0,141,3,0,0,0,0
750.1,780.1,OR_D_W_signal,offramp,FW_W,10491,9,,12,1440.0,139,4,0,0,0,4
750.1,780.1,OR_D_W_direct,offramp,FW_W,10479,7,,8,960.0,146,3,0,0,0,0
750.1,780.1,OR_F_E_signal,offramp,FW_E,10643,9,,1,120.0,113,1,0,0,0,0
750.1,780.1,OR_F_E_direct,offramp,FW_E,10682,11,,7,840.0,165,2,0,0,0,0
750.1,780.1,OR_F_W_signal,offramp,FW_W,10638,19,,11,1320.0,69,7,0,0,0,2
750.1,780.1,OR_F_W_direct,offramp,FW_W,10645,16,,5,600.0,145,1,0,0,0,0
750.1,780.1,source_1098,source,FW_E,,,0,56,6720.0,1536,,0,56,0,0
750.1,780.1,source_1099,source,FW_W,,,0,31,3720.0,927,,0,31,0,0
780.1,810.1,RM_C10480,ramp,FW_W,10480,,8,0,0.0,10,0,0,0,0,0
780.1,810.1,RM_C10482,ramp,FW_W,10482,,10,18,2160.0,261,24,0,0,0,0
780.1,810.1,RM_C10646,ramp,FW_W,10646,,18,0,0.0,18,0,0,0,0,0
780.1,810.1,RM_C10644,ramp,FW_W,10644,,22,3,360.0,55,6,0,0,0,0
780.1,810.1,RM_C10639,ramp,FW_E,10639,,10,4,480.0,50,0,0,0,0,0
780.1,810.1,RM_C10681,ramp,FW_E,10681,,12,2,240.0,79,0,0,0,0,0
780.1,810.1,RM_C10490,ramp,FW_E,10490,,21,14,1680.0,111,2,0,0,0,0
780.1,810.1,RM_C10484,ramp,FW_E,10484,,23,2,240.0,53,2,0,0,0,0
780.1,810.1,OR_D_E_signal,offramp,FW_E,10481,18,,2,240.0,40,1,0,0,0,0
780.1,810.1,OR_D_E_direct,offramp,FW_E,10483,20,,6,720.0,147,1,0,0,0,0
780.1,810.1,OR_D_W_signal,offramp,FW_W,10491,9,,4,480.0,143,1,0,0,0,0
780.1,810.1,OR_D_W_direct,offramp,FW_W,10479,7,,7,840.0,153,1,0,0,0,0
780.1,810.1,OR_F_E_signal,offramp,FW_E,10643,9,,4,480.0,117,2,0,0,0,0
780.1,810.1,OR_F_E_direct,offramp,FW_E,10682,11,,7,840.0,172,0,0,0,0,0
780.1,810.1,OR_F_W_signal,offramp,FW_W,10638,19,,4,480.0,73,0,0,0,0,0
780.1,810.1,OR_F_W_direct,offramp,FW_W,10645,16,,8,960.0,153,4,0,0,0,0
780.1,810.1,source_1098,source,FW_E,,,0,58,6960.0,1594,,0,58,0,0
780.1,810.1,source_1099,source,FW_W,,,0,30,3600.0,957,,0,30,0,0
810.1,840.1,RM_C10480,ramp,FW_W,10480,,8,0,0.0,10,0,0,0,0,0
810.1,840.1,RM_C10482,ramp,FW_W,10482,,10,17,2040.0,278,19,0,0,0,0
810.1,840.1,RM_C10646,ramp,FW_W,10646,,18,0,0.0,18,0,0,0,0,0
810.1,840.1,RM_C10644,ramp,FW_W,10644,,22,3,360.0,58,5,0,0,0,0
810.1,840.1,RM_C10639,ramp,FW_E,10639,,10,0,0.0,50,4,0,0,0,0
810.1,840.1,RM_C10681,ramp,FW_E,10681,,12,0,0.0,79,4,0,0,0,0
810.1,840.1,RM_C10490,ramp,FW_E,10490,,21,2,240.0,113,3,0,0,0,0
810.1,840.1,RM_C10484,ramp,FW_E,10484,,23,1,120.0,54,3,0,0,0,0
810.1,840.1,OR_D_E_signal,offramp,FW_E,10481,18,,1,120.0,41,1,0,0,0,0
810.1,840.1,OR_D_E_direct,offramp,FW_E,10483,20,,4,480.0,151,4,0,0,0,0
810.1,840.1,OR_D_W_signal,offramp,FW_W,10491,9,,3,360.0,146,0,0,0,0,0
810.1,840.1,OR_D_W_direct,offramp,FW_W,10479,7,,8,960.0,161,0,0,0,0,0
810.1,840.1,OR_F_E_signal,offramp,FW_E,10643,9,,3,360.0,120,2,0,0,0,0
810.1,840.1,OR_F_E_direct,offramp,FW_E,10682,11,,14,1680.0,186,4,0,0,0,0
810.1,840.1,OR_F_W_signal,offramp,FW_W,10638,19,,2,240.0,75,0,0,0,0,0
810.1,840.1,OR_F_W_direct,offramp,FW_W,10645,16,,5,600.0,158,3,0,0,0,0
810.1,840.1,source_1098,source,FW_E,,,0,64,7680.0,1658,,0,64,0,0
810.1,840.1,source_1099,source,FW_W,,,0,33,3960.0,990,,0,33,0,0
840.1,870.1,RM_C10480,ramp,FW_W,10480,,8,1,120.0,11,0,0,0,0,1
840.1,870.1,RM_C10482,ramp,FW_W,10482,,10,16,1920.0,294,11,0,0,0,0
840.1,870.1,RM_C10646,ramp,FW_W,10646,,18,0,0.0,18,3,0,0,0,0
840.1,870.1,RM_C10644,ramp,FW_W,10644,,22,0,0.0,58,7,0,0,0,0
840.1,870.1,RM_C10639,ramp,FW_E,10639,,10,0,0.0,50,15,0,0,0,0
840.1,870.1,RM_C10681,ramp,FW_E,10681,,12,4,480.0,83,21,0,0,0,0
840.1,870.1,RM_C10490,ramp,FW_E,10490,,21,3,360.0,116,4,0,0,0,0
840.1,870.1,RM_C10484,ramp,FW_E,10484,,23,1,120.0,55,3,0,0,0,0
840.1,870.1,OR_D_E_signal,offramp,FW_E,10481,18,,1,120.0,42,1,0,0,0,0
840.1,870.1,OR_D_E_direct,offramp,FW_E,10483,20,,12,1440.0,163,4,0,0,0,0
840.1,870.1,OR_D_W_signal,offramp,FW_W,10491,9,,6,720.0,152,2,0,0,0,1
840.1,870.1,OR_D_W_direct,offramp,FW_W,10479,7,,5,600.0,166,2,0,0,0,0
840.1,870.1,OR_F_E_signal,offramp,FW_E,10643,9,,5,600.0,125,2,0,0,0,0
840.1,870.1,OR_F_E_direct,offramp,FW_E,10682,11,,4,480.0,190,0,0,0,0,0
840.1,870.1,OR_F_W_signal,offramp,FW_W,10638,19,,2,240.0,77,1,0,0,0,0
840.1,870.1,OR_F_W_direct,offramp,FW_W,10645,16,,8,960.0,166,2,0,0,0,0
840.1,870.1,source_1098,source,FW_E,,,0,68,8160.0,1726,,0,68,0,0
840.1,870.1,source_1099,source,FW_W,,,0,34,4080.0,1024,,0,34,0,0
870.1,900.1,RM_C10480,ramp,FW_W,10480,,8,3,360.0,14,0,0,0,0,0
870.1,900.1,RM_C10482,ramp,FW_W,10482,,10,8,960.0,302,22,0,0,0,0
870.1,900.1,RM_C10646,ramp,FW_W,10646,,18,2,240.0,20,4,0,0,0,1
870.1,900.1,RM_C10644,ramp,FW_W,10644,,22,4,480.0,62,7,0,0,0,0
870.1,900.1,RM_C10639,ramp,FW_E,10639,,10,14,1680.0,64,1,0,0,0,0
870.1,900.1,RM_C10681,ramp,FW_E,10681,,12,9,1080.0,92,17,0,0,0,0
870.1,900.1,RM_C10490,ramp,FW_E,10490,,21,4,480.0,120,3,0,0,0,0
870.1,900.1,RM_C10484,ramp,FW_E,10484,,23,3,360.0,58,3,0,0,0,0
870.1,900.1,OR_D_E_signal,offramp,FW_E,10481,18,,4,480.0,46,3,0,0,0,0
870.1,900.1,OR_D_E_direct,offramp,FW_E,10483,20,,6,720.0,169,4,0,0,0,0
870.1,900.1,OR_D_W_signal,offramp,FW_W,10491,9,,4,480.0,156,3,0,0,0,0
870.1,900.1,OR_D_W_direct,offramp,FW_W,10479,7,,8,960.0,174,1,0,0,0,0
870.1,900.1,OR_F_E_signal,offramp,FW_E,10643,9,,9,1080.0,134,3,0,0,0,0
870.1,900.1,OR_F_E_direct,offramp,FW_E,10682,11,,2,240.0,192,2,0,0,0,0
870.1,900.1,OR_F_W_signal,offramp,FW_W,10638,19,,7,840.0,84,2,0,0,0,1
870.1,900.1,OR_F_W_direct,offramp,FW_W,10645,16,,8,960.0,174,3,0,0,0,0
870.1,900.1,source_1098,source,FW_E,,,0,62,7440.0,1788,,0,62,0,0
870.1,900.1,source_1099,source,FW_W,,,0,34,4080.0,1058,,0,34,0,0
900.1,930.1,RM_C10480,ramp,FW_W,10480,,8,1,120.0,15,1,0,0,0,1
900.1,930.1,RM_C10482,ramp,FW_W,10482,,10,13,1560.0,315,19,0,0,0,0
900.1,930.1,RM_C10646,ramp,FW_W,10646,,18,4,480.0,24,0,0,0,0,1
900.1,930.1,RM_C10644,ramp,FW_W,10644,,22,1,120.0,63,9,0,0,0,0
900.1,930.1,RM_C10639,ramp,FW_E,10639,,10,1,120.0,65,6,0,0,0,0
900.1,930.1,RM_C10681,ramp,FW_E,10681,,12,7,840.0,99,11,0,0,0,0
900.1,930.1,RM_C10490,ramp,FW_E,10490,,21,3,360.0,123,6,0,0,0,0
900.1,930.1,RM_C10484,ramp,FW_E,10484,,23,0,0.0,58,6,0,0,0,0
900.1,930.1,OR_D_E_signal,offramp,FW_E,10481,18,,1,120.0,47,0,0,0,0,0
900.1,930.1,OR_D_E_direct,offramp,FW_E,10483,20,,16,1920.0,185,9,0,0,0,0
900.1,930.1,OR_D_W_signal,offramp,FW_W,10491,9,,9,1080.0,165,3,0,0,0,1
900.1,930.1,OR_D_W_direct,offramp,FW_W,10479,7,,6,720.0,180,3,0,0,0,0
900.1,930.1,OR_F_E_signal,offramp,FW_E,10643,9,,6,720.0,140,2,0,0,0,0
900.1,930.1,OR_F_E_direct,offramp,FW_E,10682,11,,11,1320.0,203,8,0,0,0,0
900.1,930.1,OR_F_W_signal,offramp,FW_W,10638,19,,5,600.0,89,3,0,0,0,1
900.1,930.1,OR_F_W_direct,offramp,FW_W,10645,16,,1,120.0,175,0,0,0,0,0
900.1,930.1,source_1098,source,FW_E,,,0,57,6840.0,1845,,0,57,0,0
900.1,930.1,source_1099,source,FW_W,,,0,39,4680.0,1097,,0,39,0,0
930.1,960.1,RM_C10480,ramp,FW_W,10480,,8,3,360.0,18,0,0,0,0,1
930.1,960.1,RM_C10482,ramp,FW_W,10482,,10,14,1680.0,329,22,0,0,0,0
930.1,960.1,RM_C10646,ramp,FW_W,10646,,18,0,0.0,24,0,0,0,0,0
930.1,960.1,RM_C10644,ramp,FW_W,10644,,22,0,0.0,63,9,0,0,0,0
930.1,960.1,RM_C10639,ramp,FW_E,10639,,10,6,720.0,71,5,0,0,0,0
930.1,960.1,RM_C10681,ramp,FW_E,10681,,12,8,960.0,107,3,0,0,0,0
930.1,960.1,RM_C10490,ramp,FW_E,10490,,21,7,840.0,130,1,0,0,0,0
930.1,960.1,RM_C10484,ramp,FW_E,10484,,23,4,480.0,62,5,0,0,0,0
930.1,960.1,OR_D_E_signal,offramp,FW_E,10481,18,,3,360.0,50,2,0,0,0,0
930.1,960.1,OR_D_E_direct,offramp,FW_E,10483,20,,14,1680.0,199,2,0,0,0,0
930.1,960.1,OR_D_W_signal,offramp,FW_W,10491,9,,7,840.0,172,4,0,0,0,1
930.1,960.1,OR_D_W_direct,offramp,FW_W,10479,7,,8,960.0,188,2,0,0,0,0
930.1,960.1,OR_F_E_signal,offramp,FW_E,10643,9,,3,360.0,143,1,0,0,0,0
930.1,960.1,OR_F_E_direct,offramp,FW_E,10682,11,,4,480.0,207,3,0,0,0,0
930.1,960.1,OR_F_W_signal,offramp,FW_W,10638,19,,2,240.0,91,0,0,0,0,0
930.1,960.1,OR_F_W_direct,offramp,FW_W,10645,16,,14,1680.0,189,4,0,0,0,0
930.1,960.1,source_1098,source,FW_E,,,0,69,8280.0,1914,,0,69,0,0
930.1,960.1,source_1099,source,FW_W,,,0,44,5280.0,1141,,0,44,0,0
960.1,990.1,RM_C10480,ramp,FW_W,10480,,8,0,0.0,18,0,0,0,0,0
960.1,990.1,RM_C10482,ramp,FW_W,10482,,10,17,2040.0,346,21,0,0,0,0
960.1,990.1,RM_C10646,ramp,FW_W,10646,,18,0,0.0,24,0,0,0,0,0
960.1,990.1,RM_C10644,ramp,FW_W,10644,,22,9,1080.0,72,4,0,0,0,0
960.1,990.1,RM_C10639,ramp,FW_E,10639,,10,5,600.0,76,2,0,0,0,0
960.1,990.1,RM_C10681,ramp,FW_E,10681,,12,3,360.0,110,7,0,0,0,0
960.1,990.1,RM_C10490,ramp,FW_E,10490,,21,3,360.0,133,2,0,0,0,0
960.1,990.1,RM_C10484,ramp,FW_E,10484,,23,2,240.0,64,7,0,0,0,0
960.1,990.1,OR_D_E_signal,offramp,FW_E,10481,18,,2,240.0,52,2,0,0,0,0
960.1,990.1,OR_D_E_direct,offramp,FW_E,10483,20,,10,1200.0,209,1,0,0,0,0
960.1,990.1,OR_D_W_signal,offramp,FW_W,10491,9,,10,1200.0,182,2,0,0,0,0
960.1,990.1,OR_D_W_direct,offramp,FW_W,10479,7,,6,720.0,194,2,0,0,0,0
960.1,990.1,OR_F_E_signal,offramp,FW_E,10643,9,,4,480.0,147,2,0,0,0,0
960.1,990.1,OR_F_E_direct,offramp,FW_E,10682,11,,5,600.0,212,3,0,0,0,0
960.1,990.1,OR_F_W_signal,offramp,FW_W,10638,19,,4,480.0,95,0,0,0,0,0
960.1,990.1,OR_F_W_direct,offramp,FW_W,10645,16,,0,0.0,189,0,0,0,0,0
960.1,990.1,source_1098,source,FW_E,,,0,70,8400.0,1984,,0,70,0,0
960.1,990.1,source_1099,source,FW_W,,,0,48,5760.0,1189,,0,48,0,0
990.1,1020.1,RM_C10480,ramp,FW_W,10480,,8,0,0.0,18,0,0,0,0,0
990.1,1020.1,RM_C10482,ramp,FW_W,10482,,10,16,1920.0,362,25,0,0,0,0
990.1,1020.1,RM_C10646,ramp,FW_W,10646,,18,0,0.0,24,3,0,0,0,0
990.1,1020.1,RM_C10644,ramp,FW_W,10644,,22,0,0.0,72,9,0,0,0,0
990.1,1020.1,RM_C10639,ramp,FW_E,10639,,10,2,240.0,78,5,0,0,0,0
990.1,1020.1,RM_C10681,ramp,FW_E,10681,,12,3,360.0,113,19,0,0,0,0
990.1,1020.1,RM_C10490,ramp,FW_E,10490,,21,2,240.0,135,8,0,0,0,0
990.1,1020.1,RM_C10484,ramp,FW_E,10484,,23,5,600.0,69,5,0,0,0,0
990.1,1020.1,OR_D_E_signal,offramp,FW_E,10481,18,,5,600.0,57,0,0,0,0,0
990.1,1020.1,OR_D_E_direct,offramp,FW_E,10483,20,,5,600.0,214,5,0,0,0,0
990.1,1020.1,OR_D_W_signal,offramp,FW_W,10491,9,,3,360.0,185,1,0,0,0,0
990.1,1020.1,OR_D_W_direct,offramp,FW_W,10479,7,,7,840.0,201,2,0,0,0,0
990.1,1020.1,OR_F_E_signal,offramp,FW_E,10643,9,,4,480.0,151,3,0,0,0,0
990.1,1020.1,OR_F_E_direct,offramp,FW_E,10682,11,,16,1920.0,228,4,0,0,0,0
990.1,1020.1,OR_F_W_signal,offramp,FW_W,10638,19,,5,600.0,100,5,0,0,0,0
990.1,1020.1,OR_F_W_direct,offramp,FW_W,10645,16,,3,360.0,192,0,0,0,0,0
990.1,1020.1,source_1098,source,FW_E,,,0,74,8880.0,2058,,0,74,0,0
990.1,1020.1,source_1099,source,FW_W,,,0,46,5520.0,1235,,0,46,0,0
1020.0999999999999,1050.1,RM_C10480,ramp,FW_W,10480,,8,0,0.0,18,0,0,0,0,0
1020.0999999999999,1050.1,RM_C10482,ramp,FW_W,10482,,10,14,1680.0,376,30,0,0,0,0
1020.0999999999999,1050.1,RM_C10646,ramp,FW_W,10646,,18,3,360.0,27,6,0,0,0,1
1020.0999999999999,1050.1,RM_C10644,ramp,FW_W,10644,,22,0,0.0,72,10,0,0,0,0
1020.0999999999999,1050.1,RM_C10639,ramp,FW_E,10639,,10,5,600.0,83,0,0,0,0,0
1020.0999999999999,1050.1,RM_C10681,ramp,FW_E,10681,,12,7,840.0,120,15,0,0,0,0
1020.0999999999999,1050.1,RM_C10490,ramp,FW_E,10490,,21,8,960.0,143,5,0,0,0,0
1020.0999999999999,1050.1,RM_C10484,ramp,FW_E,10484,,23,5,600.0,74,7,0,0,0,0
1020.0999999999999,1050.1,OR_D_E_signal,offramp,FW_E,10481,18,,2,240.0,59,1,0,0,0,0
1020.0999999999999,1050.1,OR_D_E_direct,offramp,FW_E,10483,20,,8,960.0,222,5,0,0,0,0
1020.0999999999999,1050.1,OR_D_W_signal,offramp,FW_W,10491,9,,10,1200.0,195,2,0,0,0,0
1020.0999999999999,1050.1,OR_D_W_direct,offramp,FW_W,10479,7,,8,960.0,209,4,0,0,0,0
1020.0999999999999,1050.1,OR_F_E_signal,offramp,FW_E,10643,9,,8,960.0,159,2,0,0,0,0
1020.0999999999999,1050.1,OR_F_E_direct,offramp,FW_E,10682,11,,14,1680.0,242,6,0,0,0,0
1020.0999999999999,1050.1,OR_F_W_signal,offramp,FW_W,10638,19,,7,840.0,107,4,0,0,0,1
1020.0999999999999,1050.1,OR_F_W_direct,offramp,FW_W,10645,16,,20,2400.0,212,8,0,0,0,0
1020.0999999999999,1050.1,source_1098,source,FW_E,,,0,69,8280.0,2127,,0,69,0,0
1020.0999999999999,1050.1,source_1099,source,FW_W,,,0,37,4440.0,1272,,0,37,0,0
1050.1,1080.1,RM_C10480,ramp,FW_W,10480,,8,1,120.0,19,2,0,0,0,1
1050.1,1080.1,RM_C10482,ramp,FW_W,10482,,10,23,2760.0,399,17,0,0,0,0
1050.1,1080.1,RM_C10646,ramp,FW_W,10646,,18,6,720.0,33,0,0,0,0,2
1050.1,1080.1,RM_C10644,ramp,FW_W,10644,,22,6,720.0,78,6,0,0,0,0
1050.1,1080.1,RM_C10639,ramp,FW_E,10639,,10,0,0.0,83,2,0,0,0,0
1050.1,1080.1,RM_C10681,ramp,FW_E,10681,,12,7,840.0,127,8,0,0,0,0
1050.1,1080.1,RM_C10490,ramp,FW_E,10490,,21,5,600.0,148,3,0,0,0,0
1050.1,1080.1,RM_C10484,ramp,FW_E,10484,,23,5,600.0,79,3,0,0,0,0
1050.1,1080.1,OR_D_E_signal,offramp,FW_E,10481,18,,1,120.0,60,0,0,0,0,0
1050.1,1080.1,OR_D_E_direct,offramp,FW_E,10483,20,,17,2040.0,239,6,0,0,0,0
1050.1,1080.1,OR_D_W_signal,offramp,FW_W,10491,9,,4,480.0,199,3,0,0,0,1
1050.1,1080.1,OR_D_W_direct,offramp,FW_W,10479,7,,11,1320.0,220,4,0,0,0,0
1050.1,1080.1,OR_F_E_signal,offramp,FW_E,10643,9,,3,360.0,162,2,0,0,0,0
1050.1,1080.1,OR_F_E_direct,offramp,FW_E,10682,11,,8,960.0,250,2,0,0,0,0
1050.1,1080.1,OR_F_W_signal,offramp,FW_W,10638,19,,10,1200.0,117,3,0,0,0,2
1050.1,1080.1,OR_F_W_direct,offramp,FW_W,10645,16,,7,840.0,219,6,0,0,0,0
1050.1,1080.1,source_1098,source,FW_E,,,0,72,8640.0,2199,,0,72,0,0
1050.1,1080.1,source_1099,source,FW_W,,,0,49,5880.0,1321,,0,49,0,0
1080.1,1110.1,RM_C10480,ramp,FW_W,10480,,8,2,240.0,21,0,0,0,0,2
1080.1,1110.1,RM_C10482,ramp,FW_W,10482,,10,14,1680.0,413,17,0,0,0,0
1080.1,1110.1,RM_C10646,ramp,FW_W,10646,,18,0,0.0,33,0,0,0,0,0
1080.1,1110.1,RM_C10644,ramp,FW_W,10644,,22,4,480.0,82,9,0,0,0,0
1080.1,1110.1,RM_C10639,ramp,FW_E,10639,,10,2,240.0,85,2,0,0,0,0
1080.1,1110.1,RM_C10681,ramp,FW_E,10681,,12,5,600.0,132,3,0,0,0,0
1080.1,1110.1,RM_C10490,ramp,FW_E,10490,,21,4,480.0,152,8,0,0,0,0
1080.1,1110.1,RM_C10484,ramp,FW_E,10484,,23,3,360.0,82,5,0,0,0,0
1080.1,1110.1,OR_D_E_signal,offramp,FW_E,10481,18,,4,480.0,64,1,0,0,0,0
1080.1,1110.1,OR_D_E_direct,offramp,FW_E,10483,20,,8,960.0,247,1,0,0,0,0
1080.1,1110.1,OR_D_W_signal,offramp,FW_W,10491,9,,10,1200.0,209,4,0,0,0,2
1080.1,1110.1,OR_D_W_direct,offramp,FW_W,10479,7,,8,960.0,228,3,0,0,0,0
1080.1,1110.1,OR_F_E_signal,offramp,FW_E,10643,9,,0,0.0,162,0,0,0,0,0
1080.1,1110.1,OR_F_E_direct,offramp,FW_E,10682,11,,4,480.0,254,0,0,0,0,0
1080.1,1110.1,OR_F_W_signal,offramp,FW_W,10638,19,,3,360.0,120,3,0,0,0,0
1080.1,1110.1,OR_F_W_direct,offramp,FW_W,10645,16,,13,1560.0,232,4,0,0,0,0
1080.1,1110.1,source_1098,source,FW_E,,,0,58,6960.0,2257,,0,58,0,0
1080.1,1110.1,source_1099,source,FW_W,,,0,44,5280.0,1365,,0,44,0,0
1110.1,1140.1,RM_C10480,ramp,FW_W,10480,,8,0,0.0,21,1,0,0,0,0
1110.1,1140.1,RM_C10482,ramp,FW_W,10482,,10,10,1200.0,423,22,0,0,0,0
1110.1,1140.1,RM_C10646,ramp,FW_W,10646,,18,0,0.0,33,0,0,0,0,0
1110.1,1140.1,RM_C10644,ramp,FW_W,10644,,22,0,0.0,82,18,0,0,0,0
1110.1,1140.1,RM_C10639,ramp,FW_E,10639,,10,0,0.0,85,6,0,0,0,0
1110.1,1140.1,RM_C10681,ramp,FW_E,10681,,12,3,360.0,135,9,0,0,0,0
1110.1,1140.1,RM_C10490,ramp,FW_E,10490,,21,8,960.0,160,8,0,0,0,0
1110.1,1140.1,RM_C10484,ramp,FW_E,10484,,23,2,240.0,84,4,0,0,0,0
1110.1,1140.1,OR_D_E_signal,offramp,FW_E,10481,18,,2,240.0,66,2,0,0,0,0
1110.1,1140.1,OR_D_E_direct,offramp,FW_E,10483,20,,3,360.0,250,0,0,0,0,0
1110.1,1140.1,OR_D_W_signal,offramp,FW_W,10491,9,,9,1080.0,218,1,0,0,0,0
1110.1,1140.1,OR_D_W_direct,offramp,FW_W,10479,7,,6,720.0,234,2,0,0,0,0
1110.1,1140.1,OR_F_E_signal,offramp,FW_E,10643,9,,8,960.0,170,5,0,0,0,0
1110.1,1140.1,OR_F_E_direct,offramp,FW_E,10682,11,,18,2160.0,272,4,0,0,0,0
1110.1,1140.1,OR_F_W_signal,offramp,FW_W,10638,19,,2,240.0,122,1,0,0,0,0
1110.1,1140.1,OR_F_W_direct,offramp,FW_W,10645,16,,6,720.0,238,1,0,0,0,0
1110.1,1140.1,source_1098,source,FW_E,,,0,66,7920.0,2323,,0,66,0,0
1110.1,1140.1,source_1099,source,FW_W,,,0,38,4560.0,1403,,0,38,0,0
1140.1,1170.1,RM_C10480,ramp,FW_W,10480,,8,2,240.0,23,0,0,0,0,2
1140.1,1170.1,RM_C10482,ramp,FW_W,10482,,10,16,1920.0,439,19,0,0,0,0
1140.1,1170.1,RM_C10646,ramp,FW_W,10646,,18,0,0.0,33,3,0,0,0,0
1140.1,1170.1,RM_C10644,ramp,FW_W,10644,,22,2,240.0,84,16,0,0,0,0
1140.1,1170.1,RM_C10639,ramp,FW_E,10639,,10,6,720.0,91,6,0,0,0,0
1140.1,1170.1,RM_C10681,ramp,FW_E,10681,,12,5,600.0,140,21,0,0,0,0
1140.1,1170.1,RM_C10490,ramp,FW_E,10490,,21,6,720.0,166,10,0,0,0,0
1140.1,1170.1,RM_C10484,ramp,FW_E,10484,,23,4,480.0,88,9,0,0,0,0
1140.1,1170.1,OR_D_E_signal,offramp,FW_E,10481,18,,4,480.0,70,2,0,0,0,0
1140.1,1170.1,OR_D_E_direct,offramp,FW_E,10483,20,,8,960.0,258,2,0,0,0,0
1140.1,1170.1,OR_D_W_signal,offramp,FW_W,10491,9,,6,720.0,224,3,0,0,0,2
1140.1,1170.1,OR_D_W_direct,offramp,FW_W,10479,7,,4,480.0,238,1,0,0,0,0
1140.1,1170.1,OR_F_E_signal,offramp,FW_E,10643,9,,2,240.0,172,1,0,0,0,0
1140.1,1170.1,OR_F_E_direct,offramp,FW_E,10682,11,,11,1320.0,283,1,0,0,0,0
1140.1,1170.1,OR_F_W_signal,offramp,FW_W,10638,19,,5,600.0,127,1,0,0,0,0
1140.1,1170.1,OR_F_W_direct,offramp,FW_W,10645,16,,1,120.0,239,0,0,0,0,0
1140.1,1170.1,source_1098,source,FW_E,,,0,66,7920.0,2389,,0,66,0,0
1140.1,1170.1,source_1099,source,FW_W,,,0,44,5280.0,1447,,0,44,0,0
1170.1,1200.1,RM_C10480,ramp,FW_W,10480,,8,0,0.0,23,2,0,0,0,0
1170.1,1200.1,RM_C10482,ramp,FW_W,10482,,10,14,1680.0,453,22,0,0,0,0
1170.1,1200.1,RM_C10646,ramp,FW_W,10646,,18,4,480.0,37,4,0,0,0,3
1170.1,1200.1,RM_C10644,ramp,FW_W,10644,,22,5,600.0,89,15,0,0,0,0
1170.1,1200.1,RM_C10639,ramp,FW_E,10639,,10,6,720.0,97,0,0,0,0,0
1170.1,1200.1,RM_C10681,ramp,FW_E,10681,,12,7,840.0,147,20,0,0,0,0
1170.1,1200.1,RM_C10490,ramp,FW_E,10490,,21,10,1200.0,176,5,0,0,0,0
1170.1,1200.1,RM_C10484,ramp,FW_E,10484,,23,4,480.0,92,12,0,0,0,0
1170.1,1200.1,OR_D_E_signal,offramp,FW_E,10481,18,,1,120.0,71,0,0,0,0,0
1170.1,1200.1,OR_D_E_direct,offramp,FW_E,10483,20,,11,1320.0,269,9,0,0,0,0
1170.1,1200.1,OR_D_W_signal,offramp,FW_W,10491,9,,3,360.0,227,2,0,0,0,0
1170.1,1200.1,OR_D_W_direct,offramp,FW_W,10479,7,,9,1080.0,247,2,0,0,0,0
1170.1,1200.1,OR_F_E_signal,offramp,FW_E,10643,9,,4,480.0,176,2,0,0,0,0
1170.1,1200.1,OR_F_E_direct,offramp,FW_E,10682,11,,5,600.0,288,3,0,0,0,0
1170.1,1200.1,OR_F_W_signal,offramp,FW_W,10638,19,,6,720.0,133,3,0,0,0,3
1170.1,1200.1,OR_F_W_direct,offramp,FW_W,10645,16,,13,1560.0,252,4,0,0,0,0
1170.1,1200.1,source_1098,source,FW_E,,,0,67,8040.0,2456,,0,67,0,0
1170.1,1200.1,source_1099,source,FW_W,,,0,46,5520.0,1493,,0,46,0,0
1200.1,1230.1,RM_C10480,ramp,FW_W,10480,,8,2,240.0,25,2,0,0,0,2
1200.1,1230.1,RM_C10482,ramp,FW_W,10482,,10,11,1320.0,464,32,0,0,0,0
1200.1,1230.1,RM_C10646,ramp,FW_W,10646,,18,4,480.0,41,2,0,0,0,1
1200.1,1230.1,RM_C10644,ramp,FW_W,10644,,22,11,1320.0,100,8,0,0,0,0
1200.1,1230.1,RM_C10639,ramp,FW_E,10639,,10,0,0.0,97,8,0,0,0,0
1200.1,1230.1,RM_C10681,ramp,FW_E,10681,,12,7,840.0,154,13,0,0,0,0
1200.1,1230.1,RM_C10490,ramp,FW_E,10490,,21,3,360.0,179,8,0,0,0,0
1200.1,1230.1,RM_C10484,ramp,FW_E,10484,,23,5,600.0,97,9,0,0,0,0
1200.1,1230.1,OR_D_E_signal,offramp,FW_E,10481,18,,4,480.0,75,2,0,0,0,0
1200.1,1230.1,OR_D_E_direct,offramp,FW_E,10483,20,,8,960.0,277,5,0,0,0,0
1200.1,1230.1,OR_D_W_signal,offramp,FW_W,10491,9,,10,1200.0,237,2,0,0,0,2
1200.1,1230.1,OR_D_W_direct,offramp,FW_W,10479,7,,9,1080.0,256,3,0,0,0,0
1200.1,1230.1,OR_F_E_signal,offramp,FW_E,10643,9,,8,960.0,184,2,0,0,0,0
1200.1,1230.1,OR_F_E_direct,offramp,FW_E,10682,11,,16,1920.0,304,2,0,0,0,0
1200.1,1230.1,OR_F_W_signal,offramp,FW_W,10638,19,,10,1200.0,143,7,0,0,0,1
1200.1,1230.1,OR_F_W_direct,offramp,FW_W,10645,16,,7,840.0,259,4,0,0,0,0
1200.1,1230.1,source_1098,source,FW_E,,,0,62,7440.0,2518,,0,62,0,0
1200.1,1230.1,source_1099,source,FW_W,,,0,49,5880.0,1542,,0,49,0,0
1230.1,1260.1,RM_C10480,ramp,FW_W,10480,,8,2,240.0,27,0,0,0,0,2
1230.1,1260.1,RM_C10482,ramp,FW_W,10482,,10,25,3000.0,489,27,0,0,0,0
1230.1,1260.1,RM_C10646,ramp,FW_W,10646,,18,0,0.0,41,3,0,0,0,0
1230.1,1260.1,RM_C10644,ramp,FW_W,10644,,22,1,120.0,101,13,0,0,0,0
1230.1,1260.1,RM_C10639,ramp,FW_E,10639,,10,1,120.0,98,15,0,0,0,0
1230.1,1260.1,RM_C10681,ramp,FW_E,10681,,12,8,960.0,162,5,0,0,0,0
1230.1,1260.1,RM_C10490,ramp,FW_E,10490,,21,8,960.0,187,6,0,0,0,0
1230.1,1260.1,RM_C10484,ramp,FW_E,10484,,23,9,1080.0,106,3,0,0,0,0
1230.1,1260.1,OR_D_E_signal,offramp,FW_E,10481,18,,2,240.0,77,2,0,0,0,0
1230.1,1260.1,OR_D_E_direct,offramp,FW_E,10483,20,,11,1320.0,288,0,0,0,0,0
1230.1,1260.1,OR_D_W_signal,offramp,FW_W,10491,9,,10,1200.0,247,2,0,0,0,2
1230.1,1260.1,OR_D_W_direct,offramp,FW_W,10479,7,,8,960.0,264,1,0,0,0,0
1230.1,1260.1,OR_F_E_signal,offramp,FW_E,10643,9,,8,960.0,192,2,0,0,0,0
1230.1,1260.1,OR_F_E_direct,offramp,FW_E,10682,11,,17,2040.0,321,4,0,0,0,0
1230.1,1260.1,OR_F_W_signal,offramp,FW_W,10638,19,,4,480.0,147,3,0,0,0,0
1230.1,1260.1,OR_F_W_direct,offramp,FW_W,10645,16,,8,960.0,267,0,0,0,0,0
1230.1,1260.1,source_1098,source,FW_E,,,0,67,8040.0,2585,,0,67,0,0
1230.1,1260.1,source_1099,source,FW_W,,,0,36,4320.0,1578,,0,36,0,0
1260.1,1290.1,RM_C10480,ramp,FW_W,10480,,8,0,0.0,27,1,0,0,0,0
1260.1,1290.1,RM_C10482,ramp,FW_W,10482,,10,22,2640.0,511,19,0,0,0,0
1260.1,1290.1,RM_C10646,ramp,FW_W,10646,,18,3,360.0,44,0,0,0,0,0
1260.1,1290.1,RM_C10644,ramp,FW_W,10644,,22,4,480.0,105,14,0,0,0,0
1260.1,1290.1,RM_C10639,ramp,FW_E,10639,,10,11,1320.0,109,13,0,0,0,0
1260.1,1290.1,RM_C10681,ramp,FW_E,10681,,12,5,600.0,167,6,0,0,0,0
1260.1,1290.1,RM_C10490,ramp,FW_E,10490,,21,6,720.0,193,4,0,0,0,0
1260.1,1290.1,RM_C10484,ramp,FW_E,10484,,23,1,120.0,107,6,0,0,0,0
1260.1,1290.1,OR_D_E_signal,offramp,FW_E,10481,18,,2,240.0,79,1,0,0,0,0
1260.1,1290.1,OR_D_E_direct,offramp,FW_E,10483,20,,10,1200.0,298,2,0,0,0,0
1260.1,1290.1,OR_D_W_signal,offramp,FW_W,10491,9,,8,960.0,255,4,0,0,0,0
1260.1,1290.1,OR_D_W_direct,offramp,FW_W,10479,7,,4,480.0,268,1,0,0,0,0
1260.1,1290.1,OR_F_E_signal,offramp,FW_E,10643,9,,5,600.0,197,5,0,0,0,0
1260.1,1290.1,OR_F_E_direct,offramp,FW_E,10682,11,,5,600.0,326,0,0,0,0,0
1260.1,1290.1,OR_F_W_signal,offramp,FW_W,10638,19,,4,480.0,151,1,0,0,0,0
1260.1,1290.1,OR_F_W_direct,offramp,FW_W,10645,16,,4,480.0,271,2,0,0,0,0
1260.1,1290.1,source_1098,source,FW_E,,,0,64,7680.0,2649,,0,64,0,0
1260.1,1290.1,source_1099,source,FW_W,,,0,39,4680.0,1617,,0,39,0,0
1290.1,1320.1,RM_C10480,ramp,FW_W,10480,,8,1,120.0,28,0,0,0,0,1
1290.1,1320.1,RM_C10482,ramp,FW_W,10482,,10,8,960.0,519,27,0,0,0,0
1290.1,1320.1,RM_C10646,ramp,FW_W,10646,,18,0,0.0,44,5,0,0,0,0
1290.1,1320.1,RM_C10644,ramp,FW_W,10644,,22,7,840.0,112,12,0,0,0,0
1290.1,1320.1,RM_C10639,ramp,FW_E,10639,,10,11,1320.0,120,3,0,0,0,0
1290.1,1320.1,RM_C10681,ramp,FW_E,10681,,12,3,360.0,170,21,0,0,0,0
1290.1,1320.1,RM_C10490,ramp,FW_E,10490,,21,2,240.0,195,12,0,0,0,0
1290.1,1320.1,RM_C10484,ramp,FW_E,10484,,23,3,360.0,110,7,0,0,0,0
1290.1,1320.1,OR_D_E_signal,offramp,FW_E,10481,18,,3,360.0,82,3,0,0,0,0
1290.1,1320.1,OR_D_E_direct,offramp,FW_E,10483,20,,11,1320.0,309,2,0,0,0,0
1290.1,1320.1,OR_D_W_signal,offramp,FW_W,10491,9,,9,1080.0,264,2,0,0,0,1
1290.1,1320.1,OR_D_W_direct,offramp,FW_W,10479,7,,6,720.0,274,3,0,0,0,0
1290.1,1320.1,OR_F_E_signal,offramp,FW_E,10643,9,,8,960.0,205,6,0,0,0,0
1290.1,1320.1,OR_F_E_direct,offramp,FW_E,10682,11,,6,720.0,332,3,0,0,0,0
1290.1,1320.1,OR_F_W_signal,offramp,FW_W,10638,19,,3,360.0,154,1,0,0,0,0
1290.1,1320.1,OR_F_W_direct,offramp,FW_W,10645,16,,10,1200.0,281,6,0,0,0,0
1290.1,1320.1,source_1098,source,FW_E,,,0,71,8520.0,2720,,0,71,0,0
1290.1,1320.1,source_1099,source,FW_W,,,0,45,5400.0,1662,,0,45,0,0
1320.1,1350.1,RM_C10480,ramp,FW_W,10480,,8,2,240.0,30,0,0,0,0,1
1320.1,1350.1,RM_C10482,ramp,FW_W,10482,,10,19,2280.0,538,29,0,0,0,0
1320.1,1350.1,RM_C10646,ramp,FW_W,10646,,18,5,600.0,49,6,0,0,0,2
1320.1,1350.1,RM_C10644,ramp,FW_W,10644,,22,3,360.0,115,14,0,0,0,0
1320.1,1350.1,RM_C10639,ramp,FW_E,10639,,10,3,360.0,123,1,0,0,0,0
1320.1,1350.1,RM_C10681,ramp,FW_E,10681,,12,9,1080.0,179,30,0,0,0,0
1320.1,1350.1,RM_C10490,ramp,FW_E,10490,,21,12,1440.0,207,4,0,0,0,0
1320.1,1350.1,RM_C10484,ramp,FW_E,10484,,23,4,480.0,114,5,0,0,0,0
1320.1,1350.1,OR_D_E_signal,offramp,FW_E,10481,18,,2,240.0,84,2,0,0,0,0
1320.1,1350.1,OR_D_E_direct,offramp,FW_E,10483,20,,8,960.0,317,0,0,0,0,0
1320.1,1350.1,OR_D_W_signal,offramp,FW_W,10491,9,,11,1320.0,275,3,0,0,0,1
1320.1,1350.1,OR_D_W_direct,offramp,FW_W,10479,7,,4,480.0,278,2,0,0,0,0
1320.1,1350.1,OR_F_E_signal,offramp,FW_E,10643,9,,6,720.0,211,4,0,0,0,0
1320.1,1350.1,OR_F_E_direct,offramp,FW_E,10682,11,,11,1320.0,343,5,0,0,0,0
1320.1,1350.1,OR_F_W_signal,offramp,FW_W,10638,19,,9,1080.0,163,4,0,0,0,2
1320.1,1350.1,OR_F_W_direct,offramp,FW_W,10645,16,,8,960.0,289,3,0,0,0,0
1320.1,1350.1,source_1098,source,FW_E,,,0,66,7920.0,2786,,0,66,0,0
1320.1,1350.1,source_1099,source,FW_W,,,0,43,5160.0,1705,,0,43,0,0
1350.1,1380.1,RM_C10480,ramp,FW_W,10480,,8,0,0.0,30,3,0,0,0,0
1350.1,1380.1,RM_C10482,ramp,FW_W,10482,,10,21,2520.0,559,30,0,0,0,0
1350.1,1380.1,RM_C10646,ramp,FW_W,10646,,18,6,720.0,55,2,0,0,0,1
1350.1,1380.1,RM_C10644,ramp,FW_W,10644,,22,6,720.0,121,8,0,0,0,0
1350.1,1380.1,RM_C10639,ramp,FW_E,10639,,10,1,120.0,124,3,0,0,0,0
1350.1,1380.1,RM_C10681,ramp,FW_E,10681,,12,9,1080.0,188,22,0,0,0,0
1350.1,1380.1,RM_C10490,ramp,FW_E,10490,,21,3,360.0,210,7,0,0,0,0
1350.1,1380.1,RM_C10484,ramp,FW_E,10484,,23,5,600.0,119,1,0,0,0,0
1350.1,1380.1,OR_D_E_signal,offramp,FW_E,10481,18,,3,360.0,87,3,0,0,0,0
1350.1,1380.1,OR_D_E_direct,offramp,FW_E,10483,20,,15,1800.0,332,4,0,0,0,0
1350.1,1380.1,OR_D_W_signal,offramp,FW_W,10491,9,,6,720.0,281,1,0,0,0,0
1350.1,1380.1,OR_D_W_direct,offramp,FW_W,10479,7,,9,1080.0,287,4,0,0,0,0
1350.1,1380.1,OR_F_E_signal,offramp,FW_E,10643,9,,7,840.0,218,2,0,0,0,0
1350.1,1380.1,OR_F_E_direct,offramp,FW_E,10682,11,,10,1200.0,353,1,0,0,0,0
1350.1,1380.1,OR_F_W_signal,offramp,FW_W,10638,19,,6,720.0,169,3,0,0,0,1
1350.1,1380.1,OR_F_W_direct,offramp,FW_W,10645,16,,10,1200.0,299,3,0,0,0,0
1350.1,1380.1,source_1098,source,FW_E,,,0,61,7320.0,2847,,0,61,0,0
1350.1,1380.1,source_1099,source,FW_W,,,0,45,5400.0,1750,,0,45,0,0
1380.1,1410.1,RM_C10480,ramp,FW_W,10480,,8,3,360.0,33,0,0,0,0,3
1380.1,1410.1,RM_C10482,ramp,FW_W,10482,,10,17,2040.0,576,35,0,0,0,0
1380.1,1410.1,RM_C10646,ramp,FW_W,10646,,18,2,240.0,57,0,0,0,0,1
1380.1,1410.1,RM_C10644,ramp,FW_W,10644,,22,4,480.0,125,9,0,0,0,0
1380.1,1410.1,RM_C10639,ramp,FW_E,10639,,10,3,360.0,127,2,0,0,0,0
1380.1,1410.1,RM_C10681,ramp,FW_E,10681,,12,7,840.0,195,15,0,0,0,0
1380.1,1410.1,RM_C10490,ramp,FW_E,10490,,21,7,840.0,217,8,0,0,0,0
1380.1,1410.1,RM_C10484,ramp,FW_E,10484,,23,1,120.0,120,2,0,0,0,0
1380.1,1410.1,OR_D_E_signal,offramp,FW_E,10481,18,,1,120.0,88,1,0,0,0,0
1380.1,1410.1,OR_D_E_direct,offramp,FW_E,10483,20,,13,1560.0,345,6,0,0,0,0
1380.1,1410.1,OR_D_W_signal,offramp,FW_W,10491,9,,6,720.0,287,0,0,0,0,3
1380.1,1410.1,OR_D_W_direct,offramp,FW_W,10479,7,,7,840.0,294,3,0,0,0,0
1380.1,1410.1,OR_F_E_signal,offramp,FW_E,10643,9,,1,120.0,219,0,0,0,0,0
1380.1,1410.1,OR_F_E_direct,offramp,FW_E,10682,11,,18,2160.0,371,9,0,0,0,0
1380.1,1410.1,OR_F_W_signal,offramp,FW_W,10638,19,,8,960.0,177,0,0,0,0,1
1380.1,1410.1,OR_F_W_direct,offramp,FW_W,10645,16,,13,1560.0,312,6,0,0,0,0
1380.1,1410.1,source_1098,source,FW_E,,,0,67,8040.0,2914,,0,67,0,0
1380.1,1410.1,source_1099,source,FW_W,,,0,47,5640.0,1797,,0,47,0,0
1410.1,1440.1,RM_C10480,ramp,FW_W,10480,,8,1,120.0,34,1,0,0,0,0
1410.1,1440.1,RM_C10482,ramp,FW_W,10482,,10,25,3000.0,601,22,0,0,0,0
1410.1,1440.1,RM_C10646,ramp,FW_W,10646,,18,0,0.0,57,2,0,0,0,0
1410.1,1440.1,RM_C10644,ramp,FW_W,10644,,22,4,480.0,129,11,0,0,0,0
1410.1,1440.1,RM_C10639,ramp,FW_E,10639,,10,2,240.0,129,0,0,0,0,0
1410.1,1440.1,RM_C10681,ramp,FW_E,10681,,12,6,720.0,201,16,0,0,0,0
1410.1,1440.1,RM_C10490,ramp,FW_E,10490,,21,9,1080.0,226,3,0,0,0,0
1410.1,1440.1,RM_C10484,ramp,FW_E,10484,,23,0,0.0,120,5,0,0,0,0
1410.1,1440.1,OR_D_E_signal,offramp,FW_E,10481,18,,6,720.0,94,3,0,0,0,0
1410.1,1440.1,OR_D_E_direct,offramp,FW_E,10483,20,,11,1320.0,356,4,0,0,0,0
1410.1,1440.1,OR_D_W_signal,offramp,FW_W,10491,9,,7,840.0,294,2,0,0,0,0
1410.1,1440.1,OR_D_W_direct,offramp,FW_W,10479,7,,7,840.0,301,2,0,0,0,0
1410.1,1440.1,OR_F_E_signal,offramp,FW_E,10643,9,,4,480.0,223,2,0,0,0,0
1410.1,1440.1,OR_F_E_direct,offramp,FW_E,10682,11,,16,1920.0,387,10,0,0,0,0
1410.1,1440.1,OR_F_W_signal,offramp,FW_W,10638,19,,4,480.0,181,2,0,0,0,0
1410.1,1440.1,OR_F_W_direct,offramp,FW_W,10645,16,,6,720.0,318,2,0,0,0,0
1410.1,1440.1,source_1098,source,FW_E,,,0,61,7320.0,2975,,0,61,0,0
1410.1,1440.1,source_1099,source,FW_W,,,0,49,5880.0,1846,,0,49,0,0
1440.1,1470.1,RM_C10480,ramp,FW_W,10480,,8,2,240.0,36,0,0,0,0,2
1440.1,1470.1,RM_C10482,ramp,FW_W,10482,,10,19,2280.0,620,19,0,0,0,0
1440.1,1470.1,RM_C10646,ramp,FW_W,10646,,18,2,240.0,59,5,0,0,0,0
1440.1,1470.1,RM_C10644,ramp,FW_W,10644,,22,1,120.0,130,14,0,0,0,0
1440.1,1470.1,RM_C10639,ramp,FW_E,10639,,10,0,0.0,129,9,0,0,0,0
1440.1,1470.1,RM_C10681,ramp,FW_E,10681,,12,8,960.0,209,24,0,0,0,0
1440.1,1470.1,RM_C10490,ramp,FW_E,10490,,21,3,360.0,229,7,0,0,0,0
1440.1,1470.1,RM_C10484,ramp,FW_E,10484,,23,5,600.0,125,4,0,0,0,0
1440.1,1470.1,OR_D_E_signal,offramp,FW_E,10481,18,,0,0.0,94,0,0,0,0,0
1440.1,1470.1,OR_D_E_direct,offramp,FW_E,10483,20,,7,840.0,363,5,0,0,0,0
1440.1,1470.1,OR_D_W_signal,offramp,FW_W,10491,9,,13,1560.0,307,8,0,0,0,2
1440.1,1470.1,OR_D_W_direct,offramp,FW_W,10479,7,,4,480.0,305,1,0,0,0,0
1440.1,1470.1,OR_F_E_signal,offramp,FW_E,10643,9,,4,480.0,227,2,0,0,0,0
1440.1,1470.1,OR_F_E_direct,offramp,FW_E,10682,11,,11,1320.0,398,1,0,0,0,0
1440.1,1470.1,OR_F_W_signal,offramp,FW_W,10638,19,,3,360.0,184,1,0,0,0,0
1440.1,1470.1,OR_F_W_direct,offramp,FW_W,10645,16,,11,1320.0,329,2,0,0,0,0
1440.1,1470.1,source_1098,source,FW_E,,,0,59,7080.0,3034,,0,59,0,0
1440.1,1470.1,source_1099,source,FW_W,,,0,47,5640.0,1893,,0,47,0,0
1470.1,1500.1,RM_C10480,ramp,FW_W,10480,,8,3,360.0,39,0,0,0,0,3
1470.1,1500.1,RM_C10482,ramp,FW_W,10482,,10,15,1800.0,635,22,0,0,0,0
1470.1,1500.1,RM_C10646,ramp,FW_W,10646,,18,5,600.0,64,6,0,0,0,2
1470.1,1500.1,RM_C10644,ramp,FW_W,10644,,22,0,0.0,130,21,0,0,0,0
1470.1,1500.1,RM_C10639,ramp,FW_E,10639,,10,9,1080.0,138,3,0,0,0,0
1470.1,1500.1,RM_C10681,ramp,FW_E,10681,,12,8,960.0,217,33,0,0,0,0
1470.1,1500.1,RM_C10490,ramp,FW_E,10490,,21,6,720.0,235,7,0,0,0,0
1470.1,1500.1,RM_C10484,ramp,FW_E,10484,,23,3,360.0,128,9,0,0,0,0
1470.1,1500.1,OR_D_E_signal,offramp,FW_E,10481,18,,0,0.0,94,0,0,0,0,0
1470.1,1500.1,OR_D_E_direct,offramp,FW_E,10483,20,,6,720.0,369,1,0,0,0,0
1470.1,1500.1,OR_D_W_signal,offramp,FW_W,10491,9,,7,840.0,314,7,0,0,0,3
1470.1,1500.1,OR_D_W_direct,offramp,FW_W,10479,7,,5,600.0,310,3,0,0,0,0
1470.1,1500.1,OR_F_E_signal,offramp,FW_E,10643,9,,7,840.0,234,3,0,0,0,0
1470.1,1500.1,OR_F_E_direct,offramp,FW_E,10682,11,,7,840.0,405,2,0,0,0,0
1470.1,1500.1,OR_F_W_signal,offramp,FW_W,10638,19,,9,1080.0,193,2,0,0,0,2
1470.1,1500.1,OR_F_W_direct,offramp,FW_W,10645,16,,10,1200.0,339,3,0,0,0,0
1470.1,1500.1,source_1098,source,FW_E,,,0,72,8640.0,3106,,0,72,0,0
1470.1,1500.1,source_1099,source,FW_W,,,0,42,5040.0,1935,,0,42,0,0
1500.1,1530.1,RM_C10480,ramp,FW_W,10480,,8,1,120.0,40,1,0,0,0,0
1500.1,1530.1,RM_C10482,ramp,FW_W,10482,,10,14,1680.0,649,29,0,0,0,0
1500.1,1530.1,RM_C10646,ramp,FW_W,10646,,18,7,840.0,71,4,0,0,0,3
1500.1,1530.1,RM_C10644,ramp,FW_W,10644,,22,11,1320.0,141,18,0,0,0,0
1500.1,1530.1,RM_C10639,ramp,FW_E,10639,,10,3,360.0,141,7,0,0,0,0
1500.1,1530.1,RM_C10681,ramp,FW_E,10681,,12,8,960.0,225,28,0,0,0,0
1500.1,1530.1,RM_C10490,ramp,FW_E,10490,,21,7,840.0,242,5,0,0,0,0
1500.1,1530.1,RM_C10484,ramp,FW_E,10484,,23,6,720.0,134,7,0,0,0,0
1500.1,1530.1,OR_D_E_signal,offramp,FW_E,10481,18,,4,480.0,98,2,0,0,0,0
1500.1,1530.1,OR_D_E_direct,offramp,FW_E,10483,20,,12,1440.0,381,3,0,0,0,0
1500.1,1530.1,OR_D_W_signal,offramp,FW_W,10491,9,,10,1200.0,324,7,0,0,0,0
1500.1,1530.1,OR_D_W_direct,offramp,FW_W,10479,7,,4,480.0,314,2,0,0,0,0
1500.1,1530.1,OR_F_E_signal,offramp,FW_E,10643,9,,3,360.0,237,2,0,0,0,0
1500.1,1530.1,OR_F_E_direct,offramp,FW_E,10682,11,,9,1080.0,414,3,0,0,0,0
1500.1,1530.1,OR_F_W_signal,offramp,FW_W,10638,19,,11,1320.0,204,6,0,0,0,3
1500.1,1530.1,OR_F_W_direct,offramp,FW_W,10645,16,,16,1920.0,355,3,0,0,0,0
1500.1,1530.1,source_1098,source,FW_E,,,0,69,8280.0,3175,,0,69,0,0
1500.1,1530.1,source_1099,source,FW_W,,,0,35,4200.0,1970,,0,35,0,0
1530.1,1560.1,RM_C10480,ramp,FW_W,10480,,8,1,120.0,41,2,0,0,0,1
1530.1,1560.1,RM_C10482,ramp,FW_W,10482,,10,24,2880.0,673,22,0,0,0,0
1530.1,1560.1,RM_C10646,ramp,FW_W,10646,,18,4,480.0,75,0,0,0,0,0
1530.1,1560.1,RM_C10644,ramp,FW_W,10644,,22,2,240.0,143,21,0,0,0,0
1530.1,1560.1,RM_C10639,ramp,FW_E,10639,,10,4,480.0,145,8,0,0,0,0
1530.1,1560.1,RM_C10681,ramp,FW_E,10681,,12,9,1080.0,234,19,0,0,0,0
1530.1,1560.1,RM_C10490,ramp,FW_E,10490,,21,6,720.0,248,7,0,0,0,0
1530.1,1560.1,RM_C10484,ramp,FW_E,10484,,23,5,600.0,139,8,0,0,0,0
1530.1,1560.1,OR_D_E_signal,offramp,FW_E,10481,18,,1,120.0,99,0,0,0,0,0
1530.1,1560.1,OR_D_E_direct,offramp,FW_E,10483,20,,10,1200.0,391,4,0,0,0,0
1530.1,1560.1,OR_D_W_signal,offramp,FW_W,10491,9,,5,600.0,329,2,0,0,0,1
1530.1,1560.1,OR_D_W_direct,offramp,FW_W,10479,7,,9,1080.0,323,3,0,0,0,0
1530.1,1560.1,OR_F_E_signal,offramp,FW_E,10643,9,,2,240.0,239,2,0,0,0,0
1530.1,1560.1,OR_F_E_direct,offramp,FW_E,10682,11,,14,1680.0,428,0,0,0,0,0
1530.1,1560.1,OR_F_W_signal,offramp,FW_W,10638,19,,7,840.0,211,3,0,0,0,0
1530.1,1560.1,OR_F_W_direct,offramp,FW_W,10645,16,,10,1200.0,365,5,0,0,0,0
1530.1,1560.1,source_1098,source,FW_E,,,0,65,7800.0,3240,,0,65,0,0
1530.1,1560.1,source_1099,source,FW_W,,,0,30,3600.0,2000,,0,30,0,0
1560.1,1590.1,RM_C10480,ramp,FW_W,10480,,8,2,240.0,43,0,0,0,0,1
1560.1,1590.1,RM_C10482,ramp,FW_W,10482,,10,12,1440.0,685,25,0,0,0,0
1560.1,1590.1,RM_C10646,ramp,FW_W,10646,,18,0,0.0,75,0,0,0,0,0
1560.1,1590.1,RM_C10644,ramp,FW_W,10644,,22,8,960.0,151,19,0,0,0,0
1560.1,1590.1,RM_C10639,ramp,FW_E,10639,,10,8,960.0,153,7,0,0,0,0
1560.1,1590.1,RM_C10681,ramp,FW_E,10681,,12,7,840.0,241,22,0,0,0,0
1560.1,1590.1,RM_C10490,ramp,FW_E,10490,,21,7,840.0,255,10,0,0,0,0
1560.1,1590.1,RM_C10484,ramp,FW_E,10484,,23,5,600.0,144,9,0,0,0,0
1560.1,1590.1,OR_D_E_signal,offramp,FW_E,10481,18,,1,120.0,100,0,0,0,0,0
1560.1,1590.1,OR_D_E_direct,offramp,FW_E,10483,20,,9,1080.0,400,9,0,0,0,0
1560.1,1590.1,OR_D_W_signal,offramp,FW_W,10491,9,,8,960.0,337,4,0,0,0,1
1560.1,1590.1,OR_D_W_direct,offramp,FW_W,10479,7,,4,480.0,327,2,0,0,0,0
1560.1,1590.1,OR_F_E_signal,offramp,FW_E,10643,9,,1,120.0,240,2,0,0,0,0
1560.1,1590.1,OR_F_E_direct,offramp,FW_E,10682,11,,8,960.0,436,1,0,0,0,0
1560.1,1590.1,OR_F_W_signal,offramp,FW_W,10638,19,,1,120.0,212,0,0,0,0,0
1560.1,1590.1,OR_F_W_direct,offramp,FW_W,10645,16,,1,120.0,366,1,0,0,0,0
1560.1,1590.1,source_1098,source,FW_E,,,0,60,7200.0,3300,,0,60,0,0
1560.1,1590.1,source_1099,source,FW_W,,,0,55,6600.0,2055,,0,55,0,0
1590.1,1620.1,RM_C10480,ramp,FW_W,10480,,8,1,120.0,44,0,0,0,0,0
1590.1,1620.1,RM_C10482,ramp,FW_W,10482,,10,21,2520.0,706,27,0,0,0,0
1590.1,1620.1,RM_C10646,ramp,FW_W,10646,,18,0,0.0,75,4,0,0,0,0
1590.1,1620.1,RM_C10644,ramp,FW_W,10644,,22,5,600.0,156,17,0,0,0,0
1590.1,1620.1,RM_C10639,ramp,FW_E,10639,,10,7,840.0,160,7,0,0,0,0
1590.1,1620.1,RM_C10681,ramp,FW_E,10681,,12,8,960.0,249,28,0,0,0,0
1590.1,1620.1,RM_C10490,ramp,FW_E,10490,,21,10,1200.0,265,7,0,0,0,0
1590.1,1620.1,RM_C10484,ramp,FW_E,10484,,23,8,960.0,152,5,0,0,0,0
1590.1,1620.1,OR_D_E_signal,offramp,FW_E,10481,18,,4,480.0,104,3,0,0,0,0
1590.1,1620.1,OR_D_E_direct,offramp,FW_E,10483,20,,6,720.0,406,3,0,0,0,0
1590.1,1620.1,OR_D_W_signal,offramp,FW_W,10491,9,,8,960.0,345,3,0,0,0,0
1590.1,1620.1,OR_D_W_direct,offramp,FW_W,10479,7,,9,1080.0,336,2,0,0,0,0
1590.1,1620.1,OR_F_E_signal,offramp,FW_E,10643,9,,6,720.0,246,3,0,0,0,0
1590.1,1620.1,OR_F_E_direct,offramp,FW_E,10682,11,,10,1200.0,446,6,0,0,0,0
1590.1,1620.1,OR_F_W_signal,offramp,FW_W,10638,19,,3,360.0,215,0,0,0,0,0
1590.1,1620.1,OR_F_W_direct,offramp,FW_W,10645,16,,16,1920.0,382,8,0,0,0,0
1590.1,1620.1,source_1098,source,FW_E,,,0,60,7200.0,3360,,0,60,0,0
1590.1,1620.1,source_1099,source,FW_W,,,0,43,5160.0,2098,,0,43,0,0
1620.1,1650.1,RM_C10480,ramp,FW_W,10480,,8,1,120.0,45,0,0,0,0,1
1620.1,1650.1,RM_C10482,ramp,FW_W,10482,,10,15,1800.0,721,33,0,0,0,0
1620.1,1650.1,RM_C10646,ramp,FW_W,10646,,18,3,360.0,78,10,0,0,0,0
1620.1,1650.1,RM_C10644,ramp,FW_W,10644,,22,6,720.0,162,24,0,0,0,0
1620.1,1650.1,RM_C10639,ramp,FW_E,10639,,10,5,600.0,165,4,0,0,0,0
1620.1,1650.1,RM_C10681,ramp,FW_E,10681,,12,8,960.0,257,36,0,0,0,0
1620.1,1650.1,RM_C10490,ramp,FW_E,10490,,21,7,840.0,272,6,0,0,0,0
1620.1,1650.1,RM_C10484,ramp,FW_E,10484,,23,4,480.0,156,5,0,0,0,0
1620.1,1650.1,OR_D_E_signal,offramp,FW_E,10481,18,,1,120.0,105,1,0,0,0,0
1620.1,1650.1,OR_D_E_direct,offramp,FW_E,10483,20,,12,1440.0,418,6,0,0,0,0
1620.1,1650.1,OR_D_W_signal,offramp,FW_W,10491,9,,9,1080.0,354,3,0,0,0,1
1620.1,1650.1,OR_D_W_direct,offramp,FW_W,10479,7,,5,600.0,341,0,0,0,0,0
1620.1,1650.1,OR_F_E_signal,offramp,FW_E,10643,9,,3,360.0,249,0,0,0,0,0
1620.1,1650.1,OR_F_E_direct,offramp,FW_E,10682,11,,8,960.0,454,3,0,0,0,0
1620.1,1650.1,OR_F_W_signal,offramp,FW_W,10638,19,,6,720.0,221,1,0,0,0,0
1620.1,1650.1,OR_F_W_direct,offramp,FW_W,10645,16,,11,1320.0,393,0,0,0,0,0
1620.1,1650.1,source_1098,source,FW_E,,,0,76,9120.0,3436,,0,76,0,0
1620.1,1650.1,source_1099,source,FW_W,,,0,31,3720.0,2129,,0,31,0,0
1650.1,1680.1,RM_C10480,ramp,FW_W,10480,,8,1,120.0,46,0,0,0,0,1
1650.1,1680.1,RM_C10482,ramp,FW_W,10482,,10,23,2760.0,744,30,0,0,0,0
1650.1,1680.1,RM_C10646,ramp,FW_W,10646,,18,10,1200.0,88,5,0,0,0,3
1650.1,1680.1,RM_C10644,ramp,FW_W,10644,,22,8,960.0,170,22,0,0,0,0
1650.1,1680.1,RM_C10639,ramp,FW_E,10639,,10,3,360.0,168,6,0,0,0,0
1650.1,1680.1,RM_C10681,ramp,FW_E,10681,,12,7,840.0,264,31,0,0,0,0
1650.1,1680.1,RM_C10490,ramp,FW_E,10490,,21,5,600.0,277,6,0,0,0,0
1650.1,1680.1,RM_C10484,ramp,FW_E,10484,,23,4,480.0,160,8,0,0,0,0
1650.1,1680.1,OR_D_E_signal,offramp,FW_E,10481,18,,3,360.0,108,2,0,0,0,0
1650.1,1680.1,OR_D_E_direct,offramp,FW_E,10483,20,,11,1320.0,429,3,0,0,0,0
1650.1,1680.1,OR_D_W_signal,offramp,FW_W,10491,9,,5,600.0,359,3,0,0,0,1
1650.1,1680.1,OR_D_W_direct,offramp,FW_W,10479,7,,7,840.0,348,4,0,0,0,0
1650.1,1680.1,OR_F_E_signal,offramp,FW_E,10643,9,,9,1080.0,258,5,0,0,0,0
1650.1,1680.1,OR_F_E_direct,offramp,FW_E,10682,11,,13,1560.0,467,7,0,0,0,0
1650.1,1680.1,OR_F_W_signal,offramp,FW_W,10638,19,,12,1440.0,233,4,0,0,0,3
1650.1,1680.1,OR_F_W_direct,offramp,FW_W,10645,16,,11,1320.0,404,9,0,0,0,0
1650.1,1680.1,source_1098,source,FW_E,,,0,72,8640.0,3508,,0,72,0,0
1650.1,1680.1,source_1099,source,FW_W,,,0,34,4080.0,2163,,0,34,0,0
1680.1,1710.1,RM_C10480,ramp,FW_W,10480,,8,2,240.0,48,1,0,0,0,0
1680.1,1710.1,RM_C10482,ramp,FW_W,10482,,10,22,2640.0,766,28,0,0,0,0
1680.1,1710.1,RM_C10646,ramp,FW_W,10646,,18,5,600.0,93,0,0,0,0,2
1680.1,1710.1,RM_C10644,ramp,FW_W,10644,,22,1,120.0,171,24,0,0,0,0
1680.1,1710.1,RM_C10639,ramp,FW_E,10639,,10,6,720.0,174,5,0,0,0,0
1680.1,1710.1,RM_C10681,ramp,FW_E,10681,,12,8,960.0,272,23,0,0,0,0
1680.1,1710.1,RM_C10490,ramp,FW_E,10490,,21,6,720.0,283,7,0,0,0,0
1680.1,1710.1,RM_C10484,ramp,FW_E,10484,,23,7,840.0,167,8,0,0,0,0
1680.1,1710.1,OR_D_E_signal,offramp,FW_E,10481,18,,3,360.0,111,0,0,0,0,0
1680.1,1710.1,OR_D_E_direct,offramp,FW_E,10483,20,,9,1080.0,438,3,0,0,0,0
1680.1,1710.1,OR_D_W_signal,offramp,FW_W,10491,9,,4,480.0,363,1,0,0,0,0
1680.1,1710.1,OR_D_W_direct,offramp,FW_W,10479,7,,9,1080.0,357,2,0,0,0,0
1680.1,1710.1,OR_F_E_signal,offramp,FW_E,10643,9,,4,480.0,262,2,0,0,0,0
1680.1,1710.1,OR_F_E_direct,offramp,FW_E,10682,11,,15,1800.0,482,5,0,0,0,0
1680.1,1710.1,OR_F_W_signal,offramp,FW_W,10638,19,,8,960.0,241,1,0,0,0,2
1680.1,1710.1,OR_F_W_direct,offramp,FW_W,10645,16,,13,1560.0,417,4,0,0,0,0
1680.1,1710.1,source_1098,source,FW_E,,,0,60,7200.0,3568,,0,60,0,0
1680.1,1710.1,source_1099,source,FW_W,,,0,39,4680.0,2202,,0,39,0,0
1710.1,1740.1,RM_C10480,ramp,FW_W,10480,,8,1,120.0,49,1,0,0,0,0
1710.1,1740.1,RM_C10482,ramp,FW_W,10482,,10,17,2040.0,783,26,0,0,0,0
1710.1,1740.1,RM_C10646,ramp,FW_W,10646,,18,0,0.0,93,0,0,0,0,0
1710.1,1740.1,RM_C10644,ramp,FW_W,10644,,22,8,960.0,179,23,0,0,0,0
1710.1,1740.1,RM_C10639,ramp,FW_E,10639,,10,5,600.0,179,5,0,0,0,0
1710.1,1740.1,RM_C10681,ramp,FW_E,10681,,12,7,840.0,279,24,0,0,0,0
1710.1,1740.1,RM_C10490,ramp,FW_E,10490,,21,7,840.0,290,6,0,0,0,0
1710.1,1740.1,RM_C10484,ramp,FW_E,10484,,23,6,720.0,173,3,0,0,0,0
1710.1,1740.1,OR_D_E_signal,offramp,FW_E,10481,18,,1,120.0,112,0,0,0,0,0
1710.1,1740.1,OR_D_E_direct,offramp,FW_E,10483,20,,7,840.0,445,4,0,0,0,0
1710.1,1740.1,OR_D_W_signal,offramp,FW_W,10491,9,,3,360.0,366,0,0,0,0,0
1710.1,1740.1,OR_D_W_direct,offramp,FW_W,10479,7,,5,600.0,362,1,0,0,0,0
1710.1,1740.1,OR_F_E_signal,offramp,FW_E,10643,9,,4,480.0,266,2,0,0,0,0
1710.1,1740.1,OR_F_E_direct,offramp,FW_E,10682,11,,11,1320.0,493,7,0,0,0,0
1710.1,1740.1,OR_F_W_signal,offramp,FW_W,10638,19,,6,720.0,247,4,0,0,0,0
1710.1,1740.1,OR_F_W_direct,offramp,FW_W,10645,16,,7,840.0,424,3,0,0,0,0
1710.1,1740.1,source_1098,source,FW_E,,,0,66,7920.0,3634,,0,66,0,0
1710.1,1740.1,source_1099,source,FW_W,,,0,50,6000.0,2252,,0,50,0,0
1740.1,1770.1,RM_C10480,ramp,FW_W,10480,,8,2,240.0,51,1,0,0,0,1
1740.1,1770.1,RM_C10482,ramp,FW_W,10482,,10,18,2160.0,801,22,0,0,0,0
1740.1,1770.1,RM_C10646,ramp,FW_W,10646,,18,0,0.0,93,6,0,0,0,0
1740.1,1770.1,RM_C10644,ramp,FW_W,10644,,22,11,1320.0,190,19,0,0,0,0
1740.1,1770.1,RM_C10639,ramp,FW_E,10639,,10,5,600.0,184,3,0,0,0,0
1740.1,1770.1,RM_C10681,ramp,FW_E,10681,,12,7,840.0,286,35,0,0,0,0
1740.1,1770.1,RM_C10490,ramp,FW_E,10490,,21,6,720.0,296,6,0,0,0,0
1740.1,1770.1,RM_C10484,ramp,FW_E,10484,,23,2,240.0,175,4,0,0,0,0
1740.1,1770.1,OR_D_E_signal,offramp,FW_E,10481,18,,3,360.0,115,0,0,0,0,0
1740.1,1770.1,OR_D_E_direct,offramp,FW_E,10483,20,,9,1080.0,454,6,0,0,0,0
1740.1,1770.1,OR_D_W_signal,offramp,FW_W,10491,9,,12,1440.0,378,2,0,0,0,1
1740.1,1770.1,OR_D_W_direct,offramp,FW_W,10479,7,,7,840.0,369,2,0,0,0,0
1740.1,1770.1,OR_F_E_signal,offramp,FW_E,10643,9,,4,480.0,270,5,0,0,0,0
1740.1,1770.1,OR_F_E_direct,offramp,FW_E,10682,11,,12,1440.0,505,3,0,0,0,0
1740.1,1770.1,OR_F_W_signal,offramp,FW_W,10638,19,,3,360.0,250,0,0,0,0,0
1740.1,1770.1,OR_F_W_direct,offramp,FW_W,10645,16,,7,840.0,431,2,0,0,0,0
1740.1,1770.1,source_1098,source,FW_E,,,0,73,8760.0,3707,,0,73,0,0
1740.1,1770.1,source_1099,source,FW_W,,,0,59,7080.0,2311,,0,59,0,0
1770.1,1800.1,RM_C10480,ramp,FW_W,10480,,8,2,240.0,53,0,0,0,0,2
1770.1,1800.1,RM_C10482,ramp,FW_W,10482,,10,15,1800.0,816,28,0,0,0,0
1770.1,1800.1,RM_C10646,ramp,FW_W,10646,,18,5,600.0,98,5,0,0,0,2
1770.1,1800.1,RM_C10644,ramp,FW_W,10644,,22,5,600.0,195,16,0,0,0,0
1770.1,1800.1,RM_C10639,ramp,FW_E,10639,,10,1,120.0,185,6,0,0,0,0
1770.1,1800.1,RM_C10681,ramp,FW_E,10681,,12,5,600.0,291,51,0,0,0,0
1770.1,1800.1,RM_C10490,ramp,FW_E,10490,,21,6,720.0,302,5,0,0,0,0
1770.1,1800.1,RM_C10484,ramp,FW_E,10484,,23,3,360.0,178,5,0,0,0,0
1770.1,1800.1,OR_D_E_signal,offramp,FW_E,10481,18,,1,120.0,116,1,0,0,0,0
1770.1,1800.1,OR_D_E_direct,offramp,FW_E,10483,20,,12,1440.0,466,3,0,0,0,0
1770.1,1800.1,OR_D_W_signal,offramp,FW_W,10491,9,,5,600.0,383,1,0,0,0,2
1770.1,1800.1,OR_D_W_direct,offramp,FW_W,10479,7,,9,1080.0,378,2,0,0,0,0
1770.1,1800.1,OR_F_E_signal,offramp,FW_E,10643,9,,5,600.0,275,3,0,0,0,0
1770.1,1800.1,OR_F_E_direct,offramp,FW_E,10682,11,,21,2520.0,526,5,0,0,0,0
1770.1,1800.1,OR_F_W_signal,offramp,FW_W,10638,19,,13,1560.0,263,8,0,0,0,2
1770.1,1800.1,OR_F_W_direct,offramp,FW_W,10645,16,,18,2160.0,449,6,0,0,0,0
1770.1,1800.1,source_1098,source,FW_E,,,0,56,6720.0,3763,,0,56,0,0
1770.1,1800.1,source_1099,source,FW_W,,,0,47,5640.0,2358,,0,47,0,0
1800.1,1830.1,RM_C10480,ramp,FW_W,10480,,8,1,120.0,54,0,0,0,0,1
1800.1,1830.1,RM_C10482,ramp,FW_W,10482,,10,12,1440.0,828,31,0,0,0,0
1800.1,1830.1,RM_C10646,ramp,FW_W,10646,,18,5,600.0,103,0,0,0,0,2
1800.1,1830.1,RM_C10644,ramp,FW_W,10644,,22,3,360.0,198,15,0,0,0,0
1800.1,1830.1,RM_C10639,ramp,FW_E,10639,,10,6,720.0,191,8,0,0,0,0
1800.1,1830.1,RM_C10681,ramp,FW_E,10681,,12,8,960.0,299,49,0,0,0,0
1800.1,1830.1,RM_C10490,ramp,FW_E,10490,,21,4,480.0,306,7,0,0,0,0
1800.1,1830.1,RM_C10484,ramp,FW_E,10484,,23,4,480.0,182,3,0,0,0,0
1800.1,1830.1,OR_D_E_signal,offramp,FW_E,10481,18,,4,480.0,120,2,0,0,0,0
1800.1,1830.1,OR_D_E_direct,offramp,FW_E,10483,20,,11,1320.0,477,4,0,0,0,0
1800.1,1830.1,OR_D_W_signal,offramp,FW_W,10491,9,,4,480.0,387,1,0,0,0,1
1800.1,1830.1,OR_D_W_direct,offramp,FW_W,10479,7,,8,960.0,386,4,0,0,0,0
1800.1,1830.1,OR_F_E_signal,offramp,FW_E,10643,9,,2,240.0,277,0,0,0,0,0
1800.1,1830.1,OR_F_E_direct,offramp,FW_E,10682,11,,13,1560.0,539,6,0,0,0,0
1800.1,1830.1,OR_F_W_signal,offramp,FW_W,10638,19,,7,840.0,270,0,0,0,0,2
1800.1,1830.1,OR_F_W_direct,offramp,FW_W,10645,16,,14,1680.0,463,3,0,0,0,0
1800.1,1830.1,source_1098,source,FW_E,,,0,60,7200.0,3823,,0,60,0,0
1800.1,1830.1,source_1099,source,FW_W,,,0,19,2280.0,2377,,0,19,0,0
1830.1,1860.1,RM_C10480,ramp,FW_W,10480,,8,0,0.0,54,0,0,0,0,0
1830.1,1860.1,RM_C10482,ramp,FW_W,10482,,10,24,2880.0,852,25,0,0,0,0
1830.1,1860.1,RM_C10646,ramp,FW_W,10646,,18,0,0.0,103,1,0,0,0,0
1830.1,1860.1,RM_C10644,ramp,FW_W,10644,,22,12,1440.0,210,10,0,0,0,0
1830.1,1860.1,RM_C10639,ramp,FW_E,10639,,10,5,600.0,196,5,0,0,0,0
1830.1,1860.1,RM_C10681,ramp,FW_E,10681,,12,6,720.0,305,43,0,0,0,0
1830.1,1860.1,RM_C10490,ramp,FW_E,10490,,21,7,840.0,313,7,0,0,0,0
1830.1,1860.1,RM_C10484,ramp,FW_E,10484,,23,3,360.0,185,2,0,0,0,0
1830.1,1860.1,OR_D_E_signal,offramp,FW_E,10481,18,,1,120.0,121,1,0,0,0,0
1830.1,1860.1,OR_D_E_direct,offramp,FW_E,10483,20,,5,600.0,482,0,0,0,0,0
1830.1,1860.1,OR_D_W_signal,offramp,FW_W,10491,9,,7,840.0,394,1,0,0,0,0
1830.1,1860.1,OR_D_W_direct,offramp,FW_W,10479,7,,6,720.0,392,3,0,0,0,0
1830.1,1860.1,OR_F_E_signal,offramp,FW_E,10643,9,,4,480.0,281,1,0,0,0,0
1830.1,1860.1,OR_F_E_direct,offramp,FW_E,10682,11,,13,1560.0,552,4,0,0,0,0
1830.1,1860.1,OR_F_W_signal,offramp,FW_W,10638,19,,0,0.0,270,0,0,0,0,0
1830.1,1860.1,OR_F_W_direct,offramp,FW_W,10645,16,,6,720.0,469,2,0,0,0,0
1830.1,1860.1,source_1098,source,FW_E,,,0,65,7800.0,3888,,0,65,0,0
1830.1,1860.1,source_1099,source,FW_W,,,0,17,2040.0,2394,,0,17,0,0
1860.1,1890.1,RM_C10480,ramp,FW_W,10480,,8,1,120.0,55,0,0,0,0,1
1860.1,1890.1,RM_C10482,ramp,FW_W,10482,,10,16,1920.0,868,25,0,0,0,0
1860.1,1890.1,RM_C10646,ramp,FW_W,10646,,18,1,120.0,104,0,0,0,0,1
1860.1,1890.1,RM_C10644,ramp,FW_W,10644,,22,1,120.0,211,15,0,0,0,0
1860.1,1890.1,RM_C10639,ramp,FW_E,10639,,10,4,480.0,200,8,0,0,0,0
1860.1,1890.1,RM_C10681,ramp,FW_E,10681,,12,6,720.0,311,46,0,0,0,0
1860.1,1890.1,RM_C10490,ramp,FW_E,10490,,21,4,480.0,317,9,0,0,0,0
1860.1,1890.1,RM_C10484,ramp,FW_E,10484,,23,0,0.0,185,7,0,0,0,0
1860.1,1890.1,OR_D_E_signal,offramp,FW_E,10481,18,,7,840.0,128,3,0,0,0,0
1860.1,1890.1,OR_D_E_direct,offramp,FW_E,10483,20,,8,960.0,490,1,0,0,0,0
1860.1,1890.1,OR_D_W_signal,offramp,FW_W,10491,9,,10,1200.0,404,5,0,0,0,1
1860.1,1890.1,OR_D_W_direct,offramp,FW_W,10479,7,,8,960.0,400,2,0,0,0,0
1860.1,1890.1,OR_F_E_signal,offramp,FW_E,10643,9,,5,600.0,286,3,0,0,0,0
1860.1,1890.1,OR_F_E_direct,offramp,FW_E,10682,11,,7,840.0,559,5,0,0,0,0
1860.1,1890.1,OR_F_W_signal,offramp,FW_W,10638,19,,3,360.0,273,1,0,0,0,1
1860.1,1890.1,OR_F_W_direct,offramp,FW_W,10645,16,,13,1560.0,482,8,0,0,0,0
1860.1,1890.1,source_1098,source,FW_E,,,0,63,7560.0,3951,,0,63,0,0
1860.1,1890.1,source_1099,source,FW_W,,,0,49,5880.0,2443,,0,49,0,0
1890.1,1920.1,RM_C10480,ramp,FW_W,10480,,8,3,360.0,58,1,0,0,0,3
1890.1,1920.1,RM_C10482,ramp,FW_W,10482,,10,20,2400.0,888,22,0,0,0,0
1890.1,1920.1,RM_C10646,ramp,FW_W,10646,,18,0,0.0,104,6,0,0,0,0
1890.1,1920.1,RM_C10644,ramp,FW_W,10644,,22,0,0.0,211,17,0,0,0,0
1890.1,1920.1,RM_C10639,ramp,FW_E,10639,,10,6,720.0,206,6,0,0,0,0
1890.1,1920.1,RM_C10681,ramp,FW_E,10681,,12,9,1080.0,320,49,0,0,0,0
1890.1,1920.1,RM_C10490,ramp,FW_E,10490,,21,5,600.0,322,11,0,0,0,0
1890.1,1920.1,RM_C10484,ramp,FW_E,10484,,23,6,720.0,191,3,0,0,0,0
1890.1,1920.1,OR_D_E_signal,offramp,FW_E,10481,18,,2,240.0,130,1,0,0,0,0
1890.1,1920.1,OR_D_E_direct,offramp,FW_E,10483,20,,6,720.0,496,3,0,0,0,0
1890.1,1920.1,OR_D_W_signal,offramp,FW_W,10491,9,,8,960.0,412,5,0,0,0,3
1890.1,1920.1,OR_D_W_direct,offramp,FW_W,10479,7,,9,1080.0,409,3,0,0,0,0
1890.1,1920.1,OR_F_E_signal,offramp,FW_E,10643,9,,2,240.0,288,1,0,0,0,0
1890.1,1920.1,OR_F_E_direct,offramp,FW_E,10682,11,,10,1200.0,569,1,0,0,0,0
1890.1,1920.1,OR_F_W_signal,offramp,FW_W,10638,19,,1,120.0,274,0,0,0,0,0
1890.1,1920.1,OR_F_W_direct,offramp,FW_W,10645,16,,7,840.0,489,5,0,0,0,0
1890.1,1920.1,source_1098,source,FW_E,,,0,67,8040.0,4018,,0,67,0,0
1890.1,1920.1,source_1099,source,FW_W,,,0,40,4800.0,2483,,0,40,0,0
1920.1,1950.1,RM_C10480,ramp,FW_W,10480,,8,4,480.0,62,0,0,0,0,4
1920.1,1950.1,RM_C10482,ramp,FW_W,10482,,10,15,1800.0,903,30,0,0,0,0
1920.1,1950.1,RM_C10646,ramp,FW_W,10646,,18,7,840.0,111,4,0,0,0,2
1920.1,1950.1,RM_C10644,ramp,FW_W,10644,,22,12,1440.0,223,5,0,0,0,0
1920.1,1950.1,RM_C10639,ramp,FW_E,10639,,10,5,600.0,211,3,0,0,0,0
1920.1,1950.1,RM_C10681,ramp,FW_E,10681,,12,6,720.0,326,56,0,0,0,0
1920.1,1950.1,RM_C10490,ramp,FW_E,10490,,21,12,1440.0,334,9,0,0,0,0
1920.1,1950.1,RM_C10484,ramp,FW_E,10484,,23,3,360.0,194,10,0,0,0,0
1920.1,1950.1,OR_D_E_signal,offramp,FW_E,10481,18,,5,600.0,135,2,0,0,0,0
1920.1,1950.1,OR_D_E_direct,offramp,FW_E,10483,20,,11,1320.0,507,7,0,0,0,0
1920.1,1950.1,OR_D_W_signal,offramp,FW_W,10491,9,,12,1440.0,424,6,0,0,0,4
1920.1,1950.1,OR_D_W_direct,offramp,FW_W,10479,7,,6,720.0,415,1,0,0,0,0
1920.1,1950.1,OR_F_E_signal,offramp,FW_E,10643,9,,4,480.0,292,2,0,0,0,0
1920.1,1950.1,OR_F_E_direct,offramp,FW_E,10682,11,,10,1200.0,579,1,0,0,0,0
1920.1,1950.1,OR_F_W_signal,offramp,FW_W,10638,19,,14,1680.0,288,2,0,0,0,2
1920.1,1950.1,OR_F_W_direct,offramp,FW_W,10645,16,,10,1200.0,499,5,0,0,0,0
1920.1,1950.1,source_1098,source,FW_E,,,0,68,8160.0,4086,,0,68,0,0
1920.1,1950.1,source_1099,source,FW_W,,,0,42,5040.0,2525,,0,42,0,0
1950.1,1980.1,RM_C10480,ramp,FW_W,10480,,8,1,120.0,63,2,0,0,0,0
1950.1,1980.1,RM_C10482,ramp,FW_W,10482,,10,19,2280.0,922,30,0,0,0,0
1950.1,1980.1,RM_C10646,ramp,FW_W,10646,,18,4,480.0,115,6,0,0,0,2
1950.1,1980.1,RM_C10644,ramp,FW_W,10644,,22,5,600.0,228,7,0,0,0,0
1950.1,1980.1,RM_C10639,ramp,FW_E,10639,,10,3,360.0,214,0,0,0,0,0
1950.1,1980.1,RM_C10681,ramp,FW_E,10681,,12,8,960.0,334,59,0,0,0,0
1950.1,1980.1,RM_C10490,ramp,FW_E,10490,,21,10,1200.0,344,4,0,0,0,0
1950.1,1980.1,RM_C10484,ramp,FW_E,10484,,23,6,720.0,200,7,0,0,0,0
1950.1,1980.1,OR_D_E_signal,offramp,FW_E,10481,18,,5,600.0,140,2,0,0,0,0
1950.1,1980.1,OR_D_E_direct,offramp,FW_E,10483,20,,7,840.0,514,6,0,0,0,0
1950.1,1980.1,OR_D_W_signal,offramp,FW_W,10491,9,,8,960.0,432,3,0,0,0,0
1950.1,1980.1,OR_D_W_direct,offramp,FW_W,10479,7,,9,1080.0,424,2,0,0,0,0
1950.1,1980.1,OR_F_E_signal,offramp,FW_E,10643,9,,8,960.0,300,3,0,0,0,0
1950.1,1980.1,OR_F_E_direct,offramp,FW_E,10682,11,,14,1680.0,593,6,0,0,0,0
1950.1,1980.1,OR_F_W_signal,offramp,FW_W,10638,19,,8,960.0,296,2,0,0,0,2
1950.1,1980.1,OR_F_W_direct,offramp,FW_W,10645,16,,12,1440.0,511,0,0,0,0,0
1950.1,1980.1,source_1098,source,FW_E,,,0,55,6600.0,4141,,0,55,0,0
1950.1,1980.1,source_1099,source,FW_W,,,0,13,1560.0,2538,,0,13,0,0
1980.1,2010.1,RM_C10480,ramp,FW_W,10480,,8,2,240.0,65,0,0,0,0,2
1980.1,2010.1,RM_C10482,ramp,FW_W,10482,,10,26,3120.0,948,20,0,0,0,0
1980.1,2010.1,RM_C10646,ramp,FW_W,10646,,18,6,720.0,121,1,0,0,0,3
1980.1,2010.1,RM_C10644,ramp,FW_W,10644,,22,0,0.0,228,8,0,0,0,0
1980.1,2010.1,RM_C10639,ramp,FW_E,10639,,10,0,0.0,214,4,0,0,0,0
1980.1,2010.1,RM_C10681,ramp,FW_E,10681,,12,11,1320.0,345,50,0,0,0,0
1980.1,2010.1,RM_C10490,ramp,FW_E,10490,,21,5,600.0,349,5,0,0,0,0
1980.1,2010.1,RM_C10484,ramp,FW_E,10484,,23,4,480.0,204,5,0,0,0,0
1980.1,2010.1,OR_D_E_signal,offramp,FW_E,10481,18,,0,0.0,140,0,0,0,0,0
1980.1,2010.1,OR_D_E_direct,offramp,FW_E,10483,20,,9,1080.0,523,3,0,0,0,0
1980.1,2010.1,OR_D_W_signal,offramp,FW_W,10491,9,,5,600.0,437,1,0,0,0,2
1980.1,2010.1,OR_D_W_direct,offramp,FW_W,10479,7,,10,1200.0,434,3,0,0,0,0
1980.1,2010.1,OR_F_E_signal,offramp,FW_E,10643,9,,5,600.0,305,6,0,0,0,0
1980.1,2010.1,OR_F_E_direct,offramp,FW_E,10682,11,,15,1800.0,608,3,0,0,0,0
1980.1,2010.1,OR_F_W_signal,offramp,FW_W,10638,19,,6,720.0,302,3,0,0,0,3
1980.1,2010.1,OR_F_W_direct,offramp,FW_W,10645,16,,12,1440.0,523,10,0,0,0,0
1980.1,2010.1,source_1098,source,FW_E,,,0,68,8160.0,4209,,0,68,0,0
1980.1,2010.1,source_1099,source,FW_W,,,0,31,3720.0,2569,,0,31,0,0
2010.1,2040.1,RM_C10480,ramp,FW_W,10480,,8,0,0.0,65,0,0,0,0,0
2010.1,2040.1,RM_C10482,ramp,FW_W,10482,,10,10,1200.0,958,25,0,0,0,0
2010.1,2040.1,RM_C10646,ramp,FW_W,10646,,18,1,120.0,122,0,0,0,0,1
2010.1,2040.1,RM_C10644,ramp,FW_W,10644,,22,3,360.0,231,10,0,0,0,0
2010.1,2040.1,RM_C10639,ramp,FW_E,10639,,10,0,0.0,214,7,0,0,0,0
2010.1,2040.1,RM_C10681,ramp,FW_E,10681,,12,12,1440.0,357,51,0,0,0,0
2010.1,2040.1,RM_C10490,ramp,FW_E,10490,,21,6,720.0,355,7,0,0,0,0
2010.1,2040.1,RM_C10484,ramp,FW_E,10484,,23,4,480.0,208,6,0,0,0,0
2010.1,2040.1,OR_D_E_signal,offramp,FW_E,10481,18,,1,120.0,141,0,0,0,0,0
2010.1,2040.1,OR_D_E_direct,offramp,FW_E,10483,20,,5,600.0,528,0,0,0,0,0
2010.1,2040.1,OR_D_W_signal,offramp,FW_W,10491,9,,6,720.0,443,5,0,0,0,0
2010.1,2040.1,OR_D_W_direct,offramp,FW_W,10479,7,,4,480.0,438,0,0,0,0,0
2010.1,2040.1,OR_F_E_signal,offramp,FW_E,10643,9,,4,480.0,309,9,0,0,0,0
2010.1,2040.1,OR_F_E_direct,offramp,FW_E,10682,11,,13,1560.0,621,6,0,0,0,0
2010.1,2040.1,OR_F_W_signal,offramp,FW_W,10638,19,,6,720.0,308,0,0,0,0,1
2010.1,2040.1,OR_F_W_direct,offramp,FW_W,10645,16,,10,1200.0,533,4,0,0,0,0
2010.1,2040.1,source_1098,source,FW_E,,,0,55,6600.0,4264,,0,55,0,0
2010.1,2040.1,source_1099,source,FW_W,,,0,52,6240.0,2621,,0,52,0,0
2040.1,2070.1,RM_C10480,ramp,FW_W,10480,,8,4,480.0,69,1,0,0,0,3
2040.1,2070.1,RM_C10482,ramp,FW_W,10482,,10,21,2520.0,979,20,0,0,0,0
2040.1,2070.1,RM_C10646,ramp,FW_W,10646,,18,0,0.0,122,2,0,0,0,0
2040.1,2070.1,RM_C10644,ramp,FW_W,10644,,22,4,480.0,235,14,0,0,0,0
2040.1,2070.1,RM_C10639,ramp,FW_E,10639,,10,6,720.0,220,6,0,0,0,0
2040.1,2070.1,RM_C10681,ramp,FW_E,10681,,12,10,1200.0,367,55,0,0,0,0
2040.1,2070.1,RM_C10490,ramp,FW_E,10490,,21,8,960.0,363,6,0,0,0,0
2040.1,2070.1,RM_C10484,ramp,FW_E,10484,,23,3,360.0,211,8,0,0,0,0
2040.1,2070.1,OR_D_E_signal,offramp,FW_E,10481,18,,4,480.0,145,3,0,0,0,0
2040.1,2070.1,OR_D_E_direct,offramp,FW_E,10483,20,,14,1680.0,542,4,0,0,0,0
2040.1,2070.1,OR_D_W_signal,offramp,FW_W,10491,9,,12,1440.0,455,6,0,0,0,3
2040.1,2070.1,OR_D_W_direct,offramp,FW_W,10479,7,,9,1080.0,447,2,0,0,0,0
2040.1,2070.1,OR_F_E_signal,offramp,FW_E,10643,9,,3,360.0,312,8,0,0,0,0
2040.1,2070.1,OR_F_E_direct,offramp,FW_E,10682,11,,9,1080.0,630,6,0,0,0,0
2040.1,2070.1,OR_F_W_signal,offramp,FW_W,10638,19,,4,480.0,312,3,0,0,0,0
2040.1,2070.1,OR_F_W_direct,offramp,FW_W,10645,16,,15,1800.0,548,8,0,0,0,0
2040.1,2070.1,source_1098,source,FW_E,,,0,53,6360.0,4317,,0,53,0,0
2040.1,2070.1,source_1099,source,FW_W,,,0,33,3960.0,2654,,0,33,0,0
2070.1,2100.1,RM_C10480,ramp,FW_W,10480,,8,2,240.0,71,3,0,0,0,1
2070.1,2100.1,RM_C10482,ramp,FW_W,10482,,10,16,1920.0,995,20,0,0,0,0
2070.1,2100.1,RM_C10646,ramp,FW_W,10646,,18,2,240.0,124,3,0,0,0,0
2070.1,2100.1,RM_C10644,ramp,FW_W,10644,,22,0,0.0,235,23,0,0,0,0
2070.1,2100.1,RM_C10639,ramp,FW_E,10639,,10,6,720.0,226,7,0,0,0,0
2070.1,2100.1,RM_C10681,ramp,FW_E,10681,,12,11,1320.0,378,57,0,0,0,0
2070.1,2100.1,RM_C10490,ramp,FW_E,10490,,21,6,720.0,369,9,0,0,0,0
2070.1,2100.1,RM_C10484,ramp,FW_E,10484,,23,7,840.0,218,8,0,0,0,0
2070.1,2100.1,OR_D_E_signal,offramp,FW_E,10481,18,,5,600.0,150,2,0,0,0,0
2070.1,2100.1,OR_D_E_direct,offramp,FW_E,10483,20,,6,720.0,548,3,0,0,0,0
2070.1,2100.1,OR_D_W_signal,offramp,FW_W,10491,9,,8,960.0,463,3,0,0,0,1
2070.1,2100.1,OR_D_W_direct,offramp,FW_W,10479,7,,7,840.0,454,3,0,0,0,0
2070.1,2100.1,OR_F_E_signal,offramp,FW_E,10643,9,,3,360.0,315,8,0,0,0,0
2070.1,2100.1,OR_F_E_direct,offramp,FW_E,10682,11,,8,960.0,638,4,0,0,0,0
2070.1,2100.1,OR_F_W_signal,offramp,FW_W,10638,19,,6,720.0,318,3,0,0,0,0
2070.1,2100.1,OR_F_W_direct,offramp,FW_W,10645,16,,6,720.0,554,1,0,0,0,0
2070.1,2100.1,source_1098,source,FW_E,,,0,69,8280.0,4386,,0,69,0,0
2070.1,2100.1,source_1099,source,FW_W,,,0,49,5880.0,2703,,0,49,0,0
2100.1,2130.1,RM_C10480,ramp,FW_W,10480,,8,5,600.0,76,1,0,0,0,3
2100.1,2130.1,RM_C10482,ramp,FW_W,10482,,10,12,1440.0,1007,22,0,0,0,0
2100.1,2130.1,RM_C10646,ramp,FW_W,10646,,18,4,480.0,128,3,0,0,0,2
2100.1,2130.1,RM_C10644,ramp,FW_W,10644,,22,2,240.0,237,25,0,0,0,0
2100.1,2130.1,RM_C10639,ramp,FW_E,10639,,10,7,840.0,233,5,0,0,0,0
2100.1,2130.1,RM_C10681,ramp,FW_E,10681,,12,8,960.0,386,56,0,0,0,0
2100.1,2130.1,RM_C10490,ramp,FW_E,10490,,21,9,1080.0,378,4,0,0,0,0
2100.1,2130.1,RM_C10484,ramp,FW_E,10484,,23,6,720.0,224,6,0,0,0,0
2100.1,2130.1,OR_D_E_signal,offramp,FW_E,10481,18,,2,240.0,152,0,0,0,0,0
2100.1,2130.1,OR_D_E_direct,offramp,FW_E,10483,20,,13,1560.0,561,0,0,0,0,0
2100.1,2130.1,OR_D_W_signal,offramp,FW_W,10491,9,,12,1440.0,475,3,0,0,0,3
2100.1,2130.1,OR_D_W_direct,offramp,FW_W,10479,7,,4,480.0,458,0,0,0,0,0
2100.1,2130.1,OR_F_E_signal,offramp,FW_E,10643,9,,10,1200.0,325,10,0,0,0,0
2100.1,2130.1,OR_F_E_direct,offramp,FW_E,10682,11,,11,1320.0,649,2,0,0,0,0
2100.1,2130.1,OR_F_W_signal,offramp,FW_W,10638,19,,4,480.0,322,1,0,0,0,2
2100.1,2130.1,OR_F_W_direct,offramp,FW_W,10645,16,,12,1440.0,566,7,0,0,0,0
2100.1,2130.1,source_1098,source,FW_E,,,0,73,8760.0,4459,,0,73,0,0
2100.1,2130.1,source_1099,source,FW_W,,,0,20,2400.0,2723,,0,20,0,0
2130.1,2160.1,RM_C10480,ramp,FW_W,10480,,8,1,120.0,77,1,0,0,0,1
2130.1,2160.1,RM_C10482,ramp,FW_W,10482,,10,13,1560.0,1020,25,0,0,0,0
2130.1,2160.1,RM_C10646,ramp,FW_W,10646,,18,4,480.0,132,2,0,0,0,1
2130.1,2160.1,RM_C10644,ramp,FW_W,10644,,22,10,1200.0,247,23,0,0,0,0
2130.1,2160.1,RM_C10639,ramp,FW_E,10639,,10,4,480.0,237,5,0,0,0,0
2130.1,2160.1,RM_C10681,ramp,FW_E,10681,,12,14,1680.0,400,50,0,0,0,0
2130.1,2160.1,RM_C10490,ramp,FW_E,10490,,21,2,240.0,380,12,0,0,0,0
2130.1,2160.1,RM_C10484,ramp,FW_E,10484,,23,4,480.0,228,6,0,0,0,0
2130.1,2160.1,OR_D_E_signal,offramp,FW_E,10481,18,,4,480.0,156,1,0,0,0,0
2130.1,2160.1,OR_D_E_direct,offramp,FW_E,10483,20,,6,720.0,567,5,0,0,0,0
2130.1,2160.1,OR_D_W_signal,offramp,FW_W,10491,9,,10,1200.0,485,4,0,0,0,1
2130.1,2160.1,OR_D_W_direct,offramp,FW_W,10479,7,,8,960.0,466,2,0,0,0,0
2130.1,2160.1,OR_F_E_signal,offramp,FW_E,10643,9,,8,960.0,333,11,0,0,0,0
2130.1,2160.1,OR_F_E_direct,offramp,FW_E,10682,11,,8,960.0,657,1,0,0,0,0
2130.1,2160.1,OR_F_W_signal,offramp,FW_W,10638,19,,7,840.0,329,4,0,0,0,1
2130.1,2160.1,OR_F_W_direct,offramp,FW_W,10645,16,,6,720.0,572,1,0,0,0,0
2130.1,2160.1,source_1098,source,FW_E,,,0,69,8280.0,4528,,0,69,0,0
2130.1,2160.1,source_1099,source,FW_W,,,0,28,3360.0,2751,,0,28,0,0
2160.1,2190.1,RM_C10480,ramp,FW_W,10480,,8,2,240.0,79,1,0,0,0,2
2160.1,2190.1,RM_C10482,ramp,FW_W,10482,,10,14,1680.0,1034,30,0,0,0,0
2160.1,2190.1,RM_C10646,ramp,FW_W,10646,,18,2,240.0,134,1,0,0,0,1
2160.1,2190.1,RM_C10644,ramp,FW_W,10644,,22,12,1440.0,259,16,0,0,0,0
2160.1,2190.1,RM_C10639,ramp,FW_E,10639,,10,5,600.0,242,4,0,0,0,0
2160.1,2190.1,RM_C10681,ramp,FW_E,10681,,12,10,1200.0,410,48,0,0,0,0
2160.1,2190.1,RM_C10490,ramp,FW_E,10490,,21,12,1440.0,392,6,0,0,0,0
2160.1,2190.1,RM_C10484,ramp,FW_E,10484,,23,6,720.0,234,4,0,0,0,0
2160.1,2190.1,OR_D_E_signal,offramp,FW_E,10481,18,,3,360.0,159,3,0,0,0,0
2160.1,2190.1,OR_D_E_direct,offramp,FW_E,10483,20,,11,1320.0,578,3,0,0,0,0
2160.1,2190.1,OR_D_W_signal,offramp,FW_W,10491,9,,6,720.0,491,2,0,0,0,2
2160.1,2190.1,OR_D_W_direct,offramp,FW_W,10479,7,,10,1200.0,476,2,0,0,0,0
2160.1,2190.1,OR_F_E_signal,offramp,FW_E,10643,9,,10,1200.0,343,19,0,0,0,0
2160.1,2190.1,OR_F_E_direct,offramp,FW_E,10682,11,,8,960.0,665,5,0,0,0,0
2160.1,2190.1,OR_F_W_signal,offramp,FW_W,10638,19,,7,840.0,336,1,0,0,0,1
2160.1,2190.1,OR_F_W_direct,offramp,FW_W,10645,16,,9,1080.0,581,5,0,0,0,0
2160.1,2190.1,source_1098,source,FW_E,,,0,62,7440.0,4590,,0,62,0,0
2160.1,2190.1,source_1099,source,FW_W,,,0,47,5640.0,2798,,0,47,0,0
2190.1,2220.1,RM_C10480,ramp,FW_W,10480,,8,1,120.0,80,0,0,0,0,1
2190.1,2220.1,RM_C10482,ramp,FW_W,10482,,10,19,2280.0,1053,33,0,0,0,0
2190.1,2220.1,RM_C10646,ramp,FW_W,10646,,18,1,120.0,135,0,0,0,0,0
2190.1,2220.1,RM_C10644,ramp,FW_W,10644,,22,3,360.0,262,18,0,0,0,0
2190.1,2220.1,RM_C10639,ramp,FW_E,10639,,10,4,480.0,246,9,0,0,0,0
2190.1,2220.1,RM_C10681,ramp,FW_E,10681,,12,9,1080.0,419,55,0,0,0,0
2190.1,2220.1,RM_C10490,ramp,FW_E,10490,,21,7,840.0,399,5,0,0,0,0
2190.1,2220.1,RM_C10484,ramp,FW_E,10484,,23,1,120.0,235,10,0,0,0,0
2190.1,2220.1,OR_D_E_signal,offramp,FW_E,10481,18,,1,120.0,160,0,0,0,0,0
2190.1,2220.1,OR_D_E_direct,offramp,FW_E,10483,20,,14,1680.0,592,6,0,0,0,0
2190.1,2220.1,OR_D_W_signal,offramp,FW_W,10491,9,,5,600.0,496,1,0,0,0,1
2190.1,2220.1,OR_D_W_direct,offramp,FW_W,10479,7,,13,1560.0,489,6,0,0,0,0
2190.1,2220.1,OR_F_E_signal,offramp,FW_E,10643,9,,2,240.0,345,16,0,0,0,0
2190.1,2220.1,OR_F_E_direct,offramp,FW_E,10682,11,,14,1680.0,679,6,0,0,0,0
2190.1,2220.1,OR_F_W_signal,offramp,FW_W,10638,19,,1,120.0,337,0,0,0,0,0
2190.1,2220.1,OR_F_W_direct,offramp,FW_W,10645,16,,9,1080.0,590,2,0,0,0,0
2190.1,2220.1,source_1098,source,FW_E,,,0,56,6720.0,4646,,0,56,0,0
2190.1,2220.1,source_1099,source,FW_W,,,0,44,5280.0,2842,,0,44,0,0
2220.1,2250.1,RM_C10480,ramp,FW_W,10480,,8,1,120.0,81,1,0,0,0,1
2220.1,2250.1,RM_C10482,ramp,FW_W,10482,,10,23,2760.0,1076,23,0,0,0,0
2220.1,2250.1,RM_C10646,ramp,FW_W,10646,,18,2,240.0,137,0,0,0,0,1
2220.1,2250.1,RM_C10644,ramp,FW_W,10644,,22,10,1200.0,272,13,0,0,0,0
2220.1,2250.1,RM_C10639,ramp,FW_E,10639,,10,8,960.0,254,7,0,0,0,0
2220.1,2250.1,RM_C10681,ramp,FW_E,10681,,12,6,720.0,425,57,0,0,0,0
2220.1,2250.1,RM_C10490,ramp,FW_E,10490,,21,3,360.0,402,8,0,0,0,0
2220.1,2250.1,RM_C10484,ramp,FW_E,10484,,23,5,600.0,240,11,0,0,0,0
2220.1,2250.1,OR_D_E_signal,offramp,FW_E,10481,18,,0,0.0,160,0,0,0,0,0
2220.1,2250.1,OR_D_E_direct,offramp,FW_E,10483,20,,5,600.0,597,3,0,0,0,0
2220.1,2250.1,OR_D_W_signal,offramp,FW_W,10491,9,,6,720.0,502,3,0,0,0,1
2220.1,2250.1,OR_D_W_direct,offramp,FW_W,10479,7,,8,960.0,497,5,0,0,0,0
2220.1,2250.1,OR_F_E_signal,offramp,FW_E,10643,9,,5,600.0,350,14,0,0,0,0
2220.1,2250.1,OR_F_E_direct,offramp,FW_E,10682,11,,6,720.0,685,2,0,0,0,0
2220.1,2250.1,OR_F_W_signal,offramp,FW_W,10638,19,,5,600.0,342,2,0,0,0,1
2220.1,2250.1,OR_F_W_direct,offramp,FW_W,10645,16,,9,1080.0,599,0,0,0,0,0
2220.1,2250.1,source_1098,source,FW_E,,,0,63,7560.0,4709,,0,63,0,0
2220.1,2250.1,source_1099,source,FW_W,,,0,46,5520.0,2888,,0,46,0,0
2250.1,2280.1,RM_C10480,ramp,FW_W,10480,,8,2,240.0,83,2,0,0,0,2
2250.1,2280.1,RM_C10482,ramp,FW_W,10482,,10,19,2280.0,1095,24,0,0,0,0
2250.1,2280.1,RM_C10646,ramp,FW_W,10646,,18,0,0.0,137,8,0,0,0,0
2250.1,2280.1,RM_C10644,ramp,FW_W,10644,,22,4,480.0,276,15,0,0,0,0
2250.1,2280.1,RM_C10639,ramp,FW_E,10639,,10,5,600.0,259,8,0,0,0,0
2250.1,2280.1,RM_C10681,ramp,FW_E,10681,,12,12,1440.0,437,58,0,0,0,0
2250.1,2280.1,RM_C10490,ramp,FW_E,10490,,21,5,600.0,407,8,0,0,0,0
2250.1,2280.1,RM_C10484,ramp,FW_E,10484,,23,7,840.0,247,8,0,0,0,0
2250.1,2280.1,OR_D_E_signal,offramp,FW_E,10481,18,,3,360.0,163,1,0,0,0,0
2250.1,2280.1,OR_D_E_direct,offramp,FW_E,10483,20,,7,840.0,604,2,0,0,0,0
2250.1,2280.1,OR_D_W_signal,offramp,FW_W,10491,9,,11,1320.0,513,2,0,0,0,2
2250.1,2280.1,OR_D_W_direct,offramp,FW_W,10479,7,,9,1080.0,506,1,0,0,0,0
2250.1,2280.1,OR_F_E_signal,offramp,FW_E,10643,9,,3,360.0,353,8,0,0,0,0
2250.1,2280.1,OR_F_E_direct,offramp,FW_E,10682,11,,9,1080.0,694,5,0,0,0,0
2250.1,2280.1,OR_F_W_signal,offramp,FW_W,10638,19,,2,240.0,344,0,0,0,0,0
2250.1,2280.1,OR_F_W_direct,offramp,FW_W,10645,16,,9,1080.0,608,5,0,0,0,0
2250.1,2280.1,source_1098,source,FW_E,,,0,67,8040.0,4776,,0,67,0,0
2250.1,2280.1,source_1099,source,FW_W,,,0,31,3720.0,2919,,0,31,0,0
2280.1,2310.1,RM_C10480,ramp,FW_W,10480,,8,4,480.0,87,1,0,0,0,2
2280.1,2310.1,RM_C10482,ramp,FW_W,10482,,10,15,1800.0,1110,25,0,0,0,0
2280.1,2310.1,RM_C10646,ramp,FW_W,10646,,18,8,960.0,145,2,0,0,0,3
2280.1,2310.1,RM_C10644,ramp,FW_W,10644,,22,2,240.0,278,16,0,0,0,0
2280.1,2310.1,RM_C10639,ramp,FW_E,10639,,10,8,960.0,267,5,0,0,0,0
2280.1,2310.1,RM_C10681,ramp,FW_E,10681,,12,11,1320.0,448,54,0,0,0,0
2280.1,2310.1,RM_C10490,ramp,FW_E,10490,,21,7,840.0,414,11,0,0,0,0
2280.1,2310.1,RM_C10484,ramp,FW_E,10484,,23,6,720.0,253,6,0,0,0,0
2280.1,2310.1,OR_D_E_signal,offramp,FW_E,10481,18,,2,240.0,165,1,0,0,0,0
2280.1,2310.1,OR_D_E_direct,offramp,FW_E,10483,20,,6,720.0,610,2,0,0,0,0
2280.1,2310.1,OR_D_W_signal,offramp,FW_W,10491,9,,4,480.0,517,2,0,0,0,2
2280.1,2310.1,OR_D_W_direct,offramp,FW_W,10479,7,,7,840.0,513,3,0,0,0,0
2280.1,2310.1,OR_F_E_signal,offramp,FW_E,10643,9,,5,600.0,358,11,0,0,0,0
2280.1,2310.1,OR_F_E_direct,offramp,FW_E,10682,11,,11,1320.0,705,8,0,0,0,0
2280.1,2310.1,OR_F_W_signal,offramp,FW_W,10638,19,,11,1320.0,355,8,0,0,0,3
2280.1,2310.1,OR_F_W_direct,offramp,FW_W,10645,16,,5,600.0,613,4,0,0,0,0
2280.1,2310.1,source_1098,source,FW_E,,,0,65,7800.0,4841,,0,65,0,0
2280.1,2310.1,source_1099,source,FW_W,,,0,30,3600.0,2949,,0,30,0,0
2310.1,2340.1,RM_C10480,ramp,FW_W,10480,,8,1,120.0,88,0,0,0,0,1
2310.1,2340.1,RM_C10482,ramp,FW_W,10482,,10,16,1920.0,1126,25,0,0,0,0
2310.1,2340.1,RM_C10646,ramp,FW_W,10646,,18,2,240.0,147,1,0,0,0,1
2310.1,2340.1,RM_C10644,ramp,FW_W,10644,,22,8,960.0,286,13,0,0,0,0
2310.1,2340.1,RM_C10639,ramp,FW_E,10639,,10,2,240.0,269,8,0,0,0,0
2310.1,2340.1,RM_C10681,ramp,FW_E,10681,,12,7,840.0,455,56,0,0,0,0
2310.1,2340.1,RM_C10490,ramp,FW_E,10490,,21,10,1200.0,424,6,0,0,0,0
2310.1,2340.1,RM_C10484,ramp,FW_E,10484,,23,4,480.0,257,4,0,0,0,0
2310.1,2340.1,OR_D_E_signal,offramp,FW_E,10481,18,,0,0.0,165,0,0,0,0,0
2310.1,2340.1,OR_D_E_direct,offramp,FW_E,10483,20,,10,1200.0,620,6,0,0,0,0
2310.1,2340.1,OR_D_W_signal,offramp,FW_W,10491,9,,5,600.0,522,3,0,0,0,1
2310.1,2340.1,OR_D_W_direct,offramp,FW_W,10479,7,,8,960.0,521,2,0,0,0,0
2310.1,2340.1,OR_F_E_signal,offramp,FW_E,10643,9,,5,600.0,363,14,0,0,0,0
2310.1,2340.1,OR_F_E_direct,offramp,FW_E,10682,11,,10,1200.0,715,6,0,0,0,0
2310.1,2340.1,OR_F_W_signal,offramp,FW_W,10638,19,,5,600.0,360,2,0,0,0,1
2310.1,2340.1,OR_F_W_direct,offramp,FW_W,10645,16,,16,1920.0,629,4,0,0,0,0
2310.1,2340.1,source_1098,source,FW_E,,,0,74,8880.0,4915,,0,74,0,0
2310.1,2340.1,source_1099,source,FW_W,,,0,36,4320.0,2985,,0,36,0,0
2340.1,2370.1,RM_C10480,ramp,FW_W,10480,,8,0,0.0,88,2,0,0,0,0
2340.1,2370.1,RM_C10482,ramp,FW_W,10482,,10,14,1680.0,1140,29,0,0,0,0
2340.1,2370.1,RM_C10646,ramp,FW_W,10646,,18,1,120.0,148,7,0,0,0,0
2340.1,2370.1,RM_C10644,ramp,FW_W,10644,,22,5,600.0,291,14,0,0,0,0
2340.1,2370.1,RM_C10639,ramp,FW_E,10639,,10,5,600.0,274,14,0,0,0,0
2340.1,2370.1,RM_C10681,ramp,FW_E,10681,,12,14,1680.0,469,54,0,0,0,0
2340.1,2370.1,RM_C10490,ramp,FW_E,10490,,21,7,840.0,431,8,0,0,0,0
2340.1,2370.1,RM_C10484,ramp,FW_E,10484,,23,4,480.0,261,4,0,0,0,0
2340.1,2370.1,OR_D_E_signal,offramp,FW_E,10481,18,,3,360.0,168,2,0,0,0,0
2340.1,2370.1,OR_D_E_direct,offramp,FW_E,10483,20,,6,720.0,626,4,0,0,0,0
2340.1,2370.1,OR_D_W_signal,offramp,FW_W,10491,9,,7,840.0,529,1,0,0,0,0
2340.1,2370.1,OR_D_W_direct,offramp,FW_W,10479,7,,8,960.0,529,2,0,0,0,0
2340.1,2370.1,OR_F_E_signal,offramp,FW_E,10643,9,,3,360.0,366,13,0,0,0,0
2340.1,2370.1,OR_F_E_direct,offramp,FW_E,10682,11,,10,1200.0,725,4,0,0,0,0
2340.1,2370.1,OR_F_W_signal,offramp,FW_W,10638,19,,3,360.0,363,0,0,0,0,0
2340.1,2370.1,OR_F_W_direct,offramp,FW_W,10645,16,,10,1200.0,639,4,0,0,0,0
2340.1,2370.1,source_1098,source,FW_E,,,0,60,7200.0,4975,,0,60,0,0
2340.1,2370.1,source_1099,source,FW_W,,,0,41,4920.0,3026,,0,41,0,0
2370.1,2400.1,RM_C10480,ramp,FW_W,10480,,8,4,480.0,92,1,0,0,0,4
2370.1,2400.1,RM_C10482,ramp,FW_W,10482,,10,21,2520.0,1161,26,0,0,0,0
2370.1,2400.1,RM_C10646,ramp,FW_W,10646,,18,7,840.0,155,7,0,0,0,1
2370.1,2400.1,RM_C10644,ramp,FW_W,10644,,22,3,360.0,294,15,0,0,0,0
2370.1,2400.1,RM_C10639,ramp,FW_E,10639,,10,11,1320.0,285,8,0,0,0,0
2370.1,2400.1,RM_C10681,ramp,FW_E,10681,,12,7,840.0,476,54,0,0,0,0
2370.1,2400.1,RM_C10490,ramp,FW_E,10490,,21,8,960.0,439,7,0,0,0,0
2370.1,2400.1,RM_C10484,ramp,FW_E,10484,,23,4,480.0,265,5,0,0,0,0
2370.1,2400.1,OR_D_E_signal,offramp,FW_E,10481,18,,2,240.0,170,1,0,0,0,0
2370.1,2400.1,OR_D_E_direct,offramp,FW_E,10483,20,,6,720.0,632,6,0,0,0,0
2370.1,2400.1,OR_D_W_signal,offramp,FW_W,10491,9,,13,1560.0,542,3,0,0,0,4
2370.1,2400.1,OR_D_W_direct,offramp,FW_W,10479,7,,9,1080.0,538,5,0,0,0,0
2370.1,2400.1,OR_F_E_signal,offramp,FW_E,10643,9,,2,240.0,368,12,0,0,0,0
2370.1,2400.1,OR_F_E_direct,offramp,FW_E,10682,11,,9,1080.0,734,6,0,0,0,0
2370.1,2400.1,OR_F_W_signal,offramp,FW_W,10638,19,,10,1200.0,373,8,0,0,0,1
2370.1,2400.1,OR_F_W_direct,offramp,FW_W,10645,16,,14,1680.0,653,7,0,0,0,0
2370.1,2400.1,source_1098,source,FW_E,,,0,64,7680.0,5039,,0,64,0,0
2370.1,2400.1,source_1099,source,FW_W,,,0,43,5160.0,3069,,0,43,0,0
2400.1,2430.1,RM_C10480,ramp,FW_W,10480,,8,2,240.0,94,1,0,0,0,2
2400.1,2430.1,RM_C10482,ramp,FW_W,10482,,10,19,2280.0,1180,18,0,0,0,0
2400.1,2430.1,RM_C10646,ramp,FW_W,10646,,18,8,960.0,163,2,0,0,0,2
2400.1,2430.1,RM_C10644,ramp,FW_W,10644,,22,9,1080.0,303,13,0,0,0,0
2400.1,2430.1,RM_C10639,ramp,FW_E,10639,,10,8,960.0,293,2,0,0,0,0
2400.1,2430.1,RM_C10681,ramp,FW_E,10681,,12,8,960.0,484,60,0,0,0,0
2400.1,2430.1,RM_C10490,ramp,FW_E,10490,,21,8,960.0,447,9,0,0,0,0
2400.1,2430.1,RM_C10484,ramp,FW_E,10484,,23,3,360.0,268,5,0,0,0,0
2400.1,2430.1,OR_D_E_signal,offramp,FW_E,10481,18,,4,480.0,174,3,0,0,0,0
2400.1,2430.1,OR_D_E_direct,offramp,FW_E,10483,20,,10,1200.0,642,6,0,0,0,0
2400.1,2430.1,OR_D_W_signal,offramp,FW_W,10491,9,,7,840.0,549,1,0,0,0,2
2400.1,2430.1,OR_D_W_direct,offramp,FW_W,10479,7,,3,360.0,541,0,0,0,0,0
2400.1,2430.1,OR_F_E_signal,offramp,FW_E,10643,9,,1,120.0,369,12,0,0,0,0
2400.1,2430.1,OR_F_E_direct,offramp,FW_E,10682,11,,7,840.0,741,2,0,0,0,0
2400.1,2430.1,OR_F_W_signal,offramp,FW_W,10638,19,,8,960.0,381,3,0,0,0,2
2400.1,2430.1,OR_F_W_direct,offramp,FW_W,10645,16,,0,0.0,653,0,0,0,0,0
2400.1,2430.1,source_1098,source,FW_E,,,0,60,7200.0,5099,,0,60,0,0
2400.1,2430.1,source_1099,source,FW_W,,,0,35,4200.0,3104,,0,35,0,0
2430.1,2460.1,RM_C10480,ramp,FW_W,10480,,8,1,120.0,95,1,0,0,0,1
2430.1,2460.1,RM_C10482,ramp,FW_W,10482,,10,13,1560.0,1193,25,0,0,0,0
2430.1,2460.1,RM_C10646,ramp,FW_W,10646,,18,2,240.0,165,1,0,0,0,1
2430.1,2460.1,RM_C10644,ramp,FW_W,10644,,22,2,240.0,305,19,0,0,0,0
2430.1,2460.1,RM_C10639,ramp,FW_E,10639,,10,2,240.0,295,6,0,0,0,0
2430.1,2460.1,RM_C10681,ramp,FW_E,10681,,12,11,1320.0,495,56,0,0,0,0
2430.1,2460.1,RM_C10490,ramp,FW_E,10490,,21,9,1080.0,456,4,0,0,0,0
2430.1,2460.1,RM_C10484,ramp,FW_E,10484,,23,4,480.0,272,10,0,0,0,0
2430.1,2460.1,OR_D_E_signal,offramp,FW_E,10481,18,,1,120.0,175,0,0,0,0,0
2430.1,2460.1,OR_D_E_direct,offramp,FW_E,10483,20,,10,1200.0,652,10,0,0,0,0
2430.1,2460.1,OR_D_W_signal,offramp,FW_W,10491,9,,11,1320.0,560,2,0,0,0,1
2430.1,2460.1,OR_D_W_direct,offramp,FW_W,10479,7,,6,720.0,547,2,0,0,0,0
2430.1,2460.1,OR_F_E_signal,offramp,FW_E,10643,9,,6,720.0,375,15,0,0,0,0
2430.1,2460.1,OR_F_E_direct,offramp,FW_E,10682,11,,14,1680.0,755,8,0,0,0,0
2430.1,2460.1,OR_F_W_signal,offramp,FW_W,10638,19,,6,720.0,387,1,0,0,0,1
2430.1,2460.1,OR_F_W_direct,offramp,FW_W,10645,16,,16,1920.0,669,6,0,0,0,0
2430.1,2460.1,source_1098,source,FW_E,,,0,64,7680.0,5163,,0,64,0,0
2430.1,2460.1,source_1099,source,FW_W,,,0,38,4560.0,3142,,0,38,0,0
2460.1,2490.1,RM_C10480,ramp,FW_W,10480,,8,1,120.0,96,0,0,0,0,1
2460.1,2490.1,RM_C10482,ramp,FW_W,10482,,10,13,1560.0,1206,33,0,0,0,0
2460.1,2490.1,RM_C10646,ramp,FW_W,10646,,18,1,120.0,166,1,0,0,0,1
2460.1,2490.1,RM_C10644,ramp,FW_W,10644,,22,6,720.0,311,19,0,0,0,0
2460.1,2490.1,RM_C10639,ramp,FW_E,10639,,10,6,720.0,301,9,0,0,0,0
2460.1,2490.1,RM_C10681,ramp,FW_E,10681,,12,11,1320.0,506,52,0,0,0,0
2460.1,2490.1,RM_C10490,ramp,FW_E,10490,,21,3,360.0,459,9,0,0,0,0
2460.1,2490.1,RM_C10484,ramp,FW_E,10484,,23,4,480.0,276,11,0,0,0,0
2460.1,2490.1,OR_D_E_signal,offramp,FW_E,10481,18,,0,0.0,175,0,0,0,0,0
2460.1,2490.1,OR_D_E_direct,offramp,FW_E,10483,20,,7,840.0,659,3,0,0,0,0
2460.1,2490.1,OR_D_W_signal,offramp,FW_W,10491,9,,6,720.0,566,2,0,0,0,1
2460.1,2490.1,OR_D_W_direct,offramp,FW_W,10479,7,,6,720.0,553,0,0,0,0,0
2460.1,2490.1,OR_F_E_signal,offramp,FW_E,10643,9,,9,1080.0,384,19,0,0,0,0
2460.1,2490.1,OR_F_E_direct,offramp,FW_E,10682,11,,10,1200.0,765,2,0,0,0,0
2460.1,2490.1,OR_F_W_signal,offramp,FW_W,10638,19,,3,360.0,390,1,0,0,0,1
2460.1,2490.1,OR_F_W_direct,offramp,FW_W,10645,16,,5,600.0,674,1,0,0,0,0
2460.1,2490.1,source_1098,source,FW_E,,,0,59,7080.0,5222,,0,59,0,0
2460.1,2490.1,source_1099,source,FW_W,,,0,24,2880.0,3166,,0,24,0,0
2490.1,2520.1,RM_C10480,ramp,FW_W,10480,,8,0,0.0,96,0,0,0,0,0
2490.1,2520.1,RM_C10482,ramp,FW_W,10482,,10,22,2640.0,1228,23,0,0,0,0
2490.1,2520.1,RM_C10646,ramp,FW_W,10646,,18,1,120.0,167,6,0,0,0,0
2490.1,2520.1,RM_C10644,ramp,FW_W,10644,,22,8,960.0,319,13,0,0,0,0
2490.1,2520.1,RM_C10639,ramp,FW_E,10639,,10,5,600.0,306,10,0,0,0,0
2490.1,2520.1,RM_C10681,ramp,FW_E,10681,,12,9,1080.0,515,57,0,0,0,0
2490.1,2520.1,RM_C10490,ramp,FW_E,10490,,21,9,1080.0,468,4,0,0,0,0
2490.1,2520.1,RM_C10484,ramp,FW_E,10484,,23,6,720.0,282,8,0,0,0,0
2490.1,2520.1,OR_D_E_signal,offramp,FW_E,10481,18,,3,360.0,178,3,0,0,0,0
2490.1,2520.1,OR_D_E_direct,offramp,FW_E,10483,20,,8,960.0,667,2,0,0,0,0
2490.1,2520.1,OR_D_W_signal,offramp,FW_W,10491,9,,7,840.0,573,2,0,0,0,0
2490.1,2520.1,OR_D_W_direct,offramp,FW_W,10479,7,,8,960.0,561,1,0,0,0,0
2490.1,2520.1,OR_F_E_signal,offramp,FW_E,10643,9,,7,840.0,391,20,0,0,0,0
2490.1,2520.1,OR_F_E_direct,offramp,FW_E,10682,11,,7,840.0,772,3,0,0,0,0
2490.1,2520.1,OR_F_W_signal,offramp,FW_W,10638,19,,3,360.0,393,0,0,0,0,0
2490.1,2520.1,OR_F_W_direct,offramp,FW_W,10645,16,,11,1320.0,685,1,0,0,0,0
2490.1,2520.1,source_1098,source,FW_E,,,0,67,8040.0,5289,,0,67,0,0
2490.1,2520.1,source_1099,source,FW_W,,,0,32,3840.0,3198,,0,32,0,0
2520.1,2550.1,RM_C10480,ramp,FW_W,10480,,8,0,0.0,96,1,0,0,0,0
2520.1,2550.1,RM_C10482,ramp,FW_W,10482,,10,19,2280.0,1247,22,0,0,0,0
2520.1,2550.1,RM_C10646,ramp,FW_W,10646,,18,7,840.0,174,1,0,0,0,4
2520.1,2550.1,RM_C10644,ramp,FW_W,10644,,22,7,840.0,326,9,0,0,0,0
2520.1,2550.1,RM_C10639,ramp,FW_E,10639,,10,7,840.0,313,8,0,0,0,0
2520.1,2550.1,RM_C10681,ramp,FW_E,10681,,12,7,840.0,522,59,0,0,0,0
2520.1,2550.1,RM_C10490,ramp,FW_E,10490,,21,1,120.0,469,11,0,0,0,0
2520.1,2550.1,RM_C10484,ramp,FW_E,10484,,23,8,960.0,290,3,0,0,0,0
2520.1,2550.1,OR_D_E_signal,offramp,FW_E,10481,18,,2,240.0,180,0,0,0,0,0
2520.1,2550.1,OR_D_E_direct,offramp,FW_E,10483,20,,6,720.0,673,3,0,0,0,0
2520.1,2550.1,OR_D_W_signal,offramp,FW_W,10491,9,,7,840.0,580,3,0,0,0,0
2520.1,2550.1,OR_D_W_direct,offramp,FW_W,10479,7,,3,360.0,564,0,0,0,0,0
2520.1,2550.1,OR_F_E_signal,offramp,FW_E,10643,9,,5,600.0,396,18,0,0,0,0
2520.1,2550.1,OR_F_E_direct,offramp,FW_E,10682,11,,6,720.0,778,4,0,0,0,0
2520.1,2550.1,OR_F_W_signal,offramp,FW_W,10638,19,,9,1080.0,402,1,0,0,0,4
2520.1,2550.1,OR_F_W_direct,offramp,FW_W,10645,16,,13,1560.0,698,5,0,0,0,0
2520.1,2550.1,source_1098,source,FW_E,,,0,71,8520.0,5360,,0,71,0,0
2520.1,2550.1,source_1099,source,FW_W,,,0,41,4920.0,3239,,0,41,0,0
2550.1,2580.1,RM_C10480,ramp,FW_W,10480,,8,1,120.0,97,2,0,0,0,1
2550.1,2580.1,RM_C10482,ramp,FW_W,10482,,10,14,1680.0,1261,25,0,0,0,0
2550.1,2580.1,RM_C10646,ramp,FW_W,10646,,18,1,120.0,175,4,0,0,0,1
2550.1,2580.1,RM_C10644,ramp,FW_W,10644,,22,6,720.0,332,11,0,0,0,0
2550.1,2580.1,RM_C10639,ramp,FW_E,10639,,10,7,840.0,320,4,0,0,0,0
2550.1,2580.1,RM_C10681,ramp,FW_E,10681,,12,9,1080.0,531,62,0,0,0,0
2550.1,2580.1,RM_C10490,ramp,FW_E,10490,,21,10,1200.0,479,8,0,0,0,0
2550.1,2580.1,RM_C10484,ramp,FW_E,10484,,23,1,120.0,291,5,0,0,0,0
2550.1,2580.1,OR_D_E_signal,offramp,FW_E,10481,18,,2,240.0,182,2,0,0,0,0
2550.1,2580.1,OR_D_E_direct,offramp,FW_E,10483,20,,7,840.0,680,3,0,0,0,0
2550.1,2580.1,OR_D_W_signal,offramp,FW_W,10491,9,,4,480.0,584,1,0,0,0,1
2550.1,2580.1,OR_D_W_direct,offramp,FW_W,10479,7,,7,840.0,571,2,0,0,0,0
2550.1,2580.1,OR_F_E_signal,offramp,FW_E,10643,9,,11,1320.0,407,24,0,0,0,0
2550.1,2580.1,OR_F_E_direct,offramp,FW_E,10682,11,,7,840.0,785,3,0,0,0,0
2550.1,2580.1,OR_F_W_signal,offramp,FW_W,10638,19,,6,720.0,408,0,0,0,0,1
2550.1,2580.1,OR_F_W_direct,offramp,FW_W,10645,16,,9,1080.0,707,6,0,0,0,0
2550.1,2580.1,source_1098,source,FW_E,,,0,58,6960.0,5418,,0,58,0,0
2550.1,2580.1,source_1099,source,FW_W,,,0,36,4320.0,3275,,0,36,0,0
2580.1,2610.1,RM_C10480,ramp,FW_W,10480,,8,2,240.0,99,1,0,0,0,1
2580.1,2610.1,RM_C10482,ramp,FW_W,10482,,10,19,2280.0,1280,25,0,0,0,0
2580.1,2610.1,RM_C10646,ramp,FW_W,10646,,18,4,480.0,179,2,0,0,0,1
2580.1,2610.1,RM_C10644,ramp,FW_W,10644,,22,0,0.0,332,17,0,0,0,0
2580.1,2610.1,RM_C10639,ramp,FW_E,10639,,10,4,480.0,324,7,0,0,0,0
2580.1,2610.1,RM_C10681,ramp,FW_E,10681,,12,12,1440.0,543,58,0,0,0,0
2580.1,2610.1,RM_C10490,ramp,FW_E,10490,,21,7,840.0,486,8,0,0,0,0
2580.1,2610.1,RM_C10484,ramp,FW_E,10484,,23,3,360.0,294,5,0,0,0,0
2580.1,2610.1,OR_D_E_signal,offramp,FW_E,10481,18,,1,120.0,183,0,0,0,0,0
2580.1,2610.1,OR_D_E_direct,offramp,FW_E,10483,20,,3,360.0,683,0,0,0,0,0
2580.1,2610.1,OR_D_W_signal,offramp,FW_W,10491,9,,10,1200.0,594,4,0,0,0,1
2580.1,2610.1,OR_D_W_direct,offramp,FW_W,10479,7,,5,600.0,576,3,0,0,0,0
2580.1,2610.1,OR_F_E_signal,offramp,FW_E,10643,9,,7,840.0,414,25,0,0,0,0
2580.1,2610.1,OR_F_E_direct,offramp,FW_E,10682,11,,13,1560.0,798,7,0,0,0,0
2580.1,2610.1,OR_F_W_signal,offramp,FW_W,10638,19,,8,960.0,416,3,0,0,0,1
2580.1,2610.1,OR_F_W_direct,offramp,FW_W,10645,16,,17,2040.0,724,7,0,0,0,0
2580.1,2610.1,source_1098,source,FW_E,,,0,59,7080.0,5477,,0,59,0,0
2580.1,2610.1,source_1099,source,FW_W,,,0,54,6480.0,3329,,0,54,0,0
2610.1,2640.1,RM_C10480,ramp,FW_W,10480,,8,2,240.0,101,0,0,0,0,2
2610.1,2640.1,RM_C10482,ramp,FW_W,10482,,10,19,2280.0,1299,26,0,0,0,0
2610.1,2640.1,RM_C10646,ramp,FW_W,10646,,18,1,120.0,180,2,0,0,0,0
2610.1,2640.1,RM_C10644,ramp,FW_W,10644,,22,1,120.0,333,19,0,0,0,0
2610.1,2640.1,RM_C10639,ramp,FW_E,10639,,10,2,240.0,326,8,0,0,0,0
2610.1,2640.1,RM_C10681,ramp,FW_E,10681,,12,12,1440.0,555,53,0,0,0,0
2610.1,2640.1,RM_C10490,ramp,FW_E,10490,,21,8,960.0,494,6,0,0,0,0
2610.1,2640.1,RM_C10484,ramp,FW_E,10484,,23,4,480.0,298,8,0,0,0,0
2610.1,2640.1,OR_D_E_signal,offramp,FW_E,10481,18,,1,120.0,184,1,0,0,0,0
2610.1,2640.1,OR_D_E_direct,offramp,FW_E,10483,20,,9,1080.0,692,4,0,0,0,0
2610.1,2640.1,OR_D_W_signal,offramp,FW_W,10491,9,,8,960.0,602,1,0,0,0,2
2610.1,2640.1,OR_D_W_direct,offramp,FW_W,10479,7,,5,600.0,581,3,0,0,0,0
2610.1,2640.1,OR_F_E_signal,offramp,FW_E,10643,9,,5,600.0,419,27,0,0,0,0
2610.1,2640.1,OR_F_E_direct,offramp,FW_E,10682,11,,8,960.0,806,0,0,0,0,0
2610.1,2640.1,OR_F_W_signal,offramp,FW_W,10638,19,,9,1080.0,425,0,0,0,0,0
2610.1,2640.1,OR_F_W_direct,offramp,FW_W,10645,16,,12,1440.0,736,4,0,0,0,0
2610.1,2640.1,source_1098,source,FW_E,,,0,63,7560.0,5540,,0,63,0,0
2610.1,2640.1,source_1099,source,FW_W,,,0,37,4440.0,3366,,0,37,0,0
2640.1,2670.1,RM_C10480,ramp,FW_W,10480,,8,0,0.0,101,1,0,0,0,0
2640.1,2670.1,RM_C10482,ramp,FW_W,10482,,10,18,2160.0,1317,21,0,0,0,0
2640.1,2670.1,RM_C10646,ramp,FW_W,10646,,18,2,240.0,182,4,0,0,0,2
2640.1,2670.1,RM_C10644,ramp,FW_W,10644,,22,14,1680.0,347,7,0,0,0,0
2640.1,2670.1,RM_C10639,ramp,FW_E,10639,,10,8,960.0,334,1,0,0,0,0
2640.1,2670.1,RM_C10681,ramp,FW_E,10681,,12,7,840.0,562,57,0,0,0,0
2640.1,2670.1,RM_C10490,ramp,FW_E,10490,,21,6,720.0,500,9,0,0,0,0
2640.1,2670.1,RM_C10484,ramp,FW_E,10484,,23,2,240.0,300,11,0,0,0,0
2640.1,2670.1,OR_D_E_signal,offramp,FW_E,10481,18,,1,120.0,185,1,0,0,0,0
2640.1,2670.1,OR_D_E_direct,offramp,FW_E,10483,20,,3,360.0,695,3,0,0,0,0
2640.1,2670.1,OR_D_W_signal,offramp,FW_W,10491,9,,7,840.0,609,3,0,0,0,0
2640.1,2670.1,OR_D_W_direct,offramp,FW_W,10479,7,,5,600.0,586,2,0,0,0,0
2640.1,2670.1,OR_F_E_signal,offramp,FW_E,10643,9,,11,1320.0,430,33,0,0,0,0
2640.1,2670.1,OR_F_E_direct,offramp,FW_E,10682,11,,1,120.0,807,1,0,0,0,0
2640.1,2670.1,OR_F_W_signal,offramp,FW_W,10638,19,,3,360.0,428,0,0,0,0,2
2640.1,2670.1,OR_F_W_direct,offramp,FW_W,10645,16,,0,0.0,736,0,0,0,0,0
2640.1,2670.1,source_1098,source,FW_E,,,0,66,7920.0,5606,,0,66,0,0
2640.1,2670.1,source_1099,source,FW_W,,,0,26,3120.0,3392,,0,26,0,0
2670.1,2700.1,RM_C10480,ramp,FW_W,10480,,8,2,240.0,103,2,0,0,0,2
2670.1,2700.1,RM_C10482,ramp,FW_W,10482,,10,16,1920.0,1333,26,0,0,0,0
2670.1,2700.1,RM_C10646,ramp,FW_W,10646,,18,5,600.0,187,1,0,0,0,2
2670.1,2700.1,RM_C10644,ramp,FW_W,10644,,22,5,600.0,352,4,0,0,0,0
2670.1,2700.1,RM_C10639,ramp,FW_E,10639,,10,1,120.0,335,0,0,0,0,0
2670.1,2700.1,RM_C10681,ramp,FW_E,10681,,12,7,840.0,569,64,0,0,0,0
2670.1,2700.1,RM_C10490,ramp,FW_E,10490,,21,8,960.0,508,11,0,0,0,0
2670.1,2700.1,RM_C10484,ramp,FW_E,10484,,23,6,720.0,306,7,0,0,0,0
2670.1,2700.1,OR_D_E_signal,offramp,FW_E,10481,18,,2,240.0,187,2,0,0,0,0
2670.1,2700.1,OR_D_E_direct,offramp,FW_E,10483,20,,8,960.0,703,3,0,0,0,0
2670.1,2700.1,OR_D_W_signal,offramp,FW_W,10491,9,,11,1320.0,620,6,0,0,0,2
2670.1,2700.1,OR_D_W_direct,offramp,FW_W,10479,7,,5,600.0,591,3,0,0,0,0
2670.1,2700.1,OR_F_E_signal,offramp,FW_E,10643,9,,7,840.0,437,24,0,0,0,0
2670.1,2700.1,OR_F_E_direct,offramp,FW_E,10682,11,,12,1440.0,819,5,0,0,0,0
2670.1,2700.1,OR_F_W_signal,offramp,FW_W,10638,19,,8,960.0,436,6,0,0,0,2
2670.1,2700.1,OR_F_W_direct,offramp,FW_W,10645,16,,22,2640.0,758,9,0,0,0,0
2670.1,2700.1,source_1098,source,FW_E,,,0,61,7320.0,5667,,0,61,0,0
2670.1,2700.1,source_1099,source,FW_W,,,0,32,3840.0,3424,,0,32,0,0
2700.1,2730.1,RM_C10480,ramp,FW_W,10480,,8,3,360.0,106,0,0,0,0,2
2700.1,2730.1,RM_C10482,ramp,FW_W,10482,,10,15,1800.0,1348,30,0,0,0,0
2700.1,2730.1,RM_C10646,ramp,FW_W,10646,,18,1,120.0,188,4,0,0,0,0
2700.1,2730.1,RM_C10644,ramp,FW_W,10644,,22,1,120.0,353,7,0,0,0,0
2700.1,2730.1,RM_C10639,ramp,FW_E,10639,,10,0,0.0,335,5,0,0,0,0
2700.1,2730.1,RM_C10681,ramp,FW_E,10681,,12,9,1080.0,578,65,0,0,0,0
2700.1,2730.1,RM_C10490,ramp,FW_E,10490,,21,10,1200.0,518,7,0,0,0,0
2700.1,2730.1,RM_C10484,ramp,FW_E,10484,,23,6,720.0,312,3,0,0,0,0
2700.1,2730.1,OR_D_E_signal,offramp,FW_E,10481,18,,7,840.0,194,8,0,0,0,0
2700.1,2730.1,OR_D_E_direct,offramp,FW_E,10483,20,,6,720.0,709,3,0,0,0,0
2700.1,2730.1,OR_D_W_signal,offramp,FW_W,10491,9,,11,1320.0,631,3,0,0,0,2
2700.1,2730.1,OR_D_W_direct,offramp,FW_W,10479,7,,9,1080.0,600,4,0,0,0,0
2700.1,2730.1,OR_F_E_signal,offramp,FW_E,10643,9,,6,720.0,443,26,0,0,0,0
2700.1,2730.1,OR_F_E_direct,offramp,FW_E,10682,11,,11,1320.0,830,2,0,0,0,0
2700.1,2730.1,OR_F_W_signal,offramp,FW_W,10638,19,,2,240.0,438,1,0,0,0,0
2700.1,2730.1,OR_F_W_direct,offramp,FW_W,10645,16,,9,1080.0,767,2,0,0,0,0
2700.1,2730.1,source_1098,source,FW_E,,,0,61,7320.0,5728,,0,61,0,0
2700.1,2730.1,source_1099,source,FW_W,,,0,32,3840.0,3456,,0,32,0,0
2730.1,2760.1,RM_C10480,ramp,FW_W,10480,,8,0,0.0,106,1,0,0,0,0
2730.1,2760.1,RM_C10482,ramp,FW_W,10482,,10,25,3000.0,1373,21,0,0,0,0
2730.1,2760.1,RM_C10646,ramp,FW_W,10646,,18,0,0.0,188,7,0,0,0,0
2730.1,2760.1,RM_C10644,ramp,FW_W,10644,,22,0,0.0,353,10,0,0,0,0
2730.1,2760.1,RM_C10639,ramp,FW_E,10639,,10,4,480.0,339,7,0,0,0,0
2730.1,2760.1,RM_C10681,ramp,FW_E,10681,,12,17,2040.0,595,56,0,0,0,0
2730.1,2760.1,RM_C10490,ramp,FW_E,10490,,21,7,840.0,525,4,0,0,0,0
2730.1,2760.1,RM_C10484,ramp,FW_E,10484,,23,1,120.0,313,7,0,0,0,0
2730.1,2760.1,OR_D_E_signal,offramp,FW_E,10481,18,,1,120.0,195,4,0,0,0,0
2730.1,2760.1,OR_D_E_direct,offramp,FW_E,10483,20,,3,360.0,712,2,0,0,0,0
2730.1,2760.1,OR_D_W_signal,offramp,FW_W,10491,9,,10,1200.0,641,4,0,0,0,0
2730.1,2760.1,OR_D_W_direct,offramp,FW_W,10479,7,,6,720.0,606,3,0,0,0,0
2730.1,2760.1,OR_F_E_signal,offramp,FW_E,10643,9,,4,480.0,447,26,0,0,0,0
2730.1,2760.1,OR_F_E_direct,offramp,FW_E,10682,11,,12,1440.0,842,2,0,0,0,0
2730.1,2760.1,OR_F_W_signal,offramp,FW_W,10638,19,,5,600.0,443,2,0,0,0,0
2730.1,2760.1,OR_F_W_direct,offramp,FW_W,10645,16,,11,1320.0,778,9,0,0,0,0
2730.1,2760.1,source_1098,source,FW_E,,,0,66,7920.0,5794,,0,66,0,0
2730.1,2760.1,source_1099,source,FW_W,,,0,35,4200.0,3491,,0,35,0,0
2760.1,2790.1,RM_C10480,ramp,FW_W,10480,,8,1,120.0,107,1,0,0,0,0
2760.1,2790.1,RM_C10482,ramp,FW_W,10482,,10,16,1920.0,1389,23,0,0,0,0
2760.1,2790.1,RM_C10646,ramp,FW_W,10646,,18,7,840.0,195,1,0,0,0,2
2760.1,2790.1,RM_C10644,ramp,FW_W,10644,,22,4,480.0,357,12,0,0,0,0
2760.1,2790.1,RM_C10639,ramp,FW_E,10639,,10,7,840.0,346,4,0,0,0,0
2760.1,2790.1,RM_C10681,ramp,FW_E,10681,,12,11,1320.0,606,51,0,0,0,0
2760.1,2790.1,RM_C10490,ramp,FW_E,10490,,21,3,360.0,528,9,0,0,0,0
2760.1,2790.1,RM_C10484,ramp,FW_E,10484,,23,5,600.0,318,6,0,0,0,0
2760.1,2790.1,OR_D_E_signal,offramp,FW_E,10481,18,,1,120.0,196,0,0,0,0,0
2760.1,2790.1,OR_D_E_direct,offramp,FW_E,10483,20,,9,1080.0,721,7,0,0,0,0
2760.1,2790.1,OR_D_W_signal,offramp,FW_W,10491,9,,7,840.0,648,1,0,0,0,0
2760.1,2790.1,OR_D_W_direct,offramp,FW_W,10479,7,,11,1320.0,617,8,0,0,0,0
2760.1,2790.1,OR_F_E_signal,offramp,FW_E,10643,9,,4,480.0,451,28,0,0,0,0
2760.1,2790.1,OR_F_E_direct,offramp,FW_E,10682,11,,10,1200.0,852,5,0,0,0,0
2760.1,2790.1,OR_F_W_signal,offramp,FW_W,10638,19,,11,1320.0,454,4,0,0,0,2
2760.1,2790.1,OR_F_W_direct,offramp,FW_W,10645,16,,4,480.0,782,2,0,0,0,0
2760.1,2790.1,source_1098,source,FW_E,,,0,66,7920.0,5860,,0,66,0,0
2760.1,2790.1,source_1099,source,FW_W,,,0,38,4560.0,3529,,0,38,0,0
2790.1,2820.1,RM_C10480,ramp,FW_W,10480,,8,1,120.0,108,0,0,0,0,1
2790.1,2820.1,RM_C10482,ramp,FW_W,10482,,10,11,1320.0,1400,30,0,0,0,0
2790.1,2820.1,RM_C10646,ramp,FW_W,10646,,18,0,0.0,195,7,0,0,0,0
2790.1,2820.1,RM_C10644,ramp,FW_W,10644,,22,0,0.0,357,15,0,0,0,0
2790.1,2820.1,RM_C10639,ramp,FW_E,10639,,10,4,480.0,350,9,0,0,0,0
2790.1,2820.1,RM_C10681,ramp,FW_E,10681,,12,9,1080.0,615,53,0,0,0,0
2790.1,2820.1,RM_C10490,ramp,FW_E,10490,,21,8,960.0,536,10,0,0,0,0
2790.1,2820.1,RM_C10484,ramp,FW_E,10484,,23,4,480.0,322,7,0,0,0,0
2790.1,2820.1,OR_D_E_signal,offramp,FW_E,10481,18,,7,840.0,203,4,0,0,0,0
2790.1,2820.1,OR_D_E_direct,offramp,FW_E,10483,20,,17,2040.0,738,11,0,0,0,0
2790.1,2820.1,OR_D_W_signal,offramp,FW_W,10491,9,,11,1320.0,659,3,0,0,0,1
2790.1,2820.1,OR_D_W_direct,offramp,FW_W,10479,7,,5,600.0,622,1,0,0,0,0
2790.1,2820.1,OR_F_E_signal,offramp,FW_E,10643,9,,4,480.0,455,28,0,0,0,0
2790.1,2820.1,OR_F_E_direct,offramp,FW_E,10682,11,,6,720.0,858,1,0,0,0,0
2790.1,2820.1,OR_F_W_signal,offramp,FW_W,10638,19,,6,720.0,460,1,0,0,0,0
2790.1,2820.1,OR_F_W_direct,offramp,FW_W,10645,16,,9,1080.0,791,4,0,0,0,0
2790.1,2820.1,source_1098,source,FW_E,,,0,64,7680.0,5924,,0,64,0,0
2790.1,2820.1,source_1099,source,FW_W,,,0,33,3960.0,3562,,0,33,0,0
2820.1,2850.1,RM_C10480,ramp,FW_W,10480,,8,1,120.0,109,1,0,0,0,1
2820.1,2850.1,RM_C10482,ramp,FW_W,10482,,10,25,3000.0,1425,20,0,0,0,0
2820.1,2850.1,RM_C10646,ramp,FW_W,10646,,18,8,960.0,203,3,0,0,0,4
2820.1,2850.1,RM_C10644,ramp,FW_W,10644,,22,8,960.0,365,12,0,0,0,0
2820.1,2850.1,RM_C10639,ramp,FW_E,10639,,10,6,720.0,356,6,0,0,0,0
2820.1,2850.1,RM_C10681,ramp,FW_E,10681,,12,6,720.0,621,61,0,0,0,0
2820.1,2850.1,RM_C10490,ramp,FW_E,10490,,21,9,1080.0,545,7,0,0,0,0
2820.1,2850.1,RM_C10484,ramp,FW_E,10484,,23,6,720.0,328,7,0,0,0,0
2820.1,2850.1,OR_D_E_signal,offramp,FW_E,10481,18,,1,120.0,204,4,0,0,0,0
2820.1,2850.1,OR_D_E_direct,offramp,FW_E,10483,20,,8,960.0,746,6,0,0,0,0
2820.1,2850.1,OR_D_W_signal,offramp,FW_W,10491,9,,13,1560.0,672,3,0,0,0,1
2820.1,2850.1,OR_D_W_direct,offramp,FW_W,10479,7,,6,720.0,628,2,0,0,0,0
2820.1,2850.1,OR_F_E_signal,offramp,FW_E,10643,9,,1,120.0,456,24,0,0,0,0
2820.1,2850.1,OR_F_E_direct,offramp,FW_E,10682,11,,7,840.0,865,0,0,0,0,0
2820.1,2850.1,OR_F_W_signal,offramp,FW_W,10638,19,,9,1080.0,469,3,0,0,0,4
2820.1,2850.1,OR_F_W_direct,offramp,FW_W,10645,16,,8,960.0,799,2,0,0,0,0
2820.1,2850.1,source_1098,source,FW_E,,,0,61,7320.0,5985,,0,61,0,0
2820.1,2850.1,source_1099,source,FW_W,,,0,41,4920.0,3603,,0,41,0,0
2850.1,2880.1,RM_C10480,ramp,FW_W,10480,,8,2,240.0,111,3,0,0,0,2
2850.1,2880.1,RM_C10482,ramp,FW_W,10482,,10,13,1560.0,1438,30,0,0,0,0
2850.1,2880.1,RM_C10646,ramp,FW_W,10646,,18,3,360.0,206,5,0,0,0,3
2850.1,2880.1,RM_C10644,ramp,FW_W,10644,,22,5,600.0,370,10,0,0,0,0
2850.1,2880.1,RM_C10639,ramp,FW_E,10639,,10,4,480.0,360,5,0,0,0,0
2850.1,2880.1,RM_C10681,ramp,FW_E,10681,,12,11,1320.0,632,61,0,0,0,0
2850.1,2880.1,RM_C10490,ramp,FW_E,10490,,21,7,840.0,552,6,0,0,0,0
2850.1,2880.1,RM_C10484,ramp,FW_E,10484,,23,3,360.0,331,13,0,0,0,0
2850.1,2880.1,OR_D_E_signal,offramp,FW_E,10481,18,,1,120.0,205,4,0,0,0,0
2850.1,2880.1,OR_D_E_direct,offramp,FW_E,10483,20,,3,360.0,749,0,0,0,0,0
2850.1,2880.1,OR_D_W_signal,offramp,FW_W,10491,9,,6,720.0,678,3,0,0,0,2
2850.1,2880.1,OR_D_W_direct,offramp,FW_W,10479,7,,9,1080.0,637,1,0,0,0,0
2850.1,2880.1,OR_F_E_signal,offramp,FW_E,10643,9,,6,720.0,462,26,0,0,0,0
2850.1,2880.1,OR_F_E_direct,offramp,FW_E,10682,11,,8,960.0,873,4,0,0,0,0
2850.1,2880.1,OR_F_W_signal,offramp,FW_W,10638,19,,6,720.0,475,1,0,0,0,3
2850.1,2880.1,OR_F_W_direct,offramp,FW_W,10645,16,,2,240.0,801,0,0,0,0,0
2850.1,2880.1,source_1098,source,FW_E,,,0,61,7320.0,6046,,0,61,0,0
2850.1,2880.1,source_1099,source,FW_W,,,0,35,4200.0,3638,,0,35,0,0
2880.1,2910.1,RM_C10480,ramp,FW_W,10480,,8,4,480.0,115,2,0,0,0,4
2880.1,2910.1,RM_C10482,ramp,FW_W,10482,,10,17,2040.0,1455,36,0,0,0,0
2880.1,2910.1,RM_C10646,ramp,FW_W,10646,,18,5,600.0,211,0,0,0,0,2
2880.1,2910.1,RM_C10644,ramp,FW_W,10644,,22,0,0.0,370,15,0,0,0,0
2880.1,2910.1,RM_C10639,ramp,FW_E,10639,,10,3,360.0,363,8,0,0,0,0
2880.1,2910.1,RM_C10681,ramp,FW_E,10681,,12,14,1680.0,646,54,0,0,0,0
2880.1,2910.1,RM_C10490,ramp,FW_E,10490,,21,6,720.0,558,4,0,0,0,0
2880.1,2910.1,RM_C10484,ramp,FW_E,10484,,23,6,720.0,337,18,0,0,0,0
2880.1,2910.1,OR_D_E_signal,offramp,FW_E,10481,18,,1,120.0,206,1,0,0,0,0
2880.1,2910.1,OR_D_E_direct,offramp,FW_E,10483,20,,4,480.0,753,4,0,0,0,0
2880.1,2910.1,OR_D_W_signal,offramp,FW_W,10491,9,,9,1080.0,687,5,0,0,0,4
2880.1,2910.1,OR_D_W_direct,offramp,FW_W,10479,7,,9,1080.0,646,2,0,0,0,0
2880.1,2910.1,OR_F_E_signal,offramp,FW_E,10643,9,,3,360.0,465,26,0,0,0,0
2880.1,2910.1,OR_F_E_direct,offramp,FW_E,10682,11,,11,1320.0,884,7,0,0,0,0
2880.1,2910.1,OR_F_W_signal,offramp,FW_W,10638,19,,8,960.0,483,5,0,0,0,2
2880.1,2910.1,OR_F_W_direct,offramp,FW_W,10645,16,,7,840.0,808,5,0,0,0,0
2880.1,2910.1,source_1098,source,FW_E,,,0,68,8160.0,6114,,0,68,0,0
2880.1,2910.1,source_1099,source,FW_W,,,0,46,5520.0,3684,,0,46,0,0
2910.1,2940.1,RM_C10480,ramp,FW_W,10480,,8,2,240.0,117,0,0,0,0,2
2910.1,2940.1,RM_C10482,ramp,FW_W,10482,,10,23,2760.0,1478,29,0,0,0,0
2910.1,2940.1,RM_C10646,ramp,FW_W,10646,,18,0,0.0,211,0,0,0,0,0
2910.1,2940.1,RM_C10644,ramp,FW_W,10644,,22,8,960.0,378,11,0,0,0,0
2910.1,2940.1,RM_C10639,ramp,FW_E,10639,,10,5,600.0,368,7,0,0,0,0
2910.1,2940.1,RM_C10681,ramp,FW_E,10681,,12,9,1080.0,655,51,0,0,0,0
2910.1,2940.1,RM_C10490,ramp,FW_E,10490,,21,5,600.0,563,5,0,0,0,0
2910.1,2940.1,RM_C10484,ramp,FW_E,10484,,23,8,960.0,345,13,0,0,0,0
2910.1,2940.1,OR_D_E_signal,offramp,FW_E,10481,18,,4,480.0,210,3,0,0,0,0
2910.1,2940.1,OR_D_E_direct,offramp,FW_E,10483,20,,14,1680.0,767,11,0,0,0,0
2910.1,2940.1,OR_D_W_signal,offramp,FW_W,10491,9,,6,720.0,693,3,0,0,0,2
2910.1,2940.1,OR_D_W_direct,offramp,FW_W,10479,7,,7,840.0,653,3,0,0,0,0
2910.1,2940.1,OR_F_E_signal,offramp,FW_E,10643,9,,4,480.0,469,28,0,0,0,0
2910.1,2940.1,OR_F_E_direct,offramp,FW_E,10682,11,,9,1080.0,893,4,0,0,0,0
2910.1,2940.1,OR_F_W_signal,offramp,FW_W,10638,19,,1,120.0,484,0,0,0,0,0
2910.1,2940.1,OR_F_W_direct,offramp,FW_W,10645,16,,9,1080.0,817,1,0,0,0,0
2910.1,2940.1,source_1098,source,FW_E,,,0,65,7800.0,6179,,0,65,0,0
2910.1,2940.1,source_1099,source,FW_W,,,0,32,3840.0,3716,,0,32,0,0
2940.1,2970.1,RM_C10480,ramp,FW_W,10480,,8,0,0.0,117,0,0,0,0,0
2940.1,2970.1,RM_C10482,ramp,FW_W,10482,,10,26,3120.0,1504,16,0,0,0,0
2940.1,2970.1,RM_C10646,ramp,FW_W,10646,,18,0,0.0,211,3,0,0,0,0
2940.1,2970.1,RM_C10644,ramp,FW_W,10644,,22,1,120.0,379,16,0,0,0,0
2940.1,2970.1,RM_C10639,ramp,FW_E,10639,,10,7,840.0,375,2,0,0,0,0
2940.1,2970.1,RM_C10681,ramp,FW_E,10681,,12,10,1200.0,665,50,0,0,0,0
2940.1,2970.1,RM_C10490,ramp,FW_E,10490,,21,5,600.0,568,9,0,0,0,0
2940.1,2970.1,RM_C10484,ramp,FW_E,10484,,23,6,720.0,351,13,0,0,0,0
2940.1,2970.1,OR_D_E_signal,offramp,FW_E,10481,18,,4,480.0,214,5,0,0,0,0
2940.1,2970.1,OR_D_E_direct,offramp,FW_E,10483,20,,13,1560.0,780,6,0,0,0,0
2940.1,2970.1,OR_D_W_signal,offramp,FW_W,10491,9,,11,1320.0,704,3,0,0,0,0
2940.1,2970.1,OR_D_W_direct,offramp,FW_W,10479,7,,7,840.0,660,4,0,0,0,0
2940.1,2970.1,OR_F_E_signal,offramp,FW_E,10643,9,,13,1560.0,482,33,0,0,0,0
2940.1,2970.1,OR_F_E_direct,offramp,FW_E,10682,11,,8,960.0,901,3,0,0,0,0
2940.1,2970.1,OR_F_W_signal,offramp,FW_W,10638,19,,3,360.0,487,0,0,0,0,0
2940.1,2970.1,OR_F_W_direct,offramp,FW_W,10645,16,,9,1080.0,826,1,0,0,0,0
2940.1,2970.1,source_1098,source,FW_E,,,0,68,8160.0,6247,,0,68,0,0
2940.1,2970.1,source_1099,source,FW_W,,,0,35,4200.0,3751,,0,35,0,0
2970.1,3000.1,RM_C10480,ramp,FW_W,10480,,8,0,0.0,117,3,0,0,0,0
2970.1,3000.1,RM_C10482,ramp,FW_W,10482,,10,9,1080.0,1513,23,0,0,0,0
2970.1,3000.1,RM_C10646,ramp,FW_W,10646,,18,4,480.0,215,3,0,0,0,2
2970.1,3000.1,RM_C10644,ramp,FW_W,10644,,22,7,840.0,386,13,0,0,0,0
2970.1,3000.1,RM_C10639,ramp,FW_E,10639,,10,0,0.0,375,10,0,0,0,0
2970.1,3000.1,RM_C10681,ramp,FW_E,10681,,12,6,720.0,671,58,0,0,0,0
2970.1,3000.1,RM_C10490,ramp,FW_E,10490,,21,8,960.0,576,6,0,0,0,0
2970.1,3000.1,RM_C10484,ramp,FW_E,10484,,23,7,840.0,358,11,0,0,0,0
2970.1,3000.1,OR_D_E_signal,offramp,FW_E,10481,18,,2,240.0,216,7,0,0,0,0
2970.1,3000.1,OR_D_E_direct,offramp,FW_E,10483,20,,1,120.0,781,1,0,0,0,0
2970.1,3000.1,OR_D_W_signal,offramp,FW_W,10491,9,,5,600.0,709,1,0,0,0,0
2970.1,3000.1,OR_D_W_direct,offramp,FW_W,10479,7,,11,1320.0,671,3,0,0,0,0
2970.1,3000.1,OR_F_E_signal,offramp,FW_E,10643,9,,10,1200.0,492,30,0,0,0,0
2970.1,3000.1,OR_F_E_direct,offramp,FW_E,10682,11,,13,1560.0,914,10,0,0,0,0
2970.1,3000.1,OR_F_W_signal,offramp,FW_W,10638,19,,8,960.0,495,6,0,0,0,2
2970.1,3000.1,OR_F_W_direct,offramp,FW_W,10645,16,,11,1320.0,837,6,0,0,0,0
2970.1,3000.1,source_1098,source,FW_E,,,0,71,8520.0,6318,,0,71,0,0
2970.1,3000.1,source_1099,source,FW_W,,,0,18,2160.0,3769,,0,18,0,0
3000.1,3030.1,RM_C10480,ramp,FW_W,10480,,8,5,600.0,122,4,0,0,0,4
3000.1,3030.1,RM_C10482,ramp,FW_W,10482,,10,15,1800.0,1528,26,0,0,0,0
3000.1,3030.1,RM_C10646,ramp,FW_W,10646,,18,3,360.0,218,3,0,0,0,2
3000.1,3030.1,RM_C10644,ramp,FW_W,10644,,22,1,120.0,387,13,0,0,0,0
3000.1,3030.1,RM_C10639,ramp,FW_E,10639,,10,3,360.0,378,13,0,0,0,0
3000.1,3030.1,RM_C10681,ramp,FW_E,10681,,12,7,840.0,678,62,0,0,0,0
3000.1,3030.1,RM_C10490,ramp,FW_E,10490,,21,4,480.0,580,13,0,0,0,0
3000.1,3030.1,RM_C10484,ramp,FW_E,10484,,23,6,720.0,364,11,0,0,0,0
3000.1,3030.1,OR_D_E_signal,offramp,FW_E,10481,18,,0,0.0,216,7,0,0,0,0
3000.1,3030.1,OR_D_E_direct,offramp,FW_E,10483,20,,8,960.0,789,8,0,0,0,0
3000.1,3030.1,OR_D_W_signal,offramp,FW_W,10491,9,,10,1200.0,719,3,0,0,0,4
3000.1,3030.1,OR_D_W_direct,offramp,FW_W,10479,7,,8,960.0,679,2,0,0,0,0
3000.1,3030.1,OR_F_E_signal,offramp,FW_E,10643,9,,1,120.0,493,25,0,0,0,0
3000.1,3030.1,OR_F_E_direct,offramp,FW_E,10682,11,,8,960.0,922,3,0,0,0,0
3000.1,3030.1,OR_F_W_signal,offramp,FW_W,10638,19,,7,840.0,502,1,0,0,0,2
3000.1,3030.1,OR_F_W_direct,offramp,FW_W,10645,16,,8,960.0,845,3,0,0,0,0
3000.1,3030.1,source_1098,source,FW_E,,,0,65,7800.0,6383,,0,65,0,0
3000.1,3030.1,source_1099,source,FW_W,,,0,22,2640.0,3791,,0,22,0,0
3030.1,3060.1,RM_C10480,ramp,FW_W,10480,,8,5,600.0,127,2,0,0,0,3
3030.1,3060.1,RM_C10482,ramp,FW_W,10482,,10,19,2280.0,1547,26,0,0,0,0
3030.1,3060.1,RM_C10646,ramp,FW_W,10646,,18,3,360.0,221,1,0,0,0,2
3030.1,3060.1,RM_C10644,ramp,FW_W,10644,,22,9,1080.0,396,6,0,0,0,0
3030.1,3060.1,RM_C10639,ramp,FW_E,10639,,10,6,720.0,384,8,0,0,0,0
3030.1,3060.1,RM_C10681,ramp,FW_E,10681,,12,10,1200.0,688,65,0,0,0,0
3030.1,3060.1,RM_C10490,ramp,FW_E,10490,,21,4,480.0,584,19,0,0,0,0
3030.1,3060.1,RM_C10484,ramp,FW_E,10484,,23,8,960.0,372,8,0,0,0,0
3030.1,3060.1,OR_D_E_signal,offramp,FW_E,10481,18,,0,0.0,216,0,0,0,0,0
3030.1,3060.1,OR_D_E_direct,offramp,FW_E,10483,20,,3,360.0,792,3,0,0,0,0
3030.1,3060.1,OR_D_W_signal,offramp,FW_W,10491,9,,13,1560.0,732,6,0,0,0,3
3030.1,3060.1,OR_D_W_direct,offramp,FW_W,10479,7,,10,1200.0,689,4,0,0,0,0
3030.1,3060.1,OR_F_E_signal,offramp,FW_E,10643,9,,7,840.0,500,29,0,0,0,0
3030.1,3060.1,OR_F_E_direct,offramp,FW_E,10682,11,,8,960.0,930,3,0,0,0,0
3030.1,3060.1,OR_F_W_signal,offramp,FW_W,10638,19,,8,960.0,510,2,0,0,0,2
3030.1,3060.1,OR_F_W_direct,offramp,FW_W,10645,16,,13,1560.0,858,2,0,0,0,0
3030.1,3060.1,source_1098,source,FW_E,,,0,60,7200.0,6443,,0,60,0,0
3030.1,3060.1,source_1099,source,FW_W,,,0,46,5520.0,3837,,0,46,0,0
3060.1,3090.1,RM_C10480,ramp,FW_W,10480,,8,3,360.0,130,0,0,0,0,2
3060.1,3090.1,RM_C10482,ramp,FW_W,10482,,10,12,1440.0,1559,33,0,0,0,0
3060.1,3090.1,RM_C10646,ramp,FW_W,10646,,18,1,120.0,222,3,0,0,0,0
3060.1,3090.1,RM_C10644,ramp,FW_W,10644,,22,3,360.0,399,10,0,0,0,0
3060.1,3090.1,RM_C10639,ramp,FW_E,10639,,10,5,600.0,389,7,0,0,0,0
3060.1,3090.1,RM_C10681,ramp,FW_E,10681,,12,12,1440.0,700,57,0,0,0,0
3060.1,3090.1,RM_C10490,ramp,FW_E,10490,,21,9,1080.0,593,19,0,0,0,0
3060.1,3090.1,RM_C10484,ramp,FW_E,10484,,23,5,600.0,377,6,0,0,0,0
3060.1,3090.1,OR_D_E_signal,offramp,FW_E,10481,18,,0,0.0,216,0,0,0,0,0
3060.1,3090.1,OR_D_E_direct,offramp,FW_E,10483,20,,3,360.0,795,0,0,0,0,0
3060.1,3090.1,OR_D_W_signal,offramp,FW_W,10491,9,,11,1320.0,743,2,0,0,0,2
3060.1,3090.1,OR_D_W_direct,offramp,FW_W,10479,7,,10,1200.0,699,3,0,0,0,0
3060.1,3090.1,OR_F_E_signal,offramp,FW_E,10643,9,,5,600.0,505,31,0,0,0,0
3060.1,3090.1,OR_F_E_direct,offramp,FW_E,10682,11,,5,600.0,935,2,0,0,0,0
3060.1,3090.1,OR_F_W_signal,offramp,FW_W,10638,19,,2,240.0,512,0,0,0,0,0
3060.1,3090.1,OR_F_W_direct,offramp,FW_W,10645,16,,9,1080.0,867,8,0,0,0,0
3060.1,3090.1,source_1098,source,FW_E,,,0,68,8160.0,6511,,0,68,0,0
3060.1,3090.1,source_1099,source,FW_W,,,0,35,4200.0,3872,,0,35,0,0
3090.1,3120.1,RM_C10480,ramp,FW_W,10480,,8,0,0.0,130,0,0,0,0,0
3090.1,3120.1,RM_C10482,ramp,FW_W,10482,,10,24,2880.0,1583,27,0,0,0,0
3090.1,3120.1,RM_C10646,ramp,FW_W,10646,,18,3,360.0,225,1,0,0,0,2
3090.1,3120.1,RM_C10644,ramp,FW_W,10644,,22,1,120.0,400,16,0,0,0,0
3090.1,3120.1,RM_C10639,ramp,FW_E,10639,,10,7,840.0,396,4,0,0,0,0
3090.1,3120.1,RM_C10681,ramp,FW_E,10681,,12,13,1560.0,713,57,0,0,0,0
3090.1,3120.1,RM_C10490,ramp,FW_E,10490,,21,8,960.0,601,18,0,0,0,0
3090.1,3120.1,RM_C10484,ramp,FW_E,10484,,23,5,600.0,382,5,0,0,0,0
3090.1,3120.1,OR_D_E_signal,offramp,FW_E,10481,18,,2,240.0,218,0,0,0,0,0
3090.1,3120.1,OR_D_E_direct,offramp,FW_E,10483,20,,5,600.0,800,1,0,0,0,0
3090.1,3120.1,OR_D_W_signal,offramp,FW_W,10491,9,,5,600.0,748,1,0,0,0,0
3090.1,3120.1,OR_D_W_direct,offramp,FW_W,10479,7,,7,840.0,706,3,0,0,0,0
3090.1,3120.1,OR_F_E_signal,offramp,FW_E,10643,9,,7,840.0,512,34,0,0,0,0
3090.1,3120.1,OR_F_E_direct,offramp,FW_E,10682,11,,8,960.0,943,3,0,0,0,0
3090.1,3120.1,OR_F_W_signal,offramp,FW_W,10638,19,,9,1080.0,521,4,0,0,0,2
3090.1,3120.1,OR_F_W_direct,offramp,FW_W,10645,16,,6,720.0,873,6,0,0,0,0
3090.1,3120.1,source_1098,source,FW_E,,,0,60,7200.0,6571,,0,60,0,0
3090.1,3120.1,source_1099,source,FW_W,,,0,30,3600.0,3902,,0,30,0,0
3120.1,3150.1,RM_C10480,ramp,FW_W,10480,,8,2,240.0,132,1,0,0,0,2
3120.1,3150.1,RM_C10482,ramp,FW_W,10482,,10,18,2160.0,1601,24,0,0,0,0
3120.1,3150.1,RM_C10646,ramp,FW_W,10646,,18,2,240.0,227,2,0,0,0,1
3120.1,3150.1,RM_C10644,ramp,FW_W,10644,,22,2,240.0,402,17,0,0,0,0
3120.1,3150.1,RM_C10639,ramp,FW_E,10639,,10,2,240.0,398,7,0,0,0,0
3120.1,3150.1,RM_C10681,ramp,FW_E,10681,,12,8,960.0,721,62,0,0,0,0
3120.1,3150.1,RM_C10490,ramp,FW_E,10490,,21,10,1200.0,611,16,0,0,0,0
3120.1,3150.1,RM_C10484,ramp,FW_E,10484,,23,5,600.0,387,5,0,0,0,0
3120.1,3150.1,OR_D_E_signal,offramp,FW_E,10481,18,,0,0.0,218,0,0,0,0,0
3120.1,3150.1,OR_D_E_direct,offramp,FW_E,10483,20,,9,1080.0,809,4,0,0,0,0
3120.1,3150.1,OR_D_W_signal,offramp,FW_W,10491,9,,8,960.0,756,6,0,0,0,2
3120.1,3150.1,OR_D_W_direct,offramp,FW_W,10479,7,,7,840.0,713,3,0,0,0,0
3120.1,3150.1,OR_F_E_signal,offramp,FW_E,10643,9,,3,360.0,515,33,0,0,0,0
3120.1,3150.1,OR_F_E_direct,offramp,FW_E,10682,11,,15,1800.0,958,5,0,0,0,0
3120.1,3150.1,OR_F_W_signal,offramp,FW_W,10638,19,,6,720.0,527,2,0,0,0,1
3120.1,3150.1,OR_F_W_direct,offramp,FW_W,10645,16,,9,1080.0,882,1,0,0,0,0
3120.1,3150.1,source_1098,source,FW_E,,,0,64,7680.0,6635,,0,64,0,0
3120.1,3150.1,source_1099,source,FW_W,,,0,33,3960.0,3935,,0,33,0,0
3150.1,3180.1,RM_C10480,ramp,FW_W,10480,,8,3,360.0,135,4,0,0,0,2
3150.1,3180.1,RM_C10482,ramp,FW_W,10482,,10,17,2040.0,1618,26,0,0,0,0
3150.1,3180.1,RM_C10646,ramp,FW_W,10646,,18,2,240.0,229,1,0,0,0,0
3150.1,3180.1,RM_C10644,ramp,FW_W,10644,,22,9,1080.0,411,10,0,0,0,0
3150.1,3180.1,RM_C10639,ramp,FW_E,10639,,10,4,480.0,402,4,0,0,0,0
3150.1,3180.1,RM_C10681,ramp,FW_E,10681,,12,9,1080.0,730,65,0,0,0,0
3150.1,3180.1,RM_C10490,ramp,FW_E,10490,,21,12,1440.0,623,11,0,0,0,0
3150.1,3180.1,RM_C10484,ramp,FW_E,10484,,23,2,240.0,389,4,0,0,0,0
3150.1,3180.1,OR_D_E_signal,offramp,FW_E,10481,18,,0,0.0,218,0,0,0,0,0
3150.1,3180.1,OR_D_E_direct,offramp,FW_E,10483,20,,14,1680.0,823,12,0,0,0,0
3150.1,3180.1,OR_D_W_signal,offramp,FW_W,10491,9,,8,960.0,764,4,0,0,0,2
3150.1,3180.1,OR_D_W_direct,offramp,FW_W,10479,7,,7,840.0,720,2,0,0,0,0
3150.1,3180.1,OR_F_E_signal,offramp,FW_E,10643,9,,7,840.0,522,37,0,0,0,0
3150.1,3180.1,OR_F_E_direct,offramp,FW_E,10682,11,,12,1440.0,970,8,0,0,0,0
3150.1,3180.1,OR_F_W_signal,offramp,FW_W,10638,19,,7,840.0,534,1,0,0,0,0
3150.1,3180.1,OR_F_W_direct,offramp,FW_W,10645,16,,0,0.0,882,0,0,0,0,0
3150.1,3180.1,source_1098,source,FW_E,,,0,52,6240.0,6687,,0,52,0,0
3150.1,3180.1,source_1099,source,FW_W,,,0,25,3000.0,3960,,0,25,0,0
3180.1,3210.1,RM_C10480,ramp,FW_W,10480,,8,4,480.0,139,0,0,0,0,2
3180.1,3210.1,RM_C10482,ramp,FW_W,10482,,10,17,2040.0,1635,30,0,0,0,0
3180.1,3210.1,RM_C10646,ramp,FW_W,10646,,18,1,120.0,230,4,0,0,0,1
3180.1,3210.1,RM_C10644,ramp,FW_W,10644,,22,3,360.0,414,8,0,0,0,0
3180.1,3210.1,RM_C10639,ramp,FW_E,10639,,10,3,360.0,405,7,0,0,0,0
3180.1,3210.1,RM_C10681,ramp,FW_E,10681,,12,12,1440.0,742,63,0,0,0,0
3180.1,3210.1,RM_C10490,ramp,FW_E,10490,,21,10,1200.0,633,10,0,0,0,0
3180.1,3210.1,RM_C10484,ramp,FW_E,10484,,23,4,480.0,393,7,0,0,0,0
3180.1,3210.1,OR_D_E_signal,offramp,FW_E,10481,18,,2,240.0,220,0,0,0,0,0
3180.1,3210.1,OR_D_E_direct,offramp,FW_E,10483,20,,5,600.0,828,3,0,0,0,0
3180.1,3210.1,OR_D_W_signal,offramp,FW_W,10491,9,,9,1080.0,773,1,0,0,0,2
3180.1,3210.1,OR_D_W_direct,offramp,FW_W,10479,7,,3,360.0,723,2,0,0,0,0
3180.1,3210.1,OR_F_E_signal,offramp,FW_E,10643,9,,7,840.0,529,44,0,0,0,0
3180.1,3210.1,OR_F_E_direct,offramp,FW_E,10682,11,,10,1200.0,980,6,0,0,0,0
3180.1,3210.1,OR_F_W_signal,offramp,FW_W,10638,19,,6,720.0,540,2,0,0,0,1
3180.1,3210.1,OR_F_W_direct,offramp,FW_W,10645,16,,18,2160.0,900,5,0,0,0,0
3180.1,3210.1,source_1098,source,FW_E,,,0,58,6960.0,6745,,0,58,0,0
3180.1,3210.1,source_1099,source,FW_W,,,0,52,6240.0,4012,,0,52,0,0
3210.1,3240.1,RM_C10480,ramp,FW_W,10480,,8,0,0.0,139,0,0,0,0,0
3210.1,3240.1,RM_C10482,ramp,FW_W,10482,,10,23,2760.0,1658,24,0,0,0,0
3210.1,3240.1,RM_C10646,ramp,FW_W,10646,,18,3,360.0,233,1,0,0,0,0
3210.1,3240.1,RM_C10644,ramp,FW_W,10644,,22,5,600.0,419,7,0,0,0,0
3210.1,3240.1,RM_C10639,ramp,FW_E,10639,,10,5,600.0,410,2,0,0,0,0
3210.1,3240.1,RM_C10681,ramp,FW_E,10681,,12,10,1200.0,752,61,0,0,0,0
3210.1,3240.1,RM_C10490,ramp,FW_E,10490,,21,6,720.0,639,12,0,0,0,0
3210.1,3240.1,RM_C10484,ramp,FW_E,10484,,23,4,480.0,397,6,0,0,0,0
3210.1,3240.1,OR_D_E_signal,offramp,FW_E,10481,18,,0,0.0,220,0,0,0,0,0
3210.1,3240.1,OR_D_E_direct,offramp,FW_E,10483,20,,1,120.0,829,1,0,0,0,0
3210.1,3240.1,OR_D_W_signal,offramp,FW_W,10491,9,,2,240.0,775,0,0,0,0,0
3210.1,3240.1,OR_D_W_direct,offramp,FW_W,10479,7,,7,840.0,730,3,0,0,0,0
3210.1,3240.1,OR_F_E_signal,offramp,FW_E,10643,9,,7,840.0,536,51,0,0,0,0
3210.1,3240.1,OR_F_E_direct,offramp,FW_E,10682,11,,14,1680.0,994,7,0,0,0,0
3210.1,3240.1,OR_F_W_signal,offramp,FW_W,10638,19,,6,720.0,546,5,0,0,0,0
3210.1,3240.1,OR_F_W_direct,offramp,FW_W,10645,16,,5,600.0,905,0,0,0,0,0
3210.1,3240.1,source_1098,source,FW_E,,,0,67,8040.0,6812,,0,67,0,0
3210.1,3240.1,source_1099,source,FW_W,,,0,28,3360.0,4040,,0,28,0,0
3240.1,3270.1,RM_C10480,ramp,FW_W,10480,,8,0,0.0,139,0,0,0,0,0
3240.1,3270.1,RM_C10482,ramp,FW_W,10482,,10,15,1800.0,1673,24,0,0,0,0
3240.1,3270.1,RM_C10646,ramp,FW_W,10646,,18,1,120.0,234,3,0,0,0,0
3240.1,3270.1,RM_C10644,ramp,FW_W,10644,,22,0,0.0,419,8,0,0,0,0
3240.1,3270.1,RM_C10639,ramp,FW_E,10639,,10,2,240.0,412,3,0,0,0,0
3240.1,3270.1,RM_C10681,ramp,FW_E,10681,,12,13,1560.0,765,60,0,0,0,0
3240.1,3270.1,RM_C10490,ramp,FW_E,10490,,21,12,1440.0,651,3,0,0,0,0
3240.1,3270.1,RM_C10484,ramp,FW_E,10484,,23,5,600.0,402,5,0,0,0,0
3240.1,3270.1,OR_D_E_signal,offramp,FW_E,10481,18,,1,120.0,221,0,0,0,0,0
3240.1,3270.1,OR_D_E_direct,offramp,FW_E,10483,20,,9,1080.0,838,6,0,0,0,0
3240.1,3270.1,OR_D_W_signal,offramp,FW_W,10491,9,,8,960.0,783,3,0,0,0,0
3240.1,3270.1,OR_D_W_direct,offramp,FW_W,10479,7,,6,720.0,736,2,0,0,0,0
3240.1,3270.1,OR_F_E_signal,offramp,FW_E,10643,9,,4,480.0,540,50,0,0,0,0
3240.1,3270.1,OR_F_E_direct,offramp,FW_E,10682,11,,8,960.0,1002,5,0,0,0,0
3240.1,3270.1,OR_F_W_signal,offramp,FW_W,10638,19,,3,360.0,549,2,0,0,0,0
3240.1,3270.1,OR_F_W_direct,offramp,FW_W,10645,16,,15,1800.0,920,4,0,0,0,0
3240.1,3270.1,source_1098,source,FW_E,,,0,66,7920.0,6878,,0,66,0,0
3240.1,3270.1,source_1099,source,FW_W,,,0,47,5640.0,4087,,0,47,0,0
3270.1,3300.1,RM_C10480,ramp,FW_W,10480,,8,2,240.0,141,0,0,0,0,1
3270.1,3300.1,RM_C10482,ramp,FW_W,10482,,10,21,2520.0,1694,23,0,0,0,0
3270.1,3300.1,RM_C10646,ramp,FW_W,10646,,18,4,480.0,238,3,0,0,0,2
3270.1,3300.1,RM_C10644,ramp,FW_W,10644,,22,4,480.0,423,11,0,0,0,0
3270.1,3300.1,RM_C10639,ramp,FW_E,10639,,10,0,0.0,412,8,0,0,0,0
3270.1,3300.1,RM_C10681,ramp,FW_E,10681,,12,6,720.0,771,62,0,0,0,0
3270.1,3300.1,RM_C10490,ramp,FW_E,10490,,21,2,240.0,653,3,0,0,0,0
3270.1,3300.1,RM_C10484,ramp,FW_E,10484,,23,5,600.0,407,5,0,0,0,0
3270.1,3300.1,OR_D_E_signal,offramp,FW_E,10481,18,,1,120.0,222,1,0,0,0,0
3270.1,3300.1,OR_D_E_direct,offramp,FW_E,10483,20,,11,1320.0,849,7,0,0,0,0
3270.1,3300.1,OR_D_W_signal,offramp,FW_W,10491,9,,7,840.0,790,3,0,0,0,1
3270.1,3300.1,OR_D_W_direct,offramp,FW_W,10479,7,,11,1320.0,747,3,0,0,0,0
3270.1,3300.1,OR_F_E_signal,offramp,FW_E,10643,9,,6,720.0,546,51,0,0,0,0
3270.1,3300.1,OR_F_E_direct,offramp,FW_E,10682,11,,17,2040.0,1019,10,0,0,0,0
3270.1,3300.1,OR_F_W_signal,offramp,FW_W,10638,19,,9,1080.0,558,7,0,0,0,2
3270.1,3300.1,OR_F_W_direct,offramp,FW_W,10645,16,,9,1080.0,929,7,0,0,0,0
3270.1,3300.1,source_1098,source,FW_E,,,0,61,7320.0,6939,,0,61,0,0
3270.1,3300.1,source_1099,source,FW_W,,,0,41,4920.0,4128,,0,41,0,0
3300.1,3330.1,RM_C10480,ramp,FW_W,10480,,8,4,480.0,145,2,0,0,0,3
3300.1,3330.1,RM_C10482,ramp,FW_W,10482,,10,12,1440.0,1706,34,0,0,0,0
3300.1,3330.1,RM_C10646,ramp,FW_W,10646,,18,5,600.0,243,0,0,0,0,2
3300.1,3330.1,RM_C10644,ramp,FW_W,10644,,22,3,360.0,426,10,0,0,0,0
3300.1,3330.1,RM_C10639,ramp,FW_E,10639,,10,4,480.0,416,8,0,0,0,0
3300.1,3330.1,RM_C10681,ramp,FW_E,10681,,12,8,960.0,779,70,0,0,0,0
3300.1,3330.1,RM_C10490,ramp,FW_E,10490,,21,3,360.0,656,7,0,0,0,0
3300.1,3330.1,RM_C10484,ramp,FW_E,10484,,23,3,360.0,410,7,0,0,0,0
3300.1,3330.1,OR_D_E_signal,offramp,FW_E,10481,18,,0,0.0,222,1,0,0,0,0
3300.1,3330.1,OR_D_E_direct,offramp,FW_E,10483,20,,8,960.0,857,4,0,0,0,0
3300.1,3330.1,OR_D_W_signal,offramp,FW_W,10491,9,,9,1080.0,799,6,0,0,0,3
3300.1,3330.1,OR_D_W_direct,offramp,FW_W,10479,7,,11,1320.0,758,3,0,0,0,0
3300.1,3330.1,OR_F_E_signal,offramp,FW_E,10643,9,,3,360.0,549,50,0,0,0,0
3300.1,3330.1,OR_F_E_direct,offramp,FW_E,10682,11,,9,1080.0,1028,4,0,0,0,0
3300.1,3330.1,OR_F_W_signal,offramp,FW_W,10638,19,,8,960.0,566,4,0,0,0,2
3300.1,3330.1,OR_F_W_direct,offramp,FW_W,10645,16,,18,2160.0,947,9,0,0,0,0
3300.1,3330.1,source_1098,source,FW_E,,,0,69,8280.0,7008,,0,69,0,0
3300.1,3330.1,source_1099,source,FW_W,,,0,29,3480.0,4157,,0,29,0,0
3330.1,3360.1,RM_C10480,ramp,FW_W,10480,,8,2,240.0,147,1,0,0,0,2
3330.1,3360.1,RM_C10482,ramp,FW_W,10482,,10,22,2640.0,1728,29,0,0,0,0
3330.1,3360.1,RM_C10646,ramp,FW_W,10646,,18,0,0.0,243,1,0,0,0,0
3330.1,3360.1,RM_C10644,ramp,FW_W,10644,,22,0,0.0,426,16,0,0,0,0
3330.1,3360.1,RM_C10639,ramp,FW_E,10639,,10,6,720.0,422,6,0,0,0,0
3330.1,3360.1,RM_C10681,ramp,FW_E,10681,,12,11,1320.0,790,67,0,0,0,0
3330.1,3360.1,RM_C10490,ramp,FW_E,10490,,21,7,840.0,663,6,0,0,0,0
3330.1,3360.1,RM_C10484,ramp,FW_E,10484,,23,5,600.0,415,8,0,0,0,0
3330.1,3360.1,OR_D_E_signal,offramp,FW_E,10481,18,,3,360.0,225,1,0,0,0,0
3330.1,3360.1,OR_D_E_direct,offramp,FW_E,10483,20,,8,960.0,865,2,0,0,0,0
3330.1,3360.1,OR_D_W_signal,offramp,FW_W,10491,9,,7,840.0,806,1,0,0,0,2
3330.1,3360.1,OR_D_W_direct,offramp,FW_W,10479,7,,3,360.0,761,1,0,0,0,0
3330.1,3360.1,OR_F_E_signal,offramp,FW_E,10643,9,,4,480.0,553,50,0,0,0,0
3330.1,3360.1,OR_F_E_direct,offramp,FW_E,10682,11,,10,1200.0,1038,6,0,0,0,0
3330.1,3360.1,OR_F_W_signal,offramp,FW_W,10638,19,,2,240.0,568,0,0,0,0,0
3330.1,3360.1,OR_F_W_direct,offramp,FW_W,10645,16,,8,960.0,955,3,0,0,0,0
3330.1,3360.1,source_1098,source,FW_E,,,0,70,8400.0,7078,,0,70,0,0
3330.1,3360.1,source_1099,source,FW_W,,,0,38,4560.0,4195,,0,38,0,0
3360.1,3390.1,RM_C10480,ramp,FW_W,10480,,8,2,240.0,149,0,0,0,0,2
3360.1,3390.1,RM_C10482,ramp,FW_W,10482,,10,20,2400.0,1748,32,0,0,0,0
3360.1,3390.1,RM_C10646,ramp,FW_W,10646,,18,1,120.0,244,1,0,0,0,0
3360.1,3390.1,RM_C10644,ramp,FW_W,10644,,22,10,1200.0,436,10,0,0,0,0
3360.1,3390.1,RM_C10639,ramp,FW_E,10639,,10,3,360.0,425,5,0,0,0,0
3360.1,3390.1,RM_C10681,ramp,FW_E,10681,,12,10,1200.0,800,64,0,0,0,0
3360.1,3390.1,RM_C10490,ramp,FW_E,10490,,21,6,720.0,669,6,0,0,0,0
3360.1,3390.1,RM_C10484,ramp,FW_E,10484,,23,5,600.0,420,8,0,0,0,0
3360.1,3390.1,OR_D_E_signal,offramp,FW_E,10481,18,,1,120.0,226,1,0,0,0,0
3360.1,3390.1,OR_D_E_direct,offramp,FW_E,10483,20,,13,1560.0,878,4,0,0,0,0
3360.1,3390.1,OR_D_W_signal,offramp,FW_W,10491,9,,7,840.0,813,3,0,0,0,2
3360.1,3390.1,OR_D_W_direct,offramp,FW_W,10479,7,,4,480.0,765,0,0,0,0,0
3360.1,3390.1,OR_F_E_signal,offramp,FW_E,10643,9,,3,360.0,556,50,0,0,0,0
3360.1,3390.1,OR_F_E_direct,offramp,FW_E,10682,11,,10,1200.0,1048,4,0,0,0,0
3360.1,3390.1,OR_F_W_signal,offramp,FW_W,10638,19,,2,240.0,570,1,0,0,0,0
3360.1,3390.1,OR_F_W_direct,offramp,FW_W,10645,16,,15,1800.0,970,4,0,0,0,0
3360.1,3390.1,source_1098,source,FW_E,,,0,61,7320.0,7139,,0,61,0,0
3360.1,3390.1,source_1099,source,FW_W,,,0,20,2400.0,4215,,0,20,0,0
3390.1,3420.1,RM_C10480,ramp,FW_W,10480,,8,0,0.0,149,0,0,0,0,0
3390.1,3420.1,RM_C10482,ramp,FW_W,10482,,10,25,3000.0,1773,25,0,0,0,0
3390.1,3420.1,RM_C10646,ramp,FW_W,10646,,18,1,120.0,245,5,0,0,0,0
3390.1,3420.1,RM_C10644,ramp,FW_W,10644,,22,0,0.0,436,14,0,0,0,0
3390.1,3420.1,RM_C10639,ramp,FW_E,10639,,10,5,600.0,430,6,0,0,0,0
3390.1,3420.1,RM_C10681,ramp,FW_E,10681,,12,11,1320.0,811,59,0,0,0,0
3390.1,3420.1,RM_C10490,ramp,FW_E,10490,,21,3,360.0,672,8,0,0,0,0
3390.1,3420.1,RM_C10484,ramp,FW_E,10484,,23,6,720.0,426,7,0,0,0,0
3390.1,3420.1,OR_D_E_signal,offramp,FW_E,10481,18,,4,480.0,230,2,0,0,0,0
3390.1,3420.1,OR_D_E_direct,offramp,FW_E,10483,20,,6,720.0,884,6,0,0,0,0
3390.1,3420.1,OR_D_W_signal,offramp,FW_W,10491,9,,7,840.0,820,1,0,0,0,0
3390.1,3420.1,OR_D_W_direct,offramp,FW_W,10479,7,,7,840.0,772,2,0,0,0,0
3390.1,3420.1,OR_F_E_signal,offramp,FW_E,10643,9,,5,600.0,561,51,0,0,0,0
3390.1,3420.1,OR_F_E_direct,offramp,FW_E,10682,11,,9,1080.0,1057,3,0,0,0,0
3390.1,3420.1,OR_F_W_signal,offramp,FW_W,10638,19,,3,360.0,573,0,0,0,0,0
3390.1,3420.1,OR_F_W_direct,offramp,FW_W,10645,16,,2,240.0,972,1,0,0,0,0
3390.1,3420.1,source_1098,source,FW_E,,,0,62,7440.0,7201,,0,62,0,0
3390.1,3420.1,source_1099,source,FW_W,,,0,41,4920.0,4256,,0,41,0,0
3420.1,3450.1,RM_C10480,ramp,FW_W,10480,,8,1,120.0,150,1,0,0,0,1
3420.1,3450.1,RM_C10482,ramp,FW_W,10482,,10,14,1680.0,1787,31,0,0,0,0
3420.1,3450.1,RM_C10646,ramp,FW_W,10646,,18,5,600.0,250,4,0,0,0,1
3420.1,3450.1,RM_C10644,ramp,FW_W,10644,,22,0,0.0,436,18,0,0,0,0
3420.1,3450.1,RM_C10639,ramp,FW_E,10639,,10,4,480.0,434,2,0,0,0,0
3420.1,3450.1,RM_C10681,ramp,FW_E,10681,,12,11,1320.0,822,57,0,0,0,0
3420.1,3450.1,RM_C10490,ramp,FW_E,10490,,21,6,720.0,678,5,0,0,0,0
3420.1,3450.1,RM_C10484,ramp,FW_E,10484,,23,5,600.0,431,4,0,0,0,0
3420.1,3450.1,OR_D_E_signal,offramp,FW_E,10481,18,,6,720.0,236,4,0,0,0,0
3420.1,3450.1,OR_D_E_direct,offramp,FW_E,10483,20,,0,0.0,884,0,0,0,0,0
3420.1,3450.1,OR_D_W_signal,offramp,FW_W,10491,9,,9,1080.0,829,5,0,0,0,1
3420.1,3450.1,OR_D_W_direct,offramp,FW_W,10479,7,,7,840.0,779,2,0,0,0,0
3420.1,3450.1,OR_F_E_signal,offramp,FW_E,10643,9,,3,360.0,564,49,0,0,0,0
3420.1,3450.1,OR_F_E_direct,offramp,FW_E,10682,11,,7,840.0,1064,2,0,0,0,0
3420.1,3450.1,OR_F_W_signal,offramp,FW_W,10638,19,,6,720.0,579,0,0,0,0,1
3420.1,3450.1,OR_F_W_direct,offramp,FW_W,10645,16,,8,960.0,980,5,0,0,0,0
3420.1,3450.1,source_1098,source,FW_E,,,0,64,7680.0,7265,,0,64,0,0
3420.1,3450.1,source_1099,source,FW_W,,,0,22,2640.0,4278,,0,22,0,0
3450.1,3480.1,RM_C10480,ramp,FW_W,10480,,8,1,120.0,151,1,0,0,0,1
3450.1,3480.1,RM_C10482,ramp,FW_W,10482,,10,26,3120.0,1813,28,0,0,0,0
3450.1,3480.1,RM_C10646,ramp,FW_W,10646,,18,4,480.0,254,4,0,0,0,1
3450.1,3480.1,RM_C10644,ramp,FW_W,10644,,22,11,1320.0,447,8,0,0,0,0
3450.1,3480.1,RM_C10639,ramp,FW_E,10639,,10,2,240.0,436,4,0,0,0,0
3450.1,3480.1,RM_C10681,ramp,FW_E,10681,,12,6,720.0,828,61,0,0,0,0
3450.1,3480.1,RM_C10490,ramp,FW_E,10490,,21,5,600.0,683,5,0,0,0,0
3450.1,3480.1,RM_C10484,ramp,FW_E,10484,,23,3,360.0,434,4,0,0,0,0
3450.1,3480.1,OR_D_E_signal,offramp,FW_E,10481,18,,5,600.0,241,9,0,0,0,0
3450.1,3480.1,OR_D_E_direct,offramp,FW_E,10483,20,,2,240.0,886,2,0,0,0,0
3450.1,3480.1,OR_D_W_signal,offramp,FW_W,10491,9,,8,960.0,837,2,0,0,0,1
3450.1,3480.1,OR_D_W_direct,offramp,FW_W,10479,7,,4,480.0,783,1,0,0,0,0
3450.1,3480.1,OR_F_E_signal,offramp,FW_E,10643,9,,4,480.0,568,45,0,0,0,0
3450.1,3480.1,OR_F_E_direct,offramp,FW_E,10682,11,,11,1320.0,1075,6,0,0,0,0
3450.1,3480.1,OR_F_W_signal,offramp,FW_W,10638,19,,7,840.0,586,1,0,0,0,1
3450.1,3480.1,OR_F_W_direct,offramp,FW_W,10645,16,,23,2760.0,1003,10,0,0,0,0
3450.1,3480.1,source_1098,source,FW_E,,,0,59,7080.0,7324,,0,59,0,0
3450.1,3480.1,source_1099,source,FW_W,,,0,41,4920.0,4319,,0,41,0,0
3480.1,3510.1,RM_C10480,ramp,FW_W,10480,,8,1,120.0,152,0,0,0,0,0
3480.1,3510.1,RM_C10482,ramp,FW_W,10482,,10,16,1920.0,1829,29,0,0,0,0
3480.1,3510.1,RM_C10646,ramp,FW_W,10646,,18,4,480.0,258,3,0,0,0,1
3480.1,3510.1,RM_C10644,ramp,FW_W,10644,,22,4,480.0,451,9,0,0,0,0
3480.1,3510.1,RM_C10639,ramp,FW_E,10639,,10,3,360.0,439,5,0,0,0,0
3480.1,3510.1,RM_C10681,ramp,FW_E,10681,,12,8,960.0,836,63,0,0,0,0
3480.1,3510.1,RM_C10490,ramp,FW_E,10490,,21,5,600.0,688,5,0,0,0,0
3480.1,3510.1,RM_C10484,ramp,FW_E,10484,,23,3,360.0,437,7,0,0,0,0
3480.1,3510.1,OR_D_E_signal,offramp,FW_E,10481,18,,1,120.0,242,3,0,0,0,0
3480.1,3510.1,OR_D_E_direct,offramp,FW_E,10483,20,,12,1440.0,898,11,0,0,0,0
3480.1,3510.1,OR_D_W_signal,offramp,FW_W,10491,9,,9,1080.0,846,3,0,0,0,0
3480.1,3510.1,OR_D_W_direct,offramp,FW_W,10479,7,,5,600.0,788,1,0,0,0,0
3480.1,3510.1,OR_F_E_signal,offramp,FW_E,10643,9,,3,360.0,571,47,0,0,0,0
3480.1,3510.1,OR_F_E_direct,offramp,FW_E,10682,11,,13,1560.0,1088,5,0,0,0,0
3480.1,3510.1,OR_F_W_signal,offramp,FW_W,10638,19,,11,1320.0,597,0,0,0,0,1
3480.1,3510.1,OR_F_W_direct,offramp,FW_W,10645,16,,10,1200.0,1013,2,0,0,0,0
3480.1,3510.1,source_1098,source,FW_E,,,0,68,8160.0,7392,,0,68,0,0
3480.1,3510.1,source_1099,source,FW_W,,,0,40,4800.0,4359,,0,40,0,0
3510.1,3540.1,RM_C10480,ramp,FW_W,10480,,8,0,0.0,152,1,0,0,0,0
3510.1,3540.1,RM_C10482,ramp,FW_W,10482,,10,15,1800.0,1844,38,0,0,0,0
3510.1,3540.1,RM_C10646,ramp,FW_W,10646,,18,3,360.0,261,3,0,0,0,2
3510.1,3540.1,RM_C10644,ramp,FW_W,10644,,22,4,480.0,455,8,0,0,0,0
3510.1,3540.1,RM_C10639,ramp,FW_E,10639,,10,5,600.0,444,2,0,0,0,0
3510.1,3540.1,RM_C10681,ramp,FW_E,10681,,12,9,1080.0,845,66,0,0,0,0
3510.1,3540.1,RM_C10490,ramp,FW_E,10490,,21,5,600.0,693,5,0,0,0,0
3510.1,3540.1,RM_C10484,ramp,FW_E,10484,,23,2,240.0,439,10,0,0,0,0
3510.1,3540.1,OR_D_E_signal,offramp,FW_E,10481,18,,4,480.0,246,3,0,0,0,0
3510.1,3540.1,OR_D_E_direct,offramp,FW_E,10483,20,,15,1800.0,913,8,0,0,0,0
3510.1,3540.1,OR_D_W_signal,offramp,FW_W,10491,9,,8,960.0,854,1,0,0,0,0
3510.1,3540.1,OR_D_W_direct,offramp,FW_W,10479,7,,5,600.0,793,1,0,0,0,0
3510.1,3540.1,OR_F_E_signal,offramp,FW_E,10643,9,,3,360.0,574,47,0,0,0,0
3510.1,3540.1,OR_F_E_direct,offramp,FW_E,10682,11,,9,1080.0,1097,4,0,0,0,0
3510.1,3540.1,OR_F_W_signal,offramp,FW_W,10638,19,,6,720.0,603,3,0,0,0,2
3510.1,3540.1,OR_F_W_direct,offramp,FW_W,10645,16,,8,960.0,1021,5,0,0,0,0
3510.1,3540.1,source_1098,source,FW_E,,,0,69,8280.0,7461,,0,69,0,0
3510.1,3540.1,source_1099,source,FW_W,,,0,40,4800.0,4399,,0,40,0,0
3540.1,3570.1,RM_C10480,ramp,FW_W,10480,,8,2,240.0,154,2,0,0,0,1
3540.1,3570.1,RM_C10482,ramp,FW_W,10482,,10,26,3120.0,1870,25,0,0,0,0
3540.1,3570.1,RM_C10646,ramp,FW_W,10646,,18,2,240.0,263,2,0,0,0,1
3540.1,3570.1,RM_C10644,ramp,FW_W,10644,,22,0,0.0,455,13,0,0,0,0
3540.1,3570.1,RM_C10639,ramp,FW_E,10639,,10,0,0.0,444,10,0,0,0,0
3540.1,3570.1,RM_C10681,ramp,FW_E,10681,,12,10,1200.0,855,65,0,0,0,0
3540.1,3570.1,RM_C10490,ramp,FW_E,10490,,21,5,600.0,698,5,0,0,0,0
3540.1,3570.1,RM_C10484,ramp,FW_E,10484,,23,7,840.0,446,8,0,0,0,0
3540.1,3570.1,OR_D_E_signal,offramp,FW_E,10481,18,,3,360.0,249,5,0,0,0,0
3540.1,3570.1,OR_D_E_direct,offramp,FW_E,10483,20,,11,1320.0,924,7,0,0,0,0
3540.1,3570.1,OR_D_W_signal,offramp,FW_W,10491,9,,6,720.0,860,1,0,0,0,1
3540.1,3570.1,OR_D_W_direct,offramp,FW_W,10479,7,,8,960.0,801,4,0,0,0,0
3540.1,3570.1,OR_F_E_signal,offramp,FW_E,10643,9,,10,1200.0,584,55,0,0,0,0
3540.1,3570.1,OR_F_E_direct,offramp,FW_E,10682,11,,17,2040.0,1114,8,0,0,0,0
3540.1,3570.1,OR_F_W_signal,offramp,FW_W,10638,19,,4,480.0,607,3,0,0,0,1
3540.1,3570.1,OR_F_W_direct,offramp,FW_W,10645,16,,19,2280.0,1040,7,0,0,0,0
3540.1,3570.1,source_1098,source,FW_E,,,0,69,8280.0,7530,,0,69,0,0
3540.1,3570.1,source_1099,source,FW_W,,,0,31,3720.0,4430,,0,31,0,0
3570.1,3600.1,RM_C10480,ramp,FW_W,10480,,8,3,360.0,157,0,0,0,0,2
3570.1,3600.1,RM_C10482,ramp,FW_W,10482,,10,22,2640.0,1892,21,0,0,0,0
3570.1,3600.1,RM_C10646,ramp,FW_W,10646,,18,3,360.0,266,6,0,0,0,3
3570.1,3600.1,RM_C10644,ramp,FW_W,10644,,22,5,600.0,460,15,0,0,0,0
3570.1,3600.1,RM_C10639,ramp,FW_E,10639,,10,4,480.0,448,19,0,0,0,0
3570.1,3600.1,RM_C10681,ramp,FW_E,10681,,12,12,1440.0,867,62,0,0,0,0
3570.1,3600.1,RM_C10490,ramp,FW_E,10490,,21,5,600.0,703,6,0,0,0,0
3570.1,3600.1,RM_C10484,ramp,FW_E,10484,,23,6,720.0,452,6,0,0,0,0
3570.1,3600.1,OR_D_E_signal,offramp,FW_E,10481,18,,0,0.0,249,3,0,0,0,0
3570.1,3600.1,OR_D_E_direct,offramp,FW_E,10483,20,,17,2040.0,941,11,0,0,0,0
3570.1,3600.1,OR_D_W_signal,offramp,FW_W,10491,9,,8,960.0,868,3,0,0,0,2
3570.1,3600.1,OR_D_W_direct,offramp,FW_W,10479,7,,4,480.0,805,0,0,0,0,0
3570.1,3600.1,OR_F_E_signal,offramp,FW_E,10643,9,,9,1080.0,593,55,0,0,0,0
3570.1,3600.1,OR_F_E_direct,offramp,FW_E,10682,11,,12,1440.0,1126,9,0,0,0,0
3570.1,3600.1,OR_F_W_signal,offramp,FW_W,10638,19,,9,1080.0,616,3,0,0,0,3
3570.1,3600.1,OR_F_W_direct,offramp,FW_W,10645,16,,11,1320.0,1051,5,0,0,0,0
3570.1,3600.1,source_1098,source,FW_E,,,0,62,7440.0,7592,,0,62,0,0
3570.1,3600.1,source_1099,source,FW_W,,,0,54,6480.0,4484,,0,54,0,0
3600.1,3630.1,RM_C10480,ramp,FW_W,10480,,8,2,240.0,159,1,0,0,0,2
3600.1,3630.1,RM_C10482,ramp,FW_W,10482,,10,11,1320.0,1903,27,0,0,0,0
3600.1,3630.1,RM_C10646,ramp,FW_W,10646,,18,5,600.0,271,9,0,0,0,2
3600.1,3630.1,RM_C10644,ramp,FW_W,10644,,22,3,360.0,463,16,0,0,0,0
3600.1,3630.1,RM_C10639,ramp,FW_E,10639,,10,6,720.0,454,15,0,0,0,0
3600.1,3630.1,RM_C10681,ramp,FW_E,10681,,12,13,1560.0,880,54,0,0,0,0
3600.1,3630.1,RM_C10490,ramp,FW_E,10490,,21,4,480.0,707,8,0,0,0,0
3600.1,3630.1,RM_C10484,ramp,FW_E,10484,,23,5,600.0,457,3,0,0,0,0
3600.1,3630.1,OR_D_E_signal,offramp,FW_E,10481,18,,1,120.0,250,4,0,0,0,0
3600.1,3630.1,OR_D_E_direct,offramp,FW_E,10483,20,,3,360.0,944,0,0,0,0,0
3600.1,3630.1,OR_D_W_signal,offramp,FW_W,10491,9,,9,1080.0,877,6,0,0,0,2
3600.1,3630.1,OR_D_W_direct,offramp,FW_W,10479,7,,3,360.0,808,1,0,0,0,0
3600.1,3630.1,OR_F_E_signal,offramp,FW_E,10643,9,,10,1200.0,603,58,0,0,0,0
3600.1,3630.1,OR_F_E_direct,offramp,FW_E,10682,11,,5,600.0,1131,2,0,0,0,0
3600.1,3630.1,OR_F_W_signal,offramp,FW_W,10638,19,,11,1320.0,627,4,0,0,0,2
3600.1,3630.1,OR_F_W_direct,offramp,FW_W,10645,16,,6,720.0,1057,2,0,0,0,0
3600.1,3630.1,source_1098,source,FW_E,,,0,62,7440.0,7654,,0,62,0,0
3600.1,3630.1,source_1099,source,FW_W,,,0,41,4920.0,4525,,0,41,0,0
3630.1,3660.1,RM_C10480,ramp,FW_W,10480,,8,1,120.0,160,0,0,0,0,1
3630.1,3660.1,RM_C10482,ramp,FW_W,10482,,10,21,2520.0,1924,28,0,0,0,0
3630.1,3660.1,RM_C10646,ramp,FW_W,10646,,18,11,1320.0,282,0,0,0,0,8
3630.1,3660.1,RM_C10644,ramp,FW_W,10644,,22,5,600.0,468,17,0,0,0,0
3630.1,3660.1,RM_C10639,ramp,FW_E,10639,,10,6,720.0,460,13,0,0,0,0
3630.1,3660.1,RM_C10681,ramp,FW_E,10681,,12,6,720.0,886,59,0,0,0,0
3630.1,3660.1,RM_C10490,ramp,FW_E,10490,,21,4,480.0,711,13,0,0,0,0
3630.1,3660.1,RM_C10484,ramp,FW_E,10484,,23,3,360.0,460,4,0,0,0,0
3630.1,3660.1,OR_D_E_signal,offramp,FW_E,10481,18,,5,600.0,255,5,0,0,0,0
3630.1,3660.1,OR_D_E_direct,offramp,FW_E,10483,20,,1,120.0,945,1,0,0,0,0
3630.1,3660.1,OR_D_W_signal,offramp,FW_W,10491,9,,6,720.0,883,0,0,0,0,1
3630.1,3660.1,OR_D_W_direct,offramp,FW_W,10479,7,,9,1080.0,817,5,0,0,0,0
3630.1,3660.1,OR_F_E_signal,offramp,FW_E,10643,9,,5,600.0,608,53,0,0,0,0
3630.1,3660.1,OR_F_E_direct,offramp,FW_E,10682,11,,5,600.0,1136,1,0,0,0,0
3630.1,3660.1,OR_F_W_signal,offramp,FW_W,10638,19,,15,1800.0,642,7,0,0,0,8
3630.1,3660.1,OR_F_W_direct,offramp,FW_W,10645,16,,12,1440.0,1069,7,0,0,0,0
3630.1,3660.1,source_1098,source,FW_E,,,0,64,7680.0,7718,,0,64,0,0
3630.1,3660.1,source_1099,source,FW_W,,,0,18,2160.0,4543,,0,18,0,0
3660.1,3690.1,RM_C10480,ramp,FW_W,10480,,8,0,0.0,160,1,0,0,0,0
3660.1,3690.1,RM_C10482,ramp,FW_W,10482,,10,20,2400.0,1944,24,0,0,0,0
3660.1,3690.1,RM_C10646,ramp,FW_W,10646,,18,0,0.0,282,1,0,0,0,0
3660.1,3690.1,RM_C10644,ramp,FW_W,10644,,22,7,840.0,475,12,0,0,0,0
3660.1,3690.1,RM_C10639,ramp,FW_E,10639,,10,7,840.0,467,11,0,0,0,0
3660.1,3690.1,RM_C10681,ramp,FW_E,10681,,12,11,1320.0,897,55,0,0,0,0
3660.1,3690.1,RM_C10490,ramp,FW_E,10490,,21,9,1080.0,720,11,0,0,0,0
3660.1,3690.1,RM_C10484,ramp,FW_E,10484,,23,2,240.0,462,5,0,0,0,0
3660.1,3690.1,OR_D_E_signal,offramp,FW_E,10481,18,,0,0.0,255,1,0,0,0,0
3660.1,3690.1,OR_D_E_direct,offramp,FW_E,10483,20,,7,840.0,952,7,0,0,0,0
3660.1,3690.1,OR_D_W_signal,offramp,FW_W,10491,9,,8,960.0,891,1,0,0,0,0
3660.1,3690.1,OR_D_W_direct,offramp,FW_W,10479,7,,6,720.0,823,3,0,0,0,0
3660.1,3690.1,OR_F_E_signal,offramp,FW_E,10643,9,,2,240.0,610,51,0,0,0,0
3660.1,3690.1,OR_F_E_direct,offramp,FW_E,10682,11,,4,480.0,1140,3,0,0,0,0
3660.1,3690.1,OR_F_W_signal,offramp,FW_W,10638,19,,7,840.0,649,1,0,0,0,0
3660.1,3690.1,OR_F_W_direct,offramp,FW_W,10645,16,,10,1200.0,1079,0,0,0,0,0
3660.1,3690.1,source_1098,source,FW_E,,,0,67,8040.0,7785,,0,67,0,0
3660.1,3690.1,source_1099,source,FW_W,,,0,41,4920.0,4584,,0,41,0,0
3690.1,3720.1,RM_C10480,ramp,FW_W,10480,,8,1,120.0,161,0,0,0,0,1
3690.1,3720.1,RM_C10482,ramp,FW_W,10482,,10,19,2280.0,1963,22,0,0,0,0
3690.1,3720.1,RM_C10646,ramp,FW_W,10646,,18,1,120.0,283,2,0,0,0,0
3690.1,3720.1,RM_C10644,ramp,FW_W,10644,,22,3,360.0,478,15,0,0,0,0
3690.1,3720.1,RM_C10639,ramp,FW_E,10639,,10,3,360.0,470,13,0,0,0,0
3690.1,3720.1,RM_C10681,ramp,FW_E,10681,,12,11,1320.0,908,58,0,0,0,0
3690.1,3720.1,RM_C10490,ramp,FW_E,10490,,21,11,1320.0,731,8,0,0,0,0
3690.1,3720.1,RM_C10484,ramp,FW_E,10484,,23,2,240.0,464,9,0,0,0,0
3690.1,3720.1,OR_D_E_signal,offramp,FW_E,10481,18,,0,0.0,255,1,0,0,0,0
3690.1,3720.1,OR_D_E_direct,offramp,FW_E,10483,20,,16,1920.0,968,13,0,0,0,0
3690.1,3720.1,OR_D_W_signal,offramp,FW_W,10491,9,,9,1080.0,900,4,0,0,0,1
3690.1,3720.1,OR_D_W_direct,offramp,FW_W,10479,7,,7,840.0,830,1,0,0,0,0
3690.1,3720.1,OR_F_E_signal,offramp,FW_E,10643,9,,3,360.0,613,47,0,0,0,0
3690.1,3720.1,OR_F_E_direct,offramp,FW_E,10682,11,,6,720.0,1146,3,0,0,0,0
3690.1,3720.1,OR_F_W_signal,offramp,FW_W,10638,19,,6,720.0,655,2,0,0,0,0
3690.1,3720.1,OR_F_W_direct,offramp,FW_W,10645,16,,10,1200.0,1089,4,0,0,0,0
3690.1,3720.1,source_1098,source,FW_E,,,0,58,6960.0,7843,,0,58,0,0
3690.1,3720.1,source_1099,source,FW_W,,,0,23,2760.0,4607,,0,23,0,0
3720.1,3750.1,RM_C10480,ramp,FW_W,10480,,8,2,240.0,163,1,0,0,0,1
3720.1,3750.1,RM_C10482,ramp,FW_W,10482,,10,13,1560.0,1976,25,0,0,0,0
3720.1,3750.1,RM_C10646,ramp,FW_W,10646,,18,4,480.0,287,4,0,0,0,0
3720.1,3750.1,RM_C10644,ramp,FW_W,10644,,22,9,1080.0,487,15,0,0,0,0
3720.1,3750.1,RM_C10639,ramp,FW_E,10639,,10,6,720.0,476,9,0,0,0,0
3720.1,3750.1,RM_C10681,ramp,FW_E,10681,,12,7,840.0,915,60,0,0,0,0
3720.1,3750.1,RM_C10490,ramp,FW_E,10490,,21,8,960.0,739,6,0,0,0,0
3720.1,3750.1,RM_C10484,ramp,FW_E,10484,,23,7,840.0,471,5,0,0,0,0
3720.1,3750.1,OR_D_E_signal,offramp,FW_E,10481,18,,0,0.0,255,1,0,0,0,0
3720.1,3750.1,OR_D_E_direct,offramp,FW_E,10483,20,,7,840.0,975,7,0,0,0,0
3720.1,3750.1,OR_D_W_signal,offramp,FW_W,10491,9,,4,480.0,904,3,0,0,0,1
3720.1,3750.1,OR_D_W_direct,offramp,FW_W,10479,7,,11,1320.0,841,2,0,0,0,0
3720.1,3750.1,OR_F_E_signal,offramp,FW_E,10643,9,,6,720.0,619,43,0,0,0,0
3720.1,3750.1,OR_F_E_direct,offramp,FW_E,10682,11,,9,1080.0,1155,3,0,0,0,0
3720.1,3750.1,OR_F_W_signal,offramp,FW_W,10638,19,,2,240.0,657,0,0,0,0,0
3720.1,3750.1,OR_F_W_direct,offramp,FW_W,10645,16,,4,480.0,1093,1,0,0,0,0
3720.1,3750.1,source_1098,source,FW_E,,,0,78,9360.0,7921,,0,78,0,0
3720.1,3750.1,source_1099,source,FW_W,,,0,36,4320.0,4643,,0,36,0,0
3750.1,3780.1,RM_C10480,ramp,FW_W,10480,,8,3,360.0,166,1,0,0,0,2
3750.1,3780.1,RM_C10482,ramp,FW_W,10482,,10,15,1800.0,1991,29,0,0,0,0
3750.1,3780.1,RM_C10646,ramp,FW_W,10646,,18,4,480.0,291,6,0,0,0,3
3750.1,3780.1,RM_C10644,ramp,FW_W,10644,,22,2,240.0,489,16,0,0,0,0
3750.1,3780.1,RM_C10639,ramp,FW_E,10639,,10,7,840.0,483,8,0,0,0,0
3750.1,3780.1,RM_C10681,ramp,FW_E,10681,,12,12,1440.0,927,60,0,0,0,0
3750.1,3780.1,RM_C10490,ramp,FW_E,10490,,21,6,720.0,745,4,0,0,0,0
3750.1,3780.1,RM_C10484,ramp,FW_E,10484,,23,5,600.0,476,1,0,0,0,0
3750.1,3780.1,OR_D_E_signal,offramp,FW_E,10481,18,,3,360.0,258,4,0,0,0,0
3750.1,3780.1,OR_D_E_direct,offramp,FW_E,10483,20,,5,600.0,980,1,0,0,0,0
3750.1,3780.1,OR_D_W_signal,offramp,FW_W,10491,9,,8,960.0,912,4,0,0,0,2
3750.1,3780.1,OR_D_W_direct,offramp,FW_W,10479,7,,7,840.0,848,3,0,0,0,0
3750.1,3780.1,OR_F_E_signal,offramp,FW_E,10643,9,,5,600.0,624,42,0,0,0,0
3750.1,3780.1,OR_F_E_direct,offramp,FW_E,10682,11,,7,840.0,1162,3,0,0,0,0
3750.1,3780.1,OR_F_W_signal,offramp,FW_W,10638,19,,8,960.0,665,1,0,0,0,3
3750.1,3780.1,OR_F_W_direct,offramp,FW_W,10645,16,,9,1080.0,1102,9,0,0,0,0
3750.1,3780.1,source_1098,source,FW_E,,,0,69,8280.0,7990,,0,69,0,0
3750.1,3780.1,source_1099,source,FW_W,,,0,28,3360.0,4671,,0,28,0,0
3780.1,3810.1,RM_C10480,ramp,FW_W,10480,,8,2,240.0,168,0,0,0,0,2
3780.1,3810.1,RM_C10482,ramp,FW_W,10482,,10,24,2880.0,2015,24,0,0,0,0
3780.1,3810.1,RM_C10646,ramp,FW_W,10646,,18,6,720.0,297,2,0,0,0,3
3780.1,3810.1,RM_C10644,ramp,FW_W,10644,,22,2,240.0,491,20,0,0,0,0
3780.1,3810.1,RM_C10639,ramp,FW_E,10639,,10,5,600.0,488,5,0,0,0,0
3780.1,3810.1,RM_C10681,ramp,FW_E,10681,,12,8,960.0,935,61,0,0,0,0
3780.1,3810.1,RM_C10490,ramp,FW_E,10490,,21,5,600.0,750,8,0,0,0,0
3780.1,3810.1,RM_C10484,ramp,FW_E,10484,,23,1,120.0,477,2,0,0,0,0
3780.1,3810.1,OR_D_E_signal,offramp,FW_E,10481,18,,2,240.0,260,2,0,0,0,0
3780.1,3810.1,OR_D_E_direct,offramp,FW_E,10483,20,,4,480.0,984,0,0,0,0,0
3780.1,3810.1,OR_D_W_signal,offramp,FW_W,10491,9,,9,1080.0,921,2,0,0,0,2
3780.1,3810.1,OR_D_W_direct,offramp,FW_W,10479,7,,10,1200.0,858,5,0,0,0,0
3780.1,3810.1,OR_F_E_signal,offramp,FW_E,10643,9,,1,120.0,625,42,0,0,0,0
3780.1,3810.1,OR_F_E_direct,offramp,FW_E,10682,11,,6,720.0,1168,2,0,0,0,0
3780.1,3810.1,OR_F_W_signal,offramp,FW_W,10638,19,,12,1440.0,677,7,0,0,0,3
3780.1,3810.1,OR_F_W_direct,offramp,FW_W,10645,16,,10,1200.0,1112,1,0,0,0,0
3780.1,3810.1,source_1098,source,FW_E,,,0,57,6840.0,8047,,0,57,0,0
3780.1,3810.1,source_1099,source,FW_W,,,0,39,4680.0,4710,,0,39,0,0
3810.1,3840.1,RM_C10480,ramp,FW_W,10480,,8,0,0.0,168,0,0,0,0,0
3810.1,3840.1,RM_C10482,ramp,FW_W,10482,,10,9,1080.0,2024,32,0,0,0,0
3810.1,3840.1,RM_C10646,ramp,FW_W,10646,,18,0,0.0,297,3,0,0,0,0
3810.1,3840.1,RM_C10644,ramp,FW_W,10644,,22,12,1440.0,503,11,0,0,0,0
3810.1,3840.1,RM_C10639,ramp,FW_E,10639,,10,5,600.0,493,3,0,0,0,0
3810.1,3840.1,RM_C10681,ramp,FW_E,10681,,12,7,840.0,942,58,0,0,0,0
3810.1,3840.1,RM_C10490,ramp,FW_E,10490,,21,8,960.0,758,5,0,0,0,0
3810.1,3840.1,RM_C10484,ramp,FW_E,10484,,23,1,120.0,478,6,0,0,0,0
3810.1,3840.1,OR_D_E_signal,offramp,FW_E,10481,18,,3,360.0,263,5,0,0,0,0
3810.1,3840.1,OR_D_E_direct,offramp,FW_E,10483,20,,7,840.0,991,7,0,0,0,0
3810.1,3840.1,OR_D_W_signal,offramp,FW_W,10491,9,,6,720.0,927,2,0,0,0,0
3810.1,3840.1,OR_D_W_direct,offramp,FW_W,10479,7,,8,960.0,866,1,0,0,0,0
3810.1,3840.1,OR_F_E_signal,offramp,FW_E,10643,9,,8,960.0,633,48,0,0,0,0
3810.1,3840.1,OR_F_E_direct,offramp,FW_E,10682,11,,8,960.0,1176,3,0,0,0,0
3810.1,3840.1,OR_F_W_signal,offramp,FW_W,10638,19,,3,360.0,680,2,0,0,0,0
3810.1,3840.1,OR_F_W_direct,offramp,FW_W,10645,16,,12,1440.0,1124,8,0,0,0,0
3810.1,3840.1,source_1098,source,FW_E,,,0,57,6840.0,8104,,0,57,0,0
3810.1,3840.1,source_1099,source,FW_W,,,0,43,5160.0,4753,,0,43,0,0
3840.1,3870.1,RM_C10480,ramp,FW_W,10480,,8,1,120.0,169,0,0,0,0,0
3840.1,3870.1,RM_C10482,ramp,FW_W,10482,,10,22,2640.0,2046,29,0,0,0,0
3840.1,3870.1,RM_C10646,ramp,FW_W,10646,,18,3,360.0,300,3,0,0,0,1
3840.1,3870.1,RM_C10644,ramp,FW_W,10644,,22,6,720.0,509,6,0,0,0,0
3840.1,3870.1,RM_C10639,ramp,FW_E,10639,,10,2,240.0,495,3,0,0,0,0
3840.1,3870.1,RM_C10681,ramp,FW_E,10681,,12,11,1320.0,953,55,0,0,0,0
3840.1,3870.1,RM_C10490,ramp,FW_E,10490,,21,5,600.0,763,5,0,0,0,0
3840.1,3870.1,RM_C10484,ramp,FW_E,10484,,23,4,480.0,482,5,0,0,0,0
3840.1,3870.1,OR_D_E_signal,offramp,FW_E,10481,18,,5,600.0,268,6,0,0,0,0
3840.1,3870.1,OR_D_E_direct,offramp,FW_E,10483,20,,4,480.0,995,2,0,0,0,0
3840.1,3870.1,OR_D_W_signal,offramp,FW_W,10491,9,,4,480.0,931,1,0,0,0,0
3840.1,3870.1,OR_D_W_direct,offramp,FW_W,10479,7,,6,720.0,872,3,0,0,0,0
3840.1,3870.1,OR_F_E_signal,offramp,FW_E,10643,9,,2,240.0,635,48,0,0,0,0
3840.1,3870.1,OR_F_E_direct,offramp,FW_E,10682,11,,14,1680.0,1190,6,0,0,0,0
3840.1,3870.1,OR_F_W_signal,offramp,FW_W,10638,19,,10,1200.0,690,3,0,0,0,1
3840.1,3870.1,OR_F_W_direct,offramp,FW_W,10645,16,,10,1200.0,1134,4,0,0,0,0
3840.1,3870.1,source_1098,source,FW_E,,,0,64,7680.0,8168,,0,64,0,0
3840.1,3870.1,source_1099,source,FW_W,,,0,37,4440.0,4790,,0,37,0,0
3870.1,3900.1,RM_C10480,ramp,FW_W,10480,,8,2,240.0,171,0,0,0,0,2
3870.1,3900.1,RM_C10482,ramp,FW_W,10482,,10,23,2760.0,2069,25,0,0,0,0
3870.1,3900.1,RM_C10646,ramp,FW_W,10646,,18,3,360.0,303,9,0,0,0,1
3870.1,3900.1,RM_C10644,ramp,FW_W,10644,,22,3,360.0,512,4,0,0,0,0
3870.1,3900.1,RM_C10639,ramp,FW_E,10639,,10,3,360.0,498,0,0,0,0,0
3870.1,3900.1,RM_C10681,ramp,FW_E,10681,,12,8,960.0,961,55,0,0,0,0
3870.1,3900.1,RM_C10490,ramp,FW_E,10490,,21,5,600.0,768,5,0,0,0,0
3870.1,3900.1,RM_C10484,ramp,FW_E,10484,,23,4,480.0,486,5,0,0,0,0
3870.1,3900.1,OR_D_E_signal,offramp,FW_E,10481,18,,1,120.0,269,4,0,0,0,0
3870.1,3900.1,OR_D_E_direct,offramp,FW_E,10483,20,,12,1440.0,1007,3,0,0,0,0
3870.1,3900.1,OR_D_W_signal,offramp,FW_W,10491,9,,10,1200.0,941,5,0,0,0,2
3870.1,3900.1,OR_D_W_direct,offramp,FW_W,10479,7,,3,360.0,875,2,0,0,0,0
3870.1,3900.1,OR_F_E_signal,offramp,FW_E,10643,9,,2,240.0,637,46,0,0,0,0
3870.1,3900.1,OR_F_E_direct,offramp,FW_E,10682,11,,11,1320.0,1201,5,0,0,0,0
3870.1,3900.1,OR_F_W_signal,offramp,FW_W,10638,19,,4,480.0,694,3,0,0,0,1
3870.1,3900.1,OR_F_W_direct,offramp,FW_W,10645,16,,10,1200.0,1144,2,0,0,0,0
3870.1,3900.1,source_1098,source,FW_E,,,0,69,8280.0,8237,,0,69,0,0
3870.1,3900.1,source_1099,source,FW_W,,,0,23,2760.0,4813,,0,23,0,0
3900.1,3930.1,RM_C10480,ramp,FW_W,10480,,8,2,240.0,173,2,0,0,0,1
3900.1,3930.1,RM_C10482,ramp,FW_W,10482,,10,18,2160.0,2087,27,0,0,0,0
3900.1,3930.1,RM_C10646,ramp,FW_W,10646,,18,8,960.0,311,8,0,0,0,3
3900.1,3930.1,RM_C10644,ramp,FW_W,10644,,22,2,240.0,514,4,0,0,0,0
3900.1,3930.1,RM_C10639,ramp,FW_E,10639,,10,0,0.0,498,1,0,0,0,0
3900.1,3930.1,RM_C10681,ramp,FW_E,10681,,12,7,840.0,968,61,0,0,0,0
3900.1,3930.1,RM_C10490,ramp,FW_E,10490,,21,4,480.0,772,7,0,0,0,0
3900.1,3930.1,RM_C10484,ramp,FW_E,10484,,23,4,480.0,490,1,0,0,0,0
3900.1,3930.1,OR_D_E_signal,offramp,FW_E,10481,18,,0,0.0,269,4,0,0,0,0
3900.1,3930.1,OR_D_E_direct,offramp,FW_E,10483,20,,3,360.0,1010,3,0,0,0,0
3900.1,3930.1,OR_D_W_signal,offramp,FW_W,10491,9,,13,1560.0,954,5,0,0,0,1
3900.1,3930.1,OR_D_W_direct,offramp,FW_W,10479,7,,10,1200.0,885,4,0,0,0,0
3900.1,3930.1,OR_F_E_signal,offramp,FW_E,10643,9,,6,720.0,643,45,0,0,0,0
3900.1,3930.1,OR_F_E_direct,offramp,FW_E,10682,11,,20,2400.0,1221,11,0,0,0,0
3900.1,3930.1,OR_F_W_signal,offramp,FW_W,10638,19,,9,1080.0,703,4,0,0,0,3
3900.1,3930.1,OR_F_W_direct,offramp,FW_W,10645,16,,9,1080.0,1153,3,0,0,0,0
3900.1,3930.1,source_1098,source,FW_E,,,0,60,7200.0,8297,,0,60,0,0
3900.1,3930.1,source_1099,source,FW_W,,,0,46,5520.0,4859,,0,46,0,0
3930.1,3960.1,RM_C10480,ramp,FW_W,10480,,8,2,240.0,175,0,0,0,0,2
3930.1,3960.1,RM_C10482,ramp,FW_W,10482,,10,22,2640.0,2109,20,0,0,0,0
3930.1,3960.1,RM_C10646,ramp,FW_W,10646,,18,8,960.0,319,4,0,0,0,5
3930.1,3960.1,RM_C10644,ramp,FW_W,10644,,22,1,120.0,515,7,0,0,0,0
3930.1,3960.1,RM_C10639,ramp,FW_E,10639,,10,0,0.0,498,5,0,0,0,0
3930.1,3960.1,RM_C10681,ramp,FW_E,10681,,12,7,840.0,975,64,0,0,0,0
3930.1,3960.1,RM_C10490,ramp,FW_E,10490,,21,9,1080.0,781,5,0,0,0,0
3930.1,3960.1,RM_C10484,ramp,FW_E,10484,,23,1,120.0,491,5,0,0,0,0
3930.1,3960.1,OR_D_E_signal,offramp,FW_E,10481,18,,1,120.0,270,0,0,0,0,0
3930.1,3960.1,OR_D_E_direct,offramp,FW_E,10483,20,,10,1200.0,1020,4,0,0,0,0
3930.1,3960.1,OR_D_W_signal,offramp,FW_W,10491,9,,3,360.0,957,1,0,0,0,2
3930.1,3960.1,OR_D_W_direct,offramp,FW_W,10479,7,,4,480.0,889,2,0,0,0,0
3930.1,3960.1,OR_F_E_signal,offramp,FW_E,10643,9,,10,1200.0,653,52,0,0,0,0
3930.1,3960.1,OR_F_E_direct,offramp,FW_E,10682,11,,13,1560.0,1234,6,0,0,0,0
3930.1,3960.1,OR_F_W_signal,offramp,FW_W,10638,19,,10,1200.0,713,5,0,0,0,5
3930.1,3960.1,OR_F_W_direct,offramp,FW_W,10645,16,,9,1080.0,1162,5,0,0,0,0
3930.1,3960.1,source_1098,source,FW_E,,,0,69,8280.0,8366,,0,69,0,0
3930.1,3960.1,source_1099,source,FW_W,,,0,36,4320.0,4895,,0,36,0,0
3960.1,3990.1,RM_C10480,ramp,FW_W,10480,,8,0,0.0,175,0,0,0,0,0
3960.1,3990.1,RM_C10482,ramp,FW_W,10482,,10,17,2040.0,2126,25,0,0,0,0
3960.1,3990.1,RM_C10646,ramp,FW_W,10646,,18,4,480.0,323,0,0,0,0,2
3960.1,3990.1,RM_C10644,ramp,FW_W,10644,,22,2,240.0,517,8,0,0,0,0
3960.1,3990.1,RM_C10639,ramp,FW_E,10639,,10,1,120.0,499,6,0,0,0,0
3960.1,3990.1,RM_C10681,ramp,FW_E,10681,,12,11,1320.0,986,59,0,0,0,0
3960.1,3990.1,RM_C10490,ramp,FW_E,10490,,21,1,120.0,782,11,0,0,0,0
3960.1,3990.1,RM_C10484,ramp,FW_E,10484,,23,3,360.0,494,6,0,0,0,0
3960.1,3990.1,OR_D_E_signal,offramp,FW_E,10481,18,,2,240.0,272,1,0,0,0,0
3960.1,3990.1,OR_D_E_direct,offramp,FW_E,10483,20,,8,960.0,1028,7,0,0,0,0
3960.1,3990.1,OR_D_W_signal,offramp,FW_W,10491,9,,13,1560.0,970,6,0,0,0,0
3960.1,3990.1,OR_D_W_direct,offramp,FW_W,10479,7,,5,600.0,894,2,0,0,0,0
3960.1,3990.1,OR_F_E_signal,offramp,FW_E,10643,9,,6,720.0,659,56,0,0,0,0
3960.1,3990.1,OR_F_E_direct,offramp,FW_E,10682,11,,10,1200.0,1244,4,0,0,0,0
3960.1,3990.1,OR_F_W_signal,offramp,FW_W,10638,19,,6,720.0,719,1,0,0,0,2
3960.1,3990.1,OR_F_W_direct,offramp,FW_W,10645,16,,20,2400.0,1182,9,0,0,0,0
3960.1,3990.1,source_1098,source,FW_E,,,0,61,7320.0,8427,,0,61,0,0
3960.1,3990.1,source_1099,source,FW_W,,,0,44,5280.0,4939,,0,44,0,0
3990.1,4020.1,RM_C10480,ramp,FW_W,10480,,8,0,0.0,175,0,0,0,0,0
3990.1,4020.1,RM_C10482,ramp,FW_W,10482,,10,17,2040.0,2143,22,0,0,0,0
3990.1,4020.1,RM_C10646,ramp,FW_W,10646,,18,1,120.0,324,3,0,0,0,0
3990.1,4020.1,RM_C10644,ramp,FW_W,10644,,22,2,240.0,519,7,0,0,0,0
3990.1,4020.1,RM_C10639,ramp,FW_E,10639,,10,5,600.0,504,5,0,0,0,0
3990.1,4020.1,RM_C10681,ramp,FW_E,10681,,12,12,1440.0,998,53,0,0,0,0
3990.1,4020.1,RM_C10490,ramp,FW_E,10490,,21,11,1320.0,793,6,0,0,0,0
3990.1,4020.1,RM_C10484,ramp,FW_E,10484,,23,5,600.0,499,4,0,0,0,0
3990.1,4020.1,OR_D_E_signal,offramp,FW_E,10481,18,,2,240.0,274,2,0,0,0,0
3990.1,4020.1,OR_D_E_direct,offramp,FW_E,10483,20,,11,1320.0,1039,4,0,0,0,0
3990.1,4020.1,OR_D_W_signal,offramp,FW_W,10491,9,,3,360.0,973,0,0,0,0,0
3990.1,4020.1,OR_D_W_direct,offramp,FW_W,10479,7,,8,960.0,902,1,0,0,0,0
3990.1,4020.1,OR_F_E_signal,offramp,FW_E,10643,9,,5,600.0,664,56,0,0,0,0
3990.1,4020.1,OR_F_E_direct,offramp,FW_E,10682,11,,7,840.0,1251,2,0,0,0,0
3990.1,4020.1,OR_F_W_signal,offramp,FW_W,10638,19,,4,480.0,723,1,0,0,0,0
3990.1,4020.1,OR_F_W_direct,offramp,FW_W,10645,16,,11,1320.0,1193,0,0,0,0,0
3990.1,4020.1,source_1098,source,FW_E,,,0,60,7200.0,8487,,0,60,0,0
3990.1,4020.1,source_1099,source,FW_W,,,0,20,2400.0,4959,,0,20,0,0
4020.1,4050.1,RM_C10480,ramp,FW_W,10480,,8,2,240.0,177,0,0,0,0,1
4020.1,4050.1,RM_C10482,ramp,FW_W,10482,,10,21,2520.0,2164,19,0,0,0,0
4020.1,4050.1,RM_C10646,ramp,FW_W,10646,,18,3,360.0,327,4,0,0,0,2
4020.1,4050.1,RM_C10644,ramp,FW_W,10644,,22,3,360.0,522,8,0,0,0,0
4020.1,4050.1,RM_C10639,ramp,FW_E,10639,,10,1,120.0,505,8,0,0,0,0
4020.1,4050.1,RM_C10681,ramp,FW_E,10681,,12,8,960.0,1006,59,0,0,0,0
4020.1,4050.1,RM_C10490,ramp,FW_E,10490,,21,6,720.0,799,6,0,0,0,0
4020.1,4050.1,RM_C10484,ramp,FW_E,10484,,23,4,480.0,503,4,0,0,0,0
4020.1,4050.1,OR_D_E_signal,offramp,FW_E,10481,18,,4,480.0,278,4,0,0,0,0
4020.1,4050.1,OR_D_E_direct,offramp,FW_E,10483,20,,7,840.0,1046,5,0,0,0,0
4020.1,4050.1,OR_D_W_signal,offramp,FW_W,10491,9,,7,840.0,980,5,0,0,0,1
4020.1,4050.1,OR_D_W_direct,offramp,FW_W,10479,7,,8,960.0,910,2,0,0,0,0
4020.1,4050.1,OR_F_E_signal,offramp,FW_E,10643,9,,6,720.0,670,53,0,0,0,0
4020.1,4050.1,OR_F_E_direct,offramp,FW_E,10682,11,,12,1440.0,1263,5,0,0,0,0
4020.1,4050.1,OR_F_W_signal,offramp,FW_W,10638,19,,3,360.0,726,1,0,0,0,2
4020.1,4050.1,OR_F_W_direct,offramp,FW_W,10645,16,,16,1920.0,1209,9,0,0,0,0
4020.1,4050.1,source_1098,source,FW_E,,,0,63,7560.0,8550,,0,63,0,0
4020.1,4050.1,source_1099,source,FW_W,,,0,42,5040.0,5001,,0,42,0,0
4050.1,4080.1,RM_C10480,ramp,FW_W,10480,,8,0,0.0,177,0,0,0,0,0
4050.1,4080.1,RM_C10482,ramp,FW_W,10482,,10,10,1200.0,2174,34,0,0,0,0
4050.1,4080.1,RM_C10646,ramp,FW_W,10646,,18,4,480.0,331,2,0,0,0,2
4050.1,4080.1,RM_C10644,ramp,FW_W,10644,,22,3,360.0,525,8,0,0,0,0
4050.1,4080.1,RM_C10639,ramp,FW_E,10639,,10,7,840.0,512,7,0,0,0,0
4050.1,4080.1,RM_C10681,ramp,FW_E,10681,,12,8,960.0,1014,63,0,0,0,0
4050.1,4080.1,RM_C10490,ramp,FW_E,10490,,21,6,720.0,805,8,0,0,0,0
4050.1,4080.1,RM_C10484,ramp,FW_E,10484,,23,4,480.0,507,2,0,0,0,0
4050.1,4080.1,OR_D_E_signal,offramp,FW_E,10481,18,,3,360.0,281,6,0,0,0,0
4050.1,4080.1,OR_D_E_direct,offramp,FW_E,10483,20,,8,960.0,1054,4,0,0,0,0
4050.1,4080.1,OR_D_W_signal,offramp,FW_W,10491,9,,4,480.0,984,1,0,0,0,0
4050.1,4080.1,OR_D_W_direct,offramp,FW_W,10479,7,,3,360.0,913,1,0,0,0,0
4050.1,4080.1,OR_F_E_signal,offramp,FW_E,10643,9,,6,720.0,676,55,0,0,0,0
4050.1,4080.1,OR_F_E_direct,offramp,FW_E,10682,11,,6,720.0,1269,3,0,0,0,0
4050.1,4080.1,OR_F_W_signal,offramp,FW_W,10638,19,,7,840.0,733,2,0,0,0,2
4050.1,4080.1,OR_F_W_direct,offramp,FW_W,10645,16,,11,1320.0,1220,4,0,0,0,0
4050.1,4080.1,source_1098,source,FW_E,,,0,69,8280.0,8619,,0,69,0,0
4050.1,4080.1,source_1099,source,FW_W,,,0,21,2520.0,5022,,0,21,0,0
4080.1000000000004,4110.1,RM_C10480,ramp,FW_W,10480,,8,1,120.0,178,0,0,0,0,1
4080.1000000000004,4110.1,RM_C10482,ramp,FW_W,10482,,10,20,2400.0,2194,33,0,0,0,0
4080.1000000000004,4110.1,RM_C10646,ramp,FW_W,10646,,18,3,360.0,334,1,0,0,0,2
4080.1000000000004,4110.1,RM_C10644,ramp,FW_W,10644,,22,0,0.0,525,10,0,0,0,0
4080.1000000000004,4110.1,RM_C10639,ramp,FW_E,10639,,10,6,720.0,518,5,0,0,0,0
4080.1000000000004,4110.1,RM_C10681,ramp,FW_E,10681,,12,12,1440.0,1026,64,0,0,0,0
4080.1000000000004,4110.1,RM_C10490,ramp,FW_E,10490,,21,6,720.0,811,8,0,0,0,0
4080.1000000000004,4110.1,RM_C10484,ramp,FW_E,10484,,23,2,240.0,509,7,0,0,0,0
4080.1000000000004,4110.1,OR_D_E_signal,offramp,FW_E,10481,18,,4,480.0,285,4,0,0,0,0
4080.1000000000004,4110.1,OR_D_E_direct,offramp,FW_E,10483,20,,8,960.0,1062,2,0,0,0,0
4080.1000000000004,4110.1,OR_D_W_signal,offramp,FW_W,10491,9,,6,720.0,990,1,0,0,0,1
4080.1000000000004,4110.1,OR_D_W_direct,offramp,FW_W,10479,7,,5,600.0,918,1,0,0,0,0
4080.1000000000004,4110.1,OR_F_E_signal,offramp,FW_E,10643,9,,5,600.0,681,52,0,0,0,0
4080.1000000000004,4110.1,OR_F_E_direct,offramp,FW_E,10682,11,,8,960.0,1277,2,0,0,0,0
4080.1000000000004,4110.1,OR_F_W_signal,offramp,FW_W,10638,19,,5,600.0,738,3,0,0,0,2
4080.1000000000004,4110.1,OR_F_W_direct,offramp,FW_W,10645,16,,8,960.0,1228,4,0,0,0,0
4080.1000000000004,4110.1,source_1098,source,FW_E,,,0,68,8160.0,8687,,0,68,0,0
4080.1000000000004,4110.1,source_1099,source,FW_W,,,0,38,4560.0,5060,,0,38,0,0
4110.1,4140.1,RM_C10480,ramp,FW_W,10480,,8,0,0.0,178,0,0,0,0,0
4110.1,4140.1,RM_C10482,ramp,FW_W,10482,,10,23,2760.0,2217,23,0,0,0,0
4110.1,4140.1,RM_C10646,ramp,FW_W,10646,,18,1,120.0,335,2,0,0,0,1
4110.1,4140.1,RM_C10644,ramp,FW_W,10644,,22,5,600.0,530,8,0,0,0,0
4110.1,4140.1,RM_C10639,ramp,FW_E,10639,,10,4,480.0,522,5,0,0,0,0
4110.1,4140.1,RM_C10681,ramp,FW_E,10681,,12,13,1560.0,1039,59,0,0,0,0
4110.1,4140.1,RM_C10490,ramp,FW_E,10490,,21,8,960.0,819,4,0,0,0,0
4110.1,4140.1,RM_C10484,ramp,FW_E,10484,,23,4,480.0,513,6,0,0,0,0
4110.1,4140.1,OR_D_E_signal,offramp,FW_E,10481,18,,4,480.0,289,3,0,0,0,0
4110.1,4140.1,OR_D_E_direct,offramp,FW_E,10483,20,,13,1560.0,1075,7,0,0,0,0
4110.1,4140.1,OR_D_W_signal,offramp,FW_W,10491,9,,9,1080.0,999,5,0,0,0,0
4110.1,4140.1,OR_D_W_direct,offramp,FW_W,10479,7,,5,600.0,923,1,0,0,0,0
4110.1,4140.1,OR_F_E_signal,offramp,FW_E,10643,9,,8,960.0,689,56,0,0,0,0
4110.1,4140.1,OR_F_E_direct,offramp,FW_E,10682,11,,7,840.0,1284,4,0,0,0,0
4110.1,4140.1,OR_F_W_signal,offramp,FW_W,10638,19,,5,600.0,743,2,0,0,0,1
4110.1,4140.1,OR_F_W_direct,offramp,FW_W,10645,16,,4,480.0,1232,1,0,0,0,0
4110.1,4140.1,source_1098,source,FW_E,,,0,68,8160.0,8755,,0,68,0,0
4110.1,4140.1,source_1099,source,FW_W,,,0,27,3240.0,5087,,0,27,0,0
4140.1,4170.1,RM_C10480,ramp,FW_W,10480,,8,0,0.0,178,0,0,0,0,0
4140.1,4170.1,RM_C10482,ramp,FW_W,10482,,10,20,2400.0,2237,17,0,0,0,0
4140.1,4170.1,RM_C10646,ramp,FW_W,10646,,18,2,240.0,337,5,0,0,0,0
4140.1,4170.1,RM_C10644,ramp,FW_W,10644,,22,3,360.0,533,5,0,0,0,0
4140.1,4170.1,RM_C10639,ramp,FW_E,10639,,10,5,600.0,527,3,0,0,0,0
4140.1,4170.1,RM_C10681,ramp,FW_E,10681,,12,11,1320.0,1050,57,0,0,0,0
4140.1,4170.1,RM_C10490,ramp,FW_E,10490,,21,4,480.0,823,6,0,0,0,0
4140.1,4170.1,RM_C10484,ramp,FW_E,10484,,23,6,720.0,519,5,0,0,0,0
4140.1,4170.1,OR_D_E_signal,offramp,FW_E,10481,18,,8,960.0,297,8,0,0,0,0
4140.1,4170.1,OR_D_E_direct,offramp,FW_E,10483,20,,7,840.0,1082,0,0,0,0,0
4140.1,4170.1,OR_D_W_signal,offramp,FW_W,10491,9,,6,720.0,1005,4,0,0,0,0
4140.1,4170.1,OR_D_W_direct,offramp,FW_W,10479,7,,7,840.0,930,2,0,0,0,0
4140.1,4170.1,OR_F_E_signal,offramp,FW_E,10643,9,,4,480.0,693,56,0,0,0,0
4140.1,4170.1,OR_F_E_direct,offramp,FW_E,10682,11,,10,1200.0,1294,2,0,0,0,0
4140.1,4170.1,OR_F_W_signal,offramp,FW_W,10638,19,,5,600.0,748,3,0,0,0,0
4140.1,4170.1,OR_F_W_direct,offramp,FW_W,10645,16,,5,600.0,1237,0,0,0,0,0
4140.1,4170.1,source_1098,source,FW_E,,,0,60,7200.0,8815,,0,60,0,0
4140.1,4170.1,source_1099,source,FW_W,,,0,22,2640.0,5109,,0,22,0,0
4170.1,4200.1,RM_C10480,ramp,FW_W,10480,,8,1,120.0,179,0,0,0,0,0
4170.1,4200.1,RM_C10482,ramp,FW_W,10482,,10,10,1200.0,2247,25,0,0,0,0
4170.1,4200.1,RM_C10646,ramp,FW_W,10646,,18,5,600.0,342,2,0,0,0,2
4170.1,4200.1,RM_C10644,ramp,FW_W,10644,,22,2,240.0,535,9,0,0,0,0
4170.1,4200.1,RM_C10639,ramp,FW_E,10639,,10,2,240.0,529,1,0,0,0,0
4170.1,4200.1,RM_C10681,ramp,FW_E,10681,,12,12,1440.0,1062,56,0,0,0,0
4170.1,4200.1,RM_C10490,ramp,FW_E,10490,,21,4,480.0,827,7,0,0,0,0
4170.1,4200.1,RM_C10484,ramp,FW_E,10484,,23,3,360.0,522,4,0,0,0,0
4170.1,4200.1,OR_D_E_signal,offramp,FW_E,10481,18,,2,240.0,299,6,0,0,0,0
4170.1,4200.1,OR_D_E_direct,offramp,FW_E,10483,20,,9,1080.0,1091,0,0,0,0,0
4170.1,4200.1,OR_D_W_signal,offramp,FW_W,10491,9,,8,960.0,1013,4,0,0,0,0
4170.1,4200.1,OR_D_W_direct,offramp,FW_W,10479,7,,10,1200.0,940,4,0,0,0,0
4170.1,4200.1,OR_F_E_signal,offramp,FW_E,10643,9,,1,120.0,694,47,0,0,0,0
4170.1,4200.1,OR_F_E_direct,offramp,FW_E,10682,11,,14,1680.0,1308,5,0,0,0,0
4170.1,4200.1,OR_F_W_signal,offramp,FW_W,10638,19,,2,240.0,750,1,0,0,0,2
4170.1,4200.1,OR_F_W_direct,offramp,FW_W,10645,16,,14,1680.0,1251,2,0,0,0,0
4170.1,4200.1,source_1098,source,FW_E,,,0,66,7920.0,8881,,0,66,0,0
4170.1,4200.1,source_1099,source,FW_W,,,0,43,5160.0,5152,,0,43,0,0
4200.1,4230.1,RM_C10480,ramp,FW_W,10480,,8,1,120.0,180,0,0,0,0,1
4200.1,4230.1,RM_C10482,ramp,FW_W,10482,,10,15,1800.0,2262,28,0,0,0,0
4200.1,4230.1,RM_C10646,ramp,FW_W,10646,,18,2,240.0,344,0,0,0,0,1
4200.1,4230.1,RM_C10644,ramp,FW_W,10644,,22,3,360.0,538,15,0,0,0,0
4200.1,4230.1,RM_C10639,ramp,FW_E,10639,,10,1,120.0,530,4,0,0,0,0
4200.1,4230.1,RM_C10681,ramp,FW_E,10681,,12,5,600.0,1067,62,0,0,0,0
4200.1,4230.1,RM_C10490,ramp,FW_E,10490,,21,7,840.0,834,7,0,0,0,0
4200.1,4230.1,RM_C10484,ramp,FW_E,10484,,23,3,360.0,525,4,0,0,0,0
4200.1,4230.1,OR_D_E_signal,offramp,FW_E,10481,18,,3,360.0,302,7,0,0,0,0
4200.1,4230.1,OR_D_E_direct,offramp,FW_E,10483,20,,8,960.0,1099,8,0,0,0,0
4200.1,4230.1,OR_D_W_signal,offramp,FW_W,10491,9,,6,720.0,1019,3,0,0,0,1
4200.1,4230.1,OR_D_W_direct,offramp,FW_W,10479,7,,9,1080.0,949,2,0,0,0,0
4200.1,4230.1,OR_F_E_signal,offramp,FW_E,10643,9,,5,600.0,699,48,0,0,0,0
4200.1,4230.1,OR_F_E_direct,offramp,FW_E,10682,11,,15,1800.0,1323,8,0,0,0,0
4200.1,4230.1,OR_F_W_signal,offramp,FW_W,10638,19,,13,1560.0,763,2,0,0,0,1
4200.1,4230.1,OR_F_W_direct,offramp,FW_W,10645,16,,15,1800.0,1266,4,0,0,0,0
4200.1,4230.1,source_1098,source,FW_E,,,0,70,8400.0,8951,,0,70,0,0
4200.1,4230.1,source_1099,source,FW_W,,,0,40,4800.0,5192,,0,40,0,0
4230.1,4260.1,RM_C10480,ramp,FW_W,10480,,8,0,0.0,180,5,0,0,0,0
4230.1,4260.1,RM_C10482,ramp,FW_W,10482,,10,19,2280.0,2281,33,0,0,0,0
4230.1,4260.1,RM_C10646,ramp,FW_W,10646,,18,1,120.0,345,3,0,0,0,1
4230.1,4260.1,RM_C10644,ramp,FW_W,10644,,22,0,0.0,538,15,0,0,0,0
4230.1,4260.1,RM_C10639,ramp,FW_E,10639,,10,3,360.0,533,5,0,0,0,0
4230.1,4260.1,RM_C10681,ramp,FW_E,10681,,12,10,1200.0,1077,67,0,0,0,0
4230.1,4260.1,RM_C10490,ramp,FW_E,10490,,21,7,840.0,841,10,0,0,0,0
4230.1,4260.1,RM_C10484,ramp,FW_E,10484,,23,4,480.0,529,2,0,0,0,0
4230.1,4260.1,OR_D_E_signal,offramp,FW_E,10481,18,,1,120.0,303,2,0,0,0,0
4230.1,4260.1,OR_D_E_direct,offramp,FW_E,10483,20,,8,960.0,1107,3,0,0,0,0
4230.1,4260.1,OR_D_W_signal,offramp,FW_W,10491,9,,8,960.0,1027,2,0,0,0,0
4230.1,4260.1,OR_D_W_direct,offramp,FW_W,10479,7,,8,960.0,957,3,0,0,0,0
4230.1,4260.1,OR_F_E_signal,offramp,FW_E,10643,9,,3,360.0,702,42,0,0,0,0
4230.1,4260.1,OR_F_E_direct,offramp,FW_E,10682,11,,10,1200.0,1333,4,0,0,0,0
4230.1,4260.1,OR_F_W_signal,offramp,FW_W,10638,19,,3,360.0,766,2,0,0,0,1
4230.1,4260.1,OR_F_W_direct,offramp,FW_W,10645,16,,13,1560.0,1279,2,0,0,0,0
4230.1,4260.1,source_1098,source,FW_E,,,0,66,7920.0,9017,,0,66,0,0
4230.1,4260.1,source_1099,source,FW_W,,,0,27,3240.0,5219,,0,27,0,0
4260.1,4290.1,RM_C10480,ramp,FW_W,10480,,8,5,600.0,185,0,0,0,0,3
4260.1,4290.1,RM_C10482,ramp,FW_W,10482,,10,24,2880.0,2305,32,0,0,0,0
4260.1,4290.1,RM_C10646,ramp,FW_W,10646,,18,4,480.0,349,1,0,0,0,1
4260.1,4290.1,RM_C10644,ramp,FW_W,10644,,22,9,1080.0,547,8,0,0,0,0
4260.1,4290.1,RM_C10639,ramp,FW_E,10639,,10,2,240.0,535,6,0,0,0,0
4260.1,4290.1,RM_C10681,ramp,FW_E,10681,,12,12,1440.0,1089,67,0,0,0,0
4260.1,4290.1,RM_C10490,ramp,FW_E,10490,,21,10,1200.0,851,7,0,0,0,0
4260.1,4290.1,RM_C10484,ramp,FW_E,10484,,23,0,0.0,529,5,0,0,0,0
4260.1,4290.1,OR_D_E_signal,offramp,FW_E,10481,18,,0,0.0,303,0,0,0,0,0
4260.1,4290.1,OR_D_E_direct,offramp,FW_E,10483,20,,18,2160.0,1125,10,0,0,0,0
4260.1,4290.1,OR_D_W_signal,offramp,FW_W,10491,9,,9,1080.0,1036,1,0,0,0,3
4260.1,4290.1,OR_D_W_direct,offramp,FW_W,10479,7,,8,960.0,965,3,0,0,0,0
4260.1,4290.1,OR_F_E_signal,offramp,FW_E,10643,9,,7,840.0,709,47,0,0,0,0
4260.1,4290.1,OR_F_E_direct,offramp,FW_E,10682,11,,11,1320.0,1344,7,0,0,0,0
4260.1,4290.1,OR_F_W_signal,offramp,FW_W,10638,19,,4,480.0,770,1,0,0,0,1
4260.1,4290.1,OR_F_W_direct,offramp,FW_W,10645,16,,5,600.0,1284,0,0,0,0,0
4260.1,4290.1,source_1098,source,FW_E,,,0,70,8400.0,9087,,0,70,0,0
4260.1,4290.1,source_1099,source,FW_W,,,0,40,4800.0,5259,,0,40,0,0
4290.1,4320.1,RM_C10480,ramp,FW_W,10480,,8,1,120.0,186,0,0,0,0,1
4290.1,4320.1,RM_C10482,ramp,FW_W,10482,,10,19,2280.0,2324,31,0,0,0,0
4290.1,4320.1,RM_C10646,ramp,FW_W,10646,,18,1,120.0,350,4,0,0,0,0
4290.1,4320.1,RM_C10644,ramp,FW_W,10644,,22,6,720.0,553,2,0,0,0,0
4290.1,4320.1,RM_C10639,ramp,FW_E,10639,,10,5,600.0,540,2,0,0,0,0
4290.1,4320.1,RM_C10681,ramp,FW_E,10681,,12,10,1200.0,1099,63,0,0,0,0
4290.1,4320.1,RM_C10490,ramp,FW_E,10490,,21,7,840.0,858,7,0,0,0,0
4290.1,4320.1,RM_C10484,ramp,FW_E,10484,,23,4,480.0,533,6,0,0,0,0
4290.1,4320.1,OR_D_E_signal,offramp,FW_E,10481,18,,4,480.0,307,4,0,0,0,0
4290.1,4320.1,OR_D_E_direct,offramp,FW_E,10483,20,,12,1440.0,1137,5,0,0,0,0
4290.1,4320.1,OR_D_W_signal,offramp,FW_W,10491,9,,8,960.0,1044,2,0,0,0,1
4290.1,4320.1,OR_D_W_direct,offramp,FW_W,10479,7,,7,840.0,972,1,0,0,0,0
4290.1,4320.1,OR_F_E_signal,offramp,FW_E,10643,9,,5,600.0,714,44,0,0,0,0
4290.1,4320.1,OR_F_E_direct,offramp,FW_E,10682,11,,8,960.0,1352,4,0,0,0,0
4290.1,4320.1,OR_F_W_signal,offramp,FW_W,10638,19,,6,720.0,776,4,0,0,0,0
4290.1,4320.1,OR_F_W_direct,offramp,FW_W,10645,16,,12,1440.0,1296,9,0,0,0,0
4290.1,4320.1,source_1098,source,FW_E,,,0,67,8040.0,9154,,0,67,0,0
4290.1,4320.1,source_1099,source,FW_W,,,0,34,4080.0,5293,,0,34,0,0
4320.1,4350.1,RM_C10480,ramp,FW_W,10480,,8,1,120.0,187,0,0,0,0,1
4320.1,4350.1,RM_C10482,ramp,FW_W,10482,,10,22,2640.0,2346,31,0,0,0,0
4320.1,4350.1,RM_C10646,ramp,FW_W,10646,,18,2,240.0,352,7,0,0,0,2
4320.1,4350.1,RM_C10644,ramp,FW_W,10644,,22,1,120.0,554,4,0,0,0,0
4320.1,4350.1,RM_C10639,ramp,FW_E,10639,,10,2,240.0,542,1,0,0,0,0
4320.1,4350.1,RM_C10681,ramp,FW_E,10681,,12,12,1440.0,1111,58,0,0,0,0
4320.1,4350.1,RM_C10490,ramp,FW_E,10490,,21,7,840.0,865,9,0,0,0,0
4320.1,4350.1,RM_C10484,ramp,FW_E,10484,,23,6,720.0,539,5,0,0,0,0
4320.1,4350.1,OR_D_E_signal,offramp,FW_E,10481,18,,5,600.0,312,5,0,0,0,0
4320.1,4350.1,OR_D_E_direct,offramp,FW_E,10483,20,,10,1200.0,1147,4,0,0,0,0
4320.1,4350.1,OR_D_W_signal,offramp,FW_W,10491,9,,6,720.0,1050,2,0,0,0,1
4320.1,4350.1,OR_D_W_direct,offramp,FW_W,10479,7,,10,1200.0,982,3,0,0,0,0
4320.1,4350.1,OR_F_E_signal,offramp,FW_E,10643,9,,1,120.0,715,40,0,0,0,0
4320.1,4350.1,OR_F_E_direct,offramp,FW_E,10682,11,,13,1560.0,1365,7,0,0,0,0
4320.1,4350.1,OR_F_W_signal,offramp,FW_W,10638,19,,8,960.0,784,3,0,0,0,2
4320.1,4350.1,OR_F_W_direct,offramp,FW_W,10645,16,,4,480.0,1300,0,0,0,0,0
4320.1,4350.1,source_1098,source,FW_E,,,0,64,7680.0,9218,,0,64,0,0
4320.1,4350.1,source_1099,source,FW_W,,,0,44,5280.0,5337,,0,44,0,0
4350.1,4380.1,RM_C10480,ramp,FW_W,10480,,8,2,240.0,189,1,0,0,0,2
4350.1,4380.1,RM_C10482,ramp,FW_W,10482,,10,25,3000.0,2371,23,0,0,0,0
4350.1,4380.1,RM_C10646,ramp,FW_W,10646,,18,7,840.0,359,5,0,0,0,2
4350.1,4380.1,RM_C10644,ramp,FW_W,10644,,22,1,120.0,555,10,0,0,0,0
4350.1,4380.1,RM_C10639,ramp,FW_E,10639,,10,1,120.0,543,1,0,0,0,0
4350.1,4380.1,RM_C10681,ramp,FW_E,10681,,12,10,1200.0,1121,60,0,0,0,0
4350.1,4380.1,RM_C10490,ramp,FW_E,10490,,21,7,840.0,872,7,0,0,0,0
4350.1,4380.1,RM_C10484,ramp,FW_E,10484,,23,4,480.0,543,3,0,0,0,0
4350.1,4380.1,OR_D_E_signal,offramp,FW_E,10481,18,,1,120.0,313,3,0,0,0,0
4350.1,4380.1,OR_D_E_direct,offramp,FW_E,10483,20,,3,360.0,1150,1,0,0,0,0
4350.1,4380.1,OR_D_W_signal,offramp,FW_W,10491,9,,7,840.0,1057,6,0,0,0,2
4350.1,4380.1,OR_D_W_direct,offramp,FW_W,10479,7,,2,240.0,984,1,0,0,0,0
4350.1,4380.1,OR_F_E_signal,offramp,FW_E,10643,9,,4,480.0,719,38,0,0,0,0
4350.1,4380.1,OR_F_E_direct,offramp,FW_E,10682,11,,15,1800.0,1380,12,0,0,0,0
4350.1,4380.1,OR_F_W_signal,offramp,FW_W,10638,19,,14,1680.0,798,5,0,0,0,2
4350.1,4380.1,OR_F_W_direct,offramp,FW_W,10645,16,,16,1920.0,1316,6,0,0,0,0
4350.1,4380.1,source_1098,source,FW_E,,,0,54,6480.0,9272,,0,54,0,0
4350.1,4380.1,source_1099,source,FW_W,,,0,30,3600.0,5367,,0,30,0,0
4380.1,4410.1,RM_C10480,ramp,FW_W,10480,,8,2,240.0,191,0,0,0,0,2
4380.1,4410.1,RM_C10482,ramp,FW_W,10482,,10,13,1560.0,2384,27,0,0,0,0
4380.1,4410.1,RM_C10646,ramp,FW_W,10646,,18,5,600.0,364,6,0,0,0,1
4380.1,4410.1,RM_C10644,ramp,FW_W,10644,,22,1,120.0,556,11,0,0,0,0
4380.1,4410.1,RM_C10639,ramp,FW_E,10639,,10,0,0.0,543,3,0,0,0,0
4380.1,4410.1,RM_C10681,ramp,FW_E,10681,,12,13,1560.0,1134,61,0,0,0,0
4380.1,4410.1,RM_C10490,ramp,FW_E,10490,,21,9,1080.0,881,6,0,0,0,0
4380.1,4410.1,RM_C10484,ramp,FW_E,10484,,23,2,240.0,545,6,0,0,0,0
4380.1,4410.1,OR_D_E_signal,offramp,FW_E,10481,18,,5,600.0,318,4,0,0,0,0
4380.1,4410.1,OR_D_E_direct,offramp,FW_E,10483,20,,18,2160.0,1168,12,0,0,0,0
4380.1,4410.1,OR_D_W_signal,offramp,FW_W,10491,9,,8,960.0,1065,4,0,0,0,2
4380.1,4410.1,OR_D_W_direct,offramp,FW_W,10479,7,,7,840.0,991,1,0,0,0,0
4380.1,4410.1,OR_F_E_signal,offramp,FW_E,10643,9,,8,960.0,727,43,0,0,0,0
4380.1,4410.1,OR_F_E_direct,offramp,FW_E,10682,11,,14,1680.0,1394,12,0,0,0,0
4380.1,4410.1,OR_F_W_signal,offramp,FW_W,10638,19,,5,600.0,803,2,0,0,0,1
4380.1,4410.1,OR_F_W_direct,offramp,FW_W,10645,16,,9,1080.0,1325,2,0,0,0,0
4380.1,4410.1,source_1098,source,FW_E,,,0,61,7320.0,9333,,0,61,0,0
4380.1,4410.1,source_1099,source,FW_W,,,0,35,4200.0,5402,,0,35,0,0
4410.1,4440.1,RM_C10480,ramp,FW_W,10480,,8,0,0.0,191,2,0,0,0,0
4410.1,4440.1,RM_C10482,ramp,FW_W,10482,,10,18,2160.0,2402,26,0,0,0,0
4410.1,4440.1,RM_C10646,ramp,FW_W,10646,,18,6,720.0,370,0,0,0,0,2
4410.1,4440.1,RM_C10644,ramp,FW_W,10644,,22,0,0.0,556,19,0,0,0,0
4410.1,4440.1,RM_C10639,ramp,FW_E,10639,,10,3,360.0,546,4,0,0,0,0
4410.1,4440.1,RM_C10681,ramp,FW_E,10681,,12,7,840.0,1141,59,0,0,0,0
4410.1,4440.1,RM_C10490,ramp,FW_E,10490,,21,2,240.0,883,14,0,0,0,0
4410.1,4440.1,RM_C10484,ramp,FW_E,10484,,23,3,360.0,548,5,0,0,0,0
4410.1,4440.1,OR_D_E_signal,offramp,FW_E,10481,18,,7,840.0,325,7,0,0,0,0
4410.1,4440.1,OR_D_E_direct,offramp,FW_E,10483,20,,6,720.0,1174,5,0,0,0,0
4410.1,4440.1,OR_D_W_signal,offramp,FW_W,10491,9,,3,360.0,1068,0,0,0,0,0
4410.1,4440.1,OR_D_W_direct,offramp,FW_W,10479,7,,5,600.0,996,1,0,0,0,0
4410.1,4440.1,OR_F_E_signal,offramp,FW_E,10643,9,,5,600.0,732,46,0,0,0,0
4410.1,4440.1,OR_F_E_direct,offramp,FW_E,10682,11,,9,1080.0,1403,7,0,0,0,0
4410.1,4440.1,OR_F_W_signal,offramp,FW_W,10638,19,,14,1680.0,817,4,0,0,0,2
4410.1,4440.1,OR_F_W_direct,offramp,FW_W,10645,16,,5,600.0,1330,3,0,0,0,0
4410.1,4440.1,source_1098,source,FW_E,,,0,59,7080.0,9392,,0,59,0,0
4410.1,4440.1,source_1099,source,FW_W,,,0,40,4800.0,5442,,0,40,0,0
4440.1,4470.1,RM_C10480,ramp,FW_W,10480,,8,3,360.0,194,1,0,0,0,2
4440.1,4470.1,RM_C10482,ramp,FW_W,10482,,10,21,2520.0,2423,23,0,0,0,0
4440.1,4470.1,RM_C10646,ramp,FW_W,10646,,18,0,0.0,370,2,0,0,0,0
4440.1,4470.1,RM_C10644,ramp,FW_W,10644,,22,9,1080.0,565,11,0,0,0,0
4440.1,4470.1,RM_C10639,ramp,FW_E,10639,,10,1,120.0,547,5,0,0,0,0
4440.1,4470.1,RM_C10681,ramp,FW_E,10681,,12,13,1560.0,1154,60,0,0,0,0
4440.1,4470.1,RM_C10490,ramp,FW_E,10490,,21,10,1200.0,893,14,0,0,0,0
4440.1,4470.1,RM_C10484,ramp,FW_E,10484,,23,3,360.0,551,3,0,0,0,0
4440.1,4470.1,OR_D_E_signal,offramp,FW_E,10481,18,,3,360.0,328,4,0,0,0,0
4440.1,4470.1,OR_D_E_direct,offramp,FW_E,10483,20,,12,1440.0,1186,6,0,0,0,0
4440.1,4470.1,OR_D_W_signal,offramp,FW_W,10491,9,,10,1200.0,1078,2,0,0,0,2
4440.1,4470.1,OR_D_W_direct,offramp,FW_W,10479,7,,8,960.0,1004,1,0,0,0,0
4440.1,4470.1,OR_F_E_signal,offramp,FW_E,10643,9,,7,840.0,739,46,0,0,0,0
4440.1,4470.1,OR_F_E_direct,offramp,FW_E,10682,11,,17,2040.0,1420,8,0,0,0,0
4440.1,4470.1,OR_F_W_signal,offramp,FW_W,10638,19,,6,720.0,823,3,0,0,0,0
4440.1,4470.1,OR_F_W_direct,offramp,FW_W,10645,16,,20,2400.0,1350,8,0,0,0,0
4440.1,4470.1,source_1098,source,FW_E,,,0,75,9000.0,9467,,0,75,0,0
4440.1,4470.1,source_1099,source,FW_W,,,0,34,4080.0,5476,,0,34,0,0
4470.1,4500.1,RM_C10480,ramp,FW_W,10480,,8,6,720.0,200,1,0,0,0,5
4470.1,4500.1,RM_C10482,ramp,FW_W,10482,,10,8,960.0,2431,32,0,0,0,0
4470.1,4500.1,RM_C10646,ramp,FW_W,10646,,18,2,240.0,372,7,0,0,0,2
4470.1,4500.1,RM_C10644,ramp,FW_W,10644,,22,0,0.0,565,11,0,0,0,0
4470.1,4500.1,RM_C10639,ramp,FW_E,10639,,10,3,360.0,550,4,0,0,0,0
4470.1,4500.1,RM_C10681,ramp,FW_E,10681,,12,11,1320.0,1165,55,0,0,0,0
4470.1,4500.1,RM_C10490,ramp,FW_E,10490,,21,9,1080.0,902,14,0,0,0,0
4470.1,4500.1,RM_C10484,ramp,FW_E,10484,,23,3,360.0,554,5,0,0,0,0
4470.1,4500.1,OR_D_E_signal,offramp,FW_E,10481,18,,1,120.0,329,1,0,0,0,0
4470.1,4500.1,OR_D_E_direct,offramp,FW_E,10483,20,,3,360.0,1189,0,0,0,0,0
4470.1,4500.1,OR_D_W_signal,offramp,FW_W,10491,9,,10,1200.0,1088,6,0,0,0,5
4470.1,4500.1,OR_D_W_direct,offramp,FW_W,10479,7,,9,1080.0,1013,4,0,0,0,0
4470.1,4500.1,OR_F_E_signal,offramp,FW_E,10643,9,,4,480.0,743,43,0,0,0,0
4470.1,4500.1,OR_F_E_direct,offramp,FW_E,10682,11,,11,1320.0,1431,8,0,0,0,0
4470.1,4500.1,OR_F_W_signal,offramp,FW_W,10638,19,,4,480.0,827,1,0,0,0,2
4470.1,4500.1,OR_F_W_direct,offramp,FW_W,10645,16,,13,1560.0,1363,4,0,0,0,0
4470.1,4500.1,source_1098,source,FW_E,,,0,64,7680.0,9531,,0,64,0,0
4470.1,4500.1,source_1099,source,FW_W,,,0,29,3480.0,5505,,0,29,0,0
4500.1,4530.1,RM_C10480,ramp,FW_W,10480,,8,2,240.0,202,5,0,0,0,2
4500.1,4530.1,RM_C10482,ramp,FW_W,10482,,10,24,2880.0,2455,31,0,0,0,0
4500.1,4530.1,RM_C10646,ramp,FW_W,10646,,18,6,720.0,378,8,0,0,0,3
4500.1,4530.1,RM_C10644,ramp,FW_W,10644,,22,7,840.0,572,10,0,0,0,0
4500.1,4530.1,RM_C10639,ramp,FW_E,10639,,10,4,480.0,554,4,0,0,0,0
4500.1,4530.1,RM_C10681,ramp,FW_E,10681,,12,8,960.0,1173,61,0,0,0,0
4500.1,4530.1,RM_C10490,ramp,FW_E,10490,,21,15,1800.0,917,6,0,0,0,0
4500.1,4530.1,RM_C10484,ramp,FW_E,10484,,23,5,600.0,559,2,0,0,0,0
4500.1,4530.1,OR_D_E_signal,offramp,FW_E,10481,18,,2,240.0,331,3,0,0,0,0
4500.1,4530.1,OR_D_E_direct,offramp,FW_E,10483,20,,10,1200.0,1199,5,0,0,0,0
4500.1,4530.1,OR_D_W_signal,offramp,FW_W,10491,9,,9,1080.0,1097,3,0,0,0,2
4500.1,4530.1,OR_D_W_direct,offramp,FW_W,10479,7,,4,480.0,1017,2,0,0,0,0
4500.1,4530.1,OR_F_E_signal,offramp,FW_E,10643,9,,6,720.0,749,45,0,0,0,0
4500.1,4530.1,OR_F_E_direct,offramp,FW_E,10682,11,,12,1440.0,1443,5,0,0,0,0
4500.1,4530.1,OR_F_W_signal,offramp,FW_W,10638,19,,10,1200.0,837,4,0,0,0,3
4500.1,4530.1,OR_F_W_direct,offramp,FW_W,10645,16,,6,720.0,1369,2,0,0,0,0
4500.1,4530.1,source_1098,source,FW_E,,,0,58,6960.0,9589,,0,58,0,0
4500.1,4530.1,source_1099,source,FW_W,,,0,50,6000.0,5555,,0,50,0,0
4530.1,4560.1,RM_C10480,ramp,FW_W,10480,,8,5,600.0,207,0,0,0,0,5
4530.1,4560.1,RM_C10482,ramp,FW_W,10482,,10,23,2760.0,2478,23,0,0,0,0
4530.1,4560.1,RM_C10646,ramp,FW_W,10646,,18,8,960.0,386,2,0,0,0,2
4530.1,4560.1,RM_C10644,ramp,FW_W,10644,,22,4,480.0,576,9,0,0,0,0
4530.1,4560.1,RM_C10639,ramp,FW_E,10639,,10,4,480.0,558,4,0,0,0,0
4530.1,4560.1,RM_C10681,ramp,FW_E,10681,,12,10,1200.0,1183,61,0,0,0,0
4530.1,4560.1,RM_C10490,ramp,FW_E,10490,,21,5,600.0,922,9,0,0,0,0
4530.1,4560.1,RM_C10484,ramp,FW_E,10484,,23,1,120.0,560,7,0,0,0,0
4530.1,4560.1,OR_D_E_signal,offramp,FW_E,10481,18,,3,360.0,334,3,0,0,0,0
4530.1,4560.1,OR_D_E_direct,offramp,FW_E,10483,20,,9,1080.0,1208,5,0,0,0,0
4530.1,4560.1,OR_D_W_signal,offramp,FW_W,10491,9,,13,1560.0,1110,5,0,0,0,5
4530.1,4560.1,OR_D_W_direct,offramp,FW_W,10479,7,,5,600.0,1022,2,0,0,0,0
4530.1,4560.1,OR_F_E_signal,offramp,FW_E,10643,9,,9,1080.0,758,51,0,0,0,0
4530.1,4560.1,OR_F_E_direct,offramp,FW_E,10682,11,,9,1080.0,1452,4,0,0,0,0
4530.1,4560.1,OR_F_W_signal,offramp,FW_W,10638,19,,9,1080.0,846,3,0,0,0,2
4530.1,4560.1,OR_F_W_direct,offramp,FW_W,10645,16,,8,960.0,1377,2,0,0,0,0
4530.1,4560.1,source_1098,source,FW_E,,,0,71,8520.0,9660,,0,71,0,0
4530.1,4560.1,source_1099,source,FW_W,,,0,33,3960.0,5588,,0,33,0,0
4560.1,4590.1,RM_C10480,ramp,FW_W,10480,,8,1,120.0,208,0,0,0,0,1
4560.1,4590.1,RM_C10482,ramp,FW_W,10482,,10,16,1920.0,2494,25,0,0,0,0
4560.1,4590.1,RM_C10646,ramp,FW_W,10646,,18,2,240.0,388,2,0,0,0,1
4560.1,4590.1,RM_C10644,ramp,FW_W,10644,,22,0,0.0,576,12,0,0,0,0
4560.1,4590.1,RM_C10639,ramp,FW_E,10639,,10,2,240.0,560,4,0,0,0,0
4560.1,4590.1,RM_C10681,ramp,FW_E,10681,,12,11,1320.0,1194,55,0,0,0,0
4560.1,4590.1,RM_C10490,ramp,FW_E,10490,,21,8,960.0,930,6,0,0,0,0
4560.1,4590.1,RM_C10484,ramp,FW_E,10484,,23,4,480.0,564,6,0,0,0,0
4560.1,4590.1,OR_D_E_signal,offramp,FW_E,10481,18,,1,120.0,335,1,0,0,0,0
4560.1,4590.1,OR_D_E_direct,offramp,FW_E,10483,20,,10,1200.0,1218,2,0,0,0,0
4560.1,4590.1,OR_D_W_signal,offramp,FW_W,10491,9,,10,1200.0,1120,3,0,0,0,1
4560.1,4590.1,OR_D_W_direct,offramp,FW_W,10479,7,,4,480.0,1026,1,0,0,0,0
4560.1,4590.1,OR_F_E_signal,offramp,FW_E,10643,9,,8,960.0,766,55,0,0,0,0
4560.1,4590.1,OR_F_E_direct,offramp,FW_E,10682,11,,14,1680.0,1466,7,0,0,0,0
4560.1,4590.1,OR_F_W_signal,offramp,FW_W,10638,19,,4,480.0,850,0,0,0,0,1
4560.1,4590.1,OR_F_W_direct,offramp,FW_W,10645,16,,8,960.0,1385,8,0,0,0,0
4560.1,4590.1,source_1098,source,FW_E,,,0,72,8640.0,9732,,0,72,0,0
4560.1,4590.1,source_1099,source,FW_W,,,0,38,4560.0,5626,,0,38,0,0
4590.1,4620.1,RM_C10480,ramp,FW_W,10480,,8,0,0.0,208,0,0,0,0,0
4590.1,4620.1,RM_C10482,ramp,FW_W,10482,,10,17,2040.0,2511,25,0,0,0,0
4590.1,4620.1,RM_C10646,ramp,FW_W,10646,,18,1,120.0,389,7,0,0,0,0
4590.1,4620.1,RM_C10644,ramp,FW_W,10644,,22,7,840.0,583,10,0,0,0,0
4590.1,4620.1,RM_C10639,ramp,FW_E,10639,,10,4,480.0,564,1,0,0,0,0
4590.1,4620.1,RM_C10681,ramp,FW_E,10681,,12,12,1440.0,1206,55,0,0,0,0
4590.1,4620.1,RM_C10490,ramp,FW_E,10490,,21,6,720.0,936,9,0,0,0,0
4590.1,4620.1,RM_C10484,ramp,FW_E,10484,,23,6,720.0,570,4,0,0,0,0
4590.1,4620.1,OR_D_E_signal,offramp,FW_E,10481,18,,4,480.0,339,3,0,0,0,0
4590.1,4620.1,OR_D_E_direct,offramp,FW_E,10483,20,,8,960.0,1226,5,0,0,0,0
4590.1,4620.1,OR_D_W_signal,offramp,FW_W,10491,9,,8,960.0,1128,5,0,0,0,0
4590.1,4620.1,OR_D_W_direct,offramp,FW_W,10479,7,,7,840.0,1033,2,0,0,0,0
4590.1,4620.1,OR_F_E_signal,offramp,FW_E,10643,9,,4,480.0,770,54,0,0,0,0
4590.1,4620.1,OR_F_E_direct,offramp,FW_E,10682,11,,11,1320.0,1477,8,0,0,0,0
4590.1,4620.1,OR_F_W_signal,offramp,FW_W,10638,19,,2,240.0,852,0,0,0,0,0
4590.1,4620.1,OR_F_W_direct,offramp,FW_W,10645,16,,11,1320.0,1396,2,0,0,0,0
4590.1,4620.1,source_1098,source,FW_E,,,0,73,8760.0,9805,,0,73,0,0
4590.1,4620.1,source_1099,source,FW_W,,,0,46,5520.0,5672,,0,46,0,0
4620.1,4650.1,RM_C10480,ramp,FW_W,10480,,8,0,0.0,208,4,0,0,0,0
4620.1,4650.1,RM_C10482,ramp,FW_W,10482,,10,19,2280.0,2530,30,0,0,0,0
4620.1,4650.1,RM_C10646,ramp,FW_W,10646,,18,7,840.0,396,1,0,0,0,2
4620.1,4650.1,RM_C10644,ramp,FW_W,10644,,22,2,240.0,585,12,0,0,0,0
4620.1,4650.1,RM_C10639,ramp,FW_E,10639,,10,0,0.0,564,8,0,0,0,0
4620.1,4650.1,RM_C10681,ramp,FW_E,10681,,12,7,840.0,1213,58,0,0,0,0
4620.1,4650.1,RM_C10490,ramp,FW_E,10490,,21,9,1080.0,945,8,0,0,0,0
4620.1,4650.1,RM_C10484,ramp,FW_E,10484,,23,2,240.0,572,9,0,0,0,0
4620.1,4650.1,OR_D_E_signal,offramp,FW_E,10481,18,,5,600.0,344,7,0,0,0,0
4620.1,4650.1,OR_D_E_direct,offramp,FW_E,10483,20,,11,1320.0,1237,7,0,0,0,0
4620.1,4650.1,OR_D_W_signal,offramp,FW_W,10491,9,,4,480.0,1132,0,0,0,0,0
4620.1,4650.1,OR_D_W_direct,offramp,FW_W,10479,7,,8,960.0,1041,2,0,0,0,0
4620.1,4650.1,OR_F_E_signal,offramp,FW_E,10643,9,,6,720.0,776,50,0,0,0,0
4620.1,4650.1,OR_F_E_direct,offramp,FW_E,10682,11,,13,1560.0,1490,8,0,0,0,0
4620.1,4650.1,OR_F_W_signal,offramp,FW_W,10638,19,,10,1200.0,862,2,0,0,0,2
4620.1,4650.1,OR_F_W_direct,offramp,FW_W,10645,16,,13,1560.0,1409,2,0,0,0,0
4620.1,4650.1,source_1098,source,FW_E,,,0,66,7920.0,9871,,0,66,0,0
4620.1,4650.1,source_1099,source,FW_W,,,0,49,5880.0,5721,,0,49,0,0
4650.1,4680.1,RM_C10480,ramp,FW_W,10480,,8,4,480.0,212,0,0,0,0,3
4650.1,4680.1,RM_C10482,ramp,FW_W,10482,,10,16,1920.0,2546,33,0,0,0,0
4650.1,4680.1,RM_C10646,ramp,FW_W,10646,,18,1,120.0,397,4,0,0,0,0
4650.1,4680.1,RM_C10644,ramp,FW_W,10644,,22,4,480.0,589,10,0,0,0,0
4650.1,4680.1,RM_C10639,ramp,FW_E,10639,,10,6,720.0,570,5,0,0,0,0
4650.1,4680.1,RM_C10681,ramp,FW_E,10681,,12,5,600.0,1218,62,0,0,0,0
4650.1,4680.1,RM_C10490,ramp,FW_E,10490,,21,8,960.0,953,3,0,0,0,0
4650.1,4680.1,RM_C10484,ramp,FW_E,10484,,23,7,840.0,579,4,0,0,0,0
4650.1,4680.1,OR_D_E_signal,offramp,FW_E,10481,18,,3,360.0,347,9,0,0,0,0
4650.1,4680.1,OR_D_E_direct,offramp,FW_E,10483,20,,1,120.0,1238,0,0,0,0,0
4650.1,4680.1,OR_D_W_signal,offramp,FW_W,10491,9,,9,1080.0,1141,2,0,0,0,3
4650.1,4680.1,OR_D_W_direct,offramp,FW_W,10479,7,,10,1200.0,1051,3,0,0,0,0
4650.1,4680.1,OR_F_E_signal,offramp,FW_E,10643,9,,3,360.0,779,44,0,0,0,0
4650.1,4680.1,OR_F_E_direct,offramp,FW_E,10682,11,,11,1320.0,1501,4,0,0,0,0
4650.1,4680.1,OR_F_W_signal,offramp,FW_W,10638,19,,9,1080.0,871,2,0,0,0,0
4650.1,4680.1,OR_F_W_direct,offramp,FW_W,10645,16,,9,1080.0,1418,2,0,0,0,0
4650.1,4680.1,source_1098,source,FW_E,,,0,56,6720.0,9927,,0,56,0,0
4650.1,4680.1,source_1099,source,FW_W,,,0,26,3120.0,5747,,0,26,0,0
4680.1,4710.1,RM_C10480,ramp,FW_W,10480,,8,0,0.0,212,0,0,0,0,0
4680.1,4710.1,RM_C10482,ramp,FW_W,10482,,10,27,3240.0,2573,25,0,0,0,0
4680.1,4710.1,RM_C10646,ramp,FW_W,10646,,18,3,360.0,400,5,0,0,0,2
4680.1,4710.1,RM_C10644,ramp,FW_W,10644,,22,4,480.0,593,10,0,0,0,0
4680.1,4710.1,RM_C10639,ramp,FW_E,10639,,10,5,600.0,575,1,0,0,0,0
4680.1,4710.1,RM_C10681,ramp,FW_E,10681,,12,14,1680.0,1232,58,0,0,0,0
4680.1,4710.1,RM_C10490,ramp,FW_E,10490,,21,3,360.0,956,5,0,0,0,0
4680.1,4710.1,RM_C10484,ramp,FW_E,10484,,23,3,360.0,582,8,0,0,0,0
4680.1,4710.1,OR_D_E_signal,offramp,FW_E,10481,18,,2,240.0,349,5,0,0,0,0
4680.1,4710.1,OR_D_E_direct,offramp,FW_E,10483,20,,16,1920.0,1254,13,0,0,0,0
4680.1,4710.1,OR_D_W_signal,offramp,FW_W,10491,9,,7,840.0,1148,3,0,0,0,0
4680.1,4710.1,OR_D_W_direct,offramp,FW_W,10479,7,,6,720.0,1057,2,0,0,0,0
4680.1,4710.1,OR_F_E_signal,offramp,FW_E,10643,9,,7,840.0,786,39,0,0,0,0
4680.1,4710.1,OR_F_E_direct,offramp,FW_E,10682,11,,10,1200.0,1511,7,0,0,0,0
4680.1,4710.1,OR_F_W_signal,offramp,FW_W,10638,19,,8,960.0,879,4,0,0,0,2
4680.1,4710.1,OR_F_W_direct,offramp,FW_W,10645,16,,10,1200.0,1428,4,0,0,0,0
4680.1,4710.1,source_1098,source,FW_E,,,0,69,8280.0,9996,,0,69,0,0
4680.1,4710.1,source_1099,source,FW_W,,,0,38,4560.0,5785,,0,38,0,0
4710.1,4740.1,RM_C10480,ramp,FW_W,10480,,8,0,0.0,212,0,0,0,0,0
4710.1,4740.1,RM_C10482,ramp,FW_W,10482,,10,16,1920.0,2589,16,0,0,0,0
4710.1,4740.1,RM_C10646,ramp,FW_W,10646,,18,5,600.0,405,2,0,0,0,3
4710.1,4740.1,RM_C10644,ramp,FW_W,10644,,22,4,480.0,597,8,0,0,0,0
4710.1,4740.1,RM_C10639,ramp,FW_E,10639,,10,0,0.0,575,3,0,0,0,0
4710.1,4740.1,RM_C10681,ramp,FW_E,10681,,12,9,1080.0,1241,55,0,0,0,0
4710.1,4740.1,RM_C10490,ramp,FW_E,10490,,21,5,600.0,961,7,0,0,0,0
4710.1,4740.1,RM_C10484,ramp,FW_E,10484,,23,5,600.0,587,5,0,0,0,0
4710.1,4740.1,OR_D_E_signal,offramp,FW_E,10481,18,,4,480.0,353,6,0,0,0,0
4710.1,4740.1,OR_D_E_direct,offramp,FW_E,10483,20,,9,1080.0,1263,6,0,0,0,0
4710.1,4740.1,OR_D_W_signal,offramp,FW_W,10491,9,,6,720.0,1154,3,0,0,0,0
4710.1,4740.1,OR_D_W_direct,offramp,FW_W,10479,7,,7,840.0,1064,2,0,0,0,0
4710.1,4740.1,OR_F_E_signal,offramp,FW_E,10643,9,,3,360.0,789,40,0,0,0,0
4710.1,4740.1,OR_F_E_direct,offramp,FW_E,10682,11,,15,1800.0,1526,8,0,0,0,0
4710.1,4740.1,OR_F_W_signal,offramp,FW_W,10638,19,,6,720.0,885,1,0,0,0,3
4710.1,4740.1,OR_F_W_direct,offramp,FW_W,10645,16,,9,1080.0,1437,1,0,0,0,0
4710.1,4740.1,source_1098,source,FW_E,,,0,65,7800.0,10061,,0,65,0,0
4710.1,4740.1,source_1099,source,FW_W,,,0,24,2880.0,5809,,0,24,0,0
4740.1,4770.1,RM_C10480,ramp,FW_W,10480,,8,0,0.0,212,1,0,0,0,0
4740.1,4770.1,RM_C10482,ramp,FW_W,10482,,10,14,1680.0,2603,18,0,0,0,0
4740.1,4770.1,RM_C10646,ramp,FW_W,10646,,18,2,240.0,407,2,0,0,0,1
4740.1,4770.1,RM_C10644,ramp,FW_W,10644,,22,3,360.0,600,5,0,0,0,0
4740.1,4770.1,RM_C10639,ramp,FW_E,10639,,10,3,360.0,578,1,0,0,0,0
4740.1,4770.1,RM_C10681,ramp,FW_E,10681,,12,12,1440.0,1253,54,0,0,0,0
4740.1,4770.1,RM_C10490,ramp,FW_E,10490,,21,7,840.0,968,2,0,0,0,0
4740.1,4770.1,RM_C10484,ramp,FW_E,10484,,23,4,480.0,591,3,0,0,0,0
4740.1,4770.1,OR_D_E_signal,offramp,FW_E,10481,18,,0,0.0,353,1,0,0,0,0
4740.1,4770.1,OR_D_E_direct,offramp,FW_E,10483,20,,13,1560.0,1276,9,0,0,0,0
4740.1,4770.1,OR_D_W_signal,offramp,FW_W,10491,9,,6,720.0,1160,3,0,0,0,0
4740.1,4770.1,OR_D_W_direct,offramp,FW_W,10479,7,,5,600.0,1069,1,0,0,0,0
4740.1,4770.1,OR_F_E_signal,offramp,FW_E,10643,9,,4,480.0,793,38,0,0,0,0
4740.1,4770.1,OR_F_E_direct,offramp,FW_E,10682,11,,23,2760.0,1549,12,0,0,0,0
4740.1,4770.1,OR_F_W_signal,offramp,FW_W,10638,19,,5,600.0,890,1,0,0,0,1
4740.1,4770.1,OR_F_W_direct,offramp,FW_W,10645,16,,16,1920.0,1453,8,0,0,0,0
4740.1,4770.1,source_1098,source,FW_E,,,0,66,7920.0,10127,,0,66,0,0
4740.1,4770.1,source_1099,source,FW_W,,,0,45,5400.0,5854,,0,45,0,0
4770.1,4800.1,RM_C10480,ramp,FW_W,10480,,8,3,360.0,215,0,0,0,0,3
4770.1,4800.1,RM_C10482,ramp,FW_W,10482,,10,10,1200.0,2613,26,0,0,0,0
4770.1,4800.1,RM_C10646,ramp,FW_W,10646,,18,2,240.0,409,6,0,0,0,0
4770.1,4800.1,RM_C10644,ramp,FW_W,10644,,22,3,360.0,603,7,0,0,0,0
4770.1,4800.1,RM_C10639,ramp,FW_E,10639,,10,1,120.0,579,0,0,0,0,0
4770.1,4800.1,RM_C10681,ramp,FW_E,10681,,12,6,720.0,1259,59,0,0,0,0
4770.1,4800.1,RM_C10490,ramp,FW_E,10490,,21,2,240.0,970,4,0,0,0,0
4770.1,4800.1,RM_C10484,ramp,FW_E,10484,,23,3,360.0,594,8,0,0,0,0
4770.1,4800.1,OR_D_E_signal,offramp,FW_E,10481,18,,0,0.0,353,1,0,0,0,0
4770.1,4800.1,OR_D_E_direct,offramp,FW_E,10483,20,,6,720.0,1282,5,0,0,0,0
4770.1,4800.1,OR_D_W_signal,offramp,FW_W,10491,9,,13,1560.0,1173,5,0,0,0,3
4770.1,4800.1,OR_D_W_direct,offramp,FW_W,10479,7,,3,360.0,1072,1,0,0,0,0
4770.1,4800.1,OR_F_E_signal,offramp,FW_E,10643,9,,8,960.0,801,37,0,0,0,0
4770.1,4800.1,OR_F_E_direct,offramp,FW_E,10682,11,,12,1440.0,1561,9,0,0,0,0
4770.1,4800.1,OR_F_W_signal,offramp,FW_W,10638,19,,6,720.0,896,1,0,0,0,0
4770.1,4800.1,OR_F_W_direct,offramp,FW_W,10645,16,,11,1320.0,1464,3,0,0,0,0
4770.1,4800.1,source_1098,source,FW_E,,,0,63,7560.0,10190,,0,63,0,0
4770.1,4800.1,source_1099,source,FW_W,,,0,56,6720.0,5910,,0,56,0,0
4800.1,4830.1,RM_C10480,ramp,FW_W,10480,,8,1,120.0,216,0,0,0,0,1
4800.1,4830.1,RM_C10482,ramp,FW_W,10482,,10,16,1920.0,2629,18,0,0,0,0
4800.1,4830.1,RM_C10646,ramp,FW_W,10646,,18,7,840.0,416,3,0,0,0,2
4800.1,4830.1,RM_C10644,ramp,FW_W,10644,,22,2,240.0,605,8,0,0,0,0
4800.1,4830.1,RM_C10639,ramp,FW_E,10639,,10,0,0.0,579,3,0,0,0,0
4800.1,4830.1,RM_C10681,ramp,FW_E,10681,,12,9,1080.0,1268,64,0,0,0,0
4800.1,4830.1,RM_C10490,ramp,FW_E,10490,,21,3,360.0,973,3,0,0,0,0
4800.1,4830.1,RM_C10484,ramp,FW_E,10484,,23,4,480.0,598,8,0,0,0,0
4800.1,4830.1,OR_D_E_signal,offramp,FW_E,10481,18,,7,840.0,360,8,0,0,0,0
4800.1,4830.1,OR_D_E_direct,offramp,FW_E,10483,20,,9,1080.0,1291,5,0,0,0,0
4800.1,4830.1,OR_D_W_signal,offramp,FW_W,10491,9,,7,840.0,1180,3,0,0,0,1
4800.1,4830.1,OR_D_W_direct,offramp,FW_W,10479,7,,8,960.0,1080,1,0,0,0,0
4800.1,4830.1,OR_F_E_signal,offramp,FW_E,10643,9,,6,720.0,807,34,0,0,0,0
4800.1,4830.1,OR_F_E_direct,offramp,FW_E,10682,11,,14,1680.0,1575,4,0,0,0,0
4800.1,4830.1,OR_F_W_signal,offramp,FW_W,10638,19,,10,1200.0,906,5,0,0,0,2
4800.1,4830.1,OR_F_W_direct,offramp,FW_W,10645,16,,13,1560.0,1477,5,0,0,0,0
4800.1,4830.1,source_1098,source,FW_E,,,0,57,6840.0,10247,,0,57,0,0
4800.1,4830.1,source_1099,source,FW_W,,,0,36,4320.0,5946,,0,36,0,0
4830.1,4860.1,RM_C10480,ramp,FW_W,10480,,8,1,120.0,217,0,0,0,0,1
4830.1,4860.1,RM_C10482,ramp,FW_W,10482,,10,15,1800.0,2644,15,0,0,0,0
4830.1,4860.1,RM_C10646,ramp,FW_W,10646,,18,2,240.0,418,2,0,0,0,1
4830.1,4860.1,RM_C10644,ramp,FW_W,10644,,22,0,0.0,605,8,0,0,0,0
4830.1,4860.1,RM_C10639,ramp,FW_E,10639,,10,0,0.0,579,5,0,0,0,0
4830.1,4860.1,RM_C10681,ramp,FW_E,10681,,12,13,1560.0,1281,61,0,0,0,0
4830.1,4860.1,RM_C10490,ramp,FW_E,10490,,21,3,360.0,976,0,0,0,0,0
4830.1,4860.1,RM_C10484,ramp,FW_E,10484,,23,6,720.0,604,3,0,0,0,0
4830.1,4860.1,OR_D_E_signal,offramp,FW_E,10481,18,,3,360.0,363,4,0,0,0,0
4830.1,4860.1,OR_D_E_direct,offramp,FW_E,10483,20,,8,960.0,1299,3,0,0,0,0
4830.1,4860.1,OR_D_W_signal,offramp,FW_W,10491,9,,8,960.0,1188,4,0,0,0,1
4830.1,4860.1,OR_D_W_direct,offramp,FW_W,10479,7,,10,1200.0,1090,3,0,0,0,0
4830.1,4860.1,OR_F_E_signal,offramp,FW_E,10643,9,,1,120.0,808,28,0,0,0,0
4830.1,4860.1,OR_F_E_direct,offramp,FW_E,10682,11,,9,1080.0,1584,3,0,0,0,0
4830.1,4860.1,OR_F_W_signal,offramp,FW_W,10638,19,,5,600.0,911,3,0,0,0,1
4830.1,4860.1,OR_F_W_direct,offramp,FW_W,10645,16,,8,960.0,1485,5,0,0,0,0
4830.1,4860.1,source_1098,source,FW_E,,,0,65,7800.0,10312,,0,65,0,0
4830.1,4860.1,source_1099,source,FW_W,,,0,40,4800.0,5986,,0,40,0,0
4860.1,4890.1,RM_C10480,ramp,FW_W,10480,,8,0,0.0,217,1,0,0,0,0
4860.1,4890.1,RM_C10482,ramp,FW_W,10482,,10,3,360.0,2647,23,0,0,0,0
4860.1,4890.1,RM_C10646,ramp,FW_W,10646,,18,2,240.0,420,0,0,0,0,0
4860.1,4890.1,RM_C10644,ramp,FW_W,10644,,22,5,600.0,610,5,0,0,0,0
4860.1,4890.1,RM_C10639,ramp,FW_E,10639,,10,5,600.0,584,0,0,0,0,0
4860.1,4890.1,RM_C10681,ramp,FW_E,10681,,12,12,1440.0,1293,55,0,0,0,0
4860.1,4890.1,RM_C10490,ramp,FW_E,10490,,21,0,0.0,976,0,0,0,0,0
4860.1,4890.1,RM_C10484,ramp,FW_E,10484,,23,3,360.0,607,2,0,0,0,0
4860.1,4890.1,OR_D_E_signal,offramp,FW_E,10481,18,,2,240.0,365,3,0,0,0,0
4860.1,4890.1,OR_D_E_direct,offramp,FW_E,10483,20,,6,720.0,1305,4,0,0,0,0
4860.1,4890.1,OR_D_W_signal,offramp,FW_W,10491,9,,5,600.0,1193,2,0,0,0,0
4860.1,4890.1,OR_D_W_direct,offramp,FW_W,10479,7,,6,720.0,1096,2,0,0,0,0
4860.1,4890.1,OR_F_E_signal,offramp,FW_E,10643,9,,4,480.0,812,32,0,0,0,0
4860.1,4890.1,OR_F_E_direct,offramp,FW_E,10682,11,,15,1800.0,1599,7,0,0,0,0
4860.1,4890.1,OR_F_W_signal,offramp,FW_W,10638,19,,6,720.0,917,3,0,0,0,0
4860.1,4890.1,OR_F_W_direct,offramp,FW_W,10645,16,,9,1080.0,1494,2,0,0,0,0
4860.1,4890.1,source_1098,source,FW_E,,,0,72,8640.0,10384,,0,72,0,0
4860.1,4890.1,source_1099,source,FW_W,,,0,20,2400.0,6006,,0,20,0,0
4890.1,4920.1,RM_C10480,ramp,FW_W,10480,,8,1,120.0,218,0,0,0,0,1
4890.1,4920.1,RM_C10482,ramp,FW_W,10482,,10,19,2280.0,2666,15,0,0,0,0
4890.1,4920.1,RM_C10646,ramp,FW_W,10646,,18,0,0.0,420,5,0,0,0,0
4890.1,4920.1,RM_C10644,ramp,FW_W,10644,,22,3,360.0,613,5,0,0,0,0
4890.1,4920.1,RM_C10639,ramp,FW_E,10639,,10,0,0.0,584,3,0,0,0,0
4890.1,4920.1,RM_C10681,ramp,FW_E,10681,,12,12,1440.0,1305,51,0,0,0,0
4890.1,4920.1,RM_C10490,ramp,FW_E,10490,,21,0,0.0,976,0,0,0,0,0
4890.1,4920.1,RM_C10484,ramp,FW_E,10484,,23,1,120.0,608,9,0,0,0,0
4890.1,4920.1,OR_D_E_signal,offramp,FW_E,10481,18,,8,960.0,373,7,0,0,0,0
4890.1,4920.1,OR_D_E_direct,offramp,FW_E,10483,20,,13,1560.0,1318,3,0,0,0,0
4890.1,4920.1,OR_D_W_signal,offramp,FW_W,10491,9,,4,480.0,1197,1,0,0,0,1
4890.1,4920.1,OR_D_W_direct,offramp,FW_W,10479,7,,12,1440.0,1108,5,0,0,0,0
4890.1,4920.1,OR_F_E_signal,offramp,FW_E,10643,9,,8,960.0,820,38,0,0,0,0
4890.1,4920.1,OR_F_E_direct,offramp,FW_E,10682,11,,16,1920.0,1615,10,0,0,0,0
4890.1,4920.1,OR_F_W_signal,offramp,FW_W,10638,19,,2,240.0,919,0,0,0,0,0
4890.1,4920.1,OR_F_W_direct,offramp,FW_W,10645,16,,12,1440.0,1506,3,0,0,0,0
4890.1,4920.1,source_1098,source,FW_E,,,0,68,8160.0,10452,,0,68,0,0
4890.1,4920.1,source_1099,source,FW_W,,,0,32,3840.0,6038,,0,32,0,0
4920.1,4950.1,RM_C10480,ramp,FW_W,10480,,8,1,120.0,219,0,0,0,0,0
4920.1,4950.1,RM_C10482,ramp,FW_W,10482,,10,9,1080.0,2675,17,0,0,0,0
4920.1,4950.1,RM_C10646,ramp,FW_W,10646,,18,5,600.0,425,5,0,0,0,1
4920.1,4950.1,RM_C10644,ramp,FW_W,10644,,22,0,0.0,613,13,0,0,0,0
4920.1,4950.1,RM_C10639,ramp,FW_E,10639,,10,1,120.0,585,5,0,0,0,0
4920.1,4950.1,RM_C10681,ramp,FW_E,10681,,12,8,960.0,1313,56,0,0,0,0
4920.1,4950.1,RM_C10490,ramp,FW_E,10490,,21,0,0.0,976,6,0,0,0,0
4920.1,4950.1,RM_C10484,ramp,FW_E,10484,,23,5,600.0,613,13,0,0,0,0
4920.1,4950.1,OR_D_E_signal,offramp,FW_E,10481,18,,0,0.0,373,3,0,0,0,0
4920.1,4950.1,OR_D_E_direct,offramp,FW_E,10483,20,,11,1320.0,1329,1,0,0,0,0
4920.1,4950.1,OR_D_W_signal,offramp,FW_W,10491,9,,7,840.0,1204,6,0,0,0,0
4920.1,4950.1,OR_D_W_direct,offramp,FW_W,10479,7,,3,360.0,1111,1,0,0,0,0
4920.1,4950.1,OR_F_E_signal,offramp,FW_E,10643,9,,7,840.0,827,43,0,0,0,0
4920.1,4950.1,OR_F_E_direct,offramp,FW_E,10682,11,,13,1560.0,1628,7,0,0,0,0
4920.1,4950.1,OR_F_W_signal,offramp,FW_W,10638,19,,3,360.0,922,1,0,0,0,1
4920.1,4950.1,OR_F_W_direct,offramp,FW_W,10645,16,,8,960.0,1514,2,0,0,0,0
4920.1,4950.1,source_1098,source,FW_E,,,0,59,7080.0,10511,,0,59,0,0
4920.1,4950.1,source_1099,source,FW_W,,,0,48,5760.0,6086,,0,48,0,0
4950.1,4980.1,RM_C10480,ramp,FW_W,10480,,8,0,0.0,219,1,0,0,0,0
4950.1,4980.1,RM_C10482,ramp,FW_W,10482,,10,13,1560.0,2688,10,0,0,0,0
4950.1,4980.1,RM_C10646,ramp,FW_W,10646,,18,5,600.0,430,6,0,0,0,2
4950.1,4980.1,RM_C10644,ramp,FW_W,10644,,22,0,0.0,613,17,0,0,0,0
4950.1,4980.1,RM_C10639,ramp,FW_E,10639,,10,5,600.0,590,2,0,0,0,0
4950.1,4980.1,RM_C10681,ramp,FW_E,10681,,12,7,840.0,1320,67,0,0,0,0
4950.1,4980.1,RM_C10490,ramp,FW_E,10490,,21,6,720.0,982,0,0,0,0,0
4950.1,4980.1,RM_C10484,ramp,FW_E,10484,,23,7,840.0,620,10,0,0,0,0
4950.1,4980.1,OR_D_E_signal,offramp,FW_E,10481,18,,6,720.0,379,9,0,0,0,0
4950.1,4980.1,OR_D_E_direct,offramp,FW_E,10483,20,,10,1200.0,1339,5,0,0,0,0
4950.1,4980.1,OR_D_W_signal,offramp,FW_W,10491,9,,7,840.0,1211,2,0,0,0,0
4950.1,4980.1,OR_D_W_direct,offramp,FW_W,10479,7,,8,960.0,1119,2,0,0,0,0
4950.1,4980.1,OR_F_E_signal,offramp,FW_E,10643,9,,7,840.0,834,42,0,0,0,0
4950.1,4980.1,OR_F_E_direct,offramp,FW_E,10682,11,,11,1320.0,1639,5,0,0,0,0
4950.1,4980.1,OR_F_W_signal,offramp,FW_W,10638,19,,8,960.0,930,3,0,0,0,2
4950.1,4980.1,OR_F_W_direct,offramp,FW_W,10645,16,,5,600.0,1519,5,0,0,0,0
4950.1,4980.1,source_1098,source,FW_E,,,0,69,8280.0,10580,,0,69,0,0
4950.1,4980.1,source_1099,source,FW_W,,,0,29,3480.0,6115,,0,29,0,0
4980.1,5010.1,RM_C10480,ramp,FW_W,10480,,8,1,120.0,220,0,0,0,0,1
4980.1,5010.1,RM_C10482,ramp,FW_W,10482,,10,7,840.0,2695,10,0,0,0,0
4980.1,5010.1,RM_C10646,ramp,FW_W,10646,,18,6,720.0,436,0,0,0,0,2
4980.1,5010.1,RM_C10644,ramp,FW_W,10644,,22,5,600.0,618,14,0,0,0,0
4980.1,5010.1,RM_C10639,ramp,FW_E,10639,,10,0,0.0,590,7,0,0,0,0
4980.1,5010.1,RM_C10681,ramp,FW_E,10681,,12,12,1440.0,1332,61,0,0,0,0
4980.1,5010.1,RM_C10490,ramp,FW_E,10490,,21,0,0.0,982,0,0,0,0,0
4980.1,5010.1,RM_C10484,ramp,FW_E,10484,,23,6,720.0,626,12,0,0,0,0
4980.1,5010.1,OR_D_E_signal,offramp,FW_E,10481,18,,1,120.0,380,1,0,0,0,0
4980.1,5010.1,OR_D_E_direct,offramp,FW_E,10483,20,,12,1440.0,1351,8,0,0,0,0
4980.1,5010.1,OR_D_W_signal,offramp,FW_W,10491,9,,8,960.0,1219,1,0,0,0,1
4980.1,5010.1,OR_D_W_direct,offramp,FW_W,10479,7,,7,840.0,1126,2,0,0,0,0
4980.1,5010.1,OR_F_E_signal,offramp,FW_E,10643,9,,2,240.0,836,40,0,0,0,0
4980.1,5010.1,OR_F_E_direct,offramp,FW_E,10682,11,,15,1800.0,1654,7,0,0,0,0
4980.1,5010.1,OR_F_W_signal,offramp,FW_W,10638,19,,7,840.0,937,4,0,0,0,2
4980.1,5010.1,OR_F_W_direct,offramp,FW_W,10645,16,,13,1560.0,1532,9,0,0,0,0
4980.1,5010.1,source_1098,source,FW_E,,,0,66,7920.0,10646,,0,66,0,0
4980.1,5010.1,source_1099,source,FW_W,,,0,39,4680.0,6154,,0,39,0,0
5010.1,5040.1,RM_C10480,ramp,FW_W,10480,,8,1,120.0,221,0,0,0,0,1
5010.1,5040.1,RM_C10482,ramp,FW_W,10482,,10,9,1080.0,2704,9,0,0,0,0
5010.1,5040.1,RM_C10646,ramp,FW_W,10646,,18,0,0.0,436,2,0,0,0,0
5010.1,5040.1,RM_C10644,ramp,FW_W,10644,,22,2,240.0,620,15,0,0,0,0
5010.1,5040.1,RM_C10639,ramp,FW_E,10639,,10,6,720.0,596,4,0,0,0,0
5010.1,5040.1,RM_C10681,ramp,FW_E,10681,,12,15,1800.0,1347,56,0,0,0,0
5010.1,5040.1,RM_C10490,ramp,FW_E,10490,,21,0,0.0,982,0,0,0,0,0
5010.1,5040.1,RM_C10484,ramp,FW_E,10484,,23,4,480.0,630,9,0,0,0,0
5010.1,5040.1,OR_D_E_signal,offramp,FW_E,10481,18,,2,240.0,382,2,0,0,0,0
5010.1,5040.1,OR_D_E_direct,offramp,FW_E,10483,20,,3,360.0,1354,3,0,0,0,0
5010.1,5040.1,OR_D_W_signal,offramp,FW_W,10491,9,,11,1320.0,1230,7,0,0,0,1
5010.1,5040.1,OR_D_W_direct,offramp,FW_W,10479,7,,6,720.0,1132,3,0,0,0,0
5010.1,5040.1,OR_F_E_signal,offramp,FW_E,10643,9,,6,720.0,842,46,0,0,0,0
5010.1,5040.1,OR_F_E_direct,offramp,FW_E,10682,11,,8,960.0,1662,1,0,0,0,0
5010.1,5040.1,OR_F_W_signal,offramp,FW_W,10638,19,,4,480.0,941,0,0,0,0,0
5010.1,5040.1,OR_F_W_direct,offramp,FW_W,10645,16,,8,960.0,1540,1,0,0,0,0
5010.1,5040.1,source_1098,source,FW_E,,,0,61,7320.0,10707,,0,61,0,0
5010.1,5040.1,source_1099,source,FW_W,,,0,48,5760.0,6202,,0,48,0,0
5040.1,5070.1,RM_C10480,ramp,FW_W,10480,,8,0,0.0,221,0,0,0,0,0
5040.1,5070.1,RM_C10482,ramp,FW_W,10482,,10,6,720.0,2710,9,0,0,0,0
5040.1,5070.1,RM_C10646,ramp,FW_W,10646,,18,1,120.0,437,5,0,0,0,0
5040.1,5070.1,RM_C10644,ramp,FW_W,10644,,22,10,1200.0,630,5,0,0,0,0
5040.1,5070.1,RM_C10639,ramp,FW_E,10639,,10,4,480.0,600,0,0,0,0,0
5040.1,5070.1,RM_C10681,ramp,FW_E,10681,,12,11,1320.0,1358,57,0,0,0,0
5040.1,5070.1,RM_C10490,ramp,FW_E,10490,,21,0,0.0,982,6,0,0,0,0
5040.1,5070.1,RM_C10484,ramp,FW_E,10484,,23,6,720.0,636,11,0,0,0,0
5040.1,5070.1,OR_D_E_signal,offramp,FW_E,10481,18,,1,120.0,383,1,0,0,0,0
5040.1,5070.1,OR_D_E_direct,offramp,FW_E,10483,20,,12,1440.0,1366,7,0,0,0,0
5040.1,5070.1,OR_D_W_signal,offramp,FW_W,10491,9,,4,480.0,1234,7,0,0,0,0
5040.1,5070.1,OR_D_W_direct,offramp,FW_W,10479,7,,9,1080.0,1141,3,0,0,0,0
5040.1,5070.1,OR_F_E_signal,offramp,FW_E,10643,9,,7,840.0,849,50,0,0,0,0
5040.1,5070.1,OR_F_E_direct,offramp,FW_E,10682,11,,9,1080.0,1671,4,0,0,0,0
5040.1,5070.1,OR_F_W_signal,offramp,FW_W,10638,19,,3,360.0,944,1,0,0,0,0
5040.1,5070.1,OR_F_W_direct,offramp,FW_W,10645,16,,5,600.0,1545,3,0,0,0,0
5040.1,5070.1,source_1098,source,FW_E,,,0,71,8520.0,10778,,0,71,0,0
5040.1,5070.1,source_1099,source,FW_W,,,0,23,2760.0,6225,,0,23,0,0
5070.1,5100.1,RM_C10480,ramp,FW_W,10480,,8,0,0.0,221,4,0,0,0,0
5070.1,5100.1,RM_C10482,ramp,FW_W,10482,,10,8,960.0,2718,9,0,0,0,0
5070.1,5100.1,RM_C10646,ramp,FW_W,10646,,18,5,600.0,442,2,0,0,0,3
5070.1,5100.1,RM_C10644,ramp,FW_W,10644,,22,2,240.0,632,3,0,0,0,0
5070.1,5100.1,RM_C10639,ramp,FW_E,10639,,10,0,0.0,600,7,0,0,0,0
5070.1,5100.1,RM_C10681,ramp,FW_E,10681,,12,7,840.0,1365,59,0,0,0,0
5070.1,5100.1,RM_C10490,ramp,FW_E,10490,,21,6,720.0,988,4,0,0,0,0
5070.1,5100.1,RM_C10484,ramp,FW_E,10484,,23,7,840.0,643,8,0,0,0,0
5070.1,5100.1,OR_D_E_signal,offramp,FW_E,10481,18,,4,480.0,387,4,0,0,0,0
5070.1,5100.1,OR_D_E_direct,offramp,FW_E,10483,20,,7,840.0,1373,5,0,0,0,0
5070.1,5100.1,OR_D_W_signal,offramp,FW_W,10491,9,,6,720.0,1240,6,0,0,0,0
5070.1,5100.1,OR_D_W_direct,offramp,FW_W,10479,7,,5,600.0,1146,2,0,0,0,0
5070.1,5100.1,OR_F_E_signal,offramp,FW_E,10643,9,,2,240.0,851,44,0,0,0,0
5070.1,5100.1,OR_F_E_direct,offramp,FW_E,10682,11,,14,1680.0,1685,9,0,0,0,0
5070.1,5100.1,OR_F_W_signal,offramp,FW_W,10638,19,,9,1080.0,953,2,0,0,0,3
5070.1,5100.1,OR_F_W_direct,offramp,FW_W,10645,16,,8,960.0,1553,1,0,0,0,0
5070.1,5100.1,source_1098,source,FW_E,,,0,57,6840.0,10835,,0,57,0,0
5070.1,5100.1,source_1099,source,FW_W,,,0,24,2880.0,6249,,0,24,0,0
5100.1,5130.1,RM_C10480,ramp,FW_W,10480,,8,6,720.0,227,2,0,0,0,3
5100.1,5130.1,RM_C10482,ramp,FW_W,10482,,10,3,360.0,2721,18,0,0,0,0
5100.1,5130.1,RM_C10646,ramp,FW_W,10646,,18,0,0.0,442,7,0,0,0,0
5100.1,5130.1,RM_C10644,ramp,FW_W,10644,,22,3,360.0,635,2,0,0,0,0
5100.1,5130.1,RM_C10639,ramp,FW_E,10639,,10,5,600.0,605,2,0,0,0,0
5100.1,5130.1,RM_C10681,ramp,FW_E,10681,,12,10,1200.0,1375,52,0,0,0,0
5100.1,5130.1,RM_C10490,ramp,FW_E,10490,,21,4,480.0,992,2,0,0,0,0
5100.1,5130.1,RM_C10484,ramp,FW_E,10484,,23,6,720.0,649,4,0,0,0,0
5100.1,5130.1,OR_D_E_signal,offramp,FW_E,10481,18,,3,360.0,390,7,0,0,0,0
5100.1,5130.1,OR_D_E_direct,offramp,FW_E,10483,20,,13,1560.0,1386,10,0,0,0,0
5100.1,5130.1,OR_D_W_signal,offramp,FW_W,10491,9,,9,1080.0,1249,8,0,0,0,3
5100.1,5130.1,OR_D_W_direct,offramp,FW_W,10479,7,,9,1080.0,1155,3,0,0,0,0
5100.1,5130.1,OR_F_E_signal,offramp,FW_E,10643,9,,4,480.0,855,41,0,0,0,0
5100.1,5130.1,OR_F_E_direct,offramp,FW_E,10682,11,,13,1560.0,1698,3,0,0,0,0
5100.1,5130.1,OR_F_W_signal,offramp,FW_W,10638,19,,4,480.0,957,1,0,0,0,0
5100.1,5130.1,OR_F_W_direct,offramp,FW_W,10645,16,,4,480.0,1557,4,0,0,0,0
5100.1,5130.1,source_1098,source,FW_E,,,0,61,7320.0,10896,,0,61,0,0
5100.1,5130.1,source_1099,source,FW_W,,,0,45,5400.0,6294,,0,45,0,0
5130.1,5160.1,RM_C10480,ramp,FW_W,10480,,8,2,240.0,229,0,0,0,0,2
5130.1,5160.1,RM_C10482,ramp,FW_W,10482,,10,13,1560.0,2734,19,0,0,0,0
5130.1,5160.1,RM_C10646,ramp,FW_W,10646,,18,7,840.0,449,0,0,0,0,2
5130.1,5160.1,RM_C10644,ramp,FW_W,10644,,22,0,0.0,635,5,0,0,0,0
5130.1,5160.1,RM_C10639,ramp,FW_E,10639,,10,2,240.0,607,1,0,0,0,0
5130.1,5160.1,RM_C10681,ramp,FW_E,10681,,12,10,1200.0,1385,42,0,0,0,0
5130.1,5160.1,RM_C10490,ramp,FW_E,10490,,21,2,240.0,994,6,0,0,0,0
5130.1,5160.1,RM_C10484,ramp,FW_E,10484,,23,3,360.0,652,3,0,0,0,0
5130.1,5160.1,OR_D_E_signal,offramp,FW_E,10481,18,,3,360.0,393,3,0,0,0,0
5130.1,5160.1,OR_D_E_direct,offramp,FW_E,10483,20,,17,2040.0,1403,4,0,0,0,0
5130.1,5160.1,OR_D_W_signal,offramp,FW_W,10491,9,,7,840.0,1256,11,0,0,0,2
5130.1,5160.1,OR_D_W_direct,offramp,FW_W,10479,7,,10,1200.0,1165,3,0,0,0,0
5130.1,5160.1,OR_F_E_signal,offramp,FW_E,10643,9,,7,840.0,862,44,0,0,0,0
5130.1,5160.1,OR_F_E_direct,offramp,FW_E,10682,11,,9,1080.0,1707,6,0,0,0,0
5130.1,5160.1,OR_F_W_signal,offramp,FW_W,10638,19,,8,960.0,965,5,0,0,0,2
5130.1,5160.1,OR_F_W_direct,offramp,FW_W,10645,16,,14,1680.0,1571,2,0,0,0,0
5130.1,5160.1,source_1098,source,FW_E,,,0,66,7920.0,10962,,0,66,0,0
5130.1,5160.1,source_1099,source,FW_W,,,0,40,4800.0,6334,,0,40,0,0
5160.1,5190.1,RM_C10480,ramp,FW_W,10480,,8,0,0.0,229,1,0,0,0,0
5160.1,5190.1,RM_C10482,ramp,FW_W,10482,,10,14,1680.0,2748,11,0,0,0,0
5160.1,5190.1,RM_C10646,ramp,FW_W,10646,,18,0,0.0,449,0,0,0,0,0
5160.1,5190.1,RM_C10644,ramp,FW_W,10644,,22,0,0.0,635,7,0,0,0,0
5160.1,5190.1,RM_C10639,ramp,FW_E,10639,,10,0,0.0,607,4,0,0,0,0
5160.1,5190.1,RM_C10681,ramp,FW_E,10681,,12,7,840.0,1392,44,0,0,0,0
5160.1,5190.1,RM_C10490,ramp,FW_E,10490,,21,3,360.0,997,11,0,0,0,0
5160.1,5190.1,RM_C10484,ramp,FW_E,10484,,23,2,240.0,654,1,0,0,0,0
5160.1,5190.1,OR_D_E_signal,offramp,FW_E,10481,18,,2,240.0,395,2,0,0,0,0
5160.1,5190.1,OR_D_E_direct,offramp,FW_E,10483,20,,17,2040.0,1420,9,0,0,0,0
5160.1,5190.1,OR_D_W_signal,offramp,FW_W,10491,9,,5,600.0,1261,4,0,0,0,0
5160.1,5190.1,OR_D_W_direct,offramp,FW_W,10479,7,,6,720.0,1171,3,0,0,0,0
5160.1,5190.1,OR_F_E_signal,offramp,FW_E,10643,9,,4,480.0,866,45,0,0,0,0
5160.1,5190.1,OR_F_E_direct,offramp,FW_E,10682,11,,20,2400.0,1727,10,0,0,0,0
5160.1,5190.1,OR_F_W_signal,offramp,FW_W,10638,19,,4,480.0,969,0,0,0,0,0
5160.1,5190.1,OR_F_W_direct,offramp,FW_W,10645,16,,7,840.0,1578,3,0,0,0,0
5160.1,5190.1,source_1098,source,FW_E,,,0,63,7560.0,11025,,0,63,0,0
5160.1,5190.1,source_1099,source,FW_W,,,0,34,4080.0,6368,,0,34,0,0
5190.1,5220.1,RM_C10480,ramp,FW_W,10480,,8,1,120.0,230,0,0,0,0,1
5190.1,5220.1,RM_C10482,ramp,FW_W,10482,,10,8,960.0,2756,11,0,0,0,0
5190.1,5220.1,RM_C10646,ramp,FW_W,10646,,18,0,0.0,449,4,0,0,0,0
5190.1,5220.1,RM_C10644,ramp,FW_W,10644,,22,3,360.0,638,6,0,0,0,0
5190.1,5220.1,RM_C10639,ramp,FW_E,10639,,10,4,480.0,611,0,0,0,0,0
5190.1,5220.1,RM_C10681,ramp,FW_E,10681,,12,7,840.0,1399,55,0,0,0,0
5190.1,5220.1,RM_C10490,ramp,FW_E,10490,,21,9,1080.0,1006,7,0,0,0,0
5190.1,5220.1,RM_C10484,ramp,FW_E,10484,,23,1,120.0,655,2,0,0,0,0
5190.1,5220.1,OR_D_E_signal,offramp,FW_E,10481,18,,0,0.0,395,1,0,0,0,0
5190.1,5220.1,OR_D_E_direct,offramp,FW_E,10483,20,,3,360.0,1423,0,0,0,0,0
5190.1,5220.1,OR_D_W_signal,offramp,FW_W,10491,9,,9,1080.0,1270,1,0,0,0,1
5190.1,5220.1,OR_D_W_direct,offramp,FW_W,10479,7,,5,600.0,1176,1,0,0,0,0
5190.1,5220.1,OR_F_E_signal,offramp,FW_E,10643,9,,12,1440.0,878,47,0,0,0,0
5190.1,5220.1,OR_F_E_direct,offramp,FW_E,10682,11,,12,1440.0,1739,5,0,0,0,0
5190.1,5220.1,OR_F_W_signal,offramp,FW_W,10638,19,,3,360.0,972,0,0,0,0,0
5190.1,5220.1,OR_F_W_direct,offramp,FW_W,10645,16,,5,600.0,1583,1,0,0,0,0
5190.1,5220.1,source_1098,source,FW_E,,,0,74,8880.0,11099,,0,74,0,0
5190.1,5220.1,source_1099,source,FW_W,,,0,37,4440.0,6405,,0,37,0,0
5220.1,5250.1,RM_C10480,ramp,FW_W,10480,,8,0,0.0,230,1,0,0,0,0
5220.1,5250.1,RM_C10482,ramp,FW_W,10482,,10,7,840.0,2763,12,0,0,0,0
5220.1,5250.1,RM_C10646,ramp,FW_W,10646,,18,4,480.0,453,1,0,0,0,1
5220.1,5250.1,RM_C10644,ramp,FW_W,10644,,22,2,240.0,640,6,0,0,0,0
5220.1,5250.1,RM_C10639,ramp,FW_E,10639,,10,0,0.0,611,2,0,0,0,0
5220.1,5250.1,RM_C10681,ramp,FW_E,10681,,12,7,840.0,1406,57,0,0,0,0
5220.1,5250.1,RM_C10490,ramp,FW_E,10490,,21,7,840.0,1013,1,0,0,0,0
5220.1,5250.1,RM_C10484,ramp,FW_E,10484,,23,2,240.0,657,6,0,0,0,0
5220.1,5250.1,OR_D_E_signal,offramp,FW_E,10481,18,,0,0.0,395,1,0,0,0,0
5220.1,5250.1,OR_D_E_direct,offramp,FW_E,10483,20,,9,1080.0,1432,7,0,0,0,0
5220.1,5250.1,OR_D_W_signal,offramp,FW_W,10491,9,,8,960.0,1278,3,0,0,0,0
5220.1,5250.1,OR_D_W_direct,offramp,FW_W,10479,7,,6,720.0,1182,4,0,0,0,0
5220.1,5250.1,OR_F_E_signal,offramp,FW_E,10643,9,,9,1080.0,887,46,0,0,0,0
5220.1,5250.1,OR_F_E_direct,offramp,FW_E,10682,11,,13,1560.0,1752,8,0,0,0,0
5220.1,5250.1,OR_F_W_signal,offramp,FW_W,10638,19,,8,960.0,980,4,0,0,0,1
5220.1,5250.1,OR_F_W_direct,offramp,FW_W,10645,16,,9,1080.0,1592,3,0,0,0,0
5220.1,5250.1,source_1098,source,FW_E,,,0,63,7560.0,11162,,0,63,0,0
5220.1,5250.1,source_1099,source,FW_W,,,0,31,3720.0,6436,,0,31,0,0
5250.1,5280.1,RM_C10480,ramp,FW_W,10480,,8,4,480.0,234,0,0,0,0,3
5250.1,5280.1,RM_C10482,ramp,FW_W,10482,,10,10,1200.0,2773,16,0,0,0,0
5250.1,5280.1,RM_C10646,ramp,FW_W,10646,,18,4,480.0,457,2,0,0,0,2
5250.1,5280.1,RM_C10644,ramp,FW_W,10644,,22,2,240.0,642,4,0,0,0,0
5250.1,5280.1,RM_C10639,ramp,FW_E,10639,,10,0,0.0,611,2,0,0,0,0
5250.1,5280.1,RM_C10681,ramp,FW_E,10681,,12,9,1080.0,1415,56,0,0,0,0
5250.1,5280.1,RM_C10490,ramp,FW_E,10490,,21,1,120.0,1014,0,0,0,0,0
5250.1,5280.1,RM_C10484,ramp,FW_E,10484,,23,4,480.0,661,2,0,0,0,0
5250.1,5280.1,OR_D_E_signal,offramp,FW_E,10481,18,,4,480.0,399,4,0,0,0,0
5250.1,5280.1,OR_D_E_direct,offramp,FW_E,10483,20,,7,840.0,1439,2,0,0,0,0
5250.1,5280.1,OR_D_W_signal,offramp,FW_W,10491,9,,7,840.0,1285,2,0,0,0,3
5250.1,5280.1,OR_D_W_direct,offramp,FW_W,10479,7,,9,1080.0,1191,1,0,0,0,0
5250.1,5280.1,OR_F_E_signal,offramp,FW_E,10643,9,,8,960.0,895,49,0,0,0,0
5250.1,5280.1,OR_F_E_direct,offramp,FW_E,10682,11,,17,2040.0,1769,8,0,0,0,0
5250.1,5280.1,OR_F_W_signal,offramp,FW_W,10638,19,,9,1080.0,989,3,0,0,0,2
5250.1,5280.1,OR_F_W_direct,offramp,FW_W,10645,16,,12,1440.0,1604,6,0,0,0,0
5250.1,5280.1,source_1098,source,FW_E,,,0,59,7080.0,11221,,0,59,0,0
5250.1,5280.1,source_1099,source,FW_W,,,0,30,3600.0,6466,,0,30,0,0
5280.1,5310.1,RM_C10480,ramp,FW_W,10480,,8,0,0.0,234,0,0,0,0,0
5280.1,5310.1,RM_C10482,ramp,FW_W,10482,,10,5,600.0,2778,22,0,0,0,0
5280.1,5310.1,RM_C10646,ramp,FW_W,10646,,18,2,240.0,459,0,0,0,0,1
5280.1,5310.1,RM_C10644,ramp,FW_W,10644,,22,2,240.0,644,5,0,0,0,0
5280.1,5310.1,RM_C10639,ramp,FW_E,10639,,10,2,240.0,613,3,0,0,0,0
5280.1,5310.1,RM_C10681,ramp,FW_E,10681,,12,8,960.0,1423,48,0,0,0,0
5280.1,5310.1,RM_C10490,ramp,FW_E,10490,,21,0,0.0,1014,9,0,0,0,0
5280.1,5310.1,RM_C10484,ramp,FW_E,10484,,23,2,240.0,663,5,0,0,0,0
5280.1,5310.1,OR_D_E_signal,offramp,FW_E,10481,18,,3,360.0,402,3,0,0,0,0
5280.1,5310.1,OR_D_E_direct,offramp,FW_E,10483,20,,9,1080.0,1448,4,0,0,0,0
5280.1,5310.1,OR_D_W_signal,offramp,FW_W,10491,9,,5,600.0,1290,1,0,0,0,0
5280.1,5310.1,OR_D_W_direct,offramp,FW_W,10479,7,,11,1320.0,1202,3,0,0,0,0
5280.1,5310.1,OR_F_E_signal,offramp,FW_E,10643,9,,4,480.0,899,46,0,0,0,0
5280.1,5310.1,OR_F_E_direct,offramp,FW_E,10682,11,,16,1920.0,1785,8,0,0,0,0
5280.1,5310.1,OR_F_W_signal,offramp,FW_W,10638,19,,7,840.0,996,0,0,0,0,1
5280.1,5310.1,OR_F_W_direct,offramp,FW_W,10645,16,,10,1200.0,1614,6,0,0,0,0
5280.1,5310.1,source_1098,source,FW_E,,,0,64,7680.0,11285,,0,64,0,0
5280.1,5310.1,source_1099,source,FW_W,,,0,42,5040.0,6508,,0,42,0,0
5310.1,5340.1,RM_C10480,ramp,FW_W,10480,,8,0,0.0,234,0,0,0,0,0
5310.1,5340.1,RM_C10482,ramp,FW_W,10482,,10,20,2400.0,2798,9,0,0,0,0
5310.1,5340.1,RM_C10646,ramp,FW_W,10646,,18,0,0.0,459,2,0,0,0,0
5310.1,5340.1,RM_C10644,ramp,FW_W,10644,,22,2,240.0,646,8,0,0,0,0
5310.1,5340.1,RM_C10639,ramp,FW_E,10639,,10,3,360.0,616,0,0,0,0,0
5310.1,5340.1,RM_C10681,ramp,FW_E,10681,,12,10,1200.0,1433,44,0,0,0,0
5310.1,5340.1,RM_C10490,ramp,FW_E,10490,,21,10,1200.0,1024,0,0,0,0,0
5310.1,5340.1,RM_C10484,ramp,FW_E,10484,,23,3,360.0,666,4,0,0,0,0
5310.1,5340.1,OR_D_E_signal,offramp,FW_E,10481,18,,2,240.0,404,3,0,0,0,0
5310.1,5340.1,OR_D_E_direct,offramp,FW_E,10483,20,,8,960.0,1456,7,0,0,0,0
5310.1,5340.1,OR_D_W_signal,offramp,FW_W,10491,9,,4,480.0,1294,1,0,0,0,0
5310.1,5340.1,OR_D_W_direct,offramp,FW_W,10479,7,,6,720.0,1208,4,0,0,0,0
5310.1,5340.1,OR_F_E_signal,offramp,FW_E,10643,9,,6,720.0,905,48,0,0,0,0
5310.1,5340.1,OR_F_E_direct,offramp,FW_E,10682,11,,12,1440.0,1797,5,0,0,0,0
5310.1,5340.1,OR_F_W_signal,offramp,FW_W,10638,19,,3,360.0,999,1,0,0,0,0
5310.1,5340.1,OR_F_W_direct,offramp,FW_W,10645,16,,7,840.0,1621,4,0,0,0,0
5310.1,5340.1,source_1098,source,FW_E,,,0,69,8280.0,11354,,0,69,0,0
5310.1,5340.1,source_1099,source,FW_W,,,0,17,2040.0,6525,,0,17,0,0
5340.1,5370.1,RM_C10480,ramp,FW_W,10480,,8,1,120.0,235,0,0,0,0,1
5340.1,5370.1,RM_C10482,ramp,FW_W,10482,,10,5,600.0,2803,18,0,0,0,0
5340.1,5370.1,RM_C10646,ramp,FW_W,10646,,18,2,240.0,461,5,0,0,0,1
5340.1,5370.1,RM_C10644,ramp,FW_W,10644,,22,0,0.0,646,8,0,0,0,0
5340.1,5370.1,RM_C10639,ramp,FW_E,10639,,10,0,0.0,616,0,0,0,0,0
5340.1,5370.1,RM_C10681,ramp,FW_E,10681,,12,6,720.0,1439,55,0,0,0,0
5340.1,5370.1,RM_C10490,ramp,FW_E,10490,,21,0,0.0,1024,6,0,0,0,0
5340.1,5370.1,RM_C10484,ramp,FW_E,10484,,23,3,360.0,669,7,0,0,0,0
5340.1,5370.1,OR_D_E_signal,offramp,FW_E,10481,18,,5,600.0,409,5,0,0,0,0
5340.1,5370.1,OR_D_E_direct,offramp,FW_E,10483,20,,10,1200.0,1466,3,0,0,0,0
5340.1,5370.1,OR_D_W_signal,offramp,FW_W,10491,9,,4,480.0,1298,3,0,0,0,1
5340.1,5370.1,OR_D_W_direct,offramp,FW_W,10479,7,,5,600.0,1213,0,0,0,0,0
5340.1,5370.1,OR_F_E_signal,offramp,FW_E,10643,9,,5,600.0,910,44,0,0,0,0
5340.1,5370.1,OR_F_E_direct,offramp,FW_E,10682,11,,23,2760.0,1820,8,0,0,0,0
5340.1,5370.1,OR_F_W_signal,offramp,FW_W,10638,19,,5,600.0,1004,2,0,0,0,1
5340.1,5370.1,OR_F_W_direct,offramp,FW_W,10645,16,,2,240.0,1623,1,0,0,0,0
5340.1,5370.1,source_1098,source,FW_E,,,0,73,8760.0,11427,,0,73,0,0
5340.1,5370.1,source_1099,source,FW_W,,,0,31,3720.0,6556,,0,31,0,0
5370.1,5400.1,RM_C10480,ramp,FW_W,10480,,8,0,0.0,235,7,0,0,0,0
5370.1,5400.1,RM_C10482,ramp,FW_W,10482,,10,14,1680.0,2817,13,0,0,0,0
5370.1,5400.1,RM_C10646,ramp,FW_W,10646,,18,6,720.0,467,5,0,0,0,4
5370.1,5400.1,RM_C10644,ramp,FW_W,10644,,22,3,360.0,649,6,0,0,0,0
5370.1,5400.1,RM_C10639,ramp,FW_E,10639,,10,0,0.0,616,4,0,0,0,0
5370.1,5400.1,RM_C10681,ramp,FW_E,10681,,12,6,720.0,1445,56,0,0,0,0
5370.1,5400.1,RM_C10490,ramp,FW_E,10490,,21,7,840.0,1031,1,0,0,0,0
5370.1,5400.1,RM_C10484,ramp,FW_E,10484,,23,7,840.0,676,4,0,0,0,0
5370.1,5400.1,OR_D_E_signal,offramp,FW_E,10481,18,,2,240.0,411,3,0,0,0,0
5370.1,5400.1,OR_D_E_direct,offramp,FW_E,10483,20,,9,1080.0,1475,7,0,0,0,0
5370.1,5400.1,OR_D_W_signal,offramp,FW_W,10491,9,,6,720.0,1304,0,0,0,0,0
5370.1,5400.1,OR_D_W_direct,offramp,FW_W,10479,7,,2,240.0,1215,2,0,0,0,0
5370.1,5400.1,OR_F_E_signal,offramp,FW_E,10643,9,,9,1080.0,919,45,0,0,0,0
5370.1,5400.1,OR_F_E_direct,offramp,FW_E,10682,11,,13,1560.0,1833,3,0,0,0,0
5370.1,5400.1,OR_F_W_signal,offramp,FW_W,10638,19,,10,1200.0,1014,3,0,0,0,4
5370.1,5400.1,OR_F_W_direct,offramp,FW_W,10645,16,,10,1200.0,1633,4,0,0,0,0
5370.1,5400.1,source_1098,source,FW_E,,,0,57,6840.0,11484,,0,57,0,0
5370.1,5400.1,source_1099,source,FW_W,,,0,40,4800.0,6596,,0,40,0,0
5400.1,5430.1,RM_C10480,ramp,FW_W,10480,,8,8,960.0,243,3,0,0,0,6
5400.1,5430.1,RM_C10482,ramp,FW_W,10482,,10,7,840.0,2824,13,0,0,0,0
5400.1,5430.1,RM_C10646,ramp,FW_W,10646,,18,2,240.0,469,8,0,0,0,0
5400.1,5430.1,RM_C10644,ramp,FW_W,10644,,22,0,0.0,649,7,0,0,0,0
5400.1,5430.1,RM_C10639,ramp,FW_E,10639,,10,4,480.0,620,2,0,0,0,0
5400.1,5430.1,RM_C10681,ramp,FW_E,10681,,12,9,1080.0,1454,55,0,0,0,0
5400.1,5430.1,RM_C10490,ramp,FW_E,10490,,21,0,0.0,1031,11,0,0,0,0
5400.1,5430.1,RM_C10484,ramp,FW_E,10484,,23,4,480.0,680,4,0,0,0,0
5400.1,5430.1,OR_D_E_signal,offramp,FW_E,10481,18,,4,480.0,415,5,0,0,0,0
5400.1,5430.1,OR_D_E_direct,offramp,FW_E,10483,20,,10,1200.0,1485,4,0,0,0,0
5400.1,5430.1,OR_D_W_signal,offramp,FW_W,10491,9,,17,2040.0,1321,5,0,0,0,6
5400.1,5430.1,OR_D_W_direct,offramp,FW_W,10479,7,,7,840.0,1222,2,0,0,0,0
5400.1,5430.1,OR_F_E_signal,offramp,FW_E,10643,9,,6,720.0,925,44,0,0,0,0
5400.1,5430.1,OR_F_E_direct,offramp,FW_E,10682,11,,17,2040.0,1850,9,0,0,0,0
5400.1,5430.1,OR_F_W_signal,offramp,FW_W,10638,19,,4,480.0,1018,2,0,0,0,0
5400.1,5430.1,OR_F_W_direct,offramp,FW_W,10645,16,,6,720.0,1639,1,0,0,0,0
5400.1,5430.1,source_1098,source,FW_E,,,0,49,5880.0,11533,,0,49,0,0
5400.1,5430.1,source_1099,source,FW_W,,,0,40,4800.0,6636,,0,40,0,0
5430.1,5460.1,RM_C10480,ramp,FW_W,10480,,8,3,360.0,246,2,0,0,0,3
5430.1,5460.1,RM_C10482,ramp,FW_W,10482,,10,9,1080.0,2833,11,0,0,0,0
5430.1,5460.1,RM_C10646,ramp,FW_W,10646,,18,8,960.0,477,0,0,0,0,4
5430.1,5460.1,RM_C10644,ramp,FW_W,10644,,22,5,600.0,654,4,0,0,0,0
5430.1,5460.1,RM_C10639,ramp,FW_E,10639,,10,2,240.0,622,4,0,0,0,0
5430.1,5460.1,RM_C10681,ramp,FW_E,10681,,12,10,1200.0,1464,48,0,0,0,0
5430.1,5460.1,RM_C10490,ramp,FW_E,10490,,21,11,1320.0,1042,7,0,0,0,0
5430.1,5460.1,RM_C10484,ramp,FW_E,10484,,23,3,360.0,683,3,0,0,0,0
5430.1,5460.1,OR_D_E_signal,offramp,FW_E,10481,18,,1,120.0,416,2,0,0,0,0
5430.1,5460.1,OR_D_E_direct,offramp,FW_E,10483,20,,7,840.0,1492,1,0,0,0,0
5430.1,5460.1,OR_D_W_signal,offramp,FW_W,10491,9,,13,1560.0,1334,3,0,0,0,3
5430.1,5460.1,OR_D_W_direct,offramp,FW_W,10479,7,,8,960.0,1230,2,0,0,0,0
5430.1,5460.1,OR_F_E_signal,offramp,FW_E,10643,9,,6,720.0,931,43,0,0,0,0
5430.1,5460.1,OR_F_E_direct,offramp,FW_E,10682,11,,2,240.0,1852,0,0,0,0,0
5430.1,5460.1,OR_F_W_signal,offramp,FW_W,10638,19,,16,1920.0,1034,9,0,0,0,4
5430.1,5460.1,OR_F_W_direct,offramp,FW_W,10645,16,,15,1800.0,1654,4,0,0,0,0
5430.1,5460.1,source_1098,source,FW_E,,,0,66,7920.0,11599,,0,66,0,0
5430.1,5460.1,source_1099,source,FW_W,,,0,52,6240.0,6688,,0,52,0,0
5460.1,5490.1,RM_C10480,ramp,FW_W,10480,,8,2,240.0,248,0,0,0,0,1
5460.1,5490.1,RM_C10482,ramp,FW_W,10482,,10,9,1080.0,2842,11,0,0,0,0
5460.1,5490.1,RM_C10646,ramp,FW_W,10646,,18,0,0.0,477,1,0,0,0,0
5460.1,5490.1,RM_C10644,ramp,FW_W,10644,,22,1,120.0,655,4,0,0,0,0
5460.1,5490.1,RM_C10639,ramp,FW_E,10639,,10,4,480.0,626,1,0,0,0,0
5460.1,5490.1,RM_C10681,ramp,FW_E,10681,,12,10,1200.0,1474,45,0,0,0,0
5460.1,5490.1,RM_C10490,ramp,FW_E,10490,,21,6,720.0,1048,9,0,0,0,0
5460.1,5490.1,RM_C10484,ramp,FW_E,10484,,23,1,120.0,684,3,0,0,0,0
5460.1,5490.1,OR_D_E_signal,offramp,FW_E,10481,18,,2,240.0,418,0,0,0,0,0
5460.1,5490.1,OR_D_E_direct,offramp,FW_E,10483,20,,12,1440.0,1504,12,0,0,0,0
5460.1,5490.1,OR_D_W_signal,offramp,FW_W,10491,9,,10,1200.0,1344,7,0,0,0,1
5460.1,5490.1,OR_D_W_direct,offramp,FW_W,10479,7,,6,720.0,1236,3,0,0,0,0
5460.1,5490.1,OR_F_E_signal,offramp,FW_E,10643,9,,6,720.0,937,44,0,0,0,0
5460.1,5490.1,OR_F_E_direct,offramp,FW_E,10682,11,,14,1680.0,1866,6,0,0,0,0
5460.1,5490.1,OR_F_W_signal,offramp,FW_W,10638,19,,4,480.0,1038,0,0,0,0,0
5460.1,5490.1,OR_F_W_direct,offramp,FW_W,10645,16,,1,120.0,1655,0,0,0,0,0
5460.1,5490.1,source_1098,source,FW_E,,,0,64,7680.0,11663,,0,64,0,0
5460.1,5490.1,source_1099,source,FW_W,,,0,30,3600.0,6718,,0,30,0,0
5490.1,5520.1,RM_C10480,ramp,FW_W,10480,,8,0,0.0,248,0,0,0,0,0
5490.1,5520.1,RM_C10482,ramp,FW_W,10482,,10,6,720.0,2848,11,0,0,0,0
5490.1,5520.1,RM_C10646,ramp,FW_W,10646,,18,0,0.0,477,4,0,0,0,0
5490.1,5520.1,RM_C10644,ramp,FW_W,10644,,22,2,240.0,657,3,0,0,0,0
5490.1,5520.1,RM_C10639,ramp,FW_E,10639,,10,1,120.0,627,4,0,0,0,0
5490.1,5520.1,RM_C10681,ramp,FW_E,10681,,12,6,720.0,1480,50,0,0,0,0
5490.1,5520.1,RM_C10490,ramp,FW_E,10490,,21,9,1080.0,1057,0,0,0,0,0
5490.1,5520.1,RM_C10484,ramp,FW_E,10484,,23,3,360.0,687,4,0,0,0,0
5490.1,5520.1,OR_D_E_signal,offramp,FW_E,10481,18,,0,0.0,418,0,0,0,0,0
5490.1,5520.1,OR_D_E_direct,offramp,FW_E,10483,20,,13,1560.0,1517,13,0,0,0,0
5490.1,5520.1,OR_D_W_signal,offramp,FW_W,10491,9,,10,1200.0,1354,5,0,0,0,0
5490.1,5520.1,OR_D_W_direct,offramp,FW_W,10479,7,,7,840.0,1243,2,0,0,0,0
5490.1,5520.1,OR_F_E_signal,offramp,FW_E,10643,9,,5,600.0,942,41,0,0,0,0
5490.1,5520.1,OR_F_E_direct,offramp,FW_E,10682,11,,7,840.0,1873,4,0,0,0,0
5490.1,5520.1,OR_F_W_signal,offramp,FW_W,10638,19,,3,360.0,1041,1,0,0,0,0
5490.1,5520.1,OR_F_W_direct,offramp,FW_W,10645,16,,12,1440.0,1667,3,0,0,0,0
5490.1,5520.1,source_1098,source,FW_E,,,0,52,6240.0,11715,,0,52,0,0
5490.1,5520.1,source_1099,source,FW_W,,,0,46,5520.0,6764,,0,46,0,0
5520.1,5550.1,RM_C10480,ramp,FW_W,10480,,8,2,240.0,250,1,0,0,0,2
5520.1,5550.1,RM_C10482,ramp,FW_W,10482,,10,9,1080.0,2857,15,0,0,0,0
5520.1,5550.1,RM_C10646,ramp,FW_W,10646,,18,4,480.0,481,5,0,0,0,2
5520.1,5550.1,RM_C10644,ramp,FW_W,10644,,22,2,240.0,659,4,0,0,0,0
5520.1,5550.1,RM_C10639,ramp,FW_E,10639,,10,4,480.0,631,2,0,0,0,0
5520.1,5550.1,RM_C10681,ramp,FW_E,10681,,12,6,720.0,1486,57,0,0,0,0
5520.1,5550.1,RM_C10490,ramp,FW_E,10490,,21,0,0.0,1057,0,0,0,0,0
5520.1,5550.1,RM_C10484,ramp,FW_E,10484,,23,4,480.0,691,4,0,0,0,0
5520.1,5550.1,OR_D_E_signal,offramp,FW_E,10481,18,,4,480.0,422,2,0,0,0,0
5520.1,5550.1,OR_D_E_direct,offramp,FW_E,10483,20,,5,600.0,1522,3,0,0,0,0
5520.1,5550.1,OR_D_W_signal,offramp,FW_W,10491,9,,3,360.0,1357,6,0,0,0,2
5520.1,5550.1,OR_D_W_direct,offramp,FW_W,10479,7,,8,960.0,1251,6,0,0,0,0
5520.1,5550.1,OR_F_E_signal,offramp,FW_E,10643,9,,3,360.0,945,37,0,0,0,0
5520.1,5550.1,OR_F_E_direct,offramp,FW_E,10682,11,,5,600.0,1878,0,0,0,0,0
5520.1,5550.1,OR_F_W_signal,offramp,FW_W,10638,19,,5,600.0,1046,1,0,0,0,2
5520.1,5550.1,OR_F_W_direct,offramp,FW_W,10645,16,,8,960.0,1675,3,0,0,0,0
5520.1,5550.1,source_1098,source,FW_E,,,0,61,7320.0,11776,,0,61,0,0
5520.1,5550.1,source_1099,source,FW_W,,,0,37,4440.0,6801,,0,37,0,0
5550.1,5580.1,RM_C10480,ramp,FW_W,10480,,8,1,120.0,251,2,0,0,0,1
5550.1,5580.1,RM_C10482,ramp,FW_W,10482,,10,8,960.0,2865,12,0,0,0,0
5550.1,5580.1,RM_C10646,ramp,FW_W,10646,,18,6,720.0,487,6,0,0,0,1
5550.1,5580.1,RM_C10644,ramp,FW_W,10644,,22,0,0.0,659,7,0,0,0,0
5550.1,5580.1,RM_C10639,ramp,FW_E,10639,,10,2,240.0,633,1,0,0,0,0
5550.1,5580.1,RM_C10681,ramp,FW_E,10681,,12,9,1080.0,1495,53,0,0,0,0
5550.1,5580.1,RM_C10490,ramp,FW_E,10490,,21,0,0.0,1057,4,0,0,0,0
5550.1,5580.1,RM_C10484,ramp,FW_E,10484,,23,0,0.0,691,5,0,0,0,0
5550.1,5580.1,OR_D_E_signal,offramp,FW_E,10481,18,,3,360.0,425,3,0,0,0,0
5550.1,5580.1,OR_D_E_direct,offramp,FW_E,10483,20,,16,1920.0,1538,7,0,0,0,0
5550.1,5580.1,OR_D_W_signal,offramp,FW_W,10491,9,,5,600.0,1362,4,0,0,0,1
5550.1,5580.1,OR_D_W_direct,offramp,FW_W,10479,7,,8,960.0,1259,3,0,0,0,0
5550.1,5580.1,OR_F_E_signal,offramp,FW_E,10643,9,,7,840.0,952,39,0,0,0,0
5550.1,5580.1,OR_F_E_direct,offramp,FW_E,10682,11,,6,720.0,1884,2,0,0,0,0
5550.1,5580.1,OR_F_W_signal,offramp,FW_W,10638,19,,7,840.0,1053,0,0,0,0,1
5550.1,5580.1,OR_F_W_direct,offramp,FW_W,10645,16,,4,480.0,1679,1,0,0,0,0
5550.1,5580.1,source_1098,source,FW_E,,,0,54,6480.0,11830,,0,54,0,0
5550.1,5580.1,source_1099,source,FW_W,,,0,38,4560.0,6839,,0,38,0,0
5580.1,5610.1,RM_C10480,ramp,FW_W,10480,,8,2,240.0,253,1,0,0,0,1
5580.1,5610.1,RM_C10482,ramp,FW_W,10482,,10,12,1440.0,2877,15,0,0,0,0
5580.1,5610.1,RM_C10646,ramp,FW_W,10646,,18,6,720.0,493,0,0,0,0,4
5580.1,5610.1,RM_C10644,ramp,FW_W,10644,,22,1,120.0,660,9,0,0,0,0
5580.1,5610.1,RM_C10639,ramp,FW_E,10639,,10,1,120.0,634,1,0,0,0,0
5580.1,5610.1,RM_C10681,ramp,FW_E,10681,,12,11,1320.0,1506,42,0,0,0,0
5580.1,5610.1,RM_C10490,ramp,FW_E,10490,,21,2,240.0,1059,10,0,0,0,0
5580.1,5610.1,RM_C10484,ramp,FW_E,10484,,23,4,480.0,695,7,0,0,0,0
5580.1,5610.1,OR_D_E_signal,offramp,FW_E,10481,18,,3,360.0,428,3,0,0,0,0
5580.1,5610.1,OR_D_E_direct,offramp,FW_E,10483,20,,10,1200.0,1548,4,0,0,0,0
5580.1,5610.1,OR_D_W_signal,offramp,FW_W,10491,9,,7,840.0,1369,5,0,0,0,1
5580.1,5610.1,OR_D_W_direct,offramp,FW_W,10479,7,,10,1200.0,1269,2,0,0,0,0
5580.1,5610.1,OR_F_E_signal,offramp,FW_E,10643,9,,6,720.0,958,34,0,0,0,0
5580.1,5610.1,OR_F_E_direct,offramp,FW_E,10682,11,,12,1440.0,1896,4,0,0,0,0
5580.1,5610.1,OR_F_W_signal,offramp,FW_W,10638,19,,10,1200.0,1063,0,0,0,0,4
5580.1,5610.1,OR_F_W_direct,offramp,FW_W,10645,16,,6,720.0,1685,3,0,0,0,0
5580.1,5610.1,source_1098,source,FW_E,,,0,61,7320.0,11891,,0,61,0,0
5580.1,5610.1,source_1099,source,FW_W,,,0,39,4680.0,6878,,0,39,0,0
5610.1,5640.1,RM_C10480,ramp,FW_W,10480,,8,1,120.0,254,0,0,0,0,1
5610.1,5640.1,RM_C10482,ramp,FW_W,10482,,10,5,600.0,2882,17,0,0,0,0
5610.1,5640.1,RM_C10646,ramp,FW_W,10646,,18,0,0.0,493,0,0,0,0,0
5610.1,5640.1,RM_C10644,ramp,FW_W,10644,,22,5,600.0,665,5,0,0,0,0
5610.1,5640.1,RM_C10639,ramp,FW_E,10639,,10,1,120.0,635,3,0,0,0,0
5610.1,5640.1,RM_C10681,ramp,FW_E,10681,,12,8,960.0,1514,42,0,0,0,0
5610.1,5640.1,RM_C10490,ramp,FW_E,10490,,21,10,1200.0,1069,2,0,0,0,0
5610.1,5640.1,RM_C10484,ramp,FW_E,10484,,23,5,600.0,700,5,0,0,0,0
5610.1,5640.1,OR_D_E_signal,offramp,FW_E,10481,18,,0,0.0,428,0,0,0,0,0
5610.1,5640.1,OR_D_E_direct,offramp,FW_E,10483,20,,15,1800.0,1563,8,0,0,0,0
5610.1,5640.1,OR_D_W_signal,offramp,FW_W,10491,9,,8,960.0,1377,7,0,0,0,1
5610.1,5640.1,OR_D_W_direct,offramp,FW_W,10479,7,,8,960.0,1277,3,0,0,0,0
5610.1,5640.1,OR_F_E_signal,offramp,FW_E,10643,9,,1,120.0,959,34,0,0,0,0
5610.1,5640.1,OR_F_E_direct,offramp,FW_E,10682,11,,3,360.0,1899,0,0,0,0,0
5610.1,5640.1,OR_F_W_signal,offramp,FW_W,10638,19,,1,120.0,1064,1,0,0,0,0
5610.1,5640.1,OR_F_W_direct,offramp,FW_W,10645,16,,7,840.0,1692,3,0,0,0,0
5610.1,5640.1,source_1098,source,FW_E,,,0,70,8400.0,11961,,0,70,0,0
5610.1,5640.1,source_1099,source,FW_W,,,0,44,5280.0,6922,,0,44,0,0
5640.1,5670.1,RM_C10480,ramp,FW_W,10480,,8,0,0.0,254,2,0,0,0,0
5640.1,5670.1,RM_C10482,ramp,FW_W,10482,,10,14,1680.0,2896,13,0,0,0,0
5640.1,5670.1,RM_C10646,ramp,FW_W,10646,,18,0,0.0,493,2,0,0,0,0
5640.1,5670.1,RM_C10644,ramp,FW_W,10644,,22,4,480.0,669,4,0,0,0,0
5640.1,5670.1,RM_C10639,ramp,FW_E,10639,,10,3,360.0,638,0,0,0,0,0
5640.1,5670.1,RM_C10681,ramp,FW_E,10681,,12,8,960.0,1522,54,0,0,0,0
5640.1,5670.1,RM_C10490,ramp,FW_E,10490,,21,2,240.0,1071,10,0,0,0,0
5640.1,5670.1,RM_C10484,ramp,FW_E,10484,,23,5,600.0,705,4,0,0,0,0
5640.1,5670.1,OR_D_E_signal,offramp,FW_E,10481,18,,1,120.0,429,1,0,0,0,0
5640.1,5670.1,OR_D_E_direct,offramp,FW_E,10483,20,,9,1080.0,1572,2,0,0,0,0
5640.1,5670.1,OR_D_W_signal,offramp,FW_W,10491,9,,9,1080.0,1386,12,0,0,0,0
5640.1,5670.1,OR_D_W_direct,offramp,FW_W,10479,7,,9,1080.0,1286,4,0,0,0,0
5640.1,5670.1,OR_F_E_signal,offramp,FW_E,10643,9,,10,1200.0,969,39,0,0,0,0
5640.1,5670.1,OR_F_E_direct,offramp,FW_E,10682,11,,5,600.0,1904,1,0,0,0,0
5640.1,5670.1,OR_F_W_signal,offramp,FW_W,10638,19,,1,120.0,1065,0,0,0,0,0
5640.1,5670.1,OR_F_W_direct,offramp,FW_W,10645,16,,6,720.0,1698,4,0,0,0,0
5640.1,5670.1,source_1098,source,FW_E,,,0,55,6600.0,12016,,0,55,0,0
5640.1,5670.1,source_1099,source,FW_W,,,0,27,3240.0,6949,,0,27,0,0
5670.1,5700.1,RM_C10480,ramp,FW_W,10480,,8,2,240.0,256,0,0,0,0,2
5670.1,5700.1,RM_C10482,ramp,FW_W,10482,,10,9,1080.0,2905,15,0,0,0,0
5670.1,5700.1,RM_C10646,ramp,FW_W,10646,,18,3,360.0,496,1,0,0,0,2
5670.1,5700.1,RM_C10644,ramp,FW_W,10644,,22,1,120.0,670,6,0,0,0,0
5670.1,5700.1,RM_C10639,ramp,FW_E,10639,,10,0,0.0,638,3,0,0,0,0
5670.1,5700.1,RM_C10681,ramp,FW_E,10681,,12,6,720.0,1528,62,0,0,0,0
5670.1,5700.1,RM_C10490,ramp,FW_E,10490,,21,10,1200.0,1081,6,0,0,0,0
5670.1,5700.1,RM_C10484,ramp,FW_E,10484,,23,4,480.0,709,6,0,0,0,0
5670.1,5700.1,OR_D_E_signal,offramp,FW_E,10481,18,,9,1080.0,438,9,0,0,0,0
5670.1,5700.1,OR_D_E_direct,offramp,FW_E,10483,20,,9,1080.0,1581,5,0,0,0,0
5670.1,5700.1,OR_D_W_signal,offramp,FW_W,10491,9,,5,600.0,1391,10,0,0,0,2
5670.1,5700.1,OR_D_W_direct,offramp,FW_W,10479,7,,8,960.0,1294,3,0,0,0,0
5670.1,5700.1,OR_F_E_signal,offramp,FW_E,10643,9,,7,840.0,976,42,0,0,0,0
5670.1,5700.1,OR_F_E_direct,offramp,FW_E,10682,11,,13,1560.0,1917,5,0,0,0,0
5670.1,5700.1,OR_F_W_signal,offramp,FW_W,10638,19,,5,600.0,1070,1,0,0,0,2
5670.1,5700.1,OR_F_W_direct,offramp,FW_W,10645,16,,10,1200.0,1708,0,0,0,0,0
5670.1,5700.1,source_1098,source,FW_E,,,0,67,8040.0,12083,,0,67,0,0
5670.1,5700.1,source_1099,source,FW_W,,,0,23,2760.0,6972,,0,23,0,0
5700.1,5730.1,RM_C10480,ramp,FW_W,10480,,8,1,120.0,257,0,0,0,0,1
5700.1,5730.1,RM_C10482,ramp,FW_W,10482,,10,12,1440.0,2917,13,0,0,0,0
5700.1,5730.1,RM_C10646,ramp,FW_W,10646,,18,1,120.0,497,3,0,0,0,0
5700.1,5730.1,RM_C10644,ramp,FW_W,10644,,22,0,0.0,670,11,0,0,0,0
5700.1,5730.1,RM_C10639,ramp,FW_E,10639,,10,3,360.0,641,1,0,0,0,0
5700.1,5730.1,RM_C10681,ramp,FW_E,10681,,12,12,1440.0,1540,55,0,0,0,0
5700.1,5730.1,RM_C10490,ramp,FW_E,10490,,21,5,600.0,1086,9,0,0,0,0
5700.1,5730.1,RM_C10484,ramp,FW_E,10484,,23,5,600.0,714,5,0,0,0,0
5700.1,5730.1,OR_D_E_signal,offramp,FW_E,10481,18,,2,240.0,440,10,0,0,0,0
5700.1,5730.1,OR_D_E_direct,offramp,FW_E,10483,20,,13,1560.0,1594,9,0,0,0,0
5700.1,5730.1,OR_D_W_signal,offramp,FW_W,10491,9,,10,1200.0,1401,16,0,0,0,1
5700.1,5730.1,OR_D_W_direct,offramp,FW_W,10479,7,,5,600.0,1299,1,0,0,0,0
5700.1,5730.1,OR_F_E_signal,offramp,FW_E,10643,9,,5,600.0,981,42,0,0,0,0
5700.1,5730.1,OR_F_E_direct,offramp,FW_E,10682,11,,11,1320.0,1928,4,0,0,0,0
5700.1,5730.1,OR_F_W_signal,offramp,FW_W,10638,19,,1,120.0,1071,1,0,0,0,0
5700.1,5730.1,OR_F_W_direct,offramp,FW_W,10645,16,,12,1440.0,1720,8,0,0,0,0
5700.1,5730.1,source_1098,source,FW_E,,,0,71,8520.0,12154,,0,71,0,0
5700.1,5730.1,source_1099,source,FW_W,,,0,48,5760.0,7020,,0,48,0,0
5730.1,5760.1,RM_C10480,ramp,FW_W,10480,,8,0,0.0,257,0,0,0,0,0
5730.1,5760.1,RM_C10482,ramp,FW_W,10482,,10,10,1200.0,2927,16,0,0,0,0
5730.1,5760.1,RM_C10646,ramp,FW_W,10646,,18,3,360.0,500,1,0,0,0,1
5730.1,5760.1,RM_C10644,ramp,FW_W,10644,,22,3,360.0,673,11,0,0,0,0
5730.1,5760.1,RM_C10639,ramp,FW_E,10639,,10,0,0.0,641,7,0,0,0,0
5730.1,5760.1,RM_C10681,ramp,FW_E,10681,,12,14,1680.0,1554,42,0,0,0,0
5730.1,5760.1,RM_C10490,ramp,FW_E,10490,,21,9,1080.0,1095,6,0,0,0,0
5730.1,5760.1,RM_C10484,ramp,FW_E,10484,,23,3,360.0,717,5,0,0,0,0
5730.1,5760.1,OR_D_E_signal,offramp,FW_E,10481,18,,1,120.0,441,4,0,0,0,0
5730.1,5760.1,OR_D_E_direct,offramp,FW_E,10483,20,,7,840.0,1601,7,0,0,0,0
5730.1,5760.1,OR_D_W_signal,offramp,FW_W,10491,9,,4,480.0,1405,9,0,0,0,0
5730.1,5760.1,OR_D_W_direct,offramp,FW_W,10479,7,,6,720.0,1305,3,0,0,0,0
5730.1,5760.1,OR_F_E_signal,offramp,FW_E,10643,9,,7,840.0,988,44,0,0,0,0
5730.1,5760.1,OR_F_E_direct,offramp,FW_E,10682,11,,12,1440.0,1940,5,0,0,0,0
5730.1,5760.1,OR_F_W_signal,offramp,FW_W,10638,19,,7,840.0,1078,1,0,0,0,1
5730.1,5760.1,OR_F_W_direct,offramp,FW_W,10645,16,,9,1080.0,1729,3,0,0,0,0
5730.1,5760.1,source_1098,source,FW_E,,,0,72,8640.0,12226,,0,72,0,0
5730.1,5760.1,source_1099,source,FW_W,,,0,25,3000.0,7045,,0,25,0,0
5760.1,5790.1,RM_C10480,ramp,FW_W,10480,,8,1,120.0,258,0,0,0,0,0
5760.1,5790.1,RM_C10482,ramp,FW_W,10482,,10,11,1320.0,2938,9,0,0,0,0
5760.1,5790.1,RM_C10646,ramp,FW_W,10646,,18,1,120.0,501,0,0,0,0,0
5760.1,5790.1,RM_C10644,ramp,FW_W,10644,,22,0,0.0,673,13,0,0,0,0
5760.1,5790.1,RM_C10639,ramp,FW_E,10639,,10,5,600.0,646,4,0,0,0,0
5760.1,5790.1,RM_C10681,ramp,FW_E,10681,,12,9,1080.0,1563,44,0,0,0,0
5760.1,5790.1,RM_C10490,ramp,FW_E,10490,,21,6,720.0,1101,3,0,0,0,0
5760.1,5790.1,RM_C10484,ramp,FW_E,10484,,23,4,480.0,721,7,0,0,0,0
5760.1,5790.1,OR_D_E_signal,offramp,FW_E,10481,18,,1,120.0,442,1,0,0,0,0
5760.1,5790.1,OR_D_E_direct,offramp,FW_E,10483,20,,9,1080.0,1610,3,0,0,0,0
5760.1,5790.1,OR_D_W_signal,offramp,FW_W,10491,9,,8,960.0,1413,4,0,0,0,0
5760.1,5790.1,OR_D_W_direct,offramp,FW_W,10479,7,,8,960.0,1313,3,0,0,0,0
5760.1,5790.1,OR_F_E_signal,offramp,FW_E,10643,9,,5,600.0,993,45,0,0,0,0
5760.1,5790.1,OR_F_E_direct,offramp,FW_E,10682,11,,15,1800.0,1955,6,0,0,0,0
5760.1,5790.1,OR_F_W_signal,offramp,FW_W,10638,19,,2,240.0,1080,1,0,0,0,0
5760.1,5790.1,OR_F_W_direct,offramp,FW_W,10645,16,,5,600.0,1734,0,0,0,0,0
5760.1,5790.1,source_1098,source,FW_E,,,0,70,8400.0,12296,,0,70,0,0
5760.1,5790.1,source_1099,source,FW_W,,,0,41,4920.0,7086,,0,41,0,0
5790.1,5820.1,RM_C10480,ramp,FW_W,10480,,8,0,0.0,258,0,0,0,0,0
5790.1,5820.1,RM_C10482,ramp,FW_W,10482,,10,8,960.0,2946,11,0,0,0,0
5790.1,5820.1,RM_C10646,ramp,FW_W,10646,,18,0,0.0,501,4,0,0,0,0
5790.1,5820.1,RM_C10644,ramp,FW_W,10644,,22,9,1080.0,682,6,0,0,0,0
5790.1,5820.1,RM_C10639,ramp,FW_E,10639,,10,4,480.0,650,3,0,0,0,0
5790.1,5820.1,RM_C10681,ramp,FW_E,10681,,12,8,960.0,1571,53,0,0,0,0
5790.1,5820.1,RM_C10490,ramp,FW_E,10490,,21,2,240.0,1103,2,0,0,0,0
5790.1,5820.1,RM_C10484,ramp,FW_E,10484,,23,4,480.0,725,3,0,0,0,0
5790.1,5820.1,OR_D_E_signal,offramp,FW_E,10481,18,,2,240.0,444,2,0,0,0,0
5790.1,5820.1,OR_D_E_direct,offramp,FW_E,10483,20,,7,840.0,1617,1,0,0,0,0
5790.1,5820.1,OR_D_W_signal,offramp,FW_W,10491,9,,8,960.0,1421,2,0,0,0,0
5790.1,5820.1,OR_D_W_direct,offramp,FW_W,10479,7,,5,600.0,1318,3,0,0,0,0
5790.1,5820.1,OR_F_E_signal,offramp,FW_E,10643,9,,6,720.0,999,46,0,0,0,0
5790.1,5820.1,OR_F_E_direct,offramp,FW_E,10682,11,,9,1080.0,1964,3,0,0,0,0
5790.1,5820.1,OR_F_W_signal,offramp,FW_W,10638,19,,2,240.0,1082,0,0,0,0,0
5790.1,5820.1,OR_F_W_direct,offramp,FW_W,10645,16,,13,1560.0,1747,6,0,0,0,0
5790.1,5820.1,source_1098,source,FW_E,,,0,53,6360.0,12349,,0,53,0,0
5790.1,5820.1,source_1099,source,FW_W,,,0,30,3600.0,7116,,0,30,0,0
5820.1,5850.1,RM_C10480,ramp,FW_W,10480,,8,0,0.0,258,1,0,0,0,0
5820.1,5850.1,RM_C10482,ramp,FW_W,10482,,10,3,360.0,2949,18,0,0,0,0
5820.1,5850.1,RM_C10646,ramp,FW_W,10646,,18,4,480.0,505,2,0,0,0,1
5820.1,5850.1,RM_C10644,ramp,FW_W,10644,,22,4,480.0,686,2,0,0,0,0
5820.1,5850.1,RM_C10639,ramp,FW_E,10639,,10,3,360.0,653,0,0,0,0,0
5820.1,5850.1,RM_C10681,ramp,FW_E,10681,,12,6,720.0,1577,55,0,0,0,0
5820.1,5850.1,RM_C10490,ramp,FW_E,10490,,21,2,240.0,1105,3,0,0,0,0
5820.1,5850.1,RM_C10484,ramp,FW_E,10484,,23,3,360.0,728,1,0,0,0,0
5820.1,5850.1,OR_D_E_signal,offramp,FW_E,10481,18,,2,240.0,446,2,0,0,0,0
5820.1,5850.1,OR_D_E_direct,offramp,FW_E,10483,20,,8,960.0,1625,7,0,0,0,0
5820.1,5850.1,OR_D_W_signal,offramp,FW_W,10491,9,,8,960.0,1429,3,0,0,0,0
5820.1,5850.1,OR_D_W_direct,offramp,FW_W,10479,7,,5,600.0,1323,1,0,0,0,0
5820.1,5850.1,OR_F_E_signal,offramp,FW_E,10643,9,,2,240.0,1001,41,0,0,0,0
5820.1,5850.1,OR_F_E_direct,offramp,FW_E,10682,11,,8,960.0,1972,5,0,0,0,0
5820.1,5850.1,OR_F_W_signal,offramp,FW_W,10638,19,,9,1080.0,1091,4,0,0,0,1
5820.1,5850.1,OR_F_W_direct,offramp,FW_W,10645,16,,7,840.0,1754,2,0,0,0,0
5820.1,5850.1,source_1098,source,FW_E,,,0,59,7080.0,12408,,0,59,0,0
5820.1,5850.1,source_1099,source,FW_W,,,0,47,5640.0,7163,,0,47,0,0
5850.1,5880.1,RM_C10480,ramp,FW_W,10480,,8,3,360.0,261,0,0,0,0,2
5850.1,5880.1,RM_C10482,ramp,FW_W,10482,,10,12,1440.0,2961,13,0,0,0,0
5850.1,5880.1,RM_C10646,ramp,FW_W,10646,,18,2,240.0,507,3,0,0,0,0
5850.1,5880.1,RM_C10644,ramp,FW_W,10644,,22,0,0.0,686,7,0,0,0,0
5850.1,5880.1,RM_C10639,ramp,FW_E,10639,,10,0,0.0,653,1,0,0,0,0
5850.1,5880.1,RM_C10681,ramp,FW_E,10681,,12,11,1320.0,1588,50,0,0,0,0
5850.1,5880.1,RM_C10490,ramp,FW_E,10490,,21,3,360.0,1108,1,0,0,0,0
5850.1,5880.1,RM_C10484,ramp,FW_E,10484,,23,0,0.0,728,4,0,0,0,0
5850.1,5880.1,OR_D_E_signal,offramp,FW_E,10481,18,,3,360.0,449,5,0,0,0,0
5850.1,5880.1,OR_D_E_direct,offramp,FW_E,10483,20,,14,1680.0,1639,5,0,0,0,0
5850.1,5880.1,OR_D_W_signal,offramp,FW_W,10491,9,,6,720.0,1435,5,0,0,0,2
5850.1,5880.1,OR_D_W_direct,offramp,FW_W,10479,7,,6,720.0,1329,3,0,0,0,0
5850.1,5880.1,OR_F_E_signal,offramp,FW_E,10643,9,,3,360.0,1004,38,0,0,0,0
5850.1,5880.1,OR_F_E_direct,offramp,FW_E,10682,11,,6,720.0,1978,6,0,0,0,0
5850.1,5880.1,OR_F_W_signal,offramp,FW_W,10638,19,,4,480.0,1095,1,0,0,0,0
5850.1,5880.1,OR_F_W_direct,offramp,FW_W,10645,16,,6,720.0,1760,2,0,0,0,0
5850.1,5880.1,source_1098,source,FW_E,,,0,64,7680.0,12472,,0,64,0,0
5850.1,5880.1,source_1099,source,FW_W,,,0,32,3840.0,7195,,0,32,0,0
5880.1,5910.1,RM_C10480,ramp,FW_W,10480,,8,0,0.0,261,0,0,0,0,0
5880.1,5910.1,RM_C10482,ramp,FW_W,10482,,10,12,1440.0,2973,22,0,0,0,0
5880.1,5910.1,RM_C10646,ramp,FW_W,10646,,18,3,360.0,510,2,0,0,0,2
5880.1,5910.1,RM_C10644,ramp,FW_W,10644,,22,2,240.0,688,8,0,0,0,0
5880.1,5910.1,RM_C10639,ramp,FW_E,10639,,10,1,120.0,654,1,0,0,0,0
5880.1,5910.1,RM_C10681,ramp,FW_E,10681,,12,8,960.0,1596,42,0,0,0,0
5880.1,5910.1,RM_C10490,ramp,FW_E,10490,,21,1,120.0,1109,5,0,0,0,0
5880.1,5910.1,RM_C10484,ramp,FW_E,10484,,23,4,480.0,732,3,0,0,0,0
5880.1,5910.1,OR_D_E_signal,offramp,FW_E,10481,18,,5,600.0,454,4,0,0,0,0
5880.1,5910.1,OR_D_E_direct,offramp,FW_E,10483,20,,14,1680.0,1653,3,0,0,0,0
5880.1,5910.1,OR_D_W_signal,offramp,FW_W,10491,9,,6,720.0,1441,2,0,0,0,0
5880.1,5910.1,OR_D_W_direct,offramp,FW_W,10479,7,,7,840.0,1336,1,0,0,0,0
5880.1,5910.1,OR_F_E_signal,offramp,FW_E,10643,9,,8,960.0,1012,41,0,0,0,0
5880.1,5910.1,OR_F_E_direct,offramp,FW_E,10682,11,,16,1920.0,1994,4,0,0,0,0
5880.1,5910.1,OR_F_W_signal,offramp,FW_W,10638,19,,6,720.0,1101,0,0,0,0,2
5880.1,5910.1,OR_F_W_direct,offramp,FW_W,10645,16,,6,720.0,1766,1,0,0,0,0
5880.1,5910.1,source_1098,source,FW_E,,,0,74,8880.0,12546,,0,74,0,0
5880.1,5910.1,source_1099,source,FW_W,,,0,21,2520.0,7216,,0,21,0,0
5910.1,5940.1,RM_C10480,ramp,FW_W,10480,,8,0,0.0,261,0,0,0,0,0
5910.1,5940.1,RM_C10482,ramp,FW_W,10482,,10,10,1200.0,2983,18,0,0,0,0
5910.1,5940.1,RM_C10646,ramp,FW_W,10646,,18,0,0.0,510,2,0,0,0,0
5910.1,5940.1,RM_C10644,ramp,FW_W,10644,,22,2,240.0,690,6,0,0,0,0
5910.1,5940.1,RM_C10639,ramp,FW_E,10639,,10,1,120.0,655,0,0,0,0,0
5910.1,5940.1,RM_C10681,ramp,FW_E,10681,,12,6,720.0,1602,44,0,0,0,0
5910.1,5940.1,RM_C10490,ramp,FW_E,10490,,21,5,600.0,1114,1,0,0,0,0
5910.1,5940.1,RM_C10484,ramp,FW_E,10484,,23,0,0.0,732,4,0,0,0,0
5910.1,5940.1,OR_D_E_signal,offramp,FW_E,10481,18,,5,600.0,459,5,0,0,0,0
5910.1,5940.1,OR_D_E_direct,offramp,FW_E,10483,20,,9,1080.0,1662,3,0,0,0,0
5910.1,5940.1,OR_D_W_signal,offramp,FW_W,10491,9,,7,840.0,1448,2,0,0,0,0
5910.1,5940.1,OR_D_W_direct,offramp,FW_W,10479,7,,5,600.0,1341,2,0,0,0,0
5910.1,5940.1,OR_F_E_signal,offramp,FW_E,10643,9,,9,1080.0,1021,45,0,0,0,0
5910.1,5940.1,OR_F_E_direct,offramp,FW_E,10682,11,,11,1320.0,2005,4,0,0,0,0
5910.1,5940.1,OR_F_W_signal,offramp,FW_W,10638,19,,0,0.0,1101,0,0,0,0,0
5910.1,5940.1,OR_F_W_direct,offramp,FW_W,10645,16,,8,960.0,1774,6,0,0,0,0
5910.1,5940.1,source_1098,source,FW_E,,,0,69,8280.0,12615,,0,69,0,0
5910.1,5940.1,source_1099,source,FW_W,,,0,28,3360.0,7244,,0,28,0,0
5940.1,5970.1,RM_C10480,ramp,FW_W,10480,,8,0,0.0,261,1,0,0,0,0
5940.1,5970.1,RM_C10482,ramp,FW_W,10482,,10,16,1920.0,2999,13,0,0,0,0
5940.1,5970.1,RM_C10646,ramp,FW_W,10646,,18,2,240.0,512,4,0,0,0,0
5940.1,5970.1,RM_C10644,ramp,FW_W,10644,,22,3,360.0,693,6,0,0,0,0
5940.1,5970.1,RM_C10639,ramp,FW_E,10639,,10,0,0.0,655,1,0,0,0,0
5940.1,5970.1,RM_C10681,ramp,FW_E,10681,,12,8,960.0,1610,50,0,0,0,0
5940.1,5970.1,RM_C10490,ramp,FW_E,10490,,21,1,120.0,1115,7,0,0,0,0
5940.1,5970.1,RM_C10484,ramp,FW_E,10484,,23,4,480.0,736,1,0,0,0,0
5940.1,5970.1,OR_D_E_signal,offramp,FW_E,10481,18,,2,240.0,461,4,0,0,0,0
5940.1,5970.1,OR_D_E_direct,offramp,FW_E,10483,20,,11,1320.0,1673,0,0,0,0,0
5940.1,5970.1,OR_D_W_signal,offramp,FW_W,10491,9,,2,240.0,1450,0,0,0,0,0
5940.1,5970.1,OR_D_W_direct,offramp,FW_W,10479,7,,9,1080.0,1350,4,0,0,0,0
5940.1,5970.1,OR_F_E_signal,offramp,FW_E,10643,9,,2,240.0,1023,42,0,0,0,0
5940.1,5970.1,OR_F_E_direct,offramp,FW_E,10682,11,,9,1080.0,2014,1,0,0,0,0
5940.1,5970.1,OR_F_W_signal,offramp,FW_W,10638,19,,7,840.0,1108,1,0,0,0,0
5940.1,5970.1,OR_F_W_direct,offramp,FW_W,10645,16,,13,1560.0,1787,5,0,0,0,0
5940.1,5970.1,source_1098,source,FW_E,,,0,71,8520.0,12686,,0,71,0,0
5940.1,5970.1,source_1099,source,FW_W,,,0,34,4080.0,7278,,0,34,0,0
5970.1,6000.1,RM_C10480,ramp,FW_W,10480,,8,2,240.0,263,0,0,0,0,2
5970.1,6000.1,RM_C10482,ramp,FW_W,10482,,10,8,960.0,3007,14,0,0,0,0
5970.1,6000.1,RM_C10646,ramp,FW_W,10646,,18,5,600.0,517,7,0,0,0,3
5970.1,6000.1,RM_C10644,ramp,FW_W,10644,,22,3,360.0,696,6,0,0,0,0
5970.1,6000.1,RM_C10639,ramp,FW_E,10639,,10,0,0.0,655,3,0,0,0,0
5970.1,6000.1,RM_C10681,ramp,FW_E,10681,,12,7,840.0,1617,50,0,0,0,0
5970.1,6000.1,RM_C10490,ramp,FW_E,10490,,21,7,840.0,1122,4,0,0,0,0
5970.1,6000.1,RM_C10484,ramp,FW_E,10484,,23,1,120.0,737,2,0,0,0,0
5970.1,6000.1,OR_D_E_signal,offramp,FW_E,10481,18,,1,120.0,462,2,0,0,0,0
5970.1,6000.1,OR_D_E_direct,offramp,FW_E,10483,20,,7,840.0,1680,5,0,0,0,0
5970.1,6000.1,OR_D_W_signal,offramp,FW_W,10491,9,,11,1320.0,1461,2,0,0,0,2
5970.1,6000.1,OR_D_W_direct,offramp,FW_W,10479,7,,5,600.0,1355,3,0,0,0,0
5970.1,6000.1,OR_F_E_signal,offramp,FW_E,10643,9,,3,360.0,1026,36,0,0,0,0
5970.1,6000.1,OR_F_E_direct,offramp,FW_E,10682,11,,10,1200.0,2024,1,0,0,0,0
5970.1,6000.1,OR_F_W_signal,offramp,FW_W,10638,19,,5,600.0,1113,2,0,0,0,3
5970.1,6000.1,OR_F_W_direct,offramp,FW_W,10645,16,,5,600.0,1792,2,0,0,0,0
5970.1,6000.1,source_1098,source,FW_E,,,0,55,6600.0,12741,,0,55,0,0
5970.1,6000.1,source_1099,source,FW_W,,,0,57,6840.0,7335,,0,57,0,0
6000.1,6030.1,RM_C10480,ramp,FW_W,10480,,8,0,0.0,263,0,0,0,0,0
6000.1,6030.1,RM_C10482,ramp,FW_W,10482,,10,14,1680.0,3021,6,0,0,0,0
6000.1,6030.1,RM_C10646,ramp,FW_W,10646,,18,7,840.0,524,3,0,0,0,4
6000.1,6030.1,RM_C10644,ramp,FW_W,10644,,22,0,0.0,696,11,0,0,0,0
6000.1,6030.1,RM_C10639,ramp,FW_E,10639,,10,2,240.0,657,2,0,0,0,0
6000.1,6030.1,RM_C10681,ramp,FW_E,10681,,12,7,840.0,1624,46,0,0,0,0
6000.1,6030.1,RM_C10490,ramp,FW_E,10490,,21,5,600.0,1127,1,0,0,0,0
6000.1,6030.1,RM_C10484,ramp,FW_E,10484,,23,1,120.0,738,3,0,0,0,0
6000.1,6030.1,OR_D_E_signal,offramp,FW_E,10481,18,,4,480.0,466,6,0,0,0,0
6000.1,6030.1,OR_D_E_direct,offramp,FW_E,10483,20,,8,960.0,1688,6,0,0,0,0
6000.1,6030.1,OR_D_W_signal,offramp,FW_W,10491,9,,6,720.0,1467,2,0,0,0,0
6000.1,6030.1,OR_D_W_direct,offramp,FW_W,10479,7,,10,1200.0,1365,3,0,0,0,0
6000.1,6030.1,OR_F_E_signal,offramp,FW_E,10643,9,,7,840.0,1033,37,0,0,0,0
6000.1,6030.1,OR_F_E_direct,offramp,FW_E,10682,11,,10,1200.0,2034,2,0,0,0,0
6000.1,6030.1,OR_F_W_signal,offramp,FW_W,10638,19,,11,1320.0,1124,3,0,0,0,4
6000.1,6030.1,OR_F_W_direct,offramp,FW_W,10645,16,,12,1440.0,1804,7,0,0,0,0
6000.1,6030.1,source_1098,source,FW_E,,,0,63,7560.0,12804,,0,63,0,0
6000.1,6030.1,source_1099,source,FW_W,,,0,34,4080.0,7369,,0,34,0,0
6030.1,6060.1,RM_C10480,ramp,FW_W,10480,,8,0,0.0,263,0,0,0,0,0
6030.1,6060.1,RM_C10482,ramp,FW_W,10482,,10,3,360.0,3024,17,0,0,0,0
6030.1,6060.1,RM_C10646,ramp,FW_W,10646,,18,3,360.0,527,0,0,0,0,2
6030.1,6060.1,RM_C10644,ramp,FW_W,10644,,22,3,360.0,699,11,0,0,0,0
6030.1,6060.1,RM_C10639,ramp,FW_E,10639,,10,2,240.0,659,3,0,0,0,0
6030.1,6060.1,RM_C10681,ramp,FW_E,10681,,12,8,960.0,1632,38,0,0,0,0
6030.1,6060.1,RM_C10490,ramp,FW_E,10490,,21,1,120.0,1128,1,0,0,0,0
6030.1,6060.1,RM_C10484,ramp,FW_E,10484,,23,2,240.0,740,1,0,0,0,0
6030.1,6060.1,OR_D_E_signal,offramp,FW_E,10481,18,,3,360.0,469,2,0,0,0,0
6030.1,6060.1,OR_D_E_direct,offramp,FW_E,10483,20,,13,1560.0,1701,7,0,0,0,0
6030.1,6060.1,OR_D_W_signal,offramp,FW_W,10491,9,,10,1200.0,1477,1,0,0,0,0
6030.1,6060.1,OR_D_W_direct,offramp,FW_W,10479,7,,4,480.0,1369,2,0,0,0,0
6030.1,6060.1,OR_F_E_signal,offramp,FW_E,10643,9,,5,600.0,1038,33,0,0,0,0
6030.1,6060.1,OR_F_E_direct,offramp,FW_E,10682,11,,6,720.0,2040,3,0,0,0,0
6030.1,6060.1,OR_F_W_signal,offramp,FW_W,10638,19,,8,960.0,1132,1,0,0,0,2
6030.1,6060.1,OR_F_W_direct,offramp,FW_W,10645,16,,11,1320.0,1815,4,0,0,0,0
6030.1,6060.1,source_1098,source,FW_E,,,0,69,8280.0,12873,,0,69,0,0
6030.1,6060.1,source_1099,source,FW_W,,,0,21,2520.0,7390,,0,21,0,0
6060.1,6090.1,RM_C10480,ramp,FW_W,10480,,8,0,0.0,263,0,0,0,0,0
6060.1,6090.1,RM_C10482,ramp,FW_W,10482,,10,11,1320.0,3035,16,0,0,0,0
6060.1,6090.1,RM_C10646,ramp,FW_W,10646,,18,0,0.0,527,1,0,0,0,0
6060.1,6090.1,RM_C10644,ramp,FW_W,10644,,22,6,720.0,705,5,0,0,0,0
6060.1,6090.1,RM_C10639,ramp,FW_E,10639,,10,2,240.0,661,5,0,0,0,0
6060.1,6090.1,RM_C10681,ramp,FW_E,10681,,12,6,720.0,1638,40,0,0,0,0
6060.1,6090.1,RM_C10490,ramp,FW_E,10490,,21,1,120.0,1129,3,0,0,0,0
6060.1,6090.1,RM_C10484,ramp,FW_E,10484,,23,1,120.0,741,2,0,0,0,0
6060.1,6090.1,OR_D_E_signal,offramp,FW_E,10481,18,,0,0.0,469,0,0,0,0,0
6060.1,6090.1,OR_D_E_direct,offramp,FW_E,10483,20,,9,1080.0,1710,5,0,0,0,0
6060.1,6090.1,OR_D_W_signal,offramp,FW_W,10491,9,,4,480.0,1481,2,0,0,0,0
6060.1,6090.1,OR_D_W_direct,offramp,FW_W,10479,7,,10,1200.0,1379,1,0,0,0,0
6060.1,6090.1,OR_F_E_signal,offramp,FW_E,10643,9,,3,360.0,1041,33,0,0,0,0
6060.1,6090.1,OR_F_E_direct,offramp,FW_E,10682,11,,11,1320.0,2051,9,0,0,0,0
6060.1,6090.1,OR_F_W_signal,offramp,FW_W,10638,19,,1,120.0,1133,1,0,0,0,0
6060.1,6090.1,OR_F_W_direct,offramp,FW_W,10645,16,,7,840.0,1822,4,0,0,0,0
6060.1,6090.1,source_1098,source,FW_E,,,0,72,8640.0,12945,,0,72,0,0
6060.1,6090.1,source_1099,source,FW_W,,,0,31,3720.0,7421,,0,31,0,0
6090.1,6120.1,RM_C10480,ramp,FW_W,10480,,8,0,0.0,263,0,0,0,0,0
6090.1,6120.1,RM_C10482,ramp,FW_W,10482,,10,10,1200.0,3045,11,0,0,0,0
6090.1,6120.1,RM_C10646,ramp,FW_W,10646,,18,0,0.0,527,5,0,0,0,0
6090.1,6120.1,RM_C10644,ramp,FW_W,10644,,22,3,360.0,708,5,0,0,0,0
6090.1,6120.1,RM_C10639,ramp,FW_E,10639,,10,5,600.0,666,3,0,0,0,0
6090.1,6120.1,RM_C10681,ramp,FW_E,10681,,12,5,600.0,1643,55,0,0,0,0
6090.1,6120.1,RM_C10490,ramp,FW_E,10490,,21,3,360.0,1132,5,0,0,0,0
6090.1,6120.1,RM_C10484,ramp,FW_E,10484,,23,2,240.0,743,3,0,0,0,0
6090.1,6120.1,OR_D_E_signal,offramp,FW_E,10481,18,,1,120.0,470,1,0,0,0,0
6090.1,6120.1,OR_D_E_direct,offramp,FW_E,10483,20,,4,480.0,1714,0,0,0,0,0
6090.1,6120.1,OR_D_W_signal,offramp,FW_W,10491,9,,8,960.0,1489,3,0,0,0,0
6090.1,6120.1,OR_D_W_direct,offramp,FW_W,10479,7,,3,360.0,1382,0,0,0,0,0
6090.1,6120.1,OR_F_E_signal,offramp,FW_E,10643,9,,5,600.0,1046,33,0,0,0,0
6090.1,6120.1,OR_F_E_direct,offramp,FW_E,10682,11,,16,1920.0,2067,5,0,0,0,0
6090.1,6120.1,OR_F_W_signal,offramp,FW_W,10638,19,,1,120.0,1134,1,0,0,0,0
6090.1,6120.1,OR_F_W_direct,offramp,FW_W,10645,16,,3,360.0,1825,0,0,0,0,0
6090.1,6120.1,source_1098,source,FW_E,,,0,62,7440.0,13007,,0,62,0,0
6090.1,6120.1,source_1099,source,FW_W,,,0,40,4800.0,7461,,0,40,0,0
6120.1,6150.1,RM_C10480,ramp,FW_W,10480,,8,1,120.0,264,0,0,0,0,1
6120.1,6150.1,RM_C10482,ramp,FW_W,10482,,10,10,1200.0,3055,15,0,0,0,0
6120.1,6150.1,RM_C10646,ramp,FW_W,10646,,18,5,600.0,532,3,0,0,0,2
6120.1,6150.1,RM_C10644,ramp,FW_W,10644,,22,2,240.0,710,5,0,0,0,0
6120.1,6150.1,RM_C10639,ramp,FW_E,10639,,10,3,360.0,669,3,0,0,0,0
6120.1,6150.1,RM_C10681,ramp,FW_E,10681,,12,6,720.0,1649,57,0,0,0,0
6120.1,6150.1,RM_C10490,ramp,FW_E,10490,,21,5,600.0,1137,7,0,0,0,0
6120.1,6150.1,RM_C10484,ramp,FW_E,10484,,23,3,360.0,746,7,0,0,0,0
6120.1,6150.1,OR_D_E_signal,offramp,FW_E,10481,18,,0,0.0,470,0,0,0,0,0
6120.1,6150.1,OR_D_E_direct,offramp,FW_E,10483,20,,14,1680.0,1728,2,0,0,0,0
6120.1,6150.1,OR_D_W_signal,offramp,FW_W,10491,9,,10,1200.0,1499,5,0,0,0,1
6120.1,6150.1,OR_D_W_direct,offramp,FW_W,10479,7,,5,600.0,1387,2,0,0,0,0
6120.1,6150.1,OR_F_E_signal,offramp,FW_E,10643,9,,6,720.0,1052,27,0,0,0,0
6120.1,6150.1,OR_F_E_direct,offramp,FW_E,10682,11,,12,1440.0,2079,7,0,0,0,0
6120.1,6150.1,OR_F_W_signal,offramp,FW_W,10638,19,,7,840.0,1141,1,0,0,0,2
6120.1,6150.1,OR_F_W_direct,offramp,FW_W,10645,16,,2,240.0,1827,2,0,0,0,0
6120.1,6150.1,source_1098,source,FW_E,,,0,60,7200.0,13067,,0,60,0,0
6120.1,6150.1,source_1099,source,FW_W,,,0,57,6840.0,7518,,0,57,0,0
6150.1,6180.1,RM_C10480,ramp,FW_W,10480,,8,0,0.0,264,0,0,0,0,0
6150.1,6180.1,RM_C10482,ramp,FW_W,10482,,10,12,1440.0,3067,11,0,0,0,0
6150.1,6180.1,RM_C10646,ramp,FW_W,10646,,18,3,360.0,535,5,0,0,0,2
6150.1,6180.1,RM_C10644,ramp,FW_W,10644,,22,1,120.0,711,5,0,0,0,0
6150.1,6180.1,RM_C10639,ramp,FW_E,10639,,10,2,240.0,671,1,0,0,0,0
6150.1,6180.1,RM_C10681,ramp,FW_E,10681,,12,9,1080.0,1658,59,0,0,0,0
6150.1,6180.1,RM_C10490,ramp,FW_E,10490,,21,7,840.0,1144,4,0,0,0,0
6150.1,6180.1,RM_C10484,ramp,FW_E,10484,,23,6,720.0,752,2,0,0,0,0
6150.1,6180.1,OR_D_E_signal,offramp,FW_E,10481,18,,0,0.0,470,0,0,0,0,0
6150.1,6180.1,OR_D_E_direct,offramp,FW_E,10483,20,,10,1200.0,1738,3,0,0,0,0
6150.1,6180.1,OR_D_W_signal,offramp,FW_W,10491,9,,11,1320.0,1510,3,0,0,0,0
6150.1,6180.1,OR_D_W_direct,offramp,FW_W,10479,7,,8,960.0,1395,2,0,0,0,0
6150.1,6180.1,OR_F_E_signal,offramp,FW_E,10643,9,,8,960.0,1060,25,0,0,0,0
6150.1,6180.1,OR_F_E_direct,offramp,FW_E,10682,11,,13,1560.0,2092,2,0,0,0,0
6150.1,6180.1,OR_F_W_signal,offramp,FW_W,10638,19,,5,600.0,1146,2,0,0,0,2
6150.1,6180.1,OR_F_W_direct,offramp,FW_W,10645,16,,15,1800.0,1842,3,0,0,0,0
6150.1,6180.1,source_1098,source,FW_E,,,0,68,8160.0,13135,,0,68,0,0
6150.1,6180.1,source_1099,source,FW_W,,,0,52,6240.0,7570,,0,52,0,0
6180.1,6210.1,RM_C10480,ramp,FW_W,10480,,8,2,240.0,266,0,0,0,0,1
6180.1,6210.1,RM_C10482,ramp,FW_W,10482,,10,8,960.0,3075,9,0,0,0,0
6180.1,6210.1,RM_C10646,ramp,FW_W,10646,,18,0,0.0,535,5,0,0,0,0
6180.1,6210.1,RM_C10644,ramp,FW_W,10644,,22,4,480.0,715,3,0,0,0,0
6180.1,6210.1,RM_C10639,ramp,FW_E,10639,,10,1,120.0,672,2,0,0,0,0
6180.1,6210.1,RM_C10681,ramp,FW_E,10681,,12,10,1200.0,1668,54,0,0,0,0
6180.1,6210.1,RM_C10490,ramp,FW_E,10490,,21,4,480.0,1148,1,0,0,0,0
6180.1,6210.1,RM_C10484,ramp,FW_E,10484,,23,2,240.0,754,4,0,0,0,0
6180.1,6210.1,OR_D_E_signal,offramp,FW_E,10481,18,,4,480.0,474,2,0,0,0,0
6180.1,6210.1,OR_D_E_direct,offramp,FW_E,10483,20,,3,360.0,1741,0,0,0,0,0
6180.1,6210.1,OR_D_W_signal,offramp,FW_W,10491,9,,6,720.0,1516,3,0,0,0,1
6180.1,6210.1,OR_D_W_direct,offramp,FW_W,10479,7,,10,1200.0,1405,2,0,0,0,0
6180.1,6210.1,OR_F_E_signal,offramp,FW_E,10643,9,,5,600.0,1065,21,0,0,0,0
6180.1,6210.1,OR_F_E_direct,offramp,FW_E,10682,11,,12,1440.0,2104,6,0,0,0,0
6180.1,6210.1,OR_F_W_signal,offramp,FW_W,10638,19,,2,240.0,1148,1,0,0,0,0
6180.1,6210.1,OR_F_W_direct,offramp,FW_W,10645,16,,9,1080.0,1851,6,0,0,0,0
6180.1,6210.1,source_1098,source,FW_E,,,0,59,7080.0,13194,,0,59,0,0
6180.1,6210.1,source_1099,source,FW_W,,,0,29,3480.0,7599,,0,29,0,0
6210.1,6240.1,RM_C10480,ramp,FW_W,10480,,8,0,0.0,266,0,0,0,0,0
6210.1,6240.1,RM_C10482,ramp,FW_W,10482,,10,5,600.0,3080,9,0,0,0,0
6210.1,6240.1,RM_C10646,ramp,FW_W,10646,,18,5,600.0,540,0,0,0,0,2
6210.1,6240.1,RM_C10644,ramp,FW_W,10644,,22,0,0.0,715,5,0,0,0,0
6210.1,6240.1,RM_C10639,ramp,FW_E,10639,,10,1,120.0,673,3,0,0,0,0
6210.1,6240.1,RM_C10681,ramp,FW_E,10681,,12,9,1080.0,1677,52,0,0,0,0
6210.1,6240.1,RM_C10490,ramp,FW_E,10490,,21,1,120.0,1149,1,0,0,0,0
6210.1,6240.1,RM_C10484,ramp,FW_E,10484,,23,2,240.0,756,4,0,0,0,0
6210.1,6240.1,OR_D_E_signal,offramp,FW_E,10481,18,,0,0.0,474,1,0,0,0,0
6210.1,6240.1,OR_D_E_direct,offramp,FW_E,10483,20,,8,960.0,1749,0,0,0,0,0
6210.1,6240.1,OR_D_W_signal,offramp,FW_W,10491,9,,7,840.0,1523,2,0,0,0,0
6210.1,6240.1,OR_D_W_direct,offramp,FW_W,10479,7,,11,1320.0,1416,6,0,0,0,0
6210.1,6240.1,OR_F_E_signal,offramp,FW_E,10643,9,,5,600.0,1070,25,0,0,0,0
6210.1,6240.1,OR_F_E_direct,offramp,FW_E,10682,11,,8,960.0,2112,1,0,0,0,0
6210.1,6240.1,OR_F_W_signal,offramp,FW_W,10638,19,,7,840.0,1155,1,0,0,0,2
6210.1,6240.1,OR_F_W_direct,offramp,FW_W,10645,16,,3,360.0,1854,3,0,0,0,0
6210.1,6240.1,source_1098,source,FW_E,,,0,59,7080.0,13253,,0,59,0,0
6210.1,6240.1,source_1099,source,FW_W,,,0,21,2520.0,7620,,0,21,0,0
6240.1,6270.1,RM_C10480,ramp,FW_W,10480,,8,1,120.0,267,2,0,0,0,0
6240.1,6270.1,RM_C10482,ramp,FW_W,10482,,10,7,840.0,3087,6,0,0,0,0
6240.1,6270.1,RM_C10646,ramp,FW_W,10646,,18,0,0.0,540,5,0,0,0,0
6240.1,6270.1,RM_C10644,ramp,FW_W,10644,,22,2,240.0,717,3,0,0,0,0
6240.1,6270.1,RM_C10639,ramp,FW_E,10639,,10,3,360.0,676,2,0,0,0,0
6240.1,6270.1,RM_C10681,ramp,FW_E,10681,,12,11,1320.0,1688,50,0,0,0,0
6240.1,6270.1,RM_C10490,ramp,FW_E,10490,,21,1,120.0,1150,5,0,0,0,0
6240.1,6270.1,RM_C10484,ramp,FW_E,10484,,23,3,360.0,759,4,0,0,0,0
6240.1,6270.1,OR_D_E_signal,offramp,FW_E,10481,18,,3,360.0,477,2,0,0,0,0
6240.1,6270.1,OR_D_E_direct,offramp,FW_E,10483,20,,15,1800.0,1764,4,0,0,0,0
6240.1,6270.1,OR_D_W_signal,offramp,FW_W,10491,9,,10,1200.0,1533,9,0,0,0,0
6240.1,6270.1,OR_D_W_direct,offramp,FW_W,10479,7,,9,1080.0,1425,0,0,0,0,0
6240.1,6270.1,OR_F_E_signal,offramp,FW_E,10643,9,,4,480.0,1074,24,0,0,0,0
6240.1,6270.1,OR_F_E_direct,offramp,FW_E,10682,11,,11,1320.0,2123,3,0,0,0,0
6240.1,6270.1,OR_F_W_signal,offramp,FW_W,10638,19,,3,360.0,1158,1,0,0,0,0
6240.1,6270.1,OR_F_W_direct,offramp,FW_W,10645,16,,10,1200.0,1864,2,0,0,0,0
6240.1,6270.1,source_1098,source,FW_E,,,0,71,8520.0,13324,,0,71,0,0
6240.1,6270.1,source_1099,source,FW_W,,,0,17,2040.0,7637,,0,17,0,0
6270.1,6300.1,RM_C10480,ramp,FW_W,10480,,8,3,360.0,270,1,0,0,0,3
6270.1,6300.1,RM_C10482,ramp,FW_W,10482,,10,5,600.0,3092,9,0,0,0,0
6270.1,6300.1,RM_C10646,ramp,FW_W,10646,,18,5,600.0,545,5,0,0,0,0
6270.1,6300.1,RM_C10644,ramp,FW_W,10644,,22,3,360.0,720,4,0,0,0,0
6270.1,6300.1,RM_C10639,ramp,FW_E,10639,,10,2,240.0,678,0,0,0,0,0
6270.1,6300.1,RM_C10681,ramp,FW_E,10681,,12,8,960.0,1696,55,0,0,0,0
6270.1,6300.1,RM_C10490,ramp,FW_E,10490,,21,5,600.0,1155,6,0,0,0,0
6270.1,6300.1,RM_C10484,ramp,FW_E,10484,,23,3,360.0,762,4,0,0,0,0
6270.1,6300.1,OR_D_E_signal,offramp,FW_E,10481,18,,9,1080.0,486,8,0,0,0,0
6270.1,6300.1,OR_D_E_direct,offramp,FW_E,10483,20,,5,600.0,1769,0,0,0,0,0
6270.1,6300.1,OR_D_W_signal,offramp,FW_W,10491,9,,10,1200.0,1543,8,0,0,0,3
6270.1,6300.1,OR_D_W_direct,offramp,FW_W,10479,7,,9,1080.0,1434,3,0,0,0,0
6270.1,6300.1,OR_F_E_signal,offramp,FW_E,10643,9,,3,360.0,1077,26,0,0,0,0
6270.1,6300.1,OR_F_E_direct,offramp,FW_E,10682,11,,12,1440.0,2135,5,0,0,0,0
6270.1,6300.1,OR_F_W_signal,offramp,FW_W,10638,19,,4,480.0,1162,0,0,0,0,0
6270.1,6300.1,OR_F_W_direct,offramp,FW_W,10645,16,,7,840.0,1871,2,0,0,0,0
6270.1,6300.1,source_1098,source,FW_E,,,0,74,8880.0,13398,,0,74,0,0
6270.1,6300.1,source_1099,source,FW_W,,,0,39,4680.0,7676,,0,39,0,0
6300.1,6330.1,RM_C10480,ramp,FW_W,10480,,8,3,360.0,273,1,0,0,0,2
6300.1,6330.1,RM_C10482,ramp,FW_W,10482,,10,5,600.0,3097,10,0,0,0,0
6300.1,6330.1,RM_C10646,ramp,FW_W,10646,,18,6,720.0,551,0,0,0,0,3
6300.1,6330.1,RM_C10644,ramp,FW_W,10644,,22,0,0.0,720,6,0,0,0,0
6300.1,6330.1,RM_C10639,ramp,FW_E,10639,,10,0,0.0,678,4,0,0,0,0
6300.1,6330.1,RM_C10681,ramp,FW_E,10681,,12,7,840.0,1703,54,0,0,0,0
6300.1,6330.1,RM_C10490,ramp,FW_E,10490,,21,6,720.0,1161,5,0,0,0,0
6300.1,6330.1,RM_C10484,ramp,FW_E,10484,,23,3,360.0,765,2,0,0,0,0
6300.1,6330.1,OR_D_E_signal,offramp,FW_E,10481,18,,1,120.0,487,8,0,0,0,0
6300.1,6330.1,OR_D_E_direct,offramp,FW_E,10483,20,,9,1080.0,1778,1,0,0,0,0
6300.1,6330.1,OR_D_W_signal,offramp,FW_W,10491,9,,8,960.0,1551,2,0,0,0,2
6300.1,6330.1,OR_D_W_direct,offramp,FW_W,10479,7,,8,960.0,1442,2,0,0,0,0
6300.1,6330.1,OR_F_E_signal,offramp,FW_E,10643,9,,3,360.0,1080,23,0,0,0,0
6300.1,6330.1,OR_F_E_direct,offramp,FW_E,10682,11,,9,1080.0,2144,0,0,0,0,0
6300.1,6330.1,OR_F_W_signal,offramp,FW_W,10638,19,,9,1080.0,1171,3,0,0,0,3
6300.1,6330.1,OR_F_W_direct,offramp,FW_W,10645,16,,5,600.0,1876,2,0,0,0,0
6300.1,6330.1,source_1098,source,FW_E,,,0,57,6840.0,13455,,0,57,0,0
6300.1,6330.1,source_1099,source,FW_W,,,0,45,5400.0,7721,,0,45,0,0
6330.1,6360.1,RM_C10480,ramp,FW_W,10480,,8,1,120.0,274,0,0,0,0,1
6330.1,6360.1,RM_C10482,ramp,FW_W,10482,,10,7,840.0,3104,8,0,0,0,0
6330.1,6360.1,RM_C10646,ramp,FW_W,10646,,18,0,0.0,551,1,0,0,0,0
6330.1,6360.1,RM_C10644,ramp,FW_W,10644,,22,0,0.0,720,8,0,0,0,0
6330.1,6360.1,RM_C10639,ramp,FW_E,10639,,10,4,480.0,682,2,0,0,0,0
6330.1,6360.1,RM_C10681,ramp,FW_E,10681,,12,9,1080.0,1712,45,0,0,0,0
6330.1,6360.1,RM_C10490,ramp,FW_E,10490,,21,9,1080.0,1170,5,0,0,0,0
6330.1,6360.1,RM_C10484,ramp,FW_E,10484,,23,2,240.0,767,1,0,0,0,0
6330.1,6360.1,OR_D_E_signal,offramp,FW_E,10481,18,,1,120.0,488,1,0,0,0,0
6330.1,6360.1,OR_D_E_direct,offramp,FW_E,10483,20,,13,1560.0,1791,9,0,0,0,0
6330.1,6360.1,OR_D_W_signal,offramp,FW_W,10491,9,,8,960.0,1559,1,0,0,0,1
6330.1,6360.1,OR_D_W_direct,offramp,FW_W,10479,7,,4,480.0,1446,1,0,0,0,0
6330.1,6360.1,OR_F_E_signal,offramp,FW_E,10643,9,,6,720.0,1086,22,0,0,0,0
6330.1,6360.1,OR_F_E_direct,offramp,FW_E,10682,11,,15,1800.0,2159,4,0,0,0,0
6330.1,6360.1,OR_F_W_signal,offramp,FW_W,10638,19,,2,240.0,1173,1,0,0,0,0
6330.1,6360.1,OR_F_W_direct,offramp,FW_W,10645,16,,2,240.0,1878,1,0,0,0,0
6330.1,6360.1,source_1098,source,FW_E,,,0,68,8160.0,13523,,0,68,0,0
6330.1,6360.1,source_1099,source,FW_W,,,0,36,4320.0,7757,,0,36,0,0
6360.1,6390.1,RM_C10480,ramp,FW_W,10480,,8,0,0.0,274,0,0,0,0,0
6360.1,6390.1,RM_C10482,ramp,FW_W,10482,,10,6,720.0,3110,12,0,0,0,0
6360.1,6390.1,RM_C10646,ramp,FW_W,10646,,18,1,120.0,552,1,0,0,0,1
6360.1,6390.1,RM_C10644,ramp,FW_W,10644,,22,5,600.0,725,6,0,0,0,0
6360.1,6390.1,RM_C10639,ramp,FW_E,10639,,10,2,240.0,684,5,0,0,0,0
6360.1,6390.1,RM_C10681,ramp,FW_E,10681,,12,12,1440.0,1724,37,0,0,0,0
6360.1,6390.1,RM_C10490,ramp,FW_E,10490,,21,1,120.0,1171,10,0,0,0,0
6360.1,6390.1,RM_C10484,ramp,FW_E,10484,,23,0,0.0,767,3,0,0,0,0
6360.1,6390.1,OR_D_E_signal,offramp,FW_E,10481,18,,6,720.0,494,5,0,0,0,0
6360.1,6390.1,OR_D_E_direct,offramp,FW_E,10483,20,,6,720.0,1797,5,0,0,0,0
6360.1,6390.1,OR_D_W_signal,offramp,FW_W,10491,9,,10,1200.0,1569,3,0,0,0,0
6360.1,6390.1,OR_D_W_direct,offramp,FW_W,10479,7,,8,960.0,1454,2,0,0,0,0
6360.1,6390.1,OR_F_E_signal,offramp,FW_E,10643,9,,2,240.0,1088,19,0,0,0,0
6360.1,6390.1,OR_F_E_direct,offramp,FW_E,10682,11,,13,1560.0,2172,6,0,0,0,0
6360.1,6390.1,OR_F_W_signal,offramp,FW_W,10638,19,,1,120.0,1174,0,0,0,0,1
6360.1,6390.1,OR_F_W_direct,offramp,FW_W,10645,16,,3,360.0,1881,0,0,0,0,0
6360.1,6390.1,source_1098,source,FW_E,,,0,63,7560.0,13586,,0,63,0,0
6360.1,6390.1,source_1099,source,FW_W,,,0,41,4920.0,7798,,0,41,0,0
6390.1,6420.1,RM_C10480,ramp,FW_W,10480,,8,0,0.0,274,1,0,0,0,0
6390.1,6420.1,RM_C10482,ramp,FW_W,10482,,10,11,1320.0,3121,13,0,0,0,0
6390.1,6420.1,RM_C10646,ramp,FW_W,10646,,18,1,120.0,553,3,0,0,0,0
6390.1,6420.1,RM_C10644,ramp,FW_W,10644,,22,3,360.0,728,6,0,0,0,0
6390.1,6420.1,RM_C10639,ramp,FW_E,10639,,10,4,480.0,688,4,0,0,0,0
6390.1,6420.1,RM_C10681,ramp,FW_E,10681,,12,8,960.0,1732,43,0,0,0,0
6390.1,6420.1,RM_C10490,ramp,FW_E,10490,,21,10,1200.0,1181,4,0,0,0,0
6390.1,6420.1,RM_C10484,ramp,FW_E,10484,,23,2,240.0,769,4,0,0,0,0
6390.1,6420.1,OR_D_E_signal,offramp,FW_E,10481,18,,1,120.0,495,3,0,0,0,0
6390.1,6420.1,OR_D_E_direct,offramp,FW_E,10483,20,,2,240.0,1799,1,0,0,0,0
6390.1,6420.1,OR_D_W_signal,offramp,FW_W,10491,9,,9,1080.0,1578,4,0,0,0,0
6390.1,6420.1,OR_D_W_direct,offramp,FW_W,10479,7,,9,1080.0,1463,4,0,0,0,0
6390.1,6420.1,OR_F_E_signal,offramp,FW_E,10643,9,,3,360.0,1091,19,0,0,0,0
6390.1,6420.1,OR_F_E_direct,offramp,FW_E,10682,11,,3,360.0,2175,2,0,0,0,0
6390.1,6420.1,OR_F_W_signal,offramp,FW_W,10638,19,,4,480.0,1178,1,0,0,0,0
6390.1,6420.1,OR_F_W_direct,offramp,FW_W,10645,16,,11,1320.0,1892,4,0,0,0,0
6390.1,6420.1,source_1098,source,FW_E,,,0,55,6600.0,13641,,0,55,0,0
6390.1,6420.1,source_1099,source,FW_W,,,0,32,3840.0,7830,,0,32,0,0
6420.1,6450.1,RM_C10480,ramp,FW_W,10480,,8,4,480.0,278,0,0,0,0,4
6420.1,6450.1,RM_C10482,ramp,FW_W,10482,,10,5,600.0,3126,21,0,0,0,0
6420.1,6450.1,RM_C10646,ramp,FW_W,10646,,18,2,240.0,555,7,0,0,0,0
6420.1,6450.1,RM_C10644,ramp,FW_W,10644,,22,1,120.0,729,5,0,0,0,0
6420.1,6450.1,RM_C10639,ramp,FW_E,10639,,10,4,480.0,692,1,0,0,0,0
6420.1,6450.1,RM_C10681,ramp,FW_E,10681,,12,5,600.0,1737,40,0,0,0,0
6420.1,6450.1,RM_C10490,ramp,FW_E,10490,,21,4,480.0,1185,3,0,0,0,0
6420.1,6450.1,RM_C10484,ramp,FW_E,10484,,23,4,480.0,773,3,0,0,0,0
6420.1,6450.1,OR_D_E_signal,offramp,FW_E,10481,18,,0,0.0,495,0,0,0,0,0
6420.1,6450.1,OR_D_E_direct,offramp,FW_E,10483,20,,8,960.0,1807,3,0,0,0,0
6420.1,6450.1,OR_D_W_signal,offramp,FW_W,10491,9,,13,1560.0,1591,6,0,0,0,4
6420.1,6450.1,OR_D_W_direct,offramp,FW_W,10479,7,,7,840.0,1470,2,0,0,0,0
6420.1,6450.1,OR_F_E_signal,offramp,FW_E,10643,9,,4,480.0,1095,22,0,0,0,0
6420.1,6450.1,OR_F_E_direct,offramp,FW_E,10682,11,,13,1560.0,2188,0,0,0,0,0
6420.1,6450.1,OR_F_W_signal,offramp,FW_W,10638,19,,9,1080.0,1187,1,0,0,0,0
6420.1,6450.1,OR_F_W_direct,offramp,FW_W,10645,16,,4,480.0,1896,0,0,0,0,0
6420.1,6450.1,source_1098,source,FW_E,,,0,64,7680.0,13705,,0,64,0,0
6420.1,6450.1,source_1099,source,FW_W,,,0,38,4560.0,7868,,0,38,0,0
6450.1,6480.1,RM_C10480,ramp,FW_W,10480,,8,3,360.0,281,0,0,0,0,3
6450.1,6480.1,RM_C10482,ramp,FW_W,10482,,10,13,1560.0,3139,16,0,0,0,0
6450.1,6480.1,RM_C10646,ramp,FW_W,10646,,18,7,840.0,562,1,0,0,0,2
6450.1,6480.1,RM_C10644,ramp,FW_W,10644,,22,3,360.0,732,6,0,0,0,0
6450.1,6480.1,RM_C10639,ramp,FW_E,10639,,10,1,120.0,693,0,0,0,0,0
6450.1,6480.1,RM_C10681,ramp,FW_E,10681,,12,9,1080.0,1746,32,0,0,0,0
6450.1,6480.1,RM_C10490,ramp,FW_E,10490,,21,3,360.0,1188,6,0,0,0,0
6450.1,6480.1,RM_C10484,ramp,FW_E,10484,,23,3,360.0,776,1,0,0,0,0
6450.1,6480.1,OR_D_E_signal,offramp,FW_E,10481,18,,3,360.0,498,3,0,0,0,0
6450.1,6480.1,OR_D_E_direct,offramp,FW_E,10483,20,,9,1080.0,1816,4,0,0,0,0
6450.1,6480.1,OR_D_W_signal,offramp,FW_W,10491,9,,9,1080.0,1600,7,0,0,0,3
6450.1,6480.1,OR_D_W_direct,offramp,FW_W,10479,7,,5,600.0,1475,2,0,0,0,0
6450.1,6480.1,OR_F_E_signal,offramp,FW_E,10643,9,,5,600.0,1100,21,0,0,0,0
6450.1,6480.1,OR_F_E_direct,offramp,FW_E,10682,11,,10,1200.0,2198,2,0,0,0,0
6450.1,6480.1,OR_F_W_signal,offramp,FW_W,10638,19,,10,1200.0,1197,8,0,0,0,2
6450.1,6480.1,OR_F_W_direct,offramp,FW_W,10645,16,,3,360.0,1899,0,0,0,0,0
6450.1,6480.1,source_1098,source,FW_E,,,0,65,7800.0,13770,,0,65,0,0
6450.1,6480.1,source_1099,source,FW_W,,,0,35,4200.0,7903,,0,35,0,0
6480.1,6510.1,RM_C10480,ramp,FW_W,10480,,8,0,0.0,281,0,0,0,0,0
6480.1,6510.1,RM_C10482,ramp,FW_W,10482,,10,16,1920.0,3155,13,0,0,0,0
6480.1,6510.1,RM_C10646,ramp,FW_W,10646,,18,0,0.0,562,1,0,0,0,0
6480.1,6510.1,RM_C10644,ramp,FW_W,10644,,22,2,240.0,734,6,0,0,0,0
6480.1,6510.1,RM_C10639,ramp,FW_E,10639,,10,0,0.0,693,6,0,0,0,0
6480.1,6510.1,RM_C10681,ramp,FW_E,10681,,12,7,840.0,1753,25,0,0,0,0
6480.1,6510.1,RM_C10490,ramp,FW_E,10490,,21,6,720.0,1194,0,0,0,0,0
6480.1,6510.1,RM_C10484,ramp,FW_E,10484,,23,0,0.0,776,3,0,0,0,0
6480.1,6510.1,OR_D_E_signal,offramp,FW_E,10481,18,,2,240.0,500,1,0,0,0,0
6480.1,6510.1,OR_D_E_direct,offramp,FW_E,10483,20,,11,1320.0,1827,2,0,0,0,0
6480.1,6510.1,OR_D_W_signal,offramp,FW_W,10491,9,,6,720.0,1606,1,0,0,0,0
6480.1,6510.1,OR_D_W_direct,offramp,FW_W,10479,7,,7,840.0,1482,4,0,0,0,0
6480.1,6510.1,OR_F_E_signal,offramp,FW_E,10643,9,,3,360.0,1103,19,0,0,0,0
6480.1,6510.1,OR_F_E_direct,offramp,FW_E,10682,11,,13,1560.0,2211,4,0,0,0,0
6480.1,6510.1,OR_F_W_signal,offramp,FW_W,10638,19,,1,120.0,1198,0,0,0,0,0
6480.1,6510.1,OR_F_W_direct,offramp,FW_W,10645,16,,9,1080.0,1908,2,0,0,0,0
6480.1,6510.1,source_1098,source,FW_E,,,0,61,7320.0,13831,,0,61,0,0
6480.1,6510.1,source_1099,source,FW_W,,,0,49,5880.0,7952,,0,49,0,0
6510.1,6540.1,RM_C10480,ramp,FW_W,10480,,8,0,0.0,281,0,0,0,0,0
6510.1,6540.1,RM_C10482,ramp,FW_W,10482,,10,5,600.0,3160,15,0,0,0,0
6510.1,6540.1,RM_C10646,ramp,FW_W,10646,,18,1,120.0,563,1,0,0,0,0
6510.1,6540.1,RM_C10644,ramp,FW_W,10644,,22,2,240.0,736,9,0,0,0,0
6510.1,6540.1,RM_C10639,ramp,FW_E,10639,,10,6,720.0,699,0,0,0,0,0
6510.1,6540.1,RM_C10681,ramp,FW_E,10681,,12,6,720.0,1759,31,0,0,0,0
6510.1,6540.1,RM_C10490,ramp,FW_E,10490,,21,0,0.0,1194,0,0,0,0,0
6510.1,6540.1,RM_C10484,ramp,FW_E,10484,,23,2,240.0,778,4,0,0,0,0
6510.1,6540.1,OR_D_E_signal,offramp,FW_E,10481,18,,2,240.0,502,2,0,0,0,0
6510.1,6540.1,OR_D_E_direct,offramp,FW_E,10483,20,,15,1800.0,1842,5,0,0,0,0
6510.1,6540.1,OR_D_W_signal,offramp,FW_W,10491,9,,6,720.0,1612,4,0,0,0,0
6510.1,6540.1,OR_D_W_direct,offramp,FW_W,10479,7,,6,720.0,1488,4,0,0,0,0
6510.1,6540.1,OR_F_E_signal,offramp,FW_E,10643,9,,13,1560.0,1116,27,0,0,0,0
6510.1,6540.1,OR_F_E_direct,offramp,FW_E,10682,11,,8,960.0,2219,1,0,0,0,0
6510.1,6540.1,OR_F_W_signal,offramp,FW_W,10638,19,,3,360.0,1201,1,0,0,0,0
6510.1,6540.1,OR_F_W_direct,offramp,FW_W,10645,16,,4,480.0,1912,1,0,0,0,0
6510.1,6540.1,source_1098,source,FW_E,,,0,59,7080.0,13890,,0,59,0,0
6510.1,6540.1,source_1099,source,FW_W,,,0,24,2880.0,7976,,0,24,0,0
6540.1,6570.1,RM_C10480,ramp,FW_W,10480,,8,0,0.0,281,1,0,0,0,0
6540.1,6570.1,RM_C10482,ramp,FW_W,10482,,10,15,1800.0,3175,13,0,0,0,0
6540.1,6570.1,RM_C10646,ramp,FW_W,10646,,18,1,120.0,564,3,0,0,0,1
6540.1,6570.1,RM_C10644,ramp,FW_W,10644,,22,2,240.0,738,9,0,0,0,0
6540.1,6570.1,RM_C10639,ramp,FW_E,10639,,10,0,0.0,699,8,0,0,0,0
6540.1,6570.1,RM_C10681,ramp,FW_E,10681,,12,8,960.0,1767,38,0,0,0,0
6540.1,6570.1,RM_C10490,ramp,FW_E,10490,,21,0,0.0,1194,4,0,0,0,0
6540.1,6570.1,RM_C10484,ramp,FW_E,10484,,23,1,120.0,779,9,0,0,0,0
6540.1,6570.1,OR_D_E_signal,offramp,FW_E,10481,18,,3,360.0,505,4,0,0,0,0
6540.1,6570.1,OR_D_E_direct,offramp,FW_E,10483,20,,7,840.0,1849,1,0,0,0,0
6540.1,6570.1,OR_D_W_signal,offramp,FW_W,10491,9,,8,960.0,1620,1,0,0,0,0
6540.1,6570.1,OR_D_W_direct,offramp,FW_W,10479,7,,4,480.0,1492,4,0,0,0,0
6540.1,6570.1,OR_F_E_signal,offramp,FW_E,10643,9,,3,360.0,1119,22,0,0,0,0
6540.1,6570.1,OR_F_E_direct,offramp,FW_E,10682,11,,6,720.0,2225,1,0,0,0,0
6540.1,6570.1,OR_F_W_signal,offramp,FW_W,10638,19,,6,720.0,1207,3,0,0,0,1
6540.1,6570.1,OR_F_W_direct,offramp,FW_W,10645,16,,13,1560.0,1925,6,0,0,0,0
6540.1,6570.1,source_1098,source,FW_E,,,0,70,8400.0,13960,,0,70,0,0
6540.1,6570.1,source_1099,source,FW_W,,,0,30,3600.0,8006,,0,30,0,0
6570.1,6600.1,RM_C10480,ramp,FW_W,10480,,8,2,240.0,283,0,0,0,0,1
6570.1,6600.1,RM_C10482,ramp,FW_W,10482,,10,5,600.0,3180,16,0,0,0,0
6570.1,6600.1,RM_C10646,ramp,FW_W,10646,,18,3,360.0,567,0,0,0,0,2
6570.1,6600.1,RM_C10644,ramp,FW_W,10644,,22,4,480.0,742,6,0,0,0,0
6570.1,6600.1,RM_C10639,ramp,FW_E,10639,,10,3,360.0,702,5,0,0,0,0
6570.1,6600.1,RM_C10681,ramp,FW_E,10681,,12,8,960.0,1775,34,0,0,0,0
6570.1,6600.1,RM_C10490,ramp,FW_E,10490,,21,4,480.0,1198,6,0,0,0,0
6570.1,6600.1,RM_C10484,ramp,FW_E,10484,,23,3,360.0,782,10,0,0,0,0
6570.1,6600.1,OR_D_E_signal,offramp,FW_E,10481,18,,4,480.0,509,4,0,0,0,0
6570.1,6600.1,OR_D_E_direct,offramp,FW_E,10483,20,,12,1440.0,1861,5,0,0,0,0
6570.1,6600.1,OR_D_W_signal,offramp,FW_W,10491,9,,9,1080.0,1629,3,0,0,0,1
6570.1,6600.1,OR_D_W_direct,offramp,FW_W,10479,7,,4,480.0,1496,1,0,0,0,0
6570.1,6600.1,OR_F_E_signal,offramp,FW_E,10643,9,,7,840.0,1126,25,0,0,0,0
6570.1,6600.1,OR_F_E_direct,offramp,FW_E,10682,11,,10,1200.0,2235,0,0,0,0,0
6570.1,6600.1,OR_F_W_signal,offramp,FW_W,10638,19,,6,720.0,1213,3,0,0,0,2
6570.1,6600.1,OR_F_W_direct,offramp,FW_W,10645,16,,9,1080.0,1934,2,0,0,0,0
6570.1,6600.1,source_1098,source,FW_E,,,0,61,7320.0,14021,,0,61,0,0
6570.1,6600.1,source_1099,source,FW_W,,,0,45,5400.0,8051,,0,45,0,0
6600.1,6630.1,RM_C10480,ramp,FW_W,10480,,8,2,240.0,285,3,0,0,0,1
6600.1,6630.1,RM_C10482,ramp,FW_W,10482,,10,9,1080.0,3189,16,0,0,0,0
6600.1,6630.1,RM_C10646,ramp,FW_W,10646,,18,0,0.0,567,1,0,0,0,0
6600.1,6630.1,RM_C10644,ramp,FW_W,10644,,22,3,360.0,745,3,0,0,0,0
6600.1,6630.1,RM_C10639,ramp,FW_E,10639,,10,5,600.0,707,4,0,0,0,0
6600.1,6630.1,RM_C10681,ramp,FW_E,10681,,12,7,840.0,1782,27,0,0,0,0
6600.1,6630.1,RM_C10490,ramp,FW_E,10490,,21,6,720.0,1204,3,0,0,0,0
6600.1,6630.1,RM_C10484,ramp,FW_E,10484,,23,10,1200.0,792,4,0,0,0,0
6600.1,6630.1,OR_D_E_signal,offramp,FW_E,10481,18,,2,240.0,511,6,0,0,0,0
6600.1,6630.1,OR_D_E_direct,offramp,FW_E,10483,20,,8,960.0,1869,3,0,0,0,0
6600.1,6630.1,OR_D_W_signal,offramp,FW_W,10491,9,,11,1320.0,1640,2,0,0,0,1
6600.1,6630.1,OR_D_W_direct,offramp,FW_W,10479,7,,8,960.0,1504,3,0,0,0,0
6600.1,6630.1,OR_F_E_signal,offramp,FW_E,10643,9,,7,840.0,1133,25,0,0,0,0
6600.1,6630.1,OR_F_E_direct,offramp,FW_E,10682,11,,7,840.0,2242,1,0,0,0,0
6600.1,6630.1,OR_F_W_signal,offramp,FW_W,10638,19,,2,240.0,1215,1,0,0,0,0
6600.1,6630.1,OR_F_W_direct,offramp,FW_W,10645,16,,11,1320.0,1945,5,0,0,0,0
6600.1,6630.1,source_1098,source,FW_E,,,0,59,7080.0,14080,,0,59,0,0
6600.1,6630.1,source_1099,source,FW_W,,,0,54,6480.0,8105,,0,54,0,0
6630.1,6660.1,RM_C10480,ramp,FW_W,10480,,8,3,360.0,288,0,0,0,0,2
6630.1,6660.1,RM_C10482,ramp,FW_W,10482,,10,8,960.0,3197,17,0,0,0,0
6630.1,6660.1,RM_C10646,ramp,FW_W,10646,,18,1,120.0,568,0,0,0,0,0
6630.1,6660.1,RM_C10644,ramp,FW_W,10644,,22,0,0.0,745,5,0,0,0,0
6630.1,6660.1,RM_C10639,ramp,FW_E,10639,,10,4,480.0,711,4,0,0,0,0
6630.1,6660.1,RM_C10681,ramp,FW_E,10681,,12,6,720.0,1788,21,0,0,0,0
6630.1,6660.1,RM_C10490,ramp,FW_E,10490,,21,8,960.0,1212,1,0,0,0,0
6630.1,6660.1,RM_C10484,ramp,FW_E,10484,,23,2,240.0,794,3,0,0,0,0
6630.1,6660.1,OR_D_E_signal,offramp,FW_E,10481,18,,3,360.0,514,3,0,0,0,0
6630.1,6660.1,OR_D_E_direct,offramp,FW_E,10483,20,,2,240.0,1871,0,0,0,0,0
6630.1,6660.1,OR_D_W_signal,offramp,FW_W,10491,9,,10,1200.0,1650,2,0,0,0,2
6630.1,6660.1,OR_D_W_direct,offramp,FW_W,10479,7,,8,960.0,1512,3,0,0,0,0
6630.1,6660.1,OR_F_E_signal,offramp,FW_E,10643,9,,5,600.0,1138,24,0,0,0,0
6630.1,6660.1,OR_F_E_direct,offramp,FW_E,10682,11,,8,960.0,2250,1,0,0,0,0
6630.1,6660.1,OR_F_W_signal,offramp,FW_W,10638,19,,3,360.0,1218,2,0,0,0,0
6630.1,6660.1,OR_F_W_direct,offramp,FW_W,10645,16,,5,600.0,1950,1,0,0,0,0
6630.1,6660.1,source_1098,source,FW_E,,,0,67,8040.0,14147,,0,67,0,0
6630.1,6660.1,source_1099,source,FW_W,,,0,39,4680.0,8144,,0,39,0,0
6660.1,6690.1,RM_C10480,ramp,FW_W,10480,,8,0,0.0,288,0,0,0,0,0
6660.1,6690.1,RM_C10482,ramp,FW_W,10482,,10,16,1920.0,3213,7,0,0,0,0
6660.1,6690.1,RM_C10646,ramp,FW_W,10646,,18,0,0.0,568,0,0,0,0,0
6660.1,6690.1,RM_C10644,ramp,FW_W,10644,,22,3,360.0,748,3,0,0,0,0
6660.1,6690.1,RM_C10639,ramp,FW_E,10639,,10,4,480.0,715,3,0,0,0,0
6660.1,6690.1,RM_C10681,ramp,FW_E,10681,,12,7,840.0,1795,24,0,0,0,0
6660.1,6690.1,RM_C10490,ramp,FW_E,10490,,21,0,0.0,1212,6,0,0,0,0
6660.1,6690.1,RM_C10484,ramp,FW_E,10484,,23,2,240.0,796,2,0,0,0,0
6660.1,6690.1,OR_D_E_signal,offramp,FW_E,10481,18,,1,120.0,515,0,0,0,0,0
6660.1,6690.1,OR_D_E_direct,offramp,FW_E,10483,20,,15,1800.0,1886,5,0,0,0,0
6660.1,6690.1,OR_D_W_signal,offramp,FW_W,10491,9,,14,1680.0,1664,7,0,0,0,0
6660.1,6690.1,OR_D_W_direct,offramp,FW_W,10479,7,,3,360.0,1515,1,0,0,0,0
6660.1,6690.1,OR_F_E_signal,offramp,FW_E,10643,9,,7,840.0,1145,29,0,0,0,0
6660.1,6690.1,OR_F_E_direct,offramp,FW_E,10682,11,,17,2040.0,2267,8,0,0,0,0
6660.1,6690.1,OR_F_W_signal,offramp,FW_W,10638,19,,4,480.0,1222,2,0,0,0,0
6660.1,6690.1,OR_F_W_direct,offramp,FW_W,10645,16,,14,1680.0,1964,6,0,0,0,0
6660.1,6690.1,source_1098,source,FW_E,,,0,73,8760.0,14220,,0,73,0,0
6660.1,6690.1,source_1099,source,FW_W,,,0,25,3000.0,8169,,0,25,0,0
6690.1,6720.1,RM_C10480,ramp,FW_W,10480,,8,1,120.0,289,0,0,0,0,1
6690.1,6720.1,RM_C10482,ramp,FW_W,10482,,10,6,720.0,3219,12,0,0,0,0
6690.1,6720.1,RM_C10646,ramp,FW_W,10646,,18,0,0.0,568,0,0,0,0,0
6690.1,6720.1,RM_C10644,ramp,FW_W,10644,,22,0,0.0,748,6,0,0,0,0
6690.1,6720.1,RM_C10639,ramp,FW_E,10639,,10,3,360.0,718,5,0,0,0,0
6690.1,6720.1,RM_C10681,ramp,FW_E,10681,,12,6,720.0,1801,38,0,0,0,0
6690.1,6720.1,RM_C10490,ramp,FW_E,10490,,21,6,720.0,1218,3,0,0,0,0
6690.1,6720.1,RM_C10484,ramp,FW_E,10484,,23,2,240.0,798,1,0,0,0,0
6690.1,6720.1,OR_D_E_signal,offramp,FW_E,10481,18,,1,120.0,516,0,0,0,0,0
6690.1,6720.1,OR_D_E_direct,offramp,FW_E,10483,20,,8,960.0,1894,5,0,0,0,0
6690.1,6720.1,OR_D_W_signal,offramp,FW_W,10491,9,,3,360.0,1667,2,0,0,0,1
6690.1,6720.1,OR_D_W_direct,offramp,FW_W,10479,7,,7,840.0,1522,3,0,0,0,0
6690.1,6720.1,OR_F_E_signal,offramp,FW_E,10643,9,,3,360.0,1148,29,0,0,0,0
6690.1,6720.1,OR_F_E_direct,offramp,FW_E,10682,11,,11,1320.0,2278,3,0,0,0,0
6690.1,6720.1,OR_F_W_signal,offramp,FW_W,10638,19,,0,0.0,1222,0,0,0,0,0
6690.1,6720.1,OR_F_W_direct,offramp,FW_W,10645,16,,9,1080.0,1973,6,0,0,0,0
6690.1,6720.1,source_1098,source,FW_E,,,0,54,6480.0,14274,,0,54,0,0
6690.1,6720.1,source_1099,source,FW_W,,,0,43,5160.0,8212,,0,43,0,0
6720.1,6750.1,RM_C10480,ramp,FW_W,10480,,8,0,0.0,289,0,0,0,0,0
6720.1,6750.1,RM_C10482,ramp,FW_W,10482,,10,7,840.0,3226,15,0,0,0,0
6720.1,6750.1,RM_C10646,ramp,FW_W,10646,,18,0,0.0,568,5,0,0,0,0
6720.1,6750.1,RM_C10644,ramp,FW_W,10644,,22,2,240.0,750,7,0,0,0,0
6720.1,6750.1,RM_C10639,ramp,FW_E,10639,,10,5,600.0,723,1,0,0,0,0
6720.1,6750.1,RM_C10681,ramp,FW_E,10681,,12,7,840.0,1808,44,0,0,0,0
6720.1,6750.1,RM_C10490,ramp,FW_E,10490,,21,3,360.0,1221,6,0,0,0,0
6720.1,6750.1,RM_C10484,ramp,FW_E,10484,,23,1,120.0,799,6,0,0,0,0
6720.1,6750.1,OR_D_E_signal,offramp,FW_E,10481,18,,2,240.0,518,2,0,0,0,0
6720.1,6750.1,OR_D_E_direct,offramp,FW_E,10483,20,,1,120.0,1895,0,0,0,0,0
6720.1,6750.1,OR_D_W_signal,offramp,FW_W,10491,9,,11,1320.0,1678,4,0,0,0,0
6720.1,6750.1,OR_D_W_direct,offramp,FW_W,10479,7,,8,960.0,1530,2,0,0,0,0
6720.1,6750.1,OR_F_E_signal,offramp,FW_E,10643,9,,3,360.0,1151,23,0,0,0,0
6720.1,6750.1,OR_F_E_direct,offramp,FW_E,10682,11,,12,1440.0,2290,5,0,0,0,0
6720.1,6750.1,OR_F_W_signal,offramp,FW_W,10638,19,,3,360.0,1225,0,0,0,0,0
6720.1,6750.1,OR_F_W_direct,offramp,FW_W,10645,16,,6,720.0,1979,0,0,0,0,0
6720.1,6750.1,source_1098,source,FW_E,,,0,47,5640.0,14321,,0,47,0,0
6720.1,6750.1,source_1099,source,FW_W,,,0,22,2640.0,8234,,0,22,0,0
6750.1,6780.1,RM_C10480,ramp,FW_W,10480,,8,2,240.0,291,0,0,0,0,1
6750.1,6780.1,RM_C10482,ramp,FW_W,10482,,10,10,1200.0,3236,14,0,0,0,0
6750.1,6780.1,RM_C10646,ramp,FW_W,10646,,18,5,600.0,573,5,0,0,0,3
6750.1,6780.1,RM_C10644,ramp,FW_W,10644,,22,1,120.0,751,6,0,0,0,0
6750.1,6780.1,RM_C10639,ramp,FW_E,10639,,10,1,120.0,724,1,0,0,0,0
6750.1,6780.1,RM_C10681,ramp,FW_E,10681,,12,8,960.0,1816,36,0,0,0,0
6750.1,6780.1,RM_C10490,ramp,FW_E,10490,,21,6,720.0,1227,0,0,0,0,0
6750.1,6780.1,RM_C10484,ramp,FW_E,10484,,23,0,0.0,799,10,0,0,0,0
6750.1,6780.1,OR_D_E_signal,offramp,FW_E,10481,18,,2,240.0,520,3,0,0,0,0
6750.1,6780.1,OR_D_E_direct,offramp,FW_E,10483,20,,8,960.0,1903,3,0,0,0,0
6750.1,6780.1,OR_D_W_signal,offramp,FW_W,10491,9,,6,720.0,1684,2,0,0,0,1
6750.1,6780.1,OR_D_W_direct,offramp,FW_W,10479,7,,9,1080.0,1539,3,0,0,0,0
6750.1,6780.1,OR_F_E_signal,offramp,FW_E,10643,9,,6,720.0,1157,20,0,0,0,0
6750.1,6780.1,OR_F_E_direct,offramp,FW_E,10682,11,,12,1440.0,2302,6,0,0,0,0
6750.1,6780.1,OR_F_W_signal,offramp,FW_W,10638,19,,8,960.0,1233,6,0,0,0,3
6750.1,6780.1,OR_F_W_direct,offramp,FW_W,10645,16,,12,1440.0,1991,5,0,0,0,0
6750.1,6780.1,source_1098,source,FW_E,,,0,41,4920.0,14362,,0,41,0,0
6750.1,6780.1,source_1099,source,FW_W,,,0,36,4320.0,8270,,0,36,0,0
6780.1,6810.1,RM_C10480,ramp,FW_W,10480,,8,0,0.0,291,0,0,0,0,0
6780.1,6810.1,RM_C10482,ramp,FW_W,10482,,10,11,1320.0,3247,9,0,0,0,0
6780.1,6810.1,RM_C10646,ramp,FW_W,10646,,18,6,720.0,579,1,0,0,0,4
6780.1,6810.1,RM_C10644,ramp,FW_W,10644,,22,4,480.0,755,5,0,0,0,0
6780.1,6810.1,RM_C10639,ramp,FW_E,10639,,10,1,120.0,725,0,0,0,0,0
6780.1,6810.1,RM_C10681,ramp,FW_E,10681,,12,9,1080.0,1825,27,0,0,0,0
6780.1,6810.1,RM_C10490,ramp,FW_E,10490,,21,0,0.0,1227,0,0,0,0,0
6780.1,6810.1,RM_C10484,ramp,FW_E,10484,,23,7,840.0,806,6,0,0,0,0
6780.1,6810.1,OR_D_E_signal,offramp,FW_E,10481,18,,0,0.0,520,0,0,0,0,0
6780.1,6810.1,OR_D_E_direct,offramp,FW_E,10483,20,,11,1320.0,1914,7,0,0,0,0
6780.1,6810.1,OR_D_W_signal,offramp,FW_W,10491,9,,9,1080.0,1693,11,0,0,0,0
6780.1,6810.1,OR_D_W_direct,offramp,FW_W,10479,7,,8,960.0,1547,3,0,0,0,0
6780.1,6810.1,OR_F_E_signal,offramp,FW_E,10643,9,,3,360.0,1160,18,0,0,0,0
6780.1,6810.1,OR_F_E_direct,offramp,FW_E,10682,11,,21,2520.0,2323,10,0,0,0,0
6780.1,6810.1,OR_F_W_signal,offramp,FW_W,10638,19,,8,960.0,1241,0,0,0,0,4
6780.1,6810.1,OR_F_W_direct,offramp,FW_W,10645,16,,8,960.0,1999,4,0,0,0,0
6780.1,6810.1,source_1098,source,FW_E,,,0,43,5160.0,14405,,0,43,0,0
6780.1,6810.1,source_1099,source,FW_W,,,0,53,6360.0,8323,,0,53,0,0
6810.1,6840.1,RM_C10480,ramp,FW_W,10480,,8,0,0.0,291,0,0,0,0,0
6810.1,6840.1,RM_C10482,ramp,FW_W,10482,,10,7,840.0,3254,14,0,0,0,0
6810.1,6840.1,RM_C10646,ramp,FW_W,10646,,18,1,120.0,580,0,0,0,0,1
6810.1,6840.1,RM_C10644,ramp,FW_W,10644,,22,2,240.0,757,7,0,0,0,0
6810.1,6840.1,RM_C10639,ramp,FW_E,10639,,10,0,0.0,725,3,0,0,0,0
6810.1,6840.1,RM_C10681,ramp,FW_E,10681,,12,7,840.0,1832,31,0,0,0,0
6810.1,6840.1,RM_C10490,ramp,FW_E,10490,,21,1,120.0,1228,3,0,0,0,0
6810.1,6840.1,RM_C10484,ramp,FW_E,10484,,23,6,720.0,812,1,0,0,0,0
6810.1,6840.1,OR_D_E_signal,offramp,FW_E,10481,18,,0,0.0,520,0,0,0,0,0
6810.1,6840.1,OR_D_E_direct,offramp,FW_E,10483,20,,12,1440.0,1926,2,0,0,0,0
6810.1,6840.1,OR_D_W_signal,offramp,FW_W,10491,9,,7,840.0,1700,16,0,0,0,0
6810.1,6840.1,OR_D_W_direct,offramp,FW_W,10479,7,,4,480.0,1551,1,0,0,0,0
6810.1,6840.1,OR_F_E_signal,offramp,FW_E,10643,9,,6,720.0,1166,16,0,0,0,0
6810.1,6840.1,OR_F_E_direct,offramp,FW_E,10682,11,,12,1440.0,2335,0,0,0,0,0
6810.1,6840.1,OR_F_W_signal,offramp,FW_W,10638,19,,1,120.0,1242,0,0,0,0,1
6810.1,6840.1,OR_F_W_direct,offramp,FW_W,10645,16,,6,720.0,2005,3,0,0,0,0
6810.1,6840.1,source_1098,source,FW_E,,,0,45,5400.0,14450,,0,45,0,0
6810.1,6840.1,source_1099,source,FW_W,,,0,28,3360.0,8351,,0,28,0,0
6840.1,6870.1,RM_C10480,ramp,FW_W,10480,,8,0,0.0,291,0,0,0,0,0
6840.1,6870.1,RM_C10482,ramp,FW_W,10482,,10,9,1080.0,3263,12,0,0,0,0
6840.1,6870.1,RM_C10646,ramp,FW_W,10646,,18,0,0.0,580,3,0,0,0,0
6840.1,6870.1,RM_C10644,ramp,FW_W,10644,,22,0,0.0,757,7,0,0,0,0
6840.1,6870.1,RM_C10639,ramp,FW_E,10639,,10,3,360.0,728,7,0,0,0,0
6840.1,6870.1,RM_C10681,ramp,FW_E,10681,,12,6,720.0,1838,41,0,0,0,0
6840.1,6870.1,RM_C10490,ramp,FW_E,10490,,21,3,360.0,1231,7,0,0,0,0
6840.1,6870.1,RM_C10484,ramp,FW_E,10484,,23,1,120.0,813,0,0,0,0,0
6840.1,6870.1,OR_D_E_signal,offramp,FW_E,10481,18,,1,120.0,521,1,0,0,0,0
6840.1,6870.1,OR_D_E_direct,offramp,FW_E,10483,20,,10,1200.0,1936,4,0,0,0,0
6840.1,6870.1,OR_D_W_signal,offramp,FW_W,10491,9,,8,960.0,1708,22,0,0,0,0
6840.1,6870.1,OR_D_W_direct,offramp,FW_W,10479,7,,9,1080.0,1560,3,0,0,0,0
6840.1,6870.1,OR_F_E_signal,offramp,FW_E,10643,9,,7,840.0,1173,16,0,0,0,0
6840.1,6870.1,OR_F_E_direct,offramp,FW_E,10682,11,,7,840.0,2342,6,0,0,0,0
6840.1,6870.1,OR_F_W_signal,offramp,FW_W,10638,19,,2,240.0,1244,0,0,0,0,0
6840.1,6870.1,OR_F_W_direct,offramp,FW_W,10645,16,,5,600.0,2010,2,0,0,0,0
6840.1,6870.1,source_1098,source,FW_E,,,0,39,4680.0,14489,,0,39,0,0
6840.1,6870.1,source_1099,source,FW_W,,,0,26,3120.0,8377,,0,26,0,0
6870.1,6900.1,RM_C10480,ramp,FW_W,10480,,8,0,0.0,291,0,0,0,0,0
6870.1,6900.1,RM_C10482,ramp,FW_W,10482,,10,8,960.0,3271,6,0,0,0,0
6870.1,6900.1,RM_C10646,ramp,FW_W,10646,,18,4,480.0,584,5,0,0,0,2
6870.1,6900.1,RM_C10644,ramp,FW_W,10644,,22,6,720.0,763,1,0,0,0,0
6870.1,6900.1,RM_C10639,ramp,FW_E,10639,,10,7,840.0,735,3,0,0,0,0
6870.1,6900.1,RM_C10681,ramp,FW_E,10681,,12,6,720.0,1844,47,0,0,0,0
6870.1,6900.1,RM_C10490,ramp,FW_E,10490,,21,7,840.0,1238,8,0,0,0,0
6870.1,6900.1,RM_C10484,ramp,FW_E,10484,,23,0,0.0,813,5,0,0,0,0
6870.1,6900.1,OR_D_E_signal,offramp,FW_E,10481,18,,7,840.0,528,7,0,0,0,0
6870.1,6900.1,OR_D_E_direct,offramp,FW_E,10483,20,,5,600.0,1941,0,0,0,0,0
6870.1,6900.1,OR_D_W_signal,offramp,FW_W,10491,9,,7,840.0,1715,21,0,0,0,0
6870.1,6900.1,OR_D_W_direct,offramp,FW_W,10479,7,,7,840.0,1567,1,0,0,0,0
6870.1,6900.1,OR_F_E_signal,offramp,FW_E,10643,9,,5,600.0,1178,13,0,0,0,0
6870.1,6900.1,OR_F_E_direct,offramp,FW_E,10682,11,,10,1200.0,2352,2,0,0,0,0
6870.1,6900.1,OR_F_W_signal,offramp,FW_W,10638,19,,8,960.0,1252,6,0,0,0,2
6870.1,6900.1,OR_F_W_direct,offramp,FW_W,10645,16,,10,1200.0,2020,0,0,0,0,0
6870.1,6900.1,source_1098,source,FW_E,,,0,42,5040.0,14531,,0,42,0,0
6870.1,6900.1,source_1099,source,FW_W,,,0,33,3960.0,8410,,0,33,0,0
6900.1,6930.1,RM_C10480,ramp,FW_W,10480,,8,2,240.0,293,1,0,0,0,0
6900.1,6930.1,RM_C10482,ramp,FW_W,10482,,10,6,720.0,3277,20,0,0,0,0
6900.1,6930.1,RM_C10646,ramp,FW_W,10646,,18,5,600.0,589,2,0,0,0,2
6900.1,6930.1,RM_C10644,ramp,FW_W,10644,,22,1,120.0,764,3,0,0,0,0
6900.1,6930.1,RM_C10639,ramp,FW_E,10639,,10,2,240.0,737,3,0,0,0,0
6900.1,6930.1,RM_C10681,ramp,FW_E,10681,,12,8,960.0,1852,47,0,0,0,0
6900.1,6930.1,RM_C10490,ramp,FW_E,10490,,21,8,960.0,1246,0,0,0,0,0
6900.1,6930.1,RM_C10484,ramp,FW_E,10484,,23,5,600.0,818,0,0,0,0,0
6900.1,6930.1,OR_D_E_signal,offramp,FW_E,10481,18,,2,240.0,530,9,0,0,0,0
6900.1,6930.1,OR_D_E_direct,offramp,FW_E,10483,20,,11,1320.0,1952,1,0,0,0,0
6900.1,6930.1,OR_D_W_signal,offramp,FW_W,10491,9,,7,840.0,1722,13,0,0,0,0
6900.1,6930.1,OR_D_W_direct,offramp,FW_W,10479,7,,8,960.0,1575,1,0,0,0,0
6900.1,6930.1,OR_F_E_signal,offramp,FW_E,10643,9,,5,600.0,1183,6,0,0,0,0
6900.1,6930.1,OR_F_E_direct,offramp,FW_E,10682,11,,10,1200.0,2362,3,0,0,0,0
6900.1,6930.1,OR_F_W_signal,offramp,FW_W,10638,19,,8,960.0,1260,1,0,0,0,2
6900.1,6930.1,OR_F_W_direct,offramp,FW_W,10645,16,,8,960.0,2028,6,0,0,0,0
6900.1,6930.1,source_1098,source,FW_E,,,0,44,5280.0,14575,,0,44,0,0
6900.1,6930.1,source_1099,source,FW_W,,,0,33,3960.0,8443,,0,33,0,0
6930.1,6960.1,RM_C10480,ramp,FW_W,10480,,8,1,120.0,294,0,0,0,0,0
6930.1,6960.1,RM_C10482,ramp,FW_W,10482,,10,2,240.0,3279,28,0,0,0,0
6930.1,6960.1,RM_C10646,ramp,FW_W,10646,,18,2,240.0,591,1,0,0,0,0
6930.1,6960.1,RM_C10644,ramp,FW_W,10644,,22,0,0.0,764,5,0,0,0,0
6930.1,6960.1,RM_C10639,ramp,FW_E,10639,,10,3,360.0,740,1,0,0,0,0
6930.1,6960.1,RM_C10681,ramp,FW_E,10681,,12,7,840.0,1859,40,0,0,0,0
6930.1,6960.1,RM_C10490,ramp,FW_E,10490,,21,0,0.0,1246,2,0,0,0,0
6930.1,6960.1,RM_C10484,ramp,FW_E,10484,,23,0,0.0,818,5,0,0,0,0
6930.1,6960.1,OR_D_E_signal,offramp,FW_E,10481,18,,6,720.0,536,6,0,0,0,0
6930.1,6960.1,OR_D_E_direct,offramp,FW_E,10483,20,,8,960.0,1960,5,0,0,0,0
6930.1,6960.1,OR_D_W_signal,offramp,FW_W,10491,9,,4,480.0,1726,3,0,0,0,0
6930.1,6960.1,OR_D_W_direct,offramp,FW_W,10479,7,,5,600.0,1580,1,0,0,0,0
6930.1,6960.1,OR_F_E_signal,offramp,FW_E,10643,9,,7,840.0,1190,6,0,0,0,0
6930.1,6960.1,OR_F_E_direct,offramp,FW_E,10682,11,,14,1680.0,2376,6,0,0,0,0
6930.1,6960.1,OR_F_W_signal,offramp,FW_W,10638,19,,4,480.0,1264,1,0,0,0,0
6930.1,6960.1,OR_F_W_direct,offramp,FW_W,10645,16,,7,840.0,2035,5,0,0,0,0
6930.1,6960.1,source_1098,source,FW_E,,,0,44,5280.0,14619,,0,44,0,0
6930.1,6960.1,source_1099,source,FW_W,,,0,18,2160.0,8461,,0,18,0,0
6960.1,6990.1,RM_C10480,ramp,FW_W,10480,,8,0,0.0,294,2,0,0,0,0
6960.1,6990.1,RM_C10482,ramp,FW_W,10482,,10,25,3000.0,3304,9,0,0,0,0
6960.1,6990.1,RM_C10646,ramp,FW_W,10646,,18,1,120.0,592,0,0,0,0,0
6960.1,6990.1,RM_C10644,ramp,FW_W,10644,,22,0,0.0,764,10,0,0,0,0
6960.1,6990.1,RM_C10639,ramp,FW_E,10639,,10,0,0.0,740,1,0,0,0,0
6960.1,6990.1,RM_C10681,ramp,FW_E,10681,,12,8,960.0,1867,39,0,0,0,0
6960.1,6990.1,RM_C10490,ramp,FW_E,10490,,21,2,240.0,1248,0,0,0,0,0
6960.1,6990.1,RM_C10484,ramp,FW_E,10484,,23,4,480.0,822,4,0,0,0,0
6960.1,6990.1,OR_D_E_signal,offramp,FW_E,10481,18,,3,360.0,539,2,0,0,0,0
6960.1,6990.1,OR_D_E_direct,offramp,FW_E,10483,20,,11,1320.0,1971,2,0,0,0,0
6960.1,6990.1,OR_D_W_signal,offramp,FW_W,10491,9,,11,1320.0,1737,2,0,0,0,0
6960.1,6990.1,OR_D_W_direct,offramp,FW_W,10479,7,,9,1080.0,1589,4,0,0,0,0
6960.1,6990.1,OR_F_E_signal,offramp,FW_E,10643,9,,2,240.0,1192,5,0,0,0,0
6960.1,6990.1,OR_F_E_direct,offramp,FW_E,10682,11,,5,600.0,2381,1,0,0,0,0
6960.1,6990.1,OR_F_W_signal,offramp,FW_W,10638,19,,5,600.0,1269,0,0,0,0,0
6960.1,6990.1,OR_F_W_direct,offramp,FW_W,10645,16,,7,840.0,2042,3,0,0,0,0
6960.1,6990.1,source_1098,source,FW_E,,,0,46,5520.0,14665,,0,46,0,0
6960.1,6990.1,source_1099,source,FW_W,,,0,45,5400.0,8506,,0,45,0,0
6990.1,7020.1,RM_C10480,ramp,FW_W,10480,,8,2,240.0,296,0,0,0,0,2
6990.1,7020.1,RM_C10482,ramp,FW_W,10482,,10,6,720.0,3310,16,0,0,0,0
6990.1,7020.1,RM_C10646,ramp,FW_W,10646,,18,0,0.0,592,3,0,0,0,0
6990.1,7020.1,RM_C10644,ramp,FW_W,10644,,22,0,0.0,764,15,0,0,0,0
6990.1,7020.1,RM_C10639,ramp,FW_E,10639,,10,1,120.0,741,5,0,0,0,0
6990.1,7020.1,RM_C10681,ramp,FW_E,10681,,12,7,840.0,1874,48,0,0,0,0
6990.1,7020.1,RM_C10490,ramp,FW_E,10490,,21,0,0.0,1248,6,0,0,0,0
6990.1,7020.1,RM_C10484,ramp,FW_E,10484,,23,5,600.0,827,0,0,0,0,0
6990.1,7020.1,OR_D_E_signal,offramp,FW_E,10481,18,,1,120.0,540,1,0,0,0,0
6990.1,7020.1,OR_D_E_direct,offramp,FW_E,10483,20,,12,1440.0,1983,2,0,0,0,0
6990.1,7020.1,OR_D_W_signal,offramp,FW_W,10491,9,,7,840.0,1744,1,0,0,0,2
6990.1,7020.1,OR_D_W_direct,offramp,FW_W,10479,7,,3,360.0,1592,0,0,0,0,0
6990.1,7020.1,OR_F_E_signal,offramp,FW_E,10643,9,,2,240.0,1194,5,0,0,0,0
6990.1,7020.1,OR_F_E_direct,offramp,FW_E,10682,11,,8,960.0,2389,2,0,0,0,0
6990.1,7020.1,OR_F_W_signal,offramp,FW_W,10638,19,,3,360.0,1272,2,0,0,0,0
6990.1,7020.1,OR_F_W_direct,offramp,FW_W,10645,16,,6,720.0,2048,6,0,0,0,0
6990.1,7020.1,source_1098,source,FW_E,,,0,35,4200.0,14700,,0,35,0,0
6990.1,7020.1,source_1099,source,FW_W,,,0,31,3720.0,8537,,0,31,0,0
7020.1,7050.1,RM_C10480,ramp,FW_W,10480,,8,2,240.0,298,0,0,0,0,2
7020.1,7050.1,RM_C10482,ramp,FW_W,10482,,10,13,1560.0,3323,12,0,0,0,0
7020.1,7050.1,RM_C10646,ramp,FW_W,10646,,18,3,360.0,595,5,0,0,0,2
7020.1,7050.1,RM_C10644,ramp,FW_W,10644,,22,7,840.0,771,12,0,0,0,0
7020.1,7050.1,RM_C10639,ramp,FW_E,10639,,10,5,600.0,746,4,0,0,0,0
7020.1,7050.1,RM_C10681,ramp,FW_E,10681,,12,9,1080.0,1883,48,0,0,0,0
7020.1,7050.1,RM_C10490,ramp,FW_E,10490,,21,6,720.0,1254,4,0,0,0,0
7020.1,7050.1,RM_C10484,ramp,FW_E,10484,,23,0,0.0,827,5,0,0,0,0
7020.1,7050.1,OR_D_E_signal,offramp,FW_E,10481,18,,1,120.0,541,1,0,0,0,0
7020.1,7050.1,OR_D_E_direct,offramp,FW_E,10483,20,,8,960.0,1991,2,0,0,0,0
7020.1,7050.1,OR_D_W_signal,offramp,FW_W,10491,9,,7,840.0,1751,3,0,0,0,2
7020.1,7050.1,OR_D_W_direct,offramp,FW_W,10479,7,,5,600.0,1597,3,0,0,0,0
7020.1,7050.1,OR_F_E_signal,offramp,FW_E,10643,9,,6,720.0,1200,11,0,0,0,0
7020.1,7050.1,OR_F_E_direct,offramp,FW_E,10682,11,,4,480.0,2393,0,0,0,0,0
7020.1,7050.1,OR_F_W_signal,offramp,FW_W,10638,19,,5,600.0,1277,4,0,0,0,2
7020.1,7050.1,OR_F_W_direct,offramp,FW_W,10645,16,,5,600.0,2053,3,0,0,0,0
7020.1,7050.1,source_1098,source,FW_E,,,0,35,4200.0,14735,,0,35,0,0
7020.1,7050.1,source_1099,source,FW_W,,,0,17,2040.0,8554,,0,17,0,0
7050.1,7080.1,RM_C10480,ramp,FW_W,10480,,8,1,120.0,299,1,0,0,0,1
7050.1,7080.1,RM_C10482,ramp,FW_W,10482,,10,7,840.0,3330,17,0,0,0,0
7050.1,7080.1,RM_C10646,ramp,FW_W,10646,,18,2,240.0,597,3,0,0,0,0
7050.1,7080.1,RM_C10644,ramp,FW_W,10644,,22,0,0.0,771,12,0,0,0,0
7050.1,7080.1,RM_C10639,ramp,FW_E,10639,,10,4,480.0,750,5,0,0,0,0
7050.1,7080.1,RM_C10681,ramp,FW_E,10681,,12,10,1200.0,1893,38,0,0,0,0
7050.1,7080.1,RM_C10490,ramp,FW_E,10490,,21,4,480.0,1258,5,0,0,0,0
7050.1,7080.1,RM_C10484,ramp,FW_E,10484,,23,5,600.0,832,0,0,0,0,0
7050.1,7080.1,OR_D_E_signal,offramp,FW_E,10481,18,,6,720.0,547,7,0,0,0,0
7050.1,7080.1,OR_D_E_direct,offramp,FW_E,10483,20,,16,1920.0,2007,5,0,0,0,0
7050.1,7080.1,OR_D_W_signal,offramp,FW_W,10491,9,,4,480.0,1755,3,0,0,0,1
7050.1,7080.1,OR_D_W_direct,offramp,FW_W,10479,7,,5,600.0,1602,2,0,0,0,0
7050.1,7080.1,OR_F_E_signal,offramp,FW_E,10643,9,,1,120.0,1201,6,0,0,0,0
7050.1,7080.1,OR_F_E_direct,offramp,FW_E,10682,11,,5,600.0,2398,1,0,0,0,0
7050.1,7080.1,OR_F_W_signal,offramp,FW_W,10638,19,,4,480.0,1281,0,0,0,0,0
7050.1,7080.1,OR_F_W_direct,offramp,FW_W,10645,16,,17,2040.0,2070,6,0,0,0,0
7050.1,7080.1,source_1098,source,FW_E,,,0,34,4080.0,14769,,0,34,0,0
7050.1,7080.1,source_1099,source,FW_W,,,0,37,4440.0,8591,,0,37,0,0
7080.1,7110.1,RM_C10480,ramp,FW_W,10480,,8,2,240.0,301,1,0,0,0,2
7080.1,7110.1,RM_C10482,ramp,FW_W,10482,,10,13,1560.0,3343,14,0,0,0,0
7080.1,7110.1,RM_C10646,ramp,FW_W,10646,,18,3,360.0,600,0,0,0,0,0
7080.1,7110.1,RM_C10644,ramp,FW_W,10644,,22,7,840.0,778,7,0,0,0,0
7080.1,7110.1,RM_C10639,ramp,FW_E,10639,,10,5,600.0,755,1,0,0,0,0
7080.1,7110.1,RM_C10681,ramp,FW_E,10681,,12,9,1080.0,1902,29,0,0,0,0
7080.1,7110.1,RM_C10490,ramp,FW_E,10490,,21,6,720.0,1264,3,0,0,0,0
7080.1,7110.1,RM_C10484,ramp,FW_E,10484,,23,0,0.0,832,3,0,0,0,0
7080.1,7110.1,OR_D_E_signal,offramp,FW_E,10481,18,,1,120.0,548,1,0,0,0,0
7080.1,7110.1,OR_D_E_direct,offramp,FW_E,10483,20,,10,1200.0,2017,5,0,0,0,0
7080.1,7110.1,OR_D_W_signal,offramp,FW_W,10491,9,,10,1200.0,1765,4,0,0,0,2
7080.1,7110.1,OR_D_W_direct,offramp,FW_W,10479,7,,6,720.0,1608,3,0,0,0,0
7080.1,7110.1,OR_F_E_signal,offramp,FW_E,10643,9,,3,360.0,1204,4,0,0,0,0
7080.1,7110.1,OR_F_E_direct,offramp,FW_E,10682,11,,5,600.0,2403,3,0,0,0,0
7080.1,7110.1,OR_F_W_signal,offramp,FW_W,10638,19,,7,840.0,1288,0,0,0,0,0
7080.1,7110.1,OR_F_W_direct,offramp,FW_W,10645,16,,4,480.0,2074,0,0,0,0,0
7080.1,7110.1,source_1098,source,FW_E,,,0,32,3840.0,14801,,0,32,0,0
7080.1,7110.1,source_1099,source,FW_W,,,0,35,4200.0,8626,,0,35,0,0
7110.1,7140.1,RM_C10480,ramp,FW_W,10480,,8,1,120.0,302,0,0,0,0,1
7110.1,7140.1,RM_C10482,ramp,FW_W,10482,,10,8,960.0,3351,12,0,0,0,0
7110.1,7140.1,RM_C10646,ramp,FW_W,10646,,18,0,0.0,600,0,0,0,0,0
7110.1,7140.1,RM_C10644,ramp,FW_W,10644,,22,5,600.0,783,4,0,0,0,0
7110.1,7140.1,RM_C10639,ramp,FW_E,10639,,10,1,120.0,756,1,0,0,0,0
7110.1,7140.1,RM_C10681,ramp,FW_E,10681,,12,7,840.0,1909,31,0,0,0,0
7110.1,7140.1,RM_C10490,ramp,FW_E,10490,,21,3,360.0,1267,2,0,0,0,0
7110.1,7140.1,RM_C10484,ramp,FW_E,10484,,23,0,0.0,832,4,0,0,0,0
7110.1,7140.1,OR_D_E_signal,offramp,FW_E,10481,18,,1,120.0,549,1,0,0,0,0
7110.1,7140.1,OR_D_E_direct,offramp,FW_E,10483,20,,6,720.0,2023,5,0,0,0,0
7110.1,7140.1,OR_D_W_signal,offramp,FW_W,10491,9,,9,1080.0,1774,3,0,0,0,1
7110.1,7140.1,OR_D_W_direct,offramp,FW_W,10479,7,,6,720.0,1614,4,0,0,0,0
7110.1,7140.1,OR_F_E_signal,offramp,FW_E,10643,9,,3,360.0,1207,4,0,0,0,0
7110.1,7140.1,OR_F_E_direct,offramp,FW_E,10682,11,,10,1200.0,2413,0,0,0,0,0
7110.1,7140.1,OR_F_W_signal,offramp,FW_W,10638,19,,4,480.0,1292,0,0,0,0,0
7110.1,7140.1,OR_F_W_direct,offramp,FW_W,10645,16,,12,1440.0,2086,10,0,0,0,0
7110.1,7140.1,source_1098,source,FW_E,,,0,46,5520.0,14847,,0,46,0,0
7110.1,7140.1,source_1099,source,FW_W,,,0,37,4440.0,8663,,0,37,0,0
7140.1,7170.1,RM_C10480,ramp,FW_W,10480,,8,0,0.0,302,0,0,0,0,0
7140.1,7170.1,RM_C10482,ramp,FW_W,10482,,10,10,1200.0,3361,11,0,0,0,0
7140.1,7170.1,RM_C10646,ramp,FW_W,10646,,18,0,0.0,600,3,0,0,0,0
7140.1,7170.1,RM_C10644,ramp,FW_W,10644,,22,2,240.0,785,7,0,0,0,0
7140.1,7170.1,RM_C10639,ramp,FW_E,10639,,10,1,120.0,757,0,0,0,0,0
7140.1,7170.1,RM_C10681,ramp,FW_E,10681,,12,10,1200.0,1919,38,0,0,0,0
7140.1,7170.1,RM_C10490,ramp,FW_E,10490,,21,3,360.0,1270,3,0,0,0,0
7140.1,7170.1,RM_C10484,ramp,FW_E,10484,,23,4,480.0,836,3,0,0,0,0
7140.1,7170.1,OR_D_E_signal,offramp,FW_E,10481,18,,2,240.0,551,2,0,0,0,0
7140.1,7170.1,OR_D_E_direct,offramp,FW_E,10483,20,,15,1800.0,2038,3,0,0,0,0
7140.1,7170.1,OR_D_W_signal,offramp,FW_W,10491,9,,6,720.0,1780,3,0,0,0,0
7140.1,7170.1,OR_D_W_direct,offramp,FW_W,10479,7,,4,480.0,1618,0,0,0,0,0
7140.1,7170.1,OR_F_E_signal,offramp,FW_E,10643,9,,1,120.0,1208,2,0,0,0,0
7140.1,7170.1,OR_F_E_direct,offramp,FW_E,10682,11,,7,840.0,2420,7,0,0,0,0
7140.1,7170.1,OR_F_W_signal,offramp,FW_W,10638,19,,2,240.0,1294,0,0,0,0,0
7140.1,7170.1,OR_F_W_direct,offramp,FW_W,10645,16,,18,2160.0,2104,4,0,0,0,0
7140.1,7170.1,source_1098,source,FW_E,,,0,51,6120.0,14898,,0,51,0,0
7140.1,7170.1,source_1099,source,FW_W,,,0,22,2640.0,8685,,0,22,0,0
7170.1,7200.1,RM_C10480,ramp,FW_W,10480,,8,0,0.0,302,1,0,0,0,0
7170.1,7200.1,RM_C10482,ramp,FW_W,10482,,10,11,1320.0,3372,11,0,0,0,0
7170.1,7200.1,RM_C10646,ramp,FW_W,10646,,18,3,360.0,603,4,0,0,0,0
7170.1,7200.1,RM_C10644,ramp,FW_W,10644,,22,0,0.0,785,13,0,0,0,0
7170.1,7200.1,RM_C10639,ramp,FW_E,10639,,10,0,0.0,757,5,0,0,0,0
7170.1,7200.1,RM_C10681,ramp,FW_E,10681,,12,6,720.0,1925,46,0,0,0,0
7170.1,7200.1,RM_C10490,ramp,FW_E,10490,,21,4,480.0,1274,2,0,0,0,0
7170.1,7200.1,RM_C10484,ramp,FW_E,10484,,23,3,360.0,839,7,0,0,0,0
7170.1,7200.1,OR_D_E_signal,offramp,FW_E,10481,18,,3,360.0,554,3,0,0,0,0
7170.1,7200.1,OR_D_E_direct,offramp,FW_E,10483,20,,12,1440.0,2050,3,0,0,0,0
7170.1,7200.1,OR_D_W_signal,offramp,FW_W,10491,9,,5,600.0,1785,2,0,0,0,0
7170.1,7200.1,OR_D_W_direct,offramp,FW_W,10479,7,,3,360.0,1621,1,0,0,0,0
7170.1,7200.1,OR_F_E_signal,offramp,FW_E,10643,9,,9,1080.0,1217,10,0,0,0,0
7170.1,7200.1,OR_F_E_direct,offramp,FW_E,10682,11,,11,1320.0,2431,8,0,0,0,0
7170.1,7200.1,OR_F_W_signal,offramp,FW_W,10638,19,,4,480.0,1298,1,0,0,0,0
7170.1,7200.1,OR_F_W_direct,offramp,FW_W,10645,16,,5,600.0,2109,2,0,0,0,0
7170.1,7200.1,source_1098,source,FW_E,,,0,35,4200.0,14933,,0,35,0,0
7170.1,7200.1,source_1099,source,FW_W,,,0,41,4920.0,8726,,0,41,0,0
7200.1,7230.1,RM_C10480,ramp,FW_W,10480,,8,1,120.0,303,1,0,0,0,1
7200.1,7230.1,RM_C10482,ramp,FW_W,10482,,10,6,720.0,3378,16,0,0,0,0
7200.1,7230.1,RM_C10646,ramp,FW_W,10646,,18,3,360.0,606,8,0,0,0,0
7200.1,7230.1,RM_C10644,ramp,FW_W,10644,,22,0,0.0,785,19,0,0,0,0
7200.1,7230.1,RM_C10639,ramp,FW_E,10639,,10,5,600.0,762,5,0,0,0,0
7200.1,7230.1,RM_C10681,ramp,FW_E,10681,,12,7,840.0,1932,39,0,0,0,0
7200.1,7230.1,RM_C10490,ramp,FW_E,10490,,21,2,240.0,1276,1,0,0,0,0
7200.1,7230.1,RM_C10484,ramp,FW_E,10484,,23,6,720.0,845,4,0,0,0,0
7200.1,7230.1,OR_D_E_signal,offramp,FW_E,10481,18,,4,480.0,558,6,0,0,0,0
7200.1,7230.1,OR_D_E_direct,offramp,FW_E,10483,20,,7,840.0,2057,4,0,0,0,0
7200.1,7230.1,OR_D_W_signal,offramp,FW_W,10491,9,,7,840.0,1792,1,0,0,0,1
7200.1,7230.1,OR_D_W_direct,offramp,FW_W,10479,7,,8,960.0,1629,3,0,0,0,0
7200.1,7230.1,OR_F_E_signal,offramp,FW_E,10643,9,,3,360.0,1220,11,0,0,0,0
7200.1,7230.1,OR_F_E_direct,offramp,FW_E,10682,11,,6,720.0,2437,0,0,0,0,0
7200.1,7230.1,OR_F_W_signal,offramp,FW_W,10638,19,,8,960.0,1306,4,0,0,0,0
7200.1,7230.1,OR_F_W_direct,offramp,FW_W,10645,16,,7,840.0,2116,3,0,0,0,0
7200.1,7230.1,source_1098,source,FW_E,,,0,49,5880.0,14982,,0,49,0,0
7200.1,7230.1,source_1099,source,FW_W,,,0,20,2400.0,8746,,0,20,0,0
7230.1,7260.1,RM_C10480,ramp,FW_W,10480,,8,1,120.0,304,0,0,0,0,1
7230.1,7260.1,RM_C10482,ramp,FW_W,10482,,10,15,1800.0,3393,14,0,0,0,0
7230.1,7260.1,RM_C10646,ramp,FW_W,10646,,18,8,960.0,614,0,0,0,0,4
7230.1,7260.1,RM_C10644,ramp,FW_W,10644,,22,7,840.0,792,16,0,0,0,0
7230.1,7260.1,RM_C10639,ramp,FW_E,10639,,10,0,0.0,762,12,0,0,0,0
7230.1,7260.1,RM_C10681,ramp,FW_E,10681,,12,9,1080.0,1941,30,0,0,0,0
7230.1,7260.1,RM_C10490,ramp,FW_E,10490,,21,1,120.0,1277,2,0,0,0,0
7230.1,7260.1,RM_C10484,ramp,FW_E,10484,,23,2,240.0,847,4,0,0,0,0
7230.1,7260.1,OR_D_E_signal,offramp,FW_E,10481,18,,1,120.0,559,3,0,0,0,0
7230.1,7260.1,OR_D_E_direct,offramp,FW_E,10483,20,,12,1440.0,2069,5,0,0,0,0
7230.1,7260.1,OR_D_W_signal,offramp,FW_W,10491,9,,7,840.0,1799,3,0,0,0,1
7230.1,7260.1,OR_D_W_direct,offramp,FW_W,10479,7,,7,840.0,1636,1,0,0,0,0
7230.1,7260.1,OR_F_E_signal,offramp,FW_E,10643,9,,3,360.0,1223,12,0,0,0,0
7230.1,7260.1,OR_F_E_direct,offramp,FW_E,10682,11,,2,240.0,2439,0,0,0,0,0
7230.1,7260.1,OR_F_W_signal,offramp,FW_W,10638,19,,9,1080.0,1315,0,0,0,0,4
7230.1,7260.1,OR_F_W_direct,offramp,FW_W,10645,16,,11,1320.0,2127,5,0,0,0,0
7230.1,7260.1,source_1098,source,FW_E,,,0,38,4560.0,15020,,0,38,0,0
7230.1,7260.1,source_1099,source,FW_W,,,0,21,2520.0,8767,,0,21,0,0
7260.1,7290.1,RM_C10480,ramp,FW_W,10480,,8,0,0.0,304,1,0,0,0,0
7260.1,7290.1,RM_C10482,ramp,FW_W,10482,,10,9,1080.0,3402,12,0,0,0,0
7260.1,7290.1,RM_C10646,ramp,FW_W,10646,,18,0,0.0,614,0,0,0,0,0
7260.1,7290.1,RM_C10644,ramp,FW_W,10644,,22,7,840.0,799,10,0,0,0,0
7260.1,7290.1,RM_C10639,ramp,FW_E,10639,,10,9,1080.0,771,6,0,0,0,0
7260.1,7290.1,RM_C10681,ramp,FW_E,10681,,12,7,840.0,1948,32,0,0,0,0
7260.1,7290.1,RM_C10490,ramp,FW_E,10490,,21,2,240.0,1279,3,0,0,0,0
7260.1,7290.1,RM_C10484,ramp,FW_E,10484,,23,2,240.0,849,2,0,0,0,0
7260.1,7290.1,OR_D_E_signal,offramp,FW_E,10481,18,,1,120.0,560,1,0,0,0,0
7260.1,7290.1,OR_D_E_direct,offramp,FW_E,10483,20,,5,600.0,2074,0,0,0,0,0
7260.1,7290.1,OR_D_W_signal,offramp,FW_W,10491,9,,9,1080.0,1808,4,0,0,0,0
7260.1,7290.1,OR_D_W_direct,offramp,FW_W,10479,7,,2,240.0,1638,0,0,0,0,0
7260.1,7290.1,OR_F_E_signal,offramp,FW_E,10643,9,,6,720.0,1229,18,0,0,0,0
7260.1,7290.1,OR_F_E_direct,offramp,FW_E,10682,11,,8,960.0,2447,8,0,0,0,0
7260.1,7290.1,OR_F_W_signal,offramp,FW_W,10638,19,,3,360.0,1318,2,0,0,0,0
7260.1,7290.1,OR_F_W_direct,offramp,FW_W,10645,16,,5,600.0,2132,3,0,0,0,0
7260.1,7290.1,source_1098,source,FW_E,,,0,43,5160.0,15063,,0,43,0,0
7260.1,7290.1,source_1099,source,FW_W,,,0,29,3480.0,8796,,0,29,0,0
7290.1,7320.1,RM_C10480,ramp,FW_W,10480,,8,1,120.0,305,0,0,0,0,1
7290.1,7320.1,RM_C10482,ramp,FW_W,10482,,10,9,1080.0,3411,11,0,0,0,0
7290.1,7320.1,RM_C10646,ramp,FW_W,10646,,18,0,0.0,614,4,0,0,0,0
7290.1,7320.1,RM_C10644,ramp,FW_W,10644,,22,8,960.0,807,6,0,0,0,0
7290.1,7320.1,RM_C10639,ramp,FW_E,10639,,10,6,720.0,777,0,0,0,0,0
7290.1,7320.1,RM_C10681,ramp,FW_E,10681,,12,6,720.0,1954,44,0,0,0,0
7290.1,7320.1,RM_C10490,ramp,FW_E,10490,,21,3,360.0,1282,2,0,0,0,0
7290.1,7320.1,RM_C10484,ramp,FW_E,10484,,23,2,240.0,851,3,0,0,0,0
7290.1,7320.1,OR_D_E_signal,offramp,FW_E,10481,18,,2,240.0,562,2,0,0,0,0
7290.1,7320.1,OR_D_E_direct,offramp,FW_E,10483,20,,10,1200.0,2084,5,0,0,0,0
7290.1,7320.1,OR_D_W_signal,offramp,FW_W,10491,9,,6,720.0,1814,2,0,0,0,1
7290.1,7320.1,OR_D_W_direct,offramp,FW_W,10479,7,,7,840.0,1645,4,0,0,0,0
7290.1,7320.1,OR_F_E_signal,offramp,FW_E,10643,9,,7,840.0,1236,19,0,0,0,0
7290.1,7320.1,OR_F_E_direct,offramp,FW_E,10682,11,,6,720.0,2453,5,0,0,0,0
7290.1,7320.1,OR_F_W_signal,offramp,FW_W,10638,19,,1,120.0,1319,1,0,0,0,0
7290.1,7320.1,OR_F_W_direct,offramp,FW_W,10645,16,,8,960.0,2140,2,0,0,0,0
7290.1,7320.1,source_1098,source,FW_E,,,0,52,6240.0,15115,,0,52,0,0
7290.1,7320.1,source_1099,source,FW_W,,,0,35,4200.0,8831,,0,35,0,0
7320.1,7350.1,RM_C10480,ramp,FW_W,10480,,8,0,0.0,305,0,0,0,0,0
7320.1,7350.1,RM_C10482,ramp,FW_W,10482,,10,10,1200.0,3421,5,0,0,0,0
7320.1,7350.1,RM_C10646,ramp,FW_W,10646,,18,4,480.0,618,6,0,0,0,2
7320.1,7350.1,RM_C10644,ramp,FW_W,10644,,22,1,120.0,808,6,0,0,0,0
7320.1,7350.1,RM_C10639,ramp,FW_E,10639,,10,0,0.0,777,3,0,0,0,0
7320.1,7350.1,RM_C10681,ramp,FW_E,10681,,12,9,1080.0,1963,41,0,0,0,0
7320.1,7350.1,RM_C10490,ramp,FW_E,10490,,21,2,240.0,1284,2,0,0,0,0
7320.1,7350.1,RM_C10484,ramp,FW_E,10484,,23,3,360.0,854,7,0,0,0,0
7320.1,7350.1,OR_D_E_signal,offramp,FW_E,10481,18,,0,0.0,562,0,0,0,0,0
7320.1,7350.1,OR_D_E_direct,offramp,FW_E,10483,20,,10,1200.0,2094,0,0,0,0,0
7320.1,7350.1,OR_D_W_signal,offramp,FW_W,10491,9,,6,720.0,1820,2,0,0,0,0
7320.1,7350.1,OR_D_W_direct,offramp,FW_W,10479,7,,4,480.0,1649,2,0,0,0,0
7320.1,7350.1,OR_F_E_signal,offramp,FW_E,10643,9,,3,360.0,1239,20,0,0,0,0
7320.1,7350.1,OR_F_E_direct,offramp,FW_E,10682,11,,14,1680.0,2467,4,0,0,0,0
7320.1,7350.1,OR_F_W_signal,offramp,FW_W,10638,19,,9,1080.0,1328,7,0,0,0,2
7320.1,7350.1,OR_F_W_direct,offramp,FW_W,10645,16,,5,600.0,2145,0,0,0,0,0
7320.1,7350.1,source_1098,source,FW_E,,,0,37,4440.0,15152,,0,37,0,0
7320.1,7350.1,source_1099,source,FW_W,,,0,30,3600.0,8861,,0,30,0,0
7350.1,7380.1,RM_C10480,ramp,FW_W,10480,,8,2,240.0,307,1,0,0,0,1
7350.1,7380.1,RM_C10482,ramp,FW_W,10482,,10,2,240.0,3423,16,0,0,0,0
7350.1,7380.1,RM_C10646,ramp,FW_W,10646,,18,6,720.0,624,1,0,0,0,4
7350.1,7380.1,RM_C10644,ramp,FW_W,10644,,22,0,0.0,808,9,0,0,0,0
7350.1,7380.1,RM_C10639,ramp,FW_E,10639,,10,3,360.0,780,0,0,0,0,0
7350.1,7380.1,RM_C10681,ramp,FW_E,10681,,12,10,1200.0,1973,32,0,0,0,0
7350.1,7380.1,RM_C10490,ramp,FW_E,10490,,21,2,240.0,1286,4,0,0,0,0
7350.1,7380.1,RM_C10484,ramp,FW_E,10484,,23,0,0.0,854,10,0,0,0,0
7350.1,7380.1,OR_D_E_signal,offramp,FW_E,10481,18,,0,0.0,562,0,0,0,0,0
7350.1,7380.1,OR_D_E_direct,offramp,FW_E,10483,20,,14,1680.0,2108,1,0,0,0,0
7350.1,7380.1,OR_D_W_signal,offramp,FW_W,10491,9,,9,1080.0,1829,4,0,0,0,1
7350.1,7380.1,OR_D_W_direct,offramp,FW_W,10479,7,,8,960.0,1657,3,0,0,0,0
7350.1,7380.1,OR_F_E_signal,offramp,FW_E,10643,9,,1,120.0,1240,18,0,0,0,0
7350.1,7380.1,OR_F_E_direct,offramp,FW_E,10682,11,,5,600.0,2472,1,0,0,0,0
7350.1,7380.1,OR_F_W_signal,offramp,FW_W,10638,19,,9,1080.0,1337,6,0,0,0,4
7350.1,7380.1,OR_F_W_direct,offramp,FW_W,10645,16,,13,1560.0,2158,5,0,0,0,0
7350.1,7380.1,source_1098,source,FW_E,,,0,48,5760.0,15200,,0,48,0,0
7350.1,7380.1,source_1099,source,FW_W,,,0,25,3000.0,8886,,0,25,0,0
7380.1,7410.1,RM_C10480,ramp,FW_W,10480,,8,2,240.0,309,0,0,0,0,2
7380.1,7410.1,RM_C10482,ramp,FW_W,10482,,10,12,1440.0,3435,7,0,0,0,0
7380.1,7410.1,RM_C10646,ramp,FW_W,10646,,18,1,120.0,625,0,0,0,0,1
7380.1,7410.1,RM_C10644,ramp,FW_W,10644,,22,5,600.0,813,5,0,0,0,0
7380.1,7410.1,RM_C10639,ramp,FW_E,10639,,10,0,0.0,780,3,0,0,0,0
7380.1,7410.1,RM_C10681,ramp,FW_E,10681,,12,9,1080.0,1982,23,0,0,0,0
7380.1,7410.1,RM_C10490,ramp,FW_E,10490,,21,2,240.0,1288,3,0,0,0,0
7380.1,7410.1,RM_C10484,ramp,FW_E,10484,,23,7,840.0,861,7,0,0,0,0
7380.1,7410.1,OR_D_E_signal,offramp,FW_E,10481,18,,1,120.0,563,0,0,0,0,0
7380.1,7410.1,OR_D_E_direct,offramp,FW_E,10483,20,,14,1680.0,2122,2,0,0,0,0
7380.1,7410.1,OR_D_W_signal,offramp,FW_W,10491,9,,6,720.0,1835,3,0,0,0,2
7380.1,7410.1,OR_D_W_direct,offramp,FW_W,10479,7,,5,600.0,1662,2,0,0,0,0
7380.1,7410.1,OR_F_E_signal,offramp,FW_E,10643,9,,6,720.0,1246,18,0,0,0,0
7380.1,7410.1,OR_F_E_direct,offramp,FW_E,10682,11,,6,720.0,2478,2,0,0,0,0
7380.1,7410.1,OR_F_W_signal,offramp,FW_W,10638,19,,5,600.0,1342,1,0,0,0,1
7380.1,7410.1,OR_F_W_direct,offramp,FW_W,10645,16,,0,0.0,2158,0,0,0,0,0
7380.1,7410.1,source_1098,source,FW_E,,,0,37,4440.0,15237,,0,37,0,0
7380.1,7410.1,source_1099,source,FW_W,,,0,33,3960.0,8919,,0,33,0,0
7410.1,7440.1,RM_C10480,ramp,FW_W,10480,,8,0,0.0,309,0,0,0,0,0
7410.1,7440.1,RM_C10482,ramp,FW_W,10482,,10,4,480.0,3439,20,0,0,0,0
7410.1,7440.1,RM_C10646,ramp,FW_W,10646,,18,0,0.0,625,1,0,0,0,0
7410.1,7440.1,RM_C10644,ramp,FW_W,10644,,22,0,0.0,813,8,0,0,0,0
7410.1,7440.1,RM_C10639,ramp,FW_E,10639,,10,3,360.0,783,0,0,0,0,0
7410.1,7440.1,RM_C10681,ramp,FW_E,10681,,12,9,1080.0,1991,24,0,0,0,0
7410.1,7440.1,RM_C10490,ramp,FW_E,10490,,21,4,480.0,1292,2,0,0,0,0
7410.1,7440.1,RM_C10484,ramp,FW_E,10484,,23,5,600.0,866,3,0,0,0,0
7410.1,7440.1,OR_D_E_signal,offramp,FW_E,10481,18,,2,240.0,565,2,0,0,0,0
7410.1,7440.1,OR_D_E_direct,offramp,FW_E,10483,20,,13,1560.0,2135,4,0,0,0,0
7410.1,7440.1,OR_D_W_signal,offramp,FW_W,10491,9,,10,1200.0,1845,2,0,0,0,0
7410.1,7440.1,OR_D_W_direct,offramp,FW_W,10479,7,,4,480.0,1666,1,0,0,0,0
7410.1,7440.1,OR_F_E_signal,offramp,FW_E,10643,9,,1,120.0,1247,17,0,0,0,0
7410.1,7440.1,OR_F_E_direct,offramp,FW_E,10682,11,,11,1320.0,2489,0,0,0,0,0
7410.1,7440.1,OR_F_W_signal,offramp,FW_W,10638,19,,1,120.0,1343,0,0,0,0,0
7410.1,7440.1,OR_F_W_direct,offramp,FW_W,10645,16,,4,480.0,2162,4,0,0,0,0
7410.1,7440.1,source_1098,source,FW_E,,,0,36,4320.0,15273,,0,36,0,0
7410.1,7440.1,source_1099,source,FW_W,,,0,30,3600.0,8949,,0,30,0,0
7440.1,7470.1,RM_C10480,ramp,FW_W,10480,,8,0,0.0,309,0,0,0,0,0
7440.1,7470.1,RM_C10482,ramp,FW_W,10482,,10,15,1800.0,3454,16,0,0,0,0
7440.1,7470.1,RM_C10646,ramp,FW_W,10646,,18,0,0.0,625,3,0,0,0,0
7440.1,7470.1,RM_C10644,ramp,FW_W,10644,,22,4,480.0,817,5,0,0,0,0
7440.1,7470.1,RM_C10639,ramp,FW_E,10639,,10,0,0.0,783,4,0,0,0,0
7440.1,7470.1,RM_C10681,ramp,FW_E,10681,,12,9,1080.0,2000,37,0,0,0,0
7440.1,7470.1,RM_C10490,ramp,FW_E,10490,,21,1,120.0,1293,8,0,0,0,0
7440.1,7470.1,RM_C10484,ramp,FW_E,10484,,23,2,240.0,868,5,0,0,0,0
7440.1,7470.1,OR_D_E_signal,offramp,FW_E,10481,18,,3,360.0,568,3,0,0,0,0
7440.1,7470.1,OR_D_E_direct,offramp,FW_E,10483,20,,12,1440.0,2147,3,0,0,0,0
7440.1,7470.1,OR_D_W_signal,offramp,FW_W,10491,9,,9,1080.0,1854,3,0,0,0,0
7440.1,7470.1,OR_D_W_direct,offramp,FW_W,10479,7,,5,600.0,1671,2,0,0,0,0
7440.1,7470.1,OR_F_E_signal,offramp,FW_E,10643,9,,4,480.0,1251,18,0,0,0,0
7440.1,7470.1,OR_F_E_direct,offramp,FW_E,10682,11,,8,960.0,2497,1,0,0,0,0
7440.1,7470.1,OR_F_W_signal,offramp,FW_W,10638,19,,3,360.0,1346,1,0,0,0,0
7440.1,7470.1,OR_F_W_direct,offramp,FW_W,10645,16,,9,1080.0,2171,4,0,0,0,0
7440.1,7470.1,source_1098,source,FW_E,,,0,34,4080.0,15307,,0,34,0,0
7440.1,7470.1,source_1099,source,FW_W,,,0,28,3360.0,8977,,0,28,0,0
7470.1,7500.1,RM_C10480,ramp,FW_W,10480,,8,2,240.0,311,1,0,0,0,2
7470.1,7500.1,RM_C10482,ramp,FW_W,10482,,10,12,1440.0,3466,14,0,0,0,0
7470.1,7500.1,RM_C10646,ramp,FW_W,10646,,18,3,360.0,628,5,0,0,0,2
7470.1,7500.1,RM_C10644,ramp,FW_W,10644,,22,2,240.0,819,6,0,0,0,0
7470.1,7500.1,RM_C10639,ramp,FW_E,10639,,10,2,240.0,785,3,0,0,0,0
7470.1,7500.1,RM_C10681,ramp,FW_E,10681,,12,10,1200.0,2010,42,0,0,0,0
7470.1,7500.1,RM_C10490,ramp,FW_E,10490,,21,5,600.0,1298,6,0,0,0,0
7470.1,7500.1,RM_C10484,ramp,FW_E,10484,,23,1,120.0,869,7,0,0,0,0
7470.1,7500.1,OR_D_E_signal,offramp,FW_E,10481,18,,0,0.0,568,1,0,0,0,0
7470.1,7500.1,OR_D_E_direct,offramp,FW_E,10483,20,,11,1320.0,2158,2,0,0,0,0
7470.1,7500.1,OR_D_W_signal,offramp,FW_W,10491,9,,8,960.0,1862,2,0,0,0,2
7470.1,7500.1,OR_D_W_direct,offramp,FW_W,10479,7,,10,1200.0,1681,3,0,0,0,0
7470.1,7500.1,OR_F_E_signal,offramp,FW_E,10643,9,,1,120.0,1252,16,0,0,0,0
7470.1,7500.1,OR_F_E_direct,offramp,FW_E,10682,11,,13,1560.0,2510,4,0,0,0,0
7470.1,7500.1,OR_F_W_signal,offramp,FW_W,10638,19,,10,1200.0,1356,4,0,0,0,2
7470.1,7500.1,OR_F_W_direct,offramp,FW_W,10645,16,,7,840.0,2178,4,0,0,0,0
7470.1,7500.1,source_1098,source,FW_E,,,0,38,4560.0,15345,,0,38,0,0
7470.1,7500.1,source_1099,source,FW_W,,,0,35,4200.0,9012,,0,35,0,0
7500.1,7530.1,RM_C10480,ramp,FW_W,10480,,8,1,120.0,312,4,0,0,0,0
7500.1,7530.1,RM_C10482,ramp,FW_W,10482,,10,12,1440.0,3478,17,0,0,0,0
7500.1,7530.1,RM_C10646,ramp,FW_W,10646,,18,5,600.0,633,4,0,0,0,4
7500.1,7530.1,RM_C10644,ramp,FW_W,10644,,22,2,240.0,821,5,0,0,0,0
7500.1,7530.1,RM_C10639,ramp,FW_E,10639,,10,3,360.0,788,3,0,0,0,0
7500.1,7530.1,RM_C10681,ramp,FW_E,10681,,12,9,1080.0,2019,33,0,0,0,0
7500.1,7530.1,RM_C10490,ramp,FW_E,10490,,21,5,600.0,1303,3,0,0,0,0
7500.1,7530.1,RM_C10484,ramp,FW_E,10484,,23,5,600.0,874,3,0,0,0,0
7500.1,7530.1,OR_D_E_signal,offramp,FW_E,10481,18,,1,120.0,569,2,0,0,0,0
7500.1,7530.1,OR_D_E_direct,offramp,FW_E,10483,20,,13,1560.0,2171,3,0,0,0,0
7500.1,7530.1,OR_D_W_signal,offramp,FW_W,10491,9,,6,720.0,1868,0,0,0,0,0
7500.1,7530.1,OR_D_W_direct,offramp,FW_W,10479,7,,6,720.0,1687,1,0,0,0,0
7500.1,7530.1,OR_F_E_signal,offramp,FW_E,10643,9,,3,360.0,1255,18,0,0,0,0
7500.1,7530.1,OR_F_E_direct,offramp,FW_E,10682,11,,1,120.0,2511,0,0,0,0,0
7500.1,7530.1,OR_F_W_signal,offramp,FW_W,10638,19,,5,600.0,1361,4,0,0,0,4
7500.1,7530.1,OR_F_W_direct,offramp,FW_W,10645,16,,12,1440.0,2190,7,0,0,0,0
7500.1,7530.1,source_1098,source,FW_E,,,0,42,5040.0,15387,,0,42,0,0
7500.1,7530.1,source_1099,source,FW_W,,,0,40,4800.0,9052,,0,40,0,0
7530.1,7560.1,RM_C10480,ramp,FW_W,10480,,8,4,480.0,316,0,0,0,0,4
7530.1,7560.1,RM_C10482,ramp,FW_W,10482,,10,10,1200.0,3488,13,0,0,0,0
7530.1,7560.1,RM_C10646,ramp,FW_W,10646,,18,4,480.0,637,0,0,0,0,1
7530.1,7560.1,RM_C10644,ramp,FW_W,10644,,22,0,0.0,821,7,0,0,0,0
7530.1,7560.1,RM_C10639,ramp,FW_E,10639,,10,3,360.0,791,0,0,0,0,0
7530.1,7560.1,RM_C10681,ramp,FW_E,10681,,12,9,1080.0,2028,24,0,0,0,0
7530.1,7560.1,RM_C10490,ramp,FW_E,10490,,21,3,360.0,1306,4,0,0,0,0
7530.1,7560.1,RM_C10484,ramp,FW_E,10484,,23,3,360.0,877,1,0,0,0,0
7530.1,7560.1,OR_D_E_signal,offramp,FW_E,10481,18,,4,480.0,573,3,0,0,0,0
7530.1,7560.1,OR_D_E_direct,offramp,FW_E,10483,20,,6,720.0,2177,1,0,0,0,0
7530.1,7560.1,OR_D_W_signal,offramp,FW_W,10491,9,,15,1800.0,1883,1,0,0,0,4
7530.1,7560.1,OR_D_W_direct,offramp,FW_W,10479,7,,8,960.0,1695,5,0,0,0,0
7530.1,7560.1,OR_F_E_signal,offramp,FW_E,10643,9,,2,240.0,1257,18,0,0,0,0
7530.1,7560.1,OR_F_E_direct,offramp,FW_E,10682,11,,10,1200.0,2521,6,0,0,0,0
7530.1,7560.1,OR_F_W_signal,offramp,FW_W,10638,19,,7,840.0,1368,2,0,0,0,1
7530.1,7560.1,OR_F_W_direct,offramp,FW_W,10645,16,,6,720.0,2196,0,0,0,0,0
7530.1,7560.1,source_1098,source,FW_E,,,0,50,6000.0,15437,,0,50,0,0
7530.1,7560.1,source_1099,source,FW_W,,,0,33,3960.0,9085,,0,33,0,0
7560.1,7590.1,RM_C10480,ramp,FW_W,10480,,8,0,0.0,316,0,0,0,0,0
7560.1,7590.1,RM_C10482,ramp,FW_W,10482,,10,10,1200.0,3498,11,0,0,0,0
7560.1,7590.1,RM_C10646,ramp,FW_W,10646,,18,0,0.0,637,0,0,0,0,0
7560.1,7590.1,RM_C10644,ramp,FW_W,10644,,22,5,600.0,826,4,0,0,0,0
7560.1,7590.1,RM_C10639,ramp,FW_E,10639,,10,0,0.0,791,1,0,0,0,0
7560.1,7590.1,RM_C10681,ramp,FW_E,10681,,12,7,840.0,2035,26,0,0,0,0
7560.1,7590.1,RM_C10490,ramp,FW_E,10490,,21,4,480.0,1310,4,0,0,0,0
7560.1,7590.1,RM_C10484,ramp,FW_E,10484,,23,0,0.0,877,1,0,0,0,0
7560.1,7590.1,OR_D_E_signal,offramp,FW_E,10481,18,,2,240.0,575,2,0,0,0,0
7560.1,7590.1,OR_D_E_direct,offramp,FW_E,10483,20,,8,960.0,2185,4,0,0,0,0
7560.1,7590.1,OR_D_W_signal,offramp,FW_W,10491,9,,5,600.0,1888,1,0,0,0,0
7560.1,7590.1,OR_D_W_direct,offramp,FW_W,10479,7,,7,840.0,1702,2,0,0,0,0
7560.1,7590.1,OR_F_E_signal,offramp,FW_E,10643,9,,3,360.0,1260,19,0,0,0,0
7560.1,7590.1,OR_F_E_direct,offramp,FW_E,10682,11,,4,480.0,2525,0,0,0,0,0
7560.1,7590.1,OR_F_W_signal,offramp,FW_W,10638,19,,2,240.0,1370,0,0,0,0,0
7560.1,7590.1,OR_F_W_direct,offramp,FW_W,10645,16,,12,1440.0,2208,8,0,0,0,0
7560.1,7590.1,source_1098,source,FW_E,,,0,40,4800.0,15477,,0,40,0,0
7560.1,7590.1,source_1099,source,FW_W,,,0,23,2760.0,9108,,0,23,0,0
7590.1,7620.1,RM_C10480,ramp,FW_W,10480,,8,0,0.0,316,0,0,0,0,0
7590.1,7620.1,RM_C10482,ramp,FW_W,10482,,10,8,960.0,3506,11,0,0,0,0
7590.1,7620.1,RM_C10646,ramp,FW_W,10646,,18,0,0.0,637,5,0,0,0,0
7590.1,7620.1,RM_C10644,ramp,FW_W,10644,,22,1,120.0,827,5,0,0,0,0
7590.1,7620.1,RM_C10639,ramp,FW_E,10639,,10,1,120.0,792,1,0,0,0,0
7590.1,7620.1,RM_C10681,ramp,FW_E,10681,,12,11,1320.0,2046,30,0,0,0,0
7590.1,7620.1,RM_C10490,ramp,FW_E,10490,,21,4,480.0,1314,1,0,0,0,0
7590.1,7620.1,RM_C10484,ramp,FW_E,10484,,23,1,120.0,878,5,0,0,0,0
7590.1,7620.1,OR_D_E_signal,offramp,FW_E,10481,18,,2,240.0,577,2,0,0,0,0
7590.1,7620.1,OR_D_E_direct,offramp,FW_E,10483,20,,19,2280.0,2204,5,0,0,0,0
7590.1,7620.1,OR_D_W_signal,offramp,FW_W,10491,9,,8,960.0,1896,1,0,0,0,0
7590.1,7620.1,OR_D_W_direct,offramp,FW_W,10479,7,,10,1200.0,1712,3,0,0,0,0
7590.1,7620.1,OR_F_E_signal,offramp,FW_E,10643,9,,4,480.0,1264,20,0,0,0,0
7590.1,7620.1,OR_F_E_direct,offramp,FW_E,10682,11,,4,480.0,2529,1,0,0,0,0
7590.1,7620.1,OR_F_W_signal,offramp,FW_W,10638,19,,5,600.0,1375,1,0,0,0,0
7590.1,7620.1,OR_F_W_direct,offramp,FW_W,10645,16,,7,840.0,2215,2,0,0,0,0
7590.1,7620.1,source_1098,source,FW_E,,,0,44,5280.0,15521,,0,44,0,0
7590.1,7620.1,source_1099,source,FW_W,,,0,34,4080.0,9142,,0,34,0,0
7620.1,7650.1,RM_C10480,ramp,FW_W,10480,,8,1,120.0,317,0,0,0,0,0
7620.1,7650.1,RM_C10482,ramp,FW_W,10482,,10,3,360.0,3509,22,0,0,0,0
7620.1,7650.1,RM_C10646,ramp,FW_W,10646,,18,5,600.0,642,6,0,0,0,1
7620.1,7650.1,RM_C10644,ramp,FW_W,10644,,22,1,120.0,828,8,0,0,0,0
7620.1,7650.1,RM_C10639,ramp,FW_E,10639,,10,1,120.0,793,0,0,0,0,0
7620.1,7650.1,RM_C10681,ramp,FW_E,10681,,12,7,840.0,2053,36,0,0,0,0
7620.1,7650.1,RM_C10490,ramp,FW_E,10490,,21,0,0.0,1314,7,0,0,0,0
7620.1,7650.1,RM_C10484,ramp,FW_E,10484,,23,5,600.0,883,5,0,0,0,0
7620.1,7650.1,OR_D_E_signal,offramp,FW_E,10481,18,,2,240.0,579,4,0,0,0,0
7620.1,7650.1,OR_D_E_direct,offramp,FW_E,10483,20,,0,0.0,2204,0,0,0,0,0
7620.1,7650.1,OR_D_W_signal,offramp,FW_W,10491,9,,3,360.0,1899,2,0,0,0,0
7620.1,7650.1,OR_D_W_direct,offramp,FW_W,10479,7,,8,960.0,1720,0,0,0,0,0
7620.1,7650.1,OR_F_E_signal,offramp,FW_E,10643,9,,4,480.0,1268,18,0,0,0,0
7620.1,7650.1,OR_F_E_direct,offramp,FW_E,10682,11,,3,360.0,2532,1,0,0,0,0
7620.1,7650.1,OR_F_W_signal,offramp,FW_W,10638,19,,4,480.0,1379,3,0,0,0,1
7620.1,7650.1,OR_F_W_direct,offramp,FW_W,10645,16,,7,840.0,2222,3,0,0,0,0
7620.1,7650.1,source_1098,source,FW_E,,,0,39,4680.0,15560,,0,39,0,0
7620.1,7650.1,source_1099,source,FW_W,,,0,29,3480.0,9171,,0,29,0,0
7650.1,7680.1,RM_C10480,ramp,FW_W,10480,,8,2,240.0,319,1,0,0,0,2
7650.1,7680.1,RM_C10482,ramp,FW_W,10482,,10,15,1800.0,3524,14,0,0,0,0
7650.1,7680.1,RM_C10646,ramp,FW_W,10646,,18,6,720.0,648,2,0,0,0,3
7650.1,7680.1,RM_C10644,ramp,FW_W,10644,,22,2,240.0,830,7,0,0,0,0
7650.1,7680.1,RM_C10639,ramp,FW_E,10639,,10,0,0.0,793,1,0,0,0,0
7650.1,7680.1,RM_C10681,ramp,FW_E,10681,,12,8,960.0,2061,29,0,0,0,0
7650.1,7680.1,RM_C10490,ramp,FW_E,10490,,21,7,840.0,1321,2,0,0,0,0
7650.1,7680.1,RM_C10484,ramp,FW_E,10484,,23,3,360.0,886,3,0,0,0,0
7650.1,7680.1,OR_D_E_signal,offramp,FW_E,10481,18,,1,120.0,580,5,0,0,0,0
7650.1,7680.1,OR_D_E_direct,offramp,FW_E,10483,20,,21,2520.0,2225,5,0,0,0,0
7650.1,7680.1,OR_D_W_signal,offramp,FW_W,10491,9,,8,960.0,1907,3,0,0,0,2
7650.1,7680.1,OR_D_W_direct,offramp,FW_W,10479,7,,10,1200.0,1730,5,0,0,0,0
7650.1,7680.1,OR_F_E_signal,offramp,FW_E,10643,9,,2,240.0,1270,13,0,0,0,0
7650.1,7680.1,OR_F_E_direct,offramp,FW_E,10682,11,,8,960.0,2540,2,0,0,0,0
7650.1,7680.1,OR_F_W_signal,offramp,FW_W,10638,19,,10,1200.0,1389,2,0,0,0,3
7650.1,7680.1,OR_F_W_direct,offramp,FW_W,10645,16,,6,720.0,2228,1,0,0,0,0
7650.1,7680.1,source_1098,source,FW_E,,,0,40,4800.0,15600,,0,40,0,0
7650.1,7680.1,source_1099,source,FW_W,,,0,37,4440.0,9208,,0,37,0,0
7680.1,7710.1,RM_C10480,ramp,FW_W,10480,,8,1,120.0,320,0,0,0,0,1
7680.1,7710.1,RM_C10482,ramp,FW_W,10482,,10,9,1080.0,3533,19,0,0,0,0
7680.1,7710.1,RM_C10646,ramp,FW_W,10646,,18,2,240.0,650,0,0,0,0,0
7680.1,7710.1,RM_C10644,ramp,FW_W,10644,,22,0,0.0,830,11,0,0,0,0
7680.1,7710.1,RM_C10639,ramp,FW_E,10639,,10,1,120.0,794,2,0,0,0,0
7680.1,7710.1,RM_C10681,ramp,FW_E,10681,,12,9,1080.0,2070,20,0,0,0,0
7680.1,7710.1,RM_C10490,ramp,FW_E,10490,,21,3,360.0,1324,7,0,0,0,0
7680.1,7710.1,RM_C10484,ramp,FW_E,10484,,23,3,360.0,889,4,0,0,0,0
7680.1,7710.1,OR_D_E_signal,offramp,FW_E,10481,18,,3,360.0,583,3,0,0,0,0
7680.1,7710.1,OR_D_E_direct,offramp,FW_E,10483,20,,13,1560.0,2238,3,0,0,0,0
7680.1,7710.1,OR_D_W_signal,offramp,FW_W,10491,9,,7,840.0,1914,0,0,0,0,1
7680.1,7710.1,OR_D_W_direct,offramp,FW_W,10479,7,,12,1440.0,1742,3,0,0,0,0
7680.1,7710.1,OR_F_E_signal,offramp,FW_E,10643,9,,5,600.0,1275,13,0,0,0,0
7680.1,7710.1,OR_F_E_direct,offramp,FW_E,10682,11,,7,840.0,2547,0,0,0,0,0
7680.1,7710.1,OR_F_W_signal,offramp,FW_W,10638,19,,2,240.0,1391,0,0,0,0,0
7680.1,7710.1,OR_F_W_direct,offramp,FW_W,10645,16,,4,480.0,2232,0,0,0,0,0
7680.1,7710.1,source_1098,source,FW_E,,,0,39,4680.0,15639,,0,39,0,0
7680.1,7710.1,source_1099,source,FW_W,,,0,27,3240.0,9235,,0,27,0,0
7710.1,7740.1,RM_C10480,ramp,FW_W,10480,,8,0,0.0,320,0,0,0,0,0
7710.1,7740.1,RM_C10482,ramp,FW_W,10482,,10,15,1800.0,3548,14,0,0,0,0
7710.1,7740.1,RM_C10646,ramp,FW_W,10646,,18,0,0.0,650,1,0,0,0,0
7710.1,7740.1,RM_C10644,ramp,FW_W,10644,,22,7,840.0,837,4,0,0,0,0
7710.1,7740.1,RM_C10639,ramp,FW_E,10639,,10,2,240.0,796,1,0,0,0,0
7710.1,7740.1,RM_C10681,ramp,FW_E,10681,,12,13,1560.0,2083,14,0,0,0,0
7710.1,7740.1,RM_C10490,ramp,FW_E,10490,,21,7,840.0,1331,4,0,0,0,0
7710.1,7740.1,RM_C10484,ramp,FW_E,10484,,23,1,120.0,890,3,0,0,0,0
7710.1,7740.1,OR_D_E_signal,offramp,FW_E,10481,18,,0,0.0,583,0,0,0,0,0
7710.1,7740.1,OR_D_E_direct,offramp,FW_E,10483,20,,10,1200.0,2248,4,0,0,0,0
7710.1,7740.1,OR_D_W_signal,offramp,FW_W,10491,9,,9,1080.0,1923,3,0,0,0,0
7710.1,7740.1,OR_D_W_direct,offramp,FW_W,10479,7,,4,480.0,1746,1,0,0,0,0
7710.1,7740.1,OR_F_E_signal,offramp,FW_E,10643,9,,2,240.0,1277,13,0,0,0,0
7710.1,7740.1,OR_F_E_direct,offramp,FW_E,10682,11,,6,720.0,2553,2,0,0,0,0
7710.1,7740.1,OR_F_W_signal,offramp,FW_W,10638,19,,4,480.0,1395,1,0,0,0,0
7710.1,7740.1,OR_F_W_direct,offramp,FW_W,10645,16,,6,720.0,2238,4,0,0,0,0
7710.1,7740.1,source_1098,source,FW_E,,,0,47,5640.0,15686,,0,47,0,0
7710.1,7740.1,source_1099,source,FW_W,,,0,36,4320.0,9271,,0,36,0,0
7740.1,7770.1,RM_C10480,ramp,FW_W,10480,,8,0,0.0,320,0,0,0,0,0
7740.1,7770.1,RM_C10482,ramp,FW_W,10482,,10,8,960.0,3556,13,0,0,0,0
7740.1,7770.1,RM_C10646,ramp,FW_W,10646,,18,1,120.0,651,7,0,0,0,0
7740.1,7770.1,RM_C10644,ramp,FW_W,10644,,22,0,0.0,837,7,0,0,0,0
7740.1,7770.1,RM_C10639,ramp,FW_E,10639,,10,0,0.0,796,11,0,0,0,0
7740.1,7770.1,RM_C10681,ramp,FW_E,10681,,12,9,1080.0,2092,19,0,0,0,0
7740.1,7770.1,RM_C10490,ramp,FW_E,10490,,21,5,600.0,1336,5,0,0,0,0
7740.1,7770.1,RM_C10484,ramp,FW_E,10484,,23,3,360.0,893,6,0,0,0,0
7740.1,7770.1,OR_D_E_signal,offramp,FW_E,10481,18,,2,240.0,585,1,0,0,0,0
7740.1,7770.1,OR_D_E_direct,offramp,FW_E,10483,20,,7,840.0,2255,1,0,0,0,0
7740.1,7770.1,OR_D_W_signal,offramp,FW_W,10491,9,,2,240.0,1925,0,0,0,0,0
7740.1,7770.1,OR_D_W_direct,offramp,FW_W,10479,7,,4,480.0,1750,0,0,0,0,0
7740.1,7770.1,OR_F_E_signal,offramp,FW_E,10643,9,,8,960.0,1285,17,0,0,0,0
7740.1,7770.1,OR_F_E_direct,offramp,FW_E,10682,11,,4,480.0,2557,4,0,0,0,0
7740.1,7770.1,OR_F_W_signal,offramp,FW_W,10638,19,,1,120.0,1396,0,0,0,0,0
7740.1,7770.1,OR_F_W_direct,offramp,FW_W,10645,16,,13,1560.0,2251,11,0,0,0,0
7740.1,7770.1,source_1098,source,FW_E,,,0,46,5520.0,15732,,0,46,0,0
7740.1,7770.1,source_1099,source,FW_W,,,0,27,3240.0,9298,,0,27,0,0
7770.1,7800.1,RM_C10480,ramp,FW_W,10480,,8,3,360.0,323,0,0,0,0,3
7770.1,7800.1,RM_C10482,ramp,FW_W,10482,,10,11,1320.0,3567,9,0,0,0,0
7770.1,7800.1,RM_C10646,ramp,FW_W,10646,,18,7,840.0,658,6,0,0,0,2
7770.1,7800.1,RM_C10644,ramp,FW_W,10644,,22,4,480.0,841,4,0,0,0,0
7770.1,7800.1,RM_C10639,ramp,FW_E,10639,,10,6,720.0,802,5,0,0,0,0
7770.1,7800.1,RM_C10681,ramp,FW_E,10681,,12,15,1800.0,2107,17,0,0,0,0
7770.1,7800.1,RM_C10490,ramp,FW_E,10490,,21,5,600.0,1341,2,0,0,0,0
7770.1,7800.1,RM_C10484,ramp,FW_E,10484,,23,6,720.0,899,2,0,0,0,0
7770.1,7800.1,OR_D_E_signal,offramp,FW_E,10481,18,,1,120.0,586,1,0,0,0,0
7770.1,7800.1,OR_D_E_direct,offramp,FW_E,10483,20,,6,720.0,2261,2,0,0,0,0
7770.1,7800.1,OR_D_W_signal,offramp,FW_W,10491,9,,12,1440.0,1937,6,0,0,0,3
7770.1,7800.1,OR_D_W_direct,offramp,FW_W,10479,7,,5,600.0,1755,2,0,0,0,0
7770.1,7800.1,OR_F_E_signal,offramp,FW_E,10643,9,,6,720.0,1291,17,0,0,0,0
7770.1,7800.1,OR_F_E_direct,offramp,FW_E,10682,11,,6,720.0,2563,0,0,0,0,0
7770.1,7800.1,OR_F_W_signal,offramp,FW_W,10638,19,,11,1320.0,1407,6,0,0,0,2
7770.1,7800.1,OR_F_W_direct,offramp,FW_W,10645,16,,4,480.0,2255,0,0,0,0,0
7770.1,7800.1,source_1098,source,FW_E,,,0,22,2640.0,15754,,0,22,0,0
7770.1,7800.1,source_1099,source,FW_W,,,0,29,3480.0,9327,,0,29,0,0
7800.1,7830.1,RM_C10480,ramp,FW_W,10480,,8,1,120.0,324,0,0,0,0,1
7800.1,7830.1,RM_C10482,ramp,FW_W,10482,,10,8,960.0,3575,15,0,0,0,0
7800.1,7830.1,RM_C10646,ramp,FW_W,10646,,18,2,240.0,660,6,0,0,0,0
7800.1,7830.1,RM_C10644,ramp,FW_W,10644,,22,0,0.0,841,5,0,0,0,0
7800.1,7830.1,RM_C10639,ramp,FW_E,10639,,10,5,600.0,807,6,0,0,0,0
7800.1,7830.1,RM_C10681,ramp,FW_E,10681,,12,14,1680.0,2121,4,0,0,0,0
7800.1,7830.1,RM_C10490,ramp,FW_E,10490,,21,3,360.0,1344,2,0,0,0,0
7800.1,7830.1,RM_C10484,ramp,FW_E,10484,,23,4,480.0,903,1,0,0,0,0
7800.1,7830.1,OR_D_E_signal,offramp,FW_E,10481,18,,1,120.0,587,2,0,0,0,0
7800.1,7830.1,OR_D_E_direct,offramp,FW_E,10483,20,,12,1440.0,2273,1,0,0,0,0
7800.1,7830.1,OR_D_W_signal,offramp,FW_W,10491,9,,8,960.0,1945,5,0,0,0,1
7800.1,7830.1,OR_D_W_direct,offramp,FW_W,10479,7,,5,600.0,1760,1,0,0,0,0
7800.1,7830.1,OR_F_E_signal,offramp,FW_E,10643,9,,7,840.0,1298,14,0,0,0,0
7800.1,7830.1,OR_F_E_direct,offramp,FW_E,10682,11,,9,1080.0,2572,7,0,0,0,0
7800.1,7830.1,OR_F_W_signal,offramp,FW_W,10638,19,,3,360.0,1410,1,0,0,0,0
7800.1,7830.1,OR_F_W_direct,offramp,FW_W,10645,16,,16,1920.0,2271,6,0,0,0,0
7800.1,7830.1,source_1098,source,FW_E,,,0,45,5400.0,15799,,0,45,0,0
7800.1,7830.1,source_1099,source,FW_W,,,0,31,3720.0,9358,,0,31,0,0
7830.1,7860.1,RM_C10480,ramp,FW_W,10480,,8,0,0.0,324,0,0,0,0,0
7830.1,7860.1,RM_C10482,ramp,FW_W,10482,,10,7,840.0,3582,14,0,0,0,0
7830.1,7860.1,RM_C10646,ramp,FW_W,10646,,18,6,720.0,666,0,0,0,0,2
7830.1,7860.1,RM_C10644,ramp,FW_W,10644,,22,0,0.0,841,11,0,0,0,0
7830.1,7860.1,RM_C10639,ramp,FW_E,10639,,10,6,720.0,813,0,0,0,0,0
7830.1,7860.1,RM_C10681,ramp,FW_E,10681,,12,4,480.0,2125,0,0,0,0,0
7830.1,7860.1,RM_C10490,ramp,FW_E,10490,,21,3,360.0,1347,9,0,0,0,0
7830.1,7860.1,RM_C10484,ramp,FW_E,10484,,23,1,120.0,904,7,0,0,0,0
7830.1,7860.1,OR_D_E_signal,offramp,FW_E,10481,18,,1,120.0,588,1,0,0,0,0
7830.1,7860.1,OR_D_E_direct,offramp,FW_E,10483,20,,14,1680.0,2287,6,0,0,0,0
7830.1,7860.1,OR_D_W_signal,offramp,FW_W,10491,9,,7,840.0,1952,3,0,0,0,0
7830.1,7860.1,OR_D_W_direct,offramp,FW_W,10479,7,,5,600.0,1765,3,0,0,0,0
7830.1,7860.1,OR_F_E_signal,offramp,FW_E,10643,9,,1,120.0,1299,12,0,0,0,0
7830.1,7860.1,OR_F_E_direct,offramp,FW_E,10682,11,,9,1080.0,2581,2,0,0,0,0
7830.1,7860.1,OR_F_W_signal,offramp,FW_W,10638,19,,10,1200.0,1420,1,0,0,0,2
7830.1,7860.1,OR_F_W_direct,offramp,FW_W,10645,16,,8,960.0,2279,1,0,0,0,0
7830.1,7860.1,source_1098,source,FW_E,,,0,42,5040.0,15841,,0,42,0,0
7830.1,7860.1,source_1099,source,FW_W,,,0,35,4200.0,9393,,0,35,0,0
7860.1,7890.1,RM_C10480,ramp,FW_W,10480,,8,0,0.0,324,0,0,0,0,0
7860.1,7890.1,RM_C10482,ramp,FW_W,10482,,10,13,1560.0,3595,9,0,0,0,0
7860.1,7890.1,RM_C10646,ramp,FW_W,10646,,18,0,0.0,666,1,0,0,0,0
7860.1,7890.1,RM_C10644,ramp,FW_W,10644,,22,4,480.0,845,7,0,0,0,0
7860.1,7890.1,RM_C10639,ramp,FW_E,10639,,10,0,0.0,813,2,0,0,0,0
7860.1,7890.1,RM_C10681,ramp,FW_E,10681,,12,0,0.0,2125,13,0,0,0,0
7860.1,7890.1,RM_C10490,ramp,FW_E,10490,,21,9,1080.0,1356,1,0,0,0,0
7860.1,7890.1,RM_C10484,ramp,FW_E,10484,,23,2,240.0,906,8,0,0,0,0
7860.1,7890.1,OR_D_E_signal,offramp,FW_E,10481,18,,0,0.0,588,0,0,0,0,0
7860.1,7890.1,OR_D_E_direct,offramp,FW_E,10483,20,,6,720.0,2293,4,0,0,0,0
7860.1,7890.1,OR_D_W_signal,offramp,FW_W,10491,9,,7,840.0,1959,0,0,0,0,0
7860.1,7890.1,OR_D_W_direct,offramp,FW_W,10479,7,,5,600.0,1770,3,0,0,0,0
7860.1,7890.1,OR_F_E_signal,offramp,FW_E,10643,9,,9,1080.0,1308,18,0,0,0,0
7860.1,7890.1,OR_F_E_direct,offramp,FW_E,10682,11,,10,1200.0,2591,3,0,0,0,0
7860.1,7890.1,OR_F_W_signal,offramp,FW_W,10638,19,,3,360.0,1423,1,0,0,0,0
7860.1,7890.1,OR_F_W_direct,offramp,FW_W,10645,16,,3,360.0,2282,1,0,0,0,0
7860.1,7890.1,source_1098,source,FW_E,,,0,53,6360.0,15894,,0,53,0,0
7860.1,7890.1,source_1099,source,FW_W,,,0,34,4080.0,9427,,0,34,0,0
7890.1,7920.1,RM_C10480,ramp,FW_W,10480,,8,0,0.0,324,1,0,0,0,0
7890.1,7920.1,RM_C10482,ramp,FW_W,10482,,10,6,720.0,3601,11,0,0,0,0
7890.1,7920.1,RM_C10646,ramp,FW_W,10646,,18,1,120.0,667,5,0,0,0,1
7890.1,7920.1,RM_C10644,ramp,FW_W,10644,,22,0,0.0,845,14,0,0,0,0
7890.1,7920.1,RM_C10639,ramp,FW_E,10639,,10,2,240.0,815,1,0,0,0,0
7890.1,7920.1,RM_C10681,ramp,FW_E,10681,,12,10,1200.0,2135,15,0,0,0,0
7890.1,7920.1,RM_C10490,ramp,FW_E,10490,,21,1,120.0,1357,4,0,0,0,0
7890.1,7920.1,RM_C10484,ramp,FW_E,10484,,23,8,960.0,914,1,0,0,0,0
7890.1,7920.1,OR_D_E_signal,offramp,FW_E,10481,18,,3,360.0,591,1,0,0,0,0
7890.1,7920.1,OR_D_E_direct,offramp,FW_E,10483,20,,10,1200.0,2303,2,0,0,0,0
7890.1,7920.1,OR_D_W_signal,offramp,FW_W,10491,9,,4,480.0,1963,3,0,0,0,0
7890.1,7920.1,OR_D_W_direct,offramp,FW_W,10479,7,,4,480.0,1774,1,0,0,0,0
7890.1,7920.1,OR_F_E_signal,offramp,FW_E,10643,9,,6,720.0,1314,19,0,0,0,0
7890.1,7920.1,OR_F_E_direct,offramp,FW_E,10682,11,,6,720.0,2597,5,0,0,0,0
7890.1,7920.1,OR_F_W_signal,offramp,FW_W,10638,19,,4,480.0,1427,1,0,0,0,1
7890.1,7920.1,OR_F_W_direct,offramp,FW_W,10645,16,,10,1200.0,2292,2,0,0,0,0
7890.1,7920.1,source_1098,source,FW_E,,,0,33,3960.0,15927,,0,33,0,0
7890.1,7920.1,source_1099,source,FW_W,,,0,25,3000.0,9452,,0,25,0,0
7920.1,7950.1,RM_C10480,ramp,FW_W,10480,,8,1,120.0,325,0,0,0,0,1
7920.1,7950.1,RM_C10482,ramp,FW_W,10482,,10,9,1080.0,3610,19,0,0,0,0
7920.1,7950.1,RM_C10646,ramp,FW_W,10646,,18,5,600.0,672,9,0,0,0,3
7920.1,7950.1,RM_C10644,ramp,FW_W,10644,,22,7,840.0,852,9,0,0,0,0
7920.1,7950.1,RM_C10639,ramp,FW_E,10639,,10,1,120.0,816,1,0,0,0,0
7920.1,7950.1,RM_C10681,ramp,FW_E,10681,,12,14,1680.0,2149,7,0,0,0,0
7920.1,7950.1,RM_C10490,ramp,FW_E,10490,,21,3,360.0,1360,5,0,0,0,0
7920.1,7950.1,RM_C10484,ramp,FW_E,10484,,23,1,120.0,915,4,0,0,0,0
7920.1,7950.1,OR_D_E_signal,offramp,FW_E,10481,18,,0,0.0,591,0,0,0,0,0
7920.1,7950.1,OR_D_E_direct,offramp,FW_E,10483,20,,5,600.0,2308,4,0,0,0,0
7920.1,7950.1,OR_D_W_signal,offramp,FW_W,10491,9,,7,840.0,1970,2,0,0,0,1
7920.1,7950.1,OR_D_W_direct,offramp,FW_W,10479,7,,7,840.0,1781,4,0,0,0,0
7920.1,7950.1,OR_F_E_signal,offramp,FW_E,10643,9,,1,120.0,1315,16,0,0,0,0
7920.1,7950.1,OR_F_E_direct,offramp,FW_E,10682,11,,3,360.0,2600,1,0,0,0,0
7920.1,7950.1,OR_F_W_signal,offramp,FW_W,10638,19,,7,840.0,1434,4,0,0,0,3
7920.1,7950.1,OR_F_W_direct,offramp,FW_W,10645,16,,11,1320.0,2303,6,0,0,0,0
7920.1,7950.1,source_1098,source,FW_E,,,0,43,5160.0,15970,,0,43,0,0
7920.1,7950.1,source_1099,source,FW_W,,,0,35,4200.0,9487,,0,35,0,0
7950.1,7980.1,RM_C10480,ramp,FW_W,10480,,8,0,0.0,325,2,0,0,0,0
7950.1,7980.1,RM_C10482,ramp,FW_W,10482,,10,11,1320.0,3621,14,0,0,0,0
7950.1,7980.1,RM_C10646,ramp,FW_W,10646,,18,9,1080.0,681,0,0,0,0,3
7950.1,7980.1,RM_C10644,ramp,FW_W,10644,,22,0,0.0,852,10,0,0,0,0
7950.1,7980.1,RM_C10639,ramp,FW_E,10639,,10,1,120.0,817,2,0,0,0,0
7950.1,7980.1,RM_C10681,ramp,FW_E,10681,,12,7,840.0,2156,5,0,0,0,0
7950.1,7980.1,RM_C10490,ramp,FW_E,10490,,21,6,720.0,1366,2,0,0,0,0
7950.1,7980.1,RM_C10484,ramp,FW_E,10484,,23,1,120.0,916,5,0,0,0,0
7950.1,7980.1,OR_D_E_signal,offramp,FW_E,10481,18,,1,120.0,592,1,0,0,0,0
7950.1,7980.1,OR_D_E_direct,offramp,FW_E,10483,20,,6,720.0,2314,2,0,0,0,0
7950.1,7980.1,OR_D_W_signal,offramp,FW_W,10491,9,,9,1080.0,1979,4,0,0,0,0
7950.1,7980.1,OR_D_W_direct,offramp,FW_W,10479,7,,10,1200.0,1791,2,0,0,0,0
7950.1,7980.1,OR_F_E_signal,offramp,FW_E,10643,9,,1,120.0,1316,14,0,0,0,0
7950.1,7980.1,OR_F_E_direct,offramp,FW_E,10682,11,,10,1200.0,2610,3,0,0,0,0
7950.1,7980.1,OR_F_W_signal,offramp,FW_W,10638,19,,17,2040.0,1451,4,0,0,0,3
7950.1,7980.1,OR_F_W_direct,offramp,FW_W,10645,16,,4,480.0,2307,1,0,0,0,0
7950.1,7980.1,source_1098,source,FW_E,,,0,39,4680.0,16009,,0,39,0,0
7950.1,7980.1,source_1099,source,FW_W,,,0,28,3360.0,9515,,0,28,0,0
7980.1,8010.1,RM_C10480,ramp,FW_W,10480,,8,2,240.0,327,2,0,0,0,1
7980.1,8010.1,RM_C10482,ramp,FW_W,10482,,10,12,1440.0,3633,17,0,0,0,0
7980.1,8010.1,RM_C10646,ramp,FW_W,10646,,18,0,0.0,681,1,0,0,0,0
7980.1,8010.1,RM_C10644,ramp,FW_W,10644,,22,4,480.0,856,6,0,0,0,0
7980.1,8010.1,RM_C10639,ramp,FW_E,10639,,10,2,240.0,819,1,0,0,0,0
7980.1,8010.1,RM_C10681,ramp,FW_E,10681,,12,5,600.0,2161,0,0,0,0,0
7980.1,8010.1,RM_C10490,ramp,FW_E,10490,,21,2,240.0,1368,3,0,0,0,0
7980.1,8010.1,RM_C10484,ramp,FW_E,10484,,23,5,600.0,921,2,0,0,0,0
7980.1,8010.1,OR_D_E_signal,offramp,FW_E,10481,18,,2,240.0,594,0,0,0,0,0
7980.1,8010.1,OR_D_E_direct,offramp,FW_E,10483,20,,4,480.0,2318,0,0,0,0,0
7980.1,8010.1,OR_D_W_signal,offramp,FW_W,10491,9,,7,840.0,1986,3,0,0,0,1
7980.1,8010.1,OR_D_W_direct,offramp,FW_W,10479,7,,4,480.0,1795,2,0,0,0,0
7980.1,8010.1,OR_F_E_signal,offramp,FW_E,10643,9,,2,240.0,1318,13,0,0,0,0
7980.1,8010.1,OR_F_E_direct,offramp,FW_E,10682,11,,3,360.0,2613,2,0,0,0,0
7980.1,8010.1,OR_F_W_signal,offramp,FW_W,10638,19,,3,360.0,1454,0,0,0,0,0
7980.1,8010.1,OR_F_W_direct,offramp,FW_W,10645,16,,9,1080.0,2316,1,0,0,0,0
7980.1,8010.1,source_1098,source,FW_E,,,0,47,5640.0,16056,,0,47,0,0
7980.1,8010.1,source_1099,source,FW_W,,,0,34,4080.0,9549,,0,34,0,0
8010.1,8040.1,RM_C10480,ramp,FW_W,10480,,8,2,240.0,329,0,0,0,0,1
8010.1,8040.1,RM_C10482,ramp,FW_W,10482,,10,12,1440.0,3645,10,0,0,0,0
8010.1,8040.1,RM_C10646,ramp,FW_W,10646,,18,1,120.0,682,0,0,0,0,0
8010.1,8040.1,RM_C10644,ramp,FW_W,10644,,22,5,600.0,861,1,0,0,0,0
8010.1,8040.1,RM_C10639,ramp,FW_E,10639,,10,0,0.0,819,6,0,0,0,0
8010.1,8040.1,RM_C10681,ramp,FW_E,10681,,12,0,0.0,2161,7,0,0,0,0
8010.1,8040.1,RM_C10490,ramp,FW_E,10490,,21,3,360.0,1371,3,0,0,0,0
8010.1,8040.1,RM_C10484,ramp,FW_E,10484,,23,0,0.0,921,6,0,0,0,0
8010.1,8040.1,OR_D_E_signal,offramp,FW_E,10481,18,,1,120.0,595,0,0,0,0,0
8010.1,8040.1,OR_D_E_direct,offramp,FW_E,10483,20,,9,1080.0,2327,7,0,0,0,0
8010.1,8040.1,OR_D_W_signal,offramp,FW_W,10491,9,,6,720.0,1992,2,0,0,0,1
8010.1,8040.1,OR_D_W_direct,offramp,FW_W,10479,7,,5,600.0,1800,2,0,0,0,0
8010.1,8040.1,OR_F_E_signal,offramp,FW_E,10643,9,,3,360.0,1321,15,0,0,0,0
8010.1,8040.1,OR_F_E_direct,offramp,FW_E,10682,11,,6,720.0,2619,0,0,0,0,0
8010.1,8040.1,OR_F_W_signal,offramp,FW_W,10638,19,,5,600.0,1459,2,0,0,0,0
8010.1,8040.1,OR_F_W_direct,offramp,FW_W,10645,16,,9,1080.0,2325,2,0,0,0,0
8010.1,8040.1,source_1098,source,FW_E,,,0,36,4320.0,16092,,0,36,0,0
8010.1,8040.1,source_1099,source,FW_W,,,0,37,4440.0,9586,,0,37,0,0
8040.1,8070.1,RM_C10480,ramp,FW_W,10480,,8,1,120.0,330,0,0,0,0,1
8040.1,8070.1,RM_C10482,ramp,FW_W,10482,,10,6,720.0,3651,15,0,0,0,0
8040.1,8070.1,RM_C10646,ramp,FW_W,10646,,18,0,0.0,682,5,0,0,0,0
8040.1,8070.1,RM_C10644,ramp,FW_W,10644,,22,0,0.0,861,5,0,0,0,0
8040.1,8070.1,RM_C10639,ramp,FW_E,10639,,10,6,720.0,825,0,0,0,0,0
8040.1,8070.1,RM_C10681,ramp,FW_E,10681,,12,3,360.0,2164,19,0,0,0,0
8040.1,8070.1,RM_C10490,ramp,FW_E,10490,,21,3,360.0,1374,7,0,0,0,0
8040.1,8070.1,RM_C10484,ramp,FW_E,10484,,23,4,480.0,925,6,0,0,0,0
8040.1,8070.1,OR_D_E_signal,offramp,FW_E,10481,18,,3,360.0,598,2,0,0,0,0
8040.1,8070.1,OR_D_E_direct,offramp,FW_E,10483,20,,9,1080.0,2336,1,0,0,0,0
8040.1,8070.1,OR_D_W_signal,offramp,FW_W,10491,9,,5,600.0,1997,3,0,0,0,1
8040.1,8070.1,OR_D_W_direct,offramp,FW_W,10479,7,,7,840.0,1807,4,0,0,0,0
8040.1,8070.1,OR_F_E_signal,offramp,FW_E,10643,9,,9,1080.0,1330,18,0,0,0,0
8040.1,8070.1,OR_F_E_direct,offramp,FW_E,10682,11,,12,1440.0,2631,7,0,0,0,0
8040.1,8070.1,OR_F_W_signal,offramp,FW_W,10638,19,,1,120.0,1460,0,0,0,0,0
8040.1,8070.1,OR_F_W_direct,offramp,FW_W,10645,16,,10,1200.0,2335,3,0,0,0,0
8040.1,8070.1,source_1098,source,FW_E,,,0,38,4560.0,16130,,0,38,0,0
8040.1,8070.1,source_1099,source,FW_W,,,0,26,3120.0,9612,,0,26,0,0
8070.1,8100.1,RM_C10480,ramp,FW_W,10480,,8,1,120.0,331,1,0,0,0,0
8070.1,8100.1,RM_C10482,ramp,FW_W,10482,,10,13,1560.0,3664,8,0,0,0,0
8070.1,8100.1,RM_C10646,ramp,FW_W,10646,,18,5,600.0,687,8,0,0,0,3
8070.1,8100.1,RM_C10644,ramp,FW_W,10644,,22,1,120.0,862,6,0,0,0,0
8070.1,8100.1,RM_C10639,ramp,FW_E,10639,,10,0,0.0,825,2,0,0,0,0
8070.1,8100.1,RM_C10681,ramp,FW_E,10681,,12,16,1920.0,2180,3,0,0,0,0
8070.1,8100.1,RM_C10490,ramp,FW_E,10490,,21,4,480.0,1378,10,0,0,0,0
8070.1,8100.1,RM_C10484,ramp,FW_E,10484,,23,6,720.0,931,6,0,0,0,0
8070.1,8100.1,OR_D_E_signal,offramp,FW_E,10481,18,,1,120.0,599,1,0,0,0,0
8070.1,8100.1,OR_D_E_direct,offramp,FW_E,10483,20,,8,960.0,2344,2,0,0,0,0
8070.1,8100.1,OR_D_W_signal,offramp,FW_W,10491,9,,6,720.0,2003,3,0,0,0,0
8070.1,8100.1,OR_D_W_direct,offramp,FW_W,10479,7,,9,1080.0,1816,4,0,0,0,0
8070.1,8100.1,OR_F_E_signal,offramp,FW_E,10643,9,,2,240.0,1332,13,0,0,0,0
8070.1,8100.1,OR_F_E_direct,offramp,FW_E,10682,11,,8,960.0,2639,0,0,0,0,0
8070.1,8100.1,OR_F_W_signal,offramp,FW_W,10638,19,,4,480.0,1464,0,0,0,0,3
8070.1,8100.1,OR_F_W_direct,offramp,FW_W,10645,16,,6,720.0,2341,0,0,0,0,0
8070.1,8100.1,source_1098,source,FW_E,,,0,45,5400.0,16175,,0,45,0,0
8070.1,8100.1,source_1099,source,FW_W,,,0,30,3600.0,9642,,0,30,0,0
8100.1,8130.1,RM_C10480,ramp,FW_W,10480,,8,3,360.0,334,1,0,0,0,2
8100.1,8130.1,RM_C10482,ramp,FW_W,10482,,10,5,600.0,3669,16,0,0,0,0
8100.1,8130.1,RM_C10646,ramp,FW_W,10646,,18,8,960.0,695,0,0,0,0,2
8100.1,8130.1,RM_C10644,ramp,FW_W,10644,,22,3,360.0,865,3,0,0,0,0
8100.1,8130.1,RM_C10639,ramp,FW_E,10639,,10,0,0.0,825,3,0,0,0,0
8100.1,8130.1,RM_C10681,ramp,FW_E,10681,,12,4,480.0,2184,0,0,0,0,0
8100.1,8130.1,RM_C10490,ramp,FW_E,10490,,21,7,840.0,1385,7,0,0,0,0
8100.1,8130.1,RM_C10484,ramp,FW_E,10484,,23,4,480.0,935,4,0,0,0,0
8100.1,8130.1,OR_D_E_signal,offramp,FW_E,10481,18,,1,120.0,600,2,0,0,0,0
8100.1,8130.1,OR_D_E_direct,offramp,FW_E,10483,20,,3,360.0,2347,1,0,0,0,0
8100.1,8130.1,OR_D_W_signal,offramp,FW_W,10491,9,,8,960.0,2011,3,0,0,0,2
8100.1,8130.1,OR_D_W_direct,offramp,FW_W,10479,7,,5,600.0,1821,1,0,0,0,0
8100.1,8130.1,OR_F_E_signal,offramp,FW_E,10643,9,,6,720.0,1338,11,0,0,0,0
8100.1,8130.1,OR_F_E_direct,offramp,FW_E,10682,11,,8,960.0,2647,0,0,0,0,0
8100.1,8130.1,OR_F_W_signal,offramp,FW_W,10638,19,,11,1320.0,1475,4,0,0,0,2
8100.1,8130.1,OR_F_W_direct,offramp,FW_W,10645,16,,5,600.0,2346,0,0,0,0,0
8100.1,8130.1,source_1098,source,FW_E,,,0,46,5520.0,16221,,0,46,0,0
8100.1,8130.1,source_1099,source,FW_W,,,0,33,3960.0,9675,,0,33,0,0
8130.1,8160.1,RM_C10480,ramp,FW_W,10480,,8,1,120.0,335,0,0,0,0,1
8130.1,8160.1,RM_C10482,ramp,FW_W,10482,,10,9,1080.0,3678,18,0,0,0,0
8130.1,8160.1,RM_C10646,ramp,FW_W,10646,,18,0,0.0,695,0,0,0,0,0
8130.1,8160.1,RM_C10644,ramp,FW_W,10644,,22,1,120.0,866,8,0,0,0,0
8130.1,8160.1,RM_C10639,ramp,FW_E,10639,,10,3,360.0,828,2,0,0,0,0
8130.1,8160.1,RM_C10681,ramp,FW_E,10681,,12,0,0.0,2184,0,0,0,0,0
8130.1,8160.1,RM_C10490,ramp,FW_E,10490,,21,5,600.0,1390,12,0,0,0,0
8130.1,8160.1,RM_C10484,ramp,FW_E,10484,,23,3,360.0,938,2,0,0,0,0
8130.1,8160.1,OR_D_E_signal,offramp,FW_E,10481,18,,1,120.0,601,0,0,0,0,0
8130.1,8160.1,OR_D_E_direct,offramp,FW_E,10483,20,,8,960.0,2355,1,0,0,0,0
8130.1,8160.1,OR_D_W_signal,offramp,FW_W,10491,9,,6,720.0,2017,2,0,0,0,1
8130.1,8160.1,OR_D_W_direct,offramp,FW_W,10479,7,,9,1080.0,1830,2,0,0,0,0
8130.1,8160.1,OR_F_E_signal,offramp,FW_E,10643,9,,7,840.0,1345,11,0,0,0,0
8130.1,8160.1,OR_F_E_direct,offramp,FW_E,10682,11,,11,1320.0,2658,4,0,0,0,0
8130.1,8160.1,OR_F_W_signal,offramp,FW_W,10638,19,,2,240.0,1477,0,0,0,0,0
8130.1,8160.1,OR_F_W_direct,offramp,FW_W,10645,16,,18,2160.0,2364,4,0,0,0,0
8130.1,8160.1,source_1098,source,FW_E,,,0,60,7200.0,16281,,0,60,0,0
8130.1,8160.1,source_1099,source,FW_W,,,0,20,2400.0,9695,,0,20,0,0
8160.1,8190.1,RM_C10480,ramp,FW_W,10480,,8,0,0.0,335,0,0,0,0,0
8160.1,8190.1,RM_C10482,ramp,FW_W,10482,,10,12,1440.0,3690,14,0,0,0,0
8160.1,8190.1,RM_C10646,ramp,FW_W,10646,,18,0,0.0,695,0,0,0,0,0
8160.1,8190.1,RM_C10644,ramp,FW_W,10644,,22,2,240.0,868,9,0,0,0,0
8160.1,8190.1,RM_C10639,ramp,FW_E,10639,,10,2,240.0,830,2,0,0,0,0
8160.1,8190.1,RM_C10681,ramp,FW_E,10681,,12,0,0.0,2184,8,0,0,0,0
8160.1,8190.1,RM_C10490,ramp,FW_E,10490,,21,13,1560.0,1403,3,0,0,0,0
8160.1,8190.1,RM_C10484,ramp,FW_E,10484,,23,1,120.0,939,2,0,0,0,0
8160.1,8190.1,OR_D_E_signal,offramp,FW_E,10481,18,,3,360.0,604,2,0,0,0,0
8160.1,8190.1,OR_D_E_direct,offramp,FW_E,10483,20,,7,840.0,2362,0,0,0,0,0
8160.1,8190.1,OR_D_W_signal,offramp,FW_W,10491,9,,7,840.0,2024,1,0,0,0,0
8160.1,8190.1,OR_D_W_direct,offramp,FW_W,10479,7,,4,480.0,1834,2,0,0,0,0
8160.1,8190.1,OR_F_E_signal,offramp,FW_E,10643,9,,1,120.0,1346,8,0,0,0,0
8160.1,8190.1,OR_F_E_direct,offramp,FW_E,10682,11,,5,600.0,2663,0,0,0,0,0
8160.1,8190.1,OR_F_W_signal,offramp,FW_W,10638,19,,3,360.0,1480,1,0,0,0,0
8160.1,8190.1,OR_F_W_direct,offramp,FW_W,10645,16,,8,960.0,2372,2,0,0,0,0
8160.1,8190.1,source_1098,source,FW_E,,,0,44,5280.0,16325,,0,44,0,0
8160.1,8190.1,source_1099,source,FW_W,,,0,31,3720.0,9726,,0,31,0,0
8190.1,8220.1,RM_C10480,ramp,FW_W,10480,,8,0,0.0,335,0,0,0,0,0
8190.1,8220.1,RM_C10482,ramp,FW_W,10482,,10,8,960.0,3698,17,0,0,0,0
8190.1,8220.1,RM_C10646,ramp,FW_W,10646,,18,0,0.0,695,6,0,0,0,0
8190.1,8220.1,RM_C10644,ramp,FW_W,10644,,22,0,0.0,868,10,0,0,0,0
8190.1,8220.1,RM_C10639,ramp,FW_E,10639,,10,2,240.0,832,1,0,0,0,0
8190.1,8220.1,RM_C10681,ramp,FW_E,10681,,12,8,960.0,2192,18,0,0,0,0
8190.1,8220.1,RM_C10490,ramp,FW_E,10490,,21,3,360.0,1406,4,0,0,0,0
8190.1,8220.1,RM_C10484,ramp,FW_E,10484,,23,2,240.0,941,6,0,0,0,0
8190.1,8220.1,OR_D_E_signal,offramp,FW_E,10481,18,,1,120.0,605,0,0,0,0,0
8190.1,8220.1,OR_D_E_direct,offramp,FW_E,10483,20,,11,1320.0,2373,0,0,0,0,0
8190.1,8220.1,OR_D_W_signal,offramp,FW_W,10491,9,,6,720.0,2030,1,0,0,0,0
8190.1,8220.1,OR_D_W_direct,offramp,FW_W,10479,7,,10,1200.0,1844,5,0,0,0,0
8190.1,8220.1,OR_F_E_signal,offramp,FW_E,10643,9,,3,360.0,1349,10,0,0,0,0
8190.1,8220.1,OR_F_E_direct,offramp,FW_E,10682,11,,10,1200.0,2673,1,0,0,0,0
8190.1,8220.1,OR_F_W_signal,offramp,FW_W,10638,19,,2,240.0,1482,1,0,0,0,0
8190.1,8220.1,OR_F_W_direct,offramp,FW_W,10645,16,,6,720.0,2378,2,0,0,0,0
8190.1,8220.1,source_1098,source,FW_E,,,0,25,3000.0,16350,,0,25,0,0
8190.1,8220.1,source_1099,source,FW_W,,,0,20,2400.0,9746,,0,20,0,0
8220.1,8250.1,RM_C10480,ramp,FW_W,10480,,8,2,240.0,337,4,0,0,0,1
8220.1,8250.1,RM_C10482,ramp,FW_W,10482,,10,10,1200.0,3708,21,0,0,0,0
8220.1,8250.1,RM_C10646,ramp,FW_W,10646,,18,6,720.0,701,9,0,0,0,4
8220.1,8250.1,RM_C10644,ramp,FW_W,10644,,22,0,0.0,868,10,0,0,0,0
8220.1,8250.1,RM_C10639,ramp,FW_E,10639,,10,1,120.0,833,2,0,0,0,0
8220.1,8250.1,RM_C10681,ramp,FW_E,10681,,12,16,1920.0,2208,9,0,0,0,0
8220.1,8250.1,RM_C10490,ramp,FW_E,10490,,21,4,480.0,1410,7,0,0,0,0
8220.1,8250.1,RM_C10484,ramp,FW_E,10484,,23,5,600.0,946,3,0,0,0,0
8220.1,8250.1,OR_D_E_signal,offramp,FW_E,10481,18,,2,240.0,607,1,0,0,0,0
8220.1,8250.1,OR_D_E_direct,offramp,FW_E,10483,20,,4,480.0,2377,2,0,0,0,0
8220.1,8250.1,OR_D_W_signal,offramp,FW_W,10491,9,,5,600.0,2035,1,0,0,0,1
8220.1,8250.1,OR_D_W_direct,offramp,FW_W,10479,7,,4,480.0,1848,1,0,0,0,0
8220.1,8250.1,OR_F_E_signal,offramp,FW_E,10643,9,,2,240.0,1351,11,0,0,0,0
8220.1,8250.1,OR_F_E_direct,offramp,FW_E,10682,11,,6,720.0,2679,5,0,0,0,0
8220.1,8250.1,OR_F_W_signal,offramp,FW_W,10638,19,,10,1200.0,1492,3,0,0,0,4
8220.1,8250.1,OR_F_W_direct,offramp,FW_W,10645,16,,9,1080.0,2387,4,0,0,0,0
8220.1,8250.1,source_1098,source,FW_E,,,0,54,6480.0,16404,,0,54,0,0
8220.1,8250.1,source_1099,source,FW_W,,,0,24,2880.0,9770,,0,24,0,0
8250.1,8280.1,RM_C10480,ramp,FW_W,10480,,8,7,840.0,344,0,0,0,0,5
8250.1,8280.1,RM_C10482,ramp,FW_W,10482,,10,16,1920.0,3724,19,0,0,0,0
8250.1,8280.1,RM_C10646,ramp,FW_W,10646,,18,8,960.0,709,2,0,0,0,3
8250.1,8280.1,RM_C10644,ramp,FW_W,10644,,22,9,1080.0,877,5,0,0,0,0
8250.1,8280.1,RM_C10639,ramp,FW_E,10639,,10,2,240.0,835,2,0,0,0,0
8250.1,8280.1,RM_C10681,ramp,FW_E,10681,,12,9,1080.0,2217,0,0,0,0,0
8250.1,8280.1,RM_C10490,ramp,FW_E,10490,,21,8,960.0,1418,4,0,0,0,0
8250.1,8280.1,RM_C10484,ramp,FW_E,10484,,23,3,360.0,949,2,0,0,0,0
8250.1,8280.1,OR_D_E_signal,offramp,FW_E,10481,18,,4,480.0,611,4,0,0,0,0
8250.1,8280.1,OR_D_E_direct,offramp,FW_E,10483,20,,3,360.0,2380,0,0,0,0,0
8250.1,8280.1,OR_D_W_signal,offramp,FW_W,10491,9,,16,1920.0,2051,4,0,0,0,5
8250.1,8280.1,OR_D_W_direct,offramp,FW_W,10479,7,,7,840.0,1855,3,0,0,0,0
8250.1,8280.1,OR_F_E_signal,offramp,FW_E,10643,9,,7,840.0,1358,13,0,0,0,0
8250.1,8280.1,OR_F_E_direct,offramp,FW_E,10682,11,,13,1560.0,2692,7,0,0,0,0
8250.1,8280.1,OR_F_W_signal,offramp,FW_W,10638,19,,9,1080.0,1501,2,0,0,0,3
8250.1,8280.1,OR_F_W_direct,offramp,FW_W,10645,16,,5,600.0,2392,4,0,0,0,0
8250.1,8280.1,source_1098,source,FW_E,,,0,38,4560.0,16442,,0,38,0,0
8250.1,8280.1,source_1099,source,FW_W,,,0,27,3240.0,9797,,0,27,0,0
8280.1,8310.1,RM_C10480,ramp,FW_W,10480,,8,0,0.0,344,0,0,0,0,0
8280.1,8310.1,RM_C10482,ramp,FW_W,10482,,10,16,1920.0,3740,13,0,0,0,0
8280.1,8310.1,RM_C10646,ramp,FW_W,10646,,18,2,240.0,711,0,0,0,0,2
8280.1,8310.1,RM_C10644,ramp,FW_W,10644,,22,1,120.0,878,6,0,0,0,0
8280.1,8310.1,RM_C10639,ramp,FW_E,10639,,10,2,240.0,837,0,0,0,0,0
8280.1,8310.1,RM_C10681,ramp,FW_E,10681,,12,2,240.0,2219,0,0,0,0,0
8280.1,8310.1,RM_C10490,ramp,FW_E,10490,,21,4,480.0,1422,4,0,0,0,0
8280.1,8310.1,RM_C10484,ramp,FW_E,10484,,23,2,240.0,951,1,0,0,0,0
8280.1,8310.1,OR_D_E_signal,offramp,FW_E,10481,18,,3,360.0,614,1,0,0,0,0
8280.1,8310.1,OR_D_E_direct,offramp,FW_E,10483,20,,10,1200.0,2390,1,0,0,0,0
8280.1,8310.1,OR_D_W_signal,offramp,FW_W,10491,9,,5,600.0,2056,0,0,0,0,0
8280.1,8310.1,OR_D_W_direct,offramp,FW_W,10479,7,,6,720.0,1861,2,0,0,0,0
8280.1,8310.1,OR_F_E_signal,offramp,FW_E,10643,9,,2,240.0,1360,13,0,0,0,0
8280.1,8310.1,OR_F_E_direct,offramp,FW_E,10682,11,,6,720.0,2698,0,0,0,0,0
8280.1,8310.1,OR_F_W_signal,offramp,FW_W,10638,19,,9,1080.0,1510,0,0,0,0,2
8280.1,8310.1,OR_F_W_direct,offramp,FW_W,10645,16,,7,840.0,2399,7,0,0,0,0
8280.1,8310.1,source_1098,source,FW_E,,,0,53,6360.0,16495,,0,53,0,0
8280.1,8310.1,source_1099,source,FW_W,,,0,36,4320.0,9833,,0,36,0,0
8310.1,8340.1,RM_C10480,ramp,FW_W,10480,,8,0,0.0,344,0,0,0,0,0
8310.1,8340.1,RM_C10482,ramp,FW_W,10482,,10,7,840.0,3747,18,0,0,0,0
8310.1,8340.1,RM_C10646,ramp,FW_W,10646,,18,0,0.0,711,0,0,0,0,0
8310.1,8340.1,RM_C10644,ramp,FW_W,10644,,22,0,0.0,878,10,0,0,0,0
8310.1,8340.1,RM_C10639,ramp,FW_E,10639,,10,0,0.0,837,1,0,0,0,0
8310.1,8340.1,RM_C10681,ramp,FW_E,10681,,12,0,0.0,2219,5,0,0,0,0
8310.1,8340.1,RM_C10490,ramp,FW_E,10490,,21,4,480.0,1426,1,0,0,0,0
8310.1,8340.1,RM_C10484,ramp,FW_E,10484,,23,0,0.0,951,3,0,0,0,0
8310.1,8340.1,OR_D_E_signal,offramp,FW_E,10481,18,,1,120.0,615,1,0,0,0,0
8310.1,8340.1,OR_D_E_direct,offramp,FW_E,10483,20,,5,600.0,2395,2,0,0,0,0
8310.1,8340.1,OR_D_W_signal,offramp,FW_W,10491,9,,5,600.0,2061,2,0,0,0,0
8310.1,8340.1,OR_D_W_direct,offramp,FW_W,10479,7,,8,960.0,1869,4,0,0,0,0
8310.1,8340.1,OR_F_E_signal,offramp,FW_E,10643,9,,3,360.0,1363,16,0,0,0,0
8310.1,8340.1,OR_F_E_direct,offramp,FW_E,10682,11,,5,600.0,2703,0,0,0,0,0
8310.1,8340.1,OR_F_W_signal,offramp,FW_W,10638,19,,3,360.0,1513,0,0,0,0,0
8310.1,8340.1,OR_F_W_direct,offramp,FW_W,10645,16,,7,840.0,2406,6,0,0,0,0
8310.1,8340.1,source_1098,source,FW_E,,,0,47,5640.0,16542,,0,47,0,0
8310.1,8340.1,source_1099,source,FW_W,,,0,33,3960.0,9866,,0,33,0,0
8340.1,8370.1,RM_C10480,ramp,FW_W,10480,,8,0,0.0,344,1,0,0,0,0
8340.1,8370.1,RM_C10482,ramp,FW_W,10482,,10,14,1680.0,3761,18,0,0,0,0
8340.1,8370.1,RM_C10646,ramp,FW_W,10646,,18,0,0.0,711,4,0,0,0,0
8340.1,8370.1,RM_C10644,ramp,FW_W,10644,,22,4,480.0,882,7,0,0,0,0
8340.1,8370.1,RM_C10639,ramp,FW_E,10639,,10,0,0.0,837,2,0,0,0,0
8340.1,8370.1,RM_C10681,ramp,FW_E,10681,,12,2,240.0,2221,20,0,0,0,0
8340.1,8370.1,RM_C10490,ramp,FW_E,10490,,21,1,120.0,1427,2,0,0,0,0
8340.1,8370.1,RM_C10484,ramp,FW_E,10484,,23,2,240.0,953,5,0,0,0,0
8340.1,8370.1,OR_D_E_signal,offramp,FW_E,10481,18,,2,240.0,617,1,0,0,0,0
8340.1,8370.1,OR_D_E_direct,offramp,FW_E,10483,20,,7,840.0,2402,3,0,0,0,0
8340.1,8370.1,OR_D_W_signal,offramp,FW_W,10491,9,,3,360.0,2064,1,0,0,0,0
8340.1,8370.1,OR_D_W_direct,offramp,FW_W,10479,7,,9,1080.0,1878,3,0,0,0,0
8340.1,8370.1,OR_F_E_signal,offramp,FW_E,10643,9,,2,240.0,1365,14,0,0,0,0
8340.1,8370.1,OR_F_E_direct,offramp,FW_E,10682,11,,14,1680.0,2717,2,0,0,0,0
8340.1,8370.1,OR_F_W_signal,offramp,FW_W,10638,19,,3,360.0,1516,0,0,0,0,0
8340.1,8370.1,OR_F_W_direct,offramp,FW_W,10645,16,,7,840.0,2413,0,0,0,0,0
8340.1,8370.1,source_1098,source,FW_E,,,0,42,5040.0,16584,,0,42,0,0
8340.1,8370.1,source_1099,source,FW_W,,,0,35,4200.0,9901,,0,35,0,0
8370.1,8400.1,RM_C10480,ramp,FW_W,10480,,8,1,120.0,345,1,0,0,0,1
8370.1,8400.1,RM_C10482,ramp,FW_W,10482,,10,15,1800.0,3776,7,0,0,0,0
8370.1,8400.1,RM_C10646,ramp,FW_W,10646,,18,4,480.0,715,6,0,0,0,2
8370.1,8400.1,RM_C10644,ramp,FW_W,10644,,22,2,240.0,884,6,0,0,0,0
8370.1,8400.1,RM_C10639,ramp,FW_E,10639,,10,2,240.0,839,1,0,0,0,0
8370.1,8400.1,RM_C10681,ramp,FW_E,10681,,12,12,1440.0,2233,17,0,0,0,0
8370.1,8400.1,RM_C10490,ramp,FW_E,10490,,21,2,240.0,1429,2,0,0,0,0
8370.1,8400.1,RM_C10484,ramp,FW_E,10484,,23,5,600.0,958,5,0,0,0,0
8370.1,8400.1,OR_D_E_signal,offramp,FW_E,10481,18,,1,120.0,618,1,0,0,0,0
8370.1,8400.1,OR_D_E_direct,offramp,FW_E,10483,20,,8,960.0,2410,6,0,0,0,0
8370.1,8400.1,OR_D_W_signal,offramp,FW_W,10491,9,,9,1080.0,2073,1,0,0,0,1
8370.1,8400.1,OR_D_W_direct,offramp,FW_W,10479,7,,4,480.0,1882,2,0,0,0,0
8370.1,8400.1,OR_F_E_signal,offramp,FW_E,10643,9,,4,480.0,1369,11,0,0,0,0
8370.1,8400.1,OR_F_E_direct,offramp,FW_E,10682,11,,5,600.0,2722,2,0,0,0,0
8370.1,8400.1,OR_F_W_signal,offramp,FW_W,10638,19,,10,1200.0,1526,4,0,0,0,2
8370.1,8400.1,OR_F_W_direct,offramp,FW_W,10645,16,,13,1560.0,2426,3,0,0,0,0
8370.1,8400.1,source_1098,source,FW_E,,,0,42,5040.0,16626,,0,42,0,0
8370.1,8400.1,source_1099,source,FW_W,,,0,26,3120.0,9927,,0,26,0,0
8400.1,8430.1,RM_C10480,ramp,FW_W,10480,,8,1,120.0,346,0,0,0,0,1
8400.1,8430.1,RM_C10482,ramp,FW_W,10482,,10,4,480.0,3780,20,0,0,0,0
8400.1,8430.1,RM_C10646,ramp,FW_W,10646,,18,6,720.0,721,0,0,0,0,2
8400.1,8430.1,RM_C10644,ramp,FW_W,10644,,22,5,600.0,889,8,0,0,0,0
8400.1,8430.1,RM_C10639,ramp,FW_E,10639,,10,1,120.0,840,0,0,0,0,0
8400.1,8430.1,RM_C10681,ramp,FW_E,10681,,12,17,2040.0,2250,1,0,0,0,0
8400.1,8430.1,RM_C10490,ramp,FW_E,10490,,21,2,240.0,1431,2,0,0,0,0
8400.1,8430.1,RM_C10484,ramp,FW_E,10484,,23,4,480.0,962,3,0,0,0,0
8400.1,8430.1,OR_D_E_signal,offramp,FW_E,10481,18,,3,360.0,621,3,0,0,0,0
8400.1,8430.1,OR_D_E_direct,offramp,FW_E,10483,20,,4,480.0,2414,1,0,0,0,0
8400.1,8430.1,OR_D_W_signal,offramp,FW_W,10491,9,,5,600.0,2078,0,0,0,0,1
8400.1,8430.1,OR_D_W_direct,offramp,FW_W,10479,7,,4,480.0,1886,1,0,0,0,0
8400.1,8430.1,OR_F_E_signal,offramp,FW_E,10643,9,,4,480.0,1373,9,0,0,0,0
8400.1,8430.1,OR_F_E_direct,offramp,FW_E,10682,11,,3,360.0,2725,0,0,0,0,0
8400.1,8430.1,OR_F_W_signal,offramp,FW_W,10638,19,,11,1320.0,1537,6,0,0,0,2
8400.1,8430.1,OR_F_W_direct,offramp,FW_W,10645,16,,12,1440.0,2438,7,0,0,0,0
8400.1,8430.1,source_1098,source,FW_E,,,0,44,5280.0,16670,,0,44,0,0
8400.1,8430.1,source_1099,source,FW_W,,,0,29,3480.0,9956,,0,29,0,0
8430.1,8460.1,RM_C10480,ramp,FW_W,10480,,8,0,0.0,346,0,0,0,0,0
8430.1,8460.1,RM_C10482,ramp,FW_W,10482,,10,11,1320.0,3791,16,0,0,0,0
8430.1,8460.1,RM_C10646,ramp,FW_W,10646,,18,0,0.0,721,0,0,0,0,0
8430.1,8460.1,RM_C10644,ramp,FW_W,10644,,22,0,0.0,889,12,0,0,0,0
8430.1,8460.1,RM_C10639,ramp,FW_E,10639,,10,0,0.0,840,4,0,0,0,0
8430.1,8460.1,RM_C10681,ramp,FW_E,10681,,12,1,120.0,2251,0,0,0,0,0
8430.1,8460.1,RM_C10490,ramp,FW_E,10490,,21,2,240.0,1433,1,0,0,0,0
8430.1,8460.1,RM_C10484,ramp,FW_E,10484,,23,3,360.0,965,4,0,0,0,0
8430.1,8460.1,OR_D_E_signal,offramp,FW_E,10481,18,,6,720.0,627,2,0,0,0,0
8430.1,8460.1,OR_D_E_direct,offramp,FW_E,10483,20,,6,720.0,2420,3,0,0,0,0
8430.1,8460.1,OR_D_W_signal,offramp,FW_W,10491,9,,5,600.0,2083,0,0,0,0,0
8430.1,8460.1,OR_D_W_direct,offramp,FW_W,10479,7,,7,840.0,1893,1,0,0,0,0
8430.1,8460.1,OR_F_E_signal,offramp,FW_E,10643,9,,6,720.0,1379,9,0,0,0,0
8430.1,8460.1,OR_F_E_direct,offramp,FW_E,10682,11,,12,1440.0,2737,3,0,0,0,0
8430.1,8460.1,OR_F_W_signal,offramp,FW_W,10638,19,,5,600.0,1542,0,0,0,0,0
8430.1,8460.1,OR_F_W_direct,offramp,FW_W,10645,16,,6,720.0,2444,1,0,0,0,0
8430.1,8460.1,source_1098,source,FW_E,,,0,40,4800.0,16710,,0,40,0,0
8430.1,8460.1,source_1099,source,FW_W,,,0,25,3000.0,9981,,0,25,0,0
8460.1,8490.1,RM_C10480,ramp,FW_W,10480,,8,1,120.0,347,0,0,0,0,1
8460.1,8490.1,RM_C10482,ramp,FW_W,10482,,10,14,1680.0,3805,16,0,0,0,0
8460.1,8490.1,RM_C10646,ramp,FW_W,10646,,18,0,0.0,721,0,0,0,0,0
8460.1,8490.1,RM_C10644,ramp,FW_W,10644,,22,4,480.0,893,11,0,0,0,0
8460.1,8490.1,RM_C10639,ramp,FW_E,10639,,10,3,360.0,843,4,0,0,0,0
8460.1,8490.1,RM_C10681,ramp,FW_E,10681,,12,0,0.0,2251,9,0,0,0,0
8460.1,8490.1,RM_C10490,ramp,FW_E,10490,,21,1,120.0,1434,3,0,0,0,0
8460.1,8490.1,RM_C10484,ramp,FW_E,10484,,23,1,120.0,966,4,0,0,0,0
8460.1,8490.1,OR_D_E_signal,offramp,FW_E,10481,18,,1,120.0,628,1,0,0,0,0
8460.1,8490.1,OR_D_E_direct,offramp,FW_E,10483,20,,6,720.0,2426,0,0,0,0,0
8460.1,8490.1,OR_D_W_signal,offramp,FW_W,10491,9,,6,720.0,2089,2,0,0,0,1
8460.1,8490.1,OR_D_W_direct,offramp,FW_W,10479,7,,11,1320.0,1904,0,0,0,0,0
8460.1,8490.1,OR_F_E_signal,offramp,FW_E,10643,9,,4,480.0,1383,10,0,0,0,0
8460.1,8490.1,OR_F_E_direct,offramp,FW_E,10682,11,,10,1200.0,2747,3,0,0,0,0
8460.1,8490.1,OR_F_W_signal,offramp,FW_W,10638,19,,4,480.0,1546,4,0,0,0,0
8460.1,8490.1,OR_F_W_direct,offramp,FW_W,10645,16,,7,840.0,2451,3,0,0,0,0
8460.1,8490.1,source_1098,source,FW_E,,,0,47,5640.0,16757,,0,47,0,0
8460.1,8490.1,source_1099,source,FW_W,,,0,25,3000.0,10006,,0,25,0,0
8490.1,8520.1,RM_C10480,ramp,FW_W,10480,,8,0,0.0,347,0,0,0,0,0
8490.1,8520.1,RM_C10482,ramp,FW_W,10482,,10,12,1440.0,3817,12,0,0,0,0
8490.1,8520.1,RM_C10646,ramp,FW_W,10646,,18,0,0.0,721,4,0,0,0,0
8490.1,8520.1,RM_C10644,ramp,FW_W,10644,,22,0,0.0,893,12,0,0,0,0
8490.1,8520.1,RM_C10639,ramp,FW_E,10639,,10,3,360.0,846,3,0,0,0,0
8490.1,8520.1,RM_C10681,ramp,FW_E,10681,,12,7,840.0,2258,21,0,0,0,0
8490.1,8520.1,RM_C10490,ramp,FW_E,10490,,21,3,360.0,1437,8,0,0,0,0
8490.1,8520.1,RM_C10484,ramp,FW_E,10484,,23,3,360.0,969,7,0,0,0,0
8490.1,8520.1,OR_D_E_signal,offramp,FW_E,10481,18,,2,240.0,630,1,0,0,0,0
8490.1,8520.1,OR_D_E_direct,offramp,FW_E,10483,20,,6,720.0,2432,0,0,0,0,0
8490.1,8520.1,OR_D_W_signal,offramp,FW_W,10491,9,,7,840.0,2096,2,0,0,0,0
8490.1,8520.1,OR_D_W_direct,offramp,FW_W,10479,7,,6,720.0,1910,1,0,0,0,0
8490.1,8520.1,OR_F_E_signal,offramp,FW_E,10643,9,,6,720.0,1389,7,0,0,0,0
8490.1,8520.1,OR_F_E_direct,offramp,FW_E,10682,11,,7,840.0,2754,5,0,0,0,0
8490.1,8520.1,OR_F_W_signal,offramp,FW_W,10638,19,,4,480.0,1550,1,0,0,0,0
8490.1,8520.1,OR_F_W_direct,offramp,FW_W,10645,16,,5,600.0,2456,4,0,0,0,0
8490.1,8520.1,source_1098,source,FW_E,,,0,33,3960.0,16790,,0,33,0,0
8490.1,8520.1,source_1099,source,FW_W,,,0,37,4440.0,10043,,0,37,0,0
8520.1,8550.1,RM_C10480,ramp,FW_W,10480,,8,0,0.0,347,1,0,0,0,0
8520.1,8550.1,RM_C10482,ramp,FW_W,10482,,10,10,1200.0,3827,8,0,0,0,0
8520.1,8550.1,RM_C10646,ramp,FW_W,10646,,18,3,360.0,724,7,0,0,0,1
8520.1,8550.1,RM_C10644,ramp,FW_W,10644,,22,9,1080.0,902,8,0,0,0,0
8520.1,8550.1,RM_C10639,ramp,FW_E,10639,,10,3,360.0,849,1,0,0,0,0
8520.1,8550.1,RM_C10681,ramp,FW_E,10681,,12,12,1440.0,2270,17,0,0,0,0
8520.1,8550.1,RM_C10490,ramp,FW_E,10490,,21,5,600.0,1442,8,0,0,0,0
8520.1,8550.1,RM_C10484,ramp,FW_E,10484,,23,3,360.0,972,7,0,0,0,0
8520.1,8550.1,OR_D_E_signal,offramp,FW_E,10481,18,,0,0.0,630,0,0,0,0,0
8520.1,8550.1,OR_D_E_direct,offramp,FW_E,10483,20,,7,840.0,2439,3,0,0,0,0
8520.1,8550.1,OR_D_W_signal,offramp,FW_W,10491,9,,6,720.0,2102,1,0,0,0,0
8520.1,8550.1,OR_D_W_direct,offramp,FW_W,10479,7,,6,720.0,1916,3,0,0,0,0
8520.1,8550.1,OR_F_E_signal,offramp,FW_E,10643,9,,4,480.0,1393,7,0,0,0,0
8520.1,8550.1,OR_F_E_direct,offramp,FW_E,10682,11,,7,840.0,2761,2,0,0,0,0
8520.1,8550.1,OR_F_W_signal,offramp,FW_W,10638,19,,9,1080.0,1559,1,0,0,0,1
8520.1,8550.1,OR_F_W_direct,offramp,FW_W,10645,16,,8,960.0,2464,4,0,0,0,0
8520.1,8550.1,source_1098,source,FW_E,,,0,33,3960.0,16823,,0,33,0,0
8520.1,8550.1,source_1099,source,FW_W,,,0,31,3720.0,10074,,0,31,0,0
8550.1,8580.1,RM_C10480,ramp,FW_W,10480,,8,4,480.0,351,1,0,0,0,2
8550.1,8580.1,RM_C10482,ramp,FW_W,10482,,10,6,720.0,3833,14,0,0,0,0
8550.1,8580.1,RM_C10646,ramp,FW_W,10646,,18,7,840.0,731,0,0,0,0,3
8550.1,8580.1,RM_C10644,ramp,FW_W,10644,,22,3,360.0,905,6,0,0,0,0
8550.1,8580.1,RM_C10639,ramp,FW_E,10639,,10,1,120.0,850,2,0,0,0,0
8550.1,8580.1,RM_C10681,ramp,FW_E,10681,,12,8,960.0,2278,9,0,0,0,0
8550.1,8580.1,RM_C10490,ramp,FW_E,10490,,21,8,960.0,1450,2,0,0,0,0
8550.1,8580.1,RM_C10484,ramp,FW_E,10484,,23,4,480.0,976,6,0,0,0,0
8550.1,8580.1,OR_D_E_signal,offramp,FW_E,10481,18,,1,120.0,631,1,0,0,0,0
8550.1,8580.1,OR_D_E_direct,offramp,FW_E,10483,20,,8,960.0,2447,3,0,0,0,0
8550.1,8580.1,OR_D_W_signal,offramp,FW_W,10491,9,,5,600.0,2107,4,0,0,0,2
8550.1,8580.1,OR_D_W_direct,offramp,FW_W,10479,7,,13,1560.0,1929,4,0,0,0,0
8550.1,8580.1,OR_F_E_signal,offramp,FW_E,10643,9,,2,240.0,1395,4,0,0,0,0
8550.1,8580.1,OR_F_E_direct,offramp,FW_E,10682,11,,5,600.0,2766,0,0,0,0,0
8550.1,8580.1,OR_F_W_signal,offramp,FW_W,10638,19,,10,1200.0,1569,4,0,0,0,3
8550.1,8580.1,OR_F_W_direct,offramp,FW_W,10645,16,,6,720.0,2470,6,0,0,0,0
8550.1,8580.1,source_1098,source,FW_E,,,0,42,5040.0,16865,,0,42,0,0
8550.1,8580.1,source_1099,source,FW_W,,,0,25,3000.0,10099,,0,25,0,0
8580.1,8610.1,RM_C10480,ramp,FW_W,10480,,8,1,120.0,352,0,0,0,0,1
8580.1,8610.1,RM_C10482,ramp,FW_W,10482,,10,10,1200.0,3843,14,0,0,0,0
8580.1,8610.1,RM_C10646,ramp,FW_W,10646,,18,0,0.0,731,0,0,0,0,0
8580.1,8610.1,RM_C10644,ramp,FW_W,10644,,22,1,120.0,906,10,0,0,0,0
8580.1,8610.1,RM_C10639,ramp,FW_E,10639,,10,0,0.0,850,2,0,0,0,0
8580.1,8610.1,RM_C10681,ramp,FW_E,10681,,12,9,1080.0,2287,0,0,0,0,0
8580.1,8610.1,RM_C10490,ramp,FW_E,10490,,21,2,240.0,1452,6,0,0,0,0
8580.1,8610.1,RM_C10484,ramp,FW_E,10484,,23,3,360.0,979,5,0,0,0,0
8580.1,8610.1,OR_D_E_signal,offramp,FW_E,10481,18,,0,0.0,631,0,0,0,0,0
8580.1,8610.1,OR_D_E_direct,offramp,FW_E,10483,20,,9,1080.0,2456,1,0,0,0,0
8580.1,8610.1,OR_D_W_signal,offramp,FW_W,10491,9,,9,1080.0,2116,5,0,0,0,1
8580.1,8610.1,OR_D_W_direct,offramp,FW_W,10479,7,,8,960.0,1937,3,0,0,0,0
8580.1,8610.1,OR_F_E_signal,offramp,FW_E,10643,9,,3,360.0,1398,7,0,0,0,0
8580.1,8610.1,OR_F_E_direct,offramp,FW_E,10682,11,,7,840.0,2773,4,0,0,0,0
8580.1,8610.1,OR_F_W_signal,offramp,FW_W,10638,19,,2,240.0,1571,1,0,0,0,0
8580.1,8610.1,OR_F_W_direct,offramp,FW_W,10645,16,,11,1320.0,2481,5,0,0,0,0
8580.1,8610.1,source_1098,source,FW_E,,,0,47,5640.0,16912,,0,47,0,0
8580.1,8610.1,source_1099,source,FW_W,,,0,32,3840.0,10131,,0,32,0,0
8610.1,8640.1,RM_C10480,ramp,FW_W,10480,,8,0,0.0,352,0,0,0,0,0
8610.1,8640.1,RM_C10482,ramp,FW_W,10482,,10,12,1440.0,3855,10,0,0,0,0
8610.1,8640.1,RM_C10646,ramp,FW_W,10646,,18,0,0.0,731,0,0,0,0,0
8610.1,8640.1,RM_C10644,ramp,FW_W,10644,,22,5,600.0,911,5,0,0,0,0
8610.1,8640.1,RM_C10639,ramp,FW_E,10639,,10,2,240.0,852,3,0,0,0,0
8610.1,8640.1,RM_C10681,ramp,FW_E,10681,,12,0,0.0,2287,11,0,0,0,0
8610.1,8640.1,RM_C10490,ramp,FW_E,10490,,21,5,600.0,1457,9,0,0,0,0
8610.1,8640.1,RM_C10484,ramp,FW_E,10484,,23,4,480.0,983,1,0,0,0,0
8610.1,8640.1,OR_D_E_signal,offramp,FW_E,10481,18,,1,120.0,632,0,0,0,0,0
8610.1,8640.1,OR_D_E_direct,offramp,FW_E,10483,20,,9,1080.0,2465,0,0,0,0,0
8610.1,8640.1,OR_D_W_signal,offramp,FW_W,10491,9,,3,360.0,2119,3,0,0,0,0
8610.1,8640.1,OR_D_W_direct,offramp,FW_W,10479,7,,10,1200.0,1947,3,0,0,0,0
8610.1,8640.1,OR_F_E_signal,offramp,FW_E,10643,9,,2,240.0,1400,8,0,0,0,0
8610.1,8640.1,OR_F_E_direct,offramp,FW_E,10682,11,,8,960.0,2781,2,0,0,0,0
8610.1,8640.1,OR_F_W_signal,offramp,FW_W,10638,19,,0,0.0,1571,0,0,0,0,0
8610.1,8640.1,OR_F_W_direct,offramp,FW_W,10645,16,,8,960.0,2489,4,0,0,0,0
8610.1,8640.1,source_1098,source,FW_E,,,0,49,5880.0,16961,,0,49,0,0
8610.1,8640.1,source_1099,source,FW_W,,,0,39,4680.0,10170,,0,39,0,0
8640.1,8670.1,RM_C10480,ramp,FW_W,10480,,8,0,0.0,352,0,0,0,0,0
8640.1,8670.1,RM_C10482,ramp,FW_W,10482,,10,7,840.0,3862,9,0,0,0,0
8640.1,8670.1,RM_C10646,ramp,FW_W,10646,,18,0,0.0,731,2,0,0,0,0
8640.1,8670.1,RM_C10644,ramp,FW_W,10644,,22,0,0.0,911,7,0,0,0,0
8640.1,8670.1,RM_C10639,ramp,FW_E,10639,,10,3,360.0,855,0,0,0,0,0
8640.1,8670.1,RM_C10681,ramp,FW_E,10681,,12,9,1080.0,2296,23,0,0,0,0
8640.1,8670.1,RM_C10490,ramp,FW_E,10490,,21,9,1080.0,1466,4,0,0,0,0
8640.1,8670.1,RM_C10484,ramp,FW_E,10484,,23,1,120.0,984,1,0,0,0,0
8640.1,8670.1,OR_D_E_signal,offramp,FW_E,10481,18,,2,240.0,634,0,0,0,0,0
8640.1,8670.1,OR_D_E_direct,offramp,FW_E,10483,20,,9,1080.0,2474,9,0,0,0,0
8640.1,8670.1,OR_D_W_signal,offramp,FW_W,10491,9,,10,1200.0,2129,3,0,0,0,0
8640.1,8670.1,OR_D_W_direct,offramp,FW_W,10479,7,,4,480.0,1951,2,0,0,0,0
8640.1,8670.1,OR_F_E_signal,offramp,FW_E,10643,9,,5,600.0,1405,10,0,0,0,0
8640.1,8670.1,OR_F_E_direct,offramp,FW_E,10682,11,,5,600.0,2786,3,0,0,0,0
8640.1,8670.1,OR_F_W_signal,offramp,FW_W,10638,19,,2,240.0,1573,0,0,0,0,0
8640.1,8670.1,OR_F_W_direct,offramp,FW_W,10645,16,,5,600.0,2494,1,0,0,0,0
8640.1,8670.1,source_1098,source,FW_E,,,0,34,4080.0,16995,,0,34,0,0
8640.1,8670.1,source_1099,source,FW_W,,,0,36,4320.0,10206,,0,36,0,0
8670.1,8700.1,RM_C10480,ramp,FW_W,10480,,8,0,0.0,352,0,0,0,0,0
8670.1,8700.1,RM_C10482,ramp,FW_W,10482,,10,6,720.0,3868,15,0,0,0,0
8670.1,8700.1,RM_C10646,ramp,FW_W,10646,,18,2,240.0,733,5,0,0,0,0
8670.1,8700.1,RM_C10644,ramp,FW_W,10644,,22,3,360.0,914,6,0,0,0,0
8670.1,8700.1,RM_C10639,ramp,FW_E,10639,,10,0,0.0,855,2,0,0,0,0
8670.1,8700.1,RM_C10681,ramp,FW_E,10681,,12,18,2160.0,2314,9,0,0,0,0
8670.1,8700.1,RM_C10490,ramp,FW_E,10490,,21,4,480.0,1470,1,0,0,0,0
8670.1,8700.1,RM_C10484,ramp,FW_E,10484,,23,0,0.0,984,4,0,0,0,0
8670.1,8700.1,OR_D_E_signal,offramp,FW_E,10481,18,,1,120.0,635,1,0,0,0,0
8670.1,8700.1,OR_D_E_direct,offramp,FW_E,10483,20,,5,600.0,2479,1,0,0,0,0
8670.1,8700.1,OR_D_W_signal,offramp,FW_W,10491,9,,6,720.0,2135,1,0,0,0,0
8670.1,8700.1,OR_D_W_direct,offramp,FW_W,10479,7,,4,480.0,1955,3,0,0,0,0
8670.1,8700.1,OR_F_E_signal,offramp,FW_E,10643,9,,4,480.0,1409,11,0,0,0,0
8670.1,8700.1,OR_F_E_direct,offramp,FW_E,10682,11,,2,240.0,2788,0,0,0,0,0
8670.1,8700.1,OR_F_W_signal,offramp,FW_W,10638,19,,1,120.0,1574,0,0,0,0,0
8670.1,8700.1,OR_F_W_direct,offramp,FW_W,10645,16,,3,360.0,2497,3,0,0,0,0
8670.1,8700.1,source_1098,source,FW_E,,,0,37,4440.0,17032,,0,37,0,0
8670.1,8700.1,source_1099,source,FW_W,,,0,30,3600.0,10236,,0,30,0,0
8700.1,8730.1,RM_C10480,ramp,FW_W,10480,,8,1,120.0,353,0,0,0,0,1
8700.1,8730.1,RM_C10482,ramp,FW_W,10482,,10,7,840.0,3875,15,0,0,0,0
8700.1,8730.1,RM_C10646,ramp,FW_W,10646,,18,5,600.0,738,1,0,0,0,2
8700.1,8730.1,RM_C10644,ramp,FW_W,10644,,22,2,240.0,916,6,0,0,0,0
8700.1,8730.1,RM_C10639,ramp,FW_E,10639,,10,2,240.0,857,0,0,0,0,0
8700.1,8730.1,RM_C10681,ramp,FW_E,10681,,12,9,1080.0,2323,0,0,0,0,0
8700.1,8730.1,RM_C10490,ramp,FW_E,10490,,21,1,120.0,1471,7,0,0,0,0
8700.1,8730.1,RM_C10484,ramp,FW_E,10484,,23,3,360.0,987,2,0,0,0,0
8700.1,8730.1,OR_D_E_signal,offramp,FW_E,10481,18,,3,360.0,638,0,0,0,0,0
8700.1,8730.1,OR_D_E_direct,offramp,FW_E,10483,20,,5,600.0,2484,2,0,0,0,0
8700.1,8730.1,OR_D_W_signal,offramp,FW_W,10491,9,,7,840.0,2142,1,0,0,0,1
8700.1,8730.1,OR_D_W_direct,offramp,FW_W,10479,7,,13,1560.0,1968,3,0,0,0,0
8700.1,8730.1,OR_F_E_signal,offramp,FW_E,10643,9,,1,120.0,1410,12,0,0,0,0
8700.1,8730.1,OR_F_E_direct,offramp,FW_E,10682,11,,1,120.0,2789,0,0,0,0,0
8700.1,8730.1,OR_F_W_signal,offramp,FW_W,10638,19,,7,840.0,1581,1,0,0,0,2
8700.1,8730.1,OR_F_W_direct,offramp,FW_W,10645,16,,19,2280.0,2516,4,0,0,0,0
8700.1,8730.1,source_1098,source,FW_E,,,0,45,5400.0,17077,,0,45,0,0
8700.1,8730.1,source_1099,source,FW_W,,,0,30,3600.0,10266,,0,30,0,0
8730.1,8760.1,RM_C10480,ramp,FW_W,10480,,8,3,360.0,356,0,0,0,0,2
8730.1,8760.1,RM_C10482,ramp,FW_W,10482,,10,13,1560.0,3888,9,0,0,0,0
8730.1,8760.1,RM_C10646,ramp,FW_W,10646,,18,1,120.0,739,0,0,0,0,1
8730.1,8760.1,RM_C10644,ramp,FW_W,10644,,22,2,240.0,918,6,0,0,0,0
8730.1,8760.1,RM_C10639,ramp,FW_E,10639,,10,0,0.0,857,2,0,0,0,0
8730.1,8760.1,RM_C10681,ramp,FW_E,10681,,12,0,0.0,2323,0,0,0,0,0
8730.1,8760.1,RM_C10490,ramp,FW_E,10490,,21,8,960.0,1479,5,0,0,0,0
8730.1,8760.1,RM_C10484,ramp,FW_E,10484,,23,2,240.0,989,3,0,0,0,0
8730.1,8760.1,OR_D_E_signal,offramp,FW_E,10481,18,,1,120.0,639,0,0,0,0,0
8730.1,8760.1,OR_D_E_direct,offramp,FW_E,10483,20,,17,2040.0,2501,6,0,0,0,0
8730.1,8760.1,OR_D_W_signal,offramp,FW_W,10491,9,,10,1200.0,2152,5,0,0,0,2
8730.1,8760.1,OR_D_W_direct,offramp,FW_W,10479,7,,4,480.0,1972,2,0,0,0,0
8730.1,8760.1,OR_F_E_signal,offramp,FW_E,10643,9,,5,600.0,1415,16,0,0,0,0
8730.1,8760.1,OR_F_E_direct,offramp,FW_E,10682,11,,11,1320.0,2800,7,0,0,0,0
8730.1,8760.1,OR_F_W_signal,offramp,FW_W,10638,19,,3,360.0,1584,0,0,0,0,1
8730.1,8760.1,OR_F_W_direct,offramp,FW_W,10645,16,,6,720.0,2522,3,0,0,0,0
8730.1,8760.1,source_1098,source,FW_E,,,0,43,5160.0,17120,,0,43,0,0
8730.1,8760.1,source_1099,source,FW_W,,,0,32,3840.0,10298,,0,32,0,0
8760.1,8790.1,RM_C10480,ramp,FW_W,10480,,8,0,0.0,356,0,0,0,0,0
8760.1,8790.1,RM_C10482,ramp,FW_W,10482,,10,5,600.0,3893,14,0,0,0,0
8760.1,8790.1,RM_C10646,ramp,FW_W,10646,,18,0,0.0,739,2,0,0,0,0
8760.1,8790.1,RM_C10644,ramp,FW_W,10644,,22,0,0.0,918,8,0,0,0,0
8760.1,8790.1,RM_C10639,ramp,FW_E,10639,,10,2,240.0,859,4,0,0,0,0
8760.1,8790.1,RM_C10681,ramp,FW_E,10681,,12,0,0.0,2323,6,0,0,0,0
8760.1,8790.1,RM_C10490,ramp,FW_E,10490,,21,5,600.0,1484,5,0,0,0,0
8760.1,8790.1,RM_C10484,ramp,FW_E,10484,,23,1,120.0,990,3,0,0,0,0
8760.1,8790.1,OR_D_E_signal,offramp,FW_E,10481,18,,2,240.0,641,0,0,0,0,0
8760.1,8790.1,OR_D_E_direct,offramp,FW_E,10483,20,,3,360.0,2504,0,0,0,0,0
8760.1,8790.1,OR_D_W_signal,offramp,FW_W,10491,9,,10,1200.0,2162,2,0,0,0,0
8760.1,8790.1,OR_D_W_direct,offramp,FW_W,10479,7,,6,720.0,1978,2,0,0,0,0
8760.1,8790.1,OR_F_E_signal,offramp,FW_E,10643,9,,2,240.0,1417,16,0,0,0,0
8760.1,8790.1,OR_F_E_direct,offramp,FW_E,10682,11,,7,840.0,2807,1,0,0,0,0
8760.1,8790.1,OR_F_W_signal,offramp,FW_W,10638,19,,4,480.0,1588,0,0,0,0,0
8760.1,8790.1,OR_F_W_direct,offramp,FW_W,10645,16,,4,480.0,2526,1,0,0,0,0
8760.1,8790.1,source_1098,source,FW_E,,,0,45,5400.0,17165,,0,45,0,0
8760.1,8790.1,source_1099,source,FW_W,,,0,35,4200.0,10333,,0,35,0,0
8790.1,8820.1,RM_C10480,ramp,FW_W,10480,,8,2,240.0,358,0,0,0,0,2
8790.1,8820.1,RM_C10482,ramp,FW_W,10482,,10,12,1440.0,3905,8,0,0,0,0
8790.1,8820.1,RM_C10646,ramp,FW_W,10646,,18,2,240.0,741,5,0,0,0,0
8790.1,8820.1,RM_C10644,ramp,FW_W,10644,,22,4,480.0,922,6,0,0,0,0
8790.1,8820.1,RM_C10639,ramp,FW_E,10639,,10,0,0.0,859,6,0,0,0,0
8790.1,8820.1,RM_C10681,ramp,FW_E,10681,,12,7,840.0,2330,16,0,0,0,0
8790.1,8820.1,RM_C10490,ramp,FW_E,10490,,21,5,600.0,1489,2,0,0,0,0
8790.1,8820.1,RM_C10484,ramp,FW_E,10484,,23,2,240.0,992,5,0,0,0,0
8790.1,8820.1,OR_D_E_signal,offramp,FW_E,10481,18,,1,120.0,642,0,0,0,0,0
8790.1,8820.1,OR_D_E_direct,offramp,FW_E,10483,20,,10,1200.0,2514,5,0,0,0,0
8790.1,8820.1,OR_D_W_signal,offramp,FW_W,10491,9,,10,1200.0,2172,4,0,0,0,2
8790.1,8820.1,OR_D_W_direct,offramp,FW_W,10479,7,,4,480.0,1982,2,0,0,0,0
8790.1,8820.1,OR_F_E_signal,offramp,FW_E,10643,9,,4,480.0,1421,16,0,0,0,0
8790.1,8820.1,OR_F_E_direct,offramp,FW_E,10682,11,,4,480.0,2811,1,0,0,0,0
8790.1,8820.1,OR_F_W_signal,offramp,FW_W,10638,19,,2,240.0,1590,0,0,0,0,0
8790.1,8820.1,OR_F_W_direct,offramp,FW_W,10645,16,,7,840.0,2533,3,0,0,0,0
8790.1,8820.1,source_1098,source,FW_E,,,0,48,5760.0,17213,,0,48,0,0
8790.1,8820.1,source_1099,source,FW_W,,,0,34,4080.0,10367,,0,34,0,0
8820.1,8850.1,RM_C10480,ramp,FW_W,10480,,8,0,0.0,358,3,0,0,0,0
8820.1,8850.1,RM_C10482,ramp,FW_W,10482,,10,3,360.0,3908,18,0,0,0,0
8820.1,8850.1,RM_C10646,ramp,FW_W,10646,,18,5,600.0,746,8,0,0,0,3
8820.1,8850.1,RM_C10644,ramp,FW_W,10644,,22,2,240.0,924,4,0,0,0,0
8820.1,8850.1,RM_C10639,ramp,FW_E,10639,,10,6,720.0,865,0,0,0,0,0
8820.1,8850.1,RM_C10681,ramp,FW_E,10681,,12,14,1680.0,2344,6,0,0,0,0
8820.1,8850.1,RM_C10490,ramp,FW_E,10490,,21,3,360.0,1492,0,0,0,0,0
8820.1,8850.1,RM_C10484,ramp,FW_E,10484,,23,3,360.0,995,8,0,0,0,0
8820.1,8850.1,OR_D_E_signal,offramp,FW_E,10481,18,,1,120.0,643,1,0,0,0,0
8820.1,8850.1,OR_D_E_direct,offramp,FW_E,10483,20,,4,480.0,2518,2,0,0,0,0
8820.1,8850.1,OR_D_W_signal,offramp,FW_W,10491,9,,2,240.0,2174,1,0,0,0,0
8820.1,8850.1,OR_D_W_direct,offramp,FW_W,10479,7,,5,600.0,1987,3,0,0,0,0
8820.1,8850.1,OR_F_E_signal,offramp,FW_E,10643,9,,1,120.0,1422,11,0,0,0,0
8820.1,8850.1,OR_F_E_direct,offramp,FW_E,10682,11,,12,1440.0,2823,6,0,0,0,0
8820.1,8850.1,OR_F_W_signal,offramp,FW_W,10638,19,,9,1080.0,1599,4,0,0,0,3
8820.1,8850.1,OR_F_W_direct,offramp,FW_W,10645,16,,10,1200.0,2543,8,0,0,0,0
8820.1,8850.1,source_1098,source,FW_E,,,0,49,5880.0,17262,,0,49,0,0
8820.1,8850.1,source_1099,source,FW_W,,,0,30,3600.0,10397,,0,30,0,0
8850.1,8880.1,RM_C10480,ramp,FW_W,10480,,8,5,600.0,363,0,0,0,0,4
8850.1,8880.1,RM_C10482,ramp,FW_W,10482,,10,15,1800.0,3923,19,0,0,0,0
8850.1,8880.1,RM_C10646,ramp,FW_W,10646,,18,8,960.0,754,0,0,0,0,2
8850.1,8880.1,RM_C10644,ramp,FW_W,10644,,22,2,240.0,926,2,0,0,0,0
8850.1,8880.1,RM_C10639,ramp,FW_E,10639,,10,0,0.0,865,7,0,0,0,0
8850.1,8880.1,RM_C10681,ramp,FW_E,10681,,12,6,720.0,2350,5,0,0,0,0
8850.1,8880.1,RM_C10490,ramp,FW_E,10490,,21,0,0.0,1492,7,0,0,0,0
8850.1,8880.1,RM_C10484,ramp,FW_E,10484,,23,7,840.0,1002,1,0,0,0,0
8850.1,8880.1,OR_D_E_signal,offramp,FW_E,10481,18,,0,0.0,643,0,0,0,0,0
8850.1,8880.1,OR_D_E_direct,offramp,FW_E,10483,20,,4,480.0,2522,1,0,0,0,0
8850.1,8880.1,OR_D_W_signal,offramp,FW_W,10491,9,,15,1800.0,2189,4,0,0,0,4
8850.1,8880.1,OR_D_W_direct,offramp,FW_W,10479,7,,5,600.0,1992,1,0,0,0,0
8850.1,8880.1,OR_F_E_signal,offramp,FW_E,10643,9,,2,240.0,1424,5,0,0,0,0
8850.1,8880.1,OR_F_E_direct,offramp,FW_E,10682,11,,8,960.0,2831,6,0,0,0,0
8850.1,8880.1,OR_F_W_signal,offramp,FW_W,10638,19,,8,960.0,1607,3,0,0,0,2
8850.1,8880.1,OR_F_W_direct,offramp,FW_W,10645,16,,9,1080.0,2552,6,0,0,0,0
8850.1,8880.1,source_1098,source,FW_E,,,0,42,5040.0,17304,,0,42,0,0
8850.1,8880.1,source_1099,source,FW_W,,,0,25,3000.0,10422,,0,25,0,0
8880.1,8910.1,RM_C10480,ramp,FW_W,10480,,8,0,0.0,363,0,0,0,0,0
8880.1,8910.1,RM_C10482,ramp,FW_W,10482,,10,11,1320.0,3934,14,0,0,0,0
8880.1,8910.1,RM_C10646,ramp,FW_W,10646,,18,1,120.0,755,0,0,0,0,1
8880.1,8910.1,RM_C10644,ramp,FW_W,10644,,22,2,240.0,928,1,0,0,0,0
8880.1,8910.1,RM_C10639,ramp,FW_E,10639,,10,7,840.0,872,0,0,0,0,0
8880.1,8910.1,RM_C10681,ramp,FW_E,10681,,12,3,360.0,2353,4,0,0,0,0
8880.1,8910.1,RM_C10490,ramp,FW_E,10490,,21,7,840.0,1499,6,0,0,0,0
8880.1,8910.1,RM_C10484,ramp,FW_E,10484,,23,1,120.0,1003,3,0,0,0,0
8880.1,8910.1,OR_D_E_signal,offramp,FW_E,10481,18,,0,0.0,643,0,0,0,0,0
8880.1,8910.1,OR_D_E_direct,offramp,FW_E,10483,20,,8,960.0,2530,3,0,0,0,0
8880.1,8910.1,OR_D_W_signal,offramp,FW_W,10491,9,,8,960.0,2197,3,0,0,0,0
8880.1,8910.1,OR_D_W_direct,offramp,FW_W,10479,7,,7,840.0,1999,1,0,0,0,0
8880.1,8910.1,OR_F_E_signal,offramp,FW_E,10643,9,,3,360.0,1427,6,0,0,0,0
8880.1,8910.1,OR_F_E_direct,offramp,FW_E,10682,11,,9,1080.0,2840,2,0,0,0,0
8880.1,8910.1,OR_F_W_signal,offramp,FW_W,10638,19,,6,720.0,1613,1,0,0,0,1
8880.1,8910.1,OR_F_W_direct,offramp,FW_W,10645,16,,5,600.0,2557,1,0,0,0,0
8880.1,8910.1,source_1098,source,FW_E,,,0,45,5400.0,17349,,0,45,0,0
8880.1,8910.1,source_1099,source,FW_W,,,0,28,3360.0,10450,,0,28,0,0
8910.1,8940.1,RM_C10480,ramp,FW_W,10480,,8,0,0.0,363,0,0,0,0,0
8910.1,8940.1,RM_C10482,ramp,FW_W,10482,,10,12,1440.0,3946,8,0,0,0,0
8910.1,8940.1,RM_C10646,ramp,FW_W,10646,,18,0,0.0,755,0,0,0,0,0
8910.1,8940.1,RM_C10644,ramp,FW_W,10644,,22,0,0.0,928,5,0,0,0,0
8910.1,8940.1,RM_C10639,ramp,FW_E,10639,,10,0,0.0,872,3,0,0,0,0
8910.1,8940.1,RM_C10681,ramp,FW_E,10681,,12,4,480.0,2357,8,0,0,0,0
8910.1,8940.1,RM_C10490,ramp,FW_E,10490,,21,6,720.0,1505,2,0,0,0,0
8910.1,8940.1,RM_C10484,ramp,FW_E,10484,,23,0,0.0,1003,8,0,0,0,0
8910.1,8940.1,OR_D_E_signal,offramp,FW_E,10481,18,,1,120.0,644,1,0,0,0,0
8910.1,8940.1,OR_D_E_direct,offramp,FW_E,10483,20,,10,1200.0,2540,6,0,0,0,0
8910.1,8940.1,OR_D_W_signal,offramp,FW_W,10491,9,,10,1200.0,2207,5,0,0,0,0
8910.1,8940.1,OR_D_W_direct,offramp,FW_W,10479,7,,9,1080.0,2008,4,0,0,0,0
8910.1,8940.1,OR_F_E_signal,offramp,FW_E,10643,9,,4,480.0,1431,8,0,0,0,0
8910.1,8940.1,OR_F_E_direct,offramp,FW_E,10682,11,,7,840.0,2847,1,0,0,0,0
8910.1,8940.1,OR_F_W_signal,offramp,FW_W,10638,19,,1,120.0,1614,1,0,0,0,0
8910.1,8940.1,OR_F_W_direct,offramp,FW_W,10645,16,,8,960.0,2565,4,0,0,0,0
8910.1,8940.1,source_1098,source,FW_E,,,0,40,4800.0,17389,,0,40,0,0
8910.1,8940.1,source_1099,source,FW_W,,,0,28,3360.0,10478,,0,28,0,0
8940.1,8970.1,RM_C10480,ramp,FW_W,10480,,8,1,120.0,364,0,0,0,0,1
8940.1,8970.1,RM_C10482,ramp,FW_W,10482,,10,6,720.0,3952,16,0,0,0,0
8940.1,8970.1,RM_C10646,ramp,FW_W,10646,,18,0,0.0,755,4,0,0,0,0
8940.1,8970.1,RM_C10644,ramp,FW_W,10644,,22,0,0.0,928,5,0,0,0,0
8940.1,8970.1,RM_C10639,ramp,FW_E,10639,,10,3,360.0,875,3,0,0,0,0
8940.1,8970.1,RM_C10681,ramp,FW_E,10681,,12,4,480.0,2361,24,0,0,0,0
8940.1,8970.1,RM_C10490,ramp,FW_E,10490,,21,2,240.0,1507,3,0,0,0,0
8940.1,8970.1,RM_C10484,ramp,FW_E,10484,,23,7,840.0,1010,3,0,0,0,0
8940.1,8970.1,OR_D_E_signal,offramp,FW_E,10481,18,,2,240.0,646,1,0,0,0,0
8940.1,8970.1,OR_D_E_direct,offramp,FW_E,10483,20,,6,720.0,2546,1,0,0,0,0
8940.1,8970.1,OR_D_W_signal,offramp,FW_W,10491,9,,12,1440.0,2219,4,0,0,0,1
8940.1,8970.1,OR_D_W_direct,offramp,FW_W,10479,7,,3,360.0,2011,0,0,0,0,0
8940.1,8970.1,OR_F_E_signal,offramp,FW_E,10643,9,,6,720.0,1437,10,0,0,0,0
8940.1,8970.1,OR_F_E_direct,offramp,FW_E,10682,11,,8,960.0,2855,2,0,0,0,0
8940.1,8970.1,OR_F_W_signal,offramp,FW_W,10638,19,,7,840.0,1621,3,0,0,0,0
8940.1,8970.1,OR_F_W_direct,offramp,FW_W,10645,16,,11,1320.0,2576,8,0,0,0,0
8940.1,8970.1,source_1098,source,FW_E,,,0,48,5760.0,17437,,0,48,0,0
8940.1,8970.1,source_1099,source,FW_W,,,0,12,1440.0,10490,,0,12,0,0
