run,link,sim_sec,count,stopped_count,mean_speed_kph
FixedGreen,10481,900,5.0,0.0,119.029284
FixedGreen,10481,930,2.0,0.0,123.625326
FixedGreen,10481,960,10.0,0.0,116.78911
FixedGreen,10481,990,0,0,0
FixedGreen,10481,1020,5.0,0.0,113.693818
FixedGreen,10481,1050,1.0,0.0,136.123749
FixedGreen,10481,1080,3.0,0.0,110.11838
FixedGreen,10481,1110,3.0,0.0,124.977379
FixedGreen,10481,1140,0,0,0
FixedGreen,10481,1170,0,0,0
FixedGreen,10481,1200,3.0,0.0,115.520055
FixedGreen,10481,1230,1.0,0.0,125.37747
FixedGreen,10481,1260,6.0,0.0,117.910358
FixedGreen,10481,1290,4.0,0.0,116.448749
FixedGreen,10481,1320,2.0,0.0,112.217254
FixedGreen,10481,1350,8.0,0.0,108.926893
FixedGreen,10481,1380,5.0,0.0,119.430724
FixedGreen,10481,1410,3.0,0.0,116.552275
FixedGreen,10481,1440,3.0,0.0,124.452638
FixedGreen,10481,1470,5.0,0.0,116.284407
FixedGreen,10481,1500,2.0,0.0,105.637656
FixedGreen,10481,1530,5.0,0.0,117.386264
FixedGreen,10481,1560,5.0,0.0,113.032515
FixedGreen,10481,1590,1.0,0.0,119.53926
FixedGreen,10481,1620,6.0,0.0,111.644473
FixedGreen,10481,1650,3.0,0.0,127.066293
FixedGreen,10481,1680,1.0,0.0,132.251538
FixedGreen,10481,1710,2.0,0.0,128.813947
FixedGreen,10481,1740,4.0,0.0,118.124305
FixedGreen,10481,1770,5.0,0.0,115.248388
FixedGreen,10481,1800,2.0,0.0,118.431467
FixedGreen,10481,1830,2.0,0.0,121.444274
FixedGreen,10481,1860,3.0,0.0,118.043191
FixedGreen,10481,1890,2.0,0.0,132.767797
FixedGreen,10481,1920,2.0,0.0,100.986256
FixedGreen,10481,1950,10.0,0.0,117.1117
FixedGreen,10481,1980,4.0,0.0,119.746851
FixedGreen,10481,2010,9.0,0.0,122.166676
FixedGreen,10481,2040,0,0,0
FixedGreen,10481,2070,1.0,0.0,106.773045
FixedGreen,10481,2100,2.0,0.0,113.063411
FixedGreen,10481,2130,2.0,0.0,116.701652
FixedGreen,10481,2160,1.0,0.0,134.309713
FixedGreen,10481,2190,1.0,0.0,118.013812
FixedGreen,10481,2220,2.0,0.0,136.295295
FixedGreen,10481,2250,2.0,0.0,115.457761
FixedGreen,10481,2280,1.0,0.0,92.473061
FixedGreen,10481,2310,2.0,0.0,111.392212
FixedGreen,10481,2340,2.0,0.0,115.494715
FixedGreen,10481,2370,2.0,0.0,115.976508
FixedGreen,10481,2400,3.0,0.0,120.439083
FixedGreen,10481,2430,0,0,0
FixedGreen,10481,2460,5.0,0.0,111.464896
FixedGreen,10481,2490,2.0,0.0,114.294759
FixedGreen,10481,2520,1.0,0.0,121.148402
FixedGreen,10481,2550,5.0,0.0,114.547543
FixedGreen,10481,2580,3.0,0.0,120.886214
FixedGreen,10481,2610,1.0,0.0,137.978138
FixedGreen,10481,2640,5.0,0.0,121.152459
FixedGreen,10481,2670,2.0,0.0,123.306196
FixedGreen,10481,2700,1.0,0.0,112.677842
FixedGreen,10481,2730,2.0,0.0,103.181187
FixedGreen,10481,2760,1.0,0.0,126.480934
FixedGreen,10481,2790,2.0,0.0,101.902171
FixedGreen,10481,2820,1.0,0.0,107.899805
FixedGreen,10481,2850,5.0,0.0,111.390061
FixedGreen,10481,2880,0,0,0
FixedGreen,10481,2910,2.0,0.0,119.633457
FixedGreen,10481,2940,2.0,0.0,119.363862
FixedGreen,10481,2970,2.0,0.0,109.713292
FixedGreen,10481,3000,3.0,0.0,117.700225
FixedGreen,10481,3030,4.0,0.0,123.960708
FixedGreen,10481,3060,1.0,0.0,123.65686
FixedGreen,10481,3090,2.0,0.0,115.443842
FixedGreen,10481,3120,2.0,0.0,120.381059
FixedGreen,10481,3150,0,0,0
FixedGreen,10481,3180,1.0,0.0,108.809105
FixedGreen,10481,3210,0,0,0
FixedGreen,10481,3240,1.0,0.0,117.011383
FixedGreen,10481,3270,1.0,0.0,121.104405
FixedGreen,10481,3300,0,0,0
FixedGreen,10481,3330,2.0,0.0,116.18979
FixedGreen,10481,3360,2.0,0.0,114.850717
FixedGreen,10481,3390,1.0,0.0,122.154076
FixedGreen,10481,3420,0,0,0
FixedGreen,10481,3450,4.0,0.0,111.349331
FixedGreen,10481,3480,6.0,0.0,105.254368
FixedGreen,10481,3510,1.0,0.0,119.070865
FixedGreen,10481,3540,4.0,0.0,113.595437
FixedGreen,10481,3570,2.0,0.0,113.676025
FixedGreen,10481,3600,5.0,0.0,119.487901
FixedGreen,10481,3630,3.0,0.0,119.210931
FixedGreen,10481,3660,7.0,0.0,109.710416
FixedGreen,10481,3690,1.0,0.0,124.878037
FixedGreen,10481,3720,2.0,0.0,109.992116
FixedGreen,10481,3750,7.0,0.0,110.401615
FixedGreen,10481,3780,5.0,0.0,119.767836
FixedGreen,10481,3810,0,0,0
FixedGreen,10481,3840,0,0,0
FixedGreen,10481,3870,0,0,0
FixedGreen,10481,3900,0,0,0
FixedGreen,10481,3930,1.0,0.0,112.383241
FixedGreen,10481,3960,1.0,0.0,116.020888
FixedGreen,10481,3990,3.0,0.0,119.866038
FixedGreen,10481,4020,5.0,0.0,128.447574
FixedGreen,10481,4050,3.0,0.0,112.776806
FixedGreen,10481,4080,1.0,0.0,117.337178
FixedGreen,10481,4110,0,0,0
FixedGreen,10481,4140,1.0,0.0,122.274696
FixedGreen,10481,4170,1.0,0.0,119.857951
FixedGreen,10481,4200,1.0,0.0,138.909222
FixedGreen,10481,4230,4.0,0.0,116.609276
FixedGreen,10481,4260,2.0,0.0,113.490986
FixedGreen,10481,4290,4.0,0.0,123.507739
FixedGreen,10481,4320,1.0,0.0,97.771755
FixedGreen,10481,4350,7.0,0.0,117.463238
FixedGreen,10481,4380,1.0,0.0,87.284337
FixedGreen,10481,4410,1.0,0.0,113.084889
FixedGreen,10481,4440,2.0,0.0,114.73857
FixedGreen,10481,4470,3.0,0.0,130.836147
FixedGreen,10481,4500,2.0,0.0,102.762217
FixedGreen,10481,4530,0,0,0
FixedGreen,10481,4560,0,0,0
FixedGreen,10481,4590,0,0,0
FixedGreen,10481,4620,0,0,0
FixedGreen,10481,4650,0,0,0
FixedGreen,10481,4680,1.0,0.0,119.839639
FixedGreen,10481,4710,3.0,0.0,110.80117
FixedGreen,10481,4740,0,0,0
FixedGreen,10481,4770,1.0,0.0,132.058829
FixedGreen,10481,4800,3.0,0.0,127.116534
FixedGreen,10481,4830,5.0,0.0,115.585031
FixedGreen,10481,4860,3.0,0.0,113.180861
FixedGreen,10481,4890,1.0,0.0,112.040366
FixedGreen,10481,4920,2.0,0.0,115.790752
FixedGreen,10481,4950,2.0,0.0,115.517435
FixedGreen,10481,4980,2.0,0.0,133.368335
FixedGreen,10481,5010,3.0,0.0,109.056246
FixedGreen,10481,5040,4.0,0.0,109.614416
FixedGreen,10481,5070,1.0,0.0,130.051537
FixedGreen,10481,5100,3.0,0.0,115.668308
FixedGreen,10481,5130,1.0,0.0,125.119923
FixedGreen,10481,5160,0,0,0
FixedGreen,10481,5190,4.0,0.0,109.834082
FixedGreen,10481,5220,3.0,0.0,115.071263
FixedGreen,10481,5250,5.0,0.0,119.063811
FixedGreen,10481,5280,2.0,0.0,118.025919
FixedGreen,10481,5310,0,0,0
FixedGreen,10481,5340,3.0,0.0,132.278974
FixedGreen,10481,5370,2.0,0.0,114.620538
FixedGreen,10481,5400,5.0,0.0,107.689125
FixedGreen,127,900,82.0,34.0,21.248102
FixedGreen,127,930,98.0,72.0,7.124107
FixedGreen,127,960,94.0,78.0,3.737282
FixedGreen,127,990,89.0,60.0,11.690772
FixedGreen,127,1020,77.0,24.0,17.495131
FixedGreen,127,1050,76.0,28.0,17.149104
FixedGreen,127,1080,85.0,63.0,5.10595
FixedGreen,127,1110,87.0,71.0,4.636013
FixedGreen,127,1140,69.0,33.0,15.59764
FixedGreen,127,1170,61.0,12.0,32.271881
FixedGreen,127,1200,53.0,24.0,20.627881
FixedGreen,127,1230,71.0,55.0,8.156073
FixedGreen,127,1260,73.0,54.0,10.067711
FixedGreen,127,1290,63.0,22.0,18.722191
FixedGreen,127,1320,51.0,10.0,26.878661
FixedGreen,127,1350,52.0,24.0,27.247366
FixedGreen,127,1380,76.0,57.0,11.633811
FixedGreen,127,1410,89.0,65.0,8.459685
FixedGreen,127,1440,74.0,36.0,13.79024
FixedGreen,127,1470,61.0,10.0,25.097386
FixedGreen,127,1500,62.0,26.0,17.060374
FixedGreen,127,1530,74.0,57.0,9.114285
FixedGreen,127,1560,86.0,64.0,11.523493
FixedGreen,127,1590,75.0,42.0,17.001655
FixedGreen,127,1620,60.0,8.0,25.810969
FixedGreen,127,1650,57.0,27.0,12.16549
FixedGreen,127,1680,70.0,57.0,10.243688
FixedGreen,127,1710,81.0,55.0,15.948247
FixedGreen,127,1740,61.0,22.0,16.11969
FixedGreen,127,1770,56.0,7.0,32.423297
FixedGreen,127,1800,49.0,27.0,11.547625
FixedGreen,127,1830,63.0,46.0,12.211856
FixedGreen,127,1860,71.0,47.0,17.152841
FixedGreen,127,1890,56.0,18.0,18.908887
FixedGreen,127,1920,47.0,12.0,37.940415
FixedGreen,127,1950,41.0,21.0,15.886789
FixedGreen,127,1980,66.0,50.0,15.828066
FixedGreen,127,2010,74.0,54.0,10.213141
FixedGreen,127,2040,52.0,28.0,14.263261
FixedGreen,127,2070,38.0,1.0,36.294996
FixedGreen,127,2100,31.0,16.0,25.995306
FixedGreen,127,2130,41.0,30.0,12.087127
FixedGreen,127,2160,41.0,24.0,14.16711
FixedGreen,127,2190,24.0,5.0,41.394436
FixedGreen,127,2220,10.0,1.0,68.158542
FixedGreen,127,2250,18.0,3.0,43.30129
FixedGreen,127,2280,34.0,11.0,38.090239
FixedGreen,127,2310,38.0,18.0,20.570983
FixedGreen,127,2340,26.0,1.0,56.615566
FixedGreen,127,2370,17.0,1.0,57.499435
FixedGreen,127,2400,20.0,3.0,46.211596
FixedGreen,127,2430,40.0,22.0,30.035136
FixedGreen,127,2460,42.0,21.0,13.335258
FixedGreen,127,2490,25.0,1.0,43.534853
FixedGreen,127,2520,11.0,2.0,56.427269
FixedGreen,127,2550,21.0,3.0,52.309195
FixedGreen,127,2580,44.0,15.0,38.528064
FixedGreen,127,2610,52.0,26.0,21.594168
FixedGreen,127,2640,29.0,4.0,31.756613
FixedGreen,127,2670,14.0,3.0,45.568849
FixedGreen,127,2700,18.0,4.0,51.858739
FixedGreen,127,2730,34.0,16.0,34.15821
FixedGreen,127,2760,50.0,15.0,31.079975
FixedGreen,127,2790,34.0,3.0,33.451882
FixedGreen,127,2820,12.0,3.0,43.209218
FixedGreen,127,2850,13.0,2.0,74.435447
FixedGreen,127,2880,29.0,17.0,33.851231
FixedGreen,127,2910,39.0,13.0,34.061428
FixedGreen,127,2940,18.0,2.0,41.177799
FixedGreen,127,2970,19.0,1.0,65.797856
FixedGreen,127,3000,15.0,3.0,47.932087
FixedGreen,127,3030,31.0,17.0,32.437249
FixedGreen,127,3060,45.0,16.0,25.525728
FixedGreen,127,3090,30.0,5.0,30.322059
FixedGreen,127,3120,17.0,3.0,43.051922
FixedGreen,127,3150,18.0,5.0,33.115805
FixedGreen,127,3180,34.0,14.0,40.586307
FixedGreen,127,3210,31.0,19.0,9.084755
FixedGreen,127,3240,15.0,3.0,46.745728
FixedGreen,127,3270,10.0,2.0,57.931928
FixedGreen,127,3300,21.0,4.0,55.414659
FixedGreen,127,3330,32.0,20.0,20.913042
FixedGreen,127,3360,35.0,15.0,21.88979
FixedGreen,127,3390,27.0,3.0,52.833494
FixedGreen,127,3420,14.0,2.0,49.23738
FixedGreen,127,3450,17.0,4.0,63.178727
FixedGreen,127,3480,35.0,17.0,25.175638
FixedGreen,127,3510,44.0,9.0,34.028146
FixedGreen,127,3540,30.0,7.0,36.498526
FixedGreen,127,3570,16.0,6.0,47.647495
FixedGreen,127,3600,22.0,5.0,49.424419
FixedGreen,127,3630,38.0,22.0,22.630997
FixedGreen,127,3660,43.0,22.0,20.129807
FixedGreen,127,3690,37.0,2.0,50.814073
FixedGreen,127,3720,17.0,4.0,44.526054
FixedGreen,127,3750,17.0,5.0,43.395463
FixedGreen,127,3780,29.0,20.0,15.083709
FixedGreen,127,3810,36.0,15.0,20.143841
FixedGreen,127,3840,20.0,4.0,54.018805
FixedGreen,127,3870,17.0,3.0,63.371226
FixedGreen,127,3900,6.0,4.0,14.458422
FixedGreen,127,3930,17.0,5.0,52.922077
FixedGreen,127,3960,19.0,5.0,47.316302
FixedGreen,127,3990,8.0,1.0,75.437409
FixedGreen,127,4020,22.0,1.0,86.183941
FixedGreen,127,4050,17.0,8.0,18.215375
FixedGreen,127,4080,31.0,20.0,28.487061
FixedGreen,127,4110,32.0,13.0,22.272485
FixedGreen,127,4140,17.0,3.0,62.496691
FixedGreen,127,4170,20.0,1.0,73.074423
FixedGreen,127,4200,18.0,5.0,29.92354
FixedGreen,127,4230,32.0,17.0,34.183065
FixedGreen,127,4260,32.0,17.0,11.323894
FixedGreen,127,4290,19.0,4.0,69.103733
FixedGreen,127,4320,14.0,1.0,65.960627
FixedGreen,127,4350,16.0,2.0,75.907816
FixedGreen,127,4380,30.0,22.0,19.734422
FixedGreen,127,4410,26.0,14.0,20.919578
FixedGreen,127,4440,16.0,1.0,79.011903
FixedGreen,127,4470,17.0,1.0,84.621532
FixedGreen,127,4500,19.0,4.0,51.43066
FixedGreen,127,4530,25.0,19.0,15.459563
FixedGreen,127,4560,28.0,8.0,22.145673
FixedGreen,127,4590,18.0,1.0,55.282575
FixedGreen,127,4620,12.0,2.0,21.916264
FixedGreen,127,4650,13.0,3.0,71.293112
FixedGreen,127,4680,18.0,15.0,13.048993
FixedGreen,127,4710,19.0,6.0,37.669934
FixedGreen,127,4740,10.0,1.0,75.429349
FixedGreen,127,4770,15.0,1.0,82.006523
FixedGreen,127,4800,15.0,4.0,36.31384
FixedGreen,127,4830,29.0,15.0,21.551715
FixedGreen,127,4860,36.0,12.0,32.42446
FixedGreen,127,4890,21.0,5.0,55.434935
FixedGreen,127,4920,10.0,1.0,62.867313
FixedGreen,127,4950,20.0,2.0,66.188321
FixedGreen,127,4980,25.0,22.0,3.486004
FixedGreen,127,5010,28.0,10.0,28.273127
FixedGreen,127,5040,12.0,2.0,48.932992
FixedGreen,127,5070,18.0,1.0,76.844269
FixedGreen,127,5100,25.0,5.0,54.376988
FixedGreen,127,5130,35.0,25.0,12.70139
FixedGreen,127,5160,44.0,17.0,28.433521
FixedGreen,127,5190,25.0,2.0,36.599834
FixedGreen,127,5220,18.0,3.0,56.652694
FixedGreen,127,5250,20.0,7.0,42.991142
FixedGreen,127,5280,36.0,22.0,20.012369
FixedGreen,127,5310,41.0,23.0,22.532791
FixedGreen,127,5340,27.0,3.0,54.687273
FixedGreen,127,5370,14.0,2.0,37.014749
FixedGreen,127,5400,21.0,2.0,71.30065
FixedGreen,10682,900,9.0,0.0,31.748926
FixedGreen,10682,930,15.0,2.0,17.625892
FixedGreen,10682,960,22.0,5.0,5.591693
FixedGreen,10682,990,20.0,3.0,8.652145
FixedGreen,10682,1020,20.0,1.0,9.163208
FixedGreen,10682,1050,22.0,4.0,9.066807
FixedGreen,10682,1080,23.0,3.0,10.300609
FixedGreen,10682,1110,22.0,5.0,9.875289
FixedGreen,10682,1140,17.0,3.0,14.043516
FixedGreen,10682,1170,16.0,1.0,17.504816
FixedGreen,10682,1200,19.0,3.0,12.480485
FixedGreen,10682,1230,18.0,2.0,10.842568
FixedGreen,10682,1260,18.0,1.0,10.947258
FixedGreen,10682,1290,16.0,5.0,17.611773
FixedGreen,10682,1320,20.0,8.0,8.61463
FixedGreen,10682,1350,20.0,5.0,10.279413
FixedGreen,10682,1380,18.0,4.0,9.05953
FixedGreen,10682,1410,18.0,6.0,8.864386
FixedGreen,10682,1440,17.0,1.0,11.626368
FixedGreen,10682,1470,21.0,4.0,8.94217
FixedGreen,10682,1500,20.0,3.0,8.724568
FixedGreen,10682,1530,22.0,9.0,6.62132
FixedGreen,10682,1560,25.0,6.0,5.789407
FixedGreen,10682,1590,22.0,7.0,6.735698
FixedGreen,10682,1620,20.0,5.0,7.833345
FixedGreen,10682,1650,20.0,3.0,9.366943
FixedGreen,10682,1680,20.0,3.0,8.332331
FixedGreen,10682,1710,21.0,5.0,7.781611
FixedGreen,10682,1740,23.0,4.0,7.630192
FixedGreen,10682,1770,21.0,5.0,9.365311
FixedGreen,10682,1800,22.0,6.0,5.66637
FixedGreen,10682,1830,22.0,5.0,8.546864
FixedGreen,10682,1860,21.0,5.0,8.268141
FixedGreen,10682,1890,23.0,6.0,7.288797
FixedGreen,10682,1920,23.0,10.0,7.882559
FixedGreen,10682,1950,24.0,6.0,7.468769
FixedGreen,10682,1980,23.0,6.0,7.712738
FixedGreen,10682,2010,23.0,2.0,9.506631
FixedGreen,10682,2040,22.0,8.0,7.946808
FixedGreen,10682,2070,20.0,7.0,7.285414
FixedGreen,10682,2100,22.0,11.0,4.71705
FixedGreen,10682,2130,20.0,4.0,7.390359
FixedGreen,10682,2160,21.0,4.0,8.473291
FixedGreen,10682,2190,24.0,8.0,5.901298
FixedGreen,10682,2220,23.0,7.0,7.322983
FixedGreen,10682,2250,24.0,5.0,7.57608
FixedGreen,10682,2280,24.0,5.0,7.786603
FixedGreen,10682,2310,26.0,10.0,6.485349
FixedGreen,10682,2340,26.0,11.0,5.581164
FixedGreen,10682,2370,24.0,8.0,6.75459
FixedGreen,10682,2400,23.0,4.0,7.70407
FixedGreen,10682,2430,22.0,7.0,7.391808
FixedGreen,10682,2460,23.0,8.0,6.914411
FixedGreen,10682,2490,21.0,3.0,8.917845
FixedGreen,10682,2520,22.0,4.0,8.449844
FixedGreen,10682,2550,20.0,8.0,6.390685
FixedGreen,10682,2580,20.0,5.0,8.862541
FixedGreen,10682,2610,19.0,2.0,10.337072
FixedGreen,10682,2640,22.0,6.0,6.099305
FixedGreen,10682,2670,22.0,8.0,6.407947
FixedGreen,10682,2700,20.0,4.0,10.208797
FixedGreen,10682,2730,20.0,5.0,8.620586
FixedGreen,10682,2760,20.0,6.0,7.988086
FixedGreen,10682,2790,20.0,8.0,5.960271
FixedGreen,10682,2820,21.0,5.0,9.077645
FixedGreen,10682,2850,21.0,4.0,8.581645
FixedGreen,10682,2880,22.0,4.0,9.844597
FixedGreen,10682,2910,23.0,6.0,8.471516
FixedGreen,10682,2940,24.0,10.0,6.373211
FixedGreen,10682,2970,23.0,6.0,7.977913
FixedGreen,10682,3000,23.0,10.0,7.793344
FixedGreen,10682,3030,21.0,5.0,8.13627
FixedGreen,10682,3060,20.0,6.0,7.829791
FixedGreen,10682,3090,22.0,4.0,6.896906
FixedGreen,10682,3120,23.0,6.0,7.887095
FixedGreen,10682,3150,20.0,1.0,10.215416
FixedGreen,10682,3180,22.0,6.0,7.34063
FixedGreen,10682,3210,25.0,9.0,6.717567
FixedGreen,10682,3240,23.0,6.0,7.522783
FixedGreen,10682,3270,22.0,3.0,8.440644
FixedGreen,10682,3300,21.0,0.0,8.930327
FixedGreen,10682,3330,21.0,5.0,8.661854
FixedGreen,10682,3360,22.0,4.0,7.248169
FixedGreen,10682,3390,22.0,8.0,7.920559
FixedGreen,10682,3420,20.0,3.0,7.627397
FixedGreen,10682,3450,21.0,4.0,8.261824
FixedGreen,10682,3480,20.0,4.0,8.531366
FixedGreen,10682,3510,20.0,6.0,8.947201
FixedGreen,10682,3540,19.0,3.0,9.893813
FixedGreen,10682,3570,21.0,4.0,9.513521
FixedGreen,10682,3600,20.0,3.0,9.421766
FixedGreen,10682,3630,21.0,5.0,9.18572
FixedGreen,10682,3660,21.0,5.0,8.608926
FixedGreen,10682,3690,25.0,7.0,5.390785
FixedGreen,10682,3720,22.0,7.0,7.730672
FixedGreen,10682,3750,22.0,4.0,8.074693
FixedGreen,10682,3780,23.0,4.0,7.604762
FixedGreen,10682,3810,22.0,4.0,6.379056
FixedGreen,10682,3840,22.0,2.0,7.580843
FixedGreen,10682,3870,22.0,4.0,6.848798
FixedGreen,10682,3900,21.0,7.0,6.606176
FixedGreen,10682,3930,20.0,3.0,9.670406
FixedGreen,10682,3960,22.0,5.0,9.630756
FixedGreen,10682,3990,25.0,8.0,6.539209
FixedGreen,10682,4020,21.0,5.0,8.174929
FixedGreen,10682,4050,20.0,5.0,9.890375
FixedGreen,10682,4080,22.0,7.0,6.796771
FixedGreen,10682,4110,22.0,6.0,8.516244
FixedGreen,10682,4140,20.0,6.0,11.129354
FixedGreen,10682,4170,21.0,4.0,8.196893
FixedGreen,10682,4200,20.0,3.0,9.946547
FixedGreen,10682,4230,24.0,6.0,7.488471
FixedGreen,10682,4260,23.0,8.0,7.101216
FixedGreen,10682,4290,23.0,7.0,8.359106
FixedGreen,10682,4320,23.0,7.0,8.648166
FixedGreen,10682,4350,24.0,10.0,6.843087
FixedGreen,10682,4380,23.0,8.0,6.306034
FixedGreen,10682,4410,24.0,5.0,7.438435
FixedGreen,10682,4440,25.0,4.0,9.287693
FixedGreen,10682,4470,24.0,9.0,5.559722
FixedGreen,10682,4500,23.0,8.0,7.149822
FixedGreen,10682,4530,23.0,7.0,7.054159
FixedGreen,10682,4560,23.0,8.0,6.81004
FixedGreen,10682,4590,21.0,7.0,7.047905
FixedGreen,10682,4620,22.0,4.0,8.207223
FixedGreen,10682,4650,22.0,8.0,7.904458
FixedGreen,10682,4680,23.0,5.0,8.09011
FixedGreen,10682,4710,23.0,7.0,8.140445
FixedGreen,10682,4740,19.0,6.0,11.216372
FixedGreen,10682,4770,16.0,0.0,15.55774
FixedGreen,10682,4800,16.0,2.0,12.477019
FixedGreen,10682,4830,12.0,2.0,21.943786
FixedGreen,10682,4860,11.0,0.0,32.070254
FixedGreen,10682,4890,5.0,0.0,43.295336
FixedGreen,10682,4920,7.0,0.0,49.292428
FixedGreen,10682,4950,11.0,4.0,18.684647
FixedGreen,10682,4980,16.0,2.0,19.485622
FixedGreen,10682,5010,17.0,1.0,14.799108
FixedGreen,10682,5040,10.0,0.0,25.858017
FixedGreen,10682,5070,11.0,0.0,22.423683
FixedGreen,10682,5100,16.0,0.0,14.57551
FixedGreen,10682,5130,15.0,2.0,17.696155
FixedGreen,10682,5160,12.0,0.0,23.797745
FixedGreen,10682,5190,9.0,0.0,29.861497
FixedGreen,10682,5220,12.0,0.0,14.895472
FixedGreen,10682,5250,15.0,1.0,15.627119
FixedGreen,10682,5280,18.0,4.0,12.564809
FixedGreen,10682,5310,23.0,6.0,9.024912
FixedGreen,10682,5340,23.0,7.0,7.648127
FixedGreen,10682,5370,22.0,5.0,9.861342
FixedGreen,10682,5400,22.0,3.0,8.646512
FixedGreen,68,900,1.0,0.0,25.816068
FixedGreen,68,930,8.0,0.0,34.984568
FixedGreen,68,960,0,0,0
FixedGreen,68,990,8.0,0.0,37.881479
FixedGreen,68,1020,4.0,0.0,57.233195
FixedGreen,68,1050,0,0,0
FixedGreen,68,1080,6.0,0.0,42.585493
FixedGreen,68,1110,3.0,0.0,63.729235
FixedGreen,68,1140,8.0,0.0,31.063849
FixedGreen,68,1170,2.0,0.0,40.112905
FixedGreen,68,1200,0,0,0
FixedGreen,68,1230,6.0,0.0,45.975421
FixedGreen,68,1260,2.0,0.0,65.086448
FixedGreen,68,1290,9.0,0.0,20.636547
FixedGreen,68,1320,4.0,0.0,38.567809
FixedGreen,68,1350,0,0,0
FixedGreen,68,1380,4.0,0.0,35.162368
FixedGreen,68,1410,2.0,0.0,72.032499
FixedGreen,68,1440,10.0,0.0,19.365169
FixedGreen,68,1470,3.0,0.0,72.620398
FixedGreen,68,1500,3.0,0.0,38.86031
FixedGreen,68,1530,11.0,0.0,37.909505
FixedGreen,68,1560,2.0,0.0,61.497987
FixedGreen,68,1590,8.0,0.0,19.075514
FixedGreen,68,1620,13.0,0.0,12.602271
FixedGreen,68,1650,9.0,0.0,19.295882
FixedGreen,68,1680,8.0,0.0,25.381606
FixedGreen,68,1710,4.0,0.0,60.077624
FixedGreen,68,1740,8.0,0.0,42.936494
FixedGreen,68,1770,13.0,2.0,12.696884
FixedGreen,68,1800,12.0,5.0,5.157357
FixedGreen,68,1830,14.0,2.0,23.639702
FixedGreen,68,1860,4.0,1.0,32.431101
FixedGreen,68,1890,11.0,0.0,23.171744
FixedGreen,68,1920,12.0,5.0,11.362717
FixedGreen,68,1950,11.0,3.0,13.696607
FixedGreen,68,1980,12.0,2.0,18.916285
FixedGreen,68,2010,4.0,0.0,61.728378
FixedGreen,68,2040,9.0,0.0,23.285394
FixedGreen,68,2070,15.0,3.0,14.056495
FixedGreen,68,2100,11.0,4.0,11.059341
FixedGreen,68,2130,13.0,3.0,23.501799
FixedGreen,68,2160,2.0,0.0,34.65648
FixedGreen,68,2190,9.0,3.0,25.341132
FixedGreen,68,2220,12.0,3.0,14.727977
FixedGreen,68,2250,12.0,5.0,10.350221
FixedGreen,68,2280,14.0,2.0,22.396085
FixedGreen,68,2310,4.0,0.0,42.97581
FixedGreen,68,2340,16.0,2.0,28.385165
FixedGreen,68,2370,12.0,3.0,14.053604
FixedGreen,68,2400,14.0,5.0,14.096531
FixedGreen,68,2430,12.0,2.0,25.815792
FixedGreen,68,2460,4.0,0.0,54.057402
FixedGreen,68,2490,9.0,0.0,27.766784
FixedGreen,68,2520,14.0,3.0,14.66143
FixedGreen,68,2550,9.0,3.0,13.511388
FixedGreen,68,2580,13.0,3.0,23.971184
FixedGreen,68,2610,3.0,0.0,32.304269
FixedGreen,68,2640,13.0,3.0,20.903605
FixedGreen,68,2670,11.0,5.0,6.600344
FixedGreen,68,2700,10.0,1.0,13.81607
FixedGreen,68,2730,14.0,2.0,18.644188
FixedGreen,68,2760,3.0,0.0,64.019051
FixedGreen,68,2790,11.0,2.0,22.871052
FixedGreen,68,2820,13.0,4.0,5.424236
FixedGreen,68,2850,12.0,1.0,17.243138
FixedGreen,68,2880,11.0,0.0,21.663083
FixedGreen,68,2910,1.0,0.0,62.171364
FixedGreen,68,2940,11.0,4.0,15.763668
FixedGreen,68,2970,12.0,6.0,7.830009
FixedGreen,68,3000,11.0,4.0,10.590722
FixedGreen,68,3030,9.0,1.0,25.573903
FixedGreen,68,3060,3.0,0.0,58.939633
FixedGreen,68,3090,7.0,0.0,29.500882
FixedGreen,68,3120,18.0,4.0,12.266236
FixedGreen,68,3150,10.0,1.0,10.490488
FixedGreen,68,3180,15.0,2.0,19.565552
FixedGreen,68,3210,6.0,0.0,49.760669
FixedGreen,68,3240,12.0,2.0,20.34213
FixedGreen,68,3270,11.0,5.0,8.737019
FixedGreen,68,3300,3.0,1.0,14.253441
FixedGreen,68,3330,6.0,0.0,39.866773
FixedGreen,68,3360,2.0,0.0,76.478897
FixedGreen,68,3390,8.0,0.0,29.461522
FixedGreen,68,3420,8.0,0.0,17.334991
FixedGreen,68,3450,12.0,3.0,11.437381
FixedGreen,68,3480,11.0,0.0,27.343528
FixedGreen,68,3510,2.0,0.0,61.274701
FixedGreen,68,3540,12.0,0.0,17.849146
FixedGreen,68,3570,16.0,9.0,6.305898
FixedGreen,68,3600,8.0,0.0,13.295044
FixedGreen,68,3630,15.0,3.0,14.531473
FixedGreen,68,3660,3.0,0.0,37.046662
FixedGreen,68,3690,11.0,3.0,16.138561
FixedGreen,68,3720,10.0,2.0,14.926714
FixedGreen,68,3750,10.0,0.0,10.374083
FixedGreen,68,3780,11.0,2.0,22.036942
FixedGreen,68,3810,4.0,0.0,56.383436
FixedGreen,68,3840,8.0,0.0,28.739621
FixedGreen,68,3870,10.0,4.0,11.308718
FixedGreen,68,3900,9.0,3.0,7.401909
FixedGreen,68,3930,8.0,1.0,18.658272
FixedGreen,68,3960,1.0,0.0,71.47771
FixedGreen,68,3990,11.0,0.0,23.202866
FixedGreen,68,4020,11.0,0.0,26.186509
FixedGreen,68,4050,4.0,1.0,20.167133
FixedGreen,68,4080,4.0,0.0,32.627864
FixedGreen,68,4110,1.0,0.0,62.719362
FixedGreen,68,4140,9.0,0.0,34.234459
FixedGreen,68,4170,9.0,2.0,12.818011
FixedGreen,68,4200,6.0,0.0,22.617959
FixedGreen,68,4230,6.0,0.0,31.52871
FixedGreen,68,4260,1.0,0.0,59.346959
FixedGreen,68,4290,11.0,0.0,23.726776
FixedGreen,68,4320,7.0,0.0,30.814671
FixedGreen,68,4350,1.0,0.0,40.818869
FixedGreen,68,4380,5.0,0.0,38.93882
FixedGreen,68,4410,4.0,0.0,56.902505
FixedGreen,68,4440,14.0,2.0,17.087479
FixedGreen,68,4470,10.0,1.0,18.325282
FixedGreen,68,4500,7.0,3.0,5.962488
FixedGreen,68,4530,11.0,0.0,32.621549
FixedGreen,68,4560,3.0,0.0,70.726781
FixedGreen,68,4590,12.0,0.0,33.418048
FixedGreen,68,4620,11.0,3.0,7.492602
FixedGreen,68,4650,4.0,2.0,10.606921
FixedGreen,68,4680,4.0,0.0,41.805712
FixedGreen,68,4710,2.0,0.0,71.627984
FixedGreen,68,4740,6.0,0.0,42.12983
FixedGreen,68,4770,2.0,0.0,27.283803
FixedGreen,68,4800,0,0,0
FixedGreen,68,4830,4.0,0.0,42.478207
FixedGreen,68,4860,3.0,0.0,69.057018
FixedGreen,68,4890,3.0,0.0,35.253616
FixedGreen,68,4920,5.0,0.0,34.699868
FixedGreen,68,4950,2.0,0.0,39.890776
FixedGreen,68,4980,4.0,0.0,41.486712
FixedGreen,68,5010,3.0,0.0,69.341234
FixedGreen,68,5040,7.0,0.0,33.493493
FixedGreen,68,5070,5.0,0.0,39.80307
FixedGreen,68,5100,1.0,0.0,42.24413
FixedGreen,68,5130,4.0,0.0,40.74261
FixedGreen,68,5160,3.0,0.0,62.119198
FixedGreen,68,5190,7.0,0.0,28.181667
FixedGreen,68,5220,3.0,0.0,38.766772
FixedGreen,68,5250,2.0,0.0,39.186046
FixedGreen,68,5280,4.0,0.0,40.807445
FixedGreen,68,5310,2.0,0.0,67.969498
FixedGreen,68,5340,5.0,0.0,37.167383
FixedGreen,68,5370,7.0,0.0,45.807386
FixedGreen,68,5400,2.0,0.0,34.828386
FixedGreen,121,900,12.0,0.0,24.527312
FixedGreen,121,930,11.0,1.0,36.678849
FixedGreen,121,960,10.0,2.0,26.466509
FixedGreen,121,990,13.0,1.0,34.145333
FixedGreen,121,1020,14.0,0.0,22.531053
FixedGreen,121,1050,10.0,0.0,23.5463
FixedGreen,121,1080,8.0,0.0,44.01717
FixedGreen,121,1110,7.0,0.0,32.27778
FixedGreen,121,1140,11.0,0.0,43.155492
FixedGreen,121,1170,14.0,2.0,16.147517
FixedGreen,121,1200,11.0,0.0,28.978129
FixedGreen,121,1230,12.0,0.0,48.984559
FixedGreen,121,1260,7.0,0.0,37.84514
FixedGreen,121,1290,10.0,0.0,31.828971
FixedGreen,121,1320,17.0,0.0,20.726652
FixedGreen,121,1350,11.0,0.0,31.7016
FixedGreen,121,1380,11.0,0.0,42.334883
FixedGreen,121,1410,13.0,0.0,30.202273
FixedGreen,121,1440,16.0,1.0,24.939862
FixedGreen,121,1470,17.0,3.0,16.081134
FixedGreen,121,1500,16.0,1.0,16.935997
FixedGreen,121,1530,13.0,1.0,28.50612
FixedGreen,121,1560,16.0,0.0,27.853453
FixedGreen,121,1590,13.0,1.0,24.582261
FixedGreen,121,1620,16.0,0.0,31.376807
FixedGreen,121,1650,17.0,3.0,16.50364
FixedGreen,121,1680,20.0,0.0,22.366996
FixedGreen,121,1710,18.0,1.0,17.157946
FixedGreen,121,1740,10.0,0.0,23.109317
FixedGreen,121,1770,17.0,2.0,22.117975
FixedGreen,121,1800,17.0,1.0,19.052127
FixedGreen,121,1830,21.0,4.0,21.769888
FixedGreen,121,1860,18.0,0.0,24.029893
FixedGreen,121,1890,18.0,2.0,27.294621
FixedGreen,121,1920,17.0,2.0,23.171434
FixedGreen,121,1950,15.0,3.0,16.215102
FixedGreen,121,1980,22.0,0.0,20.696329
FixedGreen,121,2010,20.0,1.0,20.321415
FixedGreen,121,2040,21.0,2.0,21.374882
FixedGreen,121,2070,16.0,3.0,16.68219
FixedGreen,121,2100,17.0,5.0,14.501719
FixedGreen,121,2130,22.0,2.0,19.221612
FixedGreen,121,2160,21.0,4.0,20.065258
FixedGreen,121,2190,21.0,0.0,31.16768
FixedGreen,121,2220,17.0,2.0,16.654759
FixedGreen,121,2250,16.0,3.0,21.560374
FixedGreen,121,2280,19.0,3.0,21.275114
FixedGreen,121,2310,20.0,3.0,22.627437
FixedGreen,121,2340,17.0,1.0,20.921351
FixedGreen,121,2370,20.0,1.0,26.706667
FixedGreen,121,2400,16.0,3.0,17.004605
FixedGreen,121,2430,24.0,2.0,20.12645
FixedGreen,121,2460,19.0,2.0,19.082006
FixedGreen,121,2490,23.0,1.0,26.662777
FixedGreen,121,2520,20.0,2.0,25.949833
FixedGreen,121,2550,20.0,4.0,22.875569
FixedGreen,121,2580,22.0,3.0,21.358247
FixedGreen,121,2610,21.0,8.0,17.870807
FixedGreen,121,2640,18.0,4.0,17.729513
FixedGreen,121,2670,18.0,3.0,25.60599
FixedGreen,121,2700,17.0,1.0,19.886497
FixedGreen,121,2730,20.0,0.0,24.108344
FixedGreen,121,2760,23.0,3.0,18.075285
FixedGreen,121,2790,20.0,1.0,20.630272
FixedGreen,121,2820,18.0,2.0,16.714277
FixedGreen,121,2850,18.0,6.0,16.933227
FixedGreen,121,2880,18.0,1.0,23.254788
FixedGreen,121,2910,18.0,5.0,15.944428
FixedGreen,121,2940,18.0,4.0,18.74356
FixedGreen,121,2970,16.0,3.0,17.094294
FixedGreen,121,3000,17.0,3.0,22.641804
FixedGreen,121,3030,19.0,1.0,24.327454
FixedGreen,121,3060,16.0,1.0,18.543037
FixedGreen,121,3090,19.0,3.0,23.612875
FixedGreen,121,3120,19.0,1.0,19.147236
FixedGreen,121,3150,15.0,3.0,11.80571
FixedGreen,121,3180,22.0,1.0,21.100924
FixedGreen,121,3210,20.0,4.0,18.621138
FixedGreen,121,3240,17.0,1.0,20.190045
FixedGreen,121,3270,16.0,0.0,26.13981
FixedGreen,121,3300,15.0,0.0,24.634435
FixedGreen,121,3330,14.0,1.0,22.235395
FixedGreen,121,3360,13.0,1.0,23.687073
FixedGreen,121,3390,17.0,0.0,29.940811
FixedGreen,121,3420,18.0,0.0,24.525574
FixedGreen,121,3450,16.0,3.0,17.616655
FixedGreen,121,3480,21.0,1.0,24.474211
FixedGreen,121,3510,21.0,9.0,10.593916
FixedGreen,121,3540,18.0,3.0,20.303445
FixedGreen,121,3570,14.0,0.0,25.516567
FixedGreen,121,3600,16.0,4.0,14.479418
FixedGreen,121,3630,18.0,0.0,20.796131
FixedGreen,121,3660,25.0,3.0,16.306702
FixedGreen,121,3690,18.0,1.0,18.869126
FixedGreen,121,3720,19.0,4.0,20.478536
FixedGreen,121,3750,17.0,1.0,21.889474
FixedGreen,121,3780,19.0,1.0,27.177169
FixedGreen,121,3810,16.0,2.0,20.662777
FixedGreen,121,3840,20.0,3.0,23.466114
FixedGreen,121,3870,16.0,4.0,12.944799
FixedGreen,121,3900,17.0,0.0,22.101598
FixedGreen,121,3930,19.0,0.0,26.523928
FixedGreen,121,3960,16.0,2.0,17.825851
FixedGreen,121,3990,14.0,0.0,25.534263
FixedGreen,121,4020,16.0,1.0,20.398354
FixedGreen,121,4050,19.0,5.0,18.245187
FixedGreen,121,4080,17.0,2.0,19.751491
FixedGreen,121,4110,14.0,1.0,22.986023
FixedGreen,121,4140,15.0,0.0,32.047864
FixedGreen,121,4170,18.0,1.0,22.9169
FixedGreen,121,4200,16.0,0.0,25.93454
FixedGreen,121,4230,16.0,1.0,20.59917
FixedGreen,121,4260,15.0,1.0,22.857623
FixedGreen,121,4290,14.0,0.0,24.749966
FixedGreen,121,4320,13.0,0.0,19.91328
FixedGreen,121,4350,15.0,3.0,19.912734
FixedGreen,121,4380,16.0,0.0,21.469555
FixedGreen,121,4410,12.0,2.0,19.823878
FixedGreen,121,4440,12.0,0.0,26.19684
FixedGreen,121,4470,21.0,4.0,16.512757
FixedGreen,121,4500,19.0,4.0,16.065535
FixedGreen,121,4530,18.0,0.0,21.558253
FixedGreen,121,4560,17.0,0.0,22.511236
FixedGreen,121,4590,18.0,3.0,23.916957
FixedGreen,121,4620,16.0,1.0,17.301242
FixedGreen,121,4650,15.0,0.0,23.954387
FixedGreen,121,4680,15.0,0.0,22.667526
FixedGreen,121,4710,7.0,0.0,34.673244
FixedGreen,121,4740,11.0,0.0,51.879292
FixedGreen,121,4770,10.0,0.0,26.098338
FixedGreen,121,4800,7.0,0.0,33.594309
FixedGreen,121,4830,6.0,0.0,63.979937
FixedGreen,121,4860,5.0,0.0,53.307166
FixedGreen,121,4890,5.0,0.0,52.471802
FixedGreen,121,4920,11.0,0.0,41.658226
FixedGreen,121,4950,10.0,0.0,24.292935
FixedGreen,121,4980,10.0,0.0,39.831188
FixedGreen,121,5010,4.0,0.0,45.184511
FixedGreen,121,5040,9.0,0.0,52.666498
FixedGreen,121,5070,7.0,1.0,25.148572
FixedGreen,121,5100,9.0,0.0,40.89234
FixedGreen,121,5130,7.0,0.0,42.819025
FixedGreen,121,5160,4.0,0.0,60.7564
FixedGreen,121,5190,12.0,1.0,33.99302
FixedGreen,121,5220,15.0,2.0,22.231695
FixedGreen,121,5250,13.0,0.0,18.259702
FixedGreen,121,5280,14.0,0.0,28.407788
FixedGreen,121,5310,8.0,0.0,17.48909
FixedGreen,121,5340,14.0,1.0,25.678033
FixedGreen,121,5370,16.0,1.0,26.348094
FixedGreen,121,5400,14.0,1.0,21.062352
FixedGreen,10646,900,5.0,0.0,42.341608
FixedGreen,10646,930,8.0,0.0,56.906681
FixedGreen,10646,960,5.0,0.0,33.060336
FixedGreen,10646,990,8.0,0.0,37.387453
FixedGreen,10646,1020,5.0,0.0,42.571857
FixedGreen,10646,1050,6.0,0.0,45.090296
FixedGreen,10646,1080,6.0,0.0,41.58832
FixedGreen,10646,1110,5.0,0.0,43.499032
FixedGreen,10646,1140,5.0,0.0,39.896141
FixedGreen,10646,1170,8.0,0.0,36.025743
FixedGreen,10646,1200,5.0,0.0,37.919123
FixedGreen,10646,1230,7.0,0.0,41.470176
FixedGreen,10646,1260,5.0,0.0,42.620192
FixedGreen,10646,1290,3.0,0.0,38.596887
FixedGreen,10646,1320,6.0,0.0,44.668634
FixedGreen,10646,1350,5.0,0.0,50.612332
FixedGreen,10646,1380,5.0,0.0,42.242588
FixedGreen,10646,1410,7.0,0.0,39.731261
FixedGreen,10646,1440,6.0,0.0,35.528506
FixedGreen,10646,1470,7.0,0.0,57.580583
FixedGreen,10646,1500,5.0,0.0,63.164177
FixedGreen,10646,1530,6.0,0.0,43.74011
FixedGreen,10646,1560,7.0,0.0,42.122526
FixedGreen,10646,1590,10.0,0.0,47.605089
FixedGreen,10646,1620,6.0,0.0,40.803532
FixedGreen,10646,1650,8.0,1.0,50.415961
FixedGreen,10646,1680,7.0,0.0,50.272564
FixedGreen,10646,1710,9.0,0.0,41.399742
FixedGreen,10646,1740,9.0,0.0,42.022543
FixedGreen,10646,1770,5.0,0.0,45.701825
FixedGreen,10646,1800,4.0,0.0,47.556188
FixedGreen,10646,1830,7.0,0.0,59.453655
FixedGreen,10646,1860,8.0,0.0,42.165851
FixedGreen,10646,1890,6.0,0.0,47.081549
FixedGreen,10646,1920,6.0,0.0,42.727922
FixedGreen,10646,1950,5.0,0.0,40.124912
FixedGreen,10646,1980,4.0,0.0,47.731534
FixedGreen,10646,2010,8.0,0.0,44.650899
FixedGreen,10646,2040,10.0,0.0,43.257462
FixedGreen,10646,2070,7.0,0.0,50.084948
FixedGreen,10646,2100,6.0,0.0,50.376135
FixedGreen,10646,2130,6.0,0.0,38.52443
FixedGreen,10646,2160,10.0,0.0,39.388615
FixedGreen,10646,2190,9.0,0.0,47.225429
FixedGreen,10646,2220,7.0,0.0,43.175981
FixedGreen,10646,2250,6.0,0.0,41.991261
FixedGreen,10646,2280,6.0,0.0,41.039999
FixedGreen,10646,2310,10.0,0.0,34.840768
FixedGreen,10646,2340,9.0,0.0,38.361393
FixedGreen,10646,2370,8.0,0.0,37.557884
FixedGreen,10646,2400,11.0,0.0,44.525291
FixedGreen,10646,2430,2.0,0.0,59.894304
FixedGreen,10646,2460,9.0,0.0,38.477407
FixedGreen,10646,2490,12.0,0.0,43.345329
FixedGreen,10646,2520,7.0,0.0,60.127725
FixedGreen,10646,2550,4.0,0.0,59.295047
FixedGreen,10646,2580,7.0,0.0,48.885136
FixedGreen,10646,2610,8.0,0.0,46.09068
FixedGreen,10646,2640,9.0,0.0,54.874889
FixedGreen,10646,2670,7.0,0.0,47.536788
FixedGreen,10646,2700,6.0,0.0,58.098789
FixedGreen,10646,2730,6.0,0.0,40.652503
FixedGreen,10646,2760,11.0,0.0,39.137951
FixedGreen,10646,2790,11.0,0.0,34.032455
FixedGreen,10646,2820,12.0,0.0,40.791752
FixedGreen,10646,2850,5.0,0.0,47.229924
FixedGreen,10646,2880,5.0,0.0,53.660343
FixedGreen,10646,2910,8.0,0.0,47.522775
FixedGreen,10646,2940,9.0,0.0,36.886455
FixedGreen,10646,2970,7.0,1.0,27.660071
FixedGreen,10646,3000,6.0,0.0,44.739734
FixedGreen,10646,3030,7.0,0.0,60.859432
FixedGreen,10646,3060,6.0,0.0,42.000956
FixedGreen,10646,3090,8.0,0.0,38.876134
FixedGreen,10646,3120,5.0,0.0,39.944833
FixedGreen,10646,3150,8.0,0.0,42.808462
FixedGreen,10646,3180,7.0,0.0,50.345113
FixedGreen,10646,3210,4.0,0.0,43.743508
FixedGreen,10646,3240,9.0,0.0,41.324423
FixedGreen,10646,3270,6.0,0.0,46.079991
FixedGreen,10646,3300,8.0,0.0,46.475582
FixedGreen,10646,3330,4.0,0.0,59.00568
FixedGreen,10646,3360,7.0,0.0,39.117764
FixedGreen,10646,3390,8.0,0.0,37.524398
FixedGreen,10646,3420,11.0,0.0,44.066099
FixedGreen,10646,3450,2.0,0.0,53.779245
FixedGreen,10646,3480,6.0,0.0,69.691189
FixedGreen,10646,3510,9.0,0.0,44.433053
FixedGreen,10646,3540,8.0,0.0,42.651941
FixedGreen,10646,3570,8.0,0.0,43.548152
FixedGreen,10646,3600,5.0,0.0,40.97348
FixedGreen,10646,3630,8.0,0.0,63.642799
FixedGreen,10646,3660,7.0,0.0,41.733956
FixedGreen,10646,3690,10.0,0.0,36.510549
FixedGreen,10646,3720,9.0,0.0,36.940289
FixedGreen,10646,3750,8.0,0.0,44.984829
FixedGreen,10646,3780,2.0,0.0,60.656178
FixedGreen,10646,3810,6.0,0.0,41.205297
FixedGreen,10646,3840,8.0,0.0,45.493746
FixedGreen,10646,3870,6.0,0.0,49.495849
FixedGreen,10646,3900,4.0,0.0,47.470291
FixedGreen,10646,3930,5.0,0.0,46.976153
FixedGreen,10646,3960,11.0,0.0,36.803377
FixedGreen,10646,3990,8.0,0.0,36.70669
FixedGreen,10646,4020,9.0,0.0,37.88271
FixedGreen,10646,4050,10.0,0.0,42.859681
FixedGreen,10646,4080,3.0,0.0,51.789222
FixedGreen,10646,4110,6.0,0.0,41.678843
FixedGreen,10646,4140,9.0,0.0,34.201736
FixedGreen,10646,4170,7.0,0.0,36.872993
FixedGreen,10646,4200,8.0,1.0,39.800477
FixedGreen,10646,4230,4.0,0.0,87.449485
FixedGreen,10646,4260,8.0,0.0,39.450542
FixedGreen,10646,4290,6.0,0.0,27.92571
FixedGreen,10646,4320,7.0,0.0,47.281935
FixedGreen,10646,4350,5.0,0.0,51.013929
FixedGreen,10646,4380,3.0,0.0,40.395597
FixedGreen,10646,4410,8.0,0.0,33.286258
FixedGreen,10646,4440,7.0,0.0,42.577125
FixedGreen,10646,4470,6.0,0.0,36.173518
FixedGreen,10646,4500,11.0,0.0,37.645594
FixedGreen,10646,4530,8.0,0.0,49.125399
FixedGreen,10646,4560,8.0,0.0,43.247546
FixedGreen,10646,4590,10.0,0.0,42.849047
FixedGreen,10646,4620,4.0,0.0,51.822354
FixedGreen,10646,4650,7.0,0.0,59.836262
FixedGreen,10646,4680,6.0,0.0,45.858858
FixedGreen,10646,4710,7.0,0.0,42.916924
FixedGreen,10646,4740,5.0,0.0,48.946593
FixedGreen,10646,4770,7.0,0.0,44.365294
FixedGreen,10646,4800,8.0,0.0,44.902557
FixedGreen,10646,4830,4.0,0.0,29.933742
FixedGreen,10646,4860,6.0,0.0,42.683469
FixedGreen,10646,4890,6.0,0.0,67.414432
FixedGreen,10646,4920,4.0,0.0,43.914107
FixedGreen,10646,4950,4.0,0.0,48.045407
FixedGreen,10646,4980,7.0,0.0,48.266156
FixedGreen,10646,5010,7.0,0.0,45.479844
FixedGreen,10646,5040,3.0,0.0,69.326784
FixedGreen,10646,5070,9.0,0.0,42.915509
FixedGreen,10646,5100,8.0,0.0,44.210677
FixedGreen,10646,5130,5.0,0.0,43.491478
FixedGreen,10646,5160,5.0,0.0,41.819096
FixedGreen,10646,5190,0,0,0
FixedGreen,10646,5220,6.0,0.0,40.739601
FixedGreen,10646,5250,8.0,0.0,39.043108
FixedGreen,10646,5280,7.0,0.0,43.317885
FixedGreen,10646,5310,6.0,0.0,42.152034
FixedGreen,10646,5340,6.0,0.0,42.041623
FixedGreen,10646,5370,5.0,0.0,43.979844
FixedGreen,10646,5400,5.0,0.0,42.415564
FixedGreen,10639,900,2.0,0.0,31.895159
FixedGreen,10639,930,1.0,0.0,42.200035
FixedGreen,10639,960,1.0,0.0,44.382428
FixedGreen,10639,990,2.0,0.0,42.016687
FixedGreen,10639,1020,0,0,0
FixedGreen,10639,1050,0,0,0
FixedGreen,10639,1080,1.0,0.0,42.215354
FixedGreen,10639,1110,1.0,0.0,33.726902
FixedGreen,10639,1140,3.0,0.0,27.875351
FixedGreen,10639,1170,5.0,1.0,21.956129
FixedGreen,10639,1200,2.0,0.0,43.703308
FixedGreen,10639,1230,2.0,0.0,40.986616
FixedGreen,10639,1260,1.0,0.0,40.826091
FixedGreen,10639,1290,4.0,1.0,30.438615
FixedGreen,10639,1320,0,0,0
FixedGreen,10639,1350,2.0,0.0,44.604767
FixedGreen,10639,1380,3.0,0.0,41.647768
FixedGreen,10639,1410,2.0,0.0,42.12905
FixedGreen,10639,1440,4.0,0.0,39.196061
FixedGreen,10639,1470,4.0,1.0,20.251504
FixedGreen,10639,1500,1.0,0.0,43.220257
FixedGreen,10639,1530,2.0,0.0,43.348344
FixedGreen,10639,1560,3.0,0.0,42.024694
FixedGreen,10639,1590,0,0,0
FixedGreen,10639,1620,0,0,0
FixedGreen,10639,1650,1.0,0.0,40.894012
FixedGreen,10639,1680,3.0,0.0,42.019337
FixedGreen,10639,1710,1.0,0.0,40.150087
FixedGreen,10639,1740,2.0,0.0,34.61266
FixedGreen,10639,1770,3.0,1.0,26.773632
FixedGreen,10639,1800,3.0,0.0,28.789357
FixedGreen,10639,1830,0,0,0
FixedGreen,10639,1860,1.0,0.0,27.72463
FixedGreen,10639,1890,6.0,0.0,25.342918
FixedGreen,10639,1920,9.0,5.0,15.096553
FixedGreen,10639,1950,13.0,6.0,14.098761
FixedGreen,10639,1980,16.0,11.0,9.149091
FixedGreen,10639,2010,16.0,10.0,6.294885
FixedGreen,10639,2040,18.0,9.0,7.813178
FixedGreen,10639,2070,23.0,14.0,6.976186
FixedGreen,10639,2100,21.0,17.0,1.420369
FixedGreen,10639,2130,23.0,17.0,3.330541
FixedGreen,10639,2160,23.0,15.0,3.933612
FixedGreen,10639,2190,23.0,18.0,3.320451
FixedGreen,10639,2220,22.0,12.0,3.586481
FixedGreen,10639,2250,21.0,13.0,4.165767
FixedGreen,10639,2280,23.0,15.0,3.990601
FixedGreen,10639,2310,26.0,16.0,4.622086
FixedGreen,10639,2340,28.0,18.0,3.488991
FixedGreen,10639,2370,27.0,15.0,1.50179
FixedGreen,10639,2400,26.0,18.0,2.745384
FixedGreen,10639,2430,25.0,19.0,0.976931
FixedGreen,10639,2460,30.0,16.0,5.39966
FixedGreen,10639,2490,31.0,21.0,3.364961
FixedGreen,10639,2520,29.0,22.0,0.787606
FixedGreen,10639,2550,31.0,25.0,1.166196
FixedGreen,10639,2580,29.0,16.0,1.685734
FixedGreen,10639,2610,31.0,17.0,2.051806
FixedGreen,10639,2640,30.0,24.0,2.219565
FixedGreen,10639,2670,30.0,21.0,1.533499
FixedGreen,10639,2700,30.0,12.0,4.151556
FixedGreen,10639,2730,29.0,16.0,1.956141
FixedGreen,10639,2760,27.0,22.0,2.491518
FixedGreen,10639,2790,26.0,18.0,2.074082
FixedGreen,10639,2820,26.0,18.0,2.82794
FixedGreen,10639,2850,27.0,17.0,3.77336
FixedGreen,10639,2880,28.0,18.0,3.576353
FixedGreen,10639,2910,29.0,13.0,2.944422
FixedGreen,10639,2940,29.0,15.0,5.560665
FixedGreen,10639,2970,29.0,17.0,1.854381
FixedGreen,10639,3000,28.0,19.0,2.566514
FixedGreen,10639,3030,26.0,18.0,1.203634
FixedGreen,10639,3060,27.0,23.0,0.822521
FixedGreen,10639,3090,28.0,21.0,1.182363
FixedGreen,10639,3120,26.0,22.0,0.925101
FixedGreen,10639,3150,24.0,5.0,4.247479
FixedGreen,10639,3180,25.0,19.0,3.207753
FixedGreen,10639,3210,22.0,14.0,2.609546
FixedGreen,10639,3240,22.0,12.0,4.848039
FixedGreen,10639,3270,25.0,14.0,2.891534
FixedGreen,10639,3300,24.0,13.0,5.176715
FixedGreen,10639,3330,23.0,16.0,1.901428
FixedGreen,10639,3360,21.0,11.0,4.631896
FixedGreen,10639,3390,21.0,12.0,4.463875
FixedGreen,10639,3420,22.0,7.0,8.432615
FixedGreen,10639,3450,21.0,13.0,3.812309
FixedGreen,10639,3480,22.0,8.0,5.466297
FixedGreen,10639,3510,23.0,20.0,0.571248
FixedGreen,10639,3540,20.0,14.0,2.196578
FixedGreen,10639,3570,18.0,12.0,2.215873
FixedGreen,10639,3600,16.0,8.0,2.627855
FixedGreen,10639,3630,15.0,9.0,4.035378
FixedGreen,10639,3660,16.0,11.0,2.747354
FixedGreen,10639,3690,16.0,12.0,3.645924
FixedGreen,10639,3720,16.0,9.0,3.573419
FixedGreen,10639,3750,16.0,8.0,4.896903
FixedGreen,10639,3780,17.0,12.0,3.920891
FixedGreen,10639,3810,18.0,14.0,2.886345
FixedGreen,10639,3840,19.0,7.0,9.351905
FixedGreen,10639,3870,16.0,10.0,2.227101
FixedGreen,10639,3900,15.0,13.0,0.602796
FixedGreen,10639,3930,16.0,11.0,4.35772
FixedGreen,10639,3960,15.0,12.0,1.011033
FixedGreen,10639,3990,14.0,9.0,1.112837
FixedGreen,10639,4020,13.0,8.0,4.817779
FixedGreen,10639,4050,14.0,10.0,6.000558
FixedGreen,10639,4080,17.0,11.0,10.877161
FixedGreen,10639,4110,16.0,7.0,7.46152
FixedGreen,10639,4140,14.0,8.0,3.003119
FixedGreen,10639,4170,13.0,10.0,3.515961
FixedGreen,10639,4200,12.0,10.0,3.413546
FixedGreen,10639,4230,13.0,11.0,6.717216
FixedGreen,10639,4260,11.0,3.0,4.731536
FixedGreen,10639,4290,10.0,6.0,2.119985
FixedGreen,10639,4320,12.0,9.0,7.066762
FixedGreen,10639,4350,12.0,11.0,3.61362
FixedGreen,10639,4380,12.0,6.0,2.361257
FixedGreen,10639,4410,12.0,8.0,4.493154
FixedGreen,10639,4440,11.0,8.0,1.803278
FixedGreen,10639,4470,10.0,5.0,2.518401
FixedGreen,10639,4500,12.0,9.0,9.172929
FixedGreen,10639,4530,12.0,6.0,4.660729
FixedGreen,10639,4560,12.0,10.0,4.668408
FixedGreen,10639,4590,13.0,10.0,0.662183
FixedGreen,10639,4620,14.0,12.0,6.17275
FixedGreen,10639,4650,15.0,12.0,5.980295
FixedGreen,10639,4680,17.0,13.0,3.138721
FixedGreen,10639,4710,15.0,10.0,1.740722
FixedGreen,10639,4740,16.0,10.0,3.498141
FixedGreen,10639,4770,17.0,13.0,4.568493
FixedGreen,10639,4800,18.0,13.0,1.303784
FixedGreen,10639,4830,16.0,10.0,5.764867
FixedGreen,10639,4860,17.0,13.0,6.005797
FixedGreen,10639,4890,16.0,7.0,7.524399
FixedGreen,10639,4920,15.0,8.0,5.448158
FixedGreen,10639,4950,15.0,9.0,4.681088
FixedGreen,10639,4980,13.0,5.0,4.006232
FixedGreen,10639,5010,15.0,10.0,3.983743
FixedGreen,10639,5040,13.0,7.0,2.890012
FixedGreen,10639,5070,12.0,7.0,1.473741
FixedGreen,10639,5100,11.0,8.0,3.164431
FixedGreen,10639,5130,9.0,5.0,6.123712
FixedGreen,10639,5160,7.0,2.0,9.197554
FixedGreen,10639,5190,5.0,1.0,2.732041
FixedGreen,10639,5220,5.0,1.0,8.510644
FixedGreen,10639,5250,5.0,3.0,16.75312
FixedGreen,10639,5280,4.0,3.0,10.514453
FixedGreen,10639,5310,2.0,1.0,17.382919
FixedGreen,10639,5340,3.0,1.0,27.298139
FixedGreen,10639,5370,1.0,0.0,42.290007
FixedGreen,10639,5400,3.0,1.0,15.813092
FixedGreen,70,900,0,0,0
FixedGreen,70,930,10.0,0.0,42.599454
FixedGreen,70,960,4.0,0.0,48.993321
FixedGreen,70,990,0,0,0
FixedGreen,70,1020,0,0,0
FixedGreen,70,1050,10.0,0.0,33.696871
FixedGreen,70,1080,5.0,0.0,52.078698
FixedGreen,70,1110,5.0,0.0,43.456649
FixedGreen,70,1140,6.0,0.0,50.038025
FixedGreen,70,1170,4.0,0.0,42.02217
FixedGreen,70,1200,2.0,0.0,39.606085
FixedGreen,70,1230,1.0,0.0,27.258916
FixedGreen,70,1260,4.0,0.0,47.833879
FixedGreen,70,1290,4.0,0.0,41.494218
FixedGreen,70,1320,3.0,0.0,43.037754
FixedGreen,70,1350,3.0,0.0,57.129458
FixedGreen,70,1380,8.0,0.0,39.006846
FixedGreen,70,1410,2.0,0.0,58.777946
FixedGreen,70,1440,1.0,0.0,42.775801
FixedGreen,70,1470,7.0,0.0,40.742916
FixedGreen,70,1500,2.0,0.0,42.587317
FixedGreen,70,1530,8.0,0.0,42.759215
FixedGreen,70,1560,2.0,0.0,103.61501
FixedGreen,70,1590,4.0,0.0,67.007439
FixedGreen,70,1620,6.0,0.0,43.581879
FixedGreen,70,1650,4.0,0.0,43.096377
FixedGreen,70,1680,3.0,0.0,47.491987
FixedGreen,70,1710,5.0,0.0,45.668337
FixedGreen,70,1740,2.0,0.0,42.965802
FixedGreen,70,1770,7.0,0.0,42.682947
FixedGreen,70,1800,4.0,0.0,43.012804
FixedGreen,70,1830,4.0,0.0,47.594614
FixedGreen,70,1860,6.0,0.0,40.878071
FixedGreen,70,1890,1.0,0.0,40.274938
FixedGreen,70,1920,10.0,0.0,38.954586
FixedGreen,70,1950,6.0,0.0,49.94297
FixedGreen,70,1980,4.0,0.0,45.046182
FixedGreen,70,2010,3.0,0.0,40.718967
FixedGreen,70,2040,9.0,0.0,40.842629
FixedGreen,70,2070,4.0,0.0,47.969279
FixedGreen,70,2100,9.0,0.0,43.671045
FixedGreen,70,2130,6.0,0.0,50.039525
FixedGreen,70,2160,4.0,0.0,67.771278
FixedGreen,70,2190,2.0,0.0,40.047984
FixedGreen,70,2220,5.0,0.0,43.46939
FixedGreen,70,2250,2.0,0.0,77.082021
FixedGreen,70,2280,5.0,0.0,41.982228
FixedGreen,70,2310,5.0,0.0,38.441012
FixedGreen,70,2340,1.0,0.0,44.077542
FixedGreen,70,2370,3.0,0.0,39.727491
FixedGreen,70,2400,8.0,0.0,43.230251
FixedGreen,70,2430,10.0,0.0,31.23202
FixedGreen,70,2460,13.0,0.0,34.69661
FixedGreen,70,2490,2.0,0.0,76.656801
FixedGreen,70,2520,8.0,0.0,39.475298
FixedGreen,70,2550,8.0,0.0,40.360309
FixedGreen,70,2580,6.0,0.0,52.252784
FixedGreen,70,2610,2.0,0.0,56.584526
FixedGreen,70,2640,5.0,0.0,47.924086
FixedGreen,70,2670,3.0,0.0,50.941985
FixedGreen,70,2700,4.0,0.0,62.878836
FixedGreen,70,2730,0,0,0
FixedGreen,70,2760,2.0,0.0,57.565524
FixedGreen,70,2790,3.0,0.0,62.113212
FixedGreen,70,2820,7.0,0.0,40.185742
FixedGreen,70,2850,6.0,0.0,41.272692
FixedGreen,70,2880,12.0,0.0,38.598175
FixedGreen,70,2910,6.0,0.0,52.513648
FixedGreen,70,2940,4.0,0.0,60.199557
FixedGreen,70,2970,4.0,0.0,60.574621
FixedGreen,70,3000,7.0,0.0,42.053365
FixedGreen,70,3030,6.0,0.0,44.388901
FixedGreen,70,3060,5.0,0.0,43.052955
FixedGreen,70,3090,0,0,0
FixedGreen,70,3120,5.0,0.0,45.067352
FixedGreen,70,3150,3.0,0.0,62.515313
FixedGreen,70,3180,2.0,0.0,41.100235
FixedGreen,70,3210,9.0,0.0,35.492667
FixedGreen,70,3240,9.0,0.0,39.722515
FixedGreen,70,3270,3.0,0.0,40.230264
FixedGreen,70,3300,7.0,0.0,38.029007
FixedGreen,70,3330,0,0,0
FixedGreen,70,3360,5.0,0.0,48.409593
FixedGreen,70,3390,6.0,0.0,44.766561
FixedGreen,70,3420,3.0,0.0,50.648106
FixedGreen,70,3450,2.0,0.0,55.975089
FixedGreen,70,3480,15.0,0.0,28.928091
FixedGreen,70,3510,4.0,0.0,61.300301
FixedGreen,70,3540,1.0,0.0,73.0997
FixedGreen,70,3570,4.0,0.0,43.419384
FixedGreen,70,3600,4.0,0.0,68.795625
FixedGreen,70,3630,3.0,0.0,42.906869
FixedGreen,70,3660,5.0,0.0,55.047745
FixedGreen,70,3690,2.0,0.0,32.503052
FixedGreen,70,3720,8.0,0.0,41.955216
FixedGreen,70,3750,3.0,0.0,58.871359
FixedGreen,70,3780,6.0,0.0,47.043385
FixedGreen,70,3810,5.0,0.0,50.753978
FixedGreen,70,3840,0,0,0
FixedGreen,70,3870,1.0,0.0,41.965003
FixedGreen,70,3900,5.0,0.0,47.533496
FixedGreen,70,3930,2.0,0.0,63.175364
FixedGreen,70,3960,6.0,0.0,53.308891
FixedGreen,70,3990,1.0,0.0,45.483764
FixedGreen,70,4020,3.0,0.0,36.339274
FixedGreen,70,4050,8.0,0.0,32.735935
FixedGreen,70,4080,3.0,0.0,37.863974
FixedGreen,70,4110,9.0,0.0,36.951993
FixedGreen,70,4140,1.0,0.0,44.75261
FixedGreen,70,4170,3.0,0.0,41.643677
FixedGreen,70,4200,5.0,0.0,40.511268
FixedGreen,70,4230,0,0,0
FixedGreen,70,4260,11.0,0.0,29.800181
FixedGreen,70,4290,3.0,0.0,35.839882
FixedGreen,70,4320,4.0,0.0,47.442003
FixedGreen,70,4350,1.0,0.0,40.247959
FixedGreen,70,4380,8.0,0.0,37.476489
FixedGreen,70,4410,4.0,0.0,49.279326
FixedGreen,70,4440,2.0,0.0,44.772194
FixedGreen,70,4470,4.0,0.0,42.466425
FixedGreen,70,4500,6.0,0.0,37.300181
FixedGreen,70,4530,4.0,0.0,51.321968
FixedGreen,70,4560,3.0,0.0,33.780973
FixedGreen,70,4590,1.0,0.0,95.424916
FixedGreen,70,4620,6.0,0.0,52.519896
FixedGreen,70,4650,8.0,0.0,49.424895
FixedGreen,70,4680,3.0,0.0,53.024474
FixedGreen,70,4710,3.0,0.0,63.447118
FixedGreen,70,4740,4.0,0.0,76.876631
FixedGreen,70,4770,4.0,0.0,34.183346
FixedGreen,70,4800,1.0,0.0,43.533132
FixedGreen,70,4830,0,0,0
FixedGreen,70,4860,3.0,0.0,43.417757
FixedGreen,70,4890,2.0,0.0,42.042864
FixedGreen,70,4920,5.0,0.0,48.281134
FixedGreen,70,4950,0,0,0
FixedGreen,70,4980,5.0,0.0,52.914632
FixedGreen,70,5010,2.0,0.0,82.561412
FixedGreen,70,5040,2.0,0.0,57.072519
FixedGreen,70,5070,5.0,0.0,48.663351
FixedGreen,70,5100,1.0,0.0,42.079558
FixedGreen,70,5130,4.0,0.0,42.759472
FixedGreen,70,5160,3.0,0.0,64.144951
FixedGreen,70,5190,4.0,0.0,56.728936
FixedGreen,70,5220,6.0,0.0,52.45407
FixedGreen,70,5250,0,0,0
FixedGreen,70,5280,3.0,0.0,66.923145
FixedGreen,70,5310,5.0,0.0,43.802788
FixedGreen,70,5340,2.0,0.0,41.95365
FixedGreen,70,5370,5.0,0.0,42.956857
FixedGreen,70,5400,3.0,0.0,42.81002
FixedGreen,71,900,7.0,6.0,7.069042
FixedGreen,71,930,14.0,14.0,0.12001
FixedGreen,71,960,21.0,13.0,8.68466
FixedGreen,71,990,21.0,15.0,11.613489
FixedGreen,71,1020,26.0,23.0,4.194424
FixedGreen,71,1050,10.0,4.0,8.83347
FixedGreen,71,1080,14.0,11.0,6.84907
FixedGreen,71,1110,23.0,14.0,4.998118
FixedGreen,71,1140,30.0,29.0,1.23878
FixedGreen,71,1170,28.0,22.0,4.342162
FixedGreen,71,1200,13.0,4.0,13.39089
FixedGreen,71,1230,24.0,20.0,2.310587
FixedGreen,71,1260,26.0,21.0,2.430398
FixedGreen,71,1290,23.0,20.0,8.790791
FixedGreen,71,1320,30.0,27.0,1.534132
FixedGreen,71,1350,13.0,6.0,10.577237
FixedGreen,71,1380,20.0,20.0,0.0
FixedGreen,71,1410,17.0,11.0,7.063802
FixedGreen,71,1440,16.0,12.0,5.253978
FixedGreen,71,1470,22.0,21.0,3.726953
FixedGreen,71,1500,8.0,4.0,7.468173
FixedGreen,71,1530,16.0,13.0,5.890463
FixedGreen,71,1560,18.0,12.0,6.07078
FixedGreen,71,1590,8.0,8.0,0.0
FixedGreen,71,1620,13.0,10.0,7.611503
FixedGreen,71,1650,9.0,7.0,6.090846
FixedGreen,71,1680,22.0,18.0,3.092846
FixedGreen,71,1710,18.0,11.0,6.118347
FixedGreen,71,1740,25.0,22.0,2.735714
FixedGreen,71,1770,27.0,23.0,3.383003
FixedGreen,71,1800,12.0,5.0,14.729056
FixedGreen,71,1830,20.0,18.0,3.720952
FixedGreen,71,1860,20.0,16.0,1.850625
FixedGreen,71,1890,25.0,23.0,1.059889
FixedGreen,71,1920,18.0,14.0,5.220023
FixedGreen,71,1950,11.0,8.0,9.230567
FixedGreen,71,1980,29.0,23.0,3.705249
FixedGreen,71,2010,24.0,18.0,5.56616
FixedGreen,71,2040,15.0,15.0,0.0
FixedGreen,71,2070,24.0,21.0,2.231739
FixedGreen,71,2100,9.0,4.0,19.486954
FixedGreen,71,2130,21.0,16.0,5.302798
FixedGreen,71,2160,20.0,14.0,5.734891
FixedGreen,71,2190,14.0,10.0,12.218933
FixedGreen,71,2220,12.0,12.0,0.0
FixedGreen,71,2250,4.0,2.0,19.581107
FixedGreen,71,2280,8.0,8.0,0.0
FixedGreen,71,2310,9.0,6.0,9.709979
FixedGreen,71,2340,8.0,7.0,6.423944
FixedGreen,71,2370,12.0,10.0,12.996968
FixedGreen,71,2400,6.0,3.0,15.383092
FixedGreen,71,2430,17.0,9.0,8.456592
FixedGreen,71,2460,13.0,9.0,9.344487
FixedGreen,71,2490,11.0,9.0,7.951876
FixedGreen,71,2520,15.0,12.0,3.308466
FixedGreen,71,2550,7.0,6.0,4.839128
FixedGreen,71,2580,19.0,16.0,2.356744
FixedGreen,71,2610,16.0,11.0,9.062607
FixedGreen,71,2640,13.0,11.0,8.421248
FixedGreen,71,2670,22.0,20.0,3.123495
FixedGreen,71,2700,10.0,8.0,8.317799
FixedGreen,71,2730,20.0,19.0,0.10805
FixedGreen,71,2760,12.0,8.0,5.314463
FixedGreen,71,2790,8.0,7.0,5.249199
FixedGreen,71,2820,10.0,10.0,0.008764
FixedGreen,71,2850,7.0,3.0,23.086442
FixedGreen,71,2880,11.0,10.0,1.811228
FixedGreen,71,2910,13.0,9.0,5.271466
FixedGreen,71,2940,19.0,15.0,6.452133
FixedGreen,71,2970,24.0,24.0,0.020618
FixedGreen,71,3000,9.0,3.0,11.190969
FixedGreen,71,3030,14.0,12.0,2.891079
FixedGreen,71,3060,15.0,7.0,10.357111
FixedGreen,71,3090,13.0,12.0,5.310494
FixedGreen,71,3120,14.0,14.0,0.0
FixedGreen,71,3150,3.0,2.0,15.055966
FixedGreen,71,3180,11.0,10.0,3.003182
FixedGreen,71,3210,10.0,7.0,13.610611
FixedGreen,71,3240,20.0,13.0,9.235009
FixedGreen,71,3270,24.0,21.0,0.344948
FixedGreen,71,3300,12.0,7.0,11.327642
FixedGreen,71,3330,17.0,16.0,0.168016
FixedGreen,71,3360,18.0,15.0,2.737616
FixedGreen,71,3390,13.0,8.0,15.153194
FixedGreen,71,3420,19.0,18.0,0.314185
FixedGreen,71,3450,6.0,2.0,11.208322
FixedGreen,71,3480,12.0,11.0,3.593438
FixedGreen,71,3510,15.0,8.0,8.212706
FixedGreen,71,3540,13.0,10.0,7.094353
FixedGreen,71,3570,16.0,15.0,2.952123
FixedGreen,71,3600,5.0,3.0,5.745941
FixedGreen,71,3630,14.0,14.0,0.0
FixedGreen,71,3660,15.0,10.0,8.3695
FixedGreen,71,3690,11.0,10.0,5.809364
FixedGreen,71,3720,15.0,13.0,0.353372
FixedGreen,71,3750,11.0,5.0,19.10217
FixedGreen,71,3780,16.0,13.0,6.947066
FixedGreen,71,3810,21.0,13.0,10.404662
FixedGreen,71,3840,11.0,9.0,7.07421
FixedGreen,71,3870,15.0,12.0,10.701129
FixedGreen,71,3900,6.0,1.0,22.751331
FixedGreen,71,3930,20.0,16.0,0.820528
FixedGreen,71,3960,17.0,11.0,9.086302
FixedGreen,71,3990,14.0,12.0,7.353184
FixedGreen,71,4020,14.0,12.0,10.10139
FixedGreen,71,4050,4.0,3.0,1.789982
FixedGreen,71,4080,17.0,12.0,7.591159
FixedGreen,71,4110,13.0,7.0,10.102452
FixedGreen,71,4140,12.0,10.0,9.135462
FixedGreen,71,4170,12.0,11.0,3.393133
FixedGreen,71,4200,1.0,1.0,0.0
FixedGreen,71,4230,10.0,5.0,13.717138
FixedGreen,71,4260,8.0,6.0,7.360107
FixedGreen,71,4290,14.0,7.0,20.581628
FixedGreen,71,4320,10.0,10.0,0.0
FixedGreen,71,4350,4.0,1.0,26.094734
FixedGreen,71,4380,15.0,14.0,1.993603
FixedGreen,71,4410,18.0,15.0,5.585271
FixedGreen,71,4440,11.0,9.0,7.284248
FixedGreen,71,4470,16.0,15.0,0.138452
FixedGreen,71,4500,7.0,4.0,4.929627
FixedGreen,71,4530,21.0,16.0,4.951673
FixedGreen,71,4560,18.0,13.0,4.831452
FixedGreen,71,4590,10.0,5.0,14.553263
FixedGreen,71,4620,13.0,13.0,0.0
FixedGreen,71,4650,6.0,3.0,14.318918
FixedGreen,71,4680,18.0,17.0,2.261261
FixedGreen,71,4710,16.0,9.0,4.645969
FixedGreen,71,4740,11.0,9.0,15.327401
FixedGreen,71,4770,13.0,11.0,8.266277
FixedGreen,71,4800,7.0,5.0,12.169482
FixedGreen,71,4830,17.0,14.0,5.263199
FixedGreen,71,4860,12.0,6.0,13.955013
FixedGreen,71,4890,16.0,13.0,8.364779
FixedGreen,71,4920,18.0,14.0,9.033078
FixedGreen,71,4950,10.0,5.0,11.008726
FixedGreen,71,4980,20.0,18.0,4.185517
FixedGreen,71,5010,16.0,9.0,12.328919
FixedGreen,71,5040,9.0,9.0,0.0
FixedGreen,71,5070,12.0,11.0,0.799614
FixedGreen,71,5100,6.0,3.0,16.358427
FixedGreen,71,5130,13.0,10.0,7.481993
FixedGreen,71,5160,11.0,4.0,18.318222
FixedGreen,71,5190,10.0,9.0,1.154929
FixedGreen,71,5220,16.0,14.0,4.667612
FixedGreen,71,5250,7.0,6.0,6.28985
FixedGreen,71,5280,13.0,13.0,0.050528
FixedGreen,71,5310,12.0,9.0,4.826352
FixedGreen,71,5340,18.0,16.0,2.614284
FixedGreen,71,5370,25.0,22.0,3.133775
FixedGreen,71,5400,14.0,8.0,9.564663
FixedGreen,420,900,11.0,0.0,45.429298
FixedGreen,420,930,19.0,0.0,44.471109
FixedGreen,420,960,28.0,0.0,52.105274
FixedGreen,420,990,24.0,0.0,52.498745
FixedGreen,420,1020,40.0,0.0,54.412934
FixedGreen,420,1050,43.0,2.0,37.638457
FixedGreen,420,1080,49.0,6.0,33.841483
FixedGreen,420,1110,43.0,3.0,33.385802
FixedGreen,420,1140,29.0,4.0,33.057422
FixedGreen,420,1170,43.0,14.0,34.808638
FixedGreen,420,1200,62.0,18.0,32.067635
FixedGreen,420,1230,63.0,19.0,29.146794
FixedGreen,420,1260,57.0,7.0,24.904251
FixedGreen,420,1290,51.0,15.0,31.628687
FixedGreen,420,1320,57.0,17.0,32.764511
FixedGreen,420,1350,75.0,23.0,29.197818
FixedGreen,420,1380,85.0,51.0,12.281981
FixedGreen,420,1410,79.0,43.0,17.50176
FixedGreen,420,1440,59.0,25.0,17.633504
FixedGreen,420,1470,58.0,18.0,21.141603
FixedGreen,420,1500,81.0,33.0,23.353508
FixedGreen,420,1530,98.0,52.0,17.94261
FixedGreen,420,1560,99.0,53.0,15.19097
FixedGreen,420,1590,90.0,42.0,19.065963
FixedGreen,420,1620,92.0,19.0,17.880216
FixedGreen,420,1650,105.0,45.0,15.02153
FixedGreen,420,1680,113.0,76.0,8.625681
FixedGreen,420,1710,104.0,64.0,11.41147
FixedGreen,420,1740,91.0,46.0,14.613507
FixedGreen,420,1770,91.0,21.0,19.519441
FixedGreen,420,1800,111.0,46.0,16.042822
FixedGreen,420,1830,122.0,77.0,12.035569
FixedGreen,420,1860,116.0,70.0,9.269025
FixedGreen,420,1890,107.0,49.0,15.258557
FixedGreen,420,1920,118.0,47.0,16.062441
FixedGreen,420,1950,137.0,71.0,11.963293
FixedGreen,420,1980,139.0,85.0,7.777729
FixedGreen,420,2010,137.0,83.0,8.780649
FixedGreen,420,2040,125.0,66.0,12.069287
FixedGreen,420,2070,129.0,62.0,16.154034
FixedGreen,420,2100,140.0,77.0,11.698929
FixedGreen,420,2130,149.0,94.0,8.894993
FixedGreen,420,2160,144.0,92.0,7.805219
FixedGreen,420,2190,133.0,81.0,10.16755
FixedGreen,420,2220,134.0,68.0,14.090555
FixedGreen,420,2250,158.0,88.0,10.841977
FixedGreen,420,2280,177.0,114.0,8.969804
FixedGreen,420,2310,167.0,117.0,5.543626
FixedGreen,420,2340,155.0,110.0,7.126477
FixedGreen,420,2370,149.0,99.0,9.164344
FixedGreen,420,2400,173.0,104.0,9.576575
FixedGreen,420,2430,182.0,115.0,6.658715
FixedGreen,420,2460,174.0,103.0,9.123544
FixedGreen,420,2490,163.0,109.0,7.585256
FixedGreen,420,2520,158.0,98.0,9.302151
FixedGreen,420,2550,178.0,116.0,8.763827
FixedGreen,420,2580,188.0,125.0,7.135395
FixedGreen,420,2610,189.0,109.0,8.04025
FixedGreen,420,2640,179.0,119.0,6.630156
FixedGreen,420,2670,178.0,119.0,7.852501
FixedGreen,420,2700,195.0,121.0,7.493668
FixedGreen,420,2730,205.0,144.0,5.338748
FixedGreen,420,2760,199.0,112.0,7.400773
FixedGreen,420,2790,184.0,113.0,8.008657
FixedGreen,420,2820,181.0,117.0,8.358311
FixedGreen,420,2850,203.0,135.0,7.55025
FixedGreen,420,2880,214.0,144.0,6.200964
FixedGreen,420,2910,212.0,132.0,6.598338
FixedGreen,420,2940,196.0,123.0,8.22149
FixedGreen,420,2970,196.0,130.0,7.365326
FixedGreen,420,3000,213.0,147.0,6.401112
FixedGreen,420,3030,224.0,152.0,5.440112
FixedGreen,420,3060,214.0,142.0,5.676744
FixedGreen,420,3090,193.0,124.0,7.414454
FixedGreen,420,3120,187.0,122.0,7.409725
FixedGreen,420,3150,205.0,135.0,7.421294
FixedGreen,420,3180,217.0,149.0,5.791679
FixedGreen,420,3210,203.0,131.0,6.749518
FixedGreen,420,3240,184.0,118.0,7.899951
FixedGreen,420,3270,177.0,113.0,8.145103
FixedGreen,420,3300,194.0,123.0,7.238217
FixedGreen,420,3330,204.0,131.0,6.056857
FixedGreen,420,3360,190.0,100.0,7.836594
FixedGreen,420,3390,177.0,107.0,9.190418
FixedGreen,420,3420,166.0,115.0,6.869647
FixedGreen,420,3450,191.0,117.0,8.272151
FixedGreen,420,3480,200.0,132.0,6.535611
FixedGreen,420,3510,195.0,109.0,7.724592
FixedGreen,420,3540,182.0,110.0,8.684025
FixedGreen,420,3570,181.0,118.0,7.052995
FixedGreen,420,3600,199.0,134.0,6.587818
FixedGreen,420,3630,205.0,132.0,6.159205
FixedGreen,420,3660,204.0,113.0,7.10916
FixedGreen,420,3690,186.0,116.0,6.498411
FixedGreen,420,3720,191.0,116.0,8.41781
FixedGreen,420,3750,214.0,148.0,5.639557
FixedGreen,420,3780,223.0,159.0,5.309909
FixedGreen,420,3810,220.0,143.0,6.474702
FixedGreen,420,3840,206.0,132.0,8.414165
FixedGreen,420,3870,204.0,134.0,7.585457
FixedGreen,420,3900,219.0,151.0,6.359058
FixedGreen,420,3930,230.0,172.0,4.560755
FixedGreen,420,3960,221.0,141.0,6.445782
FixedGreen,420,3990,200.0,118.0,8.55847
FixedGreen,420,4020,200.0,124.0,7.350815
FixedGreen,420,4050,217.0,152.0,5.70839
FixedGreen,420,4080,232.0,156.0,5.067105
FixedGreen,420,4110,223.0,136.0,5.995454
FixedGreen,420,4140,201.0,133.0,7.273561
FixedGreen,420,4170,192.0,139.0,6.339991
FixedGreen,420,4200,207.0,149.0,6.170667
FixedGreen,420,4230,217.0,143.0,5.464722
FixedGreen,420,4260,205.0,127.0,6.557783
FixedGreen,420,4290,185.0,121.0,6.783904
FixedGreen,420,4320,185.0,119.0,7.158734
FixedGreen,420,4350,203.0,141.0,6.400796
FixedGreen,420,4380,218.0,148.0,5.578092
FixedGreen,420,4410,206.0,123.0,6.553684
FixedGreen,420,4440,185.0,103.0,7.876422
FixedGreen,420,4470,183.0,104.0,10.115966
FixedGreen,420,4500,206.0,133.0,7.36318
FixedGreen,420,4530,211.0,153.0,5.257016
FixedGreen,420,4560,200.0,121.0,7.531207
FixedGreen,420,4590,182.0,116.0,6.449401
FixedGreen,420,4620,183.0,124.0,7.015398
FixedGreen,420,4650,203.0,134.0,7.513506
FixedGreen,420,4680,209.0,145.0,5.427311
FixedGreen,420,4710,199.0,113.0,6.964247
FixedGreen,420,4740,179.0,110.0,6.982388
FixedGreen,420,4770,183.0,119.0,9.321314
FixedGreen,420,4800,203.0,124.0,6.282936
FixedGreen,420,4830,205.0,143.0,5.287727
FixedGreen,420,4860,190.0,120.0,6.509824
FixedGreen,420,4890,165.0,105.0,5.459021
FixedGreen,420,4920,164.0,103.0,9.76339
FixedGreen,420,4950,184.0,115.0,8.291808
FixedGreen,420,4980,193.0,124.0,6.820341
FixedGreen,420,5010,190.0,110.0,7.883105
FixedGreen,420,5040,175.0,121.0,6.702319
FixedGreen,420,5070,180.0,119.0,9.060358
FixedGreen,420,5100,198.0,136.0,7.025459
FixedGreen,420,5130,204.0,142.0,5.808055
FixedGreen,420,5160,192.0,109.0,6.864547
FixedGreen,420,5190,176.0,113.0,8.790745
FixedGreen,420,5220,175.0,114.0,8.453092
FixedGreen,420,5250,195.0,128.0,7.750279
FixedGreen,420,5280,204.0,145.0,6.208136
FixedGreen,420,5310,200.0,118.0,7.638867
FixedGreen,420,5340,181.0,113.0,7.584616
FixedGreen,420,5370,176.0,117.0,8.729042
FixedGreen,420,5400,190.0,130.0,7.589666
FixedGreen,40,900,3.0,3.0,0.0
FixedGreen,40,930,6.0,0.0,94.103784
FixedGreen,40,960,8.0,0.0,57.256622
FixedGreen,40,990,18.0,2.0,51.342225
FixedGreen,40,1020,19.0,6.0,26.486024
FixedGreen,40,1050,19.0,8.0,22.48
FixedGreen,40,1080,18.0,11.0,10.334095
FixedGreen,40,1110,12.0,6.0,19.474272
FixedGreen,40,1140,17.0,8.0,27.953538
FixedGreen,40,1170,18.0,9.0,18.706648
FixedGreen,40,1200,21.0,12.0,15.861678
FixedGreen,40,1230,20.0,12.0,18.152356
FixedGreen,40,1260,20.0,7.0,31.151065
FixedGreen,40,1290,26.0,10.0,43.4877
FixedGreen,40,1320,26.0,13.0,12.985387
FixedGreen,40,1350,29.0,20.0,15.217817
FixedGreen,40,1380,27.0,21.0,4.445546
FixedGreen,40,1410,22.0,5.0,20.31543
FixedGreen,40,1440,43.0,16.0,30.326177
FixedGreen,40,1470,42.0,16.0,25.171739
FixedGreen,40,1500,46.0,23.0,19.801709
FixedGreen,40,1530,44.0,29.0,10.90698
FixedGreen,40,1560,40.0,24.0,10.364046
FixedGreen,40,1590,56.0,28.0,23.948033
FixedGreen,40,1620,55.0,35.0,13.126793
FixedGreen,40,1650,58.0,45.0,8.560894
FixedGreen,40,1680,59.0,52.0,4.026186
FixedGreen,40,1710,54.0,37.0,9.534
FixedGreen,40,1740,56.0,41.0,10.204721
FixedGreen,40,1770,59.0,43.0,9.403006
FixedGreen,40,1800,58.0,52.0,4.017945
FixedGreen,40,1830,58.0,50.0,4.256119
FixedGreen,40,1860,54.0,36.0,11.350453
FixedGreen,40,1890,59.0,37.0,18.076952
FixedGreen,40,1920,59.0,45.0,6.397093
FixedGreen,40,1950,64.0,53.0,8.60812
FixedGreen,40,1980,60.0,56.0,1.62828
FixedGreen,40,2010,57.0,42.0,11.383993
FixedGreen,40,2040,59.0,43.0,11.149346
FixedGreen,40,2070,58.0,48.0,4.434372
FixedGreen,40,2100,59.0,51.0,4.364352
FixedGreen,40,2130,59.0,56.0,1.076414
FixedGreen,40,2160,55.0,41.0,9.159277
FixedGreen,40,2190,66.0,43.0,16.36022
FixedGreen,40,2220,66.0,51.0,6.327564
FixedGreen,40,2250,72.0,57.0,7.306676
FixedGreen,40,2280,69.0,60.0,4.957648
FixedGreen,40,2310,66.0,52.0,6.593468
FixedGreen,40,2340,75.0,54.0,11.883842
FixedGreen,40,2370,75.0,57.0,7.943391
FixedGreen,40,2400,83.0,66.0,7.248363
FixedGreen,40,2430,79.0,64.0,5.754595
FixedGreen,40,2460,74.0,60.0,6.65198
FixedGreen,40,2490,81.0,60.0,10.907752
FixedGreen,40,2520,81.0,67.0,5.395952
FixedGreen,40,2550,89.0,71.0,7.3175
FixedGreen,40,2580,91.0,70.0,7.664542
FixedGreen,40,2610,86.0,63.0,9.190887
FixedGreen,40,2640,90.0,74.0,6.864199
FixedGreen,40,2670,90.0,81.0,1.86113
FixedGreen,40,2700,98.0,83.0,6.715558
FixedGreen,40,2730,97.0,85.0,3.080293
FixedGreen,40,2760,95.0,72.0,8.045994
FixedGreen,40,2790,103.0,80.0,8.282828
FixedGreen,40,2820,103.0,89.0,3.845467
FixedGreen,40,2850,106.0,96.0,3.238334
FixedGreen,40,2880,103.0,90.0,3.212982
FixedGreen,40,2910,99.0,77.0,6.062725
FixedGreen,40,2940,101.0,83.0,5.105452
FixedGreen,40,2970,100.0,90.0,2.493071
FixedGreen,40,3000,104.0,90.0,5.498736
FixedGreen,40,3030,102.0,91.0,2.057133
FixedGreen,40,3060,98.0,77.0,5.767078
FixedGreen,40,3090,107.0,81.0,8.723805
FixedGreen,40,3120,106.0,94.0,1.893264
FixedGreen,40,3150,116.0,95.0,6.143173
FixedGreen,40,3180,115.0,99.0,3.399687
FixedGreen,40,3210,112.0,87.0,5.226723
FixedGreen,40,3240,119.0,90.0,6.832399
FixedGreen,40,3270,118.0,99.0,2.94208
FixedGreen,40,3300,125.0,108.0,4.902594
FixedGreen,40,3330,124.0,110.0,1.752604
FixedGreen,40,3360,123.0,99.0,6.355183
FixedGreen,40,3390,132.0,105.0,6.01561
FixedGreen,40,3420,130.0,114.0,1.937608
FixedGreen,40,3450,132.0,114.0,3.333212
FixedGreen,40,3480,133.0,118.0,2.120714
FixedGreen,40,3510,131.0,106.0,6.661134
FixedGreen,40,3540,137.0,110.0,7.232254
FixedGreen,40,3570,135.0,116.0,3.632471
FixedGreen,40,3600,136.0,115.0,5.891189
FixedGreen,40,3630,132.0,115.0,2.74083
FixedGreen,40,3660,123.0,103.0,4.891074
FixedGreen,40,3690,127.0,109.0,4.154995
FixedGreen,40,3720,126.0,110.0,2.441811
FixedGreen,40,3750,130.0,113.0,3.441801
FixedGreen,40,3780,131.0,114.0,2.967163
FixedGreen,40,3810,123.0,103.0,4.480582
FixedGreen,40,3840,127.0,106.0,5.053394
FixedGreen,40,3870,125.0,108.0,2.055643
FixedGreen,40,3900,127.0,112.0,3.673245
FixedGreen,40,3930,127.0,110.0,3.514655
FixedGreen,40,3960,126.0,96.0,5.820232
FixedGreen,40,3990,133.0,101.0,6.364286
FixedGreen,40,4020,132.0,110.0,3.560524
FixedGreen,40,4050,133.0,114.0,3.413731
FixedGreen,40,4080,128.0,113.0,1.796678
FixedGreen,40,4110,123.0,97.0,6.223133
FixedGreen,40,4140,127.0,102.0,5.196404
FixedGreen,40,4170,127.0,107.0,2.18122
FixedGreen,40,4200,132.0,115.0,4.311847
FixedGreen,40,4230,131.0,114.0,2.722652
FixedGreen,40,4260,128.0,107.0,4.271342
FixedGreen,40,4290,128.0,108.0,3.803146
FixedGreen,40,4320,128.0,111.0,2.275388
FixedGreen,40,4350,127.0,115.0,1.980846
FixedGreen,40,4380,126.0,114.0,1.599816
FixedGreen,40,4410,119.0,96.0,4.136747
FixedGreen,40,4440,122.0,102.0,4.439995
FixedGreen,40,4470,121.0,110.0,1.907864
FixedGreen,40,4500,123.0,114.0,2.174753
FixedGreen,40,4530,121.0,111.0,0.964426
FixedGreen,40,4560,119.0,98.0,7.051193
FixedGreen,40,4590,126.0,99.0,8.238896
FixedGreen,40,4620,124.0,105.0,2.674528
FixedGreen,40,4650,125.0,112.0,2.101426
FixedGreen,40,4680,124.0,110.0,2.78686
FixedGreen,40,4710,117.0,99.0,3.749026
FixedGreen,40,4740,118.0,101.0,4.053856
FixedGreen,40,4770,118.0,104.0,2.334507
FixedGreen,40,4800,120.0,111.0,3.177399
FixedGreen,40,4830,118.0,110.0,1.125759
FixedGreen,40,4860,114.0,94.0,4.805042
FixedGreen,40,4890,123.0,97.0,6.843145
FixedGreen,40,4920,122.0,103.0,4.188791
FixedGreen,40,4950,125.0,108.0,4.238625
FixedGreen,40,4980,124.0,108.0,3.55453
FixedGreen,40,5010,119.0,98.0,5.156019
FixedGreen,40,5040,127.0,99.0,8.419027
FixedGreen,40,5070,128.0,104.0,3.639656
FixedGreen,40,5100,129.0,116.0,2.330261
FixedGreen,40,5130,127.0,111.0,2.865967
FixedGreen,40,5160,120.0,97.0,5.263815
FixedGreen,40,5190,123.0,100.0,6.386536
FixedGreen,40,5220,122.0,104.0,3.53368
FixedGreen,40,5250,122.0,110.0,1.909876
FixedGreen,40,5280,116.0,107.0,1.171661
FixedGreen,40,5310,110.0,89.0,5.090282
FixedGreen,40,5340,119.0,89.0,7.24917
FixedGreen,40,5370,118.0,100.0,3.714108
FixedGreen,40,5400,119.0,109.0,2.31549
FixedGreen,32,900,21.0,0.0,42.621578
FixedGreen,32,930,28.0,0.0,41.515966
FixedGreen,32,960,26.0,0.0,40.26427
FixedGreen,32,990,34.0,0.0,40.794071
FixedGreen,32,1020,35.0,0.0,39.588551
FixedGreen,32,1050,39.0,0.0,41.339951
FixedGreen,32,1080,39.0,0.0,39.85123
FixedGreen,32,1110,38.0,0.0,38.489082
FixedGreen,32,1140,40.0,0.0,39.434154
FixedGreen,32,1170,40.0,0.0,38.766726
FixedGreen,32,1200,45.0,0.0,39.307792
FixedGreen,32,1230,31.0,0.0,40.528543
FixedGreen,32,1260,26.0,0.0,42.48927
FixedGreen,32,1290,23.0,0.0,41.443685
FixedGreen,32,1320,28.0,0.0,41.993223
FixedGreen,32,1350,32.0,0.0,41.449659
FixedGreen,32,1380,26.0,0.0,41.535523
FixedGreen,32,1410,30.0,0.0,40.415446
FixedGreen,32,1440,25.0,0.0,39.074655
FixedGreen,32,1470,33.0,0.0,40.859212
FixedGreen,32,1500,36.0,0.0,38.920385
FixedGreen,32,1530,33.0,0.0,40.43706
FixedGreen,32,1560,28.0,0.0,40.815462
FixedGreen,32,1590,29.0,0.0,40.799862
FixedGreen,32,1620,28.0,0.0,40.860749
FixedGreen,32,1650,32.0,0.0,40.469802
FixedGreen,32,1680,28.0,0.0,40.525824
FixedGreen,32,1710,29.0,0.0,40.78003
FixedGreen,32,1740,30.0,0.0,39.673163
FixedGreen,32,1770,32.0,0.0,39.261697
FixedGreen,32,1800,32.0,0.0,39.696316
FixedGreen,32,1830,34.0,0.0,40.479906
FixedGreen,32,1860,43.0,0.0,41.032488
FixedGreen,32,1890,39.0,0.0,40.096863
FixedGreen,32,1920,34.0,0.0,39.297192
FixedGreen,32,1950,28.0,0.0,39.726484
FixedGreen,32,1980,30.0,0.0,41.215001
FixedGreen,32,2010,30.0,0.0,41.782716
FixedGreen,32,2040,35.0,0.0,39.922101
FixedGreen,32,2070,35.0,0.0,40.186568
FixedGreen,32,2100,41.0,0.0,39.539044
FixedGreen,32,2130,43.0,0.0,39.095819
FixedGreen,32,2160,45.0,0.0,38.295707
FixedGreen,32,2190,37.0,0.0,38.998709
FixedGreen,32,2220,40.0,0.0,38.769993
FixedGreen,32,2250,41.0,0.0,39.343844
FixedGreen,32,2280,43.0,0.0,38.493992
FixedGreen,32,2310,40.0,0.0,37.922324
FixedGreen,32,2340,43.0,0.0,38.952631
FixedGreen,32,2370,38.0,0.0,38.492033
FixedGreen,32,2400,33.0,0.0,39.722951
FixedGreen,32,2430,29.0,0.0,37.919325
FixedGreen,32,2460,31.0,0.0,40.848299
FixedGreen,32,2490,40.0,0.0,40.412674
FixedGreen,32,2520,39.0,0.0,39.566397
FixedGreen,32,2550,41.0,0.0,38.658629
FixedGreen,32,2580,40.0,0.0,39.605874
FixedGreen,32,2610,36.0,0.0,38.756973
FixedGreen,32,2640,37.0,0.0,37.754774
FixedGreen,32,2670,42.0,0.0,37.123266
FixedGreen,32,2700,32.0,0.0,39.524805
FixedGreen,32,2730,33.0,0.0,38.713258
FixedGreen,32,2760,33.0,0.0,39.849735
FixedGreen,32,2790,37.0,0.0,39.642073
FixedGreen,32,2820,35.0,0.0,40.486373
FixedGreen,32,2850,32.0,0.0,39.923193
FixedGreen,32,2880,29.0,0.0,42.028442
FixedGreen,32,2910,29.0,0.0,41.353343
FixedGreen,32,2940,27.0,0.0,39.782736
FixedGreen,32,2970,22.0,0.0,40.724845
FixedGreen,32,3000,19.0,0.0,41.036192
FixedGreen,32,3030,16.0,0.0,41.790828
FixedGreen,32,3060,20.0,0.0,41.850365
FixedGreen,32,3090,21.0,0.0,42.481846
FixedGreen,32,3120,26.0,0.0,42.377151
FixedGreen,32,3150,31.0,0.0,41.125975
FixedGreen,32,3180,36.0,0.0,39.870488
FixedGreen,32,3210,35.0,0.0,38.979988
FixedGreen,32,3240,29.0,0.0,39.434165
FixedGreen,32,3270,32.0,0.0,40.095661
FixedGreen,32,3300,32.0,0.0,40.527018
FixedGreen,32,3330,36.0,0.0,39.943941
FixedGreen,32,3360,32.0,0.0,39.196474
FixedGreen,32,3390,30.0,0.0,39.310999
FixedGreen,32,3420,26.0,0.0,40.373366
FixedGreen,32,3450,28.0,0.0,40.662629
FixedGreen,32,3480,28.0,0.0,39.354994
FixedGreen,32,3510,33.0,0.0,39.562877
FixedGreen,32,3540,40.0,0.0,39.218489
FixedGreen,32,3570,39.0,0.0,40.614056
FixedGreen,32,3600,44.0,0.0,39.244252
FixedGreen,32,3630,35.0,0.0,39.18256
FixedGreen,32,3660,32.0,0.0,38.040509
FixedGreen,32,3690,28.0,0.0,40.561706
FixedGreen,32,3720,26.0,0.0,39.147448
FixedGreen,32,3750,27.0,0.0,39.749508
FixedGreen,32,3780,18.0,0.0,42.204255
FixedGreen,32,3810,16.0,0.0,41.894924
FixedGreen,32,3840,16.0,0.0,41.13842
FixedGreen,32,3870,21.0,0.0,41.038821
FixedGreen,32,3900,25.0,0.0,39.975518
FixedGreen,32,3930,26.0,0.0,41.747303
FixedGreen,32,3960,25.0,0.0,40.608513
FixedGreen,32,3990,26.0,0.0,40.204907
FixedGreen,32,4020,22.0,0.0,40.768144
FixedGreen,32,4050,18.0,0.0,41.056148
FixedGreen,32,4080,17.0,0.0,41.443699
FixedGreen,32,4110,17.0,0.0,41.816116
FixedGreen,32,4140,19.0,0.0,41.136303
FixedGreen,32,4170,21.0,0.0,40.896392
FixedGreen,32,4200,19.0,0.0,41.285401
FixedGreen,32,4230,14.0,0.0,41.370536
FixedGreen,32,4260,18.0,0.0,41.541953
FixedGreen,32,4290,25.0,0.0,42.252243
FixedGreen,32,4320,28.0,0.0,41.160757
FixedGreen,32,4350,22.0,0.0,40.966568
FixedGreen,32,4380,25.0,0.0,41.45923
FixedGreen,32,4410,27.0,0.0,38.277627
FixedGreen,32,4440,27.0,0.0,39.012727
FixedGreen,32,4470,24.0,0.0,38.316249
FixedGreen,32,4500,24.0,0.0,39.888918
FixedGreen,32,4530,15.0,0.0,41.61846
FixedGreen,32,4560,16.0,0.0,41.062803
FixedGreen,32,4590,15.0,0.0,40.397061
FixedGreen,32,4620,15.0,0.0,40.898277
FixedGreen,32,4650,15.0,0.0,39.060182
FixedGreen,32,4680,16.0,0.0,39.618247
FixedGreen,32,4710,19.0,0.0,41.29918
FixedGreen,32,4740,28.0,0.0,40.209578
FixedGreen,32,4770,25.0,0.0,41.208674
FixedGreen,32,4800,18.0,0.0,41.914531
FixedGreen,32,4830,8.0,0.0,41.384158
FixedGreen,32,4860,14.0,0.0,39.217994
FixedGreen,32,4890,16.0,0.0,38.656985
FixedGreen,32,4920,19.0,0.0,39.183849
FixedGreen,32,4950,20.0,0.0,38.343793
FixedGreen,32,4980,17.0,0.0,39.504191
FixedGreen,32,5010,17.0,0.0,39.672562
FixedGreen,32,5040,15.0,0.0,40.644916
FixedGreen,32,5070,20.0,0.0,40.94179
FixedGreen,32,5100,20.0,0.0,40.872969
FixedGreen,32,5130,18.0,0.0,42.089289
FixedGreen,32,5160,16.0,0.0,41.981913
FixedGreen,32,5190,15.0,0.0,42.279261
FixedGreen,32,5220,16.0,0.0,42.251603
FixedGreen,32,5250,14.0,0.0,42.913913
FixedGreen,32,5280,14.0,0.0,41.412113
FixedGreen,32,5310,11.0,0.0,40.234942
FixedGreen,32,5340,9.0,0.0,40.810163
FixedGreen,32,5370,9.0,0.0,41.123316
FixedGreen,32,5400,11.0,0.0,41.841324
FixedGreen,10491,900,1.0,0.0,121.951713
FixedGreen,10491,930,1.0,0.0,33.618564
FixedGreen,10491,960,10.0,0.0,38.609868
FixedGreen,10491,990,5.0,0.0,67.778373
FixedGreen,10491,1020,4.0,0.0,79.46526
FixedGreen,10491,1050,0,0,0
FixedGreen,10491,1080,1.0,0.0,71.859763
FixedGreen,10491,1110,10.0,0.0,35.203503
FixedGreen,10491,1140,14.0,1.0,16.220139
FixedGreen,10491,1170,5.0,0.0,42.360546
FixedGreen,10491,1200,7.0,0.0,44.110064
FixedGreen,10491,1230,10.0,0.0,33.26208
FixedGreen,10491,1260,13.0,0.0,24.890399
FixedGreen,10491,1290,13.0,0.0,19.988354
FixedGreen,10491,1320,11.0,0.0,24.906455
FixedGreen,10491,1350,6.0,0.0,48.3165
FixedGreen,10491,1380,5.0,0.0,55.511537
FixedGreen,10491,1410,5.0,0.0,38.064858
FixedGreen,10491,1440,10.0,0.0,42.065716
FixedGreen,10491,1470,4.0,0.0,89.854351
FixedGreen,10491,1500,8.0,0.0,33.591396
FixedGreen,10491,1530,8.0,0.0,34.227118
FixedGreen,10491,1560,8.0,0.0,32.618216
FixedGreen,10491,1590,5.0,0.0,49.44667
FixedGreen,10491,1620,2.0,0.0,101.143634
FixedGreen,10491,1650,8.0,0.0,35.792967
FixedGreen,10491,1680,10.0,0.0,36.829895
FixedGreen,10491,1710,10.0,0.0,18.595342
FixedGreen,10491,1740,10.0,0.0,41.083553
FixedGreen,10491,1770,3.0,0.0,40.730457
FixedGreen,10491,1800,7.0,0.0,35.508161
FixedGreen,10491,1830,9.0,0.0,32.325759
FixedGreen,10491,1860,9.0,0.0,32.070255
FixedGreen,10491,1890,13.0,0.0,33.319403
FixedGreen,10491,1920,9.0,0.0,36.58076
FixedGreen,10491,1950,9.0,0.0,32.829962
FixedGreen,10491,1980,3.0,0.0,66.835885
FixedGreen,10491,2010,1.0,0.0,31.873236
FixedGreen,10491,2040,10.0,0.0,37.691067
FixedGreen,10491,2070,7.0,0.0,38.52124
FixedGreen,10491,2100,6.0,0.0,35.432936
FixedGreen,10491,2130,4.0,0.0,33.187534
FixedGreen,10491,2160,5.0,0.0,24.456721
FixedGreen,10491,2190,5.0,0.0,31.233971
FixedGreen,10491,2220,7.0,0.0,31.805364
FixedGreen,10491,2250,8.0,0.0,42.700688
FixedGreen,10491,2280,6.0,0.0,17.655758
FixedGreen,10491,2310,8.0,0.0,28.767708
FixedGreen,10491,2340,7.0,0.0,34.32217
FixedGreen,10491,2370,3.0,0.0,44.074789
FixedGreen,10491,2400,9.0,0.0,34.014468
FixedGreen,10491,2430,3.0,0.0,63.642047
FixedGreen,10491,2460,10.0,0.0,35.025673
FixedGreen,10491,2490,9.0,1.0,27.701815
FixedGreen,10491,2520,14.0,1.0,22.928835
FixedGreen,10491,2550,11.0,0.0,31.042668
FixedGreen,10491,2580,10.0,0.0,43.622999
FixedGreen,10491,2610,4.0,0.0,38.886642
FixedGreen,10491,2640,4.0,0.0,31.349268
FixedGreen,10491,2670,11.0,0.0,34.271082
FixedGreen,10491,2700,7.0,0.0,57.738582
FixedGreen,10491,2730,11.0,0.0,28.742031
FixedGreen,10491,2760,8.0,0.0,34.869822
FixedGreen,10491,2790,5.0,0.0,33.420929
FixedGreen,10491,2820,9.0,0.0,36.575624
FixedGreen,10491,2850,10.0,0.0,37.588505
FixedGreen,10491,2880,7.0,0.0,34.542842
FixedGreen,10491,2910,2.0,0.0,31.920504
FixedGreen,10491,2940,10.0,0.0,30.847688
FixedGreen,10491,2970,8.0,0.0,50.38573
FixedGreen,10491,3000,9.0,0.0,39.797701
FixedGreen,10491,3030,14.0,0.0,19.965705
FixedGreen,10491,3060,4.0,0.0,60.688226
FixedGreen,10491,3090,8.0,0.0,32.300296
FixedGreen,10491,3120,10.0,0.0,31.892047
FixedGreen,10491,3150,10.0,0.0,36.96299
FixedGreen,10491,3180,1.0,0.0,34.828129
FixedGreen,10491,3210,3.0,0.0,32.046993
FixedGreen,10491,3240,7.0,0.0,32.717837
FixedGreen,10491,3270,11.0,0.0,33.100307
FixedGreen,10491,3300,5.0,0.0,46.664903
FixedGreen,10491,3330,8.0,0.0,38.801707
FixedGreen,10491,3360,6.0,0.0,28.91743
FixedGreen,10491,3390,5.0,0.0,27.340062
FixedGreen,10491,3420,9.0,0.0,43.244411
FixedGreen,10491,3450,9.0,0.0,26.026049
FixedGreen,10491,3480,9.0,0.0,33.095456
FixedGreen,10491,3510,6.0,0.0,46.223108
FixedGreen,10491,3540,5.0,0.0,37.921674
FixedGreen,10491,3570,9.0,0.0,34.422646
FixedGreen,10491,3600,6.0,0.0,35.343321
FixedGreen,10491,3630,6.0,0.0,35.66317
FixedGreen,10491,3660,8.0,0.0,53.026472
FixedGreen,10491,3690,3.0,0.0,79.732485
FixedGreen,10491,3720,7.0,0.0,36.40863
FixedGreen,10491,3750,3.0,0.0,40.581454
FixedGreen,10491,3780,7.0,0.0,42.8203
FixedGreen,10491,3810,11.0,0.0,35.812116
FixedGreen,10491,3840,6.0,0.0,33.669953
FixedGreen,10491,3870,2.0,0.0,31.469048
FixedGreen,10491,3900,10.0,0.0,33.715151
FixedGreen,10491,3930,9.0,0.0,34.530603
FixedGreen,10491,3960,3.0,0.0,53.683476
FixedGreen,10491,3990,11.0,1.0,35.932221
FixedGreen,10491,4020,1.0,0.0,32.572454
FixedGreen,10491,4050,10.0,0.0,32.848277
FixedGreen,10491,4080,6.0,0.0,27.875855
FixedGreen,10491,4110,11.0,0.0,37.017698
FixedGreen,10491,4140,13.0,0.0,19.72488
FixedGreen,10491,4170,6.0,0.0,48.921475
FixedGreen,10491,4200,10.0,0.0,26.942361
FixedGreen,10491,4230,2.0,0.0,57.003211
FixedGreen,10491,4260,6.0,0.0,47.870963
FixedGreen,10491,4290,6.0,0.0,60.410794
FixedGreen,10491,4320,5.0,0.0,54.761065
FixedGreen,10491,4350,6.0,0.0,31.096209
FixedGreen,10491,4380,5.0,0.0,32.875453
FixedGreen,10491,4410,9.0,0.0,39.21512
FixedGreen,10491,4440,9.0,0.0,43.256736
FixedGreen,10491,4470,1.0,0.0,79.113039
FixedGreen,10491,4500,4.0,0.0,25.894294
FixedGreen,10491,4530,11.0,0.0,29.091549
FixedGreen,10491,4560,11.0,0.0,30.137795
FixedGreen,10491,4590,3.0,0.0,59.300267
FixedGreen,10491,4620,7.0,0.0,52.370187
FixedGreen,10491,4650,1.0,0.0,31.759224
FixedGreen,10491,4680,8.0,0.0,31.817399
FixedGreen,10491,4710,9.0,0.0,33.24148
FixedGreen,10491,4740,8.0,0.0,53.613584
FixedGreen,10491,4770,2.0,0.0,113.856945
FixedGreen,10491,4800,6.0,0.0,52.101011
FixedGreen,10491,4830,10.0,0.0,29.819004
FixedGreen,10491,4860,8.0,0.0,33.638261
FixedGreen,10491,4890,5.0,0.0,57.298179
FixedGreen,10491,4920,3.0,0.0,102.351521
FixedGreen,10491,4950,1.0,0.0,107.34292
FixedGreen,10491,4980,5.0,0.0,30.926094
FixedGreen,10491,5010,11.0,0.0,22.583137
FixedGreen,10491,5040,12.0,0.0,36.317973
FixedGreen,10491,5070,10.0,0.0,45.284325
FixedGreen,10491,5100,5.0,0.0,41.654396
FixedGreen,10491,5130,10.0,0.0,27.26955
FixedGreen,10491,5160,8.0,0.0,28.463603
FixedGreen,10491,5190,13.0,0.0,20.805748
FixedGreen,10491,5220,8.0,0.0,32.656677
FixedGreen,10491,5250,6.0,0.0,47.44665
FixedGreen,10491,5280,7.0,0.0,33.284669
FixedGreen,10491,5310,11.0,0.0,34.484664
FixedGreen,10491,5340,5.0,0.0,35.629813
FixedGreen,10491,5370,6.0,0.0,50.760831
FixedGreen,10491,5400,5.0,0.0,58.497805
Offset10,10481,900,5.0,0.0,119.029284
Offset10,10481,930,2.0,0.0,123.625326
Offset10,10481,960,10.0,0.0,116.78911
Offset10,10481,990,0,0,0
Offset10,10481,1020,5.0,0.0,112.224455
Offset10,10481,1050,1.0,0.0,123.199647
Offset10,10481,1080,3.0,0.0,113.4269
Offset10,10481,1110,3.0,0.0,125.832996
Offset10,10481,1140,1.0,0.0,113.376193
Offset10,10481,1170,2.0,0.0,132.001827
Offset10,10481,1200,1.0,0.0,125.266348
Offset10,10481,1230,3.0,0.0,121.001897
Offset10,10481,1260,3.0,0.0,146.885949
Offset10,10481,1290,5.0,0.0,119.232957
Offset10,10481,1320,3.0,0.0,113.408954
Offset10,10481,1350,9.0,0.0,115.322073
Offset10,10481,1380,6.0,0.0,127.56479
Offset10,10481,1410,2.0,0.0,118.011594
Offset10,10481,1440,2.0,0.0,113.688756
Offset10,10481,1470,3.0,0.0,112.152978
Offset10,10481,1500,3.0,0.0,124.899362
Offset10,10481,1530,1.0,0.0,111.790602
Offset10,10481,1560,5.0,0.0,111.397807
Offset10,10481,1590,3.0,0.0,107.785163
Offset10,10481,1620,1.0,0.0,135.698244
Offset10,10481,1650,6.0,0.0,126.594544
Offset10,10481,1680,2.0,0.0,132.485852
Offset10,10481,1710,9.0,0.0,115.26306
Offset10,10481,1740,1.0,0.0,128.885607
Offset10,10481,1770,0,0,0
Offset10,10481,1800,4.0,0.0,126.421708
Offset10,10481,1830,6.0,0.0,105.525634
Offset10,10481,1860,0,0,0
Offset10,10481,1890,3.0,0.0,120.409177
Offset10,10481,1920,3.0,0.0,120.005569
Offset10,10481,1950,2.0,0.0,130.340105
Offset10,10481,1980,2.0,0.0,114.938459
Offset10,10481,2010,1.0,0.0,127.534537
Offset10,10481,2040,1.0,0.0,125.040874
Offset10,10481,2070,2.0,0.0,131.667055
Offset10,10481,2100,2.0,0.0,114.664784
Offset10,10481,2130,3.0,0.0,118.486289
Offset10,10481,2160,0,0,0
Offset10,10481,2190,2.0,0.0,106.998648
Offset10,10481,2220,2.0,0.0,95.805414
Offset10,10481,2250,1.0,0.0,105.252868
Offset10,10481,2280,5.0,0.0,119.749294
Offset10,10481,2310,2.0,0.0,107.562537
Offset10,10481,2340,2.0,0.0,117.717428
Offset10,10481,2370,2.0,0.0,119.381567
Offset10,10481,2400,4.0,0.0,115.111494
Offset10,10481,2430,3.0,0.0,119.17457
Offset10,10481,2460,0,0,0
Offset10,10481,2490,3.0,0.0,109.323274
Offset10,10481,2520,1.0,0.0,128.600757
Offset10,10481,2550,1.0,0.0,112.74857
Offset10,10481,2580,3.0,0.0,112.207074
Offset10,10481,2610,2.0,0.0,121.732072
Offset10,10481,2640,3.0,0.0,122.581204
Offset10,10481,2670,1.0,0.0,126.629164
Offset10,10481,2700,3.0,0.0,131.428236
Offset10,10481,2730,2.0,0.0,127.308714
Offset10,10481,2760,2.0,0.0,122.242064
Offset10,10481,2790,2.0,0.0,114.203518
Offset10,10481,2820,2.0,0.0,120.942791
Offset10,10481,2850,7.0,0.0,112.069022
Offset10,10481,2880,2.0,0.0,111.741609
Offset10,10481,2910,2.0,0.0,116.74798
Offset10,10481,2940,0,0,0
Offset10,10481,2970,0,0,0
Offset10,10481,3000,8.0,0.0,116.398702
Offset10,10481,3030,0,0,0
Offset10,10481,3060,2.0,0.0,119.32482
Offset10,10481,3090,2.0,0.0,128.76642
Offset10,10481,3120,3.0,0.0,118.432506
Offset10,10481,3150,2.0,0.0,112.23482
Offset10,10481,3180,5.0,0.0,114.080011
Offset10,10481,3210,4.0,0.0,111.088235
Offset10,10481,3240,1.0,0.0,114.508085
Offset10,10481,3270,5.0,0.0,114.248996
Offset10,10481,3300,3.0,0.0,118.18714
Offset10,10481,3330,4.0,0.0,123.629688
Offset10,10481,3360,0,0,0
Offset10,10481,3390,0,0,0
Offset10,10481,3420,0,0,0
Offset10,10481,3450,1.0,0.0,116.989039
Offset10,10481,3480,4.0,0.0,118.750524
Offset10,10481,3510,1.0,0.0,118.67134
Offset10,10481,3540,1.0,0.0,112.563257
Offset10,10481,3570,2.0,0.0,117.631936
Offset10,10481,3600,1.0,0.0,107.65905
Offset10,10481,3630,2.0,0.0,123.789578
Offset10,10481,3660,3.0,0.0,115.179223
Offset10,10481,3690,1.0,0.0,108.425311
Offset10,10481,3720,2.0,0.0,136.650006
Offset10,10481,3750,1.0,0.0,108.156195
Offset10,10481,3780,3.0,0.0,122.257526
Offset10,10481,3810,2.0,0.0,139.50884
Offset10,10481,3840,1.0,0.0,118.279314
Offset10,10481,3870,0,0,0
Offset10,10481,3900,0,0,0
Offset10,10481,3930,1.0,0.0,130.501463
Offset10,10481,3960,5.0,0.0,120.622593
Offset10,10481,3990,0,0,0
Offset10,10481,4020,2.0,0.0,126.280651
Offset10,10481,4050,3.0,0.0,111.392924
Offset10,10481,4080,3.0,0.0,118.728734
Offset10,10481,4110,1.0,0.0,109.310901
Offset10,10481,4140,6.0,0.0,110.370783
Offset10,10481,4170,3.0,0.0,113.956949
Offset10,10481,4200,2.0,0.0,121.219135
Offset10,10481,4230,0,0,0
Offset10,10481,4260,1.0,0.0,108.973636
Offset10,10481,4290,0,0,0
Offset10,10481,4320,0,0,0
Offset10,10481,4350,2.0,0.0,124.107038
Offset10,10481,4380,2.0,0.0,122.050917
Offset10,10481,4410,0,0,0
Offset10,10481,4440,4.0,0.0,115.221224
Offset10,10481,4470,2.0,0.0,108.101767
Offset10,10481,4500,4.0,0.0,121.032567
Offset10,10481,4530,2.0,0.0,115.740103
Offset10,10481,4560,1.0,0.0,90.585083
Offset10,10481,4590,4.0,0.0,113.309037
Offset10,10481,4620,6.0,0.0,119.580969
Offset10,10481,4650,2.0,0.0,109.830816
Offset10,10481,4680,3.0,0.0,112.102678
Offset10,10481,4710,2.0,0.0,112.981581
Offset10,10481,4740,3.0,0.0,111.532126
Offset10,10481,4770,3.0,0.0,127.17551
Offset10,10481,4800,7.0,0.0,121.691981
Offset10,10481,4830,3.0,0.0,128.133364
Offset10,10481,4860,5.0,0.0,118.382284
Offset10,10481,4890,2.0,0.0,115.974153
Offset10,10481,4920,4.0,0.0,125.017532
Offset10,10481,4950,2.0,0.0,122.692062
Offset10,10481,4980,5.0,0.0,129.778441
Offset10,10481,5010,2.0,0.0,121.621896
Offset10,10481,5040,0,0,0
Offset10,10481,5070,0,0,0
Offset10,10481,5100,1.0,0.0,111.630738
Offset10,10481,5130,3.0,0.0,112.753397
Offset10,10481,5160,4.0,0.0,121.775421
Offset10,10481,5190,2.0,0.0,121.933773
Offset10,10481,5220,2.0,0.0,124.392855
Offset10,10481,5250,3.0,0.0,118.826855
Offset10,10481,5280,5.0,0.0,114.597633
Offset10,10481,5310,1.0,0.0,132.472176
Offset10,10481,5340,0,0,0
Offset10,10481,5370,1.0,0.0,116.17014
Offset10,10481,5400,2.0,0.0,125.317817
Offset10,127,900,82.0,34.0,21.248102
Offset10,127,930,98.0,72.0,7.124107
Offset10,127,960,83.0,63.0,6.606748
Offset10,127,990,80.0,40.0,15.493133
Offset10,127,1020,70.0,17.0,19.642754
Offset10,127,1050,76.0,36.0,12.990546
Offset10,127,1080,87.0,73.0,6.711069
Offset10,127,1110,77.0,57.0,7.915359
Offset10,127,1140,64.0,18.0,21.999884
Offset10,127,1170,55.0,7.0,28.800992
Offset10,127,1200,64.0,36.0,20.123819
Offset10,127,1230,79.0,65.0,4.363678
Offset10,127,1260,70.0,49.0,10.445821
Offset10,127,1290,57.0,17.0,25.805675
Offset10,127,1320,50.0,9.0,30.933575
Offset10,127,1350,54.0,35.0,21.775876
Offset10,127,1380,80.0,61.0,11.58309
Offset10,127,1410,74.0,52.0,8.796381
Offset10,127,1440,65.0,20.0,25.302057
Offset10,127,1470,48.0,3.0,30.929096
Offset10,127,1500,52.0,30.0,14.276154
Offset10,127,1530,58.0,55.0,4.415169
Offset10,127,1560,54.0,27.0,20.21748
Offset10,127,1590,46.0,6.0,33.65763
Offset10,127,1620,39.0,2.0,40.46057
Offset10,127,1650,44.0,24.0,26.674579
Offset10,127,1680,64.0,50.0,8.161936
Offset10,127,1710,58.0,32.0,16.030006
Offset10,127,1740,50.0,21.0,20.631319
Offset10,127,1770,40.0,2.0,39.761807
Offset10,127,1800,38.0,26.0,16.465399
Offset10,127,1830,53.0,45.0,4.762334
Offset10,127,1860,55.0,27.0,26.06571
Offset10,127,1890,35.0,9.0,28.349596
Offset10,127,1920,30.0,3.0,50.598698
Offset10,127,1950,39.0,18.0,33.467189
Offset10,127,1980,46.0,40.0,7.70298
Offset10,127,2010,46.0,19.0,27.292529
Offset10,127,2040,27.0,7.0,41.568055
Offset10,127,2070,14.0,2.0,45.598271
Offset10,127,2100,24.0,8.0,41.798595
Offset10,127,2130,32.0,23.0,14.465116
Offset10,127,2160,23.0,10.0,21.042024
Offset10,127,2190,18.0,1.0,77.155856
Offset10,127,2220,14.0,2.0,44.066767
Offset10,127,2250,29.0,6.0,47.357043
Offset10,127,2280,43.0,19.0,30.374402
Offset10,127,2310,45.0,17.0,34.155373
Offset10,127,2340,25.0,5.0,38.50486
Offset10,127,2370,10.0,1.0,23.992561
Offset10,127,2400,22.0,5.0,46.39856
Offset10,127,2430,41.0,25.0,28.237744
Offset10,127,2460,40.0,15.0,33.590701
Offset10,127,2490,21.0,7.0,34.724579
Offset10,127,2520,21.0,0.0,64.205307
Offset10,127,2550,31.0,12.0,44.276205
Offset10,127,2580,47.0,31.0,20.885237
Offset10,127,2610,43.0,18.0,31.989087
Offset10,127,2640,22.0,5.0,32.07045
Offset10,127,2670,15.0,0.0,71.249096
Offset10,127,2700,19.0,14.0,10.527416
Offset10,127,2730,30.0,21.0,18.074928
Offset10,127,2760,30.0,11.0,41.863921
Offset10,127,2790,23.0,2.0,60.464963
Offset10,127,2820,18.0,3.0,50.427399
Offset10,127,2850,18.0,14.0,17.301301
Offset10,127,2880,39.0,25.0,31.522034
Offset10,127,2910,33.0,15.0,30.29356
Offset10,127,2940,21.0,3.0,53.554868
Offset10,127,2970,15.0,0.0,66.309108
Offset10,127,3000,23.0,8.0,39.270499
Offset10,127,3030,42.0,27.0,20.030364
Offset10,127,3060,37.0,14.0,29.532803
Offset10,127,3090,29.0,4.0,57.246699
Offset10,127,3120,16.0,3.0,33.993309
Offset10,127,3150,26.0,11.0,36.528499
Offset10,127,3180,43.0,26.0,24.803031
Offset10,127,3210,37.0,18.0,28.856198
Offset10,127,3240,26.0,5.0,52.290971
Offset10,127,3270,20.0,1.0,48.145733
Offset10,127,3300,27.0,12.0,27.323808
Offset10,127,3330,43.0,30.0,19.970434
Offset10,127,3360,35.0,17.0,19.04466
Offset10,127,3390,30.0,3.0,65.236302
Offset10,127,3420,25.0,4.0,51.282687
Offset10,127,3450,21.0,14.0,17.810962
Offset10,127,3480,38.0,18.0,26.888389
Offset10,127,3510,24.0,12.0,18.750517
Offset10,127,3540,20.0,2.0,75.373557
Offset10,127,3570,15.0,2.0,47.507652
Offset10,127,3600,19.0,8.0,29.865541
Offset10,127,3630,33.0,17.0,33.916412
Offset10,127,3660,28.0,11.0,27.04451
Offset10,127,3690,18.0,4.0,60.666423
Offset10,127,3720,4.0,0.0,70.336503
Offset10,127,3750,18.0,3.0,58.881635
Offset10,127,3780,33.0,17.0,33.74049
Offset10,127,3810,22.0,10.0,30.732098
Offset10,127,3840,28.0,2.0,70.25406
Offset10,127,3870,12.0,3.0,34.530852
Offset10,127,3900,20.0,5.0,65.443349
Offset10,127,3930,31.0,20.0,34.987544
Offset10,127,3960,17.0,6.0,23.983585
Offset10,127,3990,10.0,1.0,62.957913
Offset10,127,4020,5.0,0.0,61.152322
Offset10,127,4050,18.0,3.0,58.810221
Offset10,127,4080,41.0,22.0,34.168242
Offset10,127,4110,35.0,15.0,24.277545
Offset10,127,4140,26.0,2.0,52.844234
Offset10,127,4170,12.0,1.0,29.510883
Offset10,127,4200,30.0,8.0,44.200911
Offset10,127,4230,42.0,30.0,15.970466
Offset10,127,4260,27.0,13.0,19.127778
Offset10,127,4290,18.0,2.0,61.604992
Offset10,127,4320,12.0,1.0,44.863457
Offset10,127,4350,17.0,5.0,51.881643
Offset10,127,4380,30.0,19.0,33.053132
Offset10,127,4410,18.0,7.0,24.629365
Offset10,127,4440,18.0,1.0,81.068291
Offset10,127,4470,11.0,0.0,90.003332
Offset10,127,4500,19.0,4.0,58.888839
Offset10,127,4530,34.0,21.0,17.882916
Offset10,127,4560,27.0,9.0,33.404358
Offset10,127,4590,24.0,1.0,55.768309
Offset10,127,4620,16.0,2.0,61.992997
Offset10,127,4650,22.0,12.0,19.109963
Offset10,127,4680,30.0,24.0,20.267184
Offset10,127,4710,30.0,11.0,46.929453
Offset10,127,4740,17.0,1.0,60.012665
Offset10,127,4770,22.0,0.0,73.540236
Offset10,127,4800,25.0,13.0,24.554007
Offset10,127,4830,37.0,31.0,13.022073
Offset10,127,4860,35.0,12.0,35.703239
Offset10,127,4890,17.0,4.0,35.100702
Offset10,127,4920,20.0,0.0,72.457209
Offset10,127,4950,23.0,13.0,16.926487
Offset10,127,4980,42.0,24.0,27.412042
Offset10,127,5010,39.0,17.0,21.123591
Offset10,127,5040,17.0,1.0,28.214497
Offset10,127,5070,21.0,0.0,76.565068
Offset10,127,5100,26.0,11.0,31.387622
Offset10,127,5130,40.0,27.0,19.344264
Offset10,127,5160,35.0,15.0,27.927455
Offset10,127,5190,15.0,4.0,26.76784
Offset10,127,5220,15.0,0.0,87.69277
Offset10,127,5250,21.0,9.0,36.106136
Offset10,127,5280,43.0,24.0,32.50819
Offset10,127,5310,36.0,16.0,20.143075
Offset10,127,5340,21.0,2.0,49.717192
Offset10,127,5370,11.0,0.0,74.492894
Offset10,127,5400,20.0,6.0,39.696569
Offset10,10682,900,9.0,0.0,31.748926
Offset10,10682,930,15.0,2.0,17.625892
Offset10,10682,960,21.0,4.0,8.390284
Offset10,10682,990,18.0,2.0,11.765207
Offset10,10682,1020,18.0,2.0,11.765175
Offset10,10682,1050,20.0,4.0,13.447052
Offset10,10682,1080,24.0,10.0,6.050647
Offset10,10682,1110,18.0,5.0,9.979308
Offset10,10682,1140,14.0,0.0,19.744037
Offset10,10682,1170,12.0,2.0,24.162989
Offset10,10682,1200,21.0,5.0,9.200241
Offset10,10682,1230,25.0,6.0,7.520014
Offset10,10682,1260,24.0,7.0,7.970224
Offset10,10682,1290,23.0,7.0,9.29366
Offset10,10682,1320,21.0,3.0,10.451925
Offset10,10682,1350,21.0,3.0,8.581767
Offset10,10682,1380,21.0,3.0,8.865133
Offset10,10682,1410,19.0,3.0,9.458008
Offset10,10682,1440,15.0,4.0,13.985243
Offset10,10682,1470,14.0,1.0,18.081507
Offset10,10682,1500,19.0,1.0,8.007442
Offset10,10682,1530,20.0,7.0,10.602484
Offset10,10682,1560,15.0,3.0,18.7942
Offset10,10682,1590,15.0,1.0,19.087141
Offset10,10682,1620,20.0,10.0,5.415949
Offset10,10682,1650,22.0,6.0,7.003144
Offset10,10682,1680,22.0,4.0,7.373814
Offset10,10682,1710,23.0,5.0,6.192353
Offset10,10682,1740,22.0,6.0,6.864336
Offset10,10682,1770,21.0,6.0,8.988013
Offset10,10682,1800,20.0,4.0,7.774055
Offset10,10682,1830,21.0,2.0,8.985872
Offset10,10682,1860,22.0,5.0,7.627564
Offset10,10682,1890,21.0,7.0,7.930022
Offset10,10682,1920,19.0,2.0,10.44171
Offset10,10682,1950,22.0,5.0,7.842826
Offset10,10682,1980,25.0,8.0,6.927651
Offset10,10682,2010,24.0,5.0,7.640914
Offset10,10682,2040,23.0,8.0,7.757055
Offset10,10682,2070,23.0,11.0,5.596929
Offset10,10682,2100,21.0,7.0,8.793858
Offset10,10682,2130,22.0,6.0,7.912077
Offset10,10682,2160,24.0,10.0,4.719426
Offset10,10682,2190,19.0,2.0,10.254224
Offset10,10682,2220,20.0,3.0,11.160635
Offset10,10682,2250,22.0,9.0,7.939006
Offset10,10682,2280,23.0,10.0,6.254993
Offset10,10682,2310,23.0,5.0,8.95518
Offset10,10682,2340,22.0,7.0,7.396828
Offset10,10682,2370,23.0,5.0,10.094571
Offset10,10682,2400,21.0,7.0,7.806749
Offset10,10682,2430,21.0,7.0,6.111213
Offset10,10682,2460,20.0,3.0,9.129449
Offset10,10682,2490,21.0,8.0,6.223014
Offset10,10682,2520,20.0,9.0,7.34434
Offset10,10682,2550,21.0,7.0,8.187111
Offset10,10682,2580,21.0,7.0,6.019303
Offset10,10682,2610,21.0,4.0,7.548675
Offset10,10682,2640,20.0,5.0,10.286392
Offset10,10682,2670,20.0,4.0,9.457516
Offset10,10682,2700,20.0,4.0,10.36565
Offset10,10682,2730,21.0,5.0,8.848224
Offset10,10682,2760,21.0,2.0,10.483325
Offset10,10682,2790,20.0,4.0,9.770763
Offset10,10682,2820,19.0,1.0,10.380433
Offset10,10682,2850,21.0,1.0,11.036831
Offset10,10682,2880,22.0,4.0,7.848691
Offset10,10682,2910,23.0,5.0,6.911802
Offset10,10682,2940,23.0,8.0,6.695675
Offset10,10682,2970,23.0,6.0,7.670912
Offset10,10682,3000,22.0,4.0,10.168027
Offset10,10682,3030,21.0,7.0,7.894131
Offset10,10682,3060,19.0,2.0,9.559181
Offset10,10682,3090,21.0,6.0,7.912143
Offset10,10682,3120,22.0,4.0,8.302635
Offset10,10682,3150,21.0,4.0,9.455595
Offset10,10682,3180,20.0,6.0,8.438214
Offset10,10682,3210,24.0,5.0,6.877522
Offset10,10682,3240,20.0,1.0,8.710999
Offset10,10682,3270,21.0,7.0,8.539912
Offset10,10682,3300,20.0,4.0,8.277216
Offset10,10682,3330,22.0,4.0,9.409742
Offset10,10682,3360,20.0,1.0,7.569022
Offset10,10682,3390,20.0,8.0,4.885421
Offset10,10682,3420,21.0,9.0,6.02721
Offset10,10682,3450,21.0,3.0,7.487956
Offset10,10682,3480,20.0,5.0,8.729682
Offset10,10682,3510,19.0,5.0,7.828631
Offset10,10682,3540,23.0,8.0,7.563575
Offset10,10682,3570,20.0,6.0,9.762571
Offset10,10682,3600,19.0,6.0,9.542074
Offset10,10682,3630,20.0,1.0,11.928346
Offset10,10682,3660,21.0,4.0,11.873002
Offset10,10682,3690,19.0,8.0,5.868193
Offset10,10682,3720,17.0,1.0,12.935988
Offset10,10682,3750,19.0,4.0,12.311937
Offset10,10682,3780,22.0,10.0,8.174521
Offset10,10682,3810,22.0,5.0,8.622745
Offset10,10682,3840,20.0,5.0,8.828717
Offset10,10682,3870,23.0,6.0,9.764597
Offset10,10682,3900,24.0,6.0,8.907908
Offset10,10682,3930,24.0,8.0,8.334048
Offset10,10682,3960,23.0,4.0,8.542138
Offset10,10682,3990,23.0,9.0,7.406905
Offset10,10682,4020,24.0,9.0,7.380193
Offset10,10682,4050,22.0,7.0,8.826899
Offset10,10682,4080,22.0,5.0,11.280863
Offset10,10682,4110,22.0,7.0,8.168898
Offset10,10682,4140,26.0,9.0,6.516113
Offset10,10682,4170,25.0,8.0,7.771639
Offset10,10682,4200,23.0,8.0,7.800257
Offset10,10682,4230,21.0,10.0,6.787302
Offset10,10682,4260,21.0,4.0,9.90411
Offset10,10682,4290,24.0,8.0,4.955583
Offset10,10682,4320,22.0,6.0,5.746449
Offset10,10682,4350,21.0,7.0,7.446139
Offset10,10682,4380,21.0,4.0,8.578499
Offset10,10682,4410,20.0,3.0,8.624904
Offset10,10682,4440,19.0,4.0,11.50636
Offset10,10682,4470,17.0,0.0,12.10001
Offset10,10682,4500,18.0,3.0,12.197256
Offset10,10682,4530,20.0,6.0,12.001477
Offset10,10682,4560,22.0,5.0,9.585213
Offset10,10682,4590,22.0,9.0,8.311665
Offset10,10682,4620,23.0,7.0,7.029869
Offset10,10682,4650,22.0,7.0,7.998529
Offset10,10682,4680,23.0,2.0,8.156372
Offset10,10682,4710,23.0,9.0,6.291201
Offset10,10682,4740,20.0,5.0,6.197018
Offset10,10682,4770,23.0,8.0,9.045299
Offset10,10682,4800,19.0,3.0,12.258548
Offset10,10682,4830,18.0,3.0,12.260247
Offset10,10682,4860,19.0,3.0,9.702433
Offset10,10682,4890,14.0,2.0,13.979735
Offset10,10682,4920,13.0,2.0,16.057122
Offset10,10682,4950,16.0,2.0,11.085845
Offset10,10682,4980,17.0,3.0,10.696711
Offset10,10682,5010,16.0,0.0,16.71556
Offset10,10682,5040,10.0,0.0,24.427355
Offset10,10682,5070,10.0,1.0,23.531614
Offset10,10682,5100,10.0,0.0,17.444648
Offset10,10682,5130,13.0,2.0,16.984033
Offset10,10682,5160,15.0,1.0,14.543687
Offset10,10682,5190,19.0,5.0,12.411183
Offset10,10682,5220,22.0,3.0,8.665566
Offset10,10682,5250,24.0,7.0,8.006053
Offset10,10682,5280,24.0,7.0,6.238707
Offset10,10682,5310,23.0,5.0,7.254754
Offset10,10682,5340,23.0,3.0,9.809886
Offset10,10682,5370,22.0,4.0,6.636525
Offset10,10682,5400,21.0,3.0,10.869884
Offset10,68,900,1.0,0.0,25.816068
Offset10,68,930,6.0,0.0,39.64446
Offset10,68,960,0,0,0
Offset10,68,990,8.0,0.0,48.079363
Offset10,68,1020,4.0,0.0,61.215312
Offset10,68,1050,0,0,0
Offset10,68,1080,5.0,0.0,41.963429
Offset10,68,1110,1.0,0.0,30.520979
Offset10,68,1140,8.0,0.0,31.05489
Offset10,68,1170,9.0,0.0,31.072042
Offset10,68,1200,0,0,0
Offset10,68,1230,6.0,0.0,40.442044
Offset10,68,1260,4.0,0.0,35.404027
Offset10,68,1290,7.0,0.0,42.948183
Offset10,68,1320,5.0,0.0,30.060968
Offset10,68,1350,2.0,0.0,36.710863
Offset10,68,1380,7.0,0.0,47.787858
Offset10,68,1410,0,0,0
Offset10,68,1440,4.0,0.0,43.976719
Offset10,68,1470,7.0,0.0,25.480717
Offset10,68,1500,0,0,0
Offset10,68,1530,4.0,0.0,41.67946
Offset10,68,1560,4.0,0.0,56.622511
Offset10,68,1590,17.0,0.0,29.519368
Offset10,68,1620,7.0,0.0,32.321895
Offset10,68,1650,11.0,3.0,8.118576
Offset10,68,1680,11.0,3.0,25.216222
Offset10,68,1710,1.0,0.0,42.286005
Offset10,68,1740,14.0,0.0,25.530365
Offset10,68,1770,12.0,0.0,20.820978
Offset10,68,1800,10.0,4.0,6.800886
Offset10,68,1830,8.0,2.0,24.935606
Offset10,68,1860,4.0,0.0,32.988865
Offset10,68,1890,6.0,0.0,29.5321
Offset10,68,1920,18.0,6.0,11.872686
Offset10,68,1950,12.0,4.0,7.997182
Offset10,68,1980,14.0,5.0,17.948633
Offset10,68,2010,3.0,0.0,10.172292
Offset10,68,2040,6.0,0.0,46.424306
Offset10,68,2070,12.0,2.0,7.547329
Offset10,68,2100,15.0,2.0,11.955864
Offset10,68,2130,16.0,3.0,24.813477
Offset10,68,2160,3.0,1.0,6.397325
Offset10,68,2190,11.0,0.0,20.363346
Offset10,68,2220,13.0,4.0,9.489057
Offset10,68,2250,13.0,2.0,10.364727
Offset10,68,2280,11.0,3.0,18.749254
Offset10,68,2310,6.0,0.0,18.853756
Offset10,68,2340,9.0,0.0,42.302381
Offset10,68,2370,13.0,5.0,13.707989
Offset10,68,2400,10.0,2.0,9.081561
Offset10,68,2430,14.0,2.0,16.01912
Offset10,68,2460,2.0,0.0,23.54183
Offset10,68,2490,11.0,0.0,36.557452
Offset10,68,2520,13.0,1.0,17.082882
Offset10,68,2550,12.0,4.0,7.347843
Offset10,68,2580,13.0,1.0,24.109801
Offset10,68,2610,2.0,0.0,8.183832
Offset10,68,2640,12.0,0.0,33.240557
Offset10,68,2670,13.0,4.0,21.925006
Offset10,68,2700,9.0,2.0,16.27526
Offset10,68,2730,7.0,0.0,32.218911
Offset10,68,2760,0,0,0
Offset10,68,2790,8.0,1.0,30.420794
Offset10,68,2820,12.0,1.0,11.268091
Offset10,68,2850,11.0,2.0,13.786154
Offset10,68,2880,13.0,0.0,27.295566
Offset10,68,2910,0,0,0
Offset10,68,2940,5.0,0.0,37.847457
Offset10,68,2970,13.0,6.0,6.874688
Offset10,68,3000,10.0,1.0,11.546052
Offset10,68,3030,5.0,0.0,35.047772
Offset10,68,3060,0,0,0
Offset10,68,3090,11.0,0.0,30.636618
Offset10,68,3120,12.0,0.0,25.471411
Offset10,68,3150,7.0,2.0,20.655353
Offset10,68,3180,4.0,0.0,39.115688
Offset10,68,3210,1.0,0.0,9.011148
Offset10,68,3240,9.0,0.0,36.109243
Offset10,68,3270,12.0,2.0,12.089757
Offset10,68,3300,10.0,4.0,8.01572
Offset10,68,3330,10.0,1.0,26.596965
Offset10,68,3360,1.0,0.0,45.452094
Offset10,68,3390,11.0,0.0,32.26938
Offset10,68,3420,7.0,0.0,10.228611
Offset10,68,3450,3.0,0.0,31.86713
Offset10,68,3480,5.0,0.0,42.073545
Offset10,68,3510,0,0,0
Offset10,68,3540,10.0,0.0,26.928882
Offset10,68,3570,12.0,0.0,15.89917
Offset10,68,3600,8.0,1.0,20.95171
Offset10,68,3630,10.0,0.0,35.349101
Offset10,68,3660,0,0,0
Offset10,68,3690,11.0,1.0,24.214347
Offset10,68,3720,9.0,2.0,20.092894
Offset10,68,3750,6.0,0.0,25.755085
Offset10,68,3780,6.0,0.0,35.485292
Offset10,68,3810,0,0,0
Offset10,68,3840,11.0,0.0,29.41847
Offset10,68,3870,8.0,0.0,13.859966
Offset10,68,3900,9.0,5.0,9.187169
Offset10,68,3930,11.0,1.0,17.263307
Offset10,68,3960,0,0,0
Offset10,68,3990,7.0,0.0,28.496781
Offset10,68,4020,10.0,0.0,18.286867
Offset10,68,4050,10.0,0.0,17.730375
Offset10,68,4080,8.0,0.0,38.045559
Offset10,68,4110,2.0,0.0,42.952091
Offset10,68,4140,6.0,0.0,36.092934
Offset10,68,4170,11.0,3.0,13.57718
Offset10,68,4200,10.0,2.0,11.940367
Offset10,68,4230,8.0,0.0,31.864271
Offset10,68,4260,1.0,0.0,40.07167
Offset10,68,4290,8.0,0.0,34.95521
Offset10,68,4320,6.0,0.0,22.344642
Offset10,68,4350,3.0,0.0,43.129342
Offset10,68,4380,5.0,0.0,38.270092
Offset10,68,4410,0,0,0
Offset10,68,4440,13.0,1.0,22.874326
Offset10,68,4470,8.0,0.0,33.499773
Offset10,68,4500,9.0,0.0,17.613365
Offset10,68,4530,7.0,0.0,37.657784
Offset10,68,4560,0,0,0
Offset10,68,4590,6.0,0.0,53.927811
Offset10,68,4620,6.0,0.0,35.912007
Offset10,68,4650,0,0,0
Offset10,68,4680,5.0,0.0,40.469073
Offset10,68,4710,0,0,0
Offset10,68,4740,6.0,0.0,32.251511
Offset10,68,4770,7.0,0.0,33.278746
Offset10,68,4800,3.0,0.0,10.777334
Offset10,68,4830,5.0,0.0,41.561906
Offset10,68,4860,0,0,0
Offset10,68,4890,4.0,0.0,42.731689
Offset10,68,4920,1.0,0.0,40.175219
Offset10,68,4950,2.0,0.0,38.448259
Offset10,68,4980,5.0,0.0,42.543003
Offset10,68,5010,0,0,0
Offset10,68,5040,11.0,0.0,40.321114
Offset10,68,5070,10.0,0.0,37.252394
Offset10,68,5100,4.0,0.0,32.660479
Offset10,68,5130,5.0,0.0,42.387999
Offset10,68,5160,0,0,0
Offset10,68,5190,8.0,0.0,38.847712
Offset10,68,5220,11.0,2.0,8.098593
Offset10,68,5250,6.0,0.0,23.780988
Offset10,68,5280,8.0,0.0,41.42406
Offset10,68,5310,1.0,0.0,44.905667
Offset10,68,5340,8.0,0.0,38.162124
Offset10,68,5370,4.0,0.0,29.834902
Offset10,68,5400,0,0,0
Offset10,121,900,12.0,0.0,24.527312
Offset10,121,930,8.0,1.0,48.520042
Offset10,121,960,12.0,1.0,30.368271
Offset10,121,990,9.0,0.0,49.316847
Offset10,121,1020,16.0,3.0,15.168132
Offset10,121,1050,12.0,1.0,19.57602
Offset10,121,1080,6.0,0.0,34.789226
Offset10,121,1110,9.0,0.0,36.756708
Offset10,121,1140,12.0,0.0,50.385254
Offset10,121,1170,14.0,0.0,28.026727
Offset10,121,1200,15.0,1.0,17.80749
Offset10,121,1230,10.0,1.0,33.451445
Offset10,121,1260,12.0,0.0,36.411988
Offset10,121,1290,15.0,0.0,38.181796
Offset10,121,1320,13.0,3.0,15.640542
Offset10,121,1350,13.0,1.0,28.046369
Offset10,121,1380,8.0,0.0,43.505967
Offset10,121,1410,9.0,1.0,31.070309
Offset10,121,1440,13.0,0.0,48.645728
Offset10,121,1470,8.0,0.0,36.211884
Offset10,121,1500,11.0,0.0,27.993201
Offset10,121,1530,4.0,0.0,42.836663
Offset10,121,1560,12.0,0.0,37.685487
Offset10,121,1590,16.0,1.0,39.57153
Offset10,121,1620,19.0,0.0,26.597361
Offset10,121,1650,17.0,1.0,25.762269
Offset10,121,1680,14.0,1.0,23.939058
Offset10,121,1710,18.0,2.0,18.32092
Offset10,121,1740,14.0,0.0,31.867847
Offset10,121,1770,16.0,2.0,21.558996
Offset10,121,1800,19.0,3.0,26.438353
Offset10,121,1830,16.0,2.0,22.258591
Offset10,121,1860,20.0,0.0,22.003794
Offset10,121,1890,20.0,3.0,23.004086
Offset10,121,1920,20.0,1.0,18.491406
Offset10,121,1950,22.0,4.0,17.60109
Offset10,121,1980,17.0,2.0,28.344993
Offset10,121,2010,21.0,1.0,19.55783
Offset10,121,2040,22.0,3.0,25.785643
Offset10,121,2070,17.0,2.0,25.868479
Offset10,121,2100,15.0,3.0,20.333931
Offset10,121,2130,19.0,3.0,17.769513
Offset10,121,2160,24.0,1.0,23.228606
Offset10,121,2190,21.0,2.0,22.582177
Offset10,121,2220,17.0,1.0,20.537015
Offset10,121,2250,16.0,1.0,19.900901
Offset10,121,2280,15.0,1.0,20.694675
Offset10,121,2310,25.0,1.0,22.411509
Offset10,121,2340,20.0,3.0,17.970651
Offset10,121,2370,17.0,0.0,24.148558
Offset10,121,2400,16.0,1.0,16.695381
Offset10,121,2430,15.0,3.0,18.007703
Offset10,121,2460,25.0,1.0,18.878751
Offset10,121,2490,26.0,2.0,15.847718
Offset10,121,2520,24.0,2.0,17.833665
Offset10,121,2550,18.0,3.0,16.250754
Offset10,121,2580,18.0,1.0,21.110829
Offset10,121,2610,20.0,1.0,21.632479
Offset10,121,2640,20.0,3.0,28.25879
Offset10,121,2670,14.0,0.0,26.865359
Offset10,121,2700,17.0,2.0,21.232395
Offset10,121,2730,18.0,2.0,18.360851
Offset10,121,2760,22.0,2.0,17.264566
Offset10,121,2790,20.0,0.0,31.359082
Offset10,121,2820,17.0,2.0,20.728721
Offset10,121,2850,16.0,0.0,18.409797
Offset10,121,2880,17.0,3.0,19.901667
Offset10,121,2910,23.0,2.0,20.284115
Offset10,121,2940,22.0,2.0,25.43349
Offset10,121,2970,19.0,3.0,22.927662
Offset10,121,3000,14.0,0.0,26.866657
Offset10,121,3030,13.0,0.0,15.677683
Offset10,121,3060,18.0,0.0,27.222393
Offset10,121,3090,16.0,0.0,42.611881
Offset10,121,3120,17.0,1.0,22.563926
Offset10,121,3150,16.0,2.0,17.250655
Offset10,121,3180,17.0,1.0,17.577951
Offset10,121,3210,17.0,1.0,20.210893
Offset10,121,3240,19.0,0.0,25.738255
Offset10,121,3270,18.0,1.0,27.129483
Offset10,121,3300,16.0,1.0,21.33735
Offset10,121,3330,15.0,0.0,25.154642
Offset10,121,3360,19.0,1.0,20.125477
Offset10,121,3390,16.0,3.0,23.617352
Offset10,121,3420,18.0,1.0,18.826858
Offset10,121,3450,18.0,5.0,18.484451
Offset10,121,3480,15.0,0.0,20.643341
Offset10,121,3510,17.0,0.0,25.237645
Offset10,121,3540,14.0,0.0,34.058785
Offset10,121,3570,17.0,1.0,27.412829
Offset10,121,3600,18.0,0.0,21.461244
Offset10,121,3630,13.0,0.0,23.385888
Offset10,121,3660,15.0,1.0,19.885308
Offset10,121,3690,14.0,2.0,27.548484
Offset10,121,3720,14.0,0.0,20.932334
Offset10,121,3750,16.0,5.0,13.910578
Offset10,121,3780,18.0,1.0,21.441496
Offset10,121,3810,18.0,2.0,19.445169
Offset10,121,3840,15.0,0.0,31.692909
Offset10,121,3870,14.0,0.0,17.381209
Offset10,121,3900,14.0,0.0,17.7198
Offset10,121,3930,15.0,1.0,26.499198
Offset10,121,3960,23.0,2.0,21.706834
Offset10,121,3990,14.0,0.0,35.51776
Offset10,121,4020,16.0,1.0,24.334425
Offset10,121,4050,17.0,0.0,25.251063
Offset10,121,4080,17.0,0.0,26.514889
Offset10,121,4110,19.0,1.0,23.758777
Offset10,121,4140,21.0,3.0,22.864426
Offset10,121,4170,19.0,1.0,16.384014
Offset10,121,4200,16.0,3.0,19.441179
Offset10,121,4230,16.0,0.0,16.977113
Offset10,121,4260,19.0,2.0,24.397851
Offset10,121,4290,19.0,1.0,30.213903
Offset10,121,4320,16.0,1.0,21.433715
Offset10,121,4350,15.0,0.0,19.29875
Offset10,121,4380,10.0,0.0,29.984727
Offset10,121,4410,14.0,0.0,28.648675
Offset10,121,4440,11.0,0.0,55.521961
Offset10,121,4470,18.0,0.0,27.808836
Offset10,121,4500,16.0,0.0,17.505467
Offset10,121,4530,15.0,0.0,17.616172
Offset10,121,4560,13.0,0.0,26.433723
Offset10,121,4590,12.0,0.0,39.659977
Offset10,121,4620,15.0,0.0,21.139055
Offset10,121,4650,15.0,0.0,24.694199
Offset10,121,4680,8.0,0.0,25.057832
Offset10,121,4710,14.0,1.0,24.78507
Offset10,121,4740,17.0,0.0,34.352851
Offset10,121,4770,16.0,5.0,12.588958
Offset10,121,4800,14.0,0.0,27.258629
Offset10,121,4830,7.0,0.0,25.439968
Offset10,121,4860,10.0,0.0,36.705498
Offset10,121,4890,8.0,1.0,32.006446
Offset10,121,4920,15.0,1.0,21.464381
Offset10,121,4950,10.0,1.0,22.045015
Offset10,121,4980,6.0,0.0,58.37563
Offset10,121,5010,8.0,0.0,39.730808
Offset10,121,5040,11.0,0.0,50.576606
Offset10,121,5070,15.0,0.0,31.318426
Offset10,121,5100,18.0,2.0,19.780421
Offset10,121,5130,13.0,0.0,22.118369
Offset10,121,5160,15.0,1.0,20.547174
Offset10,121,5190,12.0,0.0,23.007603
Offset10,121,5220,16.0,0.0,23.9106
Offset10,121,5250,17.0,1.0,20.481405
Offset10,121,5280,14.0,3.0,15.468623
Offset10,121,5310,21.0,4.0,26.735652
Offset10,121,5340,14.0,1.0,28.107689
Offset10,121,5370,17.0,3.0,17.004655
Offset10,121,5400,16.0,2.0,17.71011
Offset10,10646,900,5.0,0.0,42.341608
Offset10,10646,930,8.0,0.0,56.906681
Offset10,10646,960,4.0,0.0,31.894396
Offset10,10646,990,8.0,0.0,37.905679
Offset10,10646,1020,6.0,0.0,44.867687
Offset10,10646,1050,7.0,0.0,41.712035
Offset10,10646,1080,7.0,0.0,38.586917
Offset10,10646,1110,4.0,0.0,36.042781
Offset10,10646,1140,5.0,0.0,40.439921
Offset10,10646,1170,7.0,0.0,37.20174
Offset10,10646,1200,8.0,0.0,34.062244
Offset10,10646,1230,10.0,0.0,39.706652
Offset10,10646,1260,6.0,0.0,44.246838
Offset10,10646,1290,7.0,0.0,43.706849
Offset10,10646,1320,8.0,0.0,44.882947
Offset10,10646,1350,7.0,0.0,58.861261
Offset10,10646,1380,4.0,0.0,33.601811
Offset10,10646,1410,7.0,0.0,30.591884
Offset10,10646,1440,6.0,0.0,36.987326
Offset10,10646,1470,10.0,0.0,43.353252
Offset10,10646,1500,4.0,0.0,64.692834
Offset10,10646,1530,4.0,0.0,42.681608
Offset10,10646,1560,2.0,0.0,41.472797
Offset10,10646,1590,8.0,0.0,35.878532
Offset10,10646,1620,5.0,0.0,49.786755
Offset10,10646,1650,8.0,0.0,47.125238
Offset10,10646,1680,7.0,0.0,48.114847
Offset10,10646,1710,6.0,0.0,45.526428
Offset10,10646,1740,9.0,0.0,41.822243
Offset10,10646,1770,7.0,0.0,41.684903
Offset10,10646,1800,8.0,0.0,48.057508
Offset10,10646,1830,5.0,0.0,57.113404
Offset10,10646,1860,5.0,0.0,61.938233
Offset10,10646,1890,8.0,0.0,43.283448
Offset10,10646,1920,5.0,0.0,42.700865
Offset10,10646,1950,6.0,0.0,51.055586
Offset10,10646,1980,6.0,0.0,70.014092
Offset10,10646,2010,6.0,0.0,45.41382
Offset10,10646,2040,10.0,0.0,42.136932
Offset10,10646,2070,4.0,0.0,35.918101
Offset10,10646,2100,5.0,0.0,47.784451
Offset10,10646,2130,3.0,0.0,83.127131
Offset10,10646,2160,8.0,0.0,47.875861
Offset10,10646,2190,13.0,0.0,42.840913
Offset10,10646,2220,6.0,0.0,38.619817
Offset10,10646,2250,7.0,0.0,35.8831
Offset10,10646,2280,6.0,0.0,36.895186
Offset10,10646,2310,6.0,2.0,33.613923
Offset10,10646,2340,12.0,0.0,37.355491
Offset10,10646,2370,8.0,0.0,40.892658
Offset10,10646,2400,6.0,0.0,42.279529
Offset10,10646,2430,6.0,0.0,55.698946
Offset10,10646,2460,5.0,0.0,46.809534
Offset10,10646,2490,8.0,0.0,37.108391
Offset10,10646,2520,13.0,0.0,40.794613
Offset10,10646,2550,9.0,0.0,42.976252
Offset10,10646,2580,9.0,0.0,42.761319
Offset10,10646,2610,4.0,0.0,54.282243
Offset10,10646,2640,8.0,0.0,40.376563
Offset10,10646,2670,11.0,0.0,40.217285
Offset10,10646,2700,8.0,0.0,44.349013
Offset10,10646,2730,3.0,0.0,35.991317
Offset10,10646,2760,6.0,0.0,42.258081
Offset10,10646,2790,10.0,0.0,40.810968
Offset10,10646,2820,6.0,0.0,38.122473
Offset10,10646,2850,12.0,0.0,47.749063
Offset10,10646,2880,8.0,0.0,43.463079
Offset10,10646,2910,9.0,0.0,45.127949
Offset10,10646,2940,8.0,0.0,38.680285
Offset10,10646,2970,10.0,0.0,36.50322
Offset10,10646,3000,8.0,0.0,40.894141
Offset10,10646,3030,5.0,0.0,53.319058
Offset10,10646,3060,7.0,0.0,38.956598
Offset10,10646,3090,8.0,0.0,40.723239
Offset10,10646,3120,4.0,0.0,36.938063
Offset10,10646,3150,7.0,0.0,34.515596
Offset10,10646,3180,8.0,0.0,40.247487
Offset10,10646,3210,6.0,0.0,43.129699
Offset10,10646,3240,8.0,0.0,39.469893
Offset10,10646,3270,5.0,0.0,41.547536
Offset10,10646,3300,9.0,0.0,54.325959
Offset10,10646,3330,6.0,0.0,41.587095
Offset10,10646,3360,6.0,0.0,53.866625
Offset10,10646,3390,10.0,0.0,43.488182
Offset10,10646,3420,7.0,0.0,38.096803
Offset10,10646,3450,10.0,0.0,33.15571
Offset10,10646,3480,6.0,0.0,51.632032
Offset10,10646,3510,7.0,0.0,47.083897
Offset10,10646,3540,7.0,0.0,43.914029
Offset10,10646,3570,7.0,0.0,43.290762
Offset10,10646,3600,7.0,0.0,37.835584
Offset10,10646,3630,6.0,0.0,50.138446
Offset10,10646,3660,7.0,0.0,40.312316
Offset10,10646,3690,7.0,0.0,35.861603
Offset10,10646,3720,7.0,0.0,46.087491
Offset10,10646,3750,7.0,0.0,56.986611
Offset10,10646,3780,5.0,0.0,34.640535
Offset10,10646,3810,11.0,0.0,38.564404
Offset10,10646,3840,9.0,0.0,39.481791
Offset10,10646,3870,10.0,0.0,38.299198
Offset10,10646,3900,6.0,0.0,38.816087
Offset10,10646,3930,7.0,0.0,37.481321
Offset10,10646,3960,8.0,0.0,39.36413
Offset10,10646,3990,11.0,0.0,40.733319
Offset10,10646,4020,6.0,0.0,38.977892
Offset10,10646,4050,8.0,0.0,44.790478
Offset10,10646,4080,5.0,0.0,59.665795
Offset10,10646,4110,8.0,0.0,37.133782
Offset10,10646,4140,10.0,0.0,40.913235
Offset10,10646,4170,9.0,0.0,42.058767
Offset10,10646,4200,7.0,0.0,52.941255
Offset10,10646,4230,6.0,0.0,47.498659
Offset10,10646,4260,7.0,0.0,43.688993
Offset10,10646,4290,7.0,0.0,43.23541
Offset10,10646,4320,6.0,0.0,38.560571
Offset10,10646,4350,7.0,0.0,62.087478
Offset10,10646,4380,6.0,0.0,47.203632
Offset10,10646,4410,6.0,0.0,38.586358
Offset10,10646,4440,8.0,0.0,38.618793
Offset10,10646,4470,8.0,0.0,58.908538
Offset10,10646,4500,5.0,0.0,50.566737
Offset10,10646,4530,7.0,0.0,60.442066
Offset10,10646,4560,8.0,0.0,45.220356
Offset10,10646,4590,9.0,0.0,41.287666
Offset10,10646,4620,6.0,0.0,51.934349
Offset10,10646,4650,3.0,0.0,58.456668
Offset10,10646,4680,2.0,0.0,48.649074
Offset10,10646,4710,7.0,0.0,39.187653
Offset10,10646,4740,5.0,0.0,42.771945
Offset10,10646,4770,6.0,0.0,55.511729
Offset10,10646,4800,5.0,0.0,40.949453
Offset10,10646,4830,6.0,0.0,38.682787
Offset10,10646,4860,9.0,0.0,37.580984
Offset10,10646,4890,6.0,0.0,46.064337
Offset10,10646,4920,3.0,0.0,45.108698
Offset10,10646,4950,5.0,0.0,42.714449
Offset10,10646,4980,7.0,0.0,42.46242
Offset10,10646,5010,4.0,0.0,42.788281
Offset10,10646,5040,3.0,0.0,41.323978
Offset10,10646,5070,4.0,0.0,52.248008
Offset10,10646,5100,8.0,0.0,50.552287
Offset10,10646,5130,7.0,0.0,42.794303
Offset10,10646,5160,5.0,0.0,41.038232
Offset10,10646,5190,10.0,0.0,38.529844
Offset10,10646,5220,6.0,0.0,50.557688
Offset10,10646,5250,7.0,0.0,49.608395
Offset10,10646,5280,5.0,0.0,37.737703
Offset10,10646,5310,5.0,0.0,45.744763
Offset10,10646,5340,9.0,0.0,41.700449
Offset10,10646,5370,6.0,0.0,42.690922
Offset10,10646,5400,5.0,0.0,44.035557
Offset10,10639,900,2.0,0.0,31.895159
Offset10,10639,930,1.0,0.0,42.200035
Offset10,10639,960,1.0,0.0,44.382428
Offset10,10639,990,2.0,0.0,42.016687
Offset10,10639,1020,0,0,0
Offset10,10639,1050,0,0,0
Offset10,10639,1080,1.0,0.0,42.215354
Offset10,10639,1110,1.0,0.0,33.726902
Offset10,10639,1140,3.0,0.0,36.370338
Offset10,10639,1170,4.0,0.0,40.882903
Offset10,10639,1200,2.0,0.0,43.703308
Offset10,10639,1230,2.0,0.0,40.986616
Offset10,10639,1260,2.0,1.0,20.323485
Offset10,10639,1290,5.0,1.0,31.665971
Offset10,10639,1320,3.0,2.0,3.750656
Offset10,10639,1350,2.0,0.0,44.604767
Offset10,10639,1380,3.0,0.0,41.647768
Offset10,10639,1410,2.0,0.0,42.12905
Offset10,10639,1440,5.0,1.0,31.214616
Offset10,10639,1470,4.0,0.0,22.260542
Offset10,10639,1500,1.0,0.0,43.220257
Offset10,10639,1530,2.0,0.0,41.205685
Offset10,10639,1560,3.0,0.0,42.024694
Offset10,10639,1590,0,0,0
Offset10,10639,1620,0,0,0
Offset10,10639,1650,1.0,0.0,40.894012
Offset10,10639,1680,3.0,0.0,42.019337
Offset10,10639,1710,3.0,0.0,16.773174
Offset10,10639,1740,2.0,0.0,34.61266
Offset10,10639,1770,3.0,1.0,27.223175
Offset10,10639,1800,4.0,2.0,21.427676
Offset10,10639,1830,0,0,0
Offset10,10639,1860,1.0,0.0,35.5533
Offset10,10639,1890,6.0,0.0,25.201658
Offset10,10639,1920,10.0,7.0,12.81854
Offset10,10639,1950,13.0,7.0,13.995107
Offset10,10639,1980,14.0,8.0,10.024619
Offset10,10639,2010,13.0,5.0,8.552618
Offset10,10639,2040,18.0,10.0,11.076107
Offset10,10639,2070,19.0,9.0,8.27663
Offset10,10639,2100,19.0,8.0,2.714801
Offset10,10639,2130,21.0,13.0,7.090972
Offset10,10639,2160,20.0,13.0,2.336163
Offset10,10639,2190,21.0,13.0,3.822718
Offset10,10639,2220,22.0,11.0,4.725321
Offset10,10639,2250,20.0,10.0,4.016142
Offset10,10639,2280,22.0,7.0,6.983585
Offset10,10639,2310,24.0,11.0,4.994767
Offset10,10639,2340,27.0,13.0,3.595435
Offset10,10639,2370,24.0,16.0,2.250458
Offset10,10639,2400,22.0,15.0,2.742175
Offset10,10639,2430,21.0,14.0,1.760663
Offset10,10639,2460,25.0,15.0,8.86038
Offset10,10639,2490,25.0,12.0,4.472447
Offset10,10639,2520,23.0,17.0,1.233279
Offset10,10639,2550,23.0,14.0,2.536241
Offset10,10639,2580,21.0,13.0,2.679796
Offset10,10639,2610,21.0,9.0,4.184278
Offset10,10639,2640,20.0,15.0,2.322336
Offset10,10639,2670,20.0,13.0,2.087942
Offset10,10639,2700,21.0,10.0,7.866291
Offset10,10639,2730,18.0,8.0,3.151298
Offset10,10639,2760,18.0,12.0,3.721774
Offset10,10639,2790,16.0,10.0,3.85606
Offset10,10639,2820,14.0,5.0,5.954468
Offset10,10639,2850,15.0,8.0,6.344228
Offset10,10639,2880,14.0,7.0,5.904315
Offset10,10639,2910,14.0,7.0,4.584395
Offset10,10639,2940,9.0,2.0,13.921498
Offset10,10639,2970,8.0,6.0,5.741461
Offset10,10639,3000,5.0,4.0,8.13755
Offset10,10639,3030,3.0,1.0,6.466279
Offset10,10639,3060,2.0,0.0,23.005981
Offset10,10639,3090,1.0,0.0,17.381028
Offset10,10639,3120,0,0,0
Offset10,10639,3150,2.0,0.0,22.136983
Offset10,10639,3180,2.0,0.0,42.643484
Offset10,10639,3210,1.0,0.0,28.157856
Offset10,10639,3240,2.0,0.0,32.582362
Offset10,10639,3270,7.0,1.0,21.528369
Offset10,10639,3300,6.0,4.0,5.415857
Offset10,10639,3330,7.0,2.0,7.7819
Offset10,10639,3360,5.0,4.0,8.368099
Offset10,10639,3390,7.0,1.0,20.302108
Offset10,10639,3420,10.0,4.0,14.295333
Offset10,10639,3450,10.0,8.0,4.594969
Offset10,10639,3480,12.0,7.0,8.472134
Offset10,10639,3510,11.0,8.0,0.667657
Offset10,10639,3540,10.0,7.0,0.865006
Offset10,10639,3570,8.0,5.0,3.095882
Offset10,10639,3600,8.0,7.0,5.5731
Offset10,10639,3630,6.0,1.0,11.907479
Offset10,10639,3660,5.0,4.0,8.094905
Offset10,10639,3690,6.0,3.0,11.745421
Offset10,10639,3720,4.0,0.0,12.192165
Offset10,10639,3750,4.0,0.0,11.898841
Offset10,10639,3780,4.0,3.0,11.112645
Offset10,10639,3810,4.0,1.0,22.479198
Offset10,10639,3840,4.0,1.0,32.304293
Offset10,10639,3870,3.0,2.0,0.536657
Offset10,10639,3900,0,0,0
Offset10,10639,3930,2.0,0.0,31.419837
Offset10,10639,3960,1.0,0.0,8.764029
Offset10,10639,3990,1.0,0.0,31.530165
Offset10,10639,4020,1.0,0.0,44.910782
Offset10,10639,4050,2.0,0.0,41.447322
Offset10,10639,4080,5.0,0.0,34.647252
Offset10,10639,4110,6.0,4.0,13.778216
Offset10,10639,4140,5.0,3.0,1.030026
Offset10,10639,4170,4.0,2.0,11.313871
Offset10,10639,4200,2.0,1.0,0.783051
Offset10,10639,4230,2.0,0.0,43.661903
Offset10,10639,4260,0,0,0
Offset10,10639,4290,0,0,0
Offset10,10639,4320,3.0,0.0,29.316609
Offset10,10639,4350,3.0,1.0,14.839759
Offset10,10639,4380,3.0,1.0,10.573193
Offset10,10639,4410,3.0,2.0,13.771175
Offset10,10639,4440,2.0,2.0,0.0
Offset10,10639,4470,1.0,0.0,13.643608
Offset10,10639,4500,3.0,0.0,35.542368
Offset10,10639,4530,4.0,0.0,22.298906
Offset10,10639,4560,4.0,1.0,27.461449
Offset10,10639,4590,3.0,3.0,0.0
Offset10,10639,4620,4.0,0.0,25.413212
Offset10,10639,4650,3.0,0.0,30.416506
Offset10,10639,4680,5.0,1.0,19.251608
Offset10,10639,4710,4.0,3.0,1.566949
Offset10,10639,4740,4.0,1.0,19.336731
Offset10,10639,4770,4.0,2.0,17.368644
Offset10,10639,4800,4.0,0.0,31.812441
Offset10,10639,4830,4.0,2.0,10.762769
Offset10,10639,4860,4.0,1.0,21.83302
Offset10,10639,4890,3.0,1.0,16.996054
Offset10,10639,4920,3.0,1.0,18.21471
Offset10,10639,4950,3.0,0.0,28.791986
Offset10,10639,4980,0,0,0
Offset10,10639,5010,3.0,0.0,30.582999
Offset10,10639,5040,0,0,0
Offset10,10639,5070,0,0,0
Offset10,10639,5100,1.0,0.0,13.531783
Offset10,10639,5130,1.0,0.0,40.256753
Offset10,10639,5160,1.0,0.0,44.823124
Offset10,10639,5190,0,0,0
Offset10,10639,5220,1.0,0.0,31.894108
Offset10,10639,5250,2.0,0.0,41.8828
Offset10,10639,5280,1.0,0.0,42.05781
Offset10,10639,5310,1.0,0.0,34.765839
Offset10,10639,5340,3.0,1.0,27.298139
Offset10,10639,5370,3.0,1.0,20.039573
Offset10,10639,5400,2.0,0.0,29.306878
Offset10,70,900,0,0,0
Offset10,70,930,10.0,0.0,42.599454
Offset10,70,960,4.0,0.0,48.993321
Offset10,70,990,0,0,0
Offset10,70,1020,0,0,0
Offset10,70,1050,10.0,0.0,35.802117
Offset10,70,1080,3.0,0.0,57.759469
Offset10,70,1110,6.0,0.0,37.842842
Offset10,70,1140,7.0,0.0,48.231485
Offset10,70,1170,2.0,0.0,44.470646
Offset10,70,1200,2.0,0.0,40.700786
Offset10,70,1230,3.0,0.0,40.622732
Offset10,70,1260,5.0,0.0,49.539043
Offset10,70,1290,9.0,0.0,42.892874
Offset10,70,1320,6.0,0.0,58.163042
Offset10,70,1350,7.0,0.0,39.987882
Offset10,70,1380,2.0,0.0,49.319608
Offset10,70,1410,1.0,0.0,39.267495
Offset10,70,1440,1.0,0.0,42.775801
Offset10,70,1470,2.0,0.0,35.052277
Offset10,70,1500,3.0,0.0,39.413175
Offset10,70,1530,7.0,0.0,35.676843
Offset10,70,1560,1.0,0.0,70.305289
Offset10,70,1590,3.0,0.0,56.272857
Offset10,70,1620,1.0,0.0,104.447678
Offset10,70,1650,4.0,0.0,42.056509
Offset10,70,1680,6.0,0.0,47.544524
Offset10,70,1710,6.0,0.0,35.714015
Offset10,70,1740,3.0,0.0,40.911361
Offset10,70,1770,4.0,0.0,43.185432
Offset10,70,1800,0,0,0
Offset10,70,1830,3.0,0.0,57.481452
Offset10,70,1860,9.0,0.0,31.728135
Offset10,70,1890,4.0,0.0,63.187982
Offset10,70,1920,4.0,0.0,50.495018
Offset10,70,1950,4.0,0.0,43.020252
Offset10,70,1980,5.0,0.0,50.104087
Offset10,70,2010,9.0,0.0,44.440021
Offset10,70,2040,3.0,0.0,75.138082
Offset10,70,2070,1.0,0.0,42.706987
Offset10,70,2100,7.0,0.0,42.573822
Offset10,70,2130,4.0,0.0,54.076322
Offset10,70,2160,11.0,0.0,38.663995
Offset10,70,2190,3.0,0.0,61.487917
Offset10,70,2220,1.0,0.0,44.697908
Offset10,70,2250,8.0,0.0,43.007257
Offset10,70,2280,9.0,0.0,43.903084
Offset10,70,2310,8.0,0.0,36.592936
Offset10,70,2340,2.0,0.0,58.599347
Offset10,70,2370,3.0,0.0,59.970941
Offset10,70,2400,8.0,0.0,39.134424
Offset10,70,2430,8.0,0.0,28.591623
Offset10,70,2460,5.0,0.0,52.157862
Offset10,70,2490,7.0,0.0,44.692328
Offset10,70,2520,3.0,0.0,41.890311
Offset10,70,2550,3.0,0.0,38.273148
Offset10,70,2580,11.0,0.0,37.161955
Offset10,70,2610,4.0,0.0,42.051976
Offset10,70,2640,9.0,0.0,41.806821
Offset10,70,2670,3.0,0.0,56.77524
Offset10,70,2700,1.0,0.0,43.426933
Offset10,70,2730,5.0,0.0,39.900887
Offset10,70,2760,4.0,0.0,44.281078
Offset10,70,2790,0,0,0
Offset10,70,2820,3.0,0.0,50.021132
Offset10,70,2850,1.0,0.0,39.623716
Offset10,70,2880,4.0,0.0,37.980759
Offset10,70,2910,7.0,0.0,36.404725
Offset10,70,2940,7.0,0.0,47.184255
Offset10,70,2970,2.0,0.0,41.589338
Offset10,70,3000,5.0,0.0,41.838792
Offset10,70,3030,9.0,0.0,37.366346
Offset10,70,3060,6.0,0.0,44.528268
Offset10,70,3090,3.0,0.0,79.461037
Offset10,70,3120,2.0,0.0,42.922996
Offset10,70,3150,8.0,0.0,35.924847
Offset10,70,3180,4.0,0.0,53.920741
Offset10,70,3210,3.0,0.0,31.047775
Offset10,70,3240,6.0,0.0,42.502989
Offset10,70,3270,2.0,0.0,65.594282
Offset10,70,3300,4.0,0.0,34.505994
Offset10,70,3330,4.0,0.0,53.10063
Offset10,70,3360,4.0,0.0,59.477703
Offset10,70,3390,11.0,0.0,51.671337
Offset10,70,3420,1.0,0.0,45.129114
Offset10,70,3450,7.0,0.0,42.572791
Offset10,70,3480,2.0,0.0,43.662362
Offset10,70,3510,3.0,0.0,54.180326
Offset10,70,3540,1.0,0.0,42.919705
Offset10,70,3570,2.0,0.0,81.868537
Offset10,70,3600,3.0,0.0,42.133023
Offset10,70,3630,4.0,0.0,41.201028
Offset10,70,3660,6.0,0.0,49.117346
Offset10,70,3690,2.0,0.0,37.258368
Offset10,70,3720,2.0,0.0,54.492499
Offset10,70,3750,5.0,0.0,43.634337
Offset10,70,3780,5.0,0.0,48.827409
Offset10,70,3810,1.0,0.0,44.519306
Offset10,70,3840,1.0,0.0,34.568753
Offset10,70,3870,2.0,0.0,34.773862
Offset10,70,3900,4.0,0.0,38.004123
Offset10,70,3930,7.0,0.0,44.10756
Offset10,70,3960,1.0,0.0,44.012745
Offset10,70,3990,2.0,0.0,55.87941
Offset10,70,4020,6.0,0.0,40.060056
Offset10,70,4050,5.0,0.0,40.061215
Offset10,70,4080,0,0,0
Offset10,70,4110,5.0,0.0,37.015218
Offset10,70,4140,2.0,0.0,112.87988
Offset10,70,4170,1.0,0.0,46.506115
Offset10,70,4200,5.0,0.0,41.112191
Offset10,70,4230,10.0,0.0,40.775381
Offset10,70,4260,0,0,0
Offset10,70,4290,4.0,0.0,36.183701
Offset10,70,4320,2.0,0.0,42.063644
Offset10,70,4350,4.0,0.0,51.551081
Offset10,70,4380,1.0,0.0,43.416641
Offset10,70,4410,2.0,0.0,36.785591
Offset10,70,4440,3.0,0.0,58.479201
Offset10,70,4470,4.0,0.0,39.20475
Offset10,70,4500,6.0,0.0,40.717873
Offset10,70,4530,7.0,0.0,45.614565
Offset10,70,4560,1.0,0.0,75.157072
Offset10,70,4590,1.0,0.0,77.78727
Offset10,70,4620,3.0,0.0,59.38137
Offset10,70,4650,8.0,0.0,39.359516
Offset10,70,4680,1.0,0.0,99.513549
Offset10,70,4710,6.0,0.0,58.088656
Offset10,70,4740,1.0,0.0,42.915414
Offset10,70,4770,7.0,0.0,47.836556
Offset10,70,4800,3.0,0.0,40.679598
Offset10,70,4830,0,0,0
Offset10,70,4860,1.0,0.0,41.902358
Offset10,70,4890,2.0,0.0,56.003803
Offset10,70,4920,7.0,0.0,41.160522
Offset10,70,4950,4.0,0.0,39.593455
Offset10,70,4980,5.0,0.0,55.408726
Offset10,70,5010,2.0,0.0,44.874045
Offset10,70,5040,1.0,0.0,38.035952
Offset10,70,5070,2.0,0.0,41.337913
Offset10,70,5100,4.0,0.0,51.091752
Offset10,70,5130,3.0,0.0,62.143814
Offset10,70,5160,3.0,0.0,57.124087
Offset10,70,5190,5.0,0.0,40.151575
Offset10,70,5220,1.0,0.0,41.901399
Offset10,70,5250,9.0,0.0,36.804072
Offset10,70,5280,1.0,0.0,32.152713
Offset10,70,5310,2.0,0.0,39.484354
Offset10,70,5340,0,0,0
Offset10,70,5370,8.0,0.0,35.602095
Offset10,70,5400,4.0,0.0,42.008866
Offset10,71,900,7.0,6.0,7.069042
Offset10,71,930,13.0,11.0,0.622556
Offset10,71,960,28.0,24.0,2.281613
Offset10,71,990,19.0,15.0,3.209695
Offset10,71,1020,27.0,24.0,4.128379
Offset10,71,1050,18.0,12.0,7.676561
Offset10,71,1080,13.0,11.0,5.653534
Offset10,71,1110,27.0,22.0,3.783922
Offset10,71,1140,22.0,16.0,11.127
Offset10,71,1170,26.0,22.0,0.983055
Offset10,71,1200,17.0,6.0,13.717912
Offset10,71,1230,19.0,16.0,5.501761
Offset10,71,1260,26.0,25.0,1.396403
Offset10,71,1290,16.0,15.0,1.918861
Offset10,71,1320,25.0,21.0,3.809275
Offset10,71,1350,18.0,6.0,10.742216
Offset10,71,1380,19.0,16.0,2.212528
Offset10,71,1410,32.0,29.0,1.230906
Offset10,71,1440,14.0,11.0,5.283478
Offset10,71,1470,21.0,20.0,0.773785
Offset10,71,1500,15.0,1.0,10.733812
Offset10,71,1530,19.0,16.0,5.001205
Offset10,71,1560,25.0,23.0,1.939053
Offset10,71,1590,15.0,9.0,5.946862
Offset10,71,1620,12.0,12.0,0.0
Offset10,71,1650,2.0,0.0,45.658881
Offset10,71,1680,5.0,4.0,8.206214
Offset10,71,1710,20.0,18.0,2.106786
Offset10,71,1740,14.0,13.0,6.656551
Offset10,71,1770,20.0,19.0,3.64029
Offset10,71,1800,12.0,6.0,15.750041
Offset10,71,1830,8.0,8.0,0.0
Offset10,71,1860,17.0,16.0,3.560465
Offset10,71,1890,14.0,10.0,8.249122
Offset10,71,1920,17.0,16.0,0.397009
Offset10,71,1950,7.0,0.0,14.150335
Offset10,71,1980,16.0,12.0,7.389573
Offset10,71,2010,26.0,23.0,2.80107
Offset10,71,2040,25.0,22.0,2.473466
Offset10,71,2070,28.0,24.0,2.913763
Offset10,71,2100,12.0,5.0,11.234044
Offset10,71,2130,19.0,15.0,1.830709
Offset10,71,2160,25.0,24.0,0.701579
Offset10,71,2190,15.0,8.0,19.461549
Offset10,71,2220,17.0,15.0,7.180529
Offset10,71,2250,4.0,0.0,25.153512
Offset10,71,2280,13.0,8.0,7.719592
Offset10,71,2310,16.0,14.0,4.423697
Offset10,71,2340,10.0,6.0,17.554679
Offset10,71,2370,10.0,8.0,7.791457
Offset10,71,2400,4.0,3.0,13.380128
Offset10,71,2430,8.0,6.0,10.741143
Offset10,71,2460,20.0,16.0,4.526832
Offset10,71,2490,11.0,7.0,6.342627
Offset10,71,2520,16.0,11.0,8.534721
Offset10,71,2550,4.0,2.0,23.707739
Offset10,71,2580,6.0,4.0,11.033483
Offset10,71,2610,15.0,13.0,1.642513
Offset10,71,2640,12.0,9.0,7.876444
Offset10,71,2670,13.0,11.0,9.768378
Offset10,71,2700,5.0,1.0,32.892272
Offset10,71,2730,8.0,6.0,8.550156
Offset10,71,2760,15.0,10.0,5.236789
Offset10,71,2790,8.0,7.0,14.440803
Offset10,71,2820,11.0,8.0,14.567436
Offset10,71,2850,4.0,0.0,30.785715
Offset10,71,2880,8.0,6.0,3.887136
Offset10,71,2910,17.0,14.0,2.014206
Offset10,71,2940,14.0,10.0,14.357275
Offset10,71,2970,24.0,18.0,5.321145
Offset10,71,3000,8.0,5.0,6.230173
Offset10,71,3030,12.0,10.0,1.862333
Offset10,71,3060,18.0,15.0,4.361475
Offset10,71,3090,8.0,6.0,7.407706
Offset10,71,3120,11.0,10.0,2.062478
Offset10,71,3150,2.0,1.0,23.104177
Offset10,71,3180,16.0,11.0,11.342886
Offset10,71,3210,28.0,26.0,1.515806
Offset10,71,3240,12.0,10.0,5.844776
Offset10,71,3270,17.0,16.0,3.200805
Offset10,71,3300,10.0,4.0,3.89603
Offset10,71,3330,19.0,17.0,3.404918
Offset10,71,3360,31.0,27.0,2.683353
Offset10,71,3390,19.0,17.0,4.103125
Offset10,71,3420,24.0,22.0,4.05853
Offset10,71,3450,13.0,2.0,12.070758
Offset10,71,3480,16.0,12.0,7.029813
Offset10,71,3510,21.0,17.0,4.627246
Offset10,71,3540,14.0,10.0,8.355108
Offset10,71,3570,23.0,20.0,7.200398
Offset10,71,3600,16.0,5.0,9.339417
Offset10,71,3630,16.0,13.0,5.052179
Offset10,71,3660,21.0,17.0,2.857028
Offset10,71,3690,10.0,6.0,19.771922
Offset10,71,3720,9.0,9.0,0.0
Offset10,71,3750,3.0,2.0,17.503605
Offset10,71,3780,10.0,6.0,15.13078
Offset10,71,3810,18.0,14.0,3.70538
Offset10,71,3840,9.0,7.0,14.928039
Offset10,71,3870,14.0,13.0,0.435133
Offset10,71,3900,11.0,6.0,9.194511
Offset10,71,3930,13.0,13.0,0.0
Offset10,71,3960,13.0,13.0,0.0
Offset10,71,3990,6.0,1.0,30.473282
Offset10,71,4020,12.0,7.0,12.380427
Offset10,71,4050,9.0,6.0,10.10166
Offset10,71,4080,14.0,10.0,7.588826
Offset10,71,4110,20.0,19.0,1.704598
Offset10,71,4140,12.0,6.0,14.582495
Offset10,71,4170,19.0,15.0,7.311932
Offset10,71,4200,5.0,3.0,14.26621
Offset10,71,4230,14.0,11.0,5.014226
Offset10,71,4260,22.0,17.0,4.456886
Offset10,71,4290,15.0,11.0,4.566689
Offset10,71,4320,23.0,21.0,1.553107
Offset10,71,4350,8.0,3.0,14.238155
Offset10,71,4380,16.0,14.0,3.779675
Offset10,71,4410,20.0,19.0,0.315724
Offset10,71,4440,13.0,7.0,10.797946
Offset10,71,4470,11.0,10.0,3.769917
Offset10,71,4500,5.0,0.0,39.947691
Offset10,71,4530,15.0,13.0,1.132019
Offset10,71,4560,27.0,25.0,1.693145
Offset10,71,4590,12.0,7.0,8.099934
Offset10,71,4620,15.0,14.0,3.931335
Offset10,71,4650,6.0,2.0,14.977433
Offset10,71,4680,7.0,4.0,19.400188
Offset10,71,4710,18.0,17.0,2.711955
Offset10,71,4740,8.0,8.0,0.0
Offset10,71,4770,9.0,8.0,2.724082
Offset10,71,4800,5.0,2.0,6.042609
Offset10,71,4830,16.0,12.0,7.413545
Offset10,71,4860,21.0,21.0,0.020701
Offset10,71,4890,11.0,7.0,11.560578
Offset10,71,4920,9.0,9.0,0.0
Offset10,71,4950,3.0,2.0,10.465483
Offset10,71,4980,17.0,13.0,2.303415
Offset10,71,5010,20.0,19.0,2.560036
Offset10,71,5040,7.0,6.0,3.462764
Offset10,71,5070,10.0,8.0,10.153183
Offset10,71,5100,1.0,0.0,3.066697
Offset10,71,5130,12.0,8.0,10.48942
Offset10,71,5160,21.0,16.0,5.577582
Offset10,71,5190,15.0,14.0,1.789137
Offset10,71,5220,23.0,21.0,0.717714
Offset10,71,5250,15.0,9.0,4.818834
Offset10,71,5280,19.0,14.0,4.906459
Offset10,71,5310,30.0,29.0,0.733806
Offset10,71,5340,18.0,15.0,5.646497
Offset10,71,5370,18.0,17.0,2.412984
Offset10,71,5400,14.0,3.0,19.983478
Offset10,420,900,11.0,0.0,45.429298
Offset10,420,930,19.0,0.0,44.471109
Offset10,420,960,28.0,0.0,52.036646
Offset10,420,990,27.0,0.0,47.205788
Offset10,420,1020,40.0,0.0,51.45898
Offset10,420,1050,44.0,0.0,41.377398
Offset10,420,1080,56.0,11.0,31.541962
Offset10,420,1110,51.0,10.0,29.334208
Offset10,420,1140,32.0,1.0,37.37205
Offset10,420,1170,51.0,15.0,36.350851
Offset10,420,1200,62.0,20.0,29.879128
Offset10,420,1230,70.0,28.0,25.618712
Offset10,420,1260,62.0,15.0,22.964746
Offset10,420,1290,50.0,13.0,27.775712
Offset10,420,1320,55.0,17.0,30.032644
Offset10,420,1350,77.0,24.0,28.345969
Offset10,420,1380,89.0,56.0,13.311369
Offset10,420,1410,83.0,46.0,14.36102
Offset10,420,1440,72.0,25.0,22.578074
Offset10,420,1470,72.0,26.0,19.867116
Offset10,420,1500,92.0,36.0,21.895323
Offset10,420,1530,101.0,63.0,14.943577
Offset10,420,1560,101.0,57.0,13.373071
Offset10,420,1590,95.0,29.0,18.959599
Offset10,420,1620,102.0,27.0,20.767496
Offset10,420,1650,124.0,51.0,15.475783
Offset10,420,1680,138.0,90.0,10.436846
Offset10,420,1710,129.0,95.0,6.471165
Offset10,420,1740,108.0,69.0,9.516217
Offset10,420,1770,112.0,40.0,17.281699
Offset10,420,1800,138.0,60.0,13.056382
Offset10,420,1830,150.0,106.0,8.098364
Offset10,420,1860,144.0,88.0,9.937001
Offset10,420,1890,131.0,88.0,8.433248
Offset10,420,1920,142.0,70.0,13.258385
Offset10,420,1950,158.0,82.0,10.96934
Offset10,420,1980,168.0,105.0,7.903409
Offset10,420,2010,157.0,106.0,5.661947
Offset10,420,2040,137.0,98.0,7.802283
Offset10,420,2070,142.0,83.0,13.147843
Offset10,420,2100,161.0,96.0,10.557351
Offset10,420,2130,173.0,111.0,7.766286
Offset10,420,2160,168.0,98.0,8.655526
Offset10,420,2190,155.0,102.0,7.592726
Offset10,420,2220,158.0,99.0,10.266847
Offset10,420,2250,175.0,106.0,8.862128
Offset10,420,2280,185.0,120.0,5.948829
Offset10,420,2310,164.0,100.0,6.727439
Offset10,420,2340,148.0,107.0,6.729316
Offset10,420,2370,149.0,87.0,11.447969
Offset10,420,2400,173.0,105.0,8.84728
Offset10,420,2430,181.0,121.0,6.906222
Offset10,420,2460,177.0,108.0,8.68619
Offset10,420,2490,166.0,110.0,7.830563
Offset10,420,2520,164.0,105.0,10.021451
Offset10,420,2550,181.0,120.0,9.269621
Offset10,420,2580,190.0,128.0,7.091611
Offset10,420,2610,184.0,108.0,7.797751
Offset10,420,2640,178.0,105.0,9.447776
Offset10,420,2670,181.0,122.0,8.05938
Offset10,420,2700,196.0,134.0,8.870214
Offset10,420,2730,204.0,136.0,6.272172
Offset10,420,2760,190.0,108.0,7.769504
Offset10,420,2790,179.0,119.0,8.302554
Offset10,420,2820,172.0,122.0,7.921339
Offset10,420,2850,190.0,127.0,7.812824
Offset10,420,2880,198.0,134.0,6.318756
Offset10,420,2910,188.0,114.0,7.87364
Offset10,420,2940,171.0,124.0,7.630458
Offset10,420,2970,168.0,116.0,7.886481
Offset10,420,3000,188.0,116.0,8.583106
Offset10,420,3030,197.0,131.0,6.42234
Offset10,420,3060,192.0,119.0,7.616668
Offset10,420,3090,186.0,124.0,7.69922
Offset10,420,3120,185.0,132.0,7.756559
Offset10,420,3150,195.0,134.0,6.213798
Offset10,420,3180,206.0,137.0,6.064467
Offset10,420,3210,198.0,116.0,6.934547
Offset10,420,3240,183.0,116.0,8.411851
Offset10,420,3270,174.0,107.0,7.510322
Offset10,420,3300,191.0,117.0,8.013193
Offset10,420,3330,197.0,136.0,6.582565
Offset10,420,3360,188.0,108.0,9.300785
Offset10,420,3390,180.0,116.0,7.395385
Offset10,420,3420,173.0,114.0,7.130003
Offset10,420,3450,193.0,130.0,7.659778
Offset10,420,3480,203.0,139.0,6.037778
Offset10,420,3510,195.0,115.0,7.800474
Offset10,420,3540,180.0,115.0,8.687167
Offset10,420,3570,178.0,126.0,8.036307
Offset10,420,3600,201.0,138.0,7.029995
Offset10,420,3630,211.0,160.0,5.950085
Offset10,420,3660,205.0,129.0,6.260007
Offset10,420,3690,191.0,126.0,6.234972
Offset10,420,3720,195.0,140.0,7.61461
Offset10,420,3750,216.0,157.0,6.054453
Offset10,420,3780,224.0,173.0,4.697927
Offset10,420,3810,215.0,142.0,6.247411
Offset10,420,3840,202.0,129.0,7.08201
Offset10,420,3870,196.0,136.0,7.404724
Offset10,420,3900,211.0,153.0,5.644338
Offset10,420,3930,220.0,171.0,5.180019
Offset10,420,3960,217.0,136.0,6.865579
Offset10,420,3990,203.0,124.0,8.12313
Offset10,420,4020,206.0,144.0,7.35561
Offset10,420,4050,229.0,173.0,5.887897
Offset10,420,4080,236.0,186.0,5.287145
Offset10,420,4110,217.0,141.0,6.135366
Offset10,420,4140,194.0,120.0,7.953721
Offset10,420,4170,191.0,130.0,8.245157
Offset10,420,4200,207.0,137.0,7.39351
Offset10,420,4230,220.0,154.0,5.934573
Offset10,420,4260,208.0,130.0,7.337732
Offset10,420,4290,192.0,103.0,9.367418
Offset10,420,4320,187.0,115.0,8.648612
Offset10,420,4350,204.0,145.0,7.324049
Offset10,420,4380,213.0,159.0,5.617278
Offset10,420,4410,199.0,136.0,6.233204
Offset10,420,4440,183.0,115.0,9.029491
Offset10,420,4470,178.0,113.0,9.372704
Offset10,420,4500,199.0,137.0,7.578656
Offset10,420,4530,203.0,146.0,4.838744
Offset10,420,4560,188.0,120.0,7.310433
Offset10,420,4590,170.0,113.0,7.516611
Offset10,420,4620,172.0,105.0,10.323935
Offset10,420,4650,189.0,122.0,7.975329
Offset10,420,4680,199.0,142.0,5.93738
Offset10,420,4710,198.0,112.0,7.766182
Offset10,420,4740,186.0,115.0,8.569244
Offset10,420,4770,187.0,125.0,8.118061
Offset10,420,4800,203.0,138.0,6.641446
Offset10,420,4830,211.0,155.0,3.977879
Offset10,420,4860,196.0,123.0,6.406284
Offset10,420,4890,175.0,112.0,7.909109
Offset10,420,4920,174.0,111.0,8.881368
Offset10,420,4950,190.0,133.0,7.284064
Offset10,420,4980,198.0,139.0,6.120377
Offset10,420,5010,193.0,113.0,8.209828
Offset10,420,5040,182.0,115.0,7.786938
Offset10,420,5070,182.0,116.0,8.812525
Offset10,420,5100,198.0,138.0,6.641412
Offset10,420,5130,207.0,153.0,5.877691
Offset10,420,5160,199.0,125.0,6.76982
Offset10,420,5190,183.0,128.0,6.969102
Offset10,420,5220,182.0,118.0,8.13327
Offset10,420,5250,202.0,137.0,6.417506
Offset10,420,5280,216.0,159.0,6.268732
Offset10,420,5310,204.0,143.0,5.457689
Offset10,420,5340,187.0,122.0,7.566243
Offset10,420,5370,192.0,131.0,7.784687
Offset10,420,5400,211.0,140.0,7.617364
Offset10,40,900,3.0,3.0,0.0
Offset10,40,930,6.0,0.0,94.103784
Offset10,40,960,10.0,2.0,45.805297
Offset10,40,990,20.0,4.0,46.208003
Offset10,40,1020,21.0,7.0,23.918261
Offset10,40,1050,21.0,10.0,20.371304
Offset10,40,1080,15.0,4.0,15.666131
Offset10,40,1110,15.0,10.0,20.773521
Offset10,40,1140,19.0,10.0,25.837108
Offset10,40,1170,19.0,10.0,17.141831
Offset10,40,1200,22.0,14.0,12.670551
Offset10,40,1230,16.0,4.0,22.251376
Offset10,40,1260,18.0,10.0,19.827602
Offset10,40,1290,30.0,10.0,35.9676
Offset10,40,1320,31.0,14.0,16.550556
Offset10,40,1350,35.0,17.0,25.130432
Offset10,40,1380,30.0,15.0,14.744399
Offset10,40,1410,31.0,16.0,16.381119
Offset10,40,1440,46.0,24.0,26.190798
Offset10,40,1470,46.0,26.0,17.122102
Offset10,40,1500,50.0,33.0,15.608901
Offset10,40,1530,47.0,33.0,10.563127
Offset10,40,1560,48.0,32.0,10.757566
Offset10,40,1590,61.0,36.0,19.711471
Offset10,40,1620,61.0,43.0,8.481653
Offset10,40,1650,63.0,52.0,8.063727
Offset10,40,1680,60.0,48.0,5.90151
Offset10,40,1710,60.0,42.0,11.232168
Offset10,40,1740,63.0,44.0,12.199953
Offset10,40,1770,61.0,47.0,7.035113
Offset10,40,1800,59.0,54.0,3.501788
Offset10,40,1830,55.0,46.0,4.469027
Offset10,40,1860,56.0,40.0,8.869769
Offset10,40,1890,65.0,41.0,14.40926
Offset10,40,1920,65.0,47.0,10.361995
Offset10,40,1950,66.0,56.0,6.904745
Offset10,40,1980,61.0,48.0,5.79228
Offset10,40,2010,61.0,46.0,8.066493
Offset10,40,2040,66.0,48.0,11.352558
Offset10,40,2070,66.0,55.0,5.269654
Offset10,40,2100,67.0,56.0,4.879759
Offset10,40,2130,61.0,53.0,4.500039
Offset10,40,2160,61.0,48.0,6.201457
Offset10,40,2190,70.0,49.0,13.184895
Offset10,40,2220,71.0,54.0,7.362023
Offset10,40,2250,77.0,60.0,10.120453
Offset10,40,2280,72.0,58.0,7.512202
Offset10,40,2310,73.0,59.0,7.121634
Offset10,40,2340,82.0,61.0,8.976641
Offset10,40,2370,83.0,66.0,7.265662
Offset10,40,2400,86.0,74.0,5.422489
Offset10,40,2430,83.0,63.0,6.379469
Offset10,40,2460,84.0,65.0,8.122614
Offset10,40,2490,90.0,70.0,8.731782
Offset10,40,2520,89.0,75.0,4.016226
Offset10,40,2550,95.0,79.0,7.694498
Offset10,40,2580,92.0,71.0,6.531898
Offset10,40,2610,93.0,71.0,7.040903
Offset10,40,2640,98.0,82.0,6.761354
Offset10,40,2670,97.0,87.0,2.690237
Offset10,40,2700,105.0,89.0,7.223103
Offset10,40,2730,98.0,81.0,4.993185
Offset10,40,2760,97.0,77.0,5.425877
Offset10,40,2790,102.0,87.0,4.802959
Offset10,40,2820,102.0,91.0,2.696717
Offset10,40,2850,103.0,94.0,3.323315
Offset10,40,2880,99.0,85.0,3.101227
Offset10,40,2910,100.0,81.0,5.257651
Offset10,40,2940,106.0,84.0,6.527157
Offset10,40,2970,107.0,96.0,3.066962
Offset10,40,3000,110.0,96.0,4.180644
Offset10,40,3030,104.0,92.0,2.716105
Offset10,40,3060,105.0,85.0,5.282606
Offset10,40,3090,110.0,92.0,5.482266
Offset10,40,3120,113.0,99.0,3.967186
Offset10,40,3150,122.0,105.0,6.828589
Offset10,40,3180,120.0,99.0,4.466584
Offset10,40,3210,119.0,94.0,3.596232
Offset10,40,3240,126.0,101.0,5.890231
Offset10,40,3270,125.0,107.0,3.508089
Offset10,40,3300,129.0,114.0,3.888978
Offset10,40,3330,124.0,107.0,3.187094
Offset10,40,3360,124.0,102.0,4.912404
Offset10,40,3390,128.0,103.0,6.099269
Offset10,40,3420,129.0,113.0,2.465596
Offset10,40,3450,133.0,120.0,3.893841
Offset10,40,3480,128.0,108.0,3.098334
Offset10,40,3510,125.0,102.0,3.976521
Offset10,40,3540,132.0,105.0,7.0504
Offset10,40,3570,132.0,110.0,3.979125
Offset10,40,3600,138.0,115.0,6.810196
Offset10,40,3630,130.0,103.0,5.352819
Offset10,40,3660,126.0,100.0,4.93899
Offset10,40,3690,134.0,102.0,7.470069
Offset10,40,3720,133.0,111.0,4.155978
Offset10,40,3750,131.0,115.0,3.470218
Offset10,40,3780,124.0,107.0,2.919232
Offset10,40,3810,119.0,101.0,3.597093
Offset10,40,3840,122.0,101.0,4.431146
Offset10,40,3870,122.0,111.0,2.234225
Offset10,40,3900,128.0,111.0,4.054121
Offset10,40,3930,125.0,102.0,4.831275
Offset10,40,3960,129.0,101.0,6.513336
Offset10,40,3990,133.0,104.0,6.09825
Offset10,40,4020,131.0,113.0,2.836064
Offset10,40,4050,130.0,119.0,2.192087
Offset10,40,4080,127.0,111.0,2.909364
Offset10,40,4110,124.0,106.0,3.468324
Offset10,40,4140,132.0,110.0,5.665049
Offset10,40,4170,132.0,115.0,3.050302
Offset10,40,4200,134.0,119.0,2.781229
Offset10,40,4230,127.0,115.0,1.223162
Offset10,40,4260,131.0,112.0,4.517835
Offset10,40,4290,132.0,112.0,3.182612
Offset10,40,4320,132.0,116.0,1.880901
Offset10,40,4350,131.0,121.0,1.422709
Offset10,40,4380,127.0,111.0,2.176001
Offset10,40,4410,128.0,112.0,3.338921
Offset10,40,4440,135.0,113.0,4.199661
Offset10,40,4470,136.0,118.0,2.369748
Offset10,40,4500,137.0,123.0,3.196708
Offset10,40,4530,130.0,114.0,2.325442
Offset10,40,4560,131.0,112.0,4.374982
Offset10,40,4590,133.0,114.0,4.902467
Offset10,40,4620,132.0,115.0,2.109772
Offset10,40,4650,133.0,122.0,3.079948
Offset10,40,4680,125.0,112.0,1.839961
Offset10,40,4710,128.0,101.0,5.998849
Offset10,40,4740,129.0,105.0,2.635964
Offset10,40,4770,131.0,111.0,2.316609
Offset10,40,4800,131.0,118.0,1.88263
Offset10,40,4830,127.0,110.0,2.791779
Offset10,40,4860,125.0,107.0,3.876826
Offset10,40,4890,135.0,107.0,6.576146
Offset10,40,4920,135.0,111.0,4.526955
Offset10,40,4950,135.0,117.0,4.171829
Offset10,40,4980,127.0,108.0,3.249386
Offset10,40,5010,124.0,104.0,4.379857
Offset10,40,5040,124.0,105.0,3.989571
Offset10,40,5070,124.0,112.0,1.537117
Offset10,40,5100,129.0,111.0,5.351162
Offset10,40,5130,123.0,101.0,4.082459
Offset10,40,5160,125.0,99.0,5.082689
Offset10,40,5190,128.0,101.0,4.886454
Offset10,40,5220,127.0,111.0,2.614571
Offset10,40,5250,128.0,116.0,2.308528
Offset10,40,5280,123.0,110.0,2.204349
Offset10,40,5310,123.0,100.0,6.173457
Offset10,40,5340,128.0,102.0,6.126463
Offset10,40,5370,127.0,113.0,3.084714
Offset10,40,5400,127.0,115.0,3.039834
Offset10,32,900,21.0,0.0,42.621578
Offset10,32,930,28.0,0.0,41.515966
Offset10,32,960,26.0,0.0,40.26427
Offset10,32,990,34.0,0.0,40.794071
Offset10,32,1020,35.0,0.0,39.588551
Offset10,32,1050,39.0,0.0,41.339951
Offset10,32,1080,39.0,0.0,39.85123
Offset10,32,1110,38.0,0.0,38.489082
Offset10,32,1140,40.0,0.0,39.434154
Offset10,32,1170,40.0,0.0,38.766726
Offset10,32,1200,45.0,0.0,39.307792
Offset10,32,1230,31.0,0.0,40.528543
Offset10,32,1260,26.0,0.0,42.48927
Offset10,32,1290,23.0,0.0,41.443685
Offset10,32,1320,28.0,0.0,41.993223
Offset10,32,1350,32.0,0.0,41.449659
Offset10,32,1380,26.0,0.0,41.535523
Offset10,32,1410,30.0,0.0,40.415446
Offset10,32,1440,25.0,0.0,39.074655
Offset10,32,1470,33.0,0.0,40.859212
Offset10,32,1500,36.0,0.0,38.920385
Offset10,32,1530,33.0,0.0,40.43706
Offset10,32,1560,28.0,0.0,40.815462
Offset10,32,1590,29.0,0.0,40.799862
Offset10,32,1620,28.0,0.0,40.860749
Offset10,32,1650,32.0,0.0,40.469802
Offset10,32,1680,28.0,0.0,40.525824
Offset10,32,1710,29.0,0.0,40.78003
Offset10,32,1740,30.0,0.0,39.673163
Offset10,32,1770,32.0,0.0,39.261697
Offset10,32,1800,32.0,0.0,39.696316
Offset10,32,1830,34.0,0.0,40.479906
Offset10,32,1860,43.0,0.0,41.032488
Offset10,32,1890,39.0,0.0,40.096863
Offset10,32,1920,34.0,0.0,39.297192
Offset10,32,1950,28.0,0.0,39.726484
Offset10,32,1980,30.0,0.0,41.215001
Offset10,32,2010,30.0,0.0,41.782716
Offset10,32,2040,35.0,0.0,39.922101
Offset10,32,2070,35.0,0.0,40.186568
Offset10,32,2100,41.0,0.0,39.539044
Offset10,32,2130,43.0,0.0,39.095819
Offset10,32,2160,45.0,0.0,38.295707
Offset10,32,2190,37.0,0.0,38.998709
Offset10,32,2220,40.0,0.0,38.769993
Offset10,32,2250,41.0,0.0,39.343844
Offset10,32,2280,43.0,0.0,38.493992
Offset10,32,2310,40.0,0.0,37.922324
Offset10,32,2340,43.0,0.0,38.952631
Offset10,32,2370,38.0,0.0,38.492033
Offset10,32,2400,33.0,0.0,39.722951
Offset10,32,2430,29.0,0.0,37.919325
Offset10,32,2460,31.0,0.0,40.848299
Offset10,32,2490,40.0,0.0,40.412674
Offset10,32,2520,39.0,0.0,39.566397
Offset10,32,2550,41.0,0.0,38.658629
Offset10,32,2580,40.0,0.0,39.605874
Offset10,32,2610,36.0,0.0,38.756973
Offset10,32,2640,37.0,0.0,37.754774
Offset10,32,2670,42.0,0.0,37.123266
Offset10,32,2700,32.0,0.0,39.524805
Offset10,32,2730,33.0,0.0,38.713258
Offset10,32,2760,33.0,0.0,39.849735
Offset10,32,2790,37.0,0.0,39.642073
Offset10,32,2820,35.0,0.0,40.486373
Offset10,32,2850,32.0,0.0,39.923193
Offset10,32,2880,29.0,0.0,42.028442
Offset10,32,2910,29.0,0.0,41.353343
Offset10,32,2940,27.0,0.0,39.782736
Offset10,32,2970,22.0,0.0,40.724845
Offset10,32,3000,19.0,0.0,41.036192
Offset10,32,3030,16.0,0.0,41.790828
Offset10,32,3060,20.0,0.0,41.850365
Offset10,32,3090,21.0,0.0,42.481846
Offset10,32,3120,26.0,0.0,42.377151
Offset10,32,3150,31.0,0.0,41.125975
Offset10,32,3180,36.0,0.0,39.870488
Offset10,32,3210,35.0,0.0,38.979988
Offset10,32,3240,29.0,0.0,39.434165
Offset10,32,3270,32.0,0.0,40.095661
Offset10,32,3300,32.0,0.0,40.527018
Offset10,32,3330,36.0,0.0,39.943941
Offset10,32,3360,32.0,0.0,39.196474
Offset10,32,3390,30.0,0.0,39.310999
Offset10,32,3420,26.0,0.0,40.373366
Offset10,32,3450,28.0,0.0,40.662629
Offset10,32,3480,28.0,0.0,39.354994
Offset10,32,3510,33.0,0.0,39.562877
Offset10,32,3540,40.0,0.0,39.218489
Offset10,32,3570,39.0,0.0,40.614056
Offset10,32,3600,44.0,0.0,39.244252
Offset10,32,3630,35.0,0.0,39.18256
Offset10,32,3660,32.0,0.0,38.040509
Offset10,32,3690,28.0,0.0,40.561706
Offset10,32,3720,26.0,0.0,39.147448
Offset10,32,3750,27.0,0.0,39.749508
Offset10,32,3780,18.0,0.0,42.204255
Offset10,32,3810,16.0,0.0,41.894924
Offset10,32,3840,16.0,0.0,41.13842
Offset10,32,3870,21.0,0.0,41.038821
Offset10,32,3900,25.0,0.0,39.975518
Offset10,32,3930,26.0,0.0,41.747303
Offset10,32,3960,25.0,0.0,40.608513
Offset10,32,3990,26.0,0.0,40.204907
Offset10,32,4020,22.0,0.0,40.768144
Offset10,32,4050,18.0,0.0,41.056148
Offset10,32,4080,17.0,0.0,41.443699
Offset10,32,4110,17.0,0.0,41.816116
Offset10,32,4140,19.0,0.0,41.136303
Offset10,32,4170,21.0,0.0,40.896392
Offset10,32,4200,19.0,0.0,41.285401
Offset10,32,4230,14.0,0.0,41.370536
Offset10,32,4260,18.0,0.0,41.541953
Offset10,32,4290,25.0,0.0,42.252243
Offset10,32,4320,28.0,0.0,41.160757
Offset10,32,4350,22.0,0.0,40.966568
Offset10,32,4380,25.0,0.0,41.45923
Offset10,32,4410,27.0,0.0,38.277627
Offset10,32,4440,27.0,0.0,39.012727
Offset10,32,4470,24.0,0.0,38.316249
Offset10,32,4500,24.0,0.0,39.888918
Offset10,32,4530,15.0,0.0,41.61846
Offset10,32,4560,16.0,0.0,41.062803
Offset10,32,4590,15.0,0.0,40.397061
Offset10,32,4620,15.0,0.0,40.898277
Offset10,32,4650,15.0,0.0,39.060182
Offset10,32,4680,16.0,0.0,39.618247
Offset10,32,4710,19.0,0.0,41.29918
Offset10,32,4740,28.0,0.0,40.209578
Offset10,32,4770,25.0,0.0,41.208674
Offset10,32,4800,18.0,0.0,41.914531
Offset10,32,4830,8.0,0.0,41.384158
Offset10,32,4860,14.0,0.0,39.217994
Offset10,32,4890,16.0,0.0,38.656985
Offset10,32,4920,19.0,0.0,39.183849
Offset10,32,4950,20.0,0.0,38.343793
Offset10,32,4980,17.0,0.0,39.504191
Offset10,32,5010,17.0,0.0,39.672562
Offset10,32,5040,15.0,0.0,40.644916
Offset10,32,5070,20.0,0.0,40.94179
Offset10,32,5100,20.0,0.0,40.872969
Offset10,32,5130,18.0,0.0,42.089289
Offset10,32,5160,16.0,0.0,41.981913
Offset10,32,5190,15.0,0.0,42.279261
Offset10,32,5220,16.0,0.0,42.251603
Offset10,32,5250,14.0,0.0,42.913913
Offset10,32,5280,14.0,0.0,41.412113
Offset10,32,5310,11.0,0.0,40.234942
Offset10,32,5340,9.0,0.0,40.810163
Offset10,32,5370,9.0,0.0,41.123316
Offset10,32,5400,11.0,0.0,41.841324
Offset10,10491,900,1.0,0.0,121.951713
Offset10,10491,930,1.0,0.0,33.618564
Offset10,10491,960,10.0,0.0,38.609868
Offset10,10491,990,4.0,0.0,64.924511
Offset10,10491,1020,4.0,0.0,79.218806
Offset10,10491,1050,4.0,0.0,40.347378
Offset10,10491,1080,2.0,0.0,36.715381
Offset10,10491,1110,13.0,0.0,37.863466
Offset10,10491,1140,13.0,3.0,21.061305
Offset10,10491,1170,5.0,0.0,52.121842
Offset10,10491,1200,7.0,0.0,69.979542
Offset10,10491,1230,5.0,0.0,32.262567
Offset10,10491,1260,10.0,0.0,31.031042
Offset10,10491,1290,6.0,0.0,39.277498
Offset10,10491,1320,7.0,0.0,43.874422
Offset10,10491,1350,6.0,0.0,52.883105
Offset10,10491,1380,1.0,0.0,32.274391
Offset10,10491,1410,10.0,0.0,41.024193
Offset10,10491,1440,8.0,0.0,42.894545
Offset10,10491,1470,3.0,0.0,67.564075
Offset10,10491,1500,2.0,0.0,33.856934
Offset10,10491,1530,6.0,0.0,39.564048
Offset10,10491,1560,10.0,0.0,35.933558
Offset10,10491,1590,6.0,0.0,25.148515
Offset10,10491,1620,4.0,0.0,46.687814
Offset10,10491,1650,7.0,0.0,62.004771
Offset10,10491,1680,6.0,0.0,55.301313
Offset10,10491,1710,7.0,0.0,41.51139
Offset10,10491,1740,8.0,0.0,31.63627
Offset10,10491,1770,4.0,0.0,45.029912
Offset10,10491,1800,4.0,0.0,74.61032
Offset10,10491,1830,12.0,1.0,28.005003
Offset10,10491,1860,12.0,0.0,23.707547
Offset10,10491,1890,12.0,0.0,30.484102
Offset10,10491,1920,9.0,0.0,38.77421
Offset10,10491,1950,2.0,0.0,35.318652
Offset10,10491,1980,9.0,0.0,31.695497
Offset10,10491,2010,8.0,0.0,53.175261
Offset10,10491,2040,8.0,0.0,39.273885
Offset10,10491,2070,5.0,0.0,73.826108
Offset10,10491,2100,4.0,0.0,31.328301
Offset10,10491,2130,1.0,0.0,43.106122
Offset10,10491,2160,10.0,0.0,36.081823
Offset10,10491,2190,4.0,0.0,77.870224
Offset10,10491,2220,13.0,1.0,34.478569
Offset10,10491,2250,7.0,0.0,37.091873
Offset10,10491,2280,8.0,0.0,13.908187
Offset10,10491,2310,9.0,0.0,35.84804
Offset10,10491,2340,1.0,0.0,51.429879
Offset10,10491,2370,6.0,0.0,55.588876
Offset10,10491,2400,6.0,0.0,32.026681
Offset10,10491,2430,6.0,0.0,43.096974
Offset10,10491,2460,6.0,0.0,38.127441
Offset10,10491,2490,11.0,3.0,11.97989
Offset10,10491,2520,13.0,0.0,20.36957
Offset10,10491,2550,14.0,1.0,23.600258
Offset10,10491,2580,9.0,0.0,40.674613
Offset10,10491,2610,3.0,0.0,61.309384
Offset10,10491,2640,5.0,0.0,31.623439
Offset10,10491,2670,1.0,0.0,42.272788
Offset10,10491,2700,9.0,0.0,36.557543
Offset10,10491,2730,10.0,0.0,21.000043
Offset10,10491,2760,10.0,0.0,36.132056
Offset10,10491,2790,9.0,0.0,35.684329
Offset10,10491,2820,4.0,0.0,44.962862
Offset10,10491,2850,10.0,0.0,34.121039
Offset10,10491,2880,6.0,0.0,37.179355
Offset10,10491,2910,8.0,0.0,36.316067
Offset10,10491,2940,7.0,0.0,48.354481
Offset10,10491,2970,8.0,0.0,50.285173
Offset10,10491,3000,12.0,0.0,31.119163
Offset10,10491,3030,9.0,0.0,27.462461
Offset10,10491,3060,5.0,0.0,37.491402
Offset10,10491,3090,1.0,0.0,88.538217
Offset10,10491,3120,4.0,0.0,39.029362
Offset10,10491,3150,9.0,0.0,37.684778
Offset10,10491,3180,8.0,0.0,46.013592
Offset10,10491,3210,8.0,0.0,39.422082
Offset10,10491,3240,2.0,0.0,74.188045
Offset10,10491,3270,6.0,0.0,40.013911
Offset10,10491,3300,8.0,0.0,37.257721
Offset10,10491,3330,2.0,0.0,42.335186
Offset10,10491,3360,11.0,0.0,35.077744
Offset10,10491,3390,7.0,1.0,23.630465
Offset10,10491,3420,3.0,0.0,33.381253
Offset10,10491,3450,7.0,0.0,43.267943
Offset10,10491,3480,0,0,0
Offset10,10491,3510,11.0,0.0,34.893284
Offset10,10491,3540,6.0,0.0,50.312234
Offset10,10491,3570,5.0,0.0,39.065158
Offset10,10491,3600,5.0,0.0,40.176863
Offset10,10491,3630,3.0,0.0,41.146416
Offset10,10491,3660,8.0,0.0,36.95718
Offset10,10491,3690,2.0,0.0,96.758053
Offset10,10491,3720,9.0,0.0,35.899029
Offset10,10491,3750,6.0,0.0,48.307308
Offset10,10491,3780,2.0,0.0,33.979665
Offset10,10491,3810,10.0,0.0,37.49665
Offset10,10491,3840,1.0,0.0,122.220619
Offset10,10491,3870,6.0,0.0,37.653765
Offset10,10491,3900,4.0,0.0,58.305587
Offset10,10491,3930,1.0,0.0,35.062313
Offset10,10491,3960,1.0,0.0,120.199643
Offset10,10491,3990,0,0,0
Offset10,10491,4020,8.0,0.0,42.080103
Offset10,10491,4050,10.0,0.0,33.789416
Offset10,10491,4080,8.0,0.0,42.851951
Offset10,10491,4110,5.0,1.0,24.39667
Offset10,10491,4140,3.0,0.0,30.940318
Offset10,10491,4170,10.0,0.0,32.353648
Offset10,10491,4200,5.0,0.0,38.852933
Offset10,10491,4230,3.0,0.0,40.275865
Offset10,10491,4260,8.0,0.0,40.865467
Offset10,10491,4290,4.0,0.0,37.912662
Offset10,10491,4320,9.0,0.0,39.008348
Offset10,10491,4350,7.0,0.0,43.601378
Offset10,10491,4380,4.0,0.0,37.865199
Offset10,10491,4410,7.0,0.0,55.244247
Offset10,10491,4440,6.0,0.0,40.413577
Offset10,10491,4470,7.0,0.0,43.451054
Offset10,10491,4500,5.0,0.0,62.122093
Offset10,10491,4530,8.0,0.0,34.255789
Offset10,10491,4560,9.0,0.0,42.195746
Offset10,10491,4590,7.0,0.0,23.787526
Offset10,10491,4620,5.0,0.0,43.759534
Offset10,10491,4650,5.0,0.0,30.034787
Offset10,10491,4680,9.0,0.0,37.368539
Offset10,10491,4710,8.0,0.0,37.314481
Offset10,10491,4740,11.0,0.0,34.899413
Offset10,10491,4770,1.0,0.0,75.809643
Offset10,10491,4800,3.0,0.0,34.302666
Offset10,10491,4830,9.0,0.0,40.453697
Offset10,10491,4860,5.0,0.0,36.432591
Offset10,10491,4890,9.0,0.0,39.284485
Offset10,10491,4920,0,0,0
Offset10,10491,4950,6.0,0.0,41.256692
Offset10,10491,4980,2.0,0.0,40.742687
Offset10,10491,5010,4.0,0.0,31.831992
Offset10,10491,5040,11.0,0.0,33.536349
Offset10,10491,5070,10.0,0.0,40.311417
Offset10,10491,5100,8.0,0.0,33.416474
Offset10,10491,5130,4.0,0.0,77.189858
Offset10,10491,5160,0,0,0
Offset10,10491,5190,9.0,0.0,26.851425
Offset10,10491,5220,7.0,0.0,30.68269
Offset10,10491,5250,9.0,0.0,45.22527
Offset10,10491,5280,2.0,0.0,109.790349
Offset10,10491,5310,6.0,0.0,86.712733
Offset10,10491,5340,8.0,0.0,24.460611
Offset10,10491,5370,8.0,0.0,37.200429
Offset10,10491,5400,3.0,0.0,74.1708
