sec,link,n,stopped,mean_speed_kph
30,2,0,0,
30,40,0,0,
30,66,6,0,38.99666666666667
30,68,0,0,
30,69,1,0,34.48
30,70,0,0,
30,71,0,0,
30,121,0,0,
30,123,0,0,
30,127,0,0,
30,321,0,0,
30,322,0,0,
30,325,0,0,
30,326,0,0,
30,329,0,0,
30,10639,0,0,
30,10681,0,0,
30,10682,0,0,
30,10643,0,0,
30,10646,0,0,
60,2,0,0,
60,40,0,0,
60,66,7,0,38.70285714285715
60,68,0,0,
60,69,8,0,38.478750000000005
60,70,0,0,
60,71,0,0,
60,121,0,0,
60,123,0,0,
60,127,0,0,
60,321,0,0,
60,322,0,0,
60,325,0,0,
60,326,0,0,
60,329,0,0,
60,10639,0,0,
60,10681,0,0,
60,10682,0,0,
60,10643,0,0,
60,10646,0,0,
90,2,3,0,133.98000000000002
90,40,0,0,
90,66,11,0,40.33909090909091
90,68,0,0,
90,69,15,0,39.923333333333325
90,70,0,0,
90,71,0,0,
90,121,0,0,
90,123,0,0,
90,127,0,0,
90,321,0,0,
90,322,0,0,
90,325,0,0,
90,326,0,0,
90,329,0,0,
90,10639,0,0,
90,10681,0,0,
90,10682,0,0,
90,10643,0,0,
90,10646,0,0,
120,2,24,0,122.83875
120,40,0,0,
120,66,14,0,40.794285714285714
120,68,0,0,
120,69,18,0,37.92499999999998
120,70,0,0,
120,71,0,0,
120,121,0,0,
120,123,0,0,
120,127,0,0,
120,321,0,0,
120,322,1,0,43.34
120,325,0,0,
120,326,0,0,
120,329,0,0,
120,10639,0,0,
120,10681,0,0,
120,10682,0,0,
120,10643,0,0,
120,10646,0,0,
150,2,49,0,120.89285714285712
150,40,0,0,
150,66,18,0,40.9511111111111
150,68,0,0,
150,69,19,0,37.381052631578946
150,70,0,0,
150,71,1,0,39.4
150,121,0,0,
150,123,0,0,
150,127,7,0,78.24
150,321,0,0,
150,322,0,0,
150,325,0,0,
150,326,1,0,44.85
150,329,0,0,
150,10639,0,0,
150,10681,0,0,
150,10682,1,0,126.36
150,10643,0,0,
150,10646,0,0,
180,2,66,0,118.58212121212118
180,40,0,0,
180,66,19,0,40.449473684210524
180,68,0,0,
180,69,24,0,37.53041666666666
180,70,0,0,
180,71,1,1,0.0
180,121,0,0,
180,123,4,0,121.9025
180,127,8,6,12.06625
180,321,0,0,
180,322,0,0,
180,325,0,0,
180,326,0,0,
180,329,1,1,0.0
180,10639,0,0,
180,10681,0,0,
180,10682,2,0,112.065
180,10643,3,0,111.98666666666668
180,10646,0,0,
210,2,88,0,115.40159090909091
210,40,0,0,
210,66,19,0,40.92315789473684
210,68,0,0,
210,69,23,0,35.92956521739131
210,70,0,0,
210,71,6,3,3.4316666666666666
210,121,2,0,115.38
210,123,9,0,118.6522222222222
210,127,16,8,44.970625
210,321,0,0,
210,322,0,0,
210,325,0,0,
210,326,0,0,
210,329,1,1,0.0
210,10639,0,0,
210,10681,0,0,
210,10682,5,0,111.50399999999999
210,10643,1,0,107.43
210,10646,0,0,
240,2,94,0,114.30478723404256
240,40,0,0,
240,66,22,1,37.907272727272726
240,68,0,0,
240,69,21,0,39.209047619047624
240,70,2,0,43.29
240,71,2,2,0.0
240,121,2,0,114.22
240,123,18,0,122.40666666666665
240,127,17,2,55.6835294117647
240,321,0,0,
240,322,0,0,
240,325,2,0,43.55
240,326,0,0,
240,329,0,0,
240,10639,0,0,
240,10681,1,0,71.17
240,10682,3,0,120.17666666666666
240,10643,1,0,98.33
240,10646,0,0,
270,2,93,0,115.75774193548382
270,40,0,0,
270,66,21,2,35.52285714285714
270,68,1,0,70.54
270,69,18,0,42.71944444444444
270,70,2,0,79.245
270,71,4,3,15.6025
270,121,3,0,100.23
270,123,28,0,114.08107142857143
270,127,12,1,76.00250000000001
270,321,0,0,
270,322,2,0,43.05
270,325,0,0,
270,326,0,0,
270,329,2,0,42.114999999999995
270,10639,2,0,41.754999999999995
270,10681,0,0,
270,10682,2,0,104.16499999999999
270,10643,1,0,89.79
270,10646,0,0,
300,2,106,0,112.11141509433958
300,40,0,0,
300,66,23,5,29.218695652173913
300,68,0,0,
300,69,20,0,41.769999999999996
300,70,0,0,
300,71,4,1,14.217500000000001
300,121,0,0,
300,123,23,0,116.58739130434786
300,127,9,4,57.708888888888886
300,321,0,0,
300,322,2,0,42.845
300,325,1,0,42.21
300,326,2,0,43.575
300,329,0,0,
300,10639,1,0,41.92
300,10681,0,0,
300,10682,2,0,106.81
300,10643,2,0,84.10499999999999
300,10646,1,0,71.44
330,2,103,0,113.58932038834949
330,40,2,0,111.235
330,66,25,8,27.508000000000003
330,68,0,0,
330,69,19,0,41.617368421052625
330,70,2,0,56.125
330,71,5,4,0.9
330,121,1,0,107.45
330,123,19,0,116.33368421052633
330,127,16,11,9.909375
330,321,0,0,
330,322,0,0,
330,325,0,0,
330,326,2,0,41.755
330,329,3,2,14.403333333333334
330,10639,1,0,44.49
330,10681,0,0,
330,10682,3,0,74.02666666666666
330,10643,0,0,
330,10646,0,0,
360,2,98,0,114.23540816326529
360,40,2,0,95.775
360,66,21,0,36.646190476190476
360,68,3,0,41.64333333333333
360,69,17,0,41.098235294117636
360,70,1,0,44.27
360,71,7,6,3.1914285714285713
360,121,1,0,116.78
360,123,30,0,118.99766666666667
360,127,30,18,33.74666666666666
360,321,0,0,
360,322,0,0,
360,325,0,0,
360,326,0,0,
360,329,5,5,0.0
360,10639,1,0,40.05
360,10681,0,0,
360,10682,1,0,55.03
360,10643,1,0,87.55
360,10646,0,0,
390,2,97,0,114.33123711340207
390,40,1,0,75.91
390,66,19,1,39.27894736842105
390,68,6,0,68.79
390,69,17,0,40.882941176470595
390,70,0,0,
390,71,5,4,15.664000000000001
390,121,6,0,51.848333333333336
390,123,24,0,115.61291666666666
390,127,28,9,33.74785714285714
390,321,0,0,
390,322,0,0,
390,325,0,0,
390,326,0,0,
390,329,5,5,0.0
390,10639,1,0,43.54
390,10681,4,0,60.325
390,10682,2,0,53.614999999999995
390,10643,2,0,106.64500000000001
390,10646,2,0,42.7
420,2,115,0,113.01304347826088
420,40,0,0,
420,66,19,2,36.578947368421055
420,68,0,0,
420,69,15,0,39.39933333333333
420,70,0,0,
420,71,4,4,0.0
420,121,3,0,67.49666666666667
420,123,32,0,105.69093749999998
420,127,9,2,54.2488888888889
420,321,0,0,
420,322,2,0,41.49
420,325,0,0,
420,326,0,0,
420,329,5,5,0.0
420,10639,0,0,
420,10681,0,0,
420,10682,2,0,73.00999999999999
420,10643,1,0,118.87
420,10646,8,0,50.177499999999995
450,2,127,0,113.04622047244094
450,40,0,0,
450,66,23,5,31.08695652173913
450,68,0,0,
450,69,17,0,38.87941176470588
450,70,0,0,
450,71,1,1,0.0
450,121,2,0,117.85
450,123,32,0,105.03625000000002
450,127,16,3,73.7975
450,321,0,0,
450,322,3,0,43.57666666666666
450,325,0,0,
450,326,2,0,43.05
450,329,0,0,
450,10639,0,0,
450,10681,0,0,
450,10682,1,0,111.04
450,10643,2,0,103.3
450,10646,0,0,
480,2,124,0,113.44596774193548
480,40,3,0,78.14666666666666
480,66,21,4,33.58714285714286
480,68,0,0,
480,69,17,0,39.297647058823536
480,70,2,0,39.96
480,71,3,2,1.1233333333333333
480,121,2,0,109.72
480,123,28,0,104.56964285714285
480,127,27,15,20.328518518518518
480,321,0,0,
480,322,0,0,
480,325,0,0,
480,326,3,0,42.196666666666665
480,329,2,2,0.0
480,10639,0,0,
480,10681,0,0,
480,10682,2,0,105.88499999999999
480,10643,4,0,107.175
480,10646,0,0,
510,2,107,0,112.35719626168229
510,40,3,1,40.32
510,66,18,0,41.42777777777778
510,68,2,0,42.254999999999995
510,69,16,0,41.003750000000004
510,70,2,0,136.965
510,71,16,15,2.729375
510,121,3,0,116.50333333333333
510,123,26,0,108.82576923076924
510,127,39,27,24.977948717948713
510,321,0,0,
510,322,0,0,
510,325,0,0,
510,326,0,0,
510,329,5,5,0.0
510,10639,1,0,40.39
510,10681,0,0,
510,10682,2,0,22.195
510,10643,2,0,86.52000000000001
510,10646,0,0,
540,2,94,0,110.83936170212769
540,40,3,2,14.403333333333334
540,66,17,3,34.67411764705883
540,68,6,0,45.51666666666667
540,69,13,0,41.896153846153844
540,70,0,0,
540,71,7,6,6.437142857142858
540,121,8,0,40.50750000000001
540,123,25,0,106.5256
540,127,35,14,16.97457142857143
540,321,0,0,
540,322,0,0,
540,325,0,0,
540,326,0,0,
540,329,5,5,0.0
540,10639,0,0,
540,10681,2,0,60.045
540,10682,6,0,47.281666666666666
540,10643,1,0,101.08
540,10646,0,0,
570,2,97,0,113.40247422680413
570,40,3,3,0.0
570,66,21,7,28.201904761904764
570,68,0,0,
570,69,15,0,42.31533333333334
570,70,2,0,74.78
570,71,8,7,0.1575
570,121,7,0,29.428571428571427
570,123,29,0,101.65655172413791
570,127,18,4,63.12722222222222
570,321,3,0,40.166666666666664
570,322,4,0,44.57
570,325,0,0,
570,326,1,0,41.8
570,329,5,5,0.0
570,10639,1,0,42.34
570,10681,2,0,42.235
570,10682,6,0,20.55
570,10643,2,0,99.715
570,10646,6,0,42.66
600,2,100,0,112.2808
600,40,5,3,30.506
600,66,22,9,24.886363636363637
600,68,0,0,
600,69,17,0,41.57294117647059
600,70,0,0,
600,71,4,4,0.2125
600,121,3,0,66.65333333333332
600,123,35,0,99.11285714285718
600,127,17,6,37.57235294117647
600,321,0,0,
600,322,10,0,39.931
600,325,2,0,36.985
600,326,5,0,43.274
600,329,0,0,
600,10639,1,0,42.11
600,10681,0,0,
600,10682,7,1,25.254285714285718
600,10643,1,0,116.53
600,10646,3,0,72.18666666666667
630,2,115,1,109.74643478260865
630,40,9,3,51.02666666666667
630,66,23,10,24.613478260869567
630,68,0,0,
630,69,17,0,41.59823529411765
630,70,2,0,73.465
630,71,5,5,0.0
630,121,1,0,92.26
630,123,37,0,110.9564864864865
630,127,22,18,9.005454545454546
630,321,0,0,
630,322,0,0,
630,325,1,0,28.71
630,326,10,0,41.284000000000006
630,329,6,5,5.68
630,10639,0,0,
630,10681,0,0,
630,10682,4,0,63.37499999999999
630,10643,2,0,122.18
630,10646,0,0,
660,2,102,0,114.53960784313728
660,40,7,0,50.35571428571428
660,66,22,2,30.43681818181818
660,68,3,0,41.21666666666667
660,69,15,0,41.018
660,70,0,0,
660,71,12,10,8.479999999999999
660,121,1,0,100.43
660,123,29,0,108.3796551724138
660,127,32,21,24.249375
660,321,0,0,
660,322,0,0,
660,325,0,0,
660,326,0,0,
660,329,16,15,1.951875
660,10639,1,0,44.22
660,10681,0,0,
660,10682,6,0,94.695
660,10643,1,0,126.86
660,10646,0,0,
690,2,102,0,112.04617647058825
690,40,6,0,42.413333333333334
690,66,17,1,40.894705882352945
690,68,6,0,44.96
690,69,21,0,40.69714285714286
690,70,0,0,
690,71,4,4,0.12
690,121,11,0,46.22
690,123,32,0,109.91750000000002
690,127,26,13,20.53884615384616
690,321,0,0,
690,322,0,0,
690,325,0,0,
690,326,0,0,
690,329,10,10,0.0
690,10639,1,0,44.56
690,10681,5,0,51.65
690,10682,2,0,49.91
690,10643,1,0,103.16
690,10646,0,0,
720,2,112,0,112.70875000000001
720,40,5,4,6.668000000000001
720,66,20,2,37.666
720,68,1,0,45.08
720,69,23,0,39.38304347826087
720,70,1,0,39.11
720,71,5,5,0.0
720,121,13,0,35.51153846153847
720,123,33,0,93.78545454545457
720,127,15,1,74.53733333333335
720,321,0,0,
720,322,6,0,40.46666666666666
720,325,0,0,
720,326,0,0,
720,329,10,10,0.0
720,10639,0,0,
720,10681,3,0,77.80666666666667
720,10682,6,0,31.096666666666664
720,10643,1,0,93.14
720,10646,7,0,41.962857142857146
750,2,97,0,116.12907216494844
750,40,6,4,19.875
750,66,22,3,36.765
750,68,0,0,
750,69,24,0,39.916666666666664
750,70,0,0,
750,71,4,1,29.165000000000003
750,121,8,0,33.93
750,123,32,0,88.37343750000002
750,127,18,4,76.37444444444445
750,321,1,0,31.24
750,322,13,0,40.32153846153846
750,325,2,0,43.135000000000005
750,326,6,0,40.650000000000006
750,329,0,0,
750,10639,2,0,41.53
750,10681,0,0,
750,10682,12,1,33.17166666666667
750,10643,1,0,102.59
750,10646,4,0,47.372499999999995
780,2,103,0,116.14019417475728
780,40,10,5,35.481
780,66,24,5,33.13416666666666
780,68,0,0,
780,69,25,0,40.3224
780,70,2,0,67.16
780,71,8,7,1.175
780,121,2,0,65.945
780,123,37,0,89.34945945945947
780,127,23,18,20.046521739130434
780,321,0,0,
780,322,0,0,
780,325,4,0,29.32
780,326,10,0,38.366
780,329,9,6,14.224444444444446
780,10639,1,0,43.9
780,10681,0,0,
780,10682,8,0,32.45875
780,10643,1,0,94.74
780,10646,2,0,43.09
810,2,101,0,116.70019801980202
810,40,5,0,39.007999999999996
810,66,19,1,37.99526315789473
810,68,3,0,40.81999999999999
810,69,25,0,40.104000000000006
810,70,3,0,60.62
810,71,13,13,0.0
810,121,0,0,
810,123,44,0,97.18636363636361
810,127,29,24,8.592758620689654
810,321,0,0,
810,322,0,0,
810,325,0,0,
810,326,1,0,30.49
810,329,22,21,0.8904545454545455
810,10639,0,0,
810,10681,0,0,
810,10682,1,0,68.93
810,10643,0,0,
810,10646,0,0,
840,2,97,0,118.22948453608245
840,40,2,0,45.05
840,66,19,1,39.65210526315791
840,68,9,0,43.50888888888889
840,69,23,0,37.56260869565217
840,70,1,0,39.28
840,71,12,10,11.2525
840,121,12,0,49.65583333333333
840,123,32,0,100.855
840,127,35,9,46.914857142857144
840,321,0,0,
840,322,0,0,
840,325,1,0,44.05
840,326,0,0,
840,329,20,20,0.0
840,10639,0,0,
840,10681,2,0,44.3
840,10682,1,0,89.62
840,10643,0,0,
840,10646,2,0,39.54
870,2,96,0,116.10062499999998
870,40,2,2,0.0
870,66,21,5,30.035238095238096
870,68,1,0,78.43
870,69,25,0,36.587599999999995
870,70,0,0,
870,71,13,11,14.255384615384616
870,121,8,0,38.83375000000001
870,123,24,0,105.10208333333333
870,127,20,4,35.5665
870,321,0,0,
870,322,4,0,42.8075
870,325,1,0,76.21
870,326,1,1,0.0
870,329,20,20,0.0
870,10639,1,0,44.99
870,10681,2,0,41.6
870,10682,2,0,95.75999999999999
870,10643,0,0,
870,10646,5,0,48.718
900,2,98,0,107.45
900,40,4,2,42.3825
900,66,25,8,26.548
900,68,0,0,
900,69,23,0,39.939565217391305
900,70,0,0,
900,71,1,1,0.0
900,121,2,0,120.065
900,123,24,0,100.37833333333334
900,127,23,9,52.97782608695653
900,321,1,0,27.2
900,322,11,0,41.315454545454536
900,325,0,0,
900,326,6,2,28.419999999999998
900,329,8,0,24.409999999999997
900,10639,0,0,
900,10681,0,0,
900,10682,1,0,52.19
900,10643,2,0,99.7
900,10646,5,0,59.306000000000004
930,2,104,0,114.78144230769229
930,40,7,3,47.94857142857143
930,66,25,10,24.2568
930,68,1,0,65.27
930,69,20,0,42.20349999999999
930,70,4,0,50.9025
930,71,3,2,4.666666666666667
930,121,7,0,51.74428571428571
930,123,24,0,103.76666666666667
930,127,40,24,27.893499999999996
930,321,0,0,
930,322,0,0,
930,325,1,0,32.56
930,326,11,0,40.809090909090905
930,329,14,14,0.0
930,10639,0,0,
930,10681,1,0,44.01
930,10682,0,0,
930,10643,4,0,104.545
930,10646,0,0,
960,2,96,0,116.70489583333337
960,40,6,0,47.33500000000001
960,66,28,13,21.298571428571424
960,68,0,0,
960,69,25,0,41.452799999999996
960,70,0,0,
960,71,8,2,28.307499999999997
960,121,5,0,44.402
960,123,23,0,103.50565217391306
960,127,43,39,7.880232558139536
960,321,0,0,
960,322,1,0,41.56
960,325,0,0,
960,326,1,0,30.08
960,329,23,22,0.5013043478260869
960,10639,0,0,
960,10681,0,0,
960,10682,5,0,53.108000000000004
960,10643,1,0,94.59
960,10646,7,0,45.347142857142856
990,2,112,0,116.85482142857147
990,40,5,1,35.464
990,66,29,14,20.801724137931036
990,68,2,0,45.31
990,69,31,0,41.30419354838709
990,70,1,0,43.84
990,71,7,6,8.411428571428571
990,121,3,0,42.92333333333334
990,123,30,0,114.76700000000001
990,127,46,18,27.24543478260869
990,321,0,0,
990,322,0,0,
990,325,0,0,
990,326,1,0,40.67
990,329,20,20,0.0
990,10639,0,0,
990,10681,0,0,
990,10682,1,0,111.85
990,10643,2,0,90.505
990,10646,0,0,
1020,2,131,0,115.4921374045801
1020,40,5,2,22.6
1020,66,33,12,25.000303030303023
1020,68,0,0,
1020,69,32,0,40.173125
1020,70,3,0,40.67333333333333
1020,71,17,11,8.205294117647059
1020,121,0,0,
1020,123,27,0,107.35148148148149
1020,127,37,5,48.81945945945946
1020,321,0,0,
1020,322,5,0,40.218
1020,325,1,0,76.67
1020,326,0,0,
1020,329,19,19,0.0
1020,10639,0,0,
1020,10681,0,0,
1020,10682,4,0,100.83
1020,10643,1,0,126.46
1020,10646,2,0,42.66
1050,2,128,0,114.19109374999996
1050,40,7,4,25.887142857142855
1050,66,25,1,37.6768
1050,68,5,0,41.722
1050,69,32,0,39.885937500000004
1050,70,0,0,
1050,71,22,20,1.8404545454545456
1050,121,5,0,41.87
1050,123,25,0,110.98680000000002
1050,127,33,14,21.334545454545452
1050,321,0,0,
1050,322,8,0,38.61625000000001
1050,325,1,0,30.29
1050,326,8,0,44.39875
1050,329,7,0,27.318571428571428
1050,10639,0,0,
1050,10681,3,0,42.676666666666655
1050,10682,6,0,51.22833333333333
1050,10643,0,0,
1050,10646,0,0,
1080,2,131,0,112.9075572519084
1080,40,17,4,35.760000000000005
1080,66,27,4,34.16851851851851
1080,68,2,0,37.185
1080,69,37,0,39.201891891891904
1080,70,1,0,43.9
1080,71,12,10,6.489166666666667
1080,121,9,2,26.78
1080,123,31,0,98.1390322580645
1080,127,23,2,34.2495652173913
1080,321,0,0,
1080,322,0,0,
1080,325,1,0,31.39
1080,326,7,0,41.15
1080,329,17,16,1.903529411764706
1080,10639,0,0,
1080,10681,4,0,59.1225
1080,10682,5,1,44.465999999999994
1080,10643,2,0,109.82
1080,10646,6,0,41.99666666666666
1110,2,144,0,108.62361111111107
1110,40,18,5,28.855555555555554
1110,66,31,6,31.60032258064516
1110,68,1,0,28.09
1110,69,33,0,38.832727272727276
1110,70,2,0,40.565
1110,71,9,4,12.902222222222223
1110,121,5,0,41.726
1110,123,27,0,93.89185185185183
1110,127,10,4,30.562
1110,321,0,0,
1110,322,0,0,
1110,325,1,0,44.27
1110,326,0,0,
1110,329,24,23,0.11291666666666667
1110,10639,0,0,
1110,10681,0,0,
1110,10682,9,0,20.87777777777778
1110,10643,0,0,
1110,10646,3,0,63.82333333333332
1140,2,135,1,112.456
1140,40,18,6,26.435555555555553
1140,66,35,7,31.936857142857143
1140,68,1,0,43.02
1140,69,29,0,39.04827586206898
1140,70,5,0,57.874
1140,71,9,8,0.9422222222222223
1140,121,4,0,55.580000000000005
1140,123,34,0,97.02499999999999
1140,127,23,6,61.755217391304356
1140,321,0,0,
1140,322,0,0,
1140,325,0,0,
1140,326,0,0,
1140,329,21,21,0.0
1140,10639,1,0,40.86
1140,10681,1,0,41.34
1140,10682,4,0,74.8675
1140,10643,2,0,92.13499999999999
1140,10646,2,0,34.58
1170,2,136,0,112.04404411764712
1170,40,17,9,10.918235294117647
1170,66,34,5,31.9185294117647
1170,68,0,0,
1170,69,32,0,37.931875000000005
1170,70,1,0,43.5
1170,71,18,15,4.157222222222222
1170,121,5,0,37.706
1170,123,36,0,106.21222222222221
1170,127,36,23,18.95611111111111
1170,321,1,0,54.55
1170,322,5,0,39.094
1170,325,0,0,
1170,326,0,0,
1170,329,21,21,0.0
1170,10639,2,0,41.61
1170,10681,0,0,
1170,10682,5,0,49.52
1170,10643,3,0,101.22666666666667
1170,10646,1,0,43.18
1200,2,135,0,110.88888888888884
1200,40,2,0,32.72
1200,66,26,0,40.822692307692314
1200,68,4,0,35.817499999999995
1200,69,28,0,37.72035714285715
1200,70,2,0,33.650000000000006
1200,71,23,21,3.8995652173913045
1200,121,6,0,40.28666666666667
1200,123,30,0,104.13799999999999
1200,127,60,41,21.034333333333333
1200,321,0,0,
1200,322,5,0,35.072
1200,325,2,0,33.3
1200,326,5,0,41.544000000000004
1200,329,10,1,16.797
1200,10639,1,0,42.88
1200,10681,2,0,43.22
1200,10682,8,0,53.97249999999999
1200,10643,2,0,108.11
1200,10646,2,0,41.894999999999996
1230,2,153,0,109.41143790849677
1230,40,12,2,70.79
1230,66,28,2,37.56499999999999
1230,68,5,1,29.439999999999998
1230,69,26,0,38.10807692307692
1230,70,4,0,61.73500000000001
1230,71,15,13,0.21333333333333332
1230,121,16,0,29.906875000000003
1230,123,33,0,110.36060606060605
1230,127,40,19,14.471750000000004
1230,321,0,0,
1230,322,0,0,
1230,325,0,0,
1230,326,4,0,40.8225
1230,329,18,16,0.7727777777777778
1230,10639,1,0,32.75
1230,10681,5,0,57.248000000000005
1230,10682,6,0,36.575
1230,10643,3,0,83.41666666666667
1230,10646,5,0,36.858
1260,2,152,1,106.8303947368421
1260,40,14,7,19.460714285714285
1260,66,32,8,29.310937500000005
1260,68,0,0,
1260,69,24,0,40.605416666666656
1260,70,1,0,41.89
1260,71,8,4,14.0525
1260,121,13,0,21.401538461538458
1260,123,28,0,95.68285714285712
1260,127,30,10,31.949
1260,321,0,0,
1260,322,0,0,
1260,325,0,0,
1260,326,0,0,
1260,329,21,21,0.0
1260,10639,1,0,33.46
1260,10681,0,0,
1260,10682,11,0,15.305454545454547
1260,10643,3,0,116.60333333333334
1260,10646,7,0,48.212857142857146
1290,2,150,1,105.9053333333333
1290,40,14,8,18.270000000000003
1290,66,36,12,27.94527777777778
1290,68,0,0,
1290,69,27,0,40.96333333333333
1290,70,0,0,
1290,71,8,7,3.345
1290,121,5,0,30.468
1290,123,31,0,92.28161290322583
1290,127,33,24,24.048484848484854
1290,321,0,0,
1290,322,0,0,
1290,325,0,0,
1290,326,0,0,
1290,329,19,19,0.0
1290,10639,0,0,
1290,10681,0,0,
1290,10682,23,8,11.135652173913044
1290,10643,1,0,112.18
1290,10646,4,0,60.137499999999996
1320,2,157,0,107.51331210191083
1320,40,13,8,13.82153846153846
1320,66,39,13,26.61076923076923
1320,68,0,0,
1320,69,30,0,41.248333333333335
1320,70,7,0,42.26285714285715
1320,71,13,13,0.0
1320,121,4,0,68.50999999999999
1320,123,28,0,102.74678571428568
1320,127,50,35,21.800599999999996
1320,321,1,0,36.26
1320,322,8,0,40.8675
1320,325,0,0,
1320,326,0,0,
1320,329,19,19,0.0
1320,10639,0,0,
1320,10681,0,0,
1320,10682,16,4,12.842500000000001
1320,10643,1,0,131.33
1320,10646,3,0,43.27333333333333
1350,2,156,2,103.838717948718
1350,40,2,0,56.97
1350,66,24,0,40.97166666666667
1350,68,5,0,40.072
1350,69,30,0,40.769999999999996
1350,70,1,0,41.03
1350,71,24,17,6.672916666666667
1350,121,9,0,48.375555555555565
1350,123,38,0,107.5915789473684
1350,127,72,54,16.271666666666665
1350,321,0,0,
1350,322,8,0,40.598749999999995
1350,325,1,0,63.23
1350,326,9,0,39.53777777777778
1350,329,8,0,27.937499999999996
1350,10639,2,0,41.845
1350,10681,5,0,42.568
1350,10682,11,2,32.26272727272727
1350,10643,3,0,105.50999999999999
1350,10646,0,0,
1380,2,164,0,101.93573170731705
1380,40,9,0,85.89333333333335
1380,66,25,3,34.993199999999995
1380,68,7,0,35.95428571428572
1380,69,32,0,38.824687499999996
1380,70,0,0,
1380,71,17,11,6.314705882352941
1380,121,18,1,27.032222222222224
1380,123,45,0,99.31288888888889
1380,127,51,29,14.005686274509804
1380,321,0,0,
1380,322,0,0,
1380,325,3,0,30.91333333333333
1380,326,7,0,41.99
1380,329,19,16,0.5326315789473685
1380,10639,0,0,
1380,10681,5,0,88.288
1380,10682,12,0,30.797500000000003
1380,10643,3,0,96.71333333333332
1380,10646,6,0,33.165
1410,2,185,1,102.54178378378383
1410,40,12,5,39.13916666666666
1410,66,27,4,35.368148148148144
1410,68,8,3,9.35625
1410,69,30,0,37.30266666666667
1410,70,0,0,
1410,71,12,2,11.694166666666668
1410,121,15,1,17.096666666666668
1410,123,33,0,100.32757575757574
1410,127,46,15,27.70913043478261
1410,321,0,0,
1410,322,0,0,
1410,325,0,0,
1410,326,2,1,3.665
1410,329,24,24,0.0
1410,10639,0,0,
1410,10681,1,0,41.79
1410,10682,19,1,16.22578947368421
1410,10643,3,0,85.23333333333333
1410,10646,9,0,45.03666666666667
1440,2,183,0,111.97513661202188
1440,40,12,6,17.458333333333332
1440,66,30,6,33.81966666666667
1440,68,1,0,10.66
1440,69,29,0,38.88206896551724
1440,70,1,0,44.36
1440,71,5,4,4.174
1440,121,15,2,21.769333333333336
1440,123,34,0,102.44205882352942
1440,127,53,35,17.459245283018863
1440,321,0,0,
1440,322,0,0,
1440,325,1,0,43.12
1440,326,2,2,0.0
1440,329,21,20,2.0033333333333334
1440,10639,1,0,40.09
1440,10681,0,0,
1440,10682,23,10,6.122608695652174
1440,10643,1,0,70.88
1440,10646,4,0,77.605
1470,2,189,5,98.92164021164021
1470,40,11,9,5.035454545454545
1470,66,33,5,34.92787878787878
1470,68,2,0,30.759999999999998
1470,69,31,0,40.39161290322581
1470,70,13,0,36.01307692307693
1470,71,8,5,15.907499999999999
1470,121,9,2,26.799999999999997
1470,123,36,0,109.74444444444445
1470,127,71,57,11.639154929577463
1470,321,8,0,28.870000000000005
1470,322,6,0,43.41833333333333
1470,325,1,0,103.21
1470,326,2,2,0.0
1470,329,21,20,1.9095238095238096
1470,10639,0,0,
1470,10681,0,0,
1470,10682,21,6,8.67095238095238
1470,10643,3,0,104.16333333333334
1470,10646,5,0,56.501999999999995
1500,2,172,3,99.54174418604651
1500,40,2,0,68.94
1500,66,24,0,42.229166666666664
1500,68,2,0,40.08
1500,69,31,0,41.268387096774205
1500,70,1,0,98.97
1500,71,22,19,1.8536363636363637
1500,121,13,0,36.970769230769235
1500,123,21,0,100.91142857142856
1500,127,83,72,8.060361445783132
1500,321,13,0,24.172307692307694
1500,322,10,0,38.97499999999999
1500,325,7,0,38.01714285714286
1500,326,11,4,25.817272727272726
1500,329,8,2,22.522499999999997
1500,10639,4,0,37.94
1500,10681,3,0,39.17666666666667
1500,10682,21,7,7.282857142857143
1500,10643,3,0,104.58333333333333
1500,10646,6,0,41.11666666666667
1530,2,185,9,93.49745945945945
1530,40,12,1,78.65333333333334
1530,66,28,3,37.12499999999999
1530,68,8,0,34.794999999999995
1530,69,33,0,40.50939393939394
1530,70,1,0,119.28
1530,71,21,16,12.92
1530,121,13,0,35.84923076923077
1530,123,26,0,103.46384615384615
1530,127,73,46,11.220273972602739
1530,321,0,0,
1530,322,3,0,29.246666666666666
1530,325,11,0,27.44454545454546
1530,326,15,1,24.623333333333335
1530,329,20,18,1.15
1530,10639,1,0,5.06
1530,10681,3,0,52.79333333333333
1530,10682,23,6,8.318260869565217
1530,10643,3,0,108.39333333333333
1530,10646,8,0,35.1425
1560,2,194,7,90.40154639175256
1560,40,12,8,16.4325
1560,66,30,5,33.96900000000001
1560,68,3,0,27.353333333333335
1560,69,45,0,39.122888888888895
1560,70,1,0,43.51
1560,71,19,7,10.073157894736841
1560,121,17,4,19.927647058823528
1560,123,34,0,104.75470588235294
1560,127,68,24,14.898970588235294
1560,321,0,0,
1560,322,0,0,
1560,325,1,0,7.31
1560,326,22,8,12.66590909090909
1560,329,22,22,0.0
1560,10639,1,0,40.53
1560,10681,0,0,
1560,10682,22,6,7.137272727272728
1560,10643,2,0,106.095
1560,10646,7,0,50.68
1590,2,198,10,83.20191919191919
1590,40,11,8,11.80909090909091
1590,66,33,5,35.78636363636363
1590,68,0,0,
1590,69,47,0,37.018297872340426
1590,70,4,0,45.0
1590,71,12,11,2.5124999999999997
1590,121,11,0,25.521818181818183
1590,123,31,0,97.50064516129032
1590,127,69,42,11.15304347826087
1590,321,0,0,
1590,322,0,0,
1590,325,1,0,44.59
1590,326,19,19,0.0
1590,329,22,19,2.2781818181818183
1590,10639,0,0,
1590,10681,0,0,
1590,10682,20,2,10.0975
1590,10643,0,0,
1590,10646,3,0,52.75666666666666
1620,2,191,13,84.2501570680628
1620,40,9,8,1.2444444444444445
1620,66,36,7,33.07527777777777
1620,68,0,0,
1620,69,40,0,38.5695
1620,70,6,0,51.18666666666667
1620,71,19,17,0.6721052631578948
1620,121,6,0,40.02666666666667
1620,123,29,0,102.50758620689653
1620,127,90,70,9.565666666666665
1620,321,0,0,
1620,322,8,0,39.316250000000004
1620,325,0,0,
1620,326,20,20,0.0
1620,329,23,23,0.0
1620,10639,1,0,40.84
1620,10681,0,0,
1620,10682,19,2,9.416315789473684
1620,10643,2,0,85.435
1620,10646,4,0,38.015
1650,2,199,20,85.34075376884425
1650,40,2,0,76.095
1650,66,28,1,40.2025
1650,68,0,0,
1650,69,48,0,38.01062500000002
1650,70,2,0,73.06
1650,71,34,28,2.320588235294118
1650,121,13,0,36.09538461538462
1650,123,31,0,99.90774193548387
1650,127,106,99,2.2424528301886792
1650,321,4,0,35.849999999999994
1650,322,14,0,35.87500000000001
1650,325,0,0,
1650,326,26,24,2.4526923076923075
1650,329,13,4,5.660769230769231
1650,10639,2,1,21.28
1650,10681,2,0,43.78
1650,10682,13,0,20.103846153846156
1650,10643,1,0,60.14
1650,10646,4,0,36.394999999999996
1680,2,214,15,83.5647663551402
1680,40,22,0,70.11454545454545
1680,66,32,4,36.48625
1680,68,3,0,39.14666666666667
1680,69,47,0,39.71702127659575
1680,70,1,0,40.42
1680,71,17,16,2.392352941176471
1680,121,16,1,28.525624999999998
1680,123,33,0,88.29757575757574
1680,127,94,64,14.512659574468085
1680,321,0,0,
1680,322,0,0,
1680,325,11,4,9.443636363636365
1680,326,26,17,9.442692307692308
1680,329,18,15,0.7683333333333333
1680,10639,0,0,
1680,10681,4,0,80.975
1680,10682,14,0,17.500714285714285
1680,10643,1,0,122.01
1680,10646,7,0,41.800000000000004
1710,2,209,14,84.98622009569381
1710,40,22,2,42.183181818181815
1710,66,36,6,34.20666666666667
1710,68,0,0,
1710,69,40,0,39.83075
1710,70,4,0,35.9625
1710,71,9,2,12.931111111111111
1710,121,9,0,32.271111111111104
1710,123,34,0,100.5891176470588
1710,127,84,36,12.810357142857145
1710,321,0,0,
1710,322,0,0,
1710,325,11,10,2.0345454545454547
1710,326,22,17,3.3886363636363637
1710,329,18,11,6.3405555555555555
1710,10639,2,0,42.445
1710,10681,1,0,44.9
1710,10682,21,1,12.188095238095237
1710,10643,1,0,113.28
1710,10646,8,0,53.948750000000004
1740,2,223,10,81.22165919282514
1740,40,23,8,22.259565217391305
1740,66,37,9,32.00783783783784
1740,68,0,0,
1740,69,41,0,38.14365853658535
1740,70,6,0,43.10666666666666
1740,71,7,6,2.1814285714285715
1740,121,3,0,67.39333333333333
1740,123,29,0,102.76586206896552
1740,127,84,47,10.057976190476191
1740,321,0,0,
1740,322,0,0,
1740,325,8,4,7.9887500000000005
1740,326,19,16,3.56
1740,329,15,10,4.700666666666666
1740,10639,2,0,40.605000000000004
1740,10681,0,0,
1740,10682,20,4,10.810000000000002
1740,10643,2,0,99.33
1740,10646,4,0,44.4575
1770,2,221,15,78.49271493212673
1770,40,22,17,4.405909090909091
1770,66,35,8,31.204285714285717
1770,68,1,0,43.7
1770,69,39,0,39.93641025641027
1770,70,3,0,65.55
1770,71,18,14,5.267222222222222
1770,121,3,0,78.73666666666666
1770,123,27,0,111.17370370370371
1770,127,102,82,8.141274509803921
1770,321,1,0,38.61
1770,322,6,0,41.425000000000004
1770,325,9,8,0.7611111111111111
1770,326,15,10,6.600666666666667
1770,329,19,19,0.0
1770,10639,1,0,41.28
1770,10681,0,0,
1770,10682,14,0,18.469285714285714
1770,10643,2,0,78.07
1770,10646,0,0,
1800,2,227,21,69.66277533039646
1800,40,9,1,36.577777777777776
1800,66,28,0,40.13999999999999
1800,68,4,0,40.6175
1800,69,31,0,40.26419354838709
1800,70,3,0,38.51333333333333
1800,71,26,22,3.604230769230769
1800,121,10,0,42.190000000000005
1800,123,30,0,106.36533333333335
1800,127,114,102,4.045175438596491
1800,321,5,0,30.47
1800,322,15,0,35.66933333333334
1800,325,10,7,6.6530000000000005
1800,326,27,23,3.4337037037037033
1800,329,19,19,0.0
1800,10639,2,0,25.830000000000002
1800,10681,3,0,33.88333333333333
1800,10682,6,0,47.98666666666667
1800,10643,2,0,92.64
1800,10646,0,0,
1830,2,228,27,66.11473684210526
1830,40,26,7,52.260000000000005
1830,66,30,6,32.285000000000004
1830,68,8,0,39.1475
1830,69,30,0,40.83366666666667
1830,70,2,0,78.425
1830,71,23,21,3.15695652173913
1830,121,14,1,33.53357142857143
1830,123,28,0,102.02142857142857
1830,127,107,72,13.727476635514016
1830,321,0,0,
1830,322,6,4,1.4966666666666668
1830,325,15,8,9.032666666666668
1830,326,28,26,1.8335714285714284
1830,329,17,17,0.0
1830,10639,2,0,37.415
1830,10681,5,0,48.834
1830,10682,10,0,26.326999999999998
1830,10643,0,0,
1830,10646,5,0,42.028000000000006
1860,2,236,25,64.68716101694918
1860,40,26,14,21.670769230769228
1860,66,33,6,33.30787878787879
1860,68,0,0,
1860,69,32,0,40.43937499999999
1860,70,4,0,63.99250000000001
1860,71,13,7,12.206153846153846
1860,121,12,0,34.0325
1860,123,30,0,96.68433333333336
1860,127,101,57,12.97841584158416
1860,321,1,0,28.77
1860,322,0,0,
1860,325,19,19,0.0
1860,326,29,26,1.5131034482758619
1860,329,11,6,9.518181818181818
1860,10639,1,0,44.18
1860,10681,0,0,
1860,10682,17,0,15.692941176470587
1860,10643,2,0,75.08000000000001
1860,10646,10,0,59.975
1890,2,253,30,67.10632411067195
1890,40,25,16,14.5028
1890,66,36,8,30.42750000000001
1890,68,0,0,
1890,69,39,0,39.96666666666666
1890,70,6,0,48.160000000000004
1890,71,15,13,5.182
1890,121,5,0,39.230000000000004
1890,123,35,0,89.23057142857145
1890,127,108,56,8.152592592592592
1890,321,1,0,44.95
1890,322,0,0,
1890,325,19,19,0.0
1890,326,24,17,5.479166666666667
1890,329,12,7,5.8933333333333335
1890,10639,3,0,40.84666666666667
1890,10681,0,0,
1890,10682,22,6,10.826363636363636
1890,10643,0,0,
1890,10646,5,0,45.971999999999994
1920,2,261,27,61.72823754789272
1920,40,24,20,2.42
1920,66,37,8,28.492162162162163
1920,68,0,0,
1920,69,39,0,40.90025641025641
1920,70,5,0,43.248
1920,71,17,14,4.633529411764705
1920,121,3,0,83.19
1920,123,33,0,101.21454545454546
1920,127,124,93,6.3680645161290315
1920,321,2,0,40.54
1920,322,7,0,46.917142857142856
1920,325,19,19,0.0
1920,326,16,7,11.114375
1920,329,18,16,1.0172222222222222
1920,10639,1,0,43.05
1920,10681,0,0,
1920,10682,16,3,20.450625000000002
1920,10643,2,0,70.075
1920,10646,2,0,43.275
1950,2,277,28,60.38942238267143
1950,40,12,1,42.545
1950,66,28,0,39.60071428571428
1950,68,6,0,38.36166666666667
1950,69,39,0,40.7423076923077
1950,70,2,0,55.269999999999996
1950,71,25,24,1.3932
1950,121,8,0,48.307500000000005
1950,123,41,0,109.97463414634146
1950,127,142,126,1.7911971830985918
1950,321,8,0,31.729999999999997
1950,322,18,2,32.77333333333334
1950,325,14,10,6.53
1950,326,28,22,6.6432142857142855
1950,329,18,17,0.26944444444444443
1950,10639,0,0,
1950,10681,3,0,44.21333333333333
1950,10682,6,0,52.34
1950,10643,2,0,87.99000000000001
1950,10646,0,0,
1980,2,277,21,65.24050541516249
1980,40,21,7,35.85095238095238
1980,66,28,5,34.157500000000006
1980,68,10,0,27.641000000000002
1980,69,41,0,41.57536585365854
1980,70,0,0,
1980,71,12,6,9.57
1980,121,13,1,32.214615384615385
1980,123,36,0,99.69055555555559
1980,127,138,108,8.855072463768115
1980,321,0,0,
1980,322,15,13,0.9380000000000001
1980,325,14,6,11.22285714285714
1980,326,33,27,7.372424242424242
1980,329,17,17,0.0
1980,10639,0,0,
1980,10681,4,0,50.307500000000005
1980,10682,12,0,31.672500000000003
1980,10643,6,0,73.85833333333333
1980,10646,4,0,41.3675
2010,2,289,20,67.09826989619374
2010,40,20,12,14.104
2010,66,32,5,32.64968749999999
2010,68,1,0,24.78
2010,69,40,0,39.498749999999994
2010,70,1,0,42.78
2010,71,9,2,9.934444444444445
2010,121,15,3,19.728666666666665
2010,123,39,0,109.89076923076922
2010,127,135,85,9.339407407407409
2010,321,0,0,
2010,322,6,3,10.345
2010,325,19,18,0.4036842105263158
2010,326,30,27,0.9840000000000001
2010,329,13,9,6.184615384615385
2010,10639,2,0,41.269999999999996
2010,10681,2,0,45.085
2010,10682,17,6,9.078823529411764
2010,10643,2,0,94.52
2010,10646,7,0,42.64571428571429
2040,2,301,33,61.850498338870466
2040,40,20,16,8.0405
2040,66,33,7,31.3730303030303
2040,68,0,0,
2040,69,34,0,40.97088235294119
2040,70,1,0,40.63
2040,71,4,4,0.0
2040,121,10,0,35.440000000000005
2040,123,32,0,106.28906249999997
2040,127,135,84,5.293555555555556
2040,321,0,0,
2040,322,5,5,0.0
2040,325,18,18,0.0
2040,326,25,17,5.7372000000000005
2040,329,16,10,5.80875
2040,10639,1,0,40.12
2040,10681,0,0,
2040,10682,19,5,8.464736842105264
2040,10643,4,0,87.10749999999999
2040,10646,5,0,55.465999999999994
2070,2,301,43,55.57983388704316
2070,40,19,15,6.76736842105263
2070,66,35,6,31.286571428571428
2070,68,1,0,42.82
2070,69,36,0,40.514166666666654
2070,70,10,0,41.021
2070,71,14,13,2.6164285714285715
2070,121,3,0,55.43666666666667
2070,123,22,0,110.64681818181818
2070,127,150,98,7.006133333333333
2070,321,2,0,43.14
2070,322,13,5,25.52
2070,325,18,18,0.0
2070,326,15,7,9.430666666666667
2070,329,25,24,1.0715999999999999
2070,10639,2,0,41.355000000000004
2070,10681,0,0,
2070,10682,17,1,11.52235294117647
2070,10643,3,0,73.53333333333335
2070,10646,4,0,41.8625
2100,2,319,41,55.50686520376175
2100,40,7,0,38.04142857142857
2100,66,30,0,39.92399999999999
2100,68,2,0,43.32
2100,69,36,0,40.226111111111116
2100,70,3,0,54.29
2100,71,22,18,5.493181818181818
2100,121,11,0,46.21454545454545
2100,123,28,0,114.39714285714284
2100,127,162,141,2.0422839506172843
2100,321,0,0,
2100,322,22,11,14.982727272727272
2100,325,15,11,4.689333333333334
2100,326,27,22,5.675185185185186
2100,329,24,24,0.0
2100,10639,1,0,42.98
2100,10681,2,0,42.05
2100,10682,11,0,36.64090909090909
2100,10643,1,0,69.95
2100,10646,1,0,43.99
2130,2,320,47,50.259062499999956
2130,40,14,3,40.38428571428572
2130,66,35,1,38.050285714285714
2130,68,10,0,23.061999999999998
2130,69,34,0,40.64705882352941
2130,70,5,0,42.312
2130,71,15,14,1.7020000000000002
2130,121,7,0,44.75999999999999
2130,123,37,0,112.0705405405405
2130,127,149,115,5.666040268456376
2130,321,0,0,
2130,322,13,13,0.0
2130,325,14,4,17.995
2130,326,34,28,6.238235294117647
2130,329,22,22,0.0
2130,10639,2,0,39.745
2130,10681,2,0,33.365
2130,10682,15,1,22.445333333333334
2130,10643,4,0,63.9525
2130,10646,8,0,42.27625
2160,2,324,41,51.81037037037041
2160,40,14,4,31.558571428571423
2160,66,38,11,29.588421052631578
2160,68,8,0,33.817499999999995
2160,69,37,0,38.954324324324325
2160,70,1,0,43.99
2160,71,14,4,17.899285714285714
2160,121,13,0,24.660000000000004
2160,123,27,0,109.6937037037037
2160,127,149,109,5.6277852348993305
2160,321,0,0,
2160,322,3,0,28.58666666666667
2160,325,18,18,0.0
2160,326,33,28,2.5609090909090906
2160,329,18,12,6.416666666666667
2160,10639,2,0,43.78
2160,10681,1,0,69.33
2160,10682,21,4,9.161904761904763
2160,10643,2,0,78.525
2160,10646,3,0,42.46333333333333
2190,2,351,53,47.41205128205127
2190,40,13,7,16.833076923076923
2190,66,37,11,29.87810810810811
2190,68,2,0,4.515
2190,69,42,0,38.73642857142857
2190,70,5,0,41.598
2190,71,8,6,12.05375
2190,121,15,0,17.75
2190,123,29,0,109.60793103448276
2190,127,148,97,5.087635135135135
2190,321,0,0,
2190,322,3,3,0.0
2190,325,18,18,0.0
2190,326,27,21,6.378518518518519
2190,329,19,12,3.252105263157895
2190,10639,0,0,
2190,10681,1,0,69.85
2190,10682,19,5,10.891578947368423
2190,10643,1,0,51.72
2190,10646,6,0,45.49333333333333
2220,2,362,53,43.48080110497237
2220,40,12,9,7.414999999999999
2220,66,35,8,29.74771428571428
2220,68,1,0,44.11
2220,69,40,0,39.612249999999996
2220,70,4,0,63.81249999999999
2220,71,15,13,3.9886666666666666
2220,121,10,0,31.101000000000006
2220,123,30,0,110.93866666666666
2220,127,158,109,6.823037974683544
2220,321,0,0,
2220,322,7,3,22.104285714285716
2220,325,18,18,0.0
2220,326,20,11,4.8555
2220,329,25,23,0.9824
2220,10639,0,0,
2220,10681,0,0,
2220,10682,21,6,7.38857142857143
2220,10643,3,0,89.88666666666667
2220,10646,5,0,45.758
2250,2,364,72,37.81780219780219
2250,40,5,0,66.26399999999998
2250,66,27,2,37.89
2250,68,3,0,41.089999999999996
2250,69,36,0,39.92555555555555
2250,70,4,0,52.4825
2250,71,23,21,3.758260869565217
2250,121,10,0,41.687
2250,123,31,0,104.70451612903224
2250,127,169,143,2.297810650887574
2250,321,7,0,25.7
2250,322,21,6,26.484761904761907
2250,325,15,13,2.3826666666666667
2250,326,29,23,5.6772413793103444
2250,329,25,23,0.5632
2250,10639,2,0,42.705
2250,10681,3,0,41.06333333333333
2250,10682,19,3,13.133157894736843
2250,10643,2,0,79.255
2250,10646,5,0,43.796
2280,2,386,83,36.96243523316062
2280,40,13,0,49.125384615384625
2280,66,32,6,34.2928125
2280,68,10,1,30.945999999999998
2280,69,37,0,38.796756756756764
2280,70,2,0,30.674999999999997
2280,71,15,12,4.569999999999999
2280,121,19,0,34.16157894736842
2280,123,32,0,97.59625
2280,127,170,136,5.973235294117648
2280,321,0,0,
2280,322,18,17,1.0122222222222221
2280,325,16,6,10.56625
2280,326,31,25,3.8619354838709676
2280,329,23,23,0.0
2280,10639,0,0,
2280,10681,4,0,60.32000000000001
2280,10682,19,3,11.553157894736842
2280,10643,0,0,
2280,10646,4,0,34.7825
2310,2,409,83,35.802909535452315
2310,40,14,2,40.57214285714286
2310,66,37,11,28.265945945945944
2310,68,5,0,33.715999999999994
2310,69,38,0,37.55552631578947
2310,70,2,0,41.53
2310,71,8,1,16.50375
2310,121,18,4,18.47666666666667
2310,123,30,0,93.04266666666668
2310,127,161,117,6.810372670807452
2310,321,0,0,
2310,322,12,7,9.237499999999999
2310,325,19,19,0.0
2310,326,32,25,2.5584375
2310,329,21,13,4.882857142857143
2310,10639,1,0,43.45
2310,10681,0,0,
2310,10682,21,5,10.073809523809524
2310,10643,0,0,
2310,10646,8,0,58.556250000000006
2340,2,424,80,35.10785377358492
2340,40,13,4,19.577692307692306
2340,66,40,12,27.960250000000002
2340,68,0,0,
2340,69,39,0,36.5897435897436
2340,70,0,0,
2340,71,11,8,6.827272727272727
2340,121,16,2,23.519375
2340,123,29,0,96.86517241379308
2340,127,160,111,4.722875
2340,321,0,0,
2340,322,12,12,0.0
2340,325,18,17,0.5494444444444445
2340,326,27,20,4.70037037037037
2340,329,21,16,6.097142857142857
2340,10639,1,0,44.99
2340,10681,0,0,
2340,10682,20,4,8.52
2340,10643,1,0,27.53
2340,10646,4,0,82.1875
2370,2,425,103,32.28491764705883
2370,40,11,5,16.99818181818182
2370,66,37,2,33.148648648648646
2370,68,4,0,40.4925
2370,69,32,0,36.256875
2370,70,13,0,35.64307692307692
2370,71,14,13,0.4385714285714286
2370,121,10,1,24.298
2370,123,25,0,100.93720000000002
2370,127,166,116,5.444939759036145
2370,321,3,0,35.92666666666667
2370,322,17,9,9.888823529411766
2370,325,18,18,0.0
2370,326,14,7,8.558571428571428
2370,329,33,30,0.503030303030303
2370,10639,0,0,
2370,10681,1,0,43.76
2370,10682,20,3,10.52
2370,10643,2,0,68.945
2370,10646,3,0,94.28333333333332
2400,2,438,114,30.309383561643855
2400,40,2,0,23.105
2400,66,29,1,40.72068965517241
2400,68,5,0,37.65
2400,69,29,0,36.30413793103448
2400,70,0,0,
2400,71,26,20,3.6957692307692307
2400,121,17,0,22.838235294117645
2400,123,31,0,103.57677419354837
2400,127,181,151,3.4701104972375694
2400,321,3,0,30.650000000000002
2400,322,29,17,10.664137931034485
2400,325,15,13,2.29
2400,326,23,19,4.1
2400,329,34,34,0.0
2400,10639,2,0,42.275000000000006
2400,10681,2,0,36.18
2400,10682,22,7,7.8977272727272725
2400,10643,0,0,
2400,10646,3,0,53.23
2430,2,453,113,30.979713024282546
2430,40,14,1,73.47571428571429
2430,66,30,1,40.68900000000001
2430,68,9,0,28.848888888888887
2430,69,26,0,36.552692307692304
2430,70,3,0,72.51666666666667
2430,71,27,22,4.2774074074074075
2430,121,18,3,20.605555555555558
2430,123,30,0,93.35433333333336
2430,127,172,134,5.214186046511627
2430,321,1,0,43.15
2430,322,22,20,0.8881818181818182
2430,325,14,4,17.25785714285714
2430,326,29,26,3.5589655172413797
2430,329,29,27,1.324137931034483
2430,10639,0,0,
2430,10681,3,0,62.163333333333334
2430,10682,23,3,6.533913043478261
2430,10643,4,0,62.975
2430,10646,9,0,42.49444444444444
2460,2,483,115,31.289006211180144
2460,40,14,3,33.50714285714285
2460,66,31,1,40.71806451612904
2460,68,10,3,4.656
2460,69,26,0,37.67346153846153
2460,70,3,0,68.74333333333333
2460,71,21,11,7.723809523809525
2460,121,17,0,23.171176470588232
2460,123,30,0,97.00600000000001
2460,127,166,124,6.453072289156624
2460,321,0,0,
2460,322,12,7,8.03
2460,325,21,20,1.2595238095238095
2460,326,32,26,2.4362500000000002
2460,329,25,19,5.855999999999999
2460,10639,0,0,
2460,10681,0,0,
2460,10682,24,12,5.411666666666666
2460,10643,1,0,52.07
2460,10646,7,0,39.728571428571435
2490,2,477,131,24.31150943396226
2490,40,12,8,14.575000000000001
2490,66,31,3,37.410000000000004
2490,68,4,1,14.175
2490,69,25,0,39.4716
2490,70,7,0,41.93285714285714
2490,71,16,13,3.6406249999999996
2490,121,14,0,22.295714285714286
2490,123,29,0,96.02448275862068
2490,127,167,126,5.130239520958084
2490,321,0,0,
2490,322,15,14,0.8226666666666667
2490,325,20,20,0.0
2490,326,28,22,3.081071428571429
2490,329,27,24,2.166296296296296
2490,10639,1,0,30.34
2490,10681,0,0,
2490,10682,21,4,8.407142857142857
2490,10643,1,0,43.82
2490,10646,10,0,41.859
2520,2,490,120,26.15279591836736
2520,40,11,10,1.1454545454545455
2520,66,27,0,41.12185185185186
2520,68,4,0,42.957499999999996
2520,69,24,0,42.196666666666665
2520,70,1,0,38.81
2520,71,18,17,2.4744444444444444
2520,121,8,0,30.620000000000005
2520,123,28,0,98.56285714285715
2520,127,173,126,4.98456647398844
2520,321,4,0,36.8425
2520,322,22,15,7.777727272727273
2520,325,21,20,0.38285714285714284
2520,326,20,14,5.427
2520,329,33,30,0.5566666666666666
2520,10639,1,0,30.34
2520,10681,1,0,42.92
2520,10682,21,4,7.479047619047619
2520,10643,0,0,
2520,10646,5,0,76.694
2550,2,505,127,24.254891089108895
2550,40,3,0,52.806666666666665
2550,66,28,0,41.576428571428565
2550,68,0,0,
2550,69,27,0,41.05185185185186
2550,70,4,0,49.2225
2550,71,22,21,2.5040909090909094
2550,121,8,1,25.705
2550,123,31,0,97.08741935483872
2550,127,190,149,3.61542105263158
2550,321,9,4,13.815555555555555
2550,322,30,22,6.201333333333333
2550,325,20,16,3.5260000000000007
2550,326,27,22,4.591481481481482
2550,329,34,33,0.08
2550,10639,0,0,
2550,10681,0,0,
2550,10682,21,8,5.4176190476190484
2550,10643,2,1,6.745
2550,10646,6,0,47.415
2580,2,524,140,21.505572519083984
2580,40,16,0,66.69500000000001
2580,66,30,7,31.871333333333332
2580,68,10,0,35.884
2580,69,24,0,41.44125
2580,70,2,0,78.27000000000001
2580,71,5,2,16.478
2580,121,13,0,56.104615384615386
2580,123,31,0,90.05741935483871
2580,127,172,141,5.070872093023256
2580,321,6,6,0.0
2580,322,25,21,2.1732
2580,325,20,8,18.295499999999997
2580,326,27,24,2.05
2580,329,32,30,0.42906249999999996
2580,10639,0,0,
2580,10681,7,0,58.879999999999995
2580,10682,16,4,14.403125
2580,10643,5,0,57.286
2580,10646,6,0,46.498333333333335
2610,2,568,155,24.97595070422534
2610,40,17,4,35.30058823529412
2610,66,32,11,27.613750000000003
2610,68,4,0,39.637499999999996
2610,69,26,0,40.46153846153847
2610,70,2,0,43.004999999999995
2610,71,5,3,12.044
2610,121,13,1,24.56
2610,123,46,0,84.76913043478262
2610,127,167,120,7.058083832335331
2610,321,6,6,0.0
2610,322,15,10,7.118666666666668
2610,325,23,19,2.402608695652174
2610,326,33,24,3.6675757575757575
2610,329,28,20,6.075357142857143
2610,10639,2,0,42.504999999999995
2610,10681,2,0,62.269999999999996
2610,10682,10,0,28.782
2610,10643,1,0,71.64
2610,10646,7,0,46.68142857142857
2640,2,580,152,23.452620689655177
2640,40,16,9,16.970625000000002
2640,66,31,11,26.444193548387087
2640,68,0,0,
2640,69,27,0,41.50222222222221
2640,70,3,0,43.61666666666667
2640,71,13,9,10.683076923076923
2640,121,13,1,22.85
2640,123,44,0,88.28886363636364
2640,127,163,115,4.828773006134969
2640,321,5,4,1.6320000000000001
2640,322,17,13,2.8611764705882354
2640,325,19,18,0.2931578947368421
2640,326,29,18,5.766551724137932
2640,329,31,22,2.7106451612903224
2640,10639,0,0,
2640,10681,0,0,
2640,10682,19,3,11.965263157894737
2640,10643,2,0,85.16499999999999
2640,10646,8,0,43.938750000000006
2670,2,592,135,24.14577702702702
2670,40,13,9,5.82923076923077
2670,66,28,0,41.032142857142844
2670,68,4,0,37.8875
2670,69,29,0,40.05931034482759
2670,70,1,0,69.33
2670,71,21,20,0.9466666666666667
2670,121,10,0,37.286
2670,123,36,0,95.97694444444447
2670,127,171,128,3.834269005847953
2670,321,7,4,13.444285714285714
2670,322,26,20,8.807307692307692
2670,325,19,19,0.0
2670,326,19,11,4.9478947368421045
2670,329,38,38,0.0
2670,10639,1,0,3.91
2670,10681,0,0,
2670,10682,20,4,7.547499999999999
2670,10643,0,0,
2670,10646,6,0,46.046666666666674
2700,2,597,150,22.565309882747037
2700,40,5,0,53.78399999999999
2700,66,29,0,40.88586206896552
2700,68,0,0,
2700,69,31,0,38.84548387096775
2700,70,2,0,63.86
2700,71,29,28,1.576551724137931
2700,121,11,1,28.849999999999998
2700,123,31,0,103.52419354838712
2700,127,191,150,4.227277486910994
2700,321,22,12,9.199545454545454
2700,322,31,20,10.140322580645162
2700,325,17,13,5.308235294117647
2700,326,28,24,3.423571428571429
2700,329,37,35,0.30972972972972973
2700,10639,2,0,42.265
2700,10681,3,0,41.653333333333336
2700,10682,17,1,12.31705882352941
2700,10643,4,0,55.8075
2700,10646,5,0,43.032
2730,2,605,164,21.24996694214877
2730,40,16,1,52.86125
2730,66,30,3,37.32966666666667
2730,68,7,1,24.255714285714284
2730,69,33,0,38.61181818181818
2730,70,5,0,42.884
2730,71,14,10,5.979285714285715
2730,121,15,0,38.372
2730,123,34,0,96.08000000000001
2730,127,178,145,3.3358426966292134
2730,321,12,11,0.22083333333333333
2730,322,31,22,5.16774193548387
2730,325,14,6,10.055714285714284
2730,326,31,26,5.767741935483872
2730,329,35,31,0.9305714285714286
2730,10639,3,1,18.816666666666666
2730,10681,2,0,43.75
2730,10682,18,3,13.185555555555554
2730,10643,0,0,
2730,10646,7,0,35.75857142857143
2760,2,629,156,22.326248012718626
2760,40,18,3,37.32388888888889
2760,66,32,5,34.89218749999999
2760,68,1,0,33.17
2760,69,35,0,38.36657142857143
2760,70,4,0,57.5875
2760,71,10,3,11.966
2760,121,12,2,17.71083333333333
2760,123,31,0,96.98645161290322
2760,127,174,131,5.0537931034482755
2760,321,12,12,0.0
2760,322,19,11,5.1352631578947365
2760,325,24,18,3.1508333333333334
2760,326,31,26,3.7458064516129035
2760,329,35,29,3.8888571428571432
2760,10639,2,0,34.47
2760,10681,0,0,
2760,10682,21,6,9.574285714285715
2760,10643,2,0,53.785
2760,10646,8,0,51.35625
2790,2,637,162,20.610439560439563
2790,40,17,7,21.14529411764706
2790,66,33,6,34.29151515151515
2790,68,0,0,
2790,69,32,0,38.04999999999999
2790,70,2,0,40.82
2790,71,8,6,5.6675
2790,121,8,1,30.291250000000005
2790,123,34,0,96.51176470588234
2790,127,172,129,4.017790697674419
2790,321,9,7,4.856666666666666
2790,322,20,14,1.4854999999999998
2790,325,22,19,1.9304545454545454
2790,326,30,21,5.202333333333333
2790,329,35,26,1.9474285714285713
2790,10639,1,0,24.79
2790,10681,0,0,
2790,10682,20,5,7.7535
2790,10643,1,0,101.62
2790,10646,3,0,82.38
2820,2,632,164,18.385379746835465
2820,40,16,11,7.156874999999999
2820,66,28,0,41.307142857142864
2820,68,6,0,42.556666666666665
2820,69,36,0,39.537222222222226
2820,70,7,0,34.78857142857143
2820,71,13,9,7.699230769230768
2820,121,4,0,64.4125
2820,123,35,0,100.83742857142856
2820,127,177,137,3.904011299435028
2820,321,8,5,3.55375
2820,322,25,22,4.845599999999999
2820,325,20,19,4.968500000000001
2820,326,26,10,8.19923076923077
2820,329,40,40,0.0
2820,10639,0,0,
2820,10681,1,0,40.62
2820,10682,17,2,15.695882352941176
2820,10643,1,0,34.14
2820,10646,4,0,43.6575
2850,2,645,186,18.825441860465098
2850,40,3,0,41.16
2850,66,31,0,40.385161290322586
2850,68,0,0,
2850,69,37,0,38.383243243243236
2850,70,1,0,41.56
2850,71,24,21,3.205416666666667
2850,121,8,0,38.8275
2850,123,54,0,105.25611111111112
2850,127,194,153,3.1465979381443296
2850,321,21,11,5.699523809523809
2850,322,30,22,6.261666666666666
2850,325,19,15,3.9505263157894737
2850,326,34,29,2.008235294117647
2850,329,40,38,0.18225000000000002
2850,10639,3,0,41.24666666666667
2850,10681,0,0,
2850,10682,12,0,24.643333333333334
2850,10643,2,0,70.29499999999999
2850,10646,3,0,41.87
2880,2,648,181,17.49550925925926
2880,40,13,1,54.63461538461539
2880,66,33,5,33.051212121212124
2880,68,15,0,24.534000000000002
2880,69,38,0,37.40631578947368
2880,70,0,0,
2880,71,11,8,4.996363636363636
2880,121,8,0,52.30375
2880,123,53,0,97.27905660377358
2880,127,175,135,5.6425714285714275
2880,321,13,13,0.0
2880,322,28,22,2.552857142857143
2880,325,21,7,17.307619047619053
2880,326,34,33,0.3241176470588235
2880,329,37,33,2.1424324324324324
2880,10639,2,1,22.57
2880,10681,5,0,57.194
2880,10682,11,0,29.66636363636364
2880,10643,2,0,61.709999999999994
2880,10646,2,0,42.055
2910,2,662,176,20.463640483383667
2910,40,12,1,46.8525
2910,66,36,10,29.817777777777778
2910,68,5,0,44.80800000000001
2910,69,35,0,37.92771428571427
2910,70,1,0,41.6
2910,71,2,1,5.345
2910,121,14,0,30.42000000000001
2910,123,43,0,97.02488372093022
2910,127,167,121,5.885209580838323
2910,321,13,13,0.0
2910,322,17,12,6.59
2910,325,23,17,2.9617391304347827
2910,326,39,33,2.04
2910,329,33,27,5.501515151515152
2910,10639,0,0,
2910,10681,3,0,48.14333333333334
2910,10682,10,0,24.076999999999998
2910,10643,3,0,54.580000000000005
2910,10646,8,0,50.605000000000004
2940,2,666,173,20.34027027027026
2940,40,11,1,30.562727272727276
2940,66,36,13,24.802777777777777
2940,68,0,0,
2940,69,35,0,38.76628571428572
2940,70,2,0,37.0
2940,71,6,3,12.726666666666667
2940,121,13,4,19.21
2940,123,35,0,97.70200000000001
2940,127,171,118,5.193040935672514
2940,321,12,10,4.093333333333334
2940,322,19,16,1.7963157894736843
2940,325,19,18,1.06
2940,326,42,34,1.4602380952380951
2940,329,31,26,3.217741935483871
2940,10639,1,0,40.31
2940,10681,0,0,
2940,10682,13,2,16.66076923076923
2940,10643,0,0,
2940,10646,7,0,50.92714285714286
2970,2,648,181,20.161635802469142
2970,40,9,8,0.77
2970,66,35,0,38.84857142857143
2970,68,7,0,41.85857142857143
2970,69,28,0,39.41928571428571
2970,70,2,0,41.870000000000005
2970,71,15,10,10.074
2970,121,6,1,30.03
2970,123,27,0,95.38481481481482
2970,127,175,125,4.305600000000001
2970,321,14,9,7.172857142857143
2970,322,26,22,2.5873076923076925
2970,325,19,18,1.0478947368421052
2970,326,36,25,4.624444444444445
2970,329,39,38,0.2812820512820513
2970,10639,3,0,28.7
2970,10681,0,0,
2970,10682,16,1,14.286249999999997
2970,10643,1,0,77.18
2970,10646,7,0,44.18714285714286
3000,2,655,156,20.208091603053425
3000,40,2,0,109.3
3000,66,29,1,39.51379310344827
3000,68,3,0,38.28333333333333
3000,69,28,0,39.35214285714285
3000,70,1,0,87.55
3000,71,23,20,4.596521739130435
3000,121,14,0,33.19714285714286
3000,123,28,0,105.60214285714287
3000,127,190,151,3.8878947368421053
3000,321,18,13,7.332777777777778
3000,322,34,22,9.535294117647059
3000,325,19,14,4.270526315789474
3000,326,43,37,2.353953488372093
3000,329,39,37,0.321025641025641
3000,10639,4,0,32.822500000000005
3000,10681,1,0,44.85
3000,10682,16,4,12.10375
3000,10643,4,0,52.1825
3000,10646,6,0,40.925000000000004
3030,2,660,206,19.413333333333334
3030,40,15,1,80.66199999999999
3030,66,31,6,33.59096774193548
3030,68,9,0,37.05444444444444
3030,69,30,0,39.083999999999996
3030,70,4,0,40.045
3030,71,10,10,0.0
3030,121,11,1,21.845454545454547
3030,123,42,0,101.16880952380954
3030,127,178,141,4.9053370786516854
3030,321,13,13,0.0
3030,322,25,22,2.3095999999999997
3030,325,17,0,25.04117647058823
3030,326,56,51,2.448214285714286
3030,329,35,34,0.2725714285714285
3030,10639,4,2,21.0475
3030,10681,3,0,67.01666666666667
3030,10682,20,4,10.0935
3030,10643,2,0,39.425
3030,10646,8,0,38.682500000000005
3060,2,657,192,17.808675799086757
3060,40,17,7,33.74470588235294
3060,66,35,9,29.696000000000005
3060,68,0,0,
3060,69,27,0,37.172222222222224
3060,70,2,0,43.16
3060,71,7,2,9.312857142857142
3060,121,18,5,18.354444444444443
3060,123,30,0,93.95366666666665
3060,127,162,122,5.2179629629629645
3060,321,15,13,5.689333333333334
3060,322,14,10,6.585714285714286
3060,325,21,18,1.3371428571428572
3060,326,55,50,1.2876363636363637
3060,329,34,26,3.7432352941176474
3060,10639,1,0,1.27
3060,10681,0,0,
3060,10682,21,6,7.530952380952381
3060,10643,2,0,68.71000000000001
3060,10646,9,0,35.84777777777778
3090,2,659,205,18.787162367223058
3090,40,15,10,13.462666666666667
3090,66,36,11,28.149444444444452
3090,68,1,0,46.64
3090,69,25,0,40.1084
3090,70,7,0,34.73285714285714
3090,71,11,7,4.468181818181819
3090,121,13,2,23.262307692307694
3090,123,31,0,90.28645161290325
3090,127,164,119,5.361158536585366
3090,321,10,9,1.204
3090,322,15,10,5.717333333333333
3090,325,22,20,1.7854545454545454
3090,326,48,44,1.397083333333333
3090,329,31,23,3.3125806451612902
3090,10639,0,0,
3090,10681,0,0,
3090,10682,23,6,8.458695652173912
3090,10643,1,0,81.7
3090,10646,3,0,54.78333333333333
3120,2,650,193,18.08166153846155
3120,40,14,12,3.5928571428571425
3120,66,27,0,40.54518518518518
3120,68,5,0,42.142
3120,69,26,0,41.28076923076923
3120,70,6,0,48.85166666666667
3120,71,18,15,3.505
3120,121,6,0,37.123333333333335
3120,123,34,0,92.68441176470586
3120,127,171,130,3.9821052631578953
3120,321,8,3,20.1025
3120,322,23,19,3.152608695652174
3120,325,22,21,0.4390909090909091
3120,326,40,30,4.05
3120,329,37,36,0.27783783783783783
3120,10639,4,0,33.1625
3120,10681,0,0,
3120,10682,23,6,8.832608695652171
3120,10643,3,0,77.46666666666667
3120,10646,7,0,45.44142857142857
3150,2,678,209,18.590899705014767
3150,40,1,0,32.32
3150,66,31,1,39.35677419354838
3150,68,0,0,
3150,69,16,0,41.7625
3150,70,7,0,41.49857142857143
3150,71,24,22,2.3649999999999998
3150,121,9,0,29.237777777777776
3150,123,36,0,98.05083333333332
3150,127,185,147,3.350864864864866
3150,321,19,8,7.821052631578947
3150,322,28,20,6.0321428571428575
3150,325,20,15,5.172
3150,326,48,39,3.58
3150,329,38,36,0.17105263157894737
3150,10639,2,2,0.0
3150,10681,0,0,
3150,10682,18,3,10.704444444444444
3150,10643,1,0,45.49
3150,10646,5,0,42.419999999999995
3180,2,668,225,16.260000000000005
3180,40,7,0,69.68857142857142
3180,66,33,6,31.84242424242424
3180,68,4,0,34.95
3180,69,15,0,43.56066666666667
3180,70,4,0,49.455
3180,71,10,6,8.007000000000001
3180,121,9,0,38.538888888888884
3180,123,30,0,93.597
3180,127,175,144,4.5196571428571435
3180,321,7,7,0.0
3180,322,30,20,6.914000000000001
3180,325,19,6,17.46578947368421
3180,326,52,49,0.305
3180,329,36,33,1.4608333333333334
3180,10639,6,0,26.168333333333333
3180,10681,0,0,
3180,10682,18,1,11.666111111111112
3180,10643,1,0,63.18
3180,10646,6,0,44.98499999999999
3210,2,681,229,15.508399412628497
3210,40,8,2,34.29
3210,66,36,12,27.552500000000002
3210,68,0,0,
3210,69,19,0,42.92315789473684
3210,70,2,0,42.71
3210,71,6,2,26.705000000000002
3210,121,8,0,40.74999999999999
3210,123,30,0,98.48599999999996
3210,127,163,124,3.954049079754602
3210,321,7,7,0.0
3210,322,14,8,9.034285714285714
3210,325,32,31,0.099375
3210,326,57,50,3.867719298245614
3210,329,34,28,5.617647058823529
3210,10639,4,2,11.3175
3210,10681,0,0,
3210,10682,19,3,11.462631578947367
3210,10643,2,0,52.5
3210,10646,4,0,44.1175
3240,2,696,231,15.67843390804597
3240,40,8,2,29.7975
3240,66,36,12,26.94166666666667
3240,68,0,0,
3240,69,17,0,42.50941176470588
3240,70,3,0,40.413333333333334
3240,71,7,4,15.334285714285715
3240,121,2,0,46.575
3240,123,36,0,100.62972222222221
3240,127,166,120,6.042590361445782
3240,321,5,3,5.174
3240,322,18,12,3.3233333333333337
3240,325,31,28,0.6561290322580645
3240,326,48,44,0.9122916666666668
3240,329,33,26,2.9430303030303033
3240,10639,1,1,0.0
3240,10681,3,0,52.28333333333333
3240,10682,13,0,18.95923076923077
3240,10643,1,0,56.48
3240,10646,1,0,42.83
3270,2,706,243,16.715566572237957
3270,40,7,1,25.82428571428571
3270,66,26,0,40.64423076923078
3270,68,7,0,39.15857142857143
3270,69,26,0,41.67538461538462
3270,70,5,0,51.104000000000006
3270,71,14,12,0.6171428571428572
3270,121,5,0,51.79200000000001
3270,123,38,0,105.88052631578948
3270,127,177,129,4.154463276836159
3270,321,5,3,1.05
3270,322,25,22,5.0256
3270,325,32,30,0.27875
3270,326,38,27,4.055789473684211
3270,329,43,43,0.0
3270,10639,1,0,43.97
3270,10681,0,0,
3270,10682,6,0,46.06166666666667
3270,10643,1,0,31.03
3270,10646,0,0,
3300,2,711,255,16.296891701828415
3300,40,3,1,28.873333333333335
3300,66,26,1,39.49884615384615
3300,68,0,0,
3300,69,34,0,40.8564705882353
3300,70,2,0,90.525
3300,71,21,17,3.25047619047619
3300,121,9,1,27.89222222222222
3300,123,37,0,97.61351351351348
3300,127,195,157,2.64574358974359
3300,321,10,8,4.198
3300,322,33,22,9.25
3300,325,31,29,0.9429032258064516
3300,326,47,38,4.9231914893617015
3300,329,42,39,0.4014285714285714
3300,10639,1,0,43.39
3300,10681,3,0,36.300000000000004
3300,10682,5,0,56.653999999999996
3300,10643,2,0,56.48
3300,10646,5,0,42.10000000000001
3330,2,711,252,16.592925457102684
3330,40,19,3,50.24526315789473
3330,66,33,2,38.63454545454545
3330,68,8,0,38.3
3330,69,36,0,40.08194444444445
3330,70,0,0,
3330,71,18,17,0.065
3330,121,11,0,48.147272727272735
3330,123,31,0,102.13580645161295
3330,127,181,145,4.3684530386740335
3330,321,9,8,13.8
3330,322,25,22,1.9612
3330,325,21,10,10.196190476190477
3330,326,55,49,3.110181818181818
3330,329,36,32,0.6644444444444445
3330,10639,0,0,
3330,10681,4,0,59.3975
3330,10682,6,0,40.67333333333333
3330,10643,3,0,44.586666666666666
3330,10646,7,0,41.47571428571429
3360,2,708,242,17.551002824858745
3360,40,19,6,32.87052631578947
3360,66,36,6,35.11888888888889
3360,68,0,0,
3360,69,40,0,39.82500000000002
3360,70,5,0,41.64000000000001
3360,71,11,8,3.5536363636363633
3360,121,8,0,28.9225
3360,123,37,0,101.3937837837838
3360,127,165,126,4.365515151515151
3360,321,8,8,0.0
3360,322,16,10,8.990625
3360,325,32,30,0.5640624999999999
3360,326,50,47,0.5286
3360,329,36,29,3.157222222222222
3360,10639,2,0,44.485
3360,10681,2,0,37.5
3360,10682,10,0,29.589
3360,10643,5,0,50.91799999999999
3360,10646,4,0,41.22
3390,2,700,248,17.006771428571422
3390,40,20,7,27.707
3390,66,37,6,33.038378378378376
3390,68,0,0,
3390,69,38,0,40.21815789473684
3390,70,3,0,41.699999999999996
3390,71,19,13,9.66421052631579
3390,121,3,0,47.82
3390,123,32,0,101.0584375
3390,127,161,112,6.885217391304348
3390,321,6,5,1.25
3390,322,14,8,10.073571428571428
3390,325,33,32,0.33
3390,326,46,40,2.332391304347826
3390,329,35,28,2.7539999999999996
3390,10639,1,0,40.83
3390,10681,0,0,
3390,10682,18,5,12.513888888888888
3390,10643,1,1,0.27
3390,10646,5,0,37.566
3420,2,693,247,15.853015873015877
3420,40,18,10,15.504999999999999
3420,66,32,0,41.065625000000004
3420,68,6,0,40.669999999999995
3420,69,38,0,38.894473684210524
3420,70,7,0,35.50142857142857
3420,71,20,18,2.6335
3420,121,4,0,70.72500000000001
3420,123,33,0,108.71121212121211
3420,127,175,127,4.512857142857143
3420,321,0,0,
3420,322,20,20,0.0
3420,325,33,33,0.0
3420,326,41,31,5.349024390243902
3420,329,40,40,0.0
3420,10639,2,0,43.61
3420,10681,0,0,
3420,10682,13,0,28.483076923076926
3420,10643,6,0,63.48166666666666
3420,10646,1,0,32.15
3450,2,699,237,14.732389127324742
3450,40,3,0,32.443333333333335
3450,66,32,0,41.04375
3450,68,0,0,
3450,69,35,0,37.284285714285716
3450,70,1,0,41.25
3450,71,23,22,1.6547826086956523
3450,121,5,0,42.153999999999996
3450,123,39,0,109.87153846153848
3450,127,187,154,2.844010695187166
3450,321,1,1,0.0
3450,322,25,22,2.6348000000000003
3450,325,30,26,1.5506666666666666
3450,326,49,43,1.7275510204081634
3450,329,40,38,0.26125
3450,10639,3,1,16.073333333333334
3450,10681,4,0,41.427499999999995
3450,10682,10,0,35.355
3450,10643,9,5,22.87777777777778
3450,10646,3,0,40.736666666666665
3480,2,704,270,14.865099431818198
3480,40,9,1,41.21777777777778
3480,66,32,2,38.07625000000001
3480,68,8,0,44.84625
3480,69,29,0,37.71655172413793
3480,70,4,0,30.4275
3480,71,17,16,0.7411764705882353
3480,121,9,0,52.03444444444444
3480,123,33,0,106.96242424242423
3480,127,176,136,6.1188068181818185
3480,321,4,4,0.0
3480,322,31,22,9.292903225806452
3480,325,25,17,6.171600000000001
3480,326,54,51,0.9451851851851851
3480,329,36,34,0.27944444444444444
3480,10639,0,0,
3480,10681,6,0,70.91666666666667
3480,10682,9,0,37.196666666666665
3480,10643,14,10,23.981428571428573
3480,10646,3,0,67.23
3510,2,704,240,16.31019886363636
3510,40,10,4,25.782
3510,66,38,5,35.010526315789484
3510,68,1,0,33.24
3510,69,26,0,39.75230769230769
3510,70,5,0,50.794
3510,71,10,8,1.7689999999999997
3510,121,14,1,25.115000000000002
3510,123,30,0,97.57699999999997
3510,127,166,121,4.391265060240965
3510,321,4,4,0.0
3510,322,18,11,12.527777777777779
3510,325,35,33,0.3068571428571429
3510,326,57,51,3.7714035087719293
3510,329,32,26,2.9225
3510,10639,2,0,37.93
3510,10681,1,0,42.44
3510,10682,11,1,20.033636363636365
3510,10643,10,9,0.128
3510,10646,2,0,76.755
3540,2,710,232,15.916253521126764
3540,40,10,5,18.82
3540,66,42,8,30.83904761904762
3540,68,0,0,
3540,69,23,0,37.79434782608695
3540,70,3,0,53.06333333333333
3540,71,13,13,0.0
3540,121,7,0,37.425714285714285
3540,123,27,0,94.64037037037036
3540,127,160,115,4.9874374999999995
3540,321,2,0,17.740000000000002
3540,322,20,16,5.0405
3540,325,36,34,0.7297222222222223
3540,326,50,45,1.0118
3540,329,32,25,2.85375
3540,10639,3,0,37.36333333333334
3540,10681,0,0,
3540,10682,15,5,12.985333333333331
3540,10643,9,9,0.0
3540,10646,7,0,66.58142857142857
3570,2,709,228,16.199337094499278
3570,40,9,6,8.47111111111111
3570,66,37,0,40.05432432432433
3570,68,5,0,41.622
3570,69,20,0,39.003
3570,70,5,0,57.510000000000005
3570,71,18,18,0.0
3570,121,5,0,57.488
3570,123,24,0,92.68458333333332
3570,127,172,124,4.191395348837209
3570,321,0,0,
3570,322,21,21,0.0
3570,325,35,34,0.2705714285714286
3570,326,43,33,3.7309302325581397
3570,329,40,37,0.40374999999999994
3570,10639,2,0,23.604999999999997
3570,10681,0,0,
3570,10682,14,2,13.403571428571428
3570,10643,12,11,5.0025
3570,10646,2,0,39.365
3600,2,698,218,15.780558739255012
3600,40,4,0,53.245000000000005
3600,66,35,0,40.14142857142857
3600,68,2,0,36.795
3600,69,23,0,39.06869565217391
3600,70,2,0,70.65
3600,71,22,19,3.4422727272727274
3600,121,11,0,28.876363636363635
3600,123,30,0,104.77066666666664
3600,127,187,156,2.5245989304812837
3600,321,0,0,
3600,322,25,24,0.8268000000000001
3600,325,35,30,2.2062857142857144
3600,326,47,40,2.278085106382979
3600,329,41,39,0.6341463414634146
3600,10639,1,0,40.16
3600,10681,2,0,42.055
3600,10682,15,4,14.626666666666663
3600,10643,15,12,9.997333333333334
3600,10646,4,0,42.692499999999995
3630,2,697,226,16.328866571018658
3630,40,12,1,38.68416666666666
3630,66,38,5,35.00684210526315
3630,68,6,0,39.27166666666667
3630,69,17,0,41.61117647058823
3630,70,1,0,32.48
3630,71,8,1,36.87375
3630,121,15,0,40.23466666666666
3630,123,32,0,92.341875
3630,127,167,141,4.603293413173652
3630,321,1,0,1.58
3630,322,38,27,8.060526315789474
3630,325,25,16,5.9972
3630,326,52,50,0.235
3630,329,38,35,1.381842105263158
3630,10639,0,0,
3630,10681,3,0,43.64666666666667
3630,10682,13,0,14.973846153846155
3630,10643,24,17,18.423750000000002
3630,10646,5,0,42.1
3660,2,701,213,17.504479315263897
3660,40,12,3,31.241666666666674
3660,66,39,9,30.196153846153848
3660,68,0,0,
3660,69,16,0,40.776250000000005
3660,70,3,0,42.47666666666667
3660,71,5,2,24.15
3660,121,15,2,26.657333333333337
3660,123,31,0,92.30096774193548
3660,127,161,114,7.011552795031055
3660,321,0,0,
3660,322,24,16,6.752083333333334
3660,325,40,34,1.8385000000000002
3660,326,54,49,2.3966666666666665
3660,329,33,29,2.8839393939393934
3660,10639,4,0,35.510000000000005
3660,10681,0,0,
3660,10682,16,1,15.689999999999998
3660,10643,20,16,2.6815
3660,10646,8,0,35.599999999999994
3690,2,694,217,17.729682997118154
3690,40,13,4,23.994615384615386
3690,66,39,8,31.809743589743587
3690,68,0,0,
3690,69,17,0,41.12352941176471
3690,70,4,0,51.00749999999999
3690,71,14,9,10.922142857142855
3690,121,10,1,27.417
3690,123,33,0,92.35606060606061
3690,127,156,106,5.388910256410257
3690,321,0,0,
3690,322,21,15,5.441904761904762
3690,325,37,35,0.25054054054054054
3690,326,53,45,1.9266037735849058
3690,329,31,20,2.8400000000000003
3690,10639,4,1,14.1375
3690,10681,0,0,
3690,10682,21,8,10.04142857142857
3690,10643,23,7,8.272608695652174
3690,10646,7,0,37.07285714285714
3720,2,672,207,17.89348214285713
3720,40,11,8,5.952727272727273
3720,66,32,0,38.762812499999995
3720,68,5,0,42.102000000000004
3720,69,20,0,39.2755
3720,70,0,0,
3720,71,26,24,1.6307692307692307
3720,121,6,0,50.23166666666666
3720,123,27,0,94.82222222222224
3720,127,170,112,6.264176470588236
3720,321,0,0,
3720,322,22,20,0.4954545454545455
3720,325,37,36,0.2583783783783784
3720,326,42,31,6.30547619047619
3720,329,42,40,0.945
3720,10639,1,1,0.0
3720,10681,0,0,
3720,10682,24,10,5.473749999999999
3720,10643,23,9,13.409565217391307
3720,10646,4,0,42.965
3750,2,671,227,17.58023845007453
3750,40,1,0,40.87
3750,66,27,0,40.47555555555555
3750,68,1,0,41.15
3750,69,22,0,39.03727272727274
3750,70,4,0,42.485
3750,71,32,31,1.444375
3750,121,10,0,36.331
3750,123,27,0,105.69814814814815
3750,127,190,147,2.966157894736842
3750,321,0,0,
3750,322,29,29,0.0
3750,325,36,34,0.6961111111111111
3750,326,45,39,3.0971111111111114
3750,329,45,42,0.644888888888889
3750,10639,0,0,
3750,10681,2,0,40.855000000000004
3750,10682,17,1,16.10235294117647
3750,10643,25,11,9.515199999999998
3750,10646,3,0,43.343333333333334
3780,2,675,219,15.487066666666651
3780,40,11,0,57.891818181818174
3780,66,25,3,35.012400000000014
3780,68,5,0,43.504000000000005
3780,69,19,0,39.84789473684211
3780,70,2,0,38.005
3780,71,18,13,8.716111111111111
3780,121,12,0,44.093333333333334
3780,123,32,0,102.54875000000001
3780,127,170,140,3.1620588235294123
3780,321,0,0,
3780,322,41,31,7.314146341463415
3780,325,26,18,5.501538461538461
3780,326,49,46,0.41551020408163264
3780,329,43,40,0.39651162790697675
3780,10639,1,0,30.29
3780,10681,2,0,42.625
3780,10682,15,1,18.259999999999998
3780,10643,26,21,6.118846153846154
3780,10646,4,0,36.052499999999995
3810,2,675,195,19.329140740740726
3810,40,14,2,40.51071428571428
3810,66,25,10,24.167199999999998
3810,68,0,0,
3810,69,15,0,39.90133333333333
3810,70,1,0,42.16
3810,71,16,7,7.80625
3810,121,9,0,37.178888888888885
3810,123,43,0,96.07790697674419
3810,127,162,112,6.221913580246913
3810,321,0,0,
3810,322,29,24,4.39448275862069
3810,325,39,36,1.5215384615384615
3810,326,52,47,2.8101923076923074
3810,329,38,32,2.3805263157894734
3810,10639,2,0,31.63
3810,10681,0,0,
3810,10682,11,1,19.496363636363636
3810,10643,26,14,6.823076923076924
3810,10646,9,0,45.888888888888886
3840,2,680,210,19.50711764705885
3840,40,16,4,31.880625000000002
3840,66,27,11,22.799259259259255
3840,68,2,0,38.155
3840,69,18,0,41.13444444444444
3840,70,0,0,
3840,71,17,12,6.66235294117647
3840,121,5,0,51.489999999999995
3840,123,44,0,88.11022727272729
3840,127,158,112,4.703734177215189
3840,321,1,1,0.74
3840,322,23,18,4.289130434782608
3840,325,37,34,0.5578378378378378
3840,326,51,43,2.656862745098039
3840,329,34,26,2.5773529411764713
3840,10639,0,0,
3840,10681,0,0,
3840,10682,13,0,19.549230769230768
3840,10643,25,11,8.2556
3840,10646,4,0,37.605000000000004
3870,2,684,216,20.103070175438603
3870,40,14,2,26.711428571428574
3870,66,20,0,41.0085
3870,68,5,0,35.910000000000004
3870,69,16,0,39.31437499999999
3870,70,9,0,42.05222222222223
3870,71,27,26,0.7048148148148149
3870,121,7,0,48.699999999999996
3870,123,49,0,98.20979591836732
3870,127,166,125,5.432891566265059
3870,321,0,0,
3870,322,24,22,0.8195833333333334
3870,325,39,39,0.0
3870,326,40,30,3.8084999999999996
3870,329,42,40,0.4988095238095238
3870,10639,0,0,
3870,10681,0,0,
3870,10682,7,0,53.54
3870,10643,19,11,8.839473684210526
3870,10646,2,0,37.650000000000006
3900,2,673,203,16.606359583952447
3900,40,6,1,25.584999999999997
3900,66,18,0,41.028333333333336
3900,68,0,0,
3900,69,14,0,37.84428571428571
3900,70,1,0,40.98
3900,71,29,27,1.3589655172413795
3900,121,11,1,29.35272727272727
3900,123,47,0,96.77978723404256
3900,127,184,151,2.299565217391304
3900,321,0,0,
3900,322,31,30,0.10225806451612902
3900,325,37,32,2.099189189189189
3900,326,45,42,1.1944444444444444
3900,329,41,36,0.5697560975609756
3900,10639,1,0,31.52
3900,10681,2,0,41.82
3900,10682,6,0,48.63
3900,10643,19,13,8.307368421052631
3900,10646,2,0,40.135
3930,2,668,185,16.930314371257488
3930,40,20,1,59.426
3930,66,20,1,36.9165
3930,68,6,0,39.645
3930,69,19,0,39.41263157894736
3930,70,1,0,31.19
3930,71,16,12,4.4725
3930,121,10,0,37.522000000000006
3930,123,33,0,94.29939393939394
3930,127,169,135,4.959763313609466
3930,321,0,0,
3930,322,44,31,7.282272727272727
3930,325,28,19,6.287857142857142
3930,326,50,48,0.1454
3930,329,39,34,1.3774358974358973
3930,10639,1,0,40.02
3930,10681,5,0,77.542
3930,10682,10,1,18.512
3930,10643,18,16,5.447777777777778
3930,10646,7,0,38.97142857142857
3960,2,660,172,17.05198484848484
3960,40,24,10,23.7175
3960,66,20,4,33.704
3960,68,0,0,
3960,69,21,0,40.34761904761906
3960,70,2,0,41.0
3960,71,16,3,11.947500000000002
3960,121,8,0,32.1425
3960,123,25,0,94.9324
3960,127,165,117,6.377757575757576
3960,321,1,1,0.0
3960,322,31,25,3.3400000000000003
3960,325,39,34,1.158974358974359
3960,326,52,46,2.639038461538462
3960,329,34,28,4.277941176470588
3960,10639,0,0,
3960,10681,1,0,32.46
3960,10682,15,1,12.782666666666668
3960,10643,17,6,17.534705882352938
3960,10646,4,0,70.4875
3990,2,661,195,18.005340393343424
3990,40,23,11,21.22434782608696
3990,66,22,8,25.80454545454546
3990,68,0,0,
3990,69,23,0,38.54391304347826
3990,70,7,0,38.33428571428571
3990,71,13,10,6.305384615384615
3990,121,4,0,67.5025
3990,123,32,0,101.555
3990,127,161,122,4.987267080745341
3990,321,0,0,
3990,322,30,22,5.036
3990,325,41,34,1.3558536585365855
3990,326,47,42,1.2857446808510637
3990,329,34,27,1.683235294117647
3990,10639,1,0,44.29
3990,10681,0,0,
3990,10682,15,2,15.738000000000003
3990,10643,11,2,26.048181818181828
3990,10646,5,0,46.098
4020,2,646,185,15.8534984520124
4020,40,23,15,10.14913043478261
4020,66,16,0,41.57625
4020,68,5,0,40.292
4020,69,22,0,37.24136363636364
4020,70,0,0,
4020,71,19,19,0.0
4020,121,3,0,50.52
4020,123,52,0,105.17192307692304
4020,127,169,127,3.8371597633136094
4020,321,0,0,
4020,322,30,28,0.38999999999999996
4020,325,38,37,0.2481578947368421
4020,326,46,30,6.20695652173913
4020,329,42,42,0.0
4020,10639,0,0,
4020,10681,0,0,
4020,10682,10,1,30.858000000000004
4020,10643,13,4,16.053076923076926
4020,10646,0,0,
4050,2,656,162,20.37669207317072
4050,40,11,1,36.552727272727275
4050,66,14,0,41.53357142857143
4050,68,2,0,42.56
4050,69,29,0,36.508620689655174
4050,70,1,0,95.67
4050,71,21,20,0.16476190476190475
4050,121,7,0,38.385714285714286
4050,123,49,0,98.44897959183675
4050,127,188,149,3.4579787234042554
4050,321,0,0,
4050,322,37,36,0.9167567567567566
4050,325,36,32,0.86
4050,326,46,41,1.4693478260869566
4050,329,46,39,2.094782608695652
4050,10639,1,0,40.14
4050,10681,0,0,
4050,10682,8,0,39.235
4050,10643,15,14,1.864
4050,10646,3,0,36.583333333333336
4080,2,669,181,21.76020926756352
4080,40,27,6,45.2037037037037
4080,66,17,2,37.68117647058824
4080,68,3,0,39.04333333333333
4080,69,30,0,37.62566666666667
4080,70,0,0,
4080,71,13,8,9.82
4080,121,8,0,50.59625
4080,123,46,0,85.16760869565218
4080,127,170,140,4.393470588235295
4080,321,5,4,0.49000000000000005
4080,322,50,38,5.873200000000001
4080,325,25,15,5.544
4080,326,54,51,0.7896296296296297
4080,329,45,42,0.3055555555555556
4080,10639,1,0,44.96
4080,10681,3,0,66.61999999999999
4080,10682,10,0,32.233000000000004
4080,10643,16,15,0.24375
4080,10646,6,0,41.47166666666667
4110,2,674,181,22.529807121661705
4110,40,27,7,34.102222222222224
4110,66,21,4,32.84428571428571
4110,68,0,0,
4110,69,26,0,40.08076923076923
4110,70,4,0,40.88249999999999
4110,71,12,4,11.329166666666667
4110,121,4,0,47.5025
4110,123,42,0,99.16476190476193
4110,127,156,114,6.8775
4110,321,5,5,0.0
4110,322,33,28,2.2181818181818183
4110,325,42,35,2.78
4110,326,55,52,1.7794545454545456
4110,329,40,32,2.5692500000000003
4110,10639,0,0,
4110,10681,0,0,
4110,10682,12,0,18.685000000000002
4110,10643,14,2,12.23
4110,10646,6,0,44.33833333333334
4140,2,663,204,20.35677224736048
4140,40,27,12,18.881851851851852
4140,66,19,5,28.575789473684214
4140,68,0,0,
4140,69,27,0,39.431111111111115
4140,70,7,0,36.401428571428575
4140,71,15,12,1.6520000000000001
4140,121,3,0,55.93000000000001
4140,123,41,0,101.88512195121953
4140,127,154,108,5.810129870129871
4140,321,3,1,6.876666666666668
4140,322,31,24,3.2806451612903227
4140,325,37,35,0.315945945945946
4140,326,55,45,2.0923636363636366
4140,329,40,31,2.43975
4140,10639,3,0,40.873333333333335
4140,10681,0,0,
4140,10682,9,0,35.214444444444446
4140,10643,6,0,19.966666666666665
4140,10646,0,0,
4170,2,641,191,17.79503900156006
4170,40,26,23,4.5430769230769235
4170,66,16,0,40.990624999999994
4170,68,4,0,41.972500000000004
4170,69,26,0,39.99807692307692
4170,70,6,0,43.97
4170,71,25,22,2.0608
4170,121,1,0,42.01
4170,123,46,0,104.0508695652174
4170,127,163,116,4.529938650306748
4170,321,0,0,
4170,322,35,33,0.6968571428571428
4170,325,37,36,0.2391891891891892
4170,326,46,32,2.892608695652174
4170,329,48,44,0.696875
4170,10639,1,1,0.0
4170,10681,1,0,42.52
4170,10682,5,0,53.588
4170,10643,5,0,54.67800000000001
4170,10646,0,0,
4200,2,638,195,16.05266457680251
4200,40,16,2,45.048125000000006
4200,66,17,0,41.37117647058823
4200,68,0,0,
4200,69,26,0,40.85807692307693
4200,70,1,0,42.93
4200,71,27,27,0.0
4200,121,4,0,47.415
4200,123,38,0,102.31736842105262
4200,127,179,146,4.118324022346369
4200,321,1,0,42.35
4200,322,38,36,0.3102631578947368
4200,325,39,31,4.3674358974358976
4200,326,51,47,0.5203921568627451
4200,329,49,49,0.0
4200,10639,4,0,31.0375
4200,10681,0,0,
4200,10682,9,0,49.78333333333333
4200,10643,8,1,24.911249999999995
4200,10646,3,0,43.199999999999996
4230,2,656,171,18.012103658536592
4230,40,30,14,44.74400000000001
4230,66,18,1,40.20277777777777
4230,68,10,2,11.819999999999999
4230,69,25,0,39.5924
4230,70,0,0,
4230,71,19,19,0.0
4230,121,3,0,78.40333333333332
4230,123,37,0,97.18567567567567
4230,127,164,139,3.1268902439024386
4230,321,2,2,0.0
4230,322,41,37,1.7741463414634149
4230,325,29,19,4.122413793103449
4230,326,57,54,1.6324561403508775
4230,329,41,35,2.6153658536585365
4230,10639,6,1,24.598333333333333
4230,10681,3,0,38.906666666666666
4230,10682,3,0,56.14666666666667
4230,10643,11,8,18.505454545454544
4230,10646,1,0,40.26
4260,2,665,187,20.9696992481203
4260,40,30,25,7.7073333333333345
4260,66,20,6,29.541000000000004
4260,68,0,0,
4260,69,18,0,41.13722222222221
4260,70,3,0,44.99333333333333
4260,71,11,7,2.3000000000000003
4260,121,9,0,44.49333333333334
4260,123,29,0,101.16689655172416
4260,127,154,111,4.432272727272726
4260,321,2,2,0.0
4260,322,34,25,4.034705882352942
4260,325,40,37,1.3210000000000002
4260,326,54,51,0.9483333333333334
4260,329,38,30,3.816052631578948
4260,10639,2,0,7.43
4260,10681,0,0,
4260,10682,8,0,51.65625000000001
4260,10643,13,10,2.3453846153846154
4260,10646,4,0,57.44
4290,2,662,188,20.336163141993953
4290,40,29,25,5.5072413793103445
4290,66,19,5,29.13736842105263
4290,68,0,0,
4290,69,16,0,41.1675
4290,70,2,0,40.849999999999994
4290,71,17,14,3.639411764705882
4290,121,2,0,104.16499999999999
4290,123,34,0,107.325
4290,127,158,116,5.58094936708861
4290,321,1,0,17.11
4290,322,32,25,2.0684375000000004
4290,325,41,39,0.7641463414634146
4290,326,50,46,1.192
4290,329,36,30,2.9572222222222226
4290,10639,1,0,44.91
4290,10681,0,0,
4290,10682,3,0,69.34666666666666
4290,10643,16,12,14.109375
4290,10646,3,0,39.876666666666665
4320,2,665,177,19.411233082706786
4320,40,28,25,2.787142857142857
4320,66,13,0,42.25384615384615
4320,68,5,0,43.79
4320,69,14,0,40.96142857142858
4320,70,3,0,62.336666666666666
4320,71,18,17,0.54
4320,121,3,0,64.19666666666666
4320,123,34,0,111.0114705882353
4320,127,165,122,5.509636363636364
4320,321,1,1,0.0
4320,322,39,36,2.3333333333333335
4320,325,38,37,0.25921052631578945
4320,326,45,35,3.164888888888889
4320,329,41,36,1.1668292682926829
4320,10639,1,0,35.27
4320,10681,0,0,
4320,10682,3,0,41.416666666666664
4320,10643,16,9,10.58125
4320,10646,0,0,
4350,2,652,160,19.869969325153363
4350,40,11,2,21.745454545454546
4350,66,16,0,41.9025
4350,68,2,0,40.245000000000005
4350,69,8,0,40.263749999999995
4350,70,1,0,44.49
4350,71,19,18,2.2510526315789474
4350,121,5,0,48.506
4350,123,21,0,101.85380952380952
4350,127,178,150,2.4326966292134826
4350,321,7,1,24.07
4350,322,40,37,2.1275
4350,325,37,35,0.4978378378378378
4350,326,52,42,3.249423076923077
4350,329,41,40,0.20097560975609757
4350,10639,1,0,41.57
4350,10681,1,0,41.55
4350,10682,4,0,64.4875
4350,10643,20,17,4.3870000000000005
4350,10646,2,0,43.379999999999995
4380,2,658,177,19.150121580547125
4380,40,18,10,26.630555555555553
4380,66,16,0,40.608125
4380,68,6,0,43.44333333333333
4380,69,9,0,41.163333333333334
4380,70,0,0,
4380,71,9,4,27.354444444444443
4380,121,10,0,57.617
4380,123,33,0,101.80787878787878
4380,127,166,134,3.183614457831325
4380,321,4,4,0.0
4380,322,40,39,0.26
4380,325,31,20,5.240967741935484
4380,326,51,48,0.3684313725490196
4380,329,44,38,0.6145454545454545
4380,10639,1,0,44.49
4380,10681,2,0,43.39
4380,10682,4,0,54.9825
4380,10643,22,19,2.8759090909090905
4380,10646,3,0,49.63999999999999
4410,2,656,189,20.91669207317072
4410,40,18,11,19.38
4410,66,19,2,36.9478947368421
4410,68,0,0,
4410,69,8,0,41.37125
4410,70,2,0,41.825
4410,71,6,2,21.254999999999995
4410,121,11,0,32.12818181818182
4410,123,35,0,94.98114285714286
4410,127,152,116,5.051973684210526
4410,321,4,4,0.0
4410,322,35,31,2.406285714285714
4410,325,37,35,0.1281081081081081
4410,326,52,49,0.6548076923076922
4410,329,40,35,2.3282499999999997
4410,10639,0,0,
4410,10681,0,0,
4410,10682,8,0,45.29375
4410,10643,19,8,11.238947368421055
4410,10646,5,0,45.476
4440,2,660,199,19.209287878787876
4440,40,18,14,8.796111111111111
4440,66,22,2,37.65590909090909
4440,68,0,0,
4440,69,9,0,43.28222222222222
4440,70,1,0,43.11
4440,71,12,8,10.255833333333333
4440,121,4,0,50.385
4440,123,30,0,89.56366666666666
4440,127,152,98,6.428815789473684
4440,321,3,3,0.0
4440,322,34,27,3.1088235294117648
4440,325,37,35,0.4416216216216216
4440,326,49,42,2.200408163265306
4440,329,40,29,2.27
4440,10639,0,0,
4440,10681,0,0,
4440,10682,12,0,21.441666666666666
4440,10643,13,2,22.348461538461542
4440,10646,8,0,41.99625
4470,2,650,180,19.995876923076896
4470,40,17,13,10.582941176470587
4470,66,21,0,41.85666666666667
4470,68,1,0,31.34
4470,69,10,0,42.759
4470,70,1,0,75.91
4470,71,22,20,2.295
4470,121,4,0,65.6775
4470,123,40,0,98.427
4470,127,162,105,5.9322222222222205
4470,321,1,0,74.11
4470,322,39,37,0.39871794871794874
4470,325,38,35,1.386578947368421
4470,326,40,26,4.4155
4470,329,50,50,0.0
4470,10639,0,0,
4470,10681,0,0,
4470,10682,7,0,54.52571428571428
4470,10643,5,0,16.858
4470,10646,0,0,
4500,2,638,164,20.678714733542343
4500,40,3,0,53.120000000000005
4500,66,21,1,39.14809523809524
4500,68,0,0,
4500,69,13,0,41.817692307692305
4500,70,8,0,42.597500000000004
4500,71,24,23,1.9829166666666669
4500,121,7,0,44.21142857142856
4500,123,40,0,99.77824999999999
4500,127,171,149,2.076725146198831
4500,321,11,0,38.49727272727273
4500,322,43,38,1.6388372093023256
4500,325,34,29,1.6405882352941177
4500,326,47,38,0.7899999999999999
4500,329,51,50,0.9333333333333333
4500,10639,0,0,
4500,10681,2,0,40.78
4500,10682,5,0,56.45799999999999
4500,10643,3,2,32.693333333333335
4500,10646,2,0,39.385000000000005
4530,2,633,159,22.46589257503949
4530,40,11,3,59.98818181818182
4530,66,22,1,39.092727272727274
4530,68,7,0,49.534285714285716
4530,69,13,0,42.87384615384615
4530,70,0,0,
4530,71,15,8,8.79
4530,121,7,0,61.980000000000004
4530,123,27,0,107.83777777777777
4530,127,164,124,6.040914634146341
4530,321,2,2,0.0
4530,322,47,39,2.0685106382978726
4530,325,28,19,5.631785714285714
4530,326,55,53,1.4438181818181817
4530,329,47,40,0.6638297872340426
4530,10639,0,0,
4530,10681,3,0,51.166666666666664
4530,10682,8,0,54.54875
4530,10643,4,0,35.25750000000001
4530,10646,8,0,46.295
4560,2,647,186,21.799103554868644
4560,40,11,5,16.675454545454546
4560,66,22,5,31.795909090909092
4560,68,0,0,
4560,69,16,0,42.105624999999996
4560,70,0,0,
4560,71,17,5,9.047647058823529
4560,121,11,1,25.713636363636365
4560,123,29,0,107.13896551724139
4560,127,148,110,5.416554054054055
4560,321,2,2,0.0
4560,322,29,23,3.942068965517242
4560,325,42,32,2.133095238095238
4560,326,52,50,0.25326923076923075
4560,329,44,39,2.791818181818182
4560,10639,0,0,
4560,10681,0,0,
4560,10682,7,0,29.034285714285716
4560,10643,2,0,81.175
4560,10646,5,0,44.036
4590,2,648,185,19.746203703703696
4590,40,11,8,10.79090909090909
4590,66,20,6,28.607500000000005
4590,68,0,0,
4590,69,19,0,41.654736842105265
4590,70,9,0,35.904444444444444
4590,71,13,12,4.252307692307692
4590,121,5,0,44.25
4590,123,29,0,97.96827586206896
4590,127,148,109,5.768108108108109
4590,321,0,0,
4590,322,33,23,3.015151515151515
4590,325,40,39,0.40449999999999997
4590,326,55,47,1.6972727272727273
4590,329,38,32,2.3655263157894737
4590,10639,2,0,41.035
4590,10681,0,0,
4590,10682,11,0,24.526363636363634
4590,10643,2,0,80.78
4590,10646,7,0,38.16857142857142
4620,2,643,165,19.361415241057532
4620,40,10,8,4.552
4620,66,14,0,38.620000000000005
4620,68,5,0,42.336
4620,69,18,0,40.984999999999985
4620,70,3,0,43.97
4620,71,17,15,4.390588235294118
4620,121,3,0,55.31333333333333
4620,123,27,0,102.62962962962965
4620,127,153,120,4.31313725490196
4620,321,0,0,
4620,322,34,34,0.0
4620,325,38,36,0.315
4620,326,45,32,3.6486666666666667
4620,329,50,47,1.0686
4620,10639,0,0,
4620,10681,1,0,42.8
4620,10682,11,0,29.715454545454545
4620,10643,1,0,32.22
4620,10646,2,0,40.485
4650,2,640,184,20.391953124999993
4650,40,1,0,137.03
4650,66,12,0,40.0075
4650,68,2,0,38.480000000000004
4650,69,16,0,39.911249999999995
4650,70,2,0,68.19
4650,71,16,16,0.0
4650,121,6,1,32.464999999999996
4650,123,35,0,109.1237142857143
4650,127,168,152,1.49125
4650,321,11,0,35.93090909090909
4650,322,36,34,2.1525000000000003
4650,325,38,36,0.29894736842105263
4650,326,43,38,1.760697674418605
4650,329,53,49,0.40603773584905667
4650,10639,1,0,44.91
4650,10681,0,0,
4650,10682,11,0,26.193636363636358
4650,10643,3,0,55.91
4650,10646,3,0,42.42666666666667
4680,2,631,138,22.43469096671948
4680,40,9,1,78.36333333333333
4680,66,12,4,27.721666666666668
4680,68,7,0,19.69
4680,69,19,0,39.37052631578947
4680,70,0,0,
4680,71,6,2,27.72
4680,121,11,0,46.28181818181818
4680,123,31,0,107.56967741935483
4680,127,156,137,4.62
4680,321,0,0,
4680,322,42,37,1.127142857142857
4680,325,31,20,6.892903225806452
4680,326,52,48,1.7665384615384618
4680,329,46,39,0.9536956521739132
4680,10639,2,0,41.114999999999995
4680,10681,1,0,68.47
4680,10682,13,0,22.29769230769231
4680,10643,6,0,29.653333333333336
4680,10646,4,0,43.2475
4710,2,626,166,22.037124600638975
4710,40,8,4,28.330000000000002
4710,66,13,6,21.963076923076922
4710,68,0,0,
4710,69,15,0,38.222
4710,70,4,0,43.2175
4710,71,5,2,15.1
4710,121,14,1,17.07857142857143
4710,123,31,0,101.88612903225804
4710,127,151,106,7.411523178807946
4710,321,0,0,
4710,322,34,30,2.2958823529411765
4710,325,41,32,1.7273170731707315
4710,326,52,51,0.5915384615384615
4710,329,42,37,2.203809523809524
4710,10639,0,0,
4710,10681,0,0,
4710,10682,17,4,13.69941176470588
4710,10643,1,0,5.78
4710,10646,5,0,40.648
4740,2,650,181,20.278815384615374
4740,40,8,6,10.82125
4740,66,13,7,18.67230769230769
4740,68,0,0,
4740,69,14,0,38.306428571428576
4740,70,1,0,43.0
4740,71,9,7,9.22888888888889
4740,121,9,0,29.416666666666668
4740,123,29,0,99.4362068965517
4740,127,150,105,5.361600000000002
4740,321,0,0,
4740,322,28,23,2.860714285714286
4740,325,37,35,0.31648648648648653
4740,326,54,46,1.9959259259259259
4740,329,38,32,2.693947368421053
4740,10639,1,0,43.97
4740,10681,0,0,
4740,10682,20,4,10.6375
4740,10643,1,0,86.18
4740,10646,2,0,68.84
4770,2,648,208,19.06425925925926
4770,40,7,5,5.545714285714285
4770,66,9,0,41.11
4770,68,6,0,39.99166666666667
4770,69,10,0,38.79
4770,70,5,0,52.855999999999995
4770,71,16,13,5.115625
4770,121,4,0,43.79
4770,123,26,0,102.85153846153847
4770,127,159,125,4.625345911949686
4770,321,0,0,
4770,322,34,28,3.043235294117647
4770,325,39,39,0.0
4770,326,42,32,4.18047619047619
4770,329,46,43,0.8504347826086956
4770,10639,0,0,
4770,10681,1,0,42.8
4770,10682,23,5,7.4604347826086945
4770,10643,2,0,69.02
4770,10646,6,0,55.73333333333333
4800,2,647,174,19.64894899536322
4800,40,2,0,43.125
4800,66,10,0,41.065
4800,68,0,0,
4800,69,7,0,40.50428571428572
4800,70,3,0,84.13000000000001
4800,71,19,19,0.0
4800,121,9,0,40.135555555555555
4800,123,38,0,105.33131578947369
4800,127,168,141,2.8317857142857137
4800,321,7,0,39.95428571428572
4800,322,39,32,5.383333333333334
4800,325,38,33,1.0507894736842105
4800,326,44,39,1.2311363636363635
4800,329,50,48,0.20440000000000003
4800,10639,1,0,40.13
4800,10681,1,0,33.66
4800,10682,17,1,14.688235294117645
4800,10643,1,0,99.43
4800,10646,2,0,32.835
4830,2,643,185,18.240062208398122
4830,40,11,0,80.59727272727271
4830,66,15,0,40.556000000000004
4830,68,6,0,36.28666666666667
4830,69,11,0,40.84090909090909
4830,70,0,0,
4830,71,13,10,11.533076923076923
4830,121,14,0,35.16357142857143
4830,123,32,0,102.14187500000001
4830,127,150,119,3.8200000000000007
4830,321,0,0,
4830,322,39,36,0.3038461538461539
4830,325,31,20,6.807096774193549
4830,326,52,50,0.7548076923076923
4830,329,44,36,2.2818181818181817
4830,10639,1,0,43.87
4830,10681,1,0,40.01
4830,10682,14,0,16.537857142857145
4830,10643,1,0,53.92
4830,10646,8,0,42.459999999999994
4860,2,644,180,17.29731366459629
4860,40,11,2,40.10636363636364
4860,66,15,2,34.449333333333335
4860,68,2,0,33.23
4860,69,12,0,40.80916666666667
4860,70,0,0,
4860,71,5,1,6.2620000000000005
4860,121,10,1,24.284000000000002
4860,123,33,0,94.41363636363636
4860,127,140,99,5.9125
4860,321,0,0,
4860,322,32,29,2.381875
4860,325,38,33,0.916578947368421
4860,326,53,50,0.5420754716981132
4860,329,38,34,2.7842105263157895
4860,10639,0,0,
4860,10681,1,0,31.69
4860,10682,19,1,12.001052631578945
4860,10643,2,0,81.215
4860,10646,3,0,89.28333333333335
4890,2,666,207,17.68552552552552
4890,40,9,5,18.25
4890,66,16,2,35.5325
4890,68,0,0,
4890,69,13,0,42.95692307692308
4890,70,9,0,42.14666666666667
4890,71,4,2,16.13
4890,121,8,0,24.025000000000002
4890,123,38,0,99.27947368421053
4890,127,140,90,6.181928571428573
4890,321,1,0,42.72
4890,322,31,26,3.3880645161290324
4890,325,39,39,0.0
4890,326,52,44,1.4663461538461537
4890,329,36,24,3.308333333333333
4890,10639,0,0,
4890,10681,0,0,
4890,10682,19,4,13.70526315789474
4890,10643,1,0,24.96
4890,10646,6,0,43.86333333333334
4920,2,656,194,18.70746951219513
4920,40,8,5,11.776250000000001
4920,66,14,0,39.77428571428571
4920,68,3,0,41.78333333333334
4920,69,17,0,42.80941176470588
4920,70,0,0,
4920,71,12,7,12.946666666666667
4920,121,6,0,43.00833333333333
4920,123,32,0,98.6825
4920,127,152,112,6.199934210526315
4920,321,0,0,
4920,322,39,34,3.5223076923076917
4920,325,40,38,1.12825
4920,326,41,31,2.9443902439024385
4920,329,49,46,0.5455102040816326
4920,10639,1,0,41.81
4920,10681,0,0,
4920,10682,21,5,9.800952380952381
4920,10643,2,0,67.47
4920,10646,5,0,39.21
4950,2,659,195,18.838846737481035
4950,40,1,0,43.92
4950,66,16,0,40.43625
4950,68,0,0,
4950,69,17,0,42.60470588235295
4950,70,1,0,33.73
4950,71,17,16,2.5141176470588236
4950,121,5,0,63.294
4950,123,30,0,103.22633333333332
4950,127,169,148,2.9405325443786983
4950,321,14,0,39.17
4950,322,40,36,3.9194999999999993
4950,325,38,36,0.4942105263157895
4950,326,50,40,4.551800000000001
4950,329,47,43,0.4721276595744681
4950,10639,1,1,0.0
4950,10681,1,0,41.54
4950,10682,16,6,16.74125
4950,10643,3,0,87.06
4950,10646,6,0,41.38166666666667
4980,2,664,205,18.338930722891565
4980,40,13,0,75.71384615384616
4980,66,18,2,35.20166666666666
4980,68,3,0,42.57
4980,69,14,0,43.694285714285705
4980,70,1,0,43.1
4980,71,10,9,5.8549999999999995
4980,121,9,0,57.120000000000005
4980,123,37,0,101.68135135135131
4980,127,154,130,2.673246753246753
4980,321,0,0,
4980,322,44,43,0.029772727272727274
4980,325,28,17,7.499642857142858
4980,326,55,50,2.694909090909091
4980,329,46,42,0.7745652173913044
4980,10639,0,0,
4980,10681,3,0,43.01666666666667
4980,10682,8,0,53.74
4980,10643,1,0,24.33
4980,10646,1,0,96.23
5010,2,658,198,17.53036474164133
5010,40,11,4,31.36181818181818
5010,66,19,2,36.212105263157895
5010,68,0,0,
5010,69,13,0,43.11230769230769
5010,70,6,0,40.755
5010,71,3,1,26.096666666666664
5010,121,6,0,42.92333333333334
5010,123,38,0,95.83473684210523
5010,127,146,103,5.233082191780822
5010,321,0,0,
5010,322,38,33,2.1455263157894735
5010,325,35,32,0.694
5010,326,52,48,0.5153846153846154
5010,329,44,36,4.430454545454546
5010,10639,2,0,41.81
5010,10681,0,0,
5010,10682,6,0,42.94833333333333
5010,10643,2,0,62.495000000000005
5010,10646,4,0,63.39
5040,2,672,241,17.142053571428573
5040,40,9,6,12.574444444444445
5040,66,21,5,31.343333333333334
5040,68,0,0,
5040,69,12,0,43.27166666666667
5040,70,0,0,
5040,71,7,4,14.282857142857141
5040,121,1,0,110.2
5040,123,37,0,98.56702702702701
5040,127,146,104,5.556917808219177
5040,321,1,0,44.75
5040,322,35,25,3.3365714285714287
5040,325,38,34,2.716578947368421
5040,326,47,43,1.247872340425532
5040,329,40,31,2.6387499999999995
5040,10639,0,0,
5040,10681,0,0,
5040,10682,4,0,54.370000000000005
5040,10643,2,0,41.035
5040,10646,0,0,
5070,2,670,195,18.453402985074618
5070,40,7,4,6.868571428571428
5070,66,16,0,40.23312500000001
5070,68,4,0,39.67
5070,69,11,0,42.58363636363637
5070,70,1,0,43.87
5070,71,14,11,0.8471428571428571
5070,121,4,0,58.06
5070,123,38,0,90.26236842105261
5070,127,151,116,5.264900662251655
5070,321,0,0,
5070,322,38,37,1.164736842105263
5070,325,39,38,0.5725641025641025
5070,326,41,34,3.5185365853658532
5070,329,49,48,2.7526530612244895
5070,10639,0,0,
5070,10681,0,0,
5070,10682,6,0,48.00666666666667
5070,10643,2,0,37.975
5070,10646,0,0,
5100,2,651,180,17.56671274961596
5100,40,4,0,96.485
5100,66,16,0,37.408750000000005
5100,68,0,0,
5100,69,9,0,42.63666666666667
5100,70,0,0,
5100,71,18,16,3.398888888888889
5100,121,3,0,53.06999999999999
5100,123,36,0,93.63166666666666
5100,127,164,147,1.619939024390244
5100,321,11,0,36.22181818181818
5100,322,39,32,4.3684615384615375
5100,325,33,29,1.4278787878787877
5100,326,49,44,2.028979591836735
5100,329,47,46,0.10872340425531915
5100,10639,0,0,
5100,10681,0,0,
5100,10682,6,0,54.281666666666666
5100,10643,5,0,87.27000000000001
5100,10646,3,0,43.156666666666666
5130,2,629,179,19.59573926868043
5130,40,9,1,62.88444444444443
5130,66,15,2,36.232000000000006
5130,68,6,0,41.025
5130,69,12,0,42.035
5130,70,1,0,112.66
5130,71,8,5,2.15125
5130,121,7,0,48.59571428571427
5130,123,31,0,95.92322580645161
5130,127,159,135,2.8966037735849053
5130,321,2,2,0.0
5130,322,40,37,0.8265
5130,325,28,17,7.7375
5130,326,55,53,0.39745454545454545
5130,329,42,36,1.1483333333333332
5130,10639,0,0,
5130,10681,1,0,34.38
5130,10682,5,0,62.391999999999996
5130,10643,1,0,82.25
5130,10646,0,0,
5160,2,625,158,19.288896000000022
5160,40,9,4,29.628888888888884
5160,66,15,4,31.123333333333335
5160,68,0,0,
5160,69,12,0,42.211666666666666
5160,70,2,0,46.245
5160,71,1,0,74.28
5160,121,5,0,41.754000000000005
5160,123,28,0,101.1417857142857
5160,127,148,112,4.521621621621621
5160,321,2,2,0.0
5160,322,29,25,3.6689655172413795
5160,325,38,32,1.6936842105263157
5160,326,53,50,0.37018867924528304
5160,329,39,33,2.9225641025641025
5160,10639,0,0,
5160,10681,0,0,
5160,10682,8,0,37.53
5160,10643,1,0,24.84
5160,10646,8,0,43.11375
5190,2,627,184,17.607001594896328
5190,40,9,5,18.97555555555556
5190,66,16,5,28.078125
5190,68,1,0,43.83
5190,69,11,0,42.039090909090916
5190,70,1,0,98.28
5190,71,6,5,0.26666666666666666
5190,121,2,0,79.39500000000001
5190,123,34,0,102.60617647058821
5190,127,149,101,6.793288590604026
5190,321,0,0,
5190,322,31,24,4.058064516129032
5190,325,35,34,0.2622857142857143
5190,326,55,46,1.707090909090909
5190,329,37,27,1.451891891891892
5190,10639,0,0,
5190,10681,0,0,
5190,10682,5,0,60.79
5190,10643,1,0,82.42
5190,10646,0,0,
5220,2,618,166,16.76343042071197
5220,40,8,6,6.29875
5220,66,12,0,39.14833333333333
5220,68,4,0,39.09
5220,69,11,0,42.19636363636364
5220,70,3,0,48.883333333333326
5220,71,9,8,6.343333333333334
5220,121,5,0,75.444
5220,123,37,0,104.85108108108105
5220,127,153,115,4.333529411764705
5220,321,0,0,
5220,322,35,35,0.0
5220,325,38,36,1.2052631578947368
5220,326,46,34,2.4947826086956524
5220,329,45,41,2.1324444444444444
5220,10639,1,0,43.13
5220,10681,1,0,43.34
5220,10682,5,0,54.436
5220,10643,4,0,73.03999999999999
5220,10646,0,0,
5250,2,616,166,19.29957792207794
5250,40,1,1,0.0
5250,66,10,1,35.361000000000004
5250,68,0,0,
5250,69,11,0,41.83
5250,70,1,0,106.49
5250,71,21,20,0.728095238095238
5250,121,5,0,53.888
5250,123,27,0,99.08444444444443
5250,127,168,144,3.3217261904761903
5250,321,7,0,36.962857142857146
5250,322,36,31,5.476944444444445
5250,325,33,31,0.9684848484848485
5250,326,52,45,1.2490384615384613
5250,329,47,46,0.03489361702127659
5250,10639,0,0,
5250,10681,2,0,40.254999999999995
5250,10682,11,0,40.37272727272727
5250,10643,4,0,57.7225
5250,10646,2,0,34.185
5280,2,610,162,20.845836065573767
5280,40,6,1,83.42
5280,66,11,2,34.49636363636364
5280,68,10,0,22.946000000000005
5280,69,7,0,43.39714285714285
5280,70,1,0,44.9
5280,71,15,13,3.6599999999999997
5280,121,11,0,64.75727272727273
5280,123,33,0,105.82515151515152
5280,127,153,133,3.4722222222222228
5280,321,0,0,
5280,322,40,35,1.2697500000000002
5280,325,30,24,2.9350000000000005
5280,326,56,53,0.97
5280,329,41,39,0.49926829268292683
5280,10639,1,0,43.76
5280,10681,3,0,44.15333333333333
5280,10682,12,0,29.918333333333333
5280,10643,3,0,58.60333333333333
5280,10646,2,0,43.275
5310,2,607,157,22.12457990115322
5310,40,7,5,21.564285714285713
5310,66,11,3,30.69545454545454
5310,68,0,0,
5310,69,7,0,41.90857142857143
5310,70,0,0,
5310,71,7,1,18.02285714285714
5310,121,9,0,36.56666666666666
5310,123,37,0,101.47594594594594
5310,127,142,102,5.167112676056336
5310,321,0,0,
5310,322,28,23,3.4310714285714283
5310,325,43,38,1.6376744186046512
5310,326,55,53,0.25327272727272726
5310,329,35,29,3.004857142857143
5310,10639,1,0,42.8
5310,10681,2,0,38.614999999999995
5310,10682,15,1,16.231333333333332
5310,10643,3,0,81.77333333333333
5310,10646,5,0,54.23
5340,2,606,160,22.12049504950494
5340,40,6,4,25.15833333333333
5340,66,10,1,38.884
5340,68,1,0,43.42
5340,69,8,0,43.154999999999994
5340,70,2,0,63.675
5340,71,5,5,0.0
5340,121,4,0,70.2575
5340,123,32,0,100.88406249999998
5340,127,143,96,7.122307692307693
5340,321,0,0,
5340,322,27,25,0.20259259259259263
5340,325,38,36,0.2605263157894737
5340,326,55,46,2.194545454545455
5340,329,34,24,3.738235294117647
5340,10639,0,0,
5340,10681,0,0,
5340,10682,15,3,16.514000000000003
5340,10643,2,0,93.68
5340,10646,3,0,43.42666666666667
5370,2,598,154,22.487023411371233
5370,40,4,3,3.15
5370,66,12,0,41.9425
5370,68,0,0,
5370,69,11,0,41.49181818181818
5370,70,0,0,
5370,71,11,10,0.25363636363636366
5370,121,6,0,45.843333333333334
5370,123,24,0,114.30666666666666
5370,127,150,114,4.681866666666666
5370,321,2,0,41.925
5370,322,27,25,0.3966666666666667
5370,325,38,37,0.27052631578947367
5370,326,41,32,3.804146341463415
5370,329,44,39,1.2925000000000002
5370,10639,0,0,
5370,10681,1,0,41.77
5370,10682,14,4,21.860000000000003
5370,10643,2,0,54.625
5370,10646,1,0,42.98
5400,2,594,139,24.474023569023537
5400,40,2,0,42.504999999999995
5400,66,15,1,39.57066666666666
5400,68,0,0,
5400,69,12,0,41.784166666666664
5400,70,3,0,43.39666666666667
5400,71,16,15,2.91375
5400,121,2,0,90.26
5400,123,31,0,111.57999999999998
5400,127,169,154,1.2866863905325443
5400,321,5,0,39.218
5400,322,30,28,2.871
5400,325,35,30,2.4462857142857146
5400,326,47,38,1.6144680851063828
5400,329,44,42,0.2506818181818182
5400,10639,0,0,
5400,10681,0,0,
5400,10682,6,0,72.95
5400,10643,2,0,79.85499999999999
5400,10646,1,0,42.16
5430,2,573,136,24.768080279232116
5430,40,12,0,80.12249999999999
5430,66,17,2,37.50588235294117
5430,68,5,0,41.702000000000005
5430,69,15,0,40.86333333333334
5430,70,2,0,84.31
5430,71,9,8,6.357777777777778
5430,121,6,0,54.653333333333336
5430,123,43,0,115.16953488372093
5430,127,152,134,3.364210526315789
5430,321,0,0,
5430,322,34,33,0.3594117647058824
5430,325,29,19,6.273793103448276
5430,326,52,50,0.19230769230769232
5430,329,41,40,0.12439024390243901
5430,10639,1,0,44.7
5430,10681,1,0,77.15
5430,10682,7,0,66.59857142857143
5430,10643,4,0,52.7725
5430,10646,2,0,75.94
5460,2,578,136,22.842923875432522
5460,40,12,4,30.266666666666666
5460,66,20,3,34.07600000000001
5460,68,0,0,
5460,69,13,0,39.19538461538462
5460,70,2,0,72.56
5460,71,4,1,12.614999999999998
5460,121,6,0,36.62333333333334
5460,123,30,0,120.25633333333333
5460,127,139,104,5.261007194244604
5460,321,0,0,
5460,322,25,21,3.1459999999999995
5460,325,37,33,0.9402702702702704
5460,326,53,48,1.0822641509433961
5460,329,37,33,2.73027027027027
5460,10639,0,0,
5460,10681,0,0,
5460,10682,12,4,20.644166666666667
5460,10643,3,0,93.46333333333332
5460,10646,4,0,46.61750000000001
5490,2,553,135,20.67656419529834
5490,40,10,5,20.987000000000002
5490,66,19,3,35.50157894736842
5490,68,2,0,39.370000000000005
5490,69,13,0,38.886923076923075
5490,70,1,0,113.0
5490,71,8,6,5.87375
5490,121,3,0,75.88666666666667
5490,123,18,0,111.03388888888888
5490,127,137,87,5.889051094890513
5490,321,0,0,
5490,322,20,16,0.6515000000000001
5490,325,39,36,0.34692307692307695
5490,326,51,46,1.1650980392156862
5490,329,33,26,2.2630303030303027
5490,10639,0,0,
5490,10681,0,0,
5490,10682,16,5,9.966249999999999
5490,10643,3,0,75.59666666666668
5490,10646,4,0,44.97
5520,2,547,103,21.367915904935987
5520,40,9,6,10.646666666666667
5520,66,19,0,42.34894736842106
5520,68,1,0,41.83
5520,69,15,0,39.866
5520,70,0,0,
5520,71,11,9,3.056363636363636
5520,121,3,0,65.40333333333332
5520,123,21,0,107.85190476190476
5520,127,146,112,4.64554794520548
5520,321,0,0,
5520,322,21,21,0.0
5520,325,42,39,0.9180952380952382
5520,326,40,31,3.36625
5520,329,43,43,0.0
5520,10639,0,0,
5520,10681,2,0,40.525
5520,10682,11,1,26.664545454545454
5520,10643,2,0,98.9
5520,10646,2,0,44.065
5550,2,550,119,22.307563636363636
5550,40,2,0,116.66
5550,66,21,0,41.846666666666664
5550,68,0,0,
5550,69,13,0,40.90461538461538
5550,70,0,0,
5550,71,17,14,2.1452941176470586
5550,121,5,0,71.886
5550,123,27,0,107.67999999999996
5550,127,167,143,3.482455089820359
5550,321,1,0,35.78
5550,322,23,20,5.615652173913043
5550,325,37,34,0.7875675675675676
5550,326,48,40,1.6937499999999999
5550,329,43,43,0.005116279069767442
5550,10639,0,0,
5550,10681,0,0,
5550,10682,7,0,51.694285714285705
5550,10643,5,0,85.074
5550,10646,1,0,41.58
5580,2,529,108,24.162381852552006
5580,40,13,0,83.61384615384614
5580,66,22,0,41.373636363636365
5580,68,7,0,24.669999999999998
5580,69,14,0,40.95142857142857
5580,70,2,0,72.25999999999999
5580,71,13,9,14.969230769230771
5580,121,9,0,54.13444444444445
5580,123,35,0,106.10799999999999
5580,127,153,125,3.8569281045751627
5580,321,0,0,
5580,322,24,21,0.3854166666666667
5580,325,25,18,5.570399999999999
5580,326,55,50,1.3389090909090908
5580,329,40,39,0.067
5580,10639,0,0,
5580,10681,2,0,41.83
5580,10682,6,0,53.365
5580,10643,3,0,100.63
5580,10646,2,0,67.91499999999999
5610,2,521,115,25.875681381957786
5610,40,11,7,22.370909090909095
5610,66,22,4,32.34090909090909
5610,68,0,0,
5610,69,14,0,40.34857142857142
5610,70,2,0,86.36500000000001
5610,71,8,1,18.28
5610,121,12,0,23.18083333333333
5610,123,35,0,105.45142857142858
5610,127,141,102,4.824397163120566
5610,321,0,0,
5610,322,17,13,4.685294117647059
5610,325,35,30,1.088285714285714
5610,326,53,52,0.019433962264150943
5610,329,37,26,3.858108108108108
5610,10639,1,0,42.25
5610,10681,0,0,
5610,10682,14,0,20.57
5610,10643,3,0,73.77666666666666
5610,10646,3,0,38.05
5640,2,517,112,27.5617214700193
5640,40,11,9,7.553636363636364
5640,66,23,8,27.04304347826087
5640,68,0,0,
5640,69,13,0,42.02384615384616
5640,70,0,0,
5640,71,6,4,8.341666666666667
5640,121,5,0,32.58200000000001
5640,123,22,0,97.03909090909092
5640,127,136,88,7.470882352941176
5640,321,0,0,
5640,322,11,11,0.0
5640,325,37,36,0.1608108108108108
5640,326,50,47,1.046
5640,329,36,25,1.6894444444444443
5640,10639,0,0,
5640,10681,0,0,
5640,10682,18,2,10.195555555555556
5640,10643,2,0,82.53999999999999
5640,10646,4,0,46.67999999999999
5670,2,504,115,28.56553571428572
5670,40,9,8,1.27
5670,66,14,0,40.694285714285705
5670,68,5,0,40.734
5670,69,9,0,40.577777777777776
5670,70,0,0,
5670,71,14,12,5.907857142857144
5670,121,5,0,48.266000000000005
5670,123,24,0,105.46500000000002
5670,127,147,105,5.626190476190477
5670,321,0,0,
5670,322,13,10,0.4107692307692308
5670,325,38,37,1.1276315789473685
5670,326,45,35,2.514444444444444
5670,329,40,40,0.0
5670,10639,0,0,
5670,10681,0,0,
5670,10682,17,0,13.277058823529414
5670,10643,3,0,73.82
5670,10646,2,0,32.855000000000004
5700,2,500,97,30.25359999999998
5700,40,3,0,46.843333333333334
5700,66,12,0,40.71083333333333
5700,68,0,0,
5700,69,9,0,40.233333333333334
5700,70,1,0,39.82
5700,71,23,20,2.4669565217391303
5700,121,6,0,43.76333333333334
5700,123,28,0,103.53357142857138
5700,127,163,140,2.045276073619632
5700,321,8,0,38.386250000000004
5700,322,17,13,9.90235294117647
5700,325,36,35,0.46361111111111114
5700,326,52,47,0.6582692307692308
5700,329,40,37,1.56575
5700,10639,1,0,41.64
5700,10681,1,0,43.34
5700,10682,12,0,21.599999999999998
5700,10643,4,0,68.52749999999999
5700,10646,5,0,40.376000000000005
5730,2,482,81,29.33815352697094
5730,40,13,0,98.44692307692307
5730,66,15,2,34.99533333333333
5730,68,3,0,65.25333333333333
5730,69,8,0,39.85625
5730,70,1,0,107.09
5730,71,11,10,3.9527272727272726
5730,121,18,0,34.73444444444444
5730,123,28,0,105.96714285714286
5730,127,153,128,4.271437908496731
5730,321,0,0,
5730,322,21,21,0.0
5730,325,29,18,5.3486206896551725
5730,326,57,52,2.5743859649122807
5730,329,34,32,0.3758823529411765
5730,10639,0,0,
5730,10681,1,0,44.67
5730,10682,14,0,17.737142857142853
5730,10643,1,0,97.7
5730,10646,3,0,51.09
5760,2,465,86,30.05451612903224
5760,40,13,7,20.79692307692308
5760,66,18,4,30.712222222222223
5760,68,0,0,
5760,69,11,0,40.723636363636366
5760,70,3,0,42.913333333333334
5760,71,9,2,28.822222222222226
5760,121,16,1,18.432499999999997
5760,123,27,0,94.10407407407408
5760,127,135,101,5.686814814814814
5760,321,0,0,
5760,322,15,10,5.097333333333334
5760,325,37,34,0.1718918918918919
5760,326,53,50,0.40113207547169816
5760,329,32,26,3.3396874999999997
5760,10639,0,0,
5760,10681,0,0,
5760,10682,16,1,17.634999999999998
5760,10643,0,0,
5760,10646,7,0,57.51714285714286
5790,2,445,80,28.043191011235965
5790,40,10,8,8.747
5790,66,17,6,25.43529411764706
5790,68,0,0,
5790,69,11,0,40.95636363636363
5790,70,2,0,97.315
5790,71,10,5,18.651000000000003
5790,121,11,1,22.105454545454545
5790,123,23,0,90.04086956521739
5790,127,130,84,7.642923076923078
5790,321,0,0,
5790,322,11,11,0.0
5790,325,36,34,0.41277777777777774
5790,326,49,44,1.249183673469388
5790,329,28,22,3.0528571428571425
5790,10639,0,0,
5790,10681,0,0,
5790,10682,22,5,7.562727272727273
5790,10643,2,0,97.645
5790,10646,3,0,84.95
5820,2,441,80,30.42530612244899
5820,40,9,8,1.4
5820,66,15,0,39.10000000000001
5820,68,4,0,40.540000000000006
5820,69,14,0,41.73357142857143
5820,70,0,0,
5820,71,21,19,4.17952380952381
5820,121,6,0,37.13666666666666
5820,123,25,0,94.00599999999999
5820,127,144,106,6.3445833333333335
5820,321,0,0,
5820,322,11,11,0.0
5820,325,39,37,2.3330769230769235
5820,326,41,31,4.463658536585366
5820,329,38,38,0.0
5820,10639,0,0,
5820,10681,1,0,42.71
5820,10682,24,9,6.619166666666666
5820,10643,1,0,76.98
5820,10646,7,0,49.34285714285715
5850,2,432,76,30.57266203703705
5850,40,2,0,44.17
5850,66,18,0,39.879999999999995
5850,68,0,0,
5850,69,12,0,41.895833333333336
5850,70,1,0,117.91
5850,71,30,25,2.234
5850,121,5,0,33.738
5850,123,25,0,101.9888
5850,127,162,138,1.899567901234568
5850,321,0,0,
5850,322,12,10,6.738333333333333
5850,325,34,29,4.259411764705882
5850,326,48,41,2.0016666666666665
5850,329,39,35,2.7438461538461536
5850,10639,0,0,
5850,10681,0,0,
5850,10682,21,2,9.34809523809524
5850,10643,1,0,48.4
5850,10646,5,0,42.76800000000001
5880,2,424,61,35.637665094339624
5880,40,14,0,54.921428571428564
5880,66,21,2,37.13476190476191
5880,68,6,0,41.083333333333336
5880,69,12,0,41.63
5880,70,2,0,71.07000000000001
5880,71,12,10,11.7475
5880,121,11,0,36.452727272727266
5880,123,27,0,94.81555555555553
5880,127,150,120,5.888800000000001
5880,321,0,0,
5880,322,9,7,1.248888888888889
5880,325,25,16,7.987199999999999
5880,326,57,53,1.684736842105263
5880,329,35,34,0.13114285714285714
5880,10639,0,0,
5880,10681,3,0,72.73333333333333
5880,10682,17,2,15.26235294117647
5880,10643,4,0,72.815
5880,10646,5,0,70.024
5910,2,413,70,34.52544794188858
5910,40,14,1,57.06785714285714
5910,66,21,4,33.10857142857143
5910,68,0,0,
5910,69,12,0,41.8675
5910,70,4,0,63.167500000000004
5910,71,7,2,15.305714285714286
5910,121,11,0,22.509090909090904
5910,123,31,0,97.96322580645163
5910,127,140,102,4.73992857142857
5910,321,0,0,
5910,322,2,2,0.0
5910,325,33,29,0.8039393939393938
5910,326,54,52,0.1887037037037037
5910,329,31,25,3.937741935483871
5910,10639,0,0,
5910,10681,0,0,
5910,10682,16,1,14.185625
5910,10643,2,0,74.495
5910,10646,2,0,41.3
5940,2,401,66,38.77668329177055
5940,40,14,4,28.858571428571427
5940,66,22,5,31.644999999999996
5940,68,0,0,
5940,69,14,0,41.85357142857141
5940,70,1,0,45.47
5940,71,12,6,13.786666666666667
5940,121,5,0,49.35
5940,123,24,0,93.8325
5940,127,133,89,5.723909774436089
5940,321,0,0,
5940,322,0,0,
5940,325,34,32,0.3064705882352941
5940,326,52,48,1.0851923076923076
5940,329,28,17,4.419642857142857
5940,10639,1,0,40.73
5940,10681,0,0,
5940,10682,19,3,11.660000000000002
5940,10643,4,0,60.337500000000006
5940,10646,7,0,48.16714285714285
5970,2,382,60,37.003926701570656
5970,40,13,11,4.049230769230769
5970,66,15,0,39.61133333333333
5970,68,8,0,39.9075
5970,69,14,0,41.332857142857144
5970,70,2,0,41.37
5970,71,21,21,0.0
5970,121,3,0,71.15333333333332
5970,123,29,0,93.04551724137929
5970,127,148,106,4.447432432432431
5970,321,0,0,
5970,322,1,1,0.0
5970,325,39,36,1.2107692307692308
5970,326,41,29,4.057560975609756
5970,329,38,38,0.0
5970,10639,1,0,44.63
5970,10681,0,0,
5970,10682,16,6,14.499999999999998
5970,10643,2,0,55.9
5970,10646,2,0,45.815
6000,2,356,70,31.59384831460672
6000,40,1,0,37.86
6000,66,16,1,38.407500000000006
6000,68,0,0,
6000,69,16,0,41.684999999999995
6000,70,2,0,43.97
6000,71,28,25,2.591785714285714
6000,121,9,0,26.77777777777778
6000,123,34,0,91.67735294117648
6000,127,167,143,3.049700598802395
6000,321,4,0,40.707499999999996
6000,322,3,0,42.31333333333333
6000,325,35,32,0.8394285714285715
6000,326,46,37,1.644782608695652
6000,329,38,35,1.328421052631579
6000,10639,1,0,40.85
6000,10681,2,0,36.93
6000,10682,9,1,31.783333333333335
6000,10643,3,0,92.79
6000,10646,3,0,33.38
6030,2,350,73,35.94571428571427
6030,40,7,0,73.19428571428571
6030,66,17,1,35.09470588235293
6030,68,0,0,
6030,69,17,0,41.29117647058824
6030,70,0,0,
6030,71,18,15,6.385555555555555
6030,121,9,0,50.440000000000005
6030,123,33,0,98.16515151515154
6030,127,159,135,3.7900628930817617
6030,321,0,0,
6030,322,0,0,
6030,325,28,16,10.214642857142858
6030,326,56,54,0.9017857142857143
6030,329,37,36,0.11810810810810811
6030,10639,0,0,
6030,10681,3,0,43.35666666666666
6030,10682,12,0,29.963333333333328
6030,10643,1,0,84.23
6030,10646,4,0,41.7525
6060,2,342,47,42.97163742690057
6060,40,9,3,35.40555555555556
6060,66,19,4,30.853157894736842
6060,68,0,0,
6060,69,15,0,39.91933333333334
6060,70,2,0,42.665
6060,71,9,2,10.04
6060,121,3,0,71.34666666666668
6060,123,31,0,110.44129032258064
6060,127,142,107,5.125915492957747
6060,321,0,0,
6060,322,0,0,
6060,325,29,24,0.8037931034482759
6060,326,55,53,0.19400000000000003
6060,329,37,27,5.2556756756756755
6060,10639,0,0,
6060,10681,0,0,
6060,10682,8,0,44.205
6060,10643,0,0,
6060,10646,4,0,44.912499999999994
6090,2,307,45,39.075374592833846
6090,40,8,4,21.80625
6090,66,17,4,29.985882352941175
6090,68,0,0,
6090,69,17,0,41.569411764705876
6090,70,2,0,39.375
6090,71,4,2,9.0175
6090,121,6,0,63.70666666666667
6090,123,35,0,107.48285714285714
6090,127,136,93,5.919117647058821
6090,321,5,0,46.653999999999996
6090,322,0,0,
6090,325,29,28,0.1986206896551724
6090,326,55,52,0.4318181818181818
6090,329,34,27,3.3938235294117653
6090,10639,1,0,41.3
6090,10681,0,0,
6090,10682,8,0,67.15
6090,10643,1,0,81.0
6090,10646,0,0,
6120,2,293,53,47.36218430034133
6120,40,7,3,9.328571428571427
6120,66,11,0,42.29454545454546
6120,68,2,0,39.675
6120,69,15,0,40.028000000000006
6120,70,0,0,
6120,71,12,9,3.046666666666667
6120,121,4,0,67.5875
6120,123,39,0,111.91820512820514
6120,127,149,104,6.603355704697987
6120,321,0,0,
6120,322,0,0,
6120,325,31,30,1.3116129032258064
6120,326,42,32,3.1295238095238096
6120,329,44,44,0.0
6120,10639,1,0,41.73
6120,10681,0,0,
6120,10682,8,0,54.72
6120,10643,1,0,92.76
6120,10646,0,0,
6150,2,259,34,47.35733590733591
6150,40,1,0,73.52
6150,66,12,1,35.306666666666665
6150,68,0,0,
6150,69,17,0,42.03647058823529
6150,70,0,0,
6150,71,17,17,0.0
6150,121,6,0,43.905
6150,123,31,0,110.78677419354837
6150,127,172,147,3.9328488372093027
6150,321,9,0,35.712222222222216
6150,322,3,0,43.53
6150,325,29,27,0.213448275862069
6150,326,46,39,2.408913043478261
6150,329,44,41,1.115909090909091
6150,10639,0,0,
6150,10681,1,0,44.37
6150,10682,9,0,47.20222222222222
6150,10643,2,0,54.385000000000005
6150,10646,2,0,39.644999999999996
6180,2,251,21,56.187211155378485
6180,40,9,0,90.91555555555557
6180,66,13,2,36.29230769230769
6180,68,3,0,39.0
6180,69,19,0,40.70210526315788
6180,70,1,0,121.47
6180,71,13,11,9.907692307692308
6180,121,11,0,43.841818181818184
6180,123,28,0,105.82714285714282
6180,127,163,133,5.002085889570553
6180,321,0,0,
6180,322,4,4,0.0
6180,325,28,14,9.73142857142857
6180,326,55,53,0.15090909090909088
6180,329,39,36,0.33564102564102566
6180,10639,0,0,
6180,10681,3,0,52.86666666666667
6180,10682,7,0,53.994285714285716
6180,10643,2,0,61.635
6180,10646,5,0,38.08
6210,2,230,23,56.01952173913046
6210,40,8,4,28.716250000000002
6210,66,13,3,31.873846153846156
6210,68,0,0,
6210,69,17,0,41.19
6210,70,0,0,
6210,71,6,2,14.08
6210,121,6,0,34.23
6210,123,28,0,104.6907142857143
6210,127,148,109,5.379256756756757
6210,321,0,0,
6210,322,2,1,8.16
6210,325,28,25,2.1599999999999997
6210,326,58,52,1.045689655172414
6210,329,35,27,4.0368571428571425
6210,10639,0,0,
6210,10681,0,0,
6210,10682,13,0,22.893076923076926
6210,10643,3,0,96.13
6210,10646,7,0,42.77714285714285
6240,2,214,25,56.59037383177569
6240,40,8,6,10.6625
6240,66,13,4,29.725384615384613
6240,68,0,0,
6240,69,18,0,40.989444444444445
6240,70,2,0,52.77
6240,71,6,5,1.4616666666666667
6240,121,5,0,51.92
6240,123,23,0,104.19304347826088
6240,127,138,90,5.942391304347827
6240,321,4,0,42.24499999999999
6240,322,0,0,
6240,325,30,28,0.33133333333333337
6240,326,54,48,1.259074074074074
6240,329,33,26,2.329090909090909
6240,10639,1,0,44.87
6240,10681,0,0,
6240,10682,13,0,17.825384615384614
6240,10643,3,0,102.14666666666666
6240,10646,2,0,45.26
6270,2,210,18,59.651904761904724
6270,40,7,5,5.3028571428571425
6270,66,8,0,41.04375
6270,68,3,0,42.24333333333334
6270,69,16,0,41.54749999999999
6270,70,3,0,42.973333333333336
6270,71,11,9,1.1963636363636363
6270,121,4,0,72.4925
6270,123,36,0,111.84500000000001
6270,127,148,99,6.120270270270272
6270,321,0,0,
6270,322,0,0,
6270,325,31,31,0.0
6270,326,47,36,2.7825531914893618
6270,329,39,35,0.7082051282051283
6270,10639,0,0,
6270,10681,1,0,44.54
6270,10682,7,0,52.53857142857144
6270,10643,2,0,50.095
6270,10646,0,0,
6300,2,182,7,60.86368131868131
6300,40,6,0,61.07833333333334
6300,66,12,1,37.932500000000005
6300,68,0,0,
6300,69,16,0,41.05625
6300,70,0,0,
6300,71,21,17,3.374761904761905
6300,121,5,0,48.303999999999995
6300,123,29,0,103.07724137931035
6300,127,156,137,1.80974358974359
6300,321,8,0,37.996249999999996
6300,322,3,0,43.29333333333333
6300,325,29,27,0.44137931034482764
6300,326,53,46,2.9
6300,329,40,37,0.2945
6300,10639,0,0,
6300,10681,0,0,
6300,10682,8,0,51.642500000000005
6300,10643,4,0,88.655
6300,10646,2,0,43.56
6330,2,159,9,65.98691823899371
6330,40,17,0,75.03235294117646
6330,66,15,2,35.34466666666667
6330,68,11,0,20.87272727272727
6330,69,15,0,41.66466666666666
6330,70,1,0,43.27
6330,71,12,8,17.938333333333333
6330,121,8,0,51.313750000000006
6330,123,33,0,99.21939393939395
6330,127,157,117,7.100636942675159
6330,321,0,0,
6330,322,3,3,0.0
6330,325,25,13,8.277600000000001
6330,326,59,53,1.719322033898305
6330,329,38,34,0.5947368421052632
6330,10639,0,0,
6330,10681,2,0,56.239999999999995
6330,10682,10,0,35.202
6330,10643,7,0,72.65142857142857
6330,10646,4,0,47.5775
6360,2,143,6,81.69461538461539
6360,40,16,4,29.985625000000002
6360,66,16,2,36.20000000000001
6360,68,0,0,
6360,69,15,0,41.96533333333334
6360,70,1,0,43.16
6360,71,10,4,6.953
6360,121,10,3,21.475
6360,123,38,0,98.30657894736844
6360,127,146,112,5.80164383561644
6360,321,0,0,
6360,322,0,0,
6360,325,31,29,0.5887096774193549
6360,326,57,48,0.8250877192982456
6360,329,37,32,3.2213513513513514
6360,10639,1,0,40.11
6360,10681,2,0,33.83
6360,10682,14,0,17.18642857142857
6360,10643,9,0,72.49666666666667
6360,10646,3,0,30.310000000000002
6390,2,129,1,92.31961240310078
6390,40,15,7,12.009999999999998
6390,66,13,1,37.48307692307693
6390,68,0,0,
6390,69,18,0,40.82333333333333
6390,70,4,0,68.5525
6390,71,14,11,3.438571428571429
6390,121,5,0,51.012
6390,123,22,0,95.23181818181818
6390,127,140,94,5.637357142857142
6390,321,3,0,43.67666666666667
6390,322,0,0,
6390,325,31,27,1.573225806451613
6390,326,52,46,0.8923076923076922
6390,329,32,25,3.60625
6390,10639,0,0,
6390,10681,0,0,
6390,10682,17,4,13.228823529411766
6390,10643,4,0,74.75750000000001
6390,10646,11,0,39.393636363636354
6420,2,114,11,85.5705263157895
6420,40,14,12,3.1664285714285714
6420,66,11,0,40.949090909090906
6420,68,0,0,
6420,69,18,0,41.93222222222223
6420,70,0,0,
6420,71,20,19,3.3284999999999996
6420,121,5,0,68.76400000000001
6420,123,28,0,102.23607142857144
6420,127,147,103,6.539455782312927
6420,321,0,0,
6420,322,0,0,
6420,325,32,32,0.0
6420,326,44,35,3.591818181818182
6420,329,41,38,1.4014634146341463
6420,10639,0,0,
6420,10681,0,0,
6420,10682,10,2,25.665000000000003
6420,10643,0,0,
6420,10646,1,0,41.03
6450,2,98,11,79.8815306122449
6450,40,2,0,94.385
6450,66,13,0,36.86384615384616
6450,68,0,0,
6450,69,20,0,41.05150000000001
6450,70,4,0,36.81
6450,71,22,21,1.9381818181818182
6450,121,4,0,54.1625
6450,123,37,0,102.16594594594596
6450,127,160,142,1.98075
6450,321,7,0,39.64142857142857
6450,322,4,0,55.7625
6450,325,30,28,0.19533333333333333
6450,326,47,41,2.3493617021276596
6450,329,42,42,0.0
6450,10639,0,0,
6450,10681,0,0,
6450,10682,6,0,56.455000000000005
6450,10643,0,0,
6450,10646,1,0,43.31
6480,2,80,4,86.4695
6480,40,13,0,78.46000000000001
6480,66,14,1,37.97714285714285
6480,68,5,0,29.6
6480,69,19,0,41.773684210526305
6480,70,1,0,42.35
6480,71,19,18,2.019473684210526
6480,121,10,0,59.999
6480,123,39,0,90.29435897435896
6480,127,158,132,5.4325949367088615
6480,321,0,0,
6480,322,4,4,0.0
6480,325,22,13,9.092727272727274
6480,326,58,54,1.683448275862069
6480,329,39,37,0.13102564102564102
6480,10639,0,0,
6480,10681,5,0,51.516
6480,10682,5,0,71.02799999999999
6480,10643,0,0,
6480,10646,2,0,76.50999999999999
6510,2,82,0,97.10499999999998
6510,40,14,8,21.04214285714286
6510,66,15,2,35.50666666666667
6510,68,0,0,
6510,69,21,0,40.02047619047618
6510,70,1,0,108.9
6510,71,12,4,12.999166666666667
6510,121,11,0,24.80181818181818
6510,123,43,0,92.86604651162793
6510,127,146,111,5.559931506849315
6510,321,0,0,
6510,322,0,0,
6510,325,26,23,2.4865384615384616
6510,326,59,54,1.024406779661017
6510,329,33,27,3.5242424242424244
6510,10639,2,0,41.125
6510,10681,0,0,
6510,10682,10,1,37.855
6510,10643,1,0,86.85
6510,10646,3,0,44.23333333333333
6540,2,77,0,110.29376623376622
6540,40,13,8,15.909999999999998
6540,66,18,3,32.003888888888895
6540,68,1,0,33.7
6540,69,19,0,40.38894736842105
6540,70,1,0,110.55
6540,71,11,10,1.3918181818181818
6540,121,5,0,47.982000000000006
6540,123,28,0,98.79178571428572
6540,127,142,105,5.39556338028169
6540,321,0,0,
6540,322,0,0,
6540,325,26,25,0.04038461538461539
6540,326,52,45,1.0557692307692308
6540,329,36,21,5.672777777777778
6540,10639,0,0,
6540,10681,0,0,
6540,10682,17,1,9.72058823529412
6540,10643,0,0,
6540,10646,6,0,36.64333333333334
6570,2,64,0,113.30796875
6570,40,13,7,12.586153846153849
6570,66,13,1,38.51
6570,68,3,0,37.89
6570,69,21,0,40.83809523809524
6570,70,1,0,43.78
6570,71,17,13,5.661764705882353
6570,121,6,0,36.28
6570,123,31,0,101.57322580645162
6570,127,150,110,6.436466666666667
6570,321,0,0,
6570,322,1,0,43.24
6570,325,28,25,3.144285714285714
6570,326,43,33,3.4251162790697673
6570,329,44,44,0.0
6570,10639,0,0,
6570,10681,0,0,
6570,10682,15,0,20.096000000000007
6570,10643,1,0,62.44
6570,10646,0,0,
6600,2,64,0,117.3225
6600,40,0,0,
6600,66,13,1,38.77000000000001
6600,68,0,0,
6600,69,19,0,39.67421052631579
6600,70,7,0,37.55571428571428
6600,71,20,20,0.0
6600,121,6,1,35.129999999999995
6600,123,34,0,102.10470588235295
6600,127,162,142,1.8842592592592593
6600,321,2,0,29.119999999999997
6600,322,3,0,40.97666666666667
6600,325,25,23,0.7168000000000001
6600,326,48,41,1.6193749999999998
6600,329,43,36,1.7360465116279071
6600,10639,0,0,
6600,10681,0,0,
6600,10682,8,1,20.72625
6600,10643,1,0,96.28
6600,10646,3,0,42.093333333333334
6630,2,64,0,118.56671875
6630,40,10,0,92.946
6630,66,15,1,38.800666666666665
6630,68,5,0,35.846
6630,69,20,0,39.5065
6630,70,1,0,45.67
6630,71,11,9,7.778181818181818
6630,121,15,0,43.236
6630,123,40,0,101.20899999999996
6630,127,158,126,3.4745569620253165
6630,321,0,0,
6630,322,0,0,
6630,325,19,7,11.22842105263158
6630,326,57,55,0.21263157894736845
6630,329,39,36,0.4456410256410256
6630,10639,2,0,42.445
6630,10681,2,0,74.805
6630,10682,2,0,98.87
6630,10643,1,0,104.71
6630,10646,1,0,34.46
6660,2,61,0,113.39213114754104
6660,40,8,5,16.325
6660,66,18,2,35.03111111111112
6660,68,3,0,18.49
6660,69,22,0,40.13636363636363
6660,70,2,0,44.129999999999995
6660,71,3,1,14.443333333333333
6660,121,10,0,33.61200000000001
6660,123,37,0,94.23486486486487
6660,127,152,114,5.378486842105263
6660,321,0,0,
6660,322,0,0,
6660,325,17,17,0.0
6660,326,57,55,0.20456140350877194
6660,329,35,28,3.498571428571428
6660,10639,1,0,43.12
6660,10681,0,0,
6660,10682,2,0,69.83500000000001
6660,10643,2,0,116.13
6660,10646,9,0,37.007777777777775
6690,2,64,0,111.44812500000002
6690,40,7,4,17.805714285714284
6690,66,18,2,37.29611111111111
6690,68,0,0,
6690,69,17,0,38.70882352941176
6690,70,1,0,34.93
6690,71,5,4,9.081999999999999
6690,121,1,0,77.21
6690,123,28,0,88.13892857142858
6690,127,147,103,4.856598639455784
6690,321,0,0,
6690,322,0,0,
6690,325,16,15,0.58375
6690,326,54,51,0.715
6690,329,32,24,2.0056249999999998
6690,10639,0,0,
6690,10681,0,0,
6690,10682,2,0,110.28
6690,10643,1,0,109.7
6690,10646,13,0,37.689230769230775
6720,2,70,0,115.39928571428577
6720,40,6,4,4.003333333333334
6720,66,14,0,41.837857142857146
6720,68,3,0,43.73666666666667
6720,69,13,0,41.12923076923077
6720,70,0,0,
6720,71,8,6,13.985
6720,121,1,0,42.44
6720,123,23,0,89.4104347826087
6720,127,152,110,4.991315789473685
6720,321,0,0,
6720,322,2,0,40.07
6720,325,16,16,0.0
6720,326,46,38,2.505217391304348
6720,329,39,38,0.2551282051282051
6720,10639,1,0,33.46
6720,10681,1,0,42.8
6720,10682,2,0,89.25
6720,10643,1,0,106.33
6720,10646,0,0,
6750,2,70,0,115.1974285714286
6750,40,4,0,71.235
6750,66,13,0,41.604615384615386
6750,68,1,0,46.2
6750,69,10,0,38.96
6750,70,4,0,39.3
6750,71,13,12,4.8623076923076916
6750,121,1,0,40.46
6750,123,19,0,88.87789473684211
6750,127,165,148,1.723818181818182
6750,321,7,0,38.777142857142856
6750,322,3,0,49.93333333333334
6750,325,15,15,0.0
6750,326,50,40,2.4745999999999997
6750,329,39,37,0.2717948717948718
6750,10639,1,0,30.29
6750,10681,1,0,43.26
6750,10682,3,0,61.78
6750,10643,2,0,112.53999999999999
6750,10646,2,0,44.775000000000006
6780,2,76,0,116.28828947368423
6780,40,8,0,64.65375
6780,66,13,2,33.8276923076923
6780,68,5,0,44.738
6780,69,11,0,40.02
6780,70,0,0,
6780,71,13,9,9.760000000000002
6780,121,10,0,58.623000000000005
6780,123,19,0,105.70526315789475
6780,127,144,124,3.5606944444444446
6780,321,0,0,
6780,322,0,0,
6780,325,14,6,8.586428571428572
6780,326,58,55,1.5294827586206898
6780,329,39,37,0.22051282051282056
6780,10639,1,0,30.29
6780,10681,3,0,106.06
6780,10682,2,0,114.485
6780,10643,1,0,116.1
6780,10646,5,0,49.984
6810,2,85,0,116.49011764705882
6810,40,8,4,21.1575
6810,66,15,3,32.41266666666667
6810,68,0,0,
6810,69,7,0,42.34571428571428
6810,70,3,0,66.96333333333332
6810,71,6,2,21.13
6810,121,2,0,41.19
6810,123,33,0,102.9581818181818
6810,127,135,90,5.608518518518518
6810,321,0,0,
6810,322,0,0,
6810,325,14,14,0.0
6810,326,55,54,0.17945454545454545
6810,329,36,32,2.1086111111111108
6810,10639,0,0,
6810,10681,0,0,
6810,10682,1,0,95.25
6810,10643,0,0,
6810,10646,5,0,43.326
6840,2,85,0,116.72552941176468
6840,40,6,4,13.791666666666666
6840,66,15,6,25.845999999999997
6840,68,0,0,
6840,69,6,0,43.58166666666667
6840,70,1,0,41.65
6840,71,7,5,9.838571428571429
6840,121,4,0,48.985
6840,123,29,0,102.33241379310344
6840,127,127,82,5.903858267716534
6840,321,0,0,
6840,322,0,0,
6840,325,14,13,3.035
6840,326,53,49,0.6999999999999998
6840,329,35,22,3.55
6840,10639,1,0,43.16
6840,10681,0,0,
6840,10682,2,0,97.445
6840,10643,2,0,109.815
6840,10646,0,0,
6870,2,85,0,112.20517647058826
6870,40,4,2,3.7199999999999998
6870,66,9,0,41.904444444444444
6870,68,4,0,39.8075
6870,69,4,0,43.14
6870,70,4,0,71.13499999999999
6870,71,11,9,1.499090909090909
6870,121,3,0,66.7
6870,123,18,0,94.38444444444445
6870,127,142,99,5.223802816901408
6870,321,2,0,39.63
6870,322,0,0,
6870,325,15,13,4.105333333333333
6870,326,45,33,3.012888888888889
6870,329,43,40,1.2974418604651163
6870,10639,0,0,
6870,10681,0,0,
6870,10682,3,0,67.8
6870,10643,1,0,108.97
6870,10646,2,0,42.26
6900,2,80,0,114.00099999999998
6900,40,0,0,
6900,66,8,0,42.17125
6900,68,0,0,
6900,69,8,0,41.42875
6900,70,0,0,
6900,71,14,14,0.0
6900,121,6,0,31.189999999999998
6900,123,23,0,90.64347826086957
6900,127,152,136,1.4967105263157894
6900,321,10,0,37.574
6900,322,3,0,58.376666666666665
6900,325,15,11,3.9646666666666666
6900,326,50,44,1.8564
6900,329,43,40,1.2153488372093022
6900,10639,0,0,
6900,10681,1,0,44.61
6900,10682,1,0,7.05
6900,10643,1,0,101.61
6900,10646,3,0,42.076666666666675
6930,2,86,0,115.86220930232562
6930,40,14,0,81.04285714285713
6930,66,9,2,32.169999999999995
6930,68,6,0,38.35333333333333
6930,69,9,0,42.44000000000001
6930,70,2,0,77.945
6930,71,6,5,5.745
6930,121,10,1,35.813
6930,123,18,0,87.01166666666667
6930,127,129,105,3.938449612403101
6930,321,0,0,
6930,322,0,0,
6930,325,13,3,14.711538461538463
6930,326,55,53,0.28709090909090906
6930,329,41,38,1.286341463414634
6930,10639,0,0,
6930,10681,3,0,82.49333333333334
6930,10682,3,0,72.58
6930,10643,0,0,
6930,10646,7,0,50.1
6960,2,97,0,117.77494845360825
6960,40,14,5,34.11571428571428
6960,66,10,2,32.888999999999996
6960,68,2,0,29.43
6960,69,12,0,41.627500000000005
6960,70,3,0,43.56
6960,71,1,0,61.26
6960,121,9,0,18.212222222222223
6960,123,24,0,96.94833333333334
6960,127,115,80,6.138086956521737
6960,321,0,0,
6960,322,0,0,
6960,325,16,16,0.0
6960,326,54,50,0.3433333333333333
6960,329,36,29,2.743611111111111
6960,10639,1,0,43.58
6960,10681,0,0,
6960,10682,3,0,38.06
6960,10643,0,0,
6960,10646,6,0,41.66166666666667
6990,2,102,0,115.22441176470595
6990,40,13,7,21.91
6990,66,11,2,34.592727272727274
6990,68,0,0,
6990,69,16,0,40.173125000000006
6990,70,8,0,40.52
6990,71,2,0,9.445
6990,121,4,0,41.147499999999994
6990,123,24,0,104.54791666666667
6990,127,117,72,7.706153846153844
6990,321,0,0,
6990,322,0,0,
6990,325,15,15,0.0
6990,326,53,50,0.33264150943396226
6990,329,34,25,2.9102941176470587
6990,10639,0,0,
6990,10681,2,0,73.27
6990,10682,7,0,60.63428571428572
6990,10643,1,0,142.91
6990,10646,5,0,76.876
7020,2,95,0,115.05673684210524
7020,40,10,8,4.662999999999999
7020,66,7,0,41.037142857142854
7020,68,2,0,43.185
7020,69,18,0,39.79499999999999
7020,70,2,0,54.01
7020,71,7,5,5.774285714285715
7020,121,4,0,51.6425
7020,123,21,0,100.56380952380952
7020,127,119,103,2.4099159663865546
7020,321,0,0,
7020,322,1,0,30.42
7020,325,17,15,1.141764705882353
7020,326,44,35,2.7775
7020,329,42,42,0.0
7020,10639,0,0,
7020,10681,0,0,
7020,10682,1,0,102.19
7020,10643,2,0,111.705
7020,10646,3,0,31.05
7050,2,90,0,117.76777777777777
7050,40,3,0,38.28
7050,66,10,0,40.784000000000006
7050,68,0,0,
7050,69,17,0,39.68529411764706
7050,70,0,0,
7050,71,18,13,3.0005555555555556
7050,121,1,0,41.41
7050,123,19,0,110.03894736842106
7050,127,128,120,2.540234375
7050,321,1,0,40.44
7050,322,4,0,47.455
7050,325,17,17,0.0
7050,326,47,40,1.9195744680851063
7050,329,41,40,0.1902439024390244
7050,10639,1,0,40.89
7050,10681,0,0,
7050,10682,2,0,108.955
7050,10643,0,0,
7050,10646,2,0,42.225
7080,2,79,0,116.62253164556965
7080,40,10,1,78.30900000000001
7080,66,10,1,35.270999999999994
7080,68,5,0,38.214
7080,69,19,0,39.10631578947369
7080,70,1,0,39.06
7080,71,8,8,0.0
7080,121,7,0,39.40571428571429
7080,123,22,0,102.67863636363636
7080,127,105,86,6.4264761904761905
7080,321,0,0,
7080,322,1,0,41.02
7080,325,11,5,12.48181818181818
7080,326,56,52,1.7012500000000002
7080,329,39,38,0.2630769230769231
7080,10639,0,0,
7080,10681,1,0,40.2
7080,10682,2,0,116.675
7080,10643,0,0,
7080,10646,5,0,72.362
7110,2,69,0,118.84086956521732
7110,40,9,4,27.415555555555557
7110,66,14,2,34.50285714285714
7110,68,1,0,72.06
7110,69,13,0,42.44384615384615
7110,70,3,0,61.81666666666666
7110,71,2,0,31.2
7110,121,2,0,83.26499999999999
7110,123,23,0,105.4117391304348
7110,127,93,52,9.367311827956986
7110,321,0,0,
7110,322,0,0,
7110,325,14,14,0.0
7110,326,54,53,0.046296296296296294
7110,329,37,31,2.5527027027027027
7110,10639,0,0,
7110,10681,0,0,
7110,10682,3,0,112.76333333333334
7110,10643,2,0,106.83
7110,10646,10,0,43.552
7140,2,64,0,117.55734374999999
7140,40,9,5,18.744444444444444
7140,66,19,4,31.41052631578948
7140,68,0,0,
7140,69,12,0,42.931666666666665
7140,70,0,0,
7140,71,7,4,13.278571428571427
7140,121,1,0,151.2
7140,123,20,0,99.03650000000002
7140,127,90,47,8.036111111111113
7140,321,0,0,
7140,322,0,0,
7140,325,14,14,0.0
7140,326,51,47,0.7637254901960785
7140,329,35,25,2.6091428571428574
7140,10639,0,0,
7140,10681,0,0,
7140,10682,2,0,112.66
7140,10643,2,0,124.235
7140,10646,0,0,
7170,2,76,0,119.1921052631579
7170,40,11,6,28.577272727272728
7170,66,21,0,40.809999999999995
7170,68,2,0,40.845
7170,69,12,0,42.01500000000001
7170,70,3,0,57.65
7170,71,9,8,0.48777777777777775
7170,121,1,0,39.77
7170,123,18,0,102.01777777777778
7170,127,95,85,2.429894736842105
7170,321,1,0,33.94
7170,322,1,0,32.34
7170,325,15,14,0.12400000000000001
7170,326,45,34,3.0388888888888888
7170,329,42,42,0.0
7170,10639,1,0,42.19
7170,10681,1,0,44.35
7170,10682,0,0,
7170,10643,0,0,
7170,10646,0,0,
7200,2,78,0,111.84128205128208
7200,40,2,0,66.06
7200,66,20,0,40.7555
7200,68,1,0,39.42
7200,69,12,0,43.00083333333333
7200,70,1,0,117.19
7200,71,16,14,2.949375
7200,121,1,0,89.11
7200,123,16,0,100.19
7200,127,102,95,6.027058823529412
7200,321,8,0,38.45875
7200,322,4,0,44.7475
7200,325,15,15,0.034
7200,326,52,45,2.0653846153846156
7200,329,41,40,0.2329268292682927
7200,10639,0,0,
7200,10681,0,0,
7200,10682,0,0,
7200,10643,0,0,
7200,10646,2,0,38.21
7230,2,74,0,112.29554054054056
7230,40,9,2,74.68777777777778
7230,66,21,2,36.73571428571428
7230,68,6,0,41.48833333333334
7230,69,13,0,40.315384615384616
7230,70,0,0,
7230,71,7,6,10.442857142857141
7230,121,5,0,49.612
7230,123,16,0,99.268125
7230,127,79,57,8.221392405063291
7230,321,0,0,
7230,322,1,1,0.0
7230,325,12,5,12.586666666666666
7230,326,58,54,1.658793103448276
7230,329,38,36,0.3526315789473684
7230,10639,0,0,
7230,10681,3,0,46.78666666666667
7230,10682,0,0,
7230,10643,0,0,
7230,10646,3,0,77.17333333333333
7260,2,84,0,112.37440476190477
7260,40,9,5,29.290000000000003
7260,66,21,2,34.02190476190476
7260,68,0,0,
7260,69,11,0,41.11181818181818
7260,70,1,0,40.12
7260,71,2,0,42.535000000000004
7260,121,2,0,62.125
7260,123,23,0,109.39739130434783
7260,127,62,27,10.800322580645163
7260,321,0,0,
7260,322,0,0,
7260,325,15,15,0.0
7260,326,56,53,0.2666071428571429
7260,329,34,27,2.296470588235294
7260,10639,0,0,
7260,10681,0,0,
7260,10682,2,0,97.03
7260,10643,1,0,113.1
7260,10646,8,0,44.03124999999999
7290,2,73,0,114.32767123287671
7290,40,7,7,0.0
7290,66,23,4,32.23608695652174
7290,68,0,0,
7290,69,14,0,40.635714285714286
7290,70,0,0,
7290,71,8,7,3.765
7290,121,1,0,143.8
7290,123,16,0,107.01624999999999
7290,127,65,46,11.415692307692307
7290,321,0,0,
7290,322,0,0,
7290,325,16,15,2.789375
7290,326,54,50,0.6703703703703703
7290,329,34,23,2.9170588235294126
7290,10639,0,0,
7290,10681,0,0,
7290,10682,1,0,110.37
7290,10643,2,0,99.97
7290,10646,0,0,
7320,2,73,0,117.79726027397258
7320,40,6,5,2.08
7320,66,21,0,37.516666666666666
7320,68,3,0,41.61666666666667
7320,69,11,0,41.61272727272728
7320,70,8,0,40.3325
7320,71,12,11,0.3425
7320,121,2,0,75.16499999999999
7320,123,15,0,112.77466666666666
7320,127,71,67,0.32014084507042256
7320,321,0,0,
7320,322,1,0,30.13
7320,325,18,16,2.752222222222222
7320,326,46,36,2.562826086956522
7320,329,41,40,1.0346341463414634
7320,10639,0,0,
7320,10681,1,0,43.5
7320,10682,5,0,113.758
7320,10643,0,0,
7320,10646,0,0,
7350,2,78,0,117.03166666666664
7350,40,2,0,97.14
7350,66,16,1,38.0675
7350,68,2,0,30.409999999999997
7350,69,17,0,40.20294117647059
7350,70,1,0,114.34
7350,71,21,16,8.10142857142857
7350,121,4,0,59.629999999999995
7350,123,20,0,111.97999999999999
7350,127,89,74,12.216741573033708
7350,321,9,1,29.558888888888887
7350,322,3,0,41.06666666666667
7350,325,17,17,0.0
7350,326,49,40,1.78
7350,329,40,35,1.2425000000000002
7350,10639,0,0,
7350,10681,0,0,
7350,10682,0,0,
7350,10643,1,0,110.11
7350,10646,2,0,42.85
7380,2,74,0,115.08824324324326
7380,40,8,0,93.4
7380,66,18,4,30.032222222222224
7380,68,3,0,36.833333333333336
7380,69,15,0,40.90933333333332
7380,70,1,0,42.25
7380,71,5,5,0.10800000000000001
7380,121,17,0,41.44823529411764
7380,123,18,0,112.75833333333334
7380,127,70,48,11.523714285714288
7380,321,0,0,
7380,322,8,8,0.0
7380,325,13,5,11.183076923076923
7380,326,56,51,1.8426785714285714
7380,329,38,35,0.3828947368421053
7380,10639,1,0,40.98
7380,10681,5,0,56.40999999999999
7380,10682,1,0,105.28
7380,10643,0,0,
7380,10646,0,0,
7410,2,81,0,114.2861728395062
7410,40,7,4,27.927142857142858
7410,66,20,7,25.6775
7410,68,0,0,
7410,69,15,0,40.894
7410,70,3,0,65.86999999999999
7410,71,1,0,50.01
7410,121,7,1,25.16142857142857
7410,123,18,0,79.2811111111111
7410,127,53,22,12.180377358490567
7410,321,0,0,
7410,322,2,0,21.275
7410,325,17,16,0.11352941176470588
7410,326,54,50,0.48037037037037034
7410,329,37,32,3.6916216216216218
7410,10639,0,0,
7410,10681,0,0,
7410,10682,4,0,7.8825
7410,10643,0,0,
7410,10646,10,0,48.911
7440,2,83,0,115.52530120481929
7440,40,7,5,12.954285714285716
7440,66,23,6,28.47652173913043
7440,68,0,0,
7440,69,15,0,40.398
7440,70,4,0,88.435
7440,71,5,2,20.378
7440,121,2,0,118.75
7440,123,22,0,82.92863636363636
7440,127,56,37,9.646071428571428
7440,321,0,0,
7440,322,1,1,0.0
7440,325,17,17,0.0
7440,326,52,48,0.7321153846153846
7440,329,33,23,2.4927272727272727
7440,10639,0,0,
7440,10681,0,0,
7440,10682,3,0,129.55666666666664
7440,10643,1,0,120.17
7440,10646,4,0,48.942499999999995
7470,2,78,0,116.8785897435898
7470,40,6,4,8.736666666666666
7470,66,17,0,40.62117647058824
7470,68,4,0,41.222500000000004
7470,69,17,0,39.98058823529412
7470,70,1,0,73.81
7470,71,13,11,6.68076923076923
7470,121,2,0,40.945
7470,123,31,0,93.50967741935484
7470,127,64,58,5.249375000000001
7470,321,0,0,
7470,322,2,2,0.1
7470,325,20,17,6.4355
7470,326,42,34,3.110952380952381
7470,329,41,41,0.0
7470,10639,0,0,
7470,10681,0,0,
7470,10682,1,0,128.87
7470,10643,1,0,131.74
7470,10646,0,0,
7500,2,70,0,118.81785714285712
7500,40,1,0,44.71
7500,66,21,0,40.86
7500,68,0,0,
7500,69,16,0,40.321875
7500,70,1,0,41.1
7500,71,19,18,1.8873684210526316
7500,121,3,0,49.31333333333333
7500,123,25,0,96.1548
7500,127,70,64,7.099285714285714
7500,321,4,0,37.265
7500,322,5,2,24.726
7500,325,17,17,0.0
7500,326,45,39,1.6735555555555552
7500,329,43,38,2.485116279069768
7500,10639,0,0,
7500,10681,0,0,
7500,10682,1,0,93.65
7500,10643,3,0,106.04
7500,10646,4,0,42.199999999999996
7530,2,66,0,119.89196969696967
7530,40,9,1,83.43333333333332
7530,66,23,2,37.089130434782604
7530,68,5,0,31.919999999999998
7530,69,16,0,41.55125
7530,70,1,0,119.52
7530,71,8,8,0.0
7530,121,2,0,78.175
7530,123,24,0,104.03625000000001
7530,127,51,23,24.20901960784314
7530,321,0,0,
7530,322,6,6,0.0
7530,325,10,4,10.152
7530,326,54,46,2.6018518518518516
7530,329,38,33,0.7205263157894737
7530,10639,1,0,41.86
7530,10681,0,0,
7530,10682,3,0,122.50333333333333
7530,10643,2,0,119.41
7530,10646,7,0,47.32428571428572
7560,2,81,0,117.20333333333338
7560,40,9,5,17.554444444444446
7560,66,27,4,34.474074074074075
7560,68,0,0,
7560,69,18,0,42.34333333333334
7560,70,4,0,41.3675
7560,71,0,0,
7560,121,2,0,76.57
7560,123,23,0,106.89043478260868
7560,127,38,15,12.058684210526316
7560,321,0,0,
7560,322,1,0,29.32
7560,325,18,17,0.14833333333333332
7560,326,49,46,0.11714285714285715
7560,329,38,31,3.621315789473684
7560,10639,0,0,
7560,10681,1,0,43.24
7560,10682,4,0,100.42749999999998
7560,10643,1,0,127.08
7560,10646,5,0,42.464
7590,2,67,0,117.57507462686567
7590,40,10,6,16.662
7590,66,28,3,35.95285714285714
7590,68,0,0,
7590,69,19,0,42.95368421052632
7590,70,0,0,
7590,71,5,2,24.044
7590,121,2,0,108.38
7590,123,17,0,104.4994117647059
7590,127,40,28,14.272249999999996
7590,321,2,0,36.36
7590,322,0,0,
7590,325,18,18,0.0
7590,326,47,41,0.9838297872340426
7590,329,37,28,2.1889189189189193
7590,10639,0,0,
7590,10681,0,0,
7590,10682,1,0,128.92
7590,10643,3,0,99.96666666666668
7590,10646,0,0,
7620,2,66,0,119.57621212121215
7620,40,9,5,14.212222222222222
7620,66,26,0,40.06884615384615
7620,68,3,0,40.589999999999996
7620,69,20,0,41.072500000000005
7620,70,4,0,46.667500000000004
7620,71,14,12,5.242142857142857
7620,121,2,0,43.315
7620,123,19,0,111.33473684210527
7620,127,45,43,2.7375555555555553
7620,321,0,0,
7620,322,4,3,11.115
7620,325,19,18,2.281578947368421
7620,326,39,29,3.21923076923077
7620,329,43,41,0.3413953488372093
7620,10639,0,0,
7620,10681,0,0,
7620,10682,4,0,118.75
7620,10643,1,0,86.66
7620,10646,0,0,
7650,2,67,0,118.83626865671647
7650,40,5,0,68.044
7650,66,24,1,37.754166666666656
7650,68,0,0,
7650,69,19,0,40.91368421052631
7650,70,2,0,39.8
7650,71,19,18,0.7468421052631579
7650,121,4,0,42.9825
7650,123,18,0,112.3861111111111
7650,127,52,47,7.052884615384615
7650,321,5,0,36.816
7650,322,6,3,21.261666666666667
7650,325,15,13,1.7826666666666668
7650,326,45,42,1.3484444444444443
7650,329,45,42,0.7515555555555555
7650,10639,0,0,
7650,10681,0,0,
7650,10682,1,0,91.91
7650,10643,1,0,113.48
7650,10646,3,0,40.673333333333325
7680,2,55,0,114.95963636363639
7680,40,10,2,56.10300000000001
7680,66,27,1,34.40518518518519
7680,68,6,0,44.11166666666667
7680,69,15,0,41.559333333333335
7680,70,0,0,
7680,71,11,11,0.0
7680,121,5,0,59.15
7680,123,17,0,104.57411764705883
7680,127,27,13,27.016666666666666
7680,321,0,0,
7680,322,8,8,0.0
7680,325,11,5,8.702727272727273
7680,326,46,43,1.1582608695652175
7680,329,37,33,0.4337837837837838
7680,10639,2,0,41.36
7680,10681,1,0,71.24
7680,10682,2,0,130.35
7680,10643,0,0,
7680,10646,6,0,67.97500000000001
7710,2,61,0,112.88032786885246
7710,40,10,6,17.506999999999998
7710,66,27,5,29.577777777777776
7710,68,0,0,
7710,69,14,0,41.31785714285714
7710,70,2,0,81.72
7710,71,1,0,40.1
7710,121,4,0,40.662499999999994
7710,123,18,0,91.6888888888889
7710,127,15,6,38.975333333333325
7710,321,0,0,
7710,322,0,0,
7710,325,19,19,0.0
7710,326,46,44,0.25956521739130434
7710,329,33,28,2.0778787878787877
7710,10639,0,0,
7710,10681,0,0,
7710,10682,4,0,64.715
7710,10643,1,0,108.76
7710,10646,7,0,41.7
7740,2,60,0,114.31916666666669
7740,40,9,8,4.901111111111111
7740,66,28,8,27.69214285714285
7740,68,0,0,
7740,69,15,0,40.64333333333334
7740,70,0,0,
7740,71,3,1,27.76666666666667
7740,121,1,0,106.6
7740,123,19,0,85.0
7740,127,13,8,16.572307692307692
7740,321,0,0,
7740,322,1,0,44.68
7740,325,19,19,0.0
7740,326,44,41,0.47136363636363643
7740,329,31,22,3.8419354838709676
7740,10639,1,0,44.15
7740,10681,0,0,
7740,10682,1,0,120.75
7740,10643,0,0,
7740,10646,2,0,56.155
7770,2,66,0,115.86575757575756
7770,40,8,7,1.575
7770,66,18,0,38.52166666666667
7770,68,6,0,36.05833333333333
7770,69,15,0,40.126666666666665
7770,70,5,0,41.752
7770,71,5,5,0.13799999999999998
7770,121,0,0,
7770,123,27,0,98.56
7770,127,15,13,8.348
7770,321,1,0,41.46
7770,322,2,1,0.575
7770,325,20,19,2.1665
7770,326,35,24,4.961428571428572
7770,329,40,40,0.0
7770,10639,0,0,
7770,10681,0,0,
7770,10682,0,0,
7770,10643,1,0,120.61
7770,10646,0,0,
7800,2,62,0,116.2385483870968
7800,40,1,0,46.68
7800,66,17,0,37.715882352941165
7800,68,0,0,
7800,69,13,0,41.76461538461538
7800,70,1,0,43.99
7800,71,10,6,6.372999999999999
7800,121,6,0,45.348333333333336
7800,123,20,0,102.63550000000001
7800,127,21,16,20.3452380952381
7800,321,3,0,33.07666666666666
7800,322,9,4,21.053333333333327
7800,325,17,16,0.5294117647058824
7800,326,39,36,0.6210256410256411
7800,329,40,36,1.367
7800,10639,0,0,
7800,10681,3,0,35.516666666666666
7800,10682,1,0,73.61
7800,10643,1,0,84.63
7800,10646,2,0,42.165
7830,2,52,0,110.83999999999995
7830,40,9,0,69.18333333333334
7830,66,18,4,30.49277777777777
7830,68,1,0,22.65
7830,69,13,0,41.33923076923077
7830,70,1,0,125.2
7830,71,9,7,10.685555555555556
7830,121,13,0,51.489999999999995
7830,123,23,0,106.82130434782609
7830,127,7,1,88.20142857142856
7830,321,0,0,
7830,322,10,10,0.0
7830,325,14,9,7.951428571428572
7830,326,41,38,1.8309756097560974
7830,329,38,36,0.47368421052631576
7830,10639,1,0,43.32
7830,10681,3,0,57.379999999999995
7830,10682,2,0,113.51
7830,10643,2,0,106.535
7830,10646,4,0,49.807500000000005
7860,2,63,0,110.72507936507935
7860,40,11,1,43.308181818181815
7860,66,18,6,26.36888888888889
7860,68,0,0,
7860,69,14,0,39.29571428571428
7860,70,2,0,43.085
7860,71,4,1,5.737500000000001
7860,121,7,0,43.18571428571429
7860,123,23,0,99.30521739130435
7860,127,2,0,115.32
7860,321,0,0,
7860,322,4,0,18.759999999999998
7860,325,20,20,0.0
7860,326,40,38,0.9615
7860,329,35,26,1.7097142857142855
7860,10639,0,0,
7860,10681,0,0,
7860,10682,2,0,84.91
7860,10643,0,0,
7860,10646,6,0,33.80833333333333
7890,2,78,0,113.14794871794871
7890,40,10,5,20.46
7890,66,19,7,24.16157894736842
7890,68,3,0,38.24666666666667
7890,69,13,0,40.75538461538462
7890,70,1,0,41.5
7890,71,6,4,12.536666666666667
7890,121,0,0,
7890,123,23,0,104.59434782608696
7890,127,11,2,46.099090909090904
7890,321,0,0,
7890,322,3,3,0.0
7890,325,20,20,0.0
7890,326,36,34,0.9547222222222221
7890,329,35,28,1.9108571428571424
7890,10639,1,0,44.0
7890,10681,0,0,
7890,10682,3,0,115.82333333333334
7890,10643,1,0,112.35
7890,10646,6,0,43.31
7920,2,74,0,117.16567567567567
7920,40,8,3,17.4325
7920,66,10,0,39.397999999999996
7920,68,5,0,41.342
7920,69,13,0,40.59076923076923
7920,70,2,0,53.635000000000005
7920,71,12,11,2.276666666666667
7920,121,4,0,59.21000000000001
7920,123,19,0,110.55947368421053
7920,127,21,16,11.659047619047618
7920,321,0,0,
7920,322,5,5,0.0
7920,325,21,20,1.8842857142857143
7920,326,30,18,4.601
7920,329,39,39,0.0
7920,10639,1,0,41.6
7920,10681,0,0,
7920,10682,6,0,53.34833333333333
7920,10643,1,0,117.15
7920,10646,1,0,40.63
7950,2,91,0,112.53956043956049
7950,40,2,0,82.945
7950,66,11,0,39.908181818181816
7950,68,0,0,
7950,69,17,0,41.27823529411765
7950,70,1,0,32.07
7950,71,18,14,5.300555555555556
7950,121,4,0,58.3125
7950,123,22,0,98.07181818181817
7950,127,28,23,11.9125
7950,321,5,0,35.327999999999996
7950,322,8,6,10.63875
7950,325,18,15,8.481666666666666
7950,326,36,35,0.07333333333333333
7950,329,39,35,1.4176923076923076
7950,10639,1,0,32.64
7950,10681,2,0,40.370000000000005
7950,10682,4,0,94.70249999999999
7950,10643,0,0,
7950,10646,4,0,40.82
7980,2,93,0,109.31193548387095
7980,40,7,2,62.861428571428576
7980,66,14,3,31.987142857142857
7980,68,4,0,33.2325
7980,69,16,0,40.526250000000005
7980,70,0,0,
7980,71,10,9,2.851
7980,121,5,0,46.912
7980,123,19,0,106.00105263157893
7980,127,14,2,55.07857142857143
7980,321,0,0,
7980,322,11,11,0.0
7980,325,14,8,7.741428571428571
7980,326,35,33,1.2414285714285715
7980,329,36,32,0.3527777777777778
7980,10639,0,0,
7980,10681,0,0,
7980,10682,2,0,51.975
7980,10643,0,0,
7980,10646,5,0,116.072
8010,2,89,0,114.32595505617975
8010,40,8,5,17.28
8010,66,15,6,24.534
8010,68,0,0,
8010,69,15,0,41.03466666666667
8010,70,3,0,40.25666666666667
8010,71,3,0,26.25
8010,121,1,0,96.27
8010,123,19,0,97.13315789473683
8010,127,12,3,40.79166666666667
8010,321,0,0,
8010,322,6,1,13.146666666666667
8010,325,20,19,1.324
8010,326,36,34,3.2583333333333333
8010,329,34,27,3.7214705882352943
8010,10639,1,0,42.59
8010,10681,0,0,
8010,10682,5,0,107.16600000000001
8010,10643,0,0,
8010,10646,7,0,49.220000000000006
8040,2,90,0,114.8435555555556
8040,40,8,5,16.63375
8040,66,15,5,27.13866666666667
8040,68,0,0,
8040,69,17,0,39.91823529411766
8040,70,1,0,113.14
8040,71,6,4,7.675
8040,121,2,0,42.09
8040,123,30,0,105.93599999999998
8040,127,21,10,25.797142857142862
8040,321,0,0,
8040,322,6,6,0.0
8040,325,19,19,0.0
8040,326,30,27,1.875
8040,329,32,25,3.16375
8040,10639,1,0,40.98
8040,10681,1,0,42.83
8040,10682,0,0,
8040,10643,4,0,108.49
8040,10646,0,0,
8070,2,85,0,114.79682352941171
8070,40,7,5,8.295714285714286
8070,66,11,0,39.71818181818182
8070,68,3,0,40.21333333333333
8070,69,17,0,43.778235294117636
8070,70,0,0,
8070,71,18,17,1.97
8070,121,4,0,75.05
8070,123,19,0,95.40105263157893
8070,127,33,22,24.038484848484853
8070,321,0,0,
8070,322,7,6,0.3085714285714286
8070,325,20,19,2.27
8070,326,23,11,7.781739130434784
8070,329,38,36,0.5213157894736842
8070,10639,0,0,
8070,10681,0,0,
8070,10682,3,0,94.59666666666665
8070,10643,2,0,96.06
8070,10646,2,0,43.129999999999995
8100,2,79,0,113.93354430379745
8100,40,1,0,11.31
8100,66,12,0,40.205833333333324
8100,68,0,0,
8100,69,14,0,41.36000000000001
8100,70,2,0,58.06
8100,71,22,22,0.0
8100,121,2,0,41.585
8100,123,23,0,102.25260869565219
8100,127,42,34,11.589761904761904
8100,321,9,0,37.25333333333334
8100,322,11,7,12.229090909090907
8100,325,14,11,4.528571428571428
8100,326,32,28,1.4415624999999999
8100,329,38,35,0.3436842105263158
8100,10639,0,0,
8100,10681,1,0,43.16
8100,10682,1,0,109.52
8100,10643,1,0,127.73
8100,10646,2,0,43.584999999999994
8130,2,81,0,113.97148148148146
8130,40,6,1,77.645
8130,66,13,4,30.00384615384616
8130,68,7,0,37.75714285714286
8130,69,17,0,41.974705882352936
8130,70,0,0,
8130,71,12,11,8.996666666666666
8130,121,6,0,55.370000000000005
8130,123,21,0,97.26571428571431
8130,127,21,3,36.73095238095239
8130,321,0,0,
8130,322,16,14,1.193125
8130,325,11,3,16.155454545454546
8130,326,37,35,2.2737837837837835
8130,329,35,33,0.24742857142857144
8130,10639,3,0,42.406666666666666
8130,10681,2,0,46.95
8130,10682,0,0,
8130,10643,0,0,
8130,10646,6,0,69.93833333333333
8160,2,71,0,112.89140845070426
8160,40,7,3,33.355714285714285
8160,66,14,4,30.467142857142857
8160,68,1,0,32.7
8160,69,15,0,40.354
8160,70,3,0,42.306666666666665
8160,71,2,0,21.68
8160,121,14,1,22.699285714285715
8160,123,23,0,84.64521739130436
8160,127,17,6,44.62941176470588
8160,321,0,0,
8160,322,4,0,26.22
8160,325,18,18,0.04777777777777778
8160,326,35,31,1.7422857142857144
8160,329,32,25,3.0387500000000003
8160,10639,0,0,
8160,10681,0,0,
8160,10682,3,0,54.81666666666666
8160,10643,1,0,94.23
8160,10646,5,0,42.312
8190,2,63,0,113.61888888888888
8190,40,9,5,18.83888888888889
8190,66,14,4,30.199285714285715
8190,68,0,0,
8190,69,14,0,39.05785714285714
8190,70,0,0,
8190,71,6,1,39.27666666666667
8190,121,4,0,52.552499999999995
8190,123,26,0,95.94307692307692
8190,127,16,14,8.288125
8190,321,0,0,
8190,322,4,4,0.0
8190,325,18,18,0.0
8190,326,30,27,1.6303333333333332
8190,329,33,25,2.4051515151515153
8190,10639,0,0,
8190,10681,0,0,
8190,10682,3,0,76.44666666666667
8190,10643,1,0,85.95
8190,10646,8,0,53.588750000000005
8220,2,63,0,119.71079365079362
8220,40,8,3,20.256249999999998
8220,66,7,0,42.707142857142856
8220,68,6,0,40.596666666666664
8220,69,13,0,39.06076923076924
8220,70,3,0,40.25666666666667
8220,71,10,7,8.933
8220,121,0,0,
8220,123,22,0,93.98863636363636
8220,127,24,17,27.22583333333333
8220,321,0,0,
8220,322,7,7,0.0
8220,325,19,18,2.0857894736842106
8220,326,23,17,4.566521739130435
8220,329,37,34,0.40756756756756757
8220,10639,0,0,
8220,10681,0,0,
8220,10682,1,0,110.81
8220,10643,0,0,
8220,10646,0,0,
8250,2,66,0,119.47287878787876
8250,40,3,0,39.87
8250,66,6,0,42.6
8250,68,1,0,40.83
8250,69,12,0,37.7125
8250,70,0,0,
8250,71,13,10,7.261538461538462
8250,121,3,0,56.28333333333334
8250,123,19,0,90.36894736842105
8250,127,27,25,2.9744444444444444
8250,321,2,0,31.375
8250,322,8,7,5.19625
8250,325,16,14,1.715
8250,326,30,28,1.483
8250,329,38,36,1.256578947368421
8250,10639,1,0,44.73
8250,10681,0,0,
8250,10682,4,0,115.32749999999999
8250,10643,1,0,120.22
8250,10646,3,0,42.906666666666666
8280,2,69,0,119.55217391304346
8280,40,13,2,72.74461538461539
8280,66,7,0,38.544285714285714
8280,68,7,0,22.09
8280,69,12,0,38.373333333333335
8280,70,3,0,85.54
8280,71,11,9,1.8809090909090906
8280,121,4,0,64.38499999999999
8280,123,20,0,104.48299999999999
8280,127,14,3,56.52071428571429
8280,321,0,0,
8280,322,10,10,0.0
8280,325,9,3,12.505555555555555
8280,326,32,32,0.0
8280,329,35,30,1.0642857142857143
8280,10639,0,0,
8280,10681,0,0,
8280,10682,0,0,
8280,10643,1,0,117.07
8280,10646,2,0,48.32
8310,2,65,0,116.77892307692308
8310,40,13,9,16.925384615384615
8310,66,10,2,34.458999999999996
8310,68,0,0,
8310,69,13,0,41.02384615384615
8310,70,2,0,43.144999999999996
8310,71,3,1,18.7
8310,121,8,0,30.242500000000003
8310,123,16,0,97.43624999999999
8310,127,4,2,41.5325
8310,321,0,0,
8310,322,2,0,26.54
8310,325,18,18,0.0
8310,326,31,30,0.2635483870967742
8310,329,32,27,3.940625
8310,10639,1,0,40.3
8310,10681,0,0,
8310,10682,6,0,77.77333333333333
8310,10643,1,0,122.27
8310,10646,4,0,37.332499999999996
8340,2,68,0,113.0470588235294
8340,40,12,10,7.448333333333333
8340,66,10,2,33.879999999999995
8340,68,1,0,35.83
8340,69,17,0,41.05294117647058
8340,70,2,0,76.94
8340,71,3,2,3.3000000000000003
8340,121,2,0,101.1
8340,123,24,0,106.045
8340,127,7,4,20.554285714285715
8340,321,0,0,
8340,322,1,1,0.0
8340,325,18,18,0.0
8340,326,25,22,2.1108000000000002
8340,329,31,22,4.847096774193548
8340,10639,0,0,
8340,10681,0,0,
8340,10682,4,0,73.33250000000001
8340,10643,1,0,82.95
8340,10646,8,0,33.753750000000004
8370,2,68,0,114.93073529411767
8370,40,9,8,1.2000000000000002
8370,66,8,0,40.83375
8370,68,0,0,
8370,69,16,0,41.445
8370,70,0,0,
8370,71,9,8,3.4844444444444442
8370,121,5,0,54.263999999999996
8370,123,31,0,110.1058064516129
8370,127,20,8,31.5325
8370,321,0,0,
8370,322,3,3,0.0
8370,325,19,18,2.504210526315789
8370,326,15,8,9.774000000000001
8370,329,38,38,0.0
8370,10639,0,0,
8370,10681,0,0,
8370,10682,2,0,75.425
8370,10643,1,0,124.38
8370,10646,1,0,33.61
8400,2,64,0,117.90671875
8400,40,5,0,62.145999999999994
8400,66,10,0,42.087999999999994
8400,68,0,0,
8400,69,15,0,42.24066666666666
8400,70,1,0,31.05
8400,71,12,12,0.0
8400,121,2,0,63.935
8400,123,23,0,109.74217391304344
8400,127,24,21,9.441249999999998
8400,321,1,0,33.51
8400,322,6,3,20.615
8400,325,14,12,2.205714285714286
8400,326,22,20,2.155
8400,329,38,37,0.923421052631579
8400,10639,0,0,
8400,10681,0,0,
8400,10682,1,0,116.24
8400,10643,0,0,
8400,10646,3,0,40.41
8430,2,67,0,117.33447761194033
8430,40,15,0,69.25866666666666
8430,66,12,0,41.91916666666666
8430,68,6,0,16.615
8430,69,13,0,41.96153846153846
8430,70,0,0,
8430,71,5,4,6.468000000000001
8430,121,4,0,49.4175
8430,123,19,0,113.06210526315789
8430,127,12,2,83.11083333333333
8430,321,0,0,
8430,322,6,6,0.0
8430,325,9,1,21.564444444444447
8430,326,29,28,1.420689655172414
8430,329,37,35,0.1813513513513514
8430,10639,0,0,
8430,10681,2,0,35.3
8430,10682,0,0,
8430,10643,0,0,
8430,10646,1,0,103.32
8460,2,74,0,115.29540540540543
8460,40,14,2,39.607142857142854
8460,66,15,0,39.03933333333334
8460,68,2,0,33.32
8460,69,10,0,41.275000000000006
8460,70,3,0,40.28333333333333
8460,71,1,0,63.22
8460,121,3,0,42.38999999999999
8460,123,18,0,108.39388888888888
8460,127,7,0,78.92714285714284
8460,321,0,0,
8460,322,0,0,
8460,325,15,15,0.0
8460,326,30,28,1.2493333333333334
8460,329,34,26,5.601764705882353
8460,10639,0,0,
8460,10681,0,0,
8460,10682,0,0,
8460,10643,0,0,
8460,10646,2,0,70.45
8490,2,73,0,116.1572602739726
8490,40,13,7,17.71923076923077
8490,66,16,1,38.018125
8490,68,4,0,38.5025
8490,69,9,0,39.791111111111114
8490,70,0,0,
8490,71,7,2,18.277142857142856
8490,121,3,0,49.336666666666666
8490,123,14,0,105.59214285714286
8490,127,13,8,13.021538461538459
8490,321,0,0,
8490,322,0,0,
8490,325,15,15,0.0
8490,326,24,21,3.004583333333333
8490,329,33,26,2.904848484848485
8490,10639,2,0,44.07
8490,10681,0,0,
8490,10682,2,0,107.235
8490,10643,1,0,80.37
8490,10646,2,0,40.495000000000005
8520,2,85,0,112.86470588235298
8520,40,13,11,2.1169230769230767
8520,66,14,0,40.27285714285714
8520,68,2,0,37.955
8520,69,8,0,40.25125
8520,70,1,0,46.77
8520,71,8,8,0.0
8520,121,5,0,41.638
8520,123,15,0,107.35533333333333
8520,127,29,14,42.05689655172414
8520,321,1,0,44.32
8520,322,0,0,
8520,325,18,16,1.8961111111111109
8520,326,13,5,11.88846153846154
8520,329,41,41,0.0
8520,10639,1,0,40.69
8520,10681,3,0,50.75333333333333
8520,10682,1,0,74.91
8520,10643,3,0,118.61666666666667
8520,10646,3,0,37.17
8550,2,90,0,111.6807777777777
8550,40,2,0,113.305
8550,66,14,0,39.98571428571429
8550,68,0,0,
8550,69,11,0,38.79090909090909
8550,70,2,0,55.415
8550,71,17,15,3.024117647058824
8550,121,5,0,61.72600000000001
8550,123,19,0,95.93263157894735
8550,127,36,34,2.122777777777778
8550,321,1,0,31.84
8550,322,3,0,47.11000000000001
8550,325,14,12,2.2664285714285715
8550,326,21,17,5.353809523809524
8550,329,40,38,0.32249999999999995
8550,10639,0,0,
8550,10681,4,0,40.135
8550,10682,3,0,96.98666666666666
8550,10643,0,0,
8550,10646,1,0,41.13
8580,2,89,0,109.34730337078648
8580,40,5,1,45.212
8580,66,17,0,40.01058823529412
8580,68,2,0,41.135
8580,69,12,0,40.63250000000001
8580,70,3,0,46.85666666666666
8580,71,7,7,0.0
8580,121,7,0,57.527142857142856
8580,123,31,0,106.29096774193549
8580,127,15,2,35.75333333333333
8580,321,0,0,
8580,322,4,4,0.0
8580,325,9,2,19.761111111111106
8580,326,25,25,0.0
8580,329,39,37,0.5133333333333333
8580,10639,0,0,
8580,10681,3,0,49.02333333333333
8580,10682,5,0,102.53200000000001
8580,10643,0,0,
8580,10646,3,0,58.06
8610,2,82,0,112.08378048780489
8610,40,5,2,38.572
8610,66,18,3,33.61388888888889
8610,68,0,0,
8610,69,14,0,41.22428571428571
8610,70,0,0,
8610,71,3,1,13.813333333333334
8610,121,0,0,
8610,123,27,0,92.98296296296297
8610,127,6,3,21.696666666666662
8610,321,0,0,
8610,322,0,0,
8610,325,14,14,0.0
8610,326,26,25,0.28115384615384614
8610,329,35,29,3.064
8610,10639,1,0,32.45
8610,10681,0,0,
8610,10682,2,0,119.56
8610,10643,2,0,110.5
8610,10646,4,0,45.5925
8640,2,82,0,109.76951219512198
8640,40,3,2,13.893333333333333
8640,66,21,6,29.16761904761905
8640,68,0,0,
8640,69,15,0,40.98799999999999
8640,70,2,0,42.425
8640,71,4,2,13.7875
8640,121,0,0,
8640,123,26,0,102.54923076923077
8640,127,15,7,27.24533333333333
8640,321,0,0,
8640,322,0,0,
8640,325,14,14,0.0
8640,326,24,23,0.7133333333333334
8640,329,30,24,2.8793333333333333
8640,10639,0,0,
8640,10681,0,0,
8640,10682,0,0,
8640,10643,1,0,116.14
8640,10646,0,0,
8670,2,68,0,117.3238235294117
8670,40,3,1,9.91
8670,66,16,0,41.339999999999996
8670,68,5,0,34.242
8670,69,13,0,40.53
8670,70,4,0,41.3925
8670,71,6,5,0.21833333333333335
8670,121,4,0,69.97999999999999
8670,123,19,0,110.12578947368421
8670,127,20,15,18.029
8670,321,0,0,
8670,322,0,0,
8670,325,18,14,7.031666666666666
8670,326,15,9,7.809333333333333
8670,329,38,36,0.4623684210526316
8670,10639,1,0,42.86
8670,10681,0,0,
8670,10682,4,0,83.035
8670,10643,3,0,109.80333333333334
8670,10646,0,0,
8700,2,75,0,115.43266666666665
8700,40,3,0,84.47333333333333
8700,66,16,0,41.833749999999995
8700,68,1,0,40.4
8700,69,12,0,39.935
8700,70,2,0,79.935
8700,71,13,12,3.2523076923076926
8700,121,5,0,39.998000000000005
8700,123,18,0,113.21555555555557
8700,127,33,21,18.05636363636364
8700,321,9,0,29.60444444444445
8700,322,2,0,42.795
8700,325,14,13,1.1464285714285716
8700,326,21,14,5.263333333333334
8700,329,39,37,1.2374358974358977
8700,10639,1,0,43.41
8700,10681,2,0,36.06
8700,10682,3,0,107.30333333333333
8700,10643,0,0,
8700,10646,3,0,42.93000000000001
8730,2,87,0,110.5659770114943
8730,40,9,1,79.93333333333334
8730,66,18,2,37.47777777777778
8730,68,4,0,35.71
8730,69,13,0,39.51538461538462
8730,70,1,0,39.76
8730,71,4,3,5.33
8730,121,9,0,56.221111111111114
8730,123,17,0,104.31764705882352
8730,127,15,4,41.46333333333333
8730,321,0,0,
8730,322,0,0,
8730,325,12,0,25.265833333333333
8730,326,27,26,1.5425925925925925
8730,329,39,37,1.858717948717949
8730,10639,1,0,30.91
8730,10681,3,0,93.69666666666667
8730,10682,6,0,65.93833333333333
8730,10643,2,0,118.905
8730,10646,6,0,43.223333333333336
8760,2,94,0,110.25702127659578
8760,40,8,4,13.91125
8760,66,20,2,38.402499999999996
8760,68,0,0,
8760,69,9,0,42.443333333333335
8760,70,4,0,42.9
8760,71,1,0,45.83
8760,121,8,0,37.84
8760,123,27,0,97.10777777777781
8760,127,12,5,25.86666666666667
8760,321,0,0,
8760,322,0,0,
8760,325,10,10,0.0
8760,326,30,26,1.9300000000000002
8760,329,35,26,3.5205714285714285
8760,10639,1,0,42.49
8760,10681,0,0,
8760,10682,3,0,74.99333333333334
8760,10643,0,0,
8760,10646,4,0,40.9875
8790,2,93,0,112.92032258064515
8790,40,9,5,15.177777777777777
8790,66,19,5,31.008421052631583
8790,68,0,0,
8790,69,9,0,40.31555555555556
8790,70,6,0,42.205000000000005
8790,71,5,3,8.956
8790,121,3,0,47.73666666666667
8790,123,26,0,97.2376923076923
8790,127,17,12,22.19058823529412
8790,321,0,0,
8790,322,0,0,
8790,325,11,10,3.928181818181818
8790,326,22,17,1.4086363636363635
8790,329,35,26,2.2319999999999998
8790,10639,1,0,44.55
8790,10681,0,0,
8790,10682,7,0,68.11571428571429
8790,10643,0,0,
8790,10646,5,0,36.364
8820,2,103,0,116.15029126213595
8820,40,4,0,35.0175
8820,66,15,0,42.37799999999999
8820,68,4,0,40.6575
8820,69,9,0,40.537777777777784
8820,70,2,0,40.0
8820,71,13,8,9.603076923076923
8820,121,2,0,43.885
8820,123,23,0,103.31739130434784
8820,127,23,17,22.87
8820,321,0,0,
8820,322,0,0,
8820,325,15,10,11.200666666666667
8820,326,19,9,5.005263157894737
8820,329,41,40,1.0117073170731707
8820,10639,0,0,
8820,10681,0,0,
8820,10682,0,0,
8820,10643,0,0,
8820,10646,1,0,42.3
8850,2,88,0,114.5001136363636
8850,40,4,0,87.28999999999999
8850,66,14,0,41.47785714285714
8850,68,0,0,
8850,69,10,0,39.879000000000005
8850,70,3,0,49.76666666666667
8850,71,14,13,1.6664285714285714
8850,121,5,0,50.956
8850,123,16,0,100.90312499999999
8850,127,13,6,26.901538461538458
8850,321,4,0,39.5075
8850,322,4,0,48.4525
8850,325,11,8,2.733636363636364
8850,326,25,22,0.2868
8850,329,41,37,1.6302439024390245
8850,10639,0,0,
8850,10681,1,0,41.99
8850,10682,1,0,114.69
8850,10643,0,0,
8850,10646,3,0,40.88666666666667
