link,d_total,d_after900,d_stop,ttt_nc,ttt_h0,length,lanes,is_conn
74,109.98611111111109,109.98611111111111,116.41388888888889,991.0652777777777,1101.0513888888888,2701.6,4,False
2,28.193055555555585,25.704166666666694,61.173611111111114,1032.5513888888888,1060.7444444444445,4691.6,4,False
52,12.379166666666666,12.331944444444444,10.530555555555555,28.275,40.65416666666667,468.5,4,False
10682,6.865277777777778,6.425,2.486111111111111,17.90972222222222,24.775,226.5,1,True
26,5.386111111111137,4.934722222222245,2.5583333333333336,1409.6305555555555,1415.0166666666667,10777.7,4,False
32,4.508333333333333,4.615277777777776,4.15,347.7527777777778,352.2611111111111,1963.4,3,False
1220016101,4.245833333333333,4.2652777777777775,3.4902777777777776,35.166666666666664,39.4125,527.6,3,False
69,3.4152777777777774,3.1152777777777776,-0.059722222222222225,69.70416666666667,73.11944444444444,1796.8,4,False
420,1.9499999999999997,2.4194444444444443,1.4819444444444445,29.21666666666667,31.166666666666668,718.3,3,False
117,1.7805555555555557,1.7805555555555557,1.590277777777778,40.55416666666667,42.33472222222222,386.0,4,False
10699,1.5625,1.5624999999999996,1.85,12.630555555555555,14.193055555555555,33.0,4,True
1220007200,1.2763888888888897,1.486111111111112,1.25,30.72083333333333,31.997222222222224,71.9,4,False
10639,1.1791666666666667,1.1805555555555554,1.0,3.2402777777777763,4.419444444444443,320.5,1,True
1220014201,1.0944444444444448,1.080555555555556,0.9000000000000001,86.19305555555556,87.2875,177.0,5,False
10644,1.051388888888889,0.9444444444444444,0.14305555555555555,22.91111111111111,23.9625,730.5,1,True
99,0.9958333333333342,1.0055555555555564,1.023611111111111,112.29722222222222,113.29305555555555,351.3,2,False
108,0.9388888888888889,0.8944444444444445,0.875,19.648611111111112,20.5875,486.2,4,False
10629,0.8208333333333332,0.7847222222222223,0.31805555555555554,1.9041666666666652,2.7249999999999983,70.8,3,True
310,0.7847222222222227,0.8333333333333337,0.6444444444444444,39.46111111111111,40.24583333333333,99.1,5,False
10491,0.7569444444444444,0.7597222222222221,1.15,23.163888888888888,23.920833333333334,231.1,1,True
425,0.6208333333333332,0.43333333333333335,0.4791666666666667,5.806944444444444,6.427777777777776,284.0,2,False
1220014100,0.5569444444444446,0.4833333333333333,0.44999999999999996,10.031944444444443,10.588888888888889,121.6,3,False
1220008402,0.4819444444444444,0.4138888888888888,0.3902777777777778,4.4416666666666655,4.92361111111111,47.7,5,False
1220024801,0.47083333333333355,0.47083333333333355,0.4527777777777778,23.416666666666664,23.8875,156.1,4,False
1210009700,0.44861111111111096,0.413888888888889,0.42083333333333334,3.0361111111111097,3.4847222222222207,180.3,1,False
29,0.44861111111111057,0.40833333333333277,0.15416666666666665,5.834722222222221,6.283333333333331,539.7,4,False
113,0.37916666666666676,0.37916666666666676,0.3416666666666667,5.837499999999999,6.216666666666666,250.6,3,False
30,0.37777777777777777,0.6680555555555553,0.1,22.843055555555555,23.220833333333335,532.0,4,False
1220042200,0.36111111111111116,0.3972222222222222,0.0,23.879166666666666,24.240277777777777,901.2,2,False
1220008302,0.3319444444444449,0.3208333333333338,0.27499999999999997,2.2194444444444423,2.551388888888887,168.3,2,False
10487,0.33055555555555544,0.3222222222222222,0.31527777777777777,3.180555555555554,3.5111111111111097,22.1,3,True
1220007101,0.32638888888888934,0.3333333333333337,0.17083333333333334,6.905555555555554,7.231944444444443,213.4,2,False
10514,0.31805555555555565,0.32083333333333347,0.32361111111111107,9.908333333333331,10.226388888888888,17.1,4,True
122,0.3069444444444446,0.3152777777777779,0.2777777777777778,4.234722222222221,4.541666666666665,124.8,5,False
1220019301,0.2875,0.2791666666666667,0.07638888888888888,5.0138888888888875,5.301388888888887,257.9,4,False
1220006803,0.25416666666666665,0.28055555555555556,0.01388888888888889,13.2,13.454166666666666,407.2,4,False
1220008703,0.2305555555555553,0.22777777777777752,0.19027777777777777,2.854166666666665,3.0847222222222204,151.8,2,False
10638,0.21250000000000008,0.16527777777777797,0.0041666666666666675,7.131944444444444,7.344444444444443,288.2,2,True
10660,0.2097222222222222,0.2166666666666666,0.18888888888888888,0.4736111111111095,0.6833333333333317,8.9,1,True
1220000201,0.20416666666666658,0.19722222222222235,0.2722222222222222,6.62361111111111,6.827777777777777,86.6,5,False
174,0.20277777777777742,0.12499999999999983,-0.001388888888888887,15.070833333333333,15.27361111111111,500.7,4,False
1220007401,0.19444444444444403,0.21111111111111075,0.19722222222222227,5.61111111111111,5.8055555555555545,147.8,2,False
1220021201,0.18888888888888955,0.18888888888888955,0.15833333333333333,18.805555555555554,18.994444444444444,69.3,5,False
1210021304,0.1888888888888888,0.14861111111111114,0.17500000000000002,15.504166666666666,15.693055555555555,134.3,5,False
1210012600,0.18749999999999994,0.18888888888888883,0.17777777777777776,4.591666666666666,4.779166666666666,131.9,4,False
104,0.18611111111111142,0.2638888888888891,0.2097222222222222,4.818055555555555,5.0041666666666655,119.7,4,False
1220011001,0.1805555555555549,0.08055555555555492,0.13888888888888892,9.497222222222222,9.677777777777777,394.7,2,False
10517,0.17499999999999988,0.1694444444444443,0.1416666666666667,13.288888888888888,13.463888888888889,22.5,4,True
1220012402,0.16666666666666663,0.16666666666666663,0.15138888888888888,7.804166666666665,7.970833333333332,16.7,4,False
1210008203,0.1638888888888894,0.1458333333333338,0.1361111111111111,4.054166666666665,4.218055555555554,43.4,2,False
1220006801,0.1569444444444446,0.17222222222222236,0.0,5.430555555555554,5.587499999999999,210.6,2,False
380,0.15555555555555586,0.14166666666666694,0.0,2.3111111111111096,2.4666666666666655,745.3,1,False
1210008401,0.14999999999999916,0.1819444444444437,0.16250000000000003,20.433333333333334,20.583333333333332,148.0,5,False
1210014303,0.14305555555555544,0.15416666666666656,0.09444444444444444,6.476388888888888,6.619444444444443,302.2,4,False
1220013700,0.14027777777777747,0.12916666666666649,0.06944444444444445,1.372222222222221,1.5124999999999984,221.9,2,False
1220012102,0.1375000000000002,0.14166666666666677,0.09027777777777778,1.5527777777777763,1.6902777777777764,85.5,2,False
1220008702,0.13194444444444461,0.12222222222222241,0.03888888888888889,2.2888888888888874,2.420833333333332,171.1,2,False
1220011101,0.12916666666666676,0.1250000000000001,5.204170427930421e-18,6.049999999999999,6.179166666666665,390.2,2,False
359,0.12777777777777755,0.09999999999999995,0.03888888888888889,2.0263888888888877,2.154166666666665,119.6,2,False
1220016001,0.12499999999999988,0.09722222222222207,0.13055555555555556,1.7347222222222207,1.8597222222222205,11.1,5,False
115,0.12361111111111103,0.12916666666666674,0.002777777777777778,9.190277777777776,9.313888888888888,382.4,4,False
1220019303,0.12083333333333267,0.12916666666666596,0.05416666666666668,5.718055555555555,5.838888888888888,56.8,3,False
353,0.11805555555555557,0.10277777777777766,0.0,1.4569444444444428,1.5749999999999984,138.4,2,False
87,0.11805555555555548,0.1458333333333333,0.09166666666666669,6.413888888888888,6.531944444444443,64.3,4,False
1220000402,0.11388888888888876,0.07083333333333322,0.0,10.733333333333333,10.847222222222221,509.7,4,False
295,0.1111111111111109,0.1069444444444443,0.06111111111111111,2.193055555555554,2.304166666666665,103.7,4,False
271,0.10416666666666671,0.09861111111111111,0.048611111111111105,3.206944444444443,3.3111111111111096,132.8,4,False
10343,0.1041666666666664,0.10555555555555529,0.10416666666666666,0.7152777777777762,0.8194444444444426,6.4,2,True
10625,0.10138888888888921,0.10277777777777809,0.06388888888888888,0.2791666666666648,0.380555555555554,38.9,1,True
118,0.10138888888888906,0.07777777777777786,0.10833333333333334,5.627777777777776,5.729166666666665,38.4,5,False
421,0.0888888888888891,0.08888888888888911,0.0,1.1472222222222208,1.2361111111111098,180.8,2,False
354,0.08888888888888902,0.07777777777777793,0.11666666666666667,3.3236111111111093,3.4124999999999983,130.9,2,False
107,0.08750000000000012,0.02638888888888892,0.06944444444444446,10.202777777777776,10.290277777777776,484.8,4,False
1220018501,0.08750000000000008,0.0902777777777779,0.001388888888888889,3.8749999999999982,3.9624999999999986,182.9,4,False
1220021904,0.0819444444444447,0.065277777777778,0.02361111111111111,0.8611111111111094,0.9430555555555541,17.7,4,False
1210012101,0.08194444444444436,0.05694444444444438,-0.011111111111111117,3.345833333333332,3.4277777777777763,409.6,2,False
10479,0.08194444444444415,0.08055555555555534,0.0,4.045833333333332,4.127777777777776,257.6,1,True
417,0.08055555555555562,0.0888888888888889,0.0,1.154166666666665,1.2347222222222207,171.9,2,False
1220007501,0.07916666666666665,0.08194444444444435,0.059722222222222225,7.833333333333332,7.912499999999999,147.8,2,False
343,0.07916666666666644,0.07916666666666644,0.06944444444444445,6.009722222222221,6.088888888888888,73.0,1,False
274,0.07083333333333337,0.07083333333333347,0.06388888888888888,0.991666666666665,1.0624999999999984,48.0,4,False
94,0.07083333333333329,0.05694444444444449,0.08750000000000002,9.62361111111111,9.694444444444443,104.7,4,False
10553,0.06805555555555559,0.06805555555555559,0.06388888888888888,0.1513888888888865,0.2194444444444421,29.6,1,True
426,0.06666666666666679,0.044444444444444585,0.0,3.0208333333333317,3.0874999999999986,290.1,2,False
10609,0.06388888888888909,0.0625000000000002,0.05277777777777778,0.5458333333333313,0.6097222222222204,37.7,1,True
38,0.06388888888888856,0.09166666666666637,-0.04722222222222222,7.481944444444443,7.545833333333332,548.6,3,False
1220018201,0.0611111111111113,0.0513888888888891,0.025,3.390277777777776,3.4513888888888875,287.1,3,False
1220007104,0.059722222222222135,0.07638888888888885,-0.10555555555555554,5.48611111111111,5.545833333333332,293.8,2,False
1210012700,0.0597222222222218,0.06527777777777731,0.0708333333333333,6.529166666666666,6.588888888888888,137.5,4,False
1210008703,0.05833333333333359,0.05972222222222237,0.05000000000000001,2.565277777777776,2.6236111111111096,21.0,2,False
10502,0.0583333333333332,0.0555555555555554,0.061111111111111116,0.3194444444444435,0.3777777777777767,4.9,2,True
1220024901,0.05833333333333311,0.04861111111111091,-0.001388888888888889,3.3708333333333322,3.4291666666666654,159.2,3,False
269,0.05694444444444469,0.051388888888889095,-0.004166666666666667,0.9263888888888872,0.9833333333333318,58.4,3,False
1220018403,0.056944444444444395,0.073611111111111,0.01388888888888889,6.19861111111111,6.255555555555555,146.3,4,False
10281,0.0541666666666665,0.055555555555555296,0.03888888888888889,0.1277777777777762,0.1819444444444427,13.4,1,True
1220021902,0.052777777777778014,0.05138888888888902,0.0,0.676388888888887,0.7291666666666651,27.0,3,False
10550,0.05277777777777768,0.05972222222222219,0.05138888888888889,1.3624999999999983,1.415277777777776,31.8,4,True
10119,0.052777777777777396,0.0499999999999997,0.0,0.3916666666666655,0.4444444444444429,130.6,2,True
1210009503,0.05138888888888885,0.047222222222222256,0.03194444444444444,4.229166666666665,4.280555555555554,68.4,4,False
423,0.05138888888888869,0.03611111111111101,0.0,1.8958333333333321,1.9472222222222209,180.2,2,False
10133,0.049999999999999996,0.05,0.024999999999999998,1.8902777777777762,1.9402777777777762,14.0,4,True
10503,0.0486111111111113,0.03194444444444461,0.034722222222222224,0.3458333333333316,0.3944444444444429,5.1,3,True
72,0.048611111111110966,0.05555555555555536,0.09722222222222221,10.380555555555555,10.429166666666665,708.4,4,False
10159,0.04583333333333339,0.04583333333333339,0.044444444444444446,0.2791666666666646,0.324999999999998,14.1,1,True
314,0.04583333333333297,0.04166666666666627,0.05277777777777778,1.7402777777777765,1.7861111111111094,74.1,6,False
168,0.045833333333332914,0.04583333333333291,0.0375,0.8444444444444431,0.8902777777777761,102.7,4,False
10146,0.0444444444444449,0.04305555555555589,-0.001388888888888889,1.080555555555554,1.124999999999999,22.5,4,True
109,0.044444444444444245,0.034722222222222154,0.0,7.059722222222221,7.104166666666665,368.4,4,False
270,0.04305555555555588,0.03472222222222248,0.0,2.9999999999999982,3.0430555555555543,146.8,3,False
10301,0.043055555555555694,0.041666666666666796,0.030555555555555558,0.1263888888888871,0.1694444444444428,34.1,1,True
1220023101,0.04305555555555568,0.04027777777777786,0.02777777777777778,12.243055555555555,12.28611111111111,110.5,3,False
1220044400,0.04305555555555561,0.047222222222222304,0.0,5.790277777777777,5.833333333333332,692.6,2,False
10587,0.0416666666666671,0.041666666666667004,0.030555555555555555,0.0763888888888867,0.1180555555555538,33.2,1,True
1220002001,0.04166666666666698,0.07083333333333368,0.02222222222222222,6.938888888888887,6.980555555555554,150.3,6,False
10482,0.04166666666666676,0.03611111111111115,0.0027777777777777783,9.947222222222221,9.988888888888889,380.8,2,True
101,0.04166666666666621,0.04166666666666621,-0.001388888888888889,1.8111111111111098,1.8527777777777759,116.3,4,False
367,0.038888888888889014,0.047222222222222325,0.04027777777777779,1.3194444444444429,1.3583333333333318,192.6,2,False
296,0.03888888888888868,0.027777777777777585,0.0,1.6097222222222207,1.6486111111111095,82.6,3,False
95,0.037500000000000665,0.03611111111111166,-0.001388888888888889,4.99722222222222,5.034722222222221,353.3,2,False
1220014000,0.037500000000000304,0.029166666666666993,0.027777777777777776,1.566666666666665,1.6041666666666654,106.5,4,False
10186,0.0375000000000003,0.0319444444444447,0.0,0.2236111111111093,0.26111111111110963,10.5,4,True
10490,0.03750000000000011,0.048611111111111306,0.001388888888888889,2.7611111111111097,2.79861111111111,277.3,1,True
10539,0.03750000000000002,0.03472222222222221,0.03472222222222221,5.724999999999999,5.762499999999999,24.3,2,True
1210008402,0.03750000000000002,0.05277777777777771,0.0,4.065277777777776,4.102777777777776,189.3,4,False
10686,0.037499999999999686,0.04722222222222208,0.004166666666666667,0.8958333333333319,0.9333333333333316,37.5,1,True
10023,0.03749999999999967,0.02777777777777757,0.0,0.9958333333333319,1.0333333333333317,43.5,4,True
10545,0.03611111111111121,0.034722222222222314,0.04722222222222223,0.9291666666666646,0.9652777777777758,12.4,1,True
382,0.03611111111111083,0.03749999999999973,0.04444444444444445,3.9444444444444433,3.980555555555554,40.8,3,False
1220011003,0.03472222222222231,0.025000000000000105,0.0,1.5361111111111097,1.570833333333332,140.7,2,False
10118,0.03472222222222231,0.038888888888889014,-0.01111111111111111,4.002777777777776,4.037499999999999,135.8,2,True
10615,0.0347222222222223,0.029166666666666705,0.0,0.1124999999999977,0.14722222222222,14.1,1,True
10215,0.03472222222222229,0.0402777777777779,0.034722222222222224,0.4416666666666648,0.4763888888888871,18.5,1,True
1220008301,0.03472222222222189,0.029166666666666292,0.0027777777777777766,1.2263888888888874,1.2611111111111093,98.2,2,False
10707,0.0333333333333335,0.030555555555555697,0.0027777777777777775,0.2222222222222203,0.2555555555555538,16.8,2,True
413,0.03333333333333321,0.03749999999999991,0.0,0.4124999999999988,0.44583333333333197,47.4,3,False
114,0.0333333333333332,0.0319444444444443,0.0,0.8902777777777766,0.9236111111111098,43.8,5,False
190,0.03333333333333299,0.03611111111111069,0.0,0.3874999999999987,0.42083333333333167,27.5,1,False
290,0.031944444444444706,0.0291666666666669,-0.001388888888888889,0.8569444444444427,0.8888888888888874,45.1,3,False
10567,0.031944444444444386,0.03611111111111098,0.0,1.1236111111111096,1.155555555555554,47.4,4,True
10691,0.0319444444444443,0.0319444444444443,0.0,0.2027777777777765,0.2347222222222208,73.0,2,True
1220008701,0.0319444444444442,0.03194444444444419,0.0,0.4374999999999983,0.4694444444444425,36.3,2,False
1220021301,0.03194444444444383,0.03194444444444393,0.0,2.82361111111111,2.855555555555554,141.9,4,False
1210009403,0.03055555555555598,0.03055555555555598,0.044444444444444446,4.270833333333332,4.301388888888888,103.8,4,False
10497,0.030555555555555697,0.031944444444444595,0.0,0.2222222222222206,0.2527777777777763,57.8,2,True
1210018504,0.030555555555555423,0.027777777777777624,0.0,1.1708333333333318,1.2013888888888873,55.8,4,False
10305,0.0305555555555553,0.029166666666666504,0.0,0.2111111111111095,0.2416666666666648,19.3,2,True
10480,0.0291666666666668,0.022222222222222313,0.03472222222222223,1.1486111111111095,1.1777777777777763,149.3,1,True
10184,0.0291666666666668,0.0347222222222223,0.0,0.1916666666666647,0.2208333333333315,11.5,4,True
10496,0.029166666666666795,0.027777777777777898,0.0,0.1986111111111093,0.22777777777777608,54.2,2,True
1220014303,0.027777777777777735,0.03888888888888885,-0.01111111111111111,6.776388888888888,6.804166666666665,167.4,5,False
1220009403,0.027777777777777683,0.02777777777777779,-0.001388888888888889,1.4374999999999987,1.4652777777777763,92.2,3,False
1220011403,0.0277777777777776,0.0277777777777776,0.0,0.5513888888888874,0.579166666666665,32.7,3,False
121008402,0.02638888888888897,0.03888888888888886,-0.013888888888888885,7.101388888888888,7.127777777777776,75.6,5,False
10372,0.0263888888888889,0.025000000000000102,0.0,0.1124999999999977,0.1388888888888866,30.5,1,True
10408,0.0263888888888888,0.0249999999999999,0.0,0.1527777777777758,0.1791666666666646,16.2,2,True
138,0.026388888888888767,0.02916666666666657,0.03333333333333333,1.6472222222222208,1.6736111111111096,130.2,1,False
183,0.026388888888888754,0.015277777777777668,0.02638888888888889,5.3055555555555545,5.331944444444443,70.1,6,False
10679,0.0250000000000005,0.0208333333333338,0.0,0.2763888888888871,0.3013888888888876,17.4,3,True
10653,0.0250000000000002,0.0250000000000002,0.0,0.1736111111111092,0.1986111111111094,21.3,3,True
1220023201,0.02500000000000019,0.029166666666667,0.0,2.544444444444443,2.569444444444443,114.5,3,False
1220021801,0.02500000000000005,0.044444444444444425,-0.01111111111111111,9.126388888888888,9.151388888888887,123.6,4,False
10396,0.025,0.029166666666666702,0.005555555555555556,0.2694444444444427,0.2944444444444427,15.0,2,True
1210018401,0.02499999999999994,0.03194444444444445,0.0,3.1847222222222205,3.2097222222222204,76.4,4,False
10116,0.023611111111111204,0.023611111111111204,0.0,0.2097222222222205,0.2333333333333317,16.3,2,True
10381,0.023611111111111104,0.022222222222222206,0.02083333333333333,0.154166666666665,0.1777777777777761,8.0,1,True
39,0.023611111111110944,0.07638888888888876,0.13055555555555554,14.180555555555555,14.204166666666666,1254.0,4,False
10195,0.0236111111111109,0.024999999999999797,0.0027777777777777775,0.255555555555554,0.2791666666666649,11.6,4,True
77,0.023611111111110847,0.023611111111110847,0.0,3.647222222222221,3.670833333333332,281.3,3,False
10424,0.023611111111110788,0.019444444444444188,0.001388888888888889,0.6680555555555541,0.6916666666666649,59.4,4,True
10651,0.023611111111110694,0.02083333333333279,0.0,0.349999999999999,0.3736111111111097,9.3,3,True
10470,0.0222222222222225,0.023611111111111402,0.0,0.2180555555555536,0.2402777777777761,12.0,3,True
10662,0.022222222222222497,0.020833333333333592,0.0,0.3138888888888878,0.3361111111111103,39.9,1,True
10751,0.020833333333333696,0.025000000000000393,0.0,0.1638888888888867,0.1847222222222204,30.3,1,True
10346,0.020833333333333606,0.023611111111111402,0.0,0.2263888888888871,0.2472222222222207,27.0,2,True
10579,0.020833333333333603,0.013888888888889103,0.0,0.1902777777777759,0.2111111111111095,17.9,2,True
10212,0.0208333333333336,0.027777777777777894,0.001388888888888889,0.4152777777777761,0.4361111111111097,20.0,3,True
10561,0.020833333333333395,0.018055555555555595,0.0,0.3416666666666651,0.3624999999999985,52.0,2,True
1220000704,0.020833333333333343,0.020833333333333343,0.029166666666666667,13.241666666666665,13.2625,334.6,4,False
10244,0.020833333333333197,0.027777777777777603,0.0,0.5652777777777761,0.5861111111111093,43.1,3,True
10594,0.020833333333333197,0.018055555555555394,0.0,1.231944444444443,1.2527777777777762,46.2,2,True
10437,0.0194444444444449,0.020833333333333703,0.005555555555555556,0.0749999999999979,0.09444444444444279,7.2,2,True
10694,0.0194444444444448,0.0250000000000003,0.0,0.2444444444444426,0.2638888888888874,52.2,1,True
10656,0.0194444444444446,0.020833333333333502,0.0,0.07222222222222,0.09166666666666459,8.1,3,True
10460,0.019444444444444597,0.0194444444444446,0.0,0.2374999999999983,0.2569444444444429,39.1,4,True
378,0.019444444444444396,0.019444444444444396,0.019444444444444445,0.8652777777777761,0.8847222222222206,76.3,2,False
265,0.018055555555555707,0.01666666666666681,0.0,0.2861111111111098,0.3041666666666655,24.4,4,False
1220018402,0.018055555555555606,0.019444444444444507,0.0,0.5652777777777762,0.5833333333333318,14.4,4,False
10388,0.0180555555555556,0.0194444444444445,0.0,0.2708333333333315,0.2888888888888871,28.0,2,True
10674,0.0180555555555556,0.016666666666666698,0.0,0.1333333333333311,0.15138888888888669,19.2,2,True
10025,0.018055555555555276,0.01805555555555538,0.0,1.6999999999999984,1.7180555555555537,45.4,4,True
10111,0.016666666666667003,0.016666666666667,0.0,0.2444444444444428,0.2611111111111098,32.1,2,True
10456,0.016666666666666996,0.015277777777778095,0.0,0.5194444444444428,0.5361111111111098,25.9,3,True
1220000600,0.016666666666666902,0.0208333333333336,0.0,0.266666666666665,0.2833333333333319,19.5,4,False
10628,0.016666666666666902,0.016666666666667003,0.0,0.1597222222222203,0.1763888888888872,89.8,2,True
424,0.016666666666666802,0.0166666666666668,0.0,0.1736111111111091,0.1902777777777759,17.2,2,False
10414,0.016666666666666802,0.0180555555555557,0.0,0.2069444444444426,0.2236111111111094,13.2,2,True
10122,0.016666666666666795,0.019444444444444594,0.0,0.2749999999999982,0.291666666666665,101.5,1,True
1220011300,0.016666666666666705,0.016666666666666708,0.0,0.2333333333333324,0.2499999999999991,274.5,1,False
10204,0.0166666666666667,0.0166666666666667,0.0,0.1013888888888864,0.1180555555555531,25.6,1,True
10328,0.016666666666666698,0.015277777777777796,0.0,0.1097222222222202,0.12638888888888689,20.7,2,True
324,0.01666666666666669,9.367506770274758e-17,0.0,1.1291666666666649,1.1458333333333317,162.3,4,False
1220021304,0.016666666666666528,0.01666666666666642,0.0,2.279166666666665,2.2958333333333316,113.8,4,False
245,0.016666666666666496,0.0111111111111109,0.013888888888888888,0.3013888888888875,0.318055555555554,33.5,2,False
10026,0.016666666666666302,0.0166666666666663,0.004166666666666667,0.062499999999998695,0.079166666666665,9.6,1,True
10670,0.015277777777777798,0.0111111111111112,0.0,0.1194444444444424,0.1347222222222202,45.2,2,True
10770,0.015277777777777798,0.011111111111111096,0.0,0.2097222222222205,0.22499999999999828,47.2,1,True
182,0.015277777777777765,0.020833333333333356,0.008333333333333333,7.54861111111111,7.563888888888888,485.1,4,False
10421,0.015277777777777696,0.01805555555555549,0.0,0.5999999999999985,0.6152777777777761,57.3,2,True
10557,0.015277777777777609,0.018055555555555405,0.002777777777777778,0.466666666666665,0.4819444444444426,19.7,4,True
10593,0.015277777777777505,0.019444444444444202,0.0013888888888888907,0.29027777777777597,0.30555555555555347,6.0,1,True
10614,0.015277777777777495,0.015277777777777495,0.0,0.3319444444444432,0.3472222222222207,13.7,4,True
10317,0.0152777777777773,0.0111111111111107,0.0,0.0347222222222207,0.049999999999998,17.2,1,True
10510,0.015277777777776998,0.0124999999999993,0.0,0.0652777777777764,0.0805555555555534,11.7,1,True
10431,0.013888888888888902,0.013888888888888902,-0.001388888888888889,0.1805555555555538,0.1944444444444427,12.2,3,True
10286,0.0138888888888889,0.013888888888888902,0.0,0.1736111111111092,0.1874999999999981,27.0,2,True
1220021802,0.013888888888888899,0.015277777777777807,0.011111111111111117,2.0236111111111095,2.0374999999999983,119.2,4,False
1220009503,0.013888888888888888,0.015277777777777782,0.0,1.5152777777777764,1.5291666666666652,127.4,3,False
10183,0.013888888888888801,0.0124999999999999,0.0,0.3791666666666653,0.3930555555555541,9.2,4,True
10588,0.013888888888888801,0.0124999999999999,0.0,0.3124999999999986,0.3263888888888874,37.0,2,True
10112,0.013888888888888798,0.015277777777777701,0.012499999999999997,0.545833333333332,0.5597222222222208,20.0,2,True
54,0.013888888888888791,0.013888888888888791,0.01388888888888889,2.2152777777777763,2.229166666666665,43.2,4,False
86,0.013888888888888607,0.001388888888888707,0.0,1.941666666666665,1.9555555555555535,189.6,3,False
1220000300,0.012500000000000198,0.012500000000000198,0.0,0.388888888888887,0.4013888888888872,27.6,4,False
10758,0.012500000000000098,0.012500000000000098,0.001388888888888889,0.9291666666666651,0.9416666666666652,65.8,3,True
10578,0.0125,0.0111111111111111,0.0,0.1972222222222203,0.2097222222222203,18.4,2,True
10302,0.012499999999999997,0.0152777777777778,0.001388888888888889,1.2430555555555538,1.2555555555555538,53.9,2,True
10304,0.012499999999999902,0.006944444444444504,0.0,0.1222222222222204,0.1347222222222203,19.7,2,True
10715,0.012499999999999796,0.008333333333333099,0.0,0.3291666666666655,0.3416666666666653,22.4,3,True
1220015700,0.012499999999999704,0.011111111111110804,0.0,0.5444444444444428,0.5569444444444426,146.5,2,False
10064,0.011111111111111403,0.011111111111111403,0.0,0.2874999999999983,0.2986111111111097,51.7,2,True
10416,0.011111111111111401,0.011111111111111398,0.001388888888888889,0.0902777777777752,0.1013888888888866,6.9,4,True
10768,0.0111111111111113,0.013888888888889001,0.0,0.1430555555555533,0.1541666666666646,34.9,1,True
10663,0.011111111111111297,0.0180555555555556,0.0,0.0791666666666644,0.0902777777777757,29.4,1,True
10218,0.011111111111111203,0.012500000000000101,0.0,0.3194444444444431,0.3305555555555543,24.5,3,True
10525,0.0111111111111112,0.0125,0.0,0.1111111111111088,0.12222222222222,9.6,4,True
10420,0.0111111111111112,0.012500000000000101,0.0,0.1763888888888868,0.187499999999998,29.4,1,True
10189,0.011111111111111197,0.008333333333333397,0.0,0.677777777777776,0.6888888888888873,29.6,4,True
10695,0.01111111111111119,0.0027777777777777887,0.0,0.601388888888887,0.6124999999999982,65.1,1,True
10711,0.011111111111111103,0.008333333333333304,0.0,0.294444444444443,0.3055555555555541,17.9,3,True
10192,0.011111111111111094,0.012499999999999997,0.0,0.7152777777777762,0.7263888888888873,31.7,4,True
10210,0.011111111111111,0.012499999999999904,0.0,0.0916666666666644,0.1027777777777754,18.4,1,True
1220012101,0.011111111111111,0.011111111111110898,0.0,0.0958333333333313,0.1069444444444423,20.6,2,False
1220000803,0.011111111111110905,-0.04166666666666691,0.0,10.656944444444443,10.668055555555554,335.3,4,False
10637,0.011111111111110895,0.009722222222221999,0.0,1.0666666666666655,1.0777777777777764,150.0,2,True
10428,0.011111111111110801,0.011111111111110803,0.0,0.0819444444444422,0.093055555555553,18.0,1,True
10692,0.0097222222222225,0.009722222222222502,0.0,0.1124999999999982,0.1222222222222207,36.5,1,True
10243,0.0097222222222225,0.0083333333333336,0.0,0.0652777777777752,0.0749999999999977,28.7,1,True
167,0.009722222222222299,0.012500000000000098,0.0,0.1194444444444423,0.1291666666666646,28.8,1,False
1210006903,0.009722222222222299,0.00833333333333336,0.006944444444444444,12.277777777777777,12.2875,315.3,4,False
10458,0.009722222222222295,0.012500000000000094,0.0,0.2694444444444432,0.2791666666666655,32.9,1,True
10693,0.00972222222222229,0.00972222222222229,0.0,0.5819444444444423,0.5916666666666646,58.7,1,True
404,0.009722222222222243,0.012500000000000046,0.0,2.54861111111111,2.558333333333332,266.0,4,False
10376,0.0097222222222222,0.005555555555555498,0.0,0.190277777777776,0.1999999999999982,23.9,2,True
10256,0.0097222222222222,0.0124999999999999,0.0,0.1111111111111093,0.1208333333333315,30.1,1,True
10102,0.009722222222222111,0.006944444444444206,0.0,1.0249999999999986,1.0347222222222208,47.1,3,True
10193,0.009722222222221992,0.013888888888888687,0.001388888888888889,0.4291666666666654,0.4388888888888874,11.4,4,True
10378,0.0097222222222219,0.008333333333333,0.0,0.0291666666666655,0.0388888888888874,18.7,1,True
10610,0.0097222222222219,0.0097222222222219,0.0,0.0138888888888881,0.02361111111111,10.5,1,True
10410,0.009722222222221598,0.008333333333332698,0.0,0.044444444444442996,0.0541666666666646,10.3,1,True
10590,0.008333333333333913,0.006944444444445013,-0.0027777777777777783,0.6486111111111093,0.6569444444444432,14.4,4,True
81,0.008333333333333554,0.01388888888888902,0.0,4.527777777777777,4.53611111111111,390.0,2,False
10200,0.008333333333333495,0.008333333333333495,0.0,1.5888888888888875,1.597222222222221,46.4,4,True
10208,0.008333333333333404,0.008333333333333404,0.0,0.2138888888888871,0.2222222222222205,19.2,3,True
10282,0.008333333333333404,0.008333333333333404,0.0,0.5694444444444429,0.5777777777777763,21.7,4,True
10367,0.008333333333333401,0.008333333333333401,0.0,0.1680555555555534,0.1763888888888868,33.8,2,True
10655,0.008333333333333401,0.009722222222222302,0.001388888888888889,0.394444444444443,0.4027777777777764,9.8,3,True
1220008401,0.008333333333333401,0.015277777777777897,0.001388888888888889,1.5638888888888869,1.5722222222222204,51.2,4,False
10237,0.0083333333333334,0.008333333333333401,0.0,0.0611111111111085,0.0694444444444419,38.4,1,True
1220018503,0.0083333333333334,0.004166666666666699,0.0,0.1986111111111092,0.2069444444444426,9.8,4,False
10081,0.008333333333333397,0.008333333333333397,0.0,0.6333333333333319,0.6416666666666653,12.7,4,True
28,0.008333333333333345,0.008333333333333345,0.0,5.206944444444443,5.215277777777776,236.4,4,False
10425,0.008333333333333302,0.008333333333333302,0.0,0.1069444444444424,0.1152777777777757,50.9,1,True
49,0.0083333333333333,0.0083333333333333,0.0,0.5569444444444428,0.5652777777777761,109.7,1,False
10649,0.008333333333333297,0.002777777777777799,0.0,1.205555555555554,1.2138888888888872,32.3,3,True
10231,0.0083333333333332,0.009722222222222202,0.0,0.1833333333333314,0.1916666666666646,14.2,3,True
10745,0.0083333333333332,0.006944444444444292,0.005555555555555556,0.2361111111111095,0.2444444444444427,24.7,1,True
10060,0.008333333333333198,0.008333333333333299,0.0,0.0874999999999979,0.09583333333333109,48.1,1,True
10477,0.008333333333333193,0.006944444444444295,0.0,0.6013888888888878,0.6097222222222209,29.5,1,True
10136,0.008333333333333097,0.0013888888888886983,0.0,0.7097222222222207,0.7180555555555538,31.8,4,True
10537,0.008333333333333,0.008333333333333,0.0,0.0694444444444426,0.0777777777777756,38.0,2,True
10274,0.0083333333333329,0.0083333333333329,0.0,0.0083333333333329,0.0166666666666658,8.5,1,True
1210012103,0.006944444444444827,0.008333333333333727,0.0,1.026388888888887,1.0333333333333319,131.7,2,False
10285,0.00694444444444481,0.004166666666667011,0.0,0.5208333333333315,0.5277777777777763,17.9,3,True
10369,0.006944444444444801,0.0055555555555560025,0.0,0.0680555555555532,0.074999999999998,8.7,2,True
10734,0.006944444444444601,0.006944444444444602,0.0,0.119444444444442,0.1263888888888866,22.0,1,True
10277,0.006944444444444601,0.0069444444444446,0.0,0.1305555555555532,0.1374999999999978,8.2,4,True
10263,0.0069444444444446,0.005555555555555701,0.0,0.0861111111111087,0.0930555555555533,14.1,3,True
10418,0.006944444444444593,0.006944444444444593,0.0,0.3999999999999981,0.40694444444444267,46.2,2,True
1220011103,0.006944444444444572,0.012500000000000067,-0.009722222222222222,2.3138888888888873,2.320833333333332,139.2,2,False
327,0.006944444444444503,0.0027777777777778026,0.0,0.9944444444444429,1.0013888888888873,138.3,5,False
1220013000,0.006944444444444501,0.006944444444444501,0.0,0.161111111111109,0.16805555555555352,53.3,1,False
10438,0.006944444444444501,0.0083333333333334,0.0,0.1124999999999978,0.1194444444444423,9.2,3,True
10297,0.0069444444444445004,0.0069444444444445,0.0,0.0555555555555535,0.062499999999997995,43.3,1,True
10347,0.0069444444444445,0.0069444444444445,0.0,0.0694444444444422,0.0763888888888867,16.0,2,True
10018,0.006944444444444499,0.0069444444444445,0.0,0.0819444444444424,0.0888888888888869,30.4,2,True
33,0.006944444444444489,0.006944444444444489,0.0,1.8180555555555538,1.8249999999999984,100.8,4,False
10664,0.0069444444444443035,0.0027777777777776027,0.0,0.2777777777777763,0.2847222222222206,36.8,3,True
1220009402,0.006944444444444303,0.0041666666666665035,0.0,0.5124999999999986,0.5194444444444429,81.6,3,False
10329,0.006944444444444197,0.006944444444444198,0.0,0.2236111111111094,0.2305555555555536,21.6,2,True
10702,0.006944444444444101,0.0027777777777776,0.0,0.0152777777777772,0.0222222222222213,1.0,4,True
10658,0.0069444444444441,0.0069444444444441,0.0,0.0055555555555552,0.0124999999999993,6.8,1,True
10061,0.006944444444444,0.006944444444444,0.0,0.0180555555555546,0.0249999999999986,23.5,1,True
10565,0.005555555555556,3.9985376121265404e-16,0.0,0.46666666666666456,0.4722222222222206,22.5,1,True
10574,0.0055555555555559,0.008333333333333599,0.0,0.1249999999999975,0.1305555555555534,11.1,2,True
10750,0.005555555555555803,-0.0013888888888886957,0.0,0.3138888888888873,0.3194444444444431,42.0,1,True
10744,0.0055555555555557995,-0.0013888888888886992,0.0,0.2708333333333316,0.2763888888888874,45.8,2,True
1220018202,0.005555555555555786,0.00277777777777799,0.0,1.7263888888888872,1.731944444444443,147.6,3,False
1220017300,0.005555555555555697,0.004166666666666796,0.0,1.1958333333333317,1.2013888888888873,164.9,2,False
45,0.005555555555555602,0.005555555555555602,0.0,1.602777777777776,1.6083333333333316,104.6,4,False
10589,0.005555555555555601,0.0027777777777778,0.0,0.086111111111109,0.09166666666666459,25.4,1,True
10555,0.0055555555555556,0.0055555555555556,0.0,0.1305555555555536,0.13611111111110918,39.7,1,True
10357,0.0055555555555556,0.0055555555555556,0.0,0.0902777777777757,0.0958333333333313,19.6,2,True
10395,0.0055555555555556,0.0069444444444445,0.0,0.1805555555555535,0.1861111111111091,14.9,2,True
10690,0.0055555555555556,0.002777777777777801,0.0,0.1694444444444424,0.174999999999998,54.6,1,True
10198,0.005555555555555599,0.004166666666666702,0.0,0.1874999999999981,0.1930555555555537,36.0,1,True
10266,0.005555555555555598,0.005555555555555598,-0.001388888888888889,0.1374999999999976,0.1430555555555532,23.6,1,True
10697,0.0055555555555555965,0.0055555555555555965,0.0,0.170833333333332,0.1763888888888876,112.7,1,True
10462,0.0055555555555555965,0.006944444444444496,0.0,0.1583333333333311,0.1638888888888867,20.4,1,True
10766,0.0055555555555555,0.005555555555555501,0.0,0.2263888888888869,0.2319444444444424,28.0,1,True
10171,0.005555555555555499,-1.0018028073766061e-16,0.0027777777777777775,0.1194444444444421,0.1249999999999976,18.3,1,True
10669,0.005555555555555499,0.004166666666666599,0.0,0.0777777777777755,0.083333333333331,32.4,1,True
10529,0.0055555555555554985,0.005555555555555499,-0.001388888888888889,0.083333333333331,0.08888888888888649,16.0,1,True
10039,0.005555555555555498,0.005555555555555498,0.0,0.5611111111111095,0.5666666666666649,26.8,4,True
10292,0.005555555555555481,0.005555555555555482,0.0,0.6680555555555543,0.6736111111111098,37.1,4,True
10250,0.0055555555555554005,0.0055555555555554,0.0,0.0083333333333329,0.0138888888888883,30.2,1,True
10688,0.0055555555555554005,0.006944444444444301,0.0,0.0541666666666645,0.0597222222222199,22.4,1,True
10288,0.0055555555555554,0.0041666666666665,0.001388888888888889,0.0277777777777767,0.0333333333333321,8.2,1,True
10191,0.005555555555555397,0.006944444444444399,0.0,1.4027777777777761,1.4083333333333317,31.2,4,True
10599,0.0055555555555553,0.0055555555555553,0.0,0.012499999999999201,0.0180555555555545,19.7,2,True
10316,0.0055555555555553,0.0055555555555553,0.0,0.0111111111111104,0.016666666666665702,15.0,1,True
10254,0.0055555555555553,0.0055555555555553,0.0,0.0055555555555552,0.0111111111111105,36.5,1,True
10417,0.0055555555555552,0.0041666666666664,0.0,0.0111111111111105,0.016666666666665702,7.7,1,True
10323,0.005555555555555199,0.0069444444444441015,0.0,0.0249999999999988,0.030555555555554,10.3,1,True
10166,0.0041666666666670075,0.001388888888889212,-0.02083333333333333,0.19861111111110868,0.2027777777777757,17.9,1,True
10684,0.004166666666667001,0.004166666666667002,0.0,0.070833333333331,0.074999999999998,34.7,1,True
210,0.0041666666666669025,0.005555555555555803,0.0,0.1152777777777765,0.1194444444444434,125.0,1,False
332,0.004166666666666899,0.001388888888889,0.0,0.0666666666666644,0.0708333333333313,29.9,1,False
10647,0.004166666666666803,0.001388888888889099,0.0,0.5416666666666649,0.5458333333333317,13.5,3,True
10048,0.004166666666666799,0.004166666666666799,0.0,0.1569444444444423,0.1611111111111091,8.7,4,True
280,0.004166666666666794,-0.002777777777777605,-0.0041666666666666675,0.7319444444444427,0.7361111111111095,37.2,5,False
10620,0.004166666666666703,0.004166666666666703,0.0,0.2388888888888873,0.243055555555554,36.3,2,True
10034,0.004166666666666701,0.0027777777777778017,0.0,0.1361111111111089,0.14027777777777561,32.0,1,True
289,0.0041666666666667004,0.0041666666666667,0.0,0.2124999999999982,0.2166666666666649,8.3,4,False
10730,0.0041666666666667,0.0013888888888889997,0.0,0.1472222222222203,0.151388888888887,51.2,2,True
10201,0.004166666666666699,0.0041666666666667,0.0,0.1305555555555534,0.1347222222222201,46.7,1,True
10401,0.004166666666666698,-6.505213034913027e-19,0.0,0.14027777777777561,0.1444444444444423,13.1,2,True
10478,0.004166666666666615,0.0027777777777776144,0.0,0.6861111111111096,0.6902777777777762,27.2,4,True
10547,0.004166666666666606,-0.0013888888888887929,0.0,0.5208333333333318,0.5249999999999984,24.0,4,True
10296,0.0041666666666666,0.004166666666666601,0.0,0.0208333333333323,0.024999999999998898,33.6,1,True
10227,0.0041666666666666,0.0055555555555554,0.0,0.0208333333333321,0.0249999999999987,22.3,1,True
10366,0.0041666666666666,0.0041666666666666,0.0,0.0263888888888874,0.030555555555554,26.3,1,True
10259,0.0041666666666666,0.0041666666666666,-0.002777777777777778,0.0541666666666651,0.0583333333333317,29.1,1,True
10725,0.0041666666666666,-0.0027777777777779006,0.001388888888888889,0.0930555555555532,0.0972222222222198,21.9,1,True
10093,0.004166666666666598,0.0027777777777777003,0.0,0.2694444444444433,0.2736111111111099,35.6,1,True
10562,0.004166666666666502,0.005555555555555401,0.0,0.1222222222222203,0.1263888888888868,41.4,1,True
336,0.004166666666666501,0.005555555555555401,0.0,0.0749999999999977,0.07916666666666419,14.8,1,False
10445,0.004166666666666499,0.002777777777777599,0.0,0.2458333333333316,0.24999999999999808,12.2,3,True
10003,0.004166666666666499,0.0041666666666665,0.0,0.0208333333333321,0.0249999999999986,8.6,2,True
10603,0.004166666666666487,-2.1684043449710089e-16,0.0,0.3986111111111095,0.402777777777776,47.5,1,True
10592,0.0041666666666664,0.0041666666666664,0.0,0.006944444444444,0.0111111111111104,5.4,1,True
10236,0.0041666666666664,0.0041666666666663995,0.0,0.0138888888888881,0.0180555555555545,22.4,1,True
10258,0.0041666666666664,0.0041666666666664,0.0,0.0249999999999988,0.0291666666666652,14.4,1,True
1220008303,0.004166666666666394,-0.0013888888888892057,0.0,0.516666666666665,0.5208333333333314,50.8,2,False
10341,0.004166666666666301,0.0027777777777775008,0.0,0.0069444444444441,0.0111111111111104,15.6,1,True
10294,0.004166666666666301,0.0027777777777775003,0.0,0.0194444444444434,0.023611111111109702,44.3,1,True
10683,0.004166666666666189,0.00416666666666619,0.001388888888888889,0.6847222222222211,0.6888888888888873,67.1,2,True
10687,0.0027777777777783,0.0027777777777783005,0.0,0.098611111111109,0.1013888888888873,47.9,1,True
10298,0.0027777777777780073,0.004166666666666909,0.0,0.3736111111111094,0.3763888888888874,51.1,1,True
1220009600,0.002777777777778004,0.002777777777778004,0.0,0.2527777777777763,0.2555555555555543,181.1,1,False
10533,0.0027777777777779995,2.9967348047499343e-16,0.0,0.0333333333333315,0.0361111111111095,35.5,1,True
10618,0.0027777777777779986,0.0027777777777779986,0.0,0.2958333333333318,0.2986111111111098,49.0,3,True
1220018302,0.002777777777777962,0.009722222222222465,0.006944444444444444,2.8555555555555543,2.858333333333332,91.4,3,False
10703,0.0027777777777779084,0.002777777777777912,0.0,0.6958333333333315,0.6986111111111094,33.2,2,True
194,0.002777777777777903,0.0027777777777779032,0.0,0.2277777777777758,0.2305555555555537,91.3,1,False
10089,0.0027777777777779006,0.0013888888888890004,0.0,0.1041666666666643,0.10694444444444219,22.5,1,True
10203,0.0027777777777779,0.0027777777777779006,0.0,0.1180555555555532,0.1208333333333311,43.7,1,True
10626,0.0027777777777778997,0.001388888888889101,0.0,0.049999999999998296,0.052777777777776196,65.5,3,True
10098,0.002777777777777899,0.0041666666666667984,0.0,0.1597222222222201,0.162499999999998,22.8,1,True
10380,0.002777777777777899,0.0027777777777779006,-0.006944444444444444,0.2055555555555535,0.2083333333333314,17.8,2,True
10763,0.002777777777777898,0.0041666666666667984,0.0,0.3347222222222206,0.33749999999999847,53.2,1,True
10650,0.0027777777777778963,0.004166666666666797,0.0,0.3097222222222207,0.3124999999999986,33.8,3,True
44,0.002777777777777801,0.002777777777777801,0.0,1.1027777777777763,1.1055555555555543,84.1,4,False
10092,0.0027777777777778,0.0,0.001388888888888889,0.1263888888888868,0.1291666666666646,8.8,1,True
10335,0.0027777777777778,0.0013888888888888983,0.0,0.1236111111111091,0.12638888888888689,15.3,2,True
10748,0.0027777777777778,0.0013888888888889013,0.0,0.2374999999999983,0.2402777777777761,43.7,1,True
10044,0.0027777777777777996,0.0027777777777778,0.0,0.3499999999999987,0.35277777777777647,16.2,4,True
10676,0.0027777777777777983,0.0069444444444442,0.0,0.0861111111111089,0.0888888888888867,8.0,2,True
10535,0.002777777777777701,0.0027777777777777016,0.0,0.2166666666666653,0.219444444444443,31.3,1,True
10010,0.0027777777777776994,0.0013888888888887996,0.0,0.1388888888888869,0.1416666666666646,45.9,2,True
294,0.002777777777777695,0.002777777777777695,0.0,0.5263888888888871,0.5291666666666648,34.1,3,False
1220009700,0.0027777777777776022,-9.974659986866641e-17,0.0,0.2791666666666651,0.2819444444444427,120.7,1,False
10278,0.0027777777777776,0.0027777777777776,0.0,0.006944444444444,0.0097222222222216,8.2,1,True
10602,0.0027777777777776,0.0027777777777776,0.0,0.0013888888888888,0.0041666666666664,10.8,1,True
374,0.0027777777777776,0.0041666666666665,0.0,0.0124999999999993,0.015277777777776901,22.3,1,False
18,0.0027777777777776,0.0027777777777776005,0.0,0.0013888888888888,0.0041666666666664,6.8,1,False
10199,0.0027777777777775996,0.0027777777777776005,0.0,0.0305555555555543,0.033333333333331897,21.5,1,True
10050,0.002777777777777599,0.0027777777777776994,0.0,0.0763888888888869,0.0791666666666645,20.5,2,True
10764,0.0027777777777775944,0.0027777777777775944,0.0,0.4305555555555541,0.4333333333333317,52.7,2,True
1220008603,0.002777777777777501,0.0041666666666664,0.0,0.0805555555555536,0.0833333333333311,17.5,2,False
10665,0.0027777777777775,0.0013888888888886996,0.0,0.0486111111111091,0.0513888888888866,18.5,1,True
10247,0.0013888888888891001,0.0027777777777780004,0.0,0.1277777777777756,0.1291666666666647,11.0,3,True
10433,0.0013888888888891,0.0041666666666669,0.0,0.0791666666666644,0.08055555555555349,10.7,1,True
10331,0.0013888888888891,0.0027777777777780004,0.0,0.0291666666666653,0.0305555555555544,15.8,1,True
1220008601,0.0013888888888890782,-0.008333333333333113,0.022222222222222223,0.8708333333333318,0.8722222222222209,37.6,2,False
10242,0.001388888888889002,1.0321604682062002e-16,0.0,0.1319444444444421,0.1333333333333311,39.4,1,True
10572,0.001388888888889001,0.0013888888888890008,0.002777777777777778,0.108333333333331,0.10972222222222,30.6,1,True
1220043300,0.0013888888888890008,1.0126448291014611e-16,0.0,0.1194444444444428,0.1208333333333318,204.9,2,False
10342,0.0013888888888890004,0.002777777777777801,0.0,0.0416666666666649,0.0430555555555539,6.0,2,True
10377,0.0013888888888890002,0.001388888888889099,0.0,0.0499999999999982,0.0513888888888872,66.1,1,True
10228,0.0013888888888889995,0.0013888888888890004,0.002777777777777778,0.0305555555555539,0.0319444444444429,18.1,1,True
10569,0.0013888888888889995,0.001388888888889,0.0,0.1236111111111087,0.1249999999999977,27.3,1,True
34,0.0013888888888889941,0.0013888888888889941,0.0,1.2499999999999984,1.2513888888888873,69.5,5,False
1220013600,0.0013888888888889117,0.0013888888888889117,-0.001388888888888889,5.174999999999999,5.176388888888888,217.5,2,False
10422,0.0013888888888889017,2.168404344971009e-18,0.0,0.2388888888888873,0.2402777777777762,45.5,1,True
10605,0.0013888888888889013,0.0013888888888889013,0.0,0.49305555555555397,0.4944444444444429,48.4,1,True
10051,0.0013888888888889013,0.0013888888888889013,0.0,0.6527777777777762,0.6541666666666651,44.2,4,True
10608,0.0013888888888889013,0.0013888888888889013,0.0,0.1486111111111089,0.1499999999999978,37.0,1,True
10667,0.0013888888888889009,2.168404344971009e-18,0.0,0.1291666666666646,0.1305555555555535,42.2,2,True
254,0.0013888888888889009,0.0027777777777778,0.0,0.1611111111111089,0.1624999999999978,9.9,2,False
10434,0.0013888888888889004,-0.0027777777777777996,0.0,0.1958333333333315,0.1972222222222204,9.1,3,True
10672,0.0013888888888889002,1.5178830414797062e-18,0.0,0.1861111111111094,0.1874999999999983,38.8,1,True
10245,0.0013888888888889,0.0013888888888889,0.0,0.0388888888888871,0.040277777777776,42.3,1,True
10573,0.0013888888888889,0.0027777777777778004,0.0,0.1430555555555533,0.1444444444444422,14.1,2,True
201,0.0013888888888888998,0.0013888888888888998,0.0,0.0472222222222202,0.0486111111111091,17.8,1,False
10290,0.0013888888888888998,0.0041666666666665,0.0,0.0041666666666664,0.0055555555555553,9.1,1,True
383,0.0013888888888888996,0.0013888888888888996,0.0,0.2249999999999984,0.2263888888888873,56.3,1,False
10598,0.0013888888888888978,0.0013888888888888978,0.0,0.8263888888888871,0.827777777777776,21.3,2,True
10068,0.0013888888888888978,0.0013888888888888978,0.0,0.8027777777777761,0.804166666666665,57.3,4,True
112,0.0013888888888888978,0.0013888888888888978,-0.002777777777777778,2.1472222222222204,2.1486111111111095,367.6,4,False
10173,0.001388888888888896,-0.0013888888888889022,0.0,0.3652777777777765,0.3666666666666654,49.4,4,True
10769,0.001388888888888896,0.0013888888888888952,0.0,0.229166666666665,0.2305555555555539,55.6,1,True
10566,0.001388888888888896,0.002777777777777795,0.0,0.3319444444444429,0.3333333333333318,51.1,1,True
96,0.0013888888888888042,0.001388888888888806,-0.002777777777777778,0.5694444444444428,0.5708333333333316,34.2,1,False
10206,0.0013888888888888024,-9.71445146547012e-17,0.0,0.2458333333333318,0.2472222222222206,42.1,1,True
10742,0.0013888888888888024,-0.0027777777777778997,-0.006944444444444445,0.302777777777776,0.3041666666666648,27.5,1,True
12,0.0013888888888888024,0.001388888888888802,0.0,0.2763888888888872,0.277777777777776,54.9,1,False
10096,0.0013888888888888011,-9.75781955236954e-17,0.0041666666666666675,0.2999999999999985,0.3013888888888873,16.6,1,True
10232,0.0013888888888888,0.0027777777777776,0.0,0.0083333333333328,0.0097222222222216,14.9,1,True
10303,0.0013888888888888,0.0013888888888888,0.0,0.0013888888888888,0.0027777777777776,17.3,1,True
10315,0.0013888888888888,0.0027777777777776005,0.0,0.0097222222222216,0.0111111111111104,3.8,1,True
10107,0.0013888888888888,0.0013888888888888,0.0,0.0138888888888881,0.015277777777776901,22.4,1,True
10359,0.0013888888888888,0.0013888888888888,0.0,0.0097222222222217,0.0111111111111105,6.7,1,True
10284,0.0013888888888888,0.0013888888888888,0.0,0.022222222222221002,0.0236111111111098,11.6,1,True
10251,0.0013888888888888,0.0013888888888888,0.0,0.013888888888888,0.0152777777777768,27.9,1,True
10411,0.0013888888888887998,-0.004166666666666699,0.0,0.1277777777777756,0.1291666666666644,11.3,2,True
10289,0.0013888888888887998,-0.0027777777777779006,0.0,0.1805555555555537,0.1819444444444425,9.5,4,True
200,0.001388888888888707,-0.004166666666666794,0.0,0.5777777777777764,0.579166666666665,244.5,1,False
10627,0.0013888888888886977,0.0013888888888886977,0.0,0.11111111111110959,0.1124999999999983,62.3,1,True
10607,0.0013888888888886975,-0.0069444444444446045,0.0,0.1999999999999984,0.2013888888888871,21.3,1,True
10103,0.001388888888888697,0.004166666666666499,0.0,0.2319444444444429,0.2333333333333316,55.3,2,True
10167,0.0013888888888886949,0.0041666666666664975,0.0,0.6763888888888877,0.6777777777777764,43.5,4,True
10241,0.0013888888888885982,-3.0097452308197603e-16,0.0,0.1472222222222204,0.148611111111109,58.2,2,True
10439,2.96637714392034e-16,-0.001388888888888701,0.0,0.3138888888888872,0.3138888888888875,16.6,3,True
10544,2.94469310047063e-16,0.002777777777778095,0.0,0.515277777777776,0.5152777777777763,11.9,4,True
10564,2.0209528495129803e-16,2.0122792321330962e-16,0.0,0.3069444444444428,0.306944444444443,56.8,2,True
10165,2.0209528495129803e-16,-0.0013888888888886992,0.0,0.2611111111111094,0.2611111111111096,17.7,4,True
10762,1.0148132334464322e-16,-0.001388888888888798,0.002777777777777778,0.2444444444444428,0.2444444444444429,33.9,1,True
10630,1.0061396160665481e-16,1.0104764247564901e-16,0.0,0.149999999999998,0.1499999999999981,58.4,1,True
10696,1.0061396160665481e-16,9.8879238130678e-17,0.0,0.1097222222222197,0.10972222222221979,88.4,1,True
10524,1.0018028073766061e-16,9.84455572616838e-17,0.0,0.0652777777777757,0.0652777777777758,23.4,1,True
10318,9.996344030316351e-17,9.996344030316351e-17,0.0,0.0180555555555546,0.0180555555555547,7.9,1,True
10415,9.996344030316351e-17,9.996344030316351e-17,0.0,0.0611111111111088,0.061111111111108896,12.4,1,True
10271,9.996344030316351e-17,9.996344030316351e-17,0.0,0.006944444444444,0.0069444444444441,4.7,1,True
1220020804,9.367506770274758e-17,-3.469446951953614e-18,0.0,2.2749999999999986,2.2749999999999986,118.3,4,False
1220001100,9.367506770274758e-17,9.367506770274758e-17,0.0,1.2791666666666652,1.2791666666666652,66.8,4,False
1210015600,1.3877787807814457e-17,-0.0013888888888888978,0.001388888888888889,1.9194444444444432,1.9194444444444432,145.7,2,False
23,7.806255641895632e-18,7.806255641895632e-18,0.0,0.4083333333333319,0.4083333333333319,57.5,2,False
1220022504,6.938893903907228e-18,-0.001388888888888891,-0.0013888888888888887,2.4277777777777763,2.4277777777777763,103.1,4,False
10468,1.951563910473908e-18,1.5178830414797062e-18,0.0,0.11249999999999749,0.11249999999999749,21.5,1,True
10065,4.336808689942018e-19,4.336808689942018e-19,0.0,0.2388888888888872,0.2388888888888872,40.3,1,True
6,0.0,0.0,0.0,0.2569444444444429,0.2569444444444429,26.7,2,False
1220013100,0.0,0.0,0.0,1.4416666666666649,1.4416666666666649,278.8,1,False
1220015600,0.0,0.0,0.0,1.120833333333332,1.120833333333332,173.2,2,False
1220017202,0.0,0.0,0.0,5.305555555555554,5.305555555555554,164.2,2,False
1220001501,0.0,0.0,0.0,17.980555555555554,17.980555555555554,137.8,6,False
1220001200,0.0,0.0,0.0,10.929166666666665,10.929166666666665,63.2,5,False
10252,0.0,0.0,0.0,0.0013888888888888,0.0013888888888888,25.7,1,True
83,0.0,0.0,0.0,5.463888888888888,5.463888888888888,189.0,3,False
82,0.0,0.0,0.0,1.0569444444444431,1.0569444444444431,64.9,2,False
10314,0.0,0.0,0.0,0.0263888888888877,0.0263888888888877,6.9,1,True
76,0.0,0.0,0.0,18.0125,18.0125,282.5,3,False
80,0.0,0.0,0.0,90.81944444444444,90.81944444444444,384.9,2,False
5,0.0,0.0,0.0,0.3194444444444428,0.3194444444444428,37.2,2,False
3,0.0,0.0,0.0,0.9944444444444428,0.9944444444444428,109.0,2,False
10756,0.0,0.0,0.0,0.0444444444444428,0.0444444444444428,48.0,1,True
1220002202,0.0,0.0,-0.001388888888888889,11.908333333333331,11.908333333333331,131.5,6,False
379,0.0,0.0,0.0,7.2430555555555545,7.2430555555555545,689.4,1,False
10757,0.0,0.0,0.0,0.0194444444444435,0.0194444444444435,22.8,1,True
10729,0.0,0.0,0.0,0.2819444444444431,0.2819444444444431,59.1,2,True
10350,0.0,0.0,0.0,0.0583333333333307,0.0583333333333307,13.5,1,True
10038,0.0,0.0,0.0,0.056944444444442695,0.056944444444442695,21.5,1,True
10040,0.0,0.0,0.0,0.3749999999999985,0.3749999999999985,19.5,4,True
10043,0.0,0.0,0.0,0.3444444444444428,0.3444444444444428,15.5,4,True
10046,0.0,0.0,0.0,0.2527777777777761,0.2527777777777761,13.5,4,True
10056,0.0,0.0,0.0,0.0486111111111091,0.0486111111111091,31.9,1,True
10035,0.0,0.0,0.0,0.3624999999999988,0.3624999999999988,22.2,4,True
10036,0.0,0.0,0.0,0.0972222222222203,0.0972222222222203,20.8,1,True
10037,0.0,0.0,0.0,0.037499999999998396,0.037499999999998396,11.0,1,True
10055,0.0,0.0,0.0,0.1124999999999979,0.1124999999999979,42.0,1,True
10054,0.0,0.0,0.0,0.8777777777777763,0.8777777777777763,47.7,4,True
10053,0.0,0.0,0.0,0.2111111111111094,0.2111111111111094,34.3,2,True
10052,0.0,0.0,0.0,0.0083333333333329,0.0083333333333329,28.7,1,True
10058,0.0,0.0,0.0,0.12083333333333089,0.12083333333333089,42.8,1,True
10633,0.0,0.0,0.0,0.6444444444444428,0.6444444444444428,59.1,1,True
10047,0.0,0.0,0.0,0.033333333333331897,0.033333333333331897,13.7,1,True
10049,0.0,0.0,0.0,0.1541666666666645,0.1541666666666645,20.3,2,True
10705,0.0,0.0,0.0,0.2722222222222206,0.2722222222222206,16.5,2,True
10728,0.0,0.0,0.0,0.3013888888888877,0.3013888888888877,33.6,1,True
10000,0.0,0.0,0.0,0.0972222222222197,0.0972222222222197,12.5,2,True
10017,0.0,0.0,0.0,0.2777777777777762,0.2777777777777762,32.5,2,True
10057,0.0,0.0,0.0,0.2458333333333316,0.2458333333333316,53.6,2,True
10002,0.0,0.0,0.0,0.0680555555555531,0.0680555555555531,6.7,2,True
10005,0.0,0.0,0.0,0.4124999999999986,0.4124999999999986,45.5,2,True
10735,0.0,0.0,0.0,0.0597222222222205,0.0597222222222205,27.5,1,True
10736,0.0,0.0,0.0,0.1236111111111085,0.1236111111111085,46.7,1,True
10737,0.0,0.0,0.0,0.1583333333333312,0.1583333333333312,26.5,1,True
10738,0.0,0.0,0.0,0.2722222222222205,0.2722222222222205,46.9,1,True
10721,0.0,0.0,0.0,0.3041666666666653,0.3041666666666653,37.5,1,True
10722,0.0,0.0,0.0,0.2902777777777762,0.2902777777777762,38.9,2,True
10723,0.0,0.0,0.0,0.1916666666666648,0.1916666666666648,23.1,1,True
10724,0.0,0.0,0.0,0.2624999999999985,0.2624999999999985,32.5,1,True
10727,0.0,0.0,0.0,0.1805555555555536,0.1805555555555536,20.7,1,True
225,0.0,0.0,0.0,0.051388888888887,0.051388888888887,30.9,1,False
217,0.0,0.0,0.0,0.8222222222222209,0.8222222222222209,18.8,1,False
293,0.0,0.0,0.0,2.290277777777776,2.290277777777776,134.4,2,False
1220001900,0.0,0.0,0.0,3.2486111111111096,3.2486111111111096,154.9,4,False
10104,0.0,0.0,0.0,0.0027777777777776,0.0027777777777776,1.3,1,True
10240,0.0,0.0,0.0,0.0499999999999979,0.0499999999999979,44.5,1,True
10238,0.0,0.0,0.0,0.1736111111111093,0.1736111111111093,60.6,2,True
10230,0.0,0.0,0.0,0.0416666666666649,0.0416666666666649,15.7,1,True
10229,0.0,0.0,0.0,0.0374999999999985,0.0374999999999985,23.0,1,True
10584,0.0,0.0,0.0,0.037499999999998396,0.037499999999998396,25.8,1,True
10632,0.0,0.0,0.0,0.12638888888888689,0.12638888888888689,43.9,1,True
10595,0.0,0.0,0.0,1.963888888888887,1.963888888888887,50.1,2,True
10631,0.0,0.0,0.0,0.1430555555555534,0.1430555555555534,65.0,3,True
10094,0.0,0.0013888888888888996,0.0,0.2930555555555538,0.2930555555555538,51.6,2,True
10085,0.0,0.0,0.0,0.2430555555555538,0.2430555555555538,11.8,4,True
10071,0.0,0.0,0.0,1.2319444444444427,1.2319444444444427,58.0,4,True
59,0.0,0.0,0.0,0.7361111111111097,0.7361111111111097,37.9,4,False
10066,0.0,0.0,0.0,0.5430555555555538,0.5430555555555538,24.7,4,True
10069,0.0,0.0,0.0,0.0027777777777776,0.0027777777777776,47.6,1,True
10128,0.0,0.0,0.0,0.9722222222222207,0.9722222222222207,47.8,4,True
10086,0.0,0.0,0.0,0.2958333333333319,0.2958333333333319,14.8,4,True
42,0.0,0.0,0.0,3.3097222222222205,3.3097222222222205,157.3,4,False
60,0.0,0.0,0.0,5.1180555555555545,5.1180555555555545,255.0,4,False
66,0.0,0.0,0.0,287.8875,287.8875,2661.6,4,False
1220042300,0.0,0.0,0.0,34.53611111111111,34.53611111111111,896.9,2,False
51,0.0,0.0,0.0,0.0124999999999996,0.0124999999999996,113.7,1,False
41,0.0,0.0,0.0,1.5555555555555538,1.5555555555555538,73.3,5,False
25,0.0,0.0,0.0,4.95972222222222,4.95972222222222,241.8,4,False
27,0.0,0.0,0.0,0.0569444444444421,0.0569444444444421,25.2,1,False
35,0.0,0.0,0.0,1.6902777777777758,1.6902777777777758,79.6,4,False
36,0.0,0.0,0.0,2.0138888888888875,2.0138888888888875,95.0,4,False
13,0.0,0.0,0.0,1.5111111111111093,1.5111111111111093,167.8,2,False
10283,-2.168404344971009e-19,2.168404344971009e-19,0.0,0.1694444444444424,0.1694444444444424,26.5,3,True
10671,-1.0842021724855044e-18,-1.0842021724855044e-18,0.0,0.0708333333333312,0.0708333333333312,19.5,1,True
10001,-1.0842021724855044e-18,-1.0842021724855044e-18,0.0,0.1194444444444423,0.1194444444444423,17.5,2,True
256,-6.938893903907228e-18,-6.938893903907228e-18,0.0,1.5361111111111097,1.5361111111111097,201.7,1,False
90,-1.3877787807814457e-17,-1.3877787807814457e-17,-0.0041666666666666675,5.077777777777777,5.077777777777777,372.9,4,False
10752,-9.627715291671279e-17,-0.0013888888888889967,0.0,0.4902777777777763,0.4902777777777762,56.1,2,True
10249,-9.71445146547012e-17,5.204170427930421e-18,0.0,0.4138888888888876,0.4138888888888875,32.5,3,True
75,-9.71445146547012e-17,-0.0027777777777778963,0.0,0.7833333333333321,0.783333333333332,344.3,2,False
1220012600,-9.71445146547012e-17,0.0013888888888888007,0.0,2.0999999999999988,2.0999999999999988,169.8,3,False
10668,-9.90960785651751e-17,-0.0013888888888888994,0.0,0.1291666666666644,0.1291666666666643,24.9,1,True
10214,-9.974659986866641e-17,-9.974659986866641e-17,0.0,0.0111111111111105,0.0111111111111104,16.6,1,True
10253,-9.974659986866641e-17,-9.974659986866641e-17,0.0,0.0069444444444441,0.006944444444444,22.5,1,True
10709,-1.0126448291014611e-16,-0.0013888888888890026,0.0,0.2041666666666649,0.2041666666666648,16.8,3,True
10472,-1.0148132334464322e-16,-0.0013888888888889004,0.0,0.369444444444443,0.3694444444444429,20.4,2,True
10493,-2.0079424234431542e-16,-0.0013888888888891004,0.0,0.23888888888888749,0.2388888888888873,43.1,3,True
10657,-2.0122792321330962e-16,-0.0041666666666667,0.0,0.0597222222222205,0.059722222222220296,5.7,3,True
10616,-2.0209528495129803e-16,-0.004166666666666801,0.0,0.1277777777777757,0.1277777777777755,13.8,1,True
10345,-2.98806118737005e-16,-2.98806118737005e-16,0.0,0.1083333333333313,0.108333333333331,27.2,2,True
10223,-4.961309141293668e-16,0.0013888888888883028,-0.009722222222222226,0.1902777777777763,0.1902777777777758,5.3,3,True
10446,-5.022024462952857e-16,0.0013888888888883982,-0.009722222222222222,0.1097222222222204,0.1097222222222199,5.2,3,True
1210008202,-0.0013888888888884962,-0.008333333333332901,-0.005555555555555555,0.7347222222222206,0.7333333333333321,33.5,2,False
10426,-0.0013888888888885001,-0.0013888888888886001,0.0,0.0319444444444427,0.030555555555554198,25.9,1,True
10732,-0.0013888888888886992,-0.004166666666666501,0.0,0.3749999999999985,0.3736111111111098,59.8,2,True
10110,-0.0013888888888887003,-0.0013888888888887003,0.0,0.0291666666666652,0.0277777777777765,13.6,1,True
10365,-0.0013888888888887005,-0.0013888888888887014,0.002777777777777777,0.1263888888888873,0.1249999999999986,7.9,2,True
10143,-0.0013888888888887985,-0.0013888888888887985,0.0,0.1083333333333312,0.1069444444444424,5.8,1,True
10269,-0.0013888888888887998,-0.0013888888888887998,0.0,0.0527777777777758,0.051388888888887,7.2,1,True
172,-0.0013888888888888,-0.0013888888888888,0.0,0.006944444444444,0.0055555555555552,10.7,1,False
10108,-0.0013888888888888,-0.0013888888888888,0.0,0.0027777777777776,0.0013888888888888,1.5,1,True
10319,-0.0013888888888888,-0.0013888888888888,0.0,0.013888888888888,0.012499999999999201,14.4,1,True
19,-0.0013888888888888,-0.0013888888888888,0.0,0.012499999999999201,0.0111111111111104,10.5,1,False
10516,-0.0013888888888888,-0.0013888888888888,0.0,0.0055555555555552,0.0041666666666664,20.0,1,True
142,-0.0013888888888888,-0.0013888888888888,0.0,0.0013888888888888,0.0,70.4,1,False
10222,-0.0013888888888888,-0.0013888888888888,0.0,0.0013888888888888,0.0,23.3,1,True
10530,-0.0013888888888888,-0.0013888888888888,0.0,0.0055555555555552,0.0041666666666664,4.3,1,True
10368,-0.0013888888888888,-0.0013888888888888,0.0,0.0013888888888888,0.0,60.1,1,True
21,-0.0013888888888888284,-0.008333333333333331,-0.013888888888888888,4.515277777777776,4.5138888888888875,172.8,2,False
10300,-0.0013888888888888944,-0.0013888888888888944,8.673617379884035e-19,0.1138888888888885,0.1124999999999996,42.7,1,True
10403,-0.001388888888888897,-0.0013888888888888965,0.0,0.2763888888888872,0.2749999999999983,16.0,2,True
341,-0.0013888888888888978,-0.0013888888888888978,-0.008333333333333333,5.322222222222221,5.320833333333332,65.9,1,False
364,-0.0013888888888888978,0.0,0.0,1.7624999999999986,1.7611111111111097,55.5,1,False
165,-0.0013888888888888983,-0.0013888888888888974,0.0,0.2361111111111095,0.2347222222222206,43.4,1,False
65,-0.001388888888888899,-0.0027777777777777983,-0.0027777777777777775,0.1319444444444426,0.1305555555555537,15.5,1,False
10371,-0.0013888888888888994,0.0013888888888887996,0.0,0.0486111111111093,0.0472222222222204,61.6,2,True
10471,-0.0013888888888888996,-0.0013888888888888996,0.0,0.1361111111111088,0.1347222222222199,7.9,2,True
10467,-0.0013888888888888996,-0.0013888888888888996,0.0,0.2638888888888873,0.2624999999999984,41.8,1,True
10239,-0.0013888888888888996,-0.0013888888888888996,0.0,0.0874999999999979,0.086111111111109,30.9,1,True
10115,-0.0013888888888888996,-0.0013888888888889004,0.0,0.0236111111111101,0.0222222222222212,1.0,4,True
10755,-0.0013888888888888996,-0.0013888888888888996,0.0,0.059722222222220595,0.0583333333333317,50.4,2,True
10611,-0.0013888888888888998,-9.93129189996722e-17,0.0,0.0208333333333322,0.0194444444444433,13.0,1,True
10273,-0.0013888888888888998,-0.0013888888888888998,0.0,0.0111111111111105,0.0097222222222216,9.2,1,True
10257,-0.0013888888888889,-0.0013888888888889,0.0,0.0458333333333317,0.0444444444444428,37.2,1,True
10255,-0.0013888888888889002,-0.0013888888888889002,0.0,0.0416666666666646,0.0402777777777757,14.3,1,True
10225,-0.0013888888888889004,-0.0013888888888889004,0.0,0.1722222222222204,0.1708333333333315,29.4,2,True
10558,-0.001388888888888901,-0.001388888888888901,0.0,0.0583333333333314,0.0569444444444425,20.9,1,True
10158,-0.0013888888888889013,-0.0013888888888889004,0.0,0.2527777777777761,0.2513888888888872,15.6,3,True
10226,-0.0013888888888889022,-0.0013888888888889013,0.0,0.0847222222222206,0.08333333333333169,30.7,2,True
10492,-0.001388888888888903,-0.0083333333333334,0.0,0.1791666666666648,0.1777777777777759,40.8,1,True
10760,-0.001388888888888903,-0.0013888888888889013,0.002777777777777778,0.6708333333333322,0.6694444444444433,59.3,1,True
100,-0.0013888888888889117,-0.0013888888888889117,0.0,7.969444444444443,7.968055555555554,211.6,2,False
291,-0.001388888888888995,0.0013888888888888007,0.0,2.104166666666665,2.102777777777776,124.0,3,False
10299,-0.0013888888888889997,-0.001388888888889,0.0,0.009722222222221799,0.0083333333333328,23.6,1,True
10270,-0.0013888888888890008,-2.0014372104082412e-16,0.0,0.0930555555555535,0.0916666666666645,17.2,3,True
255,-0.001388888888889001,0.0013888888888886981,0.0,0.0749999999999979,0.07361111111110889,7.5,2,False
10100,-0.001388888888889002,-0.001388888888889002,0.0,0.4055555555555541,0.4041666666666651,50.7,3,True
1220021803,-0.0013888888888890054,-2.0469737016526324e-16,-0.022222222222222227,3.7222222222222205,3.7208333333333314,179.3,3,False
10767,-0.0013888888888890067,-0.002777777777777908,0.0,0.3083333333333317,0.3069444444444427,67.2,2,True
10059,-0.0013888888888891012,-0.001388888888889102,0.0,0.0694444444444426,0.0680555555555535,54.6,2,True
10029,-0.001388888888889201,-0.0013888888888891995,0.0,0.11111111111110909,0.10972222222221989,25.6,1,True
10336,-0.002777777777777201,-0.001388888888888301,0.0,0.0736111111111088,0.0708333333333316,11.4,2,True
10375,-0.0027777777777772995,-0.0027777777777773004,0.0,0.0319444444444429,0.0291666666666656,25.5,1,True
10022,-0.002777777777777498,2.0122792321330962e-16,0.008333333333333333,0.1749999999999983,0.1722222222222208,6.5,1,True
10170,-0.0027777777777775003,-0.0027777777777775003,0.0,0.0333333333333317,0.0305555555555542,46.1,2,True
10747,-0.002777777777777598,-0.002777777777777598,0.0,0.093055555555553,0.0902777777777754,17.2,1,True
10600,-0.0027777777777776,-0.0027777777777776,0.0,0.0083333333333328,0.0055555555555552,12.9,1,True
10563,-0.0027777777777776005,-0.0013888888888888013,0.0,0.0638888888888865,0.0611111111111089,27.1,1,True
10542,-0.002777777777777605,-0.009722222222222104,0.0,0.3624999999999983,0.3597222222222207,16.2,4,True
22,-0.002777777777777696,-0.0013888888888887946,0.0,0.38333333333333197,0.3805555555555543,49.5,2,False
10062,-0.0027777777777776994,-0.0027777777777776994,0.0,0.3722222222222205,0.3694444444444428,25.7,4,True
10332,-0.0027777777777777,-0.0027777777777777,0.0,0.0152777777777769,0.012499999999999201,13.2,1,True
17,-0.0027777777777777,-0.0041666666666665,0.0,0.0152777777777769,0.012499999999999201,6.8,1,False
10585,-0.0027777777777777003,-0.0027777777777777003,-0.004166666666666667,0.0791666666666645,0.0763888888888868,25.1,1,True
10568,-0.0027777777777777003,-0.0027777777777777003,0.0,0.0666666666666636,0.0638888888888859,33.1,1,True
10504,-0.0027777777777777003,-0.0027777777777777003,0.0,0.0166666666666659,0.0138888888888882,9.3,1,True
10485,-0.002777777777777701,-0.002777777777777701,0.0,0.119444444444442,0.1166666666666643,6.5,3,True
10475,-0.002777777777777702,-0.0027777777777777003,0.0,0.2388888888888871,0.23611111111110938,9.0,4,True
164,-0.0027777777777777987,-0.0027777777777777987,0.0,0.3208333333333315,0.3180555555555537,43.4,1,False
10519,-0.002777777777777799,-0.009722222222222198,0.0,0.2666666666666651,0.2638888888888873,36.0,4,True
1210009502,-0.002777777777777799,0.0,0.001388888888888889,0.2791666666666649,0.2763888888888871,53.1,4,False
10333,-0.0027777777777777996,-0.0027777777777778,0.0,0.0569444444444429,0.0541666666666651,23.0,1,True
10731,-0.0027777777777778,-0.0027777777777778,0.0,0.1083333333333314,0.1055555555555536,47.2,2,True
10469,-0.0027777777777778017,-0.004166666666666703,0.0,0.4194444444444429,0.4166666666666651,25.8,3,True
10337,-0.002777777777777804,-3.903127820947816e-18,0.0,0.21249999999999822,0.2097222222222204,20.0,2,True
10153,-0.002777777777777807,-1.0668549377257364e-16,0.0,0.5624999999999986,0.5597222222222207,36.8,3,True
10113,-0.0027777777777779006,-0.0027777777777779015,0.0,0.1527777777777756,0.1499999999999977,22.8,2,True
10673,-0.0027777777777779015,-0.004166666666666701,0.0,0.0555555555555537,0.0527777777777758,8.1,2,True
10344,-0.0027777777777779015,-0.0027777777777779032,0.0,0.1013888888888869,0.098611111111109,11.5,2,True
10759,-0.0027777777777779978,-0.002777777777777898,0.0,0.47083333333333177,0.4680555555555538,33.0,1,True
10216,-0.002777777777778193,0.001388888888888504,0.0,0.8138888888888874,0.8111111111111093,23.0,3,True
10124,-0.004166666666666394,-0.004166666666666395,0.0,0.4763888888888872,0.4722222222222208,69.5,2,True
10740,-0.004166666666666397,-0.0041666666666664975,0.0,0.265277777777776,0.2611111111111096,43.8,2,True
10246,-0.0041666666666664,-0.0027777777777776005,0.0,0.013888888888888,0.0097222222222216,27.8,1,True
10105,-0.0041666666666664,-0.0041666666666664,0.0,0.0055555555555552,0.0013888888888888,4.5,1,True
10494,-0.004166666666666401,-0.005555555555555304,0.0,0.2944444444444428,0.2902777777777764,36.2,1,True
422,-0.004166666666666498,-0.005555555555555399,0.0,0.1138888888888864,0.1097222222222199,17.2,2,False
10556,-0.0041666666666665,-0.0041666666666665,0.0,0.0430555555555539,0.0388888888888874,7.4,1,True
10373,-0.004166666666666503,-0.004166666666666602,0.0,0.124999999999998,0.1208333333333315,26.4,2,True
1220008202,-0.00416666666666651,0.005555555555555789,-0.006944444444444441,3.0111111111111097,3.006944444444443,165.3,2,False
1220008602,-0.004166666666666558,-0.0013888888888888493,-0.03333333333333334,1.4861111111111094,1.481944444444443,181.2,2,False
10536,-0.004166666666666597,-0.008333333333333297,0.0,0.6319444444444429,0.6277777777777763,42.7,3,True
10528,-0.004166666666666598,-0.004166666666666597,0.0,0.0972222222222196,0.09305555555555299,15.9,1,True
10677,-0.004166666666666599,-0.004166666666666598,0.0,0.14722222222222,0.1430555555555534,20.2,2,True
10636,-0.004166666666666599,-0.0027777777777778,0.0,0.2374999999999982,0.2333333333333316,98.1,2,True
7,-0.0041666666666666,-0.0027777777777777003,0.0,0.1277777777777757,0.12361111111110909,43.8,2,False
10224,-0.0041666666666666,-0.004166666666666601,0.0,0.0166666666666659,0.0124999999999993,7.5,1,True
10507,-0.004166666666666601,-0.0041666666666666016,0.0,0.0569444444444422,0.0527777777777756,19.6,1,True
10571,-0.004166666666666601,-0.004166666666666601,0.0,0.0402777777777762,0.036111111111109595,44.1,1,True
10202,-0.004166666666666603,-0.004166666666666603,0.0,0.4958333333333321,0.4916666666666655,58.2,3,True
10640,-0.004166666666666697,-0.004166666666666697,0.0,0.3694444444444434,0.3652777777777767,478.0,2,True
10506,-0.004166666666666699,-0.0041666666666667004,0.0,0.0416666666666648,0.0374999999999981,18.1,1,True
10070,-0.004166666666666699,-0.0041666666666667,0.0,0.2111111111111094,0.2069444444444427,43.0,1,True
10169,-0.0041666666666667,-0.0041666666666667,0.0,0.3166666666666656,0.3124999999999989,39.4,1,True
10233,-0.004166666666666702,-0.005555555555555603,0.0,0.1986111111111092,0.1944444444444425,14.4,3,True
10443,-0.0041666666666668,-0.0041666666666667984,0.0,0.643055555555554,0.6388888888888873,32.3,4,True
10444,-0.004166666666666898,-0.001388888888889099,0.0,0.2722222222222209,0.268055555555554,12.0,3,True
4,-0.004166666666666902,-0.0041666666666669025,0.0,0.1999999999999982,0.1958333333333313,28.1,3,False
170,-0.005555555555555001,-0.004166666666666201,0.0,0.0416666666666647,0.0361111111111097,22.5,1,False
10109,-0.0055555555555553,-0.0055555555555553,0.0,0.0083333333333329,0.0027777777777776,6.9,1,True
10554,-0.0055555555555554005,-0.005555555555555399,0.0,0.0499999999999981,0.0444444444444427,10.7,1,True
10330,-0.005555555555555401,-0.0041666666666666016,-0.008333333333333333,0.0277777777777771,0.0222222222222217,18.9,1,True
10024,-0.005555555555555402,-0.008333333333333203,0.0,0.229166666666665,0.2236111111111096,12.0,4,True
10623,-0.005555555555555499,-0.005555555555555496,0.0,0.1305555555555533,0.12499999999999781,65.1,2,True
10617,-0.005555555555555499,-0.0027777777777778,0.0,0.058333333333331495,0.052777777777776,14.8,2,True
10295,-0.005555555555555499,-0.005555555555555499,0.0,0.0152777777777772,0.0097222222222217,19.3,1,True
10597,-0.005555555555555602,-0.009722222222222198,-0.001388888888888889,1.105555555555554,1.0999999999999983,41.6,2,True
10701,-0.005555555555555607,-0.004166666666666709,0.0,0.9916666666666655,0.9861111111111099,427.0,2,True
10474,-0.0055555555555558,-0.004166666666666901,-0.001388888888888889,0.1694444444444425,0.1638888888888867,8.5,3,True
10348,-0.005555555555555901,-0.005555555555555799,0.0,0.0819444444444424,0.0763888888888865,14.2,2,True
10131,-0.005555555555555902,-0.006944444444444803,0.0,0.4347222222222208,0.4291666666666649,20.2,4,True
55,-0.005555555555555924,-0.005555555555555924,0.0,24.133333333333333,24.127777777777776,471.4,4,False
1220012003,-0.006944444444444099,-0.005555555555555199,0.0,0.5333333333333315,0.5263888888888874,113.9,2,False
10182,-0.0069444444444441995,-0.0069444444444441995,0.0,0.0680555555555532,0.061111111111109,13.1,1,True
10322,-0.0069444444444443,-0.0069444444444443,0.0,0.036111111111109796,0.029166666666665498,10.2,1,True
10150,-0.006944444444444302,-0.0027777777777775996,-0.001388888888888889,0.3791666666666649,0.37222222222222057,12.4,4,True
199,-0.006944444444444394,-0.006944444444444394,0.0,0.6541666666666652,0.6472222222222209,244.6,1,False
10586,-0.006944444444444396,-0.005555555555555495,0.0,0.3347222222222207,0.3277777777777763,35.8,2,True
10429,-0.0069444444444444,-0.006944444444444399,0.0,0.2458333333333316,0.2388888888888872,50.4,1,True
1220024301,-0.006944444444444406,-0.01527777777777771,0.0,3.8249999999999984,3.8180555555555538,121.4,4,False
10190,-0.00694444444444447,-0.0041666666666667716,0.0,1.0888888888888875,1.0819444444444428,23.5,4,True
1220001602,-0.006944444444444475,-0.006944444444444482,0.0,2.9861111111111094,2.979166666666665,139.6,4,False
260,-0.0069444444444445,-0.008333333333333401,0.0,0.1972222222222204,0.1902777777777759,30.7,1,False
10666,-0.006944444444444599,-0.0069444444444445984,0.0,0.0749999999999979,0.0680555555555533,30.3,1,True
10209,-0.006944444444444604,-0.009722222222222202,0.0,0.5013888888888873,0.4944444444444427,17.7,3,True
10370,-0.0069444444444447025,-0.006944444444444601,0.0,0.1263888888888866,0.1194444444444419,25.9,2,True
10654,-0.006944444444444801,0.005555555555555295,0.0,0.7333333333333318,0.7263888888888871,19.3,3,True
10095,-0.008333333333333094,-0.005555555555555293,0.0,0.6874999999999983,0.6791666666666653,48.1,2,True
10211,-0.0083333333333333,-0.009722222222222198,0.0013888888888888883,0.4138888888888875,0.40555555555555417,17.3,3,True
10457,-0.008333333333333304,-0.0111111111111111,-0.001388888888888889,0.3333333333333318,0.3249999999999985,37.9,4,True
89,-0.008333333333333325,-0.0027777777777778234,0.0,4.918055555555554,4.9097222222222205,365.2,4,False
10713,-0.008333333333333397,-0.009722222222222196,0.0,0.3986111111111095,0.3902777777777761,24.3,3,True
10041,-0.0083333333333334,-0.0083333333333334,0.0,0.4111111111111097,0.4027777777777763,18.7,4,True
10275,-0.0083333333333334,-0.008333333333333401,0.0,0.0347222222222209,0.0263888888888875,8.6,3,True
10267,-0.008333333333333401,-0.009722222222222304,0.0,0.10972222222222,0.1013888888888866,24.6,1,True
1210008603,-0.008333333333333474,-0.011111111111111169,0.0013888888888888822,1.8124999999999984,1.804166666666665,152.5,2,False
10235,-0.008333333333333498,-0.008333333333333496,0.0,0.3208333333333321,0.3124999999999986,36.2,3,True
10260,-0.0083333333333335,-0.008333333333333498,0.0,0.1583333333333315,0.149999999999998,10.6,3,True
328,-0.008333333333333526,-0.00972222222222232,0.0,1.3499999999999985,1.341666666666665,176.7,4,False
10291,-0.008333333333333599,-0.008333333333333599,0.0,0.1555555555555534,0.1472222222222198,8.9,4,True
1220009502,-0.00833333333333381,-0.009722222222222607,0.0,0.7249999999999988,0.716666666666665,155.7,3,False
10527,-0.0097222222222217,-0.009722222222221702,0.0,0.0458333333333313,0.0361111111111096,14.8,1,True
10500,-0.009722222222221901,-0.0097222222222219,0.0,0.4236111111111094,0.4138888888888875,50.6,2,True
14,-0.009722222222222,-0.009722222222221999,0.0,0.5402777777777765,0.5305555555555546,163.1,2,False
10432,-0.0097222222222221,-0.011111111111111002,0.0,0.1361111111111088,0.1263888888888867,11.0,3,True
10121,-0.0097222222222222,-0.009722222222222198,0.0,0.3152777777777759,0.3055555555555537,61.7,1,True
10624,-0.009722222222222299,-0.009722222222222198,0.0,0.0958333333333312,0.0861111111111089,39.3,2,True
10063,-0.009722222222222299,-0.011111111111111197,0.0,0.1611111111111091,0.1513888888888868,16.1,1,True
10619,-0.009722222222222302,-0.006944444444444607,0.0,0.5152777777777764,0.5055555555555541,40.8,4,True
10168,-0.009722222222222302,-0.0097222222222223,0.0,0.1152777777777755,0.1055555555555532,16.4,1,True
10499,-0.009722222222222396,-0.009722222222222297,0.0,0.4583333333333316,0.4486111111111092,23.3,2,True
8,-0.0097222222222224,-0.009722222222222401,0.0,0.0916666666666643,0.0819444444444419,27.5,3,False
10449,-0.009722222222222401,-0.006944444444444605,0.0,0.1722222222222203,0.1624999999999979,8.4,4,True
298,-0.009722222222222549,0.016666666666666385,-0.055555555555555566,10.065277777777776,10.055555555555554,109.8,5,False
1220021204,-0.00972222222222259,-0.00972222222222259,0.019444444444444445,11.333333333333332,11.32361111111111,156.3,4,False
10521,-0.011111111111110902,-0.009722222222222,0.0,0.0791666666666643,0.0680555555555534,10.7,4,True
1210012001,-0.011111111111110999,-0.011111111111111002,-2.168404344971009e-19,0.6124999999999985,0.6013888888888875,12.8,2,False
10746,-0.0111111111111111,-0.009722222222222198,0.0,0.2902777777777762,0.2791666666666651,52.4,2,True
10726,-0.011111111111111202,-0.012500000000000098,0.0,0.186111111111109,0.1749999999999978,38.1,1,True
10125,-0.011111111111111294,-0.011111111111111294,-0.009722222222222222,2.818055555555554,2.8069444444444427,50.4,4,True
10358,-0.0111111111111113,-0.012500000000000202,0.0,0.1083333333333311,0.0972222222222198,15.0,2,True
10531,-0.0111111111111113,-0.011111111111111304,0.0,0.0944444444444426,0.0833333333333313,4.7,3,True
196,-0.0111111111111114,-0.011111111111111299,0.0,0.2194444444444428,0.2083333333333314,91.3,1,False
10334,-0.011111111111111403,-0.009722222222222403,0.0,0.1819444444444427,0.17083333333333128,16.4,2,True
10606,-0.0124999999999994,-0.0124999999999994,0.0,0.022222222222221,0.0097222222222216,4.0,1,True
1220012103,-0.012499999999999595,-0.026388888888888393,-0.019444444444444445,5.897222222222221,5.884722222222221,112.3,2,False
1220002302,-0.012499999999999692,-0.0055555555555553,0.0,2.2138888888888872,2.2013888888888875,138.8,5,False
10685,-0.012499999999999796,-0.011111111111110995,0.0,0.39999999999999847,0.3874999999999987,60.2,2,True
1220043200,-0.012499999999999886,-0.056944444444444395,-0.019444444444444448,1.1736111111111096,1.1611111111111097,16.3,3,False
10689,-0.01249999999999989,-0.015277777777777795,0.0,0.8708333333333318,0.858333333333332,63.1,2,True
268,-0.012499999999999898,-0.006944444444444404,-0.02222222222222222,1.0819444444444426,1.0694444444444426,46.3,4,False
1220012001,-0.0124999999999999,-0.012499999999999907,0.012500000000000013,5.276388888888888,5.2638888888888875,413.7,2,False
10678,-0.012499999999999999,-0.013888888888888895,0.0,0.2222222222222205,0.2097222222222205,20.1,2,True
10739,-0.0125,-0.011111111111111098,0.0,0.1291666666666645,0.11666666666666449,32.8,1,True
1220012002,-0.012500000000000004,-0.0125,0.0,0.3666666666666651,0.3541666666666651,79.9,2,False
10720,-0.012500000000000101,-0.009722222222222299,0.0,0.1569444444444423,0.1444444444444422,38.0,2,True
10385,-0.012500000000000202,-0.012500000000000098,0.0,0.6069444444444428,0.5944444444444427,34.5,2,True
365,-0.012500000000000205,-0.008333333333333505,0.0,0.3208333333333318,0.30833333333333157,57.3,1,False
10733,-0.0125000000000004,-0.0138888888888892,0.0,0.3444444444444432,0.3319444444444428,51.6,1,True
10509,-0.0138888888888889,-0.015277777777777802,-0.004166666666666667,0.2763888888888873,0.2624999999999984,38.7,1,True
10495,-0.013888888888888902,-0.012500000000000004,0.0,0.1597222222222202,0.1458333333333313,37.0,2,True
10179,-0.013888888888888909,-0.020833333333333304,0.0013888888888888872,1.247222222222221,1.2333333333333318,11.6,4,True
10205,-0.013888888888889093,-0.018055555555555793,0.0,1.2263888888888876,1.2124999999999986,47.9,3,True
10749,-0.015277777777777697,-0.015277777777777703,0.0,0.3972222222222206,0.3819444444444429,57.6,2,True
10409,-0.0152777777777777,-0.0263888888888889,-0.0027777777777777766,0.113888888888887,0.0986111111111093,4.3,3,True
10197,-0.015277777777777703,-0.013888888888888902,0.0,0.7638888888888873,0.7486111111111096,48.5,4,True
62,-0.015277777777777734,-0.01666666666666662,0.001388888888888889,3.219444444444443,3.2041666666666653,405.0,2,False
10174,-0.015277777777777796,-0.012499999999999997,0.0,0.27499999999999847,0.2597222222222207,40.5,1,True
10754,-0.015277777777777796,-0.016666666666666698,0.0,0.2416666666666651,0.2263888888888873,30.5,1,True
10753,-0.0152777777777778,-0.015277777777777701,0.0,0.4055555555555541,0.3902777777777763,44.6,1,True
316,-0.0152777777777778,-0.015277777777777796,-0.01388888888888889,0.0722222222222203,0.0569444444444425,20.8,1,False
10454,-0.0152777777777779,-0.016666666666666698,0.0,0.1069444444444423,0.0916666666666644,4.2,4,True
10142,-0.015277777777777904,-0.015277777777777904,-0.001388888888888889,0.188888888888887,0.1736111111111091,9.8,1,True
276,-0.015277777777778296,-0.013888888888889294,0.0,1.3486111111111099,1.3333333333333315,68.3,4,False
10374,-0.0166666666666665,-0.0138888888888888,0.0,0.1527777777777756,0.1361111111111091,23.2,1,True
128,-0.01666666666666659,0.0111111111111112,-0.02499999999999999,4.424999999999999,4.408333333333331,63.0,5,False
10117,-0.016666666666666597,-0.0166666666666666,0.0,0.1472222222222201,0.1305555555555535,12.8,2,True
1220018502,-0.01666666666666679,-0.006944444444444496,0.0,2.0874999999999986,2.070833333333332,98.9,4,False
10141,-0.016666666666666802,-0.018055555555555703,-0.001388888888888889,0.241666666666665,0.2249999999999982,7.0,3,True
385,-0.018055555555554798,-0.0180555555555548,0.0,0.0263888888888877,0.0083333333333329,11.4,1,False
10761,-0.018055555555555294,-0.019444444444444188,0.0,0.4097222222222204,0.3916666666666651,70.8,3,True
1210018202,-0.018055555555555398,-0.019444444444444303,-0.013888888888888885,1.7916666666666652,1.7736111111111097,91.2,3,False
1220000102,-0.018055555555555478,-0.015277777777777682,0.0,5.337499999999999,5.319444444444443,326.0,4,False
10097,-0.018055555555555505,-0.012500000000000006,0.0,0.5708333333333321,0.5527777777777766,39.8,2,True
1210021204,-0.018055555555555713,-0.018055555555555713,-0.004166666666666655,19.96388888888889,19.945833333333333,95.9,5,False
1210019201,-0.01944444444444414,-0.016666666666666427,-0.011111111111111113,4.908333333333331,4.8888888888888875,112.2,3,False
10532,-0.0194444444444443,-0.015277777777777703,0.0,0.1777777777777758,0.1583333333333315,38.5,4,True
10540,-0.019444444444444403,-0.026388888888888906,-0.0013888888888888887,0.8430555555555541,0.8236111111111097,20.1,4,True
10181,-0.019444444444444597,-0.013888888888889098,0.0,0.1833333333333314,0.1638888888888868,12.6,4,True
10596,-0.019444444444444698,-0.022222222222222504,0.0,0.1888888888888871,0.1694444444444424,29.7,2,True
10151,-0.019444444444444705,-0.0180555555555558,0.0,0.1861111111111094,0.1666666666666647,10.3,1,True
319,-0.0194444444444448,-0.015277777777778102,-0.004166666666666667,0.1527777777777759,0.13333333333333108,23.1,1,False
10698,-0.020833333333333193,-0.018055555555555294,0.0,0.8111111111111093,0.7902777777777762,87.3,1,True
10144,-0.020833333333333294,-0.020833333333333297,0.0,0.3333333333333317,0.3124999999999984,23.5,3,True
10430,-0.020833333333333398,-0.026388888888888996,0.0,0.2458333333333318,0.2249999999999984,11.7,3,True
10498,-0.020833333333333398,-0.0166666666666666,0.0,0.4249999999999986,0.4041666666666652,24.7,2,True
10287,-0.0208333333333335,-0.020833333333333502,0.0,0.1027777777777755,0.081944444444442,8.0,4,True
10675,-0.020833333333333502,-0.0222222222222224,0.0,0.2236111111111095,0.202777777777776,19.0,2,True
259,-0.020833333333333807,-0.03611111111111161,-0.02777777777777778,0.3638888888888875,0.34305555555555367,11.2,3,False
309,-0.0222222222222222,-0.020833333333333287,-0.002777777777777778,8.759722222222221,8.737499999999999,490.7,3,False
10741,-0.022222222222222296,-0.0250000000000001,0.0,0.26527777777777617,0.2430555555555539,41.3,3,True
10505,-0.0222222222222223,-0.0236111111111112,0.0,0.2472222222222206,0.22499999999999828,18.9,3,True
78,-0.02222222222222242,-0.02222222222222245,0.0,9.594444444444443,9.572222222222221,476.5,2,False
277,-0.022222222222222504,-0.018055555555555797,0.0,5.202777777777777,5.1805555555555545,229.6,3,False
10441,-0.022222222222222508,-0.020833333333333606,0.0,0.7847222222222209,0.7624999999999984,35.1,3,True
213,-0.023611111111111,-0.02499999999999989,-0.02083333333333333,1.0458333333333316,1.0222222222222206,132.8,2,False
10436,-0.0236111111111111,-0.02500000000000001,0.0,0.2305555555555537,0.2069444444444426,10.4,3,True
10265,-0.0236111111111113,-0.0208333333333335,0.0,0.215277777777776,0.1916666666666647,22.0,3,True
1220008203,-0.02361111111111141,-0.02500000000000031,-0.020833333333333332,0.8194444444444429,0.7958333333333315,74.0,2,False
10293,-0.02361111111111161,-0.03750000000000041,0.0,0.8402777777777766,0.816666666666665,37.6,4,True
10635,-0.024999999999999897,-0.0305555555555554,0.001388888888888889,0.9111111111111094,0.8861111111111095,68.5,2,True
10453,-0.024999999999999918,-0.02499999999999991,0.0,0.7416666666666649,0.716666666666665,36.2,3,True
20,-0.025,-0.024999999999999994,0.0,0.5916666666666651,0.5666666666666651,59.5,2,False
136,-0.025,-0.0236111111111111,0.005555555555555555,0.3888888888888874,0.3638888888888874,20.6,4,False
10511,-0.025000000000000102,-0.0194444444444445,-0.020833333333333332,0.090277777777776,0.0652777777777759,10.2,1,True
1220012700,-0.026388888888888302,-0.026388888888888407,0.0,2.5319444444444428,2.505555555555554,162.7,3,False
279,-0.02638888888888878,-0.02638888888888878,0.0,2.418055555555554,2.3916666666666653,121.7,3,False
10207,-0.0263888888888888,-0.023611111111111003,0.0,0.08749999999999769,0.061111111111108896,26.4,1,True
1220021303,-0.02638888888888881,0.00416666666666668,-0.008333333333333318,6.777777777777777,6.751388888888888,140.6,4,False
308,-0.026388888888889007,-0.025000000000000105,0.0027777777777777775,0.8277777777777762,0.8013888888888872,48.7,4,False
10659,-0.02638888888888911,0.012499999999999796,-0.09166666666666666,1.0083333333333322,0.981944444444443,8.7,3,True
173,-0.026388888888889198,0.043055555555555236,-0.005555555555555588,7.529166666666665,7.502777777777776,33.2,5,False
10187,-0.027777777777777596,-0.026388888888888698,0.0,0.5263888888888872,0.4986111111111097,11.7,4,True
10313,-0.0277777777777776,-0.029166666666666497,-0.002777777777777778,0.1541666666666647,0.1263888888888871,12.5,1,True
10515,-0.0277777777777779,-0.020833333333333398,0.0,0.1527777777777757,0.1249999999999978,20.1,4,True
10402,-0.0291666666666669,-0.027777777777777995,-0.002777777777777778,0.2249999999999982,0.1958333333333313,11.6,2,True
10743,-0.029166666666667007,-0.029166666666667004,0.0,0.48611111111110983,0.45694444444444277,42.2,2,True
10681,-0.030555555555555586,-0.06666666666666689,-0.002777777777777778,2.1611111111111097,2.130555555555554,296.4,2,True
236,-0.03055555555555559,-0.030555555555555586,-0.02361111111111111,0.340277777777776,0.3097222222222204,45.1,1,False
275,-0.030555555555555843,-0.030555555555555836,0.0,2.9458333333333315,2.915277777777776,146.0,3,False
10765,-0.031944444444444,-0.031944444444444,0.0,0.4374999999999985,0.4055555555555545,49.2,1,True
1220061100,-0.03194444444444422,-0.0638888888888886,-0.002777777777777778,19.877777777777776,19.845833333333335,714.4,3,False
1220007402,-0.031944444444444456,-0.02777777777777774,-0.019444444444444448,2.1749999999999985,2.143055555555554,211.9,2,False
10248,-0.03194444444444451,-0.03194444444444451,0.0,0.4624999999999985,0.43055555555555397,34.1,3,True
10570,-0.0319444444444449,-0.040277777777778107,0.0,0.981944444444443,0.949999999999998,49.8,2,True
85,-0.03333333333333338,-0.04583333333333337,0.0041666666666666675,2.48611111111111,2.452777777777776,205.9,2,False
10645,-0.033333333333333784,-0.04444444444444491,-0.001388888888888889,4.756944444444444,4.72361111111111,350.4,1,True
58,-0.034722222222222,-0.045833333333332976,0.0,6.674999999999999,6.640277777777777,410.0,2,False
1,-0.0347222222222221,-0.030555555555555395,0.0,1.3472222222222205,1.3124999999999984,139.9,2,False
278,-0.034722222222222286,-0.03333333333333339,-0.025,2.790277777777776,2.7555555555555538,121.7,3,False
10512,-0.0361111111111114,-0.036111111111111406,-0.04444444444444444,0.1499999999999987,0.11388888888888729,12.1,1,True
10194,-0.0361111111111116,-0.03611111111111159,-0.036111111111111115,0.1097222222222204,0.0736111111111088,11.7,1,True
381,-0.0375000000000002,-0.033333333333333395,0.0,0.8569444444444427,0.8194444444444426,90.6,1,False
1220022601,-0.03888888888888879,-0.03749999999999998,0.0,1.7347222222222205,1.6958333333333317,84.6,4,False
1220019201,-0.03888888888888897,-0.04305555555555557,-0.06805555555555552,17.697222222222223,17.65833333333333,252.0,3,False
10135,-0.03888888888888922,-0.03888888888888921,-0.008333333333333333,1.7013888888888875,1.6624999999999983,31.5,4,True
10280,-0.04027777777777781,-0.03750000000000002,-0.018055555555555557,0.8041666666666651,0.7638888888888873,13.2,3,True
1220007004,-0.04027777777777781,-0.020833333333333398,-0.03055555555555555,4.568055555555555,4.527777777777777,292.6,2,False
10423,-0.040277777777777996,-0.040277777777777996,-0.041666666666666664,0.4124999999999984,0.3722222222222204,42.2,1,True
410,-0.04027777777777819,-0.05694444444444488,0.0,1.6541666666666652,1.6138888888888872,44.0,4,False
10538,-0.0430555555555555,-0.04305555555555549,0.0,1.041666666666665,0.9986111111111095,29.4,3,True
337,-0.0430555555555556,-0.03472222222222228,-0.058333333333333334,6.7958333333333325,6.752777777777776,303.0,4,False
10501,-0.044444444444444065,-0.02916666666666637,0.0,7.8166666666666655,7.772222222222221,941.4,2,True
409,-0.04444444444444411,-0.05694444444444411,0.0,2.230555555555554,2.18611111111111,59.6,4,False
407,-0.044444444444444814,-0.0430555555555559,0.0,2.5624999999999987,2.518055555555554,270.5,3,False
10447,-0.04583333333333319,-0.045833333333333275,0.0027777777777777783,0.4166666666666648,0.3708333333333316,10.9,4,True
10661,-0.04722222222222193,-0.03749999999999964,0.0,1.468055555555554,1.4208333333333318,41.5,3,True
1220000502,-0.04722222222222214,-0.04861111111111094,0.0,9.390277777777778,9.343055555555555,460.8,4,False
93,-0.04722222222222219,-0.04999999999999999,-0.004166666666666667,1.455555555555554,1.4083333333333317,81.2,3,False
53,-0.047222222222222276,-0.047222222222222276,-0.07222222222222223,2.7444444444444427,2.6972222222222206,39.7,5,False
282,-0.04999999999999971,-0.04722222222222202,-0.030555555555555565,1.6458333333333317,1.595833333333332,16.5,4,False
10634,-0.05000000000000003,-0.05277777777777763,0.0,1.0458333333333318,0.9958333333333319,64.2,3,True
1220015100,-0.051388888888888776,-0.0527777777777777,0.0,4.529166666666665,4.477777777777776,234.6,3,False
10163,-0.051388888888889206,-0.052777777777778,0.0,0.27916666666666523,0.227777777777776,11.6,3,True
1210008303,-0.05277777777777787,-0.05972222222222223,-0.11527777777777778,8.42361111111111,8.370833333333332,73.6,2,False
411,-0.05555555555555558,-0.058333333333333376,0.0,1.558333333333332,1.5027777777777764,160.4,3,False
10559,-0.05555555555555576,-0.05694444444444465,-0.043055555555555555,2.044444444444443,1.9888888888888872,21.7,4,True
10272,-0.0569444444444441,-0.0569444444444441,-0.058333333333333334,0.1652777777777765,0.1083333333333324,4.0,3,True
176,-0.05694444444444427,-0.07499999999999987,-0.04861111111111111,5.1597222222222205,5.102777777777776,88.7,5,False
1210009600,-0.0597222222222222,-0.05972222222222219,-0.06944444444444443,1.6694444444444432,1.609722222222221,120.7,1,False
1220018404,-0.06666666666666674,-0.05972222222222226,-0.05416666666666667,6.908333333333332,6.841666666666665,127.6,4,False
1220018301,-0.06944444444444496,-0.07777777777777828,-0.026388888888888892,3.8652777777777767,3.7958333333333316,41.4,4,False
1220011200,-0.07361111111111113,-0.07361111111111113,-0.07083333333333333,3.8777777777777764,3.804166666666665,276.5,1,False
10642,-0.0763888888888886,-0.0736111111111107,0.0,0.9597222222222204,0.8833333333333317,68.0,1,True
408,-0.07638888888888887,-0.11666666666666659,0.001388888888888889,7.745833333333332,7.669444444444443,201.2,3,False
297,-0.07638888888888967,-0.08750000000000069,0.0,2.99861111111111,2.9222222222222203,119.0,4,False
1210015700,-0.07916666666666677,-0.08194444444444457,-0.10416666666666666,2.913888888888888,2.834722222222221,169.0,2,False
70,-0.08055555555555532,-0.13472222222222213,-0.3333333333333333,10.165277777777776,10.084722222222222,338.3,2,False
358,-0.0819444444444442,-0.0819444444444442,-0.05416666666666666,1.6222222222222207,1.5402777777777765,113.6,2,False
10379,-0.08194444444444458,-0.0805555555555557,-0.05416666666666666,0.418055555555554,0.3361111111111094,19.4,2,True
103,-0.08333333333333352,-0.08472222222222238,0.0,5.866666666666665,5.783333333333332,364.3,3,False
292,-0.08472222222222238,-0.08888888888888896,0.0,5.04861111111111,4.963888888888888,197.4,4,False
1220007502,-0.0861111111111113,-0.10138888888888901,-0.13333333333333333,4.008333333333332,3.9222222222222207,211.9,2,False
1220022604,-0.0888888888888883,-0.0958333333333328,-0.03333333333333331,14.269444444444444,14.180555555555555,87.3,5,False
84,-0.09166666666666663,-0.04305555555555554,-0.06805555555555558,5.737499999999999,5.645833333333332,50.3,3,False
1210008501,-0.09305555555555549,-0.1041666666666667,-0.11250000000000002,8.3875,8.294444444444443,44.4,5,False
1220022501,-0.09444444444444439,-0.07916666666666666,-0.16944444444444445,14.362499999999999,14.268055555555556,66.6,5,False
10080,-0.09444444444444441,-0.0944444444444444,-0.043055555555555555,1.9027777777777761,1.8083333333333318,30.2,4,True
37,-0.09444444444444468,-0.08472222222222259,0.009722222222222222,9.049999999999999,8.955555555555554,537.1,3,False
10082,-0.09861111111111108,-0.0986111111111111,-0.08472222222222223,1.7944444444444427,1.6958333333333315,16.8,5,True
412,-0.10277777777777769,-0.1124999999999998,-0.001388888888888889,4.334722222222221,4.231944444444443,108.8,3,False
1210009402,-0.1055555555555554,-0.11111111111111091,-0.11527777777777778,3.8444444444444428,3.7388888888888876,23.3,3,False
1220008501,-0.10972222222222197,-0.12083333333333297,-0.07222222222222223,6.565277777777776,6.455555555555555,147.8,4,False
1220008201,-0.11111111111111051,-0.10138888888888835,-0.07083333333333333,6.808333333333332,6.697222222222221,92.9,2,False
46,-0.11527777777777762,-0.023611111111111138,-0.18472222222222218,9.741666666666665,9.626388888888888,958.9,4,False
1220061200,-0.11805555555555575,-0.11805555555555575,-0.12083333333333332,31.71527777777778,31.59722222222222,103.6,6,False
116,-0.122222222222222,-0.12222222222222191,-0.08194444444444444,1.0694444444444422,0.9472222222222203,48.3,4,False
73,-0.13333333333333308,-0.2291666666666664,-0.32638888888888895,22.877777777777776,22.744444444444444,710.7,4,False
1220007001,-0.14305555555555494,-0.15277777777777704,-0.1,9.159722222222221,9.016666666666666,221.6,2,False
1220006403,-0.14444444444444438,-0.14305555555555535,0.0013888888888888896,5.613888888888887,5.469444444444443,133.8,3,False
102,-0.14444444444444451,-0.18611111111111123,-0.11666666666666667,13.031944444444443,12.8875,365.3,3,False
10152,-0.14583333333333362,-0.13333333333333372,-0.08055555555555555,2.004166666666665,1.8583333333333316,35.1,4,True
1220007300,-0.14861111111111086,-0.13055555555555537,0.0,4.719444444444443,4.570833333333332,266.7,3,False
1220018504,-0.14999999999999997,-0.15833333333333324,-0.16249999999999998,12.694444444444443,12.544444444444444,97.2,5,False
10448,-0.15694444444444458,-0.15277777777777812,-0.1388888888888889,1.1499999999999986,0.9930555555555539,11.3,1,True
10452,-0.1625000000000001,-0.1625000000000001,-0.16527777777777777,0.4194444444444433,0.2569444444444432,4.9,1,True
10129,-0.18333333333333293,-0.18333333333333296,-0.16666666666666666,2.286111111111109,2.1027777777777765,12.3,4,True
10484,-0.1833333333333334,-0.21250000000000008,0.006944444444444444,8.158333333333331,7.974999999999999,384.2,1,True
88,-0.19861111111111118,-0.1916666666666667,-0.09999999999999998,6.491666666666665,6.293055555555554,174.0,4,False
416,-0.20138888888888878,-0.2902777777777776,-0.18055555555555555,9.283333333333333,9.081944444444444,165.7,2,False
10451,-0.2083333333333334,-0.21250000000000008,-0.19305555555555556,1.2624999999999986,1.0541666666666651,35.1,3,True
387,-0.219444444444444,-0.2319444444444439,0.0,7.472222222222221,7.252777777777777,226.6,4,False
1220021903,-0.2194444444444444,-0.2263888888888888,-0.19444444444444445,6.68611111111111,6.466666666666665,115.8,4,False
56,-0.22361111111111104,-0.22361111111111115,-0.008333333333333333,8.204166666666666,7.980555555555554,470.0,4,False
10523,-0.2236111111111112,-0.2236111111111112,-0.2694444444444445,8.89861111111111,8.674999999999999,14.0,4,True
1220012502,-0.24027777777777778,-0.2416666666666668,-0.25277777777777777,3.2791666666666655,3.0388888888888874,232.9,5,False
10526,-0.25694444444444453,-0.2555555555555556,-0.23333333333333334,2.8763888888888873,2.6194444444444427,11.6,4,True
31,-0.26527777777777706,-0.03888888888888831,-0.04444444444444444,54.048611111111114,53.78333333333333,1959.5,3,False
1220021203,-0.3055555555555555,-0.3055555555555556,-0.39305555555555555,15.131944444444445,14.82638888888889,200.0,4,False
10513,-0.30694444444444463,-0.3041666666666668,-0.2875,5.755555555555555,5.44861111111111,11.3,4,True
10621,-0.3097222222222218,-0.30833333333333307,0.0,14.249999999999998,13.940277777777776,937.9,2,True
10641,-0.3152777777777773,-0.38472222222222185,-0.17083333333333334,3.2805555555555537,2.9652777777777763,45.3,2,True
57,-0.32777777777777783,-0.39583333333333326,-0.19722222222222224,4.38611111111111,4.058333333333332,418.8,2,False
1220006503,-0.34166666666666656,-0.3013888888888889,-0.33055555555555555,6.495833333333332,6.154166666666665,75.6,4,False
10483,-0.34722222222222177,-0.36249999999999954,-0.019444444444444445,3.7111111111111095,3.363888888888888,303.4,1,True
427,-0.3583333333333332,-0.40555555555555545,-0.09722222222222224,15.058333333333332,14.7,521.7,4,False
10520,-0.37361111111111145,-0.37500000000000033,-0.3236111111111111,21.640277777777776,21.266666666666666,34.8,4,True
322,-0.3750000000000007,-0.37777777777777843,-0.37222222222222223,82.21111111111111,81.83611111111111,140.4,4,False
1210018302,-0.380555555555556,-0.3125000000000005,-0.2930555555555555,26.02777777777778,25.647222222222222,142.9,4,False
1220018401,-0.3874999999999999,-0.41527777777777763,-0.4291666666666666,32.94861111111111,32.56111111111111,170.0,5,False
1220015000,-0.39583333333333304,-0.3958333333333329,-0.4111111111111111,6.463888888888888,6.068055555555555,34.3,4,False
10032,-0.45833333333333326,-0.45833333333333326,-0.3944444444444445,2.193055555555554,1.7347222222222207,53.6,4,True
61,-0.5083333333333337,-0.5500000000000003,-0.018055555555555554,9.555555555555555,9.04722222222222,447.9,2,False
10646,-0.5138888888888891,-0.45555555555555566,-0.016666666666666666,8.108333333333333,7.594444444444443,307.3,1,True
10419,-0.5249999999999999,-0.525,-0.5138888888888888,0.6597222222222203,0.1347222222222203,39.5,1,True
178,-0.5361111111111116,-0.5625000000000006,-0.48194444444444445,5.468055555555555,4.931944444444443,68.6,5,False
10534,-0.5666666666666667,-0.5652777777777775,-0.5486111111111112,11.052777777777777,10.48611111111111,32.1,4,True
281,-0.5722222222222225,-0.5694444444444449,-0.525,2.8055555555555545,2.2333333333333316,33.5,5,False
1220011503,-0.5750000000000032,-0.6125000000000032,-0.40555555555555545,76.85277777777777,76.27777777777777,226.1,5,False
325,-0.5763888888888906,-0.5805555555555574,-0.6680555555555555,72.55,71.97361111111111,120.6,5,False
1220006903,-0.6416666666666662,-0.568055555555555,-0.5722222222222222,24.288888888888888,23.647222222222222,100.4,5,False
1220008502,-0.6416666666666664,-0.6527777777777775,-0.4041666666666667,35.07638888888889,34.43472222222222,374.1,4,False
1210021904,-0.6583333333333331,-0.6263888888888888,-0.6875,20.22361111111111,19.565277777777776,154.2,5,False
47,-0.7124999999999998,-0.8944444444444443,-0.11944444444444444,17.031944444444445,16.319444444444443,937.8,4,False
329,-0.8097222222222208,-0.8097222222222208,-0.9666666666666667,74.82916666666667,74.01944444444445,120.8,4,False
71,-0.8166666666666665,-0.8749999999999999,-0.6083333333333333,21.85972222222222,21.043055555555554,82.6,5,False
10508,-0.8972222222222224,-0.8986111111111112,-0.8708333333333333,12.537499999999998,11.640277777777776,38.8,4,True
10481,-0.9347222222222223,-0.9236111111111112,-1.225,139.10972222222222,138.175,454.4,2,True
10643,-1.088888888888889,-1.1361111111111113,-0.42083333333333334,3.844444444444443,2.755555555555554,319.0,2,True
317,-1.2347222222222238,-1.2277777777777794,-1.1930555555555555,22.280555555555555,21.04583333333333,82.3,4,False
326,-1.237499999999999,-1.2333333333333323,-1.4180555555555556,106.43611111111112,105.19861111111112,172.3,4,False
67,-1.2666666666666675,-1.20138888888889,0.0,32.859722222222224,31.593055555555555,2660.8,4,False
40,-1.4152777777777763,-1.2486111111111096,-0.5777777777777777,64.20277777777778,62.7875,1261.5,4,False
321,-1.7583333333333326,-1.7555555555555549,-1.6708333333333334,65.2625,63.50416666666667,98.5,5,False
24,-2.140277777777779,-2.2500000000000013,-0.005555555555555556,106.19444444444444,104.05416666666667,3346.0,4,False
1220020904,-5.8180555555555555,-5.819444444444445,-5.558333333333334,25.170833333333334,19.352777777777778,177.2,5,False
1220044500,-6.375,-6.391666666666666,-6.144444444444444,137.975,131.6,691.3,2,False
403,-6.77638888888889,-6.868055555555557,-6.2444444444444445,34.55416666666667,27.77777777777778,278.9,3,False
68,-9.57638888888889,-8.666666666666668,-3.025,85.7388888888889,76.16250000000001,1990.2,4,False
1220014203,-13.665277777777778,-13.644444444444446,-13.07638888888889,37.53333333333333,23.868055555555554,202.8,4,False
