window_start_s,window_end_s,id,kind,road,connector,from_cell,to_cell,crossings,flow_vph,cumulative_crossings,snapshot_n_veh,excluded_connector_skip,source_first_appearances,source_reappearances,interval_inferred_crossings
0,30.1,RM_C10480,ramp,FW_W,10480,,8,0,0.0,0,0,0,0,0,0
0,30.1,RM_C10482,ramp,FW_W,10482,,10,0,0.0,0,0,0,0,0,0
0,30.1,RM_C10646,ramp,FW_W,10646,,18,0,0.0,0,0,0,0,0,0
0,30.1,RM_C10644,ramp,FW_W,10644,,22,0,0.0,0,0,0,0,0,0
0,30.1,RM_C10639,ramp,FW_E,10639,,10,0,0.0,0,0,0,0,0,0
0,30.1,RM_C10681,ramp,FW_E,10681,,12,0,0.0,0,0,0,0,0,0
0,30.1,RM_C10490,ramp,FW_E,10490,,21,0,0.0,0,0,0,0,0,0
0,30.1,RM_C10484,ramp,FW_E,10484,,23,0,0.0,0,0,0,0,0,0
0,30.1,OR_D_E_signal,offramp,FW_E,10481,18,,0,0.0,0,0,0,0,0,0
0,30.1,OR_D_E_direct,offramp,FW_E,10483,20,,0,0.0,0,0,0,0,0,0
0,30.1,OR_D_W_signal,offramp,FW_W,10491,9,,0,0.0,0,0,0,0,0,0
0,30.1,OR_D_W_direct,offramp,FW_W,10479,7,,0,0.0,0,0,0,0,0,0
0,30.1,OR_F_E_signal,offramp,FW_E,10643,9,,0,0.0,0,0,0,0,0,0
0,30.1,OR_F_E_direct,offramp,FW_E,10682,11,,0,0.0,0,0,0,0,0,0
0,30.1,OR_F_W_signal,offramp,FW_W,10638,19,,0,0.0,0,0,0,0,0,0
0,30.1,OR_F_W_direct,offramp,FW_W,10645,16,,0,0.0,0,0,0,0,0,0
0,30.1,source_1098,source,FW_E,,,0,58,6960.0,58,,0,58,0,0
0,30.1,source_1099,source,FW_W,,,0,41,4920.0,41,,0,41,0,0
30.1,60.1,RM_C10480,ramp,FW_W,10480,,8,0,0.0,0,0,0,0,0,0
30.1,60.1,RM_C10482,ramp,FW_W,10482,,10,0,0.0,0,0,0,0,0,0
30.1,60.1,RM_C10646,ramp,FW_W,10646,,18,0,0.0,0,0,0,0,0,0
30.1,60.1,RM_C10644,ramp,FW_W,10644,,22,0,0.0,0,0,0,0,0,0
30.1,60.1,RM_C10639,ramp,FW_E,10639,,10,0,0.0,0,0,0,0,0,0
30.1,60.1,RM_C10681,ramp,FW_E,10681,,12,0,0.0,0,0,0,0,0,0
30.1,60.1,RM_C10490,ramp,FW_E,10490,,21,0,0.0,0,0,0,0,0,0
30.1,60.1,RM_C10484,ramp,FW_E,10484,,23,0,0.0,0,0,0,0,0,0
30.1,60.1,OR_D_E_signal,offramp,FW_E,10481,18,,0,0.0,0,0,0,0,0,0
30.1,60.1,OR_D_E_direct,offramp,FW_E,10483,20,,0,0.0,0,0,0,0,0,0
30.1,60.1,OR_D_W_signal,offramp,FW_W,10491,9,,0,0.0,0,0,0,0,0,0
30.1,60.1,OR_D_W_direct,offramp,FW_W,10479,7,,0,0.0,0,0,0,0,0,0
30.1,60.1,OR_F_E_signal,offramp,FW_E,10643,9,,0,0.0,0,0,0,0,0,0
30.1,60.1,OR_F_E_direct,offramp,FW_E,10682,11,,0,0.0,0,0,0,0,0,0
30.1,60.1,OR_F_W_signal,offramp,FW_W,10638,19,,0,0.0,0,0,0,0,0,0
30.1,60.1,OR_F_W_direct,offramp,FW_W,10645,16,,0,0.0,0,0,0,0,0,0
30.1,60.1,source_1098,source,FW_E,,,0,63,7560.0,121,,0,63,0,0
30.1,60.1,source_1099,source,FW_W,,,0,44,5280.0,85,,0,44,0,0
60.099999999999994,90.1,RM_C10480,ramp,FW_W,10480,,8,0,0.0,0,0,0,0,0,0
60.099999999999994,90.1,RM_C10482,ramp,FW_W,10482,,10,0,0.0,0,0,0,0,0,0
60.099999999999994,90.1,RM_C10646,ramp,FW_W,10646,,18,0,0.0,0,0,0,0,0,0
60.099999999999994,90.1,RM_C10644,ramp,FW_W,10644,,22,0,0.0,0,0,0,0,0,0
60.099999999999994,90.1,RM_C10639,ramp,FW_E,10639,,10,0,0.0,0,0,0,0,0,0
60.099999999999994,90.1,RM_C10681,ramp,FW_E,10681,,12,0,0.0,0,0,0,0,0,0
60.099999999999994,90.1,RM_C10490,ramp,FW_E,10490,,21,0,0.0,0,0,0,0,0,0
60.099999999999994,90.1,RM_C10484,ramp,FW_E,10484,,23,0,0.0,0,2,0,0,0,0
60.099999999999994,90.1,OR_D_E_signal,offramp,FW_E,10481,18,,0,0.0,0,0,0,0,0,0
60.099999999999994,90.1,OR_D_E_direct,offramp,FW_E,10483,20,,0,0.0,0,0,0,0,0,0
60.099999999999994,90.1,OR_D_W_signal,offramp,FW_W,10491,9,,0,0.0,0,0,0,0,0,0
60.099999999999994,90.1,OR_D_W_direct,offramp,FW_W,10479,7,,0,0.0,0,0,0,0,0,0
60.099999999999994,90.1,OR_F_E_signal,offramp,FW_E,10643,9,,0,0.0,0,0,0,0,0,0
60.099999999999994,90.1,OR_F_E_direct,offramp,FW_E,10682,11,,0,0.0,0,0,0,0,0,0
60.099999999999994,90.1,OR_F_W_signal,offramp,FW_W,10638,19,,0,0.0,0,0,0,0,0,0
60.099999999999994,90.1,OR_F_W_direct,offramp,FW_W,10645,16,,0,0.0,0,0,0,0,0,0
60.099999999999994,90.1,source_1098,source,FW_E,,,0,64,7680.0,185,,0,64,0,0
60.099999999999994,90.1,source_1099,source,FW_W,,,0,28,3360.0,113,,0,28,0,0
90.1,120.1,RM_C10480,ramp,FW_W,10480,,8,0,0.0,0,0,0,0,0,0
90.1,120.1,RM_C10482,ramp,FW_W,10482,,10,0,0.0,0,10,0,0,0,0
90.1,120.1,RM_C10646,ramp,FW_W,10646,,18,0,0.0,0,0,0,0,0,0
90.1,120.1,RM_C10644,ramp,FW_W,10644,,22,0,0.0,0,0,0,0,0,0
90.1,120.1,RM_C10639,ramp,FW_E,10639,,10,0,0.0,0,0,0,0,0,0
90.1,120.1,RM_C10681,ramp,FW_E,10681,,12,0,0.0,0,0,0,0,0,0
90.1,120.1,RM_C10490,ramp,FW_E,10490,,21,0,0.0,0,1,0,0,0,0
90.1,120.1,RM_C10484,ramp,FW_E,10484,,23,1,120.0,1,1,0,0,0,0
90.1,120.1,OR_D_E_signal,offramp,FW_E,10481,18,,0,0.0,0,0,0,0,0,0
90.1,120.1,OR_D_E_direct,offramp,FW_E,10483,20,,0,0.0,0,0,0,0,0,0
90.1,120.1,OR_D_W_signal,offramp,FW_W,10491,9,,0,0.0,0,0,0,0,0,0
90.1,120.1,OR_D_W_direct,offramp,FW_W,10479,7,,1,120.0,1,1,0,0,0,0
90.1,120.1,OR_F_E_signal,offramp,FW_E,10643,9,,0,0.0,0,0,0,0,0,0
90.1,120.1,OR_F_E_direct,offramp,FW_E,10682,11,,0,0.0,0,0,0,0,0,0
90.1,120.1,OR_F_W_signal,offramp,FW_W,10638,19,,0,0.0,0,0,0,0,0,0
90.1,120.1,OR_F_W_direct,offramp,FW_W,10645,16,,0,0.0,0,0,0,0,0,0
90.1,120.1,source_1098,source,FW_E,,,0,66,7920.0,251,,0,66,0,0
90.1,120.1,source_1099,source,FW_W,,,0,43,5160.0,156,,0,43,0,0
120.1,150.1,RM_C10480,ramp,FW_W,10480,,8,0,0.0,0,0,0,0,0,0
120.1,150.1,RM_C10482,ramp,FW_W,10482,,10,7,840.0,7,17,0,0,0,0
120.1,150.1,RM_C10646,ramp,FW_W,10646,,18,0,0.0,0,0,0,0,0,0
120.1,150.1,RM_C10644,ramp,FW_W,10644,,22,0,0.0,0,0,0,0,0,0
120.1,150.1,RM_C10639,ramp,FW_E,10639,,10,0,0.0,0,0,0,0,0,0
120.1,150.1,RM_C10681,ramp,FW_E,10681,,12,0,0.0,0,0,0,0,0,0
120.1,150.1,RM_C10490,ramp,FW_E,10490,,21,1,120.0,1,0,0,0,0,0
120.1,150.1,RM_C10484,ramp,FW_E,10484,,23,1,120.0,2,0,0,0,0,0
120.1,150.1,OR_D_E_signal,offramp,FW_E,10481,18,,0,0.0,0,0,0,0,0,0
120.1,150.1,OR_D_E_direct,offramp,FW_E,10483,20,,0,0.0,0,0,0,0,0,0
120.1,150.1,OR_D_W_signal,offramp,FW_W,10491,9,,7,840.0,7,3,0,0,0,0
120.1,150.1,OR_D_W_direct,offramp,FW_W,10479,7,,6,720.0,7,0,0,0,0,0
120.1,150.1,OR_F_E_signal,offramp,FW_E,10643,9,,0,0.0,0,0,0,0,0,0
120.1,150.1,OR_F_E_direct,offramp,FW_E,10682,11,,0,0.0,0,0,0,0,0,0
120.1,150.1,OR_F_W_signal,offramp,FW_W,10638,19,,0,0.0,0,0,0,0,0,0
120.1,150.1,OR_F_W_direct,offramp,FW_W,10645,16,,0,0.0,0,0,0,0,0,0
120.1,150.1,source_1098,source,FW_E,,,0,57,6840.0,308,,0,57,0,0
120.1,150.1,source_1099,source,FW_W,,,0,37,4440.0,193,,0,37,0,0
150.1,180.1,RM_C10480,ramp,FW_W,10480,,8,0,0.0,0,0,0,0,0,0
150.1,180.1,RM_C10482,ramp,FW_W,10482,,10,10,1200.0,17,17,0,0,0,0
150.1,180.1,RM_C10646,ramp,FW_W,10646,,18,0,0.0,0,0,0,0,0,0
150.1,180.1,RM_C10644,ramp,FW_W,10644,,22,0,0.0,0,1,0,0,0,0
150.1,180.1,RM_C10639,ramp,FW_E,10639,,10,0,0.0,0,1,0,0,0,0
150.1,180.1,RM_C10681,ramp,FW_E,10681,,12,0,0.0,0,0,0,0,0,0
150.1,180.1,RM_C10490,ramp,FW_E,10490,,21,0,0.0,1,5,0,0,0,0
150.1,180.1,RM_C10484,ramp,FW_E,10484,,23,0,0.0,2,1,0,0,0,0
150.1,180.1,OR_D_E_signal,offramp,FW_E,10481,18,,0,0.0,0,0,0,0,0,0
150.1,180.1,OR_D_E_direct,offramp,FW_E,10483,20,,0,0.0,0,0,0,0,0,0
150.1,180.1,OR_D_W_signal,offramp,FW_W,10491,9,,6,720.0,13,3,0,0,0,0
150.1,180.1,OR_D_W_direct,offramp,FW_W,10479,7,,5,600.0,12,0,0,0,0,0
150.1,180.1,OR_F_E_signal,offramp,FW_E,10643,9,,5,600.0,5,2,0,0,0,0
150.1,180.1,OR_F_E_direct,offramp,FW_E,10682,11,,6,720.0,6,2,0,0,0,0
150.1,180.1,OR_F_W_signal,offramp,FW_W,10638,19,,0,0.0,0,0,0,0,0,0
150.1,180.1,OR_F_W_direct,offramp,FW_W,10645,16,,1,120.0,1,0,0,0,0,0
150.1,180.1,source_1098,source,FW_E,,,0,68,8160.0,376,,0,68,0,0
150.1,180.1,source_1099,source,FW_W,,,0,48,5760.0,241,,0,48,0,0
180.1,210.1,RM_C10480,ramp,FW_W,10480,,8,0,0.0,0,0,0,0,0,0
180.1,210.1,RM_C10482,ramp,FW_W,10482,,10,15,1800.0,32,17,0,0,0,0
180.1,210.1,RM_C10646,ramp,FW_W,10646,,18,0,0.0,0,0,0,0,0,0
180.1,210.1,RM_C10644,ramp,FW_W,10644,,22,0,0.0,0,4,0,0,0,0
180.1,210.1,RM_C10639,ramp,FW_E,10639,,10,1,120.0,1,0,0,0,0,0
180.1,210.1,RM_C10681,ramp,FW_E,10681,,12,0,0.0,0,0,0,0,0,0
180.1,210.1,RM_C10490,ramp,FW_E,10490,,21,5,600.0,6,3,0,0,0,0
180.1,210.1,RM_C10484,ramp,FW_E,10484,,23,1,120.0,3,2,0,0,0,0
180.1,210.1,OR_D_E_signal,offramp,FW_E,10481,18,,0,0.0,0,0,0,0,0,0
180.1,210.1,OR_D_E_direct,offramp,FW_E,10483,20,,0,0.0,0,0,0,0,0,0
180.1,210.1,OR_D_W_signal,offramp,FW_W,10491,9,,3,360.0,16,0,0,0,0,0
180.1,210.1,OR_D_W_direct,offramp,FW_W,10479,7,,4,480.0,16,1,0,0,0,0
180.1,210.1,OR_F_E_signal,offramp,FW_E,10643,9,,2,240.0,7,0,0,0,0,0
180.1,210.1,OR_F_E_direct,offramp,FW_E,10682,11,,13,1560.0,19,2,0,0,0,0
180.1,210.1,OR_F_W_signal,offramp,FW_W,10638,19,,2,240.0,2,1,0,0,0,0
180.1,210.1,OR_F_W_direct,offramp,FW_W,10645,16,,1,120.0,2,0,0,0,0,0
180.1,210.1,source_1098,source,FW_E,,,0,61,7320.0,437,,0,61,0,0
180.1,210.1,source_1099,source,FW_W,,,0,35,4200.0,276,,0,35,0,0
210.1,240.1,RM_C10480,ramp,FW_W,10480,,8,1,120.0,1,0,0,0,0,1
210.1,240.1,RM_C10482,ramp,FW_W,10482,,10,7,840.0,39,24,0,0,0,0
210.1,240.1,RM_C10646,ramp,FW_W,10646,,18,0,0.0,0,0,0,0,0,0
210.1,240.1,RM_C10644,ramp,FW_W,10644,,22,0,0.0,0,10,0,0,0,0
210.1,240.1,RM_C10639,ramp,FW_E,10639,,10,0,0.0,1,1,0,0,0,0
210.1,240.1,RM_C10681,ramp,FW_E,10681,,12,0,0.0,0,3,0,0,0,0
210.1,240.1,RM_C10490,ramp,FW_E,10490,,21,3,360.0,9,9,0,0,0,0
210.1,240.1,RM_C10484,ramp,FW_E,10484,,23,0,0.0,3,8,0,0,0,0
210.1,240.1,OR_D_E_signal,offramp,FW_E,10481,18,,1,120.0,1,0,0,0,0,0
210.1,240.1,OR_D_E_direct,offramp,FW_E,10483,20,,1,120.0,1,1,0,0,0,0
210.1,240.1,OR_D_W_signal,offramp,FW_W,10491,9,,10,1200.0,26,2,0,0,0,1
210.1,240.1,OR_D_W_direct,offramp,FW_W,10479,7,,7,840.0,23,1,0,0,0,0
210.1,240.1,OR_F_E_signal,offramp,FW_E,10643,9,,1,120.0,8,0,0,0,0,0
210.1,240.1,OR_F_E_direct,offramp,FW_E,10682,11,,12,1440.0,31,5,0,0,0,0
210.1,240.1,OR_F_W_signal,offramp,FW_W,10638,19,,4,480.0,6,2,0,0,0,0
210.1,240.1,OR_F_W_direct,offramp,FW_W,10645,16,,4,480.0,6,1,0,0,0,0
210.1,240.1,source_1098,source,FW_E,,,0,51,6120.0,488,,0,51,0,0
210.1,240.1,source_1099,source,FW_W,,,0,49,5880.0,325,,0,49,0,0
240.10000000000002,270.1,RM_C10480,ramp,FW_W,10480,,8,0,0.0,1,1,0,0,0,0
240.10000000000002,270.1,RM_C10482,ramp,FW_W,10482,,10,17,2040.0,56,18,0,0,0,0
240.10000000000002,270.1,RM_C10646,ramp,FW_W,10646,,18,0,0.0,0,0,0,0,0,0
240.10000000000002,270.1,RM_C10644,ramp,FW_W,10644,,22,2,240.0,2,13,0,0,0,0
240.10000000000002,270.1,RM_C10639,ramp,FW_E,10639,,10,0,0.0,1,8,0,0,0,0
240.10000000000002,270.1,RM_C10681,ramp,FW_E,10681,,12,4,480.0,4,0,0,0,0,0
240.10000000000002,270.1,RM_C10490,ramp,FW_E,10490,,21,9,1080.0,18,8,0,0,0,0
240.10000000000002,270.1,RM_C10484,ramp,FW_E,10484,,23,6,720.0,9,3,0,0,0,0
240.10000000000002,270.1,OR_D_E_signal,offramp,FW_E,10481,18,,1,120.0,2,1,0,0,0,0
240.10000000000002,270.1,OR_D_E_direct,offramp,FW_E,10483,20,,4,480.0,5,0,0,0,0,0
240.10000000000002,270.1,OR_D_W_signal,offramp,FW_W,10491,9,,9,1080.0,35,3,0,0,0,0
240.10000000000002,270.1,OR_D_W_direct,offramp,FW_W,10479,7,,2,240.0,25,1,0,0,0,0
240.10000000000002,270.1,OR_F_E_signal,offramp,FW_E,10643,9,,3,360.0,11,1,0,0,0,0
240.10000000000002,270.1,OR_F_E_direct,offramp,FW_E,10682,11,,11,1320.0,42,4,0,0,0,0
240.10000000000002,270.1,OR_F_W_signal,offramp,FW_W,10638,19,,2,240.0,8,0,0,0,0,0
240.10000000000002,270.1,OR_F_W_direct,offramp,FW_W,10645,16,,5,600.0,11,0,0,0,0,0
240.10000000000002,270.1,source_1098,source,FW_E,,,0,57,6840.0,545,,0,57,0,0
240.10000000000002,270.1,source_1099,source,FW_W,,,0,34,4080.0,359,,0,34,0,0
270.1,300.1,RM_C10480,ramp,FW_W,10480,,8,1,120.0,2,0,0,0,0,1
270.1,300.1,RM_C10482,ramp,FW_W,10482,,10,15,1800.0,71,13,0,0,0,0
270.1,300.1,RM_C10646,ramp,FW_W,10646,,18,0,0.0,0,0,0,0,0,0
270.1,300.1,RM_C10644,ramp,FW_W,10644,,22,0,0.0,2,13,0,0,0,0
270.1,300.1,RM_C10639,ramp,FW_E,10639,,10,3,360.0,4,9,0,0,0,0
270.1,300.1,RM_C10681,ramp,FW_E,10681,,12,1,120.0,5,1,0,0,0,0
270.1,300.1,RM_C10490,ramp,FW_E,10490,,21,9,1080.0,27,6,0,0,0,0
270.1,300.1,RM_C10484,ramp,FW_E,10484,,23,3,360.0,12,2,0,0,0,0
270.1,300.1,OR_D_E_signal,offramp,FW_E,10481,18,,3,360.0,5,0,0,0,0,0
270.1,300.1,OR_D_E_direct,offramp,FW_E,10483,20,,7,840.0,12,4,0,0,0,0
270.1,300.1,OR_D_W_signal,offramp,FW_W,10491,9,,10,1200.0,45,3,0,0,0,1
270.1,300.1,OR_D_W_direct,offramp,FW_W,10479,7,,6,720.0,31,1,0,0,0,0
270.1,300.1,OR_F_E_signal,offramp,FW_E,10643,9,,3,360.0,14,1,0,0,0,0
270.1,300.1,OR_F_E_direct,offramp,FW_E,10682,11,,1,120.0,43,0,0,0,0,0
270.1,300.1,OR_F_W_signal,offramp,FW_W,10638,19,,3,360.0,11,2,0,0,0,0
270.1,300.1,OR_F_W_direct,offramp,FW_W,10645,16,,4,480.0,15,0,0,0,0,0
270.1,300.1,source_1098,source,FW_E,,,0,51,6120.0,596,,0,51,0,0
270.1,300.1,source_1099,source,FW_W,,,0,32,3840.0,391,,0,32,0,0
300.1,330.1,RM_C10480,ramp,FW_W,10480,,8,0,0.0,2,0,0,0,0,0
300.1,330.1,RM_C10482,ramp,FW_W,10482,,10,8,960.0,79,29,0,0,0,0
300.1,330.1,RM_C10646,ramp,FW_W,10646,,18,0,0.0,0,0,0,0,0,0
300.1,330.1,RM_C10644,ramp,FW_W,10644,,22,10,1200.0,12,8,0,0,0,0
300.1,330.1,RM_C10639,ramp,FW_E,10639,,10,8,960.0,12,1,0,0,0,0
300.1,330.1,RM_C10681,ramp,FW_E,10681,,12,1,120.0,6,0,0,0,0,0
300.1,330.1,RM_C10490,ramp,FW_E,10490,,21,6,720.0,33,2,0,0,0,0
300.1,330.1,RM_C10484,ramp,FW_E,10484,,23,1,120.0,13,2,0,0,0,0
300.1,330.1,OR_D_E_signal,offramp,FW_E,10481,18,,2,240.0,7,1,0,0,0,0
300.1,330.1,OR_D_E_direct,offramp,FW_E,10483,20,,11,1320.0,23,6,0,0,0,0
300.1,330.1,OR_D_W_signal,offramp,FW_W,10491,9,,7,840.0,52,1,0,0,0,0
300.1,330.1,OR_D_W_direct,offramp,FW_W,10479,7,,5,600.0,36,2,0,0,0,0
300.1,330.1,OR_F_E_signal,offramp,FW_E,10643,9,,4,480.0,18,0,0,0,0,0
300.1,330.1,OR_F_E_direct,offramp,FW_E,10682,11,,15,1800.0,58,10,0,0,0,0
300.1,330.1,OR_F_W_signal,offramp,FW_W,10638,19,,2,240.0,13,2,0,0,0,0
300.1,330.1,OR_F_W_direct,offramp,FW_W,10645,16,,18,2160.0,33,10,0,0,0,0
300.1,330.1,source_1098,source,FW_E,,,0,64,7680.0,660,,0,64,0,0
300.1,330.1,source_1099,source,FW_W,,,0,36,4320.0,427,,0,36,0,0
330.1,360.1,RM_C10480,ramp,FW_W,10480,,8,0,0.0,2,0,0,0,0,0
330.1,360.1,RM_C10482,ramp,FW_W,10482,,10,21,2520.0,100,23,0,0,0,0
330.1,360.1,RM_C10646,ramp,FW_W,10646,,18,0,0.0,0,0,0,0,0,0
330.1,360.1,RM_C10644,ramp,FW_W,10644,,22,3,360.0,15,11,0,0,0,0
330.1,360.1,RM_C10639,ramp,FW_E,10639,,10,1,120.0,13,1,0,0,0,0
330.1,360.1,RM_C10681,ramp,FW_E,10681,,12,0,0.0,6,0,0,0,0,0
330.1,360.1,RM_C10490,ramp,FW_E,10490,,21,0,0.0,33,10,0,0,0,0
330.1,360.1,RM_C10484,ramp,FW_E,10484,,23,2,240.0,15,4,0,0,0,0
330.1,360.1,OR_D_E_signal,offramp,FW_E,10481,18,,3,360.0,10,3,0,0,0,0
330.1,360.1,OR_D_E_direct,offramp,FW_E,10483,20,,9,1080.0,32,0,0,0,0,0
330.1,360.1,OR_D_W_signal,offramp,FW_W,10491,9,,5,600.0,57,2,0,0,0,0
330.1,360.1,OR_D_W_direct,offramp,FW_W,10479,7,,10,1200.0,46,1,0,0,0,0
330.1,360.1,OR_F_E_signal,offramp,FW_E,10643,9,,9,1080.0,27,2,0,0,0,0
330.1,360.1,OR_F_E_direct,offramp,FW_E,10682,11,,11,1320.0,69,6,0,0,0,0
330.1,360.1,OR_F_W_signal,offramp,FW_W,10638,19,,1,120.0,14,0,0,0,0,0
330.1,360.1,OR_F_W_direct,offramp,FW_W,10645,16,,7,840.0,40,0,0,0,0,0
330.1,360.1,source_1098,source,FW_E,,,0,59,7080.0,719,,0,59,0,0
330.1,360.1,source_1099,source,FW_W,,,0,32,3840.0,459,,0,32,0,0
360.1,390.1,RM_C10480,ramp,FW_W,10480,,8,0,0.0,2,1,0,0,0,0
360.1,390.1,RM_C10482,ramp,FW_W,10482,,10,18,2160.0,118,15,0,0,0,0
360.1,390.1,RM_C10646,ramp,FW_W,10646,,18,0,0.0,0,0,0,0,0,0
360.1,390.1,RM_C10644,ramp,FW_W,10644,,22,0,0.0,15,12,0,0,0,0
360.1,390.1,RM_C10639,ramp,FW_E,10639,,10,1,120.0,14,6,0,0,0,0
360.1,390.1,RM_C10681,ramp,FW_E,10681,,12,0,0.0,6,6,0,0,0,0
360.1,390.1,RM_C10490,ramp,FW_E,10490,,21,10,1200.0,43,3,0,0,0,0
360.1,390.1,RM_C10484,ramp,FW_E,10484,,23,2,240.0,17,5,0,0,0,0
360.1,390.1,OR_D_E_signal,offramp,FW_E,10481,18,,0,0.0,10,0,0,0,0,0
360.1,390.1,OR_D_E_direct,offramp,FW_E,10483,20,,11,1320.0,43,3,0,0,0,0
360.1,390.1,OR_D_W_signal,offramp,FW_W,10491,9,,5,600.0,62,3,0,0,0,0
360.1,390.1,OR_D_W_direct,offramp,FW_W,10479,7,,6,720.0,52,3,0,0,0,0
360.1,390.1,OR_F_E_signal,offramp,FW_E,10643,9,,3,360.0,30,1,0,0,0,0
360.1,390.1,OR_F_E_direct,offramp,FW_E,10682,11,,10,1200.0,79,4,0,0,0,0
360.1,390.1,OR_F_W_signal,offramp,FW_W,10638,19,,5,600.0,19,4,0,0,0,0
360.1,390.1,OR_F_W_direct,offramp,FW_W,10645,16,,5,600.0,45,0,0,0,0,0
360.1,390.1,source_1098,source,FW_E,,,0,69,8280.0,788,,0,69,0,0
360.1,390.1,source_1099,source,FW_W,,,0,48,5760.0,507,,0,48,0,0
390.1,420.1,RM_C10480,ramp,FW_W,10480,,8,1,120.0,3,0,0,0,0,0
390.1,420.1,RM_C10482,ramp,FW_W,10482,,10,10,1200.0,128,12,0,0,0,0
390.1,420.1,RM_C10646,ramp,FW_W,10646,,18,1,120.0,1,2,0,0,0,1
390.1,420.1,RM_C10644,ramp,FW_W,10644,,22,0,0.0,15,18,0,0,0,0
390.1,420.1,RM_C10639,ramp,FW_E,10639,,10,6,720.0,20,1,0,0,0,0
390.1,420.1,RM_C10681,ramp,FW_E,10681,,12,4,480.0,10,5,0,0,0,0
390.1,420.1,RM_C10490,ramp,FW_E,10490,,21,3,360.0,46,1,0,0,0,0
390.1,420.1,RM_C10484,ramp,FW_E,10484,,23,5,600.0,22,1,0,0,0,0
390.1,420.1,OR_D_E_signal,offramp,FW_E,10481,18,,2,240.0,12,0,0,0,0,0
390.1,420.1,OR_D_E_direct,offramp,FW_E,10483,20,,8,960.0,51,5,0,0,0,0
390.1,420.1,OR_D_W_signal,offramp,FW_W,10491,9,,5,600.0,67,1,0,0,0,0
390.1,420.1,OR_D_W_direct,offramp,FW_W,10479,7,,12,1440.0,64,1,0,0,0,0
390.1,420.1,OR_F_E_signal,offramp,FW_E,10643,9,,3,360.0,33,1,0,0,0,0
390.1,420.1,OR_F_E_direct,offramp,FW_E,10682,11,,8,960.0,87,3,0,0,0,0
390.1,420.1,OR_F_W_signal,offramp,FW_W,10638,19,,3,360.0,22,1,0,0,0,1
390.1,420.1,OR_F_W_direct,offramp,FW_W,10645,16,,13,1560.0,58,6,0,0,0,0
390.1,420.1,source_1098,source,FW_E,,,0,51,6120.0,839,,0,51,0,0
390.1,420.1,source_1099,source,FW_W,,,0,38,4560.0,545,,0,38,0,0
420.1,450.1,RM_C10480,ramp,FW_W,10480,,8,0,0.0,3,0,0,0,0,0
420.1,450.1,RM_C10482,ramp,FW_W,10482,,10,7,840.0,135,15,0,0,0,0
420.1,450.1,RM_C10646,ramp,FW_W,10646,,18,2,240.0,3,0,0,0,0,2
420.1,450.1,RM_C10644,ramp,FW_W,10644,,22,9,1080.0,24,9,0,0,0,0
420.1,450.1,RM_C10639,ramp,FW_E,10639,,10,1,120.0,21,5,0,0,0,0
420.1,450.1,RM_C10681,ramp,FW_E,10681,,12,5,600.0,15,2,0,0,0,0
420.1,450.1,RM_C10490,ramp,FW_E,10490,,21,1,120.0,47,1,0,0,0,0
420.1,450.1,RM_C10484,ramp,FW_E,10484,,23,0,0.0,22,1,0,0,0,0
420.1,450.1,OR_D_E_signal,offramp,FW_E,10481,18,,1,120.0,13,1,0,0,0,0
420.1,450.1,OR_D_E_direct,offramp,FW_E,10483,20,,8,960.0,59,1,0,0,0,0
420.1,450.1,OR_D_W_signal,offramp,FW_W,10491,9,,3,360.0,70,1,0,0,0,0
420.1,450.1,OR_D_W_direct,offramp,FW_W,10479,7,,10,1200.0,74,3,0,0,0,0
420.1,450.1,OR_F_E_signal,offramp,FW_E,10643,9,,6,720.0,39,2,0,0,0,0
420.1,450.1,OR_F_E_direct,offramp,FW_E,10682,11,,18,2160.0,105,8,0,0,0,0
420.1,450.1,OR_F_W_signal,offramp,FW_W,10638,19,,7,840.0,29,2,0,0,0,2
420.1,450.1,OR_F_W_direct,offramp,FW_W,10645,16,,11,1320.0,69,2,0,0,0,0
420.1,450.1,source_1098,source,FW_E,,,0,75,9000.0,914,,0,75,0,0
420.1,450.1,source_1099,source,FW_W,,,0,29,3480.0,574,,0,29,0,0
450.1,480.1,RM_C10480,ramp,FW_W,10480,,8,0,0.0,3,1,0,0,0,0
450.1,480.1,RM_C10482,ramp,FW_W,10482,,10,11,1320.0,146,17,0,0,0,0
450.1,480.1,RM_C10646,ramp,FW_W,10646,,18,0,0.0,3,0,0,0,0,0
450.1,480.1,RM_C10644,ramp,FW_W,10644,,22,3,360.0,27,9,0,0,0,0
450.1,480.1,RM_C10639,ramp,FW_E,10639,,10,5,600.0,26,2,0,0,0,0
450.1,480.1,RM_C10681,ramp,FW_E,10681,,12,2,240.0,17,0,0,0,0,0
450.1,480.1,RM_C10490,ramp,FW_E,10490,,21,1,120.0,48,6,0,0,0,0
450.1,480.1,RM_C10484,ramp,FW_E,10484,,23,1,120.0,23,1,0,0,0,0
450.1,480.1,OR_D_E_signal,offramp,FW_E,10481,18,,1,120.0,14,1,0,0,0,0
450.1,480.1,OR_D_E_direct,offramp,FW_E,10483,20,,6,720.0,65,0,0,0,0,0
450.1,480.1,OR_D_W_signal,offramp,FW_W,10491,9,,5,600.0,75,1,0,0,0,0
450.1,480.1,OR_D_W_direct,offramp,FW_W,10479,7,,8,960.0,82,4,0,0,0,0
450.1,480.1,OR_F_E_signal,offramp,FW_E,10643,9,,6,720.0,45,3,0,0,0,0
450.1,480.1,OR_F_E_direct,offramp,FW_E,10682,11,,4,480.0,109,1,0,0,0,0
450.1,480.1,OR_F_W_signal,offramp,FW_W,10638,19,,3,360.0,32,0,0,0,0,0
450.1,480.1,OR_F_W_direct,offramp,FW_W,10645,16,,4,480.0,73,0,0,0,0,0
450.1,480.1,source_1098,source,FW_E,,,0,55,6600.0,969,,0,55,0,0
450.1,480.1,source_1099,source,FW_W,,,0,42,5040.0,616,,0,42,0,0
480.1,510.1,RM_C10480,ramp,FW_W,10480,,8,1,120.0,4,0,0,0,0,0
480.1,510.1,RM_C10482,ramp,FW_W,10482,,10,9,1080.0,155,15,0,0,0,0
480.1,510.1,RM_C10646,ramp,FW_W,10646,,18,0,0.0,3,0,0,0,0,0
480.1,510.1,RM_C10644,ramp,FW_W,10644,,22,6,720.0,33,8,0,0,0,0
480.1,510.1,RM_C10639,ramp,FW_E,10639,,10,2,240.0,28,2,0,0,0,0
480.1,510.1,RM_C10681,ramp,FW_E,10681,,12,0,0.0,17,0,0,0,0,0
480.1,510.1,RM_C10490,ramp,FW_E,10490,,21,2,240.0,50,11,0,0,0,0
480.1,510.1,RM_C10484,ramp,FW_E,10484,,23,0,0.0,23,4,0,0,0,0
480.1,510.1,OR_D_E_signal,offramp,FW_E,10481,18,,0,0.0,14,0,0,0,0,0
480.1,510.1,OR_D_E_direct,offramp,FW_E,10483,20,,6,720.0,71,0,0,0,0,0
480.1,510.1,OR_D_W_signal,offramp,FW_W,10491,9,,11,1320.0,86,0,0,0,0,0
480.1,510.1,OR_D_W_direct,offramp,FW_W,10479,7,,4,480.0,86,1,0,0,0,0
480.1,510.1,OR_F_E_signal,offramp,FW_E,10643,9,,6,720.0,51,5,0,0,0,0
480.1,510.1,OR_F_E_direct,offramp,FW_E,10682,11,,12,1440.0,121,2,0,0,0,0
480.1,510.1,OR_F_W_signal,offramp,FW_W,10638,19,,4,480.0,36,1,0,0,0,0
480.1,510.1,OR_F_W_direct,offramp,FW_W,10645,16,,9,1080.0,82,3,0,0,0,0
480.1,510.1,source_1098,source,FW_E,,,0,67,8040.0,1036,,0,67,0,0
480.1,510.1,source_1099,source,FW_W,,,0,34,4080.0,650,,0,34,0,0
510.1,540.1,RM_C10480,ramp,FW_W,10480,,8,0,0.0,4,0,0,0,0,0
510.1,540.1,RM_C10482,ramp,FW_W,10482,,10,8,960.0,163,27,0,0,0,0
510.1,540.1,RM_C10646,ramp,FW_W,10646,,18,0,0.0,3,0,0,0,0,0
510.1,540.1,RM_C10644,ramp,FW_W,10644,,22,0,0.0,33,10,0,0,0,0
510.1,540.1,RM_C10639,ramp,FW_E,10639,,10,1,120.0,29,7,0,0,0,0
510.1,540.1,RM_C10681,ramp,FW_E,10681,,12,0,0.0,17,9,0,0,0,0
510.1,540.1,RM_C10490,ramp,FW_E,10490,,21,11,1320.0,61,4,0,0,0,0
510.1,540.1,RM_C10484,ramp,FW_E,10484,,23,3,360.0,26,1,0,0,0,0
510.1,540.1,OR_D_E_signal,offramp,FW_E,10481,18,,2,240.0,16,1,0,0,0,0
510.1,540.1,OR_D_E_direct,offramp,FW_E,10483,20,,16,1920.0,87,3,0,0,0,0
510.1,540.1,OR_D_W_signal,offramp,FW_W,10491,9,,5,600.0,91,1,0,0,0,0
510.1,540.1,OR_D_W_direct,offramp,FW_W,10479,7,,6,720.0,92,3,0,0,0,0
510.1,540.1,OR_F_E_signal,offramp,FW_E,10643,9,,3,360.0,54,2,0,0,0,0
510.1,540.1,OR_F_E_direct,offramp,FW_E,10682,11,,10,1200.0,131,3,0,0,0,0
510.1,540.1,OR_F_W_signal,offramp,FW_W,10638,19,,2,240.0,38,1,0,0,0,0
510.1,540.1,OR_F_W_direct,offramp,FW_W,10645,16,,6,720.0,88,3,0,0,0,0
510.1,540.1,source_1098,source,FW_E,,,0,57,6840.0,1093,,0,57,0,0
510.1,540.1,source_1099,source,FW_W,,,0,39,4680.0,689,,0,39,0,0
540.1,570.1,RM_C10480,ramp,FW_W,10480,,8,0,0.0,4,0,0,0,0,0
540.1,570.1,RM_C10482,ramp,FW_W,10482,,10,21,2520.0,184,12,0,0,0,0
540.1,570.1,RM_C10646,ramp,FW_W,10646,,18,0,0.0,3,4,0,0,0,0
540.1,570.1,RM_C10644,ramp,FW_W,10644,,22,0,0.0,33,14,0,0,0,0
540.1,570.1,RM_C10639,ramp,FW_E,10639,,10,6,720.0,35,4,0,0,0,0
540.1,570.1,RM_C10681,ramp,FW_E,10681,,12,4,480.0,21,16,0,0,0,0
540.1,570.1,RM_C10490,ramp,FW_E,10490,,21,4,480.0,65,5,0,0,0,0
540.1,570.1,RM_C10484,ramp,FW_E,10484,,23,1,120.0,27,1,0,0,0,0
540.1,570.1,OR_D_E_signal,offramp,FW_E,10481,18,,2,240.0,18,1,0,0,0,0
540.1,570.1,OR_D_E_direct,offramp,FW_E,10483,20,,6,720.0,93,6,0,0,0,0
540.1,570.1,OR_D_W_signal,offramp,FW_W,10491,9,,7,840.0,98,5,0,0,0,0
540.1,570.1,OR_D_W_direct,offramp,FW_W,10479,7,,10,1200.0,102,4,0,0,0,0
540.1,570.1,OR_F_E_signal,offramp,FW_E,10643,9,,2,240.0,56,1,0,0,0,0
540.1,570.1,OR_F_E_direct,offramp,FW_E,10682,11,,11,1320.0,142,2,0,0,0,0
540.1,570.1,OR_F_W_signal,offramp,FW_W,10638,19,,3,360.0,41,0,0,0,0,0
540.1,570.1,OR_F_W_direct,offramp,FW_W,10645,16,,9,1080.0,97,3,0,0,0,0
540.1,570.1,source_1098,source,FW_E,,,0,67,8040.0,1160,,0,67,0,0
540.1,570.1,source_1099,source,FW_W,,,0,24,2880.0,713,,0,24,0,0
570.1,600.1,RM_C10480,ramp,FW_W,10480,,8,1,120.0,5,0,0,0,0,1
570.1,600.1,RM_C10482,ramp,FW_W,10482,,10,10,1200.0,194,21,0,0,0,0
570.1,600.1,RM_C10646,ramp,FW_W,10646,,18,5,600.0,8,0,0,0,0,4
570.1,600.1,RM_C10644,ramp,FW_W,10644,,22,8,960.0,41,11,0,0,0,0
570.1,600.1,RM_C10639,ramp,FW_E,10639,,10,3,360.0,38,5,0,0,0,0
570.1,600.1,RM_C10681,ramp,FW_E,10681,,12,16,1920.0,37,4,0,0,0,0
570.1,600.1,RM_C10490,ramp,FW_E,10490,,21,5,600.0,70,9,0,0,0,0
570.1,600.1,RM_C10484,ramp,FW_E,10484,,23,1,120.0,28,3,0,0,0,0
570.1,600.1,OR_D_E_signal,offramp,FW_E,10481,18,,3,360.0,21,1,0,0,0,0
570.1,600.1,OR_D_E_direct,offramp,FW_E,10483,20,,7,840.0,100,0,0,0,0,0
570.1,600.1,OR_D_W_signal,offramp,FW_W,10491,9,,5,600.0,103,3,0,0,0,1
570.1,600.1,OR_D_W_direct,offramp,FW_W,10479,7,,8,960.0,110,1,0,0,0,0
570.1,600.1,OR_F_E_signal,offramp,FW_E,10643,9,,5,600.0,61,3,0,0,0,0
570.1,600.1,OR_F_E_direct,offramp,FW_E,10682,11,,14,1680.0,156,6,0,0,0,0
570.1,600.1,OR_F_W_signal,offramp,FW_W,10638,19,,10,1200.0,51,4,0,0,0,4
570.1,600.1,OR_F_W_direct,offramp,FW_W,10645,16,,5,600.0,102,1,0,0,0,0
570.1,600.1,source_1098,source,FW_E,,,0,54,6480.0,1214,,0,54,0,0
570.1,600.1,source_1099,source,FW_W,,,0,37,4440.0,750,,0,37,0,0
600.1,630.1,RM_C10480,ramp,FW_W,10480,,8,0,0.0,5,0,0,0,0,0
600.1,630.1,RM_C10482,ramp,FW_W,10482,,10,19,2280.0,213,18,0,0,0,0
600.1,630.1,RM_C10646,ramp,FW_W,10646,,18,0,0.0,8,0,0,0,0,0
600.1,630.1,RM_C10644,ramp,FW_W,10644,,22,0,0.0,41,13,0,0,0,0
600.1,630.1,RM_C10639,ramp,FW_E,10639,,10,5,600.0,43,1,0,0,0,0
600.1,630.1,RM_C10681,ramp,FW_E,10681,,12,4,480.0,41,0,0,0,0,0
600.1,630.1,RM_C10490,ramp,FW_E,10490,,21,8,960.0,78,4,0,0,0,0
600.1,630.1,RM_C10484,ramp,FW_E,10484,,23,3,360.0,31,0,0,0,0,0
600.1,630.1,OR_D_E_signal,offramp,FW_E,10481,18,,1,120.0,22,1,0,0,0,0
600.1,630.1,OR_D_E_direct,offramp,FW_E,10483,20,,3,360.0,103,3,0,0,0,0
600.1,630.1,OR_D_W_signal,offramp,FW_W,10491,9,,4,480.0,107,1,0,0,0,0
600.1,630.1,OR_D_W_direct,offramp,FW_W,10479,7,,3,360.0,113,3,0,0,0,0
600.1,630.1,OR_F_E_signal,offramp,FW_E,10643,9,,4,480.0,65,0,0,0,0,0
600.1,630.1,OR_F_E_direct,offramp,FW_E,10682,11,,13,1560.0,169,4,0,0,0,0
600.1,630.1,OR_F_W_signal,offramp,FW_W,10638,19,,2,240.0,53,0,0,0,0,0
600.1,630.1,OR_F_W_direct,offramp,FW_W,10645,16,,15,1800.0,117,3,0,0,0,0
600.1,630.1,source_1098,source,FW_E,,,0,64,7680.0,1278,,0,64,0,0
600.1,630.1,source_1099,source,FW_W,,,0,32,3840.0,782,,0,32,0,0
630.1,660.1,RM_C10480,ramp,FW_W,10480,,8,0,0.0,5,0,0,0,0,0
630.1,660.1,RM_C10482,ramp,FW_W,10482,,10,15,1800.0,228,22,0,0,0,0
630.1,660.1,RM_C10646,ramp,FW_W,10646,,18,0,0.0,8,0,0,0,0,0
630.1,660.1,RM_C10644,ramp,FW_W,10644,,22,6,720.0,47,12,0,0,0,0
630.1,660.1,RM_C10639,ramp,FW_E,10639,,10,1,120.0,44,2,0,0,0,0
630.1,660.1,RM_C10681,ramp,FW_E,10681,,12,0,0.0,41,0,0,0,0,0
630.1,660.1,RM_C10490,ramp,FW_E,10490,,21,4,480.0,82,3,0,0,0,0
630.1,660.1,RM_C10484,ramp,FW_E,10484,,23,0,0.0,31,1,0,0,0,0
630.1,660.1,OR_D_E_signal,offramp,FW_E,10481,18,,0,0.0,22,0,0,0,0,0
630.1,660.1,OR_D_E_direct,offramp,FW_E,10483,20,,9,1080.0,112,6,0,0,0,0
630.1,660.1,OR_D_W_signal,offramp,FW_W,10491,9,,7,840.0,114,3,0,0,0,0
630.1,660.1,OR_D_W_direct,offramp,FW_W,10479,7,,6,720.0,119,2,0,0,0,0
630.1,660.1,OR_F_E_signal,offramp,FW_E,10643,9,,5,600.0,70,4,0,0,0,0
630.1,660.1,OR_F_E_direct,offramp,FW_E,10682,11,,8,960.0,177,0,0,0,0,0
630.1,660.1,OR_F_W_signal,offramp,FW_W,10638,19,,8,960.0,61,0,0,0,0,0
630.1,660.1,OR_F_W_direct,offramp,FW_W,10645,16,,11,1320.0,128,2,0,0,0,0
630.1,660.1,source_1098,source,FW_E,,,0,68,8160.0,1346,,0,68,0,0
630.1,660.1,source_1099,source,FW_W,,,0,39,4680.0,821,,0,39,0,0
660.1,690.1,RM_C10480,ramp,FW_W,10480,,8,0,0.0,5,0,0,0,0,0
660.1,690.1,RM_C10482,ramp,FW_W,10482,,10,9,1080.0,237,24,0,0,0,0
660.1,690.1,RM_C10646,ramp,FW_W,10646,,18,0,0.0,8,0,0,0,0,0
660.1,690.1,RM_C10644,ramp,FW_W,10644,,22,0,0.0,47,20,0,0,0,0
660.1,690.1,RM_C10639,ramp,FW_E,10639,,10,2,240.0,46,2,0,0,0,0
660.1,690.1,RM_C10681,ramp,FW_E,10681,,12,0,0.0,41,10,0,0,0,0
660.1,690.1,RM_C10490,ramp,FW_E,10490,,21,3,360.0,85,5,0,0,0,0
660.1,690.1,RM_C10484,ramp,FW_E,10484,,23,0,0.0,31,5,0,0,0,0
660.1,690.1,OR_D_E_signal,offramp,FW_E,10481,18,,5,600.0,27,3,0,0,0,0
660.1,690.1,OR_D_E_direct,offramp,FW_E,10483,20,,7,840.0,119,3,0,0,0,0
660.1,690.1,OR_D_W_signal,offramp,FW_W,10491,9,,8,960.0,122,2,0,0,0,0
660.1,690.1,OR_D_W_direct,offramp,FW_W,10479,7,,7,840.0,126,0,0,0,0,0
660.1,690.1,OR_F_E_signal,offramp,FW_E,10643,9,,3,360.0,73,1,0,0,0,0
660.1,690.1,OR_F_E_direct,offramp,FW_E,10682,11,,6,720.0,183,1,0,0,0,0
660.1,690.1,OR_F_W_signal,offramp,FW_W,10638,19,,1,120.0,62,0,0,0,0,0
660.1,690.1,OR_F_W_direct,offramp,FW_W,10645,16,,6,720.0,134,2,0,0,0,0
660.1,690.1,source_1098,source,FW_E,,,0,61,7320.0,1407,,0,61,0,0
660.1,690.1,source_1099,source,FW_W,,,0,41,4920.0,862,,0,41,0,0
690.1,720.1,RM_C10480,ramp,FW_W,10480,,8,0,0.0,5,0,0,0,0,0
690.1,720.1,RM_C10482,ramp,FW_W,10482,,10,16,1920.0,253,29,0,0,0,0
690.1,720.1,RM_C10646,ramp,FW_W,10646,,18,0,0.0,8,5,0,0,0,0
690.1,720.1,RM_C10644,ramp,FW_W,10644,,22,7,840.0,54,15,0,0,0,0
690.1,720.1,RM_C10639,ramp,FW_E,10639,,10,2,240.0,48,7,0,0,0,0
690.1,720.1,RM_C10681,ramp,FW_E,10681,,12,8,960.0,49,18,0,0,0,0
690.1,720.1,RM_C10490,ramp,FW_E,10490,,21,5,600.0,90,4,0,0,0,0
690.1,720.1,RM_C10484,ramp,FW_E,10484,,23,2,240.0,33,12,0,0,0,0
690.1,720.1,OR_D_E_signal,offramp,FW_E,10481,18,,6,720.0,33,2,0,0,0,0
690.1,720.1,OR_D_E_direct,offramp,FW_E,10483,20,,6,720.0,125,4,0,0,0,0
690.1,720.1,OR_D_W_signal,offramp,FW_W,10491,9,,4,480.0,126,1,0,0,0,0
690.1,720.1,OR_D_W_direct,offramp,FW_W,10479,7,,9,1080.0,135,5,0,0,0,0
690.1,720.1,OR_F_E_signal,offramp,FW_E,10643,9,,2,240.0,75,1,0,0,0,0
690.1,720.1,OR_F_E_direct,offramp,FW_E,10682,11,,12,1440.0,195,3,0,0,0,0
690.1,720.1,OR_F_W_signal,offramp,FW_W,10638,19,,2,240.0,64,1,0,0,0,0
690.1,720.1,OR_F_W_direct,offramp,FW_W,10645,16,,7,840.0,141,3,0,0,0,0
690.1,720.1,source_1098,source,FW_E,,,0,59,7080.0,1466,,0,59,0,0
690.1,720.1,source_1099,source,FW_W,,,0,30,3600.0,892,,0,30,0,0
720.1,750.1,RM_C10480,ramp,FW_W,10480,,8,0,0.0,5,1,0,0,0,0
720.1,750.1,RM_C10482,ramp,FW_W,10482,,10,21,2520.0,274,22,0,0,0,0
720.1,750.1,RM_C10646,ramp,FW_W,10646,,18,4,480.0,12,4,0,0,0,1
720.1,750.1,RM_C10644,ramp,FW_W,10644,,22,2,240.0,56,15,0,0,0,0
720.1,750.1,RM_C10639,ramp,FW_E,10639,,10,7,840.0,55,2,0,0,0,0
720.1,750.1,RM_C10681,ramp,FW_E,10681,,12,16,1920.0,65,4,0,0,0,0
720.1,750.1,RM_C10490,ramp,FW_E,10490,,21,2,240.0,92,5,0,0,0,0
720.1,750.1,RM_C10484,ramp,FW_E,10484,,23,12,1440.0,45,3,0,0,0,0
720.1,750.1,OR_D_E_signal,offramp,FW_E,10481,18,,2,240.0,35,2,0,0,0,0
720.1,750.1,OR_D_E_direct,offramp,FW_E,10483,20,,10,1200.0,135,3,0,0,0,0
720.1,750.1,OR_D_W_signal,offramp,FW_W,10491,9,,7,840.0,133,1,0,0,0,0
720.1,750.1,OR_D_W_direct,offramp,FW_W,10479,7,,12,1440.0,147,2,0,0,0,0
720.1,750.1,OR_F_E_signal,offramp,FW_E,10643,9,,8,960.0,83,3,0,0,0,0
720.1,750.1,OR_F_E_direct,offramp,FW_E,10682,11,,6,720.0,201,1,0,0,0,0
720.1,750.1,OR_F_W_signal,offramp,FW_W,10638,19,,5,600.0,69,3,0,0,0,1
720.1,750.1,OR_F_W_direct,offramp,FW_W,10645,16,,13,1560.0,154,2,0,0,0,0
720.1,750.1,source_1098,source,FW_E,,,0,51,6120.0,1517,,0,51,0,0
720.1,750.1,source_1099,source,FW_W,,,0,44,5280.0,936,,0,44,0,0
750.1,780.1,RM_C10480,ramp,FW_W,10480,,8,2,240.0,7,1,0,0,0,1
750.1,780.1,RM_C10482,ramp,FW_W,10482,,10,16,1920.0,290,24,0,0,0,0
750.1,780.1,RM_C10646,ramp,FW_W,10646,,18,4,480.0,16,1,0,0,0,1
750.1,780.1,RM_C10644,ramp,FW_W,10644,,22,12,1440.0,68,9,0,0,0,0
750.1,780.1,RM_C10639,ramp,FW_E,10639,,10,2,240.0,57,0,0,0,0,0
750.1,780.1,RM_C10681,ramp,FW_E,10681,,12,4,480.0,69,0,0,0,0,0
750.1,780.1,RM_C10490,ramp,FW_E,10490,,21,5,600.0,97,4,0,0,0,0
750.1,780.1,RM_C10484,ramp,FW_E,10484,,23,3,360.0,48,0,0,0,0,0
750.1,780.1,OR_D_E_signal,offramp,FW_E,10481,18,,3,360.0,38,3,0,0,0,0
750.1,780.1,OR_D_E_direct,offramp,FW_E,10483,20,,15,1800.0,150,3,0,0,0,0
750.1,780.1,OR_D_W_signal,offramp,FW_W,10491,9,,10,1200.0,143,4,0,0,0,1
750.1,780.1,OR_D_W_direct,offramp,FW_W,10479,7,,7,840.0,154,2,0,0,0,0
750.1,780.1,OR_F_E_signal,offramp,FW_E,10643,9,,8,960.0,91,3,0,0,0,0
750.1,780.1,OR_F_E_direct,offramp,FW_E,10682,11,,8,960.0,209,1,0,0,0,0
750.1,780.1,OR_F_W_signal,offramp,FW_W,10638,19,,8,960.0,77,2,0,0,0,1
750.1,780.1,OR_F_W_direct,offramp,FW_W,10645,16,,9,1080.0,163,2,0,0,0,0
750.1,780.1,source_1098,source,FW_E,,,0,50,6000.0,1567,,0,50,0,0
750.1,780.1,source_1099,source,FW_W,,,0,36,4320.0,972,,0,36,0,0
780.1,810.1,RM_C10480,ramp,FW_W,10480,,8,1,120.0,8,0,0,0,0,1
780.1,810.1,RM_C10482,ramp,FW_W,10482,,10,16,1920.0,306,23,0,0,0,0
780.1,810.1,RM_C10646,ramp,FW_W,10646,,18,1,120.0,17,0,0,0,0,1
780.1,810.1,RM_C10644,ramp,FW_W,10644,,22,1,120.0,69,12,0,0,0,0
780.1,810.1,RM_C10639,ramp,FW_E,10639,,10,0,0.0,57,1,0,0,0,0
780.1,810.1,RM_C10681,ramp,FW_E,10681,,12,0,0.0,69,0,0,0,0,0
780.1,810.1,RM_C10490,ramp,FW_E,10490,,21,4,480.0,101,8,0,0,0,0
780.1,810.1,RM_C10484,ramp,FW_E,10484,,23,0,0.0,48,4,0,0,0,0
780.1,810.1,OR_D_E_signal,offramp,FW_E,10481,18,,4,480.0,42,1,0,0,0,0
780.1,810.1,OR_D_E_direct,offramp,FW_E,10483,20,,7,840.0,157,0,0,0,0,0
780.1,810.1,OR_D_W_signal,offramp,FW_W,10491,9,,6,720.0,149,1,0,0,0,1
780.1,810.1,OR_D_W_direct,offramp,FW_W,10479,7,,5,600.0,159,0,0,0,0,0
780.1,810.1,OR_F_E_signal,offramp,FW_E,10643,9,,2,240.0,93,2,0,0,0,0
780.1,810.1,OR_F_E_direct,offramp,FW_E,10682,11,,9,1080.0,218,0,0,0,0,0
780.1,810.1,OR_F_W_signal,offramp,FW_W,10638,19,,4,480.0,81,1,0,0,0,1
780.1,810.1,OR_F_W_direct,offramp,FW_W,10645,16,,8,960.0,171,5,0,0,0,0
780.1,810.1,source_1098,source,FW_E,,,0,56,6720.0,1623,,0,56,0,0
780.1,810.1,source_1099,source,FW_W,,,0,30,3600.0,1002,,0,30,0,0
810.1,840.1,RM_C10480,ramp,FW_W,10480,,8,0,0.0,8,0,0,0,0,0
810.1,840.1,RM_C10482,ramp,FW_W,10482,,10,22,2640.0,328,5,0,0,0,0
810.1,840.1,RM_C10646,ramp,FW_W,10646,,18,0,0.0,17,1,0,0,0,0
810.1,840.1,RM_C10644,ramp,FW_W,10644,,22,0,0.0,69,14,0,0,0,0
810.1,840.1,RM_C10639,ramp,FW_E,10639,,10,0,0.0,57,6,0,0,0,0
810.1,840.1,RM_C10681,ramp,FW_E,10681,,12,0,0.0,69,10,0,0,0,0
810.1,840.1,RM_C10490,ramp,FW_E,10490,,21,8,960.0,109,5,0,0,0,0
810.1,840.1,RM_C10484,ramp,FW_E,10484,,23,2,240.0,50,6,0,0,0,0
810.1,840.1,OR_D_E_signal,offramp,FW_E,10481,18,,3,360.0,45,3,0,0,0,0
810.1,840.1,OR_D_E_direct,offramp,FW_E,10483,20,,1,120.0,158,0,0,0,0,0
810.1,840.1,OR_D_W_signal,offramp,FW_W,10491,9,,3,360.0,152,2,0,0,0,0
810.1,840.1,OR_D_W_direct,offramp,FW_W,10479,7,,5,600.0,164,2,0,0,0,0
810.1,840.1,OR_F_E_signal,offramp,FW_E,10643,9,,4,480.0,97,1,0,0,0,0
810.1,840.1,OR_F_E_direct,offramp,FW_E,10682,11,,13,1560.0,231,1,0,0,0,0
810.1,840.1,OR_F_W_signal,offramp,FW_W,10638,19,,1,120.0,82,0,0,0,0,0
810.1,840.1,OR_F_W_direct,offramp,FW_W,10645,16,,9,1080.0,180,1,0,0,0,0
810.1,840.1,source_1098,source,FW_E,,,0,70,8400.0,1693,,0,70,0,0
810.1,840.1,source_1099,source,FW_W,,,0,44,5280.0,1046,,0,44,0,0
840.1,870.1,RM_C10480,ramp,FW_W,10480,,8,1,120.0,9,0,0,0,0,0
840.1,870.1,RM_C10482,ramp,FW_W,10482,,10,1,120.0,329,23,0,0,0,0
840.1,870.1,RM_C10646,ramp,FW_W,10646,,18,1,120.0,18,3,0,0,0,0
840.1,870.1,RM_C10644,ramp,FW_W,10644,,22,4,480.0,73,18,0,0,0,0
840.1,870.1,RM_C10639,ramp,FW_E,10639,,10,6,720.0,63,1,0,0,0,0
840.1,870.1,RM_C10681,ramp,FW_E,10681,,12,9,1080.0,78,18,0,0,0,0
840.1,870.1,RM_C10490,ramp,FW_E,10490,,21,5,600.0,114,0,0,0,0,0
840.1,870.1,RM_C10484,ramp,FW_E,10484,,23,6,720.0,56,3,0,0,0,0
840.1,870.1,OR_D_E_signal,offramp,FW_E,10481,18,,2,240.0,47,0,0,0,0,0
840.1,870.1,OR_D_E_direct,offramp,FW_E,10483,20,,13,1560.0,171,4,0,0,0,0
840.1,870.1,OR_D_W_signal,offramp,FW_W,10491,9,,7,840.0,159,1,0,0,0,0
840.1,870.1,OR_D_W_direct,offramp,FW_W,10479,7,,10,1200.0,174,5,0,0,0,0
840.1,870.1,OR_F_E_signal,offramp,FW_E,10643,9,,6,720.0,103,4,0,0,0,0
840.1,870.1,OR_F_E_direct,offramp,FW_E,10682,11,,14,1680.0,245,5,0,0,0,0
840.1,870.1,OR_F_W_signal,offramp,FW_W,10638,19,,2,240.0,84,1,0,0,0,0
840.1,870.1,OR_F_W_direct,offramp,FW_W,10645,16,,9,1080.0,189,0,0,0,0,0
840.1,870.1,source_1098,source,FW_E,,,0,53,6360.0,1746,,0,53,0,0
840.1,870.1,source_1099,source,FW_W,,,0,37,4440.0,1083,,0,37,0,0
870.1,900.1,RM_C10480,ramp,FW_W,10480,,8,1,120.0,10,2,0,0,0,0
870.1,900.1,RM_C10482,ramp,FW_W,10482,,10,10,1200.0,339,33,0,0,0,0
870.1,900.1,RM_C10646,ramp,FW_W,10646,,18,4,480.0,22,4,0,0,0,1
870.1,900.1,RM_C10644,ramp,FW_W,10644,,22,7,840.0,80,13,0,0,0,0
870.1,900.1,RM_C10639,ramp,FW_E,10639,,10,0,0.0,63,6,0,0,0,0
870.1,900.1,RM_C10681,ramp,FW_E,10681,,12,14,1680.0,92,14,0,0,0,0
870.1,900.1,RM_C10490,ramp,FW_E,10490,,21,0,0.0,114,7,0,0,0,0
870.1,900.1,RM_C10484,ramp,FW_E,10484,,23,1,120.0,57,5,0,0,0,0
870.1,900.1,OR_D_E_signal,offramp,FW_E,10481,18,,5,600.0,52,3,0,0,0,0
870.1,900.1,OR_D_E_direct,offramp,FW_E,10483,20,,14,1680.0,185,12,0,0,0,0
870.1,900.1,OR_D_W_signal,offramp,FW_W,10491,9,,3,360.0,162,1,0,0,0,0
870.1,900.1,OR_D_W_direct,offramp,FW_W,10479,7,,9,1080.0,183,5,0,0,0,0
870.1,900.1,OR_F_E_signal,offramp,FW_E,10643,9,,7,840.0,110,3,0,0,0,0
870.1,900.1,OR_F_E_direct,offramp,FW_E,10682,11,,12,1440.0,257,5,0,0,0,0
870.1,900.1,OR_F_W_signal,offramp,FW_W,10638,19,,5,600.0,89,1,0,0,0,1
870.1,900.1,OR_F_W_direct,offramp,FW_W,10645,16,,11,1320.0,200,2,0,0,0,0
870.1,900.1,source_1098,source,FW_E,,,0,47,5640.0,1793,,0,47,0,0
870.1,900.1,source_1099,source,FW_W,,,0,44,5280.0,1127,,0,44,0,0
900.1,930.1,RM_C10480,ramp,FW_W,10480,,8,6,720.0,16,1,0,0,0,2
900.1,930.1,RM_C10482,ramp,FW_W,10482,,10,20,2400.0,359,25,0,0,0,0
900.1,930.1,RM_C10646,ramp,FW_W,10646,,18,4,480.0,26,0,0,0,0,3
900.1,930.1,RM_C10644,ramp,FW_W,10644,,22,3,360.0,83,12,0,0,0,0
900.1,930.1,RM_C10639,ramp,FW_E,10639,,10,2,240.0,65,14,0,0,0,0
900.1,930.1,RM_C10681,ramp,FW_E,10681,,12,10,1200.0,102,5,0,0,0,0
900.1,930.1,RM_C10490,ramp,FW_E,10490,,21,7,840.0,121,3,0,0,0,0
900.1,930.1,RM_C10484,ramp,FW_E,10484,,23,4,480.0,61,5,0,0,0,0
900.1,930.1,OR_D_E_signal,offramp,FW_E,10481,18,,4,480.0,56,3,0,0,0,0
900.1,930.1,OR_D_E_direct,offramp,FW_E,10483,20,,5,600.0,190,2,0,0,0,0
900.1,930.1,OR_D_W_signal,offramp,FW_W,10491,9,,9,1080.0,171,6,0,0,0,2
900.1,930.1,OR_D_W_direct,offramp,FW_W,10479,7,,8,960.0,191,3,0,0,0,0
900.1,930.1,OR_F_E_signal,offramp,FW_E,10643,9,,1,120.0,111,3,0,0,0,0
900.1,930.1,OR_F_E_direct,offramp,FW_E,10682,11,,8,960.0,265,2,0,0,0,0
900.1,930.1,OR_F_W_signal,offramp,FW_W,10638,19,,9,1080.0,98,1,0,0,0,3
900.1,930.1,OR_F_W_direct,offramp,FW_W,10645,16,,12,1440.0,212,5,0,0,0,0
900.1,930.1,source_1098,source,FW_E,,,0,98,11760.0,1891,,0,98,0,0
900.1,930.1,source_1099,source,FW_W,,,0,40,4800.0,1167,,0,40,0,0
930.1,960.1,RM_C10480,ramp,FW_W,10480,,8,1,120.0,17,0,0,0,0,0
930.1,960.1,RM_C10482,ramp,FW_W,10482,,10,21,2520.0,380,18,0,0,0,0
930.1,960.1,RM_C10646,ramp,FW_W,10646,,18,0,0.0,26,0,0,0,0,0
930.1,960.1,RM_C10644,ramp,FW_W,10644,,22,8,960.0,91,5,0,0,0,0
930.1,960.1,RM_C10639,ramp,FW_E,10639,,10,12,1440.0,77,4,0,0,0,0
930.1,960.1,RM_C10681,ramp,FW_E,10681,,12,5,600.0,107,0,0,0,0,0
930.1,960.1,RM_C10490,ramp,FW_E,10490,,21,3,360.0,124,10,0,0,0,0
930.1,960.1,RM_C10484,ramp,FW_E,10484,,23,5,600.0,66,2,0,0,0,0
930.1,960.1,OR_D_E_signal,offramp,FW_E,10481,18,,8,960.0,64,6,0,0,0,0
930.1,960.1,OR_D_E_direct,offramp,FW_E,10483,20,,5,600.0,195,0,0,0,0,0
930.1,960.1,OR_D_W_signal,offramp,FW_W,10491,9,,8,960.0,179,2,0,0,0,0
930.1,960.1,OR_D_W_direct,offramp,FW_W,10479,7,,10,1200.0,201,3,0,0,0,0
930.1,960.1,OR_F_E_signal,offramp,FW_E,10643,9,,3,360.0,114,5,0,0,0,0
930.1,960.1,OR_F_E_direct,offramp,FW_E,10682,11,,4,480.0,269,2,0,0,0,0
930.1,960.1,OR_F_W_signal,offramp,FW_W,10638,19,,0,0.0,98,0,0,0,0,0
930.1,960.1,OR_F_W_direct,offramp,FW_W,10645,16,,2,240.0,214,1,0,0,0,0
930.1,960.1,source_1098,source,FW_E,,,0,77,9240.0,1968,,0,77,0,0
930.1,960.1,source_1099,source,FW_W,,,0,41,4920.0,1208,,0,41,0,0
960.1,990.1,RM_C10480,ramp,FW_W,10480,,8,0,0.0,17,0,0,0,0,0
960.1,990.1,RM_C10482,ramp,FW_W,10482,,10,13,1560.0,393,12,0,0,0,0
960.1,990.1,RM_C10646,ramp,FW_W,10646,,18,0,0.0,26,1,0,0,0,0
960.1,990.1,RM_C10644,ramp,FW_W,10644,,22,4,480.0,95,4,0,0,0,0
960.1,990.1,RM_C10639,ramp,FW_E,10639,,10,4,480.0,81,0,0,0,0,0
960.1,990.1,RM_C10681,ramp,FW_E,10681,,12,0,0.0,107,6,0,0,0,0
960.1,990.1,RM_C10490,ramp,FW_E,10490,,21,10,1200.0,134,7,0,0,0,0
960.1,990.1,RM_C10484,ramp,FW_E,10484,,23,1,120.0,67,3,0,0,0,0
960.1,990.1,OR_D_E_signal,offramp,FW_E,10481,18,,1,120.0,65,1,0,0,0,0
960.1,990.1,OR_D_E_direct,offramp,FW_E,10483,20,,11,1320.0,206,2,0,0,0,0
960.1,990.1,OR_D_W_signal,offramp,FW_W,10491,9,,9,1080.0,188,4,0,0,0,0
960.1,990.1,OR_D_W_direct,offramp,FW_W,10479,7,,7,840.0,208,3,0,0,0,0
960.1,990.1,OR_F_E_signal,offramp,FW_E,10643,9,,6,720.0,120,8,0,0,0,0
960.1,990.1,OR_F_E_direct,offramp,FW_E,10682,11,,14,1680.0,283,8,0,0,0,0
960.1,990.1,OR_F_W_signal,offramp,FW_W,10638,19,,3,360.0,101,1,0,0,0,0
960.1,990.1,OR_F_W_direct,offramp,FW_W,10645,16,,11,1320.0,225,7,0,0,0,0
960.1,990.1,source_1098,source,FW_E,,,0,86,10320.0,2054,,0,86,0,0
960.1,990.1,source_1099,source,FW_W,,,0,46,5520.0,1254,,0,46,0,0
990.1,1020.1,RM_C10480,ramp,FW_W,10480,,8,1,120.0,18,1,0,0,0,1
990.1,1020.1,RM_C10482,ramp,FW_W,10482,,10,9,1080.0,402,17,0,0,0,0
990.1,1020.1,RM_C10646,ramp,FW_W,10646,,18,0,0.0,26,5,0,0,0,0
990.1,1020.1,RM_C10644,ramp,FW_W,10644,,22,0,0.0,95,5,0,0,0,0
990.1,1020.1,RM_C10639,ramp,FW_E,10639,,10,0,0.0,81,9,0,0,0,0
990.1,1020.1,RM_C10681,ramp,FW_E,10681,,12,6,720.0,113,15,0,0,0,0
990.1,1020.1,RM_C10490,ramp,FW_E,10490,,21,7,840.0,141,3,0,0,0,0
990.1,1020.1,RM_C10484,ramp,FW_E,10484,,23,2,240.0,69,4,0,0,0,0
990.1,1020.1,OR_D_E_signal,offramp,FW_E,10481,18,,1,120.0,66,1,0,0,0,0
990.1,1020.1,OR_D_E_direct,offramp,FW_E,10483,20,,7,840.0,213,3,0,0,0,0
990.1,1020.1,OR_D_W_signal,offramp,FW_W,10491,9,,10,1200.0,198,5,0,0,0,1
990.1,1020.1,OR_D_W_direct,offramp,FW_W,10479,7,,4,480.0,212,2,0,0,0,0
990.1,1020.1,OR_F_E_signal,offramp,FW_E,10643,9,,4,480.0,124,7,0,0,0,0
990.1,1020.1,OR_F_E_direct,offramp,FW_E,10682,11,,8,960.0,291,5,0,0,0,0
990.1,1020.1,OR_F_W_signal,offramp,FW_W,10638,19,,4,480.0,105,1,0,0,0,0
990.1,1020.1,OR_F_W_direct,offramp,FW_W,10645,16,,13,1560.0,238,7,0,0,0,0
990.1,1020.1,source_1098,source,FW_E,,,0,75,9000.0,2129,,0,75,0,0
990.1,1020.1,source_1099,source,FW_W,,,0,54,6480.0,1308,,0,54,0,0
1020.0999999999999,1050.1,RM_C10480,ramp,FW_W,10480,,8,1,120.0,19,0,0,0,0,1
1020.0999999999999,1050.1,RM_C10482,ramp,FW_W,10482,,10,13,1560.0,415,20,0,0,0,0
1020.0999999999999,1050.1,RM_C10646,ramp,FW_W,10646,,18,4,480.0,30,11,0,0,0,1
1020.0999999999999,1050.1,RM_C10644,ramp,FW_W,10644,,22,3,360.0,98,8,0,0,0,0
1020.0999999999999,1050.1,RM_C10639,ramp,FW_E,10639,,10,9,1080.0,90,1,0,0,0,0
1020.0999999999999,1050.1,RM_C10681,ramp,FW_E,10681,,12,16,1920.0,129,7,0,0,0,0
1020.0999999999999,1050.1,RM_C10490,ramp,FW_E,10490,,21,4,480.0,145,5,0,0,0,0
1020.0999999999999,1050.1,RM_C10484,ramp,FW_E,10484,,23,4,480.0,73,7,0,0,0,0
1020.0999999999999,1050.1,OR_D_E_signal,offramp,FW_E,10481,18,,2,240.0,68,2,0,0,0,0
1020.0999999999999,1050.1,OR_D_E_direct,offramp,FW_E,10483,20,,6,720.0,219,4,0,0,0,0
1020.0999999999999,1050.1,OR_D_W_signal,offramp,FW_W,10491,9,,8,960.0,206,1,0,0,0,1
1020.0999999999999,1050.1,OR_D_W_direct,offramp,FW_W,10479,7,,5,600.0,217,3,0,0,0,0
1020.0999999999999,1050.1,OR_F_E_signal,offramp,FW_E,10643,9,,5,600.0,129,7,0,0,0,0
1020.0999999999999,1050.1,OR_F_E_direct,offramp,FW_E,10682,11,,7,840.0,298,2,0,0,0,0
1020.0999999999999,1050.1,OR_F_W_signal,offramp,FW_W,10638,19,,7,840.0,112,0,0,0,0,1
1020.0999999999999,1050.1,OR_F_W_direct,offramp,FW_W,10645,16,,9,1080.0,247,5,0,0,0,0
1020.0999999999999,1050.1,source_1098,source,FW_E,,,0,90,10800.0,2219,,0,90,0,0
1020.0999999999999,1050.1,source_1099,source,FW_W,,,0,47,5640.0,1355,,0,47,0,0
1050.1,1080.1,RM_C10480,ramp,FW_W,10480,,8,2,240.0,21,0,0,0,0,2
1050.1,1080.1,RM_C10482,ramp,FW_W,10482,,10,12,1440.0,427,27,0,0,0,0
1050.1,1080.1,RM_C10646,ramp,FW_W,10646,,18,11,1320.0,41,1,0,0,0,4
1050.1,1080.1,RM_C10644,ramp,FW_W,10644,,22,1,120.0,99,10,0,0,0,0
1050.1,1080.1,RM_C10639,ramp,FW_E,10639,,10,1,120.0,91,8,0,0,0,0
1050.1,1080.1,RM_C10681,ramp,FW_E,10681,,12,7,840.0,136,3,0,0,0,0
1050.1,1080.1,RM_C10490,ramp,FW_E,10490,,21,6,720.0,151,4,0,0,0,0
1050.1,1080.1,RM_C10484,ramp,FW_E,10484,,23,5,600.0,78,4,0,0,0,0
1050.1,1080.1,OR_D_E_signal,offramp,FW_E,10481,18,,3,360.0,71,0,0,0,0,0
1050.1,1080.1,OR_D_E_direct,offramp,FW_E,10483,20,,11,1320.0,230,6,0,0,0,0
1050.1,1080.1,OR_D_W_signal,offramp,FW_W,10491,9,,12,1440.0,218,5,0,0,0,2
1050.1,1080.1,OR_D_W_direct,offramp,FW_W,10479,7,,8,960.0,225,1,0,0,0,0
1050.1,1080.1,OR_F_E_signal,offramp,FW_E,10643,9,,10,1200.0,139,10,0,0,0,0
1050.1,1080.1,OR_F_E_direct,offramp,FW_E,10682,11,,12,1440.0,310,1,0,0,0,0
1050.1,1080.1,OR_F_W_signal,offramp,FW_W,10638,19,,15,1800.0,127,4,0,0,0,4
1050.1,1080.1,OR_F_W_direct,offramp,FW_W,10645,16,,10,1200.0,257,3,0,0,0,0
1050.1,1080.1,source_1098,source,FW_E,,,0,91,10920.0,2310,,0,91,0,0
1050.1,1080.1,source_1099,source,FW_W,,,0,50,6000.0,1405,,0,50,0,0
1080.1,1110.1,RM_C10480,ramp,FW_W,10480,,8,0,0.0,21,0,0,0,0,0
1080.1,1110.1,RM_C10482,ramp,FW_W,10482,,10,21,2520.0,448,20,0,0,0,0
1080.1,1110.1,RM_C10646,ramp,FW_W,10646,,18,1,120.0,42,1,0,0,0,0
1080.1,1110.1,RM_C10644,ramp,FW_W,10644,,22,3,360.0,102,7,0,0,0,0
1080.1,1110.1,RM_C10639,ramp,FW_E,10639,,10,7,840.0,98,6,0,0,0,0
1080.1,1110.1,RM_C10681,ramp,FW_E,10681,,12,3,360.0,139,0,0,0,0,0
1080.1,1110.1,RM_C10490,ramp,FW_E,10490,,21,4,480.0,155,7,0,0,0,0
1080.1,1110.1,RM_C10484,ramp,FW_E,10484,,23,2,240.0,80,6,0,0,0,0
1080.1,1110.1,OR_D_E_signal,offramp,FW_E,10481,18,,1,120.0,72,0,0,0,0,0
1080.1,1110.1,OR_D_E_direct,offramp,FW_E,10483,20,,11,1320.0,241,4,0,0,0,0
1080.1,1110.1,OR_D_W_signal,offramp,FW_W,10491,9,,3,360.0,221,0,0,0,0,0
1080.1,1110.1,OR_D_W_direct,offramp,FW_W,10479,7,,11,1320.0,236,3,0,0,0,0
1080.1,1110.1,OR_F_E_signal,offramp,FW_E,10643,9,,3,360.0,142,8,0,0,0,0
1080.1,1110.1,OR_F_E_direct,offramp,FW_E,10682,11,,9,1080.0,319,5,0,0,0,0
1080.1,1110.1,OR_F_W_signal,offramp,FW_W,10638,19,,3,360.0,130,1,0,0,0,0
1080.1,1110.1,OR_F_W_direct,offramp,FW_W,10645,16,,5,600.0,262,4,0,0,0,0
1080.1,1110.1,source_1098,source,FW_E,,,0,69,8280.0,2379,,0,69,0,0
1080.1,1110.1,source_1099,source,FW_W,,,0,44,5280.0,1449,,0,44,0,0
1110.1,1140.1,RM_C10480,ramp,FW_W,10480,,8,0,0.0,21,1,0,0,0,0
1110.1,1140.1,RM_C10482,ramp,FW_W,10482,,10,17,2040.0,465,26,0,0,0,0
1110.1,1140.1,RM_C10646,ramp,FW_W,10646,,18,1,120.0,43,0,0,0,0,0
1110.1,1140.1,RM_C10644,ramp,FW_W,10644,,22,6,720.0,108,3,0,0,0,0
1110.1,1140.1,RM_C10639,ramp,FW_E,10639,,10,5,600.0,103,2,0,0,0,0
1110.1,1140.1,RM_C10681,ramp,FW_E,10681,,12,0,0.0,139,6,0,0,0,0
1110.1,1140.1,RM_C10490,ramp,FW_E,10490,,21,7,840.0,162,6,0,0,0,0
1110.1,1140.1,RM_C10484,ramp,FW_E,10484,,23,4,480.0,84,6,0,0,0,0
1110.1,1140.1,OR_D_E_signal,offramp,FW_E,10481,18,,3,360.0,75,0,0,0,0,0
1110.1,1140.1,OR_D_E_direct,offramp,FW_E,10483,20,,11,1320.0,252,7,0,0,0,0
1110.1,1140.1,OR_D_W_signal,offramp,FW_W,10491,9,,8,960.0,229,2,0,0,0,0
1110.1,1140.1,OR_D_W_direct,offramp,FW_W,10479,7,,4,480.0,240,0,0,0,0,0
1110.1,1140.1,OR_F_E_signal,offramp,FW_E,10643,9,,6,720.0,148,12,0,0,0,0
1110.1,1140.1,OR_F_E_direct,offramp,FW_E,10682,11,,12,1440.0,331,7,0,0,0,0
1110.1,1140.1,OR_F_W_signal,offramp,FW_W,10638,19,,3,360.0,133,1,0,0,0,0
1110.1,1140.1,OR_F_W_direct,offramp,FW_W,10645,16,,15,1800.0,277,10,0,0,0,0
1110.1,1140.1,source_1098,source,FW_E,,,0,41,4920.0,2420,,0,41,0,0
1110.1,1140.1,source_1099,source,FW_W,,,0,35,4200.0,1484,,0,35,0,0
1140.1,1170.1,RM_C10480,ramp,FW_W,10480,,8,1,120.0,22,0,0,0,0,1
1140.1,1170.1,RM_C10482,ramp,FW_W,10482,,10,17,2040.0,482,28,0,0,0,0
1140.1,1170.1,RM_C10646,ramp,FW_W,10646,,18,0,0.0,43,8,0,0,0,0
1140.1,1170.1,RM_C10644,ramp,FW_W,10644,,22,1,120.0,109,10,0,0,0,0
1140.1,1170.1,RM_C10639,ramp,FW_E,10639,,10,2,240.0,105,11,0,0,0,0
1140.1,1170.1,RM_C10681,ramp,FW_E,10681,,12,6,720.0,145,16,0,0,0,0
1140.1,1170.1,RM_C10490,ramp,FW_E,10490,,21,6,720.0,168,3,0,0,0,0
1140.1,1170.1,RM_C10484,ramp,FW_E,10484,,23,6,720.0,90,5,0,0,0,0
1140.1,1170.1,OR_D_E_signal,offramp,FW_E,10481,18,,1,120.0,76,1,0,0,0,0
1140.1,1170.1,OR_D_E_direct,offramp,FW_E,10483,20,,12,1440.0,264,2,0,0,0,0
1140.1,1170.1,OR_D_W_signal,offramp,FW_W,10491,9,,5,600.0,234,2,0,0,0,1
1140.1,1170.1,OR_D_W_direct,offramp,FW_W,10479,7,,5,600.0,245,3,0,0,0,0
1140.1,1170.1,OR_F_E_signal,offramp,FW_E,10643,9,,1,120.0,149,5,0,0,0,0
1140.1,1170.1,OR_F_E_direct,offramp,FW_E,10682,11,,13,1560.0,344,8,0,0,0,0
1140.1,1170.1,OR_F_W_signal,offramp,FW_W,10638,19,,3,360.0,136,2,0,0,0,0
1140.1,1170.1,OR_F_W_direct,offramp,FW_W,10645,16,,11,1320.0,288,2,0,0,0,0
1140.1,1170.1,source_1098,source,FW_E,,,0,51,6120.0,2471,,0,51,0,0
1140.1,1170.1,source_1099,source,FW_W,,,0,43,5160.0,1527,,0,43,0,0
1170.1,1200.1,RM_C10480,ramp,FW_W,10480,,8,0,0.0,22,3,0,0,0,0
1170.1,1200.1,RM_C10482,ramp,FW_W,10482,,10,21,2520.0,503,23,0,0,0,0
1170.1,1200.1,RM_C10646,ramp,FW_W,10646,,18,5,600.0,48,10,0,0,0,1
1170.1,1200.1,RM_C10644,ramp,FW_W,10644,,22,1,120.0,110,13,0,0,0,0
1170.1,1200.1,RM_C10639,ramp,FW_E,10639,,10,10,1200.0,115,3,0,0,0,0
1170.1,1200.1,RM_C10681,ramp,FW_E,10681,,12,10,1200.0,155,20,0,0,0,0
1170.1,1200.1,RM_C10490,ramp,FW_E,10490,,21,3,360.0,171,3,0,0,0,0
1170.1,1200.1,RM_C10484,ramp,FW_E,10484,,23,1,120.0,91,12,0,0,0,0
1170.1,1200.1,OR_D_E_signal,offramp,FW_E,10481,18,,1,120.0,77,1,0,0,0,0
1170.1,1200.1,OR_D_E_direct,offramp,FW_E,10483,20,,7,840.0,271,3,0,0,0,0
1170.1,1200.1,OR_D_W_signal,offramp,FW_W,10491,9,,6,720.0,240,2,0,0,0,0
1170.1,1200.1,OR_D_W_direct,offramp,FW_W,10479,7,,9,1080.0,254,3,0,0,0,0
1170.1,1200.1,OR_F_E_signal,offramp,FW_E,10643,9,,8,960.0,157,8,0,0,0,0
1170.1,1200.1,OR_F_E_direct,offramp,FW_E,10682,11,,12,1440.0,356,7,0,0,0,0
1170.1,1200.1,OR_F_W_signal,offramp,FW_W,10638,19,,8,960.0,144,3,0,0,0,1
1170.1,1200.1,OR_F_W_direct,offramp,FW_W,10645,16,,5,600.0,293,0,0,0,0,0
1170.1,1200.1,source_1098,source,FW_E,,,0,54,6480.0,2525,,0,54,0,0
1170.1,1200.1,source_1099,source,FW_W,,,0,33,3960.0,1560,,0,33,0,0
1200.1,1230.1,RM_C10480,ramp,FW_W,10480,,8,3,360.0,25,4,0,0,0,2
1200.1,1230.1,RM_C10482,ramp,FW_W,10482,,10,15,1800.0,518,26,0,0,0,0
1200.1,1230.1,RM_C10646,ramp,FW_W,10646,,18,12,1440.0,60,2,0,0,0,1
1200.1,1230.1,RM_C10644,ramp,FW_W,10644,,22,1,120.0,111,15,0,0,0,0
1200.1,1230.1,RM_C10639,ramp,FW_E,10639,,10,3,360.0,118,1,0,0,0,0
1200.1,1230.1,RM_C10681,ramp,FW_E,10681,,12,8,960.0,163,18,0,0,0,0
1200.1,1230.1,RM_C10490,ramp,FW_E,10490,,21,3,360.0,174,8,0,0,0,0
1200.1,1230.1,RM_C10484,ramp,FW_E,10484,,23,7,840.0,98,7,0,0,0,0
1200.1,1230.1,OR_D_E_signal,offramp,FW_E,10481,18,,4,480.0,81,1,0,0,0,0
1200.1,1230.1,OR_D_E_direct,offramp,FW_E,10483,20,,16,1920.0,287,5,0,0,0,0
1200.1,1230.1,OR_D_W_signal,offramp,FW_W,10491,9,,11,1320.0,251,4,0,0,0,2
1200.1,1230.1,OR_D_W_direct,offramp,FW_W,10479,7,,3,360.0,257,0,0,0,0,0
1200.1,1230.1,OR_F_E_signal,offramp,FW_E,10643,9,,3,360.0,160,4,0,0,0,0
1200.1,1230.1,OR_F_E_direct,offramp,FW_E,10682,11,,9,1080.0,365,5,0,0,0,0
1200.1,1230.1,OR_F_W_signal,offramp,FW_W,10638,19,,14,1680.0,158,5,0,0,0,1
1200.1,1230.1,OR_F_W_direct,offramp,FW_W,10645,16,,12,1440.0,305,0,0,0,0,0
1200.1,1230.1,source_1098,source,FW_E,,,0,58,6960.0,2583,,0,58,0,0
1200.1,1230.1,source_1099,source,FW_W,,,0,60,7200.0,1620,,0,60,0,0
1230.1,1260.1,RM_C10480,ramp,FW_W,10480,,8,4,480.0,29,0,0,0,0,1
1230.1,1260.1,RM_C10482,ramp,FW_W,10482,,10,21,2520.0,539,25,0,0,0,0
1230.1,1260.1,RM_C10646,ramp,FW_W,10646,,18,2,240.0,62,0,0,0,0,1
1230.1,1260.1,RM_C10644,ramp,FW_W,10644,,22,0,0.0,111,16,0,0,0,0
1230.1,1260.1,RM_C10639,ramp,FW_E,10639,,10,1,120.0,119,2,0,0,0,0
1230.1,1260.1,RM_C10681,ramp,FW_E,10681,,12,6,720.0,169,14,0,0,0,0
1230.1,1260.1,RM_C10490,ramp,FW_E,10490,,21,7,840.0,181,7,0,0,0,0
1230.1,1260.1,RM_C10484,ramp,FW_E,10484,,23,7,840.0,105,2,0,0,0,0
1230.1,1260.1,OR_D_E_signal,offramp,FW_E,10481,18,,1,120.0,82,1,0,0,0,0
1230.1,1260.1,OR_D_E_direct,offramp,FW_E,10483,20,,12,1440.0,299,4,0,0,0,0
1230.1,1260.1,OR_D_W_signal,offramp,FW_W,10491,9,,11,1320.0,262,5,0,0,0,1
1230.1,1260.1,OR_D_W_direct,offramp,FW_W,10479,7,,6,720.0,263,4,0,0,0,0
1230.1,1260.1,OR_F_E_signal,offramp,FW_E,10643,9,,7,840.0,167,9,0,0,0,0
1230.1,1260.1,OR_F_E_direct,offramp,FW_E,10682,11,,14,1680.0,379,5,0,0,0,0
1230.1,1260.1,OR_F_W_signal,offramp,FW_W,10638,19,,6,720.0,164,5,0,0,0,1
1230.1,1260.1,OR_F_W_direct,offramp,FW_W,10645,16,,7,840.0,312,4,0,0,0,0
1230.1,1260.1,source_1098,source,FW_E,,,0,67,8040.0,2650,,0,67,0,0
1230.1,1260.1,source_1099,source,FW_W,,,0,38,4560.0,1658,,0,38,0,0
1260.1,1290.1,RM_C10480,ramp,FW_W,10480,,8,0,0.0,29,0,0,0,0,0
1260.1,1290.1,RM_C10482,ramp,FW_W,10482,,10,16,1920.0,555,31,0,0,0,0
1260.1,1290.1,RM_C10646,ramp,FW_W,10646,,18,0,0.0,62,0,0,0,0,0
1260.1,1290.1,RM_C10644,ramp,FW_W,10644,,22,9,1080.0,120,12,0,0,0,0
1260.1,1290.1,RM_C10639,ramp,FW_E,10639,,10,2,240.0,121,4,0,0,0,0
1260.1,1290.1,RM_C10681,ramp,FW_E,10681,,12,6,720.0,175,15,0,0,0,0
1260.1,1290.1,RM_C10490,ramp,FW_E,10490,,21,8,960.0,189,1,0,0,0,0
1260.1,1290.1,RM_C10484,ramp,FW_E,10484,,23,0,0.0,105,4,0,0,0,0
1260.1,1290.1,OR_D_E_signal,offramp,FW_E,10481,18,,2,240.0,84,0,0,0,0,0
1260.1,1290.1,OR_D_E_direct,offramp,FW_E,10483,20,,13,1560.0,312,8,0,0,0,0
1260.1,1290.1,OR_D_W_signal,offramp,FW_W,10491,9,,6,720.0,268,1,0,0,0,0
1260.1,1290.1,OR_D_W_direct,offramp,FW_W,10479,7,,7,840.0,270,2,0,0,0,0
1260.1,1290.1,OR_F_E_signal,offramp,FW_E,10643,9,,5,600.0,172,11,0,0,0,0
1260.1,1290.1,OR_F_E_direct,offramp,FW_E,10682,11,,11,1320.0,390,6,0,0,0,0
1260.1,1290.1,OR_F_W_signal,offramp,FW_W,10638,19,,3,360.0,167,1,0,0,0,0
1260.1,1290.1,OR_F_W_direct,offramp,FW_W,10645,16,,16,1920.0,328,4,0,0,0,0
1260.1,1290.1,source_1098,source,FW_E,,,0,64,7680.0,2714,,0,64,0,0
1260.1,1290.1,source_1099,source,FW_W,,,0,36,4320.0,1694,,0,36,0,0
1290.1,1320.1,RM_C10480,ramp,FW_W,10480,,8,0,0.0,29,2,0,0,0,0
1290.1,1320.1,RM_C10482,ramp,FW_W,10482,,10,24,2880.0,579,30,0,0,0,0
1290.1,1320.1,RM_C10646,ramp,FW_W,10646,,18,0,0.0,62,5,0,0,0,0
1290.1,1320.1,RM_C10644,ramp,FW_W,10644,,22,7,840.0,127,11,0,0,0,0
1290.1,1320.1,RM_C10639,ramp,FW_E,10639,,10,4,480.0,125,1,0,0,0,0
1290.1,1320.1,RM_C10681,ramp,FW_E,10681,,12,9,1080.0,184,21,0,0,0,0
1290.1,1320.1,RM_C10490,ramp,FW_E,10490,,21,1,120.0,190,7,0,0,0,0
1290.1,1320.1,RM_C10484,ramp,FW_E,10484,,23,3,360.0,108,3,0,0,0,0
1290.1,1320.1,OR_D_E_signal,offramp,FW_E,10481,18,,4,480.0,88,3,0,0,0,0
1290.1,1320.1,OR_D_E_direct,offramp,FW_E,10483,20,,5,600.0,317,3,0,0,0,0
1290.1,1320.1,OR_D_W_signal,offramp,FW_W,10491,9,,9,1080.0,277,1,0,0,0,0
1290.1,1320.1,OR_D_W_direct,offramp,FW_W,10479,7,,4,480.0,274,1,0,0,0,0
1290.1,1320.1,OR_F_E_signal,offramp,FW_E,10643,9,,2,240.0,174,8,0,0,0,0
1290.1,1320.1,OR_F_E_direct,offramp,FW_E,10682,11,,10,1200.0,400,3,0,0,0,0
1290.1,1320.1,OR_F_W_signal,offramp,FW_W,10638,19,,1,120.0,168,0,0,0,0,0
1290.1,1320.1,OR_F_W_direct,offramp,FW_W,10645,16,,9,1080.0,337,8,0,0,0,0
1290.1,1320.1,source_1098,source,FW_E,,,0,74,8880.0,2788,,0,74,0,0
1290.1,1320.1,source_1099,source,FW_W,,,0,58,6960.0,1752,,0,58,0,0
1320.1,1350.1,RM_C10480,ramp,FW_W,10480,,8,3,360.0,32,0,0,0,0,2
1320.1,1350.1,RM_C10482,ramp,FW_W,10482,,10,20,2400.0,599,29,0,0,0,0
1320.1,1350.1,RM_C10646,ramp,FW_W,10646,,18,5,600.0,67,9,0,0,0,3
1320.1,1350.1,RM_C10644,ramp,FW_W,10644,,22,0,0.0,127,14,0,0,0,0
1320.1,1350.1,RM_C10639,ramp,FW_E,10639,,10,0,0.0,125,12,0,0,0,0
1320.1,1350.1,RM_C10681,ramp,FW_E,10681,,12,8,960.0,192,24,0,0,0,0
1320.1,1350.1,RM_C10490,ramp,FW_E,10490,,21,7,840.0,197,2,0,0,0,0
1320.1,1350.1,RM_C10484,ramp,FW_E,10484,,23,3,360.0,111,5,0,0,0,0
1320.1,1350.1,OR_D_E_signal,offramp,FW_E,10481,18,,3,360.0,91,2,0,0,0,0
1320.1,1350.1,OR_D_E_direct,offramp,FW_E,10483,20,,5,600.0,322,0,0,0,0,0
1320.1,1350.1,OR_D_W_signal,offramp,FW_W,10491,9,,10,1200.0,287,5,0,0,0,2
1320.1,1350.1,OR_D_W_direct,offramp,FW_W,10479,7,,4,480.0,278,1,0,0,0,0
1320.1,1350.1,OR_F_E_signal,offramp,FW_E,10643,9,,7,840.0,181,10,0,0,0,0
1320.1,1350.1,OR_F_E_direct,offramp,FW_E,10682,11,,13,1560.0,413,9,0,0,0,0
1320.1,1350.1,OR_F_W_signal,offramp,FW_W,10638,19,,13,1560.0,181,5,0,0,0,3
1320.1,1350.1,OR_F_W_direct,offramp,FW_W,10645,16,,3,360.0,340,0,0,0,0,0
1320.1,1350.1,source_1098,source,FW_E,,,0,55,6600.0,2843,,0,55,0,0
1320.1,1350.1,source_1099,source,FW_W,,,0,42,5040.0,1794,,0,42,0,0
1350.1,1380.1,RM_C10480,ramp,FW_W,10480,,8,0,0.0,32,2,0,0,0,0
1350.1,1380.1,RM_C10482,ramp,FW_W,10482,,10,20,2400.0,619,32,0,0,0,0
1350.1,1380.1,RM_C10646,ramp,FW_W,10646,,18,9,1080.0,76,1,0,0,0,3
1350.1,1380.1,RM_C10644,ramp,FW_W,10644,,22,5,600.0,132,11,0,0,0,0
1350.1,1380.1,RM_C10639,ramp,FW_E,10639,,10,11,1320.0,136,9,0,0,0,0
1350.1,1380.1,RM_C10681,ramp,FW_E,10681,,12,9,1080.0,201,17,0,0,0,0
1350.1,1380.1,RM_C10490,ramp,FW_E,10490,,21,2,240.0,199,7,0,0,0,0
1350.1,1380.1,RM_C10484,ramp,FW_E,10484,,23,0,0.0,111,11,0,0,0,0
1350.1,1380.1,OR_D_E_signal,offramp,FW_E,10481,18,,2,240.0,93,2,0,0,0,0
1350.1,1380.1,OR_D_E_direct,offramp,FW_E,10483,20,,4,480.0,326,2,0,0,0,0
1350.1,1380.1,OR_D_W_signal,offramp,FW_W,10491,9,,6,720.0,293,1,0,0,0,0
1350.1,1380.1,OR_D_W_direct,offramp,FW_W,10479,7,,9,1080.0,287,2,0,0,0,0
1350.1,1380.1,OR_F_E_signal,offramp,FW_E,10643,9,,7,840.0,188,9,0,0,0,0
1350.1,1380.1,OR_F_E_direct,offramp,FW_E,10682,11,,7,840.0,420,0,0,0,0,0
1350.1,1380.1,OR_F_W_signal,offramp,FW_W,10638,19,,11,1320.0,192,6,0,0,0,3
1350.1,1380.1,OR_F_W_direct,offramp,FW_W,10645,16,,19,2280.0,359,5,0,0,0,0
1350.1,1380.1,source_1098,source,FW_E,,,0,52,6240.0,2895,,0,52,0,0
1350.1,1380.1,source_1099,source,FW_W,,,0,37,4440.0,1831,,0,37,0,0
1380.1,1410.1,RM_C10480,ramp,FW_W,10480,,8,2,240.0,34,0,0,0,0,1
1380.1,1410.1,RM_C10482,ramp,FW_W,10482,,10,20,2400.0,639,28,0,0,0,0
1380.1,1410.1,RM_C10646,ramp,FW_W,10646,,18,1,120.0,77,0,0,0,0,1
1380.1,1410.1,RM_C10644,ramp,FW_W,10644,,22,8,960.0,140,7,0,0,0,0
1380.1,1410.1,RM_C10639,ramp,FW_E,10639,,10,7,840.0,143,2,0,0,0,0
1380.1,1410.1,RM_C10681,ramp,FW_E,10681,,12,7,840.0,208,11,0,0,0,0
1380.1,1410.1,RM_C10490,ramp,FW_E,10490,,21,7,840.0,206,4,0,0,0,0
1380.1,1410.1,RM_C10484,ramp,FW_E,10484,,23,6,720.0,117,9,0,0,0,0
1380.1,1410.1,OR_D_E_signal,offramp,FW_E,10481,18,,5,600.0,98,2,0,0,0,0
1380.1,1410.1,OR_D_E_direct,offramp,FW_E,10483,20,,4,480.0,330,4,0,0,0,0
1380.1,1410.1,OR_D_W_signal,offramp,FW_W,10491,9,,4,480.0,297,1,0,0,0,1
1380.1,1410.1,OR_D_W_direct,offramp,FW_W,10479,7,,9,1080.0,296,1,0,0,0,0
1380.1,1410.1,OR_F_E_signal,offramp,FW_E,10643,9,,6,720.0,194,7,0,0,0,0
1380.1,1410.1,OR_F_E_direct,offramp,FW_E,10682,11,,13,1560.0,433,6,0,0,0,0
1380.1,1410.1,OR_F_W_signal,offramp,FW_W,10638,19,,7,840.0,199,2,0,0,0,1
1380.1,1410.1,OR_F_W_direct,offramp,FW_W,10645,16,,9,1080.0,368,1,0,0,0,0
1380.1,1410.1,source_1098,source,FW_E,,,0,59,7080.0,2954,,0,59,0,0
1380.1,1410.1,source_1099,source,FW_W,,,0,52,6240.0,1883,,0,52,0,0
1410.1,1440.1,RM_C10480,ramp,FW_W,10480,,8,1,120.0,35,0,0,0,0,1
1410.1,1440.1,RM_C10482,ramp,FW_W,10482,,10,20,2400.0,659,27,0,0,0,0
1410.1,1440.1,RM_C10646,ramp,FW_W,10646,,18,0,0.0,77,0,0,0,0,0
1410.1,1440.1,RM_C10644,ramp,FW_W,10644,,22,1,120.0,141,10,0,0,0,0
1410.1,1440.1,RM_C10639,ramp,FW_E,10639,,10,2,240.0,145,4,0,0,0,0
1410.1,1440.1,RM_C10681,ramp,FW_E,10681,,12,8,960.0,216,12,0,0,0,0
1410.1,1440.1,RM_C10490,ramp,FW_E,10490,,21,4,480.0,210,6,0,0,0,0
1410.1,1440.1,RM_C10484,ramp,FW_E,10484,,23,6,720.0,123,9,0,0,0,0
1410.1,1440.1,OR_D_E_signal,offramp,FW_E,10481,18,,4,480.0,102,1,0,0,0,0
1410.1,1440.1,OR_D_E_direct,offramp,FW_E,10483,20,,16,1920.0,346,8,0,0,0,0
1410.1,1440.1,OR_D_W_signal,offramp,FW_W,10491,9,,7,840.0,304,3,0,0,0,1
1410.1,1440.1,OR_D_W_direct,offramp,FW_W,10479,7,,4,480.0,300,0,0,0,0,0
1410.1,1440.1,OR_F_E_signal,offramp,FW_E,10643,9,,6,720.0,200,10,0,0,0,0
1410.1,1440.1,OR_F_E_direct,offramp,FW_E,10682,11,,13,1560.0,446,7,0,0,0,0
1410.1,1440.1,OR_F_W_signal,offramp,FW_W,10638,19,,5,600.0,204,0,0,0,0,0
1410.1,1440.1,OR_F_W_direct,offramp,FW_W,10645,16,,10,1200.0,378,2,0,0,0,0
1410.1,1440.1,source_1098,source,FW_E,,,0,57,6840.0,3011,,0,57,0,0
1410.1,1440.1,source_1099,source,FW_W,,,0,45,5400.0,1928,,0,45,0,0
1440.1,1470.1,RM_C10480,ramp,FW_W,10480,,8,0,0.0,35,0,0,0,0,0
1440.1,1470.1,RM_C10482,ramp,FW_W,10482,,10,20,2400.0,679,23,0,0,0,0
1440.1,1470.1,RM_C10646,ramp,FW_W,10646,,18,0,0.0,77,4,0,0,0,0
1440.1,1470.1,RM_C10644,ramp,FW_W,10644,,22,0,0.0,141,12,0,0,0,0
1440.1,1470.1,RM_C10639,ramp,FW_E,10639,,10,4,480.0,149,3,0,0,0,0
1440.1,1470.1,RM_C10681,ramp,FW_E,10681,,12,6,720.0,222,23,0,0,0,0
1440.1,1470.1,RM_C10490,ramp,FW_E,10490,,21,5,600.0,215,9,0,0,0,0
1440.1,1470.1,RM_C10484,ramp,FW_E,10484,,23,6,720.0,129,10,0,0,0,0
1440.1,1470.1,OR_D_E_signal,offramp,FW_E,10481,18,,3,360.0,105,3,0,0,0,0
1440.1,1470.1,OR_D_E_direct,offramp,FW_E,10483,20,,11,1320.0,357,0,0,0,0,0
1440.1,1470.1,OR_D_W_signal,offramp,FW_W,10491,9,,6,720.0,310,3,0,0,0,0
1440.1,1470.1,OR_D_W_direct,offramp,FW_W,10479,7,,8,960.0,308,2,0,0,0,0
1440.1,1470.1,OR_F_E_signal,offramp,FW_E,10643,9,,4,480.0,204,10,0,0,0,0
1440.1,1470.1,OR_F_E_direct,offramp,FW_E,10682,11,,6,720.0,452,1,0,0,0,0
1440.1,1470.1,OR_F_W_signal,offramp,FW_W,10638,19,,3,360.0,207,0,0,0,0,0
1440.1,1470.1,OR_F_W_direct,offramp,FW_W,10645,16,,9,1080.0,387,4,0,0,0,0
1440.1,1470.1,source_1098,source,FW_E,,,0,60,7200.0,3071,,0,60,0,0
1440.1,1470.1,source_1099,source,FW_W,,,0,34,4080.0,1962,,0,34,0,0
1470.1,1500.1,RM_C10480,ramp,FW_W,10480,,8,0,0.0,35,3,0,0,0,0
1470.1,1500.1,RM_C10482,ramp,FW_W,10482,,10,19,2280.0,698,16,0,0,0,0
1470.1,1500.1,RM_C10646,ramp,FW_W,10646,,18,4,480.0,81,6,0,0,0,2
1470.1,1500.1,RM_C10644,ramp,FW_W,10644,,22,8,960.0,149,9,0,0,0,0
1470.1,1500.1,RM_C10639,ramp,FW_E,10639,,10,3,360.0,152,0,0,0,0,0
1470.1,1500.1,RM_C10681,ramp,FW_E,10681,,12,6,720.0,228,39,0,0,0,0
1470.1,1500.1,RM_C10490,ramp,FW_E,10490,,21,9,1080.0,224,4,0,0,0,0
1470.1,1500.1,RM_C10484,ramp,FW_E,10484,,23,7,840.0,136,5,0,0,0,0
1470.1,1500.1,OR_D_E_signal,offramp,FW_E,10481,18,,2,240.0,107,1,0,0,0,0
1470.1,1500.1,OR_D_E_direct,offramp,FW_E,10483,20,,11,1320.0,368,6,0,0,0,0
1470.1,1500.1,OR_D_W_signal,offramp,FW_W,10491,9,,4,480.0,314,0,0,0,0,0
1470.1,1500.1,OR_D_W_direct,offramp,FW_W,10479,7,,9,1080.0,317,2,0,0,0,0
1470.1,1500.1,OR_F_E_signal,offramp,FW_E,10643,9,,6,720.0,210,10,0,0,0,0
1470.1,1500.1,OR_F_E_direct,offramp,FW_E,10682,11,,9,1080.0,461,1,0,0,0,0
1470.1,1500.1,OR_F_W_signal,offramp,FW_W,10638,19,,12,1440.0,219,7,0,0,0,2
1470.1,1500.1,OR_F_W_direct,offramp,FW_W,10645,16,,15,1800.0,402,9,0,0,0,0
1470.1,1500.1,source_1098,source,FW_E,,,0,66,7920.0,3137,,0,66,0,0
1470.1,1500.1,source_1099,source,FW_W,,,0,31,3720.0,1993,,0,31,0,0
1500.1,1530.1,RM_C10480,ramp,FW_W,10480,,8,5,600.0,40,0,0,0,0,3
1500.1,1530.1,RM_C10482,ramp,FW_W,10482,,10,8,960.0,706,25,0,0,0,0
1500.1,1530.1,RM_C10646,ramp,FW_W,10646,,18,6,720.0,87,1,0,0,0,2
1500.1,1530.1,RM_C10644,ramp,FW_W,10644,,22,2,240.0,151,10,0,0,0,0
1500.1,1530.1,RM_C10639,ramp,FW_E,10639,,10,0,0.0,152,6,0,0,0,0
1500.1,1530.1,RM_C10681,ramp,FW_E,10681,,12,6,720.0,234,36,0,0,0,0
1500.1,1530.1,RM_C10490,ramp,FW_E,10490,,21,4,480.0,228,9,0,0,0,0
1500.1,1530.1,RM_C10484,ramp,FW_E,10484,,23,5,600.0,141,3,0,0,0,0
1500.1,1530.1,OR_D_E_signal,offramp,FW_E,10481,18,,3,360.0,110,1,0,0,0,0
1500.1,1530.1,OR_D_E_direct,offramp,FW_E,10483,20,,7,840.0,375,5,0,0,0,0
1500.1,1530.1,OR_D_W_signal,offramp,FW_W,10491,9,,9,1080.0,323,4,0,0,0,3
1500.1,1530.1,OR_D_W_direct,offramp,FW_W,10479,7,,10,1200.0,327,3,0,0,0,0
1500.1,1530.1,OR_F_E_signal,offramp,FW_E,10643,9,,4,480.0,214,8,0,0,0,0
1500.1,1530.1,OR_F_E_direct,offramp,FW_E,10682,11,,10,1200.0,471,1,0,0,0,0
1500.1,1530.1,OR_F_W_signal,offramp,FW_W,10638,19,,10,1200.0,229,1,0,0,0,2
1500.1,1530.1,OR_F_W_direct,offramp,FW_W,10645,16,,2,240.0,404,0,0,0,0,0
1500.1,1530.1,source_1098,source,FW_E,,,0,55,6600.0,3192,,0,55,0,0
1500.1,1530.1,source_1099,source,FW_W,,,0,41,4920.0,2034,,0,41,0,0
1530.1,1560.1,RM_C10480,ramp,FW_W,10480,,8,0,0.0,40,3,0,0,0,0
1530.1,1560.1,RM_C10482,ramp,FW_W,10482,,10,23,2760.0,729,16,0,0,0,0
1530.1,1560.1,RM_C10646,ramp,FW_W,10646,,18,1,120.0,88,0,0,0,0,0
1530.1,1560.1,RM_C10644,ramp,FW_W,10644,,22,5,600.0,156,8,0,0,0,0
1530.1,1560.1,RM_C10639,ramp,FW_E,10639,,10,6,720.0,158,1,0,0,0,0
1530.1,1560.1,RM_C10681,ramp,FW_E,10681,,12,10,1200.0,244,26,0,0,0,0
1530.1,1560.1,RM_C10490,ramp,FW_E,10490,,21,11,1320.0,239,8,0,0,0,0
1530.1,1560.1,RM_C10484,ramp,FW_E,10484,,23,0,0.0,141,10,0,0,0,0
1530.1,1560.1,OR_D_E_signal,offramp,FW_E,10481,18,,1,120.0,111,1,0,0,0,0
1530.1,1560.1,OR_D_E_direct,offramp,FW_E,10483,20,,5,600.0,380,5,0,0,0,0
1530.1,1560.1,OR_D_W_signal,offramp,FW_W,10491,9,,3,360.0,326,1,0,0,0,0
1530.1,1560.1,OR_D_W_direct,offramp,FW_W,10479,7,,9,1080.0,336,4,0,0,0,0
1530.1,1560.1,OR_F_E_signal,offramp,FW_E,10643,9,,1,120.0,215,8,0,0,0,0
1530.1,1560.1,OR_F_E_direct,offramp,FW_E,10682,11,,7,840.0,478,0,0,0,0,0
1530.1,1560.1,OR_F_W_signal,offramp,FW_W,10638,19,,3,360.0,232,1,0,0,0,0
1530.1,1560.1,OR_F_W_direct,offramp,FW_W,10645,16,,11,1320.0,415,4,0,0,0,0
1530.1,1560.1,source_1098,source,FW_E,,,0,60,7200.0,3252,,0,60,0,0
1530.1,1560.1,source_1099,source,FW_W,,,0,33,3960.0,2067,,0,33,0,0
1560.1,1590.1,RM_C10480,ramp,FW_W,10480,,8,3,360.0,43,0,0,0,0,3
1560.1,1590.1,RM_C10482,ramp,FW_W,10482,,10,13,1560.0,742,17,0,0,0,0
1560.1,1590.1,RM_C10646,ramp,FW_W,10646,,18,0,0.0,88,0,0,0,0,0
1560.1,1590.1,RM_C10644,ramp,FW_W,10644,,22,2,240.0,158,12,0,0,0,0
1560.1,1590.1,RM_C10639,ramp,FW_E,10639,,10,0,0.0,158,8,0,0,0,0
1560.1,1590.1,RM_C10681,ramp,FW_E,10681,,12,9,1080.0,253,23,0,0,0,0
1560.1,1590.1,RM_C10490,ramp,FW_E,10490,,21,8,960.0,247,10,0,0,0,0
1560.1,1590.1,RM_C10484,ramp,FW_E,10484,,23,3,360.0,144,12,0,0,0,0
1560.1,1590.1,OR_D_E_signal,offramp,FW_E,10481,18,,0,0.0,111,0,0,0,0,0
1560.1,1590.1,OR_D_E_direct,offramp,FW_E,10483,20,,7,840.0,387,0,0,0,0,0
1560.1,1590.1,OR_D_W_signal,offramp,FW_W,10491,9,,10,1200.0,336,4,0,0,0,3
1560.1,1590.1,OR_D_W_direct,offramp,FW_W,10479,7,,6,720.0,342,3,0,0,0,0
1560.1,1590.1,OR_F_E_signal,offramp,FW_E,10643,9,,7,840.0,222,13,0,0,0,0
1560.1,1590.1,OR_F_E_direct,offramp,FW_E,10682,11,,13,1560.0,491,6,0,0,0,0
1560.1,1590.1,OR_F_W_signal,offramp,FW_W,10638,19,,3,360.0,235,2,0,0,0,0
1560.1,1590.1,OR_F_W_direct,offramp,FW_W,10645,16,,13,1560.0,428,2,0,0,0,0
1560.1,1590.1,source_1098,source,FW_E,,,0,62,7440.0,3314,,0,62,0,0
1560.1,1590.1,source_1099,source,FW_W,,,0,25,3000.0,2092,,0,25,0,0
1590.1,1620.1,RM_C10480,ramp,FW_W,10480,,8,0,0.0,43,1,0,0,0,0
1590.1,1620.1,RM_C10482,ramp,FW_W,10482,,10,10,1200.0,752,23,0,0,0,0
1590.1,1620.1,RM_C10646,ramp,FW_W,10646,,18,0,0.0,88,5,0,0,0,0
1590.1,1620.1,RM_C10644,ramp,FW_W,10644,,22,4,480.0,162,14,0,0,0,0
1590.1,1620.1,RM_C10639,ramp,FW_E,10639,,10,5,600.0,163,9,0,0,0,0
1590.1,1620.1,RM_C10681,ramp,FW_E,10681,,12,7,840.0,260,32,0,0,0,0
1590.1,1620.1,RM_C10490,ramp,FW_E,10490,,21,6,720.0,253,9,0,0,0,0
1590.1,1620.1,RM_C10484,ramp,FW_E,10484,,23,7,840.0,151,11,0,0,0,0
1590.1,1620.1,OR_D_E_signal,offramp,FW_E,10481,18,,2,240.0,113,1,0,0,0,0
1590.1,1620.1,OR_D_E_direct,offramp,FW_E,10483,20,,6,720.0,393,3,0,0,0,0
1590.1,1620.1,OR_D_W_signal,offramp,FW_W,10491,9,,7,840.0,343,3,0,0,0,0
1590.1,1620.1,OR_D_W_direct,offramp,FW_W,10479,7,,12,1440.0,354,6,0,0,0,0
1590.1,1620.1,OR_F_E_signal,offramp,FW_E,10643,9,,3,360.0,225,8,0,0,0,0
1590.1,1620.1,OR_F_E_direct,offramp,FW_E,10682,11,,13,1560.0,504,7,0,0,0,0
1590.1,1620.1,OR_F_W_signal,offramp,FW_W,10638,19,,1,120.0,236,0,0,0,0,0
1590.1,1620.1,OR_F_W_direct,offramp,FW_W,10645,16,,9,1080.0,437,2,0,0,0,0
1590.1,1620.1,source_1098,source,FW_E,,,0,72,8640.0,3386,,0,72,0,0
1590.1,1620.1,source_1099,source,FW_W,,,0,47,5640.0,2139,,0,47,0,0
1620.1,1650.1,RM_C10480,ramp,FW_W,10480,,8,1,120.0,44,0,0,0,0,1
1620.1,1650.1,RM_C10482,ramp,FW_W,10482,,10,18,2160.0,770,20,0,0,0,0
1620.1,1650.1,RM_C10646,ramp,FW_W,10646,,18,5,600.0,93,4,0,0,0,2
1620.1,1650.1,RM_C10644,ramp,FW_W,10644,,22,4,480.0,166,11,0,0,0,0
1620.1,1650.1,RM_C10639,ramp,FW_E,10639,,10,6,720.0,169,10,0,0,0,0
1620.1,1650.1,RM_C10681,ramp,FW_E,10681,,12,9,1080.0,269,39,0,0,0,0
1620.1,1650.1,RM_C10490,ramp,FW_E,10490,,21,7,840.0,260,7,0,0,0,0
1620.1,1650.1,RM_C10484,ramp,FW_E,10484,,23,6,720.0,157,12,0,0,0,0
1620.1,1650.1,OR_D_E_signal,offramp,FW_E,10481,18,,0,0.0,113,0,0,0,0,0
1620.1,1650.1,OR_D_E_direct,offramp,FW_E,10483,20,,5,600.0,398,5,0,0,0,0
1620.1,1650.1,OR_D_W_signal,offramp,FW_W,10491,9,,5,600.0,348,2,0,0,0,1
1620.1,1650.1,OR_D_W_direct,offramp,FW_W,10479,7,,4,480.0,358,1,0,0,0,0
1620.1,1650.1,OR_F_E_signal,offramp,FW_E,10643,9,,6,720.0,231,6,0,0,0,0
1620.1,1650.1,OR_F_E_direct,offramp,FW_E,10682,11,,10,1200.0,514,5,0,0,0,0
1620.1,1650.1,OR_F_W_signal,offramp,FW_W,10638,19,,11,1320.0,247,3,0,0,0,2
1620.1,1650.1,OR_F_W_direct,offramp,FW_W,10645,16,,11,1320.0,448,3,0,0,0,0
1620.1,1650.1,source_1098,source,FW_E,,,0,57,6840.0,3443,,0,57,0,0
1620.1,1650.1,source_1099,source,FW_W,,,0,31,3720.0,2170,,0,31,0,0
1650.1,1680.1,RM_C10480,ramp,FW_W,10480,,8,0,0.0,44,1,0,0,0,0
1650.1,1680.1,RM_C10482,ramp,FW_W,10482,,10,10,1200.0,780,32,0,0,0,0
1650.1,1680.1,RM_C10646,ramp,FW_W,10646,,18,6,720.0,99,4,0,0,0,3
1650.1,1680.1,RM_C10644,ramp,FW_W,10644,,22,6,720.0,172,8,0,0,0,0
1650.1,1680.1,RM_C10639,ramp,FW_E,10639,,10,6,720.0,175,7,0,0,0,0
1650.1,1680.1,RM_C10681,ramp,FW_E,10681,,12,6,720.0,275,42,0,0,0,0
1650.1,1680.1,RM_C10490,ramp,FW_E,10490,,21,7,840.0,267,8,0,0,0,0
1650.1,1680.1,RM_C10484,ramp,FW_E,10484,,23,8,960.0,165,7,0,0,0,0
1650.1,1680.1,OR_D_E_signal,offramp,FW_E,10481,18,,5,600.0,118,5,0,0,0,0
1650.1,1680.1,OR_D_E_direct,offramp,FW_E,10483,20,,10,1200.0,408,5,0,0,0,0
1650.1,1680.1,OR_D_W_signal,offramp,FW_W,10491,9,,7,840.0,355,4,0,0,0,0
1650.1,1680.1,OR_D_W_direct,offramp,FW_W,10479,7,,9,1080.0,367,1,0,0,0,0
1650.1,1680.1,OR_F_E_signal,offramp,FW_E,10643,9,,6,720.0,237,7,0,0,0,0
1650.1,1680.1,OR_F_E_direct,offramp,FW_E,10682,11,,7,840.0,521,4,0,0,0,0
1650.1,1680.1,OR_F_W_signal,offramp,FW_W,10638,19,,10,1200.0,257,4,0,0,0,3
1650.1,1680.1,OR_F_W_direct,offramp,FW_W,10645,16,,2,240.0,450,1,0,0,0,0
1650.1,1680.1,source_1098,source,FW_E,,,0,62,7440.0,3505,,0,62,0,0
1650.1,1680.1,source_1099,source,FW_W,,,0,46,5520.0,2216,,0,46,0,0
1680.1,1710.1,RM_C10480,ramp,FW_W,10480,,8,2,240.0,46,0,0,0,0,2
1680.1,1710.1,RM_C10482,ramp,FW_W,10482,,10,20,2400.0,800,33,0,0,0,0
1680.1,1710.1,RM_C10646,ramp,FW_W,10646,,18,5,600.0,104,0,0,0,0,3
1680.1,1710.1,RM_C10644,ramp,FW_W,10644,,22,4,480.0,176,9,0,0,0,0
1680.1,1710.1,RM_C10639,ramp,FW_E,10639,,10,6,720.0,181,6,0,0,0,0
1680.1,1710.1,RM_C10681,ramp,FW_E,10681,,12,7,840.0,282,35,0,0,0,0
1680.1,1710.1,RM_C10490,ramp,FW_E,10490,,21,4,480.0,271,11,0,0,0,0
1680.1,1710.1,RM_C10484,ramp,FW_E,10484,,23,5,600.0,170,9,0,0,0,0
1680.1,1710.1,OR_D_E_signal,offramp,FW_E,10481,18,,1,120.0,119,0,0,0,0,0
1680.1,1710.1,OR_D_E_direct,offramp,FW_E,10483,20,,10,1200.0,418,5,0,0,0,0
1680.1,1710.1,OR_D_W_signal,offramp,FW_W,10491,9,,12,1440.0,367,4,0,0,0,2
1680.1,1710.1,OR_D_W_direct,offramp,FW_W,10479,7,,3,360.0,370,0,0,0,0,0
1680.1,1710.1,OR_F_E_signal,offramp,FW_E,10643,9,,6,720.0,243,4,0,0,0,0
1680.1,1710.1,OR_F_E_direct,offramp,FW_E,10682,11,,7,840.0,528,4,0,0,0,0
1680.1,1710.1,OR_F_W_signal,offramp,FW_W,10638,19,,11,1320.0,268,3,0,0,0,3
1680.1,1710.1,OR_F_W_direct,offramp,FW_W,10645,16,,2,240.0,452,0,0,0,0,0
1680.1,1710.1,source_1098,source,FW_E,,,0,69,8280.0,3574,,0,69,0,0
1680.1,1710.1,source_1099,source,FW_W,,,0,22,2640.0,2238,,0,22,0,0
1710.1,1740.1,RM_C10480,ramp,FW_W,10480,,8,0,0.0,46,0,0,0,0,0
1710.1,1740.1,RM_C10482,ramp,FW_W,10482,,10,24,2880.0,824,23,0,0,0,0
1710.1,1740.1,RM_C10646,ramp,FW_W,10646,,18,0,0.0,104,1,0,0,0,0
1710.1,1740.1,RM_C10644,ramp,FW_W,10644,,22,0,0.0,176,12,0,0,0,0
1710.1,1740.1,RM_C10639,ramp,FW_E,10639,,10,6,720.0,187,3,0,0,0,0
1710.1,1740.1,RM_C10681,ramp,FW_E,10681,,12,6,720.0,288,37,0,0,0,0
1710.1,1740.1,RM_C10490,ramp,FW_E,10490,,21,8,960.0,279,6,0,0,0,0
1710.1,1740.1,RM_C10484,ramp,FW_E,10484,,23,5,600.0,175,8,0,0,0,0
1710.1,1740.1,OR_D_E_signal,offramp,FW_E,10481,18,,0,0.0,119,0,0,0,0,0
1710.1,1740.1,OR_D_E_direct,offramp,FW_E,10483,20,,17,2040.0,435,5,0,0,0,0
1710.1,1740.1,OR_D_W_signal,offramp,FW_W,10491,9,,9,1080.0,376,4,0,0,0,0
1710.1,1740.1,OR_D_W_direct,offramp,FW_W,10479,7,,6,720.0,376,2,0,0,0,0
1710.1,1740.1,OR_F_E_signal,offramp,FW_E,10643,9,,6,720.0,249,7,0,0,0,0
1710.1,1740.1,OR_F_E_direct,offramp,FW_E,10682,11,,9,1080.0,537,4,0,0,0,0
1710.1,1740.1,OR_F_W_signal,offramp,FW_W,10638,19,,2,240.0,270,0,0,0,0,0
1710.1,1740.1,OR_F_W_direct,offramp,FW_W,10645,16,,13,1560.0,465,2,0,0,0,0
1710.1,1740.1,source_1098,source,FW_E,,,0,58,6960.0,3632,,0,58,0,0
1710.1,1740.1,source_1099,source,FW_W,,,0,34,4080.0,2272,,0,34,0,0
1740.1,1770.1,RM_C10480,ramp,FW_W,10480,,8,1,120.0,47,0,0,0,0,1
1740.1,1770.1,RM_C10482,ramp,FW_W,10482,,10,18,2160.0,842,20,0,0,0,0
1740.1,1770.1,RM_C10646,ramp,FW_W,10646,,18,0,0.0,104,4,0,0,0,0
1740.1,1770.1,RM_C10644,ramp,FW_W,10644,,22,4,480.0,180,11,0,0,0,0
1740.1,1770.1,RM_C10639,ramp,FW_E,10639,,10,2,240.0,189,9,0,0,0,0
1740.1,1770.1,RM_C10681,ramp,FW_E,10681,,12,8,960.0,296,46,0,0,0,0
1740.1,1770.1,RM_C10490,ramp,FW_E,10490,,21,6,720.0,285,7,0,0,0,0
1740.1,1770.1,RM_C10484,ramp,FW_E,10484,,23,7,840.0,182,9,0,0,0,0
1740.1,1770.1,OR_D_E_signal,offramp,FW_E,10481,18,,1,120.0,120,0,0,0,0,0
1740.1,1770.1,OR_D_E_direct,offramp,FW_E,10483,20,,11,1320.0,446,1,0,0,0,0
1740.1,1770.1,OR_D_W_signal,offramp,FW_W,10491,9,,3,360.0,379,1,0,0,0,1
1740.1,1770.1,OR_D_W_direct,offramp,FW_W,10479,7,,5,600.0,381,3,0,0,0,0
1740.1,1770.1,OR_F_E_signal,offramp,FW_E,10643,9,,5,600.0,254,4,0,0,0,0
1740.1,1770.1,OR_F_E_direct,offramp,FW_E,10682,11,,14,1680.0,551,6,0,0,0,0
1740.1,1770.1,OR_F_W_signal,offramp,FW_W,10638,19,,4,480.0,274,0,0,0,0,0
1740.1,1770.1,OR_F_W_direct,offramp,FW_W,10645,16,,10,1200.0,475,9,0,0,0,0
1740.1,1770.1,source_1098,source,FW_E,,,0,62,7440.0,3694,,0,62,0,0
1740.1,1770.1,source_1099,source,FW_W,,,0,49,5880.0,2321,,0,49,0,0
1770.1,1800.1,RM_C10480,ramp,FW_W,10480,,8,2,240.0,49,5,0,0,0,2
1770.1,1800.1,RM_C10482,ramp,FW_W,10482,,10,16,1920.0,858,20,0,0,0,0
1770.1,1800.1,RM_C10646,ramp,FW_W,10646,,18,5,600.0,109,5,0,0,0,2
1770.1,1800.1,RM_C10644,ramp,FW_W,10644,,22,6,720.0,186,17,0,0,0,0
1770.1,1800.1,RM_C10639,ramp,FW_E,10639,,10,9,1080.0,198,3,0,0,0,0
1770.1,1800.1,RM_C10681,ramp,FW_E,10681,,12,9,1080.0,305,47,0,0,0,0
1770.1,1800.1,RM_C10490,ramp,FW_E,10490,,21,7,840.0,292,7,0,0,0,0
1770.1,1800.1,RM_C10484,ramp,FW_E,10484,,23,6,720.0,188,9,0,0,0,0
1770.1,1800.1,OR_D_E_signal,offramp,FW_E,10481,18,,4,480.0,124,2,0,0,0,0
1770.1,1800.1,OR_D_E_direct,offramp,FW_E,10483,20,,9,1080.0,455,5,0,0,0,0
1770.1,1800.1,OR_D_W_signal,offramp,FW_W,10491,9,,11,1320.0,390,4,0,0,0,2
1770.1,1800.1,OR_D_W_direct,offramp,FW_W,10479,7,,5,600.0,386,1,0,0,0,0
1770.1,1800.1,OR_F_E_signal,offramp,FW_E,10643,9,,2,240.0,256,2,0,0,0,0
1770.1,1800.1,OR_F_E_direct,offramp,FW_E,10682,11,,10,1200.0,561,5,0,0,0,0
1770.1,1800.1,OR_F_W_signal,offramp,FW_W,10638,19,,7,840.0,281,3,0,0,0,2
1770.1,1800.1,OR_F_W_direct,offramp,FW_W,10645,16,,11,1320.0,486,0,0,0,0,0
1770.1,1800.1,source_1098,source,FW_E,,,0,56,6720.0,3750,,0,56,0,0
1770.1,1800.1,source_1099,source,FW_W,,,0,24,2880.0,2345,,0,24,0,0
1800.1,1830.1,RM_C10480,ramp,FW_W,10480,,8,6,720.0,55,1,0,0,0,6
1800.1,1830.1,RM_C10482,ramp,FW_W,10482,,10,13,1560.0,871,26,0,0,0,0
1800.1,1830.1,RM_C10646,ramp,FW_W,10646,,18,5,600.0,114,6,0,0,0,2
1800.1,1830.1,RM_C10644,ramp,FW_W,10644,,22,2,240.0,188,19,0,0,0,0
1800.1,1830.1,RM_C10639,ramp,FW_E,10639,,10,2,240.0,200,5,0,0,0,0
1800.1,1830.1,RM_C10681,ramp,FW_E,10681,,12,7,840.0,312,47,0,0,0,0
1800.1,1830.1,RM_C10490,ramp,FW_E,10490,,21,5,600.0,297,14,0,0,0,0
1800.1,1830.1,RM_C10484,ramp,FW_E,10484,,23,7,840.0,195,6,0,0,0,0
1800.1,1830.1,OR_D_E_signal,offramp,FW_E,10481,18,,5,600.0,129,1,0,0,0,0
1800.1,1830.1,OR_D_E_direct,offramp,FW_E,10483,20,,13,1560.0,468,5,0,0,0,0
1800.1,1830.1,OR_D_W_signal,offramp,FW_W,10491,9,,13,1560.0,403,5,0,0,0,6
1800.1,1830.1,OR_D_W_direct,offramp,FW_W,10479,7,,5,600.0,391,1,0,0,0,0
1800.1,1830.1,OR_F_E_signal,offramp,FW_E,10643,9,,3,360.0,259,1,0,0,0,0
1800.1,1830.1,OR_F_E_direct,offramp,FW_E,10682,11,,14,1680.0,575,5,0,0,0,0
1800.1,1830.1,OR_F_W_signal,offramp,FW_W,10638,19,,8,960.0,289,4,0,0,0,2
1800.1,1830.1,OR_F_W_direct,offramp,FW_W,10645,16,,14,1680.0,500,4,0,0,0,0
1800.1,1830.1,source_1098,source,FW_E,,,0,55,6600.0,3805,,0,55,0,0
1800.1,1830.1,source_1099,source,FW_W,,,0,29,3480.0,2374,,0,29,0,0
1830.1,1860.1,RM_C10480,ramp,FW_W,10480,,8,1,120.0,56,0,0,0,0,1
1830.1,1860.1,RM_C10482,ramp,FW_W,10482,,10,18,2160.0,889,23,0,0,0,0
1830.1,1860.1,RM_C10646,ramp,FW_W,10646,,18,6,720.0,120,0,0,0,0,4
1830.1,1860.1,RM_C10644,ramp,FW_W,10644,,22,0,0.0,188,26,0,0,0,0
1830.1,1860.1,RM_C10639,ramp,FW_E,10639,,10,5,600.0,205,5,0,0,0,0
1830.1,1860.1,RM_C10681,ramp,FW_E,10681,,12,9,1080.0,321,38,0,0,0,0
1830.1,1860.1,RM_C10490,ramp,FW_E,10490,,21,3,360.0,300,19,0,0,0,0
1830.1,1860.1,RM_C10484,ramp,FW_E,10484,,23,3,360.0,198,8,0,0,0,0
1830.1,1860.1,OR_D_E_signal,offramp,FW_E,10481,18,,2,240.0,131,0,0,0,0,0
1830.1,1860.1,OR_D_E_direct,offramp,FW_E,10483,20,,4,480.0,472,1,0,0,0,0
1830.1,1860.1,OR_D_W_signal,offramp,FW_W,10491,9,,6,720.0,409,1,0,0,0,1
1830.1,1860.1,OR_D_W_direct,offramp,FW_W,10479,7,,5,600.0,396,3,0,0,0,0
1830.1,1860.1,OR_F_E_signal,offramp,FW_E,10643,9,,8,960.0,267,6,0,0,0,0
1830.1,1860.1,OR_F_E_direct,offramp,FW_E,10682,11,,13,1560.0,588,6,0,0,0,0
1830.1,1860.1,OR_F_W_signal,offramp,FW_W,10638,19,,10,1200.0,299,1,0,0,0,4
1830.1,1860.1,OR_F_W_direct,offramp,FW_W,10645,16,,15,1800.0,515,3,0,0,0,0
1830.1,1860.1,source_1098,source,FW_E,,,0,69,8280.0,3874,,0,69,0,0
1830.1,1860.1,source_1099,source,FW_W,,,0,31,3720.0,2405,,0,31,0,0
1860.1,1890.1,RM_C10480,ramp,FW_W,10480,,8,1,120.0,57,0,0,0,0,0
1860.1,1890.1,RM_C10482,ramp,FW_W,10482,,10,17,2040.0,906,25,0,0,0,0
1860.1,1890.1,RM_C10646,ramp,FW_W,10646,,18,0,0.0,120,0,0,0,0,0
1860.1,1890.1,RM_C10644,ramp,FW_W,10644,,22,16,1920.0,204,19,0,0,0,0
1860.1,1890.1,RM_C10639,ramp,FW_E,10639,,10,0,0.0,205,10,0,0,0,0
1860.1,1890.1,RM_C10681,ramp,FW_E,10681,,12,6,720.0,327,39,0,0,0,0
1860.1,1890.1,RM_C10490,ramp,FW_E,10490,,21,13,1560.0,313,13,0,0,0,0
1860.1,1890.1,RM_C10484,ramp,FW_E,10484,,23,4,480.0,202,11,0,0,0,0
1860.1,1890.1,OR_D_E_signal,offramp,FW_E,10481,18,,4,480.0,135,2,0,0,0,0
1860.1,1890.1,OR_D_E_direct,offramp,FW_E,10483,20,,8,960.0,480,6,0,0,0,0
1860.1,1890.1,OR_D_W_signal,offramp,FW_W,10491,9,,12,1440.0,421,4,0,0,0,0
1860.1,1890.1,OR_D_W_direct,offramp,FW_W,10479,7,,6,720.0,402,2,0,0,0,0
1860.1,1890.1,OR_F_E_signal,offramp,FW_E,10643,9,,3,360.0,270,6,0,0,0,0
1860.1,1890.1,OR_F_E_direct,offramp,FW_E,10682,11,,14,1680.0,602,6,0,0,0,0
1860.1,1890.1,OR_F_W_signal,offramp,FW_W,10638,19,,4,480.0,303,1,0,0,0,0
1860.1,1890.1,OR_F_W_direct,offramp,FW_W,10645,16,,10,1200.0,525,4,0,0,0,0
1860.1,1890.1,source_1098,source,FW_E,,,0,60,7200.0,3934,,0,60,0,0
1860.1,1890.1,source_1099,source,FW_W,,,0,24,2880.0,2429,,0,24,0,0
1890.1,1920.1,RM_C10480,ramp,FW_W,10480,,8,0,0.0,57,2,0,0,0,0
1890.1,1920.1,RM_C10482,ramp,FW_W,10482,,10,15,1800.0,921,27,0,0,0,0
1890.1,1920.1,RM_C10646,ramp,FW_W,10646,,18,0,0.0,120,10,0,0,0,0
1890.1,1920.1,RM_C10644,ramp,FW_W,10644,,22,0,0.0,204,27,0,0,0,0
1890.1,1920.1,RM_C10639,ramp,FW_E,10639,,10,10,1200.0,215,5,0,0,0,0
1890.1,1920.1,RM_C10681,ramp,FW_E,10681,,12,6,720.0,333,49,0,0,0,0
1890.1,1920.1,RM_C10490,ramp,FW_E,10490,,21,10,1200.0,323,10,0,0,0,0
1890.1,1920.1,RM_C10484,ramp,FW_E,10484,,23,9,1080.0,211,8,0,0,0,0
1890.1,1920.1,OR_D_E_signal,offramp,FW_E,10481,18,,3,360.0,138,1,0,0,0,0
1890.1,1920.1,OR_D_E_direct,offramp,FW_E,10483,20,,12,1440.0,492,11,0,0,0,0
1890.1,1920.1,OR_D_W_signal,offramp,FW_W,10491,9,,7,840.0,428,3,0,0,0,0
1890.1,1920.1,OR_D_W_direct,offramp,FW_W,10479,7,,7,840.0,409,3,0,0,0,0
1890.1,1920.1,OR_F_E_signal,offramp,FW_E,10643,9,,5,600.0,275,8,0,0,0,0
1890.1,1920.1,OR_F_E_direct,offramp,FW_E,10682,11,,5,600.0,607,2,0,0,0,0
1890.1,1920.1,OR_F_W_signal,offramp,FW_W,10638,19,,3,360.0,306,0,0,0,0,0
1890.1,1920.1,OR_F_W_direct,offramp,FW_W,10645,16,,10,1200.0,535,2,0,0,0,0
1890.1,1920.1,source_1098,source,FW_E,,,0,68,8160.0,4002,,0,68,0,0
1890.1,1920.1,source_1099,source,FW_W,,,0,46,5520.0,2475,,0,46,0,0
1920.1,1950.1,RM_C10480,ramp,FW_W,10480,,8,3,360.0,60,1,0,0,0,3
1920.1,1950.1,RM_C10482,ramp,FW_W,10482,,10,23,2760.0,944,16,0,0,0,0
1920.1,1950.1,RM_C10646,ramp,FW_W,10646,,18,10,1200.0,130,6,0,0,0,5
1920.1,1950.1,RM_C10644,ramp,FW_W,10644,,22,6,720.0,210,21,0,0,0,0
1920.1,1950.1,RM_C10639,ramp,FW_E,10639,,10,4,480.0,219,7,0,0,0,0
1920.1,1950.1,RM_C10681,ramp,FW_E,10681,,12,9,1080.0,342,50,0,0,0,0
1920.1,1950.1,RM_C10490,ramp,FW_E,10490,,21,7,840.0,330,10,0,0,0,0
1920.1,1950.1,RM_C10484,ramp,FW_E,10484,,23,3,360.0,214,14,0,0,0,0
1920.1,1950.1,OR_D_E_signal,offramp,FW_E,10481,18,,5,600.0,143,4,0,0,0,0
1920.1,1950.1,OR_D_E_direct,offramp,FW_E,10483,20,,7,840.0,499,6,0,0,0,0
1920.1,1950.1,OR_D_W_signal,offramp,FW_W,10491,9,,12,1440.0,440,5,0,0,0,3
1920.1,1950.1,OR_D_W_direct,offramp,FW_W,10479,7,,8,960.0,417,3,0,0,0,0
1920.1,1950.1,OR_F_E_signal,offramp,FW_E,10643,9,,3,360.0,278,7,0,0,0,0
1920.1,1950.1,OR_F_E_direct,offramp,FW_E,10682,11,,12,1440.0,619,7,0,0,0,0
1920.1,1950.1,OR_F_W_signal,offramp,FW_W,10638,19,,13,1560.0,319,4,0,0,0,5
1920.1,1950.1,OR_F_W_direct,offramp,FW_W,10645,16,,6,720.0,541,2,0,0,0,0
1920.1,1950.1,source_1098,source,FW_E,,,0,60,7200.0,4062,,0,60,0,0
1920.1,1950.1,source_1099,source,FW_W,,,0,37,4440.0,2512,,0,37,0,0
1950.1,1980.1,RM_C10480,ramp,FW_W,10480,,8,3,360.0,63,0,0,0,0,2
1950.1,1980.1,RM_C10482,ramp,FW_W,10482,,10,6,720.0,950,28,0,0,0,0
1950.1,1980.1,RM_C10646,ramp,FW_W,10646,,18,6,720.0,136,4,0,0,0,2
1950.1,1980.1,RM_C10644,ramp,FW_W,10644,,22,11,1320.0,221,15,0,0,0,0
1950.1,1980.1,RM_C10639,ramp,FW_E,10639,,10,7,840.0,226,0,0,0,0,0
1950.1,1980.1,RM_C10681,ramp,FW_E,10681,,12,8,960.0,350,55,0,0,0,0
1950.1,1980.1,RM_C10490,ramp,FW_E,10490,,21,9,1080.0,339,7,0,0,0,0
1950.1,1980.1,RM_C10484,ramp,FW_E,10484,,23,8,960.0,222,9,0,0,0,0
1950.1,1980.1,OR_D_E_signal,offramp,FW_E,10481,18,,0,0.0,143,0,0,0,0,0
1950.1,1980.1,OR_D_E_direct,offramp,FW_E,10483,20,,11,1320.0,510,7,0,0,0,0
1950.1,1980.1,OR_D_W_signal,offramp,FW_W,10491,9,,13,1560.0,453,6,0,0,0,2
1950.1,1980.1,OR_D_W_direct,offramp,FW_W,10479,7,,6,720.0,423,1,0,0,0,0
1950.1,1980.1,OR_F_E_signal,offramp,FW_E,10643,9,,7,840.0,285,10,0,0,0,0
1950.1,1980.1,OR_F_E_direct,offramp,FW_E,10682,11,,3,360.0,622,0,0,0,0,0
1950.1,1980.1,OR_F_W_signal,offramp,FW_W,10638,19,,13,1560.0,332,2,0,0,0,2
1950.1,1980.1,OR_F_W_direct,offramp,FW_W,10645,16,,9,1080.0,550,5,0,0,0,0
1950.1,1980.1,source_1098,source,FW_E,,,0,67,8040.0,4129,,0,67,0,0
1950.1,1980.1,source_1099,source,FW_W,,,0,21,2520.0,2533,,0,21,0,0
1980.1,2010.1,RM_C10480,ramp,FW_W,10480,,8,0,0.0,63,0,0,0,0,0
1980.1,2010.1,RM_C10482,ramp,FW_W,10482,,10,22,2640.0,972,23,0,0,0,0
1980.1,2010.1,RM_C10646,ramp,FW_W,10646,,18,6,720.0,142,0,0,0,0,3
1980.1,2010.1,RM_C10644,ramp,FW_W,10644,,22,10,1200.0,231,9,0,0,0,0
1980.1,2010.1,RM_C10639,ramp,FW_E,10639,,10,0,0.0,226,5,0,0,0,0
1980.1,2010.1,RM_C10681,ramp,FW_E,10681,,12,7,840.0,357,55,0,0,0,0
1980.1,2010.1,RM_C10490,ramp,FW_E,10490,,21,7,840.0,346,7,0,0,0,0
1980.1,2010.1,RM_C10484,ramp,FW_E,10484,,23,7,840.0,229,9,0,0,0,0
1980.1,2010.1,OR_D_E_signal,offramp,FW_E,10481,18,,1,120.0,144,1,0,0,0,0
1980.1,2010.1,OR_D_E_direct,offramp,FW_E,10483,20,,11,1320.0,521,9,0,0,0,0
1980.1,2010.1,OR_D_W_signal,offramp,FW_W,10491,9,,7,840.0,460,4,0,0,0,0
1980.1,2010.1,OR_D_W_direct,offramp,FW_W,10479,7,,8,960.0,431,3,0,0,0,0
1980.1,2010.1,OR_F_E_signal,offramp,FW_E,10643,9,,2,240.0,287,11,0,0,0,0
1980.1,2010.1,OR_F_E_direct,offramp,FW_E,10682,11,,8,960.0,630,4,0,0,0,0
1980.1,2010.1,OR_F_W_signal,offramp,FW_W,10638,19,,8,960.0,340,2,0,0,0,3
1980.1,2010.1,OR_F_W_direct,offramp,FW_W,10645,16,,11,1320.0,561,7,0,0,0,0
1980.1,2010.1,source_1098,source,FW_E,,,0,53,6360.0,4182,,0,53,0,0
1980.1,2010.1,source_1099,source,FW_W,,,0,40,4800.0,2573,,0,40,0,0
2010.1,2040.1,RM_C10480,ramp,FW_W,10480,,8,0,0.0,63,0,0,0,0,0
2010.1,2040.1,RM_C10482,ramp,FW_W,10482,,10,17,2040.0,989,22,0,0,0,0
2010.1,2040.1,RM_C10646,ramp,FW_W,10646,,18,0,0.0,142,0,0,0,0,0
2010.1,2040.1,RM_C10644,ramp,FW_W,10644,,22,0,0.0,231,14,0,0,0,0
2010.1,2040.1,RM_C10639,ramp,FW_E,10639,,10,0,0.0,226,7,0,0,0,0
2010.1,2040.1,RM_C10681,ramp,FW_E,10681,,12,11,1320.0,368,52,0,0,0,0
2010.1,2040.1,RM_C10490,ramp,FW_E,10490,,21,7,840.0,353,9,0,0,0,0
2010.1,2040.1,RM_C10484,ramp,FW_E,10484,,23,6,720.0,235,6,0,0,0,0
2010.1,2040.1,OR_D_E_signal,offramp,FW_E,10481,18,,6,720.0,150,3,0,0,0,0
2010.1,2040.1,OR_D_E_direct,offramp,FW_E,10483,20,,8,960.0,529,3,0,0,0,0
2010.1,2040.1,OR_D_W_signal,offramp,FW_W,10491,9,,3,360.0,463,2,0,0,0,0
2010.1,2040.1,OR_D_W_direct,offramp,FW_W,10479,7,,6,720.0,437,1,0,0,0,0
2010.1,2040.1,OR_F_E_signal,offramp,FW_E,10643,9,,7,840.0,294,11,0,0,0,0
2010.1,2040.1,OR_F_E_direct,offramp,FW_E,10682,11,,8,960.0,638,3,0,0,0,0
2010.1,2040.1,OR_F_W_signal,offramp,FW_W,10638,19,,2,240.0,342,0,0,0,0,0
2010.1,2040.1,OR_F_W_direct,offramp,FW_W,10645,16,,3,360.0,564,0,0,0,0,0
2010.1,2040.1,source_1098,source,FW_E,,,0,56,6720.0,4238,,0,56,0,0
2010.1,2040.1,source_1099,source,FW_W,,,0,37,4440.0,2610,,0,37,0,0
2040.1,2070.1,RM_C10480,ramp,FW_W,10480,,8,1,120.0,64,0,0,0,0,1
2040.1,2070.1,RM_C10482,ramp,FW_W,10482,,10,14,1680.0,1003,29,0,0,0,0
2040.1,2070.1,RM_C10646,ramp,FW_W,10646,,18,0,0.0,142,5,0,0,0,0
2040.1,2070.1,RM_C10644,ramp,FW_W,10644,,22,5,600.0,236,16,0,0,0,0
2040.1,2070.1,RM_C10639,ramp,FW_E,10639,,10,7,840.0,233,7,0,0,0,0
2040.1,2070.1,RM_C10681,ramp,FW_E,10681,,12,10,1200.0,378,55,0,0,0,0
2040.1,2070.1,RM_C10490,ramp,FW_E,10490,,21,7,840.0,360,10,0,0,0,0
2040.1,2070.1,RM_C10484,ramp,FW_E,10484,,23,6,720.0,241,7,0,0,0,0
2040.1,2070.1,OR_D_E_signal,offramp,FW_E,10481,18,,3,360.0,153,2,0,0,0,0
2040.1,2070.1,OR_D_E_direct,offramp,FW_E,10483,20,,8,960.0,537,8,0,0,0,0
2040.1,2070.1,OR_D_W_signal,offramp,FW_W,10491,9,,10,1200.0,473,7,0,0,0,1
2040.1,2070.1,OR_D_W_direct,offramp,FW_W,10479,7,,5,600.0,442,2,0,0,0,0
2040.1,2070.1,OR_F_E_signal,offramp,FW_E,10643,9,,7,840.0,301,12,0,0,0,0
2040.1,2070.1,OR_F_E_direct,offramp,FW_E,10682,11,,7,840.0,645,2,0,0,0,0
2040.1,2070.1,OR_F_W_signal,offramp,FW_W,10638,19,,3,360.0,345,0,0,0,0,0
2040.1,2070.1,OR_F_W_direct,offramp,FW_W,10645,16,,5,600.0,569,4,0,0,0,0
2040.1,2070.1,source_1098,source,FW_E,,,0,73,8760.0,4311,,0,73,0,0
2040.1,2070.1,source_1099,source,FW_W,,,0,26,3120.0,2636,,0,26,0,0
2070.1,2100.1,RM_C10480,ramp,FW_W,10480,,8,3,360.0,67,0,0,0,0,2
2070.1,2100.1,RM_C10482,ramp,FW_W,10482,,10,15,1800.0,1018,32,0,0,0,0
2070.1,2100.1,RM_C10646,ramp,FW_W,10646,,18,5,600.0,147,4,0,0,0,1
2070.1,2100.1,RM_C10644,ramp,FW_W,10644,,22,3,360.0,239,21,0,0,0,0
2070.1,2100.1,RM_C10639,ramp,FW_E,10639,,10,4,480.0,237,11,0,0,0,0
2070.1,2100.1,RM_C10681,ramp,FW_E,10681,,12,10,1200.0,388,55,0,0,0,0
2070.1,2100.1,RM_C10490,ramp,FW_E,10490,,21,6,720.0,366,9,0,0,0,0
2070.1,2100.1,RM_C10484,ramp,FW_E,10484,,23,6,720.0,247,8,0,0,0,0
2070.1,2100.1,OR_D_E_signal,offramp,FW_E,10481,18,,4,480.0,157,4,0,0,0,0
2070.1,2100.1,OR_D_E_direct,offramp,FW_E,10483,20,,2,240.0,539,0,0,0,0,0
2070.1,2100.1,OR_D_W_signal,offramp,FW_W,10491,9,,12,1440.0,485,4,0,0,0,2
2070.1,2100.1,OR_D_W_direct,offramp,FW_W,10479,7,,7,840.0,449,3,0,0,0,0
2070.1,2100.1,OR_F_E_signal,offramp,FW_E,10643,9,,4,480.0,305,14,0,0,0,0
2070.1,2100.1,OR_F_E_direct,offramp,FW_E,10682,11,,8,960.0,653,5,0,0,0,0
2070.1,2100.1,OR_F_W_signal,offramp,FW_W,10638,19,,7,840.0,352,4,0,0,0,1
2070.1,2100.1,OR_F_W_direct,offramp,FW_W,10645,16,,17,2040.0,586,4,0,0,0,0
2070.1,2100.1,source_1098,source,FW_E,,,0,67,8040.0,4378,,0,67,0,0
2070.1,2100.1,source_1099,source,FW_W,,,0,41,4920.0,2677,,0,41,0,0
2100.1,2130.1,RM_C10480,ramp,FW_W,10480,,8,3,360.0,70,1,0,0,0,2
2100.1,2130.1,RM_C10482,ramp,FW_W,10482,,10,28,3360.0,1046,18,0,0,0,0
2100.1,2130.1,RM_C10646,ramp,FW_W,10646,,18,4,480.0,151,5,0,0,0,2
2100.1,2130.1,RM_C10644,ramp,FW_W,10644,,22,6,720.0,245,23,0,0,0,0
2100.1,2130.1,RM_C10639,ramp,FW_E,10639,,10,4,480.0,241,12,0,0,0,0
2100.1,2130.1,RM_C10681,ramp,FW_E,10681,,12,12,1440.0,400,56,0,0,0,0
2100.1,2130.1,RM_C10490,ramp,FW_E,10490,,21,8,960.0,374,6,0,0,0,0
2100.1,2130.1,RM_C10484,ramp,FW_E,10484,,23,4,480.0,251,7,0,0,0,0
2100.1,2130.1,OR_D_E_signal,offramp,FW_E,10481,18,,2,240.0,159,2,0,0,0,0
2100.1,2130.1,OR_D_E_direct,offramp,FW_E,10483,20,,8,960.0,547,8,0,0,0,0
2100.1,2130.1,OR_D_W_signal,offramp,FW_W,10491,9,,6,720.0,491,3,0,0,0,2
2100.1,2130.1,OR_D_W_direct,offramp,FW_W,10479,7,,6,720.0,455,2,0,0,0,0
2100.1,2130.1,OR_F_E_signal,offramp,FW_E,10643,9,,4,480.0,309,16,0,0,0,0
2100.1,2130.1,OR_F_E_direct,offramp,FW_E,10682,11,,9,1080.0,662,3,0,0,0,0
2100.1,2130.1,OR_F_W_signal,offramp,FW_W,10638,19,,6,720.0,358,2,0,0,0,2
2100.1,2130.1,OR_F_W_direct,offramp,FW_W,10645,16,,9,1080.0,595,2,0,0,0,0
2100.1,2130.1,source_1098,source,FW_E,,,0,67,8040.0,4445,,0,67,0,0
2100.1,2130.1,source_1099,source,FW_W,,,0,28,3360.0,2705,,0,28,0,0
2130.1,2160.1,RM_C10480,ramp,FW_W,10480,,8,1,120.0,71,0,0,0,0,1
2130.1,2160.1,RM_C10482,ramp,FW_W,10482,,10,14,1680.0,1060,19,0,0,0,0
2130.1,2160.1,RM_C10646,ramp,FW_W,10646,,18,5,600.0,156,1,0,0,0,2
2130.1,2160.1,RM_C10644,ramp,FW_W,10644,,22,4,480.0,249,26,0,0,0,0
2130.1,2160.1,RM_C10639,ramp,FW_E,10639,,10,9,1080.0,250,5,0,0,0,0
2130.1,2160.1,RM_C10681,ramp,FW_E,10681,,12,12,1440.0,412,53,0,0,0,0
2130.1,2160.1,RM_C10490,ramp,FW_E,10490,,21,6,720.0,380,10,0,0,0,0
2130.1,2160.1,RM_C10484,ramp,FW_E,10484,,23,4,480.0,255,5,0,0,0,0
2130.1,2160.1,OR_D_E_signal,offramp,FW_E,10481,18,,4,480.0,163,3,0,0,0,0
2130.1,2160.1,OR_D_E_direct,offramp,FW_E,10483,20,,16,1920.0,563,12,0,0,0,0
2130.1,2160.1,OR_D_W_signal,offramp,FW_W,10491,9,,5,600.0,496,1,0,0,0,1
2130.1,2160.1,OR_D_W_direct,offramp,FW_W,10479,7,,7,840.0,462,3,0,0,0,0
2130.1,2160.1,OR_F_E_signal,offramp,FW_E,10643,9,,7,840.0,316,20,0,0,0,0
2130.1,2160.1,OR_F_E_direct,offramp,FW_E,10682,11,,9,1080.0,671,3,0,0,0,0
2130.1,2160.1,OR_F_W_signal,offramp,FW_W,10638,19,,10,1200.0,368,7,0,0,0,2
2130.1,2160.1,OR_F_W_direct,offramp,FW_W,10645,16,,5,600.0,600,2,0,0,0,0
2130.1,2160.1,source_1098,source,FW_E,,,0,64,7680.0,4509,,0,64,0,0
2130.1,2160.1,source_1099,source,FW_W,,,0,38,4560.0,2743,,0,38,0,0
2160.1,2190.1,RM_C10480,ramp,FW_W,10480,,8,0,0.0,71,0,0,0,0,0
2160.1,2190.1,RM_C10482,ramp,FW_W,10482,,10,12,1440.0,1072,27,0,0,0,0
2160.1,2190.1,RM_C10646,ramp,FW_W,10646,,18,1,120.0,157,1,0,0,0,1
2160.1,2190.1,RM_C10644,ramp,FW_W,10644,,22,10,1200.0,259,21,0,0,0,0
2160.1,2190.1,RM_C10639,ramp,FW_E,10639,,10,5,600.0,255,4,0,0,0,0
2160.1,2190.1,RM_C10681,ramp,FW_E,10681,,12,10,1200.0,422,49,0,0,0,0
2160.1,2190.1,RM_C10490,ramp,FW_E,10490,,21,10,1200.0,390,7,0,0,0,0
2160.1,2190.1,RM_C10484,ramp,FW_E,10484,,23,3,360.0,258,6,0,0,0,0
2160.1,2190.1,OR_D_E_signal,offramp,FW_E,10481,18,,3,360.0,166,0,0,0,0,0
2160.1,2190.1,OR_D_E_direct,offramp,FW_E,10483,20,,11,1320.0,574,8,0,0,0,0
2160.1,2190.1,OR_D_W_signal,offramp,FW_W,10491,9,,7,840.0,503,4,0,0,0,0
2160.1,2190.1,OR_D_W_direct,offramp,FW_W,10479,7,,13,1560.0,475,2,0,0,0,0
2160.1,2190.1,OR_F_E_signal,offramp,FW_E,10643,9,,5,600.0,321,22,0,0,0,0
2160.1,2190.1,OR_F_E_direct,offramp,FW_E,10682,11,,11,1320.0,682,6,0,0,0,0
2160.1,2190.1,OR_F_W_signal,offramp,FW_W,10638,19,,3,360.0,371,0,0,0,0,1
2160.1,2190.1,OR_F_W_direct,offramp,FW_W,10645,16,,3,360.0,603,2,0,0,0,0
2160.1,2190.1,source_1098,source,FW_E,,,0,62,7440.0,4571,,0,62,0,0
2160.1,2190.1,source_1099,source,FW_W,,,0,27,3240.0,2770,,0,27,0,0
2190.1,2220.1,RM_C10480,ramp,FW_W,10480,,8,0,0.0,71,3,0,0,0,0
2190.1,2220.1,RM_C10482,ramp,FW_W,10482,,10,20,2400.0,1092,22,0,0,0,0
2190.1,2220.1,RM_C10646,ramp,FW_W,10646,,18,1,120.0,158,1,0,0,0,0
2190.1,2220.1,RM_C10644,ramp,FW_W,10644,,22,3,360.0,262,26,0,0,0,0
2190.1,2220.1,RM_C10639,ramp,FW_E,10639,,10,3,360.0,258,6,0,0,0,0
2190.1,2220.1,RM_C10681,ramp,FW_E,10681,,12,12,1440.0,434,55,0,0,0,0
2190.1,2220.1,RM_C10490,ramp,FW_E,10490,,21,7,840.0,397,3,0,0,0,0
2190.1,2220.1,RM_C10484,ramp,FW_E,10484,,23,5,600.0,263,5,0,0,0,0
2190.1,2220.1,OR_D_E_signal,offramp,FW_E,10481,18,,2,240.0,168,1,0,0,0,0
2190.1,2220.1,OR_D_E_direct,offramp,FW_E,10483,20,,17,2040.0,591,12,0,0,0,0
2190.1,2220.1,OR_D_W_signal,offramp,FW_W,10491,9,,5,600.0,508,1,0,0,0,0
2190.1,2220.1,OR_D_W_direct,offramp,FW_W,10479,7,,7,840.0,482,1,0,0,0,0
2190.1,2220.1,OR_F_E_signal,offramp,FW_E,10643,9,,5,600.0,326,23,0,0,0,0
2190.1,2220.1,OR_F_E_direct,offramp,FW_E,10682,11,,15,1800.0,697,9,0,0,0,0
2190.1,2220.1,OR_F_W_signal,offramp,FW_W,10638,19,,7,840.0,378,2,0,0,0,0
2190.1,2220.1,OR_F_W_direct,offramp,FW_W,10645,16,,12,1440.0,615,10,0,0,0,0
2190.1,2220.1,source_1098,source,FW_E,,,0,64,7680.0,4635,,0,64,0,0
2190.1,2220.1,source_1099,source,FW_W,,,0,50,6000.0,2820,,0,50,0,0
2220.1,2250.1,RM_C10480,ramp,FW_W,10480,,8,7,840.0,78,1,0,0,0,5
2220.1,2250.1,RM_C10482,ramp,FW_W,10482,,10,13,1560.0,1105,25,0,0,0,0
2220.1,2250.1,RM_C10646,ramp,FW_W,10646,,18,0,0.0,158,5,0,0,0,0
2220.1,2250.1,RM_C10644,ramp,FW_W,10644,,22,14,1680.0,276,18,0,0,0,0
2220.1,2250.1,RM_C10639,ramp,FW_E,10639,,10,5,600.0,263,4,0,0,0,0
2220.1,2250.1,RM_C10681,ramp,FW_E,10681,,12,7,840.0,441,55,0,0,0,0
2220.1,2250.1,RM_C10490,ramp,FW_E,10490,,21,3,360.0,400,4,0,0,0,0
2220.1,2250.1,RM_C10484,ramp,FW_E,10484,,23,5,600.0,268,8,0,0,0,0
2220.1,2250.1,OR_D_E_signal,offramp,FW_E,10481,18,,4,480.0,172,3,0,0,0,0
2220.1,2250.1,OR_D_E_direct,offramp,FW_E,10483,20,,6,720.0,597,3,0,0,0,0
2220.1,2250.1,OR_D_W_signal,offramp,FW_W,10491,9,,10,1200.0,518,4,0,0,0,5
2220.1,2250.1,OR_D_W_direct,offramp,FW_W,10479,7,,5,600.0,487,4,0,0,0,0
2220.1,2250.1,OR_F_E_signal,offramp,FW_E,10643,9,,1,120.0,327,22,0,0,0,0
2220.1,2250.1,OR_F_E_direct,offramp,FW_E,10682,11,,14,1680.0,711,7,0,0,0,0
2220.1,2250.1,OR_F_W_signal,offramp,FW_W,10638,19,,3,360.0,381,0,0,0,0,0
2220.1,2250.1,OR_F_W_direct,offramp,FW_W,10645,16,,1,120.0,616,0,0,0,0,0
2220.1,2250.1,source_1098,source,FW_E,,,0,59,7080.0,4694,,0,59,0,0
2220.1,2250.1,source_1099,source,FW_W,,,0,34,4080.0,2854,,0,34,0,0
2250.1,2280.1,RM_C10480,ramp,FW_W,10480,,8,1,120.0,79,0,0,0,0,1
2250.1,2280.1,RM_C10482,ramp,FW_W,10482,,10,21,2520.0,1126,25,0,0,0,0
2250.1,2280.1,RM_C10646,ramp,FW_W,10646,,18,5,600.0,163,6,0,0,0,1
2250.1,2280.1,RM_C10644,ramp,FW_W,10644,,22,4,480.0,280,18,0,0,0,0
2250.1,2280.1,RM_C10639,ramp,FW_E,10639,,10,4,480.0,267,3,0,0,0,0
2250.1,2280.1,RM_C10681,ramp,FW_E,10681,,12,7,840.0,448,61,0,0,0,0
2250.1,2280.1,RM_C10490,ramp,FW_E,10490,,21,4,480.0,404,7,0,0,0,0
2250.1,2280.1,RM_C10484,ramp,FW_E,10484,,23,4,480.0,272,5,0,0,0,0
2250.1,2280.1,OR_D_E_signal,offramp,FW_E,10481,18,,4,480.0,176,4,0,0,0,0
2250.1,2280.1,OR_D_E_direct,offramp,FW_E,10483,20,,0,0.0,597,0,0,0,0,0
2250.1,2280.1,OR_D_W_signal,offramp,FW_W,10491,9,,11,1320.0,529,3,0,0,0,1
2250.1,2280.1,OR_D_W_direct,offramp,FW_W,10479,7,,7,840.0,494,4,0,0,0,0
2250.1,2280.1,OR_F_E_signal,offramp,FW_E,10643,9,,4,480.0,331,24,0,0,0,0
2250.1,2280.1,OR_F_E_direct,offramp,FW_E,10682,11,,9,1080.0,720,4,0,0,0,0
2250.1,2280.1,OR_F_W_signal,offramp,FW_W,10638,19,,7,840.0,388,5,0,0,0,1
2250.1,2280.1,OR_F_W_direct,offramp,FW_W,10645,16,,9,1080.0,625,8,0,0,0,0
2250.1,2280.1,source_1098,source,FW_E,,,0,61,7320.0,4755,,0,61,0,0
2250.1,2280.1,source_1099,source,FW_W,,,0,21,2520.0,2875,,0,21,0,0
2280.1,2310.1,RM_C10480,ramp,FW_W,10480,,8,0,0.0,79,0,0,0,0,0
2280.1,2310.1,RM_C10482,ramp,FW_W,10482,,10,17,2040.0,1143,27,0,0,0,0
2280.1,2310.1,RM_C10646,ramp,FW_W,10646,,18,6,720.0,169,1,0,0,0,2
2280.1,2310.1,RM_C10644,ramp,FW_W,10644,,22,2,240.0,282,16,0,0,0,0
2280.1,2310.1,RM_C10639,ramp,FW_E,10639,,10,3,360.0,270,5,0,0,0,0
2280.1,2310.1,RM_C10681,ramp,FW_E,10681,,12,11,1320.0,459,56,0,0,0,0
2280.1,2310.1,RM_C10490,ramp,FW_E,10490,,21,6,720.0,410,7,0,0,0,0
2280.1,2310.1,RM_C10484,ramp,FW_E,10484,,23,5,600.0,277,2,0,0,0,0
2280.1,2310.1,OR_D_E_signal,offramp,FW_E,10481,18,,2,240.0,178,2,0,0,0,0
2280.1,2310.1,OR_D_E_direct,offramp,FW_E,10483,20,,2,240.0,599,2,0,0,0,0
2280.1,2310.1,OR_D_W_signal,offramp,FW_W,10491,9,,5,600.0,534,2,0,0,0,0
2280.1,2310.1,OR_D_W_direct,offramp,FW_W,10479,7,,6,720.0,500,3,0,0,0,0
2280.1,2310.1,OR_F_E_signal,offramp,FW_E,10643,9,,4,480.0,335,27,0,0,0,0
2280.1,2310.1,OR_F_E_direct,offramp,FW_E,10682,11,,14,1680.0,734,1,0,0,0,0
2280.1,2310.1,OR_F_W_signal,offramp,FW_W,10638,19,,13,1560.0,401,4,0,0,0,2
2280.1,2310.1,OR_F_W_direct,offramp,FW_W,10645,16,,15,1800.0,640,4,0,0,0,0
2280.1,2310.1,source_1098,source,FW_E,,,0,57,6840.0,4812,,0,57,0,0
2280.1,2310.1,source_1099,source,FW_W,,,0,44,5280.0,2919,,0,44,0,0
2310.1,2340.1,RM_C10480,ramp,FW_W,10480,,8,0,0.0,79,2,0,0,0,0
2310.1,2340.1,RM_C10482,ramp,FW_W,10482,,10,20,2400.0,1163,27,0,0,0,0
2310.1,2340.1,RM_C10646,ramp,FW_W,10646,,18,1,120.0,170,0,0,0,0,1
2310.1,2340.1,RM_C10644,ramp,FW_W,10644,,22,13,1560.0,295,12,0,0,0,0
2310.1,2340.1,RM_C10639,ramp,FW_E,10639,,10,1,120.0,271,7,0,0,0,0
2310.1,2340.1,RM_C10681,ramp,FW_E,10681,,12,10,1200.0,469,54,0,0,0,0
2310.1,2340.1,RM_C10490,ramp,FW_E,10490,,21,6,720.0,416,4,0,0,0,0
2310.1,2340.1,RM_C10484,ramp,FW_E,10484,,23,1,120.0,278,5,0,0,0,0
2310.1,2340.1,OR_D_E_signal,offramp,FW_E,10481,18,,3,360.0,181,2,0,0,0,0
2310.1,2340.1,OR_D_E_direct,offramp,FW_E,10483,20,,3,360.0,602,2,0,0,0,0
2310.1,2340.1,OR_D_W_signal,offramp,FW_W,10491,9,,9,1080.0,543,4,0,0,0,0
2310.1,2340.1,OR_D_W_direct,offramp,FW_W,10479,7,,8,960.0,508,2,0,0,0,0
2310.1,2340.1,OR_F_E_signal,offramp,FW_E,10643,9,,5,600.0,340,29,0,0,0,0
2310.1,2340.1,OR_F_E_direct,offramp,FW_E,10682,11,,10,1200.0,744,6,0,0,0,0
2310.1,2340.1,OR_F_W_signal,offramp,FW_W,10638,19,,2,240.0,403,1,0,0,0,1
2310.1,2340.1,OR_F_W_direct,offramp,FW_W,10645,16,,7,840.0,647,7,0,0,0,0
2310.1,2340.1,source_1098,source,FW_E,,,0,61,7320.0,4873,,0,61,0,0
2310.1,2340.1,source_1099,source,FW_W,,,0,35,4200.0,2954,,0,35,0,0
2340.1,2370.1,RM_C10480,ramp,FW_W,10480,,8,4,480.0,83,0,0,0,0,2
2340.1,2370.1,RM_C10482,ramp,FW_W,10482,,10,19,2280.0,1182,29,0,0,0,0
2340.1,2370.1,RM_C10646,ramp,FW_W,10646,,18,0,0.0,170,6,0,0,0,0
2340.1,2370.1,RM_C10644,ramp,FW_W,10644,,22,3,360.0,298,10,0,0,0,0
2340.1,2370.1,RM_C10639,ramp,FW_E,10639,,10,7,840.0,278,0,0,0,0,0
2340.1,2370.1,RM_C10681,ramp,FW_E,10681,,12,10,1200.0,479,54,0,0,0,0
2340.1,2370.1,RM_C10490,ramp,FW_E,10490,,21,4,480.0,420,6,0,0,0,0
2340.1,2370.1,RM_C10484,ramp,FW_E,10484,,23,4,480.0,282,6,0,0,0,0
2340.1,2370.1,OR_D_E_signal,offramp,FW_E,10481,18,,3,360.0,184,3,0,0,0,0
2340.1,2370.1,OR_D_E_direct,offramp,FW_E,10483,20,,2,240.0,604,0,0,0,0,0
2340.1,2370.1,OR_D_W_signal,offramp,FW_W,10491,9,,8,960.0,551,3,0,0,0,2
2340.1,2370.1,OR_D_W_direct,offramp,FW_W,10479,7,,10,1200.0,518,3,0,0,0,0
2340.1,2370.1,OR_F_E_signal,offramp,FW_E,10643,9,,4,480.0,344,26,0,0,0,0
2340.1,2370.1,OR_F_E_direct,offramp,FW_E,10682,11,,7,840.0,751,5,0,0,0,0
2340.1,2370.1,OR_F_W_signal,offramp,FW_W,10638,19,,6,720.0,409,1,0,0,0,0
2340.1,2370.1,OR_F_W_direct,offramp,FW_W,10645,16,,11,1320.0,658,4,0,0,0,0
2340.1,2370.1,source_1098,source,FW_E,,,0,53,6360.0,4926,,0,53,0,0
2340.1,2370.1,source_1099,source,FW_W,,,0,42,5040.0,2996,,0,42,0,0
2370.1,2400.1,RM_C10480,ramp,FW_W,10480,,8,2,240.0,85,1,0,0,0,2
2370.1,2400.1,RM_C10482,ramp,FW_W,10482,,10,21,2520.0,1203,29,0,0,0,0
2370.1,2400.1,RM_C10646,ramp,FW_W,10646,,18,2,240.0,172,9,0,0,0,2
2370.1,2400.1,RM_C10644,ramp,FW_W,10644,,22,1,120.0,299,19,0,0,0,0
2370.1,2400.1,RM_C10639,ramp,FW_E,10639,,10,0,0.0,278,4,0,0,0,0
2370.1,2400.1,RM_C10681,ramp,FW_E,10681,,12,7,840.0,486,54,0,0,0,0
2370.1,2400.1,RM_C10490,ramp,FW_E,10490,,21,4,480.0,424,8,0,0,0,0
2370.1,2400.1,RM_C10484,ramp,FW_E,10484,,23,1,120.0,283,12,0,0,0,0
2370.1,2400.1,OR_D_E_signal,offramp,FW_E,10481,18,,3,360.0,187,3,0,0,0,0
2370.1,2400.1,OR_D_E_direct,offramp,FW_E,10483,20,,22,2640.0,626,15,0,0,0,0
2370.1,2400.1,OR_D_W_signal,offramp,FW_W,10491,9,,12,1440.0,563,3,0,0,0,2
2370.1,2400.1,OR_D_W_direct,offramp,FW_W,10479,7,,5,600.0,523,1,0,0,0,0
2370.1,2400.1,OR_F_E_signal,offramp,FW_E,10643,9,,3,360.0,347,27,0,0,0,0
2370.1,2400.1,OR_F_E_direct,offramp,FW_E,10682,11,,16,1920.0,767,8,0,0,0,0
2370.1,2400.1,OR_F_W_signal,offramp,FW_W,10638,19,,5,600.0,414,2,0,0,0,2
2370.1,2400.1,OR_F_W_direct,offramp,FW_W,10645,16,,10,1200.0,668,6,0,0,0,0
2370.1,2400.1,source_1098,source,FW_E,,,0,56,6720.0,4982,,0,56,0,0
2370.1,2400.1,source_1099,source,FW_W,,,0,42,5040.0,3038,,0,42,0,0
2400.1,2430.1,RM_C10480,ramp,FW_W,10480,,8,3,360.0,88,0,0,0,0,0
2400.1,2430.1,RM_C10482,ramp,FW_W,10482,,10,21,2520.0,1224,25,0,0,0,0
2400.1,2430.1,RM_C10646,ramp,FW_W,10646,,18,9,1080.0,181,3,0,0,0,3
2400.1,2430.1,RM_C10644,ramp,FW_W,10644,,22,8,960.0,307,13,0,0,0,0
2400.1,2430.1,RM_C10639,ramp,FW_E,10639,,10,4,480.0,282,7,0,0,0,0
2400.1,2430.1,RM_C10681,ramp,FW_E,10681,,12,9,1080.0,495,60,0,0,0,0
2400.1,2430.1,RM_C10490,ramp,FW_E,10490,,21,5,600.0,429,9,0,0,0,0
2400.1,2430.1,RM_C10484,ramp,FW_E,10484,,23,7,840.0,290,8,0,0,0,0
2400.1,2430.1,OR_D_E_signal,offramp,FW_E,10481,18,,2,240.0,189,5,0,0,0,0
2400.1,2430.1,OR_D_E_direct,offramp,FW_E,10483,20,,1,120.0,627,1,0,0,0,0
2400.1,2430.1,OR_D_W_signal,offramp,FW_W,10491,9,,9,1080.0,572,4,0,0,0,0
2400.1,2430.1,OR_D_W_direct,offramp,FW_W,10479,7,,7,840.0,530,3,0,0,0,0
2400.1,2430.1,OR_F_E_signal,offramp,FW_E,10643,9,,2,240.0,349,24,0,0,0,0
2400.1,2430.1,OR_F_E_direct,offramp,FW_E,10682,11,,14,1680.0,781,5,0,0,0,0
2400.1,2430.1,OR_F_W_signal,offramp,FW_W,10638,19,,9,1080.0,423,4,0,0,0,3
2400.1,2430.1,OR_F_W_direct,offramp,FW_W,10645,16,,11,1320.0,679,4,0,0,0,0
2400.1,2430.1,source_1098,source,FW_E,,,0,61,7320.0,5043,,0,61,0,0
2400.1,2430.1,source_1099,source,FW_W,,,0,38,4560.0,3076,,0,38,0,0
2430.1,2460.1,RM_C10480,ramp,FW_W,10480,,8,0,0.0,88,0,0,0,0,0
2430.1,2460.1,RM_C10482,ramp,FW_W,10482,,10,20,2400.0,1244,27,0,0,0,0
2430.1,2460.1,RM_C10646,ramp,FW_W,10646,,18,3,360.0,184,3,0,0,0,2
2430.1,2460.1,RM_C10644,ramp,FW_W,10644,,22,4,480.0,311,19,0,0,0,0
2430.1,2460.1,RM_C10639,ramp,FW_E,10639,,10,3,360.0,285,5,0,0,0,0
2430.1,2460.1,RM_C10681,ramp,FW_E,10681,,12,11,1320.0,506,58,0,0,0,0
2430.1,2460.1,RM_C10490,ramp,FW_E,10490,,21,9,1080.0,438,6,0,0,0,0
2430.1,2460.1,RM_C10484,ramp,FW_E,10484,,23,5,600.0,295,5,0,0,0,0
2430.1,2460.1,OR_D_E_signal,offramp,FW_E,10481,18,,1,120.0,190,1,0,0,0,0
2430.1,2460.1,OR_D_E_direct,offramp,FW_E,10483,20,,9,1080.0,636,1,0,0,0,0
2430.1,2460.1,OR_D_W_signal,offramp,FW_W,10491,9,,9,1080.0,581,2,0,0,0,0
2430.1,2460.1,OR_D_W_direct,offramp,FW_W,10479,7,,10,1200.0,540,2,0,0,0,0
2430.1,2460.1,OR_F_E_signal,offramp,FW_E,10643,9,,5,600.0,354,23,0,0,0,0
2430.1,2460.1,OR_F_E_direct,offramp,FW_E,10682,11,,15,1800.0,796,4,0,0,0,0
2430.1,2460.1,OR_F_W_signal,offramp,FW_W,10638,19,,12,1440.0,435,5,0,0,0,2
2430.1,2460.1,OR_F_W_direct,offramp,FW_W,10645,16,,10,1200.0,689,5,0,0,0,0
2430.1,2460.1,source_1098,source,FW_E,,,0,60,7200.0,5103,,0,60,0,0
2430.1,2460.1,source_1099,source,FW_W,,,0,26,3120.0,3102,,0,26,0,0
2460.1,2490.1,RM_C10480,ramp,FW_W,10480,,8,1,120.0,89,0,0,0,0,1
2460.1,2490.1,RM_C10482,ramp,FW_W,10482,,10,16,1920.0,1260,35,0,0,0,0
2460.1,2490.1,RM_C10646,ramp,FW_W,10646,,18,3,360.0,187,2,0,0,0,1
2460.1,2490.1,RM_C10644,ramp,FW_W,10644,,22,8,960.0,319,14,0,0,0,0
2460.1,2490.1,RM_C10639,ramp,FW_E,10639,,10,5,600.0,290,1,0,0,0,0
2460.1,2490.1,RM_C10681,ramp,FW_E,10681,,12,13,1560.0,519,52,0,0,0,0
2460.1,2490.1,RM_C10490,ramp,FW_E,10490,,21,5,600.0,443,6,0,0,0,0
2460.1,2490.1,RM_C10484,ramp,FW_E,10484,,23,3,360.0,298,8,0,0,0,0
2460.1,2490.1,OR_D_E_signal,offramp,FW_E,10481,18,,1,120.0,191,1,0,0,0,0
2460.1,2490.1,OR_D_E_direct,offramp,FW_E,10483,20,,9,1080.0,645,0,0,0,0,0
2460.1,2490.1,OR_D_W_signal,offramp,FW_W,10491,9,,9,1080.0,590,3,0,0,0,1
2460.1,2490.1,OR_D_W_direct,offramp,FW_W,10479,7,,6,720.0,546,3,0,0,0,0
2460.1,2490.1,OR_F_E_signal,offramp,FW_E,10643,9,,4,480.0,358,27,0,0,0,0
2460.1,2490.1,OR_F_E_direct,offramp,FW_E,10682,11,,9,1080.0,805,6,0,0,0,0
2460.1,2490.1,OR_F_W_signal,offramp,FW_W,10638,19,,9,1080.0,444,5,0,0,0,1
2460.1,2490.1,OR_F_W_direct,offramp,FW_W,10645,16,,5,600.0,694,0,0,0,0,0
2460.1,2490.1,source_1098,source,FW_E,,,0,56,6720.0,5159,,0,56,0,0
2460.1,2490.1,source_1099,source,FW_W,,,0,37,4440.0,3139,,0,37,0,0
2490.1,2520.1,RM_C10480,ramp,FW_W,10480,,8,1,120.0,90,0,0,0,0,1
2490.1,2520.1,RM_C10482,ramp,FW_W,10482,,10,26,3120.0,1286,28,0,0,0,0
2490.1,2520.1,RM_C10646,ramp,FW_W,10646,,18,2,240.0,189,5,0,0,0,2
2490.1,2520.1,RM_C10644,ramp,FW_W,10644,,22,0,0.0,319,15,0,0,0,0
2490.1,2520.1,RM_C10639,ramp,FW_E,10639,,10,1,120.0,291,6,0,0,0,0
2490.1,2520.1,RM_C10681,ramp,FW_E,10681,,12,11,1320.0,530,52,0,0,0,0
2490.1,2520.1,RM_C10490,ramp,FW_E,10490,,21,5,600.0,448,7,0,0,0,0
2490.1,2520.1,RM_C10484,ramp,FW_E,10484,,23,7,840.0,305,6,0,0,0,0
2490.1,2520.1,OR_D_E_signal,offramp,FW_E,10481,18,,1,120.0,192,2,0,0,0,0
2490.1,2520.1,OR_D_E_direct,offramp,FW_E,10483,20,,1,120.0,646,1,0,0,0,0
2490.1,2520.1,OR_D_W_signal,offramp,FW_W,10491,9,,2,240.0,592,1,0,0,0,1
2490.1,2520.1,OR_D_W_direct,offramp,FW_W,10479,7,,6,720.0,552,3,0,0,0,0
2490.1,2520.1,OR_F_E_signal,offramp,FW_E,10643,9,,3,360.0,361,26,0,0,0,0
2490.1,2520.1,OR_F_E_direct,offramp,FW_E,10682,11,,3,360.0,808,1,0,0,0,0
2490.1,2520.1,OR_F_W_signal,offramp,FW_W,10638,19,,7,840.0,451,4,0,0,0,2
2490.1,2520.1,OR_F_W_direct,offramp,FW_W,10645,16,,10,1200.0,704,1,0,0,0,0
2490.1,2520.1,source_1098,source,FW_E,,,0,61,7320.0,5220,,0,61,0,0
2490.1,2520.1,source_1099,source,FW_W,,,0,34,4080.0,3173,,0,34,0,0
2520.1,2550.1,RM_C10480,ramp,FW_W,10480,,8,1,120.0,91,1,0,0,0,1
2520.1,2550.1,RM_C10482,ramp,FW_W,10482,,10,23,2760.0,1309,25,0,0,0,0
2520.1,2550.1,RM_C10646,ramp,FW_W,10646,,18,6,720.0,195,6,0,0,0,4
2520.1,2550.1,RM_C10644,ramp,FW_W,10644,,22,13,1560.0,332,5,0,0,0,0
2520.1,2550.1,RM_C10639,ramp,FW_E,10639,,10,6,720.0,297,3,0,0,0,0
2520.1,2550.1,RM_C10681,ramp,FW_E,10681,,12,8,960.0,538,49,0,0,0,0
2520.1,2550.1,RM_C10490,ramp,FW_E,10490,,21,7,840.0,455,8,0,0,0,0
2520.1,2550.1,RM_C10484,ramp,FW_E,10484,,23,4,480.0,309,13,0,0,0,0
2520.1,2550.1,OR_D_E_signal,offramp,FW_E,10481,18,,9,1080.0,201,10,0,0,0,0
2520.1,2550.1,OR_D_E_direct,offramp,FW_E,10483,20,,15,1800.0,661,12,0,0,0,0
2520.1,2550.1,OR_D_W_signal,offramp,FW_W,10491,9,,6,720.0,598,1,0,0,0,1
2520.1,2550.1,OR_D_W_direct,offramp,FW_W,10479,7,,8,960.0,560,3,0,0,0,0
2520.1,2550.1,OR_F_E_signal,offramp,FW_E,10643,9,,9,1080.0,370,25,0,0,0,0
2520.1,2550.1,OR_F_E_direct,offramp,FW_E,10682,11,,8,960.0,816,3,0,0,0,0
2520.1,2550.1,OR_F_W_signal,offramp,FW_W,10638,19,,11,1320.0,462,9,0,0,0,4
2520.1,2550.1,OR_F_W_direct,offramp,FW_W,10645,16,,6,720.0,710,0,0,0,0,0
2520.1,2550.1,source_1098,source,FW_E,,,0,58,6960.0,5278,,0,58,0,0
2520.1,2550.1,source_1099,source,FW_W,,,0,44,5280.0,3217,,0,44,0,0
2550.1,2580.1,RM_C10480,ramp,FW_W,10480,,8,2,240.0,93,0,0,0,0,2
2550.1,2580.1,RM_C10482,ramp,FW_W,10482,,10,11,1320.0,1320,28,0,0,0,0
2550.1,2580.1,RM_C10646,ramp,FW_W,10646,,18,5,600.0,200,3,0,0,0,1
2550.1,2580.1,RM_C10644,ramp,FW_W,10644,,22,1,120.0,333,9,0,0,0,0
2550.1,2580.1,RM_C10639,ramp,FW_E,10639,,10,3,360.0,300,2,0,0,0,0
2550.1,2580.1,RM_C10681,ramp,FW_E,10681,,12,8,960.0,546,58,0,0,0,0
2550.1,2580.1,RM_C10490,ramp,FW_E,10490,,21,8,960.0,463,3,0,0,0,0
2550.1,2580.1,RM_C10484,ramp,FW_E,10484,,23,5,600.0,314,13,0,0,0,0
2550.1,2580.1,OR_D_E_signal,offramp,FW_E,10481,18,,1,120.0,202,10,0,0,0,0
2550.1,2580.1,OR_D_E_direct,offramp,FW_E,10483,20,,12,1440.0,673,10,0,0,0,0
2550.1,2580.1,OR_D_W_signal,offramp,FW_W,10491,9,,8,960.0,606,1,0,0,0,2
2550.1,2580.1,OR_D_W_direct,offramp,FW_W,10479,7,,7,840.0,567,3,0,0,0,0
2550.1,2580.1,OR_F_E_signal,offramp,FW_E,10643,9,,6,720.0,376,20,0,0,0,0
2550.1,2580.1,OR_F_E_direct,offramp,FW_E,10682,11,,13,1560.0,829,5,0,0,0,0
2550.1,2580.1,OR_F_W_signal,offramp,FW_W,10638,19,,4,480.0,466,6,0,0,0,1
2550.1,2580.1,OR_F_W_direct,offramp,FW_W,10645,16,,10,1200.0,720,9,0,0,0,0
2550.1,2580.1,source_1098,source,FW_E,,,0,63,7560.0,5341,,0,63,0,0
2550.1,2580.1,source_1099,source,FW_W,,,0,31,3720.0,3248,,0,31,0,0
2580.1,2610.1,RM_C10480,ramp,FW_W,10480,,8,1,120.0,94,0,0,0,0,1
2580.1,2610.1,RM_C10482,ramp,FW_W,10482,,10,23,2760.0,1343,19,0,0,0,0
2580.1,2610.1,RM_C10646,ramp,FW_W,10646,,18,3,360.0,203,2,0,0,0,3
2580.1,2610.1,RM_C10644,ramp,FW_W,10644,,22,4,480.0,337,9,0,0,0,0
2580.1,2610.1,RM_C10639,ramp,FW_E,10639,,10,0,0.0,300,7,0,0,0,0
2580.1,2610.1,RM_C10681,ramp,FW_E,10681,,12,8,960.0,554,55,0,0,0,0
2580.1,2610.1,RM_C10490,ramp,FW_E,10490,,21,4,480.0,467,6,0,0,0,0
2580.1,2610.1,RM_C10484,ramp,FW_E,10484,,23,6,720.0,320,11,0,0,0,0
2580.1,2610.1,OR_D_E_signal,offramp,FW_E,10481,18,,0,0.0,202,5,0,0,0,0
2580.1,2610.1,OR_D_E_direct,offramp,FW_E,10483,20,,15,1800.0,688,7,0,0,0,0
2580.1,2610.1,OR_D_W_signal,offramp,FW_W,10491,9,,9,1080.0,615,1,0,0,0,1
2580.1,2610.1,OR_D_W_direct,offramp,FW_W,10479,7,,4,480.0,571,0,0,0,0,0
2580.1,2610.1,OR_F_E_signal,offramp,FW_E,10643,9,,4,480.0,380,14,0,0,0,0
2580.1,2610.1,OR_F_E_direct,offramp,FW_E,10682,11,,10,1200.0,839,5,0,0,0,0
2580.1,2610.1,OR_F_W_signal,offramp,FW_W,10638,19,,14,1680.0,480,11,0,0,0,3
2580.1,2610.1,OR_F_W_direct,offramp,FW_W,10645,16,,11,1320.0,731,1,0,0,0,0
2580.1,2610.1,source_1098,source,FW_E,,,0,61,7320.0,5402,,0,61,0,0
2580.1,2610.1,source_1099,source,FW_W,,,0,34,4080.0,3282,,0,34,0,0
2610.1,2640.1,RM_C10480,ramp,FW_W,10480,,8,0,0.0,94,0,0,0,0,0
2610.1,2640.1,RM_C10482,ramp,FW_W,10482,,10,15,1800.0,1358,17,0,0,0,0
2610.1,2640.1,RM_C10646,ramp,FW_W,10646,,18,2,240.0,205,0,0,0,0,1
2610.1,2640.1,RM_C10644,ramp,FW_W,10644,,22,0,0.0,337,10,0,0,0,0
2610.1,2640.1,RM_C10639,ramp,FW_E,10639,,10,7,840.0,307,8,0,0,0,0
2610.1,2640.1,RM_C10681,ramp,FW_E,10681,,12,14,1680.0,568,51,0,0,0,0
2610.1,2640.1,RM_C10490,ramp,FW_E,10490,,21,6,720.0,473,7,0,0,0,0
2610.1,2640.1,RM_C10484,ramp,FW_E,10484,,23,7,840.0,327,8,0,0,0,0
2610.1,2640.1,OR_D_E_signal,offramp,FW_E,10481,18,,5,600.0,207,5,0,0,0,0
2610.1,2640.1,OR_D_E_direct,offramp,FW_E,10483,20,,11,1320.0,699,8,0,0,0,0
2610.1,2640.1,OR_D_W_signal,offramp,FW_W,10491,9,,6,720.0,621,1,0,0,0,0
2610.1,2640.1,OR_D_W_direct,offramp,FW_W,10479,7,,8,960.0,579,2,0,0,0,0
2610.1,2640.1,OR_F_E_signal,offramp,FW_E,10643,9,,4,480.0,384,17,0,0,0,0
2610.1,2640.1,OR_F_E_direct,offramp,FW_E,10682,11,,7,840.0,846,2,0,0,0,0
2610.1,2640.1,OR_F_W_signal,offramp,FW_W,10638,19,,8,960.0,488,10,0,0,0,1
2610.1,2640.1,OR_F_W_direct,offramp,FW_W,10645,16,,11,1320.0,742,1,0,0,0,0
2610.1,2640.1,source_1098,source,FW_E,,,0,62,7440.0,5464,,0,62,0,0
2610.1,2640.1,source_1099,source,FW_W,,,0,24,2880.0,3306,,0,24,0,0
2640.1,2670.1,RM_C10480,ramp,FW_W,10480,,8,1,120.0,95,1,0,0,0,1
2640.1,2670.1,RM_C10482,ramp,FW_W,10482,,10,15,1800.0,1373,30,0,0,0,0
2640.1,2670.1,RM_C10646,ramp,FW_W,10646,,18,0,0.0,205,3,0,0,0,0
2640.1,2670.1,RM_C10644,ramp,FW_W,10644,,22,4,480.0,341,14,0,0,0,0
2640.1,2670.1,RM_C10639,ramp,FW_E,10639,,10,7,840.0,314,3,0,0,0,0
2640.1,2670.1,RM_C10681,ramp,FW_E,10681,,12,9,1080.0,577,57,0,0,0,0
2640.1,2670.1,RM_C10490,ramp,FW_E,10490,,21,4,480.0,477,10,0,0,0,0
2640.1,2670.1,RM_C10484,ramp,FW_E,10484,,23,5,600.0,332,14,0,0,0,0
2640.1,2670.1,OR_D_E_signal,offramp,FW_E,10481,18,,2,240.0,209,3,0,0,0,0
2640.1,2670.1,OR_D_E_direct,offramp,FW_E,10483,20,,9,1080.0,708,2,0,0,0,0
2640.1,2670.1,OR_D_W_signal,offramp,FW_W,10491,9,,7,840.0,628,2,0,0,0,1
2640.1,2670.1,OR_D_W_direct,offramp,FW_W,10479,7,,8,960.0,587,4,0,0,0,0
2640.1,2670.1,OR_F_E_signal,offramp,FW_E,10643,9,,8,960.0,392,19,0,0,0,0
2640.1,2670.1,OR_F_E_direct,offramp,FW_E,10682,11,,13,1560.0,859,4,0,0,0,0
2640.1,2670.1,OR_F_W_signal,offramp,FW_W,10638,19,,5,600.0,493,3,0,0,0,0
2640.1,2670.1,OR_F_W_direct,offramp,FW_W,10645,16,,6,720.0,748,6,0,0,0,0
2640.1,2670.1,source_1098,source,FW_E,,,0,62,7440.0,5526,,0,62,0,0
2640.1,2670.1,source_1099,source,FW_W,,,0,34,4080.0,3340,,0,34,0,0
2670.1,2700.1,RM_C10480,ramp,FW_W,10480,,8,5,600.0,100,0,0,0,0,3
2670.1,2700.1,RM_C10482,ramp,FW_W,10482,,10,20,2400.0,1393,30,0,0,0,0
2670.1,2700.1,RM_C10646,ramp,FW_W,10646,,18,3,360.0,208,3,0,0,0,0
2670.1,2700.1,RM_C10644,ramp,FW_W,10644,,22,5,600.0,346,15,0,0,0,0
2670.1,2700.1,RM_C10639,ramp,FW_E,10639,,10,3,360.0,317,3,0,0,0,0
2670.1,2700.1,RM_C10681,ramp,FW_E,10681,,12,7,840.0,584,59,0,0,0,0
2670.1,2700.1,RM_C10490,ramp,FW_E,10490,,21,7,840.0,484,6,0,0,0,0
2670.1,2700.1,RM_C10484,ramp,FW_E,10484,,23,4,480.0,336,16,0,0,0,0
2670.1,2700.1,OR_D_E_signal,offramp,FW_E,10481,18,,2,240.0,211,2,0,0,0,0
2670.1,2700.1,OR_D_E_direct,offramp,FW_E,10483,20,,2,240.0,710,2,0,0,0,0
2670.1,2700.1,OR_D_W_signal,offramp,FW_W,10491,9,,10,1200.0,638,5,0,0,0,3
2670.1,2700.1,OR_D_W_direct,offramp,FW_W,10479,7,,10,1200.0,597,2,0,0,0,0
2670.1,2700.1,OR_F_E_signal,offramp,FW_E,10643,9,,7,840.0,399,23,0,0,0,0
2670.1,2700.1,OR_F_E_direct,offramp,FW_E,10682,11,,14,1680.0,873,5,0,0,0,0
2670.1,2700.1,OR_F_W_signal,offramp,FW_W,10638,19,,7,840.0,500,5,0,0,0,0
2670.1,2700.1,OR_F_W_direct,offramp,FW_W,10645,16,,17,2040.0,765,9,0,0,0,0
2670.1,2700.1,source_1098,source,FW_E,,,0,56,6720.0,5582,,0,56,0,0
2670.1,2700.1,source_1099,source,FW_W,,,0,37,4440.0,3377,,0,37,0,0
2700.1,2730.1,RM_C10480,ramp,FW_W,10480,,8,0,0.0,100,4,0,0,0,0
2700.1,2730.1,RM_C10482,ramp,FW_W,10482,,10,15,1800.0,1408,35,0,0,0,0
2700.1,2730.1,RM_C10646,ramp,FW_W,10646,,18,3,360.0,211,3,0,0,0,0
2700.1,2730.1,RM_C10644,ramp,FW_W,10644,,22,0,0.0,346,18,0,0,0,0
2700.1,2730.1,RM_C10639,ramp,FW_E,10639,,10,3,360.0,320,3,0,0,0,0
2700.1,2730.1,RM_C10681,ramp,FW_E,10681,,12,10,1200.0,594,60,0,0,0,0
2700.1,2730.1,RM_C10490,ramp,FW_E,10490,,21,9,1080.0,493,5,0,0,0,0
2700.1,2730.1,RM_C10484,ramp,FW_E,10484,,23,7,840.0,343,15,0,0,0,0
2700.1,2730.1,OR_D_E_signal,offramp,FW_E,10481,18,,0,0.0,211,2,0,0,0,0
2700.1,2730.1,OR_D_E_direct,offramp,FW_E,10483,20,,10,1200.0,720,10,0,0,0,0
2700.1,2730.1,OR_D_W_signal,offramp,FW_W,10491,9,,4,480.0,642,2,0,0,0,0
2700.1,2730.1,OR_D_W_direct,offramp,FW_W,10479,7,,5,600.0,602,2,0,0,0,0
2700.1,2730.1,OR_F_E_signal,offramp,FW_E,10643,9,,4,480.0,403,23,0,0,0,0
2700.1,2730.1,OR_F_E_direct,offramp,FW_E,10682,11,,8,960.0,881,2,0,0,0,0
2700.1,2730.1,OR_F_W_signal,offramp,FW_W,10638,19,,4,480.0,504,4,0,0,0,0
2700.1,2730.1,OR_F_W_direct,offramp,FW_W,10645,16,,13,1560.0,778,2,0,0,0,0
2700.1,2730.1,source_1098,source,FW_E,,,0,58,6960.0,5640,,0,58,0,0
2700.1,2730.1,source_1099,source,FW_W,,,0,17,2040.0,3394,,0,17,0,0
2730.1,2760.1,RM_C10480,ramp,FW_W,10480,,8,5,600.0,105,0,0,0,0,3
2730.1,2760.1,RM_C10482,ramp,FW_W,10482,,10,25,3000.0,1433,22,0,0,0,0
2730.1,2760.1,RM_C10646,ramp,FW_W,10646,,18,5,600.0,216,4,0,0,0,1
2730.1,2760.1,RM_C10644,ramp,FW_W,10644,,22,11,1320.0,357,14,0,0,0,0
2730.1,2760.1,RM_C10639,ramp,FW_E,10639,,10,3,360.0,323,3,0,0,0,0
2730.1,2760.1,RM_C10681,ramp,FW_E,10681,,12,13,1560.0,607,52,0,0,0,0
2730.1,2760.1,RM_C10490,ramp,FW_E,10490,,21,5,600.0,498,6,0,0,0,0
2730.1,2760.1,RM_C10484,ramp,FW_E,10484,,23,7,840.0,350,9,0,0,0,0
2730.1,2760.1,OR_D_E_signal,offramp,FW_E,10481,18,,2,240.0,213,2,0,0,0,0
2730.1,2760.1,OR_D_E_direct,offramp,FW_E,10483,20,,13,1560.0,733,10,0,0,0,0
2730.1,2760.1,OR_D_W_signal,offramp,FW_W,10491,9,,13,1560.0,655,7,0,0,0,3
2730.1,2760.1,OR_D_W_direct,offramp,FW_W,10479,7,,5,600.0,607,2,0,0,0,0
2730.1,2760.1,OR_F_E_signal,offramp,FW_E,10643,9,,3,360.0,406,22,0,0,0,0
2730.1,2760.1,OR_F_E_direct,offramp,FW_E,10682,11,,13,1560.0,894,3,0,0,0,0
2730.1,2760.1,OR_F_W_signal,offramp,FW_W,10638,19,,8,960.0,512,8,0,0,0,1
2730.1,2760.1,OR_F_W_direct,offramp,FW_W,10645,16,,13,1560.0,791,3,0,0,0,0
2730.1,2760.1,source_1098,source,FW_E,,,0,70,8400.0,5710,,0,70,0,0
2730.1,2760.1,source_1099,source,FW_W,,,0,30,3600.0,3424,,0,30,0,0
2760.1,2790.1,RM_C10480,ramp,FW_W,10480,,8,0,0.0,105,0,0,0,0,0
2760.1,2790.1,RM_C10482,ramp,FW_W,10482,,10,17,2040.0,1450,24,0,0,0,0
2760.1,2790.1,RM_C10646,ramp,FW_W,10646,,18,4,480.0,220,0,0,0,0,3
2760.1,2790.1,RM_C10644,ramp,FW_W,10644,,22,4,480.0,361,15,0,0,0,0
2760.1,2790.1,RM_C10639,ramp,FW_E,10639,,10,3,360.0,326,6,0,0,0,0
2760.1,2790.1,RM_C10681,ramp,FW_E,10681,,12,9,1080.0,616,49,0,0,0,0
2760.1,2790.1,RM_C10490,ramp,FW_E,10490,,21,4,480.0,502,12,0,0,0,0
2760.1,2790.1,RM_C10484,ramp,FW_E,10484,,23,6,720.0,356,3,0,0,0,0
2760.1,2790.1,OR_D_E_signal,offramp,FW_E,10481,18,,2,240.0,215,2,0,0,0,0
2760.1,2790.1,OR_D_E_direct,offramp,FW_E,10483,20,,8,960.0,741,4,0,0,0,0
2760.1,2790.1,OR_D_W_signal,offramp,FW_W,10491,9,,4,480.0,659,3,0,0,0,0
2760.1,2790.1,OR_D_W_direct,offramp,FW_W,10479,7,,9,1080.0,616,1,0,0,0,0
2760.1,2790.1,OR_F_E_signal,offramp,FW_E,10643,9,,1,120.0,407,22,0,0,0,0
2760.1,2790.1,OR_F_E_direct,offramp,FW_E,10682,11,,17,2040.0,911,7,0,0,0,0
2760.1,2790.1,OR_F_W_signal,offramp,FW_W,10638,19,,11,1320.0,523,10,0,0,0,3
2760.1,2790.1,OR_F_W_direct,offramp,FW_W,10645,16,,5,600.0,796,3,0,0,0,0
2760.1,2790.1,source_1098,source,FW_E,,,0,66,7920.0,5776,,0,66,0,0
2760.1,2790.1,source_1099,source,FW_W,,,0,46,5520.0,3470,,0,46,0,0
2790.1,2820.1,RM_C10480,ramp,FW_W,10480,,8,3,360.0,108,0,0,0,0,2
2790.1,2820.1,RM_C10482,ramp,FW_W,10482,,10,20,2400.0,1470,27,0,0,0,0
2790.1,2820.1,RM_C10646,ramp,FW_W,10646,,18,0,0.0,220,7,0,0,0,0
2790.1,2820.1,RM_C10644,ramp,FW_W,10644,,22,0,0.0,361,19,0,0,0,0
2790.1,2820.1,RM_C10639,ramp,FW_E,10639,,10,6,720.0,332,2,0,0,0,0
2790.1,2820.1,RM_C10681,ramp,FW_E,10681,,12,8,960.0,624,59,0,0,0,0
2790.1,2820.1,RM_C10490,ramp,FW_E,10490,,21,4,480.0,506,17,0,0,0,0
2790.1,2820.1,RM_C10484,ramp,FW_E,10484,,23,3,360.0,359,5,0,0,0,0
2790.1,2820.1,OR_D_E_signal,offramp,FW_E,10481,18,,4,480.0,219,3,0,0,0,0
2790.1,2820.1,OR_D_E_direct,offramp,FW_E,10483,20,,0,0.0,741,0,0,0,0,0
2790.1,2820.1,OR_D_W_signal,offramp,FW_W,10491,9,,9,1080.0,668,5,0,0,0,2
2790.1,2820.1,OR_D_W_direct,offramp,FW_W,10479,7,,7,840.0,623,2,0,0,0,0
2790.1,2820.1,OR_F_E_signal,offramp,FW_E,10643,9,,5,600.0,412,21,0,0,0,0
2790.1,2820.1,OR_F_E_direct,offramp,FW_E,10682,11,,13,1560.0,924,5,0,0,0,0
2790.1,2820.1,OR_F_W_signal,offramp,FW_W,10638,19,,2,240.0,525,8,0,0,0,0
2790.1,2820.1,OR_F_W_direct,offramp,FW_W,10645,16,,1,120.0,797,1,0,0,0,0
2790.1,2820.1,source_1098,source,FW_E,,,0,71,8520.0,5847,,0,71,0,0
2790.1,2820.1,source_1099,source,FW_W,,,0,41,4920.0,3511,,0,41,0,0
2820.1,2850.1,RM_C10480,ramp,FW_W,10480,,8,3,360.0,111,0,0,0,0,2
2820.1,2850.1,RM_C10482,ramp,FW_W,10482,,10,20,2400.0,1490,23,0,0,0,0
2820.1,2850.1,RM_C10646,ramp,FW_W,10646,,18,8,960.0,228,4,0,0,0,4
2820.1,2850.1,RM_C10644,ramp,FW_W,10644,,22,5,600.0,366,19,0,0,0,0
2820.1,2850.1,RM_C10639,ramp,FW_E,10639,,10,2,240.0,334,5,0,0,0,0
2820.1,2850.1,RM_C10681,ramp,FW_E,10681,,12,9,1080.0,633,57,0,0,0,0
2820.1,2850.1,RM_C10490,ramp,FW_E,10490,,21,10,1200.0,516,14,0,0,0,0
2820.1,2850.1,RM_C10484,ramp,FW_E,10484,,23,4,480.0,363,9,0,0,0,0
2820.1,2850.1,OR_D_E_signal,offramp,FW_E,10481,18,,0,0.0,219,2,0,0,0,0
2820.1,2850.1,OR_D_E_direct,offramp,FW_E,10483,20,,9,1080.0,750,6,0,0,0,0
2820.1,2850.1,OR_D_W_signal,offramp,FW_W,10491,9,,14,1680.0,682,8,0,0,0,2
2820.1,2850.1,OR_D_W_direct,offramp,FW_W,10479,7,,4,480.0,627,2,0,0,0,0
2820.1,2850.1,OR_F_E_signal,offramp,FW_E,10643,9,,4,480.0,416,22,0,0,0,0
2820.1,2850.1,OR_F_E_direct,offramp,FW_E,10682,11,,9,1080.0,933,4,0,0,0,0
2820.1,2850.1,OR_F_W_signal,offramp,FW_W,10638,19,,10,1200.0,535,14,0,0,0,4
2820.1,2850.1,OR_F_W_direct,offramp,FW_W,10645,16,,19,2280.0,816,7,0,0,0,0
2820.1,2850.1,source_1098,source,FW_E,,,0,62,7440.0,5909,,0,62,0,0
2820.1,2850.1,source_1099,source,FW_W,,,0,44,5280.0,3555,,0,44,0,0
2850.1,2880.1,RM_C10480,ramp,FW_W,10480,,8,1,120.0,112,0,0,0,0,0
2850.1,2880.1,RM_C10482,ramp,FW_W,10482,,10,14,1680.0,1504,16,0,0,0,0
2850.1,2880.1,RM_C10646,ramp,FW_W,10646,,18,4,480.0,232,7,0,0,0,1
2850.1,2880.1,RM_C10644,ramp,FW_W,10644,,22,10,1200.0,376,13,0,0,0,0
2850.1,2880.1,RM_C10639,ramp,FW_E,10639,,10,5,600.0,339,5,0,0,0,0
2850.1,2880.1,RM_C10681,ramp,FW_E,10681,,12,10,1200.0,643,56,0,0,0,0
2850.1,2880.1,RM_C10490,ramp,FW_E,10490,,21,13,1560.0,529,10,0,0,0,0
2850.1,2880.1,RM_C10484,ramp,FW_E,10484,,23,6,720.0,369,4,0,0,0,0
2850.1,2880.1,OR_D_E_signal,offramp,FW_E,10481,18,,2,240.0,221,4,0,0,0,0
2850.1,2880.1,OR_D_E_direct,offramp,FW_E,10483,20,,5,600.0,755,0,0,0,0,0
2850.1,2880.1,OR_D_W_signal,offramp,FW_W,10491,9,,5,600.0,687,3,0,0,0,0
2850.1,2880.1,OR_D_W_direct,offramp,FW_W,10479,7,,7,840.0,634,2,0,0,0,0
2850.1,2880.1,OR_F_E_signal,offramp,FW_E,10643,9,,6,720.0,422,23,0,0,0,0
2850.1,2880.1,OR_F_E_direct,offramp,FW_E,10682,11,,15,1800.0,948,3,0,0,0,0
2850.1,2880.1,OR_F_W_signal,offramp,FW_W,10638,19,,4,480.0,539,12,0,0,0,1
2850.1,2880.1,OR_F_W_direct,offramp,FW_W,10645,16,,14,1680.0,830,8,0,0,0,0
2850.1,2880.1,source_1098,source,FW_E,,,0,65,7800.0,5974,,0,65,0,0
2850.1,2880.1,source_1099,source,FW_W,,,0,27,3240.0,3582,,0,27,0,0
2880.1,2910.1,RM_C10480,ramp,FW_W,10480,,8,0,0.0,112,2,0,0,0,0
2880.1,2910.1,RM_C10482,ramp,FW_W,10482,,10,15,1800.0,1519,18,0,0,0,0
2880.1,2910.1,RM_C10646,ramp,FW_W,10646,,18,5,600.0,237,2,0,0,0,1
2880.1,2910.1,RM_C10644,ramp,FW_W,10644,,22,7,840.0,383,6,0,0,0,0
2880.1,2910.1,RM_C10639,ramp,FW_E,10639,,10,4,480.0,343,7,0,0,0,0
2880.1,2910.1,RM_C10681,ramp,FW_E,10681,,12,12,1440.0,655,45,0,0,0,0
2880.1,2910.1,RM_C10490,ramp,FW_E,10490,,21,10,1200.0,539,8,0,0,0,0
2880.1,2910.1,RM_C10484,ramp,FW_E,10484,,23,4,480.0,373,5,0,0,0,0
2880.1,2910.1,OR_D_E_signal,offramp,FW_E,10481,18,,6,720.0,227,6,0,0,0,0
2880.1,2910.1,OR_D_E_direct,offramp,FW_E,10483,20,,6,720.0,761,6,0,0,0,0
2880.1,2910.1,OR_D_W_signal,offramp,FW_W,10491,9,,9,1080.0,696,3,0,0,0,0
2880.1,2910.1,OR_D_W_direct,offramp,FW_W,10479,7,,9,1080.0,643,3,0,0,0,0
2880.1,2910.1,OR_F_E_signal,offramp,FW_E,10643,9,,8,960.0,430,27,0,0,0,0
2880.1,2910.1,OR_F_E_direct,offramp,FW_E,10682,11,,15,1800.0,963,2,0,0,0,0
2880.1,2910.1,OR_F_W_signal,offramp,FW_W,10638,19,,8,960.0,547,11,0,0,0,1
2880.1,2910.1,OR_F_W_direct,offramp,FW_W,10645,16,,9,1080.0,839,4,0,0,0,0
2880.1,2910.1,source_1098,source,FW_E,,,0,72,8640.0,6046,,0,72,0,0
2880.1,2910.1,source_1099,source,FW_W,,,0,40,4800.0,3622,,0,40,0,0
2910.1,2940.1,RM_C10480,ramp,FW_W,10480,,8,2,240.0,114,0,0,0,0,1
2910.1,2940.1,RM_C10482,ramp,FW_W,10482,,10,8,960.0,1527,28,0,0,0,0
2910.1,2940.1,RM_C10646,ramp,FW_W,10646,,18,2,240.0,239,1,0,0,0,1
2910.1,2940.1,RM_C10644,ramp,FW_W,10644,,22,3,360.0,386,9,0,0,0,0
2910.1,2940.1,RM_C10639,ramp,FW_E,10639,,10,6,720.0,349,4,0,0,0,0
2910.1,2940.1,RM_C10681,ramp,FW_E,10681,,12,13,1560.0,668,42,0,0,0,0
2910.1,2940.1,RM_C10490,ramp,FW_E,10490,,21,8,960.0,547,10,0,0,0,0
2910.1,2940.1,RM_C10484,ramp,FW_E,10484,,23,2,240.0,375,7,0,0,0,0
2910.1,2940.1,OR_D_E_signal,offramp,FW_E,10481,18,,2,240.0,229,4,0,0,0,0
2910.1,2940.1,OR_D_E_direct,offramp,FW_E,10483,20,,18,2160.0,779,13,0,0,0,0
2910.1,2940.1,OR_D_W_signal,offramp,FW_W,10491,9,,5,600.0,701,4,0,0,0,1
2910.1,2940.1,OR_D_W_direct,offramp,FW_W,10479,7,,6,720.0,649,1,0,0,0,0
2910.1,2940.1,OR_F_E_signal,offramp,FW_E,10643,9,,2,240.0,432,24,0,0,0,0
2910.1,2940.1,OR_F_E_direct,offramp,FW_E,10682,11,,11,1320.0,974,0,0,0,0,0
2910.1,2940.1,OR_F_W_signal,offramp,FW_W,10638,19,,8,960.0,555,10,0,0,0,1
2910.1,2940.1,OR_F_W_direct,offramp,FW_W,10645,16,,3,360.0,842,0,0,0,0,0
2910.1,2940.1,source_1098,source,FW_E,,,0,61,7320.0,6107,,0,61,0,0
2910.1,2940.1,source_1099,source,FW_W,,,0,41,4920.0,3663,,0,41,0,0
2940.1,2970.1,RM_C10480,ramp,FW_W,10480,,8,1,120.0,115,0,0,0,0,0
2940.1,2970.1,RM_C10482,ramp,FW_W,10482,,10,22,2640.0,1549,27,0,0,0,0
2940.1,2970.1,RM_C10646,ramp,FW_W,10646,,18,1,120.0,240,1,0,0,0,0
2940.1,2970.1,RM_C10644,ramp,FW_W,10644,,22,3,360.0,389,15,0,0,0,0
2940.1,2970.1,RM_C10639,ramp,FW_E,10639,,10,3,360.0,352,5,0,0,0,0
2940.1,2970.1,RM_C10681,ramp,FW_E,10681,,12,6,720.0,674,49,0,0,0,0
2940.1,2970.1,RM_C10490,ramp,FW_E,10490,,21,11,1320.0,558,5,0,0,0,0
2940.1,2970.1,RM_C10484,ramp,FW_E,10484,,23,5,600.0,380,5,0,0,0,0
2940.1,2970.1,OR_D_E_signal,offramp,FW_E,10481,18,,2,240.0,231,1,0,0,0,0
2940.1,2970.1,OR_D_E_direct,offramp,FW_E,10483,20,,12,1440.0,791,9,0,0,0,0
2940.1,2970.1,OR_D_W_signal,offramp,FW_W,10491,9,,9,1080.0,710,5,0,0,0,0
2940.1,2970.1,OR_D_W_direct,offramp,FW_W,10479,7,,7,840.0,656,3,0,0,0,0
2940.1,2970.1,OR_F_E_signal,offramp,FW_E,10643,9,,4,480.0,436,25,0,0,0,0
2940.1,2970.1,OR_F_E_direct,offramp,FW_E,10682,11,,12,1440.0,986,0,0,0,0,0
2940.1,2970.1,OR_F_W_signal,offramp,FW_W,10638,19,,2,240.0,557,4,0,0,0,0
2940.1,2970.1,OR_F_W_direct,offramp,FW_W,10645,16,,13,1560.0,855,11,0,0,0,0
2940.1,2970.1,source_1098,source,FW_E,,,0,65,7800.0,6172,,0,65,0,0
2940.1,2970.1,source_1099,source,FW_W,,,0,50,6000.0,3713,,0,50,0,0
2970.1,3000.1,RM_C10480,ramp,FW_W,10480,,8,1,120.0,116,3,0,0,0,1
2970.1,3000.1,RM_C10482,ramp,FW_W,10482,,10,20,2400.0,1569,31,0,0,0,0
2970.1,3000.1,RM_C10646,ramp,FW_W,10646,,18,1,120.0,241,8,0,0,0,1
2970.1,3000.1,RM_C10644,ramp,FW_W,10644,,22,0,0.0,389,16,0,0,0,0
2970.1,3000.1,RM_C10639,ramp,FW_E,10639,,10,5,600.0,357,4,0,0,0,0
2970.1,3000.1,RM_C10681,ramp,FW_E,10681,,12,7,840.0,681,53,0,0,0,0
2970.1,3000.1,RM_C10490,ramp,FW_E,10490,,21,5,600.0,563,4,0,0,0,0
2970.1,3000.1,RM_C10484,ramp,FW_E,10484,,23,5,600.0,385,8,0,0,0,0
2970.1,3000.1,OR_D_E_signal,offramp,FW_E,10481,18,,7,840.0,238,7,0,0,0,0
2970.1,3000.1,OR_D_E_direct,offramp,FW_E,10483,20,,13,1560.0,804,9,0,0,0,0
2970.1,3000.1,OR_D_W_signal,offramp,FW_W,10491,9,,12,1440.0,722,4,0,0,0,1
2970.1,3000.1,OR_D_W_direct,offramp,FW_W,10479,7,,7,840.0,663,2,0,0,0,0
2970.1,3000.1,OR_F_E_signal,offramp,FW_E,10643,9,,2,240.0,438,25,0,0,0,0
2970.1,3000.1,OR_F_E_direct,offramp,FW_E,10682,11,,13,1560.0,999,8,0,0,0,0
2970.1,3000.1,OR_F_W_signal,offramp,FW_W,10638,19,,2,240.0,559,2,0,0,0,1
2970.1,3000.1,OR_F_W_direct,offramp,FW_W,10645,16,,13,1560.0,868,1,0,0,0,0
2970.1,3000.1,source_1098,source,FW_E,,,0,55,6600.0,6227,,0,55,0,0
2970.1,3000.1,source_1099,source,FW_W,,,0,45,5400.0,3758,,0,45,0,0
3000.1,3030.1,RM_C10480,ramp,FW_W,10480,,8,3,360.0,119,4,0,0,0,2
3000.1,3030.1,RM_C10482,ramp,FW_W,10482,,10,18,2160.0,1587,32,0,0,0,0
3000.1,3030.1,RM_C10646,ramp,FW_W,10646,,18,5,600.0,246,13,0,0,0,1
3000.1,3030.1,RM_C10644,ramp,FW_W,10644,,22,9,1080.0,398,16,0,0,0,0
3000.1,3030.1,RM_C10639,ramp,FW_E,10639,,10,4,480.0,361,2,0,0,0,0
3000.1,3030.1,RM_C10681,ramp,FW_E,10681,,12,8,960.0,689,52,0,0,0,0
3000.1,3030.1,RM_C10490,ramp,FW_E,10490,,21,4,480.0,567,4,0,0,0,0
3000.1,3030.1,RM_C10484,ramp,FW_E,10484,,23,3,360.0,388,8,0,0,0,0
3000.1,3030.1,OR_D_E_signal,offramp,FW_E,10481,18,,2,240.0,240,9,0,0,0,0
3000.1,3030.1,OR_D_E_direct,offramp,FW_E,10483,20,,5,600.0,809,2,0,0,0,0
3000.1,3030.1,OR_D_W_signal,offramp,FW_W,10491,9,,4,480.0,726,0,0,0,0,2
3000.1,3030.1,OR_D_W_direct,offramp,FW_W,10479,7,,8,960.0,671,5,0,0,0,0
3000.1,3030.1,OR_F_E_signal,offramp,FW_E,10643,9,,7,840.0,445,25,0,0,0,0
3000.1,3030.1,OR_F_E_direct,offramp,FW_E,10682,11,,6,720.0,1005,6,0,0,0,0
3000.1,3030.1,OR_F_W_signal,offramp,FW_W,10638,19,,8,960.0,567,6,0,0,0,1
3000.1,3030.1,OR_F_W_direct,offramp,FW_W,10645,16,,14,1680.0,882,10,0,0,0,0
3000.1,3030.1,source_1098,source,FW_E,,,0,65,7800.0,6292,,0,65,0,0
3000.1,3030.1,source_1099,source,FW_W,,,0,31,3720.0,3789,,0,31,0,0
3030.1,3060.1,RM_C10480,ramp,FW_W,10480,,8,5,600.0,124,0,0,0,0,2
3030.1,3060.1,RM_C10482,ramp,FW_W,10482,,10,27,3240.0,1614,27,0,0,0,0
3030.1,3060.1,RM_C10646,ramp,FW_W,10646,,18,12,1440.0,258,8,0,0,0,5
3030.1,3060.1,RM_C10644,ramp,FW_W,10644,,22,6,720.0,404,12,0,0,0,0
3030.1,3060.1,RM_C10639,ramp,FW_E,10639,,10,2,240.0,363,4,0,0,0,0
3030.1,3060.1,RM_C10681,ramp,FW_E,10681,,12,6,720.0,695,46,0,0,0,0
3030.1,3060.1,RM_C10490,ramp,FW_E,10490,,21,3,360.0,570,8,0,0,0,0
3030.1,3060.1,RM_C10484,ramp,FW_E,10484,,23,8,960.0,396,2,0,0,0,0
3030.1,3060.1,OR_D_E_signal,offramp,FW_E,10481,18,,0,0.0,240,2,0,0,0,0
3030.1,3060.1,OR_D_E_direct,offramp,FW_E,10483,20,,11,1320.0,820,8,0,0,0,0
3030.1,3060.1,OR_D_W_signal,offramp,FW_W,10491,9,,10,1200.0,736,4,0,0,0,2
3030.1,3060.1,OR_D_W_direct,offramp,FW_W,10479,7,,4,480.0,675,2,0,0,0,0
3030.1,3060.1,OR_F_E_signal,offramp,FW_E,10643,9,,8,960.0,453,29,0,0,0,0
3030.1,3060.1,OR_F_E_direct,offramp,FW_E,10682,11,,18,2160.0,1023,16,0,0,0,0
3030.1,3060.1,OR_F_W_signal,offramp,FW_W,10638,19,,14,1680.0,581,17,0,0,0,5
3030.1,3060.1,OR_F_W_direct,offramp,FW_W,10645,16,,11,1320.0,893,4,0,0,0,0
3030.1,3060.1,source_1098,source,FW_E,,,0,57,6840.0,6349,,0,57,0,0
3030.1,3060.1,source_1099,source,FW_W,,,0,42,5040.0,3831,,0,42,0,0
3060.1,3090.1,RM_C10480,ramp,FW_W,10480,,8,0,0.0,124,0,0,0,0,0
3060.1,3090.1,RM_C10482,ramp,FW_W,10482,,10,19,2280.0,1633,27,0,0,0,0
3060.1,3090.1,RM_C10646,ramp,FW_W,10646,,18,8,960.0,266,0,0,0,0,1
3060.1,3090.1,RM_C10644,ramp,FW_W,10644,,22,0,0.0,404,16,0,0,0,0
3060.1,3090.1,RM_C10639,ramp,FW_E,10639,,10,4,480.0,367,7,0,0,0,0
3060.1,3090.1,RM_C10681,ramp,FW_E,10681,,12,8,960.0,703,47,0,0,0,0
3060.1,3090.1,RM_C10490,ramp,FW_E,10490,,21,11,1320.0,581,4,0,0,0,0
3060.1,3090.1,RM_C10484,ramp,FW_E,10484,,23,0,0.0,396,4,0,0,0,0
3060.1,3090.1,OR_D_E_signal,offramp,FW_E,10481,18,,2,240.0,242,1,0,0,0,0
3060.1,3090.1,OR_D_E_direct,offramp,FW_E,10483,20,,18,2160.0,838,10,0,0,0,0
3060.1,3090.1,OR_D_W_signal,offramp,FW_W,10491,9,,3,360.0,739,0,0,0,0,0
3060.1,3090.1,OR_D_W_direct,offramp,FW_W,10479,7,,10,1200.0,685,5,0,0,0,0
3060.1,3090.1,OR_F_E_signal,offramp,FW_E,10643,9,,6,720.0,459,34,0,0,0,0
3060.1,3090.1,OR_F_E_direct,offramp,FW_E,10682,11,,9,1080.0,1032,9,0,0,0,0
3060.1,3090.1,OR_F_W_signal,offramp,FW_W,10638,19,,12,1440.0,593,21,0,0,0,1
3060.1,3090.1,OR_F_W_direct,offramp,FW_W,10645,16,,6,720.0,899,0,0,0,0,0
3060.1,3090.1,source_1098,source,FW_E,,,0,74,8880.0,6423,,0,74,0,0
3060.1,3090.1,source_1099,source,FW_W,,,0,39,4680.0,3870,,0,39,0,0
3090.1,3120.1,RM_C10480,ramp,FW_W,10480,,8,2,240.0,126,1,0,0,0,0
3090.1,3120.1,RM_C10482,ramp,FW_W,10482,,10,22,2640.0,1655,23,0,0,0,0
3090.1,3120.1,RM_C10646,ramp,FW_W,10646,,18,0,0.0,266,5,0,0,0,0
3090.1,3120.1,RM_C10644,ramp,FW_W,10644,,22,11,1320.0,415,5,0,0,0,0
3090.1,3120.1,RM_C10639,ramp,FW_E,10639,,10,5,600.0,372,5,0,0,0,0
3090.1,3120.1,RM_C10681,ramp,FW_E,10681,,12,7,840.0,710,52,0,0,0,0
3090.1,3120.1,RM_C10490,ramp,FW_E,10490,,21,4,480.0,585,3,0,0,0,0
3090.1,3120.1,RM_C10484,ramp,FW_E,10484,,23,3,360.0,399,2,0,0,0,0
3090.1,3120.1,OR_D_E_signal,offramp,FW_E,10481,18,,5,600.0,247,6,0,0,0,0
3090.1,3120.1,OR_D_E_direct,offramp,FW_E,10483,20,,10,1200.0,848,2,0,0,0,0
3090.1,3120.1,OR_D_W_signal,offramp,FW_W,10491,9,,8,960.0,747,4,0,0,0,0
3090.1,3120.1,OR_D_W_direct,offramp,FW_W,10479,7,,2,240.0,687,0,0,0,0,0
3090.1,3120.1,OR_F_E_signal,offramp,FW_E,10643,9,,7,840.0,466,36,0,0,0,0
3090.1,3120.1,OR_F_E_direct,offramp,FW_E,10682,11,,10,1200.0,1042,4,0,0,0,0
3090.1,3120.1,OR_F_W_signal,offramp,FW_W,10638,19,,4,480.0,597,21,0,0,0,0
3090.1,3120.1,OR_F_W_direct,offramp,FW_W,10645,16,,5,600.0,904,4,0,0,0,0
3090.1,3120.1,source_1098,source,FW_E,,,0,57,6840.0,6480,,0,57,0,0
3090.1,3120.1,source_1099,source,FW_W,,,0,38,4560.0,3908,,0,38,0,0
3120.1,3150.1,RM_C10480,ramp,FW_W,10480,,8,1,120.0,127,1,0,0,0,1
3120.1,3150.1,RM_C10482,ramp,FW_W,10482,,10,18,2160.0,1673,21,0,0,0,0
3120.1,3150.1,RM_C10646,ramp,FW_W,10646,,18,5,600.0,271,3,0,0,0,1
3120.1,3150.1,RM_C10644,ramp,FW_W,10644,,22,2,240.0,417,9,0,0,0,0
3120.1,3150.1,RM_C10639,ramp,FW_E,10639,,10,5,600.0,377,2,0,0,0,0
3120.1,3150.1,RM_C10681,ramp,FW_E,10681,,12,6,720.0,716,58,0,0,0,0
3120.1,3150.1,RM_C10490,ramp,FW_E,10490,,21,5,600.0,590,3,0,0,0,0
3120.1,3150.1,RM_C10484,ramp,FW_E,10484,,23,2,240.0,401,4,0,0,0,0
3120.1,3150.1,OR_D_E_signal,offramp,FW_E,10481,18,,3,360.0,250,9,0,0,0,0
3120.1,3150.1,OR_D_E_direct,offramp,FW_E,10483,20,,13,1560.0,861,3,0,0,0,0
3120.1,3150.1,OR_D_W_signal,offramp,FW_W,10491,9,,8,960.0,755,2,0,0,0,1
3120.1,3150.1,OR_D_W_direct,offramp,FW_W,10479,7,,7,840.0,694,3,0,0,0,0
3120.1,3150.1,OR_F_E_signal,offramp,FW_E,10643,9,,6,720.0,472,38,0,0,0,0
3120.1,3150.1,OR_F_E_direct,offramp,FW_E,10682,11,,10,1200.0,1052,7,0,0,0,0
3120.1,3150.1,OR_F_W_signal,offramp,FW_W,10638,19,,7,840.0,604,22,0,0,0,1
3120.1,3150.1,OR_F_W_direct,offramp,FW_W,10645,16,,18,2160.0,922,4,0,0,0,0
3120.1,3150.1,source_1098,source,FW_E,,,0,65,7800.0,6545,,0,65,0,0
3120.1,3150.1,source_1099,source,FW_W,,,0,36,4320.0,3944,,0,36,0,0
3150.1,3180.1,RM_C10480,ramp,FW_W,10480,,8,3,360.0,130,3,0,0,0,2
3150.1,3180.1,RM_C10482,ramp,FW_W,10482,,10,8,960.0,1681,30,0,0,0,0
3150.1,3180.1,RM_C10646,ramp,FW_W,10646,,18,0,0.0,271,9,0,0,0,0
3150.1,3180.1,RM_C10644,ramp,FW_W,10644,,22,3,360.0,420,10,0,0,0,0
3150.1,3180.1,RM_C10639,ramp,FW_E,10639,,10,1,120.0,378,5,0,0,0,0
3150.1,3180.1,RM_C10681,ramp,FW_E,10681,,12,8,960.0,724,63,0,0,0,0
3150.1,3180.1,RM_C10490,ramp,FW_E,10490,,21,3,360.0,593,5,0,0,0,0
3150.1,3180.1,RM_C10484,ramp,FW_E,10484,,23,3,360.0,404,5,0,0,0,0
3150.1,3180.1,OR_D_E_signal,offramp,FW_E,10481,18,,2,240.0,252,11,0,0,0,0
3150.1,3180.1,OR_D_E_direct,offramp,FW_E,10483,20,,8,960.0,869,5,0,0,0,0
3150.1,3180.1,OR_D_W_signal,offramp,FW_W,10491,9,,7,840.0,762,5,0,0,0,2
3150.1,3180.1,OR_D_W_direct,offramp,FW_W,10479,7,,10,1200.0,704,4,0,0,0,0
3150.1,3180.1,OR_F_E_signal,offramp,FW_E,10643,9,,5,600.0,477,38,0,0,0,0
3150.1,3180.1,OR_F_E_direct,offramp,FW_E,10682,11,,12,1440.0,1064,7,0,0,0,0
3150.1,3180.1,OR_F_W_signal,offramp,FW_W,10638,19,,6,720.0,610,21,0,0,0,0
3150.1,3180.1,OR_F_W_direct,offramp,FW_W,10645,16,,13,1560.0,935,1,0,0,0,0
3150.1,3180.1,source_1098,source,FW_E,,,0,60,7200.0,6605,,0,60,0,0
3150.1,3180.1,source_1099,source,FW_W,,,0,39,4680.0,3983,,0,39,0,0
3180.1,3210.1,RM_C10480,ramp,FW_W,10480,,8,3,360.0,133,1,0,0,0,2
3180.1,3210.1,RM_C10482,ramp,FW_W,10482,,10,23,2760.0,1704,29,0,0,0,0
3180.1,3210.1,RM_C10646,ramp,FW_W,10646,,18,9,1080.0,280,1,0,0,0,2
3180.1,3210.1,RM_C10644,ramp,FW_W,10644,,22,0,0.0,420,14,0,0,0,0
3180.1,3210.1,RM_C10639,ramp,FW_E,10639,,10,5,600.0,383,3,0,0,0,0
3180.1,3210.1,RM_C10681,ramp,FW_E,10681,,12,12,1440.0,736,61,0,0,0,0
3180.1,3210.1,RM_C10490,ramp,FW_E,10490,,21,3,360.0,596,14,0,0,0,0
3180.1,3210.1,RM_C10484,ramp,FW_E,10484,,23,1,120.0,405,7,0,0,0,0
3180.1,3210.1,OR_D_E_signal,offramp,FW_E,10481,18,,1,120.0,253,7,0,0,0,0
3180.1,3210.1,OR_D_E_direct,offramp,FW_E,10483,20,,2,240.0,871,0,0,0,0,0
3180.1,3210.1,OR_D_W_signal,offramp,FW_W,10491,9,,12,1440.0,774,3,0,0,0,2
3180.1,3210.1,OR_D_W_direct,offramp,FW_W,10479,7,,5,600.0,709,1,0,0,0,0
3180.1,3210.1,OR_F_E_signal,offramp,FW_E,10643,9,,4,480.0,481,37,0,0,0,0
3180.1,3210.1,OR_F_E_direct,offramp,FW_E,10682,11,,10,1200.0,1074,1,0,0,0,0
3180.1,3210.1,OR_F_W_signal,offramp,FW_W,10638,19,,11,1320.0,621,26,0,0,0,2
3180.1,3210.1,OR_F_W_direct,offramp,FW_W,10645,16,,12,1440.0,947,4,0,0,0,0
3180.1,3210.1,source_1098,source,FW_E,,,0,57,6840.0,6662,,0,57,0,0
3180.1,3210.1,source_1099,source,FW_W,,,0,37,4440.0,4020,,0,37,0,0
3210.1,3240.1,RM_C10480,ramp,FW_W,10480,,8,1,120.0,134,1,0,0,0,1
3210.1,3240.1,RM_C10482,ramp,FW_W,10482,,10,16,1920.0,1720,32,0,0,0,0
3210.1,3240.1,RM_C10646,ramp,FW_W,10646,,18,1,120.0,281,0,0,0,0,0
3210.1,3240.1,RM_C10644,ramp,FW_W,10644,,22,6,720.0,426,12,0,0,0,0
3210.1,3240.1,RM_C10639,ramp,FW_E,10639,,10,3,360.0,386,3,0,0,0,0
3210.1,3240.1,RM_C10681,ramp,FW_E,10681,,12,11,1320.0,747,56,0,0,0,0
3210.1,3240.1,RM_C10490,ramp,FW_E,10490,,21,5,600.0,601,13,0,0,0,0
3210.1,3240.1,RM_C10484,ramp,FW_E,10484,,23,5,600.0,410,10,0,0,0,0
3210.1,3240.1,OR_D_E_signal,offramp,FW_E,10481,18,,1,120.0,254,0,0,0,0,0
3210.1,3240.1,OR_D_E_direct,offramp,FW_E,10483,20,,0,0.0,871,0,0,0,0,0
3210.1,3240.1,OR_D_W_signal,offramp,FW_W,10491,9,,10,1200.0,784,3,0,0,0,1
3210.1,3240.1,OR_D_W_direct,offramp,FW_W,10479,7,,13,1560.0,722,5,0,0,0,0
3210.1,3240.1,OR_F_E_signal,offramp,FW_E,10643,9,,5,600.0,486,39,0,0,0,0
3210.1,3240.1,OR_F_E_direct,offramp,FW_E,10682,11,,14,1680.0,1088,4,0,0,0,0
3210.1,3240.1,OR_F_W_signal,offramp,FW_W,10638,19,,6,720.0,627,29,0,0,0,0
3210.1,3240.1,OR_F_W_direct,offramp,FW_W,10645,16,,9,1080.0,956,5,0,0,0,0
3210.1,3240.1,source_1098,source,FW_E,,,0,52,6240.0,6714,,0,52,0,0
3210.1,3240.1,source_1099,source,FW_W,,,0,44,5280.0,4064,,0,44,0,0
3240.1,3270.1,RM_C10480,ramp,FW_W,10480,,8,1,120.0,135,2,0,0,0,1
3240.1,3270.1,RM_C10482,ramp,FW_W,10482,,10,24,2880.0,1744,28,0,0,0,0
3240.1,3270.1,RM_C10646,ramp,FW_W,10646,,18,0,0.0,281,0,0,0,0,0
3240.1,3270.1,RM_C10644,ramp,FW_W,10644,,22,4,480.0,430,11,0,0,0,0
3240.1,3270.1,RM_C10639,ramp,FW_E,10639,,10,2,240.0,388,4,0,0,0,0
3240.1,3270.1,RM_C10681,ramp,FW_E,10681,,12,11,1320.0,758,58,0,0,0,0
3240.1,3270.1,RM_C10490,ramp,FW_E,10490,,21,13,1560.0,614,4,0,0,0,0
3240.1,3270.1,RM_C10484,ramp,FW_E,10484,,23,6,720.0,416,9,0,0,0,0
3240.1,3270.1,OR_D_E_signal,offramp,FW_E,10481,18,,1,120.0,255,1,0,0,0,0
3240.1,3270.1,OR_D_E_direct,offramp,FW_E,10483,20,,15,1800.0,886,15,0,0,0,0
3240.1,3270.1,OR_D_W_signal,offramp,FW_W,10491,9,,5,600.0,789,0,0,0,0,1
3240.1,3270.1,OR_D_W_direct,offramp,FW_W,10479,7,,5,600.0,727,0,0,0,0,0
3240.1,3270.1,OR_F_E_signal,offramp,FW_E,10643,9,,12,1440.0,498,45,0,0,0,0
3240.1,3270.1,OR_F_E_direct,offramp,FW_E,10682,11,,10,1200.0,1098,0,0,0,0,0
3240.1,3270.1,OR_F_W_signal,offramp,FW_W,10638,19,,4,480.0,631,29,0,0,0,0
3240.1,3270.1,OR_F_W_direct,offramp,FW_W,10645,16,,10,1200.0,966,5,0,0,0,0
3240.1,3270.1,source_1098,source,FW_E,,,0,65,7800.0,6779,,0,65,0,0
3240.1,3270.1,source_1099,source,FW_W,,,0,25,3000.0,4089,,0,25,0,0
3270.1,3300.1,RM_C10480,ramp,FW_W,10480,,8,2,240.0,137,3,0,0,0,2
3270.1,3300.1,RM_C10482,ramp,FW_W,10482,,10,22,2640.0,1766,25,0,0,0,0
3270.1,3300.1,RM_C10646,ramp,FW_W,10646,,18,0,0.0,281,2,0,0,0,0
3270.1,3300.1,RM_C10644,ramp,FW_W,10644,,22,6,720.0,436,9,0,0,0,0
3270.1,3300.1,RM_C10639,ramp,FW_E,10639,,10,4,480.0,392,4,0,0,0,0
3270.1,3300.1,RM_C10681,ramp,FW_E,10681,,12,10,1200.0,768,64,0,0,0,0
3270.1,3300.1,RM_C10490,ramp,FW_E,10490,,21,2,240.0,616,10,0,0,0,0
3270.1,3300.1,RM_C10484,ramp,FW_E,10484,,23,5,600.0,421,8,0,0,0,0
3270.1,3300.1,OR_D_E_signal,offramp,FW_E,10481,18,,2,240.0,257,1,0,0,0,0
3270.1,3300.1,OR_D_E_direct,offramp,FW_E,10483,20,,11,1320.0,897,11,0,0,0,0
3270.1,3300.1,OR_D_W_signal,offramp,FW_W,10491,9,,8,960.0,797,2,0,0,0,2
3270.1,3300.1,OR_D_W_direct,offramp,FW_W,10479,7,,10,1200.0,737,1,0,0,0,0
3270.1,3300.1,OR_F_E_signal,offramp,FW_E,10643,9,,3,360.0,501,48,0,0,0,0
3270.1,3300.1,OR_F_E_direct,offramp,FW_E,10682,11,,7,840.0,1105,3,0,0,0,0
3270.1,3300.1,OR_F_W_signal,offramp,FW_W,10638,19,,1,120.0,632,25,0,0,0,0
3270.1,3300.1,OR_F_W_direct,offramp,FW_W,10645,16,,14,1680.0,980,5,0,0,0,0
3270.1,3300.1,source_1098,source,FW_E,,,0,58,6960.0,6837,,0,58,0,0
3270.1,3300.1,source_1099,source,FW_W,,,0,42,5040.0,4131,,0,42,0,0
3300.1,3330.1,RM_C10480,ramp,FW_W,10480,,8,7,840.0,144,0,0,0,0,3
3300.1,3330.1,RM_C10482,ramp,FW_W,10482,,10,12,1440.0,1778,25,0,0,0,0
3300.1,3330.1,RM_C10646,ramp,FW_W,10646,,18,2,240.0,283,2,0,0,0,1
3300.1,3330.1,RM_C10644,ramp,FW_W,10644,,22,4,480.0,440,10,0,0,0,0
3300.1,3330.1,RM_C10639,ramp,FW_E,10639,,10,4,480.0,396,3,0,0,0,0
3300.1,3330.1,RM_C10681,ramp,FW_E,10681,,12,10,1200.0,778,67,0,0,0,0
3300.1,3330.1,RM_C10490,ramp,FW_E,10490,,21,10,1200.0,626,8,0,0,0,0
3300.1,3330.1,RM_C10484,ramp,FW_E,10484,,23,6,720.0,427,3,0,0,0,0
3300.1,3330.1,OR_D_E_signal,offramp,FW_E,10481,18,,4,480.0,261,5,0,0,0,0
3300.1,3330.1,OR_D_E_direct,offramp,FW_E,10483,20,,5,600.0,902,5,0,0,0,0
3300.1,3330.1,OR_D_W_signal,offramp,FW_W,10491,9,,11,1320.0,808,7,0,0,0,3
3300.1,3330.1,OR_D_W_direct,offramp,FW_W,10479,7,,11,1320.0,748,4,0,0,0,0
3300.1,3330.1,OR_F_E_signal,offramp,FW_E,10643,9,,3,360.0,504,40,0,0,0,0
3300.1,3330.1,OR_F_E_direct,offramp,FW_E,10682,11,,7,840.0,1112,3,0,0,0,0
3300.1,3330.1,OR_F_W_signal,offramp,FW_W,10638,19,,4,480.0,636,25,0,0,0,1
3300.1,3330.1,OR_F_W_direct,offramp,FW_W,10645,16,,8,960.0,988,2,0,0,0,0
3300.1,3330.1,source_1098,source,FW_E,,,0,63,7560.0,6900,,0,63,0,0
3300.1,3330.1,source_1099,source,FW_W,,,0,15,1800.0,4146,,0,15,0,0
3330.1,3360.1,RM_C10480,ramp,FW_W,10480,,8,0,0.0,144,0,0,0,0,0
3330.1,3360.1,RM_C10482,ramp,FW_W,10482,,10,18,2160.0,1796,27,0,0,0,0
3330.1,3360.1,RM_C10646,ramp,FW_W,10646,,18,2,240.0,285,4,0,0,0,0
3330.1,3360.1,RM_C10644,ramp,FW_W,10644,,22,1,120.0,441,18,0,0,0,0
3330.1,3360.1,RM_C10639,ramp,FW_E,10639,,10,3,360.0,399,6,0,0,0,0
3330.1,3360.1,RM_C10681,ramp,FW_E,10681,,12,16,1920.0,794,62,0,0,0,0
3330.1,3360.1,RM_C10490,ramp,FW_E,10490,,21,8,960.0,634,8,0,0,0,0
3330.1,3360.1,RM_C10484,ramp,FW_E,10484,,23,3,360.0,430,6,0,0,0,0
3330.1,3360.1,OR_D_E_signal,offramp,FW_E,10481,18,,4,480.0,265,4,0,0,0,0
3330.1,3360.1,OR_D_E_direct,offramp,FW_E,10483,20,,7,840.0,909,4,0,0,0,0
3330.1,3360.1,OR_D_W_signal,offramp,FW_W,10491,9,,9,1080.0,817,4,0,0,0,0
3330.1,3360.1,OR_D_W_direct,offramp,FW_W,10479,7,,6,720.0,754,2,0,0,0,0
3330.1,3360.1,OR_F_E_signal,offramp,FW_E,10643,9,,1,120.0,505,40,0,0,0,0
3330.1,3360.1,OR_F_E_direct,offramp,FW_E,10682,11,,13,1560.0,1125,5,0,0,0,0
3330.1,3360.1,OR_F_W_signal,offramp,FW_W,10638,19,,8,960.0,644,29,0,0,0,0
3330.1,3360.1,OR_F_W_direct,offramp,FW_W,10645,16,,7,840.0,995,0,0,0,0,0
3330.1,3360.1,source_1098,source,FW_E,,,0,66,7920.0,6966,,0,66,0,0
3330.1,3360.1,source_1099,source,FW_W,,,0,34,4080.0,4180,,0,34,0,0
3360.1,3390.1,RM_C10480,ramp,FW_W,10480,,8,0,0.0,144,0,0,0,0,0
3360.1,3390.1,RM_C10482,ramp,FW_W,10482,,10,19,2280.0,1815,26,0,0,0,0
3360.1,3390.1,RM_C10646,ramp,FW_W,10646,,18,4,480.0,289,1,0,0,0,2
3360.1,3390.1,RM_C10644,ramp,FW_W,10644,,22,7,840.0,448,13,0,0,0,0
3360.1,3390.1,RM_C10639,ramp,FW_E,10639,,10,4,480.0,403,4,0,0,0,0
3360.1,3390.1,RM_C10681,ramp,FW_E,10681,,12,11,1320.0,805,57,0,0,0,0
3360.1,3390.1,RM_C10490,ramp,FW_E,10490,,21,6,720.0,640,8,0,0,0,0
3360.1,3390.1,RM_C10484,ramp,FW_E,10484,,23,4,480.0,434,4,0,0,0,0
3360.1,3390.1,OR_D_E_signal,offramp,FW_E,10481,18,,1,120.0,266,1,0,0,0,0
3360.1,3390.1,OR_D_E_direct,offramp,FW_E,10483,20,,3,360.0,912,3,0,0,0,0
3360.1,3390.1,OR_D_W_signal,offramp,FW_W,10491,9,,2,240.0,819,1,0,0,0,0
3360.1,3390.1,OR_D_W_direct,offramp,FW_W,10479,7,,9,1080.0,763,1,0,0,0,0
3360.1,3390.1,OR_F_E_signal,offramp,FW_E,10643,9,,6,720.0,511,43,0,0,0,0
3360.1,3390.1,OR_F_E_direct,offramp,FW_E,10682,11,,12,1440.0,1137,2,0,0,0,0
3360.1,3390.1,OR_F_W_signal,offramp,FW_W,10638,19,,6,720.0,650,30,0,0,0,2
3360.1,3390.1,OR_F_W_direct,offramp,FW_W,10645,16,,6,720.0,1001,0,0,0,0,0
3360.1,3390.1,source_1098,source,FW_E,,,0,62,7440.0,7028,,0,62,0,0
3360.1,3390.1,source_1099,source,FW_W,,,0,53,6360.0,4233,,0,53,0,0
3390.1,3420.1,RM_C10480,ramp,FW_W,10480,,8,0,0.0,144,2,0,0,0,0
3390.1,3420.1,RM_C10482,ramp,FW_W,10482,,10,21,2520.0,1836,20,0,0,0,0
3390.1,3420.1,RM_C10646,ramp,FW_W,10646,,18,1,120.0,290,2,0,0,0,1
3390.1,3420.1,RM_C10644,ramp,FW_W,10644,,22,0,0.0,448,13,0,0,0,0
3390.1,3420.1,RM_C10639,ramp,FW_E,10639,,10,4,480.0,407,5,0,0,0,0
3390.1,3420.1,RM_C10681,ramp,FW_E,10681,,12,14,1680.0,819,54,0,0,0,0
3390.1,3420.1,RM_C10490,ramp,FW_E,10490,,21,8,960.0,648,7,0,0,0,0
3390.1,3420.1,RM_C10484,ramp,FW_E,10484,,23,3,360.0,437,2,0,0,0,0
3390.1,3420.1,OR_D_E_signal,offramp,FW_E,10481,18,,3,360.0,269,4,0,0,0,0
3390.1,3420.1,OR_D_E_direct,offramp,FW_E,10483,20,,13,1560.0,925,8,0,0,0,0
3390.1,3420.1,OR_D_W_signal,offramp,FW_W,10491,9,,10,1200.0,829,5,0,0,0,0
3390.1,3420.1,OR_D_W_direct,offramp,FW_W,10479,7,,2,240.0,765,0,0,0,0,0
3390.1,3420.1,OR_F_E_signal,offramp,FW_E,10643,9,,3,360.0,514,43,0,0,0,0
3390.1,3420.1,OR_F_E_direct,offramp,FW_E,10682,11,,7,840.0,1144,3,0,0,0,0
3390.1,3420.1,OR_F_W_signal,offramp,FW_W,10638,19,,4,480.0,654,29,0,0,0,1
3390.1,3420.1,OR_F_W_direct,offramp,FW_W,10645,16,,13,1560.0,1014,6,0,0,0,0
3390.1,3420.1,source_1098,source,FW_E,,,0,54,6480.0,7082,,0,54,0,0
3390.1,3420.1,source_1099,source,FW_W,,,0,29,3480.0,4262,,0,29,0,0
3420.1,3450.1,RM_C10480,ramp,FW_W,10480,,8,4,480.0,148,2,0,0,0,4
3420.1,3450.1,RM_C10482,ramp,FW_W,10482,,10,15,1800.0,1851,20,0,0,0,0
3420.1,3450.1,RM_C10646,ramp,FW_W,10646,,18,2,240.0,292,3,0,0,0,2
3420.1,3450.1,RM_C10644,ramp,FW_W,10644,,22,11,1320.0,459,7,0,0,0,0
3420.1,3450.1,RM_C10639,ramp,FW_E,10639,,10,5,600.0,412,5,0,0,0,0
3420.1,3450.1,RM_C10681,ramp,FW_E,10681,,12,9,1080.0,828,57,0,0,0,0
3420.1,3450.1,RM_C10490,ramp,FW_E,10490,,21,6,720.0,654,9,0,0,0,0
3420.1,3450.1,RM_C10484,ramp,FW_E,10484,,23,2,240.0,439,4,0,0,0,0
3420.1,3450.1,OR_D_E_signal,offramp,FW_E,10481,18,,2,240.0,271,3,0,0,0,0
3420.1,3450.1,OR_D_E_direct,offramp,FW_E,10483,20,,11,1320.0,936,3,0,0,0,0
3420.1,3450.1,OR_D_W_signal,offramp,FW_W,10491,9,,9,1080.0,838,2,0,0,0,4
3420.1,3450.1,OR_D_W_direct,offramp,FW_W,10479,7,,3,360.0,768,2,0,0,0,0
3420.1,3450.1,OR_F_E_signal,offramp,FW_E,10643,9,,3,360.0,517,41,0,0,0,0
3420.1,3450.1,OR_F_E_direct,offramp,FW_E,10682,11,,1,120.0,1145,0,0,0,0,0
3420.1,3450.1,OR_F_W_signal,offramp,FW_W,10638,19,,8,960.0,662,33,0,0,0,2
3420.1,3450.1,OR_F_W_direct,offramp,FW_W,10645,16,,15,1800.0,1029,8,0,0,0,0
3420.1,3450.1,source_1098,source,FW_E,,,0,68,8160.0,7150,,0,68,0,0
3420.1,3450.1,source_1099,source,FW_W,,,0,53,6360.0,4315,,0,53,0,0
3450.1,3480.1,RM_C10480,ramp,FW_W,10480,,8,3,360.0,151,0,0,0,0,1
3450.1,3480.1,RM_C10482,ramp,FW_W,10482,,10,15,1800.0,1866,15,0,0,0,0
3450.1,3480.1,RM_C10646,ramp,FW_W,10646,,18,3,360.0,295,7,0,0,0,2
3450.1,3480.1,RM_C10644,ramp,FW_W,10644,,22,2,240.0,461,10,0,0,0,0
3450.1,3480.1,RM_C10639,ramp,FW_E,10639,,10,4,480.0,416,4,0,0,0,0
3450.1,3480.1,RM_C10681,ramp,FW_E,10681,,12,6,720.0,834,62,0,0,0,0
3450.1,3480.1,RM_C10490,ramp,FW_E,10490,,21,9,1080.0,663,10,0,0,0,0
3450.1,3480.1,RM_C10484,ramp,FW_E,10484,,23,3,360.0,442,6,0,0,0,0
3450.1,3480.1,OR_D_E_signal,offramp,FW_E,10481,18,,4,480.0,275,7,0,0,0,0
3450.1,3480.1,OR_D_E_direct,offramp,FW_E,10483,20,,17,2040.0,953,13,0,0,0,0
3450.1,3480.1,OR_D_W_signal,offramp,FW_W,10491,9,,7,840.0,845,2,0,0,0,1
3450.1,3480.1,OR_D_W_direct,offramp,FW_W,10479,7,,4,480.0,772,2,0,0,0,0
3450.1,3480.1,OR_F_E_signal,offramp,FW_E,10643,9,,1,120.0,518,36,0,0,0,0
3450.1,3480.1,OR_F_E_direct,offramp,FW_E,10682,11,,18,2160.0,1163,8,0,0,0,0
3450.1,3480.1,OR_F_W_signal,offramp,FW_W,10638,19,,4,480.0,666,31,0,0,0,2
3450.1,3480.1,OR_F_W_direct,offramp,FW_W,10645,16,,16,1920.0,1045,2,0,0,0,0
3450.1,3480.1,source_1098,source,FW_E,,,0,67,8040.0,7217,,0,67,0,0
3450.1,3480.1,source_1099,source,FW_W,,,0,14,1680.0,4329,,0,14,0,0
3480.1,3510.1,RM_C10480,ramp,FW_W,10480,,8,3,360.0,154,5,0,0,0,1
3480.1,3510.1,RM_C10482,ramp,FW_W,10482,,10,12,1440.0,1878,22,0,0,0,0
3480.1,3510.1,RM_C10646,ramp,FW_W,10646,,18,7,840.0,302,0,0,0,0,1
3480.1,3510.1,RM_C10644,ramp,FW_W,10644,,22,0,0.0,461,10,0,0,0,0
3480.1,3510.1,RM_C10639,ramp,FW_E,10639,,10,2,240.0,418,6,0,0,0,0
3480.1,3510.1,RM_C10681,ramp,FW_E,10681,,12,12,1440.0,846,57,0,0,0,0
3480.1,3510.1,RM_C10490,ramp,FW_E,10490,,21,7,840.0,670,10,0,0,0,0
3480.1,3510.1,RM_C10484,ramp,FW_E,10484,,23,5,600.0,447,3,0,0,0,0
3480.1,3510.1,OR_D_E_signal,offramp,FW_E,10481,18,,5,600.0,280,6,0,0,0,0
3480.1,3510.1,OR_D_E_direct,offramp,FW_E,10483,20,,5,600.0,958,4,0,0,0,0
3480.1,3510.1,OR_D_W_signal,offramp,FW_W,10491,9,,9,1080.0,854,4,0,0,0,1
3480.1,3510.1,OR_D_W_direct,offramp,FW_W,10479,7,,5,600.0,777,2,0,0,0,0
3480.1,3510.1,OR_F_E_signal,offramp,FW_E,10643,9,,6,720.0,524,39,0,0,0,0
3480.1,3510.1,OR_F_E_direct,offramp,FW_E,10682,11,,14,1680.0,1177,6,0,0,0,0
3480.1,3510.1,OR_F_W_signal,offramp,FW_W,10638,19,,11,1320.0,677,38,0,0,0,1
3480.1,3510.1,OR_F_W_direct,offramp,FW_W,10645,16,,10,1200.0,1055,5,0,0,0,0
3480.1,3510.1,source_1098,source,FW_E,,,0,67,8040.0,7284,,0,67,0,0
3480.1,3510.1,source_1099,source,FW_W,,,0,39,4680.0,4368,,0,39,0,0
3510.1,3540.1,RM_C10480,ramp,FW_W,10480,,8,6,720.0,160,0,0,0,0,1
3510.1,3540.1,RM_C10482,ramp,FW_W,10482,,10,11,1320.0,1889,28,0,0,0,0
3510.1,3540.1,RM_C10646,ramp,FW_W,10646,,18,0,0.0,302,1,0,0,0,0
3510.1,3540.1,RM_C10644,ramp,FW_W,10644,,22,3,360.0,464,12,0,0,0,0
3510.1,3540.1,RM_C10639,ramp,FW_E,10639,,10,6,720.0,424,7,0,0,0,0
3510.1,3540.1,RM_C10681,ramp,FW_E,10681,,12,13,1560.0,859,53,0,0,0,0
3510.1,3540.1,RM_C10490,ramp,FW_E,10490,,21,10,1200.0,680,6,0,0,0,0
3510.1,3540.1,RM_C10484,ramp,FW_E,10484,,23,1,120.0,448,8,0,0,0,0
3510.1,3540.1,OR_D_E_signal,offramp,FW_E,10481,18,,1,120.0,281,3,0,0,0,0
3510.1,3540.1,OR_D_E_direct,offramp,FW_E,10483,20,,10,1200.0,968,7,0,0,0,0
3510.1,3540.1,OR_D_W_signal,offramp,FW_W,10491,9,,11,1320.0,865,5,0,0,0,1
3510.1,3540.1,OR_D_W_direct,offramp,FW_W,10479,7,,8,960.0,785,3,0,0,0,0
3510.1,3540.1,OR_F_E_signal,offramp,FW_E,10643,9,,9,1080.0,533,46,0,0,0,0
3510.1,3540.1,OR_F_E_direct,offramp,FW_E,10682,11,,7,840.0,1184,4,0,0,0,0
3510.1,3540.1,OR_F_W_signal,offramp,FW_W,10638,19,,2,240.0,679,34,0,0,0,0
3510.1,3540.1,OR_F_W_direct,offramp,FW_W,10645,16,,11,1320.0,1066,4,0,0,0,0
3510.1,3540.1,source_1098,source,FW_E,,,0,55,6600.0,7339,,0,55,0,0
3510.1,3540.1,source_1099,source,FW_W,,,0,36,4320.0,4404,,0,36,0,0
3540.1,3570.1,RM_C10480,ramp,FW_W,10480,,8,1,120.0,161,0,0,0,0,1
3540.1,3570.1,RM_C10482,ramp,FW_W,10482,,10,20,2400.0,1909,24,0,0,0,0
3540.1,3570.1,RM_C10646,ramp,FW_W,10646,,18,1,120.0,303,7,0,0,0,0
3540.1,3570.1,RM_C10644,ramp,FW_W,10644,,22,7,840.0,471,8,0,0,0,0
3540.1,3570.1,RM_C10639,ramp,FW_E,10639,,10,6,720.0,430,6,0,0,0,0
3540.1,3570.1,RM_C10681,ramp,FW_E,10681,,12,9,1080.0,868,55,0,0,0,0
3540.1,3570.1,RM_C10490,ramp,FW_E,10490,,21,5,600.0,685,7,0,0,0,0
3540.1,3570.1,RM_C10484,ramp,FW_E,10484,,23,7,840.0,455,7,0,0,0,0
3540.1,3570.1,OR_D_E_signal,offramp,FW_E,10481,18,,3,360.0,284,2,0,0,0,0
3540.1,3570.1,OR_D_E_direct,offramp,FW_E,10483,20,,0,0.0,968,0,0,0,0,0
3540.1,3570.1,OR_D_W_signal,offramp,FW_W,10491,9,,10,1200.0,875,4,0,0,0,1
3540.1,3570.1,OR_D_W_direct,offramp,FW_W,10479,7,,5,600.0,790,1,0,0,0,0
3540.1,3570.1,OR_F_E_signal,offramp,FW_E,10643,9,,2,240.0,535,45,0,0,0,0
3540.1,3570.1,OR_F_E_direct,offramp,FW_E,10682,11,,8,960.0,1192,0,0,0,0,0
3540.1,3570.1,OR_F_W_signal,offramp,FW_W,10638,19,,0,0.0,679,25,0,0,0,0
3540.1,3570.1,OR_F_W_direct,offramp,FW_W,10645,16,,7,840.0,1073,6,0,0,0,0
3540.1,3570.1,source_1098,source,FW_E,,,0,63,7560.0,7402,,0,63,0,0
3540.1,3570.1,source_1099,source,FW_W,,,0,31,3720.0,4435,,0,31,0,0
3570.1,3600.1,RM_C10480,ramp,FW_W,10480,,8,2,240.0,163,3,0,0,0,2
3570.1,3600.1,RM_C10482,ramp,FW_W,10482,,10,16,1920.0,1925,28,0,0,0,0
3570.1,3600.1,RM_C10646,ramp,FW_W,10646,,18,7,840.0,310,2,0,0,0,4
3570.1,3600.1,RM_C10644,ramp,FW_W,10644,,22,4,480.0,475,8,0,0,0,0
3570.1,3600.1,RM_C10639,ramp,FW_E,10639,,10,6,720.0,436,5,0,0,0,0
3570.1,3600.1,RM_C10681,ramp,FW_E,10681,,12,5,600.0,873,61,0,0,0,0
3570.1,3600.1,RM_C10490,ramp,FW_E,10490,,21,7,840.0,692,6,0,0,0,0
3570.1,3600.1,RM_C10484,ramp,FW_E,10484,,23,4,480.0,459,7,0,0,0,0
3570.1,3600.1,OR_D_E_signal,offramp,FW_E,10481,18,,0,0.0,284,0,0,0,0,0
3570.1,3600.1,OR_D_E_direct,offramp,FW_E,10483,20,,10,1200.0,978,8,0,0,0,0
3570.1,3600.1,OR_D_W_signal,offramp,FW_W,10491,9,,8,960.0,883,5,0,0,0,2
3570.1,3600.1,OR_D_W_direct,offramp,FW_W,10479,7,,6,720.0,796,1,0,0,0,0
3570.1,3600.1,OR_F_E_signal,offramp,FW_E,10643,9,,4,480.0,539,43,0,0,0,0
3570.1,3600.1,OR_F_E_direct,offramp,FW_E,10682,11,,15,1800.0,1207,6,0,0,0,0
3570.1,3600.1,OR_F_W_signal,offramp,FW_W,10638,19,,13,1560.0,692,32,0,0,0,4
3570.1,3600.1,OR_F_W_direct,offramp,FW_W,10645,16,,11,1320.0,1084,8,0,0,0,0
3570.1,3600.1,source_1098,source,FW_E,,,0,62,7440.0,7464,,0,62,0,0
3570.1,3600.1,source_1099,source,FW_W,,,0,44,5280.0,4479,,0,44,0,0
3600.1,3630.1,RM_C10480,ramp,FW_W,10480,,8,6,720.0,169,0,0,0,0,4
3600.1,3630.1,RM_C10482,ramp,FW_W,10482,,10,21,2520.0,1946,26,0,0,0,0
3600.1,3630.1,RM_C10646,ramp,FW_W,10646,,18,0,0.0,310,8,0,0,0,0
3600.1,3630.1,RM_C10644,ramp,FW_W,10644,,22,1,120.0,476,12,0,0,0,0
3600.1,3630.1,RM_C10639,ramp,FW_E,10639,,10,5,600.0,441,1,0,0,0,0
3600.1,3630.1,RM_C10681,ramp,FW_E,10681,,12,10,1200.0,883,63,0,0,0,0
3600.1,3630.1,RM_C10490,ramp,FW_E,10490,,21,7,840.0,699,2,0,0,0,0
3600.1,3630.1,RM_C10484,ramp,FW_E,10484,,23,6,720.0,465,1,0,0,0,0
3600.1,3630.1,OR_D_E_signal,offramp,FW_E,10481,18,,6,720.0,290,6,0,0,0,0
3600.1,3630.1,OR_D_E_direct,offramp,FW_E,10483,20,,13,1560.0,991,6,0,0,0,0
3600.1,3630.1,OR_D_W_signal,offramp,FW_W,10491,9,,11,1320.0,894,4,0,0,0,4
3600.1,3630.1,OR_D_W_direct,offramp,FW_W,10479,7,,4,480.0,800,1,0,0,0,0
3600.1,3630.1,OR_F_E_signal,offramp,FW_E,10643,9,,1,120.0,540,40,0,0,0,0
3600.1,3630.1,OR_F_E_direct,offramp,FW_E,10682,11,,8,960.0,1215,1,0,0,0,0
3600.1,3630.1,OR_F_W_signal,offramp,FW_W,10638,19,,6,720.0,698,32,0,0,0,0
3600.1,3630.1,OR_F_W_direct,offramp,FW_W,10645,16,,9,1080.0,1093,5,0,0,0,0
3600.1,3630.1,source_1098,source,FW_E,,,0,53,6360.0,7517,,0,53,0,0
3600.1,3630.1,source_1099,source,FW_W,,,0,22,2640.0,4501,,0,22,0,0
3630.1,3660.1,RM_C10480,ramp,FW_W,10480,,8,0,0.0,169,0,0,0,0,0
3630.1,3660.1,RM_C10482,ramp,FW_W,10482,,10,14,1680.0,1960,32,0,0,0,0
3630.1,3660.1,RM_C10646,ramp,FW_W,10646,,18,7,840.0,317,3,0,0,0,1
3630.1,3660.1,RM_C10644,ramp,FW_W,10644,,22,3,360.0,479,12,0,0,0,0
3630.1,3660.1,RM_C10639,ramp,FW_E,10639,,10,1,120.0,442,3,0,0,0,0
3630.1,3660.1,RM_C10681,ramp,FW_E,10681,,12,14,1680.0,897,55,0,0,0,0
3630.1,3660.1,RM_C10490,ramp,FW_E,10490,,21,2,240.0,701,0,0,0,0,0
3630.1,3660.1,RM_C10484,ramp,FW_E,10484,,23,1,120.0,466,9,0,0,0,0
3630.1,3660.1,OR_D_E_signal,offramp,FW_E,10481,18,,1,120.0,291,1,0,0,0,0
3630.1,3660.1,OR_D_E_direct,offramp,FW_E,10483,20,,11,1320.0,1002,6,0,0,0,0
3630.1,3660.1,OR_D_W_signal,offramp,FW_W,10491,9,,14,1680.0,908,8,0,0,0,0
3630.1,3660.1,OR_D_W_direct,offramp,FW_W,10479,7,,5,600.0,805,3,0,0,0,0
3630.1,3660.1,OR_F_E_signal,offramp,FW_E,10643,9,,3,360.0,543,40,0,0,0,0
3630.1,3660.1,OR_F_E_direct,offramp,FW_E,10682,11,,11,1320.0,1226,3,0,0,0,0
3630.1,3660.1,OR_F_W_signal,offramp,FW_W,10638,19,,9,1080.0,707,38,0,0,0,1
3630.1,3660.1,OR_F_W_direct,offramp,FW_W,10645,16,,10,1200.0,1103,0,0,0,0,0
3630.1,3660.1,source_1098,source,FW_E,,,0,61,7320.0,7578,,0,61,0,0
3630.1,3660.1,source_1099,source,FW_W,,,0,32,3840.0,4533,,0,32,0,0
3660.1,3690.1,RM_C10480,ramp,FW_W,10480,,8,0,0.0,169,0,0,0,0,0
3660.1,3690.1,RM_C10482,ramp,FW_W,10482,,10,24,2880.0,1984,27,0,0,0,0
3660.1,3690.1,RM_C10646,ramp,FW_W,10646,,18,3,360.0,320,1,0,0,0,1
3660.1,3690.1,RM_C10644,ramp,FW_W,10644,,22,6,720.0,485,7,0,0,0,0
3660.1,3690.1,RM_C10639,ramp,FW_E,10639,,10,2,240.0,444,4,0,0,0,0
3660.1,3690.1,RM_C10681,ramp,FW_E,10681,,12,9,1080.0,906,51,0,0,0,0
3660.1,3690.1,RM_C10490,ramp,FW_E,10490,,21,0,0.0,701,6,0,0,0,0
3660.1,3690.1,RM_C10484,ramp,FW_E,10484,,23,5,600.0,471,9,0,0,0,0
3660.1,3690.1,OR_D_E_signal,offramp,FW_E,10481,18,,4,480.0,295,3,0,0,0,0
3660.1,3690.1,OR_D_E_direct,offramp,FW_E,10483,20,,15,1800.0,1017,7,0,0,0,0
3660.1,3690.1,OR_D_W_signal,offramp,FW_W,10491,9,,1,120.0,909,8,0,0,0,0
3660.1,3690.1,OR_D_W_direct,offramp,FW_W,10479,7,,7,840.0,812,1,0,0,0,0
3660.1,3690.1,OR_F_E_signal,offramp,FW_E,10643,9,,3,360.0,546,39,0,0,0,0
3660.1,3690.1,OR_F_E_direct,offramp,FW_E,10682,11,,14,1680.0,1240,8,0,0,0,0
3660.1,3690.1,OR_F_W_signal,offramp,FW_W,10638,19,,6,720.0,713,40,0,0,0,1
3660.1,3690.1,OR_F_W_direct,offramp,FW_W,10645,16,,15,1800.0,1118,9,0,0,0,0
3660.1,3690.1,source_1098,source,FW_E,,,0,66,7920.0,7644,,0,66,0,0
3660.1,3690.1,source_1099,source,FW_W,,,0,44,5280.0,4577,,0,44,0,0
3690.1,3720.1,RM_C10480,ramp,FW_W,10480,,8,1,120.0,170,2,0,0,0,1
3690.1,3720.1,RM_C10482,ramp,FW_W,10482,,10,17,2040.0,2001,24,0,0,0,0
3690.1,3720.1,RM_C10646,ramp,FW_W,10646,,18,1,120.0,321,3,0,0,0,0
3690.1,3720.1,RM_C10644,ramp,FW_W,10644,,22,3,360.0,488,8,0,0,0,0
3690.1,3720.1,RM_C10639,ramp,FW_E,10639,,10,3,360.0,447,4,0,0,0,0
3690.1,3720.1,RM_C10681,ramp,FW_E,10681,,12,11,1320.0,917,53,0,0,0,0
3690.1,3720.1,RM_C10490,ramp,FW_E,10490,,21,7,840.0,708,8,0,0,0,0
3690.1,3720.1,RM_C10484,ramp,FW_E,10484,,23,7,840.0,478,5,0,0,0,0
3690.1,3720.1,OR_D_E_signal,offramp,FW_E,10481,18,,3,360.0,298,2,0,0,0,0
3690.1,3720.1,OR_D_E_direct,offramp,FW_E,10483,20,,9,1080.0,1026,6,0,0,0,0
3690.1,3720.1,OR_D_W_signal,offramp,FW_W,10491,9,,9,1080.0,918,10,0,0,0,1
3690.1,3720.1,OR_D_W_direct,offramp,FW_W,10479,7,,7,840.0,819,3,0,0,0,0
3690.1,3720.1,OR_F_E_signal,offramp,FW_E,10643,9,,4,480.0,550,37,0,0,0,0
3690.1,3720.1,OR_F_E_direct,offramp,FW_E,10682,11,,11,1320.0,1251,5,0,0,0,0
3690.1,3720.1,OR_F_W_signal,offramp,FW_W,10638,19,,2,240.0,715,40,0,0,0,0
3690.1,3720.1,OR_F_W_direct,offramp,FW_W,10645,16,,13,1560.0,1131,3,0,0,0,0
3690.1,3720.1,source_1098,source,FW_E,,,0,56,6720.0,7700,,0,56,0,0
3690.1,3720.1,source_1099,source,FW_W,,,0,32,3840.0,4609,,0,32,0,0
3720.1,3750.1,RM_C10480,ramp,FW_W,10480,,8,2,240.0,172,0,0,0,0,1
3720.1,3750.1,RM_C10482,ramp,FW_W,10482,,10,17,2040.0,2018,25,0,0,0,0
3720.1,3750.1,RM_C10646,ramp,FW_W,10646,,18,3,360.0,324,3,0,0,0,2
3720.1,3750.1,RM_C10644,ramp,FW_W,10644,,22,3,360.0,491,10,0,0,0,0
3720.1,3750.1,RM_C10639,ramp,FW_E,10639,,10,4,480.0,451,6,0,0,0,0
3720.1,3750.1,RM_C10681,ramp,FW_E,10681,,12,6,720.0,923,58,0,0,0,0
3720.1,3750.1,RM_C10490,ramp,FW_E,10490,,21,8,960.0,716,6,0,0,0,0
3720.1,3750.1,RM_C10484,ramp,FW_E,10484,,23,4,480.0,482,6,0,0,0,0
3720.1,3750.1,OR_D_E_signal,offramp,FW_E,10481,18,,4,480.0,302,5,0,0,0,0
3720.1,3750.1,OR_D_E_direct,offramp,FW_E,10483,20,,10,1200.0,1036,2,0,0,0,0
3720.1,3750.1,OR_D_W_signal,offramp,FW_W,10491,9,,11,1320.0,929,11,0,0,0,1
3720.1,3750.1,OR_D_W_direct,offramp,FW_W,10479,7,,5,600.0,824,3,0,0,0,0
3720.1,3750.1,OR_F_E_signal,offramp,FW_E,10643,9,,3,360.0,553,31,0,0,0,0
3720.1,3750.1,OR_F_E_direct,offramp,FW_E,10682,11,,5,600.0,1256,4,0,0,0,0
3720.1,3750.1,OR_F_W_signal,offramp,FW_W,10638,19,,6,720.0,721,43,0,0,0,2
3720.1,3750.1,OR_F_W_direct,offramp,FW_W,10645,16,,9,1080.0,1140,4,0,0,0,0
3720.1,3750.1,source_1098,source,FW_E,,,0,58,6960.0,7758,,0,58,0,0
3720.1,3750.1,source_1099,source,FW_W,,,0,32,3840.0,4641,,0,32,0,0
3750.1,3780.1,RM_C10480,ramp,FW_W,10480,,8,2,240.0,174,0,0,0,0,2
3750.1,3780.1,RM_C10482,ramp,FW_W,10482,,10,14,1680.0,2032,24,0,0,0,0
3750.1,3780.1,RM_C10646,ramp,FW_W,10646,,18,4,480.0,328,4,0,0,0,2
3750.1,3780.1,RM_C10644,ramp,FW_W,10644,,22,2,240.0,493,9,0,0,0,0
3750.1,3780.1,RM_C10639,ramp,FW_E,10639,,10,4,480.0,455,8,0,0,0,0
3750.1,3780.1,RM_C10681,ramp,FW_E,10681,,12,7,840.0,930,63,0,0,0,0
3750.1,3780.1,RM_C10490,ramp,FW_E,10490,,21,4,480.0,720,7,0,0,0,0
3750.1,3780.1,RM_C10484,ramp,FW_E,10484,,23,3,360.0,485,4,0,0,0,0
3750.1,3780.1,OR_D_E_signal,offramp,FW_E,10481,18,,2,240.0,304,6,0,0,0,0
3750.1,3780.1,OR_D_E_direct,offramp,FW_E,10483,20,,7,840.0,1043,6,0,0,0,0
3750.1,3780.1,OR_D_W_signal,offramp,FW_W,10491,9,,6,720.0,935,4,0,0,0,2
3750.1,3780.1,OR_D_W_direct,offramp,FW_W,10479,7,,11,1320.0,835,3,0,0,0,0
3750.1,3780.1,OR_F_E_signal,offramp,FW_E,10643,9,,8,960.0,561,34,0,0,0,0
3750.1,3780.1,OR_F_E_direct,offramp,FW_E,10682,11,,10,1200.0,1266,6,0,0,0,0
3750.1,3780.1,OR_F_W_signal,offramp,FW_W,10638,19,,12,1440.0,733,49,0,0,0,2
3750.1,3780.1,OR_F_W_direct,offramp,FW_W,10645,16,,9,1080.0,1149,4,0,0,0,0
3750.1,3780.1,source_1098,source,FW_E,,,0,65,7800.0,7823,,0,65,0,0
3750.1,3780.1,source_1099,source,FW_W,,,0,48,5760.0,4689,,0,48,0,0
3780.1,3810.1,RM_C10480,ramp,FW_W,10480,,8,1,120.0,175,0,0,0,0,0
3780.1,3810.1,RM_C10482,ramp,FW_W,10482,,10,18,2160.0,2050,24,0,0,0,0
3780.1,3810.1,RM_C10646,ramp,FW_W,10646,,18,5,600.0,333,0,0,0,0,2
3780.1,3810.1,RM_C10644,ramp,FW_W,10644,,22,4,480.0,497,7,0,0,0,0
3780.1,3810.1,RM_C10639,ramp,FW_E,10639,,10,7,840.0,462,5,0,0,0,0
3780.1,3810.1,RM_C10681,ramp,FW_E,10681,,12,15,1800.0,945,57,0,0,0,0
3780.1,3810.1,RM_C10490,ramp,FW_E,10490,,21,7,840.0,727,10,0,0,0,0
3780.1,3810.1,RM_C10484,ramp,FW_E,10484,,23,4,480.0,489,5,0,0,0,0
3780.1,3810.1,OR_D_E_signal,offramp,FW_E,10481,18,,2,240.0,306,2,0,0,0,0
3780.1,3810.1,OR_D_E_direct,offramp,FW_E,10483,20,,10,1200.0,1053,3,0,0,0,0
3780.1,3810.1,OR_D_W_signal,offramp,FW_W,10491,9,,7,840.0,942,3,0,0,0,0
3780.1,3810.1,OR_D_W_direct,offramp,FW_W,10479,7,,7,840.0,842,2,0,0,0,0
3780.1,3810.1,OR_F_E_signal,offramp,FW_E,10643,9,,5,600.0,566,34,0,0,0,0
3780.1,3810.1,OR_F_E_direct,offramp,FW_E,10682,11,,7,840.0,1273,4,0,0,0,0
3780.1,3810.1,OR_F_W_signal,offramp,FW_W,10638,19,,9,1080.0,742,48,0,0,0,2
3780.1,3810.1,OR_F_W_direct,offramp,FW_W,10645,16,,11,1320.0,1160,4,0,0,0,0
3780.1,3810.1,source_1098,source,FW_E,,,0,63,7560.0,7886,,0,63,0,0
3780.1,3810.1,source_1099,source,FW_W,,,0,30,3600.0,4719,,0,30,0,0
3810.1,3840.1,RM_C10480,ramp,FW_W,10480,,8,0,0.0,175,0,0,0,0,0
3810.1,3840.1,RM_C10482,ramp,FW_W,10482,,10,17,2040.0,2067,27,0,0,0,0
3810.1,3840.1,RM_C10646,ramp,FW_W,10646,,18,0,0.0,333,1,0,0,0,0
3810.1,3840.1,RM_C10644,ramp,FW_W,10644,,22,5,600.0,502,2,0,0,0,0
3810.1,3840.1,RM_C10639,ramp,FW_E,10639,,10,5,600.0,467,5,0,0,0,0
3810.1,3840.1,RM_C10681,ramp,FW_E,10681,,12,11,1320.0,956,52,0,0,0,0
3810.1,3840.1,RM_C10490,ramp,FW_E,10490,,21,8,960.0,735,5,0,0,0,0
3810.1,3840.1,RM_C10484,ramp,FW_E,10484,,23,2,240.0,491,8,0,0,0,0
3810.1,3840.1,OR_D_E_signal,offramp,FW_E,10481,18,,0,0.0,306,0,0,0,0,0
3810.1,3840.1,OR_D_E_direct,offramp,FW_E,10483,20,,11,1320.0,1064,3,0,0,0,0
3810.1,3840.1,OR_D_W_signal,offramp,FW_W,10491,9,,7,840.0,949,3,0,0,0,0
3810.1,3840.1,OR_D_W_direct,offramp,FW_W,10479,7,,9,1080.0,851,3,0,0,0,0
3810.1,3840.1,OR_F_E_signal,offramp,FW_E,10643,9,,2,240.0,568,32,0,0,0,0
3810.1,3840.1,OR_F_E_direct,offramp,FW_E,10682,11,,7,840.0,1280,2,0,0,0,0
3810.1,3840.1,OR_F_W_signal,offramp,FW_W,10638,19,,3,360.0,745,43,0,0,0,0
3810.1,3840.1,OR_F_W_direct,offramp,FW_W,10645,16,,8,960.0,1168,6,0,0,0,0
3810.1,3840.1,source_1098,source,FW_E,,,0,64,7680.0,7950,,0,64,0,0
3810.1,3840.1,source_1099,source,FW_W,,,0,38,4560.0,4757,,0,38,0,0
3840.1,3870.1,RM_C10480,ramp,FW_W,10480,,8,0,0.0,175,0,0,0,0,0
3840.1,3870.1,RM_C10482,ramp,FW_W,10482,,10,18,2160.0,2085,32,0,0,0,0
3840.1,3870.1,RM_C10646,ramp,FW_W,10646,,18,1,120.0,334,4,0,0,0,0
3840.1,3870.1,RM_C10644,ramp,FW_W,10644,,22,2,240.0,504,1,0,0,0,0
3840.1,3870.1,RM_C10639,ramp,FW_E,10639,,10,5,600.0,472,1,0,0,0,0
3840.1,3870.1,RM_C10681,ramp,FW_E,10681,,12,8,960.0,964,57,0,0,0,0
3840.1,3870.1,RM_C10490,ramp,FW_E,10490,,21,4,480.0,739,7,0,0,0,0
3840.1,3870.1,RM_C10484,ramp,FW_E,10484,,23,6,720.0,497,9,0,0,0,0
3840.1,3870.1,OR_D_E_signal,offramp,FW_E,10481,18,,4,480.0,310,4,0,0,0,0
3840.1,3870.1,OR_D_E_direct,offramp,FW_E,10483,20,,5,600.0,1069,5,0,0,0,0
3840.1,3870.1,OR_D_W_signal,offramp,FW_W,10491,9,,5,600.0,954,4,0,0,0,0
3840.1,3870.1,OR_D_W_direct,offramp,FW_W,10479,7,,7,840.0,858,2,0,0,0,0
3840.1,3870.1,OR_F_E_signal,offramp,FW_E,10643,9,,6,720.0,574,34,0,0,0,0
3840.1,3870.1,OR_F_E_direct,offramp,FW_E,10682,11,,14,1680.0,1294,9,0,0,0,0
3840.1,3870.1,OR_F_W_signal,offramp,FW_W,10638,19,,4,480.0,749,37,0,0,0,0
3840.1,3870.1,OR_F_W_direct,offramp,FW_W,10645,16,,7,840.0,1175,3,0,0,0,0
3840.1,3870.1,source_1098,source,FW_E,,,0,61,7320.0,8011,,0,61,0,0
3840.1,3870.1,source_1099,source,FW_W,,,0,26,3120.0,4783,,0,26,0,0
3870.1,3900.1,RM_C10480,ramp,FW_W,10480,,8,0,0.0,175,0,0,0,0,0
3870.1,3900.1,RM_C10482,ramp,FW_W,10482,,10,23,2760.0,2108,34,0,0,0,0
3870.1,3900.1,RM_C10646,ramp,FW_W,10646,,18,4,480.0,338,2,0,0,0,3
3870.1,3900.1,RM_C10644,ramp,FW_W,10644,,22,0,0.0,504,5,0,0,0,0
3870.1,3900.1,RM_C10639,ramp,FW_E,10639,,10,1,120.0,473,1,0,0,0,0
3870.1,3900.1,RM_C10681,ramp,FW_E,10681,,12,6,720.0,970,62,0,0,0,0
3870.1,3900.1,RM_C10490,ramp,FW_E,10490,,21,7,840.0,746,3,0,0,0,0
3870.1,3900.1,RM_C10484,ramp,FW_E,10484,,23,2,240.0,499,13,0,0,0,0
3870.1,3900.1,OR_D_E_signal,offramp,FW_E,10481,18,,3,360.0,313,5,0,0,0,0
3870.1,3900.1,OR_D_E_direct,offramp,FW_E,10483,20,,11,1320.0,1080,5,0,0,0,0
3870.1,3900.1,OR_D_W_signal,offramp,FW_W,10491,9,,7,840.0,961,3,0,0,0,0
3870.1,3900.1,OR_D_W_direct,offramp,FW_W,10479,7,,3,360.0,861,0,0,0,0,0
3870.1,3900.1,OR_F_E_signal,offramp,FW_E,10643,9,,1,120.0,575,30,0,0,0,0
3870.1,3900.1,OR_F_E_direct,offramp,FW_E,10682,11,,9,1080.0,1303,4,0,0,0,0
3870.1,3900.1,OR_F_W_signal,offramp,FW_W,10638,19,,9,1080.0,758,43,0,0,0,3
3870.1,3900.1,OR_F_W_direct,offramp,FW_W,10645,16,,8,960.0,1183,2,0,0,0,0
3870.1,3900.1,source_1098,source,FW_E,,,0,66,7920.0,8077,,0,66,0,0
3870.1,3900.1,source_1099,source,FW_W,,,0,46,5520.0,4829,,0,46,0,0
3900.1,3930.1,RM_C10480,ramp,FW_W,10480,,8,0,0.0,175,2,0,0,0,0
3900.1,3930.1,RM_C10482,ramp,FW_W,10482,,10,25,3000.0,2133,21,0,0,0,0
3900.1,3930.1,RM_C10646,ramp,FW_W,10646,,18,2,240.0,340,3,0,0,0,1
3900.1,3930.1,RM_C10644,ramp,FW_W,10644,,22,1,120.0,505,4,0,0,0,0
3900.1,3930.1,RM_C10639,ramp,FW_E,10639,,10,1,120.0,474,1,0,0,0,0
3900.1,3930.1,RM_C10681,ramp,FW_E,10681,,12,9,1080.0,979,58,0,0,0,0
3900.1,3930.1,RM_C10490,ramp,FW_E,10490,,21,2,240.0,748,6,0,0,0,0
3900.1,3930.1,RM_C10484,ramp,FW_E,10484,,23,7,840.0,506,8,0,0,0,0
3900.1,3930.1,OR_D_E_signal,offramp,FW_E,10481,18,,6,720.0,319,11,0,0,0,0
3900.1,3930.1,OR_D_E_direct,offramp,FW_E,10483,20,,6,720.0,1086,0,0,0,0,0
3900.1,3930.1,OR_D_W_signal,offramp,FW_W,10491,9,,7,840.0,968,0,0,0,0,0
3900.1,3930.1,OR_D_W_direct,offramp,FW_W,10479,7,,3,360.0,864,0,0,0,0,0
3900.1,3930.1,OR_F_E_signal,offramp,FW_E,10643,9,,4,480.0,579,29,0,0,0,0
3900.1,3930.1,OR_F_E_direct,offramp,FW_E,10682,11,,4,480.0,1307,1,0,0,0,0
3900.1,3930.1,OR_F_W_signal,offramp,FW_W,10638,19,,4,480.0,762,41,0,0,0,1
3900.1,3930.1,OR_F_W_direct,offramp,FW_W,10645,16,,15,1800.0,1198,2,0,0,0,0
3900.1,3930.1,source_1098,source,FW_E,,,0,57,6840.0,8134,,0,57,0,0
3900.1,3930.1,source_1099,source,FW_W,,,0,22,2640.0,4851,,0,22,0,0
3930.1,3960.1,RM_C10480,ramp,FW_W,10480,,8,2,240.0,177,0,0,0,0,2
3930.1,3960.1,RM_C10482,ramp,FW_W,10482,,10,15,1800.0,2148,23,0,0,0,0
3930.1,3960.1,RM_C10646,ramp,FW_W,10646,,18,3,360.0,343,0,0,0,0,3
3930.1,3960.1,RM_C10644,ramp,FW_W,10644,,22,0,0.0,505,6,0,0,0,0
3930.1,3960.1,RM_C10639,ramp,FW_E,10639,,10,1,120.0,475,4,0,0,0,0
3930.1,3960.1,RM_C10681,ramp,FW_E,10681,,12,11,1320.0,990,48,0,0,0,0
3930.1,3960.1,RM_C10490,ramp,FW_E,10490,,21,6,720.0,754,0,0,0,0,0
3930.1,3960.1,RM_C10484,ramp,FW_E,10484,,23,5,600.0,511,10,0,0,0,0
3930.1,3960.1,OR_D_E_signal,offramp,FW_E,10481,18,,1,120.0,320,6,0,0,0,0
3930.1,3960.1,OR_D_E_direct,offramp,FW_E,10483,20,,3,360.0,1089,3,0,0,0,0
3930.1,3960.1,OR_D_W_signal,offramp,FW_W,10491,9,,8,960.0,976,6,0,0,0,2
3930.1,3960.1,OR_D_W_direct,offramp,FW_W,10479,7,,8,960.0,872,1,0,0,0,0
3930.1,3960.1,OR_F_E_signal,offramp,FW_E,10643,9,,6,720.0,585,32,0,0,0,0
3930.1,3960.1,OR_F_E_direct,offramp,FW_E,10682,11,,10,1200.0,1317,0,0,0,0,0
3930.1,3960.1,OR_F_W_signal,offramp,FW_W,10638,19,,10,1200.0,772,46,0,0,0,3
3930.1,3960.1,OR_F_W_direct,offramp,FW_W,10645,16,,17,2040.0,1215,6,0,0,0,0
3930.1,3960.1,source_1098,source,FW_E,,,0,53,6360.0,8187,,0,53,0,0
3930.1,3960.1,source_1099,source,FW_W,,,0,41,4920.0,4892,,0,41,0,0
3960.1,3990.1,RM_C10480,ramp,FW_W,10480,,8,0,0.0,177,0,0,0,0,0
3960.1,3990.1,RM_C10482,ramp,FW_W,10482,,10,12,1440.0,2160,26,0,0,0,0
3960.1,3990.1,RM_C10646,ramp,FW_W,10646,,18,0,0.0,343,0,0,0,0,0
3960.1,3990.1,RM_C10644,ramp,FW_W,10644,,22,2,240.0,507,7,0,0,0,0
3960.1,3990.1,RM_C10639,ramp,FW_E,10639,,10,2,240.0,477,6,0,0,0,0
3960.1,3990.1,RM_C10681,ramp,FW_E,10681,,12,7,840.0,997,49,0,0,0,0
3960.1,3990.1,RM_C10490,ramp,FW_E,10490,,21,0,0.0,754,1,0,0,0,0
3960.1,3990.1,RM_C10484,ramp,FW_E,10484,,23,6,720.0,517,7,0,0,0,0
3960.1,3990.1,OR_D_E_signal,offramp,FW_E,10481,18,,3,360.0,323,3,0,0,0,0
3960.1,3990.1,OR_D_E_direct,offramp,FW_E,10483,20,,15,1800.0,1104,9,0,0,0,0
3960.1,3990.1,OR_D_W_signal,offramp,FW_W,10491,9,,9,1080.0,985,15,0,0,0,0
3960.1,3990.1,OR_D_W_direct,offramp,FW_W,10479,7,,10,1200.0,882,2,0,0,0,0
3960.1,3990.1,OR_F_E_signal,offramp,FW_E,10643,9,,6,720.0,591,35,0,0,0,0
3960.1,3990.1,OR_F_E_direct,offramp,FW_E,10682,11,,14,1680.0,1331,3,0,0,0,0
3960.1,3990.1,OR_F_W_signal,offramp,FW_W,10638,19,,2,240.0,774,39,0,0,0,0
3960.1,3990.1,OR_F_W_direct,offramp,FW_W,10645,16,,14,1680.0,1229,5,0,0,0,0
3960.1,3990.1,source_1098,source,FW_E,,,0,61,7320.0,8248,,0,61,0,0
3960.1,3990.1,source_1099,source,FW_W,,,0,29,3480.0,4921,,0,29,0,0
3990.1,4020.1,RM_C10480,ramp,FW_W,10480,,8,0,0.0,177,0,0,0,0,0
3990.1,4020.1,RM_C10482,ramp,FW_W,10482,,10,20,2400.0,2180,30,0,0,0,0
3990.1,4020.1,RM_C10646,ramp,FW_W,10646,,18,0,0.0,343,1,0,0,0,0
3990.1,4020.1,RM_C10644,ramp,FW_W,10644,,22,2,240.0,509,5,0,0,0,0
3990.1,4020.1,RM_C10639,ramp,FW_E,10639,,10,6,720.0,483,0,0,0,0,0
3990.1,4020.1,RM_C10681,ramp,FW_E,10681,,12,7,840.0,1004,55,0,0,0,0
3990.1,4020.1,RM_C10490,ramp,FW_E,10490,,21,1,120.0,755,9,0,0,0,0
3990.1,4020.1,RM_C10484,ramp,FW_E,10484,,23,5,600.0,522,6,0,0,0,0
3990.1,4020.1,OR_D_E_signal,offramp,FW_E,10481,18,,1,120.0,324,1,0,0,0,0
3990.1,4020.1,OR_D_E_direct,offramp,FW_E,10483,20,,11,1320.0,1115,7,0,0,0,0
3990.1,4020.1,OR_D_W_signal,offramp,FW_W,10491,9,,10,1200.0,995,22,0,0,0,0
3990.1,4020.1,OR_D_W_direct,offramp,FW_W,10479,7,,6,720.0,888,1,0,0,0,0
3990.1,4020.1,OR_F_E_signal,offramp,FW_E,10643,9,,8,960.0,599,37,0,0,0,0
3990.1,4020.1,OR_F_E_direct,offramp,FW_E,10682,11,,8,960.0,1339,2,0,0,0,0
3990.1,4020.1,OR_F_W_signal,offramp,FW_W,10638,19,,4,480.0,778,39,0,0,0,0
3990.1,4020.1,OR_F_W_direct,offramp,FW_W,10645,16,,9,1080.0,1238,2,0,0,0,0
3990.1,4020.1,source_1098,source,FW_E,,,0,57,6840.0,8305,,0,57,0,0
3990.1,4020.1,source_1099,source,FW_W,,,0,56,6720.0,4977,,0,56,0,0
4020.1,4050.1,RM_C10480,ramp,FW_W,10480,,8,0,0.0,177,0,0,0,0,0
4020.1,4050.1,RM_C10482,ramp,FW_W,10482,,10,15,1800.0,2195,36,0,0,0,0
4020.1,4050.1,RM_C10646,ramp,FW_W,10646,,18,1,120.0,344,4,0,0,0,1
4020.1,4050.1,RM_C10644,ramp,FW_W,10644,,22,2,240.0,511,5,0,0,0,0
4020.1,4050.1,RM_C10639,ramp,FW_E,10639,,10,0,0.0,483,2,0,0,0,0
4020.1,4050.1,RM_C10681,ramp,FW_E,10681,,12,5,600.0,1009,56,0,0,0,0
4020.1,4050.1,RM_C10490,ramp,FW_E,10490,,21,6,720.0,761,4,0,0,0,0
4020.1,4050.1,RM_C10484,ramp,FW_E,10484,,23,5,600.0,527,7,0,0,0,0
4020.1,4050.1,OR_D_E_signal,offramp,FW_E,10481,18,,2,240.0,326,1,0,0,0,0
4020.1,4050.1,OR_D_E_direct,offramp,FW_E,10483,20,,5,600.0,1120,5,0,0,0,0
4020.1,4050.1,OR_D_W_signal,offramp,FW_W,10491,9,,3,360.0,998,20,0,0,0,0
4020.1,4050.1,OR_D_W_direct,offramp,FW_W,10479,7,,5,600.0,893,1,0,0,0,0
4020.1,4050.1,OR_F_E_signal,offramp,FW_E,10643,9,,6,720.0,605,37,0,0,0,0
4020.1,4050.1,OR_F_E_direct,offramp,FW_E,10682,11,,6,720.0,1345,2,0,0,0,0
4020.1,4050.1,OR_F_W_signal,offramp,FW_W,10638,19,,4,480.0,782,38,0,0,0,1
4020.1,4050.1,OR_F_W_direct,offramp,FW_W,10645,16,,6,720.0,1244,4,0,0,0,0
4020.1,4050.1,source_1098,source,FW_E,,,0,61,7320.0,8366,,0,61,0,0
4020.1,4050.1,source_1099,source,FW_W,,,0,29,3480.0,5006,,0,29,0,0
4050.1,4080.1,RM_C10480,ramp,FW_W,10480,,8,1,120.0,178,1,0,0,0,0
4050.1,4080.1,RM_C10482,ramp,FW_W,10482,,10,24,2880.0,2219,33,0,0,0,0
4050.1,4080.1,RM_C10646,ramp,FW_W,10646,,18,4,480.0,348,2,0,0,0,2
4050.1,4080.1,RM_C10644,ramp,FW_W,10644,,22,3,360.0,514,7,0,0,0,0
4050.1,4080.1,RM_C10639,ramp,FW_E,10639,,10,0,0.0,483,6,0,0,0,0
4050.1,4080.1,RM_C10681,ramp,FW_E,10681,,12,10,1200.0,1019,52,0,0,0,0
4050.1,4080.1,RM_C10490,ramp,FW_E,10490,,21,4,480.0,765,0,0,0,0,0
4050.1,4080.1,RM_C10484,ramp,FW_E,10484,,23,6,720.0,533,3,0,0,0,0
4050.1,4080.1,OR_D_E_signal,offramp,FW_E,10481,18,,4,480.0,330,4,0,0,0,0
4050.1,4080.1,OR_D_E_direct,offramp,FW_E,10483,20,,8,960.0,1128,4,0,0,0,0
4050.1,4080.1,OR_D_W_signal,offramp,FW_W,10491,9,,7,840.0,1005,26,0,0,0,0
4050.1,4080.1,OR_D_W_direct,offramp,FW_W,10479,7,,6,720.0,899,1,0,0,0,0
4050.1,4080.1,OR_F_E_signal,offramp,FW_E,10643,9,,0,0.0,605,28,0,0,0,0
4050.1,4080.1,OR_F_E_direct,offramp,FW_E,10682,11,,15,1800.0,1360,2,0,0,0,0
4050.1,4080.1,OR_F_W_signal,offramp,FW_W,10638,19,,6,720.0,788,38,0,0,0,2
4050.1,4080.1,OR_F_W_direct,offramp,FW_W,10645,16,,8,960.0,1252,2,0,0,0,0
4050.1,4080.1,source_1098,source,FW_E,,,0,63,7560.0,8429,,0,63,0,0
4050.1,4080.1,source_1099,source,FW_W,,,0,26,3120.0,5032,,0,26,0,0
4080.1000000000004,4110.1,RM_C10480,ramp,FW_W,10480,,8,1,120.0,179,0,0,0,0,1
4080.1000000000004,4110.1,RM_C10482,ramp,FW_W,10482,,10,27,3240.0,2246,22,0,0,0,0
4080.1000000000004,4110.1,RM_C10646,ramp,FW_W,10646,,18,2,240.0,350,1,0,0,0,0
4080.1000000000004,4110.1,RM_C10644,ramp,FW_W,10644,,22,0,0.0,514,10,0,0,0,0
4080.1000000000004,4110.1,RM_C10639,ramp,FW_E,10639,,10,6,720.0,489,4,0,0,0,0
4080.1000000000004,4110.1,RM_C10681,ramp,FW_E,10681,,12,6,720.0,1025,46,0,0,0,0
4080.1000000000004,4110.1,RM_C10490,ramp,FW_E,10490,,21,0,0.0,765,10,0,0,0,0
4080.1000000000004,4110.1,RM_C10484,ramp,FW_E,10484,,23,3,360.0,536,3,0,0,0,0
4080.1000000000004,4110.1,OR_D_E_signal,offramp,FW_E,10481,18,,0,0.0,330,0,0,0,0,0
4080.1000000000004,4110.1,OR_D_E_direct,offramp,FW_E,10483,20,,11,1320.0,1139,7,0,0,0,0
4080.1000000000004,4110.1,OR_D_W_signal,offramp,FW_W,10491,9,,4,480.0,1009,28,0,0,0,1
4080.1000000000004,4110.1,OR_D_W_direct,offramp,FW_W,10479,7,,10,1200.0,909,4,0,0,0,0
4080.1000000000004,4110.1,OR_F_E_signal,offramp,FW_E,10643,9,,5,600.0,610,32,0,0,0,0
4080.1000000000004,4110.1,OR_F_E_direct,offramp,FW_E,10682,11,,11,1320.0,1371,7,0,0,0,0
4080.1000000000004,4110.1,OR_F_W_signal,offramp,FW_W,10638,19,,4,480.0,792,32,0,0,0,0
4080.1000000000004,4110.1,OR_F_W_direct,offramp,FW_W,10645,16,,8,960.0,1260,0,0,0,0,0
4080.1000000000004,4110.1,source_1098,source,FW_E,,,0,59,7080.0,8488,,0,59,0,0
4080.1000000000004,4110.1,source_1099,source,FW_W,,,0,39,4680.0,5071,,0,39,0,0
4110.1,4140.1,RM_C10480,ramp,FW_W,10480,,8,1,120.0,180,0,0,0,0,0
4110.1,4140.1,RM_C10482,ramp,FW_W,10482,,10,16,1920.0,2262,21,0,0,0,0
4110.1,4140.1,RM_C10646,ramp,FW_W,10646,,18,1,120.0,351,1,0,0,0,1
4110.1,4140.1,RM_C10644,ramp,FW_W,10644,,22,4,480.0,518,9,0,0,0,0
4110.1,4140.1,RM_C10639,ramp,FW_E,10639,,10,1,120.0,490,6,0,0,0,0
4110.1,4140.1,RM_C10681,ramp,FW_E,10681,,12,7,840.0,1032,49,0,0,0,0
4110.1,4140.1,RM_C10490,ramp,FW_E,10490,,21,11,1320.0,776,4,0,0,0,0
4110.1,4140.1,RM_C10484,ramp,FW_E,10484,,23,1,120.0,537,6,0,0,0,0
4110.1,4140.1,OR_D_E_signal,offramp,FW_E,10481,18,,5,600.0,335,3,0,0,0,0
4110.1,4140.1,OR_D_E_direct,offramp,FW_E,10483,20,,9,1080.0,1148,0,0,0,0,0
4110.1,4140.1,OR_D_W_signal,offramp,FW_W,10491,9,,5,600.0,1014,29,0,0,0,0
4110.1,4140.1,OR_D_W_direct,offramp,FW_W,10479,7,,11,1320.0,920,3,0,0,0,0
4110.1,4140.1,OR_F_E_signal,offramp,FW_E,10643,9,,4,480.0,614,34,0,0,0,0
4110.1,4140.1,OR_F_E_direct,offramp,FW_E,10682,11,,12,1440.0,1383,4,0,0,0,0
4110.1,4140.1,OR_F_W_signal,offramp,FW_W,10638,19,,5,600.0,797,27,0,0,0,1
4110.1,4140.1,OR_F_W_direct,offramp,FW_W,10645,16,,7,840.0,1267,6,0,0,0,0
4110.1,4140.1,source_1098,source,FW_E,,,0,48,5760.0,8536,,0,48,0,0
4110.1,4140.1,source_1099,source,FW_W,,,0,23,2760.0,5094,,0,23,0,0
4140.1,4170.1,RM_C10480,ramp,FW_W,10480,,8,0,0.0,180,0,0,0,0,0
4140.1,4170.1,RM_C10482,ramp,FW_W,10482,,10,11,1320.0,2273,27,0,0,0,0
4140.1,4170.1,RM_C10646,ramp,FW_W,10646,,18,0,0.0,351,3,0,0,0,0
4140.1,4170.1,RM_C10644,ramp,FW_W,10644,,22,3,360.0,521,10,0,0,0,0
4140.1,4170.1,RM_C10639,ramp,FW_E,10639,,10,6,720.0,496,0,0,0,0,0
4140.1,4170.1,RM_C10681,ramp,FW_E,10681,,12,9,1080.0,1041,54,0,0,0,0
4140.1,4170.1,RM_C10490,ramp,FW_E,10490,,21,3,360.0,779,10,0,0,0,0
4140.1,4170.1,RM_C10484,ramp,FW_E,10484,,23,5,600.0,542,3,0,0,0,0
4140.1,4170.1,OR_D_E_signal,offramp,FW_E,10481,18,,1,120.0,336,2,0,0,0,0
4140.1,4170.1,OR_D_E_direct,offramp,FW_E,10483,20,,8,960.0,1156,8,0,0,0,0
4140.1,4170.1,OR_D_W_signal,offramp,FW_W,10491,9,,4,480.0,1018,27,0,0,0,0
4140.1,4170.1,OR_D_W_direct,offramp,FW_W,10479,7,,5,600.0,925,0,0,0,0,0
4140.1,4170.1,OR_F_E_signal,offramp,FW_E,10643,9,,3,360.0,617,33,0,0,0,0
4140.1,4170.1,OR_F_E_direct,offramp,FW_E,10682,11,,6,720.0,1389,4,0,0,0,0
4140.1,4170.1,OR_F_W_signal,offramp,FW_W,10638,19,,4,480.0,801,26,0,0,0,0
4140.1,4170.1,OR_F_W_direct,offramp,FW_W,10645,16,,11,1320.0,1278,10,0,0,0,0
4140.1,4170.1,source_1098,source,FW_E,,,0,58,6960.0,8594,,0,58,0,0
4140.1,4170.1,source_1099,source,FW_W,,,0,42,5040.0,5136,,0,42,0,0
4170.1,4200.1,RM_C10480,ramp,FW_W,10480,,8,0,0.0,180,3,0,0,0,0
4170.1,4200.1,RM_C10482,ramp,FW_W,10482,,10,16,1920.0,2289,35,0,0,0,0
4170.1,4200.1,RM_C10646,ramp,FW_W,10646,,18,3,360.0,354,3,0,0,0,1
4170.1,4200.1,RM_C10644,ramp,FW_W,10644,,22,3,360.0,524,9,0,0,0,0
4170.1,4200.1,RM_C10639,ramp,FW_E,10639,,10,0,0.0,496,2,0,0,0,0
4170.1,4200.1,RM_C10681,ramp,FW_E,10681,,12,10,1200.0,1051,57,0,0,0,0
4170.1,4200.1,RM_C10490,ramp,FW_E,10490,,21,10,1200.0,789,9,0,0,0,0
4170.1,4200.1,RM_C10484,ramp,FW_E,10484,,23,2,240.0,544,7,0,0,0,0
4170.1,4200.1,OR_D_E_signal,offramp,FW_E,10481,18,,2,240.0,338,3,0,0,0,0
4170.1,4200.1,OR_D_E_direct,offramp,FW_E,10483,20,,9,1080.0,1165,5,0,0,0,0
4170.1,4200.1,OR_D_W_signal,offramp,FW_W,10491,9,,2,240.0,1020,23,0,0,0,0
4170.1,4200.1,OR_D_W_direct,offramp,FW_W,10479,7,,10,1200.0,935,4,0,0,0,0
4170.1,4200.1,OR_F_E_signal,offramp,FW_E,10643,9,,3,360.0,620,34,0,0,0,0
4170.1,4200.1,OR_F_E_direct,offramp,FW_E,10682,11,,13,1560.0,1402,3,0,0,0,0
4170.1,4200.1,OR_F_W_signal,offramp,FW_W,10638,19,,6,720.0,807,27,0,0,0,1
4170.1,4200.1,OR_F_W_direct,offramp,FW_W,10645,16,,19,2280.0,1297,8,0,0,0,0
4170.1,4200.1,source_1098,source,FW_E,,,0,70,8400.0,8664,,0,70,0,0
4170.1,4200.1,source_1099,source,FW_W,,,0,26,3120.0,5162,,0,26,0,0
4200.1,4230.1,RM_C10480,ramp,FW_W,10480,,8,3,360.0,183,2,0,0,0,0
4200.1,4230.1,RM_C10482,ramp,FW_W,10482,,10,20,2400.0,2309,31,0,0,0,0
4200.1,4230.1,RM_C10646,ramp,FW_W,10646,,18,4,480.0,358,1,0,0,0,2
4200.1,4230.1,RM_C10644,ramp,FW_W,10644,,22,1,120.0,525,10,0,0,0,0
4200.1,4230.1,RM_C10639,ramp,FW_E,10639,,10,1,120.0,497,4,0,0,0,0
4200.1,4230.1,RM_C10681,ramp,FW_E,10681,,12,6,720.0,1057,61,0,0,0,0
4200.1,4230.1,RM_C10490,ramp,FW_E,10490,,21,9,1080.0,798,2,0,0,0,0
4200.1,4230.1,RM_C10484,ramp,FW_E,10484,,23,7,840.0,551,3,0,0,0,0
4200.1,4230.1,OR_D_E_signal,offramp,FW_E,10481,18,,5,600.0,343,4,0,0,0,0
4200.1,4230.1,OR_D_E_direct,offramp,FW_E,10483,20,,14,1680.0,1179,7,0,0,0,0
4200.1,4230.1,OR_D_W_signal,offramp,FW_W,10491,9,,8,960.0,1028,26,0,0,0,0
4200.1,4230.1,OR_D_W_direct,offramp,FW_W,10479,7,,7,840.0,942,2,0,0,0,0
4200.1,4230.1,OR_F_E_signal,offramp,FW_E,10643,9,,5,600.0,625,36,0,0,0,0
4200.1,4230.1,OR_F_E_direct,offramp,FW_E,10682,11,,14,1680.0,1416,1,0,0,0,0
4200.1,4230.1,OR_F_W_signal,offramp,FW_W,10638,19,,5,600.0,812,25,0,0,0,2
4200.1,4230.1,OR_F_W_direct,offramp,FW_W,10645,16,,9,1080.0,1306,5,0,0,0,0
4200.1,4230.1,source_1098,source,FW_E,,,0,55,6600.0,8719,,0,55,0,0
4200.1,4230.1,source_1099,source,FW_W,,,0,46,5520.0,5208,,0,46,0,0
4230.1,4260.1,RM_C10480,ramp,FW_W,10480,,8,2,240.0,185,0,0,0,0,0
4230.1,4260.1,RM_C10482,ramp,FW_W,10482,,10,27,3240.0,2336,26,0,0,0,0
4230.1,4260.1,RM_C10646,ramp,FW_W,10646,,18,1,120.0,359,0,0,0,0,1
4230.1,4260.1,RM_C10644,ramp,FW_W,10644,,22,5,600.0,530,6,0,0,0,0
4230.1,4260.1,RM_C10639,ramp,FW_E,10639,,10,4,480.0,501,3,0,0,0,0
4230.1,4260.1,RM_C10681,ramp,FW_E,10681,,12,13,1560.0,1070,53,0,0,0,0
4230.1,4260.1,RM_C10490,ramp,FW_E,10490,,21,2,240.0,800,0,0,0,0,0
4230.1,4260.1,RM_C10484,ramp,FW_E,10484,,23,2,240.0,553,9,0,0,0,0
4230.1,4260.1,OR_D_E_signal,offramp,FW_E,10481,18,,3,360.0,346,2,0,0,0,0
4230.1,4260.1,OR_D_E_direct,offramp,FW_E,10483,20,,0,0.0,1179,0,0,0,0,0
4230.1,4260.1,OR_D_W_signal,offramp,FW_W,10491,9,,5,600.0,1033,30,0,0,0,0
4230.1,4260.1,OR_D_W_direct,offramp,FW_W,10479,7,,6,720.0,948,3,0,0,0,0
4230.1,4260.1,OR_F_E_signal,offramp,FW_E,10643,9,,3,360.0,628,34,0,0,0,0
4230.1,4260.1,OR_F_E_direct,offramp,FW_E,10682,11,,4,480.0,1420,0,0,0,0,0
4230.1,4260.1,OR_F_W_signal,offramp,FW_W,10638,19,,3,360.0,815,22,0,0,0,1
4230.1,4260.1,OR_F_W_direct,offramp,FW_W,10645,16,,8,960.0,1314,0,0,0,0,0
4230.1,4260.1,source_1098,source,FW_E,,,0,63,7560.0,8782,,0,63,0,0
4230.1,4260.1,source_1099,source,FW_W,,,0,27,3240.0,5235,,0,27,0,0
4260.1,4290.1,RM_C10480,ramp,FW_W,10480,,8,0,0.0,185,0,0,0,0,0
4260.1,4290.1,RM_C10482,ramp,FW_W,10482,,10,15,1800.0,2351,25,0,0,0,0
4260.1,4290.1,RM_C10646,ramp,FW_W,10646,,18,0,0.0,359,0,0,0,0,0
4260.1,4290.1,RM_C10644,ramp,FW_W,10644,,22,3,360.0,533,6,0,0,0,0
4260.1,4290.1,RM_C10639,ramp,FW_E,10639,,10,3,360.0,504,3,0,0,0,0
4260.1,4290.1,RM_C10681,ramp,FW_E,10681,,12,15,1800.0,1085,44,0,0,0,0
4260.1,4290.1,RM_C10490,ramp,FW_E,10490,,21,0,0.0,800,6,0,0,0,0
4260.1,4290.1,RM_C10484,ramp,FW_E,10484,,23,7,840.0,560,3,0,0,0,0
4260.1,4290.1,OR_D_E_signal,offramp,FW_E,10481,18,,5,600.0,351,5,0,0,0,0
4260.1,4290.1,OR_D_E_direct,offramp,FW_E,10483,20,,11,1320.0,1190,9,0,0,0,0
4260.1,4290.1,OR_D_W_signal,offramp,FW_W,10491,9,,4,480.0,1037,31,0,0,0,0
4260.1,4290.1,OR_D_W_direct,offramp,FW_W,10479,7,,8,960.0,956,3,0,0,0,0
4260.1,4290.1,OR_F_E_signal,offramp,FW_E,10643,9,,7,840.0,635,40,0,0,0,0
4260.1,4290.1,OR_F_E_direct,offramp,FW_E,10682,11,,7,840.0,1427,5,0,0,0,0
4260.1,4290.1,OR_F_W_signal,offramp,FW_W,10638,19,,2,240.0,817,20,0,0,0,0
4260.1,4290.1,OR_F_W_direct,offramp,FW_W,10645,16,,0,0.0,1314,0,0,0,0,0
4260.1,4290.1,source_1098,source,FW_E,,,0,66,7920.0,8848,,0,66,0,0
4260.1,4290.1,source_1099,source,FW_W,,,0,31,3720.0,5266,,0,31,0,0
4290.1,4320.1,RM_C10480,ramp,FW_W,10480,,8,0,0.0,185,3,0,0,0,0
4290.1,4320.1,RM_C10482,ramp,FW_W,10482,,10,18,2160.0,2369,28,0,0,0,0
4290.1,4320.1,RM_C10646,ramp,FW_W,10646,,18,0,0.0,359,5,0,0,0,0
4290.1,4320.1,RM_C10644,ramp,FW_W,10644,,22,2,240.0,535,7,0,0,0,0
4290.1,4320.1,RM_C10639,ramp,FW_E,10639,,10,3,360.0,507,5,0,0,0,0
4290.1,4320.1,RM_C10681,ramp,FW_E,10681,,12,9,1080.0,1094,51,0,0,0,0
4290.1,4320.1,RM_C10490,ramp,FW_E,10490,,21,6,720.0,806,11,0,0,0,0
4290.1,4320.1,RM_C10484,ramp,FW_E,10484,,23,2,240.0,562,6,0,0,0,0
4290.1,4320.1,OR_D_E_signal,offramp,FW_E,10481,18,,1,120.0,352,3,0,0,0,0
4290.1,4320.1,OR_D_E_direct,offramp,FW_E,10483,20,,15,1800.0,1205,10,0,0,0,0
4290.1,4320.1,OR_D_W_signal,offramp,FW_W,10491,9,,2,240.0,1039,30,0,0,0,0
4290.1,4320.1,OR_D_W_direct,offramp,FW_W,10479,7,,2,240.0,958,0,0,0,0,0
4290.1,4320.1,OR_F_E_signal,offramp,FW_E,10643,9,,1,120.0,636,38,0,0,0,0
4290.1,4320.1,OR_F_E_direct,offramp,FW_E,10682,11,,14,1680.0,1441,7,0,0,0,0
4290.1,4320.1,OR_F_W_signal,offramp,FW_W,10638,19,,7,840.0,824,16,0,0,0,0
4290.1,4320.1,OR_F_W_direct,offramp,FW_W,10645,16,,7,840.0,1321,1,0,0,0,0
4290.1,4320.1,source_1098,source,FW_E,,,0,58,6960.0,8906,,0,58,0,0
4290.1,4320.1,source_1099,source,FW_W,,,0,36,4320.0,5302,,0,36,0,0
4320.1,4350.1,RM_C10480,ramp,FW_W,10480,,8,3,360.0,188,4,0,0,0,0
4320.1,4350.1,RM_C10482,ramp,FW_W,10482,,10,18,2160.0,2387,29,0,0,0,0
4320.1,4350.1,RM_C10646,ramp,FW_W,10646,,18,4,480.0,363,7,0,0,0,0
4320.1,4350.1,RM_C10644,ramp,FW_W,10644,,22,0,0.0,535,9,0,0,0,0
4320.1,4350.1,RM_C10639,ramp,FW_E,10639,,10,4,480.0,511,3,0,0,0,0
4320.1,4350.1,RM_C10681,ramp,FW_E,10681,,12,7,840.0,1101,53,0,0,0,0
4320.1,4350.1,RM_C10490,ramp,FW_E,10490,,21,11,1320.0,817,8,0,0,0,0
4320.1,4350.1,RM_C10484,ramp,FW_E,10484,,23,6,720.0,568,4,0,0,0,0
4320.1,4350.1,OR_D_E_signal,offramp,FW_E,10481,18,,2,240.0,354,2,0,0,0,0
4320.1,4350.1,OR_D_E_direct,offramp,FW_E,10483,20,,13,1560.0,1218,8,0,0,0,0
4320.1,4350.1,OR_D_W_signal,offramp,FW_W,10491,9,,3,360.0,1042,28,0,0,0,0
4320.1,4350.1,OR_D_W_direct,offramp,FW_W,10479,7,,7,840.0,965,2,0,0,0,0
4320.1,4350.1,OR_F_E_signal,offramp,FW_E,10643,9,,8,960.0,644,43,0,0,0,0
4320.1,4350.1,OR_F_E_direct,offramp,FW_E,10682,11,,9,1080.0,1450,8,0,0,0,0
4320.1,4350.1,OR_F_W_signal,offramp,FW_W,10638,19,,6,720.0,830,17,0,0,0,0
4320.1,4350.1,OR_F_W_direct,offramp,FW_W,10645,16,,11,1320.0,1332,4,0,0,0,0
4320.1,4350.1,source_1098,source,FW_E,,,0,68,8160.0,8974,,0,68,0,0
4320.1,4350.1,source_1099,source,FW_W,,,0,23,2760.0,5325,,0,23,0,0
4350.1,4380.1,RM_C10480,ramp,FW_W,10480,,8,0,0.0,188,7,0,0,0,0
4350.1,4380.1,RM_C10482,ramp,FW_W,10482,,10,22,2640.0,2409,25,0,0,0,0
4350.1,4380.1,RM_C10646,ramp,FW_W,10646,,18,8,960.0,371,4,0,0,0,4
4350.1,4380.1,RM_C10644,ramp,FW_W,10644,,22,6,720.0,541,6,0,0,0,0
4350.1,4380.1,RM_C10639,ramp,FW_E,10639,,10,2,240.0,513,2,0,0,0,0
4350.1,4380.1,RM_C10681,ramp,FW_E,10681,,12,6,720.0,1107,54,0,0,0,0
4350.1,4380.1,RM_C10490,ramp,FW_E,10490,,21,8,960.0,825,7,0,0,0,0
4350.1,4380.1,RM_C10484,ramp,FW_E,10484,,23,3,360.0,571,6,0,0,0,0
4350.1,4380.1,OR_D_E_signal,offramp,FW_E,10481,18,,4,480.0,358,4,0,0,0,0
4350.1,4380.1,OR_D_E_direct,offramp,FW_E,10483,20,,9,1080.0,1227,1,0,0,0,0
4350.1,4380.1,OR_D_W_signal,offramp,FW_W,10491,9,,1,120.0,1043,23,0,0,0,0
4350.1,4380.1,OR_D_W_direct,offramp,FW_W,10479,7,,2,240.0,967,2,0,0,0,0
4350.1,4380.1,OR_F_E_signal,offramp,FW_E,10643,9,,1,120.0,645,38,0,0,0,0
4350.1,4380.1,OR_F_E_direct,offramp,FW_E,10682,11,,10,1200.0,1460,1,0,0,0,0
4350.1,4380.1,OR_F_W_signal,offramp,FW_W,10638,19,,13,1560.0,843,24,0,0,0,4
4350.1,4380.1,OR_F_W_direct,offramp,FW_W,10645,16,,9,1080.0,1341,1,0,0,0,0
4350.1,4380.1,source_1098,source,FW_E,,,0,57,6840.0,9031,,0,57,0,0
4350.1,4380.1,source_1099,source,FW_W,,,0,38,4560.0,5363,,0,38,0,0
4380.1,4410.1,RM_C10480,ramp,FW_W,10480,,8,7,840.0,195,1,0,0,0,0
4380.1,4410.1,RM_C10482,ramp,FW_W,10482,,10,19,2280.0,2428,27,0,0,0,0
4380.1,4410.1,RM_C10646,ramp,FW_W,10646,,18,4,480.0,375,1,0,0,0,1
4380.1,4410.1,RM_C10644,ramp,FW_W,10644,,22,1,120.0,542,11,0,0,0,0
4380.1,4410.1,RM_C10639,ramp,FW_E,10639,,10,2,240.0,515,4,0,0,0,0
4380.1,4410.1,RM_C10681,ramp,FW_E,10681,,12,11,1320.0,1118,47,0,0,0,0
4380.1,4410.1,RM_C10490,ramp,FW_E,10490,,21,7,840.0,832,10,0,0,0,0
4380.1,4410.1,RM_C10484,ramp,FW_E,10484,,23,4,480.0,575,6,0,0,0,0
4380.1,4410.1,OR_D_E_signal,offramp,FW_E,10481,18,,1,120.0,359,1,0,0,0,0
4380.1,4410.1,OR_D_E_direct,offramp,FW_E,10483,20,,12,1440.0,1239,5,0,0,0,0
4380.1,4410.1,OR_D_W_signal,offramp,FW_W,10491,9,,7,840.0,1050,20,0,0,0,0
4380.1,4410.1,OR_D_W_direct,offramp,FW_W,10479,7,,1,120.0,968,0,0,0,0,0
4380.1,4410.1,OR_F_E_signal,offramp,FW_E,10643,9,,8,960.0,653,45,0,0,0,0
4380.1,4410.1,OR_F_E_direct,offramp,FW_E,10682,11,,12,1440.0,1472,6,0,0,0,0
4380.1,4410.1,OR_F_W_signal,offramp,FW_W,10638,19,,3,360.0,846,22,0,0,0,1
4380.1,4410.1,OR_F_W_direct,offramp,FW_W,10645,16,,6,720.0,1347,6,0,0,0,0
4380.1,4410.1,source_1098,source,FW_E,,,0,69,8280.0,9100,,0,69,0,0
4380.1,4410.1,source_1099,source,FW_W,,,0,43,5160.0,5406,,0,43,0,0
4410.1,4440.1,RM_C10480,ramp,FW_W,10480,,8,1,120.0,196,0,0,0,0,0
4410.1,4440.1,RM_C10482,ramp,FW_W,10482,,10,22,2640.0,2450,24,0,0,0,0
4410.1,4440.1,RM_C10646,ramp,FW_W,10646,,18,1,120.0,376,0,0,0,0,1
4410.1,4440.1,RM_C10644,ramp,FW_W,10644,,22,2,240.0,544,10,0,0,0,0
4410.1,4440.1,RM_C10639,ramp,FW_E,10639,,10,3,360.0,518,3,0,0,0,0
4410.1,4440.1,RM_C10681,ramp,FW_E,10681,,12,11,1320.0,1129,45,0,0,0,0
4410.1,4440.1,RM_C10490,ramp,FW_E,10490,,21,8,960.0,840,11,0,0,0,0
4410.1,4440.1,RM_C10484,ramp,FW_E,10484,,23,4,480.0,579,8,0,0,0,0
4410.1,4440.1,OR_D_E_signal,offramp,FW_E,10481,18,,0,0.0,359,0,0,0,0,0
4410.1,4440.1,OR_D_E_direct,offramp,FW_E,10483,20,,6,720.0,1245,5,0,0,0,0
4410.1,4440.1,OR_D_W_signal,offramp,FW_W,10491,9,,2,240.0,1052,15,0,0,0,0
4410.1,4440.1,OR_D_W_direct,offramp,FW_W,10479,7,,3,360.0,971,3,0,0,0,0
4410.1,4440.1,OR_F_E_signal,offramp,FW_E,10643,9,,6,720.0,659,48,0,0,0,0
4410.1,4440.1,OR_F_E_direct,offramp,FW_E,10682,11,,9,1080.0,1481,3,0,0,0,0
4410.1,4440.1,OR_F_W_signal,offramp,FW_W,10638,19,,7,840.0,853,24,0,0,0,1
4410.1,4440.1,OR_F_W_direct,offramp,FW_W,10645,16,,11,1320.0,1358,3,0,0,0,0
4410.1,4440.1,source_1098,source,FW_E,,,0,57,6840.0,9157,,0,57,0,0
4410.1,4440.1,source_1099,source,FW_W,,,0,31,3720.0,5437,,0,31,0,0
4440.1,4470.1,RM_C10480,ramp,FW_W,10480,,8,0,0.0,196,0,0,0,0,0
4440.1,4470.1,RM_C10482,ramp,FW_W,10482,,10,17,2040.0,2467,23,0,0,0,0
4440.1,4470.1,RM_C10646,ramp,FW_W,10646,,18,0,0.0,376,3,0,0,0,0
4440.1,4470.1,RM_C10644,ramp,FW_W,10644,,22,0,0.0,544,10,0,0,0,0
4440.1,4470.1,RM_C10639,ramp,FW_E,10639,,10,3,360.0,521,1,0,0,0,0
4440.1,4470.1,RM_C10681,ramp,FW_E,10681,,12,8,960.0,1137,48,0,0,0,0
4440.1,4470.1,RM_C10490,ramp,FW_E,10490,,21,10,1200.0,850,10,0,0,0,0
4440.1,4470.1,RM_C10484,ramp,FW_E,10484,,23,8,960.0,587,3,0,0,0,0
4440.1,4470.1,OR_D_E_signal,offramp,FW_E,10481,18,,4,480.0,363,4,0,0,0,0
4440.1,4470.1,OR_D_E_direct,offramp,FW_E,10483,20,,14,1680.0,1259,5,0,0,0,0
4440.1,4470.1,OR_D_W_signal,offramp,FW_W,10491,9,,8,960.0,1060,15,0,0,0,0
4440.1,4470.1,OR_D_W_direct,offramp,FW_W,10479,7,,5,600.0,976,1,0,0,0,0
4440.1,4470.1,OR_F_E_signal,offramp,FW_E,10643,9,,0,0.0,659,44,0,0,0,0
4440.1,4470.1,OR_F_E_direct,offramp,FW_E,10682,11,,6,720.0,1487,0,0,0,0,0
4440.1,4470.1,OR_F_W_signal,offramp,FW_W,10638,19,,0,0.0,853,19,0,0,0,0
4440.1,4470.1,OR_F_W_direct,offramp,FW_W,10645,16,,6,720.0,1364,3,0,0,0,0
4440.1,4470.1,source_1098,source,FW_E,,,0,70,8400.0,9227,,0,70,0,0
4440.1,4470.1,source_1099,source,FW_W,,,0,42,5040.0,5479,,0,42,0,0
4470.1,4500.1,RM_C10480,ramp,FW_W,10480,,8,0,0.0,196,1,0,0,0,0
4470.1,4500.1,RM_C10482,ramp,FW_W,10482,,10,18,2160.0,2485,19,0,0,0,0
4470.1,4500.1,RM_C10646,ramp,FW_W,10646,,18,3,360.0,379,4,0,0,0,0
4470.1,4500.1,RM_C10644,ramp,FW_W,10644,,22,10,1200.0,554,8,0,0,0,0
4470.1,4500.1,RM_C10639,ramp,FW_E,10639,,10,1,120.0,522,6,0,0,0,0
4470.1,4500.1,RM_C10681,ramp,FW_E,10681,,12,8,960.0,1145,51,0,0,0,0
4470.1,4500.1,RM_C10490,ramp,FW_E,10490,,21,7,840.0,857,11,0,0,0,0
4470.1,4500.1,RM_C10484,ramp,FW_E,10484,,23,2,240.0,589,4,0,0,0,0
4470.1,4500.1,OR_D_E_signal,offramp,FW_E,10481,18,,0,0.0,363,0,0,0,0,0
4470.1,4500.1,OR_D_E_direct,offramp,FW_E,10483,20,,6,720.0,1265,0,0,0,0,0
4470.1,4500.1,OR_D_W_signal,offramp,FW_W,10491,9,,7,840.0,1067,14,0,0,0,0
4470.1,4500.1,OR_D_W_direct,offramp,FW_W,10479,7,,6,720.0,982,4,0,0,0,0
4470.1,4500.1,OR_F_E_signal,offramp,FW_E,10643,9,,9,1080.0,668,48,0,0,0,0
4470.1,4500.1,OR_F_E_direct,offramp,FW_E,10682,11,,7,840.0,1494,7,0,0,0,0
4470.1,4500.1,OR_F_W_signal,offramp,FW_W,10638,19,,2,240.0,855,13,0,0,0,0
4470.1,4500.1,OR_F_W_direct,offramp,FW_W,10645,16,,8,960.0,1372,4,0,0,0,0
4470.1,4500.1,source_1098,source,FW_E,,,0,58,6960.0,9285,,0,58,0,0
4470.1,4500.1,source_1099,source,FW_W,,,0,32,3840.0,5511,,0,32,0,0
4500.1,4530.1,RM_C10480,ramp,FW_W,10480,,8,3,360.0,199,0,0,0,0,3
4500.1,4530.1,RM_C10482,ramp,FW_W,10482,,10,14,1680.0,2499,30,0,0,0,0
4500.1,4530.1,RM_C10646,ramp,FW_W,10646,,18,4,480.0,383,3,0,0,0,2
4500.1,4530.1,RM_C10644,ramp,FW_W,10644,,22,0,0.0,554,11,0,0,0,0
4500.1,4530.1,RM_C10639,ramp,FW_E,10639,,10,6,720.0,528,0,0,0,0,0
4500.1,4530.1,RM_C10681,ramp,FW_E,10681,,12,6,720.0,1151,54,0,0,0,0
4500.1,4530.1,RM_C10490,ramp,FW_E,10490,,21,10,1200.0,867,10,0,0,0,0
4500.1,4530.1,RM_C10484,ramp,FW_E,10484,,23,4,480.0,593,1,0,0,0,0
4500.1,4530.1,OR_D_E_signal,offramp,FW_E,10481,18,,2,240.0,365,2,0,0,0,0
4500.1,4530.1,OR_D_E_direct,offramp,FW_E,10483,20,,11,1320.0,1276,5,0,0,0,0
4500.1,4530.1,OR_D_W_signal,offramp,FW_W,10491,9,,7,840.0,1074,11,0,0,0,3
4500.1,4530.1,OR_D_W_direct,offramp,FW_W,10479,7,,10,1200.0,992,5,0,0,0,0
4500.1,4530.1,OR_F_E_signal,offramp,FW_E,10643,9,,2,240.0,670,42,0,0,0,0
4500.1,4530.1,OR_F_E_direct,offramp,FW_E,10682,11,,15,1800.0,1509,6,0,0,0,0
4500.1,4530.1,OR_F_W_signal,offramp,FW_W,10638,19,,10,1200.0,865,17,0,0,0,2
4500.1,4530.1,OR_F_W_direct,offramp,FW_W,10645,16,,7,840.0,1379,2,0,0,0,0
4500.1,4530.1,source_1098,source,FW_E,,,0,64,7680.0,9349,,0,64,0,0
4500.1,4530.1,source_1099,source,FW_W,,,0,24,2880.0,5535,,0,24,0,0
4530.1,4560.1,RM_C10480,ramp,FW_W,10480,,8,0,0.0,199,0,0,0,0,0
4530.1,4560.1,RM_C10482,ramp,FW_W,10482,,10,22,2640.0,2521,28,0,0,0,0
4530.1,4560.1,RM_C10646,ramp,FW_W,10646,,18,3,360.0,386,4,0,0,0,1
4530.1,4560.1,RM_C10644,ramp,FW_W,10644,,22,4,480.0,558,10,0,0,0,0
4530.1,4560.1,RM_C10639,ramp,FW_E,10639,,10,0,0.0,528,0,0,0,0,0
4530.1,4560.1,RM_C10681,ramp,FW_E,10681,,12,10,1200.0,1161,50,0,0,0,0
4530.1,4560.1,RM_C10490,ramp,FW_E,10490,,21,9,1080.0,876,4,0,0,0,0
4530.1,4560.1,RM_C10484,ramp,FW_E,10484,,23,1,120.0,594,3,0,0,0,0
4530.1,4560.1,OR_D_E_signal,offramp,FW_E,10481,18,,5,600.0,370,2,0,0,0,0
4530.1,4560.1,OR_D_E_direct,offramp,FW_E,10483,20,,7,840.0,1283,3,0,0,0,0
4530.1,4560.1,OR_D_W_signal,offramp,FW_W,10491,9,,4,480.0,1078,1,0,0,0,0
4530.1,4560.1,OR_D_W_direct,offramp,FW_W,10479,7,,4,480.0,996,0,0,0,0,0
4530.1,4560.1,OR_F_E_signal,offramp,FW_E,10643,9,,5,600.0,675,42,0,0,0,0
4530.1,4560.1,OR_F_E_direct,offramp,FW_E,10682,11,,15,1800.0,1524,6,0,0,0,0
4530.1,4560.1,OR_F_W_signal,offramp,FW_W,10638,19,,6,720.0,871,19,0,0,0,1
4530.1,4560.1,OR_F_W_direct,offramp,FW_W,10645,16,,13,1560.0,1392,8,0,0,0,0
4530.1,4560.1,source_1098,source,FW_E,,,0,67,8040.0,9416,,0,67,0,0
4530.1,4560.1,source_1099,source,FW_W,,,0,49,5880.0,5584,,0,49,0,0
4560.1,4590.1,RM_C10480,ramp,FW_W,10480,,8,0,0.0,199,0,0,0,0,0
4560.1,4590.1,RM_C10482,ramp,FW_W,10482,,10,17,2040.0,2538,24,0,0,0,0
4560.1,4590.1,RM_C10646,ramp,FW_W,10646,,18,4,480.0,390,0,0,0,0,3
4560.1,4590.1,RM_C10644,ramp,FW_W,10644,,22,6,720.0,564,10,0,0,0,0
4560.1,4590.1,RM_C10639,ramp,FW_E,10639,,10,0,0.0,528,7,0,0,0,0
4560.1,4590.1,RM_C10681,ramp,FW_E,10681,,12,10,1200.0,1171,51,0,0,0,0
4560.1,4590.1,RM_C10490,ramp,FW_E,10490,,21,4,480.0,880,7,0,0,0,0
4560.1,4590.1,RM_C10484,ramp,FW_E,10484,,23,1,120.0,595,5,0,0,0,0
4560.1,4590.1,OR_D_E_signal,offramp,FW_E,10481,18,,5,600.0,375,6,0,0,0,0
4560.1,4590.1,OR_D_E_direct,offramp,FW_E,10483,20,,2,240.0,1285,0,0,0,0,0
4560.1,4590.1,OR_D_W_signal,offramp,FW_W,10491,9,,10,1200.0,1088,4,0,0,0,0
4560.1,4590.1,OR_D_W_direct,offramp,FW_W,10479,7,,3,360.0,999,1,0,0,0,0
4560.1,4590.1,OR_F_E_signal,offramp,FW_E,10643,9,,2,240.0,677,44,0,0,0,0
4560.1,4590.1,OR_F_E_direct,offramp,FW_E,10682,11,,12,1440.0,1536,4,0,0,0,0
4560.1,4590.1,OR_F_W_signal,offramp,FW_W,10638,19,,9,1080.0,880,22,0,0,0,3
4560.1,4590.1,OR_F_W_direct,offramp,FW_W,10645,16,,12,1440.0,1404,6,0,0,0,0
4560.1,4590.1,source_1098,source,FW_E,,,0,63,7560.0,9479,,0,63,0,0
4560.1,4590.1,source_1099,source,FW_W,,,0,38,4560.0,5622,,0,38,0,0
4590.1,4620.1,RM_C10480,ramp,FW_W,10480,,8,0,0.0,199,1,0,0,0,0
4590.1,4620.1,RM_C10482,ramp,FW_W,10482,,10,17,2040.0,2555,23,0,0,0,0
4590.1,4620.1,RM_C10646,ramp,FW_W,10646,,18,0,0.0,390,1,0,0,0,0
4590.1,4620.1,RM_C10644,ramp,FW_W,10644,,22,1,120.0,565,11,0,0,0,0
4590.1,4620.1,RM_C10639,ramp,FW_E,10639,,10,3,360.0,531,6,0,0,0,0
4590.1,4620.1,RM_C10681,ramp,FW_E,10681,,12,6,720.0,1177,56,0,0,0,0
4590.1,4620.1,RM_C10490,ramp,FW_E,10490,,21,8,960.0,888,4,0,0,0,0
4590.1,4620.1,RM_C10484,ramp,FW_E,10484,,23,5,600.0,600,2,0,0,0,0
4590.1,4620.1,OR_D_E_signal,offramp,FW_E,10481,18,,2,240.0,377,3,0,0,0,0
4590.1,4620.1,OR_D_E_direct,offramp,FW_E,10483,20,,10,1200.0,1295,5,0,0,0,0
4590.1,4620.1,OR_D_W_signal,offramp,FW_W,10491,9,,8,960.0,1096,1,0,0,0,0
4590.1,4620.1,OR_D_W_direct,offramp,FW_W,10479,7,,4,480.0,1003,1,0,0,0,0
4590.1,4620.1,OR_F_E_signal,offramp,FW_E,10643,9,,6,720.0,683,47,0,0,0,0
4590.1,4620.1,OR_F_E_direct,offramp,FW_E,10682,11,,6,720.0,1542,1,0,0,0,0
4590.1,4620.1,OR_F_W_signal,offramp,FW_W,10638,19,,5,600.0,885,22,0,0,0,0
4590.1,4620.1,OR_F_W_direct,offramp,FW_W,10645,16,,6,720.0,1410,0,0,0,0,0
4590.1,4620.1,source_1098,source,FW_E,,,0,56,6720.0,9535,,0,56,0,0
4590.1,4620.1,source_1099,source,FW_W,,,0,41,4920.0,5663,,0,41,0,0
4620.1,4650.1,RM_C10480,ramp,FW_W,10480,,8,3,360.0,202,0,0,0,0,2
4620.1,4650.1,RM_C10482,ramp,FW_W,10482,,10,18,2160.0,2573,25,0,0,0,0
4620.1,4650.1,RM_C10646,ramp,FW_W,10646,,18,1,120.0,391,4,0,0,0,0
4620.1,4650.1,RM_C10644,ramp,FW_W,10644,,22,0,0.0,565,21,0,0,0,0
4620.1,4650.1,RM_C10639,ramp,FW_E,10639,,10,6,720.0,537,3,0,0,0,0
4620.1,4650.1,RM_C10681,ramp,FW_E,10681,,12,7,840.0,1184,57,0,0,0,0
4620.1,4650.1,RM_C10490,ramp,FW_E,10490,,21,4,480.0,892,7,0,0,0,0
4620.1,4650.1,RM_C10484,ramp,FW_E,10484,,23,2,240.0,602,4,0,0,0,0
4620.1,4650.1,OR_D_E_signal,offramp,FW_E,10481,18,,1,120.0,378,1,0,0,0,0
4620.1,4650.1,OR_D_E_direct,offramp,FW_E,10483,20,,14,1680.0,1309,7,0,0,0,0
4620.1,4650.1,OR_D_W_signal,offramp,FW_W,10491,9,,10,1200.0,1106,6,0,0,0,2
4620.1,4650.1,OR_D_W_direct,offramp,FW_W,10479,7,,3,360.0,1006,1,0,0,0,0
4620.1,4650.1,OR_F_E_signal,offramp,FW_E,10643,9,,9,1080.0,692,53,0,0,0,0
4620.1,4650.1,OR_F_E_direct,offramp,FW_E,10682,11,,8,960.0,1550,8,0,0,0,0
4620.1,4650.1,OR_F_W_signal,offramp,FW_W,10638,19,,2,240.0,887,18,0,0,0,0
4620.1,4650.1,OR_F_W_direct,offramp,FW_W,10645,16,,19,2280.0,1429,4,0,0,0,0
4620.1,4650.1,source_1098,source,FW_E,,,0,58,6960.0,9593,,0,58,0,0
4620.1,4650.1,source_1099,source,FW_W,,,0,31,3720.0,5694,,0,31,0,0
4650.1,4680.1,RM_C10480,ramp,FW_W,10480,,8,0,0.0,202,1,0,0,0,0
4650.1,4680.1,RM_C10482,ramp,FW_W,10482,,10,15,1800.0,2588,20,0,0,0,0
4650.1,4680.1,RM_C10646,ramp,FW_W,10646,,18,5,600.0,396,3,0,0,0,3
4650.1,4680.1,RM_C10644,ramp,FW_W,10644,,22,9,1080.0,574,13,0,0,0,0
4650.1,4680.1,RM_C10639,ramp,FW_E,10639,,10,3,360.0,540,4,0,0,0,0
4650.1,4680.1,RM_C10681,ramp,FW_E,10681,,12,10,1200.0,1194,60,0,0,0,0
4650.1,4680.1,RM_C10490,ramp,FW_E,10490,,21,7,840.0,899,4,0,0,0,0
4650.1,4680.1,RM_C10484,ramp,FW_E,10484,,23,1,120.0,603,5,0,0,0,0
4650.1,4680.1,OR_D_E_signal,offramp,FW_E,10481,18,,9,1080.0,387,10,0,0,0,0
4650.1,4680.1,OR_D_E_direct,offramp,FW_E,10483,20,,8,960.0,1317,3,0,0,0,0
4650.1,4680.1,OR_D_W_signal,offramp,FW_W,10491,9,,9,1080.0,1115,2,0,0,0,0
4650.1,4680.1,OR_D_W_direct,offramp,FW_W,10479,7,,8,960.0,1014,3,0,0,0,0
4650.1,4680.1,OR_F_E_signal,offramp,FW_E,10643,9,,3,360.0,695,47,0,0,0,0
4650.1,4680.1,OR_F_E_direct,offramp,FW_E,10682,11,,6,720.0,1556,1,0,0,0,0
4650.1,4680.1,OR_F_W_signal,offramp,FW_W,10638,19,,12,1440.0,899,27,0,0,0,3
4650.1,4680.1,OR_F_W_direct,offramp,FW_W,10645,16,,10,1200.0,1439,6,0,0,0,0
4650.1,4680.1,source_1098,source,FW_E,,,0,69,8280.0,9662,,0,69,0,0
4650.1,4680.1,source_1099,source,FW_W,,,0,42,5040.0,5736,,0,42,0,0
4680.1,4710.1,RM_C10480,ramp,FW_W,10480,,8,4,480.0,206,1,0,0,0,3
4680.1,4710.1,RM_C10482,ramp,FW_W,10482,,10,19,2280.0,2607,10,0,0,0,0
4680.1,4710.1,RM_C10646,ramp,FW_W,10646,,18,3,360.0,399,1,0,0,0,0
4680.1,4710.1,RM_C10644,ramp,FW_W,10644,,22,6,720.0,580,13,0,0,0,0
4680.1,4710.1,RM_C10639,ramp,FW_E,10639,,10,4,480.0,544,3,0,0,0,0
4680.1,4710.1,RM_C10681,ramp,FW_E,10681,,12,11,1320.0,1205,53,0,0,0,0
4680.1,4710.1,RM_C10490,ramp,FW_E,10490,,21,4,480.0,903,8,0,0,0,0
4680.1,4710.1,RM_C10484,ramp,FW_E,10484,,23,4,480.0,607,4,0,0,0,0
4680.1,4710.1,OR_D_E_signal,offramp,FW_E,10481,18,,4,480.0,391,8,0,0,0,0
4680.1,4710.1,OR_D_E_direct,offramp,FW_E,10483,20,,5,600.0,1322,3,0,0,0,0
4680.1,4710.1,OR_D_W_signal,offramp,FW_W,10491,9,,11,1320.0,1126,8,0,0,0,3
4680.1,4710.1,OR_D_W_direct,offramp,FW_W,10479,7,,6,720.0,1020,3,0,0,0,0
4680.1,4710.1,OR_F_E_signal,offramp,FW_E,10643,9,,9,1080.0,704,49,0,0,0,0
4680.1,4710.1,OR_F_E_direct,offramp,FW_E,10682,11,,13,1560.0,1569,5,0,0,0,0
4680.1,4710.1,OR_F_W_signal,offramp,FW_W,10638,19,,8,960.0,907,31,0,0,0,0
4680.1,4710.1,OR_F_W_direct,offramp,FW_W,10645,16,,8,960.0,1447,5,0,0,0,0
4680.1,4710.1,source_1098,source,FW_E,,,0,55,6600.0,9717,,0,55,0,0
4680.1,4710.1,source_1099,source,FW_W,,,0,25,3000.0,5761,,0,25,0,0
4710.1,4740.1,RM_C10480,ramp,FW_W,10480,,8,1,120.0,207,0,0,0,0,0
4710.1,4740.1,RM_C10482,ramp,FW_W,10482,,10,7,840.0,2614,14,0,0,0,0
4710.1,4740.1,RM_C10646,ramp,FW_W,10646,,18,1,120.0,400,0,0,0,0,0
4710.1,4740.1,RM_C10644,ramp,FW_W,10644,,22,6,720.0,586,10,0,0,0,0
4710.1,4740.1,RM_C10639,ramp,FW_E,10639,,10,3,360.0,547,5,0,0,0,0
4710.1,4740.1,RM_C10681,ramp,FW_E,10681,,12,12,1440.0,1217,46,0,0,0,0
4710.1,4740.1,RM_C10490,ramp,FW_E,10490,,21,8,960.0,911,6,0,0,0,0
4710.1,4740.1,RM_C10484,ramp,FW_E,10484,,23,2,240.0,609,6,0,0,0,0
4710.1,4740.1,OR_D_E_signal,offramp,FW_E,10481,18,,1,120.0,392,4,0,0,0,0
4710.1,4740.1,OR_D_E_direct,offramp,FW_E,10483,20,,14,1680.0,1336,9,0,0,0,0
4710.1,4740.1,OR_D_W_signal,offramp,FW_W,10491,9,,7,840.0,1133,4,0,0,0,0
4710.1,4740.1,OR_D_W_direct,offramp,FW_W,10479,7,,10,1200.0,1030,6,0,0,0,0
4710.1,4740.1,OR_F_E_signal,offramp,FW_E,10643,9,,7,840.0,711,52,0,0,0,0
4710.1,4740.1,OR_F_E_direct,offramp,FW_E,10682,11,,7,840.0,1576,4,0,0,0,0
4710.1,4740.1,OR_F_W_signal,offramp,FW_W,10638,19,,5,600.0,912,29,0,0,0,0
4710.1,4740.1,OR_F_W_direct,offramp,FW_W,10645,16,,11,1320.0,1458,4,0,0,0,0
4710.1,4740.1,source_1098,source,FW_E,,,0,60,7200.0,9777,,0,60,0,0
4710.1,4740.1,source_1099,source,FW_W,,,0,28,3360.0,5789,,0,28,0,0
4740.1,4770.1,RM_C10480,ramp,FW_W,10480,,8,0,0.0,207,0,0,0,0,0
4740.1,4770.1,RM_C10482,ramp,FW_W,10482,,10,11,1320.0,2625,6,0,0,0,0
4740.1,4770.1,RM_C10646,ramp,FW_W,10646,,18,0,0.0,400,4,0,0,0,0
4740.1,4770.1,RM_C10644,ramp,FW_W,10644,,22,0,0.0,586,15,0,0,0,0
4740.1,4770.1,RM_C10639,ramp,FW_E,10639,,10,5,600.0,552,4,0,0,0,0
4740.1,4770.1,RM_C10681,ramp,FW_E,10681,,12,8,960.0,1225,54,0,0,0,0
4740.1,4770.1,RM_C10490,ramp,FW_E,10490,,21,7,840.0,918,0,0,0,0,0
4740.1,4770.1,RM_C10484,ramp,FW_E,10484,,23,5,600.0,614,7,0,0,0,0
4740.1,4770.1,OR_D_E_signal,offramp,FW_E,10481,18,,2,240.0,394,4,0,0,0,0
4740.1,4770.1,OR_D_E_direct,offramp,FW_E,10483,20,,6,720.0,1342,0,0,0,0,0
4740.1,4770.1,OR_D_W_signal,offramp,FW_W,10491,9,,2,240.0,1135,0,0,0,0,0
4740.1,4770.1,OR_D_W_direct,offramp,FW_W,10479,7,,7,840.0,1037,3,0,0,0,0
4740.1,4770.1,OR_F_E_signal,offramp,FW_E,10643,9,,3,360.0,714,53,0,0,0,0
4740.1,4770.1,OR_F_E_direct,offramp,FW_E,10682,11,,12,1440.0,1588,4,0,0,0,0
4740.1,4770.1,OR_F_W_signal,offramp,FW_W,10638,19,,3,360.0,915,26,0,0,0,0
4740.1,4770.1,OR_F_W_direct,offramp,FW_W,10645,16,,5,600.0,1463,0,0,0,0,0
4740.1,4770.1,source_1098,source,FW_E,,,0,64,7680.0,9841,,0,64,0,0
4740.1,4770.1,source_1099,source,FW_W,,,0,34,4080.0,5823,,0,34,0,0
4770.1,4800.1,RM_C10480,ramp,FW_W,10480,,8,2,240.0,209,0,0,0,0,1
4770.1,4800.1,RM_C10482,ramp,FW_W,10482,,10,6,720.0,2631,16,0,0,0,0
4770.1,4800.1,RM_C10646,ramp,FW_W,10646,,18,5,600.0,405,2,0,0,0,3
4770.1,4800.1,RM_C10644,ramp,FW_W,10644,,22,8,960.0,594,7,0,0,0,0
4770.1,4800.1,RM_C10639,ramp,FW_E,10639,,10,4,480.0,556,4,0,0,0,0
4770.1,4800.1,RM_C10681,ramp,FW_E,10681,,12,8,960.0,1233,56,0,0,0,0
4770.1,4800.1,RM_C10490,ramp,FW_E,10490,,21,0,0.0,918,8,0,0,0,0
4770.1,4800.1,RM_C10484,ramp,FW_E,10484,,23,4,480.0,618,6,0,0,0,0
4770.1,4800.1,OR_D_E_signal,offramp,FW_E,10481,18,,3,360.0,397,3,0,0,0,0
4770.1,4800.1,OR_D_E_direct,offramp,FW_E,10483,20,,2,240.0,1344,0,0,0,0,0
4770.1,4800.1,OR_D_W_signal,offramp,FW_W,10491,9,,7,840.0,1142,3,0,0,0,1
4770.1,4800.1,OR_D_W_direct,offramp,FW_W,10479,7,,12,1440.0,1049,4,0,0,0,0
4770.1,4800.1,OR_F_E_signal,offramp,FW_E,10643,9,,1,120.0,715,48,0,0,0,0
4770.1,4800.1,OR_F_E_direct,offramp,FW_E,10682,11,,7,840.0,1595,1,0,0,0,0
4770.1,4800.1,OR_F_W_signal,offramp,FW_W,10638,19,,10,1200.0,925,30,0,0,0,3
4770.1,4800.1,OR_F_W_direct,offramp,FW_W,10645,16,,11,1320.0,1474,5,0,0,0,0
4770.1,4800.1,source_1098,source,FW_E,,,0,65,7800.0,9906,,0,65,0,0
4770.1,4800.1,source_1099,source,FW_W,,,0,43,5160.0,5866,,0,43,0,0
4800.1,4830.1,RM_C10480,ramp,FW_W,10480,,8,3,360.0,212,1,0,0,0,2
4800.1,4830.1,RM_C10482,ramp,FW_W,10482,,10,11,1320.0,2642,15,0,0,0,0
4800.1,4830.1,RM_C10646,ramp,FW_W,10646,,18,2,240.0,407,5,0,0,0,1
4800.1,4830.1,RM_C10644,ramp,FW_W,10644,,22,4,480.0,598,3,0,0,0,0
4800.1,4830.1,RM_C10639,ramp,FW_E,10639,,10,4,480.0,560,2,0,0,0,0
4800.1,4830.1,RM_C10681,ramp,FW_E,10681,,12,10,1200.0,1243,53,0,0,0,0
4800.1,4830.1,RM_C10490,ramp,FW_E,10490,,21,8,960.0,926,3,0,0,0,0
4800.1,4830.1,RM_C10484,ramp,FW_E,10484,,23,5,600.0,623,4,0,0,0,0
4800.1,4830.1,OR_D_E_signal,offramp,FW_E,10481,18,,5,600.0,402,8,0,0,0,0
4800.1,4830.1,OR_D_E_direct,offramp,FW_E,10483,20,,11,1320.0,1355,9,0,0,0,0
4800.1,4830.1,OR_D_W_signal,offramp,FW_W,10491,9,,9,1080.0,1151,5,0,0,0,2
4800.1,4830.1,OR_D_W_direct,offramp,FW_W,10479,7,,8,960.0,1057,2,0,0,0,0
4800.1,4830.1,OR_F_E_signal,offramp,FW_E,10643,9,,5,600.0,720,42,0,0,0,0
4800.1,4830.1,OR_F_E_direct,offramp,FW_E,10682,11,,13,1560.0,1608,4,0,0,0,0
4800.1,4830.1,OR_F_W_signal,offramp,FW_W,10638,19,,3,360.0,928,26,0,0,0,1
4800.1,4830.1,OR_F_W_direct,offramp,FW_W,10645,16,,4,480.0,1478,0,0,0,0,0
4800.1,4830.1,source_1098,source,FW_E,,,0,62,7440.0,9968,,0,62,0,0
4800.1,4830.1,source_1099,source,FW_W,,,0,13,1560.0,5879,,0,13,0,0
4830.1,4860.1,RM_C10480,ramp,FW_W,10480,,8,1,120.0,213,0,0,0,0,1
4830.1,4860.1,RM_C10482,ramp,FW_W,10482,,10,6,720.0,2648,18,0,0,0,0
4830.1,4860.1,RM_C10646,ramp,FW_W,10646,,18,5,600.0,412,0,0,0,0,3
4830.1,4860.1,RM_C10644,ramp,FW_W,10644,,22,3,360.0,601,3,0,0,0,0
4830.1,4860.1,RM_C10639,ramp,FW_E,10639,,10,2,240.0,562,0,0,0,0,0
4830.1,4860.1,RM_C10681,ramp,FW_E,10681,,12,11,1320.0,1254,42,0,0,0,0
4830.1,4860.1,RM_C10490,ramp,FW_E,10490,,21,2,240.0,928,8,0,0,0,0
4830.1,4860.1,RM_C10484,ramp,FW_E,10484,,23,2,240.0,625,3,0,0,0,0
4830.1,4860.1,OR_D_E_signal,offramp,FW_E,10481,18,,6,720.0,408,8,0,0,0,0
4830.1,4860.1,OR_D_E_direct,offramp,FW_E,10483,20,,16,1920.0,1371,7,0,0,0,0
4830.1,4860.1,OR_D_W_signal,offramp,FW_W,10491,9,,9,1080.0,1160,4,0,0,0,1
4830.1,4860.1,OR_D_W_direct,offramp,FW_W,10479,7,,5,600.0,1062,1,0,0,0,0
4830.1,4860.1,OR_F_E_signal,offramp,FW_E,10643,9,,3,360.0,723,37,0,0,0,0
4830.1,4860.1,OR_F_E_direct,offramp,FW_E,10682,11,,14,1680.0,1622,7,0,0,0,0
4830.1,4860.1,OR_F_W_signal,offramp,FW_W,10638,19,,6,720.0,934,18,0,0,0,3
4830.1,4860.1,OR_F_W_direct,offramp,FW_W,10645,16,,11,1320.0,1489,4,0,0,0,0
4830.1,4860.1,source_1098,source,FW_E,,,0,64,7680.0,10032,,0,64,0,0
4830.1,4860.1,source_1099,source,FW_W,,,0,39,4680.0,5918,,0,39,0,0
4860.1,4890.1,RM_C10480,ramp,FW_W,10480,,8,0,0.0,213,0,0,0,0,0
4860.1,4890.1,RM_C10482,ramp,FW_W,10482,,10,16,1920.0,2664,9,0,0,0,0
4860.1,4890.1,RM_C10646,ramp,FW_W,10646,,18,0,0.0,412,0,0,0,0,0
4860.1,4890.1,RM_C10644,ramp,FW_W,10644,,22,0,0.0,601,5,0,0,0,0
4860.1,4890.1,RM_C10639,ramp,FW_E,10639,,10,0,0.0,562,0,0,0,0,0
4860.1,4890.1,RM_C10681,ramp,FW_E,10681,,12,9,1080.0,1263,39,0,0,0,0
4860.1,4890.1,RM_C10490,ramp,FW_E,10490,,21,8,960.0,936,1,0,0,0,0
4860.1,4890.1,RM_C10484,ramp,FW_E,10484,,23,2,240.0,627,6,0,0,0,0
4860.1,4890.1,OR_D_E_signal,offramp,FW_E,10481,18,,4,480.0,412,5,0,0,0,0
4860.1,4890.1,OR_D_E_direct,offramp,FW_E,10483,20,,5,600.0,1376,3,0,0,0,0
4860.1,4890.1,OR_D_W_signal,offramp,FW_W,10491,9,,6,720.0,1166,1,0,0,0,0
4860.1,4890.1,OR_D_W_direct,offramp,FW_W,10479,7,,6,720.0,1068,2,0,0,0,0
4860.1,4890.1,OR_F_E_signal,offramp,FW_E,10643,9,,6,720.0,729,39,0,0,0,0
4860.1,4890.1,OR_F_E_direct,offramp,FW_E,10682,11,,13,1560.0,1635,1,0,0,0,0
4860.1,4890.1,OR_F_W_signal,offramp,FW_W,10638,19,,0,0.0,934,13,0,0,0,0
4860.1,4890.1,OR_F_W_direct,offramp,FW_W,10645,16,,8,960.0,1497,4,0,0,0,0
4860.1,4890.1,source_1098,source,FW_E,,,0,62,7440.0,10094,,0,62,0,0
4860.1,4890.1,source_1099,source,FW_W,,,0,42,5040.0,5960,,0,42,0,0
4890.1,4920.1,RM_C10480,ramp,FW_W,10480,,8,0,0.0,213,0,0,0,0,0
4890.1,4920.1,RM_C10482,ramp,FW_W,10482,,10,4,480.0,2668,23,0,0,0,0
4890.1,4920.1,RM_C10646,ramp,FW_W,10646,,18,0,0.0,412,3,0,0,0,0
4890.1,4920.1,RM_C10644,ramp,FW_W,10644,,22,0,0.0,601,5,0,0,0,0
4890.1,4920.1,RM_C10639,ramp,FW_E,10639,,10,0,0.0,562,1,0,0,0,0
4890.1,4920.1,RM_C10681,ramp,FW_E,10681,,12,8,960.0,1271,50,0,0,0,0
4890.1,4920.1,RM_C10490,ramp,FW_E,10490,,21,1,120.0,937,4,0,0,0,0
4890.1,4920.1,RM_C10484,ramp,FW_E,10484,,23,5,600.0,632,5,0,0,0,0
4890.1,4920.1,OR_D_E_signal,offramp,FW_E,10481,18,,1,120.0,413,2,0,0,0,0
4890.1,4920.1,OR_D_E_direct,offramp,FW_E,10483,20,,16,1920.0,1392,8,0,0,0,0
4890.1,4920.1,OR_D_W_signal,offramp,FW_W,10491,9,,8,960.0,1174,4,0,0,0,0
4890.1,4920.1,OR_D_W_direct,offramp,FW_W,10479,7,,6,720.0,1074,3,0,0,0,0
4890.1,4920.1,OR_F_E_signal,offramp,FW_E,10643,9,,4,480.0,733,35,0,0,0,0
4890.1,4920.1,OR_F_E_direct,offramp,FW_E,10682,11,,15,1800.0,1650,4,0,0,0,0
4890.1,4920.1,OR_F_W_signal,offramp,FW_W,10638,19,,2,240.0,936,7,0,0,0,0
4890.1,4920.1,OR_F_W_direct,offramp,FW_W,10645,16,,9,1080.0,1506,3,0,0,0,0
4890.1,4920.1,source_1098,source,FW_E,,,0,68,8160.0,10162,,0,68,0,0
4890.1,4920.1,source_1099,source,FW_W,,,0,23,2760.0,5983,,0,23,0,0
4920.1,4950.1,RM_C10480,ramp,FW_W,10480,,8,3,360.0,216,0,0,0,0,3
4920.1,4950.1,RM_C10482,ramp,FW_W,10482,,10,17,2040.0,2685,14,0,0,0,0
4920.1,4950.1,RM_C10646,ramp,FW_W,10646,,18,1,120.0,413,7,0,0,0,0
4920.1,4950.1,RM_C10644,ramp,FW_W,10644,,22,4,480.0,605,7,0,0,0,0
4920.1,4950.1,RM_C10639,ramp,FW_E,10639,,10,1,120.0,563,0,0,0,0,0
4920.1,4950.1,RM_C10681,ramp,FW_E,10681,,12,8,960.0,1279,51,0,0,0,0
4920.1,4950.1,RM_C10490,ramp,FW_E,10490,,21,1,120.0,938,8,0,0,0,0
4920.1,4950.1,RM_C10484,ramp,FW_E,10484,,23,5,600.0,637,9,0,0,0,0
4920.1,4950.1,OR_D_E_signal,offramp,FW_E,10481,18,,2,240.0,415,3,0,0,0,0
4920.1,4950.1,OR_D_E_direct,offramp,FW_E,10483,20,,14,1680.0,1406,4,0,0,0,0
4920.1,4950.1,OR_D_W_signal,offramp,FW_W,10491,9,,10,1200.0,1184,4,0,0,0,3
4920.1,4950.1,OR_D_W_direct,offramp,FW_W,10479,7,,5,600.0,1079,0,0,0,0,0
4920.1,4950.1,OR_F_E_signal,offramp,FW_E,10643,9,,4,480.0,737,31,0,0,0,0
4920.1,4950.1,OR_F_E_direct,offramp,FW_E,10682,11,,3,360.0,1653,0,0,0,0,0
4920.1,4950.1,OR_F_W_signal,offramp,FW_W,10638,19,,3,360.0,939,7,0,0,0,0
4920.1,4950.1,OR_F_W_direct,offramp,FW_W,10645,16,,6,720.0,1512,1,0,0,0,0
4920.1,4950.1,source_1098,source,FW_E,,,0,66,7920.0,10228,,0,66,0,0
4920.1,4950.1,source_1099,source,FW_W,,,0,17,2040.0,6000,,0,17,0,0
4950.1,4980.1,RM_C10480,ramp,FW_W,10480,,8,1,120.0,217,2,0,0,0,1
4950.1,4980.1,RM_C10482,ramp,FW_W,10482,,10,6,720.0,2691,21,0,0,0,0
4950.1,4980.1,RM_C10646,ramp,FW_W,10646,,18,7,840.0,420,2,0,0,0,3
4950.1,4980.1,RM_C10644,ramp,FW_W,10644,,22,1,120.0,606,7,0,0,0,0
4950.1,4980.1,RM_C10639,ramp,FW_E,10639,,10,0,0.0,563,5,0,0,0,0
4950.1,4980.1,RM_C10681,ramp,FW_E,10681,,12,9,1080.0,1288,47,0,0,0,0
4950.1,4980.1,RM_C10490,ramp,FW_E,10490,,21,8,960.0,946,3,0,0,0,0
4950.1,4980.1,RM_C10484,ramp,FW_E,10484,,23,7,840.0,644,4,0,0,0,0
4950.1,4980.1,OR_D_E_signal,offramp,FW_E,10481,18,,1,120.0,416,4,0,0,0,0
4950.1,4980.1,OR_D_E_direct,offramp,FW_E,10483,20,,13,1560.0,1419,6,0,0,0,0
4950.1,4980.1,OR_D_W_signal,offramp,FW_W,10491,9,,5,600.0,1189,1,0,0,0,1
4950.1,4980.1,OR_D_W_direct,offramp,FW_W,10479,7,,6,720.0,1085,2,0,0,0,0
4950.1,4980.1,OR_F_E_signal,offramp,FW_E,10643,9,,5,600.0,742,31,0,0,0,0
4950.1,4980.1,OR_F_E_direct,offramp,FW_E,10682,11,,4,480.0,1657,0,0,0,0,0
4950.1,4980.1,OR_F_W_signal,offramp,FW_W,10638,19,,12,1440.0,951,18,0,0,0,3
4950.1,4980.1,OR_F_W_direct,offramp,FW_W,10645,16,,7,840.0,1519,4,0,0,0,0
4950.1,4980.1,source_1098,source,FW_E,,,0,54,6480.0,10282,,0,54,0,0
4950.1,4980.1,source_1099,source,FW_W,,,0,42,5040.0,6042,,0,42,0,0
4980.1,5010.1,RM_C10480,ramp,FW_W,10480,,8,2,240.0,219,0,0,0,0,2
4980.1,5010.1,RM_C10482,ramp,FW_W,10482,,10,17,2040.0,2708,10,0,0,0,0
4980.1,5010.1,RM_C10646,ramp,FW_W,10646,,18,2,240.0,422,0,0,0,0,1
4980.1,5010.1,RM_C10644,ramp,FW_W,10644,,22,0,0.0,606,8,0,0,0,0
4980.1,5010.1,RM_C10639,ramp,FW_E,10639,,10,3,360.0,566,2,0,0,0,0
4980.1,5010.1,RM_C10681,ramp,FW_E,10681,,12,11,1320.0,1299,36,0,0,0,0
4980.1,5010.1,RM_C10490,ramp,FW_E,10490,,21,5,600.0,951,1,0,0,0,0
4980.1,5010.1,RM_C10484,ramp,FW_E,10484,,23,2,240.0,646,3,0,0,0,0
4980.1,5010.1,OR_D_E_signal,offramp,FW_E,10481,18,,2,240.0,418,2,0,0,0,0
4980.1,5010.1,OR_D_E_direct,offramp,FW_E,10483,20,,11,1320.0,1430,5,0,0,0,0
4980.1,5010.1,OR_D_W_signal,offramp,FW_W,10491,9,,8,960.0,1197,1,0,0,0,2
4980.1,5010.1,OR_D_W_direct,offramp,FW_W,10479,7,,9,1080.0,1094,2,0,0,0,0
4980.1,5010.1,OR_F_E_signal,offramp,FW_E,10643,9,,6,720.0,748,34,0,0,0,0
4980.1,5010.1,OR_F_E_direct,offramp,FW_E,10682,11,,19,2280.0,1676,7,0,0,0,0
4980.1,5010.1,OR_F_W_signal,offramp,FW_W,10638,19,,6,720.0,957,17,0,0,0,1
4980.1,5010.1,OR_F_W_direct,offramp,FW_W,10645,16,,10,1200.0,1529,4,0,0,0,0
4980.1,5010.1,source_1098,source,FW_E,,,0,61,7320.0,10343,,0,61,0,0
4980.1,5010.1,source_1099,source,FW_W,,,0,38,4560.0,6080,,0,38,0,0
5010.1,5040.1,RM_C10480,ramp,FW_W,10480,,8,1,120.0,220,1,0,0,0,0
5010.1,5040.1,RM_C10482,ramp,FW_W,10482,,10,7,840.0,2715,10,0,0,0,0
5010.1,5040.1,RM_C10646,ramp,FW_W,10646,,18,0,0.0,422,0,0,0,0,0
5010.1,5040.1,RM_C10644,ramp,FW_W,10644,,22,7,840.0,613,4,0,0,0,0
5010.1,5040.1,RM_C10639,ramp,FW_E,10639,,10,2,240.0,568,5,0,0,0,0
5010.1,5040.1,RM_C10681,ramp,FW_E,10681,,12,8,960.0,1307,36,0,0,0,0
5010.1,5040.1,RM_C10490,ramp,FW_E,10490,,21,1,120.0,952,0,0,0,0,0
5010.1,5040.1,RM_C10484,ramp,FW_E,10484,,23,2,240.0,648,3,0,0,0,0
5010.1,5040.1,OR_D_E_signal,offramp,FW_E,10481,18,,2,240.0,420,2,0,0,0,0
5010.1,5040.1,OR_D_E_direct,offramp,FW_E,10483,20,,10,1200.0,1440,8,0,0,0,0
5010.1,5040.1,OR_D_W_signal,offramp,FW_W,10491,9,,8,960.0,1205,3,0,0,0,0
5010.1,5040.1,OR_D_W_direct,offramp,FW_W,10479,7,,9,1080.0,1103,4,0,0,0,0
5010.1,5040.1,OR_F_E_signal,offramp,FW_E,10643,9,,8,960.0,756,39,0,0,0,0
5010.1,5040.1,OR_F_E_direct,offramp,FW_E,10682,11,,14,1680.0,1690,6,0,0,0,0
5010.1,5040.1,OR_F_W_signal,offramp,FW_W,10638,19,,2,240.0,959,9,0,0,0,0
5010.1,5040.1,OR_F_W_direct,offramp,FW_W,10645,16,,3,360.0,1532,0,0,0,0,0
5010.1,5040.1,source_1098,source,FW_E,,,0,57,6840.0,10400,,0,57,0,0
5010.1,5040.1,source_1099,source,FW_W,,,0,20,2400.0,6100,,0,20,0,0
5040.1,5070.1,RM_C10480,ramp,FW_W,10480,,8,3,360.0,223,0,0,0,0,1
5040.1,5070.1,RM_C10482,ramp,FW_W,10482,,10,6,720.0,2721,13,0,0,0,0
5040.1,5070.1,RM_C10646,ramp,FW_W,10646,,18,0,0.0,422,3,0,0,0,0
5040.1,5070.1,RM_C10644,ramp,FW_W,10644,,22,0,0.0,613,6,0,0,0,0
5040.1,5070.1,RM_C10639,ramp,FW_E,10639,,10,4,480.0,572,2,0,0,0,0
5040.1,5070.1,RM_C10681,ramp,FW_E,10681,,12,7,840.0,1314,46,0,0,0,0
5040.1,5070.1,RM_C10490,ramp,FW_E,10490,,21,0,0.0,952,6,0,0,0,0
5040.1,5070.1,RM_C10484,ramp,FW_E,10484,,23,2,240.0,650,7,0,0,0,0
5040.1,5070.1,OR_D_E_signal,offramp,FW_E,10481,18,,2,240.0,422,2,0,0,0,0
5040.1,5070.1,OR_D_E_direct,offramp,FW_E,10483,20,,7,840.0,1447,4,0,0,0,0
5040.1,5070.1,OR_D_W_signal,offramp,FW_W,10491,9,,9,1080.0,1214,3,0,0,0,1
5040.1,5070.1,OR_D_W_direct,offramp,FW_W,10479,7,,5,600.0,1108,1,0,0,0,0
5040.1,5070.1,OR_F_E_signal,offramp,FW_E,10643,9,,3,360.0,759,37,0,0,0,0
5040.1,5070.1,OR_F_E_direct,offramp,FW_E,10682,11,,8,960.0,1698,3,0,0,0,0
5040.1,5070.1,OR_F_W_signal,offramp,FW_W,10638,19,,5,600.0,964,8,0,0,0,0
5040.1,5070.1,OR_F_W_direct,offramp,FW_W,10645,16,,10,1200.0,1542,4,0,0,0,0
5040.1,5070.1,source_1098,source,FW_E,,,0,69,8280.0,10469,,0,69,0,0
5040.1,5070.1,source_1099,source,FW_W,,,0,31,3720.0,6131,,0,31,0,0
5070.1,5100.1,RM_C10480,ramp,FW_W,10480,,8,2,240.0,225,2,0,0,0,1
5070.1,5100.1,RM_C10482,ramp,FW_W,10482,,10,6,720.0,2727,26,0,0,0,0
5070.1,5100.1,RM_C10646,ramp,FW_W,10646,,18,3,360.0,425,4,0,0,0,2
5070.1,5100.1,RM_C10644,ramp,FW_W,10644,,22,2,240.0,615,8,0,0,0,0
5070.1,5100.1,RM_C10639,ramp,FW_E,10639,,10,2,240.0,574,2,0,0,0,0
5070.1,5100.1,RM_C10681,ramp,FW_E,10681,,12,6,720.0,1320,51,0,0,0,0
5070.1,5100.1,RM_C10490,ramp,FW_E,10490,,21,7,840.0,959,1,0,0,0,0
5070.1,5100.1,RM_C10484,ramp,FW_E,10484,,23,2,240.0,652,8,0,0,0,0
5070.1,5100.1,OR_D_E_signal,offramp,FW_E,10481,18,,2,240.0,424,1,0,0,0,0
5070.1,5100.1,OR_D_E_direct,offramp,FW_E,10483,20,,10,1200.0,1457,8,0,0,0,0
5070.1,5100.1,OR_D_W_signal,offramp,FW_W,10491,9,,8,960.0,1222,4,0,0,0,1
5070.1,5100.1,OR_D_W_direct,offramp,FW_W,10479,7,,8,960.0,1116,3,0,0,0,0
5070.1,5100.1,OR_F_E_signal,offramp,FW_E,10643,9,,2,240.0,761,35,0,0,0,0
5070.1,5100.1,OR_F_E_direct,offramp,FW_E,10682,11,,19,2280.0,1717,9,0,0,0,0
5070.1,5100.1,OR_F_W_signal,offramp,FW_W,10638,19,,5,600.0,969,9,0,0,0,2
5070.1,5100.1,OR_F_W_direct,offramp,FW_W,10645,16,,2,240.0,1544,0,0,0,0,0
5070.1,5100.1,source_1098,source,FW_E,,,0,63,7560.0,10532,,0,63,0,0
5070.1,5100.1,source_1099,source,FW_W,,,0,40,4800.0,6171,,0,40,0,0
5100.1,5130.1,RM_C10480,ramp,FW_W,10480,,8,2,240.0,227,1,0,0,0,0
5100.1,5130.1,RM_C10482,ramp,FW_W,10482,,10,20,2400.0,2747,13,0,0,0,0
5100.1,5130.1,RM_C10646,ramp,FW_W,10646,,18,4,480.0,429,2,0,0,0,2
5100.1,5130.1,RM_C10644,ramp,FW_W,10644,,22,2,240.0,617,6,0,0,0,0
5100.1,5130.1,RM_C10639,ramp,FW_E,10639,,10,0,0.0,574,4,0,0,0,0
5100.1,5130.1,RM_C10681,ramp,FW_E,10681,,12,9,1080.0,1329,44,0,0,0,0
5100.1,5130.1,RM_C10490,ramp,FW_E,10490,,21,3,360.0,962,1,0,0,0,0
5100.1,5130.1,RM_C10484,ramp,FW_E,10484,,23,5,600.0,657,4,0,0,0,0
5100.1,5130.1,OR_D_E_signal,offramp,FW_E,10481,18,,3,360.0,427,4,0,0,0,0
5100.1,5130.1,OR_D_E_direct,offramp,FW_E,10483,20,,10,1200.0,1467,3,0,0,0,0
5100.1,5130.1,OR_D_W_signal,offramp,FW_W,10491,9,,7,840.0,1229,4,0,0,0,0
5100.1,5130.1,OR_D_W_direct,offramp,FW_W,10479,7,,5,600.0,1121,2,0,0,0,0
5100.1,5130.1,OR_F_E_signal,offramp,FW_E,10643,9,,4,480.0,765,34,0,0,0,0
5100.1,5130.1,OR_F_E_direct,offramp,FW_E,10682,11,,12,1440.0,1729,2,0,0,0,0
5100.1,5130.1,OR_F_W_signal,offramp,FW_W,10638,19,,6,720.0,975,10,0,0,0,2
5100.1,5130.1,OR_F_W_direct,offramp,FW_W,10645,16,,9,1080.0,1553,4,0,0,0,0
5100.1,5130.1,source_1098,source,FW_E,,,0,61,7320.0,10593,,0,61,0,0
5100.1,5130.1,source_1099,source,FW_W,,,0,34,4080.0,6205,,0,34,0,0
5130.1,5160.1,RM_C10480,ramp,FW_W,10480,,8,1,120.0,228,0,0,0,0,1
5130.1,5160.1,RM_C10482,ramp,FW_W,10482,,10,13,1560.0,2760,17,0,0,0,0
5130.1,5160.1,RM_C10646,ramp,FW_W,10646,,18,2,240.0,431,0,0,0,0,2
5130.1,5160.1,RM_C10644,ramp,FW_W,10644,,22,3,360.0,620,7,0,0,0,0
5130.1,5160.1,RM_C10639,ramp,FW_E,10639,,10,4,480.0,578,3,0,0,0,0
5130.1,5160.1,RM_C10681,ramp,FW_E,10681,,12,7,840.0,1336,37,0,0,0,0
5130.1,5160.1,RM_C10490,ramp,FW_E,10490,,21,1,120.0,963,2,0,0,0,0
5130.1,5160.1,RM_C10484,ramp,FW_E,10484,,23,4,480.0,661,2,0,0,0,0
5130.1,5160.1,OR_D_E_signal,offramp,FW_E,10481,18,,0,0.0,427,0,0,0,0,0
5130.1,5160.1,OR_D_E_direct,offramp,FW_E,10483,20,,7,840.0,1474,4,0,0,0,0
5130.1,5160.1,OR_D_W_signal,offramp,FW_W,10491,9,,10,1200.0,1239,1,0,0,0,1
5130.1,5160.1,OR_D_W_direct,offramp,FW_W,10479,7,,7,840.0,1128,3,0,0,0,0
5130.1,5160.1,OR_F_E_signal,offramp,FW_E,10643,9,,1,120.0,766,33,0,0,0,0
5130.1,5160.1,OR_F_E_direct,offramp,FW_E,10682,11,,8,960.0,1737,4,0,0,0,0
5130.1,5160.1,OR_F_W_signal,offramp,FW_W,10638,19,,5,600.0,980,9,0,0,0,2
5130.1,5160.1,OR_F_W_direct,offramp,FW_W,10645,16,,5,600.0,1558,3,0,0,0,0
5130.1,5160.1,source_1098,source,FW_E,,,0,63,7560.0,10656,,0,63,0,0
5130.1,5160.1,source_1099,source,FW_W,,,0,22,2640.0,6227,,0,22,0,0
5160.1,5190.1,RM_C10480,ramp,FW_W,10480,,8,0,0.0,228,0,0,0,0,0
5160.1,5190.1,RM_C10482,ramp,FW_W,10482,,10,7,840.0,2767,19,0,0,0,0
5160.1,5190.1,RM_C10646,ramp,FW_W,10646,,18,1,120.0,432,0,0,0,0,0
5160.1,5190.1,RM_C10644,ramp,FW_W,10644,,22,3,360.0,623,6,0,0,0,0
5160.1,5190.1,RM_C10639,ramp,FW_E,10639,,10,3,360.0,581,0,0,0,0,0
5160.1,5190.1,RM_C10681,ramp,FW_E,10681,,12,7,840.0,1343,37,0,0,0,0
5160.1,5190.1,RM_C10490,ramp,FW_E,10490,,21,2,240.0,965,1,0,0,0,0
5160.1,5190.1,RM_C10484,ramp,FW_E,10484,,23,0,0.0,661,4,0,0,0,0
5160.1,5190.1,OR_D_E_signal,offramp,FW_E,10481,18,,2,240.0,429,2,0,0,0,0
5160.1,5190.1,OR_D_E_direct,offramp,FW_E,10483,20,,17,2040.0,1491,5,0,0,0,0
5160.1,5190.1,OR_D_W_signal,offramp,FW_W,10491,9,,6,720.0,1245,1,0,0,0,0
5160.1,5190.1,OR_D_W_direct,offramp,FW_W,10479,7,,8,960.0,1136,4,0,0,0,0
5160.1,5190.1,OR_F_E_signal,offramp,FW_E,10643,9,,7,840.0,773,36,0,0,0,0
5160.1,5190.1,OR_F_E_direct,offramp,FW_E,10682,11,,15,1800.0,1752,6,0,0,0,0
5160.1,5190.1,OR_F_W_signal,offramp,FW_W,10638,19,,3,360.0,983,7,0,0,0,0
5160.1,5190.1,OR_F_W_direct,offramp,FW_W,10645,16,,9,1080.0,1567,3,0,0,0,0
5160.1,5190.1,source_1098,source,FW_E,,,0,62,7440.0,10718,,0,62,0,0
5160.1,5190.1,source_1099,source,FW_W,,,0,33,3960.0,6260,,0,33,0,0
5190.1,5220.1,RM_C10480,ramp,FW_W,10480,,8,1,120.0,229,2,0,0,0,0
5190.1,5220.1,RM_C10482,ramp,FW_W,10482,,10,15,1800.0,2782,14,0,0,0,0
5190.1,5220.1,RM_C10646,ramp,FW_W,10646,,18,0,0.0,432,3,0,0,0,0
5190.1,5220.1,RM_C10644,ramp,FW_W,10644,,22,0,0.0,623,6,0,0,0,0
5190.1,5220.1,RM_C10639,ramp,FW_E,10639,,10,0,0.0,581,5,0,0,0,0
5190.1,5220.1,RM_C10681,ramp,FW_E,10681,,12,6,720.0,1349,46,0,0,0,0
5190.1,5220.1,RM_C10490,ramp,FW_E,10490,,21,1,120.0,966,3,0,0,0,0
5190.1,5220.1,RM_C10484,ramp,FW_E,10484,,23,4,480.0,665,6,0,0,0,0
5190.1,5220.1,OR_D_E_signal,offramp,FW_E,10481,18,,1,120.0,430,0,0,0,0,0
5190.1,5220.1,OR_D_E_direct,offramp,FW_E,10483,20,,6,720.0,1497,0,0,0,0,0
5190.1,5220.1,OR_D_W_signal,offramp,FW_W,10491,9,,9,1080.0,1254,3,0,0,0,0
5190.1,5220.1,OR_D_W_direct,offramp,FW_W,10479,7,,7,840.0,1143,1,0,0,0,0
5190.1,5220.1,OR_F_E_signal,offramp,FW_E,10643,9,,11,1320.0,784,41,0,0,0,0
5190.1,5220.1,OR_F_E_direct,offramp,FW_E,10682,11,,9,1080.0,1761,1,0,0,0,0
5190.1,5220.1,OR_F_W_signal,offramp,FW_W,10638,19,,6,720.0,989,11,0,0,0,0
5190.1,5220.1,OR_F_W_direct,offramp,FW_W,10645,16,,16,1920.0,1583,8,0,0,0,0
5190.1,5220.1,source_1098,source,FW_E,,,0,66,7920.0,10784,,0,66,0,0
5190.1,5220.1,source_1099,source,FW_W,,,0,38,4560.0,6298,,0,38,0,0
5220.1,5250.1,RM_C10480,ramp,FW_W,10480,,8,3,360.0,232,0,0,0,0,3
5220.1,5250.1,RM_C10482,ramp,FW_W,10482,,10,7,840.0,2789,19,0,0,0,0
5220.1,5250.1,RM_C10646,ramp,FW_W,10646,,18,2,240.0,434,8,0,0,0,2
5220.1,5250.1,RM_C10644,ramp,FW_W,10644,,22,6,720.0,629,0,0,0,0,0
5220.1,5250.1,RM_C10639,ramp,FW_E,10639,,10,4,480.0,585,4,0,0,0,0
5220.1,5250.1,RM_C10681,ramp,FW_E,10681,,12,10,1200.0,1359,50,0,0,0,0
5220.1,5250.1,RM_C10490,ramp,FW_E,10490,,21,1,120.0,967,9,0,0,0,0
5220.1,5250.1,RM_C10484,ramp,FW_E,10484,,23,6,720.0,671,6,0,0,0,0
5220.1,5250.1,OR_D_E_signal,offramp,FW_E,10481,18,,0,0.0,430,0,0,0,0,0
5220.1,5250.1,OR_D_E_direct,offramp,FW_E,10483,20,,5,600.0,1502,5,0,0,0,0
5220.1,5250.1,OR_D_W_signal,offramp,FW_W,10491,9,,14,1680.0,1268,7,0,0,0,3
5220.1,5250.1,OR_D_W_direct,offramp,FW_W,10479,7,,6,720.0,1149,4,0,0,0,0
5220.1,5250.1,OR_F_E_signal,offramp,FW_E,10643,9,,4,480.0,788,33,0,0,0,0
5220.1,5250.1,OR_F_E_direct,offramp,FW_E,10682,11,,8,960.0,1769,2,0,0,0,0
5220.1,5250.1,OR_F_W_signal,offramp,FW_W,10638,19,,4,480.0,993,11,0,0,0,2
5220.1,5250.1,OR_F_W_direct,offramp,FW_W,10645,16,,6,720.0,1589,2,0,0,0,0
5220.1,5250.1,source_1098,source,FW_E,,,0,67,8040.0,10851,,0,67,0,0
5220.1,5250.1,source_1099,source,FW_W,,,0,46,5520.0,6344,,0,46,0,0
5250.1,5280.1,RM_C10480,ramp,FW_W,10480,,8,2,240.0,234,0,0,0,0,1
5250.1,5280.1,RM_C10482,ramp,FW_W,10482,,10,14,1680.0,2803,13,0,0,0,0
5250.1,5280.1,RM_C10646,ramp,FW_W,10646,,18,8,960.0,442,3,0,0,0,1
5250.1,5280.1,RM_C10644,ramp,FW_W,10644,,22,0,0.0,629,4,0,0,0,0
5250.1,5280.1,RM_C10639,ramp,FW_E,10639,,10,4,480.0,589,3,0,0,0,0
5250.1,5280.1,RM_C10681,ramp,FW_E,10681,,12,8,960.0,1367,44,0,0,0,0
5250.1,5280.1,RM_C10490,ramp,FW_E,10490,,21,7,840.0,974,7,0,0,0,0
5250.1,5280.1,RM_C10484,ramp,FW_E,10484,,23,4,480.0,675,2,0,0,0,0
5250.1,5280.1,OR_D_E_signal,offramp,FW_E,10481,18,,3,360.0,433,3,0,0,0,0
5250.1,5280.1,OR_D_E_direct,offramp,FW_E,10483,20,,13,1560.0,1515,5,0,0,0,0
5250.1,5280.1,OR_D_W_signal,offramp,FW_W,10491,9,,8,960.0,1276,6,0,0,0,1
5250.1,5280.1,OR_D_W_direct,offramp,FW_W,10479,7,,6,720.0,1155,3,0,0,0,0
5250.1,5280.1,OR_F_E_signal,offramp,FW_E,10643,9,,10,1200.0,798,34,0,0,0,0
5250.1,5280.1,OR_F_E_direct,offramp,FW_E,10682,11,,9,1080.0,1778,4,0,0,0,0
5250.1,5280.1,OR_F_W_signal,offramp,FW_W,10638,19,,11,1320.0,1004,14,0,0,0,1
5250.1,5280.1,OR_F_W_direct,offramp,FW_W,10645,16,,7,840.0,1596,2,0,0,0,0
5250.1,5280.1,source_1098,source,FW_E,,,0,51,6120.0,10902,,0,51,0,0
5250.1,5280.1,source_1099,source,FW_W,,,0,34,4080.0,6378,,0,34,0,0
5280.1,5310.1,RM_C10480,ramp,FW_W,10480,,8,0,0.0,234,0,0,0,0,0
5280.1,5310.1,RM_C10482,ramp,FW_W,10482,,10,12,1440.0,2815,14,0,0,0,0
5280.1,5310.1,RM_C10646,ramp,FW_W,10646,,18,3,360.0,445,0,0,0,0,2
5280.1,5310.1,RM_C10644,ramp,FW_W,10644,,22,0,0.0,629,7,0,0,0,0
5280.1,5310.1,RM_C10639,ramp,FW_E,10639,,10,3,360.0,592,3,0,0,0,0
5280.1,5310.1,RM_C10681,ramp,FW_E,10681,,12,10,1200.0,1377,34,0,0,0,0
5280.1,5310.1,RM_C10490,ramp,FW_E,10490,,21,6,720.0,980,10,0,0,0,0
5280.1,5310.1,RM_C10484,ramp,FW_E,10484,,23,2,240.0,677,0,0,0,0,0
5280.1,5310.1,OR_D_E_signal,offramp,FW_E,10481,18,,3,360.0,436,1,0,0,0,0
5280.1,5310.1,OR_D_E_direct,offramp,FW_E,10483,20,,7,840.0,1522,7,0,0,0,0
5280.1,5310.1,OR_D_W_signal,offramp,FW_W,10491,9,,5,600.0,1281,5,0,0,0,0
5280.1,5310.1,OR_D_W_direct,offramp,FW_W,10479,7,,6,720.0,1161,2,0,0,0,0
5280.1,5310.1,OR_F_E_signal,offramp,FW_E,10643,9,,3,360.0,801,32,0,0,0,0
5280.1,5310.1,OR_F_E_direct,offramp,FW_E,10682,11,,14,1680.0,1792,4,0,0,0,0
5280.1,5310.1,OR_F_W_signal,offramp,FW_W,10638,19,,7,840.0,1011,14,0,0,0,2
5280.1,5310.1,OR_F_W_direct,offramp,FW_W,10645,16,,8,960.0,1604,2,0,0,0,0
5280.1,5310.1,source_1098,source,FW_E,,,0,61,7320.0,10963,,0,61,0,0
5280.1,5310.1,source_1099,source,FW_W,,,0,32,3840.0,6410,,0,32,0,0
5310.1,5340.1,RM_C10480,ramp,FW_W,10480,,8,0,0.0,234,0,0,0,0,0
5310.1,5340.1,RM_C10482,ramp,FW_W,10482,,10,1,120.0,2816,30,0,0,0,0
5310.1,5340.1,RM_C10646,ramp,FW_W,10646,,18,0,0.0,445,1,0,0,0,0
5310.1,5340.1,RM_C10644,ramp,FW_W,10644,,22,2,240.0,631,9,0,0,0,0
5310.1,5340.1,RM_C10639,ramp,FW_E,10639,,10,3,360.0,595,0,0,0,0,0
5310.1,5340.1,RM_C10681,ramp,FW_E,10681,,12,6,720.0,1383,36,0,0,0,0
5310.1,5340.1,RM_C10490,ramp,FW_E,10490,,21,10,1200.0,990,6,0,0,0,0
5310.1,5340.1,RM_C10484,ramp,FW_E,10484,,23,0,0.0,677,2,0,0,0,0
5310.1,5340.1,OR_D_E_signal,offramp,FW_E,10481,18,,4,480.0,440,3,0,0,0,0
5310.1,5340.1,OR_D_E_direct,offramp,FW_E,10483,20,,12,1440.0,1534,7,0,0,0,0
5310.1,5340.1,OR_D_W_signal,offramp,FW_W,10491,9,,10,1200.0,1291,3,0,0,0,0
5310.1,5340.1,OR_D_W_direct,offramp,FW_W,10479,7,,4,480.0,1165,1,0,0,0,0
5310.1,5340.1,OR_F_E_signal,offramp,FW_E,10643,9,,5,600.0,806,33,0,0,0,0
5310.1,5340.1,OR_F_E_direct,offramp,FW_E,10682,11,,11,1320.0,1803,2,0,0,0,0
5310.1,5340.1,OR_F_W_signal,offramp,FW_W,10638,19,,5,600.0,1016,13,0,0,0,0
5310.1,5340.1,OR_F_W_direct,offramp,FW_W,10645,16,,8,960.0,1612,2,0,0,0,0
5310.1,5340.1,source_1098,source,FW_E,,,0,65,7800.0,11028,,0,65,0,0
5310.1,5340.1,source_1099,source,FW_W,,,0,13,1560.0,6423,,0,13,0,0
5340.1,5370.1,RM_C10480,ramp,FW_W,10480,,8,3,360.0,237,3,0,0,0,2
5340.1,5370.1,RM_C10482,ramp,FW_W,10482,,10,25,3000.0,2841,15,0,0,0,0
5340.1,5370.1,RM_C10646,ramp,FW_W,10646,,18,0,0.0,445,5,0,0,0,0
5340.1,5370.1,RM_C10644,ramp,FW_W,10644,,22,1,120.0,632,9,0,0,0,0
5340.1,5370.1,RM_C10639,ramp,FW_E,10639,,10,0,0.0,595,4,0,0,0,0
5340.1,5370.1,RM_C10681,ramp,FW_E,10681,,12,6,720.0,1389,51,0,0,0,0
5340.1,5370.1,RM_C10490,ramp,FW_E,10490,,21,7,840.0,997,6,0,0,0,0
5340.1,5370.1,RM_C10484,ramp,FW_E,10484,,23,0,0.0,677,2,0,0,0,0
5340.1,5370.1,OR_D_E_signal,offramp,FW_E,10481,18,,1,120.0,441,1,0,0,0,0
5340.1,5370.1,OR_D_E_direct,offramp,FW_E,10483,20,,9,1080.0,1543,4,0,0,0,0
5340.1,5370.1,OR_D_W_signal,offramp,FW_W,10491,9,,10,1200.0,1301,5,0,0,0,2
5340.1,5370.1,OR_D_W_direct,offramp,FW_W,10479,7,,9,1080.0,1174,2,0,0,0,0
5340.1,5370.1,OR_F_E_signal,offramp,FW_E,10643,9,,5,600.0,811,34,0,0,0,0
5340.1,5370.1,OR_F_E_direct,offramp,FW_E,10682,11,,8,960.0,1811,0,0,0,0,0
5340.1,5370.1,OR_F_W_signal,offramp,FW_W,10638,19,,3,360.0,1019,7,0,0,0,0
5340.1,5370.1,OR_F_W_direct,offramp,FW_W,10645,16,,10,1200.0,1622,8,0,0,0,0
5340.1,5370.1,source_1098,source,FW_E,,,0,59,7080.0,11087,,0,59,0,0
5340.1,5370.1,source_1099,source,FW_W,,,0,37,4440.0,6460,,0,37,0,0
5370.1,5400.1,RM_C10480,ramp,FW_W,10480,,8,3,360.0,240,0,0,0,0,2
5370.1,5400.1,RM_C10482,ramp,FW_W,10482,,10,11,1320.0,2852,13,0,0,0,0
5370.1,5400.1,RM_C10646,ramp,FW_W,10646,,18,6,720.0,451,2,0,0,0,3
5370.1,5400.1,RM_C10644,ramp,FW_W,10644,,22,4,480.0,636,8,0,0,0,0
5370.1,5400.1,RM_C10639,ramp,FW_E,10639,,10,3,360.0,598,4,0,0,0,0
5370.1,5400.1,RM_C10681,ramp,FW_E,10681,,12,9,1080.0,1398,49,0,0,0,0
5370.1,5400.1,RM_C10490,ramp,FW_E,10490,,21,6,720.0,1003,7,0,0,0,0
5370.1,5400.1,RM_C10484,ramp,FW_E,10484,,23,2,240.0,679,2,0,0,0,0
5370.1,5400.1,OR_D_E_signal,offramp,FW_E,10481,18,,1,120.0,442,1,0,0,0,0
5370.1,5400.1,OR_D_E_direct,offramp,FW_E,10483,20,,4,480.0,1547,0,0,0,0,0
5370.1,5400.1,OR_D_W_signal,offramp,FW_W,10491,9,,17,2040.0,1318,9,0,0,0,2
5370.1,5400.1,OR_D_W_direct,offramp,FW_W,10479,7,,3,360.0,1177,1,0,0,0,0
5370.1,5400.1,OR_F_E_signal,offramp,FW_E,10643,9,,4,480.0,815,33,0,0,0,0
5370.1,5400.1,OR_F_E_direct,offramp,FW_E,10682,11,,9,1080.0,1820,4,0,0,0,0
5370.1,5400.1,OR_F_W_signal,offramp,FW_W,10638,19,,8,960.0,1027,11,0,0,0,3
5370.1,5400.1,OR_F_W_direct,offramp,FW_W,10645,16,,5,600.0,1627,4,0,0,0,0
5370.1,5400.1,source_1098,source,FW_E,,,0,64,7680.0,11151,,0,64,0,0
5370.1,5400.1,source_1099,source,FW_W,,,0,43,5160.0,6503,,0,43,0,0
5400.1,5430.1,RM_C10480,ramp,FW_W,10480,,8,1,120.0,241,0,0,0,0,1
5400.1,5430.1,RM_C10482,ramp,FW_W,10482,,10,7,840.0,2859,17,0,0,0,0
5400.1,5430.1,RM_C10646,ramp,FW_W,10646,,18,1,120.0,452,2,0,0,0,0
5400.1,5430.1,RM_C10644,ramp,FW_W,10644,,22,4,480.0,640,5,0,0,0,0
5400.1,5430.1,RM_C10639,ramp,FW_E,10639,,10,4,480.0,602,2,0,0,0,0
5400.1,5430.1,RM_C10681,ramp,FW_E,10681,,12,11,1320.0,1409,41,0,0,0,0
5400.1,5430.1,RM_C10490,ramp,FW_E,10490,,21,7,840.0,1010,6,0,0,0,0
5400.1,5430.1,RM_C10484,ramp,FW_E,10484,,23,2,240.0,681,1,0,0,0,0
5400.1,5430.1,OR_D_E_signal,offramp,FW_E,10481,18,,4,480.0,446,5,0,0,0,0
5400.1,5430.1,OR_D_E_direct,offramp,FW_E,10483,20,,13,1560.0,1560,5,0,0,0,0
5400.1,5430.1,OR_D_W_signal,offramp,FW_W,10491,9,,7,840.0,1325,6,0,0,0,1
5400.1,5430.1,OR_D_W_direct,offramp,FW_W,10479,7,,3,360.0,1180,0,0,0,0,0
5400.1,5430.1,OR_F_E_signal,offramp,FW_E,10643,9,,11,1320.0,826,37,0,0,0,0
5400.1,5430.1,OR_F_E_direct,offramp,FW_E,10682,11,,9,1080.0,1829,2,0,0,0,0
5400.1,5430.1,OR_F_W_signal,offramp,FW_W,10638,19,,2,240.0,1029,7,0,0,0,0
5400.1,5430.1,OR_F_W_direct,offramp,FW_W,10645,16,,8,960.0,1635,3,0,0,0,0
5400.1,5430.1,source_1098,source,FW_E,,,0,57,6840.0,11208,,0,57,0,0
5400.1,5430.1,source_1099,source,FW_W,,,0,14,1680.0,6517,,0,14,0,0
5430.1,5460.1,RM_C10480,ramp,FW_W,10480,,8,0,0.0,241,0,0,0,0,0
5430.1,5460.1,RM_C10482,ramp,FW_W,10482,,10,17,2040.0,2876,10,0,0,0,0
5430.1,5460.1,RM_C10646,ramp,FW_W,10646,,18,2,240.0,454,5,0,0,0,1
5430.1,5460.1,RM_C10644,ramp,FW_W,10644,,22,0,0.0,640,8,0,0,0,0
5430.1,5460.1,RM_C10639,ramp,FW_E,10639,,10,2,240.0,604,5,0,0,0,0
5430.1,5460.1,RM_C10681,ramp,FW_E,10681,,12,7,840.0,1416,42,0,0,0,0
5430.1,5460.1,RM_C10490,ramp,FW_E,10490,,21,6,720.0,1016,0,0,0,0,0
5430.1,5460.1,RM_C10484,ramp,FW_E,10484,,23,1,120.0,682,5,0,0,0,0
5430.1,5460.1,OR_D_E_signal,offramp,FW_E,10481,18,,3,360.0,449,2,0,0,0,0
5430.1,5460.1,OR_D_E_direct,offramp,FW_E,10483,20,,6,720.0,1566,2,0,0,0,0
5430.1,5460.1,OR_D_W_signal,offramp,FW_W,10491,9,,11,1320.0,1336,11,0,0,0,0
5430.1,5460.1,OR_D_W_direct,offramp,FW_W,10479,7,,9,1080.0,1189,3,0,0,0,0
5430.1,5460.1,OR_F_E_signal,offramp,FW_E,10643,9,,0,0.0,826,33,0,0,0,0
5430.1,5460.1,OR_F_E_direct,offramp,FW_E,10682,11,,6,720.0,1835,0,0,0,0,0
5430.1,5460.1,OR_F_W_signal,offramp,FW_W,10638,19,,9,1080.0,1038,10,0,0,0,1
5430.1,5460.1,OR_F_W_direct,offramp,FW_W,10645,16,,6,720.0,1641,1,0,0,0,0
5430.1,5460.1,source_1098,source,FW_E,,,0,58,6960.0,11266,,0,58,0,0
5430.1,5460.1,source_1099,source,FW_W,,,0,37,4440.0,6554,,0,37,0,0
5460.1,5490.1,RM_C10480,ramp,FW_W,10480,,8,1,120.0,242,0,0,0,0,1
5460.1,5490.1,RM_C10482,ramp,FW_W,10482,,10,3,360.0,2879,20,0,0,0,0
5460.1,5490.1,RM_C10646,ramp,FW_W,10646,,18,5,600.0,459,2,0,0,0,3
5460.1,5490.1,RM_C10644,ramp,FW_W,10644,,22,5,600.0,645,4,0,0,0,0
5460.1,5490.1,RM_C10639,ramp,FW_E,10639,,10,5,600.0,609,4,0,0,0,0
5460.1,5490.1,RM_C10681,ramp,FW_E,10681,,12,7,840.0,1423,38,0,0,0,0
5460.1,5490.1,RM_C10490,ramp,FW_E,10490,,21,0,0.0,1016,0,0,0,0,0
5460.1,5490.1,RM_C10484,ramp,FW_E,10484,,23,4,480.0,686,4,0,0,0,0
5460.1,5490.1,OR_D_E_signal,offramp,FW_E,10481,18,,1,120.0,450,2,0,0,0,0
5460.1,5490.1,OR_D_E_direct,offramp,FW_E,10483,20,,5,600.0,1571,3,0,0,0,0
5460.1,5490.1,OR_D_W_signal,offramp,FW_W,10491,9,,6,720.0,1342,17,0,0,0,1
5460.1,5490.1,OR_D_W_direct,offramp,FW_W,10479,7,,10,1200.0,1199,2,0,0,0,0
5460.1,5490.1,OR_F_E_signal,offramp,FW_E,10643,9,,6,720.0,832,35,0,0,0,0
5460.1,5490.1,OR_F_E_direct,offramp,FW_E,10682,11,,5,600.0,1840,2,0,0,0,0
5460.1,5490.1,OR_F_W_signal,offramp,FW_W,10638,19,,8,960.0,1046,12,0,0,0,3
5460.1,5490.1,OR_F_W_direct,offramp,FW_W,10645,16,,1,120.0,1642,0,0,0,0,0
5460.1,5490.1,source_1098,source,FW_E,,,0,60,7200.0,11326,,0,60,0,0
5460.1,5490.1,source_1099,source,FW_W,,,0,34,4080.0,6588,,0,34,0,0
5490.1,5520.1,RM_C10480,ramp,FW_W,10480,,8,0,0.0,242,0,0,0,0,0
5490.1,5520.1,RM_C10482,ramp,FW_W,10482,,10,14,1680.0,2893,16,0,0,0,0
5490.1,5520.1,RM_C10646,ramp,FW_W,10646,,18,0,0.0,459,6,0,0,0,0
5490.1,5520.1,RM_C10644,ramp,FW_W,10644,,22,1,120.0,646,4,0,0,0,0
5490.1,5520.1,RM_C10639,ramp,FW_E,10639,,10,3,360.0,612,4,0,0,0,0
5490.1,5520.1,RM_C10681,ramp,FW_E,10681,,12,10,1200.0,1433,44,0,0,0,0
5490.1,5520.1,RM_C10490,ramp,FW_E,10490,,21,0,0.0,1016,9,0,0,0,0
5490.1,5520.1,RM_C10484,ramp,FW_E,10484,,23,2,240.0,688,6,0,0,0,0
5490.1,5520.1,OR_D_E_signal,offramp,FW_E,10481,18,,3,360.0,453,2,0,0,0,0
5490.1,5520.1,OR_D_E_direct,offramp,FW_E,10483,20,,10,1200.0,1581,8,0,0,0,0
5490.1,5520.1,OR_D_W_signal,offramp,FW_W,10491,9,,9,1080.0,1351,22,0,0,0,0
5490.1,5520.1,OR_D_W_direct,offramp,FW_W,10479,7,,6,720.0,1205,3,0,0,0,0
5490.1,5520.1,OR_F_E_signal,offramp,FW_E,10643,9,,4,480.0,836,35,0,0,0,0
5490.1,5520.1,OR_F_E_direct,offramp,FW_E,10682,11,,18,2160.0,1858,4,0,0,0,0
5490.1,5520.1,OR_F_W_signal,offramp,FW_W,10638,19,,2,240.0,1048,6,0,0,0,0
5490.1,5520.1,OR_F_W_direct,offramp,FW_W,10645,16,,11,1320.0,1653,6,0,0,0,0
5490.1,5520.1,source_1098,source,FW_E,,,0,58,6960.0,11384,,0,58,0,0
5490.1,5520.1,source_1099,source,FW_W,,,0,18,2160.0,6606,,0,18,0,0
5520.1,5550.1,RM_C10480,ramp,FW_W,10480,,8,1,120.0,243,0,0,0,0,0
5520.1,5550.1,RM_C10482,ramp,FW_W,10482,,10,12,1440.0,2905,12,0,0,0,0
5520.1,5550.1,RM_C10646,ramp,FW_W,10646,,18,5,600.0,464,3,0,0,0,2
5520.1,5550.1,RM_C10644,ramp,FW_W,10644,,22,3,360.0,649,2,0,0,0,0
5520.1,5550.1,RM_C10639,ramp,FW_E,10639,,10,2,240.0,614,5,0,0,0,0
5520.1,5550.1,RM_C10681,ramp,FW_E,10681,,12,9,1080.0,1442,47,0,0,0,0
5520.1,5550.1,RM_C10490,ramp,FW_E,10490,,21,8,960.0,1024,7,0,0,0,0
5520.1,5550.1,RM_C10484,ramp,FW_E,10484,,23,4,480.0,692,6,0,0,0,0
5520.1,5550.1,OR_D_E_signal,offramp,FW_E,10481,18,,1,120.0,454,3,0,0,0,0
5520.1,5550.1,OR_D_E_direct,offramp,FW_E,10483,20,,7,840.0,1588,1,0,0,0,0
5520.1,5550.1,OR_D_W_signal,offramp,FW_W,10491,9,,6,720.0,1357,15,0,0,0,0
5520.1,5550.1,OR_D_W_direct,offramp,FW_W,10479,7,,8,960.0,1213,2,0,0,0,0
5520.1,5550.1,OR_F_E_signal,offramp,FW_E,10643,9,,9,1080.0,845,39,0,0,0,0
5520.1,5550.1,OR_F_E_direct,offramp,FW_E,10682,11,,4,480.0,1862,1,0,0,0,0
5520.1,5550.1,OR_F_W_signal,offramp,FW_W,10638,19,,10,1200.0,1058,9,0,0,0,2
5520.1,5550.1,OR_F_W_direct,offramp,FW_W,10645,16,,9,1080.0,1662,5,0,0,0,0
5520.1,5550.1,source_1098,source,FW_E,,,0,59,7080.0,11443,,0,59,0,0
5520.1,5550.1,source_1099,source,FW_W,,,0,48,5760.0,6654,,0,48,0,0
5550.1,5580.1,RM_C10480,ramp,FW_W,10480,,8,2,240.0,245,0,0,0,0,0
5550.1,5580.1,RM_C10482,ramp,FW_W,10482,,10,7,840.0,2912,16,0,0,0,0
5550.1,5580.1,RM_C10646,ramp,FW_W,10646,,18,2,240.0,466,7,0,0,0,1
5550.1,5580.1,RM_C10644,ramp,FW_W,10644,,22,1,120.0,650,3,0,0,0,0
5550.1,5580.1,RM_C10639,ramp,FW_E,10639,,10,5,600.0,619,0,0,0,0,0
5550.1,5580.1,RM_C10681,ramp,FW_E,10681,,12,9,1080.0,1451,43,0,0,0,0
5550.1,5580.1,RM_C10490,ramp,FW_E,10490,,21,6,720.0,1030,5,0,0,0,0
5550.1,5580.1,RM_C10484,ramp,FW_E,10484,,23,3,360.0,695,5,0,0,0,0
5550.1,5580.1,OR_D_E_signal,offramp,FW_E,10481,18,,2,240.0,456,4,0,0,0,0
5550.1,5580.1,OR_D_E_direct,offramp,FW_E,10483,20,,12,1440.0,1600,7,0,0,0,0
5550.1,5580.1,OR_D_W_signal,offramp,FW_W,10491,9,,7,840.0,1364,7,0,0,0,0
5550.1,5580.1,OR_D_W_direct,offramp,FW_W,10479,7,,4,480.0,1217,4,0,0,0,0
5550.1,5580.1,OR_F_E_signal,offramp,FW_E,10643,9,,3,360.0,848,38,0,0,0,0
5550.1,5580.1,OR_F_E_direct,offramp,FW_E,10682,11,,9,1080.0,1871,1,0,0,0,0
5550.1,5580.1,OR_F_W_signal,offramp,FW_W,10638,19,,2,240.0,1060,6,0,0,0,1
5550.1,5580.1,OR_F_W_direct,offramp,FW_W,10645,16,,9,1080.0,1671,3,0,0,0,0
5550.1,5580.1,source_1098,source,FW_E,,,0,62,7440.0,11505,,0,62,0,0
5550.1,5580.1,source_1099,source,FW_W,,,0,21,2520.0,6675,,0,21,0,0
5580.1,5610.1,RM_C10480,ramp,FW_W,10480,,8,0,0.0,245,1,0,0,0,0
5580.1,5610.1,RM_C10482,ramp,FW_W,10482,,10,9,1080.0,2921,20,0,0,0,0
5580.1,5610.1,RM_C10646,ramp,FW_W,10646,,18,7,840.0,473,0,0,0,0,1
5580.1,5610.1,RM_C10644,ramp,FW_W,10644,,22,0,0.0,650,3,0,0,0,0
5580.1,5610.1,RM_C10639,ramp,FW_E,10639,,10,0,0.0,619,0,0,0,0,0
5580.1,5610.1,RM_C10681,ramp,FW_E,10681,,12,9,1080.0,1460,34,0,0,0,0
5580.1,5610.1,RM_C10490,ramp,FW_E,10490,,21,6,720.0,1036,5,0,0,0,0
5580.1,5610.1,RM_C10484,ramp,FW_E,10484,,23,4,480.0,699,4,0,0,0,0
5580.1,5610.1,OR_D_E_signal,offramp,FW_E,10481,18,,3,360.0,459,2,0,0,0,0
5580.1,5610.1,OR_D_E_direct,offramp,FW_E,10483,20,,12,1440.0,1612,5,0,0,0,0
5580.1,5610.1,OR_D_W_signal,offramp,FW_W,10491,9,,9,1080.0,1373,4,0,0,0,0
5580.1,5610.1,OR_D_W_direct,offramp,FW_W,10479,7,,8,960.0,1225,3,0,0,0,0
5580.1,5610.1,OR_F_E_signal,offramp,FW_E,10643,9,,10,1200.0,858,44,0,0,0,0
5580.1,5610.1,OR_F_E_direct,offramp,FW_E,10682,11,,3,360.0,1874,1,0,0,0,0
5580.1,5610.1,OR_F_W_signal,offramp,FW_W,10638,19,,11,1320.0,1071,12,0,0,0,1
5580.1,5610.1,OR_F_W_direct,offramp,FW_W,10645,16,,2,240.0,1673,0,0,0,0,0
5580.1,5610.1,source_1098,source,FW_E,,,0,71,8520.0,11576,,0,71,0,0
5580.1,5610.1,source_1099,source,FW_W,,,0,23,2760.0,6698,,0,23,0,0
5610.1,5640.1,RM_C10480,ramp,FW_W,10480,,8,1,120.0,246,0,0,0,0,1
5610.1,5640.1,RM_C10482,ramp,FW_W,10482,,10,13,1560.0,2934,24,0,0,0,0
5610.1,5640.1,RM_C10646,ramp,FW_W,10646,,18,0,0.0,473,0,0,0,0,0
5610.1,5640.1,RM_C10644,ramp,FW_W,10644,,22,0,0.0,650,6,0,0,0,0
5610.1,5640.1,RM_C10639,ramp,FW_E,10639,,10,0,0.0,619,2,0,0,0,0
5610.1,5640.1,RM_C10681,ramp,FW_E,10681,,12,6,720.0,1466,36,0,0,0,0
5610.1,5640.1,RM_C10490,ramp,FW_E,10490,,21,5,600.0,1041,0,0,0,0,0
5610.1,5640.1,RM_C10484,ramp,FW_E,10484,,23,1,120.0,700,4,0,0,0,0
5610.1,5640.1,OR_D_E_signal,offramp,FW_E,10481,18,,1,120.0,460,0,0,0,0,0
5610.1,5640.1,OR_D_E_direct,offramp,FW_E,10483,20,,2,240.0,1614,0,0,0,0,0
5610.1,5640.1,OR_D_W_signal,offramp,FW_W,10491,9,,9,1080.0,1382,7,0,0,0,1
5610.1,5640.1,OR_D_W_direct,offramp,FW_W,10479,7,,8,960.0,1233,3,0,0,0,0
5610.1,5640.1,OR_F_E_signal,offramp,FW_E,10643,9,,9,1080.0,867,53,0,0,0,0
5610.1,5640.1,OR_F_E_direct,offramp,FW_E,10682,11,,4,480.0,1878,0,0,0,0,0
5610.1,5640.1,OR_F_W_signal,offramp,FW_W,10638,19,,4,480.0,1075,10,0,0,0,0
5610.1,5640.1,OR_F_W_direct,offramp,FW_W,10645,16,,8,960.0,1681,2,0,0,0,0
5610.1,5640.1,source_1098,source,FW_E,,,0,69,8280.0,11645,,0,69,0,0
5610.1,5640.1,source_1099,source,FW_W,,,0,42,5040.0,6740,,0,42,0,0
5640.1,5670.1,RM_C10480,ramp,FW_W,10480,,8,0,0.0,246,0,0,0,0,0
5640.1,5670.1,RM_C10482,ramp,FW_W,10482,,10,15,1800.0,2949,13,0,0,0,0
5640.1,5670.1,RM_C10646,ramp,FW_W,10646,,18,0,0.0,473,6,0,0,0,0
5640.1,5670.1,RM_C10644,ramp,FW_W,10644,,22,3,360.0,653,5,0,0,0,0
5640.1,5670.1,RM_C10639,ramp,FW_E,10639,,10,1,120.0,620,3,0,0,0,0
5640.1,5670.1,RM_C10681,ramp,FW_E,10681,,12,8,960.0,1474,41,0,0,0,0
5640.1,5670.1,RM_C10490,ramp,FW_E,10490,,21,0,0.0,1041,3,0,0,0,0
5640.1,5670.1,RM_C10484,ramp,FW_E,10484,,23,4,480.0,704,1,0,0,0,0
5640.1,5670.1,OR_D_E_signal,offramp,FW_E,10481,18,,1,120.0,461,0,0,0,0,0
5640.1,5670.1,OR_D_E_direct,offramp,FW_E,10483,20,,17,2040.0,1631,4,0,0,0,0
5640.1,5670.1,OR_D_W_signal,offramp,FW_W,10491,9,,7,840.0,1389,6,0,0,0,0
5640.1,5670.1,OR_D_W_direct,offramp,FW_W,10479,7,,5,600.0,1238,2,0,0,0,0
5640.1,5670.1,OR_F_E_signal,offramp,FW_E,10643,9,,4,480.0,871,54,0,0,0,0
5640.1,5670.1,OR_F_E_direct,offramp,FW_E,10682,11,,8,960.0,1886,6,0,0,0,0
5640.1,5670.1,OR_F_W_signal,offramp,FW_W,10638,19,,2,240.0,1077,8,0,0,0,0
5640.1,5670.1,OR_F_W_direct,offramp,FW_W,10645,16,,7,840.0,1688,5,0,0,0,0
5640.1,5670.1,source_1098,source,FW_E,,,0,70,8400.0,11715,,0,70,0,0
5640.1,5670.1,source_1099,source,FW_W,,,0,29,3480.0,6769,,0,29,0,0
5670.1,5700.1,RM_C10480,ramp,FW_W,10480,,8,0,0.0,246,1,0,0,0,0
5670.1,5700.1,RM_C10482,ramp,FW_W,10482,,10,10,1200.0,2959,14,0,0,0,0
5670.1,5700.1,RM_C10646,ramp,FW_W,10646,,18,7,840.0,480,7,0,0,0,4
5670.1,5700.1,RM_C10644,ramp,FW_W,10644,,22,0,0.0,653,6,0,0,0,0
5670.1,5700.1,RM_C10639,ramp,FW_E,10639,,10,3,360.0,623,1,0,0,0,0
5670.1,5700.1,RM_C10681,ramp,FW_E,10681,,12,6,720.0,1480,48,0,0,0,0
5670.1,5700.1,RM_C10490,ramp,FW_E,10490,,21,3,360.0,1044,6,0,0,0,0
5670.1,5700.1,RM_C10484,ramp,FW_E,10484,,23,1,120.0,705,5,0,0,0,0
5670.1,5700.1,OR_D_E_signal,offramp,FW_E,10481,18,,2,240.0,463,2,0,0,0,0
5670.1,5700.1,OR_D_E_direct,offramp,FW_E,10483,20,,9,1080.0,1640,1,0,0,0,0
5670.1,5700.1,OR_D_W_signal,offramp,FW_W,10491,9,,4,480.0,1393,1,0,0,0,0
5670.1,5700.1,OR_D_W_direct,offramp,FW_W,10479,7,,4,480.0,1242,1,0,0,0,0
5670.1,5700.1,OR_F_E_signal,offramp,FW_E,10643,9,,5,600.0,876,55,0,0,0,0
5670.1,5700.1,OR_F_E_direct,offramp,FW_E,10682,11,,17,2040.0,1903,9,0,0,0,0
5670.1,5700.1,OR_F_W_signal,offramp,FW_W,10638,19,,9,1080.0,1086,14,0,0,0,4
5670.1,5700.1,OR_F_W_direct,offramp,FW_W,10645,16,,6,720.0,1694,3,0,0,0,0
5670.1,5700.1,source_1098,source,FW_E,,,0,65,7800.0,11780,,0,65,0,0
5670.1,5700.1,source_1099,source,FW_W,,,0,25,3000.0,6794,,0,25,0,0
5700.1,5730.1,RM_C10480,ramp,FW_W,10480,,8,2,240.0,248,1,0,0,0,2
5700.1,5730.1,RM_C10482,ramp,FW_W,10482,,10,12,1440.0,2971,10,0,0,0,0
5700.1,5730.1,RM_C10646,ramp,FW_W,10646,,18,7,840.0,487,6,0,0,0,4
5700.1,5730.1,RM_C10644,ramp,FW_W,10644,,22,0,0.0,653,9,0,0,0,0
5700.1,5730.1,RM_C10639,ramp,FW_E,10639,,10,1,120.0,624,1,0,0,0,0
5700.1,5730.1,RM_C10681,ramp,FW_E,10681,,12,10,1200.0,1490,39,0,0,0,0
5700.1,5730.1,RM_C10490,ramp,FW_E,10490,,21,6,720.0,1050,3,0,0,0,0
5700.1,5730.1,RM_C10484,ramp,FW_E,10484,,23,5,600.0,710,2,0,0,0,0
5700.1,5730.1,OR_D_E_signal,offramp,FW_E,10481,18,,3,360.0,466,5,0,0,0,0
5700.1,5730.1,OR_D_E_direct,offramp,FW_E,10483,20,,7,840.0,1647,4,0,0,0,0
5700.1,5730.1,OR_D_W_signal,offramp,FW_W,10491,9,,11,1320.0,1404,5,0,0,0,2
5700.1,5730.1,OR_D_W_direct,offramp,FW_W,10479,7,,7,840.0,1249,2,0,0,0,0
5700.1,5730.1,OR_F_E_signal,offramp,FW_E,10643,9,,7,840.0,883,56,0,0,0,0
5700.1,5730.1,OR_F_E_direct,offramp,FW_E,10682,11,,7,840.0,1910,5,0,0,0,0
5700.1,5730.1,OR_F_W_signal,offramp,FW_W,10638,19,,11,1320.0,1097,23,0,0,0,4
5700.1,5730.1,OR_F_W_direct,offramp,FW_W,10645,16,,5,600.0,1699,2,0,0,0,0
5700.1,5730.1,source_1098,source,FW_E,,,0,47,5640.0,11827,,0,47,0,0
5700.1,5730.1,source_1099,source,FW_W,,,0,51,6120.0,6845,,0,51,0,0
5730.1,5760.1,RM_C10480,ramp,FW_W,10480,,8,1,120.0,249,0,0,0,0,1
5730.1,5760.1,RM_C10482,ramp,FW_W,10482,,10,6,720.0,2977,10,0,0,0,0
5730.1,5760.1,RM_C10646,ramp,FW_W,10646,,18,6,720.0,493,0,0,0,0,1
5730.1,5760.1,RM_C10644,ramp,FW_W,10644,,22,5,600.0,658,8,0,0,0,0
5730.1,5760.1,RM_C10639,ramp,FW_E,10639,,10,1,120.0,625,0,0,0,0,0
5730.1,5760.1,RM_C10681,ramp,FW_E,10681,,12,8,960.0,1498,32,0,0,0,0
5730.1,5760.1,RM_C10490,ramp,FW_E,10490,,21,2,240.0,1052,7,0,0,0,0
5730.1,5760.1,RM_C10484,ramp,FW_E,10484,,23,2,240.0,712,2,0,0,0,0
5730.1,5760.1,OR_D_E_signal,offramp,FW_E,10481,18,,1,120.0,467,1,0,0,0,0
5730.1,5760.1,OR_D_E_direct,offramp,FW_E,10483,20,,14,1680.0,1661,2,0,0,0,0
5730.1,5760.1,OR_D_W_signal,offramp,FW_W,10491,9,,11,1320.0,1415,4,0,0,0,1
5730.1,5760.1,OR_D_W_direct,offramp,FW_W,10479,7,,10,1200.0,1259,4,0,0,0,0
5730.1,5760.1,OR_F_E_signal,offramp,FW_E,10643,9,,8,960.0,891,63,0,0,0,0
5730.1,5760.1,OR_F_E_direct,offramp,FW_E,10682,11,,4,480.0,1914,1,0,0,0,0
5730.1,5760.1,OR_F_W_signal,offramp,FW_W,10638,19,,13,1560.0,1110,33,0,0,0,1
5730.1,5760.1,OR_F_W_direct,offramp,FW_W,10645,16,,9,1080.0,1708,5,0,0,0,0
5730.1,5760.1,source_1098,source,FW_E,,,0,65,7800.0,11892,,0,65,0,0
5730.1,5760.1,source_1099,source,FW_W,,,0,24,2880.0,6869,,0,24,0,0
5760.1,5790.1,RM_C10480,ramp,FW_W,10480,,8,1,120.0,250,0,0,0,0,1
5760.1,5790.1,RM_C10482,ramp,FW_W,10482,,10,8,960.0,2985,12,0,0,0,0
5760.1,5790.1,RM_C10646,ramp,FW_W,10646,,18,0,0.0,493,1,0,0,0,0
5760.1,5790.1,RM_C10644,ramp,FW_W,10644,,22,4,480.0,662,4,0,0,0,0
5760.1,5790.1,RM_C10639,ramp,FW_E,10639,,10,0,0.0,625,1,0,0,0,0
5760.1,5790.1,RM_C10681,ramp,FW_E,10681,,12,6,720.0,1504,34,0,0,0,0
5760.1,5790.1,RM_C10490,ramp,FW_E,10490,,21,5,600.0,1057,2,0,0,0,0
5760.1,5790.1,RM_C10484,ramp,FW_E,10484,,23,0,0.0,712,3,0,0,0,0
5760.1,5790.1,OR_D_E_signal,offramp,FW_E,10481,18,,3,360.0,470,2,0,0,0,0
5760.1,5790.1,OR_D_E_direct,offramp,FW_E,10483,20,,3,360.0,1664,0,0,0,0,0
5760.1,5790.1,OR_D_W_signal,offramp,FW_W,10491,9,,3,360.0,1418,2,0,0,0,1
5760.1,5790.1,OR_D_W_direct,offramp,FW_W,10479,7,,7,840.0,1266,2,0,0,0,0
5760.1,5790.1,OR_F_E_signal,offramp,FW_E,10643,9,,8,960.0,899,71,0,0,0,0
5760.1,5790.1,OR_F_E_direct,offramp,FW_E,10682,11,,18,2160.0,1932,6,0,0,0,0
5760.1,5790.1,OR_F_W_signal,offramp,FW_W,10638,19,,4,480.0,1114,35,0,0,0,0
5760.1,5790.1,OR_F_W_direct,offramp,FW_W,10645,16,,6,720.0,1714,4,0,0,0,0
5760.1,5790.1,source_1098,source,FW_E,,,0,58,6960.0,11950,,0,58,0,0
5760.1,5790.1,source_1099,source,FW_W,,,0,27,3240.0,6896,,0,27,0,0
5790.1,5820.1,RM_C10480,ramp,FW_W,10480,,8,0,0.0,250,2,0,0,0,0
5790.1,5820.1,RM_C10482,ramp,FW_W,10482,,10,9,1080.0,2994,8,0,0,0,0
5790.1,5820.1,RM_C10646,ramp,FW_W,10646,,18,1,120.0,494,4,0,0,0,0
5790.1,5820.1,RM_C10644,ramp,FW_W,10644,,22,0,0.0,662,8,0,0,0,0
5790.1,5820.1,RM_C10639,ramp,FW_E,10639,,10,1,120.0,626,0,0,0,0,0
5790.1,5820.1,RM_C10681,ramp,FW_E,10681,,12,7,840.0,1511,43,0,0,0,0
5790.1,5820.1,RM_C10490,ramp,FW_E,10490,,21,2,240.0,1059,5,0,0,0,0
5790.1,5820.1,RM_C10484,ramp,FW_E,10484,,23,2,240.0,714,5,0,0,0,0
5790.1,5820.1,OR_D_E_signal,offramp,FW_E,10481,18,,4,480.0,474,4,0,0,0,0
5790.1,5820.1,OR_D_E_direct,offramp,FW_E,10483,20,,6,720.0,1670,0,0,0,0,0
5790.1,5820.1,OR_D_W_signal,offramp,FW_W,10491,9,,13,1560.0,1431,14,0,0,0,0
5790.1,5820.1,OR_D_W_direct,offramp,FW_W,10479,7,,4,480.0,1270,2,0,0,0,0
5790.1,5820.1,OR_F_E_signal,offramp,FW_E,10643,9,,4,480.0,903,70,0,0,0,0
5790.1,5820.1,OR_F_E_direct,offramp,FW_E,10682,11,,3,360.0,1935,0,0,0,0,0
5790.1,5820.1,OR_F_W_signal,offramp,FW_W,10638,19,,0,0.0,1114,34,0,0,0,0
5790.1,5820.1,OR_F_W_direct,offramp,FW_W,10645,16,,3,360.0,1717,0,0,0,0,0
5790.1,5820.1,source_1098,source,FW_E,,,0,58,6960.0,12008,,0,58,0,0
5790.1,5820.1,source_1099,source,FW_W,,,0,38,4560.0,6934,,0,38,0,0
5820.1,5850.1,RM_C10480,ramp,FW_W,10480,,8,2,240.0,252,0,0,0,0,1
5820.1,5850.1,RM_C10482,ramp,FW_W,10482,,10,5,600.0,2999,9,0,0,0,0
5820.1,5850.1,RM_C10646,ramp,FW_W,10646,,18,4,480.0,498,4,0,0,0,3
5820.1,5850.1,RM_C10644,ramp,FW_W,10644,,22,2,240.0,664,10,0,0,0,0
5820.1,5850.1,RM_C10639,ramp,FW_E,10639,,10,0,0.0,626,1,0,0,0,0
5820.1,5850.1,RM_C10681,ramp,FW_E,10681,,12,8,960.0,1519,51,0,0,0,0
5820.1,5850.1,RM_C10490,ramp,FW_E,10490,,21,2,240.0,1061,7,0,0,0,0
5820.1,5850.1,RM_C10484,ramp,FW_E,10484,,23,5,600.0,719,4,0,0,0,0
5820.1,5850.1,OR_D_E_signal,offramp,FW_E,10481,18,,1,120.0,475,3,0,0,0,0
5820.1,5850.1,OR_D_E_direct,offramp,FW_E,10483,20,,5,600.0,1675,0,0,0,0,0
5820.1,5850.1,OR_D_W_signal,offramp,FW_W,10491,9,,8,960.0,1439,11,0,0,0,1
5820.1,5850.1,OR_D_W_direct,offramp,FW_W,10479,7,,4,480.0,1274,4,0,0,0,0
5820.1,5850.1,OR_F_E_signal,offramp,FW_E,10643,9,,4,480.0,907,69,0,0,0,0
5820.1,5850.1,OR_F_E_direct,offramp,FW_E,10682,11,,13,1560.0,1948,1,0,0,0,0
5820.1,5850.1,OR_F_W_signal,offramp,FW_W,10638,19,,7,840.0,1121,41,0,0,0,3
5820.1,5850.1,OR_F_W_direct,offramp,FW_W,10645,16,,9,1080.0,1726,4,0,0,0,0
5820.1,5850.1,source_1098,source,FW_E,,,0,65,7800.0,12073,,0,65,0,0
5820.1,5850.1,source_1099,source,FW_W,,,0,31,3720.0,6965,,0,31,0,0
5850.1,5880.1,RM_C10480,ramp,FW_W,10480,,8,0,0.0,252,0,0,0,0,0
5850.1,5880.1,RM_C10482,ramp,FW_W,10482,,10,5,600.0,3004,20,0,0,0,0
5850.1,5880.1,RM_C10646,ramp,FW_W,10646,,18,4,480.0,502,3,0,0,0,2
5850.1,5880.1,RM_C10644,ramp,FW_W,10644,,22,2,240.0,666,8,0,0,0,0
5850.1,5880.1,RM_C10639,ramp,FW_E,10639,,10,0,0.0,626,4,0,0,0,0
5850.1,5880.1,RM_C10681,ramp,FW_E,10681,,12,7,840.0,1526,45,0,0,0,0
5850.1,5880.1,RM_C10490,ramp,FW_E,10490,,21,7,840.0,1068,3,0,0,0,0
5850.1,5880.1,RM_C10484,ramp,FW_E,10484,,23,4,480.0,723,2,0,0,0,0
5850.1,5880.1,OR_D_E_signal,offramp,FW_E,10481,18,,2,240.0,477,5,0,0,0,0
5850.1,5880.1,OR_D_E_direct,offramp,FW_E,10483,20,,7,840.0,1682,1,0,0,0,0
5850.1,5880.1,OR_D_W_signal,offramp,FW_W,10491,9,,6,720.0,1445,6,0,0,0,0
5850.1,5880.1,OR_D_W_direct,offramp,FW_W,10479,7,,6,720.0,1280,2,0,0,0,0
5850.1,5880.1,OR_F_E_signal,offramp,FW_E,10643,9,,4,480.0,911,70,0,0,0,0
5850.1,5880.1,OR_F_E_direct,offramp,FW_E,10682,11,,8,960.0,1956,5,0,0,0,0
5850.1,5880.1,OR_F_W_signal,offramp,FW_W,10638,19,,5,600.0,1126,43,0,0,0,2
5850.1,5880.1,OR_F_W_direct,offramp,FW_W,10645,16,,9,1080.0,1735,4,0,0,0,0
5850.1,5880.1,source_1098,source,FW_E,,,0,69,8280.0,12142,,0,69,0,0
5850.1,5880.1,source_1099,source,FW_W,,,0,36,4320.0,7001,,0,36,0,0
5880.1,5910.1,RM_C10480,ramp,FW_W,10480,,8,1,120.0,253,1,0,0,0,0
5880.1,5910.1,RM_C10482,ramp,FW_W,10482,,10,15,1800.0,3019,13,0,0,0,0
5880.1,5910.1,RM_C10646,ramp,FW_W,10646,,18,3,360.0,505,0,0,0,0,2
5880.1,5910.1,RM_C10644,ramp,FW_W,10644,,22,0,0.0,666,10,0,0,0,0
5880.1,5910.1,RM_C10639,ramp,FW_E,10639,,10,4,480.0,630,4,0,0,0,0
5880.1,5910.1,RM_C10681,ramp,FW_E,10681,,12,9,1080.0,1535,37,0,0,0,0
5880.1,5910.1,RM_C10490,ramp,FW_E,10490,,21,3,360.0,1071,2,0,0,0,0
5880.1,5910.1,RM_C10484,ramp,FW_E,10484,,23,0,0.0,723,3,0,0,0,0
5880.1,5910.1,OR_D_E_signal,offramp,FW_E,10481,18,,4,480.0,481,3,0,0,0,0
5880.1,5910.1,OR_D_E_direct,offramp,FW_E,10483,20,,8,960.0,1690,1,0,0,0,0
5880.1,5910.1,OR_D_W_signal,offramp,FW_W,10491,9,,4,480.0,1449,0,0,0,0,0
5880.1,5910.1,OR_D_W_direct,offramp,FW_W,10479,7,,6,720.0,1286,4,0,0,0,0
5880.1,5910.1,OR_F_E_signal,offramp,FW_E,10643,9,,2,240.0,913,67,0,0,0,0
5880.1,5910.1,OR_F_E_direct,offramp,FW_E,10682,11,,6,720.0,1962,2,0,0,0,0
5880.1,5910.1,OR_F_W_signal,offramp,FW_W,10638,19,,6,720.0,1132,46,0,0,0,2
5880.1,5910.1,OR_F_W_direct,offramp,FW_W,10645,16,,4,480.0,1739,2,0,0,0,0
5880.1,5910.1,source_1098,source,FW_E,,,0,64,7680.0,12206,,0,64,0,0
5880.1,5910.1,source_1099,source,FW_W,,,0,29,3480.0,7030,,0,29,0,0
5910.1,5940.1,RM_C10480,ramp,FW_W,10480,,8,1,120.0,254,1,0,0,0,1
5910.1,5940.1,RM_C10482,ramp,FW_W,10482,,10,9,1080.0,3028,20,0,0,0,0
5910.1,5940.1,RM_C10646,ramp,FW_W,10646,,18,0,0.0,505,0,0,0,0,0
5910.1,5940.1,RM_C10644,ramp,FW_W,10644,,22,8,960.0,674,7,0,0,0,0
5910.1,5940.1,RM_C10639,ramp,FW_E,10639,,10,4,480.0,634,4,0,0,0,0
5910.1,5940.1,RM_C10681,ramp,FW_E,10681,,12,7,840.0,1542,37,0,0,0,0
5910.1,5940.1,RM_C10490,ramp,FW_E,10490,,21,2,240.0,1073,0,0,0,0,0
5910.1,5940.1,RM_C10484,ramp,FW_E,10484,,23,2,240.0,725,2,0,0,0,0
5910.1,5940.1,OR_D_E_signal,offramp,FW_E,10481,18,,6,720.0,487,4,0,0,0,0
5910.1,5940.1,OR_D_E_direct,offramp,FW_E,10483,20,,6,720.0,1696,0,0,0,0,0
5910.1,5940.1,OR_D_W_signal,offramp,FW_W,10491,9,,8,960.0,1457,2,0,0,0,1
5910.1,5940.1,OR_D_W_direct,offramp,FW_W,10479,7,,6,720.0,1292,3,0,0,0,0
5910.1,5940.1,OR_F_E_signal,offramp,FW_E,10643,9,,5,600.0,918,71,0,0,0,0
5910.1,5940.1,OR_F_E_direct,offramp,FW_E,10682,11,,12,1440.0,1974,5,0,0,0,0
5910.1,5940.1,OR_F_W_signal,offramp,FW_W,10638,19,,2,240.0,1134,43,0,0,0,0
5910.1,5940.1,OR_F_W_direct,offramp,FW_W,10645,16,,2,240.0,1741,0,0,0,0,0
5910.1,5940.1,source_1098,source,FW_E,,,0,57,6840.0,12263,,0,57,0,0
5910.1,5940.1,source_1099,source,FW_W,,,0,51,6120.0,7081,,0,51,0,0
5940.1,5970.1,RM_C10480,ramp,FW_W,10480,,8,2,240.0,256,0,0,0,0,2
5940.1,5970.1,RM_C10482,ramp,FW_W,10482,,10,11,1320.0,3039,17,0,0,0,0
5940.1,5970.1,RM_C10646,ramp,FW_W,10646,,18,0,0.0,505,3,0,0,0,0
5940.1,5970.1,RM_C10644,ramp,FW_W,10644,,22,0,0.0,674,9,0,0,0,0
5940.1,5970.1,RM_C10639,ramp,FW_E,10639,,10,4,480.0,638,4,0,0,0,0
5940.1,5970.1,RM_C10681,ramp,FW_E,10681,,12,8,960.0,1550,45,0,0,0,0
5940.1,5970.1,RM_C10490,ramp,FW_E,10490,,21,0,0.0,1073,5,0,0,0,0
5940.1,5970.1,RM_C10484,ramp,FW_E,10484,,23,1,120.0,726,3,0,0,0,0
5940.1,5970.1,OR_D_E_signal,offramp,FW_E,10481,18,,3,360.0,490,4,0,0,0,0
5940.1,5970.1,OR_D_E_direct,offramp,FW_E,10483,20,,9,1080.0,1705,2,0,0,0,0
5940.1,5970.1,OR_D_W_signal,offramp,FW_W,10491,9,,10,1200.0,1467,4,0,0,0,2
5940.1,5970.1,OR_D_W_direct,offramp,FW_W,10479,7,,4,480.0,1296,0,0,0,0,0
5940.1,5970.1,OR_F_E_signal,offramp,FW_E,10643,9,,4,480.0,922,73,0,0,0,0
5940.1,5970.1,OR_F_E_direct,offramp,FW_E,10682,11,,7,840.0,1981,5,0,0,0,0
5940.1,5970.1,OR_F_W_signal,offramp,FW_W,10638,19,,2,240.0,1136,39,0,0,0,0
5940.1,5970.1,OR_F_W_direct,offramp,FW_W,10645,16,,11,1320.0,1752,5,0,0,0,0
5940.1,5970.1,source_1098,source,FW_E,,,0,59,7080.0,12322,,0,59,0,0
5940.1,5970.1,source_1099,source,FW_W,,,0,23,2760.0,7104,,0,23,0,0
5970.1,6000.1,RM_C10480,ramp,FW_W,10480,,8,4,480.0,260,0,0,0,0,4
5970.1,6000.1,RM_C10482,ramp,FW_W,10482,,10,14,1680.0,3053,12,0,0,0,0
5970.1,6000.1,RM_C10646,ramp,FW_W,10646,,18,2,240.0,507,4,0,0,0,1
5970.1,6000.1,RM_C10644,ramp,FW_W,10644,,22,0,0.0,674,11,0,0,0,0
5970.1,6000.1,RM_C10639,ramp,FW_E,10639,,10,4,480.0,642,3,0,0,0,0
5970.1,6000.1,RM_C10681,ramp,FW_E,10681,,12,11,1320.0,1561,38,0,0,0,0
5970.1,6000.1,RM_C10490,ramp,FW_E,10490,,21,5,600.0,1078,0,0,0,0,0
5970.1,6000.1,RM_C10484,ramp,FW_E,10484,,23,3,360.0,729,4,0,0,0,0
5970.1,6000.1,OR_D_E_signal,offramp,FW_E,10481,18,,1,120.0,491,2,0,0,0,0
5970.1,6000.1,OR_D_E_direct,offramp,FW_E,10483,20,,8,960.0,1713,1,0,0,0,0
5970.1,6000.1,OR_D_W_signal,offramp,FW_W,10491,9,,13,1560.0,1480,10,0,0,0,4
5970.1,6000.1,OR_D_W_direct,offramp,FW_W,10479,7,,4,480.0,1300,1,0,0,0,0
5970.1,6000.1,OR_F_E_signal,offramp,FW_E,10643,9,,5,600.0,927,77,0,0,0,0
5970.1,6000.1,OR_F_E_direct,offramp,FW_E,10682,11,,13,1560.0,1994,6,0,0,0,0
5970.1,6000.1,OR_F_W_signal,offramp,FW_W,10638,19,,9,1080.0,1145,45,0,0,0,1
5970.1,6000.1,OR_F_W_direct,offramp,FW_W,10645,16,,10,1200.0,1762,0,0,0,0,0
5970.1,6000.1,source_1098,source,FW_E,,,0,60,7200.0,12382,,0,60,0,0
5970.1,6000.1,source_1099,source,FW_W,,,0,47,5640.0,7151,,0,47,0,0
6000.1,6030.1,RM_C10480,ramp,FW_W,10480,,8,1,120.0,261,0,0,0,0,0
6000.1,6030.1,RM_C10482,ramp,FW_W,10482,,10,7,840.0,3060,14,0,0,0,0
6000.1,6030.1,RM_C10646,ramp,FW_W,10646,,18,4,480.0,511,3,0,0,0,2
6000.1,6030.1,RM_C10644,ramp,FW_W,10644,,22,8,960.0,682,7,0,0,0,0
6000.1,6030.1,RM_C10639,ramp,FW_E,10639,,10,3,360.0,645,5,0,0,0,0
6000.1,6030.1,RM_C10681,ramp,FW_E,10681,,12,12,1440.0,1573,27,0,0,0,0
6000.1,6030.1,RM_C10490,ramp,FW_E,10490,,21,0,0.0,1078,0,0,0,0,0
6000.1,6030.1,RM_C10484,ramp,FW_E,10484,,23,4,480.0,733,2,0,0,0,0
6000.1,6030.1,OR_D_E_signal,offramp,FW_E,10481,18,,3,360.0,494,5,0,0,0,0
6000.1,6030.1,OR_D_E_direct,offramp,FW_E,10483,20,,6,720.0,1719,4,0,0,0,0
6000.1,6030.1,OR_D_W_signal,offramp,FW_W,10491,9,,3,360.0,1483,13,0,0,0,0
6000.1,6030.1,OR_D_W_direct,offramp,FW_W,10479,7,,12,1440.0,1312,6,0,0,0,0
6000.1,6030.1,OR_F_E_signal,offramp,FW_E,10643,9,,5,600.0,932,79,0,0,0,0
6000.1,6030.1,OR_F_E_direct,offramp,FW_E,10682,11,,14,1680.0,2008,7,0,0,0,0
6000.1,6030.1,OR_F_W_signal,offramp,FW_W,10638,19,,7,840.0,1152,48,0,0,0,2
6000.1,6030.1,OR_F_W_direct,offramp,FW_W,10645,16,,4,480.0,1766,1,0,0,0,0
6000.1,6030.1,source_1098,source,FW_E,,,0,52,6240.0,12434,,0,52,0,0
6000.1,6030.1,source_1099,source,FW_W,,,0,21,2520.0,7172,,0,21,0,0
6030.1,6060.1,RM_C10480,ramp,FW_W,10480,,8,0,0.0,261,0,0,0,0,0
6030.1,6060.1,RM_C10482,ramp,FW_W,10482,,10,10,1200.0,3070,11,0,0,0,0
6030.1,6060.1,RM_C10646,ramp,FW_W,10646,,18,2,240.0,513,1,0,0,0,0
6030.1,6060.1,RM_C10644,ramp,FW_W,10644,,22,3,360.0,685,6,0,0,0,0
6030.1,6060.1,RM_C10639,ramp,FW_E,10639,,10,4,480.0,649,5,0,0,0,0
6030.1,6060.1,RM_C10681,ramp,FW_E,10681,,12,10,1200.0,1583,17,0,0,0,0
6030.1,6060.1,RM_C10490,ramp,FW_E,10490,,21,0,0.0,1078,10,0,0,0,0
6030.1,6060.1,RM_C10484,ramp,FW_E,10484,,23,1,120.0,734,3,0,0,0,0
6030.1,6060.1,OR_D_E_signal,offramp,FW_E,10481,18,,1,120.0,495,1,0,0,0,0
6030.1,6060.1,OR_D_E_direct,offramp,FW_E,10483,20,,7,840.0,1726,1,0,0,0,0
6030.1,6060.1,OR_D_W_signal,offramp,FW_W,10491,9,,11,1320.0,1494,18,0,0,0,0
6030.1,6060.1,OR_D_W_direct,offramp,FW_W,10479,7,,9,1080.0,1321,6,0,0,0,0
6030.1,6060.1,OR_F_E_signal,offramp,FW_E,10643,9,,3,360.0,935,81,0,0,0,0
6030.1,6060.1,OR_F_E_direct,offramp,FW_E,10682,11,,10,1200.0,2018,2,0,0,0,0
6030.1,6060.1,OR_F_W_signal,offramp,FW_W,10638,19,,5,600.0,1157,49,0,0,0,0
6030.1,6060.1,OR_F_W_direct,offramp,FW_W,10645,16,,9,1080.0,1775,0,0,0,0,0
6030.1,6060.1,source_1098,source,FW_E,,,0,66,7920.0,12500,,0,66,0,0
6030.1,6060.1,source_1099,source,FW_W,,,0,28,3360.0,7200,,0,28,0,0
6060.1,6090.1,RM_C10480,ramp,FW_W,10480,,8,0,0.0,261,0,0,0,0,0
6060.1,6090.1,RM_C10482,ramp,FW_W,10482,,10,6,720.0,3076,23,0,0,0,0
6060.1,6090.1,RM_C10646,ramp,FW_W,10646,,18,1,120.0,514,0,0,0,0,1
6060.1,6090.1,RM_C10644,ramp,FW_W,10644,,22,2,240.0,687,7,0,0,0,0
6060.1,6090.1,RM_C10639,ramp,FW_E,10639,,10,5,600.0,654,0,0,0,0,0
6060.1,6090.1,RM_C10681,ramp,FW_E,10681,,12,9,1080.0,1592,18,0,0,0,0
6060.1,6090.1,RM_C10490,ramp,FW_E,10490,,21,10,1200.0,1088,7,0,0,0,0
6060.1,6090.1,RM_C10484,ramp,FW_E,10484,,23,2,240.0,736,3,0,0,0,0
6060.1,6090.1,OR_D_E_signal,offramp,FW_E,10481,18,,5,600.0,500,4,0,0,0,0
6060.1,6090.1,OR_D_E_direct,offramp,FW_E,10483,20,,1,120.0,1727,0,0,0,0,0
6060.1,6090.1,OR_D_W_signal,offramp,FW_W,10491,9,,8,960.0,1502,19,0,0,0,0
6060.1,6090.1,OR_D_W_direct,offramp,FW_W,10479,7,,1,120.0,1322,1,0,0,0,0
6060.1,6090.1,OR_F_E_signal,offramp,FW_E,10643,9,,1,120.0,936,82,0,0,0,0
6060.1,6090.1,OR_F_E_direct,offramp,FW_E,10682,11,,19,2280.0,2037,7,0,0,0,0
6060.1,6090.1,OR_F_W_signal,offramp,FW_W,10638,19,,5,600.0,1162,47,0,0,0,1
6060.1,6090.1,OR_F_W_direct,offramp,FW_W,10645,16,,14,1680.0,1789,1,0,0,0,0
6060.1,6090.1,source_1098,source,FW_E,,,0,63,7560.0,12563,,0,63,0,0
6060.1,6090.1,source_1099,source,FW_W,,,0,58,6960.0,7258,,0,58,0,0
6090.1,6120.1,RM_C10480,ramp,FW_W,10480,,8,0,0.0,261,0,0,0,0,0
6090.1,6120.1,RM_C10482,ramp,FW_W,10482,,10,15,1800.0,3091,13,0,0,0,0
6090.1,6120.1,RM_C10646,ramp,FW_W,10646,,18,0,0.0,514,1,0,0,0,0
6090.1,6120.1,RM_C10644,ramp,FW_W,10644,,22,3,360.0,690,5,0,0,0,0
6090.1,6120.1,RM_C10639,ramp,FW_E,10639,,10,0,0.0,654,0,0,0,0,0
6090.1,6120.1,RM_C10681,ramp,FW_E,10681,,12,7,840.0,1599,25,0,0,0,0
6090.1,6120.1,RM_C10490,ramp,FW_E,10490,,21,7,840.0,1095,6,0,0,0,0
6090.1,6120.1,RM_C10484,ramp,FW_E,10484,,23,3,360.0,739,4,0,0,0,0
6090.1,6120.1,OR_D_E_signal,offramp,FW_E,10481,18,,2,240.0,502,2,0,0,0,0
6090.1,6120.1,OR_D_E_direct,offramp,FW_E,10483,20,,7,840.0,1734,7,0,0,0,0
6090.1,6120.1,OR_D_W_signal,offramp,FW_W,10491,9,,5,600.0,1507,17,0,0,0,0
6090.1,6120.1,OR_D_W_direct,offramp,FW_W,10479,7,,10,1200.0,1332,1,0,0,0,0
6090.1,6120.1,OR_F_E_signal,offramp,FW_E,10643,9,,2,240.0,938,78,0,0,0,0
6090.1,6120.1,OR_F_E_direct,offramp,FW_E,10682,11,,5,600.0,2042,2,0,0,0,0
6090.1,6120.1,OR_F_W_signal,offramp,FW_W,10638,19,,3,360.0,1165,50,0,0,0,0
6090.1,6120.1,OR_F_W_direct,offramp,FW_W,10645,16,,2,240.0,1791,0,0,0,0,0
6090.1,6120.1,source_1098,source,FW_E,,,0,60,7200.0,12623,,0,60,0,0
6090.1,6120.1,source_1099,source,FW_W,,,0,27,3240.0,7285,,0,27,0,0
6120.1,6150.1,RM_C10480,ramp,FW_W,10480,,8,0,0.0,261,0,0,0,0,0
6120.1,6150.1,RM_C10482,ramp,FW_W,10482,,10,11,1320.0,3102,13,0,0,0,0
6120.1,6150.1,RM_C10646,ramp,FW_W,10646,,18,1,120.0,515,6,0,0,0,0
6120.1,6150.1,RM_C10644,ramp,FW_W,10644,,22,2,240.0,692,5,0,0,0,0
6120.1,6150.1,RM_C10639,ramp,FW_E,10639,,10,0,0.0,654,3,0,0,0,0
6120.1,6150.1,RM_C10681,ramp,FW_E,10681,,12,9,1080.0,1608,23,0,0,0,0
6120.1,6150.1,RM_C10490,ramp,FW_E,10490,,21,7,840.0,1102,2,0,0,0,0
6120.1,6150.1,RM_C10484,ramp,FW_E,10484,,23,4,480.0,743,4,0,0,0,0
6120.1,6150.1,OR_D_E_signal,offramp,FW_E,10481,18,,1,120.0,503,1,0,0,0,0
6120.1,6150.1,OR_D_E_direct,offramp,FW_E,10483,20,,3,360.0,1737,0,0,0,0,0
6120.1,6150.1,OR_D_W_signal,offramp,FW_W,10491,9,,8,960.0,1515,16,0,0,0,0
6120.1,6150.1,OR_D_W_direct,offramp,FW_W,10479,7,,4,480.0,1336,2,0,0,0,0
6120.1,6150.1,OR_F_E_signal,offramp,FW_E,10643,9,,1,120.0,939,69,0,0,0,0
6120.1,6150.1,OR_F_E_direct,offramp,FW_E,10682,11,,20,2400.0,2062,13,0,0,0,0
6120.1,6150.1,OR_F_W_signal,offramp,FW_W,10638,19,,2,240.0,1167,52,0,0,0,0
6120.1,6150.1,OR_F_W_direct,offramp,FW_W,10645,16,,9,1080.0,1800,4,0,0,0,0
6120.1,6150.1,source_1098,source,FW_E,,,0,63,7560.0,12686,,0,63,0,0
6120.1,6150.1,source_1099,source,FW_W,,,0,24,2880.0,7309,,0,24,0,0
6150.1,6180.1,RM_C10480,ramp,FW_W,10480,,8,1,120.0,262,0,0,0,0,1
6150.1,6180.1,RM_C10482,ramp,FW_W,10482,,10,6,720.0,3108,13,0,0,0,0
6150.1,6180.1,RM_C10646,ramp,FW_W,10646,,18,6,720.0,521,1,0,0,0,2
6150.1,6180.1,RM_C10644,ramp,FW_W,10644,,22,2,240.0,694,5,0,0,0,0
6150.1,6180.1,RM_C10639,ramp,FW_E,10639,,10,1,120.0,655,7,0,0,0,0
6150.1,6180.1,RM_C10681,ramp,FW_E,10681,,12,12,1440.0,1620,11,0,0,0,0
6150.1,6180.1,RM_C10490,ramp,FW_E,10490,,21,0,0.0,1102,5,0,0,0,0
6150.1,6180.1,RM_C10484,ramp,FW_E,10484,,23,3,360.0,746,3,0,0,0,0
6150.1,6180.1,OR_D_E_signal,offramp,FW_E,10481,18,,3,360.0,506,3,0,0,0,0
6150.1,6180.1,OR_D_E_direct,offramp,FW_E,10483,20,,2,240.0,1739,2,0,0,0,0
6150.1,6180.1,OR_D_W_signal,offramp,FW_W,10491,9,,7,840.0,1522,7,0,0,0,1
6150.1,6180.1,OR_D_W_direct,offramp,FW_W,10479,7,,6,720.0,1342,3,0,0,0,0
6150.1,6180.1,OR_F_E_signal,offramp,FW_E,10643,9,,2,240.0,941,64,0,0,0,0
6150.1,6180.1,OR_F_E_direct,offramp,FW_E,10682,11,,11,1320.0,2073,10,0,0,0,0
6150.1,6180.1,OR_F_W_signal,offramp,FW_W,10638,19,,5,600.0,1172,56,0,0,0,2
6150.1,6180.1,OR_F_W_direct,offramp,FW_W,10645,16,,7,840.0,1807,5,0,0,0,0
6150.1,6180.1,source_1098,source,FW_E,,,0,69,8280.0,12755,,0,69,0,0
6150.1,6180.1,source_1099,source,FW_W,,,0,26,3120.0,7335,,0,26,0,0
6180.1,6210.1,RM_C10480,ramp,FW_W,10480,,8,1,120.0,263,3,0,0,0,0
6180.1,6210.1,RM_C10482,ramp,FW_W,10482,,10,12,1440.0,3120,12,0,0,0,0
6180.1,6210.1,RM_C10646,ramp,FW_W,10646,,18,1,120.0,522,0,0,0,0,1
6180.1,6210.1,RM_C10644,ramp,FW_W,10644,,22,2,240.0,696,6,0,0,0,0
6180.1,6210.1,RM_C10639,ramp,FW_E,10639,,10,6,720.0,661,3,0,0,0,0
6180.1,6210.1,RM_C10681,ramp,FW_E,10681,,12,10,1200.0,1630,2,0,0,0,0
6180.1,6210.1,RM_C10490,ramp,FW_E,10490,,21,5,600.0,1107,0,0,0,0,0
6180.1,6210.1,RM_C10484,ramp,FW_E,10484,,23,3,360.0,749,2,0,0,0,0
6180.1,6210.1,OR_D_E_signal,offramp,FW_E,10481,18,,0,0.0,506,0,0,0,0,0
6180.1,6210.1,OR_D_E_direct,offramp,FW_E,10483,20,,2,240.0,1741,0,0,0,0,0
6180.1,6210.1,OR_D_W_signal,offramp,FW_W,10491,9,,5,600.0,1527,2,0,0,0,0
6180.1,6210.1,OR_D_W_direct,offramp,FW_W,10479,7,,5,600.0,1347,3,0,0,0,0
6180.1,6210.1,OR_F_E_signal,offramp,FW_E,10643,9,,2,240.0,943,62,0,0,0,0
6180.1,6210.1,OR_F_E_direct,offramp,FW_E,10682,11,,17,2040.0,2090,12,0,0,0,0
6180.1,6210.1,OR_F_W_signal,offramp,FW_W,10638,19,,8,960.0,1180,58,0,0,0,1
6180.1,6210.1,OR_F_W_direct,offramp,FW_W,10645,16,,9,1080.0,1816,6,0,0,0,0
6180.1,6210.1,source_1098,source,FW_E,,,0,53,6360.0,12808,,0,53,0,0
6180.1,6210.1,source_1099,source,FW_W,,,0,39,4680.0,7374,,0,39,0,0
6210.1,6240.1,RM_C10480,ramp,FW_W,10480,,8,3,360.0,266,0,0,0,0,2
6210.1,6240.1,RM_C10482,ramp,FW_W,10482,,10,4,480.0,3124,18,0,0,0,0
6210.1,6240.1,RM_C10646,ramp,FW_W,10646,,18,0,0.0,522,0,0,0,0,0
6210.1,6240.1,RM_C10644,ramp,FW_W,10644,,22,2,240.0,698,6,0,0,0,0
6210.1,6240.1,RM_C10639,ramp,FW_E,10639,,10,2,240.0,663,6,0,0,0,0
6210.1,6240.1,RM_C10681,ramp,FW_E,10681,,12,2,240.0,1632,9,0,0,0,0
6210.1,6240.1,RM_C10490,ramp,FW_E,10490,,21,0,0.0,1107,3,0,0,0,0
6210.1,6240.1,RM_C10484,ramp,FW_E,10484,,23,0,0.0,749,8,0,0,0,0
6210.1,6240.1,OR_D_E_signal,offramp,FW_E,10481,18,,2,240.0,508,1,0,0,0,0
6210.1,6240.1,OR_D_E_direct,offramp,FW_E,10483,20,,2,240.0,1743,1,0,0,0,0
6210.1,6240.1,OR_D_W_signal,offramp,FW_W,10491,9,,9,1080.0,1536,3,0,0,0,2
6210.1,6240.1,OR_D_W_direct,offramp,FW_W,10479,7,,7,840.0,1354,2,0,0,0,0
6210.1,6240.1,OR_F_E_signal,offramp,FW_E,10643,9,,6,720.0,949,68,0,0,0,0
6210.1,6240.1,OR_F_E_direct,offramp,FW_E,10682,11,,15,1800.0,2105,12,0,0,0,0
6210.1,6240.1,OR_F_W_signal,offramp,FW_W,10638,19,,4,480.0,1184,58,0,0,0,0
6210.1,6240.1,OR_F_W_direct,offramp,FW_W,10645,16,,13,1560.0,1829,3,0,0,0,0
6210.1,6240.1,source_1098,source,FW_E,,,0,66,7920.0,12874,,0,66,0,0
6210.1,6240.1,source_1099,source,FW_W,,,0,36,4320.0,7410,,0,36,0,0
6240.1,6270.1,RM_C10480,ramp,FW_W,10480,,8,1,120.0,267,0,0,0,0,1
6240.1,6270.1,RM_C10482,ramp,FW_W,10482,,10,15,1800.0,3139,12,0,0,0,0
6240.1,6270.1,RM_C10646,ramp,FW_W,10646,,18,0,0.0,522,4,0,0,0,0
6240.1,6270.1,RM_C10644,ramp,FW_W,10644,,22,2,240.0,700,7,0,0,0,0
6240.1,6270.1,RM_C10639,ramp,FW_E,10639,,10,6,720.0,669,0,0,0,0,0
6240.1,6270.1,RM_C10681,ramp,FW_E,10681,,12,3,360.0,1635,17,0,0,0,0
6240.1,6270.1,RM_C10490,ramp,FW_E,10490,,21,2,240.0,1109,3,0,0,0,0
6240.1,6270.1,RM_C10484,ramp,FW_E,10484,,23,7,840.0,756,4,0,0,0,0
6240.1,6270.1,OR_D_E_signal,offramp,FW_E,10481,18,,1,120.0,509,0,0,0,0,0
6240.1,6270.1,OR_D_E_direct,offramp,FW_E,10483,20,,2,240.0,1745,1,0,0,0,0
6240.1,6270.1,OR_D_W_signal,offramp,FW_W,10491,9,,5,600.0,1541,3,0,0,0,1
6240.1,6270.1,OR_D_W_direct,offramp,FW_W,10479,7,,1,120.0,1355,0,0,0,0,0
6240.1,6270.1,OR_F_E_signal,offramp,FW_E,10643,9,,3,360.0,952,66,0,0,0,0
6240.1,6270.1,OR_F_E_direct,offramp,FW_E,10682,11,,2,240.0,2107,1,0,0,0,0
6240.1,6270.1,OR_F_W_signal,offramp,FW_W,10638,19,,5,600.0,1189,59,0,0,0,0
6240.1,6270.1,OR_F_W_direct,offramp,FW_W,10645,16,,14,1680.0,1843,5,0,0,0,0
6240.1,6270.1,source_1098,source,FW_E,,,0,62,7440.0,12936,,0,62,0,0
6240.1,6270.1,source_1099,source,FW_W,,,0,47,5640.0,7457,,0,47,0,0
6270.1,6300.1,RM_C10480,ramp,FW_W,10480,,8,0,0.0,267,1,0,0,0,0
6270.1,6300.1,RM_C10482,ramp,FW_W,10482,,10,5,600.0,3144,14,0,0,0,0
6270.1,6300.1,RM_C10646,ramp,FW_W,10646,,18,4,480.0,526,9,0,0,0,1
6270.1,6300.1,RM_C10644,ramp,FW_W,10644,,22,2,240.0,702,5,0,0,0,0
6270.1,6300.1,RM_C10639,ramp,FW_E,10639,,10,0,0.0,669,3,0,0,0,0
6270.1,6300.1,RM_C10681,ramp,FW_E,10681,,12,8,960.0,1643,23,0,0,0,0
6270.1,6300.1,RM_C10490,ramp,FW_E,10490,,21,3,360.0,1112,5,0,0,0,0
6270.1,6300.1,RM_C10484,ramp,FW_E,10484,,23,3,360.0,759,3,0,0,0,0
6270.1,6300.1,OR_D_E_signal,offramp,FW_E,10481,18,,0,0.0,509,0,0,0,0,0
6270.1,6300.1,OR_D_E_direct,offramp,FW_E,10483,20,,0,0.0,1745,0,0,0,0,0
6270.1,6300.1,OR_D_W_signal,offramp,FW_W,10491,9,,7,840.0,1548,2,0,0,0,0
6270.1,6300.1,OR_D_W_direct,offramp,FW_W,10479,7,,5,600.0,1360,2,0,0,0,0
6270.1,6300.1,OR_F_E_signal,offramp,FW_E,10643,9,,5,600.0,957,63,0,0,0,0
6270.1,6300.1,OR_F_E_direct,offramp,FW_E,10682,11,,10,1200.0,2117,3,0,0,0,0
6270.1,6300.1,OR_F_W_signal,offramp,FW_W,10638,19,,7,840.0,1196,64,0,0,0,1
6270.1,6300.1,OR_F_W_direct,offramp,FW_W,10645,16,,9,1080.0,1852,4,0,0,0,0
6270.1,6300.1,source_1098,source,FW_E,,,0,61,7320.0,12997,,0,61,0,0
6270.1,6300.1,source_1099,source,FW_W,,,0,48,5760.0,7505,,0,48,0,0
6300.1,6330.1,RM_C10480,ramp,FW_W,10480,,8,1,120.0,268,0,0,0,0,1
6300.1,6330.1,RM_C10482,ramp,FW_W,10482,,10,12,1440.0,3156,7,0,0,0,0
6300.1,6330.1,RM_C10646,ramp,FW_W,10646,,18,5,600.0,531,9,0,0,0,1
6300.1,6330.1,RM_C10644,ramp,FW_W,10644,,22,4,480.0,706,4,0,0,0,0
6300.1,6330.1,RM_C10639,ramp,FW_E,10639,,10,2,240.0,671,1,0,0,0,0
6300.1,6330.1,RM_C10681,ramp,FW_E,10681,,12,15,1800.0,1658,9,0,0,0,0
6300.1,6330.1,RM_C10490,ramp,FW_E,10490,,21,5,600.0,1117,5,0,0,0,0
6300.1,6330.1,RM_C10484,ramp,FW_E,10484,,23,3,360.0,762,1,0,0,0,0
6300.1,6330.1,OR_D_E_signal,offramp,FW_E,10481,18,,0,0.0,509,0,0,0,0,0
6300.1,6330.1,OR_D_E_direct,offramp,FW_E,10483,20,,9,1080.0,1754,0,0,0,0,0
6300.1,6330.1,OR_D_W_signal,offramp,FW_W,10491,9,,8,960.0,1556,1,0,0,0,1
6300.1,6330.1,OR_D_W_direct,offramp,FW_W,10479,7,,3,360.0,1363,2,0,0,0,0
6300.1,6330.1,OR_F_E_signal,offramp,FW_E,10643,9,,3,360.0,960,55,0,0,0,0
6300.1,6330.1,OR_F_E_direct,offramp,FW_E,10682,11,,16,1920.0,2133,6,0,0,0,0
6300.1,6330.1,OR_F_W_signal,offramp,FW_W,10638,19,,9,1080.0,1205,70,0,0,0,1
6300.1,6330.1,OR_F_W_direct,offramp,FW_W,10645,16,,9,1080.0,1861,7,0,0,0,0
6300.1,6330.1,source_1098,source,FW_E,,,0,67,8040.0,13064,,0,67,0,0
6300.1,6330.1,source_1099,source,FW_W,,,0,22,2640.0,7527,,0,22,0,0
6330.1,6360.1,RM_C10480,ramp,FW_W,10480,,8,0,0.0,268,0,0,0,0,0
6330.1,6360.1,RM_C10482,ramp,FW_W,10482,,10,4,480.0,3160,14,0,0,0,0
6330.1,6360.1,RM_C10646,ramp,FW_W,10646,,18,9,1080.0,540,0,0,0,0,2
6330.1,6360.1,RM_C10644,ramp,FW_W,10644,,22,1,120.0,707,8,0,0,0,0
6330.1,6360.1,RM_C10639,ramp,FW_E,10639,,10,1,120.0,672,6,0,0,0,0
6330.1,6360.1,RM_C10681,ramp,FW_E,10681,,12,9,1080.0,1667,0,0,0,0,0
6330.1,6360.1,RM_C10490,ramp,FW_E,10490,,21,5,600.0,1122,1,0,0,0,0
6330.1,6360.1,RM_C10484,ramp,FW_E,10484,,23,1,120.0,763,3,0,0,0,0
6330.1,6360.1,OR_D_E_signal,offramp,FW_E,10481,18,,4,480.0,513,4,0,0,0,0
6330.1,6360.1,OR_D_E_direct,offramp,FW_E,10483,20,,14,1680.0,1768,1,0,0,0,0
6330.1,6360.1,OR_D_W_signal,offramp,FW_W,10491,9,,4,480.0,1560,0,0,0,0,0
6330.1,6360.1,OR_D_W_direct,offramp,FW_W,10479,7,,8,960.0,1371,3,0,0,0,0
6330.1,6360.1,OR_F_E_signal,offramp,FW_E,10643,9,,7,840.0,967,55,0,0,0,0
6330.1,6360.1,OR_F_E_direct,offramp,FW_E,10682,11,,5,600.0,2138,0,0,0,0,0
6330.1,6360.1,OR_F_W_signal,offramp,FW_W,10638,19,,13,1560.0,1218,77,0,0,0,2
6330.1,6360.1,OR_F_W_direct,offramp,FW_W,10645,16,,13,1560.0,1874,4,0,0,0,0
6330.1,6360.1,source_1098,source,FW_E,,,0,58,6960.0,13122,,0,58,0,0
6330.1,6360.1,source_1099,source,FW_W,,,0,30,3600.0,7557,,0,30,0,0
6360.1,6390.1,RM_C10480,ramp,FW_W,10480,,8,0,0.0,268,0,0,0,0,0
6360.1,6390.1,RM_C10482,ramp,FW_W,10482,,10,7,840.0,3167,21,0,0,0,0
6360.1,6390.1,RM_C10646,ramp,FW_W,10646,,18,0,0.0,540,0,0,0,0,0
6360.1,6390.1,RM_C10644,ramp,FW_W,10644,,22,3,360.0,710,8,0,0,0,0
6360.1,6390.1,RM_C10639,ramp,FW_E,10639,,10,5,600.0,677,5,0,0,0,0
6360.1,6390.1,RM_C10681,ramp,FW_E,10681,,12,0,0.0,1667,7,0,0,0,0
6360.1,6390.1,RM_C10490,ramp,FW_E,10490,,21,1,120.0,1123,5,0,0,0,0
6360.1,6390.1,RM_C10484,ramp,FW_E,10484,,23,0,0.0,763,4,0,0,0,0
6360.1,6390.1,OR_D_E_signal,offramp,FW_E,10481,18,,1,120.0,514,1,0,0,0,0
6360.1,6390.1,OR_D_E_direct,offramp,FW_E,10483,20,,8,960.0,1776,1,0,0,0,0
6360.1,6390.1,OR_D_W_signal,offramp,FW_W,10491,9,,5,600.0,1565,1,0,0,0,0
6360.1,6390.1,OR_D_W_direct,offramp,FW_W,10479,7,,10,1200.0,1381,4,0,0,0,0
6360.1,6390.1,OR_F_E_signal,offramp,FW_E,10643,9,,6,720.0,973,57,0,0,0,0
6360.1,6390.1,OR_F_E_direct,offramp,FW_E,10682,11,,12,1440.0,2150,0,0,0,0,0
6360.1,6390.1,OR_F_W_signal,offramp,FW_W,10638,19,,2,240.0,1220,72,0,0,0,0
6360.1,6390.1,OR_F_W_direct,offramp,FW_W,10645,16,,6,720.0,1880,0,0,0,0,0
6360.1,6390.1,source_1098,source,FW_E,,,0,65,7800.0,13187,,0,65,0,0
6360.1,6390.1,source_1099,source,FW_W,,,0,25,3000.0,7582,,0,25,0,0
6390.1,6420.1,RM_C10480,ramp,FW_W,10480,,8,0,0.0,268,0,0,0,0,0
6390.1,6420.1,RM_C10482,ramp,FW_W,10482,,10,14,1680.0,3181,14,0,0,0,0
6390.1,6420.1,RM_C10646,ramp,FW_W,10646,,18,0,0.0,540,2,0,0,0,0
6390.1,6420.1,RM_C10644,ramp,FW_W,10644,,22,2,240.0,712,8,0,0,0,0
6390.1,6420.1,RM_C10639,ramp,FW_E,10639,,10,5,600.0,682,7,0,0,0,0
6390.1,6420.1,RM_C10681,ramp,FW_E,10681,,12,4,480.0,1671,22,0,0,0,0
6390.1,6420.1,RM_C10490,ramp,FW_E,10490,,21,5,600.0,1128,7,0,0,0,0
6390.1,6420.1,RM_C10484,ramp,FW_E,10484,,23,4,480.0,767,3,0,0,0,0
6390.1,6420.1,OR_D_E_signal,offramp,FW_E,10481,18,,3,360.0,517,2,0,0,0,0
6390.1,6420.1,OR_D_E_direct,offramp,FW_E,10483,20,,3,360.0,1779,0,0,0,0,0
6390.1,6420.1,OR_D_W_signal,offramp,FW_W,10491,9,,4,480.0,1569,1,0,0,0,0
6390.1,6420.1,OR_D_W_direct,offramp,FW_W,10479,7,,9,1080.0,1390,2,0,0,0,0
6390.1,6420.1,OR_F_E_signal,offramp,FW_E,10643,9,,5,600.0,978,58,0,0,0,0
6390.1,6420.1,OR_F_E_direct,offramp,FW_E,10682,11,,7,840.0,2157,0,0,0,0,0
6390.1,6420.1,OR_F_W_signal,offramp,FW_W,10638,19,,3,360.0,1223,69,0,0,0,0
6390.1,6420.1,OR_F_W_direct,offramp,FW_W,10645,16,,13,1560.0,1893,5,0,0,0,0
6390.1,6420.1,source_1098,source,FW_E,,,0,63,7560.0,13250,,0,63,0,0
6390.1,6420.1,source_1099,source,FW_W,,,0,40,4800.0,7622,,0,40,0,0
6420.1,6450.1,RM_C10480,ramp,FW_W,10480,,8,2,240.0,270,1,0,0,0,0
6420.1,6450.1,RM_C10482,ramp,FW_W,10482,,10,11,1320.0,3192,12,0,0,0,0
6420.1,6450.1,RM_C10646,ramp,FW_W,10646,,18,2,240.0,542,7,0,0,0,0
6420.1,6450.1,RM_C10644,ramp,FW_W,10644,,22,5,600.0,717,4,0,0,0,0
6420.1,6450.1,RM_C10639,ramp,FW_E,10639,,10,6,720.0,688,4,0,0,0,0
6420.1,6450.1,RM_C10681,ramp,FW_E,10681,,12,6,720.0,1677,21,0,0,0,0
6420.1,6450.1,RM_C10490,ramp,FW_E,10490,,21,7,840.0,1135,1,0,0,0,0
6420.1,6450.1,RM_C10484,ramp,FW_E,10484,,23,3,360.0,770,4,0,0,0,0
6420.1,6450.1,OR_D_E_signal,offramp,FW_E,10481,18,,1,120.0,518,1,0,0,0,0
6420.1,6450.1,OR_D_E_direct,offramp,FW_E,10483,20,,5,600.0,1784,3,0,0,0,0
6420.1,6450.1,OR_D_W_signal,offramp,FW_W,10491,9,,10,1200.0,1579,4,0,0,0,0
6420.1,6450.1,OR_D_W_direct,offramp,FW_W,10479,7,,5,600.0,1395,1,0,0,0,0
6420.1,6450.1,OR_F_E_signal,offramp,FW_E,10643,9,,8,960.0,986,63,0,0,0,0
6420.1,6450.1,OR_F_E_direct,offramp,FW_E,10682,11,,16,1920.0,2173,6,0,0,0,0
6420.1,6450.1,OR_F_W_signal,offramp,FW_W,10638,19,,6,720.0,1229,67,0,0,0,0
6420.1,6450.1,OR_F_W_direct,offramp,FW_W,10645,16,,3,360.0,1896,2,0,0,0,0
6420.1,6450.1,source_1098,source,FW_E,,,0,62,7440.0,13312,,0,62,0,0
6420.1,6450.1,source_1099,source,FW_W,,,0,36,4320.0,7658,,0,36,0,0
6450.1,6480.1,RM_C10480,ramp,FW_W,10480,,8,3,360.0,273,3,0,0,0,2
6450.1,6480.1,RM_C10482,ramp,FW_W,10482,,10,6,720.0,3198,12,0,0,0,0
6450.1,6480.1,RM_C10646,ramp,FW_W,10646,,18,5,600.0,547,3,0,0,0,1
6450.1,6480.1,RM_C10644,ramp,FW_W,10644,,22,3,360.0,720,2,0,0,0,0
6450.1,6480.1,RM_C10639,ramp,FW_E,10639,,10,4,480.0,692,2,0,0,0,0
6450.1,6480.1,RM_C10681,ramp,FW_E,10681,,12,7,840.0,1684,14,0,0,0,0
6450.1,6480.1,RM_C10490,ramp,FW_E,10490,,21,1,120.0,1136,2,0,0,0,0
6450.1,6480.1,RM_C10484,ramp,FW_E,10484,,23,3,360.0,773,2,0,0,0,0
6450.1,6480.1,OR_D_E_signal,offramp,FW_E,10481,18,,2,240.0,520,3,0,0,0,0
6450.1,6480.1,OR_D_E_direct,offramp,FW_E,10483,20,,9,1080.0,1793,9,0,0,0,0
6450.1,6480.1,OR_D_W_signal,offramp,FW_W,10491,9,,11,1320.0,1590,4,0,0,0,2
6450.1,6480.1,OR_D_W_direct,offramp,FW_W,10479,7,,5,600.0,1400,2,0,0,0,0
6450.1,6480.1,OR_F_E_signal,offramp,FW_E,10643,9,,4,480.0,990,59,0,0,0,0
6450.1,6480.1,OR_F_E_direct,offramp,FW_E,10682,11,,13,1560.0,2186,6,0,0,0,0
6450.1,6480.1,OR_F_W_signal,offramp,FW_W,10638,19,,7,840.0,1236,67,0,0,0,1
6450.1,6480.1,OR_F_W_direct,offramp,FW_W,10645,16,,7,840.0,1903,2,0,0,0,0
6450.1,6480.1,source_1098,source,FW_E,,,0,56,6720.0,13368,,0,56,0,0
6450.1,6480.1,source_1099,source,FW_W,,,0,32,3840.0,7690,,0,32,0,0
6480.1,6510.1,RM_C10480,ramp,FW_W,10480,,8,3,360.0,276,0,0,0,0,3
6480.1,6510.1,RM_C10482,ramp,FW_W,10482,,10,10,1200.0,3208,17,0,0,0,0
6480.1,6510.1,RM_C10646,ramp,FW_W,10646,,18,3,360.0,550,0,0,0,0,0
6480.1,6510.1,RM_C10644,ramp,FW_W,10644,,22,1,120.0,721,3,0,0,0,0
6480.1,6510.1,RM_C10639,ramp,FW_E,10639,,10,1,120.0,693,3,0,0,0,0
6480.1,6510.1,RM_C10681,ramp,FW_E,10681,,12,7,840.0,1691,7,0,0,0,0
6480.1,6510.1,RM_C10490,ramp,FW_E,10490,,21,6,720.0,1142,1,0,0,0,0
6480.1,6510.1,RM_C10484,ramp,FW_E,10484,,23,2,240.0,775,3,0,0,0,0
6480.1,6510.1,OR_D_E_signal,offramp,FW_E,10481,18,,2,240.0,522,0,0,0,0,0
6480.1,6510.1,OR_D_E_direct,offramp,FW_E,10483,20,,16,1920.0,1809,6,0,0,0,0
6480.1,6510.1,OR_D_W_signal,offramp,FW_W,10491,9,,10,1200.0,1600,3,0,0,0,3
6480.1,6510.1,OR_D_W_direct,offramp,FW_W,10479,7,,7,840.0,1407,4,0,0,0,0
6480.1,6510.1,OR_F_E_signal,offramp,FW_E,10643,9,,6,720.0,996,60,0,0,0,0
6480.1,6510.1,OR_F_E_direct,offramp,FW_E,10682,11,,9,1080.0,2195,0,0,0,0,0
6480.1,6510.1,OR_F_W_signal,offramp,FW_W,10638,19,,7,840.0,1243,66,0,0,0,0
6480.1,6510.1,OR_F_W_direct,offramp,FW_W,10645,16,,7,840.0,1910,6,0,0,0,0
6480.1,6510.1,source_1098,source,FW_E,,,0,60,7200.0,13428,,0,60,0,0
6480.1,6510.1,source_1099,source,FW_W,,,0,53,6360.0,7743,,0,53,0,0
6510.1,6540.1,RM_C10480,ramp,FW_W,10480,,8,0,0.0,276,0,0,0,0,0
6510.1,6540.1,RM_C10482,ramp,FW_W,10482,,10,13,1560.0,3221,10,0,0,0,0
6510.1,6540.1,RM_C10646,ramp,FW_W,10646,,18,0,0.0,550,0,0,0,0,0
6510.1,6540.1,RM_C10644,ramp,FW_W,10644,,22,0,0.0,721,7,0,0,0,0
6510.1,6540.1,RM_C10639,ramp,FW_E,10639,,10,3,360.0,696,0,0,0,0,0
6510.1,6540.1,RM_C10681,ramp,FW_E,10681,,12,7,840.0,1698,11,0,0,0,0
6510.1,6540.1,RM_C10490,ramp,FW_E,10490,,21,1,120.0,1143,6,0,0,0,0
6510.1,6540.1,RM_C10484,ramp,FW_E,10484,,23,0,0.0,775,4,0,0,0,0
6510.1,6540.1,OR_D_E_signal,offramp,FW_E,10481,18,,2,240.0,524,2,0,0,0,0
6510.1,6540.1,OR_D_E_direct,offramp,FW_E,10483,20,,8,960.0,1817,6,0,0,0,0
6510.1,6540.1,OR_D_W_signal,offramp,FW_W,10491,9,,5,600.0,1605,3,0,0,0,0
6510.1,6540.1,OR_D_W_direct,offramp,FW_W,10479,7,,7,840.0,1414,2,0,0,0,0
6510.1,6540.1,OR_F_E_signal,offramp,FW_E,10643,9,,6,720.0,1002,66,0,0,0,0
6510.1,6540.1,OR_F_E_direct,offramp,FW_E,10682,11,,10,1200.0,2205,1,0,0,0,0
6510.1,6540.1,OR_F_W_signal,offramp,FW_W,10638,19,,2,240.0,1245,64,0,0,0,0
6510.1,6540.1,OR_F_W_direct,offramp,FW_W,10645,16,,16,1920.0,1926,4,0,0,0,0
6510.1,6540.1,source_1098,source,FW_E,,,0,62,7440.0,13490,,0,62,0,0
6510.1,6540.1,source_1099,source,FW_W,,,0,42,5040.0,7785,,0,42,0,0
6540.1,6570.1,RM_C10480,ramp,FW_W,10480,,8,0,0.0,276,2,0,0,0,0
6540.1,6570.1,RM_C10482,ramp,FW_W,10482,,10,5,600.0,3226,16,0,0,0,0
6540.1,6570.1,RM_C10646,ramp,FW_W,10646,,18,0,0.0,550,2,0,0,0,0
6540.1,6570.1,RM_C10644,ramp,FW_W,10644,,22,2,240.0,723,7,0,0,0,0
6540.1,6570.1,RM_C10639,ramp,FW_E,10639,,10,0,0.0,696,0,0,0,0,0
6540.1,6570.1,RM_C10681,ramp,FW_E,10681,,12,11,1320.0,1709,20,0,0,0,0
6540.1,6570.1,RM_C10490,ramp,FW_E,10490,,21,6,720.0,1149,2,0,0,0,0
6540.1,6570.1,RM_C10484,ramp,FW_E,10484,,23,3,360.0,778,3,0,0,0,0
6540.1,6570.1,OR_D_E_signal,offramp,FW_E,10481,18,,2,240.0,526,1,0,0,0,0
6540.1,6570.1,OR_D_E_direct,offramp,FW_E,10483,20,,11,1320.0,1828,1,0,0,0,0
6540.1,6570.1,OR_D_W_signal,offramp,FW_W,10491,9,,4,480.0,1609,1,0,0,0,0
6540.1,6570.1,OR_D_W_direct,offramp,FW_W,10479,7,,10,1200.0,1424,1,0,0,0,0
6540.1,6570.1,OR_F_E_signal,offramp,FW_E,10643,9,,9,1080.0,1011,70,0,0,0,0
6540.1,6570.1,OR_F_E_direct,offramp,FW_E,10682,11,,11,1320.0,2216,2,0,0,0,0
6540.1,6570.1,OR_F_W_signal,offramp,FW_W,10638,19,,4,480.0,1249,63,0,0,0,0
6540.1,6570.1,OR_F_W_direct,offramp,FW_W,10645,16,,5,600.0,1931,1,0,0,0,0
6540.1,6570.1,source_1098,source,FW_E,,,0,62,7440.0,13552,,0,62,0,0
6540.1,6570.1,source_1099,source,FW_W,,,0,37,4440.0,7822,,0,37,0,0
6570.1,6600.1,RM_C10480,ramp,FW_W,10480,,8,3,360.0,279,0,0,0,0,2
6570.1,6600.1,RM_C10482,ramp,FW_W,10482,,10,14,1680.0,3240,11,0,0,0,0
6570.1,6600.1,RM_C10646,ramp,FW_W,10646,,18,4,480.0,554,6,0,0,0,0
6570.1,6600.1,RM_C10644,ramp,FW_W,10644,,22,5,600.0,728,3,0,0,0,0
6570.1,6600.1,RM_C10639,ramp,FW_E,10639,,10,0,0.0,696,0,0,0,0,0
6570.1,6600.1,RM_C10681,ramp,FW_E,10681,,12,15,1800.0,1724,11,0,0,0,0
6570.1,6600.1,RM_C10490,ramp,FW_E,10490,,21,2,240.0,1151,4,0,0,0,0
6570.1,6600.1,RM_C10484,ramp,FW_E,10484,,23,3,360.0,781,5,0,0,0,0
6570.1,6600.1,OR_D_E_signal,offramp,FW_E,10481,18,,3,360.0,529,3,0,0,0,0
6570.1,6600.1,OR_D_E_direct,offramp,FW_E,10483,20,,10,1200.0,1838,10,0,0,0,0
6570.1,6600.1,OR_D_W_signal,offramp,FW_W,10491,9,,10,1200.0,1619,4,0,0,0,2
6570.1,6600.1,OR_D_W_direct,offramp,FW_W,10479,7,,8,960.0,1432,4,0,0,0,0
6570.1,6600.1,OR_F_E_signal,offramp,FW_E,10643,9,,4,480.0,1015,69,0,0,0,0
6570.1,6600.1,OR_F_E_direct,offramp,FW_E,10682,11,,4,480.0,2220,0,0,0,0,0
6570.1,6600.1,OR_F_W_signal,offramp,FW_W,10638,19,,6,720.0,1255,69,0,0,0,0
6570.1,6600.1,OR_F_W_direct,offramp,FW_W,10645,16,,11,1320.0,1942,7,0,0,0,0
6570.1,6600.1,source_1098,source,FW_E,,,0,56,6720.0,13608,,0,56,0,0
6570.1,6600.1,source_1099,source,FW_W,,,0,43,5160.0,7865,,0,43,0,0
6600.1,6630.1,RM_C10480,ramp,FW_W,10480,,8,1,120.0,280,2,0,0,0,1
6600.1,6630.1,RM_C10482,ramp,FW_W,10482,,10,9,1080.0,3249,9,0,0,0,0
6600.1,6630.1,RM_C10646,ramp,FW_W,10646,,18,6,720.0,560,2,0,0,0,2
6600.1,6630.1,RM_C10644,ramp,FW_W,10644,,22,0,0.0,728,4,0,0,0,0
6600.1,6630.1,RM_C10639,ramp,FW_E,10639,,10,0,0.0,696,6,0,0,0,0
6600.1,6630.1,RM_C10681,ramp,FW_E,10681,,12,11,1320.0,1735,0,0,0,0,0
6600.1,6630.1,RM_C10490,ramp,FW_E,10490,,21,5,600.0,1156,3,0,0,0,0
6600.1,6630.1,RM_C10484,ramp,FW_E,10484,,23,3,360.0,784,3,0,0,0,0
6600.1,6630.1,OR_D_E_signal,offramp,FW_E,10481,18,,1,120.0,530,4,0,0,0,0
6600.1,6630.1,OR_D_E_direct,offramp,FW_E,10483,20,,3,360.0,1841,1,0,0,0,0
6600.1,6630.1,OR_D_W_signal,offramp,FW_W,10491,9,,3,360.0,1622,2,0,0,0,1
6600.1,6630.1,OR_D_W_direct,offramp,FW_W,10479,7,,8,960.0,1440,3,0,0,0,0
6600.1,6630.1,OR_F_E_signal,offramp,FW_E,10643,9,,6,720.0,1021,68,0,0,0,0
6600.1,6630.1,OR_F_E_direct,offramp,FW_E,10682,11,,12,1440.0,2232,5,0,0,0,0
6600.1,6630.1,OR_F_W_signal,offramp,FW_W,10638,19,,7,840.0,1262,73,0,0,0,2
6600.1,6630.1,OR_F_W_direct,offramp,FW_W,10645,16,,7,840.0,1949,7,0,0,0,0
6600.1,6630.1,source_1098,source,FW_E,,,0,66,7920.0,13674,,0,66,0,0
6600.1,6630.1,source_1099,source,FW_W,,,0,15,1800.0,7880,,0,15,0,0
6630.1,6660.1,RM_C10480,ramp,FW_W,10480,,8,3,360.0,283,0,0,0,0,2
6630.1,6660.1,RM_C10482,ramp,FW_W,10482,,10,5,600.0,3254,8,0,0,0,0
6630.1,6660.1,RM_C10646,ramp,FW_W,10646,,18,2,240.0,562,0,0,0,0,0
6630.1,6660.1,RM_C10644,ramp,FW_W,10644,,22,3,360.0,731,5,0,0,0,0
6630.1,6660.1,RM_C10639,ramp,FW_E,10639,,10,3,360.0,699,6,0,0,0,0
6630.1,6660.1,RM_C10681,ramp,FW_E,10681,,12,0,0.0,1735,0,0,0,0,0
6630.1,6660.1,RM_C10490,ramp,FW_E,10490,,21,3,360.0,1159,4,0,0,0,0
6630.1,6660.1,RM_C10484,ramp,FW_E,10484,,23,3,360.0,787,3,0,0,0,0
6630.1,6660.1,OR_D_E_signal,offramp,FW_E,10481,18,,3,360.0,533,2,0,0,0,0
6630.1,6660.1,OR_D_E_direct,offramp,FW_E,10483,20,,5,600.0,1846,5,0,0,0,0
6630.1,6660.1,OR_D_W_signal,offramp,FW_W,10491,9,,8,960.0,1630,6,0,0,0,2
6630.1,6660.1,OR_D_W_direct,offramp,FW_W,10479,7,,6,720.0,1446,3,0,0,0,0
6630.1,6660.1,OR_F_E_signal,offramp,FW_E,10643,9,,3,360.0,1024,69,0,0,0,0
6630.1,6660.1,OR_F_E_direct,offramp,FW_E,10682,11,,15,1800.0,2247,4,0,0,0,0
6630.1,6660.1,OR_F_W_signal,offramp,FW_W,10638,19,,6,720.0,1268,69,0,0,0,0
6630.1,6660.1,OR_F_W_direct,offramp,FW_W,10645,16,,4,480.0,1953,1,0,0,0,0
6630.1,6660.1,source_1098,source,FW_E,,,0,68,8160.0,13742,,0,68,0,0
6630.1,6660.1,source_1099,source,FW_W,,,0,20,2400.0,7900,,0,20,0,0
6660.1,6690.1,RM_C10480,ramp,FW_W,10480,,8,0,0.0,283,1,0,0,0,0
6660.1,6690.1,RM_C10482,ramp,FW_W,10482,,10,8,960.0,3262,7,0,0,0,0
6660.1,6690.1,RM_C10646,ramp,FW_W,10646,,18,0,0.0,562,0,0,0,0,0
6660.1,6690.1,RM_C10644,ramp,FW_W,10644,,22,0,0.0,731,7,0,0,0,0
6660.1,6690.1,RM_C10639,ramp,FW_E,10639,,10,5,600.0,704,6,0,0,0,0
6660.1,6690.1,RM_C10681,ramp,FW_E,10681,,12,0,0.0,1735,8,0,0,0,0
6660.1,6690.1,RM_C10490,ramp,FW_E,10490,,21,4,480.0,1163,3,0,0,0,0
6660.1,6690.1,RM_C10484,ramp,FW_E,10484,,23,0,0.0,787,5,0,0,0,0
6660.1,6690.1,OR_D_E_signal,offramp,FW_E,10481,18,,2,240.0,535,2,0,0,0,0
6660.1,6690.1,OR_D_E_direct,offramp,FW_E,10483,20,,3,360.0,1849,0,0,0,0,0
6660.1,6690.1,OR_D_W_signal,offramp,FW_W,10491,9,,7,840.0,1637,2,0,0,0,0
6660.1,6690.1,OR_D_W_direct,offramp,FW_W,10479,7,,8,960.0,1454,5,0,0,0,0
6660.1,6690.1,OR_F_E_signal,offramp,FW_E,10643,9,,5,600.0,1029,74,0,0,0,0
6660.1,6690.1,OR_F_E_direct,offramp,FW_E,10682,11,,11,1320.0,2258,1,0,0,0,0
6660.1,6690.1,OR_F_W_signal,offramp,FW_W,10638,19,,1,120.0,1269,68,0,0,0,0
6660.1,6690.1,OR_F_W_direct,offramp,FW_W,10645,16,,13,1560.0,1966,7,0,0,0,0
6660.1,6690.1,source_1098,source,FW_E,,,0,62,7440.0,13804,,0,62,0,0
6660.1,6690.1,source_1099,source,FW_W,,,0,36,4320.0,7936,,0,36,0,0
6690.1,6720.1,RM_C10480,ramp,FW_W,10480,,8,2,240.0,285,0,0,0,0,2
6690.1,6720.1,RM_C10482,ramp,FW_W,10482,,10,4,480.0,3266,13,0,0,0,0
6690.1,6720.1,RM_C10646,ramp,FW_W,10646,,18,0,0.0,562,3,0,0,0,0
6690.1,6720.1,RM_C10644,ramp,FW_W,10644,,22,1,120.0,732,6,0,0,0,0
6690.1,6720.1,RM_C10639,ramp,FW_E,10639,,10,5,600.0,709,4,0,0,0,0
6690.1,6720.1,RM_C10681,ramp,FW_E,10681,,12,8,960.0,1743,17,0,0,0,0
6690.1,6720.1,RM_C10490,ramp,FW_E,10490,,21,3,360.0,1166,6,0,0,0,0
6690.1,6720.1,RM_C10484,ramp,FW_E,10484,,23,4,480.0,791,3,0,0,0,0
6690.1,6720.1,OR_D_E_signal,offramp,FW_E,10481,18,,1,120.0,536,1,0,0,0,0
6690.1,6720.1,OR_D_E_direct,offramp,FW_E,10483,20,,4,480.0,1853,3,0,0,0,0
6690.1,6720.1,OR_D_W_signal,offramp,FW_W,10491,9,,9,1080.0,1646,3,0,0,0,2
6690.1,6720.1,OR_D_W_direct,offramp,FW_W,10479,7,,11,1320.0,1465,5,0,0,0,0
6690.1,6720.1,OR_F_E_signal,offramp,FW_E,10643,9,,2,240.0,1031,71,0,0,0,0
6690.1,6720.1,OR_F_E_direct,offramp,FW_E,10682,11,,10,1200.0,2268,2,0,0,0,0
6690.1,6720.1,OR_F_W_signal,offramp,FW_W,10638,19,,1,120.0,1270,65,0,0,0,0
6690.1,6720.1,OR_F_W_direct,offramp,FW_W,10645,16,,8,960.0,1974,3,0,0,0,0
6690.1,6720.1,source_1098,source,FW_E,,,0,71,8520.0,13875,,0,71,0,0
6690.1,6720.1,source_1099,source,FW_W,,,0,44,5280.0,7980,,0,44,0,0
6720.1,6750.1,RM_C10480,ramp,FW_W,10480,,8,2,240.0,287,0,0,0,0,1
6720.1,6750.1,RM_C10482,ramp,FW_W,10482,,10,11,1320.0,3277,15,0,0,0,0
6720.1,6750.1,RM_C10646,ramp,FW_W,10646,,18,3,360.0,565,8,0,0,0,0
6720.1,6750.1,RM_C10644,ramp,FW_W,10644,,22,2,240.0,734,6,0,0,0,0
6720.1,6750.1,RM_C10639,ramp,FW_E,10639,,10,1,120.0,710,6,0,0,0,0
6720.1,6750.1,RM_C10681,ramp,FW_E,10681,,12,14,1680.0,1757,6,0,0,0,0
6720.1,6750.1,RM_C10490,ramp,FW_E,10490,,21,2,240.0,1168,8,0,0,0,0
6720.1,6750.1,RM_C10484,ramp,FW_E,10484,,23,2,240.0,793,8,0,0,0,0
6720.1,6750.1,OR_D_E_signal,offramp,FW_E,10481,18,,1,120.0,537,1,0,0,0,0
6720.1,6750.1,OR_D_E_direct,offramp,FW_E,10483,20,,7,840.0,1860,5,0,0,0,0
6720.1,6750.1,OR_D_W_signal,offramp,FW_W,10491,9,,11,1320.0,1657,4,0,0,0,1
6720.1,6750.1,OR_D_W_direct,offramp,FW_W,10479,7,,5,600.0,1470,1,0,0,0,0
6720.1,6750.1,OR_F_E_signal,offramp,FW_E,10643,9,,4,480.0,1035,66,0,0,0,0
6720.1,6750.1,OR_F_E_direct,offramp,FW_E,10682,11,,7,840.0,2275,2,0,0,0,0
6720.1,6750.1,OR_F_W_signal,offramp,FW_W,10638,19,,4,480.0,1274,63,0,0,0,0
6720.1,6750.1,OR_F_W_direct,offramp,FW_W,10645,16,,2,240.0,1976,2,0,0,0,0
6720.1,6750.1,source_1098,source,FW_E,,,0,57,6840.0,13932,,0,57,0,0
6720.1,6750.1,source_1099,source,FW_W,,,0,31,3720.0,8011,,0,31,0,0
6750.1,6780.1,RM_C10480,ramp,FW_W,10480,,8,2,240.0,289,0,0,0,0,1
6750.1,6780.1,RM_C10482,ramp,FW_W,10482,,10,10,1200.0,3287,15,0,0,0,0
6750.1,6780.1,RM_C10646,ramp,FW_W,10646,,18,8,960.0,573,0,0,0,0,1
6750.1,6780.1,RM_C10644,ramp,FW_W,10644,,22,4,480.0,738,3,0,0,0,0
6750.1,6780.1,RM_C10639,ramp,FW_E,10639,,10,6,720.0,716,1,0,0,0,0
6750.1,6780.1,RM_C10681,ramp,FW_E,10681,,12,6,720.0,1763,0,0,0,0,0
6750.1,6780.1,RM_C10490,ramp,FW_E,10490,,21,7,840.0,1175,3,0,0,0,0
6750.1,6780.1,RM_C10484,ramp,FW_E,10484,,23,8,960.0,801,2,0,0,0,0
6750.1,6780.1,OR_D_E_signal,offramp,FW_E,10481,18,,5,600.0,542,6,0,0,0,0
6750.1,6780.1,OR_D_E_direct,offramp,FW_E,10483,20,,5,600.0,1865,0,0,0,0,0
6750.1,6780.1,OR_D_W_signal,offramp,FW_W,10491,9,,5,600.0,1662,1,0,0,0,1
6750.1,6780.1,OR_D_W_direct,offramp,FW_W,10479,7,,4,480.0,1474,0,0,0,0,0
6750.1,6780.1,OR_F_E_signal,offramp,FW_E,10643,9,,4,480.0,1039,61,0,0,0,0
6750.1,6780.1,OR_F_E_direct,offramp,FW_E,10682,11,,6,720.0,2281,2,0,0,0,0
6750.1,6780.1,OR_F_W_signal,offramp,FW_W,10638,19,,9,1080.0,1283,65,0,0,0,1
6750.1,6780.1,OR_F_W_direct,offramp,FW_W,10645,16,,10,1200.0,1986,0,0,0,0,0
6750.1,6780.1,source_1098,source,FW_E,,,0,60,7200.0,13992,,0,60,0,0
6750.1,6780.1,source_1099,source,FW_W,,,0,35,4200.0,8046,,0,35,0,0
6780.1,6810.1,RM_C10480,ramp,FW_W,10480,,8,0,0.0,289,0,0,0,0,0
6780.1,6810.1,RM_C10482,ramp,FW_W,10482,,10,12,1440.0,3299,4,0,0,0,0
6780.1,6810.1,RM_C10646,ramp,FW_W,10646,,18,0,0.0,573,0,0,0,0,0
6780.1,6810.1,RM_C10644,ramp,FW_W,10644,,22,1,120.0,739,3,0,0,0,0
6780.1,6810.1,RM_C10639,ramp,FW_E,10639,,10,1,120.0,717,4,0,0,0,0
6780.1,6810.1,RM_C10681,ramp,FW_E,10681,,12,0,0.0,1763,0,0,0,0,0
6780.1,6810.1,RM_C10490,ramp,FW_E,10490,,21,4,480.0,1179,7,0,0,0,0
6780.1,6810.1,RM_C10484,ramp,FW_E,10484,,23,0,0.0,801,4,0,0,0,0
6780.1,6810.1,OR_D_E_signal,offramp,FW_E,10481,18,,3,360.0,545,2,0,0,0,0
6780.1,6810.1,OR_D_E_direct,offramp,FW_E,10483,20,,3,360.0,1868,0,0,0,0,0
6780.1,6810.1,OR_D_W_signal,offramp,FW_W,10491,9,,12,1440.0,1674,3,0,0,0,0
6780.1,6810.1,OR_D_W_direct,offramp,FW_W,10479,7,,3,360.0,1477,0,0,0,0,0
6780.1,6810.1,OR_F_E_signal,offramp,FW_E,10643,9,,4,480.0,1043,60,0,0,0,0
6780.1,6810.1,OR_F_E_direct,offramp,FW_E,10682,11,,15,1800.0,2296,7,0,0,0,0
6780.1,6810.1,OR_F_W_signal,offramp,FW_W,10638,19,,1,120.0,1284,55,0,0,0,0
6780.1,6810.1,OR_F_W_direct,offramp,FW_W,10645,16,,2,240.0,1988,2,0,0,0,0
6780.1,6810.1,source_1098,source,FW_E,,,0,58,6960.0,14050,,0,58,0,0
6780.1,6810.1,source_1099,source,FW_W,,,0,42,5040.0,8088,,0,42,0,0
6810.1,6840.1,RM_C10480,ramp,FW_W,10480,,8,0,0.0,289,0,0,0,0,0
6810.1,6840.1,RM_C10482,ramp,FW_W,10482,,10,4,480.0,3303,13,0,0,0,0
6810.1,6840.1,RM_C10646,ramp,FW_W,10646,,18,0,0.0,573,1,0,0,0,0
6810.1,6840.1,RM_C10644,ramp,FW_W,10644,,22,1,120.0,740,4,0,0,0,0
6810.1,6840.1,RM_C10639,ramp,FW_E,10639,,10,2,240.0,719,3,0,0,0,0
6810.1,6840.1,RM_C10681,ramp,FW_E,10681,,12,0,0.0,1763,8,0,0,0,0
6810.1,6840.1,RM_C10490,ramp,FW_E,10490,,21,7,840.0,1186,0,0,0,0,0
6810.1,6840.1,RM_C10484,ramp,FW_E,10484,,23,2,240.0,803,5,0,0,0,0
6810.1,6840.1,OR_D_E_signal,offramp,FW_E,10481,18,,1,120.0,546,0,0,0,0,0
6810.1,6840.1,OR_D_E_direct,offramp,FW_E,10483,20,,1,120.0,1869,0,0,0,0,0
6810.1,6840.1,OR_D_W_signal,offramp,FW_W,10491,9,,9,1080.0,1683,2,0,0,0,0
6810.1,6840.1,OR_D_W_direct,offramp,FW_W,10479,7,,4,480.0,1481,2,0,0,0,0
6810.1,6840.1,OR_F_E_signal,offramp,FW_E,10643,9,,5,600.0,1048,62,0,0,0,0
6810.1,6840.1,OR_F_E_direct,offramp,FW_E,10682,11,,7,840.0,2303,0,0,0,0,0
6810.1,6840.1,OR_F_W_signal,offramp,FW_W,10638,19,,5,600.0,1289,50,0,0,0,0
6810.1,6840.1,OR_F_W_direct,offramp,FW_W,10645,16,,12,1440.0,2000,4,0,0,0,0
6810.1,6840.1,source_1098,source,FW_E,,,0,63,7560.0,14113,,0,63,0,0
6810.1,6840.1,source_1099,source,FW_W,,,0,40,4800.0,8128,,0,40,0,0
6840.1,6870.1,RM_C10480,ramp,FW_W,10480,,8,0,0.0,289,1,0,0,0,0
6840.1,6870.1,RM_C10482,ramp,FW_W,10482,,10,6,720.0,3309,20,0,0,0,0
6840.1,6870.1,RM_C10646,ramp,FW_W,10646,,18,2,240.0,575,0,0,0,0,0
6840.1,6870.1,RM_C10644,ramp,FW_W,10644,,22,1,120.0,741,7,0,0,0,0
6840.1,6870.1,RM_C10639,ramp,FW_E,10639,,10,3,360.0,722,0,0,0,0,0
6840.1,6870.1,RM_C10681,ramp,FW_E,10681,,12,8,960.0,1771,20,0,0,0,0
6840.1,6870.1,RM_C10490,ramp,FW_E,10490,,21,0,0.0,1186,8,0,0,0,0
6840.1,6870.1,RM_C10484,ramp,FW_E,10484,,23,5,600.0,808,3,0,0,0,0
6840.1,6870.1,OR_D_E_signal,offramp,FW_E,10481,18,,3,360.0,549,3,0,0,0,0
6840.1,6870.1,OR_D_E_direct,offramp,FW_E,10483,20,,3,360.0,1872,2,0,0,0,0
6840.1,6870.1,OR_D_W_signal,offramp,FW_W,10491,9,,4,480.0,1687,3,0,0,0,0
6840.1,6870.1,OR_D_W_direct,offramp,FW_W,10479,7,,5,600.0,1486,1,0,0,0,0
6840.1,6870.1,OR_F_E_signal,offramp,FW_E,10643,9,,5,600.0,1053,58,0,0,0,0
6840.1,6870.1,OR_F_E_direct,offramp,FW_E,10682,11,,6,720.0,2309,0,0,0,0,0
6840.1,6870.1,OR_F_W_signal,offramp,FW_W,10638,19,,6,720.0,1295,45,0,0,0,0
6840.1,6870.1,OR_F_W_direct,offramp,FW_W,10645,16,,9,1080.0,2009,2,0,0,0,0
6840.1,6870.1,source_1098,source,FW_E,,,0,65,7800.0,14178,,0,65,0,0
6840.1,6870.1,source_1099,source,FW_W,,,0,28,3360.0,8156,,0,28,0,0
6870.1,6900.1,RM_C10480,ramp,FW_W,10480,,8,5,600.0,294,0,0,0,0,4
6870.1,6900.1,RM_C10482,ramp,FW_W,10482,,10,17,2040.0,3326,10,0,0,0,0
6870.1,6900.1,RM_C10646,ramp,FW_W,10646,,18,1,120.0,576,2,0,0,0,1
6870.1,6900.1,RM_C10644,ramp,FW_W,10644,,22,2,240.0,743,9,0,0,0,0
6870.1,6900.1,RM_C10639,ramp,FW_E,10639,,10,0,0.0,722,1,0,0,0,0
6870.1,6900.1,RM_C10681,ramp,FW_E,10681,,12,9,1080.0,1780,20,0,0,0,0
6870.1,6900.1,RM_C10490,ramp,FW_E,10490,,21,8,960.0,1194,7,0,0,0,0
6870.1,6900.1,RM_C10484,ramp,FW_E,10484,,23,3,360.0,811,6,0,0,0,0
6870.1,6900.1,OR_D_E_signal,offramp,FW_E,10481,18,,5,600.0,554,8,0,0,0,0
6870.1,6900.1,OR_D_E_direct,offramp,FW_E,10483,20,,5,600.0,1877,5,0,0,0,0
6870.1,6900.1,OR_D_W_signal,offramp,FW_W,10491,9,,12,1440.0,1699,6,0,0,0,4
6870.1,6900.1,OR_D_W_direct,offramp,FW_W,10479,7,,8,960.0,1494,3,0,0,0,0
6870.1,6900.1,OR_F_E_signal,offramp,FW_E,10643,9,,4,480.0,1057,52,0,0,0,0
6870.1,6900.1,OR_F_E_direct,offramp,FW_E,10682,11,,9,1080.0,2318,9,0,0,0,0
6870.1,6900.1,OR_F_W_signal,offramp,FW_W,10638,19,,7,840.0,1302,51,0,0,0,1
6870.1,6900.1,OR_F_W_direct,offramp,FW_W,10645,16,,5,600.0,2014,1,0,0,0,0
6870.1,6900.1,source_1098,source,FW_E,,,0,64,7680.0,14242,,0,64,0,0
6870.1,6900.1,source_1099,source,FW_W,,,0,40,4800.0,8196,,0,40,0,0
6900.1,6930.1,RM_C10480,ramp,FW_W,10480,,8,1,120.0,295,1,0,0,0,1
6900.1,6930.1,RM_C10482,ramp,FW_W,10482,,10,8,960.0,3334,11,0,0,0,0
6900.1,6930.1,RM_C10646,ramp,FW_W,10646,,18,1,120.0,577,2,0,0,0,1
6900.1,6930.1,RM_C10644,ramp,FW_W,10644,,22,1,120.0,744,8,0,0,0,0
6900.1,6930.1,RM_C10639,ramp,FW_E,10639,,10,1,120.0,723,3,0,0,0,0
6900.1,6930.1,RM_C10681,ramp,FW_E,10681,,12,6,720.0,1786,14,0,0,0,0
6900.1,6930.1,RM_C10490,ramp,FW_E,10490,,21,8,960.0,1202,6,0,0,0,0
6900.1,6930.1,RM_C10484,ramp,FW_E,10484,,23,5,600.0,816,3,0,0,0,0
6900.1,6930.1,OR_D_E_signal,offramp,FW_E,10481,18,,4,480.0,558,12,0,0,0,0
6900.1,6930.1,OR_D_E_direct,offramp,FW_E,10483,20,,5,600.0,1882,1,0,0,0,0
6900.1,6930.1,OR_D_W_signal,offramp,FW_W,10491,9,,8,960.0,1707,4,0,0,0,1
6900.1,6930.1,OR_D_W_direct,offramp,FW_W,10479,7,,5,600.0,1499,1,0,0,0,0
6900.1,6930.1,OR_F_E_signal,offramp,FW_E,10643,9,,8,960.0,1065,50,0,0,0,0
6900.1,6930.1,OR_F_E_direct,offramp,FW_E,10682,11,,14,1680.0,2332,4,0,0,0,0
6900.1,6930.1,OR_F_W_signal,offramp,FW_W,10638,19,,3,360.0,1305,49,0,0,0,1
6900.1,6930.1,OR_F_W_direct,offramp,FW_W,10645,16,,7,840.0,2021,2,0,0,0,0
6900.1,6930.1,source_1098,source,FW_E,,,0,59,7080.0,14301,,0,59,0,0
6900.1,6930.1,source_1099,source,FW_W,,,0,37,4440.0,8233,,0,37,0,0
6930.1,6960.1,RM_C10480,ramp,FW_W,10480,,8,1,120.0,296,1,0,0,0,1
6930.1,6960.1,RM_C10482,ramp,FW_W,10482,,10,8,960.0,3342,5,0,0,0,0
6930.1,6960.1,RM_C10646,ramp,FW_W,10646,,18,2,240.0,579,0,0,0,0,0
6930.1,6960.1,RM_C10644,ramp,FW_W,10644,,22,6,720.0,750,6,0,0,0,0
6930.1,6960.1,RM_C10639,ramp,FW_E,10639,,10,3,360.0,726,2,0,0,0,0
6930.1,6960.1,RM_C10681,ramp,FW_E,10681,,12,7,840.0,1793,8,0,0,0,0
6930.1,6960.1,RM_C10490,ramp,FW_E,10490,,21,6,720.0,1208,4,0,0,0,0
6930.1,6960.1,RM_C10484,ramp,FW_E,10484,,23,3,360.0,819,1,0,0,0,0
6930.1,6960.1,OR_D_E_signal,offramp,FW_E,10481,18,,4,480.0,562,8,0,0,0,0
6930.1,6960.1,OR_D_E_direct,offramp,FW_E,10483,20,,13,1560.0,1895,6,0,0,0,0
6930.1,6960.1,OR_D_W_signal,offramp,FW_W,10491,9,,8,960.0,1715,2,0,0,0,1
6930.1,6960.1,OR_D_W_direct,offramp,FW_W,10479,7,,3,360.0,1502,0,0,0,0,0
6930.1,6960.1,OR_F_E_signal,offramp,FW_E,10643,9,,10,1200.0,1075,55,0,0,0,0
6930.1,6960.1,OR_F_E_direct,offramp,FW_E,10682,11,,11,1320.0,2343,3,0,0,0,0
6930.1,6960.1,OR_F_W_signal,offramp,FW_W,10638,19,,3,360.0,1308,40,0,0,0,0
6930.1,6960.1,OR_F_W_direct,offramp,FW_W,10645,16,,11,1320.0,2032,6,0,0,0,0
6930.1,6960.1,source_1098,source,FW_E,,,0,58,6960.0,14359,,0,58,0,0
6930.1,6960.1,source_1099,source,FW_W,,,0,37,4440.0,8270,,0,37,0,0
6960.1,6990.1,RM_C10480,ramp,FW_W,10480,,8,1,120.0,297,0,0,0,0,1
6960.1,6990.1,RM_C10482,ramp,FW_W,10482,,10,4,480.0,3346,11,0,0,0,0
6960.1,6990.1,RM_C10646,ramp,FW_W,10646,,18,0,0.0,579,0,0,0,0,0
6960.1,6990.1,RM_C10644,ramp,FW_W,10644,,22,2,240.0,752,5,0,0,0,0
6960.1,6990.1,RM_C10639,ramp,FW_E,10639,,10,2,240.0,728,3,0,0,0,0
6960.1,6990.1,RM_C10681,ramp,FW_E,10681,,12,8,960.0,1801,9,0,0,0,0
6960.1,6990.1,RM_C10490,ramp,FW_E,10490,,21,4,480.0,1212,9,0,0,0,0
6960.1,6990.1,RM_C10484,ramp,FW_E,10484,,23,1,120.0,820,4,0,0,0,0
6960.1,6990.1,OR_D_E_signal,offramp,FW_E,10481,18,,3,360.0,565,6,0,0,0,0
6960.1,6990.1,OR_D_E_direct,offramp,FW_E,10483,20,,10,1200.0,1905,3,0,0,0,0
6960.1,6990.1,OR_D_W_signal,offramp,FW_W,10491,9,,8,960.0,1723,2,0,0,0,1
6960.1,6990.1,OR_D_W_direct,offramp,FW_W,10479,7,,9,1080.0,1511,4,0,0,0,0
6960.1,6990.1,OR_F_E_signal,offramp,FW_E,10643,9,,7,840.0,1082,57,0,0,0,0
6960.1,6990.1,OR_F_E_direct,offramp,FW_E,10682,11,,7,840.0,2350,3,0,0,0,0
6960.1,6990.1,OR_F_W_signal,offramp,FW_W,10638,19,,10,1200.0,1318,42,0,0,0,0
6960.1,6990.1,OR_F_W_direct,offramp,FW_W,10645,16,,2,240.0,2034,0,0,0,0,0
6960.1,6990.1,source_1098,source,FW_E,,,0,61,7320.0,14420,,0,61,0,0
6960.1,6990.1,source_1099,source,FW_W,,,0,33,3960.0,8303,,0,33,0,0
6990.1,7020.1,RM_C10480,ramp,FW_W,10480,,8,0,0.0,297,0,0,0,0,0
6990.1,7020.1,RM_C10482,ramp,FW_W,10482,,10,10,1200.0,3356,8,0,0,0,0
6990.1,7020.1,RM_C10646,ramp,FW_W,10646,,18,4,480.0,583,1,0,0,0,1
6990.1,7020.1,RM_C10644,ramp,FW_W,10644,,22,0,0.0,752,11,0,0,0,0
6990.1,7020.1,RM_C10639,ramp,FW_E,10639,,10,3,360.0,731,2,0,0,0,0
6990.1,7020.1,RM_C10681,ramp,FW_E,10681,,12,6,720.0,1807,21,0,0,0,0
6990.1,7020.1,RM_C10490,ramp,FW_E,10490,,21,8,960.0,1220,3,0,0,0,0
6990.1,7020.1,RM_C10484,ramp,FW_E,10484,,23,2,240.0,822,8,0,0,0,0
6990.1,7020.1,OR_D_E_signal,offramp,FW_E,10481,18,,0,0.0,565,2,0,0,0,0
6990.1,7020.1,OR_D_E_direct,offramp,FW_E,10483,20,,4,480.0,1909,0,0,0,0,0
6990.1,7020.1,OR_D_W_signal,offramp,FW_W,10491,9,,7,840.0,1730,1,0,0,0,0
6990.1,7020.1,OR_D_W_direct,offramp,FW_W,10479,7,,8,960.0,1519,4,0,0,0,0
6990.1,7020.1,OR_F_E_signal,offramp,FW_E,10643,9,,7,840.0,1089,55,0,0,0,0
6990.1,7020.1,OR_F_E_direct,offramp,FW_E,10682,11,,12,1440.0,2362,3,0,0,0,0
6990.1,7020.1,OR_F_W_signal,offramp,FW_W,10638,19,,3,360.0,1321,36,0,0,0,1
6990.1,7020.1,OR_F_W_direct,offramp,FW_W,10645,16,,10,1200.0,2044,7,0,0,0,0
6990.1,7020.1,source_1098,source,FW_E,,,0,65,7800.0,14485,,0,65,0,0
6990.1,7020.1,source_1099,source,FW_W,,,0,34,4080.0,8337,,0,34,0,0
7020.1,7050.1,RM_C10480,ramp,FW_W,10480,,8,1,120.0,298,1,0,0,0,1
7020.1,7050.1,RM_C10482,ramp,FW_W,10482,,10,2,240.0,3358,18,0,0,0,0
7020.1,7050.1,RM_C10646,ramp,FW_W,10646,,18,0,0.0,583,9,0,0,0,0
7020.1,7050.1,RM_C10644,ramp,FW_W,10644,,22,4,480.0,756,8,0,0,0,0
7020.1,7050.1,RM_C10639,ramp,FW_E,10639,,10,1,120.0,732,3,0,0,0,0
7020.1,7050.1,RM_C10681,ramp,FW_E,10681,,12,7,840.0,1814,24,0,0,0,0
7020.1,7050.1,RM_C10490,ramp,FW_E,10490,,21,3,360.0,1223,2,0,0,0,0
7020.1,7050.1,RM_C10484,ramp,FW_E,10484,,23,5,600.0,827,7,0,0,0,0
7020.1,7050.1,OR_D_E_signal,offramp,FW_E,10481,18,,2,240.0,567,2,0,0,0,0
7020.1,7050.1,OR_D_E_direct,offramp,FW_E,10483,20,,6,720.0,1915,0,0,0,0,0
7020.1,7050.1,OR_D_W_signal,offramp,FW_W,10491,9,,11,1320.0,1741,6,0,0,0,1
7020.1,7050.1,OR_D_W_direct,offramp,FW_W,10479,7,,7,840.0,1526,3,0,0,0,0
7020.1,7050.1,OR_F_E_signal,offramp,FW_E,10643,9,,7,840.0,1096,56,0,0,0,0
7020.1,7050.1,OR_F_E_direct,offramp,FW_E,10682,11,,7,840.0,2369,0,0,0,0,0
7020.1,7050.1,OR_F_W_signal,offramp,FW_W,10638,19,,5,600.0,1326,37,0,0,0,0
7020.1,7050.1,OR_F_W_direct,offramp,FW_W,10645,16,,6,720.0,2050,3,0,0,0,0
7020.1,7050.1,source_1098,source,FW_E,,,0,61,7320.0,14546,,0,61,0,0
7020.1,7050.1,source_1099,source,FW_W,,,0,38,4560.0,8375,,0,38,0,0
7050.1,7080.1,RM_C10480,ramp,FW_W,10480,,8,2,240.0,300,0,0,0,0,1
7050.1,7080.1,RM_C10482,ramp,FW_W,10482,,10,17,2040.0,3375,22,0,0,0,0
7050.1,7080.1,RM_C10646,ramp,FW_W,10646,,18,10,1200.0,593,0,0,0,0,4
7050.1,7080.1,RM_C10644,ramp,FW_W,10644,,22,5,600.0,761,7,0,0,0,0
7050.1,7080.1,RM_C10639,ramp,FW_E,10639,,10,2,240.0,734,3,0,0,0,0
7050.1,7080.1,RM_C10681,ramp,FW_E,10681,,12,6,720.0,1820,19,0,0,0,0
7050.1,7080.1,RM_C10490,ramp,FW_E,10490,,21,2,240.0,1225,8,0,0,0,0
7050.1,7080.1,RM_C10484,ramp,FW_E,10484,,23,5,600.0,832,3,0,0,0,0
7050.1,7080.1,OR_D_E_signal,offramp,FW_E,10481,18,,1,120.0,568,3,0,0,0,0
7050.1,7080.1,OR_D_E_direct,offramp,FW_E,10483,20,,16,1920.0,1931,5,0,0,0,0
7050.1,7080.1,OR_D_W_signal,offramp,FW_W,10491,9,,9,1080.0,1750,2,0,0,0,1
7050.1,7080.1,OR_D_W_direct,offramp,FW_W,10479,7,,3,360.0,1529,0,0,0,0,0
7050.1,7080.1,OR_F_E_signal,offramp,FW_E,10643,9,,7,840.0,1103,55,0,0,0,0
7050.1,7080.1,OR_F_E_direct,offramp,FW_E,10682,11,,8,960.0,2377,1,0,0,0,0
7050.1,7080.1,OR_F_W_signal,offramp,FW_W,10638,19,,10,1200.0,1336,38,0,0,0,4
7050.1,7080.1,OR_F_W_direct,offramp,FW_W,10645,16,,5,600.0,2055,2,0,0,0,0
7050.1,7080.1,source_1098,source,FW_E,,,0,61,7320.0,14607,,0,61,0,0
7050.1,7080.1,source_1099,source,FW_W,,,0,40,4800.0,8415,,0,40,0,0
7080.1,7110.1,RM_C10480,ramp,FW_W,10480,,8,0,0.0,300,0,0,0,0,0
7080.1,7110.1,RM_C10482,ramp,FW_W,10482,,10,14,1680.0,3389,16,0,0,0,0
7080.1,7110.1,RM_C10646,ramp,FW_W,10646,,18,0,0.0,593,0,0,0,0,0
7080.1,7110.1,RM_C10644,ramp,FW_W,10644,,22,3,360.0,764,4,0,0,0,0
7080.1,7110.1,RM_C10639,ramp,FW_E,10639,,10,2,240.0,736,5,0,0,0,0
7080.1,7110.1,RM_C10681,ramp,FW_E,10681,,12,6,720.0,1826,13,0,0,0,0
7080.1,7110.1,RM_C10490,ramp,FW_E,10490,,21,8,960.0,1233,6,0,0,0,0
7080.1,7110.1,RM_C10484,ramp,FW_E,10484,,23,3,360.0,835,1,0,0,0,0
7080.1,7110.1,OR_D_E_signal,offramp,FW_E,10481,18,,3,360.0,571,2,0,0,0,0
7080.1,7110.1,OR_D_E_direct,offramp,FW_E,10483,20,,8,960.0,1939,0,0,0,0,0
7080.1,7110.1,OR_D_W_signal,offramp,FW_W,10491,9,,4,480.0,1754,0,0,0,0,0
7080.1,7110.1,OR_D_W_direct,offramp,FW_W,10479,7,,9,1080.0,1538,0,0,0,0,0
7080.1,7110.1,OR_F_E_signal,offramp,FW_E,10643,9,,7,840.0,1110,58,0,0,0,0
7080.1,7110.1,OR_F_E_direct,offramp,FW_E,10682,11,,5,600.0,2382,4,0,0,0,0
7080.1,7110.1,OR_F_W_signal,offramp,FW_W,10638,19,,4,480.0,1340,32,0,0,0,0
7080.1,7110.1,OR_F_W_direct,offramp,FW_W,10645,16,,6,720.0,2061,2,0,0,0,0
7080.1,7110.1,source_1098,source,FW_E,,,0,62,7440.0,14669,,0,62,0,0
7080.1,7110.1,source_1099,source,FW_W,,,0,41,4920.0,8456,,0,41,0,0
7110.1,7140.1,RM_C10480,ramp,FW_W,10480,,8,0,0.0,300,0,0,0,0,0
7110.1,7140.1,RM_C10482,ramp,FW_W,10482,,10,15,1800.0,3404,7,0,0,0,0
7110.1,7140.1,RM_C10646,ramp,FW_W,10646,,18,0,0.0,593,0,0,0,0,0
7110.1,7140.1,RM_C10644,ramp,FW_W,10644,,22,2,240.0,766,4,0,0,0,0
7110.1,7140.1,RM_C10639,ramp,FW_E,10639,,10,5,600.0,741,2,0,0,0,0
7110.1,7140.1,RM_C10681,ramp,FW_E,10681,,12,6,720.0,1832,13,0,0,0,0
7110.1,7140.1,RM_C10490,ramp,FW_E,10490,,21,7,840.0,1240,4,0,0,0,0
7110.1,7140.1,RM_C10484,ramp,FW_E,10484,,23,1,120.0,836,1,0,0,0,0
7110.1,7140.1,OR_D_E_signal,offramp,FW_E,10481,18,,1,120.0,572,1,0,0,0,0
7110.1,7140.1,OR_D_E_direct,offramp,FW_E,10483,20,,17,2040.0,1956,7,0,0,0,0
7110.1,7140.1,OR_D_W_signal,offramp,FW_W,10491,9,,6,720.0,1760,2,0,0,0,0
7110.1,7140.1,OR_D_W_direct,offramp,FW_W,10479,7,,8,960.0,1546,4,0,0,0,0
7110.1,7140.1,OR_F_E_signal,offramp,FW_E,10643,9,,6,720.0,1116,58,0,0,0,0
7110.1,7140.1,OR_F_E_direct,offramp,FW_E,10682,11,,10,1200.0,2392,4,0,0,0,0
7110.1,7140.1,OR_F_W_signal,offramp,FW_W,10638,19,,2,240.0,1342,22,0,0,0,0
7110.1,7140.1,OR_F_W_direct,offramp,FW_W,10645,16,,3,360.0,2064,1,0,0,0,0
7110.1,7140.1,source_1098,source,FW_E,,,0,53,6360.0,14722,,0,53,0,0
7110.1,7140.1,source_1099,source,FW_W,,,0,15,1800.0,8471,,0,15,0,0
7140.1,7170.1,RM_C10480,ramp,FW_W,10480,,8,2,240.0,302,0,0,0,0,0
7140.1,7170.1,RM_C10482,ramp,FW_W,10482,,10,4,480.0,3408,11,0,0,0,0
7140.1,7170.1,RM_C10646,ramp,FW_W,10646,,18,0,0.0,593,4,0,0,0,0
7140.1,7170.1,RM_C10644,ramp,FW_W,10644,,22,2,240.0,768,8,0,0,0,0
7140.1,7170.1,RM_C10639,ramp,FW_E,10639,,10,2,240.0,743,0,0,0,0,0
7140.1,7170.1,RM_C10681,ramp,FW_E,10681,,12,8,960.0,1840,21,0,0,0,0
7140.1,7170.1,RM_C10490,ramp,FW_E,10490,,21,4,480.0,1244,3,0,0,0,0
7140.1,7170.1,RM_C10484,ramp,FW_E,10484,,23,0,0.0,836,9,0,0,0,0
7140.1,7170.1,OR_D_E_signal,offramp,FW_E,10481,18,,3,360.0,575,1,0,0,0,0
7140.1,7170.1,OR_D_E_direct,offramp,FW_E,10483,20,,9,1080.0,1965,3,0,0,0,0
7140.1,7170.1,OR_D_W_signal,offramp,FW_W,10491,9,,11,1320.0,1771,4,0,0,0,0
7140.1,7170.1,OR_D_W_direct,offramp,FW_W,10479,7,,6,720.0,1552,2,0,0,0,0
7140.1,7170.1,OR_F_E_signal,offramp,FW_E,10643,9,,5,600.0,1121,57,0,0,0,0
7140.1,7170.1,OR_F_E_direct,offramp,FW_E,10682,11,,9,1080.0,2401,0,0,0,0,0
7140.1,7170.1,OR_F_W_signal,offramp,FW_W,10638,19,,3,360.0,1345,18,0,0,0,0
7140.1,7170.1,OR_F_W_direct,offramp,FW_W,10645,16,,13,1560.0,2077,8,0,0,0,0
7140.1,7170.1,source_1098,source,FW_E,,,0,63,7560.0,14785,,0,63,0,0
7140.1,7170.1,source_1099,source,FW_W,,,0,18,2160.0,8489,,0,18,0,0
7170.1,7200.1,RM_C10480,ramp,FW_W,10480,,8,0,0.0,302,0,0,0,0,0
7170.1,7200.1,RM_C10482,ramp,FW_W,10482,,10,9,1080.0,3417,12,0,0,0,0
7170.1,7200.1,RM_C10646,ramp,FW_W,10646,,18,4,480.0,597,3,0,0,0,2
7170.1,7200.1,RM_C10644,ramp,FW_W,10644,,22,2,240.0,770,10,0,0,0,0
7170.1,7200.1,RM_C10639,ramp,FW_E,10639,,10,0,0.0,743,0,0,0,0,0
7170.1,7200.1,RM_C10681,ramp,FW_E,10681,,12,8,960.0,1848,15,0,0,0,0
7170.1,7200.1,RM_C10490,ramp,FW_E,10490,,21,3,360.0,1247,3,0,0,0,0
7170.1,7200.1,RM_C10484,ramp,FW_E,10484,,23,8,960.0,844,4,0,0,0,0
7170.1,7200.1,OR_D_E_signal,offramp,FW_E,10481,18,,5,600.0,580,5,0,0,0,0
7170.1,7200.1,OR_D_E_direct,offramp,FW_E,10483,20,,8,960.0,1973,3,0,0,0,0
7170.1,7200.1,OR_D_W_signal,offramp,FW_W,10491,9,,6,720.0,1777,1,0,0,0,0
7170.1,7200.1,OR_D_W_direct,offramp,FW_W,10479,7,,6,720.0,1558,2,0,0,0,0
7170.1,7200.1,OR_F_E_signal,offramp,FW_E,10643,9,,8,960.0,1129,61,0,0,0,0
7170.1,7200.1,OR_F_E_direct,offramp,FW_E,10682,11,,10,1200.0,2411,4,0,0,0,0
7170.1,7200.1,OR_F_W_signal,offramp,FW_W,10638,19,,10,1200.0,1355,22,0,0,0,2
7170.1,7200.1,OR_F_W_direct,offramp,FW_W,10645,16,,2,240.0,2079,0,0,0,0,0
7170.1,7200.1,source_1098,source,FW_E,,,0,58,6960.0,14843,,0,58,0,0
7170.1,7200.1,source_1099,source,FW_W,,,0,48,5760.0,8537,,0,48,0,0
7200.1,7230.1,RM_C10480,ramp,FW_W,10480,,8,1,120.0,303,3,0,0,0,1
7200.1,7230.1,RM_C10482,ramp,FW_W,10482,,10,6,720.0,3423,17,0,0,0,0
7200.1,7230.1,RM_C10646,ramp,FW_W,10646,,18,3,360.0,600,0,0,0,0,2
7200.1,7230.1,RM_C10644,ramp,FW_W,10644,,22,0,0.0,770,10,0,0,0,0
7200.1,7230.1,RM_C10639,ramp,FW_E,10639,,10,0,0.0,743,4,0,0,0,0
7200.1,7230.1,RM_C10681,ramp,FW_E,10681,,12,7,840.0,1855,8,0,0,0,0
7200.1,7230.1,RM_C10490,ramp,FW_E,10490,,21,3,360.0,1250,7,0,0,0,0
7200.1,7230.1,RM_C10484,ramp,FW_E,10484,,23,4,480.0,848,4,0,0,0,0
7200.1,7230.1,OR_D_E_signal,offramp,FW_E,10481,18,,2,240.0,582,7,0,0,0,0
7200.1,7230.1,OR_D_E_direct,offramp,FW_E,10483,20,,4,480.0,1977,0,0,0,0,0
7200.1,7230.1,OR_D_W_signal,offramp,FW_W,10491,9,,8,960.0,1785,3,0,0,0,1
7200.1,7230.1,OR_D_W_direct,offramp,FW_W,10479,7,,6,720.0,1564,0,0,0,0,0
7200.1,7230.1,OR_F_E_signal,offramp,FW_E,10643,9,,4,480.0,1133,59,0,0,0,0
7200.1,7230.1,OR_F_E_direct,offramp,FW_E,10682,11,,4,480.0,2415,0,0,0,0,0
7200.1,7230.1,OR_F_W_signal,offramp,FW_W,10638,19,,4,480.0,1359,16,0,0,0,2
7200.1,7230.1,OR_F_W_direct,offramp,FW_W,10645,16,,10,1200.0,2089,1,0,0,0,0
7200.1,7230.1,source_1098,source,FW_E,,,0,50,6000.0,14893,,0,50,0,0
7200.1,7230.1,source_1099,source,FW_W,,,0,27,3240.0,8564,,0,27,0,0
7230.1,7260.1,RM_C10480,ramp,FW_W,10480,,8,3,360.0,306,0,0,0,0,2
7230.1,7260.1,RM_C10482,ramp,FW_W,10482,,10,12,1440.0,3435,12,0,0,0,0
7230.1,7260.1,RM_C10646,ramp,FW_W,10646,,18,0,0.0,600,0,0,0,0,0
7230.1,7260.1,RM_C10644,ramp,FW_W,10644,,22,2,240.0,772,10,0,0,0,0
7230.1,7260.1,RM_C10639,ramp,FW_E,10639,,10,3,360.0,746,4,0,0,0,0
7230.1,7260.1,RM_C10681,ramp,FW_E,10681,,12,6,720.0,1861,3,0,0,0,0
7230.1,7260.1,RM_C10490,ramp,FW_E,10490,,21,7,840.0,1257,5,0,0,0,0
7230.1,7260.1,RM_C10484,ramp,FW_E,10484,,23,2,240.0,850,6,0,0,0,0
7230.1,7260.1,OR_D_E_signal,offramp,FW_E,10481,18,,2,240.0,584,2,0,0,0,0
7230.1,7260.1,OR_D_E_direct,offramp,FW_E,10483,20,,5,600.0,1982,2,0,0,0,0
7230.1,7260.1,OR_D_W_signal,offramp,FW_W,10491,9,,8,960.0,1793,1,0,0,0,2
7230.1,7260.1,OR_D_W_direct,offramp,FW_W,10479,7,,10,1200.0,1574,4,0,0,0,0
7230.1,7260.1,OR_F_E_signal,offramp,FW_E,10643,9,,4,480.0,1137,57,0,0,0,0
7230.1,7260.1,OR_F_E_direct,offramp,FW_E,10682,11,,10,1200.0,2425,0,0,0,0,0
7230.1,7260.1,OR_F_W_signal,offramp,FW_W,10638,19,,1,120.0,1360,8,0,0,0,0
7230.1,7260.1,OR_F_W_direct,offramp,FW_W,10645,16,,10,1200.0,2099,2,0,0,0,0
7230.1,7260.1,source_1098,source,FW_E,,,0,41,4920.0,14934,,0,41,0,0
7230.1,7260.1,source_1099,source,FW_W,,,0,48,5760.0,8612,,0,48,0,0
7260.1,7290.1,RM_C10480,ramp,FW_W,10480,,8,0,0.0,306,0,0,0,0,0
7260.1,7290.1,RM_C10482,ramp,FW_W,10482,,10,8,960.0,3443,15,0,0,0,0
7260.1,7290.1,RM_C10646,ramp,FW_W,10646,,18,0,0.0,600,0,0,0,0,0
7260.1,7290.1,RM_C10644,ramp,FW_W,10644,,22,8,960.0,780,5,0,0,0,0
7260.1,7290.1,RM_C10639,ramp,FW_E,10639,,10,4,480.0,750,0,0,0,0,0
7260.1,7290.1,RM_C10681,ramp,FW_E,10681,,12,3,360.0,1864,9,0,0,0,0
7260.1,7290.1,RM_C10490,ramp,FW_E,10490,,21,5,600.0,1262,5,0,0,0,0
7260.1,7290.1,RM_C10484,ramp,FW_E,10484,,23,3,360.0,853,4,0,0,0,0
7260.1,7290.1,OR_D_E_signal,offramp,FW_E,10481,18,,3,360.0,587,1,0,0,0,0
7260.1,7290.1,OR_D_E_direct,offramp,FW_E,10483,20,,8,960.0,1990,3,0,0,0,0
7260.1,7290.1,OR_D_W_signal,offramp,FW_W,10491,9,,6,720.0,1799,2,0,0,0,0
7260.1,7290.1,OR_D_W_direct,offramp,FW_W,10479,7,,7,840.0,1581,1,0,0,0,0
7260.1,7290.1,OR_F_E_signal,offramp,FW_E,10643,9,,4,480.0,1141,54,0,0,0,0
7260.1,7290.1,OR_F_E_direct,offramp,FW_E,10682,11,,16,1920.0,2441,6,0,0,0,0
7260.1,7290.1,OR_F_W_signal,offramp,FW_W,10638,19,,3,360.0,1363,7,0,0,0,0
7260.1,7290.1,OR_F_W_direct,offramp,FW_W,10645,16,,9,1080.0,2108,2,0,0,0,0
7260.1,7290.1,source_1098,source,FW_E,,,0,46,5520.0,14980,,0,46,0,0
7260.1,7290.1,source_1099,source,FW_W,,,0,21,2520.0,8633,,0,21,0,0
7290.1,7320.1,RM_C10480,ramp,FW_W,10480,,8,2,240.0,308,0,0,0,0,2
7290.1,7320.1,RM_C10482,ramp,FW_W,10482,,10,10,1200.0,3453,15,0,0,0,0
7290.1,7320.1,RM_C10646,ramp,FW_W,10646,,18,0,0.0,600,1,0,0,0,0
7290.1,7320.1,RM_C10644,ramp,FW_W,10644,,22,0,0.0,780,6,0,0,0,0
7290.1,7320.1,RM_C10639,ramp,FW_E,10639,,10,0,0.0,750,0,0,0,0,0
7290.1,7320.1,RM_C10681,ramp,FW_E,10681,,12,6,720.0,1870,24,0,0,0,0
7290.1,7320.1,RM_C10490,ramp,FW_E,10490,,21,5,600.0,1267,5,0,0,0,0
7290.1,7320.1,RM_C10484,ramp,FW_E,10484,,23,4,480.0,857,0,0,0,0,0
7290.1,7320.1,OR_D_E_signal,offramp,FW_E,10481,18,,1,120.0,588,0,0,0,0,0
7290.1,7320.1,OR_D_E_direct,offramp,FW_E,10483,20,,10,1200.0,2000,4,0,0,0,0
7290.1,7320.1,OR_D_W_signal,offramp,FW_W,10491,9,,10,1200.0,1809,6,0,0,0,2
7290.1,7320.1,OR_D_W_direct,offramp,FW_W,10479,7,,10,1200.0,1591,3,0,0,0,0
7290.1,7320.1,OR_F_E_signal,offramp,FW_E,10643,9,,4,480.0,1145,53,0,0,0,0
7290.1,7320.1,OR_F_E_direct,offramp,FW_E,10682,11,,11,1320.0,2452,6,0,0,0,0
7290.1,7320.1,OR_F_W_signal,offramp,FW_W,10638,19,,5,600.0,1368,8,0,0,0,0
7290.1,7320.1,OR_F_W_direct,offramp,FW_W,10645,16,,13,1560.0,2121,7,0,0,0,0
7290.1,7320.1,source_1098,source,FW_E,,,0,40,4800.0,15020,,0,40,0,0
7290.1,7320.1,source_1099,source,FW_W,,,0,22,2640.0,8655,,0,22,0,0
7320.1,7350.1,RM_C10480,ramp,FW_W,10480,,8,0,0.0,308,0,0,0,0,0
7320.1,7350.1,RM_C10482,ramp,FW_W,10482,,10,11,1320.0,3464,12,0,0,0,0
7320.1,7350.1,RM_C10646,ramp,FW_W,10646,,18,1,120.0,601,4,0,0,0,0
7320.1,7350.1,RM_C10644,ramp,FW_W,10644,,22,2,240.0,782,5,0,0,0,0
7320.1,7350.1,RM_C10639,ramp,FW_E,10639,,10,0,0.0,750,0,0,0,0,0
7320.1,7350.1,RM_C10681,ramp,FW_E,10681,,12,20,2400.0,1890,13,0,0,0,0
7320.1,7350.1,RM_C10490,ramp,FW_E,10490,,21,7,840.0,1274,0,0,0,0,0
7320.1,7350.1,RM_C10484,ramp,FW_E,10484,,23,0,0.0,857,3,0,0,0,0
7320.1,7350.1,OR_D_E_signal,offramp,FW_E,10481,18,,2,240.0,590,2,0,0,0,0
7320.1,7350.1,OR_D_E_direct,offramp,FW_E,10483,20,,9,1080.0,2009,4,0,0,0,0
7320.1,7350.1,OR_D_W_signal,offramp,FW_W,10491,9,,4,480.0,1813,0,0,0,0,0
7320.1,7350.1,OR_D_W_direct,offramp,FW_W,10479,7,,7,840.0,1598,3,0,0,0,0
7320.1,7350.1,OR_F_E_signal,offramp,FW_E,10643,9,,4,480.0,1149,52,0,0,0,0
7320.1,7350.1,OR_F_E_direct,offramp,FW_E,10682,11,,15,1800.0,2467,4,0,0,0,0
7320.1,7350.1,OR_F_W_signal,offramp,FW_W,10638,19,,3,360.0,1371,10,0,0,0,0
7320.1,7350.1,OR_F_W_direct,offramp,FW_W,10645,16,,5,600.0,2126,1,0,0,0,0
7320.1,7350.1,source_1098,source,FW_E,,,0,38,4560.0,15058,,0,38,0,0
7320.1,7350.1,source_1099,source,FW_W,,,0,35,4200.0,8690,,0,35,0,0
7350.1,7380.1,RM_C10480,ramp,FW_W,10480,,8,2,240.0,310,1,0,0,0,2
7350.1,7380.1,RM_C10482,ramp,FW_W,10482,,10,9,1080.0,3473,12,0,0,0,0
7350.1,7380.1,RM_C10646,ramp,FW_W,10646,,18,1,120.0,602,6,0,0,0,1
7350.1,7380.1,RM_C10644,ramp,FW_W,10644,,22,1,120.0,783,9,0,0,0,0
7350.1,7380.1,RM_C10639,ramp,FW_E,10639,,10,0,0.0,750,1,0,0,0,0
7350.1,7380.1,RM_C10681,ramp,FW_E,10681,,12,12,1440.0,1902,3,0,0,0,0
7350.1,7380.1,RM_C10490,ramp,FW_E,10490,,21,1,120.0,1275,3,0,0,0,0
7350.1,7380.1,RM_C10484,ramp,FW_E,10484,,23,3,360.0,860,2,0,0,0,0
7350.1,7380.1,OR_D_E_signal,offramp,FW_E,10481,18,,5,600.0,595,7,0,0,0,0
7350.1,7380.1,OR_D_E_direct,offramp,FW_E,10483,20,,11,1320.0,2020,5,0,0,0,0
7350.1,7380.1,OR_D_W_signal,offramp,FW_W,10491,9,,9,1080.0,1822,5,0,0,0,2
7350.1,7380.1,OR_D_W_direct,offramp,FW_W,10479,7,,4,480.0,1602,1,0,0,0,0
7350.1,7380.1,OR_F_E_signal,offramp,FW_E,10643,9,,6,720.0,1155,51,0,0,0,0
7350.1,7380.1,OR_F_E_direct,offramp,FW_E,10682,11,,11,1320.0,2478,3,0,0,0,0
7350.1,7380.1,OR_F_W_signal,offramp,FW_W,10638,19,,2,240.0,1373,8,0,0,0,1
7350.1,7380.1,OR_F_W_direct,offramp,FW_W,10645,16,,3,360.0,2129,2,0,0,0,0
7350.1,7380.1,source_1098,source,FW_E,,,0,27,3240.0,15085,,0,27,0,0
7350.1,7380.1,source_1099,source,FW_W,,,0,34,4080.0,8724,,0,34,0,0
7380.1,7410.1,RM_C10480,ramp,FW_W,10480,,8,1,120.0,311,0,0,0,0,1
7380.1,7410.1,RM_C10482,ramp,FW_W,10482,,10,7,840.0,3480,11,0,0,0,0
7380.1,7410.1,RM_C10646,ramp,FW_W,10646,,18,5,600.0,607,1,0,0,0,2
7380.1,7410.1,RM_C10644,ramp,FW_W,10644,,22,3,360.0,786,7,0,0,0,0
7380.1,7410.1,RM_C10639,ramp,FW_E,10639,,10,1,120.0,751,3,0,0,0,0
7380.1,7410.1,RM_C10681,ramp,FW_E,10681,,12,3,360.0,1905,1,0,0,0,0
7380.1,7410.1,RM_C10490,ramp,FW_E,10490,,21,3,360.0,1278,4,0,0,0,0
7380.1,7410.1,RM_C10484,ramp,FW_E,10484,,23,2,240.0,862,5,0,0,0,0
7380.1,7410.1,OR_D_E_signal,offramp,FW_E,10481,18,,3,360.0,598,2,0,0,0,0
7380.1,7410.1,OR_D_E_direct,offramp,FW_E,10483,20,,10,1200.0,2030,2,0,0,0,0
7380.1,7410.1,OR_D_W_signal,offramp,FW_W,10491,9,,8,960.0,1830,1,0,0,0,1
7380.1,7410.1,OR_D_W_direct,offramp,FW_W,10479,7,,3,360.0,1605,2,0,0,0,0
7380.1,7410.1,OR_F_E_signal,offramp,FW_E,10643,9,,7,840.0,1162,58,0,0,0,0
7380.1,7410.1,OR_F_E_direct,offramp,FW_E,10682,11,,10,1200.0,2488,5,0,0,0,0
7380.1,7410.1,OR_F_W_signal,offramp,FW_W,10638,19,,10,1200.0,1383,15,0,0,0,2
7380.1,7410.1,OR_F_W_direct,offramp,FW_W,10645,16,,10,1200.0,2139,5,0,0,0,0
7380.1,7410.1,source_1098,source,FW_E,,,0,30,3600.0,15115,,0,30,0,0
7380.1,7410.1,source_1099,source,FW_W,,,0,43,5160.0,8767,,0,43,0,0
7410.1,7440.1,RM_C10480,ramp,FW_W,10480,,8,0,0.0,311,0,0,0,0,0
7410.1,7440.1,RM_C10482,ramp,FW_W,10482,,10,8,960.0,3488,14,0,0,0,0
7410.1,7440.1,RM_C10646,ramp,FW_W,10646,,18,1,120.0,608,0,0,0,0,1
7410.1,7440.1,RM_C10644,ramp,FW_W,10644,,22,0,0.0,786,7,0,0,0,0
7410.1,7440.1,RM_C10639,ramp,FW_E,10639,,10,2,240.0,753,4,0,0,0,0
7410.1,7440.1,RM_C10681,ramp,FW_E,10681,,12,1,120.0,1906,8,0,0,0,0
7410.1,7440.1,RM_C10490,ramp,FW_E,10490,,21,4,480.0,1282,2,0,0,0,0
7410.1,7440.1,RM_C10484,ramp,FW_E,10484,,23,3,360.0,865,2,0,0,0,0
7410.1,7440.1,OR_D_E_signal,offramp,FW_E,10481,18,,2,240.0,600,1,0,0,0,0
7410.1,7440.1,OR_D_E_direct,offramp,FW_E,10483,20,,4,480.0,2034,1,0,0,0,0
7410.1,7440.1,OR_D_W_signal,offramp,FW_W,10491,9,,5,600.0,1835,2,0,0,0,0
7410.1,7440.1,OR_D_W_direct,offramp,FW_W,10479,7,,6,720.0,1611,3,0,0,0,0
7410.1,7440.1,OR_F_E_signal,offramp,FW_E,10643,9,,0,0.0,1162,58,0,0,0,0
7410.1,7440.1,OR_F_E_direct,offramp,FW_E,10682,11,,1,120.0,2489,0,0,0,0,0
7410.1,7440.1,OR_F_W_signal,offramp,FW_W,10638,19,,3,360.0,1386,12,0,0,0,1
7410.1,7440.1,OR_F_W_direct,offramp,FW_W,10645,16,,3,360.0,2142,2,0,0,0,0
7410.1,7440.1,source_1098,source,FW_E,,,0,47,5640.0,15162,,0,47,0,0
7410.1,7440.1,source_1099,source,FW_W,,,0,31,3720.0,8798,,0,31,0,0
7440.1,7470.1,RM_C10480,ramp,FW_W,10480,,8,0,0.0,311,0,0,0,0,0
7440.1,7470.1,RM_C10482,ramp,FW_W,10482,,10,10,1200.0,3498,13,0,0,0,0
7440.1,7470.1,RM_C10646,ramp,FW_W,10646,,18,0,0.0,608,5,0,0,0,0
7440.1,7470.1,RM_C10644,ramp,FW_W,10644,,22,6,720.0,792,3,0,0,0,0
7440.1,7470.1,RM_C10639,ramp,FW_E,10639,,10,4,480.0,757,0,0,0,0,0
7440.1,7470.1,RM_C10681,ramp,FW_E,10681,,12,4,480.0,1910,21,0,0,0,0
7440.1,7470.1,RM_C10490,ramp,FW_E,10490,,21,2,240.0,1284,3,0,0,0,0
7440.1,7470.1,RM_C10484,ramp,FW_E,10484,,23,2,240.0,867,6,0,0,0,0
7440.1,7470.1,OR_D_E_signal,offramp,FW_E,10481,18,,0,0.0,600,0,0,0,0,0
7440.1,7470.1,OR_D_E_direct,offramp,FW_E,10483,20,,2,240.0,2036,1,0,0,0,0
7440.1,7470.1,OR_D_W_signal,offramp,FW_W,10491,9,,3,360.0,1838,1,0,0,0,0
7440.1,7470.1,OR_D_W_direct,offramp,FW_W,10479,7,,10,1200.0,1621,2,0,0,0,0
7440.1,7470.1,OR_F_E_signal,offramp,FW_E,10643,9,,2,240.0,1164,54,0,0,0,0
7440.1,7470.1,OR_F_E_direct,offramp,FW_E,10682,11,,20,2400.0,2509,8,0,0,0,0
7440.1,7470.1,OR_F_W_signal,offramp,FW_W,10638,19,,3,360.0,1389,10,0,0,0,0
7440.1,7470.1,OR_F_W_direct,offramp,FW_W,10645,16,,5,600.0,2147,2,0,0,0,0
7440.1,7470.1,source_1098,source,FW_E,,,0,46,5520.0,15208,,0,46,0,0
7440.1,7470.1,source_1099,source,FW_W,,,0,47,5640.0,8845,,0,47,0,0
7470.1,7500.1,RM_C10480,ramp,FW_W,10480,,8,1,120.0,312,4,0,0,0,0
7470.1,7500.1,RM_C10482,ramp,FW_W,10482,,10,11,1320.0,3509,10,0,0,0,0
7470.1,7500.1,RM_C10646,ramp,FW_W,10646,,18,7,840.0,615,1,0,0,0,4
7470.1,7500.1,RM_C10644,ramp,FW_W,10644,,22,1,120.0,793,5,0,0,0,0
7470.1,7500.1,RM_C10639,ramp,FW_E,10639,,10,0,0.0,757,1,0,0,0,0
7470.1,7500.1,RM_C10681,ramp,FW_E,10681,,12,15,1800.0,1925,20,0,0,0,0
7470.1,7500.1,RM_C10490,ramp,FW_E,10490,,21,4,480.0,1288,0,0,0,0,0
7470.1,7500.1,RM_C10484,ramp,FW_E,10484,,23,6,720.0,873,4,0,0,0,0
7470.1,7500.1,OR_D_E_signal,offramp,FW_E,10481,18,,1,120.0,601,1,0,0,0,0
7470.1,7500.1,OR_D_E_direct,offramp,FW_E,10483,20,,4,480.0,2040,0,0,0,0,0
7470.1,7500.1,OR_D_W_signal,offramp,FW_W,10491,9,,8,960.0,1846,1,0,0,0,0
7470.1,7500.1,OR_D_W_direct,offramp,FW_W,10479,7,,6,720.0,1627,2,0,0,0,0
7470.1,7500.1,OR_F_E_signal,offramp,FW_E,10643,9,,2,240.0,1166,47,0,0,0,0
7470.1,7500.1,OR_F_E_direct,offramp,FW_E,10682,11,,13,1560.0,2522,3,0,0,0,0
7470.1,7500.1,OR_F_W_signal,offramp,FW_W,10638,19,,11,1320.0,1400,21,0,0,0,4
7470.1,7500.1,OR_F_W_direct,offramp,FW_W,10645,16,,9,1080.0,2156,0,0,0,0,0
7470.1,7500.1,source_1098,source,FW_E,,,0,36,4320.0,15244,,0,36,0,0
7470.1,7500.1,source_1099,source,FW_W,,,0,26,3120.0,8871,,0,26,0,0
7500.1,7530.1,RM_C10480,ramp,FW_W,10480,,8,6,720.0,318,3,0,0,0,2
7500.1,7530.1,RM_C10482,ramp,FW_W,10482,,10,10,1200.0,3519,13,0,0,0,0
7500.1,7530.1,RM_C10646,ramp,FW_W,10646,,18,2,240.0,617,3,0,0,0,1
7500.1,7530.1,RM_C10644,ramp,FW_W,10644,,22,0,0.0,793,8,0,0,0,0
7500.1,7530.1,RM_C10639,ramp,FW_E,10639,,10,0,0.0,757,4,0,0,0,0
7500.1,7530.1,RM_C10681,ramp,FW_E,10681,,12,17,2040.0,1942,6,0,0,0,0
7500.1,7530.1,RM_C10490,ramp,FW_E,10490,,21,0,0.0,1288,9,0,0,0,0
7500.1,7530.1,RM_C10484,ramp,FW_E,10484,,23,5,600.0,878,1,0,0,0,0
7500.1,7530.1,OR_D_E_signal,offramp,FW_E,10481,18,,1,120.0,602,1,0,0,0,0
7500.1,7530.1,OR_D_E_direct,offramp,FW_E,10483,20,,6,720.0,2046,6,0,0,0,0
7500.1,7530.1,OR_D_W_signal,offramp,FW_W,10491,9,,8,960.0,1854,2,0,0,0,2
7500.1,7530.1,OR_D_W_direct,offramp,FW_W,10479,7,,9,1080.0,1636,5,0,0,0,0
7500.1,7530.1,OR_F_E_signal,offramp,FW_E,10643,9,,0,0.0,1166,39,0,0,0,0
7500.1,7530.1,OR_F_E_direct,offramp,FW_E,10682,11,,5,600.0,2527,1,0,0,0,0
7500.1,7530.1,OR_F_W_signal,offramp,FW_W,10638,19,,6,720.0,1406,24,0,0,0,1
7500.1,7530.1,OR_F_W_direct,offramp,FW_W,10645,16,,10,1200.0,2166,6,0,0,0,0
7500.1,7530.1,source_1098,source,FW_E,,,0,22,2640.0,15266,,0,22,0,0
7500.1,7530.1,source_1099,source,FW_W,,,0,43,5160.0,8914,,0,43,0,0
7530.1,7560.1,RM_C10480,ramp,FW_W,10480,,8,4,480.0,322,0,0,0,0,2
7530.1,7560.1,RM_C10482,ramp,FW_W,10482,,10,9,1080.0,3528,16,0,0,0,0
7530.1,7560.1,RM_C10646,ramp,FW_W,10646,,18,3,360.0,620,0,0,0,0,2
7530.1,7560.1,RM_C10644,ramp,FW_W,10644,,22,4,480.0,797,7,0,0,0,0
7530.1,7560.1,RM_C10639,ramp,FW_E,10639,,10,2,240.0,759,5,0,0,0,0
7530.1,7560.1,RM_C10681,ramp,FW_E,10681,,12,6,720.0,1948,0,0,0,0,0
7530.1,7560.1,RM_C10490,ramp,FW_E,10490,,21,8,960.0,1296,7,0,0,0,0
7530.1,7560.1,RM_C10484,ramp,FW_E,10484,,23,0,0.0,878,5,0,0,0,0
7530.1,7560.1,OR_D_E_signal,offramp,FW_E,10481,18,,6,720.0,608,1,0,0,0,0
7530.1,7560.1,OR_D_E_direct,offramp,FW_E,10483,20,,4,480.0,2050,2,0,0,0,0
7530.1,7560.1,OR_D_W_signal,offramp,FW_W,10491,9,,11,1320.0,1865,4,0,0,0,2
7530.1,7560.1,OR_D_W_direct,offramp,FW_W,10479,7,,7,840.0,1643,3,0,0,0,0
7530.1,7560.1,OR_F_E_signal,offramp,FW_E,10643,9,,3,360.0,1169,42,0,0,0,0
7530.1,7560.1,OR_F_E_direct,offramp,FW_E,10682,11,,7,840.0,2534,4,0,0,0,0
7530.1,7560.1,OR_F_W_signal,offramp,FW_W,10638,19,,6,720.0,1412,26,0,0,0,2
7530.1,7560.1,OR_F_W_direct,offramp,FW_W,10645,16,,10,1200.0,2176,4,0,0,0,0
7530.1,7560.1,source_1098,source,FW_E,,,0,44,5280.0,15310,,0,44,0,0
7530.1,7560.1,source_1099,source,FW_W,,,0,39,4680.0,8953,,0,39,0,0
7560.1,7590.1,RM_C10480,ramp,FW_W,10480,,8,0,0.0,322,0,0,0,0,0
7560.1,7590.1,RM_C10482,ramp,FW_W,10482,,10,12,1440.0,3540,13,0,0,0,0
7560.1,7590.1,RM_C10646,ramp,FW_W,10646,,18,0,0.0,620,0,0,0,0,0
7560.1,7590.1,RM_C10644,ramp,FW_W,10644,,22,0,0.0,797,10,0,0,0,0
7560.1,7590.1,RM_C10639,ramp,FW_E,10639,,10,4,480.0,763,6,0,0,0,0
7560.1,7590.1,RM_C10681,ramp,FW_E,10681,,12,0,0.0,1948,5,0,0,0,0
7560.1,7590.1,RM_C10490,ramp,FW_E,10490,,21,8,960.0,1304,4,0,0,0,0
7560.1,7590.1,RM_C10484,ramp,FW_E,10484,,23,2,240.0,880,6,0,0,0,0
7560.1,7590.1,OR_D_E_signal,offramp,FW_E,10481,18,,0,0.0,608,0,0,0,0,0
7560.1,7590.1,OR_D_E_direct,offramp,FW_E,10483,20,,2,240.0,2052,1,0,0,0,0
7560.1,7590.1,OR_D_W_signal,offramp,FW_W,10491,9,,7,840.0,1872,1,0,0,0,0
7560.1,7590.1,OR_D_W_direct,offramp,FW_W,10479,7,,10,1200.0,1653,3,0,0,0,0
7560.1,7590.1,OR_F_E_signal,offramp,FW_E,10643,9,,4,480.0,1173,46,0,0,0,0
7560.1,7590.1,OR_F_E_direct,offramp,FW_E,10682,11,,9,1080.0,2543,3,0,0,0,0
7560.1,7590.1,OR_F_W_signal,offramp,FW_W,10638,19,,2,240.0,1414,17,0,0,0,0
7560.1,7590.1,OR_F_W_direct,offramp,FW_W,10645,16,,10,1200.0,2186,5,0,0,0,0
7560.1,7590.1,source_1098,source,FW_E,,,0,41,4920.0,15351,,0,41,0,0
7560.1,7590.1,source_1099,source,FW_W,,,0,36,4320.0,8989,,0,36,0,0
7590.1,7620.1,RM_C10480,ramp,FW_W,10480,,8,1,120.0,323,0,0,0,0,1
7590.1,7620.1,RM_C10482,ramp,FW_W,10482,,10,8,960.0,3548,15,0,0,0,0
7590.1,7620.1,RM_C10646,ramp,FW_W,10646,,18,0,0.0,620,8,0,0,0,0
7590.1,7620.1,RM_C10644,ramp,FW_W,10644,,22,5,600.0,802,5,0,0,0,0
7590.1,7620.1,RM_C10639,ramp,FW_E,10639,,10,3,360.0,766,4,0,0,0,0
7590.1,7620.1,RM_C10681,ramp,FW_E,10681,,12,3,360.0,1951,14,0,0,0,0
7590.1,7620.1,RM_C10490,ramp,FW_E,10490,,21,4,480.0,1308,3,0,0,0,0
7590.1,7620.1,RM_C10484,ramp,FW_E,10484,,23,5,600.0,885,2,0,0,0,0
7590.1,7620.1,OR_D_E_signal,offramp,FW_E,10481,18,,3,360.0,611,2,0,0,0,0
7590.1,7620.1,OR_D_E_direct,offramp,FW_E,10483,20,,4,480.0,2056,1,0,0,0,0
7590.1,7620.1,OR_D_W_signal,offramp,FW_W,10491,9,,8,960.0,1880,3,0,0,0,1
7590.1,7620.1,OR_D_W_direct,offramp,FW_W,10479,7,,6,720.0,1659,3,0,0,0,0
7590.1,7620.1,OR_F_E_signal,offramp,FW_E,10643,9,,9,1080.0,1182,50,0,0,0,0
7590.1,7620.1,OR_F_E_direct,offramp,FW_E,10682,11,,4,480.0,2547,4,0,0,0,0
7590.1,7620.1,OR_F_W_signal,offramp,FW_W,10638,19,,0,0.0,1414,8,0,0,0,0
7590.1,7620.1,OR_F_W_direct,offramp,FW_W,10645,16,,7,840.0,2193,5,0,0,0,0
7590.1,7620.1,source_1098,source,FW_E,,,0,46,5520.0,15397,,0,46,0,0
7590.1,7620.1,source_1099,source,FW_W,,,0,34,4080.0,9023,,0,34,0,0
7620.1,7650.1,RM_C10480,ramp,FW_W,10480,,8,0,0.0,323,0,0,0,0,0
7620.1,7650.1,RM_C10482,ramp,FW_W,10482,,10,12,1440.0,3560,17,0,0,0,0
7620.1,7650.1,RM_C10646,ramp,FW_W,10646,,18,8,960.0,628,7,0,0,0,2
7620.1,7650.1,RM_C10644,ramp,FW_W,10644,,22,3,360.0,805,2,0,0,0,0
7620.1,7650.1,RM_C10639,ramp,FW_E,10639,,10,4,480.0,770,0,0,0,0,0
7620.1,7650.1,RM_C10681,ramp,FW_E,10681,,12,9,1080.0,1960,11,0,0,0,0
7620.1,7650.1,RM_C10490,ramp,FW_E,10490,,21,1,120.0,1309,4,0,0,0,0
7620.1,7650.1,RM_C10484,ramp,FW_E,10484,,23,2,240.0,887,6,0,0,0,0
7620.1,7650.1,OR_D_E_signal,offramp,FW_E,10481,18,,4,480.0,615,5,0,0,0,0
7620.1,7650.1,OR_D_E_direct,offramp,FW_E,10483,20,,2,240.0,2058,0,0,0,0,0
7620.1,7650.1,OR_D_W_signal,offramp,FW_W,10491,9,,5,600.0,1885,3,0,0,0,0
7620.1,7650.1,OR_D_W_direct,offramp,FW_W,10479,7,,5,600.0,1664,2,0,0,0,0
7620.1,7650.1,OR_F_E_signal,offramp,FW_E,10643,9,,3,360.0,1185,44,0,0,0,0
7620.1,7650.1,OR_F_E_direct,offramp,FW_E,10682,11,,2,240.0,2549,0,0,0,0,0
7620.1,7650.1,OR_F_W_signal,offramp,FW_W,10638,19,,8,960.0,1422,10,0,0,0,2
7620.1,7650.1,OR_F_W_direct,offramp,FW_W,10645,16,,6,720.0,2199,0,0,0,0,0
7620.1,7650.1,source_1098,source,FW_E,,,0,37,4440.0,15434,,0,37,0,0
7620.1,7650.1,source_1099,source,FW_W,,,0,51,6120.0,9074,,0,51,0,0
7650.1,7680.1,RM_C10480,ramp,FW_W,10480,,8,2,240.0,325,1,0,0,0,2
7650.1,7680.1,RM_C10482,ramp,FW_W,10482,,10,9,1080.0,3569,13,0,0,0,0
7650.1,7680.1,RM_C10646,ramp,FW_W,10646,,18,7,840.0,635,1,0,0,0,3
7650.1,7680.1,RM_C10644,ramp,FW_W,10644,,22,2,240.0,807,0,0,0,0,0
7650.1,7680.1,RM_C10639,ramp,FW_E,10639,,10,0,0.0,770,1,0,0,0,0
7650.1,7680.1,RM_C10681,ramp,FW_E,10681,,12,9,1080.0,1969,3,0,0,0,0
7650.1,7680.1,RM_C10490,ramp,FW_E,10490,,21,4,480.0,1313,1,0,0,0,0
7650.1,7680.1,RM_C10484,ramp,FW_E,10484,,23,4,480.0,891,5,0,0,0,0
7650.1,7680.1,OR_D_E_signal,offramp,FW_E,10481,18,,0,0.0,615,5,0,0,0,0
7650.1,7680.1,OR_D_E_direct,offramp,FW_E,10483,20,,17,2040.0,2075,9,0,0,0,0
7650.1,7680.1,OR_D_W_signal,offramp,FW_W,10491,9,,12,1440.0,1897,6,0,0,0,2
7650.1,7680.1,OR_D_W_direct,offramp,FW_W,10479,7,,9,1080.0,1673,5,0,0,0,0
7650.1,7680.1,OR_F_E_signal,offramp,FW_E,10643,9,,0,0.0,1185,39,0,0,0,0
7650.1,7680.1,OR_F_E_direct,offramp,FW_E,10682,11,,13,1560.0,2562,0,0,0,0,0
7650.1,7680.1,OR_F_W_signal,offramp,FW_W,10638,19,,13,1560.0,1435,17,0,0,0,3
7650.1,7680.1,OR_F_W_direct,offramp,FW_W,10645,16,,6,720.0,2205,0,0,0,0,0
7650.1,7680.1,source_1098,source,FW_E,,,0,42,5040.0,15476,,0,42,0,0
7650.1,7680.1,source_1099,source,FW_W,,,0,20,2400.0,9094,,0,20,0,0
7680.1,7710.1,RM_C10480,ramp,FW_W,10480,,8,1,120.0,326,0,0,0,0,0
7680.1,7710.1,RM_C10482,ramp,FW_W,10482,,10,12,1440.0,3581,5,0,0,0,0
7680.1,7710.1,RM_C10646,ramp,FW_W,10646,,18,1,120.0,636,0,0,0,0,1
7680.1,7710.1,RM_C10644,ramp,FW_W,10644,,22,0,0.0,807,3,0,0,0,0
7680.1,7710.1,RM_C10639,ramp,FW_E,10639,,10,1,120.0,771,4,0,0,0,0
7680.1,7710.1,RM_C10681,ramp,FW_E,10681,,12,3,360.0,1972,0,0,0,0,0
7680.1,7710.1,RM_C10490,ramp,FW_E,10490,,21,1,120.0,1314,3,0,0,0,0
7680.1,7710.1,RM_C10484,ramp,FW_E,10484,,23,5,600.0,896,3,0,0,0,0
7680.1,7710.1,OR_D_E_signal,offramp,FW_E,10481,18,,1,120.0,616,1,0,0,0,0
7680.1,7710.1,OR_D_E_direct,offramp,FW_E,10483,20,,14,1680.0,2089,7,0,0,0,0
7680.1,7710.1,OR_D_W_signal,offramp,FW_W,10491,9,,8,960.0,1905,1,0,0,0,0
7680.1,7710.1,OR_D_W_direct,offramp,FW_W,10479,7,,8,960.0,1681,3,0,0,0,0
7680.1,7710.1,OR_F_E_signal,offramp,FW_E,10643,9,,7,840.0,1192,43,0,0,0,0
7680.1,7710.1,OR_F_E_direct,offramp,FW_E,10682,11,,4,480.0,2566,0,0,0,0,0
7680.1,7710.1,OR_F_W_signal,offramp,FW_W,10638,19,,3,360.0,1438,12,0,0,0,1
7680.1,7710.1,OR_F_W_direct,offramp,FW_W,10645,16,,5,600.0,2210,0,0,0,0,0
7680.1,7710.1,source_1098,source,FW_E,,,0,51,6120.0,15527,,0,51,0,0
7680.1,7710.1,source_1099,source,FW_W,,,0,48,5760.0,9142,,0,48,0,0
7710.1,7740.1,RM_C10480,ramp,FW_W,10480,,8,0,0.0,326,0,0,0,0,0
7710.1,7740.1,RM_C10482,ramp,FW_W,10482,,10,4,480.0,3585,20,0,0,0,0
7710.1,7740.1,RM_C10646,ramp,FW_W,10646,,18,0,0.0,636,0,0,0,0,0
7710.1,7740.1,RM_C10644,ramp,FW_W,10644,,22,0,0.0,807,6,0,0,0,0
7710.1,7740.1,RM_C10639,ramp,FW_E,10639,,10,3,360.0,774,5,0,0,0,0
7710.1,7740.1,RM_C10681,ramp,FW_E,10681,,12,0,0.0,1972,7,0,0,0,0
7710.1,7740.1,RM_C10490,ramp,FW_E,10490,,21,4,480.0,1318,1,0,0,0,0
7710.1,7740.1,RM_C10484,ramp,FW_E,10484,,23,0,0.0,896,5,0,0,0,0
7710.1,7740.1,OR_D_E_signal,offramp,FW_E,10481,18,,1,120.0,617,2,0,0,0,0
7710.1,7740.1,OR_D_E_direct,offramp,FW_E,10483,20,,9,1080.0,2098,7,0,0,0,0
7710.1,7740.1,OR_D_W_signal,offramp,FW_W,10491,9,,6,720.0,1911,4,0,0,0,0
7710.1,7740.1,OR_D_W_direct,offramp,FW_W,10479,7,,7,840.0,1688,2,0,0,0,0
7710.1,7740.1,OR_F_E_signal,offramp,FW_E,10643,9,,7,840.0,1199,46,0,0,0,0
7710.1,7740.1,OR_F_E_direct,offramp,FW_E,10682,11,,5,600.0,2571,2,0,0,0,0
7710.1,7740.1,OR_F_W_signal,offramp,FW_W,10638,19,,0,0.0,1438,5,0,0,0,0
7710.1,7740.1,OR_F_W_direct,offramp,FW_W,10645,16,,18,2160.0,2228,8,0,0,0,0
7710.1,7740.1,source_1098,source,FW_E,,,0,42,5040.0,15569,,0,42,0,0
7710.1,7740.1,source_1099,source,FW_W,,,0,51,6120.0,9193,,0,51,0,0
7740.1,7770.1,RM_C10480,ramp,FW_W,10480,,8,1,120.0,327,0,0,0,0,0
7740.1,7770.1,RM_C10482,ramp,FW_W,10482,,10,9,1080.0,3594,21,0,0,0,0
7740.1,7770.1,RM_C10646,ramp,FW_W,10646,,18,0,0.0,636,5,0,0,0,0
7740.1,7770.1,RM_C10644,ramp,FW_W,10644,,22,1,120.0,808,7,0,0,0,0
7740.1,7770.1,RM_C10639,ramp,FW_E,10639,,10,4,480.0,778,3,0,0,0,0
7740.1,7770.1,RM_C10681,ramp,FW_E,10681,,12,2,240.0,1974,21,0,0,0,0
7740.1,7770.1,RM_C10490,ramp,FW_E,10490,,21,1,120.0,1319,3,0,0,0,0
7740.1,7770.1,RM_C10484,ramp,FW_E,10484,,23,5,600.0,901,3,0,0,0,0
7740.1,7770.1,OR_D_E_signal,offramp,FW_E,10481,18,,2,240.0,619,2,0,0,0,0
7740.1,7770.1,OR_D_E_direct,offramp,FW_E,10483,20,,7,840.0,2105,1,0,0,0,0
7740.1,7770.1,OR_D_W_signal,offramp,FW_W,10491,9,,7,840.0,1918,2,0,0,0,0
7740.1,7770.1,OR_D_W_direct,offramp,FW_W,10479,7,,7,840.0,1695,4,0,0,0,0
7740.1,7770.1,OR_F_E_signal,offramp,FW_E,10643,9,,3,360.0,1202,44,0,0,0,0
7740.1,7770.1,OR_F_E_direct,offramp,FW_E,10682,11,,4,480.0,2575,2,0,0,0,0
7740.1,7770.1,OR_F_W_signal,offramp,FW_W,10638,19,,1,120.0,1439,0,0,0,0,0
7740.1,7770.1,OR_F_W_direct,offramp,FW_W,10645,16,,8,960.0,2236,5,0,0,0,0
7740.1,7770.1,source_1098,source,FW_E,,,0,47,5640.0,15616,,0,47,0,0
7740.1,7770.1,source_1099,source,FW_W,,,0,25,3000.0,9218,,0,25,0,0
7770.1,7800.1,RM_C10480,ramp,FW_W,10480,,8,2,240.0,329,0,0,0,0,2
7770.1,7800.1,RM_C10482,ramp,FW_W,10482,,10,16,1920.0,3610,8,0,0,0,0
7770.1,7800.1,RM_C10646,ramp,FW_W,10646,,18,5,600.0,641,5,0,0,0,3
7770.1,7800.1,RM_C10644,ramp,FW_W,10644,,22,3,360.0,811,4,0,0,0,0
7770.1,7800.1,RM_C10639,ramp,FW_E,10639,,10,2,240.0,780,3,0,0,0,0
7770.1,7800.1,RM_C10681,ramp,FW_E,10681,,12,14,1680.0,1988,15,0,0,0,0
7770.1,7800.1,RM_C10490,ramp,FW_E,10490,,21,4,480.0,1323,2,0,0,0,0
7770.1,7800.1,RM_C10484,ramp,FW_E,10484,,23,3,360.0,904,0,0,0,0,0
7770.1,7800.1,OR_D_E_signal,offramp,FW_E,10481,18,,0,0.0,619,2,0,0,0,0
7770.1,7800.1,OR_D_E_direct,offramp,FW_E,10483,20,,8,960.0,2113,3,0,0,0,0
7770.1,7800.1,OR_D_W_signal,offramp,FW_W,10491,9,,8,960.0,1926,4,0,0,0,2
7770.1,7800.1,OR_D_W_direct,offramp,FW_W,10479,7,,10,1200.0,1705,3,0,0,0,0
7770.1,7800.1,OR_F_E_signal,offramp,FW_E,10643,9,,9,1080.0,1211,44,0,0,0,0
7770.1,7800.1,OR_F_E_direct,offramp,FW_E,10682,11,,16,1920.0,2591,5,0,0,0,0
7770.1,7800.1,OR_F_W_signal,offramp,FW_W,10638,19,,9,1080.0,1448,6,0,0,0,3
7770.1,7800.1,OR_F_W_direct,offramp,FW_W,10645,16,,8,960.0,2244,4,0,0,0,0
7770.1,7800.1,source_1098,source,FW_E,,,0,37,4440.0,15653,,0,37,0,0
7770.1,7800.1,source_1099,source,FW_W,,,0,37,4440.0,9255,,0,37,0,0
7800.1,7830.1,RM_C10480,ramp,FW_W,10480,,8,0,0.0,329,2,0,0,0,0
7800.1,7830.1,RM_C10482,ramp,FW_W,10482,,10,8,960.0,3618,11,0,0,0,0
7800.1,7830.1,RM_C10646,ramp,FW_W,10646,,18,5,600.0,646,2,0,0,0,1
7800.1,7830.1,RM_C10644,ramp,FW_W,10644,,22,4,480.0,815,5,0,0,0,0
7800.1,7830.1,RM_C10639,ramp,FW_E,10639,,10,3,360.0,783,8,0,0,0,0
7800.1,7830.1,RM_C10681,ramp,FW_E,10681,,12,7,840.0,1995,8,0,0,0,0
7800.1,7830.1,RM_C10490,ramp,FW_E,10490,,21,2,240.0,1325,1,0,0,0,0
7800.1,7830.1,RM_C10484,ramp,FW_E,10484,,23,0,0.0,904,0,0,0,0,0
7800.1,7830.1,OR_D_E_signal,offramp,FW_E,10481,18,,1,120.0,620,3,0,0,0,0
7800.1,7830.1,OR_D_E_direct,offramp,FW_E,10483,20,,10,1200.0,2123,1,0,0,0,0
7800.1,7830.1,OR_D_W_signal,offramp,FW_W,10491,9,,6,720.0,1932,2,0,0,0,0
7800.1,7830.1,OR_D_W_direct,offramp,FW_W,10479,7,,10,1200.0,1715,1,0,0,0,0
7800.1,7830.1,OR_F_E_signal,offramp,FW_E,10643,9,,3,360.0,1214,38,0,0,0,0
7800.1,7830.1,OR_F_E_direct,offramp,FW_E,10682,11,,4,480.0,2595,1,0,0,0,0
7800.1,7830.1,OR_F_W_signal,offramp,FW_W,10638,19,,5,600.0,1453,2,0,0,0,1
7800.1,7830.1,OR_F_W_direct,offramp,FW_W,10645,16,,5,600.0,2249,2,0,0,0,0
7800.1,7830.1,source_1098,source,FW_E,,,0,37,4440.0,15690,,0,37,0,0
7800.1,7830.1,source_1099,source,FW_W,,,0,48,5760.0,9303,,0,48,0,0
7830.1,7860.1,RM_C10480,ramp,FW_W,10480,,8,2,240.0,331,0,0,0,0,1
7830.1,7860.1,RM_C10482,ramp,FW_W,10482,,10,8,960.0,3626,9,0,0,0,0
7830.1,7860.1,RM_C10646,ramp,FW_W,10646,,18,2,240.0,648,0,0,0,0,2
7830.1,7860.1,RM_C10644,ramp,FW_W,10644,,22,0,0.0,815,7,0,0,0,0
7830.1,7860.1,RM_C10639,ramp,FW_E,10639,,10,6,720.0,789,3,0,0,0,0
7830.1,7860.1,RM_C10681,ramp,FW_E,10681,,12,8,960.0,2003,0,0,0,0,0
7830.1,7860.1,RM_C10490,ramp,FW_E,10490,,21,2,240.0,1327,4,0,0,0,0
7830.1,7860.1,RM_C10484,ramp,FW_E,10484,,23,0,0.0,904,5,0,0,0,0
7830.1,7860.1,OR_D_E_signal,offramp,FW_E,10481,18,,6,720.0,626,3,0,0,0,0
7830.1,7860.1,OR_D_E_direct,offramp,FW_E,10483,20,,10,1200.0,2133,9,0,0,0,0
7830.1,7860.1,OR_D_W_signal,offramp,FW_W,10491,9,,11,1320.0,1943,2,0,0,0,1
7830.1,7860.1,OR_D_W_direct,offramp,FW_W,10479,7,,8,960.0,1723,2,0,0,0,0
7830.1,7860.1,OR_F_E_signal,offramp,FW_E,10643,9,,1,120.0,1215,35,0,0,0,0
7830.1,7860.1,OR_F_E_direct,offramp,FW_E,10682,11,,14,1680.0,2609,2,0,0,0,0
7830.1,7860.1,OR_F_W_signal,offramp,FW_W,10638,19,,10,1200.0,1463,3,0,0,0,2
7830.1,7860.1,OR_F_W_direct,offramp,FW_W,10645,16,,9,1080.0,2258,2,0,0,0,0
7830.1,7860.1,source_1098,source,FW_E,,,0,48,5760.0,15738,,0,48,0,0
7830.1,7860.1,source_1099,source,FW_W,,,0,19,2280.0,9322,,0,19,0,0
7860.1,7890.1,RM_C10480,ramp,FW_W,10480,,8,0,0.0,331,0,0,0,0,0
7860.1,7890.1,RM_C10482,ramp,FW_W,10482,,10,5,600.0,3631,10,0,0,0,0
7860.1,7890.1,RM_C10646,ramp,FW_W,10646,,18,0,0.0,648,0,0,0,0,0
7860.1,7890.1,RM_C10644,ramp,FW_W,10644,,22,0,0.0,815,13,0,0,0,0
7860.1,7890.1,RM_C10639,ramp,FW_E,10639,,10,2,240.0,791,3,0,0,0,0
7860.1,7890.1,RM_C10681,ramp,FW_E,10681,,12,0,0.0,2003,7,0,0,0,0
7860.1,7890.1,RM_C10490,ramp,FW_E,10490,,21,5,600.0,1332,1,0,0,0,0
7860.1,7890.1,RM_C10484,ramp,FW_E,10484,,23,2,240.0,906,8,0,0,0,0
7860.1,7890.1,OR_D_E_signal,offramp,FW_E,10481,18,,3,360.0,629,4,0,0,0,0
7860.1,7890.1,OR_D_E_direct,offramp,FW_E,10483,20,,13,1560.0,2146,7,0,0,0,0
7860.1,7890.1,OR_D_W_signal,offramp,FW_W,10491,9,,6,720.0,1949,2,0,0,0,0
7860.1,7890.1,OR_D_W_direct,offramp,FW_W,10479,7,,5,600.0,1728,2,0,0,0,0
7860.1,7890.1,OR_F_E_signal,offramp,FW_E,10643,9,,8,960.0,1223,41,0,0,0,0
7860.1,7890.1,OR_F_E_direct,offramp,FW_E,10682,11,,7,840.0,2616,3,0,0,0,0
7860.1,7890.1,OR_F_W_signal,offramp,FW_W,10638,19,,1,120.0,1464,0,0,0,0,0
7860.1,7890.1,OR_F_W_direct,offramp,FW_W,10645,16,,0,0.0,2258,0,0,0,0,0
7860.1,7890.1,source_1098,source,FW_E,,,0,36,4320.0,15774,,0,36,0,0
7860.1,7890.1,source_1099,source,FW_W,,,0,59,7080.0,9381,,0,59,0,0
7890.1,7920.1,RM_C10480,ramp,FW_W,10480,,8,4,480.0,335,1,0,0,0,4
7890.1,7920.1,RM_C10482,ramp,FW_W,10482,,10,9,1080.0,3640,12,0,0,0,0
7890.1,7920.1,RM_C10646,ramp,FW_W,10646,,18,0,0.0,648,3,0,0,0,0
7890.1,7920.1,RM_C10644,ramp,FW_W,10644,,22,5,600.0,820,9,0,0,0,0
7890.1,7920.1,RM_C10639,ramp,FW_E,10639,,10,3,360.0,794,6,0,0,0,0
7890.1,7920.1,RM_C10681,ramp,FW_E,10681,,12,5,600.0,2008,21,0,0,0,0
7890.1,7920.1,RM_C10490,ramp,FW_E,10490,,21,0,0.0,1332,3,0,0,0,0
7890.1,7920.1,RM_C10484,ramp,FW_E,10484,,23,4,480.0,910,6,0,0,0,0
7890.1,7920.1,OR_D_E_signal,offramp,FW_E,10481,18,,0,0.0,629,1,0,0,0,0
7890.1,7920.1,OR_D_E_direct,offramp,FW_E,10483,20,,6,720.0,2152,0,0,0,0,0
7890.1,7920.1,OR_D_W_signal,offramp,FW_W,10491,9,,10,1200.0,1959,4,0,0,0,4
7890.1,7920.1,OR_D_W_direct,offramp,FW_W,10479,7,,7,840.0,1735,4,0,0,0,0
7890.1,7920.1,OR_F_E_signal,offramp,FW_E,10643,9,,3,360.0,1226,40,0,0,0,0
7890.1,7920.1,OR_F_E_direct,offramp,FW_E,10682,11,,3,360.0,2619,0,0,0,0,0
7890.1,7920.1,OR_F_W_signal,offramp,FW_W,10638,19,,1,120.0,1465,0,0,0,0,0
7890.1,7920.1,OR_F_W_direct,offramp,FW_W,10645,16,,8,960.0,2266,2,0,0,0,0
7890.1,7920.1,source_1098,source,FW_E,,,0,40,4800.0,15814,,0,40,0,0
7890.1,7920.1,source_1099,source,FW_W,,,0,52,6240.0,9433,,0,52,0,0
7920.1,7950.1,RM_C10480,ramp,FW_W,10480,,8,1,120.0,336,0,0,0,0,1
7920.1,7950.1,RM_C10482,ramp,FW_W,10482,,10,2,240.0,3642,25,0,0,0,0
7920.1,7950.1,RM_C10646,ramp,FW_W,10646,,18,1,120.0,649,13,0,0,0,0
7920.1,7950.1,RM_C10644,ramp,FW_W,10644,,22,0,0.0,820,9,0,0,0,0
7920.1,7950.1,RM_C10639,ramp,FW_E,10639,,10,6,720.0,800,2,0,0,0,0
7920.1,7950.1,RM_C10681,ramp,FW_E,10681,,12,15,1800.0,2023,12,0,0,0,0
7920.1,7950.1,RM_C10490,ramp,FW_E,10490,,21,6,720.0,1338,8,0,0,0,0
7920.1,7950.1,RM_C10484,ramp,FW_E,10484,,23,6,720.0,916,5,0,0,0,0
7920.1,7950.1,OR_D_E_signal,offramp,FW_E,10481,18,,2,240.0,631,2,0,0,0,0
7920.1,7950.1,OR_D_E_direct,offramp,FW_E,10483,20,,15,1800.0,2167,3,0,0,0,0
7920.1,7950.1,OR_D_W_signal,offramp,FW_W,10491,9,,9,1080.0,1968,4,0,0,0,1
7920.1,7950.1,OR_D_W_direct,offramp,FW_W,10479,7,,10,1200.0,1745,4,0,0,0,0
7920.1,7950.1,OR_F_E_signal,offramp,FW_E,10643,9,,6,720.0,1232,42,0,0,0,0
7920.1,7950.1,OR_F_E_direct,offramp,FW_E,10682,11,,12,1440.0,2631,0,0,0,0,0
7920.1,7950.1,OR_F_W_signal,offramp,FW_W,10638,19,,4,480.0,1469,3,0,0,0,0
7920.1,7950.1,OR_F_W_direct,offramp,FW_W,10645,16,,6,720.0,2272,1,0,0,0,0
7920.1,7950.1,source_1098,source,FW_E,,,0,44,5280.0,15858,,0,44,0,0
7920.1,7950.1,source_1099,source,FW_W,,,0,23,2760.0,9456,,0,23,0,0
7950.1,7980.1,RM_C10480,ramp,FW_W,10480,,8,1,120.0,337,3,0,0,0,1
7950.1,7980.1,RM_C10482,ramp,FW_W,10482,,10,19,2280.0,3661,19,0,0,0,0
7950.1,7980.1,RM_C10646,ramp,FW_W,10646,,18,13,1560.0,662,4,0,0,0,6
7950.1,7980.1,RM_C10644,ramp,FW_W,10644,,22,8,960.0,828,2,0,0,0,0
7950.1,7980.1,RM_C10639,ramp,FW_E,10639,,10,2,240.0,802,2,0,0,0,0
7950.1,7980.1,RM_C10681,ramp,FW_E,10681,,12,9,1080.0,2032,3,0,0,0,0
7950.1,7980.1,RM_C10490,ramp,FW_E,10490,,21,8,960.0,1346,5,0,0,0,0
7950.1,7980.1,RM_C10484,ramp,FW_E,10484,,23,5,600.0,921,1,0,0,0,0
7950.1,7980.1,OR_D_E_signal,offramp,FW_E,10481,18,,1,120.0,632,2,0,0,0,0
7950.1,7980.1,OR_D_E_direct,offramp,FW_E,10483,20,,15,1800.0,2182,8,0,0,0,0
7950.1,7980.1,OR_D_W_signal,offramp,FW_W,10491,9,,4,480.0,1972,1,0,0,0,1
7950.1,7980.1,OR_D_W_direct,offramp,FW_W,10479,7,,6,720.0,1751,2,0,0,0,0
7950.1,7980.1,OR_F_E_signal,offramp,FW_E,10643,9,,3,360.0,1235,42,0,0,0,0
7950.1,7980.1,OR_F_E_direct,offramp,FW_E,10682,11,,2,240.0,2633,0,0,0,0,0
7950.1,7980.1,OR_F_W_signal,offramp,FW_W,10638,19,,16,1920.0,1485,11,0,0,0,6
7950.1,7980.1,OR_F_W_direct,offramp,FW_W,10645,16,,8,960.0,2280,2,0,0,0,0
7950.1,7980.1,source_1098,source,FW_E,,,0,54,6480.0,15912,,0,54,0,0
7950.1,7980.1,source_1099,source,FW_W,,,0,31,3720.0,9487,,0,31,0,0
7980.1,8010.1,RM_C10480,ramp,FW_W,10480,,8,3,360.0,340,0,0,0,0,3
7980.1,8010.1,RM_C10482,ramp,FW_W,10482,,10,11,1320.0,3672,19,0,0,0,0
7980.1,8010.1,RM_C10646,ramp,FW_W,10646,,18,4,480.0,666,0,0,0,0,2
7980.1,8010.1,RM_C10644,ramp,FW_W,10644,,22,1,120.0,829,3,0,0,0,0
7980.1,8010.1,RM_C10639,ramp,FW_E,10639,,10,2,240.0,804,0,0,0,0,0
7980.1,8010.1,RM_C10681,ramp,FW_E,10681,,12,3,360.0,2035,0,0,0,0,0
7980.1,8010.1,RM_C10490,ramp,FW_E,10490,,21,3,360.0,1349,8,0,0,0,0
7980.1,8010.1,RM_C10484,ramp,FW_E,10484,,23,1,120.0,922,2,0,0,0,0
7980.1,8010.1,OR_D_E_signal,offramp,FW_E,10481,18,,5,600.0,637,4,0,0,0,0
7980.1,8010.1,OR_D_E_direct,offramp,FW_E,10483,20,,3,360.0,2185,1,0,0,0,0
7980.1,8010.1,OR_D_W_signal,offramp,FW_W,10491,9,,15,1800.0,1987,5,0,0,0,3
7980.1,8010.1,OR_D_W_direct,offramp,FW_W,10479,7,,7,840.0,1758,4,0,0,0,0
7980.1,8010.1,OR_F_E_signal,offramp,FW_E,10643,9,,4,480.0,1239,43,0,0,0,0
7980.1,8010.1,OR_F_E_direct,offramp,FW_E,10682,11,,12,1440.0,2645,3,0,0,0,0
7980.1,8010.1,OR_F_W_signal,offramp,FW_W,10638,19,,4,480.0,1489,3,0,0,0,2
7980.1,8010.1,OR_F_W_direct,offramp,FW_W,10645,16,,4,480.0,2284,0,0,0,0,0
7980.1,8010.1,source_1098,source,FW_E,,,0,28,3360.0,15940,,0,28,0,0
7980.1,8010.1,source_1099,source,FW_W,,,0,25,3000.0,9512,,0,25,0,0
8010.1,8040.1,RM_C10480,ramp,FW_W,10480,,8,0,0.0,340,0,0,0,0,0
8010.1,8040.1,RM_C10482,ramp,FW_W,10482,,10,17,2040.0,3689,10,0,0,0,0
8010.1,8040.1,RM_C10646,ramp,FW_W,10646,,18,0,0.0,666,1,0,0,0,0
8010.1,8040.1,RM_C10644,ramp,FW_W,10644,,22,0,0.0,829,8,0,0,0,0
8010.1,8040.1,RM_C10639,ramp,FW_E,10639,,10,0,0.0,804,3,0,0,0,0
8010.1,8040.1,RM_C10681,ramp,FW_E,10681,,12,0,0.0,2035,10,0,0,0,0
8010.1,8040.1,RM_C10490,ramp,FW_E,10490,,21,8,960.0,1357,7,0,0,0,0
8010.1,8040.1,RM_C10484,ramp,FW_E,10484,,23,1,120.0,923,2,0,0,0,0
8010.1,8040.1,OR_D_E_signal,offramp,FW_E,10481,18,,2,240.0,639,3,0,0,0,0
8010.1,8040.1,OR_D_E_direct,offramp,FW_E,10483,20,,7,840.0,2192,1,0,0,0,0
8010.1,8040.1,OR_D_W_signal,offramp,FW_W,10491,9,,12,1440.0,1999,4,0,0,0,0
8010.1,8040.1,OR_D_W_direct,offramp,FW_W,10479,7,,6,720.0,1764,2,0,0,0,0
8010.1,8040.1,OR_F_E_signal,offramp,FW_E,10643,9,,5,600.0,1244,45,0,0,0,0
8010.1,8040.1,OR_F_E_direct,offramp,FW_E,10682,11,,9,1080.0,2654,2,0,0,0,0
8010.1,8040.1,OR_F_W_signal,offramp,FW_W,10638,19,,4,480.0,1493,1,0,0,0,0
8010.1,8040.1,OR_F_W_direct,offramp,FW_W,10645,16,,9,1080.0,2293,8,0,0,0,0
8010.1,8040.1,source_1098,source,FW_E,,,0,42,5040.0,15982,,0,42,0,0
8010.1,8040.1,source_1099,source,FW_W,,,0,52,6240.0,9564,,0,52,0,0
8040.1,8070.1,RM_C10480,ramp,FW_W,10480,,8,0,0.0,340,0,0,0,0,0
8040.1,8070.1,RM_C10482,ramp,FW_W,10482,,10,8,960.0,3697,15,0,0,0,0
8040.1,8070.1,RM_C10646,ramp,FW_W,10646,,18,1,120.0,667,5,0,0,0,0
8040.1,8070.1,RM_C10644,ramp,FW_W,10644,,22,0,0.0,829,11,0,0,0,0
8040.1,8070.1,RM_C10639,ramp,FW_E,10639,,10,2,240.0,806,2,0,0,0,0
8040.1,8070.1,RM_C10681,ramp,FW_E,10681,,12,11,1320.0,2046,14,0,0,0,0
8040.1,8070.1,RM_C10490,ramp,FW_E,10490,,21,7,840.0,1364,3,0,0,0,0
8040.1,8070.1,RM_C10484,ramp,FW_E,10484,,23,2,240.0,925,2,0,0,0,0
8040.1,8070.1,OR_D_E_signal,offramp,FW_E,10481,18,,3,360.0,642,3,0,0,0,0
8040.1,8070.1,OR_D_E_direct,offramp,FW_E,10483,20,,13,1560.0,2205,7,0,0,0,0
8040.1,8070.1,OR_D_W_signal,offramp,FW_W,10491,9,,4,480.0,2003,2,0,0,0,0
8040.1,8070.1,OR_D_W_direct,offramp,FW_W,10479,7,,8,960.0,1772,3,0,0,0,0
8040.1,8070.1,OR_F_E_signal,offramp,FW_E,10643,9,,4,480.0,1248,46,0,0,0,0
8040.1,8070.1,OR_F_E_direct,offramp,FW_E,10682,11,,6,720.0,2660,2,0,0,0,0
8040.1,8070.1,OR_F_W_signal,offramp,FW_W,10638,19,,6,720.0,1499,1,0,0,0,0
8040.1,8070.1,OR_F_W_direct,offramp,FW_W,10645,16,,12,1440.0,2305,0,0,0,0,0
8040.1,8070.1,source_1098,source,FW_E,,,0,34,4080.0,16016,,0,34,0,0
8040.1,8070.1,source_1099,source,FW_W,,,0,54,6480.0,9618,,0,54,0,0
8070.1,8100.1,RM_C10480,ramp,FW_W,10480,,8,1,120.0,341,1,0,0,0,0
8070.1,8100.1,RM_C10482,ramp,FW_W,10482,,10,9,1080.0,3706,15,0,0,0,0
8070.1,8100.1,RM_C10646,ramp,FW_W,10646,,18,6,720.0,673,2,0,0,0,4
8070.1,8100.1,RM_C10644,ramp,FW_W,10644,,22,7,840.0,836,6,0,0,0,0
8070.1,8100.1,RM_C10639,ramp,FW_E,10639,,10,2,240.0,808,9,0,0,0,0
8070.1,8100.1,RM_C10681,ramp,FW_E,10681,,12,10,1200.0,2056,20,0,0,0,0
8070.1,8100.1,RM_C10490,ramp,FW_E,10490,,21,3,360.0,1367,1,0,0,0,0
8070.1,8100.1,RM_C10484,ramp,FW_E,10484,,23,1,120.0,926,5,0,0,0,0
8070.1,8100.1,OR_D_E_signal,offramp,FW_E,10481,18,,1,120.0,643,2,0,0,0,0
8070.1,8100.1,OR_D_E_direct,offramp,FW_E,10483,20,,15,1800.0,2220,7,0,0,0,0
8070.1,8100.1,OR_D_W_signal,offramp,FW_W,10491,9,,5,600.0,2008,1,0,0,0,0
8070.1,8100.1,OR_D_W_direct,offramp,FW_W,10479,7,,8,960.0,1780,1,0,0,0,0
8070.1,8100.1,OR_F_E_signal,offramp,FW_E,10643,9,,4,480.0,1252,47,0,0,0,0
8070.1,8100.1,OR_F_E_direct,offramp,FW_E,10682,11,,4,480.0,2664,3,0,0,0,0
8070.1,8100.1,OR_F_W_signal,offramp,FW_W,10638,19,,6,720.0,1505,4,0,0,0,4
8070.1,8100.1,OR_F_W_direct,offramp,FW_W,10645,16,,11,1320.0,2316,2,0,0,0,0
8070.1,8100.1,source_1098,source,FW_E,,,0,45,5400.0,16061,,0,45,0,0
8070.1,8100.1,source_1099,source,FW_W,,,0,21,2520.0,9639,,0,21,0,0
8100.1,8130.1,RM_C10480,ramp,FW_W,10480,,8,1,120.0,342,0,0,0,0,1
8100.1,8130.1,RM_C10482,ramp,FW_W,10482,,10,12,1440.0,3718,9,0,0,0,0
8100.1,8130.1,RM_C10646,ramp,FW_W,10646,,18,2,240.0,675,3,0,0,0,1
8100.1,8130.1,RM_C10644,ramp,FW_W,10644,,22,4,480.0,840,9,0,0,0,0
8100.1,8130.1,RM_C10639,ramp,FW_E,10639,,10,9,1080.0,817,1,0,0,0,0
8100.1,8130.1,RM_C10681,ramp,FW_E,10681,,12,9,1080.0,2065,14,0,0,0,0
8100.1,8130.1,RM_C10490,ramp,FW_E,10490,,21,3,360.0,1370,3,0,0,0,0
8100.1,8130.1,RM_C10484,ramp,FW_E,10484,,23,4,480.0,930,2,0,0,0,0
8100.1,8130.1,OR_D_E_signal,offramp,FW_E,10481,18,,5,600.0,648,6,0,0,0,0
8100.1,8130.1,OR_D_E_direct,offramp,FW_E,10483,20,,15,1800.0,2235,8,0,0,0,0
8100.1,8130.1,OR_D_W_signal,offramp,FW_W,10491,9,,8,960.0,2016,0,0,0,0,1
8100.1,8130.1,OR_D_W_direct,offramp,FW_W,10479,7,,8,960.0,1788,1,0,0,0,0
8100.1,8130.1,OR_F_E_signal,offramp,FW_E,10643,9,,10,1200.0,1262,49,0,0,0,0
8100.1,8130.1,OR_F_E_direct,offramp,FW_E,10682,11,,6,720.0,2670,0,0,0,0,0
8100.1,8130.1,OR_F_W_signal,offramp,FW_W,10638,19,,6,720.0,1511,3,0,0,0,1
8100.1,8130.1,OR_F_W_direct,offramp,FW_W,10645,16,,4,480.0,2320,2,0,0,0,0
8100.1,8130.1,source_1098,source,FW_E,,,0,40,4800.0,16101,,0,40,0,0
8100.1,8130.1,source_1099,source,FW_W,,,0,50,6000.0,9689,,0,50,0,0
8130.1,8160.1,RM_C10480,ramp,FW_W,10480,,8,0,0.0,342,0,0,0,0,0
8130.1,8160.1,RM_C10482,ramp,FW_W,10482,,10,8,960.0,3726,11,0,0,0,0
8130.1,8160.1,RM_C10646,ramp,FW_W,10646,,18,4,480.0,679,0,0,0,0,2
8130.1,8160.1,RM_C10644,ramp,FW_W,10644,,22,0,0.0,840,9,0,0,0,0
8130.1,8160.1,RM_C10639,ramp,FW_E,10639,,10,0,0.0,817,7,0,0,0,0
8130.1,8160.1,RM_C10681,ramp,FW_E,10681,,12,8,960.0,2073,6,0,0,0,0
8130.1,8160.1,RM_C10490,ramp,FW_E,10490,,21,3,360.0,1373,0,0,0,0,0
8130.1,8160.1,RM_C10484,ramp,FW_E,10484,,23,2,240.0,932,6,0,0,0,0
8130.1,8160.1,OR_D_E_signal,offramp,FW_E,10481,18,,1,120.0,649,1,0,0,0,0
8130.1,8160.1,OR_D_E_direct,offramp,FW_E,10483,20,,17,2040.0,2252,0,0,0,0,0
8130.1,8160.1,OR_D_W_signal,offramp,FW_W,10491,9,,5,600.0,2021,3,0,0,0,0
8130.1,8160.1,OR_D_W_direct,offramp,FW_W,10479,7,,8,960.0,1796,2,0,0,0,0
8130.1,8160.1,OR_F_E_signal,offramp,FW_E,10643,9,,0,0.0,1262,43,0,0,0,0
8130.1,8160.1,OR_F_E_direct,offramp,FW_E,10682,11,,6,720.0,2676,2,0,0,0,0
8130.1,8160.1,OR_F_W_signal,offramp,FW_W,10638,19,,5,600.0,1516,1,0,0,0,2
8130.1,8160.1,OR_F_W_direct,offramp,FW_W,10645,16,,5,600.0,2325,5,0,0,0,0
8130.1,8160.1,source_1098,source,FW_E,,,0,43,5160.0,16144,,0,43,0,0
8130.1,8160.1,source_1099,source,FW_W,,,0,31,3720.0,9720,,0,31,0,0
8160.1,8190.1,RM_C10480,ramp,FW_W,10480,,8,0,0.0,342,2,0,0,0,0
8160.1,8190.1,RM_C10482,ramp,FW_W,10482,,10,8,960.0,3734,20,0,0,0,0
8160.1,8190.1,RM_C10646,ramp,FW_W,10646,,18,0,0.0,679,1,0,0,0,0
8160.1,8190.1,RM_C10644,ramp,FW_W,10644,,22,0,0.0,840,13,0,0,0,0
8160.1,8190.1,RM_C10639,ramp,FW_E,10639,,10,7,840.0,824,0,0,0,0,0
8160.1,8190.1,RM_C10681,ramp,FW_E,10681,,12,6,720.0,2079,7,0,0,0,0
8160.1,8190.1,RM_C10490,ramp,FW_E,10490,,21,0,0.0,1373,6,0,0,0,0
8160.1,8190.1,RM_C10484,ramp,FW_E,10484,,23,4,480.0,936,4,0,0,0,0
8160.1,8190.1,OR_D_E_signal,offramp,FW_E,10481,18,,0,0.0,649,0,0,0,0,0
8160.1,8190.1,OR_D_E_direct,offramp,FW_E,10483,20,,8,960.0,2260,6,0,0,0,0
8160.1,8190.1,OR_D_W_signal,offramp,FW_W,10491,9,,3,360.0,2024,0,0,0,0,0
8160.1,8190.1,OR_D_W_direct,offramp,FW_W,10479,7,,7,840.0,1803,3,0,0,0,0
8160.1,8190.1,OR_F_E_signal,offramp,FW_E,10643,9,,5,600.0,1267,47,0,0,0,0
8160.1,8190.1,OR_F_E_direct,offramp,FW_E,10682,11,,10,1200.0,2686,3,0,0,0,0
8160.1,8190.1,OR_F_W_signal,offramp,FW_W,10638,19,,1,120.0,1517,0,0,0,0,0
8160.1,8190.1,OR_F_W_direct,offramp,FW_W,10645,16,,6,720.0,2331,3,0,0,0,0
8160.1,8190.1,source_1098,source,FW_E,,,0,43,5160.0,16187,,0,43,0,0
8160.1,8190.1,source_1099,source,FW_W,,,0,25,3000.0,9745,,0,25,0,0
8190.1,8220.1,RM_C10480,ramp,FW_W,10480,,8,3,360.0,345,0,0,0,0,3
8190.1,8220.1,RM_C10482,ramp,FW_W,10482,,10,15,1800.0,3749,23,0,0,0,0
8190.1,8220.1,RM_C10646,ramp,FW_W,10646,,18,1,120.0,680,4,0,0,0,0
8190.1,8220.1,RM_C10644,ramp,FW_W,10644,,22,9,1080.0,849,6,0,0,0,0
8190.1,8220.1,RM_C10639,ramp,FW_E,10639,,10,0,0.0,824,0,0,0,0,0
8190.1,8220.1,RM_C10681,ramp,FW_E,10681,,12,4,480.0,2083,19,0,0,0,0
8190.1,8220.1,RM_C10490,ramp,FW_E,10490,,21,6,720.0,1379,1,0,0,0,0
8190.1,8220.1,RM_C10484,ramp,FW_E,10484,,23,4,480.0,940,4,0,0,0,0
8190.1,8220.1,OR_D_E_signal,offramp,FW_E,10481,18,,2,240.0,651,1,0,0,0,0
8190.1,8220.1,OR_D_E_direct,offramp,FW_E,10483,20,,11,1320.0,2271,4,0,0,0,0
8190.1,8220.1,OR_D_W_signal,offramp,FW_W,10491,9,,12,1440.0,2036,3,0,0,0,3
8190.1,8220.1,OR_D_W_direct,offramp,FW_W,10479,7,,7,840.0,1810,1,0,0,0,0
8190.1,8220.1,OR_F_E_signal,offramp,FW_E,10643,9,,3,360.0,1270,45,0,0,0,0
8190.1,8220.1,OR_F_E_direct,offramp,FW_E,10682,11,,4,480.0,2690,0,0,0,0,0
8190.1,8220.1,OR_F_W_signal,offramp,FW_W,10638,19,,4,480.0,1521,0,0,0,0,0
8190.1,8220.1,OR_F_W_direct,offramp,FW_W,10645,16,,8,960.0,2339,0,0,0,0,0
8190.1,8220.1,source_1098,source,FW_E,,,0,47,5640.0,16234,,0,47,0,0
8190.1,8220.1,source_1099,source,FW_W,,,0,50,6000.0,9795,,0,50,0,0
8220.1,8250.1,RM_C10480,ramp,FW_W,10480,,8,0,0.0,345,0,0,0,0,0
8220.1,8250.1,RM_C10482,ramp,FW_W,10482,,10,17,2040.0,3766,18,0,0,0,0
8220.1,8250.1,RM_C10646,ramp,FW_W,10646,,18,4,480.0,684,3,0,0,0,2
8220.1,8250.1,RM_C10644,ramp,FW_W,10644,,22,0,0.0,849,6,0,0,0,0
8220.1,8250.1,RM_C10639,ramp,FW_E,10639,,10,0,0.0,824,3,0,0,0,0
8220.1,8250.1,RM_C10681,ramp,FW_E,10681,,12,8,960.0,2091,15,0,0,0,0
8220.1,8250.1,RM_C10490,ramp,FW_E,10490,,21,3,360.0,1382,1,0,0,0,0
8220.1,8250.1,RM_C10484,ramp,FW_E,10484,,23,4,480.0,944,4,0,0,0,0
8220.1,8250.1,OR_D_E_signal,offramp,FW_E,10481,18,,1,120.0,652,0,0,0,0,0
8220.1,8250.1,OR_D_E_direct,offramp,FW_E,10483,20,,6,720.0,2277,1,0,0,0,0
8220.1,8250.1,OR_D_W_signal,offramp,FW_W,10491,9,,6,720.0,2042,1,0,0,0,0
8220.1,8250.1,OR_D_W_direct,offramp,FW_W,10479,7,,7,840.0,1817,2,0,0,0,0
8220.1,8250.1,OR_F_E_signal,offramp,FW_E,10643,9,,5,600.0,1275,46,0,0,0,0
8220.1,8250.1,OR_F_E_direct,offramp,FW_E,10682,11,,8,960.0,2698,1,0,0,0,0
8220.1,8250.1,OR_F_W_signal,offramp,FW_W,10638,19,,7,840.0,1528,3,0,0,0,2
8220.1,8250.1,OR_F_W_direct,offramp,FW_W,10645,16,,8,960.0,2347,2,0,0,0,0
8220.1,8250.1,source_1098,source,FW_E,,,0,43,5160.0,16277,,0,43,0,0
8220.1,8250.1,source_1099,source,FW_W,,,0,25,3000.0,9820,,0,25,0,0
8250.1,8280.1,RM_C10480,ramp,FW_W,10480,,8,1,120.0,346,0,0,0,0,1
8250.1,8280.1,RM_C10482,ramp,FW_W,10482,,10,16,1920.0,3782,13,0,0,0,0
8250.1,8280.1,RM_C10646,ramp,FW_W,10646,,18,3,360.0,687,0,0,0,0,2
8250.1,8280.1,RM_C10644,ramp,FW_W,10644,,22,2,240.0,851,6,0,0,0,0
8250.1,8280.1,RM_C10639,ramp,FW_E,10639,,10,3,360.0,827,3,0,0,0,0
8250.1,8280.1,RM_C10681,ramp,FW_E,10681,,12,7,840.0,2098,9,0,0,0,0
8250.1,8280.1,RM_C10490,ramp,FW_E,10490,,21,2,240.0,1384,1,0,0,0,0
8250.1,8280.1,RM_C10484,ramp,FW_E,10484,,23,5,600.0,949,1,0,0,0,0
8250.1,8280.1,OR_D_E_signal,offramp,FW_E,10481,18,,1,120.0,653,1,0,0,0,0
8250.1,8280.1,OR_D_E_direct,offramp,FW_E,10483,20,,2,240.0,2279,2,0,0,0,0
8250.1,8280.1,OR_D_W_signal,offramp,FW_W,10491,9,,7,840.0,2049,2,0,0,0,1
8250.1,8280.1,OR_D_W_direct,offramp,FW_W,10479,7,,7,840.0,1824,3,0,0,0,0
8250.1,8280.1,OR_F_E_signal,offramp,FW_E,10643,9,,2,240.0,1277,43,0,0,0,0
8250.1,8280.1,OR_F_E_direct,offramp,FW_E,10682,11,,7,840.0,2705,0,0,0,0,0
8250.1,8280.1,OR_F_W_signal,offramp,FW_W,10638,19,,6,720.0,1534,4,0,0,0,2
8250.1,8280.1,OR_F_W_direct,offramp,FW_W,10645,16,,14,1680.0,2361,7,0,0,0,0
8250.1,8280.1,source_1098,source,FW_E,,,0,35,4200.0,16312,,0,35,0,0
8250.1,8280.1,source_1099,source,FW_W,,,0,36,4320.0,9856,,0,36,0,0
8280.1,8310.1,RM_C10480,ramp,FW_W,10480,,8,0,0.0,346,0,0,0,0,0
8280.1,8310.1,RM_C10482,ramp,FW_W,10482,,10,9,1080.0,3791,14,0,0,0,0
8280.1,8310.1,RM_C10646,ramp,FW_W,10646,,18,0,0.0,687,0,0,0,0,0
8280.1,8310.1,RM_C10644,ramp,FW_W,10644,,22,4,480.0,855,4,0,0,0,0
8280.1,8310.1,RM_C10639,ramp,FW_E,10639,,10,3,360.0,830,0,0,0,0,0
8280.1,8310.1,RM_C10681,ramp,FW_E,10681,,12,7,840.0,2105,2,0,0,0,0
8280.1,8310.1,RM_C10490,ramp,FW_E,10490,,21,2,240.0,1386,5,0,0,0,0
8280.1,8310.1,RM_C10484,ramp,FW_E,10484,,23,1,120.0,950,8,0,0,0,0
8280.1,8310.1,OR_D_E_signal,offramp,FW_E,10481,18,,0,0.0,653,0,0,0,0,0
8280.1,8310.1,OR_D_E_direct,offramp,FW_E,10483,20,,13,1560.0,2292,6,0,0,0,0
8280.1,8310.1,OR_D_W_signal,offramp,FW_W,10491,9,,7,840.0,2056,2,0,0,0,0
8280.1,8310.1,OR_D_W_direct,offramp,FW_W,10479,7,,3,360.0,1827,1,0,0,0,0
8280.1,8310.1,OR_F_E_signal,offramp,FW_E,10643,9,,2,240.0,1279,42,0,0,0,0
8280.1,8310.1,OR_F_E_direct,offramp,FW_E,10682,11,,7,840.0,2712,1,0,0,0,0
8280.1,8310.1,OR_F_W_signal,offramp,FW_W,10638,19,,3,360.0,1537,2,0,0,0,0
8280.1,8310.1,OR_F_W_direct,offramp,FW_W,10645,16,,12,1440.0,2373,5,0,0,0,0
8280.1,8310.1,source_1098,source,FW_E,,,0,34,4080.0,16346,,0,34,0,0
8280.1,8310.1,source_1099,source,FW_W,,,0,42,5040.0,9898,,0,42,0,0
8310.1,8340.1,RM_C10480,ramp,FW_W,10480,,8,0,0.0,346,0,0,0,0,0
8310.1,8340.1,RM_C10482,ramp,FW_W,10482,,10,10,1200.0,3801,13,0,0,0,0
8310.1,8340.1,RM_C10646,ramp,FW_W,10646,,18,0,0.0,687,1,0,0,0,0
8310.1,8340.1,RM_C10644,ramp,FW_W,10644,,22,0,0.0,855,6,0,0,0,0
8310.1,8340.1,RM_C10639,ramp,FW_E,10639,,10,0,0.0,830,5,0,0,0,0
8310.1,8340.1,RM_C10681,ramp,FW_E,10681,,12,2,240.0,2107,10,0,0,0,0
8310.1,8340.1,RM_C10490,ramp,FW_E,10490,,21,5,600.0,1391,2,0,0,0,0
8310.1,8340.1,RM_C10484,ramp,FW_E,10484,,23,4,480.0,954,7,0,0,0,0
8310.1,8340.1,OR_D_E_signal,offramp,FW_E,10481,18,,2,240.0,655,1,0,0,0,0
8310.1,8340.1,OR_D_E_direct,offramp,FW_E,10483,20,,12,1440.0,2304,4,0,0,0,0
8310.1,8340.1,OR_D_W_signal,offramp,FW_W,10491,9,,5,600.0,2061,2,0,0,0,0
8310.1,8340.1,OR_D_W_direct,offramp,FW_W,10479,7,,7,840.0,1834,3,0,0,0,0
8310.1,8340.1,OR_F_E_signal,offramp,FW_E,10643,9,,5,600.0,1284,40,0,0,0,0
8310.1,8340.1,OR_F_E_direct,offramp,FW_E,10682,11,,8,960.0,2720,4,0,0,0,0
8310.1,8340.1,OR_F_W_signal,offramp,FW_W,10638,19,,5,600.0,1542,2,0,0,0,0
8310.1,8340.1,OR_F_W_direct,offramp,FW_W,10645,16,,4,480.0,2377,4,0,0,0,0
8310.1,8340.1,source_1098,source,FW_E,,,0,29,3480.0,16375,,0,29,0,0
8310.1,8340.1,source_1099,source,FW_W,,,0,36,4320.0,9934,,0,36,0,0
8340.1,8370.1,RM_C10480,ramp,FW_W,10480,,8,1,120.0,347,2,0,0,0,1
8340.1,8370.1,RM_C10482,ramp,FW_W,10482,,10,11,1320.0,3812,8,0,0,0,0
8340.1,8370.1,RM_C10646,ramp,FW_W,10646,,18,0,0.0,687,5,0,0,0,0
8340.1,8370.1,RM_C10644,ramp,FW_W,10644,,22,0,0.0,855,8,0,0,0,0
8340.1,8370.1,RM_C10639,ramp,FW_E,10639,,10,5,600.0,835,0,0,0,0,0
8340.1,8370.1,RM_C10681,ramp,FW_E,10681,,12,2,240.0,2109,26,0,0,0,0
8340.1,8370.1,RM_C10490,ramp,FW_E,10490,,21,2,240.0,1393,3,0,0,0,0
8340.1,8370.1,RM_C10484,ramp,FW_E,10484,,23,5,600.0,959,3,0,0,0,0
8340.1,8370.1,OR_D_E_signal,offramp,FW_E,10481,18,,0,0.0,655,1,0,0,0,0
8340.1,8370.1,OR_D_E_direct,offramp,FW_E,10483,20,,7,840.0,2311,3,0,0,0,0
8340.1,8370.1,OR_D_W_signal,offramp,FW_W,10491,9,,13,1560.0,2074,6,0,0,0,1
8340.1,8370.1,OR_D_W_direct,offramp,FW_W,10479,7,,7,840.0,1841,2,0,0,0,0
8340.1,8370.1,OR_F_E_signal,offramp,FW_E,10643,9,,3,360.0,1287,40,0,0,0,0
8340.1,8370.1,OR_F_E_direct,offramp,FW_E,10682,11,,9,1080.0,2729,3,0,0,0,0
8340.1,8370.1,OR_F_W_signal,offramp,FW_W,10638,19,,7,840.0,1549,5,0,0,0,0
8340.1,8370.1,OR_F_W_direct,offramp,FW_W,10645,16,,18,2160.0,2395,6,0,0,0,0
8340.1,8370.1,source_1098,source,FW_E,,,0,45,5400.0,16420,,0,45,0,0
8340.1,8370.1,source_1099,source,FW_W,,,0,41,4920.0,9975,,0,41,0,0
8370.1,8400.1,RM_C10480,ramp,FW_W,10480,,8,2,240.0,349,0,0,0,0,2
8370.1,8400.1,RM_C10482,ramp,FW_W,10482,,10,5,600.0,3817,14,0,0,0,0
8370.1,8400.1,RM_C10646,ramp,FW_W,10646,,18,4,480.0,691,7,0,0,0,2
8370.1,8400.1,RM_C10644,ramp,FW_W,10644,,22,5,600.0,860,4,0,0,0,0
8370.1,8400.1,RM_C10639,ramp,FW_E,10639,,10,0,0.0,835,1,0,0,0,0
8370.1,8400.1,RM_C10681,ramp,FW_E,10681,,12,11,1320.0,2120,31,0,0,0,0
8370.1,8400.1,RM_C10490,ramp,FW_E,10490,,21,3,360.0,1396,5,0,0,0,0
8370.1,8400.1,RM_C10484,ramp,FW_E,10484,,23,3,360.0,962,3,0,0,0,0
8370.1,8400.1,OR_D_E_signal,offramp,FW_E,10481,18,,1,120.0,656,2,0,0,0,0
8370.1,8400.1,OR_D_E_direct,offramp,FW_E,10483,20,,13,1560.0,2324,3,0,0,0,0
8370.1,8400.1,OR_D_W_signal,offramp,FW_W,10491,9,,11,1320.0,2085,3,0,0,0,2
8370.1,8400.1,OR_D_W_direct,offramp,FW_W,10479,7,,9,1080.0,1850,3,0,0,0,0
8370.1,8400.1,OR_F_E_signal,offramp,FW_E,10643,9,,4,480.0,1291,40,0,0,0,0
8370.1,8400.1,OR_F_E_direct,offramp,FW_E,10682,11,,5,600.0,2734,1,0,0,0,0
8370.1,8400.1,OR_F_W_signal,offramp,FW_W,10638,19,,4,480.0,1553,0,0,0,0,2
8370.1,8400.1,OR_F_W_direct,offramp,FW_W,10645,16,,6,720.0,2401,1,0,0,0,0
8370.1,8400.1,source_1098,source,FW_E,,,0,41,4920.0,16461,,0,41,0,0
8370.1,8400.1,source_1099,source,FW_W,,,0,25,3000.0,10000,,0,25,0,0
8400.1,8430.1,RM_C10480,ramp,FW_W,10480,,8,1,120.0,350,2,0,0,0,1
8400.1,8430.1,RM_C10482,ramp,FW_W,10482,,10,8,960.0,3825,12,0,0,0,0
8400.1,8430.1,RM_C10646,ramp,FW_W,10646,,18,8,960.0,699,1,0,0,0,5
8400.1,8430.1,RM_C10644,ramp,FW_W,10644,,22,2,240.0,862,7,0,0,0,0
8400.1,8430.1,RM_C10639,ramp,FW_E,10639,,10,1,120.0,836,0,0,0,0,0
8400.1,8430.1,RM_C10681,ramp,FW_E,10681,,12,17,2040.0,2137,14,0,0,0,0
8400.1,8430.1,RM_C10490,ramp,FW_E,10490,,21,5,600.0,1401,1,0,0,0,0
8400.1,8430.1,RM_C10484,ramp,FW_E,10484,,23,4,480.0,966,0,0,0,0,0
8400.1,8430.1,OR_D_E_signal,offramp,FW_E,10481,18,,4,480.0,660,5,0,0,0,0
8400.1,8430.1,OR_D_E_direct,offramp,FW_E,10483,20,,17,2040.0,2341,5,0,0,0,0
8400.1,8430.1,OR_D_W_signal,offramp,FW_W,10491,9,,8,960.0,2093,4,0,0,0,1
8400.1,8430.1,OR_D_W_direct,offramp,FW_W,10479,7,,8,960.0,1858,4,0,0,0,0
8400.1,8430.1,OR_F_E_signal,offramp,FW_E,10643,9,,2,240.0,1293,39,0,0,0,0
8400.1,8430.1,OR_F_E_direct,offramp,FW_E,10682,11,,4,480.0,2738,0,0,0,0,0
8400.1,8430.1,OR_F_W_signal,offramp,FW_W,10638,19,,12,1440.0,1565,4,0,0,0,5
8400.1,8430.1,OR_F_W_direct,offramp,FW_W,10645,16,,8,960.0,2409,2,0,0,0,0
8400.1,8430.1,source_1098,source,FW_E,,,0,36,4320.0,16497,,0,36,0,0
8400.1,8430.1,source_1099,source,FW_W,,,0,50,6000.0,10050,,0,50,0,0
8430.1,8460.1,RM_C10480,ramp,FW_W,10480,,8,2,240.0,352,0,0,0,0,2
8430.1,8460.1,RM_C10482,ramp,FW_W,10482,,10,10,1200.0,3835,13,0,0,0,0
8430.1,8460.1,RM_C10646,ramp,FW_W,10646,,18,1,120.0,700,0,0,0,0,1
8430.1,8460.1,RM_C10644,ramp,FW_W,10644,,22,1,120.0,863,6,0,0,0,0
8430.1,8460.1,RM_C10639,ramp,FW_E,10639,,10,0,0.0,836,6,0,0,0,0
8430.1,8460.1,RM_C10681,ramp,FW_E,10681,,12,11,1320.0,2148,3,0,0,0,0
8430.1,8460.1,RM_C10490,ramp,FW_E,10490,,21,2,240.0,1403,4,0,0,0,0
8430.1,8460.1,RM_C10484,ramp,FW_E,10484,,23,0,0.0,966,2,0,0,0,0
8430.1,8460.1,OR_D_E_signal,offramp,FW_E,10481,18,,3,360.0,663,0,0,0,0,0
8430.1,8460.1,OR_D_E_direct,offramp,FW_E,10483,20,,10,1200.0,2351,5,0,0,0,0
8430.1,8460.1,OR_D_W_signal,offramp,FW_W,10491,9,,9,1080.0,2102,3,0,0,0,2
8430.1,8460.1,OR_D_W_direct,offramp,FW_W,10479,7,,6,720.0,1864,0,0,0,0,0
8430.1,8460.1,OR_F_E_signal,offramp,FW_E,10643,9,,5,600.0,1298,43,0,0,0,0
8430.1,8460.1,OR_F_E_direct,offramp,FW_E,10682,11,,5,600.0,2743,0,0,0,0,0
8430.1,8460.1,OR_F_W_signal,offramp,FW_W,10638,19,,4,480.0,1569,0,0,0,0,1
8430.1,8460.1,OR_F_W_direct,offramp,FW_W,10645,16,,4,480.0,2413,0,0,0,0,0
8430.1,8460.1,source_1098,source,FW_E,,,0,34,4080.0,16531,,0,34,0,0
8430.1,8460.1,source_1099,source,FW_W,,,0,32,3840.0,10082,,0,32,0,0
8460.1,8490.1,RM_C10480,ramp,FW_W,10480,,8,0,0.0,352,0,0,0,0,0
8460.1,8490.1,RM_C10482,ramp,FW_W,10482,,10,10,1200.0,3845,6,0,0,0,0
8460.1,8490.1,RM_C10646,ramp,FW_W,10646,,18,0,0.0,700,0,0,0,0,0
8460.1,8490.1,RM_C10644,ramp,FW_W,10644,,22,0,0.0,863,9,0,0,0,0
8460.1,8490.1,RM_C10639,ramp,FW_E,10639,,10,5,600.0,841,1,0,0,0,0
8460.1,8490.1,RM_C10681,ramp,FW_E,10681,,12,3,360.0,2151,5,0,0,0,0
8460.1,8490.1,RM_C10490,ramp,FW_E,10490,,21,4,480.0,1407,0,0,0,0,0
8460.1,8490.1,RM_C10484,ramp,FW_E,10484,,23,1,120.0,967,4,0,0,0,0
8460.1,8490.1,OR_D_E_signal,offramp,FW_E,10481,18,,2,240.0,665,1,0,0,0,0
8460.1,8490.1,OR_D_E_direct,offramp,FW_E,10483,20,,14,1680.0,2365,2,0,0,0,0
8460.1,8490.1,OR_D_W_signal,offramp,FW_W,10491,9,,6,720.0,2108,2,0,0,0,0
8460.1,8490.1,OR_D_W_direct,offramp,FW_W,10479,7,,10,1200.0,1874,3,0,0,0,0
8460.1,8490.1,OR_F_E_signal,offramp,FW_E,10643,9,,5,600.0,1303,47,0,0,0,0
8460.1,8490.1,OR_F_E_direct,offramp,FW_E,10682,11,,6,720.0,2749,4,0,0,0,0
8460.1,8490.1,OR_F_W_signal,offramp,FW_W,10638,19,,1,120.0,1570,0,0,0,0,0
8460.1,8490.1,OR_F_W_direct,offramp,FW_W,10645,16,,8,960.0,2421,3,0,0,0,0
8460.1,8490.1,source_1098,source,FW_E,,,0,43,5160.0,16574,,0,43,0,0
8460.1,8490.1,source_1099,source,FW_W,,,0,32,3840.0,10114,,0,32,0,0
8490.1,8520.1,RM_C10480,ramp,FW_W,10480,,8,0,0.0,352,1,0,0,0,0
8490.1,8520.1,RM_C10482,ramp,FW_W,10482,,10,5,600.0,3850,14,0,0,0,0
8490.1,8520.1,RM_C10646,ramp,FW_W,10646,,18,0,0.0,700,4,0,0,0,0
8490.1,8520.1,RM_C10644,ramp,FW_W,10644,,22,6,720.0,869,3,0,0,0,0
8490.1,8520.1,RM_C10639,ramp,FW_E,10639,,10,1,120.0,842,3,0,0,0,0
8490.1,8520.1,RM_C10681,ramp,FW_E,10681,,12,4,480.0,2155,18,0,0,0,0
8490.1,8520.1,RM_C10490,ramp,FW_E,10490,,21,0,0.0,1407,0,0,0,0,0
8490.1,8520.1,RM_C10484,ramp,FW_E,10484,,23,6,720.0,973,1,0,0,0,0
8490.1,8520.1,OR_D_E_signal,offramp,FW_E,10481,18,,1,120.0,666,0,0,0,0,0
8490.1,8520.1,OR_D_E_direct,offramp,FW_E,10483,20,,10,1200.0,2375,7,0,0,0,0
8490.1,8520.1,OR_D_W_signal,offramp,FW_W,10491,9,,7,840.0,2115,2,0,0,0,0
8490.1,8520.1,OR_D_W_direct,offramp,FW_W,10479,7,,6,720.0,1880,1,0,0,0,0
8490.1,8520.1,OR_F_E_signal,offramp,FW_E,10643,9,,4,480.0,1307,48,0,0,0,0
8490.1,8520.1,OR_F_E_direct,offramp,FW_E,10682,11,,9,1080.0,2758,4,0,0,0,0
8490.1,8520.1,OR_F_W_signal,offramp,FW_W,10638,19,,1,120.0,1571,0,0,0,0,0
8490.1,8520.1,OR_F_W_direct,offramp,FW_W,10645,16,,5,600.0,2426,4,0,0,0,0
8490.1,8520.1,source_1098,source,FW_E,,,0,40,4800.0,16614,,0,40,0,0
8490.1,8520.1,source_1099,source,FW_W,,,0,26,3120.0,10140,,0,26,0,0
8520.1,8550.1,RM_C10480,ramp,FW_W,10480,,8,3,360.0,355,0,0,0,0,3
8520.1,8550.1,RM_C10482,ramp,FW_W,10482,,10,4,480.0,3854,18,0,0,0,0
8520.1,8550.1,RM_C10646,ramp,FW_W,10646,,18,3,360.0,703,7,0,0,0,2
8520.1,8550.1,RM_C10644,ramp,FW_W,10644,,22,0,0.0,869,6,0,0,0,0
8520.1,8550.1,RM_C10639,ramp,FW_E,10639,,10,0,0.0,842,4,0,0,0,0
8520.1,8550.1,RM_C10681,ramp,FW_E,10681,,12,14,1680.0,2169,22,0,0,0,0
8520.1,8550.1,RM_C10490,ramp,FW_E,10490,,21,0,0.0,1407,5,0,0,0,0
8520.1,8550.1,RM_C10484,ramp,FW_E,10484,,23,1,120.0,974,3,0,0,0,0
8520.1,8550.1,OR_D_E_signal,offramp,FW_E,10481,18,,0,0.0,666,0,0,0,0,0
8520.1,8550.1,OR_D_E_direct,offramp,FW_E,10483,20,,1,120.0,2376,0,0,0,0,0
8520.1,8550.1,OR_D_W_signal,offramp,FW_W,10491,9,,10,1200.0,2125,4,0,0,0,3
8520.1,8550.1,OR_D_W_direct,offramp,FW_W,10479,7,,5,600.0,1885,1,0,0,0,0
8520.1,8550.1,OR_F_E_signal,offramp,FW_E,10643,9,,1,120.0,1308,46,0,0,0,0
8520.1,8550.1,OR_F_E_direct,offramp,FW_E,10682,11,,8,960.0,2766,3,0,0,0,0
8520.1,8550.1,OR_F_W_signal,offramp,FW_W,10638,19,,5,600.0,1576,1,0,0,0,2
8520.1,8550.1,OR_F_W_direct,offramp,FW_W,10645,16,,3,360.0,2429,1,0,0,0,0
8520.1,8550.1,source_1098,source,FW_E,,,0,32,3840.0,16646,,0,32,0,0
8520.1,8550.1,source_1099,source,FW_W,,,0,53,6360.0,10193,,0,53,0,0
8550.1,8580.1,RM_C10480,ramp,FW_W,10480,,8,2,240.0,357,0,0,0,0,2
8550.1,8580.1,RM_C10482,ramp,FW_W,10482,,10,14,1680.0,3868,16,0,0,0,0
8550.1,8580.1,RM_C10646,ramp,FW_W,10646,,18,7,840.0,710,3,0,0,0,3
8550.1,8580.1,RM_C10644,ramp,FW_W,10644,,22,3,360.0,872,10,0,0,0,0
8550.1,8580.1,RM_C10639,ramp,FW_E,10639,,10,4,480.0,846,3,0,0,0,0
8550.1,8580.1,RM_C10681,ramp,FW_E,10681,,12,15,1800.0,2184,7,0,0,0,0
8550.1,8580.1,RM_C10490,ramp,FW_E,10490,,21,6,720.0,1413,5,0,0,0,0
8550.1,8580.1,RM_C10484,ramp,FW_E,10484,,23,2,240.0,976,1,0,0,0,0
8550.1,8580.1,OR_D_E_signal,offramp,FW_E,10481,18,,2,240.0,668,1,0,0,0,0
8550.1,8580.1,OR_D_E_direct,offramp,FW_E,10483,20,,5,600.0,2381,5,0,0,0,0
8550.1,8580.1,OR_D_W_signal,offramp,FW_W,10491,9,,10,1200.0,2135,6,0,0,0,2
8550.1,8580.1,OR_D_W_direct,offramp,FW_W,10479,7,,6,720.0,1891,1,0,0,0,0
8550.1,8580.1,OR_F_E_signal,offramp,FW_E,10643,9,,4,480.0,1312,45,0,0,0,0
8550.1,8580.1,OR_F_E_direct,offramp,FW_E,10682,11,,8,960.0,2774,3,0,0,0,0
8550.1,8580.1,OR_F_W_signal,offramp,FW_W,10638,19,,11,1320.0,1587,4,0,0,0,3
8550.1,8580.1,OR_F_W_direct,offramp,FW_W,10645,16,,4,480.0,2433,2,0,0,0,0
8550.1,8580.1,source_1098,source,FW_E,,,0,38,4560.0,16684,,0,38,0,0
8550.1,8580.1,source_1099,source,FW_W,,,0,42,5040.0,10235,,0,42,0,0
8580.1,8610.1,RM_C10480,ramp,FW_W,10480,,8,0,0.0,357,0,0,0,0,0
8580.1,8610.1,RM_C10482,ramp,FW_W,10482,,10,12,1440.0,3880,10,0,0,0,0
8580.1,8610.1,RM_C10646,ramp,FW_W,10646,,18,3,360.0,713,0,0,0,0,1
8580.1,8610.1,RM_C10644,ramp,FW_W,10644,,22,3,360.0,875,7,0,0,0,0
8580.1,8610.1,RM_C10639,ramp,FW_E,10639,,10,2,240.0,848,5,0,0,0,0
8580.1,8610.1,RM_C10681,ramp,FW_E,10681,,12,7,840.0,2191,0,0,0,0,0
8580.1,8610.1,RM_C10490,ramp,FW_E,10490,,21,5,600.0,1418,4,0,0,0,0
8580.1,8610.1,RM_C10484,ramp,FW_E,10484,,23,1,120.0,977,0,0,0,0,0
8580.1,8610.1,OR_D_E_signal,offramp,FW_E,10481,18,,2,240.0,670,0,0,0,0,0
8580.1,8610.1,OR_D_E_direct,offramp,FW_E,10483,20,,6,720.0,2387,3,0,0,0,0
8580.1,8610.1,OR_D_W_signal,offramp,FW_W,10491,9,,7,840.0,2142,1,0,0,0,0
8580.1,8610.1,OR_D_W_direct,offramp,FW_W,10479,7,,8,960.0,1899,2,0,0,0,0
8580.1,8610.1,OR_F_E_signal,offramp,FW_E,10643,9,,2,240.0,1314,42,0,0,0,0
8580.1,8610.1,OR_F_E_direct,offramp,FW_E,10682,11,,9,1080.0,2783,3,0,0,0,0
8580.1,8610.1,OR_F_W_signal,offramp,FW_W,10638,19,,5,600.0,1592,3,0,0,0,1
8580.1,8610.1,OR_F_W_direct,offramp,FW_W,10645,16,,2,240.0,2435,0,0,0,0,0
8580.1,8610.1,source_1098,source,FW_E,,,0,49,5880.0,16733,,0,49,0,0
8580.1,8610.1,source_1099,source,FW_W,,,0,29,3480.0,10264,,0,29,0,0
8610.1,8640.1,RM_C10480,ramp,FW_W,10480,,8,0,0.0,357,0,0,0,0,0
8610.1,8640.1,RM_C10482,ramp,FW_W,10482,,10,10,1200.0,3890,16,0,0,0,0
8610.1,8640.1,RM_C10646,ramp,FW_W,10646,,18,0,0.0,713,0,0,0,0,0
8610.1,8640.1,RM_C10644,ramp,FW_W,10644,,22,0,0.0,875,11,0,0,0,0
8610.1,8640.1,RM_C10639,ramp,FW_E,10639,,10,1,120.0,849,5,0,0,0,0
8610.1,8640.1,RM_C10681,ramp,FW_E,10681,,12,0,0.0,2191,7,0,0,0,0
8610.1,8640.1,RM_C10490,ramp,FW_E,10490,,21,4,480.0,1422,5,0,0,0,0
8610.1,8640.1,RM_C10484,ramp,FW_E,10484,,23,0,0.0,977,4,0,0,0,0
8610.1,8640.1,OR_D_E_signal,offramp,FW_E,10481,18,,3,360.0,673,2,0,0,0,0
8610.1,8640.1,OR_D_E_direct,offramp,FW_E,10483,20,,3,360.0,2390,1,0,0,0,0
8610.1,8640.1,OR_D_W_signal,offramp,FW_W,10491,9,,7,840.0,2149,0,0,0,0,0
8610.1,8640.1,OR_D_W_direct,offramp,FW_W,10479,7,,7,840.0,1906,3,0,0,0,0
8610.1,8640.1,OR_F_E_signal,offramp,FW_E,10643,9,,2,240.0,1316,43,0,0,0,0
8610.1,8640.1,OR_F_E_direct,offramp,FW_E,10682,11,,10,1200.0,2793,4,0,0,0,0
8610.1,8640.1,OR_F_W_signal,offramp,FW_W,10638,19,,4,480.0,1596,1,0,0,0,0
8610.1,8640.1,OR_F_W_direct,offramp,FW_W,10645,16,,6,720.0,2441,0,0,0,0,0
8610.1,8640.1,source_1098,source,FW_E,,,0,40,4800.0,16773,,0,40,0,0
8610.1,8640.1,source_1099,source,FW_W,,,0,57,6840.0,10321,,0,57,0,0
8640.1,8670.1,RM_C10480,ramp,FW_W,10480,,8,1,120.0,358,0,0,0,0,1
8640.1,8670.1,RM_C10482,ramp,FW_W,10482,,10,8,960.0,3898,15,0,0,0,0
8640.1,8670.1,RM_C10646,ramp,FW_W,10646,,18,0,0.0,713,4,0,0,0,0
8640.1,8670.1,RM_C10644,ramp,FW_W,10644,,22,7,840.0,882,4,0,0,0,0
8640.1,8670.1,RM_C10639,ramp,FW_E,10639,,10,5,600.0,854,5,0,0,0,0
8640.1,8670.1,RM_C10681,ramp,FW_E,10681,,12,2,240.0,2193,23,0,0,0,0
8640.1,8670.1,RM_C10490,ramp,FW_E,10490,,21,5,600.0,1427,2,0,0,0,0
8640.1,8670.1,RM_C10484,ramp,FW_E,10484,,23,2,240.0,979,4,0,0,0,0
8640.1,8670.1,OR_D_E_signal,offramp,FW_E,10481,18,,0,0.0,673,0,0,0,0,0
8640.1,8670.1,OR_D_E_direct,offramp,FW_E,10483,20,,11,1320.0,2401,2,0,0,0,0
8640.1,8670.1,OR_D_W_signal,offramp,FW_W,10491,9,,9,1080.0,2158,3,0,0,0,1
8640.1,8670.1,OR_D_W_direct,offramp,FW_W,10479,7,,7,840.0,1913,2,0,0,0,0
8640.1,8670.1,OR_F_E_signal,offramp,FW_E,10643,9,,3,360.0,1319,42,0,0,0,0
8640.1,8670.1,OR_F_E_direct,offramp,FW_E,10682,11,,6,720.0,2799,0,0,0,0,0
8640.1,8670.1,OR_F_W_signal,offramp,FW_W,10638,19,,2,240.0,1598,1,0,0,0,0
8640.1,8670.1,OR_F_W_direct,offramp,FW_W,10645,16,,14,1680.0,2455,1,0,0,0,0
8640.1,8670.1,source_1098,source,FW_E,,,0,39,4680.0,16812,,0,39,0,0
8640.1,8670.1,source_1099,source,FW_W,,,0,35,4200.0,10356,,0,35,0,0
8670.1,8700.1,RM_C10480,ramp,FW_W,10480,,8,2,240.0,360,0,0,0,0,2
8670.1,8700.1,RM_C10482,ramp,FW_W,10482,,10,13,1560.0,3911,13,0,0,0,0
8670.1,8700.1,RM_C10646,ramp,FW_W,10646,,18,4,480.0,717,7,0,0,0,0
8670.1,8700.1,RM_C10644,ramp,FW_W,10644,,22,0,0.0,882,7,0,0,0,0
8670.1,8700.1,RM_C10639,ramp,FW_E,10639,,10,5,600.0,859,0,0,0,0,0
8670.1,8700.1,RM_C10681,ramp,FW_E,10681,,12,17,2040.0,2210,17,0,0,0,0
8670.1,8700.1,RM_C10490,ramp,FW_E,10490,,21,2,240.0,1429,5,0,0,0,0
8670.1,8700.1,RM_C10484,ramp,FW_E,10484,,23,4,480.0,983,3,0,0,0,0
8670.1,8700.1,OR_D_E_signal,offramp,FW_E,10481,18,,0,0.0,673,0,0,0,0,0
8670.1,8700.1,OR_D_E_direct,offramp,FW_E,10483,20,,3,360.0,2404,1,0,0,0,0
8670.1,8700.1,OR_D_W_signal,offramp,FW_W,10491,9,,11,1320.0,2169,5,0,0,0,2
8670.1,8700.1,OR_D_W_direct,offramp,FW_W,10479,7,,3,360.0,1916,1,0,0,0,0
8670.1,8700.1,OR_F_E_signal,offramp,FW_E,10643,9,,4,480.0,1323,41,0,0,0,0
8670.1,8700.1,OR_F_E_direct,offramp,FW_E,10682,11,,3,360.0,2802,1,0,0,0,0
8670.1,8700.1,OR_F_W_signal,offramp,FW_W,10638,19,,5,600.0,1603,4,0,0,0,0
8670.1,8700.1,OR_F_W_direct,offramp,FW_W,10645,16,,8,960.0,2463,2,0,0,0,0
8670.1,8700.1,source_1098,source,FW_E,,,0,40,4800.0,16852,,0,40,0,0
8670.1,8700.1,source_1099,source,FW_W,,,0,33,3960.0,10389,,0,33,0,0
8700.1,8730.1,RM_C10480,ramp,FW_W,10480,,8,0,0.0,360,0,0,0,0,0
8700.1,8730.1,RM_C10482,ramp,FW_W,10482,,10,9,1080.0,3920,15,0,0,0,0
8700.1,8730.1,RM_C10646,ramp,FW_W,10646,,18,8,960.0,725,0,0,0,0,5
8700.1,8730.1,RM_C10644,ramp,FW_W,10644,,22,4,480.0,886,6,0,0,0,0
8700.1,8730.1,RM_C10639,ramp,FW_E,10639,,10,0,0.0,859,5,0,0,0,0
8700.1,8730.1,RM_C10681,ramp,FW_E,10681,,12,13,1560.0,2223,4,0,0,0,0
8700.1,8730.1,RM_C10490,ramp,FW_E,10490,,21,6,720.0,1435,4,0,0,0,0
8700.1,8730.1,RM_C10484,ramp,FW_E,10484,,23,2,240.0,985,1,0,0,0,0
8700.1,8730.1,OR_D_E_signal,offramp,FW_E,10481,18,,1,120.0,674,0,0,0,0,0
8700.1,8730.1,OR_D_E_direct,offramp,FW_E,10483,20,,1,120.0,2405,0,0,0,0,0
8700.1,8730.1,OR_D_W_signal,offramp,FW_W,10491,9,,8,960.0,2177,2,0,0,0,0
8700.1,8730.1,OR_D_W_direct,offramp,FW_W,10479,7,,5,600.0,1921,2,0,0,0,0
8700.1,8730.1,OR_F_E_signal,offramp,FW_E,10643,9,,0,0.0,1323,38,0,0,0,0
8700.1,8730.1,OR_F_E_direct,offramp,FW_E,10682,11,,5,600.0,2807,5,0,0,0,0
8700.1,8730.1,OR_F_W_signal,offramp,FW_W,10638,19,,11,1320.0,1614,3,0,0,0,5
8700.1,8730.1,OR_F_W_direct,offramp,FW_W,10645,16,,5,600.0,2468,0,0,0,0,0
8700.1,8730.1,source_1098,source,FW_E,,,0,42,5040.0,16894,,0,42,0,0
8700.1,8730.1,source_1099,source,FW_W,,,0,22,2640.0,10411,,0,22,0,0
8730.1,8760.1,RM_C10480,ramp,FW_W,10480,,8,0,0.0,360,0,0,0,0,0
8730.1,8760.1,RM_C10482,ramp,FW_W,10482,,10,11,1320.0,3931,12,0,0,0,0
8730.1,8760.1,RM_C10646,ramp,FW_W,10646,,18,0,0.0,725,0,0,0,0,0
8730.1,8760.1,RM_C10644,ramp,FW_W,10644,,22,1,120.0,887,8,0,0,0,0
8730.1,8760.1,RM_C10639,ramp,FW_E,10639,,10,4,480.0,863,3,0,0,0,0
8730.1,8760.1,RM_C10681,ramp,FW_E,10681,,12,5,600.0,2228,0,0,0,0,0
8730.1,8760.1,RM_C10490,ramp,FW_E,10490,,21,4,480.0,1439,5,0,0,0,0
8730.1,8760.1,RM_C10484,ramp,FW_E,10484,,23,1,120.0,986,5,0,0,0,0
8730.1,8760.1,OR_D_E_signal,offramp,FW_E,10481,18,,1,120.0,675,1,0,0,0,0
8730.1,8760.1,OR_D_E_direct,offramp,FW_E,10483,20,,9,1080.0,2414,0,0,0,0,0
8730.1,8760.1,OR_D_W_signal,offramp,FW_W,10491,9,,8,960.0,2185,2,0,0,0,0
8730.1,8760.1,OR_D_W_direct,offramp,FW_W,10479,7,,7,840.0,1928,2,0,0,0,0
8730.1,8760.1,OR_F_E_signal,offramp,FW_E,10643,9,,4,480.0,1327,42,0,0,0,0
8730.1,8760.1,OR_F_E_direct,offramp,FW_E,10682,11,,2,240.0,2809,0,0,0,0,0
8730.1,8760.1,OR_F_W_signal,offramp,FW_W,10638,19,,3,360.0,1617,0,0,0,0,0
8730.1,8760.1,OR_F_W_direct,offramp,FW_W,10645,16,,11,1320.0,2479,5,0,0,0,0
8730.1,8760.1,source_1098,source,FW_E,,,0,45,5400.0,16939,,0,45,0,0
8730.1,8760.1,source_1099,source,FW_W,,,0,25,3000.0,10436,,0,25,0,0
8760.1,8790.1,RM_C10480,ramp,FW_W,10480,,8,0,0.0,360,1,0,0,0,0
8760.1,8790.1,RM_C10482,ramp,FW_W,10482,,10,10,1200.0,3941,15,0,0,0,0
8760.1,8790.1,RM_C10646,ramp,FW_W,10646,,18,0,0.0,725,2,0,0,0,0
8760.1,8790.1,RM_C10644,ramp,FW_W,10644,,22,5,600.0,892,3,0,0,0,0
8760.1,8790.1,RM_C10639,ramp,FW_E,10639,,10,3,360.0,866,2,0,0,0,0
8760.1,8790.1,RM_C10681,ramp,FW_E,10681,,12,0,0.0,2228,6,0,0,0,0
8760.1,8790.1,RM_C10490,ramp,FW_E,10490,,21,5,600.0,1444,1,0,0,0,0
8760.1,8790.1,RM_C10484,ramp,FW_E,10484,,23,3,360.0,989,5,0,0,0,0
8760.1,8790.1,OR_D_E_signal,offramp,FW_E,10481,18,,4,480.0,679,2,0,0,0,0
8760.1,8790.1,OR_D_E_direct,offramp,FW_E,10483,20,,7,840.0,2421,0,0,0,0,0
8760.1,8790.1,OR_D_W_signal,offramp,FW_W,10491,9,,6,720.0,2191,1,0,0,0,0
8760.1,8790.1,OR_D_W_direct,offramp,FW_W,10479,7,,7,840.0,1935,3,0,0,0,0
8760.1,8790.1,OR_F_E_signal,offramp,FW_E,10643,9,,2,240.0,1329,42,0,0,0,0
8760.1,8790.1,OR_F_E_direct,offramp,FW_E,10682,11,,10,1200.0,2819,3,0,0,0,0
8760.1,8790.1,OR_F_W_signal,offramp,FW_W,10638,19,,6,720.0,1623,1,0,0,0,0
8760.1,8790.1,OR_F_W_direct,offramp,FW_W,10645,16,,17,2040.0,2496,8,0,0,0,0
8760.1,8790.1,source_1098,source,FW_E,,,0,53,6360.0,16992,,0,53,0,0
8760.1,8790.1,source_1099,source,FW_W,,,0,27,3240.0,10463,,0,27,0,0
8790.1,8820.1,RM_C10480,ramp,FW_W,10480,,8,2,240.0,362,1,0,0,0,2
8790.1,8820.1,RM_C10482,ramp,FW_W,10482,,10,11,1320.0,3952,11,0,0,0,0
8790.1,8820.1,RM_C10646,ramp,FW_W,10646,,18,2,240.0,727,3,0,0,0,1
8790.1,8820.1,RM_C10644,ramp,FW_W,10644,,22,2,240.0,894,5,0,0,0,0
8790.1,8820.1,RM_C10639,ramp,FW_E,10639,,10,2,240.0,868,1,0,0,0,0
8790.1,8820.1,RM_C10681,ramp,FW_E,10681,,12,1,120.0,2229,24,0,0,0,0
8790.1,8820.1,RM_C10490,ramp,FW_E,10490,,21,1,120.0,1445,5,0,0,0,0
8790.1,8820.1,RM_C10484,ramp,FW_E,10484,,23,4,480.0,993,2,0,0,0,0
8790.1,8820.1,OR_D_E_signal,offramp,FW_E,10481,18,,0,0.0,679,0,0,0,0,0
8790.1,8820.1,OR_D_E_direct,offramp,FW_E,10483,20,,9,1080.0,2430,5,0,0,0,0
8790.1,8820.1,OR_D_W_signal,offramp,FW_W,10491,9,,12,1440.0,2203,2,0,0,0,2
8790.1,8820.1,OR_D_W_direct,offramp,FW_W,10479,7,,4,480.0,1939,2,0,0,0,0
8790.1,8820.1,OR_F_E_signal,offramp,FW_E,10643,9,,2,240.0,1331,41,0,0,0,0
8790.1,8820.1,OR_F_E_direct,offramp,FW_E,10682,11,,3,360.0,2822,1,0,0,0,0
8790.1,8820.1,OR_F_W_signal,offramp,FW_W,10638,19,,4,480.0,1627,3,0,0,0,1
8790.1,8820.1,OR_F_W_direct,offramp,FW_W,10645,16,,10,1200.0,2506,3,0,0,0,0
8790.1,8820.1,source_1098,source,FW_E,,,0,47,5640.0,17039,,0,47,0,0
8790.1,8820.1,source_1099,source,FW_W,,,0,24,2880.0,10487,,0,24,0,0
8820.1,8850.1,RM_C10480,ramp,FW_W,10480,,8,2,240.0,364,0,0,0,0,2
8820.1,8850.1,RM_C10482,ramp,FW_W,10482,,10,8,960.0,3960,11,0,0,0,0
8820.1,8850.1,RM_C10646,ramp,FW_W,10646,,18,4,480.0,731,4,0,0,0,0
8820.1,8850.1,RM_C10644,ramp,FW_W,10644,,22,1,120.0,895,5,0,0,0,0
8820.1,8850.1,RM_C10639,ramp,FW_E,10639,,10,1,120.0,869,1,0,0,0,0
8820.1,8850.1,RM_C10681,ramp,FW_E,10681,,12,15,1800.0,2244,17,0,0,0,0
8820.1,8850.1,RM_C10490,ramp,FW_E,10490,,21,6,720.0,1451,4,0,0,0,0
8820.1,8850.1,RM_C10484,ramp,FW_E,10484,,23,2,240.0,995,3,0,0,0,0
8820.1,8850.1,OR_D_E_signal,offramp,FW_E,10481,18,,0,0.0,679,0,0,0,0,0
8820.1,8850.1,OR_D_E_direct,offramp,FW_E,10483,20,,6,720.0,2436,0,0,0,0,0
8820.1,8850.1,OR_D_W_signal,offramp,FW_W,10491,9,,6,720.0,2209,2,0,0,0,2
8820.1,8850.1,OR_D_W_direct,offramp,FW_W,10479,7,,9,1080.0,1948,1,0,0,0,0
8820.1,8850.1,OR_F_E_signal,offramp,FW_E,10643,9,,2,240.0,1333,37,0,0,0,0
8820.1,8850.1,OR_F_E_direct,offramp,FW_E,10682,11,,11,1320.0,2833,5,0,0,0,0
8820.1,8850.1,OR_F_W_signal,offramp,FW_W,10638,19,,7,840.0,1634,2,0,0,0,0
8820.1,8850.1,OR_F_W_direct,offramp,FW_W,10645,16,,7,840.0,2513,2,0,0,0,0
8820.1,8850.1,source_1098,source,FW_E,,,0,46,5520.0,17085,,0,46,0,0
8820.1,8850.1,source_1099,source,FW_W,,,0,27,3240.0,10514,,0,27,0,0
8850.1,8880.1,RM_C10480,ramp,FW_W,10480,,8,0,0.0,364,1,0,0,0,0
8850.1,8880.1,RM_C10482,ramp,FW_W,10482,,10,5,600.0,3965,19,0,0,0,0
8850.1,8880.1,RM_C10646,ramp,FW_W,10646,,18,3,360.0,734,2,0,0,0,1
8850.1,8880.1,RM_C10644,ramp,FW_W,10644,,22,0,0.0,895,5,0,0,0,0
8850.1,8880.1,RM_C10639,ramp,FW_E,10639,,10,1,120.0,870,5,0,0,0,0
8850.1,8880.1,RM_C10681,ramp,FW_E,10681,,12,11,1320.0,2255,6,0,0,0,0
8850.1,8880.1,RM_C10490,ramp,FW_E,10490,,21,5,600.0,1456,6,0,0,0,0
8850.1,8880.1,RM_C10484,ramp,FW_E,10484,,23,1,120.0,996,3,0,0,0,0
8850.1,8880.1,OR_D_E_signal,offramp,FW_E,10481,18,,1,120.0,680,1,0,0,0,0
8850.1,8880.1,OR_D_E_direct,offramp,FW_E,10483,20,,9,1080.0,2445,5,0,0,0,0
8850.1,8880.1,OR_D_W_signal,offramp,FW_W,10491,9,,6,720.0,2215,2,0,0,0,0
8850.1,8880.1,OR_D_W_direct,offramp,FW_W,10479,7,,7,840.0,1955,6,0,0,0,0
8850.1,8880.1,OR_F_E_signal,offramp,FW_E,10643,9,,4,480.0,1337,34,0,0,0,0
8850.1,8880.1,OR_F_E_direct,offramp,FW_E,10682,11,,4,480.0,2837,2,0,0,0,0
8850.1,8880.1,OR_F_W_signal,offramp,FW_W,10638,19,,5,600.0,1639,0,0,0,0,1
8850.1,8880.1,OR_F_W_direct,offramp,FW_W,10645,16,,5,600.0,2518,4,0,0,0,0
8850.1,8880.1,source_1098,source,FW_E,,,0,46,5520.0,17131,,0,46,0,0
8850.1,8880.1,source_1099,source,FW_W,,,0,25,3000.0,10539,,0,25,0,0
8880.1,8910.1,RM_C10480,ramp,FW_W,10480,,8,3,360.0,367,0,0,0,0,0
8880.1,8910.1,RM_C10482,ramp,FW_W,10482,,10,16,1920.0,3981,9,0,0,0,0
8880.1,8910.1,RM_C10646,ramp,FW_W,10646,,18,2,240.0,736,1,0,0,0,1
8880.1,8910.1,RM_C10644,ramp,FW_W,10644,,22,5,600.0,900,3,0,0,0,0
8880.1,8910.1,RM_C10639,ramp,FW_E,10639,,10,5,600.0,875,2,0,0,0,0
8880.1,8910.1,RM_C10681,ramp,FW_E,10681,,12,6,720.0,2261,0,0,0,0,0
8880.1,8910.1,RM_C10490,ramp,FW_E,10490,,21,6,720.0,1462,5,0,0,0,0
8880.1,8910.1,RM_C10484,ramp,FW_E,10484,,23,3,360.0,999,5,0,0,0,0
8880.1,8910.1,OR_D_E_signal,offramp,FW_E,10481,18,,1,120.0,681,1,0,0,0,0
8880.1,8910.1,OR_D_E_direct,offramp,FW_E,10483,20,,8,960.0,2453,1,0,0,0,0
8880.1,8910.1,OR_D_W_signal,offramp,FW_W,10491,9,,8,960.0,2223,3,0,0,0,0
8880.1,8910.1,OR_D_W_direct,offramp,FW_W,10479,7,,8,960.0,1963,4,0,0,0,0
8880.1,8910.1,OR_F_E_signal,offramp,FW_E,10643,9,,3,360.0,1340,28,0,0,0,0
8880.1,8910.1,OR_F_E_direct,offramp,FW_E,10682,11,,8,960.0,2845,3,0,0,0,0
8880.1,8910.1,OR_F_W_signal,offramp,FW_W,10638,19,,2,240.0,1641,0,0,0,0,1
8880.1,8910.1,OR_F_W_direct,offramp,FW_W,10645,16,,15,1800.0,2533,2,0,0,0,0
8880.1,8910.1,source_1098,source,FW_E,,,0,54,6480.0,17185,,0,54,0,0
8880.1,8910.1,source_1099,source,FW_W,,,0,31,3720.0,10570,,0,31,0,0
8910.1,8940.1,RM_C10480,ramp,FW_W,10480,,8,0,0.0,367,0,0,0,0,0
8910.1,8940.1,RM_C10482,ramp,FW_W,10482,,10,6,720.0,3987,6,0,0,0,0
8910.1,8940.1,RM_C10646,ramp,FW_W,10646,,18,1,120.0,737,0,0,0,0,1
8910.1,8940.1,RM_C10644,ramp,FW_W,10644,,22,0,0.0,900,6,0,0,0,0
8910.1,8940.1,RM_C10639,ramp,FW_E,10639,,10,2,240.0,877,3,0,0,0,0
8910.1,8940.1,RM_C10681,ramp,FW_E,10681,,12,0,0.0,2261,10,0,0,0,0
8910.1,8940.1,RM_C10490,ramp,FW_E,10490,,21,5,600.0,1467,1,0,0,0,0
8910.1,8940.1,RM_C10484,ramp,FW_E,10484,,23,2,240.0,1001,5,0,0,0,0
8910.1,8940.1,OR_D_E_signal,offramp,FW_E,10481,18,,3,360.0,684,1,0,0,0,0
8910.1,8940.1,OR_D_E_direct,offramp,FW_E,10483,20,,9,1080.0,2462,9,0,0,0,0
8910.1,8940.1,OR_D_W_signal,offramp,FW_W,10491,9,,3,360.0,2226,1,0,0,0,0
8910.1,8940.1,OR_D_W_direct,offramp,FW_W,10479,7,,10,1200.0,1973,3,0,0,0,0
8910.1,8940.1,OR_F_E_signal,offramp,FW_E,10643,9,,7,840.0,1347,31,0,0,0,0
8910.1,8940.1,OR_F_E_direct,offramp,FW_E,10682,11,,11,1320.0,2856,1,0,0,0,0
8910.1,8940.1,OR_F_W_signal,offramp,FW_W,10638,19,,4,480.0,1645,0,0,0,0,1
8910.1,8940.1,OR_F_W_direct,offramp,FW_W,10645,16,,9,1080.0,2542,5,0,0,0,0
8910.1,8940.1,source_1098,source,FW_E,,,0,38,4560.0,17223,,0,38,0,0
8910.1,8940.1,source_1099,source,FW_W,,,0,24,2880.0,10594,,0,24,0,0
8940.1,8970.1,RM_C10480,ramp,FW_W,10480,,8,0,0.0,367,0,0,0,0,0
8940.1,8970.1,RM_C10482,ramp,FW_W,10482,,10,4,480.0,3991,15,0,0,0,0
8940.1,8970.1,RM_C10646,ramp,FW_W,10646,,18,0,0.0,737,3,0,0,0,0
8940.1,8970.1,RM_C10644,ramp,FW_W,10644,,22,0,0.0,900,8,0,0,0,0
8940.1,8970.1,RM_C10639,ramp,FW_E,10639,,10,2,240.0,879,5,0,0,0,0
8940.1,8970.1,RM_C10681,ramp,FW_E,10681,,12,5,600.0,2266,23,0,0,0,0
8940.1,8970.1,RM_C10490,ramp,FW_E,10490,,21,2,240.0,1469,0,0,0,0,0
8940.1,8970.1,RM_C10484,ramp,FW_E,10484,,23,4,480.0,1005,3,0,0,0,0
8940.1,8970.1,OR_D_E_signal,offramp,FW_E,10481,18,,2,240.0,686,2,0,0,0,0
8940.1,8970.1,OR_D_E_direct,offramp,FW_E,10483,20,,6,720.0,2468,3,0,0,0,0
8940.1,8970.1,OR_D_W_signal,offramp,FW_W,10491,9,,7,840.0,2233,5,0,0,0,0
8940.1,8970.1,OR_D_W_direct,offramp,FW_W,10479,7,,3,360.0,1976,1,0,0,0,0
8940.1,8970.1,OR_F_E_signal,offramp,FW_E,10643,9,,3,360.0,1350,33,0,0,0,0
8940.1,8970.1,OR_F_E_direct,offramp,FW_E,10682,11,,6,720.0,2862,1,0,0,0,0
8940.1,8970.1,OR_F_W_signal,offramp,FW_W,10638,19,,2,240.0,1647,1,0,0,0,0
8940.1,8970.1,OR_F_W_direct,offramp,FW_W,10645,16,,9,1080.0,2551,4,0,0,0,0
8940.1,8970.1,source_1098,source,FW_E,,,0,44,5280.0,17267,,0,44,0,0
8940.1,8970.1,source_1099,source,FW_W,,,0,20,2400.0,10614,,0,20,0,0
