batch,case,controller,action_json,source_action_json,source_sim_sec,predicted_for_sim_sec,observed_sim_sec,target_lag_sec,metric,observed,active_predicted,active_error_observed_minus_predicted,active_abs_error,active_relative_error,raw_predicted,raw_error_observed_minus_predicted,raw_abs_error,raw_relative_error
evaluation/runs/actuation_authority_220w_600s_20260716,decisions_auth_220w_combined_strong_seed13_600s,diagnostic-combined-strong,C:\Users\TRLAB\Documents\Codex\2026-07-15\ming2you-vissim-https-github-com-ming2you\evaluation\runs\actuation_authority_220w_600s_20260716\decisions_auth_220w_combined_strong_seed13_600s\action_000180.json,C:\Users\TRLAB\Documents\Codex\2026-07-15\ming2you-vissim-https-github-com-ming2you\evaluation\runs\actuation_authority_220w_600s_20260716\decisions_auth_220w_combined_strong_seed13_600s\action_000001.json,1.0,181.0,180.0,-1.0,total_model_vehicles,703.875,660.4442445820865,43.430755417913474,43.430755417913474,0.06575991202012128,748.0471811781067,-44.17218117810671,44.17218117810671,-0.05904999348909987
evaluation/runs/actuation_authority_220w_600s_20260716,decisions_auth_220w_combined_strong_seed13_600s,diagnostic-combined-strong,C:\Users\TRLAB\Documents\Codex\2026-07-15\ming2you-vissim-https-github-com-ming2you\evaluation\runs\actuation_authority_220w_600s_20260716\decisions_auth_220w_combined_strong_seed13_600s\action_000180.json,C:\Users\TRLAB\Documents\Codex\2026-07-15\ming2you-vissim-https-github-com-ming2you\evaluation\runs\actuation_authority_220w_600s_20260716\decisions_auth_220w_combined_strong_seed13_600s\action_000001.json,1.0,181.0,180.0,-1.0,freeway_total_veh,243.0,163.18314662025986,79.81685337974014,79.81685337974014,0.4891243675149879,250.78608321628008,-7.786083216280076,7.786083216280076,-0.03104671166926472
evaluation/runs/actuation_authority_220w_600s_20260716,decisions_auth_220w_combined_strong_seed13_600s,diagnostic-combined-strong,C:\Users\TRLAB\Documents\Codex\2026-07-15\ming2you-vissim-https-github-com-ming2you\evaluation\runs\actuation_authority_220w_600s_20260716\decisions_auth_220w_combined_strong_seed13_600s\action_000180.json,C:\Users\TRLAB\Documents\Codex\2026-07-15\ming2you-vissim-https-github-com-ming2you\evaluation\runs\actuation_authority_220w_600s_20260716\decisions_auth_220w_combined_strong_seed13_600s\action_000001.json,1.0,181.0,180.0,-1.0,protected_accumulation_veh,230.20000000000013,225.45124363792968,4.748756362070452,4.748756362070452,0.02106334072699489,225.45124363792968,4.748756362070452,4.748756362070452,0.02106334072699489
evaluation/runs/actuation_authority_220w_600s_20260716,decisions_auth_220w_combined_strong_seed13_600s,diagnostic-combined-strong,C:\Users\TRLAB\Documents\Codex\2026-07-15\ming2you-vissim-https-github-com-ming2you\evaluation\runs\actuation_authority_220w_600s_20260716\decisions_auth_220w_combined_strong_seed13_600s\action_000180.json,C:\Users\TRLAB\Documents\Codex\2026-07-15\ming2you-vissim-https-github-com-ming2you\evaluation\runs\actuation_authority_220w_600s_20260716\decisions_auth_220w_combined_strong_seed13_600s\action_000001.json,1.0,181.0,180.0,-1.0,urban_queue_plus_link_occupancy_total_veh,460.87500000000006,503.54996159230694,-42.674961592306886,42.674961592306886,-0.08474821735138598,497.26109796182675,-36.38609796182669,36.38609796182669,-0.0731730234095649
evaluation/runs/actuation_authority_220w_600s_20260716,decisions_auth_220w_combined_strong_seed13_600s,diagnostic-combined-strong,C:\Users\TRLAB\Documents\Codex\2026-07-15\ming2you-vissim-https-github-com-ming2you\evaluation\runs\actuation_authority_220w_600s_20260716\decisions_auth_220w_combined_strong_seed13_600s\action_000180.json,C:\Users\TRLAB\Documents\Codex\2026-07-15\ming2you-vissim-https-github-com-ming2you\evaluation\runs\actuation_authority_220w_600s_20260716\decisions_auth_220w_combined_strong_seed13_600s\action_000001.json,1.0,181.0,180.0,-1.0,urban_movement_queue_total_veh,282.175,264.06687999779155,18.108120002208466,18.108120002208466,0.06857399156743893,264.06687999779155,18.108120002208466,18.108120002208466,0.06857399156743893
evaluation/runs/actuation_authority_220w_600s_20260716,decisions_auth_220w_combined_strong_seed13_600s,diagnostic-combined-strong,C:\Users\TRLAB\Documents\Codex\2026-07-15\ming2you-vissim-https-github-com-ming2you\evaluation\runs\actuation_authority_220w_600s_20260716\decisions_auth_220w_combined_strong_seed13_600s\action_000180.json,C:\Users\TRLAB\Documents\Codex\2026-07-15\ming2you-vissim-https-github-com-ming2you\evaluation\runs\actuation_authority_220w_600s_20260716\decisions_auth_220w_combined_strong_seed13_600s\action_000001.json,1.0,181.0,180.0,-1.0,urban_link_occupancy_total_veh,178.70000000000005,233.19421796403518,-54.49421796403513,54.49421796403513,-0.23368597403405433,233.19421796403518,-54.49421796403513,54.49421796403513,-0.23368597403405433
evaluation/runs/actuation_authority_220w_600s_20260716,decisions_auth_220w_combined_strong_seed13_600s,diagnostic-combined-strong,C:\Users\TRLAB\Documents\Codex\2026-07-15\ming2you-vissim-https-github-com-ming2you\evaluation\runs\actuation_authority_220w_600s_20260716\decisions_auth_220w_combined_strong_seed13_600s\action_000180.json,C:\Users\TRLAB\Documents\Codex\2026-07-15\ming2you-vissim-https-github-com-ming2you\evaluation\runs\actuation_authority_220w_600s_20260716\decisions_auth_220w_combined_strong_seed13_600s\action_000001.json,1.0,181.0,180.0,-1.0,off_ramp_storage_veh,12.200000000000017,30.191953563288266,-17.99195356328825,17.99195356328825,-0.5959188273648335,30.191953563288266,-17.99195356328825,17.99195356328825,-0.5959188273648335
evaluation/runs/actuation_authority_220w_600s_20260716,decisions_auth_220w_combined_strong_seed13_600s,diagnostic-combined-strong,C:\Users\TRLAB\Documents\Codex\2026-07-15\ming2you-vissim-https-github-com-ming2you\evaluation\runs\actuation_authority_220w_600s_20260716\decisions_auth_220w_combined_strong_seed13_600s\action_000180.json,C:\Users\TRLAB\Documents\Codex\2026-07-15\ming2you-vissim-https-github-com-ming2you\evaluation\runs\actuation_authority_220w_600s_20260716\decisions_auth_220w_combined_strong_seed13_600s\action_000001.json,1.0,181.0,180.0,-1.0,ramp_queue_total_veh,10.0,41.642089043209864,-31.642089043209864,31.642089043209864,-0.7598583493344075,41.642089043209864,-31.642089043209864,31.642089043209864,-0.7598583493344075
evaluation/runs/actuation_authority_220w_600s_20260716,decisions_auth_220w_combined_strong_seed13_600s,diagnostic-combined-strong,C:\Users\TRLAB\Documents\Codex\2026-07-15\ming2you-vissim-https-github-com-ming2you\evaluation\runs\actuation_authority_220w_600s_20260716\decisions_auth_220w_combined_strong_seed13_600s\action_000360.json,C:\Users\TRLAB\Documents\Codex\2026-07-15\ming2you-vissim-https-github-com-ming2you\evaluation\runs\actuation_authority_220w_600s_20260716\decisions_auth_220w_combined_strong_seed13_600s\action_000180.json,180.0,360.0,360.0,0.0,total_model_vehicles,914.3124999999999,1246.2828496797413,-331.9703496797414,331.9703496797414,-0.2663683848053018,1360.4094875134863,-446.0969875134864,446.0969875134864,-0.3279137580324057
evaluation/runs/actuation_authority_220w_600s_20260716,decisions_auth_220w_combined_strong_seed13_600s,diagnostic-combined-strong,C:\Users\TRLAB\Documents\Codex\2026-07-15\ming2you-vissim-https-github-com-ming2you\evaluation\runs\actuation_authority_220w_600s_20260716\decisions_auth_220w_combined_strong_seed13_600s\action_000360.json,C:\Users\TRLAB\Documents\Codex\2026-07-15\ming2you-vissim-https-github-com-ming2you\evaluation\runs\actuation_authority_220w_600s_20260716\decisions_auth_220w_combined_strong_seed13_600s\action_000180.json,180.0,360.0,360.0,0.0,freeway_total_veh,265.0,212.59040619589643,52.409593804103565,52.409593804103565,0.24652849929553977,326.7170440296414,-61.717044029641386,61.717044029641386,-0.18890059504836273
evaluation/runs/actuation_authority_220w_600s_20260716,decisions_auth_220w_combined_strong_seed13_600s,diagnostic-combined-strong,C:\Users\TRLAB\Documents\Codex\2026-07-15\ming2you-vissim-https-github-com-ming2you\evaluation\runs\actuation_authority_220w_600s_20260716\decisions_auth_220w_combined_strong_seed13_600s\action_000360.json,C:\Users\TRLAB\Documents\Codex\2026-07-15\ming2you-vissim-https-github-com-ming2you\evaluation\runs\actuation_authority_220w_600s_20260716\decisions_auth_220w_combined_strong_seed13_600s\action_000180.json,180.0,360.0,360.0,0.0,protected_accumulation_veh,313.1,443.6539049284313,-130.55390492843128,130.55390492843128,-0.2942697077116717,443.6539049284313,-130.55390492843128,130.55390492843128,-0.2942697077116717
evaluation/runs/actuation_authority_220w_600s_20260716,decisions_auth_220w_combined_strong_seed13_600s,diagnostic-combined-strong,C:\Users\TRLAB\Documents\Codex\2026-07-15\ming2you-vissim-https-github-com-ming2you\evaluation\runs\actuation_authority_220w_600s_20260716\decisions_auth_220w_combined_strong_seed13_600s\action_000360.json,C:\Users\TRLAB\Documents\Codex\2026-07-15\ming2you-vissim-https-github-com-ming2you\evaluation\runs\actuation_authority_220w_600s_20260716\decisions_auth_220w_combined_strong_seed13_600s\action_000180.json,180.0,360.0,360.0,0.0,urban_queue_plus_link_occupancy_total_veh,649.3125,1046.7655570645634,-397.4530570645634,397.4530570645634,-0.3796963459316888,1033.692443483845,-384.37994348384495,384.37994348384495,-0.3718513624694522
evaluation/runs/actuation_authority_220w_600s_20260716,decisions_auth_220w_combined_strong_seed13_600s,diagnostic-combined-strong,C:\Users\TRLAB\Documents\Codex\2026-07-15\ming2you-vissim-https-github-com-ming2you\evaluation\runs\actuation_authority_220w_600s_20260716\decisions_auth_220w_combined_strong_seed13_600s\action_000360.json,C:\Users\TRLAB\Documents\Codex\2026-07-15\ming2you-vissim-https-github-com-ming2you\evaluation\runs\actuation_authority_220w_600s_20260716\decisions_auth_220w_combined_strong_seed13_600s\action_000180.json,180.0,360.0,360.0,0.0,urban_movement_queue_total_veh,414.6125,613.7631352774463,-199.15063527744627,199.15063527744627,-0.32447474250375424,613.7631352774463,-199.15063527744627,199.15063527744627,-0.32447474250375424
evaluation/runs/actuation_authority_220w_600s_20260716,decisions_auth_220w_combined_strong_seed13_600s,diagnostic-combined-strong,C:\Users\TRLAB\Documents\Codex\2026-07-15\ming2you-vissim-https-github-com-ming2you\evaluation\runs\actuation_authority_220w_600s_20260716\decisions_auth_220w_combined_strong_seed13_600s\action_000360.json,C:\Users\TRLAB\Documents\Codex\2026-07-15\ming2you-vissim-https-github-com-ming2you\evaluation\runs\actuation_authority_220w_600s_20260716\decisions_auth_220w_combined_strong_seed13_600s\action_000180.json,180.0,360.0,360.0,0.0,urban_link_occupancy_total_veh,234.70000000000002,419.9293082063986,-185.2293082063986,185.2293082063986,-0.4410964050057609,419.9293082063986,-185.2293082063986,185.2293082063986,-0.4410964050057609
evaluation/runs/actuation_authority_220w_600s_20260716,decisions_auth_220w_combined_strong_seed13_600s,diagnostic-combined-strong,C:\Users\TRLAB\Documents\Codex\2026-07-15\ming2you-vissim-https-github-com-ming2you\evaluation\runs\actuation_authority_220w_600s_20260716\decisions_auth_220w_combined_strong_seed13_600s\action_000360.json,C:\Users\TRLAB\Documents\Codex\2026-07-15\ming2you-vissim-https-github-com-ming2you\evaluation\runs\actuation_authority_220w_600s_20260716\decisions_auth_220w_combined_strong_seed13_600s\action_000180.json,180.0,360.0,360.0,0.0,off_ramp_storage_veh,19.59999999999998,118.02678163313136,-98.42678163313138,98.42678163313138,-0.8339359954681841,118.02678163313136,-98.42678163313138,98.42678163313138,-0.8339359954681841
evaluation/runs/actuation_authority_220w_600s_20260716,decisions_auth_220w_combined_strong_seed13_600s,diagnostic-combined-strong,C:\Users\TRLAB\Documents\Codex\2026-07-15\ming2you-vissim-https-github-com-ming2you\evaluation\runs\actuation_authority_220w_600s_20260716\decisions_auth_220w_combined_strong_seed13_600s\action_000360.json,C:\Users\TRLAB\Documents\Codex\2026-07-15\ming2you-vissim-https-github-com-ming2you\evaluation\runs\actuation_authority_220w_600s_20260716\decisions_auth_220w_combined_strong_seed13_600s\action_000180.json,180.0,360.0,360.0,0.0,ramp_queue_total_veh,28.0,42.70113868312755,-14.701138683127553,14.701138683127553,-0.34427978120724906,42.70113868312755,-14.701138683127553,14.701138683127553,-0.34427978120724906
evaluation/runs/actuation_authority_220w_600s_20260716,decisions_auth_220w_combined_strong_seed13_600s,diagnostic-combined-strong,C:\Users\TRLAB\Documents\Codex\2026-07-15\ming2you-vissim-https-github-com-ming2you\evaluation\runs\actuation_authority_220w_600s_20260716\decisions_auth_220w_combined_strong_seed13_600s\action_000540.json,C:\Users\TRLAB\Documents\Codex\2026-07-15\ming2you-vissim-https-github-com-ming2you\evaluation\runs\actuation_authority_220w_600s_20260716\decisions_auth_220w_combined_strong_seed13_600s\action_000360.json,360.0,540.0,540.0,0.0,total_model_vehicles,1060.9,1419.871517854824,-358.971517854824,358.971517854824,-0.2528197187849551,1540.7226989638455,-479.82269896384537,479.82269896384537,-0.3114270330972159
evaluation/runs/actuation_authority_220w_600s_20260716,decisions_auth_220w_combined_strong_seed13_600s,diagnostic-combined-strong,C:\Users\TRLAB\Documents\Codex\2026-07-15\ming2you-vissim-https-github-com-ming2you\evaluation\runs\actuation_authority_220w_600s_20260716\decisions_auth_220w_combined_strong_seed13_600s\action_000540.json,C:\Users\TRLAB\Documents\Codex\2026-07-15\ming2you-vissim-https-github-com-ming2you\evaluation\runs\actuation_authority_220w_600s_20260716\decisions_auth_220w_combined_strong_seed13_600s\action_000360.json,360.0,540.0,540.0,0.0,freeway_total_veh,283.0,225.11660878547454,57.88339121452546,57.88339121452546,0.25712625792833255,345.9677898944959,-62.96778989449592,62.96778989449592,-0.1820047753974385
evaluation/runs/actuation_authority_220w_600s_20260716,decisions_auth_220w_combined_strong_seed13_600s,diagnostic-combined-strong,C:\Users\TRLAB\Documents\Codex\2026-07-15\ming2you-vissim-https-github-com-ming2you\evaluation\runs\actuation_authority_220w_600s_20260716\decisions_auth_220w_combined_strong_seed13_600s\action_000540.json,C:\Users\TRLAB\Documents\Codex\2026-07-15\ming2you-vissim-https-github-com-ming2you\evaluation\runs\actuation_authority_220w_600s_20260716\decisions_auth_220w_combined_strong_seed13_600s\action_000360.json,360.0,540.0,540.0,0.0,protected_accumulation_veh,352.40000000000003,557.6622671521294,-205.26226715212937,205.26226715212937,-0.3680763057546695,557.6622671521294,-205.26226715212937,205.26226715212937,-0.3680763057546695
evaluation/runs/actuation_authority_220w_600s_20260716,decisions_auth_220w_combined_strong_seed13_600s,diagnostic-combined-strong,C:\Users\TRLAB\Documents\Codex\2026-07-15\ming2you-vissim-https-github-com-ming2you\evaluation\runs\actuation_authority_220w_600s_20260716\decisions_auth_220w_combined_strong_seed13_600s\action_000540.json,C:\Users\TRLAB\Documents\Codex\2026-07-15\ming2you-vissim-https-github-com-ming2you\evaluation\runs\actuation_authority_220w_600s_20260716\decisions_auth_220w_combined_strong_seed13_600s\action_000360.json,360.0,540.0,540.0,0.0,urban_queue_plus_link_occupancy_total_veh,777.9000000000001,1209.86498047003,-431.96498047003,431.96498047003,-0.35703569195152046,1194.7549090693499,-416.8549090693498,416.8549090693498,-0.3489041190833503
evaluation/runs/actuation_authority_220w_600s_20260716,decisions_auth_220w_combined_strong_seed13_600s,diagnostic-combined-strong,C:\Users\TRLAB\Documents\Codex\2026-07-15\ming2you-vissim-https-github-com-ming2you\evaluation\runs\actuation_authority_220w_600s_20260716\decisions_auth_220w_combined_strong_seed13_600s\action_000540.json,C:\Users\TRLAB\Documents\Codex\2026-07-15\ming2you-vissim-https-github-com-ming2you\evaluation\runs\actuation_authority_220w_600s_20260716\decisions_auth_220w_combined_strong_seed13_600s\action_000360.json,360.0,540.0,540.0,0.0,urban_movement_queue_total_veh,510.3,647.5587804123929,-137.25878041239292,137.25878041239292,-0.21196343029273837,647.5587804123929,-137.25878041239292,137.25878041239292,-0.21196343029273837
evaluation/runs/actuation_authority_220w_600s_20260716,decisions_auth_220w_combined_strong_seed13_600s,diagnostic-combined-strong,C:\Users\TRLAB\Documents\Codex\2026-07-15\ming2you-vissim-https-github-com-ming2you\evaluation\runs\actuation_authority_220w_600s_20260716\decisions_auth_220w_combined_strong_seed13_600s\action_000540.json,C:\Users\TRLAB\Documents\Codex\2026-07-15\ming2you-vissim-https-github-com-ming2you\evaluation\runs\actuation_authority_220w_600s_20260716\decisions_auth_220w_combined_strong_seed13_600s\action_000360.json,360.0,540.0,540.0,0.0,urban_link_occupancy_total_veh,267.6,547.196128656957,-279.5961286569569,279.5961286569569,-0.5109614524196291,547.196128656957,-279.5961286569569,279.5961286569569,-0.5109614524196291
evaluation/runs/actuation_authority_220w_600s_20260716,decisions_auth_220w_combined_strong_seed13_600s,diagnostic-combined-strong,C:\Users\TRLAB\Documents\Codex\2026-07-15\ming2you-vissim-https-github-com-ming2you\evaluation\runs\actuation_authority_220w_600s_20260716\decisions_auth_220w_combined_strong_seed13_600s\action_000540.json,C:\Users\TRLAB\Documents\Codex\2026-07-15\ming2you-vissim-https-github-com-ming2you\evaluation\runs\actuation_authority_220w_600s_20260716\decisions_auth_220w_combined_strong_seed13_600s\action_000360.json,360.0,540.0,540.0,0.0,off_ramp_storage_veh,21.0,124.63141319062818,-103.63141319062818,103.63141319062818,-0.8315031542819806,124.63141319062818,-103.63141319062818,103.63141319062818,-0.8315031542819806
evaluation/runs/actuation_authority_220w_600s_20260716,decisions_auth_220w_combined_strong_seed13_600s,diagnostic-combined-strong,C:\Users\TRLAB\Documents\Codex\2026-07-15\ming2you-vissim-https-github-com-ming2you\evaluation\runs\actuation_authority_220w_600s_20260716\decisions_auth_220w_combined_strong_seed13_600s\action_000540.json,C:\Users\TRLAB\Documents\Codex\2026-07-15\ming2you-vissim-https-github-com-ming2you\evaluation\runs\actuation_authority_220w_600s_20260716\decisions_auth_220w_combined_strong_seed13_600s\action_000360.json,360.0,540.0,540.0,0.0,ramp_queue_total_veh,27.0,60.070392961416985,-33.070392961416985,33.070392961416985,-0.5505273285403341,60.070392961416985,-33.070392961416985,33.070392961416985,-0.5505273285403341
evaluation/runs/actuation_authority_220w_600s_20260716,decisions_auth_220w_fixed57_seed13_600s,diagnostic-fixed57,C:\Users\TRLAB\Documents\Codex\2026-07-15\ming2you-vissim-https-github-com-ming2you\evaluation\runs\actuation_authority_220w_600s_20260716\decisions_auth_220w_fixed57_seed13_600s\action_000180.json,C:\Users\TRLAB\Documents\Codex\2026-07-15\ming2you-vissim-https-github-com-ming2you\evaluation\runs\actuation_authority_220w_600s_20260716\decisions_auth_220w_fixed57_seed13_600s\action_000001.json,1.0,181.0,180.0,-1.0,total_model_vehicles,634.1500000000001,634.4868732603159,-0.3368732603157696,0.3368732603157696,-0.0005309381084351575,713.9824580509052,-79.83245805090507,79.83245805090507,-0.11181291241921971
evaluation/runs/actuation_authority_220w_600s_20260716,decisions_auth_220w_fixed57_seed13_600s,diagnostic-fixed57,C:\Users\TRLAB\Documents\Codex\2026-07-15\ming2you-vissim-https-github-com-ming2you\evaluation\runs\actuation_authority_220w_600s_20260716\decisions_auth_220w_fixed57_seed13_600s\action_000180.json,C:\Users\TRLAB\Documents\Codex\2026-07-15\ming2you-vissim-https-github-com-ming2you\evaluation\runs\actuation_authority_220w_600s_20260716\decisions_auth_220w_fixed57_seed13_600s\action_000001.json,1.0,181.0,180.0,-1.0,freeway_total_veh,197.0,148.08110518449638,48.91889481550362,48.91889481550362,0.33035203751724346,227.5766899750857,-30.576689975085714,30.576689975085714,-0.1343577410253798
evaluation/runs/actuation_authority_220w_600s_20260716,decisions_auth_220w_fixed57_seed13_600s,diagnostic-fixed57,C:\Users\TRLAB\Documents\Codex\2026-07-15\ming2you-vissim-https-github-com-ming2you\evaluation\runs\actuation_authority_220w_600s_20260716\decisions_auth_220w_fixed57_seed13_600s\action_000180.json,C:\Users\TRLAB\Documents\Codex\2026-07-15\ming2you-vissim-https-github-com-ming2you\evaluation\runs\actuation_authority_220w_600s_20260716\decisions_auth_220w_fixed57_seed13_600s\action_000001.json,1.0,181.0,180.0,-1.0,protected_accumulation_veh,240.77500000000015,233.82352244223853,6.951477557761621,6.951477557761621,0.02972959044135025,233.82352244223853,6.951477557761621,6.951477557761621,0.02972959044135025
evaluation/runs/actuation_authority_220w_600s_20260716,decisions_auth_220w_fixed57_seed13_600s,diagnostic-fixed57,C:\Users\TRLAB\Documents\Codex\2026-07-15\ming2you-vissim-https-github-com-ming2you\evaluation\runs\actuation_authority_220w_600s_20260716\decisions_auth_220w_fixed57_seed13_600s\action_000180.json,C:\Users\TRLAB\Documents\Codex\2026-07-15\ming2you-vissim-https-github-com-ming2you\evaluation\runs\actuation_authority_220w_600s_20260716\decisions_auth_220w_fixed57_seed13_600s\action_000001.json,1.0,181.0,180.0,-1.0,urban_queue_plus_link_occupancy_total_veh,437.15000000000003,492.5573442941196,-55.40734429411958,55.40734429411958,-0.11248912423288185,486.4057680758195,-49.25576807581945,49.25576807581945,-0.1012647696812296
evaluation/runs/actuation_authority_220w_600s_20260716,decisions_auth_220w_fixed57_seed13_600s,diagnostic-fixed57,C:\Users\TRLAB\Documents\Codex\2026-07-15\ming2you-vissim-https-github-com-ming2you\evaluation\runs\actuation_authority_220w_600s_20260716\decisions_auth_220w_fixed57_seed13_600s\action_000180.json,C:\Users\TRLAB\Documents\Codex\2026-07-15\ming2you-vissim-https-github-com-ming2you\evaluation\runs\actuation_authority_220w_600s_20260716\decisions_auth_220w_fixed57_seed13_600s\action_000001.json,1.0,181.0,180.0,-1.0,urban_movement_queue_total_veh,241.65,291.76444062767837,-50.11444062767836,50.11444062767836,-0.17176335992099043,291.76444062767837,-50.11444062767836,50.11444062767836,-0.17176335992099043
evaluation/runs/actuation_authority_220w_600s_20260716,decisions_auth_220w_fixed57_seed13_600s,diagnostic-fixed57,C:\Users\TRLAB\Documents\Codex\2026-07-15\ming2you-vissim-https-github-com-ming2you\evaluation\runs\actuation_authority_220w_600s_20260716\decisions_auth_220w_fixed57_seed13_600s\action_000180.json,C:\Users\TRLAB\Documents\Codex\2026-07-15\ming2you-vissim-https-github-com-ming2you\evaluation\runs\actuation_authority_220w_600s_20260716\decisions_auth_220w_fixed57_seed13_600s\action_000001.json,1.0,181.0,180.0,-1.0,urban_link_occupancy_total_veh,195.50000000000003,194.6413274481411,0.8586725518589162,0.8586725518589162,0.004411563377195395,194.6413274481411,0.8586725518589162,0.8586725518589162,0.004411563377195395
evaluation/runs/actuation_authority_220w_600s_20260716,decisions_auth_220w_fixed57_seed13_600s,diagnostic-fixed57,C:\Users\TRLAB\Documents\Codex\2026-07-15\ming2you-vissim-https-github-com-ming2you\evaluation\runs\actuation_authority_220w_600s_20260716\decisions_auth_220w_fixed57_seed13_600s\action_000180.json,C:\Users\TRLAB\Documents\Codex\2026-07-15\ming2you-vissim-https-github-com-ming2you\evaluation\runs\actuation_authority_220w_600s_20260716\decisions_auth_220w_fixed57_seed13_600s\action_000001.json,1.0,181.0,180.0,-1.0,off_ramp_storage_veh,9.200000000000003,6.886653618757961,2.3133463812420416,2.3133463812420416,0.3359173423418476,6.886653618757961,2.3133463812420416,2.3133463812420416,0.3359173423418476
evaluation/runs/actuation_authority_220w_600s_20260716,decisions_auth_220w_fixed57_seed13_600s,diagnostic-fixed57,C:\Users\TRLAB\Documents\Codex\2026-07-15\ming2you-vissim-https-github-com-ming2you\evaluation\runs\actuation_authority_220w_600s_20260716\decisions_auth_220w_fixed57_seed13_600s\action_000180.json,C:\Users\TRLAB\Documents\Codex\2026-07-15\ming2you-vissim-https-github-com-ming2you\evaluation\runs\actuation_authority_220w_600s_20260716\decisions_auth_220w_fixed57_seed13_600s\action_000001.json,1.0,181.0,180.0,-1.0,ramp_queue_total_veh,3.0,33.7185139403292,-30.718513940329203,30.718513940329203,-0.9110281074275983,33.7185139403292,-30.718513940329203,30.718513940329203,-0.9110281074275983
evaluation/runs/actuation_authority_220w_600s_20260716,decisions_auth_220w_fixed57_seed13_600s,diagnostic-fixed57,C:\Users\TRLAB\Documents\Codex\2026-07-15\ming2you-vissim-https-github-com-ming2you\evaluation\runs\actuation_authority_220w_600s_20260716\decisions_auth_220w_fixed57_seed13_600s\action_000360.json,C:\Users\TRLAB\Documents\Codex\2026-07-15\ming2you-vissim-https-github-com-ming2you\evaluation\runs\actuation_authority_220w_600s_20260716\decisions_auth_220w_fixed57_seed13_600s\action_000180.json,180.0,360.0,360.0,0.0,total_model_vehicles,832.3749999999999,1087.4921348189569,-255.11713481895697,255.11713481895697,-0.2345921654517789,1171.1233699168297,-338.7483699168298,338.7483699168298,-0.2892507985225219
evaluation/runs/actuation_authority_220w_600s_20260716,decisions_auth_220w_fixed57_seed13_600s,diagnostic-fixed57,C:\Users\TRLAB\Documents\Codex\2026-07-15\ming2you-vissim-https-github-com-ming2you\evaluation\runs\actuation_authority_220w_600s_20260716\decisions_auth_220w_fixed57_seed13_600s\action_000360.json,C:\Users\TRLAB\Documents\Codex\2026-07-15\ming2you-vissim-https-github-com-ming2you\evaluation\runs\actuation_authority_220w_600s_20260716\decisions_auth_220w_fixed57_seed13_600s\action_000180.json,180.0,360.0,360.0,0.0,freeway_total_veh,278.0,155.78482445107434,122.21517554892566,122.21517554892566,0.7845127147625888,239.4160595489472,38.5839404510528,38.5839404510528,0.16115853098469585
evaluation/runs/actuation_authority_220w_600s_20260716,decisions_auth_220w_fixed57_seed13_600s,diagnostic-fixed57,C:\Users\TRLAB\Documents\Codex\2026-07-15\ming2you-vissim-https-github-com-ming2you\evaluation\runs\actuation_authority_220w_600s_20260716\decisions_auth_220w_fixed57_seed13_600s\action_000360.json,C:\Users\TRLAB\Documents\Codex\2026-07-15\ming2you-vissim-https-github-com-ming2you\evaluation\runs\actuation_authority_220w_600s_20260716\decisions_auth_220w_fixed57_seed13_600s\action_000180.json,180.0,360.0,360.0,0.0,protected_accumulation_veh,332.30000000000007,495.3648754392362,-163.06487543923612,163.06487543923612,-0.329181343942983,495.3648754392362,-163.06487543923612,163.06487543923612,-0.329181343942983
evaluation/runs/actuation_authority_220w_600s_20260716,decisions_auth_220w_fixed57_seed13_600s,diagnostic-fixed57,C:\Users\TRLAB\Documents\Codex\2026-07-15\ming2you-vissim-https-github-com-ming2you\evaluation\runs\actuation_authority_220w_600s_20260716\decisions_auth_220w_fixed57_seed13_600s\action_000360.json,C:\Users\TRLAB\Documents\Codex\2026-07-15\ming2you-vissim-https-github-com-ming2you\evaluation\runs\actuation_authority_220w_600s_20260716\decisions_auth_220w_fixed57_seed13_600s\action_000180.json,180.0,360.0,360.0,0.0,urban_queue_plus_link_occupancy_total_veh,554.375,943.4906174523123,-389.11561745231234,389.11561745231234,-0.4124212898937278,931.7073103678822,-377.3323103678822,377.3323103678822,-0.4049901789639211
evaluation/runs/actuation_authority_220w_600s_20260716,decisions_auth_220w_fixed57_seed13_600s,diagnostic-fixed57,C:\Users\TRLAB\Documents\Codex\2026-07-15\ming2you-vissim-https-github-com-ming2you\evaluation\runs\actuation_authority_220w_600s_20260716\decisions_auth_220w_fixed57_seed13_600s\action_000360.json,C:\Users\TRLAB\Documents\Codex\2026-07-15\ming2you-vissim-https-github-com-ming2you\evaluation\runs\actuation_authority_220w_600s_20260716\decisions_auth_220w_fixed57_seed13_600s\action_000180.json,180.0,360.0,360.0,0.0,urban_movement_queue_total_veh,259.47499999999997,469.50867333922366,-210.0336733392237,210.0336733392237,-0.4473478026410659,469.50867333922366,-210.0336733392237,210.0336733392237,-0.4473478026410659
evaluation/runs/actuation_authority_220w_600s_20260716,decisions_auth_220w_fixed57_seed13_600s,diagnostic-fixed57,C:\Users\TRLAB\Documents\Codex\2026-07-15\ming2you-vissim-https-github-com-ming2you\evaluation\runs\actuation_authority_220w_600s_20260716\decisions_auth_220w_fixed57_seed13_600s\action_000360.json,C:\Users\TRLAB\Documents\Codex\2026-07-15\ming2you-vissim-https-github-com-ming2you\evaluation\runs\actuation_authority_220w_600s_20260716\decisions_auth_220w_fixed57_seed13_600s\action_000180.json,180.0,360.0,360.0,0.0,urban_link_occupancy_total_veh,294.90000000000003,462.19863702865854,-167.2986370286585,167.2986370286585,-0.36196263603063195,462.19863702865854,-167.2986370286585,167.2986370286585,-0.36196263603063195
evaluation/runs/actuation_authority_220w_600s_20260716,decisions_auth_220w_fixed57_seed13_600s,diagnostic-fixed57,C:\Users\TRLAB\Documents\Codex\2026-07-15\ming2you-vissim-https-github-com-ming2you\evaluation\runs\actuation_authority_220w_600s_20260716\decisions_auth_220w_fixed57_seed13_600s\action_000360.json,C:\Users\TRLAB\Documents\Codex\2026-07-15\ming2you-vissim-https-github-com-ming2you\evaluation\runs\actuation_authority_220w_600s_20260716\decisions_auth_220w_fixed57_seed13_600s\action_000180.json,180.0,360.0,360.0,0.0,off_ramp_storage_veh,2.40000000000002,74.15936343140373,-71.75936343140371,71.75936343140371,-0.9676372626604328,74.15936343140373,-71.75936343140371,71.75936343140371,-0.9676372626604328
evaluation/runs/actuation_authority_220w_600s_20260716,decisions_auth_220w_fixed57_seed13_600s,diagnostic-fixed57,C:\Users\TRLAB\Documents\Codex\2026-07-15\ming2you-vissim-https-github-com-ming2you\evaluation\runs\actuation_authority_220w_600s_20260716\decisions_auth_220w_fixed57_seed13_600s\action_000360.json,C:\Users\TRLAB\Documents\Codex\2026-07-15\ming2you-vissim-https-github-com-ming2you\evaluation\runs\actuation_authority_220w_600s_20260716\decisions_auth_220w_fixed57_seed13_600s\action_000180.json,180.0,360.0,360.0,0.0,ramp_queue_total_veh,1.0,38.37629857681756,-37.37629857681756,37.37629857681756,-0.9739422498499092,38.37629857681756,-37.37629857681756,37.37629857681756,-0.9739422498499092
evaluation/runs/actuation_authority_220w_600s_20260716,decisions_auth_220w_fixed57_seed13_600s,diagnostic-fixed57,C:\Users\TRLAB\Documents\Codex\2026-07-15\ming2you-vissim-https-github-com-ming2you\evaluation\runs\actuation_authority_220w_600s_20260716\decisions_auth_220w_fixed57_seed13_600s\action_000540.json,C:\Users\TRLAB\Documents\Codex\2026-07-15\ming2you-vissim-https-github-com-ming2you\evaluation\runs\actuation_authority_220w_600s_20260716\decisions_auth_220w_fixed57_seed13_600s\action_000360.json,360.0,540.0,540.0,0.0,total_model_vehicles,917.525,1228.884182940997,-311.35918294099713,311.35918294099713,-0.2533673939848785,1313.6797316937461,-396.15473169374616,396.15473169374616,-0.3015611203675786
evaluation/runs/actuation_authority_220w_600s_20260716,decisions_auth_220w_fixed57_seed13_600s,diagnostic-fixed57,C:\Users\TRLAB\Documents\Codex\2026-07-15\ming2you-vissim-https-github-com-ming2you\evaluation\runs\actuation_authority_220w_600s_20260716\decisions_auth_220w_fixed57_seed13_600s\action_000540.json,C:\Users\TRLAB\Documents\Codex\2026-07-15\ming2you-vissim-https-github-com-ming2you\evaluation\runs\actuation_authority_220w_600s_20260716\decisions_auth_220w_fixed57_seed13_600s\action_000360.json,360.0,540.0,540.0,0.0,freeway_total_veh,271.0,157.95366003168738,113.04633996831262,113.04633996831262,0.7156930706489117,242.74920878443646,28.250791215563538,28.250791215563538,0.11637850997343724
evaluation/runs/actuation_authority_220w_600s_20260716,decisions_auth_220w_fixed57_seed13_600s,diagnostic-fixed57,C:\Users\TRLAB\Documents\Codex\2026-07-15\ming2you-vissim-https-github-com-ming2you\evaluation\runs\actuation_authority_220w_600s_20260716\decisions_auth_220w_fixed57_seed13_600s\action_000540.json,C:\Users\TRLAB\Documents\Codex\2026-07-15\ming2you-vissim-https-github-com-ming2you\evaluation\runs\actuation_authority_220w_600s_20260716\decisions_auth_220w_fixed57_seed13_600s\action_000360.json,360.0,540.0,540.0,0.0,protected_accumulation_veh,414.52499999999986,655.3858314282018,-240.8608314282019,240.8608314282019,-0.3675099763803613,655.3858314282018,-240.8608314282019,240.8608314282019,-0.3675099763803613
evaluation/runs/actuation_authority_220w_600s_20260716,decisions_auth_220w_fixed57_seed13_600s,diagnostic-fixed57,C:\Users\TRLAB\Documents\Codex\2026-07-15\ming2you-vissim-https-github-com-ming2you\evaluation\runs\actuation_authority_220w_600s_20260716\decisions_auth_220w_fixed57_seed13_600s\action_000540.json,C:\Users\TRLAB\Documents\Codex\2026-07-15\ming2you-vissim-https-github-com-ming2you\evaluation\runs\actuation_authority_220w_600s_20260716\decisions_auth_220w_fixed57_seed13_600s\action_000360.json,360.0,540.0,540.0,0.0,urban_queue_plus_link_occupancy_total_veh,646.525,1084.4745866695769,-437.9495866695769,437.9495866695769,-0.40383573027240843,1070.9305229093097,-424.40552290930975,424.40552290930975,-0.3962960377264828
evaluation/runs/actuation_authority_220w_600s_20260716,decisions_auth_220w_fixed57_seed13_600s,diagnostic-fixed57,C:\Users\TRLAB\Documents\Codex\2026-07-15\ming2you-vissim-https-github-com-ming2you\evaluation\runs\actuation_authority_220w_600s_20260716\decisions_auth_220w_fixed57_seed13_600s\action_000540.json,C:\Users\TRLAB\Documents\Codex\2026-07-15\ming2you-vissim-https-github-com-ming2you\evaluation\runs\actuation_authority_220w_600s_20260716\decisions_auth_220w_fixed57_seed13_600s\action_000360.json,360.0,540.0,540.0,0.0,urban_movement_queue_total_veh,297.325,505.9592867391217,-208.6342867391217,208.6342867391217,-0.4123539031841032,505.9592867391217,-208.6342867391217,208.6342867391217,-0.4123539031841032
evaluation/runs/actuation_authority_220w_600s_20260716,decisions_auth_220w_fixed57_seed13_600s,diagnostic-fixed57,C:\Users\TRLAB\Documents\Codex\2026-07-15\ming2you-vissim-https-github-com-ming2you\evaluation\runs\actuation_authority_220w_600s_20260716\decisions_auth_220w_fixed57_seed13_600s\action_000540.json,C:\Users\TRLAB\Documents\Codex\2026-07-15\ming2you-vissim-https-github-com-ming2you\evaluation\runs\actuation_authority_220w_600s_20260716\decisions_auth_220w_fixed57_seed13_600s\action_000360.json,360.0,540.0,540.0,0.0,urban_link_occupancy_total_veh,349.2,564.971236170188,-215.77123617018805,215.77123617018805,-0.38191543632000163,564.971236170188,-215.77123617018805,215.77123617018805,-0.38191543632000163
evaluation/runs/actuation_authority_220w_600s_20260716,decisions_auth_220w_fixed57_seed13_600s,diagnostic-fixed57,C:\Users\TRLAB\Documents\Codex\2026-07-15\ming2you-vissim-https-github-com-ming2you\evaluation\runs\actuation_authority_220w_600s_20260716\decisions_auth_220w_fixed57_seed13_600s\action_000540.json,C:\Users\TRLAB\Documents\Codex\2026-07-15\ming2you-vissim-https-github-com-ming2you\evaluation\runs\actuation_authority_220w_600s_20260716\decisions_auth_220w_fixed57_seed13_600s\action_000360.json,360.0,540.0,540.0,0.0,off_ramp_storage_veh,10.799999999999997,18.14759145414088,-7.347591454140883,7.347591454140883,-0.40487970388292627,18.14759145414088,-7.347591454140883,7.347591454140883,-0.40487970388292627
evaluation/runs/actuation_authority_220w_600s_20260716,decisions_auth_220w_fixed57_seed13_600s,diagnostic-fixed57,C:\Users\TRLAB\Documents\Codex\2026-07-15\ming2you-vissim-https-github-com-ming2you\evaluation\runs\actuation_authority_220w_600s_20260716\decisions_auth_220w_fixed57_seed13_600s\action_000540.json,C:\Users\TRLAB\Documents\Codex\2026-07-15\ming2you-vissim-https-github-com-ming2you\evaluation\runs\actuation_authority_220w_600s_20260716\decisions_auth_220w_fixed57_seed13_600s\action_000360.json,360.0,540.0,540.0,0.0,ramp_queue_total_veh,23.0,40.39385897211925,-17.393858972119247,17.393858972119247,-0.43060651828598207,40.39385897211925,-17.393858972119247,17.393858972119247,-0.43060651828598207
evaluation/runs/actuation_authority_220w_600s_20260716,decisions_auth_220w_ramp_hold_seed13_600s,diagnostic-ramp-hold,C:\Users\TRLAB\Documents\Codex\2026-07-15\ming2you-vissim-https-github-com-ming2you\evaluation\runs\actuation_authority_220w_600s_20260716\decisions_auth_220w_ramp_hold_seed13_600s\action_000180.json,C:\Users\TRLAB\Documents\Codex\2026-07-15\ming2you-vissim-https-github-com-ming2you\evaluation\runs\actuation_authority_220w_600s_20260716\decisions_auth_220w_ramp_hold_seed13_600s\action_000001.json,1.0,181.0,180.0,-1.0,total_model_vehicles,634.7750000000001,631.4028939431322,3.372106056867892,3.372106056867892,0.005340656638123682,709.195632796438,-74.42063279643787,74.42063279643787,-0.10493667664448096
evaluation/runs/actuation_authority_220w_600s_20260716,decisions_auth_220w_ramp_hold_seed13_600s,diagnostic-ramp-hold,C:\Users\TRLAB\Documents\Codex\2026-07-15\ming2you-vissim-https-github-com-ming2you\evaluation\runs\actuation_authority_220w_600s_20260716\decisions_auth_220w_ramp_hold_seed13_600s\action_000180.json,C:\Users\TRLAB\Documents\Codex\2026-07-15\ming2you-vissim-https-github-com-ming2you\evaluation\runs\actuation_authority_220w_600s_20260716\decisions_auth_220w_ramp_hold_seed13_600s\action_000001.json,1.0,181.0,180.0,-1.0,freeway_total_veh,198.0,144.90911382150273,53.09088617849727,53.09088617849727,0.3663736860877776,222.7018526748085,-24.701852674808492,24.701852674808492,-0.11091893658773638
evaluation/runs/actuation_authority_220w_600s_20260716,decisions_auth_220w_ramp_hold_seed13_600s,diagnostic-ramp-hold,C:\Users\TRLAB\Documents\Codex\2026-07-15\ming2you-vissim-https-github-com-ming2you\evaluation\runs\actuation_authority_220w_600s_20260716\decisions_auth_220w_ramp_hold_seed13_600s\action_000180.json,C:\Users\TRLAB\Documents\Codex\2026-07-15\ming2you-vissim-https-github-com-ming2you\evaluation\runs\actuation_authority_220w_600s_20260716\decisions_auth_220w_ramp_hold_seed13_600s\action_000001.json,1.0,181.0,180.0,-1.0,protected_accumulation_veh,237.77500000000003,233.90719269030453,3.8678073096955075,3.8678073096955075,0.016535649311205762,233.90719269030453,3.8678073096955075,3.8678073096955075,0.016535649311205762
evaluation/runs/actuation_authority_220w_600s_20260716,decisions_auth_220w_ramp_hold_seed13_600s,diagnostic-ramp-hold,C:\Users\TRLAB\Documents\Codex\2026-07-15\ming2you-vissim-https-github-com-ming2you\evaluation\runs\actuation_authority_220w_600s_20260716\decisions_auth_220w_ramp_hold_seed13_600s\action_000180.json,C:\Users\TRLAB\Documents\Codex\2026-07-15\ming2you-vissim-https-github-com-ming2you\evaluation\runs\actuation_authority_220w_600s_20260716\decisions_auth_220w_ramp_hold_seed13_600s\action_000001.json,1.0,181.0,180.0,-1.0,urban_queue_plus_link_occupancy_total_veh,436.775,492.6464694287197,-55.871469428719706,55.871469428719706,-0.11341087959791757,486.49378012162936,-49.71878012162938,49.71878012162938,-0.1021981824910466
evaluation/runs/actuation_authority_220w_600s_20260716,decisions_auth_220w_ramp_hold_seed13_600s,diagnostic-ramp-hold,C:\Users\TRLAB\Documents\Codex\2026-07-15\ming2you-vissim-https-github-com-ming2you\evaluation\runs\actuation_authority_220w_600s_20260716\decisions_auth_220w_ramp_hold_seed13_600s\action_000180.json,C:\Users\TRLAB\Documents\Codex\2026-07-15\ming2you-vissim-https-github-com-ming2you\evaluation\runs\actuation_authority_220w_600s_20260716\decisions_auth_220w_ramp_hold_seed13_600s\action_000001.json,1.0,181.0,180.0,-1.0,urban_movement_queue_total_veh,243.975,291.76444062767837,-47.789440627678374,47.789440627678374,-0.16379460267628243,291.76444062767837,-47.789440627678374,47.789440627678374,-0.16379460267628243
evaluation/runs/actuation_authority_220w_600s_20260716,decisions_auth_220w_ramp_hold_seed13_600s,diagnostic-ramp-hold,C:\Users\TRLAB\Documents\Codex\2026-07-15\ming2you-vissim-https-github-com-ming2you\evaluation\runs\actuation_authority_220w_600s_20260716\decisions_auth_220w_ramp_hold_seed13_600s\action_000180.json,C:\Users\TRLAB\Documents\Codex\2026-07-15\ming2you-vissim-https-github-com-ming2you\evaluation\runs\actuation_authority_220w_600s_20260716\decisions_auth_220w_ramp_hold_seed13_600s\action_000001.json,1.0,181.0,180.0,-1.0,urban_link_occupancy_total_veh,192.79999999999998,194.72933949395096,-1.9293394939509767,1.9293394939509767,-0.009907800740067264,194.72933949395096,-1.9293394939509767,1.9293394939509767,-0.009907800740067264
evaluation/runs/actuation_authority_220w_600s_20260716,decisions_auth_220w_ramp_hold_seed13_600s,diagnostic-ramp-hold,C:\Users\TRLAB\Documents\Codex\2026-07-15\ming2you-vissim-https-github-com-ming2you\evaluation\runs\actuation_authority_220w_600s_20260716\decisions_auth_220w_ramp_hold_seed13_600s\action_000180.json,C:\Users\TRLAB\Documents\Codex\2026-07-15\ming2you-vissim-https-github-com-ming2you\evaluation\runs\actuation_authority_220w_600s_20260716\decisions_auth_220w_ramp_hold_seed13_600s\action_000001.json,1.0,181.0,180.0,-1.0,off_ramp_storage_veh,9.200000000000003,6.890995416501838,2.309004583498165,2.309004583498165,0.33507562317757483,6.890995416501838,2.309004583498165,2.309004583498165,0.33507562317757483
evaluation/runs/actuation_authority_220w_600s_20260716,decisions_auth_220w_ramp_hold_seed13_600s,diagnostic-ramp-hold,C:\Users\TRLAB\Documents\Codex\2026-07-15\ming2you-vissim-https-github-com-ming2you\evaluation\runs\actuation_authority_220w_600s_20260716\decisions_auth_220w_ramp_hold_seed13_600s\action_000180.json,C:\Users\TRLAB\Documents\Codex\2026-07-15\ming2you-vissim-https-github-com-ming2you\evaluation\runs\actuation_authority_220w_600s_20260716\decisions_auth_220w_ramp_hold_seed13_600s\action_000001.json,1.0,181.0,180.0,-1.0,ramp_queue_total_veh,12.0,45.239398713991754,-33.239398713991754,33.239398713991754,-0.7347444850921812,45.239398713991754,-33.239398713991754,33.239398713991754,-0.7347444850921812
evaluation/runs/actuation_authority_220w_600s_20260716,decisions_auth_220w_ramp_hold_seed13_600s,diagnostic-ramp-hold,C:\Users\TRLAB\Documents\Codex\2026-07-15\ming2you-vissim-https-github-com-ming2you\evaluation\runs\actuation_authority_220w_600s_20260716\decisions_auth_220w_ramp_hold_seed13_600s\action_000360.json,C:\Users\TRLAB\Documents\Codex\2026-07-15\ming2you-vissim-https-github-com-ming2you\evaluation\runs\actuation_authority_220w_600s_20260716\decisions_auth_220w_ramp_hold_seed13_600s\action_000180.json,180.0,360.0,360.0,0.0,total_model_vehicles,838.6625,1079.9927258378302,-241.3302258378302,241.3302258378302,-0.2234554178599791,1159.4994550999463,-320.8369550999463,320.8369550999463,-0.2767029804876371
evaluation/runs/actuation_authority_220w_600s_20260716,decisions_auth_220w_ramp_hold_seed13_600s,diagnostic-ramp-hold,C:\Users\TRLAB\Documents\Codex\2026-07-15\ming2you-vissim-https-github-com-ming2you\evaluation\runs\actuation_authority_220w_600s_20260716\decisions_auth_220w_ramp_hold_seed13_600s\action_000360.json,C:\Users\TRLAB\Documents\Codex\2026-07-15\ming2you-vissim-https-github-com-ming2you\evaluation\runs\actuation_authority_220w_600s_20260716\decisions_auth_220w_ramp_hold_seed13_600s\action_000180.json,180.0,360.0,360.0,0.0,freeway_total_veh,272.0,148.10186464761284,123.89813535238716,123.89813535238716,0.8365737706759129,227.60859390972894,44.39140609027106,44.39140609027106,0.1950339630316287
evaluation/runs/actuation_authority_220w_600s_20260716,decisions_auth_220w_ramp_hold_seed13_600s,diagnostic-ramp-hold,C:\Users\TRLAB\Documents\Codex\2026-07-15\ming2you-vissim-https-github-com-ming2you\evaluation\runs\actuation_authority_220w_600s_20260716\decisions_auth_220w_ramp_hold_seed13_600s\action_000360.json,C:\Users\TRLAB\Documents\Codex\2026-07-15\ming2you-vissim-https-github-com-ming2you\evaluation\runs\actuation_authority_220w_600s_20260716\decisions_auth_220w_ramp_hold_seed13_600s\action_000180.json,180.0,360.0,360.0,0.0,protected_accumulation_veh,340.175,493.32012629796935,-153.14512629796934,153.14512629796934,-0.31043762079447057,493.32012629796935,-153.14512629796934,153.14512629796934,-0.31043762079447057
evaluation/runs/actuation_authority_220w_600s_20260716,decisions_auth_220w_ramp_hold_seed13_600s,diagnostic-ramp-hold,C:\Users\TRLAB\Documents\Codex\2026-07-15\ming2you-vissim-https-github-com-ming2you\evaluation\runs\actuation_authority_220w_600s_20260716\decisions_auth_220w_ramp_hold_seed13_600s\action_000360.json,C:\Users\TRLAB\Documents\Codex\2026-07-15\ming2you-vissim-https-github-com-ming2you\evaluation\runs\actuation_authority_220w_600s_20260716\decisions_auth_220w_ramp_hold_seed13_600s\action_000180.json,180.0,360.0,360.0,0.0,urban_queue_plus_link_occupancy_total_veh,566.6625000000001,943.6764896428293,-377.0139896428292,377.0139896428292,-0.39951614115715084,931.8908611902173,-365.22836119021713,365.22836119021713,-0.3919218187457542
evaluation/runs/actuation_authority_220w_600s_20260716,decisions_auth_220w_ramp_hold_seed13_600s,diagnostic-ramp-hold,C:\Users\TRLAB\Documents\Codex\2026-07-15\ming2you-vissim-https-github-com-ming2you\evaluation\runs\actuation_authority_220w_600s_20260716\decisions_auth_220w_ramp_hold_seed13_600s\action_000360.json,C:\Users\TRLAB\Documents\Codex\2026-07-15\ming2you-vissim-https-github-com-ming2you\evaluation\runs\actuation_authority_220w_600s_20260716\decisions_auth_220w_ramp_hold_seed13_600s\action_000180.json,180.0,360.0,360.0,0.0,urban_movement_queue_total_veh,264.5625,472.2853943952987,-207.72289439529868,207.72289439529868,-0.43982493818438195,472.2853943952987,-207.72289439529868,207.72289439529868,-0.43982493818438195
evaluation/runs/actuation_authority_220w_600s_20260716,decisions_auth_220w_ramp_hold_seed13_600s,diagnostic-ramp-hold,C:\Users\TRLAB\Documents\Codex\2026-07-15\ming2you-vissim-https-github-com-ming2you\evaluation\runs\actuation_authority_220w_600s_20260716\decisions_auth_220w_ramp_hold_seed13_600s\action_000360.json,C:\Users\TRLAB\Documents\Codex\2026-07-15\ming2you-vissim-https-github-com-ming2you\evaluation\runs\actuation_authority_220w_600s_20260716\decisions_auth_220w_ramp_hold_seed13_600s\action_000180.json,180.0,360.0,360.0,0.0,urban_link_occupancy_total_veh,302.1000000000001,459.6054667949185,-157.50546679491845,157.50546679491845,-0.3426971134466494,459.6054667949185,-157.50546679491845,157.50546679491845,-0.3426971134466494
evaluation/runs/actuation_authority_220w_600s_20260716,decisions_auth_220w_ramp_hold_seed13_600s,diagnostic-ramp-hold,C:\Users\TRLAB\Documents\Codex\2026-07-15\ming2you-vissim-https-github-com-ming2you\evaluation\runs\actuation_authority_220w_600s_20260716\decisions_auth_220w_ramp_hold_seed13_600s\action_000360.json,C:\Users\TRLAB\Documents\Codex\2026-07-15\ming2you-vissim-https-github-com-ming2you\evaluation\runs\actuation_authority_220w_600s_20260716\decisions_auth_220w_ramp_hold_seed13_600s\action_000180.json,180.0,360.0,360.0,0.0,off_ramp_storage_veh,2.40000000000002,74.18572641427447,-71.78572641427445,71.78572641427445,-0.9676487632324616,74.18572641427447,-71.78572641427445,71.78572641427445,-0.9676487632324616
evaluation/runs/actuation_authority_220w_600s_20260716,decisions_auth_220w_ramp_hold_seed13_600s,diagnostic-ramp-hold,C:\Users\TRLAB\Documents\Codex\2026-07-15\ming2you-vissim-https-github-com-ming2you\evaluation\runs\actuation_authority_220w_600s_20260716\decisions_auth_220w_ramp_hold_seed13_600s\action_000360.json,C:\Users\TRLAB\Documents\Codex\2026-07-15\ming2you-vissim-https-github-com-ming2you\evaluation\runs\actuation_authority_220w_600s_20260716\decisions_auth_220w_ramp_hold_seed13_600s\action_000180.json,180.0,360.0,360.0,0.0,ramp_queue_total_veh,22.0,57.39191543209877,-35.39191543209877,35.39191543209877,-0.6166707482340692,57.39191543209877,-35.39191543209877,35.39191543209877,-0.6166707482340692
evaluation/runs/actuation_authority_220w_600s_20260716,decisions_auth_220w_ramp_hold_seed13_600s,diagnostic-ramp-hold,C:\Users\TRLAB\Documents\Codex\2026-07-15\ming2you-vissim-https-github-com-ming2you\evaluation\runs\actuation_authority_220w_600s_20260716\decisions_auth_220w_ramp_hold_seed13_600s\action_000540.json,C:\Users\TRLAB\Documents\Codex\2026-07-15\ming2you-vissim-https-github-com-ming2you\evaluation\runs\actuation_authority_220w_600s_20260716\decisions_auth_220w_ramp_hold_seed13_600s\action_000360.json,360.0,540.0,540.0,0.0,total_model_vehicles,925.7875,1240.0844985950177,-314.2969985950177,314.2969985950177,-0.2534480504764859,1324.6146066697374,-398.8271066697374,398.8271066697374,-0.30108916560451
evaluation/runs/actuation_authority_220w_600s_20260716,decisions_auth_220w_ramp_hold_seed13_600s,diagnostic-ramp-hold,C:\Users\TRLAB\Documents\Codex\2026-07-15\ming2you-vissim-https-github-com-ming2you\evaluation\runs\actuation_authority_220w_600s_20260716\decisions_auth_220w_ramp_hold_seed13_600s\action_000540.json,C:\Users\TRLAB\Documents\Codex\2026-07-15\ming2you-vissim-https-github-com-ming2you\evaluation\runs\actuation_authority_220w_600s_20260716\decisions_auth_220w_ramp_hold_seed13_600s\action_000360.json,360.0,540.0,540.0,0.0,freeway_total_veh,269.0,157.45920805593227,111.54079194406773,111.54079194406773,0.7083789720601573,241.98931613065196,27.010683869348043,27.010683869348043,0.11161932394885053
evaluation/runs/actuation_authority_220w_600s_20260716,decisions_auth_220w_ramp_hold_seed13_600s,diagnostic-ramp-hold,C:\Users\TRLAB\Documents\Codex\2026-07-15\ming2you-vissim-https-github-com-ming2you\evaluation\runs\actuation_authority_220w_600s_20260716\decisions_auth_220w_ramp_hold_seed13_600s\action_000540.json,C:\Users\TRLAB\Documents\Codex\2026-07-15\ming2you-vissim-https-github-com-ming2you\evaluation\runs\actuation_authority_220w_600s_20260716\decisions_auth_220w_ramp_hold_seed13_600s\action_000360.json,360.0,540.0,540.0,0.0,protected_accumulation_veh,414.45000000000005,662.3962014401725,-247.94620144017244,247.94620144017244,-0.3743170641695881,662.3962014401725,-247.94620144017244,247.94620144017244,-0.3743170641695881
evaluation/runs/actuation_authority_220w_600s_20260716,decisions_auth_220w_ramp_hold_seed13_600s,diagnostic-ramp-hold,C:\Users\TRLAB\Documents\Codex\2026-07-15\ming2you-vissim-https-github-com-ming2you\evaluation\runs\actuation_authority_220w_600s_20260716\decisions_auth_220w_ramp_hold_seed13_600s\action_000540.json,C:\Users\TRLAB\Documents\Codex\2026-07-15\ming2you-vissim-https-github-com-ming2you\evaluation\runs\actuation_authority_220w_600s_20260716\decisions_auth_220w_ramp_hold_seed13_600s\action_000360.json,360.0,540.0,540.0,0.0,urban_queue_plus_link_occupancy_total_veh,656.7874999999999,1096.3172580849398,-439.5297580849399,439.5297580849399,-0.4009147487586903,1082.6252905390854,-425.8377905390855,425.8377905390855,-0.39333811454473105
evaluation/runs/actuation_authority_220w_600s_20260716,decisions_auth_220w_ramp_hold_seed13_600s,diagnostic-ramp-hold,C:\Users\TRLAB\Documents\Codex\2026-07-15\ming2you-vissim-https-github-com-ming2you\evaluation\runs\actuation_authority_220w_600s_20260716\decisions_auth_220w_ramp_hold_seed13_600s\action_000540.json,C:\Users\TRLAB\Documents\Codex\2026-07-15\ming2you-vissim-https-github-com-ming2you\evaluation\runs\actuation_authority_220w_600s_20260716\decisions_auth_220w_ramp_hold_seed13_600s\action_000360.json,360.0,540.0,540.0,0.0,urban_movement_queue_total_veh,307.5875,509.3905280406821,-201.80302804068214,201.80302804068214,-0.39616564685035777,509.3905280406821,-201.80302804068214,201.80302804068214,-0.39616564685035777
evaluation/runs/actuation_authority_220w_600s_20260716,decisions_auth_220w_ramp_hold_seed13_600s,diagnostic-ramp-hold,C:\Users\TRLAB\Documents\Codex\2026-07-15\ming2you-vissim-https-github-com-ming2you\evaluation\runs\actuation_authority_220w_600s_20260716\decisions_auth_220w_ramp_hold_seed13_600s\action_000540.json,C:\Users\TRLAB\Documents\Codex\2026-07-15\ming2you-vissim-https-github-com-ming2you\evaluation\runs\actuation_authority_220w_600s_20260716\decisions_auth_220w_ramp_hold_seed13_600s\action_000360.json,360.0,540.0,540.0,0.0,urban_link_occupancy_total_veh,349.2,573.2347624984033,-224.03476249840327,224.03476249840327,-0.3908254996992219,573.2347624984033,-224.03476249840327,224.03476249840327,-0.3908254996992219
evaluation/runs/actuation_authority_220w_600s_20260716,decisions_auth_220w_ramp_hold_seed13_600s,diagnostic-ramp-hold,C:\Users\TRLAB\Documents\Codex\2026-07-15\ming2you-vissim-https-github-com-ming2you\evaluation\runs\actuation_authority_220w_600s_20260716\decisions_auth_220w_ramp_hold_seed13_600s\action_000540.json,C:\Users\TRLAB\Documents\Codex\2026-07-15\ming2you-vissim-https-github-com-ming2you\evaluation\runs\actuation_authority_220w_600s_20260716\decisions_auth_220w_ramp_hold_seed13_600s\action_000360.json,360.0,540.0,540.0,0.0,off_ramp_storage_veh,10.799999999999997,19.086704701870303,-8.286704701870306,8.286704701870306,-0.43416109964012245,19.086704701870303,-8.286704701870306,8.286704701870306,-0.43416109964012245
evaluation/runs/actuation_authority_220w_600s_20260716,decisions_auth_220w_ramp_hold_seed13_600s,diagnostic-ramp-hold,C:\Users\TRLAB\Documents\Codex\2026-07-15\ming2you-vissim-https-github-com-ming2you\evaluation\runs\actuation_authority_220w_600s_20260716\decisions_auth_220w_ramp_hold_seed13_600s\action_000540.json,C:\Users\TRLAB\Documents\Codex\2026-07-15\ming2you-vissim-https-github-com-ming2you\evaluation\runs\actuation_authority_220w_600s_20260716\decisions_auth_220w_ramp_hold_seed13_600s\action_000360.json,360.0,540.0,540.0,0.0,ramp_queue_total_veh,48.0,65.03843580107224,-17.03843580107224,17.03843580107224,-0.26197487057017044,65.03843580107224,-17.03843580107224,17.03843580107224,-0.26197487057017044
evaluation/runs/actuation_authority_220w_600s_20260716,decisions_auth_220w_signal_major_seed13_600s,diagnostic-signal-major,C:\Users\TRLAB\Documents\Codex\2026-07-15\ming2you-vissim-https-github-com-ming2you\evaluation\runs\actuation_authority_220w_600s_20260716\decisions_auth_220w_signal_major_seed13_600s\action_000180.json,C:\Users\TRLAB\Documents\Codex\2026-07-15\ming2you-vissim-https-github-com-ming2you\evaluation\runs\actuation_authority_220w_600s_20260716\decisions_auth_220w_signal_major_seed13_600s\action_000001.json,1.0,181.0,180.0,-1.0,total_model_vehicles,654.7749999999999,646.3179745734351,8.457025426564769,8.457025426564769,0.013084929955949842,725.6026685933789,-70.82766859337903,70.82766859337903,-0.09761219419256327
evaluation/runs/actuation_authority_220w_600s_20260716,decisions_auth_220w_signal_major_seed13_600s,diagnostic-signal-major,C:\Users\TRLAB\Documents\Codex\2026-07-15\ming2you-vissim-https-github-com-ming2you\evaluation\runs\actuation_authority_220w_600s_20260716\decisions_auth_220w_signal_major_seed13_600s\action_000180.json,C:\Users\TRLAB\Documents\Codex\2026-07-15\ming2you-vissim-https-github-com-ming2you\evaluation\runs\actuation_authority_220w_600s_20260716\decisions_auth_220w_signal_major_seed13_600s\action_000001.json,1.0,181.0,180.0,-1.0,freeway_total_veh,194.0,147.6882665322284,46.3117334677716,46.3117334677716,0.31357760880527025,226.97296055217225,-32.97296055217225,32.97296055217225,-0.1452726371985312
evaluation/runs/actuation_authority_220w_600s_20260716,decisions_auth_220w_signal_major_seed13_600s,diagnostic-signal-major,C:\Users\TRLAB\Documents\Codex\2026-07-15\ming2you-vissim-https-github-com-ming2you\evaluation\runs\actuation_authority_220w_600s_20260716\decisions_auth_220w_signal_major_seed13_600s\action_000180.json,C:\Users\TRLAB\Documents\Codex\2026-07-15\ming2you-vissim-https-github-com-ming2you\evaluation\runs\actuation_authority_220w_600s_20260716\decisions_auth_220w_signal_major_seed13_600s\action_000001.json,1.0,181.0,180.0,-1.0,protected_accumulation_veh,230.29999999999998,227.4948377843115,2.8051622156884832,2.8051622156884832,0.012330663161456284,227.4948377843115,2.8051622156884832,2.8051622156884832,0.012330663161456284
evaluation/runs/actuation_authority_220w_600s_20260716,decisions_auth_220w_signal_major_seed13_600s,diagnostic-signal-major,C:\Users\TRLAB\Documents\Codex\2026-07-15\ming2you-vissim-https-github-com-ming2you\evaluation\runs\actuation_authority_220w_600s_20260716\decisions_auth_220w_signal_major_seed13_600s\action_000180.json,C:\Users\TRLAB\Documents\Codex\2026-07-15\ming2you-vissim-https-github-com-ming2you\evaluation\runs\actuation_authority_220w_600s_20260716\decisions_auth_220w_signal_major_seed13_600s\action_000001.json,1.0,181.0,180.0,-1.0,urban_queue_plus_link_occupancy_total_veh,460.775,504.93588049030916,-44.16088049030918,44.16088049030918,-0.08745839263279831,498.62970804120675,-37.85470804120678,37.85470804120678,-0.07591747429152068
evaluation/runs/actuation_authority_220w_600s_20260716,decisions_auth_220w_signal_major_seed13_600s,diagnostic-signal-major,C:\Users\TRLAB\Documents\Codex\2026-07-15\ming2you-vissim-https-github-com-ming2you\evaluation\runs\actuation_authority_220w_600s_20260716\decisions_auth_220w_signal_major_seed13_600s\action_000180.json,C:\Users\TRLAB\Documents\Codex\2026-07-15\ming2you-vissim-https-github-com-ming2you\evaluation\runs\actuation_authority_220w_600s_20260716\decisions_auth_220w_signal_major_seed13_600s\action_000001.json,1.0,181.0,180.0,-1.0,urban_movement_queue_total_veh,281.375,264.06687999779155,17.308120002208454,17.308120002208454,0.06554445601944935,264.06687999779155,17.308120002208454,17.308120002208454,0.06554445601944935
evaluation/runs/actuation_authority_220w_600s_20260716,decisions_auth_220w_signal_major_seed13_600s,diagnostic-signal-major,C:\Users\TRLAB\Documents\Codex\2026-07-15\ming2you-vissim-https-github-com-ming2you\evaluation\runs\actuation_authority_220w_600s_20260716\decisions_auth_220w_signal_major_seed13_600s\action_000180.json,C:\Users\TRLAB\Documents\Codex\2026-07-15\ming2you-vissim-https-github-com-ming2you\evaluation\runs\actuation_authority_220w_600s_20260716\decisions_auth_220w_signal_major_seed13_600s\action_000001.json,1.0,181.0,180.0,-1.0,urban_link_occupancy_total_veh,179.39999999999998,234.56282804341524,-55.16282804341526,55.16282804341526,-0.23517293214594587,234.56282804341524,-55.16282804341526,55.16282804341526,-0.23517293214594587
evaluation/runs/actuation_authority_220w_600s_20260716,decisions_auth_220w_signal_major_seed13_600s,diagnostic-signal-major,C:\Users\TRLAB\Documents\Codex\2026-07-15\ming2you-vissim-https-github-com-ming2you\evaluation\runs\actuation_authority_220w_600s_20260716\decisions_auth_220w_signal_major_seed13_600s\action_000180.json,C:\Users\TRLAB\Documents\Codex\2026-07-15\ming2you-vissim-https-github-com-ming2you\evaluation\runs\actuation_authority_220w_600s_20260716\decisions_auth_220w_signal_major_seed13_600s\action_000001.json,1.0,181.0,180.0,-1.0,off_ramp_storage_veh,12.0,29.516969496286507,-17.516969496286507,17.516969496286507,-0.5934541992358089,29.516969496286507,-17.516969496286507,17.516969496286507,-0.5934541992358089
evaluation/runs/actuation_authority_220w_600s_20260716,decisions_auth_220w_signal_major_seed13_600s,diagnostic-signal-major,C:\Users\TRLAB\Documents\Codex\2026-07-15\ming2you-vissim-https-github-com-ming2you\evaluation\runs\actuation_authority_220w_600s_20260716\decisions_auth_220w_signal_major_seed13_600s\action_000180.json,C:\Users\TRLAB\Documents\Codex\2026-07-15\ming2you-vissim-https-github-com-ming2you\evaluation\runs\actuation_authority_220w_600s_20260716\decisions_auth_220w_signal_major_seed13_600s\action_000001.json,1.0,181.0,180.0,-1.0,ramp_queue_total_veh,6.0,34.09973607681755,-28.09973607681755,28.09973607681755,-0.824045558989559,34.09973607681755,-28.09973607681755,28.09973607681755,-0.824045558989559
evaluation/runs/actuation_authority_220w_600s_20260716,decisions_auth_220w_signal_major_seed13_600s,diagnostic-signal-major,C:\Users\TRLAB\Documents\Codex\2026-07-15\ming2you-vissim-https-github-com-ming2you\evaluation\runs\actuation_authority_220w_600s_20260716\decisions_auth_220w_signal_major_seed13_600s\action_000360.json,C:\Users\TRLAB\Documents\Codex\2026-07-15\ming2you-vissim-https-github-com-ming2you\evaluation\runs\actuation_authority_220w_600s_20260716\decisions_auth_220w_signal_major_seed13_600s\action_000180.json,180.0,360.0,360.0,0.0,total_model_vehicles,915.7249999999999,1191.9010894547719,-276.17608945477195,276.17608945477195,-0.23171057724354216,1275.1459183482928,-359.42091834829284,359.42091834829284,-0.2818665010619755
evaluation/runs/actuation_authority_220w_600s_20260716,decisions_auth_220w_signal_major_seed13_600s,diagnostic-signal-major,C:\Users\TRLAB\Documents\Codex\2026-07-15\ming2you-vissim-https-github-com-ming2you\evaluation\runs\actuation_authority_220w_600s_20260716\decisions_auth_220w_signal_major_seed13_600s\action_000360.json,C:\Users\TRLAB\Documents\Codex\2026-07-15\ming2you-vissim-https-github-com-ming2you\evaluation\runs\actuation_authority_220w_600s_20260716\decisions_auth_220w_signal_major_seed13_600s\action_000180.json,180.0,360.0,360.0,0.0,freeway_total_veh,268.0,155.0650428689738,112.93495713102621,112.93495713102621,0.7283070061538854,238.30987176249474,29.690128237505263,29.690128237505263,0.12458622892086967
evaluation/runs/actuation_authority_220w_600s_20260716,decisions_auth_220w_signal_major_seed13_600s,diagnostic-signal-major,C:\Users\TRLAB\Documents\Codex\2026-07-15\ming2you-vissim-https-github-com-ming2you\evaluation\runs\actuation_authority_220w_600s_20260716\decisions_auth_220w_signal_major_seed13_600s\action_000360.json,C:\Users\TRLAB\Documents\Codex\2026-07-15\ming2you-vissim-https-github-com-ming2you\evaluation\runs\actuation_authority_220w_600s_20260716\decisions_auth_220w_signal_major_seed13_600s\action_000180.json,180.0,360.0,360.0,0.0,protected_accumulation_veh,311.65000000000015,442.6299491117549,-130.97994911175476,130.97994911175476,-0.29591298414081113,442.6299491117549,-130.97994911175476,130.97994911175476,-0.29591298414081113
evaluation/runs/actuation_authority_220w_600s_20260716,decisions_auth_220w_signal_major_seed13_600s,diagnostic-signal-major,C:\Users\TRLAB\Documents\Codex\2026-07-15\ming2you-vissim-https-github-com-ming2you\evaluation\runs\actuation_authority_220w_600s_20260716\decisions_auth_220w_signal_major_seed13_600s\action_000360.json,C:\Users\TRLAB\Documents\Codex\2026-07-15\ming2you-vissim-https-github-com-ming2you\evaluation\runs\actuation_authority_220w_600s_20260716\decisions_auth_220w_signal_major_seed13_600s\action_000180.json,180.0,360.0,360.0,0.0,urban_queue_plus_link_occupancy_total_veh,647.725,1049.9489173309066,-402.2239173309066,402.2239173309066,-0.3830890348012425,1036.836046585798,-389.1110465857979,389.1110465857979,-0.37528695869236356
evaluation/runs/actuation_authority_220w_600s_20260716,decisions_auth_220w_signal_major_seed13_600s,diagnostic-signal-major,C:\Users\TRLAB\Documents\Codex\2026-07-15\ming2you-vissim-https-github-com-ming2you\evaluation\runs\actuation_authority_220w_600s_20260716\decisions_auth_220w_signal_major_seed13_600s\action_000360.json,C:\Users\TRLAB\Documents\Codex\2026-07-15\ming2you-vissim-https-github-com-ming2you\evaluation\runs\actuation_authority_220w_600s_20260716\decisions_auth_220w_signal_major_seed13_600s\action_000180.json,180.0,360.0,360.0,0.0,urban_movement_queue_total_veh,416.725,612.3318850375878,-195.60688503758774,195.60688503758774,-0.31944585904681494,612.3318850375878,-195.60688503758774,195.60688503758774,-0.31944585904681494
evaluation/runs/actuation_authority_220w_600s_20260716,decisions_auth_220w_signal_major_seed13_600s,diagnostic-signal-major,C:\Users\TRLAB\Documents\Codex\2026-07-15\ming2you-vissim-https-github-com-ming2you\evaluation\runs\actuation_authority_220w_600s_20260716\decisions_auth_220w_signal_major_seed13_600s\action_000360.json,C:\Users\TRLAB\Documents\Codex\2026-07-15\ming2you-vissim-https-github-com-ming2you\evaluation\runs\actuation_authority_220w_600s_20260716\decisions_auth_220w_signal_major_seed13_600s\action_000180.json,180.0,360.0,360.0,0.0,urban_link_occupancy_total_veh,231.00000000000003,424.50416154821016,-193.50416154821013,193.50416154821013,-0.4558357233589434,424.50416154821016,-193.50416154821013,193.50416154821013,-0.4558357233589434
evaluation/runs/actuation_authority_220w_600s_20260716,decisions_auth_220w_signal_major_seed13_600s,diagnostic-signal-major,C:\Users\TRLAB\Documents\Codex\2026-07-15\ming2you-vissim-https-github-com-ming2you\evaluation\runs\actuation_authority_220w_600s_20260716\decisions_auth_220w_signal_major_seed13_600s\action_000360.json,C:\Users\TRLAB\Documents\Codex\2026-07-15\ming2you-vissim-https-github-com-ming2you\evaluation\runs\actuation_authority_220w_600s_20260716\decisions_auth_220w_signal_major_seed13_600s\action_000180.json,180.0,360.0,360.0,0.0,off_ramp_storage_veh,20.40000000000002,122.21368577173169,-101.81368577173167,101.81368577173167,-0.8330792507305381,122.21368577173169,-101.81368577173167,101.81368577173167,-0.8330792507305381
evaluation/runs/actuation_authority_220w_600s_20260716,decisions_auth_220w_signal_major_seed13_600s,diagnostic-signal-major,C:\Users\TRLAB\Documents\Codex\2026-07-15\ming2you-vissim-https-github-com-ming2you\evaluation\runs\actuation_authority_220w_600s_20260716\decisions_auth_220w_signal_major_seed13_600s\action_000360.json,C:\Users\TRLAB\Documents\Codex\2026-07-15\ming2you-vissim-https-github-com-ming2you\evaluation\runs\actuation_authority_220w_600s_20260716\decisions_auth_220w_signal_major_seed13_600s\action_000180.json,180.0,360.0,360.0,0.0,ramp_queue_total_veh,12.0,29.990512397119314,-17.990512397119314,17.990512397119314,-0.5998734586091087,29.990512397119314,-17.990512397119314,17.990512397119314,-0.5998734586091087
evaluation/runs/actuation_authority_220w_600s_20260716,decisions_auth_220w_signal_major_seed13_600s,diagnostic-signal-major,C:\Users\TRLAB\Documents\Codex\2026-07-15\ming2you-vissim-https-github-com-ming2you\evaluation\runs\actuation_authority_220w_600s_20260716\decisions_auth_220w_signal_major_seed13_600s\action_000540.json,C:\Users\TRLAB\Documents\Codex\2026-07-15\ming2you-vissim-https-github-com-ming2you\evaluation\runs\actuation_authority_220w_600s_20260716\decisions_auth_220w_signal_major_seed13_600s\action_000360.json,360.0,540.0,540.0,0.0,total_model_vehicles,1094.5750000000003,1382.4580842414448,-287.8830842414445,287.8830842414445,-0.20824000924368427,1471.2336906158225,-376.65869061582225,376.65869061582225,-0.25601554193485204
evaluation/runs/actuation_authority_220w_600s_20260716,decisions_auth_220w_signal_major_seed13_600s,diagnostic-signal-major,C:\Users\TRLAB\Documents\Codex\2026-07-15\ming2you-vissim-https-github-com-ming2you\evaluation\runs\actuation_authority_220w_600s_20260716\decisions_auth_220w_signal_major_seed13_600s\action_000540.json,C:\Users\TRLAB\Documents\Codex\2026-07-15\ming2you-vissim-https-github-com-ming2you\evaluation\runs\actuation_authority_220w_600s_20260716\decisions_auth_220w_signal_major_seed13_600s\action_000360.json,360.0,540.0,540.0,0.0,freeway_total_veh,285.0,165.3675476439531,119.63245235604691,119.63245235604691,0.7234336728124144,254.14315401833093,30.856845981669068,30.856845981669068,0.12141521616373507
evaluation/runs/actuation_authority_220w_600s_20260716,decisions_auth_220w_signal_major_seed13_600s,diagnostic-signal-major,C:\Users\TRLAB\Documents\Codex\2026-07-15\ming2you-vissim-https-github-com-ming2you\evaluation\runs\actuation_authority_220w_600s_20260716\decisions_auth_220w_signal_major_seed13_600s\action_000540.json,C:\Users\TRLAB\Documents\Codex\2026-07-15\ming2you-vissim-https-github-com-ming2you\evaluation\runs\actuation_authority_220w_600s_20260716\decisions_auth_220w_signal_major_seed13_600s\action_000360.json,360.0,540.0,540.0,0.0,protected_accumulation_veh,383.59999999999974,556.85039128195,-173.25039128195027,173.25039128195027,-0.31112556261853896,556.85039128195,-173.25039128195027,173.25039128195027,-0.31112556261853896
evaluation/runs/actuation_authority_220w_600s_20260716,decisions_auth_220w_signal_major_seed13_600s,diagnostic-signal-major,C:\Users\TRLAB\Documents\Codex\2026-07-15\ming2you-vissim-https-github-com-ming2you\evaluation\runs\actuation_authority_220w_600s_20260716\decisions_auth_220w_signal_major_seed13_600s\action_000540.json,C:\Users\TRLAB\Documents\Codex\2026-07-15\ming2you-vissim-https-github-com-ming2you\evaluation\runs\actuation_authority_220w_600s_20260716\decisions_auth_220w_signal_major_seed13_600s\action_000360.json,360.0,540.0,540.0,0.0,urban_queue_plus_link_occupancy_total_veh,809.575,1232.4830867929165,-422.9080867929165,422.9080867929165,-0.34313500227689053,1217.0905365974916,-407.5155365974915,407.5155365974915,-0.3348276273158325
evaluation/runs/actuation_authority_220w_600s_20260716,decisions_auth_220w_signal_major_seed13_600s,diagnostic-signal-major,C:\Users\TRLAB\Documents\Codex\2026-07-15\ming2you-vissim-https-github-com-ming2you\evaluation\runs\actuation_authority_220w_600s_20260716\decisions_auth_220w_signal_major_seed13_600s\action_000540.json,C:\Users\TRLAB\Documents\Codex\2026-07-15\ming2you-vissim-https-github-com-ming2you\evaluation\runs\actuation_authority_220w_600s_20260716\decisions_auth_220w_signal_major_seed13_600s\action_000360.json,360.0,540.0,540.0,0.0,urban_movement_queue_total_veh,514.575,649.4796305367826,-134.90463053678252,134.90463053678252,-0.2077118730040639,649.4796305367826,-134.90463053678252,134.90463053678252,-0.2077118730040639
evaluation/runs/actuation_authority_220w_600s_20260716,decisions_auth_220w_signal_major_seed13_600s,diagnostic-signal-major,C:\Users\TRLAB\Documents\Codex\2026-07-15\ming2you-vissim-https-github-com-ming2you\evaluation\runs\actuation_authority_220w_600s_20260716\decisions_auth_220w_signal_major_seed13_600s\action_000540.json,C:\Users\TRLAB\Documents\Codex\2026-07-15\ming2you-vissim-https-github-com-ming2you\evaluation\runs\actuation_authority_220w_600s_20260716\decisions_auth_220w_signal_major_seed13_600s\action_000360.json,360.0,540.0,540.0,0.0,urban_link_occupancy_total_veh,294.99999999999994,567.610906060709,-272.61090606070906,272.61090606070906,-0.48027778034192997,567.610906060709,-272.61090606070906,272.61090606070906,-0.48027778034192997
evaluation/runs/actuation_authority_220w_600s_20260716,decisions_auth_220w_signal_major_seed13_600s,diagnostic-signal-major,C:\Users\TRLAB\Documents\Codex\2026-07-15\ming2you-vissim-https-github-com-ming2you\evaluation\runs\actuation_authority_220w_600s_20260716\decisions_auth_220w_signal_major_seed13_600s\action_000540.json,C:\Users\TRLAB\Documents\Codex\2026-07-15\ming2you-vissim-https-github-com-ming2you\evaluation\runs\actuation_authority_220w_600s_20260716\decisions_auth_220w_signal_major_seed13_600s\action_000360.json,360.0,540.0,540.0,0.0,off_ramp_storage_veh,21.39999999999999,148.37184751087457,-126.97184751087458,126.97184751087458,-0.8557677864162774,148.37184751087457,-126.97184751087458,126.97184751087458,-0.8557677864162774
evaluation/runs/actuation_authority_220w_600s_20260716,decisions_auth_220w_signal_major_seed13_600s,diagnostic-signal-major,C:\Users\TRLAB\Documents\Codex\2026-07-15\ming2you-vissim-https-github-com-ming2you\evaluation\runs\actuation_authority_220w_600s_20260716\decisions_auth_220w_signal_major_seed13_600s\action_000540.json,C:\Users\TRLAB\Documents\Codex\2026-07-15\ming2you-vissim-https-github-com-ming2you\evaluation\runs\actuation_authority_220w_600s_20260716\decisions_auth_220w_signal_major_seed13_600s\action_000360.json,360.0,540.0,540.0,0.0,ramp_queue_total_veh,5.0,41.56411169701819,-36.56411169701819,36.56411169701819,-0.8797039129225827,41.56411169701819,-36.56411169701819,36.56411169701819,-0.8797039129225827
evaluation/runs/actuation_authority_220w_600s_20260716,decisions_auth_220w_signal_minor_seed13_600s,diagnostic-signal-minor,C:\Users\TRLAB\Documents\Codex\2026-07-15\ming2you-vissim-https-github-com-ming2you\evaluation\runs\actuation_authority_220w_600s_20260716\decisions_auth_220w_signal_minor_seed13_600s\action_000180.json,C:\Users\TRLAB\Documents\Codex\2026-07-15\ming2you-vissim-https-github-com-ming2you\evaluation\runs\actuation_authority_220w_600s_20260716\decisions_auth_220w_signal_minor_seed13_600s\action_000001.json,1.0,181.0,180.0,-1.0,total_model_vehicles,602.2375,656.8014892796879,-54.56398927968792,54.56398927968792,-0.08307531296789243,735.5754202941592,-133.3379202941593,133.3379202941593,-0.18127022276089239
evaluation/runs/actuation_authority_220w_600s_20260716,decisions_auth_220w_signal_minor_seed13_600s,diagnostic-signal-minor,C:\Users\TRLAB\Documents\Codex\2026-07-15\ming2you-vissim-https-github-com-ming2you\evaluation\runs\actuation_authority_220w_600s_20260716\decisions_auth_220w_signal_minor_seed13_600s\action_000180.json,C:\Users\TRLAB\Documents\Codex\2026-07-15\ming2you-vissim-https-github-com-ming2you\evaluation\runs\actuation_authority_220w_600s_20260716\decisions_auth_220w_signal_minor_seed13_600s\action_000001.json,1.0,181.0,180.0,-1.0,freeway_total_veh,202.0,146.73683821659355,55.263161783406446,55.263161783406446,0.37661409673986745,225.51076923106496,-23.510769231064955,23.510769231064955,-0.10425563848338937
evaluation/runs/actuation_authority_220w_600s_20260716,decisions_auth_220w_signal_minor_seed13_600s,diagnostic-signal-minor,C:\Users\TRLAB\Documents\Codex\2026-07-15\ming2you-vissim-https-github-com-ming2you\evaluation\runs\actuation_authority_220w_600s_20260716\decisions_auth_220w_signal_minor_seed13_600s\action_000180.json,C:\Users\TRLAB\Documents\Codex\2026-07-15\ming2you-vissim-https-github-com-ming2you\evaluation\runs\actuation_authority_220w_600s_20260716\decisions_auth_220w_signal_minor_seed13_600s\action_000001.json,1.0,181.0,180.0,-1.0,protected_accumulation_veh,199.74999999999997,206.16510809675228,-6.415108096752306,6.415108096752306,-0.031116361812987905,206.16510809675228,-6.415108096752306,6.415108096752306,-0.031116361812987905
evaluation/runs/actuation_authority_220w_600s_20260716,decisions_auth_220w_signal_minor_seed13_600s,diagnostic-signal-minor,C:\Users\TRLAB\Documents\Codex\2026-07-15\ming2you-vissim-https-github-com-ming2you\evaluation\runs\actuation_authority_220w_600s_20260716\decisions_auth_220w_signal_minor_seed13_600s\action_000180.json,C:\Users\TRLAB\Documents\Codex\2026-07-15\ming2you-vissim-https-github-com-ming2you\evaluation\runs\actuation_authority_220w_600s_20260716\decisions_auth_220w_signal_minor_seed13_600s\action_000001.json,1.0,181.0,180.0,-1.0,urban_queue_plus_link_occupancy_total_veh,400.23749999999995,516.515441294649,-116.27794129464905,116.27794129464905,-0.22511997125041935,510.0646510630944,-109.82715106309445,109.82715106309445,-0.2153200595928161
evaluation/runs/actuation_authority_220w_600s_20260716,decisions_auth_220w_signal_minor_seed13_600s,diagnostic-signal-minor,C:\Users\TRLAB\Documents\Codex\2026-07-15\ming2you-vissim-https-github-com-ming2you\evaluation\runs\actuation_authority_220w_600s_20260716\decisions_auth_220w_signal_minor_seed13_600s\action_000180.json,C:\Users\TRLAB\Documents\Codex\2026-07-15\ming2you-vissim-https-github-com-ming2you\evaluation\runs\actuation_authority_220w_600s_20260716\decisions_auth_220w_signal_minor_seed13_600s\action_000001.json,1.0,181.0,180.0,-1.0,urban_movement_queue_total_veh,221.0375,353.5551047780763,-132.51760477807633,132.51760477807633,-0.3748145705922039,353.5551047780763,-132.51760477807633,132.51760477807633,-0.3748145705922039
evaluation/runs/actuation_authority_220w_600s_20260716,decisions_auth_220w_signal_minor_seed13_600s,diagnostic-signal-minor,C:\Users\TRLAB\Documents\Codex\2026-07-15\ming2you-vissim-https-github-com-ming2you\evaluation\runs\actuation_authority_220w_600s_20260716\decisions_auth_220w_signal_minor_seed13_600s\action_000180.json,C:\Users\TRLAB\Documents\Codex\2026-07-15\ming2you-vissim-https-github-com-ming2you\evaluation\runs\actuation_authority_220w_600s_20260716\decisions_auth_220w_signal_minor_seed13_600s\action_000001.json,1.0,181.0,180.0,-1.0,urban_link_occupancy_total_veh,179.2,156.5095462850181,22.690453714981885,22.690453714981885,0.14497808123256908,156.5095462850181,22.690453714981885,22.690453714981885,0.14497808123256908
evaluation/runs/actuation_authority_220w_600s_20260716,decisions_auth_220w_signal_minor_seed13_600s,diagnostic-signal-minor,C:\Users\TRLAB\Documents\Codex\2026-07-15\ming2you-vissim-https-github-com-ming2you\evaluation\runs\actuation_authority_220w_600s_20260716\decisions_auth_220w_signal_minor_seed13_600s\action_000180.json,C:\Users\TRLAB\Documents\Codex\2026-07-15\ming2you-vissim-https-github-com-ming2you\evaluation\runs\actuation_authority_220w_600s_20260716\decisions_auth_220w_signal_minor_seed13_600s\action_000001.json,1.0,181.0,180.0,-1.0,off_ramp_storage_veh,1.0,6.899811550841292,-5.899811550841292,5.899811550841292,-0.8550685054756213,6.899811550841292,-5.899811550841292,5.899811550841292,-0.8550685054756213
evaluation/runs/actuation_authority_220w_600s_20260716,decisions_auth_220w_signal_minor_seed13_600s,diagnostic-signal-minor,C:\Users\TRLAB\Documents\Codex\2026-07-15\ming2you-vissim-https-github-com-ming2you\evaluation\runs\actuation_authority_220w_600s_20260716\decisions_auth_220w_signal_minor_seed13_600s\action_000180.json,C:\Users\TRLAB\Documents\Codex\2026-07-15\ming2you-vissim-https-github-com-ming2you\evaluation\runs\actuation_authority_220w_600s_20260716\decisions_auth_220w_signal_minor_seed13_600s\action_000001.json,1.0,181.0,180.0,-1.0,ramp_queue_total_veh,2.0,29.417416425099095,-27.417416425099095,27.417416425099095,-0.9320130642644202,29.417416425099095,-27.417416425099095,27.417416425099095,-0.9320130642644202
evaluation/runs/actuation_authority_220w_600s_20260716,decisions_auth_220w_signal_minor_seed13_600s,diagnostic-signal-minor,C:\Users\TRLAB\Documents\Codex\2026-07-15\ming2you-vissim-https-github-com-ming2you\evaluation\runs\actuation_authority_220w_600s_20260716\decisions_auth_220w_signal_minor_seed13_600s\action_000360.json,C:\Users\TRLAB\Documents\Codex\2026-07-15\ming2you-vissim-https-github-com-ming2you\evaluation\runs\actuation_authority_220w_600s_20260716\decisions_auth_220w_signal_minor_seed13_600s\action_000180.json,180.0,360.0,360.0,0.0,total_model_vehicles,951.4750000000003,1053.0281821065075,-101.55318210650728,101.55318210650728,-0.09643918731914411,1134.8072525782263,-183.33225257822608,183.33225257822608,-0.16155364901105823
evaluation/runs/actuation_authority_220w_600s_20260716,decisions_auth_220w_signal_minor_seed13_600s,diagnostic-signal-minor,C:\Users\TRLAB\Documents\Codex\2026-07-15\ming2you-vissim-https-github-com-ming2you\evaluation\runs\actuation_authority_220w_600s_20260716\decisions_auth_220w_signal_minor_seed13_600s\action_000360.json,C:\Users\TRLAB\Documents\Codex\2026-07-15\ming2you-vissim-https-github-com-ming2you\evaluation\runs\actuation_authority_220w_600s_20260716\decisions_auth_220w_signal_minor_seed13_600s\action_000180.json,180.0,360.0,360.0,0.0,freeway_total_veh,267.0,152.33468837688824,114.66531162311176,114.66531162311176,0.7527196388745063,234.11375884860695,32.88624115139305,32.88624115139305,0.1404712021759448
evaluation/runs/actuation_authority_220w_600s_20260716,decisions_auth_220w_signal_minor_seed13_600s,diagnostic-signal-minor,C:\Users\TRLAB\Documents\Codex\2026-07-15\ming2you-vissim-https-github-com-ming2you\evaluation\runs\actuation_authority_220w_600s_20260716\decisions_auth_220w_signal_minor_seed13_600s\action_000360.json,C:\Users\TRLAB\Documents\Codex\2026-07-15\ming2you-vissim-https-github-com-ming2you\evaluation\runs\actuation_authority_220w_600s_20260716\decisions_auth_220w_signal_minor_seed13_600s\action_000180.json,180.0,360.0,360.0,0.0,protected_accumulation_veh,365.0750000000002,410.4389272541199,-45.36392725411969,45.36392725411969,-0.11052540156853344,410.4389272541199,-45.36392725411969,45.36392725411969,-0.11052540156853344
evaluation/runs/actuation_authority_220w_600s_20260716,decisions_auth_220w_signal_minor_seed13_600s,diagnostic-signal-minor,C:\Users\TRLAB\Documents\Codex\2026-07-15\ming2you-vissim-https-github-com-ming2you\evaluation\runs\actuation_authority_220w_600s_20260716\decisions_auth_220w_signal_minor_seed13_600s\action_000360.json,C:\Users\TRLAB\Documents\Codex\2026-07-15\ming2you-vissim-https-github-com-ming2you\evaluation\runs\actuation_authority_220w_600s_20260716\decisions_auth_220w_signal_minor_seed13_600s\action_000180.json,180.0,360.0,360.0,0.0,urban_queue_plus_link_occupancy_total_veh,684.4750000000001,912.0845689175708,-227.60956891757064,227.60956891757064,-0.24954875531738194,900.6934937296196,-216.21849372961947,216.21849372961947,-0.2400577946158967
evaluation/runs/actuation_authority_220w_600s_20260716,decisions_auth_220w_signal_minor_seed13_600s,diagnostic-signal-minor,C:\Users\TRLAB\Documents\Codex\2026-07-15\ming2you-vissim-https-github-com-ming2you\evaluation\runs\actuation_authority_220w_600s_20260716\decisions_auth_220w_signal_minor_seed13_600s\action_000360.json,C:\Users\TRLAB\Documents\Codex\2026-07-15\ming2you-vissim-https-github-com-ming2you\evaluation\runs\actuation_authority_220w_600s_20260716\decisions_auth_220w_signal_minor_seed13_600s\action_000180.json,180.0,360.0,360.0,0.0,urban_movement_queue_total_veh,376.375,518.8846841540337,-142.50968415403372,142.50968415403372,-0.27464615646995844,518.8846841540337,-142.50968415403372,142.50968415403372,-0.27464615646995844
evaluation/runs/actuation_authority_220w_600s_20260716,decisions_auth_220w_signal_minor_seed13_600s,diagnostic-signal-minor,C:\Users\TRLAB\Documents\Codex\2026-07-15\ming2you-vissim-https-github-com-ming2you\evaluation\runs\actuation_authority_220w_600s_20260716\decisions_auth_220w_signal_minor_seed13_600s\action_000360.json,C:\Users\TRLAB\Documents\Codex\2026-07-15\ming2you-vissim-https-github-com-ming2you\evaluation\runs\actuation_authority_220w_600s_20260716\decisions_auth_220w_signal_minor_seed13_600s\action_000180.json,180.0,360.0,360.0,0.0,urban_link_occupancy_total_veh,308.10000000000014,381.8088095755858,-73.70880957558569,73.70880957558569,-0.19305162093436118,381.8088095755858,-73.70880957558569,73.70880957558569,-0.19305162093436118
evaluation/runs/actuation_authority_220w_600s_20260716,decisions_auth_220w_signal_minor_seed13_600s,diagnostic-signal-minor,C:\Users\TRLAB\Documents\Codex\2026-07-15\ming2you-vissim-https-github-com-ming2you\evaluation\runs\actuation_authority_220w_600s_20260716\decisions_auth_220w_signal_minor_seed13_600s\action_000360.json,C:\Users\TRLAB\Documents\Codex\2026-07-15\ming2you-vissim-https-github-com-ming2you\evaluation\runs\actuation_authority_220w_600s_20260716\decisions_auth_220w_signal_minor_seed13_600s\action_000180.json,180.0,360.0,360.0,0.0,off_ramp_storage_veh,8.399999999999977,51.511547878417105,-43.11154787841713,43.11154787841713,-0.8369297692271541,51.511547878417105,-43.11154787841713,43.11154787841713,-0.8369297692271541
evaluation/runs/actuation_authority_220w_600s_20260716,decisions_auth_220w_signal_minor_seed13_600s,diagnostic-signal-minor,C:\Users\TRLAB\Documents\Codex\2026-07-15\ming2you-vissim-https-github-com-ming2you\evaluation\runs\actuation_authority_220w_600s_20260716\decisions_auth_220w_signal_minor_seed13_600s\action_000360.json,C:\Users\TRLAB\Documents\Codex\2026-07-15\ming2you-vissim-https-github-com-ming2you\evaluation\runs\actuation_authority_220w_600s_20260716\decisions_auth_220w_signal_minor_seed13_600s\action_000180.json,180.0,360.0,360.0,0.0,ramp_queue_total_veh,11.0,34.84457361111109,-23.844573611111088,23.844573611111088,-0.6843123947284473,34.84457361111109,-23.844573611111088,23.844573611111088,-0.6843123947284473
evaluation/runs/actuation_authority_220w_600s_20260716,decisions_auth_220w_signal_minor_seed13_600s,diagnostic-signal-minor,C:\Users\TRLAB\Documents\Codex\2026-07-15\ming2you-vissim-https-github-com-ming2you\evaluation\runs\actuation_authority_220w_600s_20260716\decisions_auth_220w_signal_minor_seed13_600s\action_000540.json,C:\Users\TRLAB\Documents\Codex\2026-07-15\ming2you-vissim-https-github-com-ming2you\evaluation\runs\actuation_authority_220w_600s_20260716\decisions_auth_220w_signal_minor_seed13_600s\action_000360.json,360.0,540.0,540.0,0.0,total_model_vehicles,1243.8999999999999,1406.617405705974,-162.71740570597422,162.71740570597422,-0.11567993190323646,1494.707701632682,-250.8077016326822,250.8077016326822,-0.16779715616553176
evaluation/runs/actuation_authority_220w_600s_20260716,decisions_auth_220w_signal_minor_seed13_600s,diagnostic-signal-minor,C:\Users\TRLAB\Documents\Codex\2026-07-15\ming2you-vissim-https-github-com-ming2you\evaluation\runs\actuation_authority_220w_600s_20260716\decisions_auth_220w_signal_minor_seed13_600s\action_000540.json,C:\Users\TRLAB\Documents\Codex\2026-07-15\ming2you-vissim-https-github-com-ming2you\evaluation\runs\actuation_authority_220w_600s_20260716\decisions_auth_220w_signal_minor_seed13_600s\action_000360.json,360.0,540.0,540.0,0.0,freeway_total_veh,273.0,164.09097953324914,108.90902046675086,108.90902046675086,0.6637111971452583,252.1812754599572,20.81872454004281,20.81872454004281,0.08255460086031854
evaluation/runs/actuation_authority_220w_600s_20260716,decisions_auth_220w_signal_minor_seed13_600s,diagnostic-signal-minor,C:\Users\TRLAB\Documents\Codex\2026-07-15\ming2you-vissim-https-github-com-ming2you\evaluation\runs\actuation_authority_220w_600s_20260716\decisions_auth_220w_signal_minor_seed13_600s\action_000540.json,C:\Users\TRLAB\Documents\Codex\2026-07-15\ming2you-vissim-https-github-com-ming2you\evaluation\runs\actuation_authority_220w_600s_20260716\decisions_auth_220w_signal_minor_seed13_600s\action_000360.json,360.0,540.0,540.0,0.0,protected_accumulation_veh,517.0750000000002,669.0826145270297,-152.00761452702955,152.00761452702955,-0.22718810984871093,669.0826145270297,-152.00761452702955,152.00761452702955,-0.22718810984871093
evaluation/runs/actuation_authority_220w_600s_20260716,decisions_auth_220w_signal_minor_seed13_600s,diagnostic-signal-minor,C:\Users\TRLAB\Documents\Codex\2026-07-15\ming2you-vissim-https-github-com-ming2you\evaluation\runs\actuation_authority_220w_600s_20260716\decisions_auth_220w_signal_minor_seed13_600s\action_000540.json,C:\Users\TRLAB\Documents\Codex\2026-07-15\ming2you-vissim-https-github-com-ming2you\evaluation\runs\actuation_authority_220w_600s_20260716\decisions_auth_220w_signal_minor_seed13_600s\action_000360.json,360.0,540.0,540.0,0.0,urban_queue_plus_link_occupancy_total_veh,970.9,1258.240664192744,-287.34066419274393,287.34066419274393,-0.22836701464985207,1242.5264261727248,-271.6264261727248,271.6264261727248,-0.21860816836660643
evaluation/runs/actuation_authority_220w_600s_20260716,decisions_auth_220w_signal_minor_seed13_600s,diagnostic-signal-minor,C:\Users\TRLAB\Documents\Codex\2026-07-15\ming2you-vissim-https-github-com-ming2you\evaluation\runs\actuation_authority_220w_600s_20260716\decisions_auth_220w_signal_minor_seed13_600s\action_000540.json,C:\Users\TRLAB\Documents\Codex\2026-07-15\ming2you-vissim-https-github-com-ming2you\evaluation\runs\actuation_authority_220w_600s_20260716\decisions_auth_220w_signal_minor_seed13_600s\action_000360.json,360.0,540.0,540.0,0.0,urban_movement_queue_total_veh,511.59999999999997,689.7213266949966,-178.12132669499664,178.12132669499664,-0.25825115129978304,689.7213266949966,-178.12132669499664,178.12132669499664,-0.25825115129978304
evaluation/runs/actuation_authority_220w_600s_20260716,decisions_auth_220w_signal_minor_seed13_600s,diagnostic-signal-minor,C:\Users\TRLAB\Documents\Codex\2026-07-15\ming2you-vissim-https-github-com-ming2you\evaluation\runs\actuation_authority_220w_600s_20260716\decisions_auth_220w_signal_minor_seed13_600s\action_000540.json,C:\Users\TRLAB\Documents\Codex\2026-07-15\ming2you-vissim-https-github-com-ming2you\evaluation\runs\actuation_authority_220w_600s_20260716\decisions_auth_220w_signal_minor_seed13_600s\action_000360.json,360.0,540.0,540.0,0.0,urban_link_occupancy_total_veh,459.3,552.8050994777283,-93.50509947772827,93.50509947772827,-0.1691465935572388,552.8050994777283,-93.50509947772827,93.50509947772827,-0.1691465935572388
evaluation/runs/actuation_authority_220w_600s_20260716,decisions_auth_220w_signal_minor_seed13_600s,diagnostic-signal-minor,C:\Users\TRLAB\Documents\Codex\2026-07-15\ming2you-vissim-https-github-com-ming2you\evaluation\runs\actuation_authority_220w_600s_20260716\decisions_auth_220w_signal_minor_seed13_600s\action_000540.json,C:\Users\TRLAB\Documents\Codex\2026-07-15\ming2you-vissim-https-github-com-ming2you\evaluation\runs\actuation_authority_220w_600s_20260716\decisions_auth_220w_signal_minor_seed13_600s\action_000360.json,360.0,540.0,540.0,0.0,off_ramp_storage_veh,3.0,16.703300180306968,-13.703300180306968,13.703300180306968,-0.8203947742292884,16.703300180306968,-13.703300180306968,13.703300180306968,-0.8203947742292884
evaluation/runs/actuation_authority_220w_600s_20260716,decisions_auth_220w_signal_minor_seed13_600s,diagnostic-signal-minor,C:\Users\TRLAB\Documents\Codex\2026-07-15\ming2you-vissim-https-github-com-ming2you\evaluation\runs\actuation_authority_220w_600s_20260716\decisions_auth_220w_signal_minor_seed13_600s\action_000540.json,C:\Users\TRLAB\Documents\Codex\2026-07-15\ming2you-vissim-https-github-com-ming2you\evaluation\runs\actuation_authority_220w_600s_20260716\decisions_auth_220w_signal_minor_seed13_600s\action_000360.json,360.0,540.0,540.0,0.0,ramp_queue_total_veh,2.0,34.23856457214542,-32.23856457214542,32.23856457214542,-0.9415863361974267,34.23856457214542,-32.23856457214542,32.23856457214542,-0.9415863361974267
evaluation/runs/actuation_authority_220w_600s_20260716,decisions_auth_220w_vsl80_seed13_600s,diagnostic-vsl80,C:\Users\TRLAB\Documents\Codex\2026-07-15\ming2you-vissim-https-github-com-ming2you\evaluation\runs\actuation_authority_220w_600s_20260716\decisions_auth_220w_vsl80_seed13_600s\action_000180.json,C:\Users\TRLAB\Documents\Codex\2026-07-15\ming2you-vissim-https-github-com-ming2you\evaluation\runs\actuation_authority_220w_600s_20260716\decisions_auth_220w_vsl80_seed13_600s\action_000001.json,1.0,181.0,180.0,-1.0,total_model_vehicles,687.4000000000001,651.8432793895948,35.55672061040525,35.55672061040525,0.0545479592022512,740.9307318397947,-53.53073183979461,53.53073183979461,-0.07224795725083936
evaluation/runs/actuation_authority_220w_600s_20260716,decisions_auth_220w_vsl80_seed13_600s,diagnostic-vsl80,C:\Users\TRLAB\Documents\Codex\2026-07-15\ming2you-vissim-https-github-com-ming2you\evaluation\runs\actuation_authority_220w_600s_20260716\decisions_auth_220w_vsl80_seed13_600s\action_000180.json,C:\Users\TRLAB\Documents\Codex\2026-07-15\ming2you-vissim-https-github-com-ming2you\evaluation\runs\actuation_authority_220w_600s_20260716\decisions_auth_220w_vsl80_seed13_600s\action_000001.json,1.0,181.0,180.0,-1.0,freeway_total_veh,247.0,165.94844168576464,81.05155831423536,81.05155831423536,0.4884140971188651,255.03589413596453,-8.035894135964526,8.035894135964526,-0.03150887510634263
evaluation/runs/actuation_authority_220w_600s_20260716,decisions_auth_220w_vsl80_seed13_600s,diagnostic-vsl80,C:\Users\TRLAB\Documents\Codex\2026-07-15\ming2you-vissim-https-github-com-ming2you\evaluation\runs\actuation_authority_220w_600s_20260716\decisions_auth_220w_vsl80_seed13_600s\action_000180.json,C:\Users\TRLAB\Documents\Codex\2026-07-15\ming2you-vissim-https-github-com-ming2you\evaluation\runs\actuation_authority_220w_600s_20260716\decisions_auth_220w_vsl80_seed13_600s\action_000001.json,1.0,181.0,180.0,-1.0,protected_accumulation_veh,242.62500000000014,233.71707458267397,8.907925417326169,8.907925417326169,0.038114140497574646,233.71707458267397,8.907925417326169,8.907925417326169,0.038114140497574646
evaluation/runs/actuation_authority_220w_600s_20260716,decisions_auth_220w_vsl80_seed13_600s,diagnostic-vsl80,C:\Users\TRLAB\Documents\Codex\2026-07-15\ming2you-vissim-https-github-com-ming2you\evaluation\runs\actuation_authority_220w_600s_20260716\decisions_auth_220w_vsl80_seed13_600s\action_000180.json,C:\Users\TRLAB\Documents\Codex\2026-07-15\ming2you-vissim-https-github-com-ming2you\evaluation\runs\actuation_authority_220w_600s_20260716\decisions_auth_220w_vsl80_seed13_600s\action_000001.json,1.0,181.0,180.0,-1.0,urban_queue_plus_link_occupancy_total_veh,440.4,492.0399521831219,-51.63995218312192,51.63995218312192,-0.10495073002507557,485.89483770383026,-45.494837703830285,45.494837703830285,-0.09363103736360534
evaluation/runs/actuation_authority_220w_600s_20260716,decisions_auth_220w_vsl80_seed13_600s,diagnostic-vsl80,C:\Users\TRLAB\Documents\Codex\2026-07-15\ming2you-vissim-https-github-com-ming2you\evaluation\runs\actuation_authority_220w_600s_20260716\decisions_auth_220w_vsl80_seed13_600s\action_000180.json,C:\Users\TRLAB\Documents\Codex\2026-07-15\ming2you-vissim-https-github-com-ming2you\evaluation\runs\actuation_authority_220w_600s_20260716\decisions_auth_220w_vsl80_seed13_600s\action_000001.json,1.0,181.0,180.0,-1.0,urban_movement_queue_total_veh,247.1,291.76349857090963,-44.66349857090964,44.66349857090964,-0.15308117290091622,291.76349857090963,-44.66349857090964,44.66349857090964,-0.15308117290091622
evaluation/runs/actuation_authority_220w_600s_20260716,decisions_auth_220w_vsl80_seed13_600s,diagnostic-vsl80,C:\Users\TRLAB\Documents\Codex\2026-07-15\ming2you-vissim-https-github-com-ming2you\evaluation\runs\actuation_authority_220w_600s_20260716\decisions_auth_220w_vsl80_seed13_600s\action_000180.json,C:\Users\TRLAB\Documents\Codex\2026-07-15\ming2you-vissim-https-github-com-ming2you\evaluation\runs\actuation_authority_220w_600s_20260716\decisions_auth_220w_vsl80_seed13_600s\action_000001.json,1.0,181.0,180.0,-1.0,urban_link_occupancy_total_veh,193.3,194.13133913292066,-0.8313391329206468,0.8313391329206468,-0.0042823540837547795,194.13133913292066,-0.8313391329206468,0.8313391329206468,-0.0042823540837547795
evaluation/runs/actuation_authority_220w_600s_20260716,decisions_auth_220w_vsl80_seed13_600s,diagnostic-vsl80,C:\Users\TRLAB\Documents\Codex\2026-07-15\ming2you-vissim-https-github-com-ming2you\evaluation\runs\actuation_authority_220w_600s_20260716\decisions_auth_220w_vsl80_seed13_600s\action_000180.json,C:\Users\TRLAB\Documents\Codex\2026-07-15\ming2you-vissim-https-github-com-ming2you\evaluation\runs\actuation_authority_220w_600s_20260716\decisions_auth_220w_vsl80_seed13_600s\action_000001.json,1.0,181.0,180.0,-1.0,off_ramp_storage_veh,10.600000000000009,6.482569668812403,4.117430331187606,4.117430331187606,0.6351540425391083,6.482569668812403,4.117430331187606,4.117430331187606,0.6351540425391083
evaluation/runs/actuation_authority_220w_600s_20260716,decisions_auth_220w_vsl80_seed13_600s,diagnostic-vsl80,C:\Users\TRLAB\Documents\Codex\2026-07-15\ming2you-vissim-https-github-com-ming2you\evaluation\runs\actuation_authority_220w_600s_20260716\decisions_auth_220w_vsl80_seed13_600s\action_000180.json,C:\Users\TRLAB\Documents\Codex\2026-07-15\ming2you-vissim-https-github-com-ming2you\evaluation\runs\actuation_authority_220w_600s_20260716\decisions_auth_220w_vsl80_seed13_600s\action_000001.json,1.0,181.0,180.0,-1.0,ramp_queue_total_veh,3.0,33.7185139403292,-30.718513940329203,30.718513940329203,-0.9110281074275983,33.7185139403292,-30.718513940329203,30.718513940329203,-0.9110281074275983
evaluation/runs/actuation_authority_220w_600s_20260716,decisions_auth_220w_vsl80_seed13_600s,diagnostic-vsl80,C:\Users\TRLAB\Documents\Codex\2026-07-15\ming2you-vissim-https-github-com-ming2you\evaluation\runs\actuation_authority_220w_600s_20260716\decisions_auth_220w_vsl80_seed13_600s\action_000360.json,C:\Users\TRLAB\Documents\Codex\2026-07-15\ming2you-vissim-https-github-com-ming2you\evaluation\runs\actuation_authority_220w_600s_20260716\decisions_auth_220w_vsl80_seed13_600s\action_000180.json,180.0,360.0,360.0,0.0,total_model_vehicles,847.125,1147.232894799516,-300.1078947995161,300.1078947995161,-0.261592825798428,1262.81045687575,-415.6854568757501,415.6854568757501,-0.3291748612093177
evaluation/runs/actuation_authority_220w_600s_20260716,decisions_auth_220w_vsl80_seed13_600s,diagnostic-vsl80,C:\Users\TRLAB\Documents\Codex\2026-07-15\ming2you-vissim-https-github-com-ming2you\evaluation\runs\actuation_authority_220w_600s_20260716\decisions_auth_220w_vsl80_seed13_600s\action_000360.json,C:\Users\TRLAB\Documents\Codex\2026-07-15\ming2you-vissim-https-github-com-ming2you\evaluation\runs\actuation_authority_220w_600s_20260716\decisions_auth_220w_vsl80_seed13_600s\action_000180.json,180.0,360.0,360.0,0.0,freeway_total_veh,268.0,215.29312818898242,52.70687181101758,52.70687181101758,0.24481446414189284,330.87069026521647,-62.87069026521647,62.87069026521647,-0.1900158947739406
evaluation/runs/actuation_authority_220w_600s_20260716,decisions_auth_220w_vsl80_seed13_600s,diagnostic-vsl80,C:\Users\TRLAB\Documents\Codex\2026-07-15\ming2you-vissim-https-github-com-ming2you\evaluation\runs\actuation_authority_220w_600s_20260716\decisions_auth_220w_vsl80_seed13_600s\action_000360.json,C:\Users\TRLAB\Documents\Codex\2026-07-15\ming2you-vissim-https-github-com-ming2you\evaluation\runs\actuation_authority_220w_600s_20260716\decisions_auth_220w_vsl80_seed13_600s\action_000180.json,180.0,360.0,360.0,0.0,protected_accumulation_veh,352.95,496.7414066097869,-143.79140660978692,143.79140660978692,-0.28946933896884025,496.7414066097869,-143.79140660978692,143.79140660978692,-0.28946933896884025
evaluation/runs/actuation_authority_220w_600s_20260716,decisions_auth_220w_vsl80_seed13_600s,diagnostic-vsl80,C:\Users\TRLAB\Documents\Codex\2026-07-15\ming2you-vissim-https-github-com-ming2you\evaluation\runs\actuation_authority_220w_600s_20260716\decisions_auth_220w_vsl80_seed13_600s\action_000360.json,C:\Users\TRLAB\Documents\Codex\2026-07-15\ming2you-vissim-https-github-com-ming2you\evaluation\runs\actuation_authority_220w_600s_20260716\decisions_auth_220w_vsl80_seed13_600s\action_000180.json,180.0,360.0,360.0,0.0,urban_queue_plus_link_occupancy_total_veh,579.125,943.7260135702448,-364.60101357024485,364.60101357024485,-0.38634201911093796,931.9397666105338,-352.81476661053375,352.81476661053375,-0.3785810835111389
evaluation/runs/actuation_authority_220w_600s_20260716,decisions_auth_220w_vsl80_seed13_600s,diagnostic-vsl80,C:\Users\TRLAB\Documents\Codex\2026-07-15\ming2you-vissim-https-github-com-ming2you\evaluation\runs\actuation_authority_220w_600s_20260716\decisions_auth_220w_vsl80_seed13_600s\action_000360.json,C:\Users\TRLAB\Documents\Codex\2026-07-15\ming2you-vissim-https-github-com-ming2you\evaluation\runs\actuation_authority_220w_600s_20260716\decisions_auth_220w_vsl80_seed13_600s\action_000180.json,180.0,360.0,360.0,0.0,urban_movement_queue_total_veh,275.725,473.0975671788328,-197.37256717883275,197.37256717883275,-0.41719209920228806,473.0975671788328,-197.37256717883275,197.37256717883275,-0.41719209920228806
evaluation/runs/actuation_authority_220w_600s_20260716,decisions_auth_220w_vsl80_seed13_600s,diagnostic-vsl80,C:\Users\TRLAB\Documents\Codex\2026-07-15\ming2you-vissim-https-github-com-ming2you\evaluation\runs\actuation_authority_220w_600s_20260716\decisions_auth_220w_vsl80_seed13_600s\action_000360.json,C:\Users\TRLAB\Documents\Codex\2026-07-15\ming2you-vissim-https-github-com-ming2you\evaluation\runs\actuation_authority_220w_600s_20260716\decisions_auth_220w_vsl80_seed13_600s\action_000180.json,180.0,360.0,360.0,0.0,urban_link_occupancy_total_veh,303.40000000000003,458.84219943170103,-155.442199431701,155.442199431701,-0.3387704958790275,458.84219943170103,-155.442199431701,155.442199431701,-0.3387704958790275
evaluation/runs/actuation_authority_220w_600s_20260716,decisions_auth_220w_vsl80_seed13_600s,diagnostic-vsl80,C:\Users\TRLAB\Documents\Codex\2026-07-15\ming2you-vissim-https-github-com-ming2you\evaluation\runs\actuation_authority_220w_600s_20260716\decisions_auth_220w_vsl80_seed13_600s\action_000360.json,C:\Users\TRLAB\Documents\Codex\2026-07-15\ming2you-vissim-https-github-com-ming2you\evaluation\runs\actuation_authority_220w_600s_20260716\decisions_auth_220w_vsl80_seed13_600s\action_000180.json,180.0,360.0,360.0,0.0,off_ramp_storage_veh,6.40000000000002,73.02700422766365,-66.62700422766363,66.62700422766363,-0.9123611865543896,73.02700422766365,-66.62700422766363,66.62700422766363,-0.9123611865543896
evaluation/runs/actuation_authority_220w_600s_20260716,decisions_auth_220w_vsl80_seed13_600s,diagnostic-vsl80,C:\Users\TRLAB\Documents\Codex\2026-07-15\ming2you-vissim-https-github-com-ming2you\evaluation\runs\actuation_authority_220w_600s_20260716\decisions_auth_220w_vsl80_seed13_600s\action_000360.json,C:\Users\TRLAB\Documents\Codex\2026-07-15\ming2you-vissim-https-github-com-ming2you\evaluation\runs\actuation_authority_220w_600s_20260716\decisions_auth_220w_vsl80_seed13_600s\action_000180.json,180.0,360.0,360.0,0.0,ramp_queue_total_veh,0.0,38.37629857681756,-38.37629857681756,38.37629857681756,-1.0,38.37629857681756,-38.37629857681756,38.37629857681756,-1.0
evaluation/runs/actuation_authority_220w_600s_20260716,decisions_auth_220w_vsl80_seed13_600s,diagnostic-vsl80,C:\Users\TRLAB\Documents\Codex\2026-07-15\ming2you-vissim-https-github-com-ming2you\evaluation\runs\actuation_authority_220w_600s_20260716\decisions_auth_220w_vsl80_seed13_600s\action_000540.json,C:\Users\TRLAB\Documents\Codex\2026-07-15\ming2you-vissim-https-github-com-ming2you\evaluation\runs\actuation_authority_220w_600s_20260716\decisions_auth_220w_vsl80_seed13_600s\action_000360.json,360.0,540.0,540.0,0.0,total_model_vehicles,934.3375000000001,1300.2988678378963,-365.9613678378962,365.9613678378962,-0.2814440409737551,1422.2544288531362,-487.91692885313614,487.91692885313614,-0.3430588219342568
evaluation/runs/actuation_authority_220w_600s_20260716,decisions_auth_220w_vsl80_seed13_600s,diagnostic-vsl80,C:\Users\TRLAB\Documents\Codex\2026-07-15\ming2you-vissim-https-github-com-ming2you\evaluation\runs\actuation_authority_220w_600s_20260716\decisions_auth_220w_vsl80_seed13_600s\action_000540.json,C:\Users\TRLAB\Documents\Codex\2026-07-15\ming2you-vissim-https-github-com-ming2you\evaluation\runs\actuation_authority_220w_600s_20260716\decisions_auth_220w_vsl80_seed13_600s\action_000360.json,360.0,540.0,540.0,0.0,freeway_total_veh,273.0,227.17380224454777,45.82619775545223,45.82619775545223,0.20172307415148732,349.1293632597878,-76.1293632597878,76.1293632597878,-0.2180548852980315
evaluation/runs/actuation_authority_220w_600s_20260716,decisions_auth_220w_vsl80_seed13_600s,diagnostic-vsl80,C:\Users\TRLAB\Documents\Codex\2026-07-15\ming2you-vissim-https-github-com-ming2you\evaluation\runs\actuation_authority_220w_600s_20260716\decisions_auth_220w_vsl80_seed13_600s\action_000540.json,C:\Users\TRLAB\Documents\Codex\2026-07-15\ming2you-vissim-https-github-com-ming2you\evaluation\runs\actuation_authority_220w_600s_20260716\decisions_auth_220w_vsl80_seed13_600s\action_000360.json,360.0,540.0,540.0,0.0,protected_accumulation_veh,429.0999999999999,668.4205415014607,-239.32054150146075,239.32054150146075,-0.35803887918207816,668.4205415014607,-239.32054150146075,239.32054150146075,-0.35803887918207816
evaluation/runs/actuation_authority_220w_600s_20260716,decisions_auth_220w_vsl80_seed13_600s,diagnostic-vsl80,C:\Users\TRLAB\Documents\Codex\2026-07-15\ming2you-vissim-https-github-com-ming2you\evaluation\runs\actuation_authority_220w_600s_20260716\decisions_auth_220w_vsl80_seed13_600s\action_000540.json,C:\Users\TRLAB\Documents\Codex\2026-07-15\ming2you-vissim-https-github-com-ming2you\evaluation\runs\actuation_authority_220w_600s_20260716\decisions_auth_220w_vsl80_seed13_600s\action_000360.json,360.0,540.0,540.0,0.0,urban_queue_plus_link_occupancy_total_veh,661.3375,1086.6968837460824,-425.3593837460825,425.3593837460825,-0.3914241313362153,1073.1250655933486,-411.78756559334863,411.78756559334863,-0.3837274692355308
evaluation/runs/actuation_authority_220w_600s_20260716,decisions_auth_220w_vsl80_seed13_600s,diagnostic-vsl80,C:\Users\TRLAB\Documents\Codex\2026-07-15\ming2you-vissim-https-github-com-ming2you\evaluation\runs\actuation_authority_220w_600s_20260716\decisions_auth_220w_vsl80_seed13_600s\action_000540.json,C:\Users\TRLAB\Documents\Codex\2026-07-15\ming2you-vissim-https-github-com-ming2you\evaluation\runs\actuation_authority_220w_600s_20260716\decisions_auth_220w_vsl80_seed13_600s\action_000360.json,360.0,540.0,540.0,0.0,urban_movement_queue_total_veh,304.5375,519.2461051297068,-214.70860512970683,214.70860512970683,-0.4135006560638003,519.2461051297068,-214.70860512970683,214.70860512970683,-0.4135006560638003
evaluation/runs/actuation_authority_220w_600s_20260716,decisions_auth_220w_vsl80_seed13_600s,diagnostic-vsl80,C:\Users\TRLAB\Documents\Codex\2026-07-15\ming2you-vissim-https-github-com-ming2you\evaluation\runs\actuation_authority_220w_600s_20260716\decisions_auth_220w_vsl80_seed13_600s\action_000540.json,C:\Users\TRLAB\Documents\Codex\2026-07-15\ming2you-vissim-https-github-com-ming2you\evaluation\runs\actuation_authority_220w_600s_20260716\decisions_auth_220w_vsl80_seed13_600s\action_000360.json,360.0,540.0,540.0,0.0,urban_link_occupancy_total_veh,356.79999999999995,553.8789604636418,-197.0789604636418,197.0789604636418,-0.3558159354864656,553.8789604636418,-197.0789604636418,197.0789604636418,-0.3558159354864656
evaluation/runs/actuation_authority_220w_600s_20260716,decisions_auth_220w_vsl80_seed13_600s,diagnostic-vsl80,C:\Users\TRLAB\Documents\Codex\2026-07-15\ming2you-vissim-https-github-com-ming2you\evaluation\runs\actuation_authority_220w_600s_20260716\decisions_auth_220w_vsl80_seed13_600s\action_000540.json,C:\Users\TRLAB\Documents\Codex\2026-07-15\ming2you-vissim-https-github-com-ming2you\evaluation\runs\actuation_authority_220w_600s_20260716\decisions_auth_220w_vsl80_seed13_600s\action_000360.json,360.0,540.0,540.0,0.0,off_ramp_storage_veh,13.0,7.626598215589837,5.373401784410163,5.373401784410163,0.7045607533678876,7.626598215589837,5.373401784410163,5.373401784410163,0.7045607533678876
evaluation/runs/actuation_authority_220w_600s_20260716,decisions_auth_220w_vsl80_seed13_600s,diagnostic-vsl80,C:\Users\TRLAB\Documents\Codex\2026-07-15\ming2you-vissim-https-github-com-ming2you\evaluation\runs\actuation_authority_220w_600s_20260716\decisions_auth_220w_vsl80_seed13_600s\action_000540.json,C:\Users\TRLAB\Documents\Codex\2026-07-15\ming2you-vissim-https-github-com-ming2you\evaluation\runs\actuation_authority_220w_600s_20260716\decisions_auth_220w_vsl80_seed13_600s\action_000360.json,360.0,540.0,540.0,0.0,ramp_queue_total_veh,20.0,39.768513940329186,-19.768513940329186,19.768513940329186,-0.4970895812197289,39.768513940329186,-19.768513940329186,19.768513940329186,-0.4970895812197289
evaluation/runs/pstack_decision_balanced_ladder_20260716,decisions_pstack_220w_decision_balanced_seed13,stackelberg-wu-metered,C:\Users\TRLAB\Documents\Codex\2026-07-15\ming2you-vissim-https-github-com-ming2you\evaluation\runs\pstack_decision_balanced_ladder_20260716\decisions_pstack_220w_decision_balanced_seed13\action_000180.json,C:\Users\TRLAB\Documents\Codex\2026-07-15\ming2you-vissim-https-github-com-ming2you\evaluation\runs\pstack_decision_balanced_ladder_20260716\decisions_pstack_220w_decision_balanced_seed13\action_000001.json,1.0,181.0,180.0,-1.0,total_model_vehicles,634.1500000000001,608.8001763770233,25.349823622976828,25.349823622976828,0.04163898863143226,691.2457399754271,-57.09573997542702,57.09573997542702,-0.0825983245516373
evaluation/runs/pstack_decision_balanced_ladder_20260716,decisions_pstack_220w_decision_balanced_seed13,stackelberg-wu-metered,C:\Users\TRLAB\Documents\Codex\2026-07-15\ming2you-vissim-https-github-com-ming2you\evaluation\runs\pstack_decision_balanced_ladder_20260716\decisions_pstack_220w_decision_balanced_seed13\action_000180.json,C:\Users\TRLAB\Documents\Codex\2026-07-15\ming2you-vissim-https-github-com-ming2you\evaluation\runs\pstack_decision_balanced_ladder_20260716\decisions_pstack_220w_decision_balanced_seed13\action_000001.json,1.0,181.0,180.0,-1.0,freeway_total_veh,197.0,153.57620435613907,43.42379564386093,43.42379564386093,0.2827508065192334,236.02176795454295,-39.02176795454295,39.02176795454295,-0.16533122471169023
evaluation/runs/pstack_decision_balanced_ladder_20260716,decisions_pstack_220w_decision_balanced_seed13,stackelberg-wu-metered,C:\Users\TRLAB\Documents\Codex\2026-07-15\ming2you-vissim-https-github-com-ming2you\evaluation\runs\pstack_decision_balanced_ladder_20260716\decisions_pstack_220w_decision_balanced_seed13\action_000180.json,C:\Users\TRLAB\Documents\Codex\2026-07-15\ming2you-vissim-https-github-com-ming2you\evaluation\runs\pstack_decision_balanced_ladder_20260716\decisions_pstack_220w_decision_balanced_seed13\action_000001.json,1.0,181.0,180.0,-1.0,protected_accumulation_veh,240.77500000000015,317.62799914911307,-76.85299914911292,76.85299914911292,-0.24195914514776026,317.62799914911307,-76.85299914911292,76.85299914911292,-0.24195914514776026
evaluation/runs/pstack_decision_balanced_ladder_20260716,decisions_pstack_220w_decision_balanced_seed13,stackelberg-wu-metered,C:\Users\TRLAB\Documents\Codex\2026-07-15\ming2you-vissim-https-github-com-ming2you\evaluation\runs\pstack_decision_balanced_ladder_20260716\decisions_pstack_220w_decision_balanced_seed13\action_000180.json,C:\Users\TRLAB\Documents\Codex\2026-07-15\ming2you-vissim-https-github-com-ming2you\evaluation\runs\pstack_decision_balanced_ladder_20260716\decisions_pstack_220w_decision_balanced_seed13\action_000001.json,1.0,181.0,180.0,-1.0,urban_queue_plus_link_occupancy_total_veh,437.15000000000003,460.9811919061699,-23.831191906169863,23.831191906169863,-0.05169666859428088,455.22397202088416,-18.073972020884128,18.073972020884128,-0.039703471547528596
evaluation/runs/pstack_decision_balanced_ladder_20260716,decisions_pstack_220w_decision_balanced_seed13,stackelberg-wu-metered,C:\Users\TRLAB\Documents\Codex\2026-07-15\ming2you-vissim-https-github-com-ming2you\evaluation\runs\pstack_decision_balanced_ladder_20260716\decisions_pstack_220w_decision_balanced_seed13\action_000180.json,C:\Users\TRLAB\Documents\Codex\2026-07-15\ming2you-vissim-https-github-com-ming2you\evaluation\runs\pstack_decision_balanced_ladder_20260716\decisions_pstack_220w_decision_balanced_seed13\action_000001.json,1.0,181.0,180.0,-1.0,urban_movement_queue_total_veh,241.65,209.4729171433907,32.1770828566093,32.1770828566093,0.15360975201669194,209.4729171433907,32.1770828566093,32.1770828566093,0.15360975201669194
evaluation/runs/pstack_decision_balanced_ladder_20260716,decisions_pstack_220w_decision_balanced_seed13,stackelberg-wu-metered,C:\Users\TRLAB\Documents\Codex\2026-07-15\ming2you-vissim-https-github-com-ming2you\evaluation\runs\pstack_decision_balanced_ladder_20260716\decisions_pstack_220w_decision_balanced_seed13\action_000180.json,C:\Users\TRLAB\Documents\Codex\2026-07-15\ming2you-vissim-https-github-com-ming2you\evaluation\runs\pstack_decision_balanced_ladder_20260716\decisions_pstack_220w_decision_balanced_seed13\action_000001.json,1.0,181.0,180.0,-1.0,urban_link_occupancy_total_veh,195.50000000000003,245.7510548774935,-50.25105487749346,50.25105487749346,-0.20447950834857467,245.7510548774935,-50.25105487749346,50.25105487749346,-0.20447950834857467
evaluation/runs/pstack_decision_balanced_ladder_20260716,decisions_pstack_220w_decision_balanced_seed13,stackelberg-wu-metered,C:\Users\TRLAB\Documents\Codex\2026-07-15\ming2you-vissim-https-github-com-ming2you\evaluation\runs\pstack_decision_balanced_ladder_20260716\decisions_pstack_220w_decision_balanced_seed13\action_000180.json,C:\Users\TRLAB\Documents\Codex\2026-07-15\ming2you-vissim-https-github-com-ming2you\evaluation\runs\pstack_decision_balanced_ladder_20260716\decisions_pstack_220w_decision_balanced_seed13\action_000001.json,1.0,181.0,180.0,-1.0,off_ramp_storage_veh,9.200000000000003,6.8600836422247085,2.3399163577752944,2.3399163577752944,0.34109152013436167,6.8600836422247085,2.3399163577752944,2.3399163577752944,0.34109152013436167
evaluation/runs/pstack_decision_balanced_ladder_20260716,decisions_pstack_220w_decision_balanced_seed13,stackelberg-wu-metered,C:\Users\TRLAB\Documents\Codex\2026-07-15\ming2you-vissim-https-github-com-ming2you\evaluation\runs\pstack_decision_balanced_ladder_20260716\decisions_pstack_220w_decision_balanced_seed13\action_000180.json,C:\Users\TRLAB\Documents\Codex\2026-07-15\ming2you-vissim-https-github-com-ming2you\evaluation\runs\pstack_decision_balanced_ladder_20260716\decisions_pstack_220w_decision_balanced_seed13\action_000001.json,1.0,181.0,180.0,-1.0,ramp_queue_total_veh,3.0,41.8855160161675,-38.8855160161675,38.8855160161675,-0.9283761957512467,41.8855160161675,-38.8855160161675,38.8855160161675,-0.9283761957512467
evaluation/runs/pstack_decision_balanced_ladder_20260716,decisions_pstack_220w_decision_balanced_seed13,stackelberg-wu-metered,C:\Users\TRLAB\Documents\Codex\2026-07-15\ming2you-vissim-https-github-com-ming2you\evaluation\runs\pstack_decision_balanced_ladder_20260716\decisions_pstack_220w_decision_balanced_seed13\action_000360.json,C:\Users\TRLAB\Documents\Codex\2026-07-15\ming2you-vissim-https-github-com-ming2you\evaluation\runs\pstack_decision_balanced_ladder_20260716\decisions_pstack_220w_decision_balanced_seed13\action_000180.json,180.0,360.0,360.0,0.0,total_model_vehicles,830.3749999999999,1004.2602706555522,-173.8852706555523,173.8852706555523,-0.17314761495249134,1088.3624786654755,-257.9874786654756,257.9874786654756,-0.23704187136422947
evaluation/runs/pstack_decision_balanced_ladder_20260716,decisions_pstack_220w_decision_balanced_seed13,stackelberg-wu-metered,C:\Users\TRLAB\Documents\Codex\2026-07-15\ming2you-vissim-https-github-com-ming2you\evaluation\runs\pstack_decision_balanced_ladder_20260716\decisions_pstack_220w_decision_balanced_seed13\action_000360.json,C:\Users\TRLAB\Documents\Codex\2026-07-15\ming2you-vissim-https-github-com-ming2you\evaluation\runs\pstack_decision_balanced_ladder_20260716\decisions_pstack_220w_decision_balanced_seed13\action_000180.json,180.0,360.0,360.0,0.0,freeway_total_veh,276.0,156.66213341750455,119.33786658249545,119.33786658249545,0.7617531051007717,240.7643414274279,35.235658572572106,35.235658572572106,0.14634915770196383
evaluation/runs/pstack_decision_balanced_ladder_20260716,decisions_pstack_220w_decision_balanced_seed13,stackelberg-wu-metered,C:\Users\TRLAB\Documents\Codex\2026-07-15\ming2you-vissim-https-github-com-ming2you\evaluation\runs\pstack_decision_balanced_ladder_20260716\decisions_pstack_220w_decision_balanced_seed13\action_000360.json,C:\Users\TRLAB\Documents\Codex\2026-07-15\ming2you-vissim-https-github-com-ming2you\evaluation\runs\pstack_decision_balanced_ladder_20260716\decisions_pstack_220w_decision_balanced_seed13\action_000180.json,180.0,360.0,360.0,0.0,protected_accumulation_veh,332.30000000000007,608.2179263198252,-275.91792631982514,275.91792631982514,-0.45364977646965393,608.2179263198252,-275.91792631982514,275.91792631982514,-0.45364977646965393
evaluation/runs/pstack_decision_balanced_ladder_20260716,decisions_pstack_220w_decision_balanced_seed13,stackelberg-wu-metered,C:\Users\TRLAB\Documents\Codex\2026-07-15\ming2you-vissim-https-github-com-ming2you\evaluation\runs\pstack_decision_balanced_ladder_20260716\decisions_pstack_220w_decision_balanced_seed13\action_000360.json,C:\Users\TRLAB\Documents\Codex\2026-07-15\ming2you-vissim-https-github-com-ming2you\evaluation\runs\pstack_decision_balanced_ladder_20260716\decisions_pstack_220w_decision_balanced_seed13\action_000180.json,180.0,360.0,360.0,0.0,urban_queue_plus_link_occupancy_total_veh,554.375,858.3177151828888,-303.94271518288883,303.94271518288883,-0.35411446112134043,847.5981372380477,-293.2231372380477,293.2231372380477,-0.34594594343203006
evaluation/runs/pstack_decision_balanced_ladder_20260716,decisions_pstack_220w_decision_balanced_seed13,stackelberg-wu-metered,C:\Users\TRLAB\Documents\Codex\2026-07-15\ming2you-vissim-https-github-com-ming2you\evaluation\runs\pstack_decision_balanced_ladder_20260716\decisions_pstack_220w_decision_balanced_seed13\action_000360.json,C:\Users\TRLAB\Documents\Codex\2026-07-15\ming2you-vissim-https-github-com-ming2you\evaluation\runs\pstack_decision_balanced_ladder_20260716\decisions_pstack_220w_decision_balanced_seed13\action_000180.json,180.0,360.0,360.0,0.0,urban_movement_queue_total_veh,259.47499999999997,315.60838248781903,-56.13338248781906,56.13338248781906,-0.1778577046824336,315.60838248781903,-56.13338248781906,56.13338248781906,-0.1778577046824336
evaluation/runs/pstack_decision_balanced_ladder_20260716,decisions_pstack_220w_decision_balanced_seed13,stackelberg-wu-metered,C:\Users\TRLAB\Documents\Codex\2026-07-15\ming2you-vissim-https-github-com-ming2you\evaluation\runs\pstack_decision_balanced_ladder_20260716\decisions_pstack_220w_decision_balanced_seed13\action_000360.json,C:\Users\TRLAB\Documents\Codex\2026-07-15\ming2you-vissim-https-github-com-ming2you\evaluation\runs\pstack_decision_balanced_ladder_20260716\decisions_pstack_220w_decision_balanced_seed13\action_000180.json,180.0,360.0,360.0,0.0,urban_link_occupancy_total_veh,294.90000000000003,531.9897547502287,-237.08975475022868,237.08975475022868,-0.44566601637195674,531.9897547502287,-237.08975475022868,237.08975475022868,-0.44566601637195674
evaluation/runs/pstack_decision_balanced_ladder_20260716,decisions_pstack_220w_decision_balanced_seed13,stackelberg-wu-metered,C:\Users\TRLAB\Documents\Codex\2026-07-15\ming2you-vissim-https-github-com-ming2you\evaluation\runs\pstack_decision_balanced_ladder_20260716\decisions_pstack_220w_decision_balanced_seed13\action_000360.json,C:\Users\TRLAB\Documents\Codex\2026-07-15\ming2you-vissim-https-github-com-ming2you\evaluation\runs\pstack_decision_balanced_ladder_20260716\decisions_pstack_220w_decision_balanced_seed13\action_000180.json,180.0,360.0,360.0,0.0,off_ramp_storage_veh,2.40000000000002,69.02732608814102,-66.627326088141,66.627326088141,-0.9652311608168704,69.02732608814102,-66.627326088141,66.627326088141,-0.9652311608168704
evaluation/runs/pstack_decision_balanced_ladder_20260716,decisions_pstack_220w_decision_balanced_seed13,stackelberg-wu-metered,C:\Users\TRLAB\Documents\Codex\2026-07-15\ming2you-vissim-https-github-com-ming2you\evaluation\runs\pstack_decision_balanced_ladder_20260716\decisions_pstack_220w_decision_balanced_seed13\action_000360.json,C:\Users\TRLAB\Documents\Codex\2026-07-15\ming2you-vissim-https-github-com-ming2you\evaluation\runs\pstack_decision_balanced_ladder_20260716\decisions_pstack_220w_decision_balanced_seed13\action_000180.json,180.0,360.0,360.0,0.0,ramp_queue_total_veh,1.0,50.70102697633952,-49.70102697633952,49.70102697633952,-0.9802765336397098,50.70102697633952,-49.70102697633952,49.70102697633952,-0.9802765336397098
evaluation/runs/pstack_decision_balanced_ladder_20260716,decisions_pstack_220w_decision_balanced_seed13,stackelberg-wu-metered,C:\Users\TRLAB\Documents\Codex\2026-07-15\ming2you-vissim-https-github-com-ming2you\evaluation\runs\pstack_decision_balanced_ladder_20260716\decisions_pstack_220w_decision_balanced_seed13\action_000540.json,C:\Users\TRLAB\Documents\Codex\2026-07-15\ming2you-vissim-https-github-com-ming2you\evaluation\runs\pstack_decision_balanced_ladder_20260716\decisions_pstack_220w_decision_balanced_seed13\action_000360.json,360.0,540.0,540.0,0.0,total_model_vehicles,923.4999999999999,1168.301787532409,-244.8017875324091,244.8017875324091,-0.20953643154947088,1253.6677386983433,-330.16773869834344,330.16773869834344,-0.2633614382078218
evaluation/runs/pstack_decision_balanced_ladder_20260716,decisions_pstack_220w_decision_balanced_seed13,stackelberg-wu-metered,C:\Users\TRLAB\Documents\Codex\2026-07-15\ming2you-vissim-https-github-com-ming2you\evaluation\runs\pstack_decision_balanced_ladder_20260716\decisions_pstack_220w_decision_balanced_seed13\action_000540.json,C:\Users\TRLAB\Documents\Codex\2026-07-15\ming2you-vissim-https-github-com-ming2you\evaluation\runs\pstack_decision_balanced_ladder_20260716\decisions_pstack_220w_decision_balanced_seed13\action_000360.json,360.0,540.0,540.0,0.0,freeway_total_veh,276.0,159.01618218265838,116.98381781734162,116.98381781734162,0.7356724090065556,244.38213334859284,31.617866651407155,31.617866651407155,0.129378797943083
evaluation/runs/pstack_decision_balanced_ladder_20260716,decisions_pstack_220w_decision_balanced_seed13,stackelberg-wu-metered,C:\Users\TRLAB\Documents\Codex\2026-07-15\ming2you-vissim-https-github-com-ming2you\evaluation\runs\pstack_decision_balanced_ladder_20260716\decisions_pstack_220w_decision_balanced_seed13\action_000540.json,C:\Users\TRLAB\Documents\Codex\2026-07-15\ming2you-vissim-https-github-com-ming2you\evaluation\runs\pstack_decision_balanced_ladder_20260716\decisions_pstack_220w_decision_balanced_seed13\action_000360.json,360.0,540.0,540.0,0.0,protected_accumulation_veh,415.47499999999985,768.966121735922,-353.49112173592215,353.49112173592215,-0.45969661308085286,768.966121735922,-353.49112173592215,353.49112173592215,-0.45969661308085286
evaluation/runs/pstack_decision_balanced_ladder_20260716,decisions_pstack_220w_decision_balanced_seed13,stackelberg-wu-metered,C:\Users\TRLAB\Documents\Codex\2026-07-15\ming2you-vissim-https-github-com-ming2you\evaluation\runs\pstack_decision_balanced_ladder_20260716\decisions_pstack_220w_decision_balanced_seed13\action_000540.json,C:\Users\TRLAB\Documents\Codex\2026-07-15\ming2you-vissim-https-github-com-ming2you\evaluation\runs\pstack_decision_balanced_ladder_20260716\decisions_pstack_220w_decision_balanced_seed13\action_000360.json,360.0,540.0,540.0,0.0,urban_queue_plus_link_occupancy_total_veh,647.5,1022.0500455246759,-374.55004552467585,374.55004552467585,-0.3664693790335856,1009.285605349751,-361.785605349751,361.785605349751,-0.3584571140538364
evaluation/runs/pstack_decision_balanced_ladder_20260716,decisions_pstack_220w_decision_balanced_seed13,stackelberg-wu-metered,C:\Users\TRLAB\Documents\Codex\2026-07-15\ming2you-vissim-https-github-com-ming2you\evaluation\runs\pstack_decision_balanced_ladder_20260716\decisions_pstack_220w_decision_balanced_seed13\action_000540.json,C:\Users\TRLAB\Documents\Codex\2026-07-15\ming2you-vissim-https-github-com-ming2you\evaluation\runs\pstack_decision_balanced_ladder_20260716\decisions_pstack_220w_decision_balanced_seed13\action_000360.json,360.0,540.0,540.0,0.0,urban_movement_queue_total_veh,297.4,390.68701589071225,-93.28701589071227,93.28701589071227,-0.23877685230472992,390.68701589071225,-93.28701589071227,93.28701589071227,-0.23877685230472992
evaluation/runs/pstack_decision_balanced_ladder_20260716,decisions_pstack_220w_decision_balanced_seed13,stackelberg-wu-metered,C:\Users\TRLAB\Documents\Codex\2026-07-15\ming2you-vissim-https-github-com-ming2you\evaluation\runs\pstack_decision_balanced_ladder_20260716\decisions_pstack_220w_decision_balanced_seed13\action_000540.json,C:\Users\TRLAB\Documents\Codex\2026-07-15\ming2you-vissim-https-github-com-ming2you\evaluation\runs\pstack_decision_balanced_ladder_20260716\decisions_pstack_220w_decision_balanced_seed13\action_000360.json,360.0,540.0,540.0,0.0,urban_link_occupancy_total_veh,350.09999999999997,618.5985894590387,-268.4985894590388,268.4985894590388,-0.43404332637395665,618.5985894590387,-268.4985894590388,268.4985894590388,-0.43404332637395665
evaluation/runs/pstack_decision_balanced_ladder_20260716,decisions_pstack_220w_decision_balanced_seed13,stackelberg-wu-metered,C:\Users\TRLAB\Documents\Codex\2026-07-15\ming2you-vissim-https-github-com-ming2you\evaluation\runs\pstack_decision_balanced_ladder_20260716\decisions_pstack_220w_decision_balanced_seed13\action_000540.json,C:\Users\TRLAB\Documents\Codex\2026-07-15\ming2you-vissim-https-github-com-ming2you\evaluation\runs\pstack_decision_balanced_ladder_20260716\decisions_pstack_220w_decision_balanced_seed13\action_000360.json,360.0,540.0,540.0,0.0,off_ramp_storage_veh,10.799999999999997,10.695618573356754,0.10438142664324346,0.10438142664324346,0.009759269735297225,10.695618573356754,0.10438142664324346,0.10438142664324346,0.009759269735297225
evaluation/runs/pstack_decision_balanced_ladder_20260716,decisions_pstack_220w_decision_balanced_seed13,stackelberg-wu-metered,C:\Users\TRLAB\Documents\Codex\2026-07-15\ming2you-vissim-https-github-com-ming2you\evaluation\runs\pstack_decision_balanced_ladder_20260716\decisions_pstack_220w_decision_balanced_seed13\action_000540.json,C:\Users\TRLAB\Documents\Codex\2026-07-15\ming2you-vissim-https-github-com-ming2you\evaluation\runs\pstack_decision_balanced_ladder_20260716\decisions_pstack_220w_decision_balanced_seed13\action_000360.json,360.0,540.0,540.0,0.0,ramp_queue_total_veh,25.0,59.60122059459057,-34.60122059459057,34.60122059459057,-0.5805455030854014,59.60122059459057,-34.60122059459057,34.60122059459057,-0.5805455030854014
evaluation/runs/pstack_decision_balanced_ladder_20260716,decisions_pstack_220w_decision_balanced_seed13,stackelberg-wu-metered,C:\Users\TRLAB\Documents\Codex\2026-07-15\ming2you-vissim-https-github-com-ming2you\evaluation\runs\pstack_decision_balanced_ladder_20260716\decisions_pstack_220w_decision_balanced_seed13\action_000720.json,C:\Users\TRLAB\Documents\Codex\2026-07-15\ming2you-vissim-https-github-com-ming2you\evaluation\runs\pstack_decision_balanced_ladder_20260716\decisions_pstack_220w_decision_balanced_seed13\action_000540.json,540.0,720.0,720.0,0.0,total_model_vehicles,1004.5749999999999,1248.190571388964,-243.61557138896399,243.61557138896399,-0.19517498126738209,1348.3824036227368,-343.80740362273684,343.80740362273684,-0.2549776700578559
evaluation/runs/pstack_decision_balanced_ladder_20260716,decisions_pstack_220w_decision_balanced_seed13,stackelberg-wu-metered,C:\Users\TRLAB\Documents\Codex\2026-07-15\ming2you-vissim-https-github-com-ming2you\evaluation\runs\pstack_decision_balanced_ladder_20260716\decisions_pstack_220w_decision_balanced_seed13\action_000720.json,C:\Users\TRLAB\Documents\Codex\2026-07-15\ming2you-vissim-https-github-com-ming2you\evaluation\runs\pstack_decision_balanced_ladder_20260716\decisions_pstack_220w_decision_balanced_seed13\action_000540.json,540.0,720.0,720.0,0.0,freeway_total_veh,266.0,186.63322355222274,79.36677644777726,79.36677644777726,0.42525534809491866,286.82505578599563,-20.82505578599563,20.82505578599563,-0.0726054274753929
evaluation/runs/pstack_decision_balanced_ladder_20260716,decisions_pstack_220w_decision_balanced_seed13,stackelberg-wu-metered,C:\Users\TRLAB\Documents\Codex\2026-07-15\ming2you-vissim-https-github-com-ming2you\evaluation\runs\pstack_decision_balanced_ladder_20260716\decisions_pstack_220w_decision_balanced_seed13\action_000720.json,C:\Users\TRLAB\Documents\Codex\2026-07-15\ming2you-vissim-https-github-com-ming2you\evaluation\runs\pstack_decision_balanced_ladder_20260716\decisions_pstack_220w_decision_balanced_seed13\action_000540.json,540.0,720.0,720.0,0.0,protected_accumulation_veh,453.0250000000001,772.5054858087228,-319.48048580872273,319.48048580872273,-0.4135640350492321,772.5054858087228,-319.48048580872273,319.48048580872273,-0.4135640350492321
evaluation/runs/pstack_decision_balanced_ladder_20260716,decisions_pstack_220w_decision_balanced_seed13,stackelberg-wu-metered,C:\Users\TRLAB\Documents\Codex\2026-07-15\ming2you-vissim-https-github-com-ming2you\evaluation\runs\pstack_decision_balanced_ladder_20260716\decisions_pstack_220w_decision_balanced_seed13\action_000720.json,C:\Users\TRLAB\Documents\Codex\2026-07-15\ming2you-vissim-https-github-com-ming2you\evaluation\runs\pstack_decision_balanced_ladder_20260716\decisions_pstack_220w_decision_balanced_seed13\action_000540.json,540.0,720.0,720.0,0.0,urban_queue_plus_link_occupancy_total_veh,738.575,1074.9828690042787,-336.4078690042786,336.4078690042786,-0.31294253955496254,1061.5573478367412,-322.98234783674116,322.98234783674116,-0.30425332036457553
evaluation/runs/pstack_decision_balanced_ladder_20260716,decisions_pstack_220w_decision_balanced_seed13,stackelberg-wu-metered,C:\Users\TRLAB\Documents\Codex\2026-07-15\ming2you-vissim-https-github-com-ming2you\evaluation\runs\pstack_decision_balanced_ladder_20260716\decisions_pstack_220w_decision_balanced_seed13\action_000720.json,C:\Users\TRLAB\Documents\Codex\2026-07-15\ming2you-vissim-https-github-com-ming2you\evaluation\runs\pstack_decision_balanced_ladder_20260716\decisions_pstack_220w_decision_balanced_seed13\action_000540.json,540.0,720.0,720.0,0.0,urban_movement_queue_total_veh,348.075,366.8120727867173,-18.737072786717306,18.737072786717306,-0.051080850868319067,366.8120727867173,-18.737072786717306,18.737072786717306,-0.051080850868319067
evaluation/runs/pstack_decision_balanced_ladder_20260716,decisions_pstack_220w_decision_balanced_seed13,stackelberg-wu-metered,C:\Users\TRLAB\Documents\Codex\2026-07-15\ming2you-vissim-https-github-com-ming2you\evaluation\runs\pstack_decision_balanced_ladder_20260716\decisions_pstack_220w_decision_balanced_seed13\action_000720.json,C:\Users\TRLAB\Documents\Codex\2026-07-15\ming2you-vissim-https-github-com-ming2you\evaluation\runs\pstack_decision_balanced_ladder_20260716\decisions_pstack_220w_decision_balanced_seed13\action_000540.json,540.0,720.0,720.0,0.0,urban_link_occupancy_total_veh,390.5,694.7452750500239,-304.2452750500239,304.2452750500239,-0.4379234893366022,694.7452750500239,-304.2452750500239,304.2452750500239,-0.4379234893366022
evaluation/runs/pstack_decision_balanced_ladder_20260716,decisions_pstack_220w_decision_balanced_seed13,stackelberg-wu-metered,C:\Users\TRLAB\Documents\Codex\2026-07-15\ming2you-vissim-https-github-com-ming2you\evaluation\runs\pstack_decision_balanced_ladder_20260716\decisions_pstack_220w_decision_balanced_seed13\action_000720.json,C:\Users\TRLAB\Documents\Codex\2026-07-15\ming2you-vissim-https-github-com-ming2you\evaluation\runs\pstack_decision_balanced_ladder_20260716\decisions_pstack_220w_decision_balanced_seed13\action_000540.json,540.0,720.0,720.0,0.0,off_ramp_storage_veh,8.0,94.69255894692226,-86.69255894692226,86.69255894692226,-0.9155160649477831,94.69255894692226,-86.69255894692226,86.69255894692226,-0.9155160649477831
evaluation/runs/pstack_decision_balanced_ladder_20260716,decisions_pstack_220w_decision_balanced_seed13,stackelberg-wu-metered,C:\Users\TRLAB\Documents\Codex\2026-07-15\ming2you-vissim-https-github-com-ming2you\evaluation\runs\pstack_decision_balanced_ladder_20260716\decisions_pstack_220w_decision_balanced_seed13\action_000720.json,C:\Users\TRLAB\Documents\Codex\2026-07-15\ming2you-vissim-https-github-com-ming2you\evaluation\runs\pstack_decision_balanced_ladder_20260716\decisions_pstack_220w_decision_balanced_seed13\action_000540.json,540.0,720.0,720.0,0.0,ramp_queue_total_veh,12.0,55.65705532451,-43.65705532451,43.65705532451,-0.7843939114271556,55.65705532451,-43.65705532451,43.65705532451,-0.7843939114271556
evaluation/runs/pstack_decision_balanced_ladder_20260716,decisions_pstack_220w_decision_balanced_seed13,stackelberg-wu-metered,C:\Users\TRLAB\Documents\Codex\2026-07-15\ming2you-vissim-https-github-com-ming2you\evaluation\runs\pstack_decision_balanced_ladder_20260716\decisions_pstack_220w_decision_balanced_seed13\action_000900.json,C:\Users\TRLAB\Documents\Codex\2026-07-15\ming2you-vissim-https-github-com-ming2you\evaluation\runs\pstack_decision_balanced_ladder_20260716\decisions_pstack_220w_decision_balanced_seed13\action_000720.json,720.0,900.0,900.0,0.0,total_model_vehicles,1087.8000000000002,1298.434412911373,-210.63441291137292,210.63441291137292,-0.16222183486271335,1385.4484657532607,-297.64846575326055,297.64846575326055,-0.21483907421372814
evaluation/runs/pstack_decision_balanced_ladder_20260716,decisions_pstack_220w_decision_balanced_seed13,stackelberg-wu-metered,C:\Users\TRLAB\Documents\Codex\2026-07-15\ming2you-vissim-https-github-com-ming2you\evaluation\runs\pstack_decision_balanced_ladder_20260716\decisions_pstack_220w_decision_balanced_seed13\action_000900.json,C:\Users\TRLAB\Documents\Codex\2026-07-15\ming2you-vissim-https-github-com-ming2you\evaluation\runs\pstack_decision_balanced_ladder_20260716\decisions_pstack_220w_decision_balanced_seed13\action_000720.json,720.0,900.0,900.0,0.0,freeway_total_veh,261.0,162.08619818762836,98.91380181237164,98.91380181237164,0.610254314792865,249.1002510295159,11.899748970484097,11.899748970484097,0.04777092323794606
evaluation/runs/pstack_decision_balanced_ladder_20260716,decisions_pstack_220w_decision_balanced_seed13,stackelberg-wu-metered,C:\Users\TRLAB\Documents\Codex\2026-07-15\ming2you-vissim-https-github-com-ming2you\evaluation\runs\pstack_decision_balanced_ladder_20260716\decisions_pstack_220w_decision_balanced_seed13\action_000900.json,C:\Users\TRLAB\Documents\Codex\2026-07-15\ming2you-vissim-https-github-com-ming2you\evaluation\runs\pstack_decision_balanced_ladder_20260716\decisions_pstack_220w_decision_balanced_seed13\action_000720.json,720.0,900.0,900.0,0.0,protected_accumulation_veh,498.22500000000014,879.4162455394763,-381.1912455394762,381.1912455394762,-0.4334594084120371,879.4162455394763,-381.1912455394762,381.1912455394762,-0.4334594084120371
evaluation/runs/pstack_decision_balanced_ladder_20260716,decisions_pstack_220w_decision_balanced_seed13,stackelberg-wu-metered,C:\Users\TRLAB\Documents\Codex\2026-07-15\ming2you-vissim-https-github-com-ming2you\evaluation\runs\pstack_decision_balanced_ladder_20260716\decisions_pstack_220w_decision_balanced_seed13\action_000900.json,C:\Users\TRLAB\Documents\Codex\2026-07-15\ming2you-vissim-https-github-com-ming2you\evaluation\runs\pstack_decision_balanced_ladder_20260716\decisions_pstack_220w_decision_balanced_seed13\action_000720.json,720.0,900.0,900.0,0.0,urban_queue_plus_link_occupancy_total_veh,826.8,1150.7196163645099,-323.9196163645099,323.9196163645099,-0.2814930863765713,1136.3482147237448,-309.5482147237449,309.5482147237449,-0.27240612579217055
evaluation/runs/pstack_decision_balanced_ladder_20260716,decisions_pstack_220w_decision_balanced_seed13,stackelberg-wu-metered,C:\Users\TRLAB\Documents\Codex\2026-07-15\ming2you-vissim-https-github-com-ming2you\evaluation\runs\pstack_decision_balanced_ladder_20260716\decisions_pstack_220w_decision_balanced_seed13\action_000900.json,C:\Users\TRLAB\Documents\Codex\2026-07-15\ming2you-vissim-https-github-com-ming2you\evaluation\runs\pstack_decision_balanced_ladder_20260716\decisions_pstack_220w_decision_balanced_seed13\action_000720.json,720.0,900.0,900.0,0.0,urban_movement_queue_total_veh,412.8,444.19501304570394,-31.395013045703934,31.395013045703934,-0.07067844555578937,444.19501304570394,-31.395013045703934,31.395013045703934,-0.07067844555578937
evaluation/runs/pstack_decision_balanced_ladder_20260716,decisions_pstack_220w_decision_balanced_seed13,stackelberg-wu-metered,C:\Users\TRLAB\Documents\Codex\2026-07-15\ming2you-vissim-https-github-com-ming2you\evaluation\runs\pstack_decision_balanced_ladder_20260716\decisions_pstack_220w_decision_balanced_seed13\action_000900.json,C:\Users\TRLAB\Documents\Codex\2026-07-15\ming2you-vissim-https-github-com-ming2you\evaluation\runs\pstack_decision_balanced_ladder_20260716\decisions_pstack_220w_decision_balanced_seed13\action_000720.json,720.0,900.0,900.0,0.0,urban_link_occupancy_total_veh,414.0,692.1532016780409,-278.1532016780409,278.1532016780409,-0.401866524641788,692.1532016780409,-278.1532016780409,278.1532016780409,-0.401866524641788
evaluation/runs/pstack_decision_balanced_ladder_20260716,decisions_pstack_220w_decision_balanced_seed13,stackelberg-wu-metered,C:\Users\TRLAB\Documents\Codex\2026-07-15\ming2you-vissim-https-github-com-ming2you\evaluation\runs\pstack_decision_balanced_ladder_20260716\decisions_pstack_220w_decision_balanced_seed13\action_000900.json,C:\Users\TRLAB\Documents\Codex\2026-07-15\ming2you-vissim-https-github-com-ming2you\evaluation\runs\pstack_decision_balanced_ladder_20260716\decisions_pstack_220w_decision_balanced_seed13\action_000720.json,720.0,900.0,900.0,0.0,off_ramp_storage_veh,14.399999999999991,16.71128451809176,-2.3112845180917674,2.3112845180917674,-0.13830681391305102,16.71128451809176,-2.3112845180917674,2.3112845180917674,-0.13830681391305102
evaluation/runs/pstack_decision_balanced_ladder_20260716,decisions_pstack_220w_decision_balanced_seed13,stackelberg-wu-metered,C:\Users\TRLAB\Documents\Codex\2026-07-15\ming2you-vissim-https-github-com-ming2you\evaluation\runs\pstack_decision_balanced_ladder_20260716\decisions_pstack_220w_decision_balanced_seed13\action_000900.json,C:\Users\TRLAB\Documents\Codex\2026-07-15\ming2you-vissim-https-github-com-ming2you\evaluation\runs\pstack_decision_balanced_ladder_20260716\decisions_pstack_220w_decision_balanced_seed13\action_000720.json,720.0,900.0,900.0,0.0,ramp_queue_total_veh,19.0,56.25330283479997,-37.25330283479997,37.25330283479997,-0.6622420543768315,56.25330283479997,-37.25330283479997,37.25330283479997,-0.6622420543768315
evaluation/runs/pstack_decision_balanced_ladder_20260716,decisions_pstack_220w_decision_balanced_seed13,stackelberg-wu-metered,C:\Users\TRLAB\Documents\Codex\2026-07-15\ming2you-vissim-https-github-com-ming2you\evaluation\runs\pstack_decision_balanced_ladder_20260716\decisions_pstack_220w_decision_balanced_seed13\action_001080.json,C:\Users\TRLAB\Documents\Codex\2026-07-15\ming2you-vissim-https-github-com-ming2you\evaluation\runs\pstack_decision_balanced_ladder_20260716\decisions_pstack_220w_decision_balanced_seed13\action_000900.json,900.0,1080.0,1080.0,0.0,total_model_vehicles,1244.1125,1333.9574338699276,-89.84493386992767,89.84493386992767,-0.06735217450625815,1423.8295202416464,-179.71702024164642,179.71702024164642,-0.12622088367092263
evaluation/runs/pstack_decision_balanced_ladder_20260716,decisions_pstack_220w_decision_balanced_seed13,stackelberg-wu-metered,C:\Users\TRLAB\Documents\Codex\2026-07-15\ming2you-vissim-https-github-com-ming2you\evaluation\runs\pstack_decision_balanced_ladder_20260716\decisions_pstack_220w_decision_balanced_seed13\action_001080.json,C:\Users\TRLAB\Documents\Codex\2026-07-15\ming2you-vissim-https-github-com-ming2you\evaluation\runs\pstack_decision_balanced_ladder_20260716\decisions_pstack_220w_decision_balanced_seed13\action_000900.json,900.0,1080.0,1080.0,0.0,freeway_total_veh,281.0,167.41002547774278,113.58997452225722,113.58997452225722,0.6785135728765482,257.2821118494615,23.7178881505385,23.7178881505385,0.09218630856239274
evaluation/runs/pstack_decision_balanced_ladder_20260716,decisions_pstack_220w_decision_balanced_seed13,stackelberg-wu-metered,C:\Users\TRLAB\Documents\Codex\2026-07-15\ming2you-vissim-https-github-com-ming2you\evaluation\runs\pstack_decision_balanced_ladder_20260716\decisions_pstack_220w_decision_balanced_seed13\action_001080.json,C:\Users\TRLAB\Documents\Codex\2026-07-15\ming2you-vissim-https-github-com-ming2you\evaluation\runs\pstack_decision_balanced_ladder_20260716\decisions_pstack_220w_decision_balanced_seed13\action_000900.json,900.0,1080.0,1080.0,0.0,protected_accumulation_veh,579.4,849.4537689487447,-270.05376894874473,270.05376894874473,-0.31791461621619993,849.4537689487447,-270.05376894874473,270.05376894874473,-0.31791461621619993
evaluation/runs/pstack_decision_balanced_ladder_20260716,decisions_pstack_220w_decision_balanced_seed13,stackelberg-wu-metered,C:\Users\TRLAB\Documents\Codex\2026-07-15\ming2you-vissim-https-github-com-ming2you\evaluation\runs\pstack_decision_balanced_ladder_20260716\decisions_pstack_220w_decision_balanced_seed13\action_001080.json,C:\Users\TRLAB\Documents\Codex\2026-07-15\ming2you-vissim-https-github-com-ming2you\evaluation\runs\pstack_decision_balanced_ladder_20260716\decisions_pstack_220w_decision_balanced_seed13\action_000900.json,900.0,1080.0,1080.0,0.0,urban_queue_plus_link_occupancy_total_veh,963.1125,1181.3007393885935,-218.1882393885935,218.1882393885935,-0.18470168697390413,1166.5474083921847,-203.43490839218475,203.43490839218475,-0.17439060506985535
evaluation/runs/pstack_decision_balanced_ladder_20260716,decisions_pstack_220w_decision_balanced_seed13,stackelberg-wu-metered,C:\Users\TRLAB\Documents\Codex\2026-07-15\ming2you-vissim-https-github-com-ming2you\evaluation\runs\pstack_decision_balanced_ladder_20260716\decisions_pstack_220w_decision_balanced_seed13\action_001080.json,C:\Users\TRLAB\Documents\Codex\2026-07-15\ming2you-vissim-https-github-com-ming2you\evaluation\runs\pstack_decision_balanced_ladder_20260716\decisions_pstack_220w_decision_balanced_seed13\action_000900.json,900.0,1080.0,1080.0,0.0,urban_movement_queue_total_veh,477.2125,435.63073150886026,41.58176849113971,41.58176849113971,0.09545187123763325,435.63073150886026,41.58176849113971,41.58176849113971,0.09545187123763325
evaluation/runs/pstack_decision_balanced_ladder_20260716,decisions_pstack_220w_decision_balanced_seed13,stackelberg-wu-metered,C:\Users\TRLAB\Documents\Codex\2026-07-15\ming2you-vissim-https-github-com-ming2you\evaluation\runs\pstack_decision_balanced_ladder_20260716\decisions_pstack_220w_decision_balanced_seed13\action_001080.json,C:\Users\TRLAB\Documents\Codex\2026-07-15\ming2you-vissim-https-github-com-ming2you\evaluation\runs\pstack_decision_balanced_ladder_20260716\decisions_pstack_220w_decision_balanced_seed13\action_000900.json,900.0,1080.0,1080.0,0.0,urban_link_occupancy_total_veh,485.9,730.9166768833245,-245.01667688332452,245.01667688332452,-0.33521834243554455,730.9166768833245,-245.01667688332452,245.01667688332452,-0.33521834243554455
evaluation/runs/pstack_decision_balanced_ladder_20260716,decisions_pstack_220w_decision_balanced_seed13,stackelberg-wu-metered,C:\Users\TRLAB\Documents\Codex\2026-07-15\ming2you-vissim-https-github-com-ming2you\evaluation\runs\pstack_decision_balanced_ladder_20260716\decisions_pstack_220w_decision_balanced_seed13\action_001080.json,C:\Users\TRLAB\Documents\Codex\2026-07-15\ming2you-vissim-https-github-com-ming2you\evaluation\runs\pstack_decision_balanced_ladder_20260716\decisions_pstack_220w_decision_balanced_seed13\action_000900.json,900.0,1080.0,1080.0,0.0,off_ramp_storage_veh,15.199999999999989,72.25677651570521,-57.056776515705224,57.056776515705224,-0.7896391074587139,72.25677651570521,-57.056776515705224,57.056776515705224,-0.7896391074587139
evaluation/runs/pstack_decision_balanced_ladder_20260716,decisions_pstack_220w_decision_balanced_seed13,stackelberg-wu-metered,C:\Users\TRLAB\Documents\Codex\2026-07-15\ming2you-vissim-https-github-com-ming2you\evaluation\runs\pstack_decision_balanced_ladder_20260716\decisions_pstack_220w_decision_balanced_seed13\action_001080.json,C:\Users\TRLAB\Documents\Codex\2026-07-15\ming2you-vissim-https-github-com-ming2you\evaluation\runs\pstack_decision_balanced_ladder_20260716\decisions_pstack_220w_decision_balanced_seed13\action_000900.json,900.0,1080.0,1080.0,0.0,ramp_queue_total_veh,7.0,54.24588477366255,-47.24588477366255,47.24588477366255,-0.8709579532307926,54.24588477366255,-47.24588477366255,47.24588477366255,-0.8709579532307926
evaluation/runs/pstack_decision_balanced_ladder_20260716,decisions_pstack_220w_decision_balanced_seed13,stackelberg-wu-metered,C:\Users\TRLAB\Documents\Codex\2026-07-15\ming2you-vissim-https-github-com-ming2you\evaluation\runs\pstack_decision_balanced_ladder_20260716\decisions_pstack_220w_decision_balanced_seed13\action_001260.json,C:\Users\TRLAB\Documents\Codex\2026-07-15\ming2you-vissim-https-github-com-ming2you\evaluation\runs\pstack_decision_balanced_ladder_20260716\decisions_pstack_220w_decision_balanced_seed13\action_001080.json,1080.0,1260.0,1260.0,0.0,total_model_vehicles,1352.7250000000001,1465.00261202477,-112.27761202476995,112.27761202476995,-0.0766398715628171,1541.0559017723076,-188.33090177230747,188.33090177230747,-0.12220900069602636
evaluation/runs/pstack_decision_balanced_ladder_20260716,decisions_pstack_220w_decision_balanced_seed13,stackelberg-wu-metered,C:\Users\TRLAB\Documents\Codex\2026-07-15\ming2you-vissim-https-github-com-ming2you\evaluation\runs\pstack_decision_balanced_ladder_20260716\decisions_pstack_220w_decision_balanced_seed13\action_001260.json,C:\Users\TRLAB\Documents\Codex\2026-07-15\ming2you-vissim-https-github-com-ming2you\evaluation\runs\pstack_decision_balanced_ladder_20260716\decisions_pstack_220w_decision_balanced_seed13\action_001080.json,1080.0,1260.0,1260.0,0.0,freeway_total_veh,379.0,141.66893958197912,237.33106041802088,237.33106041802088,1.6752511956277139,217.72222932951672,161.27777067048328,161.27777067048328,0.7407501345505411
evaluation/runs/pstack_decision_balanced_ladder_20260716,decisions_pstack_220w_decision_balanced_seed13,stackelberg-wu-metered,C:\Users\TRLAB\Documents\Codex\2026-07-15\ming2you-vissim-https-github-com-ming2you\evaluation\runs\pstack_decision_balanced_ladder_20260716\decisions_pstack_220w_decision_balanced_seed13\action_001260.json,C:\Users\TRLAB\Documents\Codex\2026-07-15\ming2you-vissim-https-github-com-ming2you\evaluation\runs\pstack_decision_balanced_ladder_20260716\decisions_pstack_220w_decision_balanced_seed13\action_001080.json,1080.0,1260.0,1260.0,0.0,protected_accumulation_veh,509.60000000000014,1040.6700080790622,-531.0700080790621,531.0700080790621,-0.5103154736431257,1040.6700080790622,-531.0700080790621,531.0700080790621,-0.5103154736431257
evaluation/runs/pstack_decision_balanced_ladder_20260716,decisions_pstack_220w_decision_balanced_seed13,stackelberg-wu-metered,C:\Users\TRLAB\Documents\Codex\2026-07-15\ming2you-vissim-https-github-com-ming2you\evaluation\runs\pstack_decision_balanced_ladder_20260716\decisions_pstack_220w_decision_balanced_seed13\action_001260.json,C:\Users\TRLAB\Documents\Codex\2026-07-15\ming2you-vissim-https-github-com-ming2you\evaluation\runs\pstack_decision_balanced_ladder_20260716\decisions_pstack_220w_decision_balanced_seed13\action_001080.json,1080.0,1260.0,1260.0,0.0,urban_queue_plus_link_occupancy_total_veh,973.7250000000001,1340.0698801166402,-366.34488011664007,366.34488011664007,-0.27337744512603573,1323.3336724427913,-349.6086724427912,349.6086724427912,-0.26418784598553696
evaluation/runs/pstack_decision_balanced_ladder_20260716,decisions_pstack_220w_decision_balanced_seed13,stackelberg-wu-metered,C:\Users\TRLAB\Documents\Codex\2026-07-15\ming2you-vissim-https-github-com-ming2you\evaluation\runs\pstack_decision_balanced_ladder_20260716\decisions_pstack_220w_decision_balanced_seed13\action_001260.json,C:\Users\TRLAB\Documents\Codex\2026-07-15\ming2you-vissim-https-github-com-ming2you\evaluation\runs\pstack_decision_balanced_ladder_20260716\decisions_pstack_220w_decision_balanced_seed13\action_001080.json,1080.0,1260.0,1260.0,0.0,urban_movement_queue_total_veh,542.325,536.8888529477422,5.436147052257866,5.436147052257866,0.010125274574823387,536.8888529477422,5.436147052257866,5.436147052257866,0.010125274574823387
evaluation/runs/pstack_decision_balanced_ladder_20260716,decisions_pstack_220w_decision_balanced_seed13,stackelberg-wu-metered,C:\Users\TRLAB\Documents\Codex\2026-07-15\ming2you-vissim-https-github-com-ming2you\evaluation\runs\pstack_decision_balanced_ladder_20260716\decisions_pstack_220w_decision_balanced_seed13\action_001260.json,C:\Users\TRLAB\Documents\Codex\2026-07-15\ming2you-vissim-https-github-com-ming2you\evaluation\runs\pstack_decision_balanced_ladder_20260716\decisions_pstack_220w_decision_balanced_seed13\action_001080.json,1080.0,1260.0,1260.0,0.0,urban_link_occupancy_total_veh,431.4000000000001,786.4448194950492,-355.04481949504907,355.04481949504907,-0.45145547493467103,786.4448194950492,-355.04481949504907,355.04481949504907,-0.45145547493467103
evaluation/runs/pstack_decision_balanced_ladder_20260716,decisions_pstack_220w_decision_balanced_seed13,stackelberg-wu-metered,C:\Users\TRLAB\Documents\Codex\2026-07-15\ming2you-vissim-https-github-com-ming2you\evaluation\runs\pstack_decision_balanced_ladder_20260716\decisions_pstack_220w_decision_balanced_seed13\action_001260.json,C:\Users\TRLAB\Documents\Codex\2026-07-15\ming2you-vissim-https-github-com-ming2you\evaluation\runs\pstack_decision_balanced_ladder_20260716\decisions_pstack_220w_decision_balanced_seed13\action_001080.json,1080.0,1260.0,1260.0,0.0,off_ramp_storage_veh,12.0,13.321523490029918,-1.321523490029918,1.321523490029918,-0.09920212887204466,13.321523490029918,-1.321523490029918,1.321523490029918,-0.09920212887204466
evaluation/runs/pstack_decision_balanced_ladder_20260716,decisions_pstack_220w_decision_balanced_seed13,stackelberg-wu-metered,C:\Users\TRLAB\Documents\Codex\2026-07-15\ming2you-vissim-https-github-com-ming2you\evaluation\runs\pstack_decision_balanced_ladder_20260716\decisions_pstack_220w_decision_balanced_seed13\action_001260.json,C:\Users\TRLAB\Documents\Codex\2026-07-15\ming2you-vissim-https-github-com-ming2you\evaluation\runs\pstack_decision_balanced_ladder_20260716\decisions_pstack_220w_decision_balanced_seed13\action_001080.json,1080.0,1260.0,1260.0,0.0,ramp_queue_total_veh,15.0,53.81654152943699,-38.81654152943699,38.81654152943699,-0.7212752887177787,53.81654152943699,-38.81654152943699,38.81654152943699,-0.7212752887177787
evaluation/runs/pstack_decision_balanced_ladder_20260716,decisions_pstack_220w_decision_balanced_seed13,stackelberg-wu-metered,C:\Users\TRLAB\Documents\Codex\2026-07-15\ming2you-vissim-https-github-com-ming2you\evaluation\runs\pstack_decision_balanced_ladder_20260716\decisions_pstack_220w_decision_balanced_seed13\action_001440.json,C:\Users\TRLAB\Documents\Codex\2026-07-15\ming2you-vissim-https-github-com-ming2you\evaluation\runs\pstack_decision_balanced_ladder_20260716\decisions_pstack_220w_decision_balanced_seed13\action_001260.json,1260.0,1440.0,1440.0,0.0,total_model_vehicles,1356.3374999999999,1528.0269642276453,-171.68946422764543,171.68946422764543,-0.11236023201621143,1617.7938692706073,-261.4563692706074,261.4563692706074,-0.16161290646285284
evaluation/runs/pstack_decision_balanced_ladder_20260716,decisions_pstack_220w_decision_balanced_seed13,stackelberg-wu-metered,C:\Users\TRLAB\Documents\Codex\2026-07-15\ming2you-vissim-https-github-com-ming2you\evaluation\runs\pstack_decision_balanced_ladder_20260716\decisions_pstack_220w_decision_balanced_seed13\action_001440.json,C:\Users\TRLAB\Documents\Codex\2026-07-15\ming2you-vissim-https-github-com-ming2you\evaluation\runs\pstack_decision_balanced_ladder_20260716\decisions_pstack_220w_decision_balanced_seed13\action_001260.json,1260.0,1440.0,1440.0,0.0,freeway_total_veh,283.0,167.2140980253177,115.7859019746823,115.7859019746823,0.6924410282508074,256.98100306827973,26.018996931720267,26.018996931720267,0.10124871730229425
evaluation/runs/pstack_decision_balanced_ladder_20260716,decisions_pstack_220w_decision_balanced_seed13,stackelberg-wu-metered,C:\Users\TRLAB\Documents\Codex\2026-07-15\ming2you-vissim-https-github-com-ming2you\evaluation\runs\pstack_decision_balanced_ladder_20260716\decisions_pstack_220w_decision_balanced_seed13\action_001440.json,C:\Users\TRLAB\Documents\Codex\2026-07-15\ming2you-vissim-https-github-com-ming2you\evaluation\runs\pstack_decision_balanced_ladder_20260716\decisions_pstack_220w_decision_balanced_seed13\action_001260.json,1260.0,1440.0,1440.0,0.0,protected_accumulation_veh,597.3499999999999,926.2936534354892,-328.9436534354893,328.9436534354893,-0.3551181120754578,926.2936534354892,-328.9436534354893,328.9436534354893,-0.3551181120754578
evaluation/runs/pstack_decision_balanced_ladder_20260716,decisions_pstack_220w_decision_balanced_seed13,stackelberg-wu-metered,C:\Users\TRLAB\Documents\Codex\2026-07-15\ming2you-vissim-https-github-com-ming2you\evaluation\runs\pstack_decision_balanced_ladder_20260716\decisions_pstack_220w_decision_balanced_seed13\action_001440.json,C:\Users\TRLAB\Documents\Codex\2026-07-15\ming2you-vissim-https-github-com-ming2you\evaluation\runs\pstack_decision_balanced_ladder_20260716\decisions_pstack_220w_decision_balanced_seed13\action_001260.json,1260.0,1440.0,1440.0,0.0,urban_queue_plus_link_occupancy_total_veh,1073.3375,1378.0230734299325,-304.68557342993245,304.68557342993245,-0.22110339028762613,1360.8128662023278,-287.4753662023277,287.4753662023277,-0.21125268091019458
evaluation/runs/pstack_decision_balanced_ladder_20260716,decisions_pstack_220w_decision_balanced_seed13,stackelberg-wu-metered,C:\Users\TRLAB\Documents\Codex\2026-07-15\ming2you-vissim-https-github-com-ming2you\evaluation\runs\pstack_decision_balanced_ladder_20260716\decisions_pstack_220w_decision_balanced_seed13\action_001440.json,C:\Users\TRLAB\Documents\Codex\2026-07-15\ming2you-vissim-https-github-com-ming2you\evaluation\runs\pstack_decision_balanced_ladder_20260716\decisions_pstack_220w_decision_balanced_seed13\action_001260.json,1260.0,1440.0,1440.0,0.0,urban_movement_queue_total_veh,581.9375,555.1642151103184,26.773284889681577,26.773284889681577,0.04822588373128728,555.1642151103184,26.773284889681577,26.773284889681577,0.04822588373128728
evaluation/runs/pstack_decision_balanced_ladder_20260716,decisions_pstack_220w_decision_balanced_seed13,stackelberg-wu-metered,C:\Users\TRLAB\Documents\Codex\2026-07-15\ming2you-vissim-https-github-com-ming2you\evaluation\runs\pstack_decision_balanced_ladder_20260716\decisions_pstack_220w_decision_balanced_seed13\action_001440.json,C:\Users\TRLAB\Documents\Codex\2026-07-15\ming2you-vissim-https-github-com-ming2you\evaluation\runs\pstack_decision_balanced_ladder_20260716\decisions_pstack_220w_decision_balanced_seed13\action_001260.json,1260.0,1440.0,1440.0,0.0,urban_link_occupancy_total_veh,491.4,805.6486510920092,-314.24865109200925,314.24865109200925,-0.39005669613678834,805.6486510920092,-314.24865109200925,314.24865109200925,-0.39005669613678834
evaluation/runs/pstack_decision_balanced_ladder_20260716,decisions_pstack_220w_decision_balanced_seed13,stackelberg-wu-metered,C:\Users\TRLAB\Documents\Codex\2026-07-15\ming2you-vissim-https-github-com-ming2you\evaluation\runs\pstack_decision_balanced_ladder_20260716\decisions_pstack_220w_decision_balanced_seed13\action_001440.json,C:\Users\TRLAB\Documents\Codex\2026-07-15\ming2you-vissim-https-github-com-ming2you\evaluation\runs\pstack_decision_balanced_ladder_20260716\decisions_pstack_220w_decision_balanced_seed13\action_001260.json,1260.0,1440.0,1440.0,0.0,off_ramp_storage_veh,19.80000000000001,85.41585791047399,-65.61585791047398,65.61585791047398,-0.7681929271172014,85.41585791047399,-65.61585791047398,65.61585791047398,-0.7681929271172014
evaluation/runs/pstack_decision_balanced_ladder_20260716,decisions_pstack_220w_decision_balanced_seed13,stackelberg-wu-metered,C:\Users\TRLAB\Documents\Codex\2026-07-15\ming2you-vissim-https-github-com-ming2you\evaluation\runs\pstack_decision_balanced_ladder_20260716\decisions_pstack_220w_decision_balanced_seed13\action_001440.json,C:\Users\TRLAB\Documents\Codex\2026-07-15\ming2you-vissim-https-github-com-ming2you\evaluation\runs\pstack_decision_balanced_ladder_20260716\decisions_pstack_220w_decision_balanced_seed13\action_001260.json,1260.0,1440.0,1440.0,0.0,ramp_queue_total_veh,8.0,57.946038231598564,-49.946038231598564,49.946038231598564,-0.8619405183832306,57.946038231598564,-49.946038231598564,49.946038231598564,-0.8619405183832306
evaluation/runs/pstack_decision_balanced_ladder_20260716,decisions_pstack_220w_decision_balanced_seed13,stackelberg-wu-metered,C:\Users\TRLAB\Documents\Codex\2026-07-15\ming2you-vissim-https-github-com-ming2you\evaluation\runs\pstack_decision_balanced_ladder_20260716\decisions_pstack_220w_decision_balanced_seed13\action_001620.json,C:\Users\TRLAB\Documents\Codex\2026-07-15\ming2you-vissim-https-github-com-ming2you\evaluation\runs\pstack_decision_balanced_ladder_20260716\decisions_pstack_220w_decision_balanced_seed13\action_001440.json,1440.0,1620.0,1620.0,0.0,total_model_vehicles,1464.2875,1591.6450372306097,-127.35753723060975,127.35753723060975,-0.0800162939924131,1686.6289622976456,-222.34146229764565,222.34146229764565,-0.13182594824812943
evaluation/runs/pstack_decision_balanced_ladder_20260716,decisions_pstack_220w_decision_balanced_seed13,stackelberg-wu-metered,C:\Users\TRLAB\Documents\Codex\2026-07-15\ming2you-vissim-https-github-com-ming2you\evaluation\runs\pstack_decision_balanced_ladder_20260716\decisions_pstack_220w_decision_balanced_seed13\action_001620.json,C:\Users\TRLAB\Documents\Codex\2026-07-15\ming2you-vissim-https-github-com-ming2you\evaluation\runs\pstack_decision_balanced_ladder_20260716\decisions_pstack_220w_decision_balanced_seed13\action_001440.json,1440.0,1620.0,1620.0,0.0,freeway_total_veh,338.0,176.93214831665856,161.06785168334144,161.06785168334144,0.9103368337283482,271.9160733836944,66.08392661630558,66.08392661630558,0.24303060055981351
evaluation/runs/pstack_decision_balanced_ladder_20260716,decisions_pstack_220w_decision_balanced_seed13,stackelberg-wu-metered,C:\Users\TRLAB\Documents\Codex\2026-07-15\ming2you-vissim-https-github-com-ming2you\evaluation\runs\pstack_decision_balanced_ladder_20260716\decisions_pstack_220w_decision_balanced_seed13\action_001620.json,C:\Users\TRLAB\Documents\Codex\2026-07-15\ming2you-vissim-https-github-com-ming2you\evaluation\runs\pstack_decision_balanced_ladder_20260716\decisions_pstack_220w_decision_balanced_seed13\action_001440.json,1440.0,1620.0,1620.0,0.0,protected_accumulation_veh,526.7500000000001,1109.9612956597368,-583.2112956597367,583.2112956597367,-0.5254339029119828,1109.9612956597368,-583.2112956597367,583.2112956597367,-0.5254339029119828
evaluation/runs/pstack_decision_balanced_ladder_20260716,decisions_pstack_220w_decision_balanced_seed13,stackelberg-wu-metered,C:\Users\TRLAB\Documents\Codex\2026-07-15\ming2you-vissim-https-github-com-ming2you\evaluation\runs\pstack_decision_balanced_ladder_20260716\decisions_pstack_220w_decision_balanced_seed13\action_001620.json,C:\Users\TRLAB\Documents\Codex\2026-07-15\ming2you-vissim-https-github-com-ming2you\evaluation\runs\pstack_decision_balanced_ladder_20260716\decisions_pstack_220w_decision_balanced_seed13\action_001440.json,1440.0,1620.0,1620.0,0.0,urban_queue_plus_link_occupancy_total_veh,1126.2875,1432.6047700024362,-306.3172700024363,306.3172700024363,-0.21381840715350642,1414.7128889139512,-288.42538891395134,288.42538891395134,-0.20387556455739236
evaluation/runs/pstack_decision_balanced_ladder_20260716,decisions_pstack_220w_decision_balanced_seed13,stackelberg-wu-metered,C:\Users\TRLAB\Documents\Codex\2026-07-15\ming2you-vissim-https-github-com-ming2you\evaluation\runs\pstack_decision_balanced_ladder_20260716\decisions_pstack_220w_decision_balanced_seed13\action_001620.json,C:\Users\TRLAB\Documents\Codex\2026-07-15\ming2you-vissim-https-github-com-ming2you\evaluation\runs\pstack_decision_balanced_ladder_20260716\decisions_pstack_220w_decision_balanced_seed13\action_001440.json,1440.0,1620.0,1620.0,0.0,urban_movement_queue_total_veh,668.0875,590.8043500434372,77.28314995656274,77.28314995656274,0.13081005573313859,590.8043500434372,77.28314995656274,77.28314995656274,0.13081005573313859
evaluation/runs/pstack_decision_balanced_ladder_20260716,decisions_pstack_220w_decision_balanced_seed13,stackelberg-wu-metered,C:\Users\TRLAB\Documents\Codex\2026-07-15\ming2you-vissim-https-github-com-ming2you\evaluation\runs\pstack_decision_balanced_ladder_20260716\decisions_pstack_220w_decision_balanced_seed13\action_001620.json,C:\Users\TRLAB\Documents\Codex\2026-07-15\ming2you-vissim-https-github-com-ming2you\evaluation\runs\pstack_decision_balanced_ladder_20260716\decisions_pstack_220w_decision_balanced_seed13\action_001440.json,1440.0,1620.0,1620.0,0.0,urban_link_occupancy_total_veh,458.20000000000005,823.9085388705141,-365.7085388705141,365.7085388705141,-0.44387031037675534,823.9085388705141,-365.7085388705141,365.7085388705141,-0.44387031037675534
evaluation/runs/pstack_decision_balanced_ladder_20260716,decisions_pstack_220w_decision_balanced_seed13,stackelberg-wu-metered,C:\Users\TRLAB\Documents\Codex\2026-07-15\ming2you-vissim-https-github-com-ming2you\evaluation\runs\pstack_decision_balanced_ladder_20260716\decisions_pstack_220w_decision_balanced_seed13\action_001620.json,C:\Users\TRLAB\Documents\Codex\2026-07-15\ming2you-vissim-https-github-com-ming2you\evaluation\runs\pstack_decision_balanced_ladder_20260716\decisions_pstack_220w_decision_balanced_seed13\action_001440.json,1440.0,1620.0,1620.0,0.0,off_ramp_storage_veh,8.199999999999989,6.090138225940862,2.1098617740591266,2.1098617740591266,0.34643906193659096,6.090138225940862,2.1098617740591266,2.1098617740591266,0.34643906193659096
evaluation/runs/pstack_decision_balanced_ladder_20260716,decisions_pstack_220w_decision_balanced_seed13,stackelberg-wu-metered,C:\Users\TRLAB\Documents\Codex\2026-07-15\ming2you-vissim-https-github-com-ming2you\evaluation\runs\pstack_decision_balanced_ladder_20260716\decisions_pstack_220w_decision_balanced_seed13\action_001620.json,C:\Users\TRLAB\Documents\Codex\2026-07-15\ming2you-vissim-https-github-com-ming2you\evaluation\runs\pstack_decision_balanced_ladder_20260716\decisions_pstack_220w_decision_balanced_seed13\action_001440.json,1440.0,1620.0,1620.0,0.0,ramp_queue_total_veh,2.0,54.92383493239238,-52.92383493239238,52.92383493239238,-0.9635859367347187,54.92383493239238,-52.92383493239238,52.92383493239238,-0.9635859367347187
evaluation/runs/pstack_decision_balanced_ladder_20260716,decisions_pstack_220w_decision_balanced_seed13,stackelberg-wu-metered,C:\Users\TRLAB\Documents\Codex\2026-07-15\ming2you-vissim-https-github-com-ming2you\evaluation\runs\pstack_decision_balanced_ladder_20260716\decisions_pstack_220w_decision_balanced_seed13\action_001800.json,C:\Users\TRLAB\Documents\Codex\2026-07-15\ming2you-vissim-https-github-com-ming2you\evaluation\runs\pstack_decision_balanced_ladder_20260716\decisions_pstack_220w_decision_balanced_seed13\action_001620.json,1620.0,1800.0,1800.0,0.0,total_model_vehicles,1543.3374999999996,1629.5578594734163,-86.22035947341669,86.22035947341669,-0.052910278068480726,1720.8201133684688,-177.48261336846917,177.48261336846917,-0.10313838848678421
evaluation/runs/pstack_decision_balanced_ladder_20260716,decisions_pstack_220w_decision_balanced_seed13,stackelberg-wu-metered,C:\Users\TRLAB\Documents\Codex\2026-07-15\ming2you-vissim-https-github-com-ming2you\evaluation\runs\pstack_decision_balanced_ladder_20260716\decisions_pstack_220w_decision_balanced_seed13\action_001800.json,C:\Users\TRLAB\Documents\Codex\2026-07-15\ming2you-vissim-https-github-com-ming2you\evaluation\runs\pstack_decision_balanced_ladder_20260716\decisions_pstack_220w_decision_balanced_seed13\action_001620.json,1620.0,1800.0,1800.0,0.0,freeway_total_veh,331.0,169.99957235370002,161.00042764629998,161.00042764629998,0.9470637214976254,261.2618262487525,69.73817375124747,69.73817375124747,0.2669282947017617
evaluation/runs/pstack_decision_balanced_ladder_20260716,decisions_pstack_220w_decision_balanced_seed13,stackelberg-wu-metered,C:\Users\TRLAB\Documents\Codex\2026-07-15\ming2you-vissim-https-github-com-ming2you\evaluation\runs\pstack_decision_balanced_ladder_20260716\decisions_pstack_220w_decision_balanced_seed13\action_001800.json,C:\Users\TRLAB\Documents\Codex\2026-07-15\ming2you-vissim-https-github-com-ming2you\evaluation\runs\pstack_decision_balanced_ladder_20260716\decisions_pstack_220w_decision_balanced_seed13\action_001620.json,1620.0,1800.0,1800.0,0.0,protected_accumulation_veh,662.7250000000003,952.9528286649266,-290.2278286649264,290.2278286649264,-0.30455634312091967,952.9528286649266,-290.2278286649264,290.2278286649264,-0.30455634312091967
evaluation/runs/pstack_decision_balanced_ladder_20260716,decisions_pstack_220w_decision_balanced_seed13,stackelberg-wu-metered,C:\Users\TRLAB\Documents\Codex\2026-07-15\ming2you-vissim-https-github-com-ming2you\evaluation\runs\pstack_decision_balanced_ladder_20260716\decisions_pstack_220w_decision_balanced_seed13\action_001800.json,C:\Users\TRLAB\Documents\Codex\2026-07-15\ming2you-vissim-https-github-com-ming2you\evaluation\runs\pstack_decision_balanced_ladder_20260716\decisions_pstack_220w_decision_balanced_seed13\action_001620.json,1620.0,1800.0,1800.0,0.0,urban_queue_plus_link_occupancy_total_veh,1212.3375,1478.017328186986,-265.679828186986,265.679828186986,-0.17975420390563546,1459.5582871197162,-247.22078711971608,247.22078711971608,-0.16938055115810424
evaluation/runs/pstack_decision_balanced_ladder_20260716,decisions_pstack_220w_decision_balanced_seed13,stackelberg-wu-metered,C:\Users\TRLAB\Documents\Codex\2026-07-15\ming2you-vissim-https-github-com-ming2you\evaluation\runs\pstack_decision_balanced_ladder_20260716\decisions_pstack_220w_decision_balanced_seed13\action_001800.json,C:\Users\TRLAB\Documents\Codex\2026-07-15\ming2you-vissim-https-github-com-ming2you\evaluation\runs\pstack_decision_balanced_ladder_20260716\decisions_pstack_220w_decision_balanced_seed13\action_001620.json,1620.0,1800.0,1800.0,0.0,urban_movement_queue_total_veh,671.8375,611.5186860988092,60.318813901190765,60.318813901190765,0.09863772812241497,611.5186860988092,60.318813901190765,60.318813901190765,0.09863772812241497
evaluation/runs/pstack_decision_balanced_ladder_20260716,decisions_pstack_220w_decision_balanced_seed13,stackelberg-wu-metered,C:\Users\TRLAB\Documents\Codex\2026-07-15\ming2you-vissim-https-github-com-ming2you\evaluation\runs\pstack_decision_balanced_ladder_20260716\decisions_pstack_220w_decision_balanced_seed13\action_001800.json,C:\Users\TRLAB\Documents\Codex\2026-07-15\ming2you-vissim-https-github-com-ming2you\evaluation\runs\pstack_decision_balanced_ladder_20260716\decisions_pstack_220w_decision_balanced_seed13\action_001620.json,1620.0,1800.0,1800.0,0.0,urban_link_occupancy_total_veh,540.5000000000001,848.0396010209068,-307.53960102090673,307.53960102090673,-0.362647688446008,848.0396010209068,-307.53960102090673,307.53960102090673,-0.362647688446008
evaluation/runs/pstack_decision_balanced_ladder_20260716,decisions_pstack_220w_decision_balanced_seed13,stackelberg-wu-metered,C:\Users\TRLAB\Documents\Codex\2026-07-15\ming2you-vissim-https-github-com-ming2you\evaluation\runs\pstack_decision_balanced_ladder_20260716\decisions_pstack_220w_decision_balanced_seed13\action_001800.json,C:\Users\TRLAB\Documents\Codex\2026-07-15\ming2you-vissim-https-github-com-ming2you\evaluation\runs\pstack_decision_balanced_ladder_20260716\decisions_pstack_220w_decision_balanced_seed13\action_001620.json,1620.0,1800.0,1800.0,0.0,off_ramp_storage_veh,24.799999999999997,72.00933727217665,-47.209337272176654,47.209337272176654,-0.655600218812424,72.00933727217665,-47.209337272176654,47.209337272176654,-0.655600218812424
evaluation/runs/pstack_decision_balanced_ladder_20260716,decisions_pstack_220w_decision_balanced_seed13,stackelberg-wu-metered,C:\Users\TRLAB\Documents\Codex\2026-07-15\ming2you-vissim-https-github-com-ming2you\evaluation\runs\pstack_decision_balanced_ladder_20260716\decisions_pstack_220w_decision_balanced_seed13\action_001800.json,C:\Users\TRLAB\Documents\Codex\2026-07-15\ming2you-vissim-https-github-com-ming2you\evaluation\runs\pstack_decision_balanced_ladder_20260716\decisions_pstack_220w_decision_balanced_seed13\action_001620.json,1620.0,1800.0,1800.0,0.0,ramp_queue_total_veh,10.0,58.76371688003065,-48.76371688003065,48.76371688003065,-0.8298269658398983,58.76371688003065,-48.76371688003065,48.76371688003065,-0.8298269658398983
evaluation/runs/pstack_decision_balanced_postguard_ladder_20260716,decisions_pstack_220w_decision_balanced_postguard_seed13,stackelberg-wu-metered,C:\Users\TRLAB\Documents\Codex\2026-07-15\ming2you-vissim-https-github-com-ming2you\evaluation\runs\pstack_decision_balanced_postguard_ladder_20260716\decisions_pstack_220w_decision_balanced_postguard_seed13\action_000180.json,C:\Users\TRLAB\Documents\Codex\2026-07-15\ming2you-vissim-https-github-com-ming2you\evaluation\runs\pstack_decision_balanced_postguard_ladder_20260716\decisions_pstack_220w_decision_balanced_postguard_seed13\action_000001.json,1.0,181.0,180.0,-1.0,total_model_vehicles,634.1500000000001,608.8001763770233,25.349823622976828,25.349823622976828,0.04163898863143226,691.2457399754271,-57.09573997542702,57.09573997542702,-0.0825983245516373
evaluation/runs/pstack_decision_balanced_postguard_ladder_20260716,decisions_pstack_220w_decision_balanced_postguard_seed13,stackelberg-wu-metered,C:\Users\TRLAB\Documents\Codex\2026-07-15\ming2you-vissim-https-github-com-ming2you\evaluation\runs\pstack_decision_balanced_postguard_ladder_20260716\decisions_pstack_220w_decision_balanced_postguard_seed13\action_000180.json,C:\Users\TRLAB\Documents\Codex\2026-07-15\ming2you-vissim-https-github-com-ming2you\evaluation\runs\pstack_decision_balanced_postguard_ladder_20260716\decisions_pstack_220w_decision_balanced_postguard_seed13\action_000001.json,1.0,181.0,180.0,-1.0,freeway_total_veh,197.0,153.57620435613907,43.42379564386093,43.42379564386093,0.2827508065192334,236.02176795454295,-39.02176795454295,39.02176795454295,-0.16533122471169023
evaluation/runs/pstack_decision_balanced_postguard_ladder_20260716,decisions_pstack_220w_decision_balanced_postguard_seed13,stackelberg-wu-metered,C:\Users\TRLAB\Documents\Codex\2026-07-15\ming2you-vissim-https-github-com-ming2you\evaluation\runs\pstack_decision_balanced_postguard_ladder_20260716\decisions_pstack_220w_decision_balanced_postguard_seed13\action_000180.json,C:\Users\TRLAB\Documents\Codex\2026-07-15\ming2you-vissim-https-github-com-ming2you\evaluation\runs\pstack_decision_balanced_postguard_ladder_20260716\decisions_pstack_220w_decision_balanced_postguard_seed13\action_000001.json,1.0,181.0,180.0,-1.0,protected_accumulation_veh,240.77500000000015,317.62799914911307,-76.85299914911292,76.85299914911292,-0.24195914514776026,317.62799914911307,-76.85299914911292,76.85299914911292,-0.24195914514776026
evaluation/runs/pstack_decision_balanced_postguard_ladder_20260716,decisions_pstack_220w_decision_balanced_postguard_seed13,stackelberg-wu-metered,C:\Users\TRLAB\Documents\Codex\2026-07-15\ming2you-vissim-https-github-com-ming2you\evaluation\runs\pstack_decision_balanced_postguard_ladder_20260716\decisions_pstack_220w_decision_balanced_postguard_seed13\action_000180.json,C:\Users\TRLAB\Documents\Codex\2026-07-15\ming2you-vissim-https-github-com-ming2you\evaluation\runs\pstack_decision_balanced_postguard_ladder_20260716\decisions_pstack_220w_decision_balanced_postguard_seed13\action_000001.json,1.0,181.0,180.0,-1.0,urban_queue_plus_link_occupancy_total_veh,437.15000000000003,460.9811919061699,-23.831191906169863,23.831191906169863,-0.05169666859428088,455.22397202088416,-18.073972020884128,18.073972020884128,-0.039703471547528596
evaluation/runs/pstack_decision_balanced_postguard_ladder_20260716,decisions_pstack_220w_decision_balanced_postguard_seed13,stackelberg-wu-metered,C:\Users\TRLAB\Documents\Codex\2026-07-15\ming2you-vissim-https-github-com-ming2you\evaluation\runs\pstack_decision_balanced_postguard_ladder_20260716\decisions_pstack_220w_decision_balanced_postguard_seed13\action_000180.json,C:\Users\TRLAB\Documents\Codex\2026-07-15\ming2you-vissim-https-github-com-ming2you\evaluation\runs\pstack_decision_balanced_postguard_ladder_20260716\decisions_pstack_220w_decision_balanced_postguard_seed13\action_000001.json,1.0,181.0,180.0,-1.0,urban_movement_queue_total_veh,241.65,209.4729171433907,32.1770828566093,32.1770828566093,0.15360975201669194,209.4729171433907,32.1770828566093,32.1770828566093,0.15360975201669194
evaluation/runs/pstack_decision_balanced_postguard_ladder_20260716,decisions_pstack_220w_decision_balanced_postguard_seed13,stackelberg-wu-metered,C:\Users\TRLAB\Documents\Codex\2026-07-15\ming2you-vissim-https-github-com-ming2you\evaluation\runs\pstack_decision_balanced_postguard_ladder_20260716\decisions_pstack_220w_decision_balanced_postguard_seed13\action_000180.json,C:\Users\TRLAB\Documents\Codex\2026-07-15\ming2you-vissim-https-github-com-ming2you\evaluation\runs\pstack_decision_balanced_postguard_ladder_20260716\decisions_pstack_220w_decision_balanced_postguard_seed13\action_000001.json,1.0,181.0,180.0,-1.0,urban_link_occupancy_total_veh,195.50000000000003,245.7510548774935,-50.25105487749346,50.25105487749346,-0.20447950834857467,245.7510548774935,-50.25105487749346,50.25105487749346,-0.20447950834857467
evaluation/runs/pstack_decision_balanced_postguard_ladder_20260716,decisions_pstack_220w_decision_balanced_postguard_seed13,stackelberg-wu-metered,C:\Users\TRLAB\Documents\Codex\2026-07-15\ming2you-vissim-https-github-com-ming2you\evaluation\runs\pstack_decision_balanced_postguard_ladder_20260716\decisions_pstack_220w_decision_balanced_postguard_seed13\action_000180.json,C:\Users\TRLAB\Documents\Codex\2026-07-15\ming2you-vissim-https-github-com-ming2you\evaluation\runs\pstack_decision_balanced_postguard_ladder_20260716\decisions_pstack_220w_decision_balanced_postguard_seed13\action_000001.json,1.0,181.0,180.0,-1.0,off_ramp_storage_veh,9.200000000000003,6.8600836422247085,2.3399163577752944,2.3399163577752944,0.34109152013436167,6.8600836422247085,2.3399163577752944,2.3399163577752944,0.34109152013436167
evaluation/runs/pstack_decision_balanced_postguard_ladder_20260716,decisions_pstack_220w_decision_balanced_postguard_seed13,stackelberg-wu-metered,C:\Users\TRLAB\Documents\Codex\2026-07-15\ming2you-vissim-https-github-com-ming2you\evaluation\runs\pstack_decision_balanced_postguard_ladder_20260716\decisions_pstack_220w_decision_balanced_postguard_seed13\action_000180.json,C:\Users\TRLAB\Documents\Codex\2026-07-15\ming2you-vissim-https-github-com-ming2you\evaluation\runs\pstack_decision_balanced_postguard_ladder_20260716\decisions_pstack_220w_decision_balanced_postguard_seed13\action_000001.json,1.0,181.0,180.0,-1.0,ramp_queue_total_veh,3.0,41.8855160161675,-38.8855160161675,38.8855160161675,-0.9283761957512467,41.8855160161675,-38.8855160161675,38.8855160161675,-0.9283761957512467
evaluation/runs/pstack_decision_balanced_postguard_ladder_20260716,decisions_pstack_220w_decision_balanced_postguard_seed13,stackelberg-wu-metered,C:\Users\TRLAB\Documents\Codex\2026-07-15\ming2you-vissim-https-github-com-ming2you\evaluation\runs\pstack_decision_balanced_postguard_ladder_20260716\decisions_pstack_220w_decision_balanced_postguard_seed13\action_000360.json,C:\Users\TRLAB\Documents\Codex\2026-07-15\ming2you-vissim-https-github-com-ming2you\evaluation\runs\pstack_decision_balanced_postguard_ladder_20260716\decisions_pstack_220w_decision_balanced_postguard_seed13\action_000180.json,180.0,360.0,360.0,0.0,total_model_vehicles,830.3749999999999,1004.2602706555522,-173.8852706555523,173.8852706555523,-0.17314761495249134,1088.3624786654755,-257.9874786654756,257.9874786654756,-0.23704187136422947
evaluation/runs/pstack_decision_balanced_postguard_ladder_20260716,decisions_pstack_220w_decision_balanced_postguard_seed13,stackelberg-wu-metered,C:\Users\TRLAB\Documents\Codex\2026-07-15\ming2you-vissim-https-github-com-ming2you\evaluation\runs\pstack_decision_balanced_postguard_ladder_20260716\decisions_pstack_220w_decision_balanced_postguard_seed13\action_000360.json,C:\Users\TRLAB\Documents\Codex\2026-07-15\ming2you-vissim-https-github-com-ming2you\evaluation\runs\pstack_decision_balanced_postguard_ladder_20260716\decisions_pstack_220w_decision_balanced_postguard_seed13\action_000180.json,180.0,360.0,360.0,0.0,freeway_total_veh,276.0,156.66213341750455,119.33786658249545,119.33786658249545,0.7617531051007717,240.7643414274279,35.235658572572106,35.235658572572106,0.14634915770196383
evaluation/runs/pstack_decision_balanced_postguard_ladder_20260716,decisions_pstack_220w_decision_balanced_postguard_seed13,stackelberg-wu-metered,C:\Users\TRLAB\Documents\Codex\2026-07-15\ming2you-vissim-https-github-com-ming2you\evaluation\runs\pstack_decision_balanced_postguard_ladder_20260716\decisions_pstack_220w_decision_balanced_postguard_seed13\action_000360.json,C:\Users\TRLAB\Documents\Codex\2026-07-15\ming2you-vissim-https-github-com-ming2you\evaluation\runs\pstack_decision_balanced_postguard_ladder_20260716\decisions_pstack_220w_decision_balanced_postguard_seed13\action_000180.json,180.0,360.0,360.0,0.0,protected_accumulation_veh,332.30000000000007,608.2179263198252,-275.91792631982514,275.91792631982514,-0.45364977646965393,608.2179263198252,-275.91792631982514,275.91792631982514,-0.45364977646965393
evaluation/runs/pstack_decision_balanced_postguard_ladder_20260716,decisions_pstack_220w_decision_balanced_postguard_seed13,stackelberg-wu-metered,C:\Users\TRLAB\Documents\Codex\2026-07-15\ming2you-vissim-https-github-com-ming2you\evaluation\runs\pstack_decision_balanced_postguard_ladder_20260716\decisions_pstack_220w_decision_balanced_postguard_seed13\action_000360.json,C:\Users\TRLAB\Documents\Codex\2026-07-15\ming2you-vissim-https-github-com-ming2you\evaluation\runs\pstack_decision_balanced_postguard_ladder_20260716\decisions_pstack_220w_decision_balanced_postguard_seed13\action_000180.json,180.0,360.0,360.0,0.0,urban_queue_plus_link_occupancy_total_veh,554.375,858.3177151828888,-303.94271518288883,303.94271518288883,-0.35411446112134043,847.5981372380477,-293.2231372380477,293.2231372380477,-0.34594594343203006
evaluation/runs/pstack_decision_balanced_postguard_ladder_20260716,decisions_pstack_220w_decision_balanced_postguard_seed13,stackelberg-wu-metered,C:\Users\TRLAB\Documents\Codex\2026-07-15\ming2you-vissim-https-github-com-ming2you\evaluation\runs\pstack_decision_balanced_postguard_ladder_20260716\decisions_pstack_220w_decision_balanced_postguard_seed13\action_000360.json,C:\Users\TRLAB\Documents\Codex\2026-07-15\ming2you-vissim-https-github-com-ming2you\evaluation\runs\pstack_decision_balanced_postguard_ladder_20260716\decisions_pstack_220w_decision_balanced_postguard_seed13\action_000180.json,180.0,360.0,360.0,0.0,urban_movement_queue_total_veh,259.47499999999997,315.60838248781903,-56.13338248781906,56.13338248781906,-0.1778577046824336,315.60838248781903,-56.13338248781906,56.13338248781906,-0.1778577046824336
evaluation/runs/pstack_decision_balanced_postguard_ladder_20260716,decisions_pstack_220w_decision_balanced_postguard_seed13,stackelberg-wu-metered,C:\Users\TRLAB\Documents\Codex\2026-07-15\ming2you-vissim-https-github-com-ming2you\evaluation\runs\pstack_decision_balanced_postguard_ladder_20260716\decisions_pstack_220w_decision_balanced_postguard_seed13\action_000360.json,C:\Users\TRLAB\Documents\Codex\2026-07-15\ming2you-vissim-https-github-com-ming2you\evaluation\runs\pstack_decision_balanced_postguard_ladder_20260716\decisions_pstack_220w_decision_balanced_postguard_seed13\action_000180.json,180.0,360.0,360.0,0.0,urban_link_occupancy_total_veh,294.90000000000003,531.9897547502287,-237.08975475022868,237.08975475022868,-0.44566601637195674,531.9897547502287,-237.08975475022868,237.08975475022868,-0.44566601637195674
evaluation/runs/pstack_decision_balanced_postguard_ladder_20260716,decisions_pstack_220w_decision_balanced_postguard_seed13,stackelberg-wu-metered,C:\Users\TRLAB\Documents\Codex\2026-07-15\ming2you-vissim-https-github-com-ming2you\evaluation\runs\pstack_decision_balanced_postguard_ladder_20260716\decisions_pstack_220w_decision_balanced_postguard_seed13\action_000360.json,C:\Users\TRLAB\Documents\Codex\2026-07-15\ming2you-vissim-https-github-com-ming2you\evaluation\runs\pstack_decision_balanced_postguard_ladder_20260716\decisions_pstack_220w_decision_balanced_postguard_seed13\action_000180.json,180.0,360.0,360.0,0.0,off_ramp_storage_veh,2.40000000000002,69.02732608814102,-66.627326088141,66.627326088141,-0.9652311608168704,69.02732608814102,-66.627326088141,66.627326088141,-0.9652311608168704
evaluation/runs/pstack_decision_balanced_postguard_ladder_20260716,decisions_pstack_220w_decision_balanced_postguard_seed13,stackelberg-wu-metered,C:\Users\TRLAB\Documents\Codex\2026-07-15\ming2you-vissim-https-github-com-ming2you\evaluation\runs\pstack_decision_balanced_postguard_ladder_20260716\decisions_pstack_220w_decision_balanced_postguard_seed13\action_000360.json,C:\Users\TRLAB\Documents\Codex\2026-07-15\ming2you-vissim-https-github-com-ming2you\evaluation\runs\pstack_decision_balanced_postguard_ladder_20260716\decisions_pstack_220w_decision_balanced_postguard_seed13\action_000180.json,180.0,360.0,360.0,0.0,ramp_queue_total_veh,1.0,50.70102697633952,-49.70102697633952,49.70102697633952,-0.9802765336397098,50.70102697633952,-49.70102697633952,49.70102697633952,-0.9802765336397098
evaluation/runs/pstack_decision_balanced_postguard_ladder_20260716,decisions_pstack_220w_decision_balanced_postguard_seed13,stackelberg-wu-metered,C:\Users\TRLAB\Documents\Codex\2026-07-15\ming2you-vissim-https-github-com-ming2you\evaluation\runs\pstack_decision_balanced_postguard_ladder_20260716\decisions_pstack_220w_decision_balanced_postguard_seed13\action_000540.json,C:\Users\TRLAB\Documents\Codex\2026-07-15\ming2you-vissim-https-github-com-ming2you\evaluation\runs\pstack_decision_balanced_postguard_ladder_20260716\decisions_pstack_220w_decision_balanced_postguard_seed13\action_000360.json,360.0,540.0,540.0,0.0,total_model_vehicles,923.4999999999999,1168.301787532409,-244.8017875324091,244.8017875324091,-0.20953643154947088,1253.6677386983433,-330.16773869834344,330.16773869834344,-0.2633614382078218
evaluation/runs/pstack_decision_balanced_postguard_ladder_20260716,decisions_pstack_220w_decision_balanced_postguard_seed13,stackelberg-wu-metered,C:\Users\TRLAB\Documents\Codex\2026-07-15\ming2you-vissim-https-github-com-ming2you\evaluation\runs\pstack_decision_balanced_postguard_ladder_20260716\decisions_pstack_220w_decision_balanced_postguard_seed13\action_000540.json,C:\Users\TRLAB\Documents\Codex\2026-07-15\ming2you-vissim-https-github-com-ming2you\evaluation\runs\pstack_decision_balanced_postguard_ladder_20260716\decisions_pstack_220w_decision_balanced_postguard_seed13\action_000360.json,360.0,540.0,540.0,0.0,freeway_total_veh,276.0,159.01618218265838,116.98381781734162,116.98381781734162,0.7356724090065556,244.38213334859284,31.617866651407155,31.617866651407155,0.129378797943083
evaluation/runs/pstack_decision_balanced_postguard_ladder_20260716,decisions_pstack_220w_decision_balanced_postguard_seed13,stackelberg-wu-metered,C:\Users\TRLAB\Documents\Codex\2026-07-15\ming2you-vissim-https-github-com-ming2you\evaluation\runs\pstack_decision_balanced_postguard_ladder_20260716\decisions_pstack_220w_decision_balanced_postguard_seed13\action_000540.json,C:\Users\TRLAB\Documents\Codex\2026-07-15\ming2you-vissim-https-github-com-ming2you\evaluation\runs\pstack_decision_balanced_postguard_ladder_20260716\decisions_pstack_220w_decision_balanced_postguard_seed13\action_000360.json,360.0,540.0,540.0,0.0,protected_accumulation_veh,415.47499999999985,768.966121735922,-353.49112173592215,353.49112173592215,-0.45969661308085286,768.966121735922,-353.49112173592215,353.49112173592215,-0.45969661308085286
evaluation/runs/pstack_decision_balanced_postguard_ladder_20260716,decisions_pstack_220w_decision_balanced_postguard_seed13,stackelberg-wu-metered,C:\Users\TRLAB\Documents\Codex\2026-07-15\ming2you-vissim-https-github-com-ming2you\evaluation\runs\pstack_decision_balanced_postguard_ladder_20260716\decisions_pstack_220w_decision_balanced_postguard_seed13\action_000540.json,C:\Users\TRLAB\Documents\Codex\2026-07-15\ming2you-vissim-https-github-com-ming2you\evaluation\runs\pstack_decision_balanced_postguard_ladder_20260716\decisions_pstack_220w_decision_balanced_postguard_seed13\action_000360.json,360.0,540.0,540.0,0.0,urban_queue_plus_link_occupancy_total_veh,647.5,1022.0500455246759,-374.55004552467585,374.55004552467585,-0.3664693790335856,1009.285605349751,-361.785605349751,361.785605349751,-0.3584571140538364
evaluation/runs/pstack_decision_balanced_postguard_ladder_20260716,decisions_pstack_220w_decision_balanced_postguard_seed13,stackelberg-wu-metered,C:\Users\TRLAB\Documents\Codex\2026-07-15\ming2you-vissim-https-github-com-ming2you\evaluation\runs\pstack_decision_balanced_postguard_ladder_20260716\decisions_pstack_220w_decision_balanced_postguard_seed13\action_000540.json,C:\Users\TRLAB\Documents\Codex\2026-07-15\ming2you-vissim-https-github-com-ming2you\evaluation\runs\pstack_decision_balanced_postguard_ladder_20260716\decisions_pstack_220w_decision_balanced_postguard_seed13\action_000360.json,360.0,540.0,540.0,0.0,urban_movement_queue_total_veh,297.4,390.68701589071225,-93.28701589071227,93.28701589071227,-0.23877685230472992,390.68701589071225,-93.28701589071227,93.28701589071227,-0.23877685230472992
evaluation/runs/pstack_decision_balanced_postguard_ladder_20260716,decisions_pstack_220w_decision_balanced_postguard_seed13,stackelberg-wu-metered,C:\Users\TRLAB\Documents\Codex\2026-07-15\ming2you-vissim-https-github-com-ming2you\evaluation\runs\pstack_decision_balanced_postguard_ladder_20260716\decisions_pstack_220w_decision_balanced_postguard_seed13\action_000540.json,C:\Users\TRLAB\Documents\Codex\2026-07-15\ming2you-vissim-https-github-com-ming2you\evaluation\runs\pstack_decision_balanced_postguard_ladder_20260716\decisions_pstack_220w_decision_balanced_postguard_seed13\action_000360.json,360.0,540.0,540.0,0.0,urban_link_occupancy_total_veh,350.09999999999997,618.5985894590387,-268.4985894590388,268.4985894590388,-0.43404332637395665,618.5985894590387,-268.4985894590388,268.4985894590388,-0.43404332637395665
evaluation/runs/pstack_decision_balanced_postguard_ladder_20260716,decisions_pstack_220w_decision_balanced_postguard_seed13,stackelberg-wu-metered,C:\Users\TRLAB\Documents\Codex\2026-07-15\ming2you-vissim-https-github-com-ming2you\evaluation\runs\pstack_decision_balanced_postguard_ladder_20260716\decisions_pstack_220w_decision_balanced_postguard_seed13\action_000540.json,C:\Users\TRLAB\Documents\Codex\2026-07-15\ming2you-vissim-https-github-com-ming2you\evaluation\runs\pstack_decision_balanced_postguard_ladder_20260716\decisions_pstack_220w_decision_balanced_postguard_seed13\action_000360.json,360.0,540.0,540.0,0.0,off_ramp_storage_veh,10.799999999999997,10.695618573356754,0.10438142664324346,0.10438142664324346,0.009759269735297225,10.695618573356754,0.10438142664324346,0.10438142664324346,0.009759269735297225
evaluation/runs/pstack_decision_balanced_postguard_ladder_20260716,decisions_pstack_220w_decision_balanced_postguard_seed13,stackelberg-wu-metered,C:\Users\TRLAB\Documents\Codex\2026-07-15\ming2you-vissim-https-github-com-ming2you\evaluation\runs\pstack_decision_balanced_postguard_ladder_20260716\decisions_pstack_220w_decision_balanced_postguard_seed13\action_000540.json,C:\Users\TRLAB\Documents\Codex\2026-07-15\ming2you-vissim-https-github-com-ming2you\evaluation\runs\pstack_decision_balanced_postguard_ladder_20260716\decisions_pstack_220w_decision_balanced_postguard_seed13\action_000360.json,360.0,540.0,540.0,0.0,ramp_queue_total_veh,25.0,59.60122059459057,-34.60122059459057,34.60122059459057,-0.5805455030854014,59.60122059459057,-34.60122059459057,34.60122059459057,-0.5805455030854014
evaluation/runs/pstack_decision_balanced_postguard_ladder_20260716,decisions_pstack_220w_decision_balanced_postguard_seed13,stackelberg-wu-metered,C:\Users\TRLAB\Documents\Codex\2026-07-15\ming2you-vissim-https-github-com-ming2you\evaluation\runs\pstack_decision_balanced_postguard_ladder_20260716\decisions_pstack_220w_decision_balanced_postguard_seed13\action_000720.json,C:\Users\TRLAB\Documents\Codex\2026-07-15\ming2you-vissim-https-github-com-ming2you\evaluation\runs\pstack_decision_balanced_postguard_ladder_20260716\decisions_pstack_220w_decision_balanced_postguard_seed13\action_000540.json,540.0,720.0,720.0,0.0,total_model_vehicles,1004.5749999999999,1248.190571388964,-243.61557138896399,243.61557138896399,-0.19517498126738209,1348.3824036227368,-343.80740362273684,343.80740362273684,-0.2549776700578559
evaluation/runs/pstack_decision_balanced_postguard_ladder_20260716,decisions_pstack_220w_decision_balanced_postguard_seed13,stackelberg-wu-metered,C:\Users\TRLAB\Documents\Codex\2026-07-15\ming2you-vissim-https-github-com-ming2you\evaluation\runs\pstack_decision_balanced_postguard_ladder_20260716\decisions_pstack_220w_decision_balanced_postguard_seed13\action_000720.json,C:\Users\TRLAB\Documents\Codex\2026-07-15\ming2you-vissim-https-github-com-ming2you\evaluation\runs\pstack_decision_balanced_postguard_ladder_20260716\decisions_pstack_220w_decision_balanced_postguard_seed13\action_000540.json,540.0,720.0,720.0,0.0,freeway_total_veh,266.0,186.63322355222274,79.36677644777726,79.36677644777726,0.42525534809491866,286.82505578599563,-20.82505578599563,20.82505578599563,-0.0726054274753929
evaluation/runs/pstack_decision_balanced_postguard_ladder_20260716,decisions_pstack_220w_decision_balanced_postguard_seed13,stackelberg-wu-metered,C:\Users\TRLAB\Documents\Codex\2026-07-15\ming2you-vissim-https-github-com-ming2you\evaluation\runs\pstack_decision_balanced_postguard_ladder_20260716\decisions_pstack_220w_decision_balanced_postguard_seed13\action_000720.json,C:\Users\TRLAB\Documents\Codex\2026-07-15\ming2you-vissim-https-github-com-ming2you\evaluation\runs\pstack_decision_balanced_postguard_ladder_20260716\decisions_pstack_220w_decision_balanced_postguard_seed13\action_000540.json,540.0,720.0,720.0,0.0,protected_accumulation_veh,453.0250000000001,772.5054858087228,-319.48048580872273,319.48048580872273,-0.4135640350492321,772.5054858087228,-319.48048580872273,319.48048580872273,-0.4135640350492321
evaluation/runs/pstack_decision_balanced_postguard_ladder_20260716,decisions_pstack_220w_decision_balanced_postguard_seed13,stackelberg-wu-metered,C:\Users\TRLAB\Documents\Codex\2026-07-15\ming2you-vissim-https-github-com-ming2you\evaluation\runs\pstack_decision_balanced_postguard_ladder_20260716\decisions_pstack_220w_decision_balanced_postguard_seed13\action_000720.json,C:\Users\TRLAB\Documents\Codex\2026-07-15\ming2you-vissim-https-github-com-ming2you\evaluation\runs\pstack_decision_balanced_postguard_ladder_20260716\decisions_pstack_220w_decision_balanced_postguard_seed13\action_000540.json,540.0,720.0,720.0,0.0,urban_queue_plus_link_occupancy_total_veh,738.575,1074.9828690042787,-336.4078690042786,336.4078690042786,-0.31294253955496254,1061.5573478367412,-322.98234783674116,322.98234783674116,-0.30425332036457553
evaluation/runs/pstack_decision_balanced_postguard_ladder_20260716,decisions_pstack_220w_decision_balanced_postguard_seed13,stackelberg-wu-metered,C:\Users\TRLAB\Documents\Codex\2026-07-15\ming2you-vissim-https-github-com-ming2you\evaluation\runs\pstack_decision_balanced_postguard_ladder_20260716\decisions_pstack_220w_decision_balanced_postguard_seed13\action_000720.json,C:\Users\TRLAB\Documents\Codex\2026-07-15\ming2you-vissim-https-github-com-ming2you\evaluation\runs\pstack_decision_balanced_postguard_ladder_20260716\decisions_pstack_220w_decision_balanced_postguard_seed13\action_000540.json,540.0,720.0,720.0,0.0,urban_movement_queue_total_veh,348.075,366.8120727867173,-18.737072786717306,18.737072786717306,-0.051080850868319067,366.8120727867173,-18.737072786717306,18.737072786717306,-0.051080850868319067
evaluation/runs/pstack_decision_balanced_postguard_ladder_20260716,decisions_pstack_220w_decision_balanced_postguard_seed13,stackelberg-wu-metered,C:\Users\TRLAB\Documents\Codex\2026-07-15\ming2you-vissim-https-github-com-ming2you\evaluation\runs\pstack_decision_balanced_postguard_ladder_20260716\decisions_pstack_220w_decision_balanced_postguard_seed13\action_000720.json,C:\Users\TRLAB\Documents\Codex\2026-07-15\ming2you-vissim-https-github-com-ming2you\evaluation\runs\pstack_decision_balanced_postguard_ladder_20260716\decisions_pstack_220w_decision_balanced_postguard_seed13\action_000540.json,540.0,720.0,720.0,0.0,urban_link_occupancy_total_veh,390.5,694.7452750500239,-304.2452750500239,304.2452750500239,-0.4379234893366022,694.7452750500239,-304.2452750500239,304.2452750500239,-0.4379234893366022
evaluation/runs/pstack_decision_balanced_postguard_ladder_20260716,decisions_pstack_220w_decision_balanced_postguard_seed13,stackelberg-wu-metered,C:\Users\TRLAB\Documents\Codex\2026-07-15\ming2you-vissim-https-github-com-ming2you\evaluation\runs\pstack_decision_balanced_postguard_ladder_20260716\decisions_pstack_220w_decision_balanced_postguard_seed13\action_000720.json,C:\Users\TRLAB\Documents\Codex\2026-07-15\ming2you-vissim-https-github-com-ming2you\evaluation\runs\pstack_decision_balanced_postguard_ladder_20260716\decisions_pstack_220w_decision_balanced_postguard_seed13\action_000540.json,540.0,720.0,720.0,0.0,off_ramp_storage_veh,8.0,94.69255894692226,-86.69255894692226,86.69255894692226,-0.9155160649477831,94.69255894692226,-86.69255894692226,86.69255894692226,-0.9155160649477831
evaluation/runs/pstack_decision_balanced_postguard_ladder_20260716,decisions_pstack_220w_decision_balanced_postguard_seed13,stackelberg-wu-metered,C:\Users\TRLAB\Documents\Codex\2026-07-15\ming2you-vissim-https-github-com-ming2you\evaluation\runs\pstack_decision_balanced_postguard_ladder_20260716\decisions_pstack_220w_decision_balanced_postguard_seed13\action_000720.json,C:\Users\TRLAB\Documents\Codex\2026-07-15\ming2you-vissim-https-github-com-ming2you\evaluation\runs\pstack_decision_balanced_postguard_ladder_20260716\decisions_pstack_220w_decision_balanced_postguard_seed13\action_000540.json,540.0,720.0,720.0,0.0,ramp_queue_total_veh,12.0,55.65705532451,-43.65705532451,43.65705532451,-0.7843939114271556,55.65705532451,-43.65705532451,43.65705532451,-0.7843939114271556
evaluation/runs/pstack_decision_balanced_postguard_ladder_20260716,decisions_pstack_220w_decision_balanced_postguard_seed13,stackelberg-wu-metered,C:\Users\TRLAB\Documents\Codex\2026-07-15\ming2you-vissim-https-github-com-ming2you\evaluation\runs\pstack_decision_balanced_postguard_ladder_20260716\decisions_pstack_220w_decision_balanced_postguard_seed13\action_000900.json,C:\Users\TRLAB\Documents\Codex\2026-07-15\ming2you-vissim-https-github-com-ming2you\evaluation\runs\pstack_decision_balanced_postguard_ladder_20260716\decisions_pstack_220w_decision_balanced_postguard_seed13\action_000720.json,720.0,900.0,900.0,0.0,total_model_vehicles,1087.8000000000002,1298.434412911373,-210.63441291137292,210.63441291137292,-0.16222183486271335,1385.4484657532607,-297.64846575326055,297.64846575326055,-0.21483907421372814
evaluation/runs/pstack_decision_balanced_postguard_ladder_20260716,decisions_pstack_220w_decision_balanced_postguard_seed13,stackelberg-wu-metered,C:\Users\TRLAB\Documents\Codex\2026-07-15\ming2you-vissim-https-github-com-ming2you\evaluation\runs\pstack_decision_balanced_postguard_ladder_20260716\decisions_pstack_220w_decision_balanced_postguard_seed13\action_000900.json,C:\Users\TRLAB\Documents\Codex\2026-07-15\ming2you-vissim-https-github-com-ming2you\evaluation\runs\pstack_decision_balanced_postguard_ladder_20260716\decisions_pstack_220w_decision_balanced_postguard_seed13\action_000720.json,720.0,900.0,900.0,0.0,freeway_total_veh,261.0,162.08619818762836,98.91380181237164,98.91380181237164,0.610254314792865,249.1002510295159,11.899748970484097,11.899748970484097,0.04777092323794606
evaluation/runs/pstack_decision_balanced_postguard_ladder_20260716,decisions_pstack_220w_decision_balanced_postguard_seed13,stackelberg-wu-metered,C:\Users\TRLAB\Documents\Codex\2026-07-15\ming2you-vissim-https-github-com-ming2you\evaluation\runs\pstack_decision_balanced_postguard_ladder_20260716\decisions_pstack_220w_decision_balanced_postguard_seed13\action_000900.json,C:\Users\TRLAB\Documents\Codex\2026-07-15\ming2you-vissim-https-github-com-ming2you\evaluation\runs\pstack_decision_balanced_postguard_ladder_20260716\decisions_pstack_220w_decision_balanced_postguard_seed13\action_000720.json,720.0,900.0,900.0,0.0,protected_accumulation_veh,498.22500000000014,879.4162455394763,-381.1912455394762,381.1912455394762,-0.4334594084120371,879.4162455394763,-381.1912455394762,381.1912455394762,-0.4334594084120371
evaluation/runs/pstack_decision_balanced_postguard_ladder_20260716,decisions_pstack_220w_decision_balanced_postguard_seed13,stackelberg-wu-metered,C:\Users\TRLAB\Documents\Codex\2026-07-15\ming2you-vissim-https-github-com-ming2you\evaluation\runs\pstack_decision_balanced_postguard_ladder_20260716\decisions_pstack_220w_decision_balanced_postguard_seed13\action_000900.json,C:\Users\TRLAB\Documents\Codex\2026-07-15\ming2you-vissim-https-github-com-ming2you\evaluation\runs\pstack_decision_balanced_postguard_ladder_20260716\decisions_pstack_220w_decision_balanced_postguard_seed13\action_000720.json,720.0,900.0,900.0,0.0,urban_queue_plus_link_occupancy_total_veh,826.8,1150.7196163645099,-323.9196163645099,323.9196163645099,-0.2814930863765713,1136.3482147237448,-309.5482147237449,309.5482147237449,-0.27240612579217055
evaluation/runs/pstack_decision_balanced_postguard_ladder_20260716,decisions_pstack_220w_decision_balanced_postguard_seed13,stackelberg-wu-metered,C:\Users\TRLAB\Documents\Codex\2026-07-15\ming2you-vissim-https-github-com-ming2you\evaluation\runs\pstack_decision_balanced_postguard_ladder_20260716\decisions_pstack_220w_decision_balanced_postguard_seed13\action_000900.json,C:\Users\TRLAB\Documents\Codex\2026-07-15\ming2you-vissim-https-github-com-ming2you\evaluation\runs\pstack_decision_balanced_postguard_ladder_20260716\decisions_pstack_220w_decision_balanced_postguard_seed13\action_000720.json,720.0,900.0,900.0,0.0,urban_movement_queue_total_veh,412.8,444.19501304570394,-31.395013045703934,31.395013045703934,-0.07067844555578937,444.19501304570394,-31.395013045703934,31.395013045703934,-0.07067844555578937
evaluation/runs/pstack_decision_balanced_postguard_ladder_20260716,decisions_pstack_220w_decision_balanced_postguard_seed13,stackelberg-wu-metered,C:\Users\TRLAB\Documents\Codex\2026-07-15\ming2you-vissim-https-github-com-ming2you\evaluation\runs\pstack_decision_balanced_postguard_ladder_20260716\decisions_pstack_220w_decision_balanced_postguard_seed13\action_000900.json,C:\Users\TRLAB\Documents\Codex\2026-07-15\ming2you-vissim-https-github-com-ming2you\evaluation\runs\pstack_decision_balanced_postguard_ladder_20260716\decisions_pstack_220w_decision_balanced_postguard_seed13\action_000720.json,720.0,900.0,900.0,0.0,urban_link_occupancy_total_veh,414.0,692.1532016780409,-278.1532016780409,278.1532016780409,-0.401866524641788,692.1532016780409,-278.1532016780409,278.1532016780409,-0.401866524641788
evaluation/runs/pstack_decision_balanced_postguard_ladder_20260716,decisions_pstack_220w_decision_balanced_postguard_seed13,stackelberg-wu-metered,C:\Users\TRLAB\Documents\Codex\2026-07-15\ming2you-vissim-https-github-com-ming2you\evaluation\runs\pstack_decision_balanced_postguard_ladder_20260716\decisions_pstack_220w_decision_balanced_postguard_seed13\action_000900.json,C:\Users\TRLAB\Documents\Codex\2026-07-15\ming2you-vissim-https-github-com-ming2you\evaluation\runs\pstack_decision_balanced_postguard_ladder_20260716\decisions_pstack_220w_decision_balanced_postguard_seed13\action_000720.json,720.0,900.0,900.0,0.0,off_ramp_storage_veh,14.399999999999991,16.71128451809176,-2.3112845180917674,2.3112845180917674,-0.13830681391305102,16.71128451809176,-2.3112845180917674,2.3112845180917674,-0.13830681391305102
evaluation/runs/pstack_decision_balanced_postguard_ladder_20260716,decisions_pstack_220w_decision_balanced_postguard_seed13,stackelberg-wu-metered,C:\Users\TRLAB\Documents\Codex\2026-07-15\ming2you-vissim-https-github-com-ming2you\evaluation\runs\pstack_decision_balanced_postguard_ladder_20260716\decisions_pstack_220w_decision_balanced_postguard_seed13\action_000900.json,C:\Users\TRLAB\Documents\Codex\2026-07-15\ming2you-vissim-https-github-com-ming2you\evaluation\runs\pstack_decision_balanced_postguard_ladder_20260716\decisions_pstack_220w_decision_balanced_postguard_seed13\action_000720.json,720.0,900.0,900.0,0.0,ramp_queue_total_veh,19.0,56.25330283479997,-37.25330283479997,37.25330283479997,-0.6622420543768315,56.25330283479997,-37.25330283479997,37.25330283479997,-0.6622420543768315
evaluation/runs/pstack_decision_balanced_postguard_ladder_20260716,decisions_pstack_220w_decision_balanced_postguard_seed13,stackelberg-wu-metered,C:\Users\TRLAB\Documents\Codex\2026-07-15\ming2you-vissim-https-github-com-ming2you\evaluation\runs\pstack_decision_balanced_postguard_ladder_20260716\decisions_pstack_220w_decision_balanced_postguard_seed13\action_001080.json,C:\Users\TRLAB\Documents\Codex\2026-07-15\ming2you-vissim-https-github-com-ming2you\evaluation\runs\pstack_decision_balanced_postguard_ladder_20260716\decisions_pstack_220w_decision_balanced_postguard_seed13\action_000900.json,900.0,1080.0,1080.0,0.0,total_model_vehicles,1244.1125,1333.9574338699276,-89.84493386992767,89.84493386992767,-0.06735217450625815,1423.8295202416464,-179.71702024164642,179.71702024164642,-0.12622088367092263
evaluation/runs/pstack_decision_balanced_postguard_ladder_20260716,decisions_pstack_220w_decision_balanced_postguard_seed13,stackelberg-wu-metered,C:\Users\TRLAB\Documents\Codex\2026-07-15\ming2you-vissim-https-github-com-ming2you\evaluation\runs\pstack_decision_balanced_postguard_ladder_20260716\decisions_pstack_220w_decision_balanced_postguard_seed13\action_001080.json,C:\Users\TRLAB\Documents\Codex\2026-07-15\ming2you-vissim-https-github-com-ming2you\evaluation\runs\pstack_decision_balanced_postguard_ladder_20260716\decisions_pstack_220w_decision_balanced_postguard_seed13\action_000900.json,900.0,1080.0,1080.0,0.0,freeway_total_veh,281.0,167.41002547774278,113.58997452225722,113.58997452225722,0.6785135728765482,257.2821118494615,23.7178881505385,23.7178881505385,0.09218630856239274
evaluation/runs/pstack_decision_balanced_postguard_ladder_20260716,decisions_pstack_220w_decision_balanced_postguard_seed13,stackelberg-wu-metered,C:\Users\TRLAB\Documents\Codex\2026-07-15\ming2you-vissim-https-github-com-ming2you\evaluation\runs\pstack_decision_balanced_postguard_ladder_20260716\decisions_pstack_220w_decision_balanced_postguard_seed13\action_001080.json,C:\Users\TRLAB\Documents\Codex\2026-07-15\ming2you-vissim-https-github-com-ming2you\evaluation\runs\pstack_decision_balanced_postguard_ladder_20260716\decisions_pstack_220w_decision_balanced_postguard_seed13\action_000900.json,900.0,1080.0,1080.0,0.0,protected_accumulation_veh,579.4,849.4537689487447,-270.05376894874473,270.05376894874473,-0.31791461621619993,849.4537689487447,-270.05376894874473,270.05376894874473,-0.31791461621619993
evaluation/runs/pstack_decision_balanced_postguard_ladder_20260716,decisions_pstack_220w_decision_balanced_postguard_seed13,stackelberg-wu-metered,C:\Users\TRLAB\Documents\Codex\2026-07-15\ming2you-vissim-https-github-com-ming2you\evaluation\runs\pstack_decision_balanced_postguard_ladder_20260716\decisions_pstack_220w_decision_balanced_postguard_seed13\action_001080.json,C:\Users\TRLAB\Documents\Codex\2026-07-15\ming2you-vissim-https-github-com-ming2you\evaluation\runs\pstack_decision_balanced_postguard_ladder_20260716\decisions_pstack_220w_decision_balanced_postguard_seed13\action_000900.json,900.0,1080.0,1080.0,0.0,urban_queue_plus_link_occupancy_total_veh,963.1125,1181.3007393885935,-218.1882393885935,218.1882393885935,-0.18470168697390413,1166.5474083921847,-203.43490839218475,203.43490839218475,-0.17439060506985535
evaluation/runs/pstack_decision_balanced_postguard_ladder_20260716,decisions_pstack_220w_decision_balanced_postguard_seed13,stackelberg-wu-metered,C:\Users\TRLAB\Documents\Codex\2026-07-15\ming2you-vissim-https-github-com-ming2you\evaluation\runs\pstack_decision_balanced_postguard_ladder_20260716\decisions_pstack_220w_decision_balanced_postguard_seed13\action_001080.json,C:\Users\TRLAB\Documents\Codex\2026-07-15\ming2you-vissim-https-github-com-ming2you\evaluation\runs\pstack_decision_balanced_postguard_ladder_20260716\decisions_pstack_220w_decision_balanced_postguard_seed13\action_000900.json,900.0,1080.0,1080.0,0.0,urban_movement_queue_total_veh,477.2125,435.63073150886026,41.58176849113971,41.58176849113971,0.09545187123763325,435.63073150886026,41.58176849113971,41.58176849113971,0.09545187123763325
evaluation/runs/pstack_decision_balanced_postguard_ladder_20260716,decisions_pstack_220w_decision_balanced_postguard_seed13,stackelberg-wu-metered,C:\Users\TRLAB\Documents\Codex\2026-07-15\ming2you-vissim-https-github-com-ming2you\evaluation\runs\pstack_decision_balanced_postguard_ladder_20260716\decisions_pstack_220w_decision_balanced_postguard_seed13\action_001080.json,C:\Users\TRLAB\Documents\Codex\2026-07-15\ming2you-vissim-https-github-com-ming2you\evaluation\runs\pstack_decision_balanced_postguard_ladder_20260716\decisions_pstack_220w_decision_balanced_postguard_seed13\action_000900.json,900.0,1080.0,1080.0,0.0,urban_link_occupancy_total_veh,485.9,730.9166768833245,-245.01667688332452,245.01667688332452,-0.33521834243554455,730.9166768833245,-245.01667688332452,245.01667688332452,-0.33521834243554455
evaluation/runs/pstack_decision_balanced_postguard_ladder_20260716,decisions_pstack_220w_decision_balanced_postguard_seed13,stackelberg-wu-metered,C:\Users\TRLAB\Documents\Codex\2026-07-15\ming2you-vissim-https-github-com-ming2you\evaluation\runs\pstack_decision_balanced_postguard_ladder_20260716\decisions_pstack_220w_decision_balanced_postguard_seed13\action_001080.json,C:\Users\TRLAB\Documents\Codex\2026-07-15\ming2you-vissim-https-github-com-ming2you\evaluation\runs\pstack_decision_balanced_postguard_ladder_20260716\decisions_pstack_220w_decision_balanced_postguard_seed13\action_000900.json,900.0,1080.0,1080.0,0.0,off_ramp_storage_veh,15.199999999999989,72.25677651570521,-57.056776515705224,57.056776515705224,-0.7896391074587139,72.25677651570521,-57.056776515705224,57.056776515705224,-0.7896391074587139
evaluation/runs/pstack_decision_balanced_postguard_ladder_20260716,decisions_pstack_220w_decision_balanced_postguard_seed13,stackelberg-wu-metered,C:\Users\TRLAB\Documents\Codex\2026-07-15\ming2you-vissim-https-github-com-ming2you\evaluation\runs\pstack_decision_balanced_postguard_ladder_20260716\decisions_pstack_220w_decision_balanced_postguard_seed13\action_001080.json,C:\Users\TRLAB\Documents\Codex\2026-07-15\ming2you-vissim-https-github-com-ming2you\evaluation\runs\pstack_decision_balanced_postguard_ladder_20260716\decisions_pstack_220w_decision_balanced_postguard_seed13\action_000900.json,900.0,1080.0,1080.0,0.0,ramp_queue_total_veh,7.0,54.24588477366255,-47.24588477366255,47.24588477366255,-0.8709579532307926,54.24588477366255,-47.24588477366255,47.24588477366255,-0.8709579532307926
evaluation/runs/pstack_decision_balanced_postguard_ladder_20260716,decisions_pstack_220w_decision_balanced_postguard_seed13,stackelberg-wu-metered,C:\Users\TRLAB\Documents\Codex\2026-07-15\ming2you-vissim-https-github-com-ming2you\evaluation\runs\pstack_decision_balanced_postguard_ladder_20260716\decisions_pstack_220w_decision_balanced_postguard_seed13\action_001260.json,C:\Users\TRLAB\Documents\Codex\2026-07-15\ming2you-vissim-https-github-com-ming2you\evaluation\runs\pstack_decision_balanced_postguard_ladder_20260716\decisions_pstack_220w_decision_balanced_postguard_seed13\action_001080.json,1080.0,1260.0,1260.0,0.0,total_model_vehicles,1352.7250000000001,1465.00261202477,-112.27761202476995,112.27761202476995,-0.0766398715628171,1541.0559017723076,-188.33090177230747,188.33090177230747,-0.12220900069602636
evaluation/runs/pstack_decision_balanced_postguard_ladder_20260716,decisions_pstack_220w_decision_balanced_postguard_seed13,stackelberg-wu-metered,C:\Users\TRLAB\Documents\Codex\2026-07-15\ming2you-vissim-https-github-com-ming2you\evaluation\runs\pstack_decision_balanced_postguard_ladder_20260716\decisions_pstack_220w_decision_balanced_postguard_seed13\action_001260.json,C:\Users\TRLAB\Documents\Codex\2026-07-15\ming2you-vissim-https-github-com-ming2you\evaluation\runs\pstack_decision_balanced_postguard_ladder_20260716\decisions_pstack_220w_decision_balanced_postguard_seed13\action_001080.json,1080.0,1260.0,1260.0,0.0,freeway_total_veh,379.0,141.66893958197912,237.33106041802088,237.33106041802088,1.6752511956277139,217.72222932951672,161.27777067048328,161.27777067048328,0.7407501345505411
evaluation/runs/pstack_decision_balanced_postguard_ladder_20260716,decisions_pstack_220w_decision_balanced_postguard_seed13,stackelberg-wu-metered,C:\Users\TRLAB\Documents\Codex\2026-07-15\ming2you-vissim-https-github-com-ming2you\evaluation\runs\pstack_decision_balanced_postguard_ladder_20260716\decisions_pstack_220w_decision_balanced_postguard_seed13\action_001260.json,C:\Users\TRLAB\Documents\Codex\2026-07-15\ming2you-vissim-https-github-com-ming2you\evaluation\runs\pstack_decision_balanced_postguard_ladder_20260716\decisions_pstack_220w_decision_balanced_postguard_seed13\action_001080.json,1080.0,1260.0,1260.0,0.0,protected_accumulation_veh,509.60000000000014,1040.6700080790622,-531.0700080790621,531.0700080790621,-0.5103154736431257,1040.6700080790622,-531.0700080790621,531.0700080790621,-0.5103154736431257
evaluation/runs/pstack_decision_balanced_postguard_ladder_20260716,decisions_pstack_220w_decision_balanced_postguard_seed13,stackelberg-wu-metered,C:\Users\TRLAB\Documents\Codex\2026-07-15\ming2you-vissim-https-github-com-ming2you\evaluation\runs\pstack_decision_balanced_postguard_ladder_20260716\decisions_pstack_220w_decision_balanced_postguard_seed13\action_001260.json,C:\Users\TRLAB\Documents\Codex\2026-07-15\ming2you-vissim-https-github-com-ming2you\evaluation\runs\pstack_decision_balanced_postguard_ladder_20260716\decisions_pstack_220w_decision_balanced_postguard_seed13\action_001080.json,1080.0,1260.0,1260.0,0.0,urban_queue_plus_link_occupancy_total_veh,973.7250000000001,1340.0698801166402,-366.34488011664007,366.34488011664007,-0.27337744512603573,1323.3336724427913,-349.6086724427912,349.6086724427912,-0.26418784598553696
evaluation/runs/pstack_decision_balanced_postguard_ladder_20260716,decisions_pstack_220w_decision_balanced_postguard_seed13,stackelberg-wu-metered,C:\Users\TRLAB\Documents\Codex\2026-07-15\ming2you-vissim-https-github-com-ming2you\evaluation\runs\pstack_decision_balanced_postguard_ladder_20260716\decisions_pstack_220w_decision_balanced_postguard_seed13\action_001260.json,C:\Users\TRLAB\Documents\Codex\2026-07-15\ming2you-vissim-https-github-com-ming2you\evaluation\runs\pstack_decision_balanced_postguard_ladder_20260716\decisions_pstack_220w_decision_balanced_postguard_seed13\action_001080.json,1080.0,1260.0,1260.0,0.0,urban_movement_queue_total_veh,542.325,536.8888529477422,5.436147052257866,5.436147052257866,0.010125274574823387,536.8888529477422,5.436147052257866,5.436147052257866,0.010125274574823387
evaluation/runs/pstack_decision_balanced_postguard_ladder_20260716,decisions_pstack_220w_decision_balanced_postguard_seed13,stackelberg-wu-metered,C:\Users\TRLAB\Documents\Codex\2026-07-15\ming2you-vissim-https-github-com-ming2you\evaluation\runs\pstack_decision_balanced_postguard_ladder_20260716\decisions_pstack_220w_decision_balanced_postguard_seed13\action_001260.json,C:\Users\TRLAB\Documents\Codex\2026-07-15\ming2you-vissim-https-github-com-ming2you\evaluation\runs\pstack_decision_balanced_postguard_ladder_20260716\decisions_pstack_220w_decision_balanced_postguard_seed13\action_001080.json,1080.0,1260.0,1260.0,0.0,urban_link_occupancy_total_veh,431.4000000000001,786.4448194950492,-355.04481949504907,355.04481949504907,-0.45145547493467103,786.4448194950492,-355.04481949504907,355.04481949504907,-0.45145547493467103
evaluation/runs/pstack_decision_balanced_postguard_ladder_20260716,decisions_pstack_220w_decision_balanced_postguard_seed13,stackelberg-wu-metered,C:\Users\TRLAB\Documents\Codex\2026-07-15\ming2you-vissim-https-github-com-ming2you\evaluation\runs\pstack_decision_balanced_postguard_ladder_20260716\decisions_pstack_220w_decision_balanced_postguard_seed13\action_001260.json,C:\Users\TRLAB\Documents\Codex\2026-07-15\ming2you-vissim-https-github-com-ming2you\evaluation\runs\pstack_decision_balanced_postguard_ladder_20260716\decisions_pstack_220w_decision_balanced_postguard_seed13\action_001080.json,1080.0,1260.0,1260.0,0.0,off_ramp_storage_veh,12.0,13.321523490029918,-1.321523490029918,1.321523490029918,-0.09920212887204466,13.321523490029918,-1.321523490029918,1.321523490029918,-0.09920212887204466
evaluation/runs/pstack_decision_balanced_postguard_ladder_20260716,decisions_pstack_220w_decision_balanced_postguard_seed13,stackelberg-wu-metered,C:\Users\TRLAB\Documents\Codex\2026-07-15\ming2you-vissim-https-github-com-ming2you\evaluation\runs\pstack_decision_balanced_postguard_ladder_20260716\decisions_pstack_220w_decision_balanced_postguard_seed13\action_001260.json,C:\Users\TRLAB\Documents\Codex\2026-07-15\ming2you-vissim-https-github-com-ming2you\evaluation\runs\pstack_decision_balanced_postguard_ladder_20260716\decisions_pstack_220w_decision_balanced_postguard_seed13\action_001080.json,1080.0,1260.0,1260.0,0.0,ramp_queue_total_veh,15.0,53.81654152943699,-38.81654152943699,38.81654152943699,-0.7212752887177787,53.81654152943699,-38.81654152943699,38.81654152943699,-0.7212752887177787
evaluation/runs/pstack_decision_balanced_postguard_ladder_20260716,decisions_pstack_220w_decision_balanced_postguard_seed13,stackelberg-wu-metered,C:\Users\TRLAB\Documents\Codex\2026-07-15\ming2you-vissim-https-github-com-ming2you\evaluation\runs\pstack_decision_balanced_postguard_ladder_20260716\decisions_pstack_220w_decision_balanced_postguard_seed13\action_001440.json,C:\Users\TRLAB\Documents\Codex\2026-07-15\ming2you-vissim-https-github-com-ming2you\evaluation\runs\pstack_decision_balanced_postguard_ladder_20260716\decisions_pstack_220w_decision_balanced_postguard_seed13\action_001260.json,1260.0,1440.0,1440.0,0.0,total_model_vehicles,1356.3374999999999,1528.0269642276453,-171.68946422764543,171.68946422764543,-0.11236023201621143,1617.7938692706073,-261.4563692706074,261.4563692706074,-0.16161290646285284
evaluation/runs/pstack_decision_balanced_postguard_ladder_20260716,decisions_pstack_220w_decision_balanced_postguard_seed13,stackelberg-wu-metered,C:\Users\TRLAB\Documents\Codex\2026-07-15\ming2you-vissim-https-github-com-ming2you\evaluation\runs\pstack_decision_balanced_postguard_ladder_20260716\decisions_pstack_220w_decision_balanced_postguard_seed13\action_001440.json,C:\Users\TRLAB\Documents\Codex\2026-07-15\ming2you-vissim-https-github-com-ming2you\evaluation\runs\pstack_decision_balanced_postguard_ladder_20260716\decisions_pstack_220w_decision_balanced_postguard_seed13\action_001260.json,1260.0,1440.0,1440.0,0.0,freeway_total_veh,283.0,167.2140980253177,115.7859019746823,115.7859019746823,0.6924410282508074,256.98100306827973,26.018996931720267,26.018996931720267,0.10124871730229425
evaluation/runs/pstack_decision_balanced_postguard_ladder_20260716,decisions_pstack_220w_decision_balanced_postguard_seed13,stackelberg-wu-metered,C:\Users\TRLAB\Documents\Codex\2026-07-15\ming2you-vissim-https-github-com-ming2you\evaluation\runs\pstack_decision_balanced_postguard_ladder_20260716\decisions_pstack_220w_decision_balanced_postguard_seed13\action_001440.json,C:\Users\TRLAB\Documents\Codex\2026-07-15\ming2you-vissim-https-github-com-ming2you\evaluation\runs\pstack_decision_balanced_postguard_ladder_20260716\decisions_pstack_220w_decision_balanced_postguard_seed13\action_001260.json,1260.0,1440.0,1440.0,0.0,protected_accumulation_veh,597.3499999999999,926.2936534354892,-328.9436534354893,328.9436534354893,-0.3551181120754578,926.2936534354892,-328.9436534354893,328.9436534354893,-0.3551181120754578
evaluation/runs/pstack_decision_balanced_postguard_ladder_20260716,decisions_pstack_220w_decision_balanced_postguard_seed13,stackelberg-wu-metered,C:\Users\TRLAB\Documents\Codex\2026-07-15\ming2you-vissim-https-github-com-ming2you\evaluation\runs\pstack_decision_balanced_postguard_ladder_20260716\decisions_pstack_220w_decision_balanced_postguard_seed13\action_001440.json,C:\Users\TRLAB\Documents\Codex\2026-07-15\ming2you-vissim-https-github-com-ming2you\evaluation\runs\pstack_decision_balanced_postguard_ladder_20260716\decisions_pstack_220w_decision_balanced_postguard_seed13\action_001260.json,1260.0,1440.0,1440.0,0.0,urban_queue_plus_link_occupancy_total_veh,1073.3375,1378.0230734299325,-304.68557342993245,304.68557342993245,-0.22110339028762613,1360.8128662023278,-287.4753662023277,287.4753662023277,-0.21125268091019458
evaluation/runs/pstack_decision_balanced_postguard_ladder_20260716,decisions_pstack_220w_decision_balanced_postguard_seed13,stackelberg-wu-metered,C:\Users\TRLAB\Documents\Codex\2026-07-15\ming2you-vissim-https-github-com-ming2you\evaluation\runs\pstack_decision_balanced_postguard_ladder_20260716\decisions_pstack_220w_decision_balanced_postguard_seed13\action_001440.json,C:\Users\TRLAB\Documents\Codex\2026-07-15\ming2you-vissim-https-github-com-ming2you\evaluation\runs\pstack_decision_balanced_postguard_ladder_20260716\decisions_pstack_220w_decision_balanced_postguard_seed13\action_001260.json,1260.0,1440.0,1440.0,0.0,urban_movement_queue_total_veh,581.9375,555.1642151103184,26.773284889681577,26.773284889681577,0.04822588373128728,555.1642151103184,26.773284889681577,26.773284889681577,0.04822588373128728
evaluation/runs/pstack_decision_balanced_postguard_ladder_20260716,decisions_pstack_220w_decision_balanced_postguard_seed13,stackelberg-wu-metered,C:\Users\TRLAB\Documents\Codex\2026-07-15\ming2you-vissim-https-github-com-ming2you\evaluation\runs\pstack_decision_balanced_postguard_ladder_20260716\decisions_pstack_220w_decision_balanced_postguard_seed13\action_001440.json,C:\Users\TRLAB\Documents\Codex\2026-07-15\ming2you-vissim-https-github-com-ming2you\evaluation\runs\pstack_decision_balanced_postguard_ladder_20260716\decisions_pstack_220w_decision_balanced_postguard_seed13\action_001260.json,1260.0,1440.0,1440.0,0.0,urban_link_occupancy_total_veh,491.4,805.6486510920092,-314.24865109200925,314.24865109200925,-0.39005669613678834,805.6486510920092,-314.24865109200925,314.24865109200925,-0.39005669613678834
evaluation/runs/pstack_decision_balanced_postguard_ladder_20260716,decisions_pstack_220w_decision_balanced_postguard_seed13,stackelberg-wu-metered,C:\Users\TRLAB\Documents\Codex\2026-07-15\ming2you-vissim-https-github-com-ming2you\evaluation\runs\pstack_decision_balanced_postguard_ladder_20260716\decisions_pstack_220w_decision_balanced_postguard_seed13\action_001440.json,C:\Users\TRLAB\Documents\Codex\2026-07-15\ming2you-vissim-https-github-com-ming2you\evaluation\runs\pstack_decision_balanced_postguard_ladder_20260716\decisions_pstack_220w_decision_balanced_postguard_seed13\action_001260.json,1260.0,1440.0,1440.0,0.0,off_ramp_storage_veh,19.80000000000001,85.41585791047399,-65.61585791047398,65.61585791047398,-0.7681929271172014,85.41585791047399,-65.61585791047398,65.61585791047398,-0.7681929271172014
evaluation/runs/pstack_decision_balanced_postguard_ladder_20260716,decisions_pstack_220w_decision_balanced_postguard_seed13,stackelberg-wu-metered,C:\Users\TRLAB\Documents\Codex\2026-07-15\ming2you-vissim-https-github-com-ming2you\evaluation\runs\pstack_decision_balanced_postguard_ladder_20260716\decisions_pstack_220w_decision_balanced_postguard_seed13\action_001440.json,C:\Users\TRLAB\Documents\Codex\2026-07-15\ming2you-vissim-https-github-com-ming2you\evaluation\runs\pstack_decision_balanced_postguard_ladder_20260716\decisions_pstack_220w_decision_balanced_postguard_seed13\action_001260.json,1260.0,1440.0,1440.0,0.0,ramp_queue_total_veh,8.0,57.946038231598564,-49.946038231598564,49.946038231598564,-0.8619405183832306,57.946038231598564,-49.946038231598564,49.946038231598564,-0.8619405183832306
evaluation/runs/pstack_decision_balanced_postguard_ladder_20260716,decisions_pstack_220w_decision_balanced_postguard_seed13,stackelberg-wu-metered,C:\Users\TRLAB\Documents\Codex\2026-07-15\ming2you-vissim-https-github-com-ming2you\evaluation\runs\pstack_decision_balanced_postguard_ladder_20260716\decisions_pstack_220w_decision_balanced_postguard_seed13\action_001620.json,C:\Users\TRLAB\Documents\Codex\2026-07-15\ming2you-vissim-https-github-com-ming2you\evaluation\runs\pstack_decision_balanced_postguard_ladder_20260716\decisions_pstack_220w_decision_balanced_postguard_seed13\action_001440.json,1440.0,1620.0,1620.0,0.0,total_model_vehicles,1464.2875,1591.6450372306097,-127.35753723060975,127.35753723060975,-0.0800162939924131,1686.6289622976456,-222.34146229764565,222.34146229764565,-0.13182594824812943
evaluation/runs/pstack_decision_balanced_postguard_ladder_20260716,decisions_pstack_220w_decision_balanced_postguard_seed13,stackelberg-wu-metered,C:\Users\TRLAB\Documents\Codex\2026-07-15\ming2you-vissim-https-github-com-ming2you\evaluation\runs\pstack_decision_balanced_postguard_ladder_20260716\decisions_pstack_220w_decision_balanced_postguard_seed13\action_001620.json,C:\Users\TRLAB\Documents\Codex\2026-07-15\ming2you-vissim-https-github-com-ming2you\evaluation\runs\pstack_decision_balanced_postguard_ladder_20260716\decisions_pstack_220w_decision_balanced_postguard_seed13\action_001440.json,1440.0,1620.0,1620.0,0.0,freeway_total_veh,338.0,176.93214831665856,161.06785168334144,161.06785168334144,0.9103368337283482,271.9160733836944,66.08392661630558,66.08392661630558,0.24303060055981351
evaluation/runs/pstack_decision_balanced_postguard_ladder_20260716,decisions_pstack_220w_decision_balanced_postguard_seed13,stackelberg-wu-metered,C:\Users\TRLAB\Documents\Codex\2026-07-15\ming2you-vissim-https-github-com-ming2you\evaluation\runs\pstack_decision_balanced_postguard_ladder_20260716\decisions_pstack_220w_decision_balanced_postguard_seed13\action_001620.json,C:\Users\TRLAB\Documents\Codex\2026-07-15\ming2you-vissim-https-github-com-ming2you\evaluation\runs\pstack_decision_balanced_postguard_ladder_20260716\decisions_pstack_220w_decision_balanced_postguard_seed13\action_001440.json,1440.0,1620.0,1620.0,0.0,protected_accumulation_veh,526.7500000000001,1109.9612956597368,-583.2112956597367,583.2112956597367,-0.5254339029119828,1109.9612956597368,-583.2112956597367,583.2112956597367,-0.5254339029119828
evaluation/runs/pstack_decision_balanced_postguard_ladder_20260716,decisions_pstack_220w_decision_balanced_postguard_seed13,stackelberg-wu-metered,C:\Users\TRLAB\Documents\Codex\2026-07-15\ming2you-vissim-https-github-com-ming2you\evaluation\runs\pstack_decision_balanced_postguard_ladder_20260716\decisions_pstack_220w_decision_balanced_postguard_seed13\action_001620.json,C:\Users\TRLAB\Documents\Codex\2026-07-15\ming2you-vissim-https-github-com-ming2you\evaluation\runs\pstack_decision_balanced_postguard_ladder_20260716\decisions_pstack_220w_decision_balanced_postguard_seed13\action_001440.json,1440.0,1620.0,1620.0,0.0,urban_queue_plus_link_occupancy_total_veh,1126.2875,1432.6047700024362,-306.3172700024363,306.3172700024363,-0.21381840715350642,1414.7128889139512,-288.42538891395134,288.42538891395134,-0.20387556455739236
evaluation/runs/pstack_decision_balanced_postguard_ladder_20260716,decisions_pstack_220w_decision_balanced_postguard_seed13,stackelberg-wu-metered,C:\Users\TRLAB\Documents\Codex\2026-07-15\ming2you-vissim-https-github-com-ming2you\evaluation\runs\pstack_decision_balanced_postguard_ladder_20260716\decisions_pstack_220w_decision_balanced_postguard_seed13\action_001620.json,C:\Users\TRLAB\Documents\Codex\2026-07-15\ming2you-vissim-https-github-com-ming2you\evaluation\runs\pstack_decision_balanced_postguard_ladder_20260716\decisions_pstack_220w_decision_balanced_postguard_seed13\action_001440.json,1440.0,1620.0,1620.0,0.0,urban_movement_queue_total_veh,668.0875,590.8043500434372,77.28314995656274,77.28314995656274,0.13081005573313859,590.8043500434372,77.28314995656274,77.28314995656274,0.13081005573313859
evaluation/runs/pstack_decision_balanced_postguard_ladder_20260716,decisions_pstack_220w_decision_balanced_postguard_seed13,stackelberg-wu-metered,C:\Users\TRLAB\Documents\Codex\2026-07-15\ming2you-vissim-https-github-com-ming2you\evaluation\runs\pstack_decision_balanced_postguard_ladder_20260716\decisions_pstack_220w_decision_balanced_postguard_seed13\action_001620.json,C:\Users\TRLAB\Documents\Codex\2026-07-15\ming2you-vissim-https-github-com-ming2you\evaluation\runs\pstack_decision_balanced_postguard_ladder_20260716\decisions_pstack_220w_decision_balanced_postguard_seed13\action_001440.json,1440.0,1620.0,1620.0,0.0,urban_link_occupancy_total_veh,458.20000000000005,823.9085388705141,-365.7085388705141,365.7085388705141,-0.44387031037675534,823.9085388705141,-365.7085388705141,365.7085388705141,-0.44387031037675534
evaluation/runs/pstack_decision_balanced_postguard_ladder_20260716,decisions_pstack_220w_decision_balanced_postguard_seed13,stackelberg-wu-metered,C:\Users\TRLAB\Documents\Codex\2026-07-15\ming2you-vissim-https-github-com-ming2you\evaluation\runs\pstack_decision_balanced_postguard_ladder_20260716\decisions_pstack_220w_decision_balanced_postguard_seed13\action_001620.json,C:\Users\TRLAB\Documents\Codex\2026-07-15\ming2you-vissim-https-github-com-ming2you\evaluation\runs\pstack_decision_balanced_postguard_ladder_20260716\decisions_pstack_220w_decision_balanced_postguard_seed13\action_001440.json,1440.0,1620.0,1620.0,0.0,off_ramp_storage_veh,8.199999999999989,6.090138225940862,2.1098617740591266,2.1098617740591266,0.34643906193659096,6.090138225940862,2.1098617740591266,2.1098617740591266,0.34643906193659096
evaluation/runs/pstack_decision_balanced_postguard_ladder_20260716,decisions_pstack_220w_decision_balanced_postguard_seed13,stackelberg-wu-metered,C:\Users\TRLAB\Documents\Codex\2026-07-15\ming2you-vissim-https-github-com-ming2you\evaluation\runs\pstack_decision_balanced_postguard_ladder_20260716\decisions_pstack_220w_decision_balanced_postguard_seed13\action_001620.json,C:\Users\TRLAB\Documents\Codex\2026-07-15\ming2you-vissim-https-github-com-ming2you\evaluation\runs\pstack_decision_balanced_postguard_ladder_20260716\decisions_pstack_220w_decision_balanced_postguard_seed13\action_001440.json,1440.0,1620.0,1620.0,0.0,ramp_queue_total_veh,2.0,54.92383493239238,-52.92383493239238,52.92383493239238,-0.9635859367347187,54.92383493239238,-52.92383493239238,52.92383493239238,-0.9635859367347187
evaluation/runs/pstack_decision_balanced_postguard_ladder_20260716,decisions_pstack_220w_decision_balanced_postguard_seed13,stackelberg-wu-metered,C:\Users\TRLAB\Documents\Codex\2026-07-15\ming2you-vissim-https-github-com-ming2you\evaluation\runs\pstack_decision_balanced_postguard_ladder_20260716\decisions_pstack_220w_decision_balanced_postguard_seed13\action_001800.json,C:\Users\TRLAB\Documents\Codex\2026-07-15\ming2you-vissim-https-github-com-ming2you\evaluation\runs\pstack_decision_balanced_postguard_ladder_20260716\decisions_pstack_220w_decision_balanced_postguard_seed13\action_001620.json,1620.0,1800.0,1800.0,0.0,total_model_vehicles,1543.3374999999996,1629.5578594734163,-86.22035947341669,86.22035947341669,-0.052910278068480726,1720.8201133684688,-177.48261336846917,177.48261336846917,-0.10313838848678421
evaluation/runs/pstack_decision_balanced_postguard_ladder_20260716,decisions_pstack_220w_decision_balanced_postguard_seed13,stackelberg-wu-metered,C:\Users\TRLAB\Documents\Codex\2026-07-15\ming2you-vissim-https-github-com-ming2you\evaluation\runs\pstack_decision_balanced_postguard_ladder_20260716\decisions_pstack_220w_decision_balanced_postguard_seed13\action_001800.json,C:\Users\TRLAB\Documents\Codex\2026-07-15\ming2you-vissim-https-github-com-ming2you\evaluation\runs\pstack_decision_balanced_postguard_ladder_20260716\decisions_pstack_220w_decision_balanced_postguard_seed13\action_001620.json,1620.0,1800.0,1800.0,0.0,freeway_total_veh,331.0,169.99957235370002,161.00042764629998,161.00042764629998,0.9470637214976254,261.2618262487525,69.73817375124747,69.73817375124747,0.2669282947017617
evaluation/runs/pstack_decision_balanced_postguard_ladder_20260716,decisions_pstack_220w_decision_balanced_postguard_seed13,stackelberg-wu-metered,C:\Users\TRLAB\Documents\Codex\2026-07-15\ming2you-vissim-https-github-com-ming2you\evaluation\runs\pstack_decision_balanced_postguard_ladder_20260716\decisions_pstack_220w_decision_balanced_postguard_seed13\action_001800.json,C:\Users\TRLAB\Documents\Codex\2026-07-15\ming2you-vissim-https-github-com-ming2you\evaluation\runs\pstack_decision_balanced_postguard_ladder_20260716\decisions_pstack_220w_decision_balanced_postguard_seed13\action_001620.json,1620.0,1800.0,1800.0,0.0,protected_accumulation_veh,662.7250000000003,952.9528286649266,-290.2278286649264,290.2278286649264,-0.30455634312091967,952.9528286649266,-290.2278286649264,290.2278286649264,-0.30455634312091967
evaluation/runs/pstack_decision_balanced_postguard_ladder_20260716,decisions_pstack_220w_decision_balanced_postguard_seed13,stackelberg-wu-metered,C:\Users\TRLAB\Documents\Codex\2026-07-15\ming2you-vissim-https-github-com-ming2you\evaluation\runs\pstack_decision_balanced_postguard_ladder_20260716\decisions_pstack_220w_decision_balanced_postguard_seed13\action_001800.json,C:\Users\TRLAB\Documents\Codex\2026-07-15\ming2you-vissim-https-github-com-ming2you\evaluation\runs\pstack_decision_balanced_postguard_ladder_20260716\decisions_pstack_220w_decision_balanced_postguard_seed13\action_001620.json,1620.0,1800.0,1800.0,0.0,urban_queue_plus_link_occupancy_total_veh,1212.3375,1478.017328186986,-265.679828186986,265.679828186986,-0.17975420390563546,1459.5582871197162,-247.22078711971608,247.22078711971608,-0.16938055115810424
evaluation/runs/pstack_decision_balanced_postguard_ladder_20260716,decisions_pstack_220w_decision_balanced_postguard_seed13,stackelberg-wu-metered,C:\Users\TRLAB\Documents\Codex\2026-07-15\ming2you-vissim-https-github-com-ming2you\evaluation\runs\pstack_decision_balanced_postguard_ladder_20260716\decisions_pstack_220w_decision_balanced_postguard_seed13\action_001800.json,C:\Users\TRLAB\Documents\Codex\2026-07-15\ming2you-vissim-https-github-com-ming2you\evaluation\runs\pstack_decision_balanced_postguard_ladder_20260716\decisions_pstack_220w_decision_balanced_postguard_seed13\action_001620.json,1620.0,1800.0,1800.0,0.0,urban_movement_queue_total_veh,671.8375,611.5186860988092,60.318813901190765,60.318813901190765,0.09863772812241497,611.5186860988092,60.318813901190765,60.318813901190765,0.09863772812241497
evaluation/runs/pstack_decision_balanced_postguard_ladder_20260716,decisions_pstack_220w_decision_balanced_postguard_seed13,stackelberg-wu-metered,C:\Users\TRLAB\Documents\Codex\2026-07-15\ming2you-vissim-https-github-com-ming2you\evaluation\runs\pstack_decision_balanced_postguard_ladder_20260716\decisions_pstack_220w_decision_balanced_postguard_seed13\action_001800.json,C:\Users\TRLAB\Documents\Codex\2026-07-15\ming2you-vissim-https-github-com-ming2you\evaluation\runs\pstack_decision_balanced_postguard_ladder_20260716\decisions_pstack_220w_decision_balanced_postguard_seed13\action_001620.json,1620.0,1800.0,1800.0,0.0,urban_link_occupancy_total_veh,540.5000000000001,848.0396010209068,-307.53960102090673,307.53960102090673,-0.362647688446008,848.0396010209068,-307.53960102090673,307.53960102090673,-0.362647688446008
evaluation/runs/pstack_decision_balanced_postguard_ladder_20260716,decisions_pstack_220w_decision_balanced_postguard_seed13,stackelberg-wu-metered,C:\Users\TRLAB\Documents\Codex\2026-07-15\ming2you-vissim-https-github-com-ming2you\evaluation\runs\pstack_decision_balanced_postguard_ladder_20260716\decisions_pstack_220w_decision_balanced_postguard_seed13\action_001800.json,C:\Users\TRLAB\Documents\Codex\2026-07-15\ming2you-vissim-https-github-com-ming2you\evaluation\runs\pstack_decision_balanced_postguard_ladder_20260716\decisions_pstack_220w_decision_balanced_postguard_seed13\action_001620.json,1620.0,1800.0,1800.0,0.0,off_ramp_storage_veh,24.799999999999997,72.00933727217665,-47.209337272176654,47.209337272176654,-0.655600218812424,72.00933727217665,-47.209337272176654,47.209337272176654,-0.655600218812424
evaluation/runs/pstack_decision_balanced_postguard_ladder_20260716,decisions_pstack_220w_decision_balanced_postguard_seed13,stackelberg-wu-metered,C:\Users\TRLAB\Documents\Codex\2026-07-15\ming2you-vissim-https-github-com-ming2you\evaluation\runs\pstack_decision_balanced_postguard_ladder_20260716\decisions_pstack_220w_decision_balanced_postguard_seed13\action_001800.json,C:\Users\TRLAB\Documents\Codex\2026-07-15\ming2you-vissim-https-github-com-ming2you\evaluation\runs\pstack_decision_balanced_postguard_ladder_20260716\decisions_pstack_220w_decision_balanced_postguard_seed13\action_001620.json,1620.0,1800.0,1800.0,0.0,ramp_queue_total_veh,10.0,58.76371688003065,-48.76371688003065,48.76371688003065,-0.8298269658398983,58.76371688003065,-48.76371688003065,48.76371688003065,-0.8298269658398983
evaluation/runs/pstack_guarded_terminal_ladder_20260715,decisions_pstack_220w_guarded_terminal_seed13,stackelberg-wu-metered,C:\Users\TRLAB\Documents\Codex\2026-07-15\ming2you-vissim-https-github-com-ming2you\evaluation\runs\pstack_guarded_terminal_ladder_20260715\decisions_pstack_220w_guarded_terminal_seed13\action_000180.json,C:\Users\TRLAB\Documents\Codex\2026-07-15\ming2you-vissim-https-github-com-ming2you\evaluation\runs\pstack_guarded_terminal_ladder_20260715\decisions_pstack_220w_guarded_terminal_seed13\action_000001.json,1.0,181.0,180.0,-1.0,total_model_vehicles,634.1500000000001,608.8001763770233,25.349823622976828,25.349823622976828,0.04163898863143226,691.2457399754271,-57.09573997542702,57.09573997542702,-0.0825983245516373
evaluation/runs/pstack_guarded_terminal_ladder_20260715,decisions_pstack_220w_guarded_terminal_seed13,stackelberg-wu-metered,C:\Users\TRLAB\Documents\Codex\2026-07-15\ming2you-vissim-https-github-com-ming2you\evaluation\runs\pstack_guarded_terminal_ladder_20260715\decisions_pstack_220w_guarded_terminal_seed13\action_000180.json,C:\Users\TRLAB\Documents\Codex\2026-07-15\ming2you-vissim-https-github-com-ming2you\evaluation\runs\pstack_guarded_terminal_ladder_20260715\decisions_pstack_220w_guarded_terminal_seed13\action_000001.json,1.0,181.0,180.0,-1.0,freeway_total_veh,197.0,153.57620435613907,43.42379564386093,43.42379564386093,0.2827508065192334,236.02176795454295,-39.02176795454295,39.02176795454295,-0.16533122471169023
evaluation/runs/pstack_guarded_terminal_ladder_20260715,decisions_pstack_220w_guarded_terminal_seed13,stackelberg-wu-metered,C:\Users\TRLAB\Documents\Codex\2026-07-15\ming2you-vissim-https-github-com-ming2you\evaluation\runs\pstack_guarded_terminal_ladder_20260715\decisions_pstack_220w_guarded_terminal_seed13\action_000180.json,C:\Users\TRLAB\Documents\Codex\2026-07-15\ming2you-vissim-https-github-com-ming2you\evaluation\runs\pstack_guarded_terminal_ladder_20260715\decisions_pstack_220w_guarded_terminal_seed13\action_000001.json,1.0,181.0,180.0,-1.0,protected_accumulation_veh,240.77500000000015,317.62799914911307,-76.85299914911292,76.85299914911292,-0.24195914514776026,317.62799914911307,-76.85299914911292,76.85299914911292,-0.24195914514776026
evaluation/runs/pstack_guarded_terminal_ladder_20260715,decisions_pstack_220w_guarded_terminal_seed13,stackelberg-wu-metered,C:\Users\TRLAB\Documents\Codex\2026-07-15\ming2you-vissim-https-github-com-ming2you\evaluation\runs\pstack_guarded_terminal_ladder_20260715\decisions_pstack_220w_guarded_terminal_seed13\action_000180.json,C:\Users\TRLAB\Documents\Codex\2026-07-15\ming2you-vissim-https-github-com-ming2you\evaluation\runs\pstack_guarded_terminal_ladder_20260715\decisions_pstack_220w_guarded_terminal_seed13\action_000001.json,1.0,181.0,180.0,-1.0,urban_queue_plus_link_occupancy_total_veh,437.15000000000003,460.9811919061699,-23.831191906169863,23.831191906169863,-0.05169666859428088,455.22397202088416,-18.073972020884128,18.073972020884128,-0.039703471547528596
evaluation/runs/pstack_guarded_terminal_ladder_20260715,decisions_pstack_220w_guarded_terminal_seed13,stackelberg-wu-metered,C:\Users\TRLAB\Documents\Codex\2026-07-15\ming2you-vissim-https-github-com-ming2you\evaluation\runs\pstack_guarded_terminal_ladder_20260715\decisions_pstack_220w_guarded_terminal_seed13\action_000180.json,C:\Users\TRLAB\Documents\Codex\2026-07-15\ming2you-vissim-https-github-com-ming2you\evaluation\runs\pstack_guarded_terminal_ladder_20260715\decisions_pstack_220w_guarded_terminal_seed13\action_000001.json,1.0,181.0,180.0,-1.0,urban_movement_queue_total_veh,241.65,209.4729171433907,32.1770828566093,32.1770828566093,0.15360975201669194,209.4729171433907,32.1770828566093,32.1770828566093,0.15360975201669194
evaluation/runs/pstack_guarded_terminal_ladder_20260715,decisions_pstack_220w_guarded_terminal_seed13,stackelberg-wu-metered,C:\Users\TRLAB\Documents\Codex\2026-07-15\ming2you-vissim-https-github-com-ming2you\evaluation\runs\pstack_guarded_terminal_ladder_20260715\decisions_pstack_220w_guarded_terminal_seed13\action_000180.json,C:\Users\TRLAB\Documents\Codex\2026-07-15\ming2you-vissim-https-github-com-ming2you\evaluation\runs\pstack_guarded_terminal_ladder_20260715\decisions_pstack_220w_guarded_terminal_seed13\action_000001.json,1.0,181.0,180.0,-1.0,urban_link_occupancy_total_veh,195.50000000000003,245.7510548774935,-50.25105487749346,50.25105487749346,-0.20447950834857467,245.7510548774935,-50.25105487749346,50.25105487749346,-0.20447950834857467
evaluation/runs/pstack_guarded_terminal_ladder_20260715,decisions_pstack_220w_guarded_terminal_seed13,stackelberg-wu-metered,C:\Users\TRLAB\Documents\Codex\2026-07-15\ming2you-vissim-https-github-com-ming2you\evaluation\runs\pstack_guarded_terminal_ladder_20260715\decisions_pstack_220w_guarded_terminal_seed13\action_000180.json,C:\Users\TRLAB\Documents\Codex\2026-07-15\ming2you-vissim-https-github-com-ming2you\evaluation\runs\pstack_guarded_terminal_ladder_20260715\decisions_pstack_220w_guarded_terminal_seed13\action_000001.json,1.0,181.0,180.0,-1.0,off_ramp_storage_veh,9.200000000000003,6.8600836422247085,2.3399163577752944,2.3399163577752944,0.34109152013436167,6.8600836422247085,2.3399163577752944,2.3399163577752944,0.34109152013436167
evaluation/runs/pstack_guarded_terminal_ladder_20260715,decisions_pstack_220w_guarded_terminal_seed13,stackelberg-wu-metered,C:\Users\TRLAB\Documents\Codex\2026-07-15\ming2you-vissim-https-github-com-ming2you\evaluation\runs\pstack_guarded_terminal_ladder_20260715\decisions_pstack_220w_guarded_terminal_seed13\action_000180.json,C:\Users\TRLAB\Documents\Codex\2026-07-15\ming2you-vissim-https-github-com-ming2you\evaluation\runs\pstack_guarded_terminal_ladder_20260715\decisions_pstack_220w_guarded_terminal_seed13\action_000001.json,1.0,181.0,180.0,-1.0,ramp_queue_total_veh,3.0,41.8855160161675,-38.8855160161675,38.8855160161675,-0.9283761957512467,41.8855160161675,-38.8855160161675,38.8855160161675,-0.9283761957512467
evaluation/runs/pstack_guarded_terminal_ladder_20260715,decisions_pstack_220w_guarded_terminal_seed13,stackelberg-wu-metered,C:\Users\TRLAB\Documents\Codex\2026-07-15\ming2you-vissim-https-github-com-ming2you\evaluation\runs\pstack_guarded_terminal_ladder_20260715\decisions_pstack_220w_guarded_terminal_seed13\action_000360.json,C:\Users\TRLAB\Documents\Codex\2026-07-15\ming2you-vissim-https-github-com-ming2you\evaluation\runs\pstack_guarded_terminal_ladder_20260715\decisions_pstack_220w_guarded_terminal_seed13\action_000180.json,180.0,360.0,360.0,0.0,total_model_vehicles,832.3749999999999,1004.2602706555522,-171.8852706555523,171.8852706555523,-0.17115609934798132,1088.3624786654755,-255.98747866547558,255.98747866547558,-0.2352042482936029
evaluation/runs/pstack_guarded_terminal_ladder_20260715,decisions_pstack_220w_guarded_terminal_seed13,stackelberg-wu-metered,C:\Users\TRLAB\Documents\Codex\2026-07-15\ming2you-vissim-https-github-com-ming2you\evaluation\runs\pstack_guarded_terminal_ladder_20260715\decisions_pstack_220w_guarded_terminal_seed13\action_000360.json,C:\Users\TRLAB\Documents\Codex\2026-07-15\ming2you-vissim-https-github-com-ming2you\evaluation\runs\pstack_guarded_terminal_ladder_20260715\decisions_pstack_220w_guarded_terminal_seed13\action_000180.json,180.0,360.0,360.0,0.0,freeway_total_veh,278.0,156.66213341750455,121.33786658249545,121.33786658249545,0.7745194319493279,240.7643414274279,37.235658572572106,37.235658572572106,0.15465603565632588
evaluation/runs/pstack_guarded_terminal_ladder_20260715,decisions_pstack_220w_guarded_terminal_seed13,stackelberg-wu-metered,C:\Users\TRLAB\Documents\Codex\2026-07-15\ming2you-vissim-https-github-com-ming2you\evaluation\runs\pstack_guarded_terminal_ladder_20260715\decisions_pstack_220w_guarded_terminal_seed13\action_000360.json,C:\Users\TRLAB\Documents\Codex\2026-07-15\ming2you-vissim-https-github-com-ming2you\evaluation\runs\pstack_guarded_terminal_ladder_20260715\decisions_pstack_220w_guarded_terminal_seed13\action_000180.json,180.0,360.0,360.0,0.0,protected_accumulation_veh,332.30000000000007,608.2179263198252,-275.91792631982514,275.91792631982514,-0.45364977646965393,608.2179263198252,-275.91792631982514,275.91792631982514,-0.45364977646965393
evaluation/runs/pstack_guarded_terminal_ladder_20260715,decisions_pstack_220w_guarded_terminal_seed13,stackelberg-wu-metered,C:\Users\TRLAB\Documents\Codex\2026-07-15\ming2you-vissim-https-github-com-ming2you\evaluation\runs\pstack_guarded_terminal_ladder_20260715\decisions_pstack_220w_guarded_terminal_seed13\action_000360.json,C:\Users\TRLAB\Documents\Codex\2026-07-15\ming2you-vissim-https-github-com-ming2you\evaluation\runs\pstack_guarded_terminal_ladder_20260715\decisions_pstack_220w_guarded_terminal_seed13\action_000180.json,180.0,360.0,360.0,0.0,urban_queue_plus_link_occupancy_total_veh,554.375,858.3177151828888,-303.94271518288883,303.94271518288883,-0.35411446112134043,847.5981372380477,-293.2231372380477,293.2231372380477,-0.34594594343203006
evaluation/runs/pstack_guarded_terminal_ladder_20260715,decisions_pstack_220w_guarded_terminal_seed13,stackelberg-wu-metered,C:\Users\TRLAB\Documents\Codex\2026-07-15\ming2you-vissim-https-github-com-ming2you\evaluation\runs\pstack_guarded_terminal_ladder_20260715\decisions_pstack_220w_guarded_terminal_seed13\action_000360.json,C:\Users\TRLAB\Documents\Codex\2026-07-15\ming2you-vissim-https-github-com-ming2you\evaluation\runs\pstack_guarded_terminal_ladder_20260715\decisions_pstack_220w_guarded_terminal_seed13\action_000180.json,180.0,360.0,360.0,0.0,urban_movement_queue_total_veh,259.47499999999997,315.60838248781903,-56.13338248781906,56.13338248781906,-0.1778577046824336,315.60838248781903,-56.13338248781906,56.13338248781906,-0.1778577046824336
evaluation/runs/pstack_guarded_terminal_ladder_20260715,decisions_pstack_220w_guarded_terminal_seed13,stackelberg-wu-metered,C:\Users\TRLAB\Documents\Codex\2026-07-15\ming2you-vissim-https-github-com-ming2you\evaluation\runs\pstack_guarded_terminal_ladder_20260715\decisions_pstack_220w_guarded_terminal_seed13\action_000360.json,C:\Users\TRLAB\Documents\Codex\2026-07-15\ming2you-vissim-https-github-com-ming2you\evaluation\runs\pstack_guarded_terminal_ladder_20260715\decisions_pstack_220w_guarded_terminal_seed13\action_000180.json,180.0,360.0,360.0,0.0,urban_link_occupancy_total_veh,294.90000000000003,531.9897547502287,-237.08975475022868,237.08975475022868,-0.44566601637195674,531.9897547502287,-237.08975475022868,237.08975475022868,-0.44566601637195674
evaluation/runs/pstack_guarded_terminal_ladder_20260715,decisions_pstack_220w_guarded_terminal_seed13,stackelberg-wu-metered,C:\Users\TRLAB\Documents\Codex\2026-07-15\ming2you-vissim-https-github-com-ming2you\evaluation\runs\pstack_guarded_terminal_ladder_20260715\decisions_pstack_220w_guarded_terminal_seed13\action_000360.json,C:\Users\TRLAB\Documents\Codex\2026-07-15\ming2you-vissim-https-github-com-ming2you\evaluation\runs\pstack_guarded_terminal_ladder_20260715\decisions_pstack_220w_guarded_terminal_seed13\action_000180.json,180.0,360.0,360.0,0.0,off_ramp_storage_veh,2.40000000000002,69.02732608814102,-66.627326088141,66.627326088141,-0.9652311608168704,69.02732608814102,-66.627326088141,66.627326088141,-0.9652311608168704
evaluation/runs/pstack_guarded_terminal_ladder_20260715,decisions_pstack_220w_guarded_terminal_seed13,stackelberg-wu-metered,C:\Users\TRLAB\Documents\Codex\2026-07-15\ming2you-vissim-https-github-com-ming2you\evaluation\runs\pstack_guarded_terminal_ladder_20260715\decisions_pstack_220w_guarded_terminal_seed13\action_000360.json,C:\Users\TRLAB\Documents\Codex\2026-07-15\ming2you-vissim-https-github-com-ming2you\evaluation\runs\pstack_guarded_terminal_ladder_20260715\decisions_pstack_220w_guarded_terminal_seed13\action_000180.json,180.0,360.0,360.0,0.0,ramp_queue_total_veh,1.0,50.70102697633952,-49.70102697633952,49.70102697633952,-0.9802765336397098,50.70102697633952,-49.70102697633952,49.70102697633952,-0.9802765336397098
evaluation/runs/pstack_guarded_terminal_ladder_20260715,decisions_pstack_220w_guarded_terminal_seed13,stackelberg-wu-metered,C:\Users\TRLAB\Documents\Codex\2026-07-15\ming2you-vissim-https-github-com-ming2you\evaluation\runs\pstack_guarded_terminal_ladder_20260715\decisions_pstack_220w_guarded_terminal_seed13\action_000540.json,C:\Users\TRLAB\Documents\Codex\2026-07-15\ming2you-vissim-https-github-com-ming2you\evaluation\runs\pstack_guarded_terminal_ladder_20260715\decisions_pstack_220w_guarded_terminal_seed13\action_000360.json,360.0,540.0,540.0,0.0,total_model_vehicles,917.525,1168.3010014687047,-250.77600146870475,250.77600146870475,-0.21465016391618857,1253.7917804556428,-336.2667804556428,336.2667804556428,-0.26819986037349797
evaluation/runs/pstack_guarded_terminal_ladder_20260715,decisions_pstack_220w_guarded_terminal_seed13,stackelberg-wu-metered,C:\Users\TRLAB\Documents\Codex\2026-07-15\ming2you-vissim-https-github-com-ming2you\evaluation\runs\pstack_guarded_terminal_ladder_20260715\decisions_pstack_220w_guarded_terminal_seed13\action_000540.json,C:\Users\TRLAB\Documents\Codex\2026-07-15\ming2you-vissim-https-github-com-ming2you\evaluation\runs\pstack_guarded_terminal_ladder_20260715\decisions_pstack_220w_guarded_terminal_seed13\action_000360.json,360.0,540.0,540.0,0.0,freeway_total_veh,271.0,159.24870631265466,111.75129368734534,111.75129368734534,0.7017406688877136,244.73948529959267,26.260514700407327,26.260514700407327,0.10729986895355718
evaluation/runs/pstack_guarded_terminal_ladder_20260715,decisions_pstack_220w_guarded_terminal_seed13,stackelberg-wu-metered,C:\Users\TRLAB\Documents\Codex\2026-07-15\ming2you-vissim-https-github-com-ming2you\evaluation\runs\pstack_guarded_terminal_ladder_20260715\decisions_pstack_220w_guarded_terminal_seed13\action_000540.json,C:\Users\TRLAB\Documents\Codex\2026-07-15\ming2you-vissim-https-github-com-ming2you\evaluation\runs\pstack_guarded_terminal_ladder_20260715\decisions_pstack_220w_guarded_terminal_seed13\action_000360.json,360.0,540.0,540.0,0.0,protected_accumulation_veh,414.52499999999986,768.8767757833866,-354.35177578338676,354.35177578338676,-0.46086939668888793,768.8767757833866,-354.35177578338676,354.35177578338676,-0.46086939668888793
evaluation/runs/pstack_guarded_terminal_ladder_20260715,decisions_pstack_220w_guarded_terminal_seed13,stackelberg-wu-metered,C:\Users\TRLAB\Documents\Codex\2026-07-15\ming2you-vissim-https-github-com-ming2you\evaluation\runs\pstack_guarded_terminal_ladder_20260715\decisions_pstack_220w_guarded_terminal_seed13\action_000540.json,C:\Users\TRLAB\Documents\Codex\2026-07-15\ming2you-vissim-https-github-com-ming2you\evaluation\runs\pstack_guarded_terminal_ladder_20260715\decisions_pstack_220w_guarded_terminal_seed13\action_000360.json,360.0,540.0,540.0,0.0,urban_queue_plus_link_occupancy_total_veh,646.525,1021.8137846557711,-375.2887846557711,375.2887846557711,-0.36727708149112365,1009.0522951560504,-362.5272951560504,362.5272951560504,-0.3592750315284555
evaluation/runs/pstack_guarded_terminal_ladder_20260715,decisions_pstack_220w_guarded_terminal_seed13,stackelberg-wu-metered,C:\Users\TRLAB\Documents\Codex\2026-07-15\ming2you-vissim-https-github-com-ming2you\evaluation\runs\pstack_guarded_terminal_ladder_20260715\decisions_pstack_220w_guarded_terminal_seed13\action_000540.json,C:\Users\TRLAB\Documents\Codex\2026-07-15\ming2you-vissim-https-github-com-ming2you\evaluation\runs\pstack_guarded_terminal_ladder_20260715\decisions_pstack_220w_guarded_terminal_seed13\action_000360.json,360.0,540.0,540.0,0.0,urban_movement_queue_total_veh,297.325,390.6794514341969,-93.3544514341969,93.3544514341969,-0.23895408650618735,390.6794514341969,-93.3544514341969,93.3544514341969,-0.23895408650618735
evaluation/runs/pstack_guarded_terminal_ladder_20260715,decisions_pstack_220w_guarded_terminal_seed13,stackelberg-wu-metered,C:\Users\TRLAB\Documents\Codex\2026-07-15\ming2you-vissim-https-github-com-ming2you\evaluation\runs\pstack_guarded_terminal_ladder_20260715\decisions_pstack_220w_guarded_terminal_seed13\action_000540.json,C:\Users\TRLAB\Documents\Codex\2026-07-15\ming2you-vissim-https-github-com-ming2you\evaluation\runs\pstack_guarded_terminal_ladder_20260715\decisions_pstack_220w_guarded_terminal_seed13\action_000360.json,360.0,540.0,540.0,0.0,urban_link_occupancy_total_veh,349.2,618.3728437218535,-269.17284372185355,269.17284372185355,-0.43529214850665165,618.3728437218535,-269.17284372185355,269.17284372185355,-0.43529214850665165
evaluation/runs/pstack_guarded_terminal_ladder_20260715,decisions_pstack_220w_guarded_terminal_seed13,stackelberg-wu-metered,C:\Users\TRLAB\Documents\Codex\2026-07-15\ming2you-vissim-https-github-com-ming2you\evaluation\runs\pstack_guarded_terminal_ladder_20260715\decisions_pstack_220w_guarded_terminal_seed13\action_000540.json,C:\Users\TRLAB\Documents\Codex\2026-07-15\ming2you-vissim-https-github-com-ming2you\evaluation\runs\pstack_guarded_terminal_ladder_20260715\decisions_pstack_220w_guarded_terminal_seed13\action_000360.json,360.0,540.0,540.0,0.0,off_ramp_storage_veh,10.799999999999997,10.553130555146808,0.24686944485318918,0.24686944485318918,0.02339300585386863,10.553130555146808,0.24686944485318918,0.24686944485318918,0.02339300585386863
evaluation/runs/pstack_guarded_terminal_ladder_20260715,decisions_pstack_220w_guarded_terminal_seed13,stackelberg-wu-metered,C:\Users\TRLAB\Documents\Codex\2026-07-15\ming2you-vissim-https-github-com-ming2you\evaluation\runs\pstack_guarded_terminal_ladder_20260715\decisions_pstack_220w_guarded_terminal_seed13\action_000540.json,C:\Users\TRLAB\Documents\Codex\2026-07-15\ming2you-vissim-https-github-com-ming2you\evaluation\runs\pstack_guarded_terminal_ladder_20260715\decisions_pstack_220w_guarded_terminal_seed13\action_000360.json,360.0,540.0,540.0,0.0,ramp_queue_total_veh,23.0,57.643290167967976,-34.643290167967976,34.643290167967976,-0.6009943233118751,57.643290167967976,-34.643290167967976,34.643290167967976,-0.6009943233118751
evaluation/runs/pstack_guarded_terminal_ladder_20260715,decisions_pstack_220w_guarded_terminal_seed13,stackelberg-wu-metered,C:\Users\TRLAB\Documents\Codex\2026-07-15\ming2you-vissim-https-github-com-ming2you\evaluation\runs\pstack_guarded_terminal_ladder_20260715\decisions_pstack_220w_guarded_terminal_seed13\action_000720.json,C:\Users\TRLAB\Documents\Codex\2026-07-15\ming2you-vissim-https-github-com-ming2you\evaluation\runs\pstack_guarded_terminal_ladder_20260715\decisions_pstack_220w_guarded_terminal_seed13\action_000540.json,540.0,720.0,720.0,0.0,total_model_vehicles,994.7500000000001,1245.3743732247426,-250.6243732247425,250.6243732247425,-0.20124420303894783,1343.9479649573589,-349.19796495735875,349.19796495735875,-0.2598299741228733
evaluation/runs/pstack_guarded_terminal_ladder_20260715,decisions_pstack_220w_guarded_terminal_seed13,stackelberg-wu-metered,C:\Users\TRLAB\Documents\Codex\2026-07-15\ming2you-vissim-https-github-com-ming2you\evaluation\runs\pstack_guarded_terminal_ladder_20260715\decisions_pstack_220w_guarded_terminal_seed13\action_000720.json,C:\Users\TRLAB\Documents\Codex\2026-07-15\ming2you-vissim-https-github-com-ming2you\evaluation\runs\pstack_guarded_terminal_ladder_20260715\decisions_pstack_220w_guarded_terminal_seed13\action_000540.json,540.0,720.0,720.0,0.0,freeway_total_veh,263.0,183.61883171528214,79.38116828471786,79.38116828471786,0.4323149621592498,282.1924234478985,-19.192423447898477,19.192423447898477,-0.06801183112360207
evaluation/runs/pstack_guarded_terminal_ladder_20260715,decisions_pstack_220w_guarded_terminal_seed13,stackelberg-wu-metered,C:\Users\TRLAB\Documents\Codex\2026-07-15\ming2you-vissim-https-github-com-ming2you\evaluation\runs\pstack_guarded_terminal_ladder_20260715\decisions_pstack_220w_guarded_terminal_seed13\action_000720.json,C:\Users\TRLAB\Documents\Codex\2026-07-15\ming2you-vissim-https-github-com-ming2you\evaluation\runs\pstack_guarded_terminal_ladder_20260715\decisions_pstack_220w_guarded_terminal_seed13\action_000540.json,540.0,720.0,720.0,0.0,protected_accumulation_veh,446.09999999999974,772.3399632807394,-326.2399632807397,326.2399632807397,-0.42240461298278575,772.3399632807394,-326.2399632807397,326.2399632807397,-0.42240461298278575
evaluation/runs/pstack_guarded_terminal_ladder_20260715,decisions_pstack_220w_guarded_terminal_seed13,stackelberg-wu-metered,C:\Users\TRLAB\Documents\Codex\2026-07-15\ming2you-vissim-https-github-com-ming2you\evaluation\runs\pstack_guarded_terminal_ladder_20260715\decisions_pstack_220w_guarded_terminal_seed13\action_000720.json,C:\Users\TRLAB\Documents\Codex\2026-07-15\ming2you-vissim-https-github-com-ming2you\evaluation\runs\pstack_guarded_terminal_ladder_20260715\decisions_pstack_220w_guarded_terminal_seed13\action_000540.json,540.0,720.0,720.0,0.0,urban_queue_plus_link_occupancy_total_veh,731.75,1075.1835692333827,-343.43356923338274,343.43356923338274,-0.3194185430849306,1061.75554150946,-330.00554150946004,330.00554150946004,-0.3108112259440652
evaluation/runs/pstack_guarded_terminal_ladder_20260715,decisions_pstack_220w_guarded_terminal_seed13,stackelberg-wu-metered,C:\Users\TRLAB\Documents\Codex\2026-07-15\ming2you-vissim-https-github-com-ming2you\evaluation\runs\pstack_guarded_terminal_ladder_20260715\decisions_pstack_220w_guarded_terminal_seed13\action_000720.json,C:\Users\TRLAB\Documents\Codex\2026-07-15\ming2you-vissim-https-github-com-ming2you\evaluation\runs\pstack_guarded_terminal_ladder_20260715\decisions_pstack_220w_guarded_terminal_seed13\action_000540.json,540.0,720.0,720.0,0.0,urban_movement_queue_total_veh,347.55,370.6187508446406,-23.06875084464059,23.06875084464059,-0.06224388483331423,370.6187508446406,-23.06875084464059,23.06875084464059,-0.06224388483331423
evaluation/runs/pstack_guarded_terminal_ladder_20260715,decisions_pstack_220w_guarded_terminal_seed13,stackelberg-wu-metered,C:\Users\TRLAB\Documents\Codex\2026-07-15\ming2you-vissim-https-github-com-ming2you\evaluation\runs\pstack_guarded_terminal_ladder_20260715\decisions_pstack_220w_guarded_terminal_seed13\action_000720.json,C:\Users\TRLAB\Documents\Codex\2026-07-15\ming2you-vissim-https-github-com-ming2you\evaluation\runs\pstack_guarded_terminal_ladder_20260715\decisions_pstack_220w_guarded_terminal_seed13\action_000540.json,540.0,720.0,720.0,0.0,urban_link_occupancy_total_veh,384.19999999999993,691.1367906648195,-306.93679066481957,306.93679066481957,-0.4441042566545624,691.1367906648195,-306.93679066481957,306.93679066481957,-0.4441042566545624
evaluation/runs/pstack_guarded_terminal_ladder_20260715,decisions_pstack_220w_guarded_terminal_seed13,stackelberg-wu-metered,C:\Users\TRLAB\Documents\Codex\2026-07-15\ming2you-vissim-https-github-com-ming2you\evaluation\runs\pstack_guarded_terminal_ladder_20260715\decisions_pstack_220w_guarded_terminal_seed13\action_000720.json,C:\Users\TRLAB\Documents\Codex\2026-07-15\ming2you-vissim-https-github-com-ming2you\evaluation\runs\pstack_guarded_terminal_ladder_20260715\decisions_pstack_220w_guarded_terminal_seed13\action_000540.json,540.0,720.0,720.0,0.0,off_ramp_storage_veh,8.0,94.58127514762447,-86.58127514762447,86.58127514762447,-0.915416661622362,94.58127514762447,-86.58127514762447,86.58127514762447,-0.915416661622362
evaluation/runs/pstack_guarded_terminal_ladder_20260715,decisions_pstack_220w_guarded_terminal_seed13,stackelberg-wu-metered,C:\Users\TRLAB\Documents\Codex\2026-07-15\ming2you-vissim-https-github-com-ming2you\evaluation\runs\pstack_guarded_terminal_ladder_20260715\decisions_pstack_220w_guarded_terminal_seed13\action_000720.json,C:\Users\TRLAB\Documents\Codex\2026-07-15\ming2you-vissim-https-github-com-ming2you\evaluation\runs\pstack_guarded_terminal_ladder_20260715\decisions_pstack_220w_guarded_terminal_seed13\action_000540.json,540.0,720.0,720.0,0.0,ramp_queue_total_veh,9.0,55.65705532451,-46.65705532451,46.65705532451,-0.8382954335703667,55.65705532451,-46.65705532451,46.65705532451,-0.8382954335703667
evaluation/runs/pstack_guarded_terminal_ladder_20260715,decisions_pstack_220w_guarded_terminal_seed13,stackelberg-wu-metered,C:\Users\TRLAB\Documents\Codex\2026-07-15\ming2you-vissim-https-github-com-ming2you\evaluation\runs\pstack_guarded_terminal_ladder_20260715\decisions_pstack_220w_guarded_terminal_seed13\action_000900.json,C:\Users\TRLAB\Documents\Codex\2026-07-15\ming2you-vissim-https-github-com-ming2you\evaluation\runs\pstack_guarded_terminal_ladder_20260715\decisions_pstack_220w_guarded_terminal_seed13\action_000720.json,720.0,900.0,900.0,0.0,total_model_vehicles,1082.1875,1290.855532675747,-208.6680326757471,208.6680326757471,-0.16165095736407467,1375.1864016969678,-292.9989016969678,292.9989016969678,-0.21306122670745561
evaluation/runs/pstack_guarded_terminal_ladder_20260715,decisions_pstack_220w_guarded_terminal_seed13,stackelberg-wu-metered,C:\Users\TRLAB\Documents\Codex\2026-07-15\ming2you-vissim-https-github-com-ming2you\evaluation\runs\pstack_guarded_terminal_ladder_20260715\decisions_pstack_220w_guarded_terminal_seed13\action_000900.json,C:\Users\TRLAB\Documents\Codex\2026-07-15\ming2you-vissim-https-github-com-ming2you\evaluation\runs\pstack_guarded_terminal_ladder_20260715\decisions_pstack_220w_guarded_terminal_seed13\action_000720.json,720.0,900.0,900.0,0.0,freeway_total_veh,264.0,157.08807374305488,106.91192625694512,106.91192625694512,0.6805858886004188,241.41894276427558,22.581057235724415,22.581057235724415,0.09353473665806265
evaluation/runs/pstack_guarded_terminal_ladder_20260715,decisions_pstack_220w_guarded_terminal_seed13,stackelberg-wu-metered,C:\Users\TRLAB\Documents\Codex\2026-07-15\ming2you-vissim-https-github-com-ming2you\evaluation\runs\pstack_guarded_terminal_ladder_20260715\decisions_pstack_220w_guarded_terminal_seed13\action_000900.json,C:\Users\TRLAB\Documents\Codex\2026-07-15\ming2you-vissim-https-github-com-ming2you\evaluation\runs\pstack_guarded_terminal_ladder_20260715\decisions_pstack_220w_guarded_terminal_seed13\action_000720.json,720.0,900.0,900.0,0.0,protected_accumulation_veh,495.325,879.3019996379975,-383.9769996379975,383.9769996379975,-0.43668386947383053,879.3019996379975,-383.9769996379975,383.9769996379975,-0.43668386947383053
evaluation/runs/pstack_guarded_terminal_ladder_20260715,decisions_pstack_220w_guarded_terminal_seed13,stackelberg-wu-metered,C:\Users\TRLAB\Documents\Codex\2026-07-15\ming2you-vissim-https-github-com-ming2you\evaluation\runs\pstack_guarded_terminal_ladder_20260715\decisions_pstack_220w_guarded_terminal_seed13\action_000900.json,C:\Users\TRLAB\Documents\Codex\2026-07-15\ming2you-vissim-https-github-com-ming2you\evaluation\runs\pstack_guarded_terminal_ladder_20260715\decisions_pstack_220w_guarded_terminal_seed13\action_000720.json,720.0,900.0,900.0,0.0,urban_queue_plus_link_occupancy_total_veh,818.1875,1148.1062217418657,-329.91872174186574,329.91872174186574,-0.2873590574583986,1133.7674589326925,-315.57995893269253,315.57995893269253,-0.27834628384005095
evaluation/runs/pstack_guarded_terminal_ladder_20260715,decisions_pstack_220w_guarded_terminal_seed13,stackelberg-wu-metered,C:\Users\TRLAB\Documents\Codex\2026-07-15\ming2you-vissim-https-github-com-ming2you\evaluation\runs\pstack_guarded_terminal_ladder_20260715\decisions_pstack_220w_guarded_terminal_seed13\action_000900.json,C:\Users\TRLAB\Documents\Codex\2026-07-15\ming2you-vissim-https-github-com-ming2you\evaluation\runs\pstack_guarded_terminal_ladder_20260715\decisions_pstack_220w_guarded_terminal_seed13\action_000720.json,720.0,900.0,900.0,0.0,urban_movement_queue_total_veh,406.8875,442.92697013570097,-36.03947013570098,36.03947013570098,-0.08136661925251346,442.92697013570097,-36.03947013570098,36.03947013570098,-0.08136661925251346
evaluation/runs/pstack_guarded_terminal_ladder_20260715,decisions_pstack_220w_guarded_terminal_seed13,stackelberg-wu-metered,C:\Users\TRLAB\Documents\Codex\2026-07-15\ming2you-vissim-https-github-com-ming2you\evaluation\runs\pstack_guarded_terminal_ladder_20260715\decisions_pstack_220w_guarded_terminal_seed13\action_000900.json,C:\Users\TRLAB\Documents\Codex\2026-07-15\ming2you-vissim-https-github-com-ming2you\evaluation\runs\pstack_guarded_terminal_ladder_20260715\decisions_pstack_220w_guarded_terminal_seed13\action_000720.json,720.0,900.0,900.0,0.0,urban_link_occupancy_total_veh,411.29999999999995,690.8404887969915,-279.54048879699155,279.54048879699155,-0.40463825344657317,690.8404887969915,-279.54048879699155,279.54048879699155,-0.40463825344657317
evaluation/runs/pstack_guarded_terminal_ladder_20260715,decisions_pstack_220w_guarded_terminal_seed13,stackelberg-wu-metered,C:\Users\TRLAB\Documents\Codex\2026-07-15\ming2you-vissim-https-github-com-ming2you\evaluation\runs\pstack_guarded_terminal_ladder_20260715\decisions_pstack_220w_guarded_terminal_seed13\action_000900.json,C:\Users\TRLAB\Documents\Codex\2026-07-15\ming2you-vissim-https-github-com-ming2you\evaluation\runs\pstack_guarded_terminal_ladder_20260715\decisions_pstack_220w_guarded_terminal_seed13\action_000720.json,720.0,900.0,900.0,0.0,off_ramp_storage_veh,14.399999999999991,14.707527071818987,-0.3075270718189955,0.3075270718189955,-0.020909502346471726,14.707527071818987,-0.3075270718189955,0.3075270718189955,-0.020909502346471726
evaluation/runs/pstack_guarded_terminal_ladder_20260715,decisions_pstack_220w_guarded_terminal_seed13,stackelberg-wu-metered,C:\Users\TRLAB\Documents\Codex\2026-07-15\ming2you-vissim-https-github-com-ming2you\evaluation\runs\pstack_guarded_terminal_ladder_20260715\decisions_pstack_220w_guarded_terminal_seed13\action_000900.json,C:\Users\TRLAB\Documents\Codex\2026-07-15\ming2you-vissim-https-github-com-ming2you\evaluation\runs\pstack_guarded_terminal_ladder_20260715\decisions_pstack_220w_guarded_terminal_seed13\action_000720.json,720.0,900.0,900.0,0.0,ramp_queue_total_veh,21.0,56.4171703033783,-35.4171703033783,35.4171703033783,-0.6277728945447925,56.4171703033783,-35.4171703033783,35.4171703033783,-0.6277728945447925
evaluation/runs/pstack_guarded_terminal_ladder_20260715,decisions_pstack_220w_guarded_terminal_seed13,stackelberg-wu-metered,C:\Users\TRLAB\Documents\Codex\2026-07-15\ming2you-vissim-https-github-com-ming2you\evaluation\runs\pstack_guarded_terminal_ladder_20260715\decisions_pstack_220w_guarded_terminal_seed13\action_001080.json,C:\Users\TRLAB\Documents\Codex\2026-07-15\ming2you-vissim-https-github-com-ming2you\evaluation\runs\pstack_guarded_terminal_ladder_20260715\decisions_pstack_220w_guarded_terminal_seed13\action_000900.json,900.0,1080.0,1080.0,0.0,total_model_vehicles,1240.5750000000003,1322.408619896128,-81.83361989612763,81.83361989612763,-0.06188224930245499,1408.1163586502448,-167.54135865024455,167.54135865024455,-0.11898260937103375
evaluation/runs/pstack_guarded_terminal_ladder_20260715,decisions_pstack_220w_guarded_terminal_seed13,stackelberg-wu-metered,C:\Users\TRLAB\Documents\Codex\2026-07-15\ming2you-vissim-https-github-com-ming2you\evaluation\runs\pstack_guarded_terminal_ladder_20260715\decisions_pstack_220w_guarded_terminal_seed13\action_001080.json,C:\Users\TRLAB\Documents\Codex\2026-07-15\ming2you-vissim-https-github-com-ming2you\evaluation\runs\pstack_guarded_terminal_ladder_20260715\decisions_pstack_220w_guarded_terminal_seed13\action_000900.json,900.0,1080.0,1080.0,0.0,freeway_total_veh,279.0,159.65285004200825,119.34714995799175,119.34714995799175,0.7475416187471056,245.36058879612509,33.639411203874914,33.639411203874914,0.13710193380660068
evaluation/runs/pstack_guarded_terminal_ladder_20260715,decisions_pstack_220w_guarded_terminal_seed13,stackelberg-wu-metered,C:\Users\TRLAB\Documents\Codex\2026-07-15\ming2you-vissim-https-github-com-ming2you\evaluation\runs\pstack_guarded_terminal_ladder_20260715\decisions_pstack_220w_guarded_terminal_seed13\action_001080.json,C:\Users\TRLAB\Documents\Codex\2026-07-15\ming2you-vissim-https-github-com-ming2you\evaluation\runs\pstack_guarded_terminal_ladder_20260715\decisions_pstack_220w_guarded_terminal_seed13\action_000900.json,900.0,1080.0,1080.0,0.0,protected_accumulation_veh,585.725,846.236663681751,-260.511663681751,260.511663681751,-0.3078472900811623,846.236663681751,-260.511663681751,260.511663681751,-0.3078472900811623
evaluation/runs/pstack_guarded_terminal_ladder_20260715,decisions_pstack_220w_guarded_terminal_seed13,stackelberg-wu-metered,C:\Users\TRLAB\Documents\Codex\2026-07-15\ming2you-vissim-https-github-com-ming2you\evaluation\runs\pstack_guarded_terminal_ladder_20260715\decisions_pstack_220w_guarded_terminal_seed13\action_001080.json,C:\Users\TRLAB\Documents\Codex\2026-07-15\ming2you-vissim-https-github-com-ming2you\evaluation\runs\pstack_guarded_terminal_ladder_20260715\decisions_pstack_220w_guarded_terminal_seed13\action_000900.json,900.0,1080.0,1080.0,0.0,urban_queue_plus_link_occupancy_total_veh,961.575,1177.4611479786881,-215.8861479786881,215.8861479786881,-0.18334885049013575,1162.75576985412,-201.18076985411994,201.18076985411994,-0.17302065925620838
evaluation/runs/pstack_guarded_terminal_ladder_20260715,decisions_pstack_220w_guarded_terminal_seed13,stackelberg-wu-metered,C:\Users\TRLAB\Documents\Codex\2026-07-15\ming2you-vissim-https-github-com-ming2you\evaluation\runs\pstack_guarded_terminal_ladder_20260715\decisions_pstack_220w_guarded_terminal_seed13\action_001080.json,C:\Users\TRLAB\Documents\Codex\2026-07-15\ming2you-vissim-https-github-com-ming2you\evaluation\runs\pstack_guarded_terminal_ladder_20260715\decisions_pstack_220w_guarded_terminal_seed13\action_000900.json,900.0,1080.0,1080.0,0.0,urban_movement_queue_total_veh,472.175,433.75927642941593,38.41572357058408,38.41572357058408,0.08856461557851046,433.75927642941593,38.41572357058408,38.41572357058408,0.08856461557851046
evaluation/runs/pstack_guarded_terminal_ladder_20260715,decisions_pstack_220w_guarded_terminal_seed13,stackelberg-wu-metered,C:\Users\TRLAB\Documents\Codex\2026-07-15\ming2you-vissim-https-github-com-ming2you\evaluation\runs\pstack_guarded_terminal_ladder_20260715\decisions_pstack_220w_guarded_terminal_seed13\action_001080.json,C:\Users\TRLAB\Documents\Codex\2026-07-15\ming2you-vissim-https-github-com-ming2you\evaluation\runs\pstack_guarded_terminal_ladder_20260715\decisions_pstack_220w_guarded_terminal_seed13\action_000900.json,900.0,1080.0,1080.0,0.0,urban_link_occupancy_total_veh,489.4,728.996493424704,-239.59649342470402,239.59649342470402,-0.32866618095667327,728.996493424704,-239.59649342470402,239.59649342470402,-0.32866618095667327
evaluation/runs/pstack_guarded_terminal_ladder_20260715,decisions_pstack_220w_guarded_terminal_seed13,stackelberg-wu-metered,C:\Users\TRLAB\Documents\Codex\2026-07-15\ming2you-vissim-https-github-com-ming2you\evaluation\runs\pstack_guarded_terminal_ladder_20260715\decisions_pstack_220w_guarded_terminal_seed13\action_001080.json,C:\Users\TRLAB\Documents\Codex\2026-07-15\ming2you-vissim-https-github-com-ming2you\evaluation\runs\pstack_guarded_terminal_ladder_20260715\decisions_pstack_220w_guarded_terminal_seed13\action_000900.json,900.0,1080.0,1080.0,0.0,off_ramp_storage_veh,16.0,72.31197896749525,-56.31197896749525,56.31197896749525,-0.7787365215493257,72.31197896749525,-56.31197896749525,56.31197896749525,-0.7787365215493257
evaluation/runs/pstack_guarded_terminal_ladder_20260715,decisions_pstack_220w_guarded_terminal_seed13,stackelberg-wu-metered,C:\Users\TRLAB\Documents\Codex\2026-07-15\ming2you-vissim-https-github-com-ming2you\evaluation\runs\pstack_guarded_terminal_ladder_20260715\decisions_pstack_220w_guarded_terminal_seed13\action_001080.json,C:\Users\TRLAB\Documents\Codex\2026-07-15\ming2you-vissim-https-github-com-ming2you\evaluation\runs\pstack_guarded_terminal_ladder_20260715\decisions_pstack_220w_guarded_terminal_seed13\action_000900.json,900.0,1080.0,1080.0,0.0,ramp_queue_total_veh,14.0,55.84180108722187,-41.84180108722187,41.84180108722187,-0.7492917540726747,55.84180108722187,-41.84180108722187,41.84180108722187,-0.7492917540726747
evaluation/runs/pstack_guarded_terminal_ladder_20260715,decisions_pstack_220w_guarded_terminal_seed13,stackelberg-wu-metered,C:\Users\TRLAB\Documents\Codex\2026-07-15\ming2you-vissim-https-github-com-ming2you\evaluation\runs\pstack_guarded_terminal_ladder_20260715\decisions_pstack_220w_guarded_terminal_seed13\action_001260.json,C:\Users\TRLAB\Documents\Codex\2026-07-15\ming2you-vissim-https-github-com-ming2you\evaluation\runs\pstack_guarded_terminal_ladder_20260715\decisions_pstack_220w_guarded_terminal_seed13\action_001080.json,1080.0,1260.0,1260.0,0.0,total_model_vehicles,1343.1125000000004,1475.645547021216,-132.53304702121568,132.53304702121568,-0.08981360550218243,1556.5240230802847,-213.41152308028427,213.41152308028427,-0.13710776057150298
evaluation/runs/pstack_guarded_terminal_ladder_20260715,decisions_pstack_220w_guarded_terminal_seed13,stackelberg-wu-metered,C:\Users\TRLAB\Documents\Codex\2026-07-15\ming2you-vissim-https-github-com-ming2you\evaluation\runs\pstack_guarded_terminal_ladder_20260715\decisions_pstack_220w_guarded_terminal_seed13\action_001260.json,C:\Users\TRLAB\Documents\Codex\2026-07-15\ming2you-vissim-https-github-com-ming2you\evaluation\runs\pstack_guarded_terminal_ladder_20260715\decisions_pstack_220w_guarded_terminal_seed13\action_001080.json,1080.0,1260.0,1260.0,0.0,freeway_total_veh,363.0,150.65709815222962,212.34290184777038,212.34290184777038,1.409445054047245,231.53557421129824,131.46442578870176,131.46442578870176,0.5677936370534921
evaluation/runs/pstack_guarded_terminal_ladder_20260715,decisions_pstack_220w_guarded_terminal_seed13,stackelberg-wu-metered,C:\Users\TRLAB\Documents\Codex\2026-07-15\ming2you-vissim-https-github-com-ming2you\evaluation\runs\pstack_guarded_terminal_ladder_20260715\decisions_pstack_220w_guarded_terminal_seed13\action_001260.json,C:\Users\TRLAB\Documents\Codex\2026-07-15\ming2you-vissim-https-github-com-ming2you\evaluation\runs\pstack_guarded_terminal_ladder_20260715\decisions_pstack_220w_guarded_terminal_seed13\action_001080.json,1080.0,1260.0,1260.0,0.0,protected_accumulation_veh,530.6749999999998,1045.912008813811,-515.2370088138113,515.2370088138113,-0.4926198422734924,1045.912008813811,-515.2370088138113,515.2370088138113,-0.4926198422734924
evaluation/runs/pstack_guarded_terminal_ladder_20260715,decisions_pstack_220w_guarded_terminal_seed13,stackelberg-wu-metered,C:\Users\TRLAB\Documents\Codex\2026-07-15\ming2you-vissim-https-github-com-ming2you\evaluation\runs\pstack_guarded_terminal_ladder_20260715\decisions_pstack_220w_guarded_terminal_seed13\action_001260.json,C:\Users\TRLAB\Documents\Codex\2026-07-15\ming2you-vissim-https-github-com-ming2you\evaluation\runs\pstack_guarded_terminal_ladder_20260715\decisions_pstack_220w_guarded_terminal_seed13\action_001080.json,1080.0,1260.0,1260.0,0.0,urban_queue_plus_link_occupancy_total_veh,980.1125000000002,1341.745584508698,-361.6330845086977,361.6330845086977,-0.2695243335875151,1324.9884488689859,-344.8759488689857,344.8759488689857,-0.2602860041258268
evaluation/runs/pstack_guarded_terminal_ladder_20260715,decisions_pstack_220w_guarded_terminal_seed13,stackelberg-wu-metered,C:\Users\TRLAB\Documents\Codex\2026-07-15\ming2you-vissim-https-github-com-ming2you\evaluation\runs\pstack_guarded_terminal_ladder_20260715\decisions_pstack_220w_guarded_terminal_seed13\action_001260.json,C:\Users\TRLAB\Documents\Codex\2026-07-15\ming2you-vissim-https-github-com-ming2you\evaluation\runs\pstack_guarded_terminal_ladder_20260715\decisions_pstack_220w_guarded_terminal_seed13\action_001080.json,1080.0,1260.0,1260.0,0.0,urban_movement_queue_total_veh,532.9125,534.9929500899497,-2.080450089949636,2.080450089949636,-0.0038887430004448565,534.9929500899497,-2.080450089949636,2.080450089949636,-0.0038887430004448565
evaluation/runs/pstack_guarded_terminal_ladder_20260715,decisions_pstack_220w_guarded_terminal_seed13,stackelberg-wu-metered,C:\Users\TRLAB\Documents\Codex\2026-07-15\ming2you-vissim-https-github-com-ming2you\evaluation\runs\pstack_guarded_terminal_ladder_20260715\decisions_pstack_220w_guarded_terminal_seed13\action_001260.json,C:\Users\TRLAB\Documents\Codex\2026-07-15\ming2you-vissim-https-github-com-ming2you\evaluation\runs\pstack_guarded_terminal_ladder_20260715\decisions_pstack_220w_guarded_terminal_seed13\action_001080.json,1080.0,1260.0,1260.0,0.0,urban_link_occupancy_total_veh,447.2000000000001,789.9954987790363,-342.7954987790362,342.7954987790362,-0.43392082525639425,789.9954987790363,-342.7954987790362,342.7954987790362,-0.43392082525639425
evaluation/runs/pstack_guarded_terminal_ladder_20260715,decisions_pstack_220w_guarded_terminal_seed13,stackelberg-wu-metered,C:\Users\TRLAB\Documents\Codex\2026-07-15\ming2you-vissim-https-github-com-ming2you\evaluation\runs\pstack_guarded_terminal_ladder_20260715\decisions_pstack_220w_guarded_terminal_seed13\action_001260.json,C:\Users\TRLAB\Documents\Codex\2026-07-15\ming2you-vissim-https-github-com-ming2you\evaluation\runs\pstack_guarded_terminal_ladder_20260715\decisions_pstack_220w_guarded_terminal_seed13\action_001080.json,1080.0,1260.0,1260.0,0.0,off_ramp_storage_veh,13.40000000000002,14.782507006638298,-1.3825070066382779,1.3825070066382779,-0.09352317614444175,14.782507006638298,-1.3825070066382779,1.3825070066382779,-0.09352317614444175
evaluation/runs/pstack_guarded_terminal_ladder_20260715,decisions_pstack_220w_guarded_terminal_seed13,stackelberg-wu-metered,C:\Users\TRLAB\Documents\Codex\2026-07-15\ming2you-vissim-https-github-com-ming2you\evaluation\runs\pstack_guarded_terminal_ladder_20260715\decisions_pstack_220w_guarded_terminal_seed13\action_001260.json,C:\Users\TRLAB\Documents\Codex\2026-07-15\ming2you-vissim-https-github-com-ming2you\evaluation\runs\pstack_guarded_terminal_ladder_20260715\decisions_pstack_220w_guarded_terminal_seed13\action_001080.json,1080.0,1260.0,1260.0,0.0,ramp_queue_total_veh,12.0,53.53383282379178,-41.53383282379178,41.53383282379178,-0.7758426892485288,53.53383282379178,-41.53383282379178,41.53383282379178,-0.7758426892485288
evaluation/runs/pstack_guarded_terminal_ladder_20260715,decisions_pstack_220w_guarded_terminal_seed13,stackelberg-wu-metered,C:\Users\TRLAB\Documents\Codex\2026-07-15\ming2you-vissim-https-github-com-ming2you\evaluation\runs\pstack_guarded_terminal_ladder_20260715\decisions_pstack_220w_guarded_terminal_seed13\action_001440.json,C:\Users\TRLAB\Documents\Codex\2026-07-15\ming2you-vissim-https-github-com-ming2you\evaluation\runs\pstack_guarded_terminal_ladder_20260715\decisions_pstack_220w_guarded_terminal_seed13\action_001260.json,1260.0,1440.0,1440.0,0.0,total_model_vehicles,1364.35,1533.7191878016893,-169.36918780168935,169.36918780168935,-0.11043037679175784,1621.1704677376042,-256.8204677376043,256.8204677376043,-0.15841669512769102
evaluation/runs/pstack_guarded_terminal_ladder_20260715,decisions_pstack_220w_guarded_terminal_seed13,stackelberg-wu-metered,C:\Users\TRLAB\Documents\Codex\2026-07-15\ming2you-vissim-https-github-com-ming2you\evaluation\runs\pstack_guarded_terminal_ladder_20260715\decisions_pstack_220w_guarded_terminal_seed13\action_001440.json,C:\Users\TRLAB\Documents\Codex\2026-07-15\ming2you-vissim-https-github-com-ming2you\evaluation\runs\pstack_guarded_terminal_ladder_20260715\decisions_pstack_220w_guarded_terminal_seed13\action_001260.json,1260.0,1440.0,1440.0,0.0,freeway_total_veh,298.0,162.9006468324272,135.0993531675728,135.0993531675728,0.829335891505372,250.3519267683422,47.648073231657804,47.648073231657804,0.19032437196198584
evaluation/runs/pstack_guarded_terminal_ladder_20260715,decisions_pstack_220w_guarded_terminal_seed13,stackelberg-wu-metered,C:\Users\TRLAB\Documents\Codex\2026-07-15\ming2you-vissim-https-github-com-ming2you\evaluation\runs\pstack_guarded_terminal_ladder_20260715\decisions_pstack_220w_guarded_terminal_seed13\action_001440.json,C:\Users\TRLAB\Documents\Codex\2026-07-15\ming2you-vissim-https-github-com-ming2you\evaluation\runs\pstack_guarded_terminal_ladder_20260715\decisions_pstack_220w_guarded_terminal_seed13\action_001260.json,1260.0,1440.0,1440.0,0.0,protected_accumulation_veh,599.05,945.7505197637671,-346.70051976376715,346.70051976376715,-0.36658771263521717,945.7505197637671,-346.70051976376715,346.70051976376715,-0.36658771263521717
evaluation/runs/pstack_guarded_terminal_ladder_20260715,decisions_pstack_220w_guarded_terminal_seed13,stackelberg-wu-metered,C:\Users\TRLAB\Documents\Codex\2026-07-15\ming2you-vissim-https-github-com-ming2you\evaluation\runs\pstack_guarded_terminal_ladder_20260715\decisions_pstack_220w_guarded_terminal_seed13\action_001440.json,C:\Users\TRLAB\Documents\Codex\2026-07-15\ming2you-vissim-https-github-com-ming2you\evaluation\runs\pstack_guarded_terminal_ladder_20260715\decisions_pstack_220w_guarded_terminal_seed13\action_001260.json,1260.0,1440.0,1440.0,0.0,urban_queue_plus_link_occupancy_total_veh,1066.35,1388.1552900164418,-321.80529001644186,321.80529001644186,-0.23182225528429912,1370.8185409692617,-304.46854096926177,304.46854096926177,-0.22210710744689946
evaluation/runs/pstack_guarded_terminal_ladder_20260715,decisions_pstack_220w_guarded_terminal_seed13,stackelberg-wu-metered,C:\Users\TRLAB\Documents\Codex\2026-07-15\ming2you-vissim-https-github-com-ming2you\evaluation\runs\pstack_guarded_terminal_ladder_20260715\decisions_pstack_220w_guarded_terminal_seed13\action_001440.json,C:\Users\TRLAB\Documents\Codex\2026-07-15\ming2you-vissim-https-github-com-ming2you\evaluation\runs\pstack_guarded_terminal_ladder_20260715\decisions_pstack_220w_guarded_terminal_seed13\action_001260.json,1260.0,1440.0,1440.0,0.0,urban_movement_queue_total_veh,570.55,548.4958514103992,22.0541485896008,22.0541485896008,0.040208414581242295,548.4958514103992,22.0541485896008,22.0541485896008,0.040208414581242295
evaluation/runs/pstack_guarded_terminal_ladder_20260715,decisions_pstack_220w_guarded_terminal_seed13,stackelberg-wu-metered,C:\Users\TRLAB\Documents\Codex\2026-07-15\ming2you-vissim-https-github-com-ming2you\evaluation\runs\pstack_guarded_terminal_ladder_20260715\decisions_pstack_220w_guarded_terminal_seed13\action_001440.json,C:\Users\TRLAB\Documents\Codex\2026-07-15\ming2you-vissim-https-github-com-ming2you\evaluation\runs\pstack_guarded_terminal_ladder_20260715\decisions_pstack_220w_guarded_terminal_seed13\action_001260.json,1260.0,1440.0,1440.0,0.0,urban_link_occupancy_total_veh,495.80000000000007,822.3226895588625,-326.52268955886245,326.52268955886245,-0.39707367157049567,822.3226895588625,-326.52268955886245,326.52268955886245,-0.39707367157049567
evaluation/runs/pstack_guarded_terminal_ladder_20260715,decisions_pstack_220w_guarded_terminal_seed13,stackelberg-wu-metered,C:\Users\TRLAB\Documents\Codex\2026-07-15\ming2you-vissim-https-github-com-ming2you\evaluation\runs\pstack_guarded_terminal_ladder_20260715\decisions_pstack_220w_guarded_terminal_seed13\action_001440.json,C:\Users\TRLAB\Documents\Codex\2026-07-15\ming2you-vissim-https-github-com-ming2you\evaluation\runs\pstack_guarded_terminal_ladder_20260715\decisions_pstack_220w_guarded_terminal_seed13\action_001260.json,1260.0,1440.0,1440.0,0.0,off_ramp_storage_veh,18.799999999999997,89.3348839280974,-70.5348839280974,70.5348839280974,-0.7895558915693955,89.3348839280974,-70.5348839280974,70.5348839280974,-0.7895558915693955
evaluation/runs/pstack_guarded_terminal_ladder_20260715,decisions_pstack_220w_guarded_terminal_seed13,stackelberg-wu-metered,C:\Users\TRLAB\Documents\Codex\2026-07-15\ming2you-vissim-https-github-com-ming2you\evaluation\runs\pstack_guarded_terminal_ladder_20260715\decisions_pstack_220w_guarded_terminal_seed13\action_001440.json,C:\Users\TRLAB\Documents\Codex\2026-07-15\ming2you-vissim-https-github-com-ming2you\evaluation\runs\pstack_guarded_terminal_ladder_20260715\decisions_pstack_220w_guarded_terminal_seed13\action_001260.json,1260.0,1440.0,1440.0,0.0,ramp_queue_total_veh,9.0,57.508767995548276,-48.508767995548276,48.508767995548276,-0.8435021247421491,57.508767995548276,-48.508767995548276,48.508767995548276,-0.8435021247421491
evaluation/runs/pstack_guarded_terminal_ladder_20260715,decisions_pstack_220w_guarded_terminal_seed13,stackelberg-wu-metered,C:\Users\TRLAB\Documents\Codex\2026-07-15\ming2you-vissim-https-github-com-ming2you\evaluation\runs\pstack_guarded_terminal_ladder_20260715\decisions_pstack_220w_guarded_terminal_seed13\action_001620.json,C:\Users\TRLAB\Documents\Codex\2026-07-15\ming2you-vissim-https-github-com-ming2you\evaluation\runs\pstack_guarded_terminal_ladder_20260715\decisions_pstack_220w_guarded_terminal_seed13\action_001440.json,1440.0,1620.0,1620.0,0.0,total_model_vehicles,1462.8124999999998,1560.9096373874825,-98.09713738748269,98.09713738748269,-0.06284613473952876,1646.0365284117672,-183.22402841176745,183.22402841176745,-0.11131224930260643
evaluation/runs/pstack_guarded_terminal_ladder_20260715,decisions_pstack_220w_guarded_terminal_seed13,stackelberg-wu-metered,C:\Users\TRLAB\Documents\Codex\2026-07-15\ming2you-vissim-https-github-com-ming2you\evaluation\runs\pstack_guarded_terminal_ladder_20260715\decisions_pstack_220w_guarded_terminal_seed13\action_001620.json,C:\Users\TRLAB\Documents\Codex\2026-07-15\ming2you-vissim-https-github-com-ming2you\evaluation\runs\pstack_guarded_terminal_ladder_20260715\decisions_pstack_220w_guarded_terminal_seed13\action_001440.json,1440.0,1620.0,1620.0,0.0,freeway_total_veh,330.0,158.57087078487083,171.42912921512917,171.42912921512917,1.0810884014612168,243.69776180915568,86.30223819084432,86.30223819084432,0.35413635952237116
evaluation/runs/pstack_guarded_terminal_ladder_20260715,decisions_pstack_220w_guarded_terminal_seed13,stackelberg-wu-metered,C:\Users\TRLAB\Documents\Codex\2026-07-15\ming2you-vissim-https-github-com-ming2you\evaluation\runs\pstack_guarded_terminal_ladder_20260715\decisions_pstack_220w_guarded_terminal_seed13\action_001620.json,C:\Users\TRLAB\Documents\Codex\2026-07-15\ming2you-vissim-https-github-com-ming2you\evaluation\runs\pstack_guarded_terminal_ladder_20260715\decisions_pstack_220w_guarded_terminal_seed13\action_001440.json,1440.0,1620.0,1620.0,0.0,protected_accumulation_veh,540.8749999999999,1093.2410229154336,-552.3660229154337,552.3660229154337,-0.5052554846893642,1093.2410229154336,-552.3660229154337,552.3660229154337,-0.5052554846893642
evaluation/runs/pstack_guarded_terminal_ladder_20260715,decisions_pstack_220w_guarded_terminal_seed13,stackelberg-wu-metered,C:\Users\TRLAB\Documents\Codex\2026-07-15\ming2you-vissim-https-github-com-ming2you\evaluation\runs\pstack_guarded_terminal_ladder_20260715\decisions_pstack_220w_guarded_terminal_seed13\action_001620.json,C:\Users\TRLAB\Documents\Codex\2026-07-15\ming2you-vissim-https-github-com-ming2you\evaluation\runs\pstack_guarded_terminal_ladder_20260715\decisions_pstack_220w_guarded_terminal_seed13\action_001440.json,1440.0,1620.0,1620.0,0.0,urban_queue_plus_link_occupancy_total_veh,1132.8125,1420.0741521034026,-287.26165210340264,287.26165210340264,-0.20228637474875022,1402.3387666026117,-269.5262666026117,269.5262666026117,-0.19219768648026603
evaluation/runs/pstack_guarded_terminal_ladder_20260715,decisions_pstack_220w_guarded_terminal_seed13,stackelberg-wu-metered,C:\Users\TRLAB\Documents\Codex\2026-07-15\ming2you-vissim-https-github-com-ming2you\evaluation\runs\pstack_guarded_terminal_ladder_20260715\decisions_pstack_220w_guarded_terminal_seed13\action_001620.json,C:\Users\TRLAB\Documents\Codex\2026-07-15\ming2you-vissim-https-github-com-ming2you\evaluation\runs\pstack_guarded_terminal_ladder_20260715\decisions_pstack_220w_guarded_terminal_seed13\action_001440.json,1440.0,1620.0,1620.0,0.0,urban_movement_queue_total_veh,668.6125,582.1888189948525,86.4236810051475,86.4236810051475,0.14844613669214357,582.1888189948525,86.4236810051475,86.4236810051475,0.14844613669214357
evaluation/runs/pstack_guarded_terminal_ladder_20260715,decisions_pstack_220w_guarded_terminal_seed13,stackelberg-wu-metered,C:\Users\TRLAB\Documents\Codex\2026-07-15\ming2you-vissim-https-github-com-ming2you\evaluation\runs\pstack_guarded_terminal_ladder_20260715\decisions_pstack_220w_guarded_terminal_seed13\action_001620.json,C:\Users\TRLAB\Documents\Codex\2026-07-15\ming2you-vissim-https-github-com-ming2you\evaluation\runs\pstack_guarded_terminal_ladder_20260715\decisions_pstack_220w_guarded_terminal_seed13\action_001440.json,1440.0,1620.0,1620.0,0.0,urban_link_occupancy_total_veh,464.20000000000005,820.1499476077593,-355.9499476077592,355.9499476077592,-0.43400593836042534,820.1499476077593,-355.9499476077592,355.9499476077592,-0.43400593836042534
evaluation/runs/pstack_guarded_terminal_ladder_20260715,decisions_pstack_220w_guarded_terminal_seed13,stackelberg-wu-metered,C:\Users\TRLAB\Documents\Codex\2026-07-15\ming2you-vissim-https-github-com-ming2you\evaluation\runs\pstack_guarded_terminal_ladder_20260715\decisions_pstack_220w_guarded_terminal_seed13\action_001620.json,C:\Users\TRLAB\Documents\Codex\2026-07-15\ming2you-vissim-https-github-com-ming2you\evaluation\runs\pstack_guarded_terminal_ladder_20260715\decisions_pstack_220w_guarded_terminal_seed13\action_001440.json,1440.0,1620.0,1620.0,0.0,off_ramp_storage_veh,10.600000000000009,11.099554390480904,-0.49955439048089545,0.49955439048089545,-0.04500670683764734,11.099554390480904,-0.49955439048089545,0.49955439048089545,-0.04500670683764734
evaluation/runs/pstack_guarded_terminal_ladder_20260715,decisions_pstack_220w_guarded_terminal_seed13,stackelberg-wu-metered,C:\Users\TRLAB\Documents\Codex\2026-07-15\ming2you-vissim-https-github-com-ming2you\evaluation\runs\pstack_guarded_terminal_ladder_20260715\decisions_pstack_220w_guarded_terminal_seed13\action_001620.json,C:\Users\TRLAB\Documents\Codex\2026-07-15\ming2you-vissim-https-github-com-ming2you\evaluation\runs\pstack_guarded_terminal_ladder_20260715\decisions_pstack_220w_guarded_terminal_seed13\action_001440.json,1440.0,1620.0,1620.0,0.0,ramp_queue_total_veh,1.0,53.39953231327024,-52.39953231327024,52.39953231327024,-0.9812732442274313,53.39953231327024,-52.39953231327024,52.39953231327024,-0.9812732442274313
evaluation/runs/pstack_guarded_terminal_ladder_20260715,decisions_pstack_220w_guarded_terminal_seed13,stackelberg-wu-metered,C:\Users\TRLAB\Documents\Codex\2026-07-15\ming2you-vissim-https-github-com-ming2you\evaluation\runs\pstack_guarded_terminal_ladder_20260715\decisions_pstack_220w_guarded_terminal_seed13\action_001800.json,C:\Users\TRLAB\Documents\Codex\2026-07-15\ming2you-vissim-https-github-com-ming2you\evaluation\runs\pstack_guarded_terminal_ladder_20260715\decisions_pstack_220w_guarded_terminal_seed13\action_001620.json,1620.0,1800.0,1800.0,0.0,total_model_vehicles,1519.125,1639.0360820645928,-119.91108206459285,119.91108206459285,-0.07315951331196335,1733.6822608102632,-214.5572608102632,214.5572608102632,-0.123758122039033
evaluation/runs/pstack_guarded_terminal_ladder_20260715,decisions_pstack_220w_guarded_terminal_seed13,stackelberg-wu-metered,C:\Users\TRLAB\Documents\Codex\2026-07-15\ming2you-vissim-https-github-com-ming2you\evaluation\runs\pstack_guarded_terminal_ladder_20260715\decisions_pstack_220w_guarded_terminal_seed13\action_001800.json,C:\Users\TRLAB\Documents\Codex\2026-07-15\ming2you-vissim-https-github-com-ming2you\evaluation\runs\pstack_guarded_terminal_ladder_20260715\decisions_pstack_220w_guarded_terminal_seed13\action_001620.json,1620.0,1800.0,1800.0,0.0,freeway_total_veh,297.0,176.30300836289175,120.69699163710825,120.69699163710825,0.6845997283760051,270.949187108562,26.050812891438,26.050812891438,0.09614648845947689
evaluation/runs/pstack_guarded_terminal_ladder_20260715,decisions_pstack_220w_guarded_terminal_seed13,stackelberg-wu-metered,C:\Users\TRLAB\Documents\Codex\2026-07-15\ming2you-vissim-https-github-com-ming2you\evaluation\runs\pstack_guarded_terminal_ladder_20260715\decisions_pstack_220w_guarded_terminal_seed13\action_001800.json,C:\Users\TRLAB\Documents\Codex\2026-07-15\ming2you-vissim-https-github-com-ming2you\evaluation\runs\pstack_guarded_terminal_ladder_20260715\decisions_pstack_220w_guarded_terminal_seed13\action_001620.json,1620.0,1800.0,1800.0,0.0,protected_accumulation_veh,685.4750000000003,958.6312222618418,-273.15622226184155,273.15622226184155,-0.2849440075792058,958.6312222618418,-273.15622226184155,273.15622226184155,-0.2849440075792058
evaluation/runs/pstack_guarded_terminal_ladder_20260715,decisions_pstack_220w_guarded_terminal_seed13,stackelberg-wu-metered,C:\Users\TRLAB\Documents\Codex\2026-07-15\ming2you-vissim-https-github-com-ming2you\evaluation\runs\pstack_guarded_terminal_ladder_20260715\decisions_pstack_220w_guarded_terminal_seed13\action_001800.json,C:\Users\TRLAB\Documents\Codex\2026-07-15\ming2you-vissim-https-github-com-ming2you\evaluation\runs\pstack_guarded_terminal_ladder_20260715\decisions_pstack_220w_guarded_terminal_seed13\action_001620.json,1620.0,1800.0,1800.0,0.0,urban_queue_plus_link_occupancy_total_veh,1222.125,1481.232266310991,-259.107266310991,259.107266310991,-0.17492683099342526,1462.7330737017005,-240.6080737017005,240.6080737017005,-0.1644921264361651
evaluation/runs/pstack_guarded_terminal_ladder_20260715,decisions_pstack_220w_guarded_terminal_seed13,stackelberg-wu-metered,C:\Users\TRLAB\Documents\Codex\2026-07-15\ming2you-vissim-https-github-com-ming2you\evaluation\runs\pstack_guarded_terminal_ladder_20260715\decisions_pstack_220w_guarded_terminal_seed13\action_001800.json,C:\Users\TRLAB\Documents\Codex\2026-07-15\ming2you-vissim-https-github-com-ming2you\evaluation\runs\pstack_guarded_terminal_ladder_20260715\decisions_pstack_220w_guarded_terminal_seed13\action_001620.json,1620.0,1800.0,1800.0,0.0,urban_movement_queue_total_veh,664.425,622.2381015344413,42.18689846555867,42.18689846555867,0.06779864229066918,622.2381015344413,42.18689846555867,42.18689846555867,0.06779864229066918
evaluation/runs/pstack_guarded_terminal_ladder_20260715,decisions_pstack_220w_guarded_terminal_seed13,stackelberg-wu-metered,C:\Users\TRLAB\Documents\Codex\2026-07-15\ming2you-vissim-https-github-com-ming2you\evaluation\runs\pstack_guarded_terminal_ladder_20260715\decisions_pstack_220w_guarded_terminal_seed13\action_001800.json,C:\Users\TRLAB\Documents\Codex\2026-07-15\ming2you-vissim-https-github-com-ming2you\evaluation\runs\pstack_guarded_terminal_ladder_20260715\decisions_pstack_220w_guarded_terminal_seed13\action_001620.json,1620.0,1800.0,1800.0,0.0,urban_link_occupancy_total_veh,557.7,840.4949721672592,-282.7949721672592,282.7949721672592,-0.3364624198025336,840.4949721672592,-282.7949721672592,282.7949721672592,-0.3364624198025336
evaluation/runs/pstack_guarded_terminal_ladder_20260715,decisions_pstack_220w_guarded_terminal_seed13,stackelberg-wu-metered,C:\Users\TRLAB\Documents\Codex\2026-07-15\ming2you-vissim-https-github-com-ming2you\evaluation\runs\pstack_guarded_terminal_ladder_20260715\decisions_pstack_220w_guarded_terminal_seed13\action_001800.json,C:\Users\TRLAB\Documents\Codex\2026-07-15\ming2you-vissim-https-github-com-ming2you\evaluation\runs\pstack_guarded_terminal_ladder_20260715\decisions_pstack_220w_guarded_terminal_seed13\action_001620.json,1620.0,1800.0,1800.0,0.0,off_ramp_storage_veh,25.799999999999997,70.66330735056611,-44.86330735056612,44.86330735056612,-0.6348883038830293,70.66330735056611,-44.86330735056612,44.86330735056612,-0.6348883038830293
evaluation/runs/pstack_guarded_terminal_ladder_20260715,decisions_pstack_220w_guarded_terminal_seed13,stackelberg-wu-metered,C:\Users\TRLAB\Documents\Codex\2026-07-15\ming2you-vissim-https-github-com-ming2you\evaluation\runs\pstack_guarded_terminal_ladder_20260715\decisions_pstack_220w_guarded_terminal_seed13\action_001800.json,C:\Users\TRLAB\Documents\Codex\2026-07-15\ming2you-vissim-https-github-com-ming2you\evaluation\runs\pstack_guarded_terminal_ladder_20260715\decisions_pstack_220w_guarded_terminal_seed13\action_001620.json,1620.0,1800.0,1800.0,0.0,ramp_queue_total_veh,11.0,59.89305609086436,-48.89305609086436,48.89305609086436,-0.8163393101311813,59.89305609086436,-48.89305609086436,48.89305609086436,-0.8163393101311813
